fold,seed,group_id,alpha,identity_BA,drop,baseline_identity_BA,outer_test_used,outer_membership_enumerated
0,0,P,0.0,0.3941176470588235,0.0,0.3941176470588235,False,False
0,0,P,0.05,0.3941176470588235,0.0,0.3941176470588235,False,False
0,0,P,0.1,0.3941176470588235,0.0,0.3941176470588235,False,False
0,0,P,0.15000000000000002,0.3941176470588235,0.0,0.3941176470588235,False,False
0,0,P,0.2,0.3941176470588235,0.0,0.3941176470588235,False,False
0,0,P,0.25,0.3941176470588235,0.0,0.3941176470588235,False,False
0,0,P,0.30000000000000004,0.3941176470588235,0.0,0.3941176470588235,False,False
0,0,P,0.35000000000000003,0.3941176470588235,0.0,0.3941176470588235,False,False
0,0,P,0.4,0.3941176470588235,0.0,0.3941176470588235,False,False
0,0,P,0.45,0.3941176470588235,0.0,0.3941176470588235,False,False
0,0,P,0.5,0.3941176470588235,0.0,0.3941176470588235,False,False
0,0,P,0.55,0.3941176470588235,0.0,0.3941176470588235,False,False
0,0,P,0.6000000000000001,0.3941176470588235,0.0,0.3941176470588235,False,False
0,0,P,0.65,0.3941176470588235,0.0,0.3941176470588235,False,False
0,0,P,0.7000000000000001,0.3941176470588235,0.0,0.3941176470588235,False,False
0,0,P,0.75,0.3941176470588235,0.0,0.3941176470588235,False,False
0,0,P,0.8,0.3941176470588235,0.0,0.3941176470588235,False,False
0,0,P,0.8500000000000001,0.3941176470588235,0.0,0.3941176470588235,False,False
0,0,P,0.9,0.3941176470588235,0.0,0.3941176470588235,False,False
0,0,P,0.9500000000000001,0.3941176470588235,0.0,0.3941176470588235,False,False
0,0,P,1.0,0.37617647058823533,0.017941176470588183,0.3941176470588235,False,False
0,0,N001,0.0,0.3941176470588235,0.0,0.3941176470588235,False,False
0,0,N001,0.05,0.3941176470588235,0.0,0.3941176470588235,False,False
0,0,N001,0.1,0.3941176470588235,0.0,0.3941176470588235,False,False
0,0,N001,0.15000000000000002,0.3941176470588235,0.0,0.3941176470588235,False,False
0,0,N001,0.2,0.3941176470588235,0.0,0.3941176470588235,False,False
0,0,N001,0.25,0.3941176470588235,0.0,0.3941176470588235,False,False
0,0,N001,0.30000000000000004,0.3941176470588235,0.0,0.3941176470588235,False,False
0,0,N001,0.35000000000000003,0.3941176470588235,0.0,0.3941176470588235,False,False
0,0,N001,0.4,0.3941176470588235,0.0,0.3941176470588235,False,False
0,0,N001,0.45,0.3941176470588235,0.0,0.3941176470588235,False,False
0,0,N001,0.5,0.3941176470588235,0.0,0.3941176470588235,False,False
0,0,N001,0.55,0.3941176470588235,0.0,0.3941176470588235,False,False
0,0,N001,0.6000000000000001,0.3941176470588235,0.0,0.3941176470588235,False,False
0,0,N001,0.65,0.3941176470588235,0.0,0.3941176470588235,False,False
0,0,N001,0.7000000000000001,0.3941176470588235,0.0,0.3941176470588235,False,False
0,0,N001,0.75,0.3941176470588235,0.0,0.3941176470588235,False,False
0,0,N001,0.8,0.3941176470588235,0.0,0.3941176470588235,False,False
0,0,N001,0.8500000000000001,0.3941176470588235,0.0,0.3941176470588235,False,False
0,0,N001,0.9,0.3941176470588235,0.0,0.3941176470588235,False,False
0,0,N001,0.9500000000000001,0.3941176470588235,0.0,0.3941176470588235,False,False
0,0,N001,1.0,0.36,0.03411764705882353,0.3941176470588235,False,False
0,0,N002,0.0,0.3941176470588235,0.0,0.3941176470588235,False,False
0,0,N002,0.05,0.3941176470588235,0.0,0.3941176470588235,False,False
0,0,N002,0.1,0.3941176470588235,0.0,0.3941176470588235,False,False
0,0,N002,0.15000000000000002,0.3941176470588235,0.0,0.3941176470588235,False,False
0,0,N002,0.2,0.3941176470588235,0.0,0.3941176470588235,False,False
0,0,N002,0.25,0.3941176470588235,0.0,0.3941176470588235,False,False
0,0,N002,0.30000000000000004,0.3941176470588235,0.0,0.3941176470588235,False,False
0,0,N002,0.35000000000000003,0.3941176470588235,0.0,0.3941176470588235,False,False
0,0,N002,0.4,0.3941176470588235,0.0,0.3941176470588235,False,False
0,0,N002,0.45,0.3941176470588235,0.0,0.3941176470588235,False,False
0,0,N002,0.5,0.3941176470588235,0.0,0.3941176470588235,False,False
0,0,N002,0.55,0.3941176470588235,0.0,0.3941176470588235,False,False
0,0,N002,0.6000000000000001,0.3941176470588235,0.0,0.3941176470588235,False,False
0,0,N002,0.65,0.3941176470588235,0.0,0.3941176470588235,False,False
0,0,N002,0.7000000000000001,0.3941176470588235,0.0,0.3941176470588235,False,False
0,0,N002,0.75,0.3941176470588235,0.0,0.3941176470588235,False,False
0,0,N002,0.8,0.3941176470588235,0.0,0.3941176470588235,False,False
0,0,N002,0.8500000000000001,0.3941176470588235,0.0,0.3941176470588235,False,False
0,0,N002,0.9,0.3941176470588235,0.0,0.3941176470588235,False,False
0,0,N002,0.9500000000000001,0.3941176470588235,0.0,0.3941176470588235,False,False
0,0,N002,1.0,0.35823529411764704,0.035882352941176476,0.3941176470588235,False,False
0,0,N003,0.0,0.3941176470588235,0.0,0.3941176470588235,False,False
0,0,N003,0.05,0.3941176470588235,0.0,0.3941176470588235,False,False
0,0,N003,0.1,0.3941176470588235,0.0,0.3941176470588235,False,False
0,0,N003,0.15000000000000002,0.3941176470588235,0.0,0.3941176470588235,False,False
0,0,N003,0.2,0.3941176470588235,0.0,0.3941176470588235,False,False
0,0,N003,0.25,0.3941176470588235,0.0,0.3941176470588235,False,False
0,0,N003,0.30000000000000004,0.3941176470588235,0.0,0.3941176470588235,False,False
0,0,N003,0.35000000000000003,0.3941176470588235,0.0,0.3941176470588235,False,False
0,0,N003,0.4,0.3941176470588235,0.0,0.3941176470588235,False,False
0,0,N003,0.45,0.3941176470588235,0.0,0.3941176470588235,False,False
0,0,N003,0.5,0.3941176470588235,0.0,0.3941176470588235,False,False
0,0,N003,0.55,0.3941176470588235,0.0,0.3941176470588235,False,False
0,0,N003,0.6000000000000001,0.3941176470588235,0.0,0.3941176470588235,False,False
0,0,N003,0.65,0.3941176470588235,0.0,0.3941176470588235,False,False
0,0,N003,0.7000000000000001,0.3941176470588235,0.0,0.3941176470588235,False,False
0,0,N003,0.75,0.3941176470588235,0.0,0.3941176470588235,False,False
0,0,N003,0.8,0.3941176470588235,0.0,0.3941176470588235,False,False
0,0,N003,0.8500000000000001,0.3941176470588235,0.0,0.3941176470588235,False,False
0,0,N003,0.9,0.3941176470588235,0.0,0.3941176470588235,False,False
0,0,N003,0.9500000000000001,0.3941176470588235,0.0,0.3941176470588235,False,False
0,0,N003,1.0,0.343235294117647,0.05088235294117649,0.3941176470588235,False,False
0,0,N004,0.0,0.3941176470588235,0.0,0.3941176470588235,False,False
0,0,N004,0.05,0.3941176470588235,0.0,0.3941176470588235,False,False
0,0,N004,0.1,0.3941176470588235,0.0,0.3941176470588235,False,False
0,0,N004,0.15000000000000002,0.3941176470588235,0.0,0.3941176470588235,False,False
0,0,N004,0.2,0.3941176470588235,0.0,0.3941176470588235,False,False
0,0,N004,0.25,0.3941176470588235,0.0,0.3941176470588235,False,False
0,0,N004,0.30000000000000004,0.3941176470588235,0.0,0.3941176470588235,False,False
0,0,N004,0.35000000000000003,0.3941176470588235,0.0,0.3941176470588235,False,False
0,0,N004,0.4,0.3941176470588235,0.0,0.3941176470588235,False,False
0,0,N004,0.45,0.3941176470588235,0.0,0.3941176470588235,False,False
0,0,N004,0.5,0.3941176470588235,0.0,0.3941176470588235,False,False
0,0,N004,0.55,0.3941176470588235,0.0,0.3941176470588235,False,False
0,0,N004,0.6000000000000001,0.3941176470588235,0.0,0.3941176470588235,False,False
0,0,N004,0.65,0.3941176470588235,0.0,0.3941176470588235,False,False
0,0,N004,0.7000000000000001,0.3941176470588235,0.0,0.3941176470588235,False,False
0,0,N004,0.75,0.3941176470588235,0.0,0.3941176470588235,False,False
0,0,N004,0.8,0.3941176470588235,0.0,0.3941176470588235,False,False
0,0,N004,0.8500000000000001,0.3941176470588235,0.0,0.3941176470588235,False,False
0,0,N004,0.9,0.3941176470588235,0.0,0.3941176470588235,False,False
0,0,N004,0.9500000000000001,0.3941176470588235,0.0,0.3941176470588235,False,False
0,0,N004,1.0,0.355,0.039117647058823535,0.3941176470588235,False,False
0,0,N005,0.0,0.3941176470588235,0.0,0.3941176470588235,False,False
0,0,N005,0.05,0.3941176470588235,0.0,0.3941176470588235,False,False
0,0,N005,0.1,0.3941176470588235,0.0,0.3941176470588235,False,False
0,0,N005,0.15000000000000002,0.3941176470588235,0.0,0.3941176470588235,False,False
0,0,N005,0.2,0.3941176470588235,0.0,0.3941176470588235,False,False
0,0,N005,0.25,0.3941176470588235,0.0,0.3941176470588235,False,False
0,0,N005,0.30000000000000004,0.3941176470588235,0.0,0.3941176470588235,False,False
0,0,N005,0.35000000000000003,0.3941176470588235,0.0,0.3941176470588235,False,False
0,0,N005,0.4,0.3941176470588235,0.0,0.3941176470588235,False,False
0,0,N005,0.45,0.3941176470588235,0.0,0.3941176470588235,False,False
0,0,N005,0.5,0.3941176470588235,0.0,0.3941176470588235,False,False
0,0,N005,0.55,0.3941176470588235,0.0,0.3941176470588235,False,False
0,0,N005,0.6000000000000001,0.3941176470588235,0.0,0.3941176470588235,False,False
0,0,N005,0.65,0.3941176470588235,0.0,0.3941176470588235,False,False
0,0,N005,0.7000000000000001,0.3941176470588235,0.0,0.3941176470588235,False,False
0,0,N005,0.75,0.3941176470588235,0.0,0.3941176470588235,False,False
0,0,N005,0.8,0.3941176470588235,0.0,0.3941176470588235,False,False
0,0,N005,0.8500000000000001,0.3941176470588235,0.0,0.3941176470588235,False,False
0,0,N005,0.9,0.3941176470588235,0.0,0.3941176470588235,False,False
0,0,N005,0.9500000000000001,0.3941176470588235,0.0,0.3941176470588235,False,False
0,0,N005,1.0,0.3467647058823529,0.0473529411764706,0.3941176470588235,False,False
0,0,N006,0.0,0.3941176470588235,0.0,0.3941176470588235,False,False
0,0,N006,0.05,0.3941176470588235,0.0,0.3941176470588235,False,False
0,0,N006,0.1,0.3941176470588235,0.0,0.3941176470588235,False,False
0,0,N006,0.15000000000000002,0.3941176470588235,0.0,0.3941176470588235,False,False
0,0,N006,0.2,0.3941176470588235,0.0,0.3941176470588235,False,False
0,0,N006,0.25,0.3941176470588235,0.0,0.3941176470588235,False,False
0,0,N006,0.30000000000000004,0.3941176470588235,0.0,0.3941176470588235,False,False
0,0,N006,0.35000000000000003,0.3941176470588235,0.0,0.3941176470588235,False,False
0,0,N006,0.4,0.3941176470588235,0.0,0.3941176470588235,False,False
0,0,N006,0.45,0.3941176470588235,0.0,0.3941176470588235,False,False
0,0,N006,0.5,0.3941176470588235,0.0,0.3941176470588235,False,False
0,0,N006,0.55,0.3941176470588235,0.0,0.3941176470588235,False,False
0,0,N006,0.6000000000000001,0.3941176470588235,0.0,0.3941176470588235,False,False
0,0,N006,0.65,0.3941176470588235,0.0,0.3941176470588235,False,False
0,0,N006,0.7000000000000001,0.3941176470588235,0.0,0.3941176470588235,False,False
0,0,N006,0.75,0.3941176470588235,0.0,0.3941176470588235,False,False
0,0,N006,0.8,0.3941176470588235,0.0,0.3941176470588235,False,False
0,0,N006,0.8500000000000001,0.3941176470588235,0.0,0.3941176470588235,False,False
0,0,N006,0.9,0.3941176470588235,0.0,0.3941176470588235,False,False
0,0,N006,0.9500000000000001,0.3941176470588235,0.0,0.3941176470588235,False,False
0,0,N006,1.0,0.36088235294117643,0.033235294117647085,0.3941176470588235,False,False
0,0,N007,0.0,0.3941176470588235,0.0,0.3941176470588235,False,False
0,0,N007,0.05,0.3941176470588235,0.0,0.3941176470588235,False,False
0,0,N007,0.1,0.3941176470588235,0.0,0.3941176470588235,False,False
0,0,N007,0.15000000000000002,0.3941176470588235,0.0,0.3941176470588235,False,False
0,0,N007,0.2,0.3941176470588235,0.0,0.3941176470588235,False,False
0,0,N007,0.25,0.3941176470588235,0.0,0.3941176470588235,False,False
0,0,N007,0.30000000000000004,0.3941176470588235,0.0,0.3941176470588235,False,False
0,0,N007,0.35000000000000003,0.3941176470588235,0.0,0.3941176470588235,False,False
0,0,N007,0.4,0.3941176470588235,0.0,0.3941176470588235,False,False
0,0,N007,0.45,0.3941176470588235,0.0,0.3941176470588235,False,False
0,0,N007,0.5,0.3941176470588235,0.0,0.3941176470588235,False,False
0,0,N007,0.55,0.3941176470588235,0.0,0.3941176470588235,False,False
0,0,N007,0.6000000000000001,0.3941176470588235,0.0,0.3941176470588235,False,False
0,0,N007,0.65,0.3941176470588235,0.0,0.3941176470588235,False,False
0,0,N007,0.7000000000000001,0.3941176470588235,0.0,0.3941176470588235,False,False
0,0,N007,0.75,0.3941176470588235,0.0,0.3941176470588235,False,False
0,0,N007,0.8,0.3941176470588235,0.0,0.3941176470588235,False,False
0,0,N007,0.8500000000000001,0.3941176470588235,0.0,0.3941176470588235,False,False
0,0,N007,0.9,0.3941176470588235,0.0,0.3941176470588235,False,False
0,0,N007,0.9500000000000001,0.3941176470588235,0.0,0.3941176470588235,False,False
0,0,N007,1.0,0.343235294117647,0.05088235294117649,0.3941176470588235,False,False
0,0,N008,0.0,0.3941176470588235,0.0,0.3941176470588235,False,False
0,0,N008,0.05,0.3941176470588235,0.0,0.3941176470588235,False,False
0,0,N008,0.1,0.3941176470588235,0.0,0.3941176470588235,False,False
0,0,N008,0.15000000000000002,0.3941176470588235,0.0,0.3941176470588235,False,False
0,0,N008,0.2,0.3941176470588235,0.0,0.3941176470588235,False,False
0,0,N008,0.25,0.3941176470588235,0.0,0.3941176470588235,False,False
0,0,N008,0.30000000000000004,0.3941176470588235,0.0,0.3941176470588235,False,False
0,0,N008,0.35000000000000003,0.3941176470588235,0.0,0.3941176470588235,False,False
0,0,N008,0.4,0.3941176470588235,0.0,0.3941176470588235,False,False
0,0,N008,0.45,0.3941176470588235,0.0,0.3941176470588235,False,False
0,0,N008,0.5,0.3941176470588235,0.0,0.3941176470588235,False,False
0,0,N008,0.55,0.3941176470588235,0.0,0.3941176470588235,False,False
0,0,N008,0.6000000000000001,0.3941176470588235,0.0,0.3941176470588235,False,False
0,0,N008,0.65,0.3941176470588235,0.0,0.3941176470588235,False,False
0,0,N008,0.7000000000000001,0.3941176470588235,0.0,0.3941176470588235,False,False
0,0,N008,0.75,0.3941176470588235,0.0,0.3941176470588235,False,False
0,0,N008,0.8,0.3941176470588235,0.0,0.3941176470588235,False,False
0,0,N008,0.8500000000000001,0.3941176470588235,0.0,0.3941176470588235,False,False
0,0,N008,0.9,0.3941176470588235,0.0,0.3941176470588235,False,False
0,0,N008,0.9500000000000001,0.3941176470588235,0.0,0.3941176470588235,False,False
0,0,N008,1.0,0.3594117647058823,0.0347058823529412,0.3941176470588235,False,False
0,0,N009,0.0,0.3941176470588235,0.0,0.3941176470588235,False,False
0,0,N009,0.05,0.3941176470588235,0.0,0.3941176470588235,False,False
0,0,N009,0.1,0.3941176470588235,0.0,0.3941176470588235,False,False
0,0,N009,0.15000000000000002,0.3941176470588235,0.0,0.3941176470588235,False,False
0,0,N009,0.2,0.3941176470588235,0.0,0.3941176470588235,False,False
0,0,N009,0.25,0.3941176470588235,0.0,0.3941176470588235,False,False
0,0,N009,0.30000000000000004,0.3941176470588235,0.0,0.3941176470588235,False,False
0,0,N009,0.35000000000000003,0.3941176470588235,0.0,0.3941176470588235,False,False
0,0,N009,0.4,0.3941176470588235,0.0,0.3941176470588235,False,False
0,0,N009,0.45,0.3941176470588235,0.0,0.3941176470588235,False,False
0,0,N009,0.5,0.3941176470588235,0.0,0.3941176470588235,False,False
0,0,N009,0.55,0.3941176470588235,0.0,0.3941176470588235,False,False
0,0,N009,0.6000000000000001,0.3941176470588235,0.0,0.3941176470588235,False,False
0,0,N009,0.65,0.3941176470588235,0.0,0.3941176470588235,False,False
0,0,N009,0.7000000000000001,0.3941176470588235,0.0,0.3941176470588235,False,False
0,0,N009,0.75,0.3941176470588235,0.0,0.3941176470588235,False,False
0,0,N009,0.8,0.3941176470588235,0.0,0.3941176470588235,False,False
0,0,N009,0.8500000000000001,0.3941176470588235,0.0,0.3941176470588235,False,False
0,0,N009,0.9,0.3941176470588235,0.0,0.3941176470588235,False,False
0,0,N009,0.9500000000000001,0.3941176470588235,0.0,0.3941176470588235,False,False
0,0,N009,1.0,0.3405882352941177,0.053529411764705825,0.3941176470588235,False,False
0,0,N010,0.0,0.3941176470588235,0.0,0.3941176470588235,False,False
0,0,N010,0.05,0.3941176470588235,0.0,0.3941176470588235,False,False
0,0,N010,0.1,0.3941176470588235,0.0,0.3941176470588235,False,False
0,0,N010,0.15000000000000002,0.3941176470588235,0.0,0.3941176470588235,False,False
0,0,N010,0.2,0.3941176470588235,0.0,0.3941176470588235,False,False
0,0,N010,0.25,0.3941176470588235,0.0,0.3941176470588235,False,False
0,0,N010,0.30000000000000004,0.3941176470588235,0.0,0.3941176470588235,False,False
0,0,N010,0.35000000000000003,0.3941176470588235,0.0,0.3941176470588235,False,False
0,0,N010,0.4,0.3941176470588235,0.0,0.3941176470588235,False,False
0,0,N010,0.45,0.3941176470588235,0.0,0.3941176470588235,False,False
0,0,N010,0.5,0.3941176470588235,0.0,0.3941176470588235,False,False
0,0,N010,0.55,0.3941176470588235,0.0,0.3941176470588235,False,False
0,0,N010,0.6000000000000001,0.3941176470588235,0.0,0.3941176470588235,False,False
0,0,N010,0.65,0.3941176470588235,0.0,0.3941176470588235,False,False
0,0,N010,0.7000000000000001,0.3941176470588235,0.0,0.3941176470588235,False,False
0,0,N010,0.75,0.3941176470588235,0.0,0.3941176470588235,False,False
0,0,N010,0.8,0.3941176470588235,0.0,0.3941176470588235,False,False
0,0,N010,0.8500000000000001,0.3941176470588235,0.0,0.3941176470588235,False,False
0,0,N010,0.9,0.3941176470588235,0.0,0.3941176470588235,False,False
0,0,N010,0.9500000000000001,0.3941176470588235,0.0,0.3941176470588235,False,False
0,0,N010,1.0,0.345,0.049117647058823544,0.3941176470588235,False,False
0,0,N011,0.0,0.3941176470588235,0.0,0.3941176470588235,False,False
0,0,N011,0.05,0.3941176470588235,0.0,0.3941176470588235,False,False
0,0,N011,0.1,0.3941176470588235,0.0,0.3941176470588235,False,False
0,0,N011,0.15000000000000002,0.3941176470588235,0.0,0.3941176470588235,False,False
0,0,N011,0.2,0.3941176470588235,0.0,0.3941176470588235,False,False
0,0,N011,0.25,0.3941176470588235,0.0,0.3941176470588235,False,False
0,0,N011,0.30000000000000004,0.3941176470588235,0.0,0.3941176470588235,False,False
0,0,N011,0.35000000000000003,0.3941176470588235,0.0,0.3941176470588235,False,False
0,0,N011,0.4,0.3941176470588235,0.0,0.3941176470588235,False,False
0,0,N011,0.45,0.3941176470588235,0.0,0.3941176470588235,False,False
0,0,N011,0.5,0.3941176470588235,0.0,0.3941176470588235,False,False
0,0,N011,0.55,0.3941176470588235,0.0,0.3941176470588235,False,False
0,0,N011,0.6000000000000001,0.3941176470588235,0.0,0.3941176470588235,False,False
0,0,N011,0.65,0.3941176470588235,0.0,0.3941176470588235,False,False
0,0,N011,0.7000000000000001,0.3941176470588235,0.0,0.3941176470588235,False,False
0,0,N011,0.75,0.3941176470588235,0.0,0.3941176470588235,False,False
0,0,N011,0.8,0.3941176470588235,0.0,0.3941176470588235,False,False
0,0,N011,0.8500000000000001,0.3941176470588235,0.0,0.3941176470588235,False,False
0,0,N011,0.9,0.3941176470588235,0.0,0.3941176470588235,False,False
0,0,N011,0.9500000000000001,0.3941176470588235,0.0,0.3941176470588235,False,False
0,0,N011,1.0,0.35500000000000004,0.03911764705882348,0.3941176470588235,False,False
0,0,N012,0.0,0.3941176470588235,0.0,0.3941176470588235,False,False
0,0,N012,0.05,0.3941176470588235,0.0,0.3941176470588235,False,False
0,0,N012,0.1,0.3941176470588235,0.0,0.3941176470588235,False,False
0,0,N012,0.15000000000000002,0.3941176470588235,0.0,0.3941176470588235,False,False
0,0,N012,0.2,0.3941176470588235,0.0,0.3941176470588235,False,False
0,0,N012,0.25,0.3941176470588235,0.0,0.3941176470588235,False,False
0,0,N012,0.30000000000000004,0.3941176470588235,0.0,0.3941176470588235,False,False
0,0,N012,0.35000000000000003,0.3941176470588235,0.0,0.3941176470588235,False,False
0,0,N012,0.4,0.3941176470588235,0.0,0.3941176470588235,False,False
0,0,N012,0.45,0.3941176470588235,0.0,0.3941176470588235,False,False
0,0,N012,0.5,0.3941176470588235,0.0,0.3941176470588235,False,False
0,0,N012,0.55,0.3941176470588235,0.0,0.3941176470588235,False,False
0,0,N012,0.6000000000000001,0.3941176470588235,0.0,0.3941176470588235,False,False
0,0,N012,0.65,0.3941176470588235,0.0,0.3941176470588235,False,False
0,0,N012,0.7000000000000001,0.3941176470588235,0.0,0.3941176470588235,False,False
0,0,N012,0.75,0.3941176470588235,0.0,0.3941176470588235,False,False
0,0,N012,0.8,0.3941176470588235,0.0,0.3941176470588235,False,False
0,0,N012,0.8500000000000001,0.3941176470588235,0.0,0.3941176470588235,False,False
0,0,N012,0.9,0.3941176470588235,0.0,0.3941176470588235,False,False
0,0,N012,0.9500000000000001,0.3941176470588235,0.0,0.3941176470588235,False,False
0,0,N012,1.0,0.36411764705882355,0.02999999999999997,0.3941176470588235,False,False
0,0,N013,0.0,0.3941176470588235,0.0,0.3941176470588235,False,False
0,0,N013,0.05,0.3941176470588235,0.0,0.3941176470588235,False,False
0,0,N013,0.1,0.3941176470588235,0.0,0.3941176470588235,False,False
0,0,N013,0.15000000000000002,0.3941176470588235,0.0,0.3941176470588235,False,False
0,0,N013,0.2,0.3941176470588235,0.0,0.3941176470588235,False,False
0,0,N013,0.25,0.3941176470588235,0.0,0.3941176470588235,False,False
0,0,N013,0.30000000000000004,0.3941176470588235,0.0,0.3941176470588235,False,False
0,0,N013,0.35000000000000003,0.3941176470588235,0.0,0.3941176470588235,False,False
0,0,N013,0.4,0.3941176470588235,0.0,0.3941176470588235,False,False
0,0,N013,0.45,0.3941176470588235,0.0,0.3941176470588235,False,False
0,0,N013,0.5,0.3941176470588235,0.0,0.3941176470588235,False,False
0,0,N013,0.55,0.3941176470588235,0.0,0.3941176470588235,False,False
0,0,N013,0.6000000000000001,0.3941176470588235,0.0,0.3941176470588235,False,False
0,0,N013,0.65,0.3941176470588235,0.0,0.3941176470588235,False,False
0,0,N013,0.7000000000000001,0.3941176470588235,0.0,0.3941176470588235,False,False
0,0,N013,0.75,0.3941176470588235,0.0,0.3941176470588235,False,False
0,0,N013,0.8,0.3941176470588235,0.0,0.3941176470588235,False,False
0,0,N013,0.8500000000000001,0.3941176470588235,0.0,0.3941176470588235,False,False
0,0,N013,0.9,0.3941176470588235,0.0,0.3941176470588235,False,False
0,0,N013,0.9500000000000001,0.3941176470588235,0.0,0.3941176470588235,False,False
0,0,N013,1.0,0.3573529411764706,0.03676470588235292,0.3941176470588235,False,False
0,0,N014,0.0,0.3941176470588235,0.0,0.3941176470588235,False,False
0,0,N014,0.05,0.3941176470588235,0.0,0.3941176470588235,False,False
0,0,N014,0.1,0.3941176470588235,0.0,0.3941176470588235,False,False
0,0,N014,0.15000000000000002,0.3941176470588235,0.0,0.3941176470588235,False,False
0,0,N014,0.2,0.3941176470588235,0.0,0.3941176470588235,False,False
0,0,N014,0.25,0.3941176470588235,0.0,0.3941176470588235,False,False
0,0,N014,0.30000000000000004,0.3941176470588235,0.0,0.3941176470588235,False,False
0,0,N014,0.35000000000000003,0.3941176470588235,0.0,0.3941176470588235,False,False
0,0,N014,0.4,0.3941176470588235,0.0,0.3941176470588235,False,False
0,0,N014,0.45,0.3941176470588235,0.0,0.3941176470588235,False,False
0,0,N014,0.5,0.3941176470588235,0.0,0.3941176470588235,False,False
0,0,N014,0.55,0.3941176470588235,0.0,0.3941176470588235,False,False
0,0,N014,0.6000000000000001,0.3941176470588235,0.0,0.3941176470588235,False,False
0,0,N014,0.65,0.3941176470588235,0.0,0.3941176470588235,False,False
0,0,N014,0.7000000000000001,0.3941176470588235,0.0,0.3941176470588235,False,False
0,0,N014,0.75,0.3941176470588235,0.0,0.3941176470588235,False,False
0,0,N014,0.8,0.3941176470588235,0.0,0.3941176470588235,False,False
0,0,N014,0.8500000000000001,0.3941176470588235,0.0,0.3941176470588235,False,False
0,0,N014,0.9,0.3941176470588235,0.0,0.3941176470588235,False,False
0,0,N014,0.9500000000000001,0.3941176470588235,0.0,0.3941176470588235,False,False
0,0,N014,1.0,0.34117647058823536,0.05294117647058816,0.3941176470588235,False,False
0,0,N015,0.0,0.3941176470588235,0.0,0.3941176470588235,False,False
0,0,N015,0.05,0.3941176470588235,0.0,0.3941176470588235,False,False
0,0,N015,0.1,0.3941176470588235,0.0,0.3941176470588235,False,False
0,0,N015,0.15000000000000002,0.3941176470588235,0.0,0.3941176470588235,False,False
0,0,N015,0.2,0.3941176470588235,0.0,0.3941176470588235,False,False
0,0,N015,0.25,0.3941176470588235,0.0,0.3941176470588235,False,False
0,0,N015,0.30000000000000004,0.3941176470588235,0.0,0.3941176470588235,False,False
0,0,N015,0.35000000000000003,0.3941176470588235,0.0,0.3941176470588235,False,False
0,0,N015,0.4,0.3941176470588235,0.0,0.3941176470588235,False,False
0,0,N015,0.45,0.3941176470588235,0.0,0.3941176470588235,False,False
0,0,N015,0.5,0.3941176470588235,0.0,0.3941176470588235,False,False
0,0,N015,0.55,0.3941176470588235,0.0,0.3941176470588235,False,False
0,0,N015,0.6000000000000001,0.3941176470588235,0.0,0.3941176470588235,False,False
0,0,N015,0.65,0.3941176470588235,0.0,0.3941176470588235,False,False
0,0,N015,0.7000000000000001,0.3941176470588235,0.0,0.3941176470588235,False,False
0,0,N015,0.75,0.3941176470588235,0.0,0.3941176470588235,False,False
0,0,N015,0.8,0.3941176470588235,0.0,0.3941176470588235,False,False
0,0,N015,0.8500000000000001,0.3941176470588235,0.0,0.3941176470588235,False,False
0,0,N015,0.9,0.3941176470588235,0.0,0.3941176470588235,False,False
0,0,N015,0.9500000000000001,0.3941176470588235,0.0,0.3941176470588235,False,False
0,0,N015,1.0,0.33558823529411763,0.058529411764705885,0.3941176470588235,False,False
0,0,N016,0.0,0.3941176470588235,0.0,0.3941176470588235,False,False
0,0,N016,0.05,0.3941176470588235,0.0,0.3941176470588235,False,False
0,0,N016,0.1,0.3941176470588235,0.0,0.3941176470588235,False,False
0,0,N016,0.15000000000000002,0.3941176470588235,0.0,0.3941176470588235,False,False
0,0,N016,0.2,0.3941176470588235,0.0,0.3941176470588235,False,False
0,0,N016,0.25,0.3941176470588235,0.0,0.3941176470588235,False,False
0,0,N016,0.30000000000000004,0.3941176470588235,0.0,0.3941176470588235,False,False
0,0,N016,0.35000000000000003,0.3941176470588235,0.0,0.3941176470588235,False,False
0,0,N016,0.4,0.3941176470588235,0.0,0.3941176470588235,False,False
0,0,N016,0.45,0.3941176470588235,0.0,0.3941176470588235,False,False
0,0,N016,0.5,0.3941176470588235,0.0,0.3941176470588235,False,False
0,0,N016,0.55,0.3941176470588235,0.0,0.3941176470588235,False,False
0,0,N016,0.6000000000000001,0.3941176470588235,0.0,0.3941176470588235,False,False
0,0,N016,0.65,0.3941176470588235,0.0,0.3941176470588235,False,False
0,0,N016,0.7000000000000001,0.3941176470588235,0.0,0.3941176470588235,False,False
0,0,N016,0.75,0.3941176470588235,0.0,0.3941176470588235,False,False
0,0,N016,0.8,0.3941176470588235,0.0,0.3941176470588235,False,False
0,0,N016,0.8500000000000001,0.3941176470588235,0.0,0.3941176470588235,False,False
0,0,N016,0.9,0.3941176470588235,0.0,0.3941176470588235,False,False
0,0,N016,0.9500000000000001,0.3941176470588235,0.0,0.3941176470588235,False,False
0,0,N016,1.0,0.3505882352941176,0.04352941176470593,0.3941176470588235,False,False
0,0,N017,0.0,0.3941176470588235,0.0,0.3941176470588235,False,False
0,0,N017,0.05,0.3941176470588235,0.0,0.3941176470588235,False,False
0,0,N017,0.1,0.3941176470588235,0.0,0.3941176470588235,False,False
0,0,N017,0.15000000000000002,0.3941176470588235,0.0,0.3941176470588235,False,False
0,0,N017,0.2,0.3941176470588235,0.0,0.3941176470588235,False,False
0,0,N017,0.25,0.3941176470588235,0.0,0.3941176470588235,False,False
0,0,N017,0.30000000000000004,0.3941176470588235,0.0,0.3941176470588235,False,False
0,0,N017,0.35000000000000003,0.3941176470588235,0.0,0.3941176470588235,False,False
0,0,N017,0.4,0.3941176470588235,0.0,0.3941176470588235,False,False
0,0,N017,0.45,0.3941176470588235,0.0,0.3941176470588235,False,False
0,0,N017,0.5,0.3941176470588235,0.0,0.3941176470588235,False,False
0,0,N017,0.55,0.3941176470588235,0.0,0.3941176470588235,False,False
0,0,N017,0.6000000000000001,0.3941176470588235,0.0,0.3941176470588235,False,False
0,0,N017,0.65,0.3941176470588235,0.0,0.3941176470588235,False,False
0,0,N017,0.7000000000000001,0.3941176470588235,0.0,0.3941176470588235,False,False
0,0,N017,0.75,0.3941176470588235,0.0,0.3941176470588235,False,False
0,0,N017,0.8,0.3941176470588235,0.0,0.3941176470588235,False,False
0,0,N017,0.8500000000000001,0.3941176470588235,0.0,0.3941176470588235,False,False
0,0,N017,0.9,0.3941176470588235,0.0,0.3941176470588235,False,False
0,0,N017,0.9500000000000001,0.3941176470588235,0.0,0.3941176470588235,False,False
0,0,N017,1.0,0.34205882352941175,0.05205882352941177,0.3941176470588235,False,False
0,0,N018,0.0,0.3941176470588235,0.0,0.3941176470588235,False,False
0,0,N018,0.05,0.3941176470588235,0.0,0.3941176470588235,False,False
0,0,N018,0.1,0.3941176470588235,0.0,0.3941176470588235,False,False
0,0,N018,0.15000000000000002,0.3941176470588235,0.0,0.3941176470588235,False,False
0,0,N018,0.2,0.3941176470588235,0.0,0.3941176470588235,False,False
0,0,N018,0.25,0.3941176470588235,0.0,0.3941176470588235,False,False
0,0,N018,0.30000000000000004,0.3941176470588235,0.0,0.3941176470588235,False,False
0,0,N018,0.35000000000000003,0.3941176470588235,0.0,0.3941176470588235,False,False
0,0,N018,0.4,0.3941176470588235,0.0,0.3941176470588235,False,False
0,0,N018,0.45,0.3941176470588235,0.0,0.3941176470588235,False,False
0,0,N018,0.5,0.3941176470588235,0.0,0.3941176470588235,False,False
0,0,N018,0.55,0.3941176470588235,0.0,0.3941176470588235,False,False
0,0,N018,0.6000000000000001,0.3941176470588235,0.0,0.3941176470588235,False,False
0,0,N018,0.65,0.3941176470588235,0.0,0.3941176470588235,False,False
0,0,N018,0.7000000000000001,0.3941176470588235,0.0,0.3941176470588235,False,False
0,0,N018,0.75,0.3941176470588235,0.0,0.3941176470588235,False,False
0,0,N018,0.8,0.3941176470588235,0.0,0.3941176470588235,False,False
0,0,N018,0.8500000000000001,0.3941176470588235,0.0,0.3941176470588235,False,False
0,0,N018,0.9,0.3941176470588235,0.0,0.3941176470588235,False,False
0,0,N018,0.9500000000000001,0.3941176470588235,0.0,0.3941176470588235,False,False
0,0,N018,1.0,0.3450000000000001,0.04911764705882343,0.3941176470588235,False,False
0,0,N019,0.0,0.3941176470588235,0.0,0.3941176470588235,False,False
0,0,N019,0.05,0.3941176470588235,0.0,0.3941176470588235,False,False
0,0,N019,0.1,0.3941176470588235,0.0,0.3941176470588235,False,False
0,0,N019,0.15000000000000002,0.3941176470588235,0.0,0.3941176470588235,False,False
0,0,N019,0.2,0.3941176470588235,0.0,0.3941176470588235,False,False
0,0,N019,0.25,0.3941176470588235,0.0,0.3941176470588235,False,False
0,0,N019,0.30000000000000004,0.3941176470588235,0.0,0.3941176470588235,False,False
0,0,N019,0.35000000000000003,0.3941176470588235,0.0,0.3941176470588235,False,False
0,0,N019,0.4,0.3941176470588235,0.0,0.3941176470588235,False,False
0,0,N019,0.45,0.3941176470588235,0.0,0.3941176470588235,False,False
0,0,N019,0.5,0.3941176470588235,0.0,0.3941176470588235,False,False
0,0,N019,0.55,0.3941176470588235,0.0,0.3941176470588235,False,False
0,0,N019,0.6000000000000001,0.3941176470588235,0.0,0.3941176470588235,False,False
0,0,N019,0.65,0.3941176470588235,0.0,0.3941176470588235,False,False
0,0,N019,0.7000000000000001,0.3941176470588235,0.0,0.3941176470588235,False,False
0,0,N019,0.75,0.3941176470588235,0.0,0.3941176470588235,False,False
0,0,N019,0.8,0.3941176470588235,0.0,0.3941176470588235,False,False
0,0,N019,0.8500000000000001,0.3941176470588235,0.0,0.3941176470588235,False,False
0,0,N019,0.9,0.3941176470588235,0.0,0.3941176470588235,False,False
0,0,N019,0.9500000000000001,0.3941176470588235,0.0,0.3941176470588235,False,False
0,0,N019,1.0,0.3511764705882353,0.042941176470588205,0.3941176470588235,False,False
0,0,N020,0.0,0.3941176470588235,0.0,0.3941176470588235,False,False
0,0,N020,0.05,0.3941176470588235,0.0,0.3941176470588235,False,False
0,0,N020,0.1,0.3941176470588235,0.0,0.3941176470588235,False,False
0,0,N020,0.15000000000000002,0.3941176470588235,0.0,0.3941176470588235,False,False
0,0,N020,0.2,0.3941176470588235,0.0,0.3941176470588235,False,False
0,0,N020,0.25,0.3941176470588235,0.0,0.3941176470588235,False,False
0,0,N020,0.30000000000000004,0.3941176470588235,0.0,0.3941176470588235,False,False
0,0,N020,0.35000000000000003,0.3941176470588235,0.0,0.3941176470588235,False,False
0,0,N020,0.4,0.3941176470588235,0.0,0.3941176470588235,False,False
0,0,N020,0.45,0.3941176470588235,0.0,0.3941176470588235,False,False
0,0,N020,0.5,0.3941176470588235,0.0,0.3941176470588235,False,False
0,0,N020,0.55,0.3941176470588235,0.0,0.3941176470588235,False,False
0,0,N020,0.6000000000000001,0.3941176470588235,0.0,0.3941176470588235,False,False
0,0,N020,0.65,0.3941176470588235,0.0,0.3941176470588235,False,False
0,0,N020,0.7000000000000001,0.3941176470588235,0.0,0.3941176470588235,False,False
0,0,N020,0.75,0.3941176470588235,0.0,0.3941176470588235,False,False
0,0,N020,0.8,0.3941176470588235,0.0,0.3941176470588235,False,False
0,0,N020,0.8500000000000001,0.3941176470588235,0.0,0.3941176470588235,False,False
0,0,N020,0.9,0.3941176470588235,0.0,0.3941176470588235,False,False
0,0,N020,0.9500000000000001,0.3941176470588235,0.0,0.3941176470588235,False,False
0,0,N020,1.0,0.36499999999999994,0.02911764705882358,0.3941176470588235,False,False
0,0,N021,0.0,0.3941176470588235,0.0,0.3941176470588235,False,False
0,0,N021,0.05,0.3941176470588235,0.0,0.3941176470588235,False,False
0,0,N021,0.1,0.3941176470588235,0.0,0.3941176470588235,False,False
0,0,N021,0.15000000000000002,0.3941176470588235,0.0,0.3941176470588235,False,False
0,0,N021,0.2,0.3941176470588235,0.0,0.3941176470588235,False,False
0,0,N021,0.25,0.3941176470588235,0.0,0.3941176470588235,False,False
0,0,N021,0.30000000000000004,0.3941176470588235,0.0,0.3941176470588235,False,False
0,0,N021,0.35000000000000003,0.3941176470588235,0.0,0.3941176470588235,False,False
0,0,N021,0.4,0.3941176470588235,0.0,0.3941176470588235,False,False
0,0,N021,0.45,0.3941176470588235,0.0,0.3941176470588235,False,False
0,0,N021,0.5,0.3941176470588235,0.0,0.3941176470588235,False,False
0,0,N021,0.55,0.3941176470588235,0.0,0.3941176470588235,False,False
0,0,N021,0.6000000000000001,0.3941176470588235,0.0,0.3941176470588235,False,False
0,0,N021,0.65,0.3941176470588235,0.0,0.3941176470588235,False,False
0,0,N021,0.7000000000000001,0.3941176470588235,0.0,0.3941176470588235,False,False
0,0,N021,0.75,0.3941176470588235,0.0,0.3941176470588235,False,False
0,0,N021,0.8,0.3941176470588235,0.0,0.3941176470588235,False,False
0,0,N021,0.8500000000000001,0.3941176470588235,0.0,0.3941176470588235,False,False
0,0,N021,0.9,0.3941176470588235,0.0,0.3941176470588235,False,False
0,0,N021,0.9500000000000001,0.3941176470588235,0.0,0.3941176470588235,False,False
0,0,N021,1.0,0.34500000000000003,0.04911764705882349,0.3941176470588235,False,False
0,0,N022,0.0,0.3941176470588235,0.0,0.3941176470588235,False,False
0,0,N022,0.05,0.3941176470588235,0.0,0.3941176470588235,False,False
0,0,N022,0.1,0.3941176470588235,0.0,0.3941176470588235,False,False
0,0,N022,0.15000000000000002,0.3941176470588235,0.0,0.3941176470588235,False,False
0,0,N022,0.2,0.3941176470588235,0.0,0.3941176470588235,False,False
0,0,N022,0.25,0.3941176470588235,0.0,0.3941176470588235,False,False
0,0,N022,0.30000000000000004,0.3941176470588235,0.0,0.3941176470588235,False,False
0,0,N022,0.35000000000000003,0.3941176470588235,0.0,0.3941176470588235,False,False
0,0,N022,0.4,0.3941176470588235,0.0,0.3941176470588235,False,False
0,0,N022,0.45,0.3941176470588235,0.0,0.3941176470588235,False,False
0,0,N022,0.5,0.3941176470588235,0.0,0.3941176470588235,False,False
0,0,N022,0.55,0.3941176470588235,0.0,0.3941176470588235,False,False
0,0,N022,0.6000000000000001,0.3941176470588235,0.0,0.3941176470588235,False,False
0,0,N022,0.65,0.3941176470588235,0.0,0.3941176470588235,False,False
0,0,N022,0.7000000000000001,0.3941176470588235,0.0,0.3941176470588235,False,False
0,0,N022,0.75,0.3941176470588235,0.0,0.3941176470588235,False,False
0,0,N022,0.8,0.3941176470588235,0.0,0.3941176470588235,False,False
0,0,N022,0.8500000000000001,0.3941176470588235,0.0,0.3941176470588235,False,False
0,0,N022,0.9,0.3941176470588235,0.0,0.3941176470588235,False,False
0,0,N022,0.9500000000000001,0.3941176470588235,0.0,0.3941176470588235,False,False
0,0,N022,1.0,0.3644117647058824,0.029705882352941138,0.3941176470588235,False,False
0,0,N023,0.0,0.3941176470588235,0.0,0.3941176470588235,False,False
0,0,N023,0.05,0.3941176470588235,0.0,0.3941176470588235,False,False
0,0,N023,0.1,0.3941176470588235,0.0,0.3941176470588235,False,False
0,0,N023,0.15000000000000002,0.3941176470588235,0.0,0.3941176470588235,False,False
0,0,N023,0.2,0.3941176470588235,0.0,0.3941176470588235,False,False
0,0,N023,0.25,0.3941176470588235,0.0,0.3941176470588235,False,False
0,0,N023,0.30000000000000004,0.3941176470588235,0.0,0.3941176470588235,False,False
0,0,N023,0.35000000000000003,0.3941176470588235,0.0,0.3941176470588235,False,False
0,0,N023,0.4,0.3941176470588235,0.0,0.3941176470588235,False,False
0,0,N023,0.45,0.3941176470588235,0.0,0.3941176470588235,False,False
0,0,N023,0.5,0.3941176470588235,0.0,0.3941176470588235,False,False
0,0,N023,0.55,0.3941176470588235,0.0,0.3941176470588235,False,False
0,0,N023,0.6000000000000001,0.3941176470588235,0.0,0.3941176470588235,False,False
0,0,N023,0.65,0.3941176470588235,0.0,0.3941176470588235,False,False
0,0,N023,0.7000000000000001,0.3941176470588235,0.0,0.3941176470588235,False,False
0,0,N023,0.75,0.3941176470588235,0.0,0.3941176470588235,False,False
0,0,N023,0.8,0.3941176470588235,0.0,0.3941176470588235,False,False
0,0,N023,0.8500000000000001,0.3941176470588235,0.0,0.3941176470588235,False,False
0,0,N023,0.9,0.3941176470588235,0.0,0.3941176470588235,False,False
0,0,N023,0.9500000000000001,0.3941176470588235,0.0,0.3941176470588235,False,False
0,0,N023,1.0,0.35823529411764704,0.035882352941176476,0.3941176470588235,False,False
0,0,N024,0.0,0.3941176470588235,0.0,0.3941176470588235,False,False
0,0,N024,0.05,0.3941176470588235,0.0,0.3941176470588235,False,False
0,0,N024,0.1,0.3941176470588235,0.0,0.3941176470588235,False,False
0,0,N024,0.15000000000000002,0.3941176470588235,0.0,0.3941176470588235,False,False
0,0,N024,0.2,0.3941176470588235,0.0,0.3941176470588235,False,False
0,0,N024,0.25,0.3941176470588235,0.0,0.3941176470588235,False,False
0,0,N024,0.30000000000000004,0.3941176470588235,0.0,0.3941176470588235,False,False
0,0,N024,0.35000000000000003,0.3941176470588235,0.0,0.3941176470588235,False,False
0,0,N024,0.4,0.3941176470588235,0.0,0.3941176470588235,False,False
0,0,N024,0.45,0.3941176470588235,0.0,0.3941176470588235,False,False
0,0,N024,0.5,0.3941176470588235,0.0,0.3941176470588235,False,False
0,0,N024,0.55,0.3941176470588235,0.0,0.3941176470588235,False,False
0,0,N024,0.6000000000000001,0.3941176470588235,0.0,0.3941176470588235,False,False
0,0,N024,0.65,0.3941176470588235,0.0,0.3941176470588235,False,False
0,0,N024,0.7000000000000001,0.3941176470588235,0.0,0.3941176470588235,False,False
0,0,N024,0.75,0.3941176470588235,0.0,0.3941176470588235,False,False
0,0,N024,0.8,0.3941176470588235,0.0,0.3941176470588235,False,False
0,0,N024,0.8500000000000001,0.3941176470588235,0.0,0.3941176470588235,False,False
0,0,N024,0.9,0.3941176470588235,0.0,0.3941176470588235,False,False
0,0,N024,0.9500000000000001,0.3941176470588235,0.0,0.3941176470588235,False,False
0,0,N024,1.0,0.34705882352941175,0.047058823529411764,0.3941176470588235,False,False
0,0,N025,0.0,0.3941176470588235,0.0,0.3941176470588235,False,False
0,0,N025,0.05,0.3941176470588235,0.0,0.3941176470588235,False,False
0,0,N025,0.1,0.3941176470588235,0.0,0.3941176470588235,False,False
0,0,N025,0.15000000000000002,0.3941176470588235,0.0,0.3941176470588235,False,False
0,0,N025,0.2,0.3941176470588235,0.0,0.3941176470588235,False,False
0,0,N025,0.25,0.3941176470588235,0.0,0.3941176470588235,False,False
0,0,N025,0.30000000000000004,0.3941176470588235,0.0,0.3941176470588235,False,False
0,0,N025,0.35000000000000003,0.3941176470588235,0.0,0.3941176470588235,False,False
0,0,N025,0.4,0.3941176470588235,0.0,0.3941176470588235,False,False
0,0,N025,0.45,0.3941176470588235,0.0,0.3941176470588235,False,False
0,0,N025,0.5,0.3941176470588235,0.0,0.3941176470588235,False,False
0,0,N025,0.55,0.3941176470588235,0.0,0.3941176470588235,False,False
0,0,N025,0.6000000000000001,0.3941176470588235,0.0,0.3941176470588235,False,False
0,0,N025,0.65,0.3941176470588235,0.0,0.3941176470588235,False,False
0,0,N025,0.7000000000000001,0.3941176470588235,0.0,0.3941176470588235,False,False
0,0,N025,0.75,0.3941176470588235,0.0,0.3941176470588235,False,False
0,0,N025,0.8,0.3941176470588235,0.0,0.3941176470588235,False,False
0,0,N025,0.8500000000000001,0.3941176470588235,0.0,0.3941176470588235,False,False
0,0,N025,0.9,0.3941176470588235,0.0,0.3941176470588235,False,False
0,0,N025,0.9500000000000001,0.3941176470588235,0.0,0.3941176470588235,False,False
0,0,N025,1.0,0.35117647058823526,0.04294117647058826,0.3941176470588235,False,False
0,0,N026,0.0,0.3941176470588235,0.0,0.3941176470588235,False,False
0,0,N026,0.05,0.3941176470588235,0.0,0.3941176470588235,False,False
0,0,N026,0.1,0.3941176470588235,0.0,0.3941176470588235,False,False
0,0,N026,0.15000000000000002,0.3941176470588235,0.0,0.3941176470588235,False,False
0,0,N026,0.2,0.3941176470588235,0.0,0.3941176470588235,False,False
0,0,N026,0.25,0.3941176470588235,0.0,0.3941176470588235,False,False
0,0,N026,0.30000000000000004,0.3941176470588235,0.0,0.3941176470588235,False,False
0,0,N026,0.35000000000000003,0.3941176470588235,0.0,0.3941176470588235,False,False
0,0,N026,0.4,0.3941176470588235,0.0,0.3941176470588235,False,False
0,0,N026,0.45,0.3941176470588235,0.0,0.3941176470588235,False,False
0,0,N026,0.5,0.3941176470588235,0.0,0.3941176470588235,False,False
0,0,N026,0.55,0.3941176470588235,0.0,0.3941176470588235,False,False
0,0,N026,0.6000000000000001,0.3941176470588235,0.0,0.3941176470588235,False,False
0,0,N026,0.65,0.3941176470588235,0.0,0.3941176470588235,False,False
0,0,N026,0.7000000000000001,0.3941176470588235,0.0,0.3941176470588235,False,False
0,0,N026,0.75,0.3941176470588235,0.0,0.3941176470588235,False,False
0,0,N026,0.8,0.3941176470588235,0.0,0.3941176470588235,False,False
0,0,N026,0.8500000000000001,0.3941176470588235,0.0,0.3941176470588235,False,False
0,0,N026,0.9,0.3941176470588235,0.0,0.3941176470588235,False,False
0,0,N026,0.9500000000000001,0.3941176470588235,0.0,0.3941176470588235,False,False
0,0,N026,1.0,0.351764705882353,0.04235294117647054,0.3941176470588235,False,False
0,0,N027,0.0,0.3941176470588235,0.0,0.3941176470588235,False,False
0,0,N027,0.05,0.3941176470588235,0.0,0.3941176470588235,False,False
0,0,N027,0.1,0.3941176470588235,0.0,0.3941176470588235,False,False
0,0,N027,0.15000000000000002,0.3941176470588235,0.0,0.3941176470588235,False,False
0,0,N027,0.2,0.3941176470588235,0.0,0.3941176470588235,False,False
0,0,N027,0.25,0.3941176470588235,0.0,0.3941176470588235,False,False
0,0,N027,0.30000000000000004,0.3941176470588235,0.0,0.3941176470588235,False,False
0,0,N027,0.35000000000000003,0.3941176470588235,0.0,0.3941176470588235,False,False
0,0,N027,0.4,0.3941176470588235,0.0,0.3941176470588235,False,False
0,0,N027,0.45,0.3941176470588235,0.0,0.3941176470588235,False,False
0,0,N027,0.5,0.3941176470588235,0.0,0.3941176470588235,False,False
0,0,N027,0.55,0.3941176470588235,0.0,0.3941176470588235,False,False
0,0,N027,0.6000000000000001,0.3941176470588235,0.0,0.3941176470588235,False,False
0,0,N027,0.65,0.3941176470588235,0.0,0.3941176470588235,False,False
0,0,N027,0.7000000000000001,0.3941176470588235,0.0,0.3941176470588235,False,False
0,0,N027,0.75,0.3941176470588235,0.0,0.3941176470588235,False,False
0,0,N027,0.8,0.3941176470588235,0.0,0.3941176470588235,False,False
0,0,N027,0.8500000000000001,0.3941176470588235,0.0,0.3941176470588235,False,False
0,0,N027,0.9,0.3941176470588235,0.0,0.3941176470588235,False,False
0,0,N027,0.9500000000000001,0.3941176470588235,0.0,0.3941176470588235,False,False
0,0,N027,1.0,0.34735294117647053,0.046764705882352986,0.3941176470588235,False,False
0,0,N028,0.0,0.3941176470588235,0.0,0.3941176470588235,False,False
0,0,N028,0.05,0.3941176470588235,0.0,0.3941176470588235,False,False
0,0,N028,0.1,0.3941176470588235,0.0,0.3941176470588235,False,False
0,0,N028,0.15000000000000002,0.3941176470588235,0.0,0.3941176470588235,False,False
0,0,N028,0.2,0.3941176470588235,0.0,0.3941176470588235,False,False
0,0,N028,0.25,0.3941176470588235,0.0,0.3941176470588235,False,False
0,0,N028,0.30000000000000004,0.3941176470588235,0.0,0.3941176470588235,False,False
0,0,N028,0.35000000000000003,0.3941176470588235,0.0,0.3941176470588235,False,False
0,0,N028,0.4,0.3941176470588235,0.0,0.3941176470588235,False,False
0,0,N028,0.45,0.3941176470588235,0.0,0.3941176470588235,False,False
0,0,N028,0.5,0.3941176470588235,0.0,0.3941176470588235,False,False
0,0,N028,0.55,0.3941176470588235,0.0,0.3941176470588235,False,False
0,0,N028,0.6000000000000001,0.3941176470588235,0.0,0.3941176470588235,False,False
0,0,N028,0.65,0.3941176470588235,0.0,0.3941176470588235,False,False
0,0,N028,0.7000000000000001,0.3941176470588235,0.0,0.3941176470588235,False,False
0,0,N028,0.75,0.3941176470588235,0.0,0.3941176470588235,False,False
0,0,N028,0.8,0.3941176470588235,0.0,0.3941176470588235,False,False
0,0,N028,0.8500000000000001,0.3941176470588235,0.0,0.3941176470588235,False,False
0,0,N028,0.9,0.3941176470588235,0.0,0.3941176470588235,False,False
0,0,N028,0.9500000000000001,0.3941176470588235,0.0,0.3941176470588235,False,False
0,0,N028,1.0,0.3455882352941176,0.04852941176470593,0.3941176470588235,False,False
0,0,N029,0.0,0.3941176470588235,0.0,0.3941176470588235,False,False
0,0,N029,0.05,0.3941176470588235,0.0,0.3941176470588235,False,False
0,0,N029,0.1,0.3941176470588235,0.0,0.3941176470588235,False,False
0,0,N029,0.15000000000000002,0.3941176470588235,0.0,0.3941176470588235,False,False
0,0,N029,0.2,0.3941176470588235,0.0,0.3941176470588235,False,False
0,0,N029,0.25,0.3941176470588235,0.0,0.3941176470588235,False,False
0,0,N029,0.30000000000000004,0.3941176470588235,0.0,0.3941176470588235,False,False
0,0,N029,0.35000000000000003,0.3941176470588235,0.0,0.3941176470588235,False,False
0,0,N029,0.4,0.3941176470588235,0.0,0.3941176470588235,False,False
0,0,N029,0.45,0.3941176470588235,0.0,0.3941176470588235,False,False
0,0,N029,0.5,0.3941176470588235,0.0,0.3941176470588235,False,False
0,0,N029,0.55,0.3941176470588235,0.0,0.3941176470588235,False,False
0,0,N029,0.6000000000000001,0.3941176470588235,0.0,0.3941176470588235,False,False
0,0,N029,0.65,0.3941176470588235,0.0,0.3941176470588235,False,False
0,0,N029,0.7000000000000001,0.3941176470588235,0.0,0.3941176470588235,False,False
0,0,N029,0.75,0.3941176470588235,0.0,0.3941176470588235,False,False
0,0,N029,0.8,0.3941176470588235,0.0,0.3941176470588235,False,False
0,0,N029,0.8500000000000001,0.3941176470588235,0.0,0.3941176470588235,False,False
0,0,N029,0.9,0.3941176470588235,0.0,0.3941176470588235,False,False
0,0,N029,0.9500000000000001,0.3941176470588235,0.0,0.3941176470588235,False,False
0,0,N029,1.0,0.3426470588235294,0.0514705882352941,0.3941176470588235,False,False
0,0,N030,0.0,0.3941176470588235,0.0,0.3941176470588235,False,False
0,0,N030,0.05,0.3941176470588235,0.0,0.3941176470588235,False,False
0,0,N030,0.1,0.3941176470588235,0.0,0.3941176470588235,False,False
0,0,N030,0.15000000000000002,0.3941176470588235,0.0,0.3941176470588235,False,False
0,0,N030,0.2,0.3941176470588235,0.0,0.3941176470588235,False,False
0,0,N030,0.25,0.3941176470588235,0.0,0.3941176470588235,False,False
0,0,N030,0.30000000000000004,0.3941176470588235,0.0,0.3941176470588235,False,False
0,0,N030,0.35000000000000003,0.3941176470588235,0.0,0.3941176470588235,False,False
0,0,N030,0.4,0.3941176470588235,0.0,0.3941176470588235,False,False
0,0,N030,0.45,0.3941176470588235,0.0,0.3941176470588235,False,False
0,0,N030,0.5,0.3941176470588235,0.0,0.3941176470588235,False,False
0,0,N030,0.55,0.3941176470588235,0.0,0.3941176470588235,False,False
0,0,N030,0.6000000000000001,0.3941176470588235,0.0,0.3941176470588235,False,False
0,0,N030,0.65,0.3941176470588235,0.0,0.3941176470588235,False,False
0,0,N030,0.7000000000000001,0.3941176470588235,0.0,0.3941176470588235,False,False
0,0,N030,0.75,0.3941176470588235,0.0,0.3941176470588235,False,False
0,0,N030,0.8,0.3941176470588235,0.0,0.3941176470588235,False,False
0,0,N030,0.8500000000000001,0.3941176470588235,0.0,0.3941176470588235,False,False
0,0,N030,0.9,0.3941176470588235,0.0,0.3941176470588235,False,False
0,0,N030,0.9500000000000001,0.3941176470588235,0.0,0.3941176470588235,False,False
0,0,N030,1.0,0.34647058823529414,0.047647058823529376,0.3941176470588235,False,False
0,0,N031,0.0,0.3941176470588235,0.0,0.3941176470588235,False,False
0,0,N031,0.05,0.3941176470588235,0.0,0.3941176470588235,False,False
0,0,N031,0.1,0.3941176470588235,0.0,0.3941176470588235,False,False
0,0,N031,0.15000000000000002,0.3941176470588235,0.0,0.3941176470588235,False,False
0,0,N031,0.2,0.3941176470588235,0.0,0.3941176470588235,False,False
0,0,N031,0.25,0.3941176470588235,0.0,0.3941176470588235,False,False
0,0,N031,0.30000000000000004,0.3941176470588235,0.0,0.3941176470588235,False,False
0,0,N031,0.35000000000000003,0.3941176470588235,0.0,0.3941176470588235,False,False
0,0,N031,0.4,0.3941176470588235,0.0,0.3941176470588235,False,False
0,0,N031,0.45,0.3941176470588235,0.0,0.3941176470588235,False,False
0,0,N031,0.5,0.3941176470588235,0.0,0.3941176470588235,False,False
0,0,N031,0.55,0.3941176470588235,0.0,0.3941176470588235,False,False
0,0,N031,0.6000000000000001,0.3941176470588235,0.0,0.3941176470588235,False,False
0,0,N031,0.65,0.3941176470588235,0.0,0.3941176470588235,False,False
0,0,N031,0.7000000000000001,0.3941176470588235,0.0,0.3941176470588235,False,False
0,0,N031,0.75,0.3941176470588235,0.0,0.3941176470588235,False,False
0,0,N031,0.8,0.3941176470588235,0.0,0.3941176470588235,False,False
0,0,N031,0.8500000000000001,0.3941176470588235,0.0,0.3941176470588235,False,False
0,0,N031,0.9,0.3941176470588235,0.0,0.3941176470588235,False,False
0,0,N031,0.9500000000000001,0.3941176470588235,0.0,0.3941176470588235,False,False
0,0,N031,1.0,0.3385294117647058,0.055588235294117716,0.3941176470588235,False,False
0,0,N032,0.0,0.3941176470588235,0.0,0.3941176470588235,False,False
0,0,N032,0.05,0.3941176470588235,0.0,0.3941176470588235,False,False
0,0,N032,0.1,0.3941176470588235,0.0,0.3941176470588235,False,False
0,0,N032,0.15000000000000002,0.3941176470588235,0.0,0.3941176470588235,False,False
0,0,N032,0.2,0.3941176470588235,0.0,0.3941176470588235,False,False
0,0,N032,0.25,0.3941176470588235,0.0,0.3941176470588235,False,False
0,0,N032,0.30000000000000004,0.3941176470588235,0.0,0.3941176470588235,False,False
0,0,N032,0.35000000000000003,0.3941176470588235,0.0,0.3941176470588235,False,False
0,0,N032,0.4,0.3941176470588235,0.0,0.3941176470588235,False,False
0,0,N032,0.45,0.3941176470588235,0.0,0.3941176470588235,False,False
0,0,N032,0.5,0.3941176470588235,0.0,0.3941176470588235,False,False
0,0,N032,0.55,0.3941176470588235,0.0,0.3941176470588235,False,False
0,0,N032,0.6000000000000001,0.3941176470588235,0.0,0.3941176470588235,False,False
0,0,N032,0.65,0.3941176470588235,0.0,0.3941176470588235,False,False
0,0,N032,0.7000000000000001,0.3941176470588235,0.0,0.3941176470588235,False,False
0,0,N032,0.75,0.3941176470588235,0.0,0.3941176470588235,False,False
0,0,N032,0.8,0.3941176470588235,0.0,0.3941176470588235,False,False
0,0,N032,0.8500000000000001,0.3941176470588235,0.0,0.3941176470588235,False,False
0,0,N032,0.9,0.3941176470588235,0.0,0.3941176470588235,False,False
0,0,N032,0.9500000000000001,0.3941176470588235,0.0,0.3941176470588235,False,False
0,0,N032,1.0,0.3347058823529412,0.05941176470588233,0.3941176470588235,False,False
0,0,N033,0.0,0.3941176470588235,0.0,0.3941176470588235,False,False
0,0,N033,0.05,0.3941176470588235,0.0,0.3941176470588235,False,False
0,0,N033,0.1,0.3941176470588235,0.0,0.3941176470588235,False,False
0,0,N033,0.15000000000000002,0.3941176470588235,0.0,0.3941176470588235,False,False
0,0,N033,0.2,0.3941176470588235,0.0,0.3941176470588235,False,False
0,0,N033,0.25,0.3941176470588235,0.0,0.3941176470588235,False,False
0,0,N033,0.30000000000000004,0.3941176470588235,0.0,0.3941176470588235,False,False
0,0,N033,0.35000000000000003,0.3941176470588235,0.0,0.3941176470588235,False,False
0,0,N033,0.4,0.3941176470588235,0.0,0.3941176470588235,False,False
0,0,N033,0.45,0.3941176470588235,0.0,0.3941176470588235,False,False
0,0,N033,0.5,0.3941176470588235,0.0,0.3941176470588235,False,False
0,0,N033,0.55,0.3941176470588235,0.0,0.3941176470588235,False,False
0,0,N033,0.6000000000000001,0.3941176470588235,0.0,0.3941176470588235,False,False
0,0,N033,0.65,0.3941176470588235,0.0,0.3941176470588235,False,False
0,0,N033,0.7000000000000001,0.3941176470588235,0.0,0.3941176470588235,False,False
0,0,N033,0.75,0.3941176470588235,0.0,0.3941176470588235,False,False
0,0,N033,0.8,0.3941176470588235,0.0,0.3941176470588235,False,False
0,0,N033,0.8500000000000001,0.3941176470588235,0.0,0.3941176470588235,False,False
0,0,N033,0.9,0.3941176470588235,0.0,0.3941176470588235,False,False
0,0,N033,0.9500000000000001,0.3941176470588235,0.0,0.3941176470588235,False,False
0,0,N033,1.0,0.3508823529411765,0.04323529411764704,0.3941176470588235,False,False
0,0,N034,0.0,0.3941176470588235,0.0,0.3941176470588235,False,False
0,0,N034,0.05,0.3941176470588235,0.0,0.3941176470588235,False,False
0,0,N034,0.1,0.3941176470588235,0.0,0.3941176470588235,False,False
0,0,N034,0.15000000000000002,0.3941176470588235,0.0,0.3941176470588235,False,False
0,0,N034,0.2,0.3941176470588235,0.0,0.3941176470588235,False,False
0,0,N034,0.25,0.3941176470588235,0.0,0.3941176470588235,False,False
0,0,N034,0.30000000000000004,0.3941176470588235,0.0,0.3941176470588235,False,False
0,0,N034,0.35000000000000003,0.3941176470588235,0.0,0.3941176470588235,False,False
0,0,N034,0.4,0.3941176470588235,0.0,0.3941176470588235,False,False
0,0,N034,0.45,0.3941176470588235,0.0,0.3941176470588235,False,False
0,0,N034,0.5,0.3941176470588235,0.0,0.3941176470588235,False,False
0,0,N034,0.55,0.3941176470588235,0.0,0.3941176470588235,False,False
0,0,N034,0.6000000000000001,0.3941176470588235,0.0,0.3941176470588235,False,False
0,0,N034,0.65,0.3941176470588235,0.0,0.3941176470588235,False,False
0,0,N034,0.7000000000000001,0.3941176470588235,0.0,0.3941176470588235,False,False
0,0,N034,0.75,0.3941176470588235,0.0,0.3941176470588235,False,False
0,0,N034,0.8,0.3941176470588235,0.0,0.3941176470588235,False,False
0,0,N034,0.8500000000000001,0.3941176470588235,0.0,0.3941176470588235,False,False
0,0,N034,0.9,0.3941176470588235,0.0,0.3941176470588235,False,False
0,0,N034,0.9500000000000001,0.3941176470588235,0.0,0.3941176470588235,False,False
0,0,N034,1.0,0.3452941176470588,0.04882352941176471,0.3941176470588235,False,False
0,0,N035,0.0,0.3941176470588235,0.0,0.3941176470588235,False,False
0,0,N035,0.05,0.3941176470588235,0.0,0.3941176470588235,False,False
0,0,N035,0.1,0.3941176470588235,0.0,0.3941176470588235,False,False
0,0,N035,0.15000000000000002,0.3941176470588235,0.0,0.3941176470588235,False,False
0,0,N035,0.2,0.3941176470588235,0.0,0.3941176470588235,False,False
0,0,N035,0.25,0.3941176470588235,0.0,0.3941176470588235,False,False
0,0,N035,0.30000000000000004,0.3941176470588235,0.0,0.3941176470588235,False,False
0,0,N035,0.35000000000000003,0.3941176470588235,0.0,0.3941176470588235,False,False
0,0,N035,0.4,0.3941176470588235,0.0,0.3941176470588235,False,False
0,0,N035,0.45,0.3941176470588235,0.0,0.3941176470588235,False,False
0,0,N035,0.5,0.3941176470588235,0.0,0.3941176470588235,False,False
0,0,N035,0.55,0.3941176470588235,0.0,0.3941176470588235,False,False
0,0,N035,0.6000000000000001,0.3941176470588235,0.0,0.3941176470588235,False,False
0,0,N035,0.65,0.3941176470588235,0.0,0.3941176470588235,False,False
0,0,N035,0.7000000000000001,0.3941176470588235,0.0,0.3941176470588235,False,False
0,0,N035,0.75,0.3941176470588235,0.0,0.3941176470588235,False,False
0,0,N035,0.8,0.3941176470588235,0.0,0.3941176470588235,False,False
0,0,N035,0.8500000000000001,0.3941176470588235,0.0,0.3941176470588235,False,False
0,0,N035,0.9,0.3941176470588235,0.0,0.3941176470588235,False,False
0,0,N035,0.9500000000000001,0.3941176470588235,0.0,0.3941176470588235,False,False
0,0,N035,1.0,0.35352941176470587,0.04058823529411765,0.3941176470588235,False,False
0,0,N036,0.0,0.3941176470588235,0.0,0.3941176470588235,False,False
0,0,N036,0.05,0.3941176470588235,0.0,0.3941176470588235,False,False
0,0,N036,0.1,0.3941176470588235,0.0,0.3941176470588235,False,False
0,0,N036,0.15000000000000002,0.3941176470588235,0.0,0.3941176470588235,False,False
0,0,N036,0.2,0.3941176470588235,0.0,0.3941176470588235,False,False
0,0,N036,0.25,0.3941176470588235,0.0,0.3941176470588235,False,False
0,0,N036,0.30000000000000004,0.3941176470588235,0.0,0.3941176470588235,False,False
0,0,N036,0.35000000000000003,0.3941176470588235,0.0,0.3941176470588235,False,False
0,0,N036,0.4,0.3941176470588235,0.0,0.3941176470588235,False,False
0,0,N036,0.45,0.3941176470588235,0.0,0.3941176470588235,False,False
0,0,N036,0.5,0.3941176470588235,0.0,0.3941176470588235,False,False
0,0,N036,0.55,0.3941176470588235,0.0,0.3941176470588235,False,False
0,0,N036,0.6000000000000001,0.3941176470588235,0.0,0.3941176470588235,False,False
0,0,N036,0.65,0.3941176470588235,0.0,0.3941176470588235,False,False
0,0,N036,0.7000000000000001,0.3941176470588235,0.0,0.3941176470588235,False,False
0,0,N036,0.75,0.3941176470588235,0.0,0.3941176470588235,False,False
0,0,N036,0.8,0.3941176470588235,0.0,0.3941176470588235,False,False
0,0,N036,0.8500000000000001,0.3941176470588235,0.0,0.3941176470588235,False,False
0,0,N036,0.9,0.3941176470588235,0.0,0.3941176470588235,False,False
0,0,N036,0.9500000000000001,0.3941176470588235,0.0,0.3941176470588235,False,False
0,0,N036,1.0,0.33147058823529413,0.06264705882352939,0.3941176470588235,False,False
0,0,N037,0.0,0.3941176470588235,0.0,0.3941176470588235,False,False
0,0,N037,0.05,0.3941176470588235,0.0,0.3941176470588235,False,False
0,0,N037,0.1,0.3941176470588235,0.0,0.3941176470588235,False,False
0,0,N037,0.15000000000000002,0.3941176470588235,0.0,0.3941176470588235,False,False
0,0,N037,0.2,0.3941176470588235,0.0,0.3941176470588235,False,False
0,0,N037,0.25,0.3941176470588235,0.0,0.3941176470588235,False,False
0,0,N037,0.30000000000000004,0.3941176470588235,0.0,0.3941176470588235,False,False
0,0,N037,0.35000000000000003,0.3941176470588235,0.0,0.3941176470588235,False,False
0,0,N037,0.4,0.3941176470588235,0.0,0.3941176470588235,False,False
0,0,N037,0.45,0.3941176470588235,0.0,0.3941176470588235,False,False
0,0,N037,0.5,0.3941176470588235,0.0,0.3941176470588235,False,False
0,0,N037,0.55,0.3941176470588235,0.0,0.3941176470588235,False,False
0,0,N037,0.6000000000000001,0.3941176470588235,0.0,0.3941176470588235,False,False
0,0,N037,0.65,0.3941176470588235,0.0,0.3941176470588235,False,False
0,0,N037,0.7000000000000001,0.3941176470588235,0.0,0.3941176470588235,False,False
0,0,N037,0.75,0.3941176470588235,0.0,0.3941176470588235,False,False
0,0,N037,0.8,0.3941176470588235,0.0,0.3941176470588235,False,False
0,0,N037,0.8500000000000001,0.3941176470588235,0.0,0.3941176470588235,False,False
0,0,N037,0.9,0.3941176470588235,0.0,0.3941176470588235,False,False
0,0,N037,0.9500000000000001,0.3941176470588235,0.0,0.3941176470588235,False,False
0,0,N037,1.0,0.3261764705882353,0.06794117647058823,0.3941176470588235,False,False
0,0,N038,0.0,0.3941176470588235,0.0,0.3941176470588235,False,False
0,0,N038,0.05,0.3941176470588235,0.0,0.3941176470588235,False,False
0,0,N038,0.1,0.3941176470588235,0.0,0.3941176470588235,False,False
0,0,N038,0.15000000000000002,0.3941176470588235,0.0,0.3941176470588235,False,False
0,0,N038,0.2,0.3941176470588235,0.0,0.3941176470588235,False,False
0,0,N038,0.25,0.3941176470588235,0.0,0.3941176470588235,False,False
0,0,N038,0.30000000000000004,0.3941176470588235,0.0,0.3941176470588235,False,False
0,0,N038,0.35000000000000003,0.3941176470588235,0.0,0.3941176470588235,False,False
0,0,N038,0.4,0.3941176470588235,0.0,0.3941176470588235,False,False
0,0,N038,0.45,0.3941176470588235,0.0,0.3941176470588235,False,False
0,0,N038,0.5,0.3941176470588235,0.0,0.3941176470588235,False,False
0,0,N038,0.55,0.3941176470588235,0.0,0.3941176470588235,False,False
0,0,N038,0.6000000000000001,0.3941176470588235,0.0,0.3941176470588235,False,False
0,0,N038,0.65,0.3941176470588235,0.0,0.3941176470588235,False,False
0,0,N038,0.7000000000000001,0.3941176470588235,0.0,0.3941176470588235,False,False
0,0,N038,0.75,0.3941176470588235,0.0,0.3941176470588235,False,False
0,0,N038,0.8,0.3941176470588235,0.0,0.3941176470588235,False,False
0,0,N038,0.8500000000000001,0.3941176470588235,0.0,0.3941176470588235,False,False
0,0,N038,0.9,0.3941176470588235,0.0,0.3941176470588235,False,False
0,0,N038,0.9500000000000001,0.3941176470588235,0.0,0.3941176470588235,False,False
0,0,N038,1.0,0.3526470588235294,0.04147058823529409,0.3941176470588235,False,False
0,0,N039,0.0,0.3941176470588235,0.0,0.3941176470588235,False,False
0,0,N039,0.05,0.3941176470588235,0.0,0.3941176470588235,False,False
0,0,N039,0.1,0.3941176470588235,0.0,0.3941176470588235,False,False
0,0,N039,0.15000000000000002,0.3941176470588235,0.0,0.3941176470588235,False,False
0,0,N039,0.2,0.3941176470588235,0.0,0.3941176470588235,False,False
0,0,N039,0.25,0.3941176470588235,0.0,0.3941176470588235,False,False
0,0,N039,0.30000000000000004,0.3941176470588235,0.0,0.3941176470588235,False,False
0,0,N039,0.35000000000000003,0.3941176470588235,0.0,0.3941176470588235,False,False
0,0,N039,0.4,0.3941176470588235,0.0,0.3941176470588235,False,False
0,0,N039,0.45,0.3941176470588235,0.0,0.3941176470588235,False,False
0,0,N039,0.5,0.3941176470588235,0.0,0.3941176470588235,False,False
0,0,N039,0.55,0.3941176470588235,0.0,0.3941176470588235,False,False
0,0,N039,0.6000000000000001,0.3941176470588235,0.0,0.3941176470588235,False,False
0,0,N039,0.65,0.3941176470588235,0.0,0.3941176470588235,False,False
0,0,N039,0.7000000000000001,0.3941176470588235,0.0,0.3941176470588235,False,False
0,0,N039,0.75,0.3941176470588235,0.0,0.3941176470588235,False,False
0,0,N039,0.8,0.3941176470588235,0.0,0.3941176470588235,False,False
0,0,N039,0.8500000000000001,0.3941176470588235,0.0,0.3941176470588235,False,False
0,0,N039,0.9,0.3941176470588235,0.0,0.3941176470588235,False,False
0,0,N039,0.9500000000000001,0.3941176470588235,0.0,0.3941176470588235,False,False
0,0,N039,1.0,0.3623529411764706,0.03176470588235292,0.3941176470588235,False,False
0,0,N040,0.0,0.3941176470588235,0.0,0.3941176470588235,False,False
0,0,N040,0.05,0.3941176470588235,0.0,0.3941176470588235,False,False
0,0,N040,0.1,0.3941176470588235,0.0,0.3941176470588235,False,False
0,0,N040,0.15000000000000002,0.3941176470588235,0.0,0.3941176470588235,False,False
0,0,N040,0.2,0.3941176470588235,0.0,0.3941176470588235,False,False
0,0,N040,0.25,0.3941176470588235,0.0,0.3941176470588235,False,False
0,0,N040,0.30000000000000004,0.3941176470588235,0.0,0.3941176470588235,False,False
0,0,N040,0.35000000000000003,0.3941176470588235,0.0,0.3941176470588235,False,False
0,0,N040,0.4,0.3941176470588235,0.0,0.3941176470588235,False,False
0,0,N040,0.45,0.3941176470588235,0.0,0.3941176470588235,False,False
0,0,N040,0.5,0.3941176470588235,0.0,0.3941176470588235,False,False
0,0,N040,0.55,0.3941176470588235,0.0,0.3941176470588235,False,False
0,0,N040,0.6000000000000001,0.3941176470588235,0.0,0.3941176470588235,False,False
0,0,N040,0.65,0.3941176470588235,0.0,0.3941176470588235,False,False
0,0,N040,0.7000000000000001,0.3941176470588235,0.0,0.3941176470588235,False,False
0,0,N040,0.75,0.3941176470588235,0.0,0.3941176470588235,False,False
0,0,N040,0.8,0.3941176470588235,0.0,0.3941176470588235,False,False
0,0,N040,0.8500000000000001,0.3941176470588235,0.0,0.3941176470588235,False,False
0,0,N040,0.9,0.3941176470588235,0.0,0.3941176470588235,False,False
0,0,N040,0.9500000000000001,0.3941176470588235,0.0,0.3941176470588235,False,False
0,0,N040,1.0,0.32735294117647057,0.06676470588235295,0.3941176470588235,False,False
0,0,N041,0.0,0.3941176470588235,0.0,0.3941176470588235,False,False
0,0,N041,0.05,0.3941176470588235,0.0,0.3941176470588235,False,False
0,0,N041,0.1,0.3941176470588235,0.0,0.3941176470588235,False,False
0,0,N041,0.15000000000000002,0.3941176470588235,0.0,0.3941176470588235,False,False
0,0,N041,0.2,0.3941176470588235,0.0,0.3941176470588235,False,False
0,0,N041,0.25,0.3941176470588235,0.0,0.3941176470588235,False,False
0,0,N041,0.30000000000000004,0.3941176470588235,0.0,0.3941176470588235,False,False
0,0,N041,0.35000000000000003,0.3941176470588235,0.0,0.3941176470588235,False,False
0,0,N041,0.4,0.3941176470588235,0.0,0.3941176470588235,False,False
0,0,N041,0.45,0.3941176470588235,0.0,0.3941176470588235,False,False
0,0,N041,0.5,0.3941176470588235,0.0,0.3941176470588235,False,False
0,0,N041,0.55,0.3941176470588235,0.0,0.3941176470588235,False,False
0,0,N041,0.6000000000000001,0.3941176470588235,0.0,0.3941176470588235,False,False
0,0,N041,0.65,0.3941176470588235,0.0,0.3941176470588235,False,False
0,0,N041,0.7000000000000001,0.3941176470588235,0.0,0.3941176470588235,False,False
0,0,N041,0.75,0.3941176470588235,0.0,0.3941176470588235,False,False
0,0,N041,0.8,0.3941176470588235,0.0,0.3941176470588235,False,False
0,0,N041,0.8500000000000001,0.3941176470588235,0.0,0.3941176470588235,False,False
0,0,N041,0.9,0.3941176470588235,0.0,0.3941176470588235,False,False
0,0,N041,0.9500000000000001,0.3941176470588235,0.0,0.3941176470588235,False,False
0,0,N041,1.0,0.34411764705882353,0.04999999999999999,0.3941176470588235,False,False
0,0,N042,0.0,0.3941176470588235,0.0,0.3941176470588235,False,False
0,0,N042,0.05,0.3941176470588235,0.0,0.3941176470588235,False,False
0,0,N042,0.1,0.3941176470588235,0.0,0.3941176470588235,False,False
0,0,N042,0.15000000000000002,0.3941176470588235,0.0,0.3941176470588235,False,False
0,0,N042,0.2,0.3941176470588235,0.0,0.3941176470588235,False,False
0,0,N042,0.25,0.3941176470588235,0.0,0.3941176470588235,False,False
0,0,N042,0.30000000000000004,0.3941176470588235,0.0,0.3941176470588235,False,False
0,0,N042,0.35000000000000003,0.3941176470588235,0.0,0.3941176470588235,False,False
0,0,N042,0.4,0.3941176470588235,0.0,0.3941176470588235,False,False
0,0,N042,0.45,0.3941176470588235,0.0,0.3941176470588235,False,False
0,0,N042,0.5,0.3941176470588235,0.0,0.3941176470588235,False,False
0,0,N042,0.55,0.3941176470588235,0.0,0.3941176470588235,False,False
0,0,N042,0.6000000000000001,0.3941176470588235,0.0,0.3941176470588235,False,False
0,0,N042,0.65,0.3941176470588235,0.0,0.3941176470588235,False,False
0,0,N042,0.7000000000000001,0.3941176470588235,0.0,0.3941176470588235,False,False
0,0,N042,0.75,0.3941176470588235,0.0,0.3941176470588235,False,False
0,0,N042,0.8,0.3941176470588235,0.0,0.3941176470588235,False,False
0,0,N042,0.8500000000000001,0.3941176470588235,0.0,0.3941176470588235,False,False
0,0,N042,0.9,0.3941176470588235,0.0,0.3941176470588235,False,False
0,0,N042,0.9500000000000001,0.3941176470588235,0.0,0.3941176470588235,False,False
0,0,N042,1.0,0.3655882352941176,0.028529411764705914,0.3941176470588235,False,False
0,0,N043,0.0,0.3941176470588235,0.0,0.3941176470588235,False,False
0,0,N043,0.05,0.3941176470588235,0.0,0.3941176470588235,False,False
0,0,N043,0.1,0.3941176470588235,0.0,0.3941176470588235,False,False
0,0,N043,0.15000000000000002,0.3941176470588235,0.0,0.3941176470588235,False,False
0,0,N043,0.2,0.3941176470588235,0.0,0.3941176470588235,False,False
0,0,N043,0.25,0.3941176470588235,0.0,0.3941176470588235,False,False
0,0,N043,0.30000000000000004,0.3941176470588235,0.0,0.3941176470588235,False,False
0,0,N043,0.35000000000000003,0.3941176470588235,0.0,0.3941176470588235,False,False
0,0,N043,0.4,0.3941176470588235,0.0,0.3941176470588235,False,False
0,0,N043,0.45,0.3941176470588235,0.0,0.3941176470588235,False,False
0,0,N043,0.5,0.3941176470588235,0.0,0.3941176470588235,False,False
0,0,N043,0.55,0.3941176470588235,0.0,0.3941176470588235,False,False
0,0,N043,0.6000000000000001,0.3941176470588235,0.0,0.3941176470588235,False,False
0,0,N043,0.65,0.3941176470588235,0.0,0.3941176470588235,False,False
0,0,N043,0.7000000000000001,0.3941176470588235,0.0,0.3941176470588235,False,False
0,0,N043,0.75,0.3941176470588235,0.0,0.3941176470588235,False,False
0,0,N043,0.8,0.3941176470588235,0.0,0.3941176470588235,False,False
0,0,N043,0.8500000000000001,0.3941176470588235,0.0,0.3941176470588235,False,False
0,0,N043,0.9,0.3941176470588235,0.0,0.3941176470588235,False,False
0,0,N043,0.9500000000000001,0.3941176470588235,0.0,0.3941176470588235,False,False
0,0,N043,1.0,0.3526470588235294,0.04147058823529409,0.3941176470588235,False,False
0,0,N044,0.0,0.3941176470588235,0.0,0.3941176470588235,False,False
0,0,N044,0.05,0.3941176470588235,0.0,0.3941176470588235,False,False
0,0,N044,0.1,0.3941176470588235,0.0,0.3941176470588235,False,False
0,0,N044,0.15000000000000002,0.3941176470588235,0.0,0.3941176470588235,False,False
0,0,N044,0.2,0.3941176470588235,0.0,0.3941176470588235,False,False
0,0,N044,0.25,0.3941176470588235,0.0,0.3941176470588235,False,False
0,0,N044,0.30000000000000004,0.3941176470588235,0.0,0.3941176470588235,False,False
0,0,N044,0.35000000000000003,0.3941176470588235,0.0,0.3941176470588235,False,False
0,0,N044,0.4,0.3941176470588235,0.0,0.3941176470588235,False,False
0,0,N044,0.45,0.3941176470588235,0.0,0.3941176470588235,False,False
0,0,N044,0.5,0.3941176470588235,0.0,0.3941176470588235,False,False
0,0,N044,0.55,0.3941176470588235,0.0,0.3941176470588235,False,False
0,0,N044,0.6000000000000001,0.3941176470588235,0.0,0.3941176470588235,False,False
0,0,N044,0.65,0.3941176470588235,0.0,0.3941176470588235,False,False
0,0,N044,0.7000000000000001,0.3941176470588235,0.0,0.3941176470588235,False,False
0,0,N044,0.75,0.3941176470588235,0.0,0.3941176470588235,False,False
0,0,N044,0.8,0.3941176470588235,0.0,0.3941176470588235,False,False
0,0,N044,0.8500000000000001,0.3941176470588235,0.0,0.3941176470588235,False,False
0,0,N044,0.9,0.3941176470588235,0.0,0.3941176470588235,False,False
0,0,N044,0.9500000000000001,0.3941176470588235,0.0,0.3941176470588235,False,False
0,0,N044,1.0,0.3376470588235294,0.056470588235294106,0.3941176470588235,False,False
0,0,N045,0.0,0.3941176470588235,0.0,0.3941176470588235,False,False
0,0,N045,0.05,0.3941176470588235,0.0,0.3941176470588235,False,False
0,0,N045,0.1,0.3941176470588235,0.0,0.3941176470588235,False,False
0,0,N045,0.15000000000000002,0.3941176470588235,0.0,0.3941176470588235,False,False
0,0,N045,0.2,0.3941176470588235,0.0,0.3941176470588235,False,False
0,0,N045,0.25,0.3941176470588235,0.0,0.3941176470588235,False,False
0,0,N045,0.30000000000000004,0.3941176470588235,0.0,0.3941176470588235,False,False
0,0,N045,0.35000000000000003,0.3941176470588235,0.0,0.3941176470588235,False,False
0,0,N045,0.4,0.3941176470588235,0.0,0.3941176470588235,False,False
0,0,N045,0.45,0.3941176470588235,0.0,0.3941176470588235,False,False
0,0,N045,0.5,0.3941176470588235,0.0,0.3941176470588235,False,False
0,0,N045,0.55,0.3941176470588235,0.0,0.3941176470588235,False,False
0,0,N045,0.6000000000000001,0.3941176470588235,0.0,0.3941176470588235,False,False
0,0,N045,0.65,0.3941176470588235,0.0,0.3941176470588235,False,False
0,0,N045,0.7000000000000001,0.3941176470588235,0.0,0.3941176470588235,False,False
0,0,N045,0.75,0.3941176470588235,0.0,0.3941176470588235,False,False
0,0,N045,0.8,0.3941176470588235,0.0,0.3941176470588235,False,False
0,0,N045,0.8500000000000001,0.3941176470588235,0.0,0.3941176470588235,False,False
0,0,N045,0.9,0.3941176470588235,0.0,0.3941176470588235,False,False
0,0,N045,0.9500000000000001,0.3941176470588235,0.0,0.3941176470588235,False,False
0,0,N045,1.0,0.33029411764705885,0.06382352941176467,0.3941176470588235,False,False
0,0,N046,0.0,0.3941176470588235,0.0,0.3941176470588235,False,False
0,0,N046,0.05,0.3941176470588235,0.0,0.3941176470588235,False,False
0,0,N046,0.1,0.3941176470588235,0.0,0.3941176470588235,False,False
0,0,N046,0.15000000000000002,0.3941176470588235,0.0,0.3941176470588235,False,False
0,0,N046,0.2,0.3941176470588235,0.0,0.3941176470588235,False,False
0,0,N046,0.25,0.3941176470588235,0.0,0.3941176470588235,False,False
0,0,N046,0.30000000000000004,0.3941176470588235,0.0,0.3941176470588235,False,False
0,0,N046,0.35000000000000003,0.3941176470588235,0.0,0.3941176470588235,False,False
0,0,N046,0.4,0.3941176470588235,0.0,0.3941176470588235,False,False
0,0,N046,0.45,0.3941176470588235,0.0,0.3941176470588235,False,False
0,0,N046,0.5,0.3941176470588235,0.0,0.3941176470588235,False,False
0,0,N046,0.55,0.3941176470588235,0.0,0.3941176470588235,False,False
0,0,N046,0.6000000000000001,0.3941176470588235,0.0,0.3941176470588235,False,False
0,0,N046,0.65,0.3941176470588235,0.0,0.3941176470588235,False,False
0,0,N046,0.7000000000000001,0.3941176470588235,0.0,0.3941176470588235,False,False
0,0,N046,0.75,0.3941176470588235,0.0,0.3941176470588235,False,False
0,0,N046,0.8,0.3941176470588235,0.0,0.3941176470588235,False,False
0,0,N046,0.8500000000000001,0.3941176470588235,0.0,0.3941176470588235,False,False
0,0,N046,0.9,0.3941176470588235,0.0,0.3941176470588235,False,False
0,0,N046,0.9500000000000001,0.3941176470588235,0.0,0.3941176470588235,False,False
0,0,N046,1.0,0.35352941176470587,0.04058823529411765,0.3941176470588235,False,False
0,0,N047,0.0,0.3941176470588235,0.0,0.3941176470588235,False,False
0,0,N047,0.05,0.3941176470588235,0.0,0.3941176470588235,False,False
0,0,N047,0.1,0.3941176470588235,0.0,0.3941176470588235,False,False
0,0,N047,0.15000000000000002,0.3941176470588235,0.0,0.3941176470588235,False,False
0,0,N047,0.2,0.3941176470588235,0.0,0.3941176470588235,False,False
0,0,N047,0.25,0.3941176470588235,0.0,0.3941176470588235,False,False
0,0,N047,0.30000000000000004,0.3941176470588235,0.0,0.3941176470588235,False,False
0,0,N047,0.35000000000000003,0.3941176470588235,0.0,0.3941176470588235,False,False
0,0,N047,0.4,0.3941176470588235,0.0,0.3941176470588235,False,False
0,0,N047,0.45,0.3941176470588235,0.0,0.3941176470588235,False,False
0,0,N047,0.5,0.3941176470588235,0.0,0.3941176470588235,False,False
0,0,N047,0.55,0.3941176470588235,0.0,0.3941176470588235,False,False
0,0,N047,0.6000000000000001,0.3941176470588235,0.0,0.3941176470588235,False,False
0,0,N047,0.65,0.3941176470588235,0.0,0.3941176470588235,False,False
0,0,N047,0.7000000000000001,0.3941176470588235,0.0,0.3941176470588235,False,False
0,0,N047,0.75,0.3941176470588235,0.0,0.3941176470588235,False,False
0,0,N047,0.8,0.3941176470588235,0.0,0.3941176470588235,False,False
0,0,N047,0.8500000000000001,0.3941176470588235,0.0,0.3941176470588235,False,False
0,0,N047,0.9,0.3941176470588235,0.0,0.3941176470588235,False,False
0,0,N047,0.9500000000000001,0.3941176470588235,0.0,0.3941176470588235,False,False
0,0,N047,1.0,0.34823529411764703,0.045882352941176485,0.3941176470588235,False,False
0,0,N048,0.0,0.3941176470588235,0.0,0.3941176470588235,False,False
0,0,N048,0.05,0.3941176470588235,0.0,0.3941176470588235,False,False
0,0,N048,0.1,0.3941176470588235,0.0,0.3941176470588235,False,False
0,0,N048,0.15000000000000002,0.3941176470588235,0.0,0.3941176470588235,False,False
0,0,N048,0.2,0.3941176470588235,0.0,0.3941176470588235,False,False
0,0,N048,0.25,0.3941176470588235,0.0,0.3941176470588235,False,False
0,0,N048,0.30000000000000004,0.3941176470588235,0.0,0.3941176470588235,False,False
0,0,N048,0.35000000000000003,0.3941176470588235,0.0,0.3941176470588235,False,False
0,0,N048,0.4,0.3941176470588235,0.0,0.3941176470588235,False,False
0,0,N048,0.45,0.3941176470588235,0.0,0.3941176470588235,False,False
0,0,N048,0.5,0.3941176470588235,0.0,0.3941176470588235,False,False
0,0,N048,0.55,0.3941176470588235,0.0,0.3941176470588235,False,False
0,0,N048,0.6000000000000001,0.3941176470588235,0.0,0.3941176470588235,False,False
0,0,N048,0.65,0.3941176470588235,0.0,0.3941176470588235,False,False
0,0,N048,0.7000000000000001,0.3941176470588235,0.0,0.3941176470588235,False,False
0,0,N048,0.75,0.3941176470588235,0.0,0.3941176470588235,False,False
0,0,N048,0.8,0.3941176470588235,0.0,0.3941176470588235,False,False
0,0,N048,0.8500000000000001,0.3941176470588235,0.0,0.3941176470588235,False,False
0,0,N048,0.9,0.3941176470588235,0.0,0.3941176470588235,False,False
0,0,N048,0.9500000000000001,0.3941176470588235,0.0,0.3941176470588235,False,False
0,0,N048,1.0,0.3255882352941177,0.06852941176470584,0.3941176470588235,False,False
0,0,N049,0.0,0.3941176470588235,0.0,0.3941176470588235,False,False
0,0,N049,0.05,0.3941176470588235,0.0,0.3941176470588235,False,False
0,0,N049,0.1,0.3941176470588235,0.0,0.3941176470588235,False,False
0,0,N049,0.15000000000000002,0.3941176470588235,0.0,0.3941176470588235,False,False
0,0,N049,0.2,0.3941176470588235,0.0,0.3941176470588235,False,False
0,0,N049,0.25,0.3941176470588235,0.0,0.3941176470588235,False,False
0,0,N049,0.30000000000000004,0.3941176470588235,0.0,0.3941176470588235,False,False
0,0,N049,0.35000000000000003,0.3941176470588235,0.0,0.3941176470588235,False,False
0,0,N049,0.4,0.3941176470588235,0.0,0.3941176470588235,False,False
0,0,N049,0.45,0.3941176470588235,0.0,0.3941176470588235,False,False
0,0,N049,0.5,0.3941176470588235,0.0,0.3941176470588235,False,False
0,0,N049,0.55,0.3941176470588235,0.0,0.3941176470588235,False,False
0,0,N049,0.6000000000000001,0.3941176470588235,0.0,0.3941176470588235,False,False
0,0,N049,0.65,0.3941176470588235,0.0,0.3941176470588235,False,False
0,0,N049,0.7000000000000001,0.3941176470588235,0.0,0.3941176470588235,False,False
0,0,N049,0.75,0.3941176470588235,0.0,0.3941176470588235,False,False
0,0,N049,0.8,0.3941176470588235,0.0,0.3941176470588235,False,False
0,0,N049,0.8500000000000001,0.3941176470588235,0.0,0.3941176470588235,False,False
0,0,N049,0.9,0.3941176470588235,0.0,0.3941176470588235,False,False
0,0,N049,0.9500000000000001,0.3941176470588235,0.0,0.3941176470588235,False,False
0,0,N049,1.0,0.32441176470588234,0.06970588235294117,0.3941176470588235,False,False
0,0,N050,0.0,0.3941176470588235,0.0,0.3941176470588235,False,False
0,0,N050,0.05,0.3941176470588235,0.0,0.3941176470588235,False,False
0,0,N050,0.1,0.3941176470588235,0.0,0.3941176470588235,False,False
0,0,N050,0.15000000000000002,0.3941176470588235,0.0,0.3941176470588235,False,False
0,0,N050,0.2,0.3941176470588235,0.0,0.3941176470588235,False,False
0,0,N050,0.25,0.3941176470588235,0.0,0.3941176470588235,False,False
0,0,N050,0.30000000000000004,0.3941176470588235,0.0,0.3941176470588235,False,False
0,0,N050,0.35000000000000003,0.3941176470588235,0.0,0.3941176470588235,False,False
0,0,N050,0.4,0.3941176470588235,0.0,0.3941176470588235,False,False
0,0,N050,0.45,0.3941176470588235,0.0,0.3941176470588235,False,False
0,0,N050,0.5,0.3941176470588235,0.0,0.3941176470588235,False,False
0,0,N050,0.55,0.3941176470588235,0.0,0.3941176470588235,False,False
0,0,N050,0.6000000000000001,0.3941176470588235,0.0,0.3941176470588235,False,False
0,0,N050,0.65,0.3941176470588235,0.0,0.3941176470588235,False,False
0,0,N050,0.7000000000000001,0.3941176470588235,0.0,0.3941176470588235,False,False
0,0,N050,0.75,0.3941176470588235,0.0,0.3941176470588235,False,False
0,0,N050,0.8,0.3941176470588235,0.0,0.3941176470588235,False,False
0,0,N050,0.8500000000000001,0.3941176470588235,0.0,0.3941176470588235,False,False
0,0,N050,0.9,0.3941176470588235,0.0,0.3941176470588235,False,False
0,0,N050,0.9500000000000001,0.3941176470588235,0.0,0.3941176470588235,False,False
0,0,N050,1.0,0.3397058823529412,0.054411764705882326,0.3941176470588235,False,False
0,1,P,0.0,0.3502941176470588,0.0,0.3502941176470588,False,False
0,1,P,0.05,0.3502941176470588,0.0,0.3502941176470588,False,False
0,1,P,0.1,0.3502941176470588,0.0,0.3502941176470588,False,False
0,1,P,0.15000000000000002,0.3502941176470588,0.0,0.3502941176470588,False,False
0,1,P,0.2,0.3502941176470588,0.0,0.3502941176470588,False,False
0,1,P,0.25,0.3502941176470588,0.0,0.3502941176470588,False,False
0,1,P,0.30000000000000004,0.3502941176470588,0.0,0.3502941176470588,False,False
0,1,P,0.35000000000000003,0.3502941176470588,0.0,0.3502941176470588,False,False
0,1,P,0.4,0.3502941176470588,0.0,0.3502941176470588,False,False
0,1,P,0.45,0.3502941176470588,0.0,0.3502941176470588,False,False
0,1,P,0.5,0.3502941176470588,0.0,0.3502941176470588,False,False
0,1,P,0.55,0.3502941176470588,0.0,0.3502941176470588,False,False
0,1,P,0.6000000000000001,0.3502941176470588,0.0,0.3502941176470588,False,False
0,1,P,0.65,0.3502941176470588,0.0,0.3502941176470588,False,False
0,1,P,0.7000000000000001,0.3502941176470588,0.0,0.3502941176470588,False,False
0,1,P,0.75,0.3502941176470588,0.0,0.3502941176470588,False,False
0,1,P,0.8,0.3502941176470588,0.0,0.3502941176470588,False,False
0,1,P,0.8500000000000001,0.3502941176470588,0.0,0.3502941176470588,False,False
0,1,P,0.9,0.3502941176470588,0.0,0.3502941176470588,False,False
0,1,P,0.9500000000000001,0.3502941176470588,0.0,0.3502941176470588,False,False
0,1,P,1.0,0.29558823529411765,0.05470588235294116,0.3502941176470588,False,False
0,1,N001,0.0,0.3502941176470588,0.0,0.3502941176470588,False,False
0,1,N001,0.05,0.3502941176470588,0.0,0.3502941176470588,False,False
0,1,N001,0.1,0.3502941176470588,0.0,0.3502941176470588,False,False
0,1,N001,0.15000000000000002,0.3502941176470588,0.0,0.3502941176470588,False,False
0,1,N001,0.2,0.3502941176470588,0.0,0.3502941176470588,False,False
0,1,N001,0.25,0.3502941176470588,0.0,0.3502941176470588,False,False
0,1,N001,0.30000000000000004,0.3502941176470588,0.0,0.3502941176470588,False,False
0,1,N001,0.35000000000000003,0.3502941176470588,0.0,0.3502941176470588,False,False
0,1,N001,0.4,0.3502941176470588,0.0,0.3502941176470588,False,False
0,1,N001,0.45,0.3502941176470588,0.0,0.3502941176470588,False,False
0,1,N001,0.5,0.3502941176470588,0.0,0.3502941176470588,False,False
0,1,N001,0.55,0.3502941176470588,0.0,0.3502941176470588,False,False
0,1,N001,0.6000000000000001,0.3502941176470588,0.0,0.3502941176470588,False,False
0,1,N001,0.65,0.3502941176470588,0.0,0.3502941176470588,False,False
0,1,N001,0.7000000000000001,0.3502941176470588,0.0,0.3502941176470588,False,False
0,1,N001,0.75,0.3502941176470588,0.0,0.3502941176470588,False,False
0,1,N001,0.8,0.3502941176470588,0.0,0.3502941176470588,False,False
0,1,N001,0.8500000000000001,0.3502941176470588,0.0,0.3502941176470588,False,False
0,1,N001,0.9,0.3502941176470588,0.0,0.3502941176470588,False,False
0,1,N001,0.9500000000000001,0.3502941176470588,0.0,0.3502941176470588,False,False
0,1,N001,1.0,0.2735294117647059,0.0767647058823529,0.3502941176470588,False,False
0,1,N002,0.0,0.3502941176470588,0.0,0.3502941176470588,False,False
0,1,N002,0.05,0.3502941176470588,0.0,0.3502941176470588,False,False
0,1,N002,0.1,0.3502941176470588,0.0,0.3502941176470588,False,False
0,1,N002,0.15000000000000002,0.3502941176470588,0.0,0.3502941176470588,False,False
0,1,N002,0.2,0.3502941176470588,0.0,0.3502941176470588,False,False
0,1,N002,0.25,0.3502941176470588,0.0,0.3502941176470588,False,False
0,1,N002,0.30000000000000004,0.3502941176470588,0.0,0.3502941176470588,False,False
0,1,N002,0.35000000000000003,0.3502941176470588,0.0,0.3502941176470588,False,False
0,1,N002,0.4,0.3502941176470588,0.0,0.3502941176470588,False,False
0,1,N002,0.45,0.3502941176470588,0.0,0.3502941176470588,False,False
0,1,N002,0.5,0.3502941176470588,0.0,0.3502941176470588,False,False
0,1,N002,0.55,0.3502941176470588,0.0,0.3502941176470588,False,False
0,1,N002,0.6000000000000001,0.3502941176470588,0.0,0.3502941176470588,False,False
0,1,N002,0.65,0.3502941176470588,0.0,0.3502941176470588,False,False
0,1,N002,0.7000000000000001,0.3502941176470588,0.0,0.3502941176470588,False,False
0,1,N002,0.75,0.3502941176470588,0.0,0.3502941176470588,False,False
0,1,N002,0.8,0.3502941176470588,0.0,0.3502941176470588,False,False
0,1,N002,0.8500000000000001,0.3502941176470588,0.0,0.3502941176470588,False,False
0,1,N002,0.9,0.3502941176470588,0.0,0.3502941176470588,False,False
0,1,N002,0.9500000000000001,0.3502941176470588,0.0,0.3502941176470588,False,False
0,1,N002,1.0,0.2923529411764706,0.05794117647058822,0.3502941176470588,False,False
0,1,N003,0.0,0.3502941176470588,0.0,0.3502941176470588,False,False
0,1,N003,0.05,0.3502941176470588,0.0,0.3502941176470588,False,False
0,1,N003,0.1,0.3502941176470588,0.0,0.3502941176470588,False,False
0,1,N003,0.15000000000000002,0.3502941176470588,0.0,0.3502941176470588,False,False
0,1,N003,0.2,0.3502941176470588,0.0,0.3502941176470588,False,False
0,1,N003,0.25,0.3502941176470588,0.0,0.3502941176470588,False,False
0,1,N003,0.30000000000000004,0.3502941176470588,0.0,0.3502941176470588,False,False
0,1,N003,0.35000000000000003,0.3502941176470588,0.0,0.3502941176470588,False,False
0,1,N003,0.4,0.3502941176470588,0.0,0.3502941176470588,False,False
0,1,N003,0.45,0.3502941176470588,0.0,0.3502941176470588,False,False
0,1,N003,0.5,0.3502941176470588,0.0,0.3502941176470588,False,False
0,1,N003,0.55,0.3502941176470588,0.0,0.3502941176470588,False,False
0,1,N003,0.6000000000000001,0.3502941176470588,0.0,0.3502941176470588,False,False
0,1,N003,0.65,0.3502941176470588,0.0,0.3502941176470588,False,False
0,1,N003,0.7000000000000001,0.3502941176470588,0.0,0.3502941176470588,False,False
0,1,N003,0.75,0.3502941176470588,0.0,0.3502941176470588,False,False
0,1,N003,0.8,0.3502941176470588,0.0,0.3502941176470588,False,False
0,1,N003,0.8500000000000001,0.3502941176470588,0.0,0.3502941176470588,False,False
0,1,N003,0.9,0.3502941176470588,0.0,0.3502941176470588,False,False
0,1,N003,0.9500000000000001,0.3502941176470588,0.0,0.3502941176470588,False,False
0,1,N003,1.0,0.2702941176470588,0.08000000000000002,0.3502941176470588,False,False
0,1,N004,0.0,0.3502941176470588,0.0,0.3502941176470588,False,False
0,1,N004,0.05,0.3502941176470588,0.0,0.3502941176470588,False,False
0,1,N004,0.1,0.3502941176470588,0.0,0.3502941176470588,False,False
0,1,N004,0.15000000000000002,0.3502941176470588,0.0,0.3502941176470588,False,False
0,1,N004,0.2,0.3502941176470588,0.0,0.3502941176470588,False,False
0,1,N004,0.25,0.3502941176470588,0.0,0.3502941176470588,False,False
0,1,N004,0.30000000000000004,0.3502941176470588,0.0,0.3502941176470588,False,False
0,1,N004,0.35000000000000003,0.3502941176470588,0.0,0.3502941176470588,False,False
0,1,N004,0.4,0.3502941176470588,0.0,0.3502941176470588,False,False
0,1,N004,0.45,0.3502941176470588,0.0,0.3502941176470588,False,False
0,1,N004,0.5,0.3502941176470588,0.0,0.3502941176470588,False,False
0,1,N004,0.55,0.3502941176470588,0.0,0.3502941176470588,False,False
0,1,N004,0.6000000000000001,0.3502941176470588,0.0,0.3502941176470588,False,False
0,1,N004,0.65,0.3502941176470588,0.0,0.3502941176470588,False,False
0,1,N004,0.7000000000000001,0.3502941176470588,0.0,0.3502941176470588,False,False
0,1,N004,0.75,0.3502941176470588,0.0,0.3502941176470588,False,False
0,1,N004,0.8,0.3502941176470588,0.0,0.3502941176470588,False,False
0,1,N004,0.8500000000000001,0.3502941176470588,0.0,0.3502941176470588,False,False
0,1,N004,0.9,0.3502941176470588,0.0,0.3502941176470588,False,False
0,1,N004,0.9500000000000001,0.3502941176470588,0.0,0.3502941176470588,False,False
0,1,N004,1.0,0.27911764705882347,0.07117647058823534,0.3502941176470588,False,False
0,1,N005,0.0,0.3502941176470588,0.0,0.3502941176470588,False,False
0,1,N005,0.05,0.3502941176470588,0.0,0.3502941176470588,False,False
0,1,N005,0.1,0.3502941176470588,0.0,0.3502941176470588,False,False
0,1,N005,0.15000000000000002,0.3502941176470588,0.0,0.3502941176470588,False,False
0,1,N005,0.2,0.3502941176470588,0.0,0.3502941176470588,False,False
0,1,N005,0.25,0.3502941176470588,0.0,0.3502941176470588,False,False
0,1,N005,0.30000000000000004,0.3502941176470588,0.0,0.3502941176470588,False,False
0,1,N005,0.35000000000000003,0.3502941176470588,0.0,0.3502941176470588,False,False
0,1,N005,0.4,0.3502941176470588,0.0,0.3502941176470588,False,False
0,1,N005,0.45,0.3502941176470588,0.0,0.3502941176470588,False,False
0,1,N005,0.5,0.3502941176470588,0.0,0.3502941176470588,False,False
0,1,N005,0.55,0.3502941176470588,0.0,0.3502941176470588,False,False
0,1,N005,0.6000000000000001,0.3502941176470588,0.0,0.3502941176470588,False,False
0,1,N005,0.65,0.3502941176470588,0.0,0.3502941176470588,False,False
0,1,N005,0.7000000000000001,0.3502941176470588,0.0,0.3502941176470588,False,False
0,1,N005,0.75,0.3502941176470588,0.0,0.3502941176470588,False,False
0,1,N005,0.8,0.3502941176470588,0.0,0.3502941176470588,False,False
0,1,N005,0.8500000000000001,0.3502941176470588,0.0,0.3502941176470588,False,False
0,1,N005,0.9,0.3502941176470588,0.0,0.3502941176470588,False,False
0,1,N005,0.9500000000000001,0.3502941176470588,0.0,0.3502941176470588,False,False
0,1,N005,1.0,0.2708823529411765,0.07941176470588229,0.3502941176470588,False,False
0,1,N006,0.0,0.3502941176470588,0.0,0.3502941176470588,False,False
0,1,N006,0.05,0.3502941176470588,0.0,0.3502941176470588,False,False
0,1,N006,0.1,0.3502941176470588,0.0,0.3502941176470588,False,False
0,1,N006,0.15000000000000002,0.3502941176470588,0.0,0.3502941176470588,False,False
0,1,N006,0.2,0.3502941176470588,0.0,0.3502941176470588,False,False
0,1,N006,0.25,0.3502941176470588,0.0,0.3502941176470588,False,False
0,1,N006,0.30000000000000004,0.3502941176470588,0.0,0.3502941176470588,False,False
0,1,N006,0.35000000000000003,0.3502941176470588,0.0,0.3502941176470588,False,False
0,1,N006,0.4,0.3502941176470588,0.0,0.3502941176470588,False,False
0,1,N006,0.45,0.3502941176470588,0.0,0.3502941176470588,False,False
0,1,N006,0.5,0.3502941176470588,0.0,0.3502941176470588,False,False
0,1,N006,0.55,0.3502941176470588,0.0,0.3502941176470588,False,False
0,1,N006,0.6000000000000001,0.3502941176470588,0.0,0.3502941176470588,False,False
0,1,N006,0.65,0.3502941176470588,0.0,0.3502941176470588,False,False
0,1,N006,0.7000000000000001,0.3502941176470588,0.0,0.3502941176470588,False,False
0,1,N006,0.75,0.3502941176470588,0.0,0.3502941176470588,False,False
0,1,N006,0.8,0.3502941176470588,0.0,0.3502941176470588,False,False
0,1,N006,0.8500000000000001,0.3502941176470588,0.0,0.3502941176470588,False,False
0,1,N006,0.9,0.3502941176470588,0.0,0.3502941176470588,False,False
0,1,N006,0.9500000000000001,0.3502941176470588,0.0,0.3502941176470588,False,False
0,1,N006,1.0,0.2538235294117647,0.09647058823529409,0.3502941176470588,False,False
0,1,N007,0.0,0.3502941176470588,0.0,0.3502941176470588,False,False
0,1,N007,0.05,0.3502941176470588,0.0,0.3502941176470588,False,False
0,1,N007,0.1,0.3502941176470588,0.0,0.3502941176470588,False,False
0,1,N007,0.15000000000000002,0.3502941176470588,0.0,0.3502941176470588,False,False
0,1,N007,0.2,0.3502941176470588,0.0,0.3502941176470588,False,False
0,1,N007,0.25,0.3502941176470588,0.0,0.3502941176470588,False,False
0,1,N007,0.30000000000000004,0.3502941176470588,0.0,0.3502941176470588,False,False
0,1,N007,0.35000000000000003,0.3502941176470588,0.0,0.3502941176470588,False,False
0,1,N007,0.4,0.3502941176470588,0.0,0.3502941176470588,False,False
0,1,N007,0.45,0.3502941176470588,0.0,0.3502941176470588,False,False
0,1,N007,0.5,0.3502941176470588,0.0,0.3502941176470588,False,False
0,1,N007,0.55,0.3502941176470588,0.0,0.3502941176470588,False,False
0,1,N007,0.6000000000000001,0.3502941176470588,0.0,0.3502941176470588,False,False
0,1,N007,0.65,0.3502941176470588,0.0,0.3502941176470588,False,False
0,1,N007,0.7000000000000001,0.3502941176470588,0.0,0.3502941176470588,False,False
0,1,N007,0.75,0.3502941176470588,0.0,0.3502941176470588,False,False
0,1,N007,0.8,0.3502941176470588,0.0,0.3502941176470588,False,False
0,1,N007,0.8500000000000001,0.3502941176470588,0.0,0.3502941176470588,False,False
0,1,N007,0.9,0.3502941176470588,0.0,0.3502941176470588,False,False
0,1,N007,0.9500000000000001,0.3502941176470588,0.0,0.3502941176470588,False,False
0,1,N007,1.0,0.2670588235294118,0.08323529411764702,0.3502941176470588,False,False
0,1,N008,0.0,0.3502941176470588,0.0,0.3502941176470588,False,False
0,1,N008,0.05,0.3502941176470588,0.0,0.3502941176470588,False,False
0,1,N008,0.1,0.3502941176470588,0.0,0.3502941176470588,False,False
0,1,N008,0.15000000000000002,0.3502941176470588,0.0,0.3502941176470588,False,False
0,1,N008,0.2,0.3502941176470588,0.0,0.3502941176470588,False,False
0,1,N008,0.25,0.3502941176470588,0.0,0.3502941176470588,False,False
0,1,N008,0.30000000000000004,0.3502941176470588,0.0,0.3502941176470588,False,False
0,1,N008,0.35000000000000003,0.3502941176470588,0.0,0.3502941176470588,False,False
0,1,N008,0.4,0.3502941176470588,0.0,0.3502941176470588,False,False
0,1,N008,0.45,0.3502941176470588,0.0,0.3502941176470588,False,False
0,1,N008,0.5,0.3502941176470588,0.0,0.3502941176470588,False,False
0,1,N008,0.55,0.3502941176470588,0.0,0.3502941176470588,False,False
0,1,N008,0.6000000000000001,0.3502941176470588,0.0,0.3502941176470588,False,False
0,1,N008,0.65,0.3502941176470588,0.0,0.3502941176470588,False,False
0,1,N008,0.7000000000000001,0.3502941176470588,0.0,0.3502941176470588,False,False
0,1,N008,0.75,0.3502941176470588,0.0,0.3502941176470588,False,False
0,1,N008,0.8,0.3502941176470588,0.0,0.3502941176470588,False,False
0,1,N008,0.8500000000000001,0.3502941176470588,0.0,0.3502941176470588,False,False
0,1,N008,0.9,0.3502941176470588,0.0,0.3502941176470588,False,False
0,1,N008,0.9500000000000001,0.3502941176470588,0.0,0.3502941176470588,False,False
0,1,N008,1.0,0.25852941176470584,0.09176470588235297,0.3502941176470588,False,False
0,1,N009,0.0,0.3502941176470588,0.0,0.3502941176470588,False,False
0,1,N009,0.05,0.3502941176470588,0.0,0.3502941176470588,False,False
0,1,N009,0.1,0.3502941176470588,0.0,0.3502941176470588,False,False
0,1,N009,0.15000000000000002,0.3502941176470588,0.0,0.3502941176470588,False,False
0,1,N009,0.2,0.3502941176470588,0.0,0.3502941176470588,False,False
0,1,N009,0.25,0.3502941176470588,0.0,0.3502941176470588,False,False
0,1,N009,0.30000000000000004,0.3502941176470588,0.0,0.3502941176470588,False,False
0,1,N009,0.35000000000000003,0.3502941176470588,0.0,0.3502941176470588,False,False
0,1,N009,0.4,0.3502941176470588,0.0,0.3502941176470588,False,False
0,1,N009,0.45,0.3502941176470588,0.0,0.3502941176470588,False,False
0,1,N009,0.5,0.3502941176470588,0.0,0.3502941176470588,False,False
0,1,N009,0.55,0.3502941176470588,0.0,0.3502941176470588,False,False
0,1,N009,0.6000000000000001,0.3502941176470588,0.0,0.3502941176470588,False,False
0,1,N009,0.65,0.3502941176470588,0.0,0.3502941176470588,False,False
0,1,N009,0.7000000000000001,0.3502941176470588,0.0,0.3502941176470588,False,False
0,1,N009,0.75,0.3502941176470588,0.0,0.3502941176470588,False,False
0,1,N009,0.8,0.3502941176470588,0.0,0.3502941176470588,False,False
0,1,N009,0.8500000000000001,0.3502941176470588,0.0,0.3502941176470588,False,False
0,1,N009,0.9,0.3502941176470588,0.0,0.3502941176470588,False,False
0,1,N009,0.9500000000000001,0.3502941176470588,0.0,0.3502941176470588,False,False
0,1,N009,1.0,0.26941176470588235,0.08088235294117646,0.3502941176470588,False,False
0,1,N010,0.0,0.3502941176470588,0.0,0.3502941176470588,False,False
0,1,N010,0.05,0.3502941176470588,0.0,0.3502941176470588,False,False
0,1,N010,0.1,0.3502941176470588,0.0,0.3502941176470588,False,False
0,1,N010,0.15000000000000002,0.3502941176470588,0.0,0.3502941176470588,False,False
0,1,N010,0.2,0.3502941176470588,0.0,0.3502941176470588,False,False
0,1,N010,0.25,0.3502941176470588,0.0,0.3502941176470588,False,False
0,1,N010,0.30000000000000004,0.3502941176470588,0.0,0.3502941176470588,False,False
0,1,N010,0.35000000000000003,0.3502941176470588,0.0,0.3502941176470588,False,False
0,1,N010,0.4,0.3502941176470588,0.0,0.3502941176470588,False,False
0,1,N010,0.45,0.3502941176470588,0.0,0.3502941176470588,False,False
0,1,N010,0.5,0.3502941176470588,0.0,0.3502941176470588,False,False
0,1,N010,0.55,0.3502941176470588,0.0,0.3502941176470588,False,False
0,1,N010,0.6000000000000001,0.3502941176470588,0.0,0.3502941176470588,False,False
0,1,N010,0.65,0.3502941176470588,0.0,0.3502941176470588,False,False
0,1,N010,0.7000000000000001,0.3502941176470588,0.0,0.3502941176470588,False,False
0,1,N010,0.75,0.3502941176470588,0.0,0.3502941176470588,False,False
0,1,N010,0.8,0.3502941176470588,0.0,0.3502941176470588,False,False
0,1,N010,0.8500000000000001,0.3502941176470588,0.0,0.3502941176470588,False,False
0,1,N010,0.9,0.3502941176470588,0.0,0.3502941176470588,False,False
0,1,N010,0.9500000000000001,0.3502941176470588,0.0,0.3502941176470588,False,False
0,1,N010,1.0,0.2605882352941176,0.08970588235294119,0.3502941176470588,False,False
0,1,N011,0.0,0.3502941176470588,0.0,0.3502941176470588,False,False
0,1,N011,0.05,0.3502941176470588,0.0,0.3502941176470588,False,False
0,1,N011,0.1,0.3502941176470588,0.0,0.3502941176470588,False,False
0,1,N011,0.15000000000000002,0.3502941176470588,0.0,0.3502941176470588,False,False
0,1,N011,0.2,0.3502941176470588,0.0,0.3502941176470588,False,False
0,1,N011,0.25,0.3502941176470588,0.0,0.3502941176470588,False,False
0,1,N011,0.30000000000000004,0.3502941176470588,0.0,0.3502941176470588,False,False
0,1,N011,0.35000000000000003,0.3502941176470588,0.0,0.3502941176470588,False,False
0,1,N011,0.4,0.3502941176470588,0.0,0.3502941176470588,False,False
0,1,N011,0.45,0.3502941176470588,0.0,0.3502941176470588,False,False
0,1,N011,0.5,0.3502941176470588,0.0,0.3502941176470588,False,False
0,1,N011,0.55,0.3502941176470588,0.0,0.3502941176470588,False,False
0,1,N011,0.6000000000000001,0.3502941176470588,0.0,0.3502941176470588,False,False
0,1,N011,0.65,0.3502941176470588,0.0,0.3502941176470588,False,False
0,1,N011,0.7000000000000001,0.3502941176470588,0.0,0.3502941176470588,False,False
0,1,N011,0.75,0.3502941176470588,0.0,0.3502941176470588,False,False
0,1,N011,0.8,0.3502941176470588,0.0,0.3502941176470588,False,False
0,1,N011,0.8500000000000001,0.3502941176470588,0.0,0.3502941176470588,False,False
0,1,N011,0.9,0.3502941176470588,0.0,0.3502941176470588,False,False
0,1,N011,0.9500000000000001,0.3502941176470588,0.0,0.3502941176470588,False,False
0,1,N011,1.0,0.25411764705882356,0.09617647058823525,0.3502941176470588,False,False
0,1,N012,0.0,0.3502941176470588,0.0,0.3502941176470588,False,False
0,1,N012,0.05,0.3502941176470588,0.0,0.3502941176470588,False,False
0,1,N012,0.1,0.3502941176470588,0.0,0.3502941176470588,False,False
0,1,N012,0.15000000000000002,0.3502941176470588,0.0,0.3502941176470588,False,False
0,1,N012,0.2,0.3502941176470588,0.0,0.3502941176470588,False,False
0,1,N012,0.25,0.3502941176470588,0.0,0.3502941176470588,False,False
0,1,N012,0.30000000000000004,0.3502941176470588,0.0,0.3502941176470588,False,False
0,1,N012,0.35000000000000003,0.3502941176470588,0.0,0.3502941176470588,False,False
0,1,N012,0.4,0.3502941176470588,0.0,0.3502941176470588,False,False
0,1,N012,0.45,0.3502941176470588,0.0,0.3502941176470588,False,False
0,1,N012,0.5,0.3502941176470588,0.0,0.3502941176470588,False,False
0,1,N012,0.55,0.3502941176470588,0.0,0.3502941176470588,False,False
0,1,N012,0.6000000000000001,0.3502941176470588,0.0,0.3502941176470588,False,False
0,1,N012,0.65,0.3502941176470588,0.0,0.3502941176470588,False,False
0,1,N012,0.7000000000000001,0.3502941176470588,0.0,0.3502941176470588,False,False
0,1,N012,0.75,0.3502941176470588,0.0,0.3502941176470588,False,False
0,1,N012,0.8,0.3502941176470588,0.0,0.3502941176470588,False,False
0,1,N012,0.8500000000000001,0.3502941176470588,0.0,0.3502941176470588,False,False
0,1,N012,0.9,0.3502941176470588,0.0,0.3502941176470588,False,False
0,1,N012,0.9500000000000001,0.3502941176470588,0.0,0.3502941176470588,False,False
0,1,N012,1.0,0.2567647058823529,0.09352941176470592,0.3502941176470588,False,False
0,1,N013,0.0,0.3502941176470588,0.0,0.3502941176470588,False,False
0,1,N013,0.05,0.3502941176470588,0.0,0.3502941176470588,False,False
0,1,N013,0.1,0.3502941176470588,0.0,0.3502941176470588,False,False
0,1,N013,0.15000000000000002,0.3502941176470588,0.0,0.3502941176470588,False,False
0,1,N013,0.2,0.3502941176470588,0.0,0.3502941176470588,False,False
0,1,N013,0.25,0.3502941176470588,0.0,0.3502941176470588,False,False
0,1,N013,0.30000000000000004,0.3502941176470588,0.0,0.3502941176470588,False,False
0,1,N013,0.35000000000000003,0.3502941176470588,0.0,0.3502941176470588,False,False
0,1,N013,0.4,0.3502941176470588,0.0,0.3502941176470588,False,False
0,1,N013,0.45,0.3502941176470588,0.0,0.3502941176470588,False,False
0,1,N013,0.5,0.3502941176470588,0.0,0.3502941176470588,False,False
0,1,N013,0.55,0.3502941176470588,0.0,0.3502941176470588,False,False
0,1,N013,0.6000000000000001,0.3502941176470588,0.0,0.3502941176470588,False,False
0,1,N013,0.65,0.3502941176470588,0.0,0.3502941176470588,False,False
0,1,N013,0.7000000000000001,0.3502941176470588,0.0,0.3502941176470588,False,False
0,1,N013,0.75,0.3502941176470588,0.0,0.3502941176470588,False,False
0,1,N013,0.8,0.3502941176470588,0.0,0.3502941176470588,False,False
0,1,N013,0.8500000000000001,0.3502941176470588,0.0,0.3502941176470588,False,False
0,1,N013,0.9,0.3502941176470588,0.0,0.3502941176470588,False,False
0,1,N013,0.9500000000000001,0.3502941176470588,0.0,0.3502941176470588,False,False
0,1,N013,1.0,0.23882352941176468,0.11147058823529413,0.3502941176470588,False,False
0,1,N014,0.0,0.3502941176470588,0.0,0.3502941176470588,False,False
0,1,N014,0.05,0.3502941176470588,0.0,0.3502941176470588,False,False
0,1,N014,0.1,0.3502941176470588,0.0,0.3502941176470588,False,False
0,1,N014,0.15000000000000002,0.3502941176470588,0.0,0.3502941176470588,False,False
0,1,N014,0.2,0.3502941176470588,0.0,0.3502941176470588,False,False
0,1,N014,0.25,0.3502941176470588,0.0,0.3502941176470588,False,False
0,1,N014,0.30000000000000004,0.3502941176470588,0.0,0.3502941176470588,False,False
0,1,N014,0.35000000000000003,0.3502941176470588,0.0,0.3502941176470588,False,False
0,1,N014,0.4,0.3502941176470588,0.0,0.3502941176470588,False,False
0,1,N014,0.45,0.3502941176470588,0.0,0.3502941176470588,False,False
0,1,N014,0.5,0.3502941176470588,0.0,0.3502941176470588,False,False
0,1,N014,0.55,0.3502941176470588,0.0,0.3502941176470588,False,False
0,1,N014,0.6000000000000001,0.3502941176470588,0.0,0.3502941176470588,False,False
0,1,N014,0.65,0.3502941176470588,0.0,0.3502941176470588,False,False
0,1,N014,0.7000000000000001,0.3502941176470588,0.0,0.3502941176470588,False,False
0,1,N014,0.75,0.3502941176470588,0.0,0.3502941176470588,False,False
0,1,N014,0.8,0.3502941176470588,0.0,0.3502941176470588,False,False
0,1,N014,0.8500000000000001,0.3502941176470588,0.0,0.3502941176470588,False,False
0,1,N014,0.9,0.3502941176470588,0.0,0.3502941176470588,False,False
0,1,N014,0.9500000000000001,0.3502941176470588,0.0,0.3502941176470588,False,False
0,1,N014,1.0,0.2738235294117647,0.07647058823529412,0.3502941176470588,False,False
0,1,N015,0.0,0.3502941176470588,0.0,0.3502941176470588,False,False
0,1,N015,0.05,0.3502941176470588,0.0,0.3502941176470588,False,False
0,1,N015,0.1,0.3502941176470588,0.0,0.3502941176470588,False,False
0,1,N015,0.15000000000000002,0.3502941176470588,0.0,0.3502941176470588,False,False
0,1,N015,0.2,0.3502941176470588,0.0,0.3502941176470588,False,False
0,1,N015,0.25,0.3502941176470588,0.0,0.3502941176470588,False,False
0,1,N015,0.30000000000000004,0.3502941176470588,0.0,0.3502941176470588,False,False
0,1,N015,0.35000000000000003,0.3502941176470588,0.0,0.3502941176470588,False,False
0,1,N015,0.4,0.3502941176470588,0.0,0.3502941176470588,False,False
0,1,N015,0.45,0.3502941176470588,0.0,0.3502941176470588,False,False
0,1,N015,0.5,0.3502941176470588,0.0,0.3502941176470588,False,False
0,1,N015,0.55,0.3502941176470588,0.0,0.3502941176470588,False,False
0,1,N015,0.6000000000000001,0.3502941176470588,0.0,0.3502941176470588,False,False
0,1,N015,0.65,0.3502941176470588,0.0,0.3502941176470588,False,False
0,1,N015,0.7000000000000001,0.3502941176470588,0.0,0.3502941176470588,False,False
0,1,N015,0.75,0.3502941176470588,0.0,0.3502941176470588,False,False
0,1,N015,0.8,0.3502941176470588,0.0,0.3502941176470588,False,False
0,1,N015,0.8500000000000001,0.3502941176470588,0.0,0.3502941176470588,False,False
0,1,N015,0.9,0.3502941176470588,0.0,0.3502941176470588,False,False
0,1,N015,0.9500000000000001,0.3502941176470588,0.0,0.3502941176470588,False,False
0,1,N015,1.0,0.24705882352941172,0.10323529411764709,0.3502941176470588,False,False
0,1,N016,0.0,0.3502941176470588,0.0,0.3502941176470588,False,False
0,1,N016,0.05,0.3502941176470588,0.0,0.3502941176470588,False,False
0,1,N016,0.1,0.3502941176470588,0.0,0.3502941176470588,False,False
0,1,N016,0.15000000000000002,0.3502941176470588,0.0,0.3502941176470588,False,False
0,1,N016,0.2,0.3502941176470588,0.0,0.3502941176470588,False,False
0,1,N016,0.25,0.3502941176470588,0.0,0.3502941176470588,False,False
0,1,N016,0.30000000000000004,0.3502941176470588,0.0,0.3502941176470588,False,False
0,1,N016,0.35000000000000003,0.3502941176470588,0.0,0.3502941176470588,False,False
0,1,N016,0.4,0.3502941176470588,0.0,0.3502941176470588,False,False
0,1,N016,0.45,0.3502941176470588,0.0,0.3502941176470588,False,False
0,1,N016,0.5,0.3502941176470588,0.0,0.3502941176470588,False,False
0,1,N016,0.55,0.3502941176470588,0.0,0.3502941176470588,False,False
0,1,N016,0.6000000000000001,0.3502941176470588,0.0,0.3502941176470588,False,False
0,1,N016,0.65,0.3502941176470588,0.0,0.3502941176470588,False,False
0,1,N016,0.7000000000000001,0.3502941176470588,0.0,0.3502941176470588,False,False
0,1,N016,0.75,0.3502941176470588,0.0,0.3502941176470588,False,False
0,1,N016,0.8,0.3502941176470588,0.0,0.3502941176470588,False,False
0,1,N016,0.8500000000000001,0.3502941176470588,0.0,0.3502941176470588,False,False
0,1,N016,0.9,0.3502941176470588,0.0,0.3502941176470588,False,False
0,1,N016,0.9500000000000001,0.3502941176470588,0.0,0.3502941176470588,False,False
0,1,N016,1.0,0.2658823529411765,0.0844117647058823,0.3502941176470588,False,False
0,1,N017,0.0,0.3502941176470588,0.0,0.3502941176470588,False,False
0,1,N017,0.05,0.3502941176470588,0.0,0.3502941176470588,False,False
0,1,N017,0.1,0.3502941176470588,0.0,0.3502941176470588,False,False
0,1,N017,0.15000000000000002,0.3502941176470588,0.0,0.3502941176470588,False,False
0,1,N017,0.2,0.3502941176470588,0.0,0.3502941176470588,False,False
0,1,N017,0.25,0.3502941176470588,0.0,0.3502941176470588,False,False
0,1,N017,0.30000000000000004,0.3502941176470588,0.0,0.3502941176470588,False,False
0,1,N017,0.35000000000000003,0.3502941176470588,0.0,0.3502941176470588,False,False
0,1,N017,0.4,0.3502941176470588,0.0,0.3502941176470588,False,False
0,1,N017,0.45,0.3502941176470588,0.0,0.3502941176470588,False,False
0,1,N017,0.5,0.3502941176470588,0.0,0.3502941176470588,False,False
0,1,N017,0.55,0.3502941176470588,0.0,0.3502941176470588,False,False
0,1,N017,0.6000000000000001,0.3502941176470588,0.0,0.3502941176470588,False,False
0,1,N017,0.65,0.3502941176470588,0.0,0.3502941176470588,False,False
0,1,N017,0.7000000000000001,0.3502941176470588,0.0,0.3502941176470588,False,False
0,1,N017,0.75,0.3502941176470588,0.0,0.3502941176470588,False,False
0,1,N017,0.8,0.3502941176470588,0.0,0.3502941176470588,False,False
0,1,N017,0.8500000000000001,0.3502941176470588,0.0,0.3502941176470588,False,False
0,1,N017,0.9,0.3502941176470588,0.0,0.3502941176470588,False,False
0,1,N017,0.9500000000000001,0.3502941176470588,0.0,0.3502941176470588,False,False
0,1,N017,1.0,0.2797058823529412,0.07058823529411762,0.3502941176470588,False,False
0,1,N018,0.0,0.3502941176470588,0.0,0.3502941176470588,False,False
0,1,N018,0.05,0.3502941176470588,0.0,0.3502941176470588,False,False
0,1,N018,0.1,0.3502941176470588,0.0,0.3502941176470588,False,False
0,1,N018,0.15000000000000002,0.3502941176470588,0.0,0.3502941176470588,False,False
0,1,N018,0.2,0.3502941176470588,0.0,0.3502941176470588,False,False
0,1,N018,0.25,0.3502941176470588,0.0,0.3502941176470588,False,False
0,1,N018,0.30000000000000004,0.3502941176470588,0.0,0.3502941176470588,False,False
0,1,N018,0.35000000000000003,0.3502941176470588,0.0,0.3502941176470588,False,False
0,1,N018,0.4,0.3502941176470588,0.0,0.3502941176470588,False,False
0,1,N018,0.45,0.3502941176470588,0.0,0.3502941176470588,False,False
0,1,N018,0.5,0.3502941176470588,0.0,0.3502941176470588,False,False
0,1,N018,0.55,0.3502941176470588,0.0,0.3502941176470588,False,False
0,1,N018,0.6000000000000001,0.3502941176470588,0.0,0.3502941176470588,False,False
0,1,N018,0.65,0.3502941176470588,0.0,0.3502941176470588,False,False
0,1,N018,0.7000000000000001,0.3502941176470588,0.0,0.3502941176470588,False,False
0,1,N018,0.75,0.3502941176470588,0.0,0.3502941176470588,False,False
0,1,N018,0.8,0.3502941176470588,0.0,0.3502941176470588,False,False
0,1,N018,0.8500000000000001,0.3502941176470588,0.0,0.3502941176470588,False,False
0,1,N018,0.9,0.3502941176470588,0.0,0.3502941176470588,False,False
0,1,N018,0.9500000000000001,0.3502941176470588,0.0,0.3502941176470588,False,False
0,1,N018,1.0,0.23382352941176474,0.11647058823529408,0.3502941176470588,False,False
0,1,N019,0.0,0.3502941176470588,0.0,0.3502941176470588,False,False
0,1,N019,0.05,0.3502941176470588,0.0,0.3502941176470588,False,False
0,1,N019,0.1,0.3502941176470588,0.0,0.3502941176470588,False,False
0,1,N019,0.15000000000000002,0.3502941176470588,0.0,0.3502941176470588,False,False
0,1,N019,0.2,0.3502941176470588,0.0,0.3502941176470588,False,False
0,1,N019,0.25,0.3502941176470588,0.0,0.3502941176470588,False,False
0,1,N019,0.30000000000000004,0.3502941176470588,0.0,0.3502941176470588,False,False
0,1,N019,0.35000000000000003,0.3502941176470588,0.0,0.3502941176470588,False,False
0,1,N019,0.4,0.3502941176470588,0.0,0.3502941176470588,False,False
0,1,N019,0.45,0.3502941176470588,0.0,0.3502941176470588,False,False
0,1,N019,0.5,0.3502941176470588,0.0,0.3502941176470588,False,False
0,1,N019,0.55,0.3502941176470588,0.0,0.3502941176470588,False,False
0,1,N019,0.6000000000000001,0.3502941176470588,0.0,0.3502941176470588,False,False
0,1,N019,0.65,0.3502941176470588,0.0,0.3502941176470588,False,False
0,1,N019,0.7000000000000001,0.3502941176470588,0.0,0.3502941176470588,False,False
0,1,N019,0.75,0.3502941176470588,0.0,0.3502941176470588,False,False
0,1,N019,0.8,0.3502941176470588,0.0,0.3502941176470588,False,False
0,1,N019,0.8500000000000001,0.3502941176470588,0.0,0.3502941176470588,False,False
0,1,N019,0.9,0.3502941176470588,0.0,0.3502941176470588,False,False
0,1,N019,0.9500000000000001,0.3502941176470588,0.0,0.3502941176470588,False,False
0,1,N019,1.0,0.26117647058823534,0.08911764705882347,0.3502941176470588,False,False
0,1,N020,0.0,0.3502941176470588,0.0,0.3502941176470588,False,False
0,1,N020,0.05,0.3502941176470588,0.0,0.3502941176470588,False,False
0,1,N020,0.1,0.3502941176470588,0.0,0.3502941176470588,False,False
0,1,N020,0.15000000000000002,0.3502941176470588,0.0,0.3502941176470588,False,False
0,1,N020,0.2,0.3502941176470588,0.0,0.3502941176470588,False,False
0,1,N020,0.25,0.3502941176470588,0.0,0.3502941176470588,False,False
0,1,N020,0.30000000000000004,0.3502941176470588,0.0,0.3502941176470588,False,False
0,1,N020,0.35000000000000003,0.3502941176470588,0.0,0.3502941176470588,False,False
0,1,N020,0.4,0.3502941176470588,0.0,0.3502941176470588,False,False
0,1,N020,0.45,0.3502941176470588,0.0,0.3502941176470588,False,False
0,1,N020,0.5,0.3502941176470588,0.0,0.3502941176470588,False,False
0,1,N020,0.55,0.3502941176470588,0.0,0.3502941176470588,False,False
0,1,N020,0.6000000000000001,0.3502941176470588,0.0,0.3502941176470588,False,False
0,1,N020,0.65,0.3502941176470588,0.0,0.3502941176470588,False,False
0,1,N020,0.7000000000000001,0.3502941176470588,0.0,0.3502941176470588,False,False
0,1,N020,0.75,0.3502941176470588,0.0,0.3502941176470588,False,False
0,1,N020,0.8,0.3502941176470588,0.0,0.3502941176470588,False,False
0,1,N020,0.8500000000000001,0.3502941176470588,0.0,0.3502941176470588,False,False
0,1,N020,0.9,0.3502941176470588,0.0,0.3502941176470588,False,False
0,1,N020,0.9500000000000001,0.3502941176470588,0.0,0.3502941176470588,False,False
0,1,N020,1.0,0.24058823529411763,0.10970588235294118,0.3502941176470588,False,False
0,1,N021,0.0,0.3502941176470588,0.0,0.3502941176470588,False,False
0,1,N021,0.05,0.3502941176470588,0.0,0.3502941176470588,False,False
0,1,N021,0.1,0.3502941176470588,0.0,0.3502941176470588,False,False
0,1,N021,0.15000000000000002,0.3502941176470588,0.0,0.3502941176470588,False,False
0,1,N021,0.2,0.3502941176470588,0.0,0.3502941176470588,False,False
0,1,N021,0.25,0.3502941176470588,0.0,0.3502941176470588,False,False
0,1,N021,0.30000000000000004,0.3502941176470588,0.0,0.3502941176470588,False,False
0,1,N021,0.35000000000000003,0.3502941176470588,0.0,0.3502941176470588,False,False
0,1,N021,0.4,0.3502941176470588,0.0,0.3502941176470588,False,False
0,1,N021,0.45,0.3502941176470588,0.0,0.3502941176470588,False,False
0,1,N021,0.5,0.3502941176470588,0.0,0.3502941176470588,False,False
0,1,N021,0.55,0.3502941176470588,0.0,0.3502941176470588,False,False
0,1,N021,0.6000000000000001,0.3502941176470588,0.0,0.3502941176470588,False,False
0,1,N021,0.65,0.3502941176470588,0.0,0.3502941176470588,False,False
0,1,N021,0.7000000000000001,0.3502941176470588,0.0,0.3502941176470588,False,False
0,1,N021,0.75,0.3502941176470588,0.0,0.3502941176470588,False,False
0,1,N021,0.8,0.3502941176470588,0.0,0.3502941176470588,False,False
0,1,N021,0.8500000000000001,0.3502941176470588,0.0,0.3502941176470588,False,False
0,1,N021,0.9,0.3502941176470588,0.0,0.3502941176470588,False,False
0,1,N021,0.9500000000000001,0.3502941176470588,0.0,0.3502941176470588,False,False
0,1,N021,1.0,0.25823529411764706,0.09205882352941175,0.3502941176470588,False,False
0,1,N022,0.0,0.3502941176470588,0.0,0.3502941176470588,False,False
0,1,N022,0.05,0.3502941176470588,0.0,0.3502941176470588,False,False
0,1,N022,0.1,0.3502941176470588,0.0,0.3502941176470588,False,False
0,1,N022,0.15000000000000002,0.3502941176470588,0.0,0.3502941176470588,False,False
0,1,N022,0.2,0.3502941176470588,0.0,0.3502941176470588,False,False
0,1,N022,0.25,0.3502941176470588,0.0,0.3502941176470588,False,False
0,1,N022,0.30000000000000004,0.3502941176470588,0.0,0.3502941176470588,False,False
0,1,N022,0.35000000000000003,0.3502941176470588,0.0,0.3502941176470588,False,False
0,1,N022,0.4,0.3502941176470588,0.0,0.3502941176470588,False,False
0,1,N022,0.45,0.3502941176470588,0.0,0.3502941176470588,False,False
0,1,N022,0.5,0.3502941176470588,0.0,0.3502941176470588,False,False
0,1,N022,0.55,0.3502941176470588,0.0,0.3502941176470588,False,False
0,1,N022,0.6000000000000001,0.3502941176470588,0.0,0.3502941176470588,False,False
0,1,N022,0.65,0.3502941176470588,0.0,0.3502941176470588,False,False
0,1,N022,0.7000000000000001,0.3502941176470588,0.0,0.3502941176470588,False,False
0,1,N022,0.75,0.3502941176470588,0.0,0.3502941176470588,False,False
0,1,N022,0.8,0.3502941176470588,0.0,0.3502941176470588,False,False
0,1,N022,0.8500000000000001,0.3502941176470588,0.0,0.3502941176470588,False,False
0,1,N022,0.9,0.3502941176470588,0.0,0.3502941176470588,False,False
0,1,N022,0.9500000000000001,0.3502941176470588,0.0,0.3502941176470588,False,False
0,1,N022,1.0,0.2667647058823529,0.08352941176470591,0.3502941176470588,False,False
0,1,N023,0.0,0.3502941176470588,0.0,0.3502941176470588,False,False
0,1,N023,0.05,0.3502941176470588,0.0,0.3502941176470588,False,False
0,1,N023,0.1,0.3502941176470588,0.0,0.3502941176470588,False,False
0,1,N023,0.15000000000000002,0.3502941176470588,0.0,0.3502941176470588,False,False
0,1,N023,0.2,0.3502941176470588,0.0,0.3502941176470588,False,False
0,1,N023,0.25,0.3502941176470588,0.0,0.3502941176470588,False,False
0,1,N023,0.30000000000000004,0.3502941176470588,0.0,0.3502941176470588,False,False
0,1,N023,0.35000000000000003,0.3502941176470588,0.0,0.3502941176470588,False,False
0,1,N023,0.4,0.3502941176470588,0.0,0.3502941176470588,False,False
0,1,N023,0.45,0.3502941176470588,0.0,0.3502941176470588,False,False
0,1,N023,0.5,0.3502941176470588,0.0,0.3502941176470588,False,False
0,1,N023,0.55,0.3502941176470588,0.0,0.3502941176470588,False,False
0,1,N023,0.6000000000000001,0.3502941176470588,0.0,0.3502941176470588,False,False
0,1,N023,0.65,0.3502941176470588,0.0,0.3502941176470588,False,False
0,1,N023,0.7000000000000001,0.3502941176470588,0.0,0.3502941176470588,False,False
0,1,N023,0.75,0.3502941176470588,0.0,0.3502941176470588,False,False
0,1,N023,0.8,0.3502941176470588,0.0,0.3502941176470588,False,False
0,1,N023,0.8500000000000001,0.3502941176470588,0.0,0.3502941176470588,False,False
0,1,N023,0.9,0.3502941176470588,0.0,0.3502941176470588,False,False
0,1,N023,0.9500000000000001,0.3502941176470588,0.0,0.3502941176470588,False,False
0,1,N023,1.0,0.2694117647058823,0.08088235294117652,0.3502941176470588,False,False
0,1,N024,0.0,0.3502941176470588,0.0,0.3502941176470588,False,False
0,1,N024,0.05,0.3502941176470588,0.0,0.3502941176470588,False,False
0,1,N024,0.1,0.3502941176470588,0.0,0.3502941176470588,False,False
0,1,N024,0.15000000000000002,0.3502941176470588,0.0,0.3502941176470588,False,False
0,1,N024,0.2,0.3502941176470588,0.0,0.3502941176470588,False,False
0,1,N024,0.25,0.3502941176470588,0.0,0.3502941176470588,False,False
0,1,N024,0.30000000000000004,0.3502941176470588,0.0,0.3502941176470588,False,False
0,1,N024,0.35000000000000003,0.3502941176470588,0.0,0.3502941176470588,False,False
0,1,N024,0.4,0.3502941176470588,0.0,0.3502941176470588,False,False
0,1,N024,0.45,0.3502941176470588,0.0,0.3502941176470588,False,False
0,1,N024,0.5,0.3502941176470588,0.0,0.3502941176470588,False,False
0,1,N024,0.55,0.3502941176470588,0.0,0.3502941176470588,False,False
0,1,N024,0.6000000000000001,0.3502941176470588,0.0,0.3502941176470588,False,False
0,1,N024,0.65,0.3502941176470588,0.0,0.3502941176470588,False,False
0,1,N024,0.7000000000000001,0.3502941176470588,0.0,0.3502941176470588,False,False
0,1,N024,0.75,0.3502941176470588,0.0,0.3502941176470588,False,False
0,1,N024,0.8,0.3502941176470588,0.0,0.3502941176470588,False,False
0,1,N024,0.8500000000000001,0.3502941176470588,0.0,0.3502941176470588,False,False
0,1,N024,0.9,0.3502941176470588,0.0,0.3502941176470588,False,False
0,1,N024,0.9500000000000001,0.3502941176470588,0.0,0.3502941176470588,False,False
0,1,N024,1.0,0.26352941176470585,0.08676470588235297,0.3502941176470588,False,False
0,1,N025,0.0,0.3502941176470588,0.0,0.3502941176470588,False,False
0,1,N025,0.05,0.3502941176470588,0.0,0.3502941176470588,False,False
0,1,N025,0.1,0.3502941176470588,0.0,0.3502941176470588,False,False
0,1,N025,0.15000000000000002,0.3502941176470588,0.0,0.3502941176470588,False,False
0,1,N025,0.2,0.3502941176470588,0.0,0.3502941176470588,False,False
0,1,N025,0.25,0.3502941176470588,0.0,0.3502941176470588,False,False
0,1,N025,0.30000000000000004,0.3502941176470588,0.0,0.3502941176470588,False,False
0,1,N025,0.35000000000000003,0.3502941176470588,0.0,0.3502941176470588,False,False
0,1,N025,0.4,0.3502941176470588,0.0,0.3502941176470588,False,False
0,1,N025,0.45,0.3502941176470588,0.0,0.3502941176470588,False,False
0,1,N025,0.5,0.3502941176470588,0.0,0.3502941176470588,False,False
0,1,N025,0.55,0.3502941176470588,0.0,0.3502941176470588,False,False
0,1,N025,0.6000000000000001,0.3502941176470588,0.0,0.3502941176470588,False,False
0,1,N025,0.65,0.3502941176470588,0.0,0.3502941176470588,False,False
0,1,N025,0.7000000000000001,0.3502941176470588,0.0,0.3502941176470588,False,False
0,1,N025,0.75,0.3502941176470588,0.0,0.3502941176470588,False,False
0,1,N025,0.8,0.3502941176470588,0.0,0.3502941176470588,False,False
0,1,N025,0.8500000000000001,0.3502941176470588,0.0,0.3502941176470588,False,False
0,1,N025,0.9,0.3502941176470588,0.0,0.3502941176470588,False,False
0,1,N025,0.9500000000000001,0.3502941176470588,0.0,0.3502941176470588,False,False
0,1,N025,1.0,0.2638235294117647,0.08647058823529413,0.3502941176470588,False,False
0,1,N026,0.0,0.3502941176470588,0.0,0.3502941176470588,False,False
0,1,N026,0.05,0.3502941176470588,0.0,0.3502941176470588,False,False
0,1,N026,0.1,0.3502941176470588,0.0,0.3502941176470588,False,False
0,1,N026,0.15000000000000002,0.3502941176470588,0.0,0.3502941176470588,False,False
0,1,N026,0.2,0.3502941176470588,0.0,0.3502941176470588,False,False
0,1,N026,0.25,0.3502941176470588,0.0,0.3502941176470588,False,False
0,1,N026,0.30000000000000004,0.3502941176470588,0.0,0.3502941176470588,False,False
0,1,N026,0.35000000000000003,0.3502941176470588,0.0,0.3502941176470588,False,False
0,1,N026,0.4,0.3502941176470588,0.0,0.3502941176470588,False,False
0,1,N026,0.45,0.3502941176470588,0.0,0.3502941176470588,False,False
0,1,N026,0.5,0.3502941176470588,0.0,0.3502941176470588,False,False
0,1,N026,0.55,0.3502941176470588,0.0,0.3502941176470588,False,False
0,1,N026,0.6000000000000001,0.3502941176470588,0.0,0.3502941176470588,False,False
0,1,N026,0.65,0.3502941176470588,0.0,0.3502941176470588,False,False
0,1,N026,0.7000000000000001,0.3502941176470588,0.0,0.3502941176470588,False,False
0,1,N026,0.75,0.3502941176470588,0.0,0.3502941176470588,False,False
0,1,N026,0.8,0.3502941176470588,0.0,0.3502941176470588,False,False
0,1,N026,0.8500000000000001,0.3502941176470588,0.0,0.3502941176470588,False,False
0,1,N026,0.9,0.3502941176470588,0.0,0.3502941176470588,False,False
0,1,N026,0.9500000000000001,0.3502941176470588,0.0,0.3502941176470588,False,False
0,1,N026,1.0,0.26294117647058823,0.08735294117647058,0.3502941176470588,False,False
0,1,N027,0.0,0.3502941176470588,0.0,0.3502941176470588,False,False
0,1,N027,0.05,0.3502941176470588,0.0,0.3502941176470588,False,False
0,1,N027,0.1,0.3502941176470588,0.0,0.3502941176470588,False,False
0,1,N027,0.15000000000000002,0.3502941176470588,0.0,0.3502941176470588,False,False
0,1,N027,0.2,0.3502941176470588,0.0,0.3502941176470588,False,False
0,1,N027,0.25,0.3502941176470588,0.0,0.3502941176470588,False,False
0,1,N027,0.30000000000000004,0.3502941176470588,0.0,0.3502941176470588,False,False
0,1,N027,0.35000000000000003,0.3502941176470588,0.0,0.3502941176470588,False,False
0,1,N027,0.4,0.3502941176470588,0.0,0.3502941176470588,False,False
0,1,N027,0.45,0.3502941176470588,0.0,0.3502941176470588,False,False
0,1,N027,0.5,0.3502941176470588,0.0,0.3502941176470588,False,False
0,1,N027,0.55,0.3502941176470588,0.0,0.3502941176470588,False,False
0,1,N027,0.6000000000000001,0.3502941176470588,0.0,0.3502941176470588,False,False
0,1,N027,0.65,0.3502941176470588,0.0,0.3502941176470588,False,False
0,1,N027,0.7000000000000001,0.3502941176470588,0.0,0.3502941176470588,False,False
0,1,N027,0.75,0.3502941176470588,0.0,0.3502941176470588,False,False
0,1,N027,0.8,0.3502941176470588,0.0,0.3502941176470588,False,False
0,1,N027,0.8500000000000001,0.3502941176470588,0.0,0.3502941176470588,False,False
0,1,N027,0.9,0.3502941176470588,0.0,0.3502941176470588,False,False
0,1,N027,0.9500000000000001,0.3502941176470588,0.0,0.3502941176470588,False,False
0,1,N027,1.0,0.25411764705882356,0.09617647058823525,0.3502941176470588,False,False
0,1,N028,0.0,0.3502941176470588,0.0,0.3502941176470588,False,False
0,1,N028,0.05,0.3502941176470588,0.0,0.3502941176470588,False,False
0,1,N028,0.1,0.3502941176470588,0.0,0.3502941176470588,False,False
0,1,N028,0.15000000000000002,0.3502941176470588,0.0,0.3502941176470588,False,False
0,1,N028,0.2,0.3502941176470588,0.0,0.3502941176470588,False,False
0,1,N028,0.25,0.3502941176470588,0.0,0.3502941176470588,False,False
0,1,N028,0.30000000000000004,0.3502941176470588,0.0,0.3502941176470588,False,False
0,1,N028,0.35000000000000003,0.3502941176470588,0.0,0.3502941176470588,False,False
0,1,N028,0.4,0.3502941176470588,0.0,0.3502941176470588,False,False
0,1,N028,0.45,0.3502941176470588,0.0,0.3502941176470588,False,False
0,1,N028,0.5,0.3502941176470588,0.0,0.3502941176470588,False,False
0,1,N028,0.55,0.3502941176470588,0.0,0.3502941176470588,False,False
0,1,N028,0.6000000000000001,0.3502941176470588,0.0,0.3502941176470588,False,False
0,1,N028,0.65,0.3502941176470588,0.0,0.3502941176470588,False,False
0,1,N028,0.7000000000000001,0.3502941176470588,0.0,0.3502941176470588,False,False
0,1,N028,0.75,0.3502941176470588,0.0,0.3502941176470588,False,False
0,1,N028,0.8,0.3502941176470588,0.0,0.3502941176470588,False,False
0,1,N028,0.8500000000000001,0.3502941176470588,0.0,0.3502941176470588,False,False
0,1,N028,0.9,0.3502941176470588,0.0,0.3502941176470588,False,False
0,1,N028,0.9500000000000001,0.3502941176470588,0.0,0.3502941176470588,False,False
0,1,N028,1.0,0.25529411764705884,0.09499999999999997,0.3502941176470588,False,False
0,1,N029,0.0,0.3502941176470588,0.0,0.3502941176470588,False,False
0,1,N029,0.05,0.3502941176470588,0.0,0.3502941176470588,False,False
0,1,N029,0.1,0.3502941176470588,0.0,0.3502941176470588,False,False
0,1,N029,0.15000000000000002,0.3502941176470588,0.0,0.3502941176470588,False,False
0,1,N029,0.2,0.3502941176470588,0.0,0.3502941176470588,False,False
0,1,N029,0.25,0.3502941176470588,0.0,0.3502941176470588,False,False
0,1,N029,0.30000000000000004,0.3502941176470588,0.0,0.3502941176470588,False,False
0,1,N029,0.35000000000000003,0.3502941176470588,0.0,0.3502941176470588,False,False
0,1,N029,0.4,0.3502941176470588,0.0,0.3502941176470588,False,False
0,1,N029,0.45,0.3502941176470588,0.0,0.3502941176470588,False,False
0,1,N029,0.5,0.3502941176470588,0.0,0.3502941176470588,False,False
0,1,N029,0.55,0.3502941176470588,0.0,0.3502941176470588,False,False
0,1,N029,0.6000000000000001,0.3502941176470588,0.0,0.3502941176470588,False,False
0,1,N029,0.65,0.3502941176470588,0.0,0.3502941176470588,False,False
0,1,N029,0.7000000000000001,0.3502941176470588,0.0,0.3502941176470588,False,False
0,1,N029,0.75,0.3502941176470588,0.0,0.3502941176470588,False,False
0,1,N029,0.8,0.3502941176470588,0.0,0.3502941176470588,False,False
0,1,N029,0.8500000000000001,0.3502941176470588,0.0,0.3502941176470588,False,False
0,1,N029,0.9,0.3502941176470588,0.0,0.3502941176470588,False,False
0,1,N029,0.9500000000000001,0.3502941176470588,0.0,0.3502941176470588,False,False
0,1,N029,1.0,0.25352941176470584,0.09676470588235297,0.3502941176470588,False,False
0,1,N030,0.0,0.3502941176470588,0.0,0.3502941176470588,False,False
0,1,N030,0.05,0.3502941176470588,0.0,0.3502941176470588,False,False
0,1,N030,0.1,0.3502941176470588,0.0,0.3502941176470588,False,False
0,1,N030,0.15000000000000002,0.3502941176470588,0.0,0.3502941176470588,False,False
0,1,N030,0.2,0.3502941176470588,0.0,0.3502941176470588,False,False
0,1,N030,0.25,0.3502941176470588,0.0,0.3502941176470588,False,False
0,1,N030,0.30000000000000004,0.3502941176470588,0.0,0.3502941176470588,False,False
0,1,N030,0.35000000000000003,0.3502941176470588,0.0,0.3502941176470588,False,False
0,1,N030,0.4,0.3502941176470588,0.0,0.3502941176470588,False,False
0,1,N030,0.45,0.3502941176470588,0.0,0.3502941176470588,False,False
0,1,N030,0.5,0.3502941176470588,0.0,0.3502941176470588,False,False
0,1,N030,0.55,0.3502941176470588,0.0,0.3502941176470588,False,False
0,1,N030,0.6000000000000001,0.3502941176470588,0.0,0.3502941176470588,False,False
0,1,N030,0.65,0.3502941176470588,0.0,0.3502941176470588,False,False
0,1,N030,0.7000000000000001,0.3502941176470588,0.0,0.3502941176470588,False,False
0,1,N030,0.75,0.3502941176470588,0.0,0.3502941176470588,False,False
0,1,N030,0.8,0.3502941176470588,0.0,0.3502941176470588,False,False
0,1,N030,0.8500000000000001,0.3502941176470588,0.0,0.3502941176470588,False,False
0,1,N030,0.9,0.3502941176470588,0.0,0.3502941176470588,False,False
0,1,N030,0.9500000000000001,0.3502941176470588,0.0,0.3502941176470588,False,False
0,1,N030,1.0,0.2617647058823529,0.08852941176470591,0.3502941176470588,False,False
0,1,N031,0.0,0.3502941176470588,0.0,0.3502941176470588,False,False
0,1,N031,0.05,0.3502941176470588,0.0,0.3502941176470588,False,False
0,1,N031,0.1,0.3502941176470588,0.0,0.3502941176470588,False,False
0,1,N031,0.15000000000000002,0.3502941176470588,0.0,0.3502941176470588,False,False
0,1,N031,0.2,0.3502941176470588,0.0,0.3502941176470588,False,False
0,1,N031,0.25,0.3502941176470588,0.0,0.3502941176470588,False,False
0,1,N031,0.30000000000000004,0.3502941176470588,0.0,0.3502941176470588,False,False
0,1,N031,0.35000000000000003,0.3502941176470588,0.0,0.3502941176470588,False,False
0,1,N031,0.4,0.3502941176470588,0.0,0.3502941176470588,False,False
0,1,N031,0.45,0.3502941176470588,0.0,0.3502941176470588,False,False
0,1,N031,0.5,0.3502941176470588,0.0,0.3502941176470588,False,False
0,1,N031,0.55,0.3502941176470588,0.0,0.3502941176470588,False,False
0,1,N031,0.6000000000000001,0.3502941176470588,0.0,0.3502941176470588,False,False
0,1,N031,0.65,0.3502941176470588,0.0,0.3502941176470588,False,False
0,1,N031,0.7000000000000001,0.3502941176470588,0.0,0.3502941176470588,False,False
0,1,N031,0.75,0.3502941176470588,0.0,0.3502941176470588,False,False
0,1,N031,0.8,0.3502941176470588,0.0,0.3502941176470588,False,False
0,1,N031,0.8500000000000001,0.3502941176470588,0.0,0.3502941176470588,False,False
0,1,N031,0.9,0.3502941176470588,0.0,0.3502941176470588,False,False
0,1,N031,0.9500000000000001,0.3502941176470588,0.0,0.3502941176470588,False,False
0,1,N031,1.0,0.26735294117647057,0.08294117647058824,0.3502941176470588,False,False
0,1,N032,0.0,0.3502941176470588,0.0,0.3502941176470588,False,False
0,1,N032,0.05,0.3502941176470588,0.0,0.3502941176470588,False,False
0,1,N032,0.1,0.3502941176470588,0.0,0.3502941176470588,False,False
0,1,N032,0.15000000000000002,0.3502941176470588,0.0,0.3502941176470588,False,False
0,1,N032,0.2,0.3502941176470588,0.0,0.3502941176470588,False,False
0,1,N032,0.25,0.3502941176470588,0.0,0.3502941176470588,False,False
0,1,N032,0.30000000000000004,0.3502941176470588,0.0,0.3502941176470588,False,False
0,1,N032,0.35000000000000003,0.3502941176470588,0.0,0.3502941176470588,False,False
0,1,N032,0.4,0.3502941176470588,0.0,0.3502941176470588,False,False
0,1,N032,0.45,0.3502941176470588,0.0,0.3502941176470588,False,False
0,1,N032,0.5,0.3502941176470588,0.0,0.3502941176470588,False,False
0,1,N032,0.55,0.3502941176470588,0.0,0.3502941176470588,False,False
0,1,N032,0.6000000000000001,0.3502941176470588,0.0,0.3502941176470588,False,False
0,1,N032,0.65,0.3502941176470588,0.0,0.3502941176470588,False,False
0,1,N032,0.7000000000000001,0.3502941176470588,0.0,0.3502941176470588,False,False
0,1,N032,0.75,0.3502941176470588,0.0,0.3502941176470588,False,False
0,1,N032,0.8,0.3502941176470588,0.0,0.3502941176470588,False,False
0,1,N032,0.8500000000000001,0.3502941176470588,0.0,0.3502941176470588,False,False
0,1,N032,0.9,0.3502941176470588,0.0,0.3502941176470588,False,False
0,1,N032,0.9500000000000001,0.3502941176470588,0.0,0.3502941176470588,False,False
0,1,N032,1.0,0.2761764705882353,0.07411764705882351,0.3502941176470588,False,False
0,1,N033,0.0,0.3502941176470588,0.0,0.3502941176470588,False,False
0,1,N033,0.05,0.3502941176470588,0.0,0.3502941176470588,False,False
0,1,N033,0.1,0.3502941176470588,0.0,0.3502941176470588,False,False
0,1,N033,0.15000000000000002,0.3502941176470588,0.0,0.3502941176470588,False,False
0,1,N033,0.2,0.3502941176470588,0.0,0.3502941176470588,False,False
0,1,N033,0.25,0.3502941176470588,0.0,0.3502941176470588,False,False
0,1,N033,0.30000000000000004,0.3502941176470588,0.0,0.3502941176470588,False,False
0,1,N033,0.35000000000000003,0.3502941176470588,0.0,0.3502941176470588,False,False
0,1,N033,0.4,0.3502941176470588,0.0,0.3502941176470588,False,False
0,1,N033,0.45,0.3502941176470588,0.0,0.3502941176470588,False,False
0,1,N033,0.5,0.3502941176470588,0.0,0.3502941176470588,False,False
0,1,N033,0.55,0.3502941176470588,0.0,0.3502941176470588,False,False
0,1,N033,0.6000000000000001,0.3502941176470588,0.0,0.3502941176470588,False,False
0,1,N033,0.65,0.3502941176470588,0.0,0.3502941176470588,False,False
0,1,N033,0.7000000000000001,0.3502941176470588,0.0,0.3502941176470588,False,False
0,1,N033,0.75,0.3502941176470588,0.0,0.3502941176470588,False,False
0,1,N033,0.8,0.3502941176470588,0.0,0.3502941176470588,False,False
0,1,N033,0.8500000000000001,0.3502941176470588,0.0,0.3502941176470588,False,False
0,1,N033,0.9,0.3502941176470588,0.0,0.3502941176470588,False,False
0,1,N033,0.9500000000000001,0.3502941176470588,0.0,0.3502941176470588,False,False
0,1,N033,1.0,0.27647058823529413,0.07382352941176468,0.3502941176470588,False,False
0,1,N034,0.0,0.3502941176470588,0.0,0.3502941176470588,False,False
0,1,N034,0.05,0.3502941176470588,0.0,0.3502941176470588,False,False
0,1,N034,0.1,0.3502941176470588,0.0,0.3502941176470588,False,False
0,1,N034,0.15000000000000002,0.3502941176470588,0.0,0.3502941176470588,False,False
0,1,N034,0.2,0.3502941176470588,0.0,0.3502941176470588,False,False
0,1,N034,0.25,0.3502941176470588,0.0,0.3502941176470588,False,False
0,1,N034,0.30000000000000004,0.3502941176470588,0.0,0.3502941176470588,False,False
0,1,N034,0.35000000000000003,0.3502941176470588,0.0,0.3502941176470588,False,False
0,1,N034,0.4,0.3502941176470588,0.0,0.3502941176470588,False,False
0,1,N034,0.45,0.3502941176470588,0.0,0.3502941176470588,False,False
0,1,N034,0.5,0.3502941176470588,0.0,0.3502941176470588,False,False
0,1,N034,0.55,0.3502941176470588,0.0,0.3502941176470588,False,False
0,1,N034,0.6000000000000001,0.3502941176470588,0.0,0.3502941176470588,False,False
0,1,N034,0.65,0.3502941176470588,0.0,0.3502941176470588,False,False
0,1,N034,0.7000000000000001,0.3502941176470588,0.0,0.3502941176470588,False,False
0,1,N034,0.75,0.3502941176470588,0.0,0.3502941176470588,False,False
0,1,N034,0.8,0.3502941176470588,0.0,0.3502941176470588,False,False
0,1,N034,0.8500000000000001,0.3502941176470588,0.0,0.3502941176470588,False,False
0,1,N034,0.9,0.3502941176470588,0.0,0.3502941176470588,False,False
0,1,N034,0.9500000000000001,0.3502941176470588,0.0,0.3502941176470588,False,False
0,1,N034,1.0,0.2594117647058823,0.09088235294117653,0.3502941176470588,False,False
0,1,N035,0.0,0.3502941176470588,0.0,0.3502941176470588,False,False
0,1,N035,0.05,0.3502941176470588,0.0,0.3502941176470588,False,False
0,1,N035,0.1,0.3502941176470588,0.0,0.3502941176470588,False,False
0,1,N035,0.15000000000000002,0.3502941176470588,0.0,0.3502941176470588,False,False
0,1,N035,0.2,0.3502941176470588,0.0,0.3502941176470588,False,False
0,1,N035,0.25,0.3502941176470588,0.0,0.3502941176470588,False,False
0,1,N035,0.30000000000000004,0.3502941176470588,0.0,0.3502941176470588,False,False
0,1,N035,0.35000000000000003,0.3502941176470588,0.0,0.3502941176470588,False,False
0,1,N035,0.4,0.3502941176470588,0.0,0.3502941176470588,False,False
0,1,N035,0.45,0.3502941176470588,0.0,0.3502941176470588,False,False
0,1,N035,0.5,0.3502941176470588,0.0,0.3502941176470588,False,False
0,1,N035,0.55,0.3502941176470588,0.0,0.3502941176470588,False,False
0,1,N035,0.6000000000000001,0.3502941176470588,0.0,0.3502941176470588,False,False
0,1,N035,0.65,0.3502941176470588,0.0,0.3502941176470588,False,False
0,1,N035,0.7000000000000001,0.3502941176470588,0.0,0.3502941176470588,False,False
0,1,N035,0.75,0.3502941176470588,0.0,0.3502941176470588,False,False
0,1,N035,0.8,0.3502941176470588,0.0,0.3502941176470588,False,False
0,1,N035,0.8500000000000001,0.3502941176470588,0.0,0.3502941176470588,False,False
0,1,N035,0.9,0.3502941176470588,0.0,0.3502941176470588,False,False
0,1,N035,0.9500000000000001,0.3502941176470588,0.0,0.3502941176470588,False,False
0,1,N035,1.0,0.24588235294117644,0.10441176470588237,0.3502941176470588,False,False
0,1,N036,0.0,0.3502941176470588,0.0,0.3502941176470588,False,False
0,1,N036,0.05,0.3502941176470588,0.0,0.3502941176470588,False,False
0,1,N036,0.1,0.3502941176470588,0.0,0.3502941176470588,False,False
0,1,N036,0.15000000000000002,0.3502941176470588,0.0,0.3502941176470588,False,False
0,1,N036,0.2,0.3502941176470588,0.0,0.3502941176470588,False,False
0,1,N036,0.25,0.3502941176470588,0.0,0.3502941176470588,False,False
0,1,N036,0.30000000000000004,0.3502941176470588,0.0,0.3502941176470588,False,False
0,1,N036,0.35000000000000003,0.3502941176470588,0.0,0.3502941176470588,False,False
0,1,N036,0.4,0.3502941176470588,0.0,0.3502941176470588,False,False
0,1,N036,0.45,0.3502941176470588,0.0,0.3502941176470588,False,False
0,1,N036,0.5,0.3502941176470588,0.0,0.3502941176470588,False,False
0,1,N036,0.55,0.3502941176470588,0.0,0.3502941176470588,False,False
0,1,N036,0.6000000000000001,0.3502941176470588,0.0,0.3502941176470588,False,False
0,1,N036,0.65,0.3502941176470588,0.0,0.3502941176470588,False,False
0,1,N036,0.7000000000000001,0.3502941176470588,0.0,0.3502941176470588,False,False
0,1,N036,0.75,0.3502941176470588,0.0,0.3502941176470588,False,False
0,1,N036,0.8,0.3502941176470588,0.0,0.3502941176470588,False,False
0,1,N036,0.8500000000000001,0.3502941176470588,0.0,0.3502941176470588,False,False
0,1,N036,0.9,0.3502941176470588,0.0,0.3502941176470588,False,False
0,1,N036,0.9500000000000001,0.3502941176470588,0.0,0.3502941176470588,False,False
0,1,N036,1.0,0.2514705882352941,0.0988235294117647,0.3502941176470588,False,False
0,1,N037,0.0,0.3502941176470588,0.0,0.3502941176470588,False,False
0,1,N037,0.05,0.3502941176470588,0.0,0.3502941176470588,False,False
0,1,N037,0.1,0.3502941176470588,0.0,0.3502941176470588,False,False
0,1,N037,0.15000000000000002,0.3502941176470588,0.0,0.3502941176470588,False,False
0,1,N037,0.2,0.3502941176470588,0.0,0.3502941176470588,False,False
0,1,N037,0.25,0.3502941176470588,0.0,0.3502941176470588,False,False
0,1,N037,0.30000000000000004,0.3502941176470588,0.0,0.3502941176470588,False,False
0,1,N037,0.35000000000000003,0.3502941176470588,0.0,0.3502941176470588,False,False
0,1,N037,0.4,0.3502941176470588,0.0,0.3502941176470588,False,False
0,1,N037,0.45,0.3502941176470588,0.0,0.3502941176470588,False,False
0,1,N037,0.5,0.3502941176470588,0.0,0.3502941176470588,False,False
0,1,N037,0.55,0.3502941176470588,0.0,0.3502941176470588,False,False
0,1,N037,0.6000000000000001,0.3502941176470588,0.0,0.3502941176470588,False,False
0,1,N037,0.65,0.3502941176470588,0.0,0.3502941176470588,False,False
0,1,N037,0.7000000000000001,0.3502941176470588,0.0,0.3502941176470588,False,False
0,1,N037,0.75,0.3502941176470588,0.0,0.3502941176470588,False,False
0,1,N037,0.8,0.3502941176470588,0.0,0.3502941176470588,False,False
0,1,N037,0.8500000000000001,0.3502941176470588,0.0,0.3502941176470588,False,False
0,1,N037,0.9,0.3502941176470588,0.0,0.3502941176470588,False,False
0,1,N037,0.9500000000000001,0.3502941176470588,0.0,0.3502941176470588,False,False
0,1,N037,1.0,0.255,0.09529411764705881,0.3502941176470588,False,False
0,1,N038,0.0,0.3502941176470588,0.0,0.3502941176470588,False,False
0,1,N038,0.05,0.3502941176470588,0.0,0.3502941176470588,False,False
0,1,N038,0.1,0.3502941176470588,0.0,0.3502941176470588,False,False
0,1,N038,0.15000000000000002,0.3502941176470588,0.0,0.3502941176470588,False,False
0,1,N038,0.2,0.3502941176470588,0.0,0.3502941176470588,False,False
0,1,N038,0.25,0.3502941176470588,0.0,0.3502941176470588,False,False
0,1,N038,0.30000000000000004,0.3502941176470588,0.0,0.3502941176470588,False,False
0,1,N038,0.35000000000000003,0.3502941176470588,0.0,0.3502941176470588,False,False
0,1,N038,0.4,0.3502941176470588,0.0,0.3502941176470588,False,False
0,1,N038,0.45,0.3502941176470588,0.0,0.3502941176470588,False,False
0,1,N038,0.5,0.3502941176470588,0.0,0.3502941176470588,False,False
0,1,N038,0.55,0.3502941176470588,0.0,0.3502941176470588,False,False
0,1,N038,0.6000000000000001,0.3502941176470588,0.0,0.3502941176470588,False,False
0,1,N038,0.65,0.3502941176470588,0.0,0.3502941176470588,False,False
0,1,N038,0.7000000000000001,0.3502941176470588,0.0,0.3502941176470588,False,False
0,1,N038,0.75,0.3502941176470588,0.0,0.3502941176470588,False,False
0,1,N038,0.8,0.3502941176470588,0.0,0.3502941176470588,False,False
0,1,N038,0.8500000000000001,0.3502941176470588,0.0,0.3502941176470588,False,False
0,1,N038,0.9,0.3502941176470588,0.0,0.3502941176470588,False,False
0,1,N038,0.9500000000000001,0.3502941176470588,0.0,0.3502941176470588,False,False
0,1,N038,1.0,0.24705882352941172,0.10323529411764709,0.3502941176470588,False,False
0,1,N039,0.0,0.3502941176470588,0.0,0.3502941176470588,False,False
0,1,N039,0.05,0.3502941176470588,0.0,0.3502941176470588,False,False
0,1,N039,0.1,0.3502941176470588,0.0,0.3502941176470588,False,False
0,1,N039,0.15000000000000002,0.3502941176470588,0.0,0.3502941176470588,False,False
0,1,N039,0.2,0.3502941176470588,0.0,0.3502941176470588,False,False
0,1,N039,0.25,0.3502941176470588,0.0,0.3502941176470588,False,False
0,1,N039,0.30000000000000004,0.3502941176470588,0.0,0.3502941176470588,False,False
0,1,N039,0.35000000000000003,0.3502941176470588,0.0,0.3502941176470588,False,False
0,1,N039,0.4,0.3502941176470588,0.0,0.3502941176470588,False,False
0,1,N039,0.45,0.3502941176470588,0.0,0.3502941176470588,False,False
0,1,N039,0.5,0.3502941176470588,0.0,0.3502941176470588,False,False
0,1,N039,0.55,0.3502941176470588,0.0,0.3502941176470588,False,False
0,1,N039,0.6000000000000001,0.3502941176470588,0.0,0.3502941176470588,False,False
0,1,N039,0.65,0.3502941176470588,0.0,0.3502941176470588,False,False
0,1,N039,0.7000000000000001,0.3502941176470588,0.0,0.3502941176470588,False,False
0,1,N039,0.75,0.3502941176470588,0.0,0.3502941176470588,False,False
0,1,N039,0.8,0.3502941176470588,0.0,0.3502941176470588,False,False
0,1,N039,0.8500000000000001,0.3502941176470588,0.0,0.3502941176470588,False,False
0,1,N039,0.9,0.3502941176470588,0.0,0.3502941176470588,False,False
0,1,N039,0.9500000000000001,0.3502941176470588,0.0,0.3502941176470588,False,False
0,1,N039,1.0,0.24852941176470592,0.1017647058823529,0.3502941176470588,False,False
0,1,N040,0.0,0.3502941176470588,0.0,0.3502941176470588,False,False
0,1,N040,0.05,0.3502941176470588,0.0,0.3502941176470588,False,False
0,1,N040,0.1,0.3502941176470588,0.0,0.3502941176470588,False,False
0,1,N040,0.15000000000000002,0.3502941176470588,0.0,0.3502941176470588,False,False
0,1,N040,0.2,0.3502941176470588,0.0,0.3502941176470588,False,False
0,1,N040,0.25,0.3502941176470588,0.0,0.3502941176470588,False,False
0,1,N040,0.30000000000000004,0.3502941176470588,0.0,0.3502941176470588,False,False
0,1,N040,0.35000000000000003,0.3502941176470588,0.0,0.3502941176470588,False,False
0,1,N040,0.4,0.3502941176470588,0.0,0.3502941176470588,False,False
0,1,N040,0.45,0.3502941176470588,0.0,0.3502941176470588,False,False
0,1,N040,0.5,0.3502941176470588,0.0,0.3502941176470588,False,False
0,1,N040,0.55,0.3502941176470588,0.0,0.3502941176470588,False,False
0,1,N040,0.6000000000000001,0.3502941176470588,0.0,0.3502941176470588,False,False
0,1,N040,0.65,0.3502941176470588,0.0,0.3502941176470588,False,False
0,1,N040,0.7000000000000001,0.3502941176470588,0.0,0.3502941176470588,False,False
0,1,N040,0.75,0.3502941176470588,0.0,0.3502941176470588,False,False
0,1,N040,0.8,0.3502941176470588,0.0,0.3502941176470588,False,False
0,1,N040,0.8500000000000001,0.3502941176470588,0.0,0.3502941176470588,False,False
0,1,N040,0.9,0.3502941176470588,0.0,0.3502941176470588,False,False
0,1,N040,0.9500000000000001,0.3502941176470588,0.0,0.3502941176470588,False,False
0,1,N040,1.0,0.23294117647058823,0.11735294117647058,0.3502941176470588,False,False
0,1,N041,0.0,0.3502941176470588,0.0,0.3502941176470588,False,False
0,1,N041,0.05,0.3502941176470588,0.0,0.3502941176470588,False,False
0,1,N041,0.1,0.3502941176470588,0.0,0.3502941176470588,False,False
0,1,N041,0.15000000000000002,0.3502941176470588,0.0,0.3502941176470588,False,False
0,1,N041,0.2,0.3502941176470588,0.0,0.3502941176470588,False,False
0,1,N041,0.25,0.3502941176470588,0.0,0.3502941176470588,False,False
0,1,N041,0.30000000000000004,0.3502941176470588,0.0,0.3502941176470588,False,False
0,1,N041,0.35000000000000003,0.3502941176470588,0.0,0.3502941176470588,False,False
0,1,N041,0.4,0.3502941176470588,0.0,0.3502941176470588,False,False
0,1,N041,0.45,0.3502941176470588,0.0,0.3502941176470588,False,False
0,1,N041,0.5,0.3502941176470588,0.0,0.3502941176470588,False,False
0,1,N041,0.55,0.3502941176470588,0.0,0.3502941176470588,False,False
0,1,N041,0.6000000000000001,0.3502941176470588,0.0,0.3502941176470588,False,False
0,1,N041,0.65,0.3502941176470588,0.0,0.3502941176470588,False,False
0,1,N041,0.7000000000000001,0.3502941176470588,0.0,0.3502941176470588,False,False
0,1,N041,0.75,0.3502941176470588,0.0,0.3502941176470588,False,False
0,1,N041,0.8,0.3502941176470588,0.0,0.3502941176470588,False,False
0,1,N041,0.8500000000000001,0.3502941176470588,0.0,0.3502941176470588,False,False
0,1,N041,0.9,0.3502941176470588,0.0,0.3502941176470588,False,False
0,1,N041,0.9500000000000001,0.3502941176470588,0.0,0.3502941176470588,False,False
0,1,N041,1.0,0.25588235294117645,0.09441176470588236,0.3502941176470588,False,False
0,1,N042,0.0,0.3502941176470588,0.0,0.3502941176470588,False,False
0,1,N042,0.05,0.3502941176470588,0.0,0.3502941176470588,False,False
0,1,N042,0.1,0.3502941176470588,0.0,0.3502941176470588,False,False
0,1,N042,0.15000000000000002,0.3502941176470588,0.0,0.3502941176470588,False,False
0,1,N042,0.2,0.3502941176470588,0.0,0.3502941176470588,False,False
0,1,N042,0.25,0.3502941176470588,0.0,0.3502941176470588,False,False
0,1,N042,0.30000000000000004,0.3502941176470588,0.0,0.3502941176470588,False,False
0,1,N042,0.35000000000000003,0.3502941176470588,0.0,0.3502941176470588,False,False
0,1,N042,0.4,0.3502941176470588,0.0,0.3502941176470588,False,False
0,1,N042,0.45,0.3502941176470588,0.0,0.3502941176470588,False,False
0,1,N042,0.5,0.3502941176470588,0.0,0.3502941176470588,False,False
0,1,N042,0.55,0.3502941176470588,0.0,0.3502941176470588,False,False
0,1,N042,0.6000000000000001,0.3502941176470588,0.0,0.3502941176470588,False,False
0,1,N042,0.65,0.3502941176470588,0.0,0.3502941176470588,False,False
0,1,N042,0.7000000000000001,0.3502941176470588,0.0,0.3502941176470588,False,False
0,1,N042,0.75,0.3502941176470588,0.0,0.3502941176470588,False,False
0,1,N042,0.8,0.3502941176470588,0.0,0.3502941176470588,False,False
0,1,N042,0.8500000000000001,0.3502941176470588,0.0,0.3502941176470588,False,False
0,1,N042,0.9,0.3502941176470588,0.0,0.3502941176470588,False,False
0,1,N042,0.9500000000000001,0.3502941176470588,0.0,0.3502941176470588,False,False
0,1,N042,1.0,0.2494117647058823,0.1008823529411765,0.3502941176470588,False,False
0,1,N043,0.0,0.3502941176470588,0.0,0.3502941176470588,False,False
0,1,N043,0.05,0.3502941176470588,0.0,0.3502941176470588,False,False
0,1,N043,0.1,0.3502941176470588,0.0,0.3502941176470588,False,False
0,1,N043,0.15000000000000002,0.3502941176470588,0.0,0.3502941176470588,False,False
0,1,N043,0.2,0.3502941176470588,0.0,0.3502941176470588,False,False
0,1,N043,0.25,0.3502941176470588,0.0,0.3502941176470588,False,False
0,1,N043,0.30000000000000004,0.3502941176470588,0.0,0.3502941176470588,False,False
0,1,N043,0.35000000000000003,0.3502941176470588,0.0,0.3502941176470588,False,False
0,1,N043,0.4,0.3502941176470588,0.0,0.3502941176470588,False,False
0,1,N043,0.45,0.3502941176470588,0.0,0.3502941176470588,False,False
0,1,N043,0.5,0.3502941176470588,0.0,0.3502941176470588,False,False
0,1,N043,0.55,0.3502941176470588,0.0,0.3502941176470588,False,False
0,1,N043,0.6000000000000001,0.3502941176470588,0.0,0.3502941176470588,False,False
0,1,N043,0.65,0.3502941176470588,0.0,0.3502941176470588,False,False
0,1,N043,0.7000000000000001,0.3502941176470588,0.0,0.3502941176470588,False,False
0,1,N043,0.75,0.3502941176470588,0.0,0.3502941176470588,False,False
0,1,N043,0.8,0.3502941176470588,0.0,0.3502941176470588,False,False
0,1,N043,0.8500000000000001,0.3502941176470588,0.0,0.3502941176470588,False,False
0,1,N043,0.9,0.3502941176470588,0.0,0.3502941176470588,False,False
0,1,N043,0.9500000000000001,0.3502941176470588,0.0,0.3502941176470588,False,False
0,1,N043,1.0,0.27088235294117646,0.07941176470588235,0.3502941176470588,False,False
0,1,N044,0.0,0.3502941176470588,0.0,0.3502941176470588,False,False
0,1,N044,0.05,0.3502941176470588,0.0,0.3502941176470588,False,False
0,1,N044,0.1,0.3502941176470588,0.0,0.3502941176470588,False,False
0,1,N044,0.15000000000000002,0.3502941176470588,0.0,0.3502941176470588,False,False
0,1,N044,0.2,0.3502941176470588,0.0,0.3502941176470588,False,False
0,1,N044,0.25,0.3502941176470588,0.0,0.3502941176470588,False,False
0,1,N044,0.30000000000000004,0.3502941176470588,0.0,0.3502941176470588,False,False
0,1,N044,0.35000000000000003,0.3502941176470588,0.0,0.3502941176470588,False,False
0,1,N044,0.4,0.3502941176470588,0.0,0.3502941176470588,False,False
0,1,N044,0.45,0.3502941176470588,0.0,0.3502941176470588,False,False
0,1,N044,0.5,0.3502941176470588,0.0,0.3502941176470588,False,False
0,1,N044,0.55,0.3502941176470588,0.0,0.3502941176470588,False,False
0,1,N044,0.6000000000000001,0.3502941176470588,0.0,0.3502941176470588,False,False
0,1,N044,0.65,0.3502941176470588,0.0,0.3502941176470588,False,False
0,1,N044,0.7000000000000001,0.3502941176470588,0.0,0.3502941176470588,False,False
0,1,N044,0.75,0.3502941176470588,0.0,0.3502941176470588,False,False
0,1,N044,0.8,0.3502941176470588,0.0,0.3502941176470588,False,False
0,1,N044,0.8500000000000001,0.3502941176470588,0.0,0.3502941176470588,False,False
0,1,N044,0.9,0.3502941176470588,0.0,0.3502941176470588,False,False
0,1,N044,0.9500000000000001,0.3502941176470588,0.0,0.3502941176470588,False,False
0,1,N044,1.0,0.23794117647058824,0.11235294117647057,0.3502941176470588,False,False
0,1,N045,0.0,0.3502941176470588,0.0,0.3502941176470588,False,False
0,1,N045,0.05,0.3502941176470588,0.0,0.3502941176470588,False,False
0,1,N045,0.1,0.3502941176470588,0.0,0.3502941176470588,False,False
0,1,N045,0.15000000000000002,0.3502941176470588,0.0,0.3502941176470588,False,False
0,1,N045,0.2,0.3502941176470588,0.0,0.3502941176470588,False,False
0,1,N045,0.25,0.3502941176470588,0.0,0.3502941176470588,False,False
0,1,N045,0.30000000000000004,0.3502941176470588,0.0,0.3502941176470588,False,False
0,1,N045,0.35000000000000003,0.3502941176470588,0.0,0.3502941176470588,False,False
0,1,N045,0.4,0.3502941176470588,0.0,0.3502941176470588,False,False
0,1,N045,0.45,0.3502941176470588,0.0,0.3502941176470588,False,False
0,1,N045,0.5,0.3502941176470588,0.0,0.3502941176470588,False,False
0,1,N045,0.55,0.3502941176470588,0.0,0.3502941176470588,False,False
0,1,N045,0.6000000000000001,0.3502941176470588,0.0,0.3502941176470588,False,False
0,1,N045,0.65,0.3502941176470588,0.0,0.3502941176470588,False,False
0,1,N045,0.7000000000000001,0.3502941176470588,0.0,0.3502941176470588,False,False
0,1,N045,0.75,0.3502941176470588,0.0,0.3502941176470588,False,False
0,1,N045,0.8,0.3502941176470588,0.0,0.3502941176470588,False,False
0,1,N045,0.8500000000000001,0.3502941176470588,0.0,0.3502941176470588,False,False
0,1,N045,0.9,0.3502941176470588,0.0,0.3502941176470588,False,False
0,1,N045,0.9500000000000001,0.3502941176470588,0.0,0.3502941176470588,False,False
0,1,N045,1.0,0.23441176470588235,0.11588235294117646,0.3502941176470588,False,False
0,1,N046,0.0,0.3502941176470588,0.0,0.3502941176470588,False,False
0,1,N046,0.05,0.3502941176470588,0.0,0.3502941176470588,False,False
0,1,N046,0.1,0.3502941176470588,0.0,0.3502941176470588,False,False
0,1,N046,0.15000000000000002,0.3502941176470588,0.0,0.3502941176470588,False,False
0,1,N046,0.2,0.3502941176470588,0.0,0.3502941176470588,False,False
0,1,N046,0.25,0.3502941176470588,0.0,0.3502941176470588,False,False
0,1,N046,0.30000000000000004,0.3502941176470588,0.0,0.3502941176470588,False,False
0,1,N046,0.35000000000000003,0.3502941176470588,0.0,0.3502941176470588,False,False
0,1,N046,0.4,0.3502941176470588,0.0,0.3502941176470588,False,False
0,1,N046,0.45,0.3502941176470588,0.0,0.3502941176470588,False,False
0,1,N046,0.5,0.3502941176470588,0.0,0.3502941176470588,False,False
0,1,N046,0.55,0.3502941176470588,0.0,0.3502941176470588,False,False
0,1,N046,0.6000000000000001,0.3502941176470588,0.0,0.3502941176470588,False,False
0,1,N046,0.65,0.3502941176470588,0.0,0.3502941176470588,False,False
0,1,N046,0.7000000000000001,0.3502941176470588,0.0,0.3502941176470588,False,False
0,1,N046,0.75,0.3502941176470588,0.0,0.3502941176470588,False,False
0,1,N046,0.8,0.3502941176470588,0.0,0.3502941176470588,False,False
0,1,N046,0.8500000000000001,0.3502941176470588,0.0,0.3502941176470588,False,False
0,1,N046,0.9,0.3502941176470588,0.0,0.3502941176470588,False,False
0,1,N046,0.9500000000000001,0.3502941176470588,0.0,0.3502941176470588,False,False
0,1,N046,1.0,0.27058823529411763,0.07970588235294118,0.3502941176470588,False,False
0,1,N047,0.0,0.3502941176470588,0.0,0.3502941176470588,False,False
0,1,N047,0.05,0.3502941176470588,0.0,0.3502941176470588,False,False
0,1,N047,0.1,0.3502941176470588,0.0,0.3502941176470588,False,False
0,1,N047,0.15000000000000002,0.3502941176470588,0.0,0.3502941176470588,False,False
0,1,N047,0.2,0.3502941176470588,0.0,0.3502941176470588,False,False
0,1,N047,0.25,0.3502941176470588,0.0,0.3502941176470588,False,False
0,1,N047,0.30000000000000004,0.3502941176470588,0.0,0.3502941176470588,False,False
0,1,N047,0.35000000000000003,0.3502941176470588,0.0,0.3502941176470588,False,False
0,1,N047,0.4,0.3502941176470588,0.0,0.3502941176470588,False,False
0,1,N047,0.45,0.3502941176470588,0.0,0.3502941176470588,False,False
0,1,N047,0.5,0.3502941176470588,0.0,0.3502941176470588,False,False
0,1,N047,0.55,0.3502941176470588,0.0,0.3502941176470588,False,False
0,1,N047,0.6000000000000001,0.3502941176470588,0.0,0.3502941176470588,False,False
0,1,N047,0.65,0.3502941176470588,0.0,0.3502941176470588,False,False
0,1,N047,0.7000000000000001,0.3502941176470588,0.0,0.3502941176470588,False,False
0,1,N047,0.75,0.3502941176470588,0.0,0.3502941176470588,False,False
0,1,N047,0.8,0.3502941176470588,0.0,0.3502941176470588,False,False
0,1,N047,0.8500000000000001,0.3502941176470588,0.0,0.3502941176470588,False,False
0,1,N047,0.9,0.3502941176470588,0.0,0.3502941176470588,False,False
0,1,N047,0.9500000000000001,0.3502941176470588,0.0,0.3502941176470588,False,False
0,1,N047,1.0,0.23941176470588238,0.11088235294117643,0.3502941176470588,False,False
0,1,N048,0.0,0.3502941176470588,0.0,0.3502941176470588,False,False
0,1,N048,0.05,0.3502941176470588,0.0,0.3502941176470588,False,False
0,1,N048,0.1,0.3502941176470588,0.0,0.3502941176470588,False,False
0,1,N048,0.15000000000000002,0.3502941176470588,0.0,0.3502941176470588,False,False
0,1,N048,0.2,0.3502941176470588,0.0,0.3502941176470588,False,False
0,1,N048,0.25,0.3502941176470588,0.0,0.3502941176470588,False,False
0,1,N048,0.30000000000000004,0.3502941176470588,0.0,0.3502941176470588,False,False
0,1,N048,0.35000000000000003,0.3502941176470588,0.0,0.3502941176470588,False,False
0,1,N048,0.4,0.3502941176470588,0.0,0.3502941176470588,False,False
0,1,N048,0.45,0.3502941176470588,0.0,0.3502941176470588,False,False
0,1,N048,0.5,0.3502941176470588,0.0,0.3502941176470588,False,False
0,1,N048,0.55,0.3502941176470588,0.0,0.3502941176470588,False,False
0,1,N048,0.6000000000000001,0.3502941176470588,0.0,0.3502941176470588,False,False
0,1,N048,0.65,0.3502941176470588,0.0,0.3502941176470588,False,False
0,1,N048,0.7000000000000001,0.3502941176470588,0.0,0.3502941176470588,False,False
0,1,N048,0.75,0.3502941176470588,0.0,0.3502941176470588,False,False
0,1,N048,0.8,0.3502941176470588,0.0,0.3502941176470588,False,False
0,1,N048,0.8500000000000001,0.3502941176470588,0.0,0.3502941176470588,False,False
0,1,N048,0.9,0.3502941176470588,0.0,0.3502941176470588,False,False
0,1,N048,0.9500000000000001,0.3502941176470588,0.0,0.3502941176470588,False,False
0,1,N048,1.0,0.26676470588235296,0.08352941176470585,0.3502941176470588,False,False
0,1,N049,0.0,0.3502941176470588,0.0,0.3502941176470588,False,False
0,1,N049,0.05,0.3502941176470588,0.0,0.3502941176470588,False,False
0,1,N049,0.1,0.3502941176470588,0.0,0.3502941176470588,False,False
0,1,N049,0.15000000000000002,0.3502941176470588,0.0,0.3502941176470588,False,False
0,1,N049,0.2,0.3502941176470588,0.0,0.3502941176470588,False,False
0,1,N049,0.25,0.3502941176470588,0.0,0.3502941176470588,False,False
0,1,N049,0.30000000000000004,0.3502941176470588,0.0,0.3502941176470588,False,False
0,1,N049,0.35000000000000003,0.3502941176470588,0.0,0.3502941176470588,False,False
0,1,N049,0.4,0.3502941176470588,0.0,0.3502941176470588,False,False
0,1,N049,0.45,0.3502941176470588,0.0,0.3502941176470588,False,False
0,1,N049,0.5,0.3502941176470588,0.0,0.3502941176470588,False,False
0,1,N049,0.55,0.3502941176470588,0.0,0.3502941176470588,False,False
0,1,N049,0.6000000000000001,0.3502941176470588,0.0,0.3502941176470588,False,False
0,1,N049,0.65,0.3502941176470588,0.0,0.3502941176470588,False,False
0,1,N049,0.7000000000000001,0.3502941176470588,0.0,0.3502941176470588,False,False
0,1,N049,0.75,0.3502941176470588,0.0,0.3502941176470588,False,False
0,1,N049,0.8,0.3502941176470588,0.0,0.3502941176470588,False,False
0,1,N049,0.8500000000000001,0.3502941176470588,0.0,0.3502941176470588,False,False
0,1,N049,0.9,0.3502941176470588,0.0,0.3502941176470588,False,False
0,1,N049,0.9500000000000001,0.3502941176470588,0.0,0.3502941176470588,False,False
0,1,N049,1.0,0.2705882352941177,0.07970588235294113,0.3502941176470588,False,False
0,1,N050,0.0,0.3502941176470588,0.0,0.3502941176470588,False,False
0,1,N050,0.05,0.3502941176470588,0.0,0.3502941176470588,False,False
0,1,N050,0.1,0.3502941176470588,0.0,0.3502941176470588,False,False
0,1,N050,0.15000000000000002,0.3502941176470588,0.0,0.3502941176470588,False,False
0,1,N050,0.2,0.3502941176470588,0.0,0.3502941176470588,False,False
0,1,N050,0.25,0.3502941176470588,0.0,0.3502941176470588,False,False
0,1,N050,0.30000000000000004,0.3502941176470588,0.0,0.3502941176470588,False,False
0,1,N050,0.35000000000000003,0.3502941176470588,0.0,0.3502941176470588,False,False
0,1,N050,0.4,0.3502941176470588,0.0,0.3502941176470588,False,False
0,1,N050,0.45,0.3502941176470588,0.0,0.3502941176470588,False,False
0,1,N050,0.5,0.3502941176470588,0.0,0.3502941176470588,False,False
0,1,N050,0.55,0.3502941176470588,0.0,0.3502941176470588,False,False
0,1,N050,0.6000000000000001,0.3502941176470588,0.0,0.3502941176470588,False,False
0,1,N050,0.65,0.3502941176470588,0.0,0.3502941176470588,False,False
0,1,N050,0.7000000000000001,0.3502941176470588,0.0,0.3502941176470588,False,False
0,1,N050,0.75,0.3502941176470588,0.0,0.3502941176470588,False,False
0,1,N050,0.8,0.3502941176470588,0.0,0.3502941176470588,False,False
0,1,N050,0.8500000000000001,0.3502941176470588,0.0,0.3502941176470588,False,False
0,1,N050,0.9,0.3502941176470588,0.0,0.3502941176470588,False,False
0,1,N050,0.9500000000000001,0.3502941176470588,0.0,0.3502941176470588,False,False
0,1,N050,1.0,0.22735294117647054,0.12294117647058828,0.3502941176470588,False,False
1,0,P,0.0,0.41,0.0,0.41,False,False
1,0,P,0.05,0.41,0.0,0.41,False,False
1,0,P,0.1,0.41,0.0,0.41,False,False
1,0,P,0.15000000000000002,0.41,0.0,0.41,False,False
1,0,P,0.2,0.41,0.0,0.41,False,False
1,0,P,0.25,0.41,0.0,0.41,False,False
1,0,P,0.30000000000000004,0.41,0.0,0.41,False,False
1,0,P,0.35000000000000003,0.41,0.0,0.41,False,False
1,0,P,0.4,0.41,0.0,0.41,False,False
1,0,P,0.45,0.41,0.0,0.41,False,False
1,0,P,0.5,0.41,0.0,0.41,False,False
1,0,P,0.55,0.41,0.0,0.41,False,False
1,0,P,0.6000000000000001,0.41,0.0,0.41,False,False
1,0,P,0.65,0.41,0.0,0.41,False,False
1,0,P,0.7000000000000001,0.41,0.0,0.41,False,False
1,0,P,0.75,0.41,0.0,0.41,False,False
1,0,P,0.8,0.41,0.0,0.41,False,False
1,0,P,0.8500000000000001,0.41,0.0,0.41,False,False
1,0,P,0.9,0.41,0.0,0.41,False,False
1,0,P,0.9500000000000001,0.41,0.0,0.41,False,False
1,0,P,1.0,0.35205882352941176,0.05794117647058822,0.41,False,False
1,0,N001,0.0,0.41,0.0,0.41,False,False
1,0,N001,0.05,0.41,0.0,0.41,False,False
1,0,N001,0.1,0.41,0.0,0.41,False,False
1,0,N001,0.15000000000000002,0.41,0.0,0.41,False,False
1,0,N001,0.2,0.41,0.0,0.41,False,False
1,0,N001,0.25,0.41,0.0,0.41,False,False
1,0,N001,0.30000000000000004,0.41,0.0,0.41,False,False
1,0,N001,0.35000000000000003,0.41,0.0,0.41,False,False
1,0,N001,0.4,0.41,0.0,0.41,False,False
1,0,N001,0.45,0.41,0.0,0.41,False,False
1,0,N001,0.5,0.41,0.0,0.41,False,False
1,0,N001,0.55,0.41,0.0,0.41,False,False
1,0,N001,0.6000000000000001,0.41,0.0,0.41,False,False
1,0,N001,0.65,0.41,0.0,0.41,False,False
1,0,N001,0.7000000000000001,0.41,0.0,0.41,False,False
1,0,N001,0.75,0.41,0.0,0.41,False,False
1,0,N001,0.8,0.41,0.0,0.41,False,False
1,0,N001,0.8500000000000001,0.41,0.0,0.41,False,False
1,0,N001,0.9,0.41,0.0,0.41,False,False
1,0,N001,0.9500000000000001,0.41,0.0,0.41,False,False
1,0,N001,1.0,0.3297058823529412,0.0802941176470588,0.41,False,False
1,0,N002,0.0,0.41,0.0,0.41,False,False
1,0,N002,0.05,0.41,0.0,0.41,False,False
1,0,N002,0.1,0.41,0.0,0.41,False,False
1,0,N002,0.15000000000000002,0.41,0.0,0.41,False,False
1,0,N002,0.2,0.41,0.0,0.41,False,False
1,0,N002,0.25,0.41,0.0,0.41,False,False
1,0,N002,0.30000000000000004,0.41,0.0,0.41,False,False
1,0,N002,0.35000000000000003,0.41,0.0,0.41,False,False
1,0,N002,0.4,0.41,0.0,0.41,False,False
1,0,N002,0.45,0.41,0.0,0.41,False,False
1,0,N002,0.5,0.41,0.0,0.41,False,False
1,0,N002,0.55,0.41,0.0,0.41,False,False
1,0,N002,0.6000000000000001,0.41,0.0,0.41,False,False
1,0,N002,0.65,0.41,0.0,0.41,False,False
1,0,N002,0.7000000000000001,0.41,0.0,0.41,False,False
1,0,N002,0.75,0.41,0.0,0.41,False,False
1,0,N002,0.8,0.41,0.0,0.41,False,False
1,0,N002,0.8500000000000001,0.41,0.0,0.41,False,False
1,0,N002,0.9,0.41,0.0,0.41,False,False
1,0,N002,0.9500000000000001,0.41,0.0,0.41,False,False
1,0,N002,1.0,0.29588235294117643,0.11411764705882355,0.41,False,False
1,0,N003,0.0,0.41,0.0,0.41,False,False
1,0,N003,0.05,0.41,0.0,0.41,False,False
1,0,N003,0.1,0.41,0.0,0.41,False,False
1,0,N003,0.15000000000000002,0.41,0.0,0.41,False,False
1,0,N003,0.2,0.41,0.0,0.41,False,False
1,0,N003,0.25,0.41,0.0,0.41,False,False
1,0,N003,0.30000000000000004,0.41,0.0,0.41,False,False
1,0,N003,0.35000000000000003,0.41,0.0,0.41,False,False
1,0,N003,0.4,0.41,0.0,0.41,False,False
1,0,N003,0.45,0.41,0.0,0.41,False,False
1,0,N003,0.5,0.41,0.0,0.41,False,False
1,0,N003,0.55,0.41,0.0,0.41,False,False
1,0,N003,0.6000000000000001,0.41,0.0,0.41,False,False
1,0,N003,0.65,0.41,0.0,0.41,False,False
1,0,N003,0.7000000000000001,0.41,0.0,0.41,False,False
1,0,N003,0.75,0.41,0.0,0.41,False,False
1,0,N003,0.8,0.41,0.0,0.41,False,False
1,0,N003,0.8500000000000001,0.41,0.0,0.41,False,False
1,0,N003,0.9,0.41,0.0,0.41,False,False
1,0,N003,0.9500000000000001,0.41,0.0,0.41,False,False
1,0,N003,1.0,0.3173529411764706,0.09264705882352936,0.41,False,False
1,0,N004,0.0,0.41,0.0,0.41,False,False
1,0,N004,0.05,0.41,0.0,0.41,False,False
1,0,N004,0.1,0.41,0.0,0.41,False,False
1,0,N004,0.15000000000000002,0.41,0.0,0.41,False,False
1,0,N004,0.2,0.41,0.0,0.41,False,False
1,0,N004,0.25,0.41,0.0,0.41,False,False
1,0,N004,0.30000000000000004,0.41,0.0,0.41,False,False
1,0,N004,0.35000000000000003,0.41,0.0,0.41,False,False
1,0,N004,0.4,0.41,0.0,0.41,False,False
1,0,N004,0.45,0.41,0.0,0.41,False,False
1,0,N004,0.5,0.41,0.0,0.41,False,False
1,0,N004,0.55,0.41,0.0,0.41,False,False
1,0,N004,0.6000000000000001,0.41,0.0,0.41,False,False
1,0,N004,0.65,0.41,0.0,0.41,False,False
1,0,N004,0.7000000000000001,0.41,0.0,0.41,False,False
1,0,N004,0.75,0.41,0.0,0.41,False,False
1,0,N004,0.8,0.41,0.0,0.41,False,False
1,0,N004,0.8500000000000001,0.41,0.0,0.41,False,False
1,0,N004,0.9,0.41,0.0,0.41,False,False
1,0,N004,0.9500000000000001,0.41,0.0,0.41,False,False
1,0,N004,1.0,0.29411764705882354,0.11588235294117644,0.41,False,False
1,0,N005,0.0,0.41,0.0,0.41,False,False
1,0,N005,0.05,0.41,0.0,0.41,False,False
1,0,N005,0.1,0.41,0.0,0.41,False,False
1,0,N005,0.15000000000000002,0.41,0.0,0.41,False,False
1,0,N005,0.2,0.41,0.0,0.41,False,False
1,0,N005,0.25,0.41,0.0,0.41,False,False
1,0,N005,0.30000000000000004,0.41,0.0,0.41,False,False
1,0,N005,0.35000000000000003,0.41,0.0,0.41,False,False
1,0,N005,0.4,0.41,0.0,0.41,False,False
1,0,N005,0.45,0.41,0.0,0.41,False,False
1,0,N005,0.5,0.41,0.0,0.41,False,False
1,0,N005,0.55,0.41,0.0,0.41,False,False
1,0,N005,0.6000000000000001,0.41,0.0,0.41,False,False
1,0,N005,0.65,0.41,0.0,0.41,False,False
1,0,N005,0.7000000000000001,0.41,0.0,0.41,False,False
1,0,N005,0.75,0.41,0.0,0.41,False,False
1,0,N005,0.8,0.41,0.0,0.41,False,False
1,0,N005,0.8500000000000001,0.41,0.0,0.41,False,False
1,0,N005,0.9,0.41,0.0,0.41,False,False
1,0,N005,0.9500000000000001,0.41,0.0,0.41,False,False
1,0,N005,1.0,0.31058823529411766,0.09941176470588231,0.41,False,False
1,0,N006,0.0,0.41,0.0,0.41,False,False
1,0,N006,0.05,0.41,0.0,0.41,False,False
1,0,N006,0.1,0.41,0.0,0.41,False,False
1,0,N006,0.15000000000000002,0.41,0.0,0.41,False,False
1,0,N006,0.2,0.41,0.0,0.41,False,False
1,0,N006,0.25,0.41,0.0,0.41,False,False
1,0,N006,0.30000000000000004,0.41,0.0,0.41,False,False
1,0,N006,0.35000000000000003,0.41,0.0,0.41,False,False
1,0,N006,0.4,0.41,0.0,0.41,False,False
1,0,N006,0.45,0.41,0.0,0.41,False,False
1,0,N006,0.5,0.41,0.0,0.41,False,False
1,0,N006,0.55,0.41,0.0,0.41,False,False
1,0,N006,0.6000000000000001,0.41,0.0,0.41,False,False
1,0,N006,0.65,0.41,0.0,0.41,False,False
1,0,N006,0.7000000000000001,0.41,0.0,0.41,False,False
1,0,N006,0.75,0.41,0.0,0.41,False,False
1,0,N006,0.8,0.41,0.0,0.41,False,False
1,0,N006,0.8500000000000001,0.41,0.0,0.41,False,False
1,0,N006,0.9,0.41,0.0,0.41,False,False
1,0,N006,0.9500000000000001,0.41,0.0,0.41,False,False
1,0,N006,1.0,0.31029411764705883,0.09970588235294114,0.41,False,False
1,0,N007,0.0,0.41,0.0,0.41,False,False
1,0,N007,0.05,0.41,0.0,0.41,False,False
1,0,N007,0.1,0.41,0.0,0.41,False,False
1,0,N007,0.15000000000000002,0.41,0.0,0.41,False,False
1,0,N007,0.2,0.41,0.0,0.41,False,False
1,0,N007,0.25,0.41,0.0,0.41,False,False
1,0,N007,0.30000000000000004,0.41,0.0,0.41,False,False
1,0,N007,0.35000000000000003,0.41,0.0,0.41,False,False
1,0,N007,0.4,0.41,0.0,0.41,False,False
1,0,N007,0.45,0.41,0.0,0.41,False,False
1,0,N007,0.5,0.41,0.0,0.41,False,False
1,0,N007,0.55,0.41,0.0,0.41,False,False
1,0,N007,0.6000000000000001,0.41,0.0,0.41,False,False
1,0,N007,0.65,0.41,0.0,0.41,False,False
1,0,N007,0.7000000000000001,0.41,0.0,0.41,False,False
1,0,N007,0.75,0.41,0.0,0.41,False,False
1,0,N007,0.8,0.41,0.0,0.41,False,False
1,0,N007,0.8500000000000001,0.41,0.0,0.41,False,False
1,0,N007,0.9,0.41,0.0,0.41,False,False
1,0,N007,0.9500000000000001,0.41,0.0,0.41,False,False
1,0,N007,1.0,0.3170588235294118,0.0929411764705882,0.41,False,False
1,0,N008,0.0,0.41,0.0,0.41,False,False
1,0,N008,0.05,0.41,0.0,0.41,False,False
1,0,N008,0.1,0.41,0.0,0.41,False,False
1,0,N008,0.15000000000000002,0.41,0.0,0.41,False,False
1,0,N008,0.2,0.41,0.0,0.41,False,False
1,0,N008,0.25,0.41,0.0,0.41,False,False
1,0,N008,0.30000000000000004,0.41,0.0,0.41,False,False
1,0,N008,0.35000000000000003,0.41,0.0,0.41,False,False
1,0,N008,0.4,0.41,0.0,0.41,False,False
1,0,N008,0.45,0.41,0.0,0.41,False,False
1,0,N008,0.5,0.41,0.0,0.41,False,False
1,0,N008,0.55,0.41,0.0,0.41,False,False
1,0,N008,0.6000000000000001,0.41,0.0,0.41,False,False
1,0,N008,0.65,0.41,0.0,0.41,False,False
1,0,N008,0.7000000000000001,0.41,0.0,0.41,False,False
1,0,N008,0.75,0.41,0.0,0.41,False,False
1,0,N008,0.8,0.41,0.0,0.41,False,False
1,0,N008,0.8500000000000001,0.41,0.0,0.41,False,False
1,0,N008,0.9,0.41,0.0,0.41,False,False
1,0,N008,0.9500000000000001,0.41,0.0,0.41,False,False
1,0,N008,1.0,0.28058823529411764,0.12941176470588234,0.41,False,False
1,0,N009,0.0,0.41,0.0,0.41,False,False
1,0,N009,0.05,0.41,0.0,0.41,False,False
1,0,N009,0.1,0.41,0.0,0.41,False,False
1,0,N009,0.15000000000000002,0.41,0.0,0.41,False,False
1,0,N009,0.2,0.41,0.0,0.41,False,False
1,0,N009,0.25,0.41,0.0,0.41,False,False
1,0,N009,0.30000000000000004,0.41,0.0,0.41,False,False
1,0,N009,0.35000000000000003,0.41,0.0,0.41,False,False
1,0,N009,0.4,0.41,0.0,0.41,False,False
1,0,N009,0.45,0.41,0.0,0.41,False,False
1,0,N009,0.5,0.41,0.0,0.41,False,False
1,0,N009,0.55,0.41,0.0,0.41,False,False
1,0,N009,0.6000000000000001,0.41,0.0,0.41,False,False
1,0,N009,0.65,0.41,0.0,0.41,False,False
1,0,N009,0.7000000000000001,0.41,0.0,0.41,False,False
1,0,N009,0.75,0.41,0.0,0.41,False,False
1,0,N009,0.8,0.41,0.0,0.41,False,False
1,0,N009,0.8500000000000001,0.41,0.0,0.41,False,False
1,0,N009,0.9,0.41,0.0,0.41,False,False
1,0,N009,0.9500000000000001,0.41,0.0,0.41,False,False
1,0,N009,1.0,0.30735294117647055,0.10264705882352942,0.41,False,False
1,0,N010,0.0,0.41,0.0,0.41,False,False
1,0,N010,0.05,0.41,0.0,0.41,False,False
1,0,N010,0.1,0.41,0.0,0.41,False,False
1,0,N010,0.15000000000000002,0.41,0.0,0.41,False,False
1,0,N010,0.2,0.41,0.0,0.41,False,False
1,0,N010,0.25,0.41,0.0,0.41,False,False
1,0,N010,0.30000000000000004,0.41,0.0,0.41,False,False
1,0,N010,0.35000000000000003,0.41,0.0,0.41,False,False
1,0,N010,0.4,0.41,0.0,0.41,False,False
1,0,N010,0.45,0.41,0.0,0.41,False,False
1,0,N010,0.5,0.41,0.0,0.41,False,False
1,0,N010,0.55,0.41,0.0,0.41,False,False
1,0,N010,0.6000000000000001,0.41,0.0,0.41,False,False
1,0,N010,0.65,0.41,0.0,0.41,False,False
1,0,N010,0.7000000000000001,0.41,0.0,0.41,False,False
1,0,N010,0.75,0.41,0.0,0.41,False,False
1,0,N010,0.8,0.41,0.0,0.41,False,False
1,0,N010,0.8500000000000001,0.41,0.0,0.41,False,False
1,0,N010,0.9,0.41,0.0,0.41,False,False
1,0,N010,0.9500000000000001,0.41,0.0,0.41,False,False
1,0,N010,1.0,0.29735294117647054,0.11264705882352943,0.41,False,False
1,0,N011,0.0,0.41,0.0,0.41,False,False
1,0,N011,0.05,0.41,0.0,0.41,False,False
1,0,N011,0.1,0.41,0.0,0.41,False,False
1,0,N011,0.15000000000000002,0.41,0.0,0.41,False,False
1,0,N011,0.2,0.41,0.0,0.41,False,False
1,0,N011,0.25,0.41,0.0,0.41,False,False
1,0,N011,0.30000000000000004,0.41,0.0,0.41,False,False
1,0,N011,0.35000000000000003,0.41,0.0,0.41,False,False
1,0,N011,0.4,0.41,0.0,0.41,False,False
1,0,N011,0.45,0.41,0.0,0.41,False,False
1,0,N011,0.5,0.41,0.0,0.41,False,False
1,0,N011,0.55,0.41,0.0,0.41,False,False
1,0,N011,0.6000000000000001,0.41,0.0,0.41,False,False
1,0,N011,0.65,0.41,0.0,0.41,False,False
1,0,N011,0.7000000000000001,0.41,0.0,0.41,False,False
1,0,N011,0.75,0.41,0.0,0.41,False,False
1,0,N011,0.8,0.41,0.0,0.41,False,False
1,0,N011,0.8500000000000001,0.41,0.0,0.41,False,False
1,0,N011,0.9,0.41,0.0,0.41,False,False
1,0,N011,0.9500000000000001,0.41,0.0,0.41,False,False
1,0,N011,1.0,0.3141176470588235,0.09588235294117647,0.41,False,False
1,0,N012,0.0,0.41,0.0,0.41,False,False
1,0,N012,0.05,0.41,0.0,0.41,False,False
1,0,N012,0.1,0.41,0.0,0.41,False,False
1,0,N012,0.15000000000000002,0.41,0.0,0.41,False,False
1,0,N012,0.2,0.41,0.0,0.41,False,False
1,0,N012,0.25,0.41,0.0,0.41,False,False
1,0,N012,0.30000000000000004,0.41,0.0,0.41,False,False
1,0,N012,0.35000000000000003,0.41,0.0,0.41,False,False
1,0,N012,0.4,0.41,0.0,0.41,False,False
1,0,N012,0.45,0.41,0.0,0.41,False,False
1,0,N012,0.5,0.41,0.0,0.41,False,False
1,0,N012,0.55,0.41,0.0,0.41,False,False
1,0,N012,0.6000000000000001,0.41,0.0,0.41,False,False
1,0,N012,0.65,0.41,0.0,0.41,False,False
1,0,N012,0.7000000000000001,0.41,0.0,0.41,False,False
1,0,N012,0.75,0.41,0.0,0.41,False,False
1,0,N012,0.8,0.41,0.0,0.41,False,False
1,0,N012,0.8500000000000001,0.41,0.0,0.41,False,False
1,0,N012,0.9,0.41,0.0,0.41,False,False
1,0,N012,0.9500000000000001,0.41,0.0,0.41,False,False
1,0,N012,1.0,0.2844117647058823,0.12558823529411767,0.41,False,False
1,0,N013,0.0,0.41,0.0,0.41,False,False
1,0,N013,0.05,0.41,0.0,0.41,False,False
1,0,N013,0.1,0.41,0.0,0.41,False,False
1,0,N013,0.15000000000000002,0.41,0.0,0.41,False,False
1,0,N013,0.2,0.41,0.0,0.41,False,False
1,0,N013,0.25,0.41,0.0,0.41,False,False
1,0,N013,0.30000000000000004,0.41,0.0,0.41,False,False
1,0,N013,0.35000000000000003,0.41,0.0,0.41,False,False
1,0,N013,0.4,0.41,0.0,0.41,False,False
1,0,N013,0.45,0.41,0.0,0.41,False,False
1,0,N013,0.5,0.41,0.0,0.41,False,False
1,0,N013,0.55,0.41,0.0,0.41,False,False
1,0,N013,0.6000000000000001,0.41,0.0,0.41,False,False
1,0,N013,0.65,0.41,0.0,0.41,False,False
1,0,N013,0.7000000000000001,0.41,0.0,0.41,False,False
1,0,N013,0.75,0.41,0.0,0.41,False,False
1,0,N013,0.8,0.41,0.0,0.41,False,False
1,0,N013,0.8500000000000001,0.41,0.0,0.41,False,False
1,0,N013,0.9,0.41,0.0,0.41,False,False
1,0,N013,0.9500000000000001,0.41,0.0,0.41,False,False
1,0,N013,1.0,0.32823529411764707,0.0817647058823529,0.41,False,False
1,0,N014,0.0,0.41,0.0,0.41,False,False
1,0,N014,0.05,0.41,0.0,0.41,False,False
1,0,N014,0.1,0.41,0.0,0.41,False,False
1,0,N014,0.15000000000000002,0.41,0.0,0.41,False,False
1,0,N014,0.2,0.41,0.0,0.41,False,False
1,0,N014,0.25,0.41,0.0,0.41,False,False
1,0,N014,0.30000000000000004,0.41,0.0,0.41,False,False
1,0,N014,0.35000000000000003,0.41,0.0,0.41,False,False
1,0,N014,0.4,0.41,0.0,0.41,False,False
1,0,N014,0.45,0.41,0.0,0.41,False,False
1,0,N014,0.5,0.41,0.0,0.41,False,False
1,0,N014,0.55,0.41,0.0,0.41,False,False
1,0,N014,0.6000000000000001,0.41,0.0,0.41,False,False
1,0,N014,0.65,0.41,0.0,0.41,False,False
1,0,N014,0.7000000000000001,0.41,0.0,0.41,False,False
1,0,N014,0.75,0.41,0.0,0.41,False,False
1,0,N014,0.8,0.41,0.0,0.41,False,False
1,0,N014,0.8500000000000001,0.41,0.0,0.41,False,False
1,0,N014,0.9,0.41,0.0,0.41,False,False
1,0,N014,0.9500000000000001,0.41,0.0,0.41,False,False
1,0,N014,1.0,0.32088235294117645,0.08911764705882352,0.41,False,False
1,0,N015,0.0,0.41,0.0,0.41,False,False
1,0,N015,0.05,0.41,0.0,0.41,False,False
1,0,N015,0.1,0.41,0.0,0.41,False,False
1,0,N015,0.15000000000000002,0.41,0.0,0.41,False,False
1,0,N015,0.2,0.41,0.0,0.41,False,False
1,0,N015,0.25,0.41,0.0,0.41,False,False
1,0,N015,0.30000000000000004,0.41,0.0,0.41,False,False
1,0,N015,0.35000000000000003,0.41,0.0,0.41,False,False
1,0,N015,0.4,0.41,0.0,0.41,False,False
1,0,N015,0.45,0.41,0.0,0.41,False,False
1,0,N015,0.5,0.41,0.0,0.41,False,False
1,0,N015,0.55,0.41,0.0,0.41,False,False
1,0,N015,0.6000000000000001,0.41,0.0,0.41,False,False
1,0,N015,0.65,0.41,0.0,0.41,False,False
1,0,N015,0.7000000000000001,0.41,0.0,0.41,False,False
1,0,N015,0.75,0.41,0.0,0.41,False,False
1,0,N015,0.8,0.41,0.0,0.41,False,False
1,0,N015,0.8500000000000001,0.41,0.0,0.41,False,False
1,0,N015,0.9,0.41,0.0,0.41,False,False
1,0,N015,0.9500000000000001,0.41,0.0,0.41,False,False
1,0,N015,1.0,0.3179411764705882,0.09205882352941175,0.41,False,False
1,0,N016,0.0,0.41,0.0,0.41,False,False
1,0,N016,0.05,0.41,0.0,0.41,False,False
1,0,N016,0.1,0.41,0.0,0.41,False,False
1,0,N016,0.15000000000000002,0.41,0.0,0.41,False,False
1,0,N016,0.2,0.41,0.0,0.41,False,False
1,0,N016,0.25,0.41,0.0,0.41,False,False
1,0,N016,0.30000000000000004,0.41,0.0,0.41,False,False
1,0,N016,0.35000000000000003,0.41,0.0,0.41,False,False
1,0,N016,0.4,0.41,0.0,0.41,False,False
1,0,N016,0.45,0.41,0.0,0.41,False,False
1,0,N016,0.5,0.41,0.0,0.41,False,False
1,0,N016,0.55,0.41,0.0,0.41,False,False
1,0,N016,0.6000000000000001,0.41,0.0,0.41,False,False
1,0,N016,0.65,0.41,0.0,0.41,False,False
1,0,N016,0.7000000000000001,0.41,0.0,0.41,False,False
1,0,N016,0.75,0.41,0.0,0.41,False,False
1,0,N016,0.8,0.41,0.0,0.41,False,False
1,0,N016,0.8500000000000001,0.41,0.0,0.41,False,False
1,0,N016,0.9,0.41,0.0,0.41,False,False
1,0,N016,0.9500000000000001,0.41,0.0,0.41,False,False
1,0,N016,1.0,0.2944117647058824,0.1155882352941176,0.41,False,False
1,0,N017,0.0,0.41,0.0,0.41,False,False
1,0,N017,0.05,0.41,0.0,0.41,False,False
1,0,N017,0.1,0.41,0.0,0.41,False,False
1,0,N017,0.15000000000000002,0.41,0.0,0.41,False,False
1,0,N017,0.2,0.41,0.0,0.41,False,False
1,0,N017,0.25,0.41,0.0,0.41,False,False
1,0,N017,0.30000000000000004,0.41,0.0,0.41,False,False
1,0,N017,0.35000000000000003,0.41,0.0,0.41,False,False
1,0,N017,0.4,0.41,0.0,0.41,False,False
1,0,N017,0.45,0.41,0.0,0.41,False,False
1,0,N017,0.5,0.41,0.0,0.41,False,False
1,0,N017,0.55,0.41,0.0,0.41,False,False
1,0,N017,0.6000000000000001,0.41,0.0,0.41,False,False
1,0,N017,0.65,0.41,0.0,0.41,False,False
1,0,N017,0.7000000000000001,0.41,0.0,0.41,False,False
1,0,N017,0.75,0.41,0.0,0.41,False,False
1,0,N017,0.8,0.41,0.0,0.41,False,False
1,0,N017,0.8500000000000001,0.41,0.0,0.41,False,False
1,0,N017,0.9,0.41,0.0,0.41,False,False
1,0,N017,0.9500000000000001,0.41,0.0,0.41,False,False
1,0,N017,1.0,0.2920588235294118,0.11794117647058816,0.41,False,False
1,0,N018,0.0,0.41,0.0,0.41,False,False
1,0,N018,0.05,0.41,0.0,0.41,False,False
1,0,N018,0.1,0.41,0.0,0.41,False,False
1,0,N018,0.15000000000000002,0.41,0.0,0.41,False,False
1,0,N018,0.2,0.41,0.0,0.41,False,False
1,0,N018,0.25,0.41,0.0,0.41,False,False
1,0,N018,0.30000000000000004,0.41,0.0,0.41,False,False
1,0,N018,0.35000000000000003,0.41,0.0,0.41,False,False
1,0,N018,0.4,0.41,0.0,0.41,False,False
1,0,N018,0.45,0.41,0.0,0.41,False,False
1,0,N018,0.5,0.41,0.0,0.41,False,False
1,0,N018,0.55,0.41,0.0,0.41,False,False
1,0,N018,0.6000000000000001,0.41,0.0,0.41,False,False
1,0,N018,0.65,0.41,0.0,0.41,False,False
1,0,N018,0.7000000000000001,0.41,0.0,0.41,False,False
1,0,N018,0.75,0.41,0.0,0.41,False,False
1,0,N018,0.8,0.41,0.0,0.41,False,False
1,0,N018,0.8500000000000001,0.41,0.0,0.41,False,False
1,0,N018,0.9,0.41,0.0,0.41,False,False
1,0,N018,0.9500000000000001,0.41,0.0,0.41,False,False
1,0,N018,1.0,0.3002941176470588,0.10970588235294115,0.41,False,False
1,0,N019,0.0,0.41,0.0,0.41,False,False
1,0,N019,0.05,0.41,0.0,0.41,False,False
1,0,N019,0.1,0.41,0.0,0.41,False,False
1,0,N019,0.15000000000000002,0.41,0.0,0.41,False,False
1,0,N019,0.2,0.41,0.0,0.41,False,False
1,0,N019,0.25,0.41,0.0,0.41,False,False
1,0,N019,0.30000000000000004,0.41,0.0,0.41,False,False
1,0,N019,0.35000000000000003,0.41,0.0,0.41,False,False
1,0,N019,0.4,0.41,0.0,0.41,False,False
1,0,N019,0.45,0.41,0.0,0.41,False,False
1,0,N019,0.5,0.41,0.0,0.41,False,False
1,0,N019,0.55,0.41,0.0,0.41,False,False
1,0,N019,0.6000000000000001,0.41,0.0,0.41,False,False
1,0,N019,0.65,0.41,0.0,0.41,False,False
1,0,N019,0.7000000000000001,0.41,0.0,0.41,False,False
1,0,N019,0.75,0.41,0.0,0.41,False,False
1,0,N019,0.8,0.41,0.0,0.41,False,False
1,0,N019,0.8500000000000001,0.41,0.0,0.41,False,False
1,0,N019,0.9,0.41,0.0,0.41,False,False
1,0,N019,0.9500000000000001,0.41,0.0,0.41,False,False
1,0,N019,1.0,0.30235294117647066,0.10764705882352932,0.41,False,False
1,0,N020,0.0,0.41,0.0,0.41,False,False
1,0,N020,0.05,0.41,0.0,0.41,False,False
1,0,N020,0.1,0.41,0.0,0.41,False,False
1,0,N020,0.15000000000000002,0.41,0.0,0.41,False,False
1,0,N020,0.2,0.41,0.0,0.41,False,False
1,0,N020,0.25,0.41,0.0,0.41,False,False
1,0,N020,0.30000000000000004,0.41,0.0,0.41,False,False
1,0,N020,0.35000000000000003,0.41,0.0,0.41,False,False
1,0,N020,0.4,0.41,0.0,0.41,False,False
1,0,N020,0.45,0.41,0.0,0.41,False,False
1,0,N020,0.5,0.41,0.0,0.41,False,False
1,0,N020,0.55,0.41,0.0,0.41,False,False
1,0,N020,0.6000000000000001,0.41,0.0,0.41,False,False
1,0,N020,0.65,0.41,0.0,0.41,False,False
1,0,N020,0.7000000000000001,0.41,0.0,0.41,False,False
1,0,N020,0.75,0.41,0.0,0.41,False,False
1,0,N020,0.8,0.41,0.0,0.41,False,False
1,0,N020,0.8500000000000001,0.41,0.0,0.41,False,False
1,0,N020,0.9,0.41,0.0,0.41,False,False
1,0,N020,0.9500000000000001,0.41,0.0,0.41,False,False
1,0,N020,1.0,0.33176470588235285,0.07823529411764713,0.41,False,False
1,0,N021,0.0,0.41,0.0,0.41,False,False
1,0,N021,0.05,0.41,0.0,0.41,False,False
1,0,N021,0.1,0.41,0.0,0.41,False,False
1,0,N021,0.15000000000000002,0.41,0.0,0.41,False,False
1,0,N021,0.2,0.41,0.0,0.41,False,False
1,0,N021,0.25,0.41,0.0,0.41,False,False
1,0,N021,0.30000000000000004,0.41,0.0,0.41,False,False
1,0,N021,0.35000000000000003,0.41,0.0,0.41,False,False
1,0,N021,0.4,0.41,0.0,0.41,False,False
1,0,N021,0.45,0.41,0.0,0.41,False,False
1,0,N021,0.5,0.41,0.0,0.41,False,False
1,0,N021,0.55,0.41,0.0,0.41,False,False
1,0,N021,0.6000000000000001,0.41,0.0,0.41,False,False
1,0,N021,0.65,0.41,0.0,0.41,False,False
1,0,N021,0.7000000000000001,0.41,0.0,0.41,False,False
1,0,N021,0.75,0.41,0.0,0.41,False,False
1,0,N021,0.8,0.41,0.0,0.41,False,False
1,0,N021,0.8500000000000001,0.41,0.0,0.41,False,False
1,0,N021,0.9,0.41,0.0,0.41,False,False
1,0,N021,0.9500000000000001,0.41,0.0,0.41,False,False
1,0,N021,1.0,0.3088235294117648,0.1011764705882352,0.41,False,False
1,0,N022,0.0,0.41,0.0,0.41,False,False
1,0,N022,0.05,0.41,0.0,0.41,False,False
1,0,N022,0.1,0.41,0.0,0.41,False,False
1,0,N022,0.15000000000000002,0.41,0.0,0.41,False,False
1,0,N022,0.2,0.41,0.0,0.41,False,False
1,0,N022,0.25,0.41,0.0,0.41,False,False
1,0,N022,0.30000000000000004,0.41,0.0,0.41,False,False
1,0,N022,0.35000000000000003,0.41,0.0,0.41,False,False
1,0,N022,0.4,0.41,0.0,0.41,False,False
1,0,N022,0.45,0.41,0.0,0.41,False,False
1,0,N022,0.5,0.41,0.0,0.41,False,False
1,0,N022,0.55,0.41,0.0,0.41,False,False
1,0,N022,0.6000000000000001,0.41,0.0,0.41,False,False
1,0,N022,0.65,0.41,0.0,0.41,False,False
1,0,N022,0.7000000000000001,0.41,0.0,0.41,False,False
1,0,N022,0.75,0.41,0.0,0.41,False,False
1,0,N022,0.8,0.41,0.0,0.41,False,False
1,0,N022,0.8500000000000001,0.41,0.0,0.41,False,False
1,0,N022,0.9,0.41,0.0,0.41,False,False
1,0,N022,0.9500000000000001,0.41,0.0,0.41,False,False
1,0,N022,1.0,0.32882352941176474,0.08117647058823524,0.41,False,False
1,0,N023,0.0,0.41,0.0,0.41,False,False
1,0,N023,0.05,0.41,0.0,0.41,False,False
1,0,N023,0.1,0.41,0.0,0.41,False,False
1,0,N023,0.15000000000000002,0.41,0.0,0.41,False,False
1,0,N023,0.2,0.41,0.0,0.41,False,False
1,0,N023,0.25,0.41,0.0,0.41,False,False
1,0,N023,0.30000000000000004,0.41,0.0,0.41,False,False
1,0,N023,0.35000000000000003,0.41,0.0,0.41,False,False
1,0,N023,0.4,0.41,0.0,0.41,False,False
1,0,N023,0.45,0.41,0.0,0.41,False,False
1,0,N023,0.5,0.41,0.0,0.41,False,False
1,0,N023,0.55,0.41,0.0,0.41,False,False
1,0,N023,0.6000000000000001,0.41,0.0,0.41,False,False
1,0,N023,0.65,0.41,0.0,0.41,False,False
1,0,N023,0.7000000000000001,0.41,0.0,0.41,False,False
1,0,N023,0.75,0.41,0.0,0.41,False,False
1,0,N023,0.8,0.41,0.0,0.41,False,False
1,0,N023,0.8500000000000001,0.41,0.0,0.41,False,False
1,0,N023,0.9,0.41,0.0,0.41,False,False
1,0,N023,0.9500000000000001,0.41,0.0,0.41,False,False
1,0,N023,1.0,0.3129411764705883,0.0970588235294117,0.41,False,False
1,0,N024,0.0,0.41,0.0,0.41,False,False
1,0,N024,0.05,0.41,0.0,0.41,False,False
1,0,N024,0.1,0.41,0.0,0.41,False,False
1,0,N024,0.15000000000000002,0.41,0.0,0.41,False,False
1,0,N024,0.2,0.41,0.0,0.41,False,False
1,0,N024,0.25,0.41,0.0,0.41,False,False
1,0,N024,0.30000000000000004,0.41,0.0,0.41,False,False
1,0,N024,0.35000000000000003,0.41,0.0,0.41,False,False
1,0,N024,0.4,0.41,0.0,0.41,False,False
1,0,N024,0.45,0.41,0.0,0.41,False,False
1,0,N024,0.5,0.41,0.0,0.41,False,False
1,0,N024,0.55,0.41,0.0,0.41,False,False
1,0,N024,0.6000000000000001,0.41,0.0,0.41,False,False
1,0,N024,0.65,0.41,0.0,0.41,False,False
1,0,N024,0.7000000000000001,0.41,0.0,0.41,False,False
1,0,N024,0.75,0.41,0.0,0.41,False,False
1,0,N024,0.8,0.41,0.0,0.41,False,False
1,0,N024,0.8500000000000001,0.41,0.0,0.41,False,False
1,0,N024,0.9,0.41,0.0,0.41,False,False
1,0,N024,0.9500000000000001,0.41,0.0,0.41,False,False
1,0,N024,1.0,0.30323529411764705,0.10676470588235293,0.41,False,False
1,0,N025,0.0,0.41,0.0,0.41,False,False
1,0,N025,0.05,0.41,0.0,0.41,False,False
1,0,N025,0.1,0.41,0.0,0.41,False,False
1,0,N025,0.15000000000000002,0.41,0.0,0.41,False,False
1,0,N025,0.2,0.41,0.0,0.41,False,False
1,0,N025,0.25,0.41,0.0,0.41,False,False
1,0,N025,0.30000000000000004,0.41,0.0,0.41,False,False
1,0,N025,0.35000000000000003,0.41,0.0,0.41,False,False
1,0,N025,0.4,0.41,0.0,0.41,False,False
1,0,N025,0.45,0.41,0.0,0.41,False,False
1,0,N025,0.5,0.41,0.0,0.41,False,False
1,0,N025,0.55,0.41,0.0,0.41,False,False
1,0,N025,0.6000000000000001,0.41,0.0,0.41,False,False
1,0,N025,0.65,0.41,0.0,0.41,False,False
1,0,N025,0.7000000000000001,0.41,0.0,0.41,False,False
1,0,N025,0.75,0.41,0.0,0.41,False,False
1,0,N025,0.8,0.41,0.0,0.41,False,False
1,0,N025,0.8500000000000001,0.41,0.0,0.41,False,False
1,0,N025,0.9,0.41,0.0,0.41,False,False
1,0,N025,0.9500000000000001,0.41,0.0,0.41,False,False
1,0,N025,1.0,0.3247058823529412,0.0852941176470588,0.41,False,False
1,0,N026,0.0,0.41,0.0,0.41,False,False
1,0,N026,0.05,0.41,0.0,0.41,False,False
1,0,N026,0.1,0.41,0.0,0.41,False,False
1,0,N026,0.15000000000000002,0.41,0.0,0.41,False,False
1,0,N026,0.2,0.41,0.0,0.41,False,False
1,0,N026,0.25,0.41,0.0,0.41,False,False
1,0,N026,0.30000000000000004,0.41,0.0,0.41,False,False
1,0,N026,0.35000000000000003,0.41,0.0,0.41,False,False
1,0,N026,0.4,0.41,0.0,0.41,False,False
1,0,N026,0.45,0.41,0.0,0.41,False,False
1,0,N026,0.5,0.41,0.0,0.41,False,False
1,0,N026,0.55,0.41,0.0,0.41,False,False
1,0,N026,0.6000000000000001,0.41,0.0,0.41,False,False
1,0,N026,0.65,0.41,0.0,0.41,False,False
1,0,N026,0.7000000000000001,0.41,0.0,0.41,False,False
1,0,N026,0.75,0.41,0.0,0.41,False,False
1,0,N026,0.8,0.41,0.0,0.41,False,False
1,0,N026,0.8500000000000001,0.41,0.0,0.41,False,False
1,0,N026,0.9,0.41,0.0,0.41,False,False
1,0,N026,0.9500000000000001,0.41,0.0,0.41,False,False
1,0,N026,1.0,0.2938235294117647,0.11617647058823527,0.41,False,False
1,0,N027,0.0,0.41,0.0,0.41,False,False
1,0,N027,0.05,0.41,0.0,0.41,False,False
1,0,N027,0.1,0.41,0.0,0.41,False,False
1,0,N027,0.15000000000000002,0.41,0.0,0.41,False,False
1,0,N027,0.2,0.41,0.0,0.41,False,False
1,0,N027,0.25,0.41,0.0,0.41,False,False
1,0,N027,0.30000000000000004,0.41,0.0,0.41,False,False
1,0,N027,0.35000000000000003,0.41,0.0,0.41,False,False
1,0,N027,0.4,0.41,0.0,0.41,False,False
1,0,N027,0.45,0.41,0.0,0.41,False,False
1,0,N027,0.5,0.41,0.0,0.41,False,False
1,0,N027,0.55,0.41,0.0,0.41,False,False
1,0,N027,0.6000000000000001,0.41,0.0,0.41,False,False
1,0,N027,0.65,0.41,0.0,0.41,False,False
1,0,N027,0.7000000000000001,0.41,0.0,0.41,False,False
1,0,N027,0.75,0.41,0.0,0.41,False,False
1,0,N027,0.8,0.41,0.0,0.41,False,False
1,0,N027,0.8500000000000001,0.41,0.0,0.41,False,False
1,0,N027,0.9,0.41,0.0,0.41,False,False
1,0,N027,0.9500000000000001,0.41,0.0,0.41,False,False
1,0,N027,1.0,0.29205882352941176,0.11794117647058822,0.41,False,False
1,0,N028,0.0,0.41,0.0,0.41,False,False
1,0,N028,0.05,0.41,0.0,0.41,False,False
1,0,N028,0.1,0.41,0.0,0.41,False,False
1,0,N028,0.15000000000000002,0.41,0.0,0.41,False,False
1,0,N028,0.2,0.41,0.0,0.41,False,False
1,0,N028,0.25,0.41,0.0,0.41,False,False
1,0,N028,0.30000000000000004,0.41,0.0,0.41,False,False
1,0,N028,0.35000000000000003,0.41,0.0,0.41,False,False
1,0,N028,0.4,0.41,0.0,0.41,False,False
1,0,N028,0.45,0.41,0.0,0.41,False,False
1,0,N028,0.5,0.41,0.0,0.41,False,False
1,0,N028,0.55,0.41,0.0,0.41,False,False
1,0,N028,0.6000000000000001,0.41,0.0,0.41,False,False
1,0,N028,0.65,0.41,0.0,0.41,False,False
1,0,N028,0.7000000000000001,0.41,0.0,0.41,False,False
1,0,N028,0.75,0.41,0.0,0.41,False,False
1,0,N028,0.8,0.41,0.0,0.41,False,False
1,0,N028,0.8500000000000001,0.41,0.0,0.41,False,False
1,0,N028,0.9,0.41,0.0,0.41,False,False
1,0,N028,0.9500000000000001,0.41,0.0,0.41,False,False
1,0,N028,1.0,0.29794117647058826,0.11205882352941171,0.41,False,False
1,0,N029,0.0,0.41,0.0,0.41,False,False
1,0,N029,0.05,0.41,0.0,0.41,False,False
1,0,N029,0.1,0.41,0.0,0.41,False,False
1,0,N029,0.15000000000000002,0.41,0.0,0.41,False,False
1,0,N029,0.2,0.41,0.0,0.41,False,False
1,0,N029,0.25,0.41,0.0,0.41,False,False
1,0,N029,0.30000000000000004,0.41,0.0,0.41,False,False
1,0,N029,0.35000000000000003,0.41,0.0,0.41,False,False
1,0,N029,0.4,0.41,0.0,0.41,False,False
1,0,N029,0.45,0.41,0.0,0.41,False,False
1,0,N029,0.5,0.41,0.0,0.41,False,False
1,0,N029,0.55,0.41,0.0,0.41,False,False
1,0,N029,0.6000000000000001,0.41,0.0,0.41,False,False
1,0,N029,0.65,0.41,0.0,0.41,False,False
1,0,N029,0.7000000000000001,0.41,0.0,0.41,False,False
1,0,N029,0.75,0.41,0.0,0.41,False,False
1,0,N029,0.8,0.41,0.0,0.41,False,False
1,0,N029,0.8500000000000001,0.41,0.0,0.41,False,False
1,0,N029,0.9,0.41,0.0,0.41,False,False
1,0,N029,0.9500000000000001,0.41,0.0,0.41,False,False
1,0,N029,1.0,0.29470588235294115,0.11529411764705882,0.41,False,False
1,0,N030,0.0,0.41,0.0,0.41,False,False
1,0,N030,0.05,0.41,0.0,0.41,False,False
1,0,N030,0.1,0.41,0.0,0.41,False,False
1,0,N030,0.15000000000000002,0.41,0.0,0.41,False,False
1,0,N030,0.2,0.41,0.0,0.41,False,False
1,0,N030,0.25,0.41,0.0,0.41,False,False
1,0,N030,0.30000000000000004,0.41,0.0,0.41,False,False
1,0,N030,0.35000000000000003,0.41,0.0,0.41,False,False
1,0,N030,0.4,0.41,0.0,0.41,False,False
1,0,N030,0.45,0.41,0.0,0.41,False,False
1,0,N030,0.5,0.41,0.0,0.41,False,False
1,0,N030,0.55,0.41,0.0,0.41,False,False
1,0,N030,0.6000000000000001,0.41,0.0,0.41,False,False
1,0,N030,0.65,0.41,0.0,0.41,False,False
1,0,N030,0.7000000000000001,0.41,0.0,0.41,False,False
1,0,N030,0.75,0.41,0.0,0.41,False,False
1,0,N030,0.8,0.41,0.0,0.41,False,False
1,0,N030,0.8500000000000001,0.41,0.0,0.41,False,False
1,0,N030,0.9,0.41,0.0,0.41,False,False
1,0,N030,0.9500000000000001,0.41,0.0,0.41,False,False
1,0,N030,1.0,0.2788235294117647,0.13117647058823528,0.41,False,False
1,0,N031,0.0,0.41,0.0,0.41,False,False
1,0,N031,0.05,0.41,0.0,0.41,False,False
1,0,N031,0.1,0.41,0.0,0.41,False,False
1,0,N031,0.15000000000000002,0.41,0.0,0.41,False,False
1,0,N031,0.2,0.41,0.0,0.41,False,False
1,0,N031,0.25,0.41,0.0,0.41,False,False
1,0,N031,0.30000000000000004,0.41,0.0,0.41,False,False
1,0,N031,0.35000000000000003,0.41,0.0,0.41,False,False
1,0,N031,0.4,0.41,0.0,0.41,False,False
1,0,N031,0.45,0.41,0.0,0.41,False,False
1,0,N031,0.5,0.41,0.0,0.41,False,False
1,0,N031,0.55,0.41,0.0,0.41,False,False
1,0,N031,0.6000000000000001,0.41,0.0,0.41,False,False
1,0,N031,0.65,0.41,0.0,0.41,False,False
1,0,N031,0.7000000000000001,0.41,0.0,0.41,False,False
1,0,N031,0.75,0.41,0.0,0.41,False,False
1,0,N031,0.8,0.41,0.0,0.41,False,False
1,0,N031,0.8500000000000001,0.41,0.0,0.41,False,False
1,0,N031,0.9,0.41,0.0,0.41,False,False
1,0,N031,0.9500000000000001,0.41,0.0,0.41,False,False
1,0,N031,1.0,0.31764705882352945,0.09235294117647053,0.41,False,False
1,0,N032,0.0,0.41,0.0,0.41,False,False
1,0,N032,0.05,0.41,0.0,0.41,False,False
1,0,N032,0.1,0.41,0.0,0.41,False,False
1,0,N032,0.15000000000000002,0.41,0.0,0.41,False,False
1,0,N032,0.2,0.41,0.0,0.41,False,False
1,0,N032,0.25,0.41,0.0,0.41,False,False
1,0,N032,0.30000000000000004,0.41,0.0,0.41,False,False
1,0,N032,0.35000000000000003,0.41,0.0,0.41,False,False
1,0,N032,0.4,0.41,0.0,0.41,False,False
1,0,N032,0.45,0.41,0.0,0.41,False,False
1,0,N032,0.5,0.41,0.0,0.41,False,False
1,0,N032,0.55,0.41,0.0,0.41,False,False
1,0,N032,0.6000000000000001,0.41,0.0,0.41,False,False
1,0,N032,0.65,0.41,0.0,0.41,False,False
1,0,N032,0.7000000000000001,0.41,0.0,0.41,False,False
1,0,N032,0.75,0.41,0.0,0.41,False,False
1,0,N032,0.8,0.41,0.0,0.41,False,False
1,0,N032,0.8500000000000001,0.41,0.0,0.41,False,False
1,0,N032,0.9,0.41,0.0,0.41,False,False
1,0,N032,0.9500000000000001,0.41,0.0,0.41,False,False
1,0,N032,1.0,0.32088235294117645,0.08911764705882352,0.41,False,False
1,0,N033,0.0,0.41,0.0,0.41,False,False
1,0,N033,0.05,0.41,0.0,0.41,False,False
1,0,N033,0.1,0.41,0.0,0.41,False,False
1,0,N033,0.15000000000000002,0.41,0.0,0.41,False,False
1,0,N033,0.2,0.41,0.0,0.41,False,False
1,0,N033,0.25,0.41,0.0,0.41,False,False
1,0,N033,0.30000000000000004,0.41,0.0,0.41,False,False
1,0,N033,0.35000000000000003,0.41,0.0,0.41,False,False
1,0,N033,0.4,0.41,0.0,0.41,False,False
1,0,N033,0.45,0.41,0.0,0.41,False,False
1,0,N033,0.5,0.41,0.0,0.41,False,False
1,0,N033,0.55,0.41,0.0,0.41,False,False
1,0,N033,0.6000000000000001,0.41,0.0,0.41,False,False
1,0,N033,0.65,0.41,0.0,0.41,False,False
1,0,N033,0.7000000000000001,0.41,0.0,0.41,False,False
1,0,N033,0.75,0.41,0.0,0.41,False,False
1,0,N033,0.8,0.41,0.0,0.41,False,False
1,0,N033,0.8500000000000001,0.41,0.0,0.41,False,False
1,0,N033,0.9,0.41,0.0,0.41,False,False
1,0,N033,0.9500000000000001,0.41,0.0,0.41,False,False
1,0,N033,1.0,0.3214705882352942,0.0885294117647058,0.41,False,False
1,0,N034,0.0,0.41,0.0,0.41,False,False
1,0,N034,0.05,0.41,0.0,0.41,False,False
1,0,N034,0.1,0.41,0.0,0.41,False,False
1,0,N034,0.15000000000000002,0.41,0.0,0.41,False,False
1,0,N034,0.2,0.41,0.0,0.41,False,False
1,0,N034,0.25,0.41,0.0,0.41,False,False
1,0,N034,0.30000000000000004,0.41,0.0,0.41,False,False
1,0,N034,0.35000000000000003,0.41,0.0,0.41,False,False
1,0,N034,0.4,0.41,0.0,0.41,False,False
1,0,N034,0.45,0.41,0.0,0.41,False,False
1,0,N034,0.5,0.41,0.0,0.41,False,False
1,0,N034,0.55,0.41,0.0,0.41,False,False
1,0,N034,0.6000000000000001,0.41,0.0,0.41,False,False
1,0,N034,0.65,0.41,0.0,0.41,False,False
1,0,N034,0.7000000000000001,0.41,0.0,0.41,False,False
1,0,N034,0.75,0.41,0.0,0.41,False,False
1,0,N034,0.8,0.41,0.0,0.41,False,False
1,0,N034,0.8500000000000001,0.41,0.0,0.41,False,False
1,0,N034,0.9,0.41,0.0,0.41,False,False
1,0,N034,0.9500000000000001,0.41,0.0,0.41,False,False
1,0,N034,1.0,0.30970588235294116,0.10029411764705881,0.41,False,False
1,0,N035,0.0,0.41,0.0,0.41,False,False
1,0,N035,0.05,0.41,0.0,0.41,False,False
1,0,N035,0.1,0.41,0.0,0.41,False,False
1,0,N035,0.15000000000000002,0.41,0.0,0.41,False,False
1,0,N035,0.2,0.41,0.0,0.41,False,False
1,0,N035,0.25,0.41,0.0,0.41,False,False
1,0,N035,0.30000000000000004,0.41,0.0,0.41,False,False
1,0,N035,0.35000000000000003,0.41,0.0,0.41,False,False
1,0,N035,0.4,0.41,0.0,0.41,False,False
1,0,N035,0.45,0.41,0.0,0.41,False,False
1,0,N035,0.5,0.41,0.0,0.41,False,False
1,0,N035,0.55,0.41,0.0,0.41,False,False
1,0,N035,0.6000000000000001,0.41,0.0,0.41,False,False
1,0,N035,0.65,0.41,0.0,0.41,False,False
1,0,N035,0.7000000000000001,0.41,0.0,0.41,False,False
1,0,N035,0.75,0.41,0.0,0.41,False,False
1,0,N035,0.8,0.41,0.0,0.41,False,False
1,0,N035,0.8500000000000001,0.41,0.0,0.41,False,False
1,0,N035,0.9,0.41,0.0,0.41,False,False
1,0,N035,0.9500000000000001,0.41,0.0,0.41,False,False
1,0,N035,1.0,0.30058823529411766,0.10941176470588232,0.41,False,False
1,0,N036,0.0,0.41,0.0,0.41,False,False
1,0,N036,0.05,0.41,0.0,0.41,False,False
1,0,N036,0.1,0.41,0.0,0.41,False,False
1,0,N036,0.15000000000000002,0.41,0.0,0.41,False,False
1,0,N036,0.2,0.41,0.0,0.41,False,False
1,0,N036,0.25,0.41,0.0,0.41,False,False
1,0,N036,0.30000000000000004,0.41,0.0,0.41,False,False
1,0,N036,0.35000000000000003,0.41,0.0,0.41,False,False
1,0,N036,0.4,0.41,0.0,0.41,False,False
1,0,N036,0.45,0.41,0.0,0.41,False,False
1,0,N036,0.5,0.41,0.0,0.41,False,False
1,0,N036,0.55,0.41,0.0,0.41,False,False
1,0,N036,0.6000000000000001,0.41,0.0,0.41,False,False
1,0,N036,0.65,0.41,0.0,0.41,False,False
1,0,N036,0.7000000000000001,0.41,0.0,0.41,False,False
1,0,N036,0.75,0.41,0.0,0.41,False,False
1,0,N036,0.8,0.41,0.0,0.41,False,False
1,0,N036,0.8500000000000001,0.41,0.0,0.41,False,False
1,0,N036,0.9,0.41,0.0,0.41,False,False
1,0,N036,0.9500000000000001,0.41,0.0,0.41,False,False
1,0,N036,1.0,0.3008823529411765,0.10911764705882349,0.41,False,False
1,0,N037,0.0,0.41,0.0,0.41,False,False
1,0,N037,0.05,0.41,0.0,0.41,False,False
1,0,N037,0.1,0.41,0.0,0.41,False,False
1,0,N037,0.15000000000000002,0.41,0.0,0.41,False,False
1,0,N037,0.2,0.41,0.0,0.41,False,False
1,0,N037,0.25,0.41,0.0,0.41,False,False
1,0,N037,0.30000000000000004,0.41,0.0,0.41,False,False
1,0,N037,0.35000000000000003,0.41,0.0,0.41,False,False
1,0,N037,0.4,0.41,0.0,0.41,False,False
1,0,N037,0.45,0.41,0.0,0.41,False,False
1,0,N037,0.5,0.41,0.0,0.41,False,False
1,0,N037,0.55,0.41,0.0,0.41,False,False
1,0,N037,0.6000000000000001,0.41,0.0,0.41,False,False
1,0,N037,0.65,0.41,0.0,0.41,False,False
1,0,N037,0.7000000000000001,0.41,0.0,0.41,False,False
1,0,N037,0.75,0.41,0.0,0.41,False,False
1,0,N037,0.8,0.41,0.0,0.41,False,False
1,0,N037,0.8500000000000001,0.41,0.0,0.41,False,False
1,0,N037,0.9,0.41,0.0,0.41,False,False
1,0,N037,0.9500000000000001,0.41,0.0,0.41,False,False
1,0,N037,1.0,0.28970588235294115,0.12029411764705883,0.41,False,False
1,0,N038,0.0,0.41,0.0,0.41,False,False
1,0,N038,0.05,0.41,0.0,0.41,False,False
1,0,N038,0.1,0.41,0.0,0.41,False,False
1,0,N038,0.15000000000000002,0.41,0.0,0.41,False,False
1,0,N038,0.2,0.41,0.0,0.41,False,False
1,0,N038,0.25,0.41,0.0,0.41,False,False
1,0,N038,0.30000000000000004,0.41,0.0,0.41,False,False
1,0,N038,0.35000000000000003,0.41,0.0,0.41,False,False
1,0,N038,0.4,0.41,0.0,0.41,False,False
1,0,N038,0.45,0.41,0.0,0.41,False,False
1,0,N038,0.5,0.41,0.0,0.41,False,False
1,0,N038,0.55,0.41,0.0,0.41,False,False
1,0,N038,0.6000000000000001,0.41,0.0,0.41,False,False
1,0,N038,0.65,0.41,0.0,0.41,False,False
1,0,N038,0.7000000000000001,0.41,0.0,0.41,False,False
1,0,N038,0.75,0.41,0.0,0.41,False,False
1,0,N038,0.8,0.41,0.0,0.41,False,False
1,0,N038,0.8500000000000001,0.41,0.0,0.41,False,False
1,0,N038,0.9,0.41,0.0,0.41,False,False
1,0,N038,0.9500000000000001,0.41,0.0,0.41,False,False
1,0,N038,1.0,0.3070588235294118,0.1029411764705882,0.41,False,False
1,0,N039,0.0,0.41,0.0,0.41,False,False
1,0,N039,0.05,0.41,0.0,0.41,False,False
1,0,N039,0.1,0.41,0.0,0.41,False,False
1,0,N039,0.15000000000000002,0.41,0.0,0.41,False,False
1,0,N039,0.2,0.41,0.0,0.41,False,False
1,0,N039,0.25,0.41,0.0,0.41,False,False
1,0,N039,0.30000000000000004,0.41,0.0,0.41,False,False
1,0,N039,0.35000000000000003,0.41,0.0,0.41,False,False
1,0,N039,0.4,0.41,0.0,0.41,False,False
1,0,N039,0.45,0.41,0.0,0.41,False,False
1,0,N039,0.5,0.41,0.0,0.41,False,False
1,0,N039,0.55,0.41,0.0,0.41,False,False
1,0,N039,0.6000000000000001,0.41,0.0,0.41,False,False
1,0,N039,0.65,0.41,0.0,0.41,False,False
1,0,N039,0.7000000000000001,0.41,0.0,0.41,False,False
1,0,N039,0.75,0.41,0.0,0.41,False,False
1,0,N039,0.8,0.41,0.0,0.41,False,False
1,0,N039,0.8500000000000001,0.41,0.0,0.41,False,False
1,0,N039,0.9,0.41,0.0,0.41,False,False
1,0,N039,0.9500000000000001,0.41,0.0,0.41,False,False
1,0,N039,1.0,0.3208823529411765,0.08911764705882347,0.41,False,False
1,0,N040,0.0,0.41,0.0,0.41,False,False
1,0,N040,0.05,0.41,0.0,0.41,False,False
1,0,N040,0.1,0.41,0.0,0.41,False,False
1,0,N040,0.15000000000000002,0.41,0.0,0.41,False,False
1,0,N040,0.2,0.41,0.0,0.41,False,False
1,0,N040,0.25,0.41,0.0,0.41,False,False
1,0,N040,0.30000000000000004,0.41,0.0,0.41,False,False
1,0,N040,0.35000000000000003,0.41,0.0,0.41,False,False
1,0,N040,0.4,0.41,0.0,0.41,False,False
1,0,N040,0.45,0.41,0.0,0.41,False,False
1,0,N040,0.5,0.41,0.0,0.41,False,False
1,0,N040,0.55,0.41,0.0,0.41,False,False
1,0,N040,0.6000000000000001,0.41,0.0,0.41,False,False
1,0,N040,0.65,0.41,0.0,0.41,False,False
1,0,N040,0.7000000000000001,0.41,0.0,0.41,False,False
1,0,N040,0.75,0.41,0.0,0.41,False,False
1,0,N040,0.8,0.41,0.0,0.41,False,False
1,0,N040,0.8500000000000001,0.41,0.0,0.41,False,False
1,0,N040,0.9,0.41,0.0,0.41,False,False
1,0,N040,0.9500000000000001,0.41,0.0,0.41,False,False
1,0,N040,1.0,0.2958823529411765,0.11411764705882349,0.41,False,False
1,0,N041,0.0,0.41,0.0,0.41,False,False
1,0,N041,0.05,0.41,0.0,0.41,False,False
1,0,N041,0.1,0.41,0.0,0.41,False,False
1,0,N041,0.15000000000000002,0.41,0.0,0.41,False,False
1,0,N041,0.2,0.41,0.0,0.41,False,False
1,0,N041,0.25,0.41,0.0,0.41,False,False
1,0,N041,0.30000000000000004,0.41,0.0,0.41,False,False
1,0,N041,0.35000000000000003,0.41,0.0,0.41,False,False
1,0,N041,0.4,0.41,0.0,0.41,False,False
1,0,N041,0.45,0.41,0.0,0.41,False,False
1,0,N041,0.5,0.41,0.0,0.41,False,False
1,0,N041,0.55,0.41,0.0,0.41,False,False
1,0,N041,0.6000000000000001,0.41,0.0,0.41,False,False
1,0,N041,0.65,0.41,0.0,0.41,False,False
1,0,N041,0.7000000000000001,0.41,0.0,0.41,False,False
1,0,N041,0.75,0.41,0.0,0.41,False,False
1,0,N041,0.8,0.41,0.0,0.41,False,False
1,0,N041,0.8500000000000001,0.41,0.0,0.41,False,False
1,0,N041,0.9,0.41,0.0,0.41,False,False
1,0,N041,0.9500000000000001,0.41,0.0,0.41,False,False
1,0,N041,1.0,0.29235294117647065,0.11764705882352933,0.41,False,False
1,0,N042,0.0,0.41,0.0,0.41,False,False
1,0,N042,0.05,0.41,0.0,0.41,False,False
1,0,N042,0.1,0.41,0.0,0.41,False,False
1,0,N042,0.15000000000000002,0.41,0.0,0.41,False,False
1,0,N042,0.2,0.41,0.0,0.41,False,False
1,0,N042,0.25,0.41,0.0,0.41,False,False
1,0,N042,0.30000000000000004,0.41,0.0,0.41,False,False
1,0,N042,0.35000000000000003,0.41,0.0,0.41,False,False
1,0,N042,0.4,0.41,0.0,0.41,False,False
1,0,N042,0.45,0.41,0.0,0.41,False,False
1,0,N042,0.5,0.41,0.0,0.41,False,False
1,0,N042,0.55,0.41,0.0,0.41,False,False
1,0,N042,0.6000000000000001,0.41,0.0,0.41,False,False
1,0,N042,0.65,0.41,0.0,0.41,False,False
1,0,N042,0.7000000000000001,0.41,0.0,0.41,False,False
1,0,N042,0.75,0.41,0.0,0.41,False,False
1,0,N042,0.8,0.41,0.0,0.41,False,False
1,0,N042,0.8500000000000001,0.41,0.0,0.41,False,False
1,0,N042,0.9,0.41,0.0,0.41,False,False
1,0,N042,0.9500000000000001,0.41,0.0,0.41,False,False
1,0,N042,1.0,0.3070588235294118,0.1029411764705882,0.41,False,False
1,0,N043,0.0,0.41,0.0,0.41,False,False
1,0,N043,0.05,0.41,0.0,0.41,False,False
1,0,N043,0.1,0.41,0.0,0.41,False,False
1,0,N043,0.15000000000000002,0.41,0.0,0.41,False,False
1,0,N043,0.2,0.41,0.0,0.41,False,False
1,0,N043,0.25,0.41,0.0,0.41,False,False
1,0,N043,0.30000000000000004,0.41,0.0,0.41,False,False
1,0,N043,0.35000000000000003,0.41,0.0,0.41,False,False
1,0,N043,0.4,0.41,0.0,0.41,False,False
1,0,N043,0.45,0.41,0.0,0.41,False,False
1,0,N043,0.5,0.41,0.0,0.41,False,False
1,0,N043,0.55,0.41,0.0,0.41,False,False
1,0,N043,0.6000000000000001,0.41,0.0,0.41,False,False
1,0,N043,0.65,0.41,0.0,0.41,False,False
1,0,N043,0.7000000000000001,0.41,0.0,0.41,False,False
1,0,N043,0.75,0.41,0.0,0.41,False,False
1,0,N043,0.8,0.41,0.0,0.41,False,False
1,0,N043,0.8500000000000001,0.41,0.0,0.41,False,False
1,0,N043,0.9,0.41,0.0,0.41,False,False
1,0,N043,0.9500000000000001,0.41,0.0,0.41,False,False
1,0,N043,1.0,0.2961764705882353,0.11382352941176466,0.41,False,False
1,0,N044,0.0,0.41,0.0,0.41,False,False
1,0,N044,0.05,0.41,0.0,0.41,False,False
1,0,N044,0.1,0.41,0.0,0.41,False,False
1,0,N044,0.15000000000000002,0.41,0.0,0.41,False,False
1,0,N044,0.2,0.41,0.0,0.41,False,False
1,0,N044,0.25,0.41,0.0,0.41,False,False
1,0,N044,0.30000000000000004,0.41,0.0,0.41,False,False
1,0,N044,0.35000000000000003,0.41,0.0,0.41,False,False
1,0,N044,0.4,0.41,0.0,0.41,False,False
1,0,N044,0.45,0.41,0.0,0.41,False,False
1,0,N044,0.5,0.41,0.0,0.41,False,False
1,0,N044,0.55,0.41,0.0,0.41,False,False
1,0,N044,0.6000000000000001,0.41,0.0,0.41,False,False
1,0,N044,0.65,0.41,0.0,0.41,False,False
1,0,N044,0.7000000000000001,0.41,0.0,0.41,False,False
1,0,N044,0.75,0.41,0.0,0.41,False,False
1,0,N044,0.8,0.41,0.0,0.41,False,False
1,0,N044,0.8500000000000001,0.41,0.0,0.41,False,False
1,0,N044,0.9,0.41,0.0,0.41,False,False
1,0,N044,0.9500000000000001,0.41,0.0,0.41,False,False
1,0,N044,1.0,0.29352941176470587,0.1164705882352941,0.41,False,False
1,0,N045,0.0,0.41,0.0,0.41,False,False
1,0,N045,0.05,0.41,0.0,0.41,False,False
1,0,N045,0.1,0.41,0.0,0.41,False,False
1,0,N045,0.15000000000000002,0.41,0.0,0.41,False,False
1,0,N045,0.2,0.41,0.0,0.41,False,False
1,0,N045,0.25,0.41,0.0,0.41,False,False
1,0,N045,0.30000000000000004,0.41,0.0,0.41,False,False
1,0,N045,0.35000000000000003,0.41,0.0,0.41,False,False
1,0,N045,0.4,0.41,0.0,0.41,False,False
1,0,N045,0.45,0.41,0.0,0.41,False,False
1,0,N045,0.5,0.41,0.0,0.41,False,False
1,0,N045,0.55,0.41,0.0,0.41,False,False
1,0,N045,0.6000000000000001,0.41,0.0,0.41,False,False
1,0,N045,0.65,0.41,0.0,0.41,False,False
1,0,N045,0.7000000000000001,0.41,0.0,0.41,False,False
1,0,N045,0.75,0.41,0.0,0.41,False,False
1,0,N045,0.8,0.41,0.0,0.41,False,False
1,0,N045,0.8500000000000001,0.41,0.0,0.41,False,False
1,0,N045,0.9,0.41,0.0,0.41,False,False
1,0,N045,0.9500000000000001,0.41,0.0,0.41,False,False
1,0,N045,1.0,0.2944117647058824,0.1155882352941176,0.41,False,False
1,0,N046,0.0,0.41,0.0,0.41,False,False
1,0,N046,0.05,0.41,0.0,0.41,False,False
1,0,N046,0.1,0.41,0.0,0.41,False,False
1,0,N046,0.15000000000000002,0.41,0.0,0.41,False,False
1,0,N046,0.2,0.41,0.0,0.41,False,False
1,0,N046,0.25,0.41,0.0,0.41,False,False
1,0,N046,0.30000000000000004,0.41,0.0,0.41,False,False
1,0,N046,0.35000000000000003,0.41,0.0,0.41,False,False
1,0,N046,0.4,0.41,0.0,0.41,False,False
1,0,N046,0.45,0.41,0.0,0.41,False,False
1,0,N046,0.5,0.41,0.0,0.41,False,False
1,0,N046,0.55,0.41,0.0,0.41,False,False
1,0,N046,0.6000000000000001,0.41,0.0,0.41,False,False
1,0,N046,0.65,0.41,0.0,0.41,False,False
1,0,N046,0.7000000000000001,0.41,0.0,0.41,False,False
1,0,N046,0.75,0.41,0.0,0.41,False,False
1,0,N046,0.8,0.41,0.0,0.41,False,False
1,0,N046,0.8500000000000001,0.41,0.0,0.41,False,False
1,0,N046,0.9,0.41,0.0,0.41,False,False
1,0,N046,0.9500000000000001,0.41,0.0,0.41,False,False
1,0,N046,1.0,0.30294117647058827,0.1070588235294117,0.41,False,False
1,0,N047,0.0,0.41,0.0,0.41,False,False
1,0,N047,0.05,0.41,0.0,0.41,False,False
1,0,N047,0.1,0.41,0.0,0.41,False,False
1,0,N047,0.15000000000000002,0.41,0.0,0.41,False,False
1,0,N047,0.2,0.41,0.0,0.41,False,False
1,0,N047,0.25,0.41,0.0,0.41,False,False
1,0,N047,0.30000000000000004,0.41,0.0,0.41,False,False
1,0,N047,0.35000000000000003,0.41,0.0,0.41,False,False
1,0,N047,0.4,0.41,0.0,0.41,False,False
1,0,N047,0.45,0.41,0.0,0.41,False,False
1,0,N047,0.5,0.41,0.0,0.41,False,False
1,0,N047,0.55,0.41,0.0,0.41,False,False
1,0,N047,0.6000000000000001,0.41,0.0,0.41,False,False
1,0,N047,0.65,0.41,0.0,0.41,False,False
1,0,N047,0.7000000000000001,0.41,0.0,0.41,False,False
1,0,N047,0.75,0.41,0.0,0.41,False,False
1,0,N047,0.8,0.41,0.0,0.41,False,False
1,0,N047,0.8500000000000001,0.41,0.0,0.41,False,False
1,0,N047,0.9,0.41,0.0,0.41,False,False
1,0,N047,0.9500000000000001,0.41,0.0,0.41,False,False
1,0,N047,1.0,0.3073529411764706,0.10264705882352937,0.41,False,False
1,0,N048,0.0,0.41,0.0,0.41,False,False
1,0,N048,0.05,0.41,0.0,0.41,False,False
1,0,N048,0.1,0.41,0.0,0.41,False,False
1,0,N048,0.15000000000000002,0.41,0.0,0.41,False,False
1,0,N048,0.2,0.41,0.0,0.41,False,False
1,0,N048,0.25,0.41,0.0,0.41,False,False
1,0,N048,0.30000000000000004,0.41,0.0,0.41,False,False
1,0,N048,0.35000000000000003,0.41,0.0,0.41,False,False
1,0,N048,0.4,0.41,0.0,0.41,False,False
1,0,N048,0.45,0.41,0.0,0.41,False,False
1,0,N048,0.5,0.41,0.0,0.41,False,False
1,0,N048,0.55,0.41,0.0,0.41,False,False
1,0,N048,0.6000000000000001,0.41,0.0,0.41,False,False
1,0,N048,0.65,0.41,0.0,0.41,False,False
1,0,N048,0.7000000000000001,0.41,0.0,0.41,False,False
1,0,N048,0.75,0.41,0.0,0.41,False,False
1,0,N048,0.8,0.41,0.0,0.41,False,False
1,0,N048,0.8500000000000001,0.41,0.0,0.41,False,False
1,0,N048,0.9,0.41,0.0,0.41,False,False
1,0,N048,0.9500000000000001,0.41,0.0,0.41,False,False
1,0,N048,1.0,0.32441176470588234,0.08558823529411763,0.41,False,False
1,0,N049,0.0,0.41,0.0,0.41,False,False
1,0,N049,0.05,0.41,0.0,0.41,False,False
1,0,N049,0.1,0.41,0.0,0.41,False,False
1,0,N049,0.15000000000000002,0.41,0.0,0.41,False,False
1,0,N049,0.2,0.41,0.0,0.41,False,False
1,0,N049,0.25,0.41,0.0,0.41,False,False
1,0,N049,0.30000000000000004,0.41,0.0,0.41,False,False
1,0,N049,0.35000000000000003,0.41,0.0,0.41,False,False
1,0,N049,0.4,0.41,0.0,0.41,False,False
1,0,N049,0.45,0.41,0.0,0.41,False,False
1,0,N049,0.5,0.41,0.0,0.41,False,False
1,0,N049,0.55,0.41,0.0,0.41,False,False
1,0,N049,0.6000000000000001,0.41,0.0,0.41,False,False
1,0,N049,0.65,0.41,0.0,0.41,False,False
1,0,N049,0.7000000000000001,0.41,0.0,0.41,False,False
1,0,N049,0.75,0.41,0.0,0.41,False,False
1,0,N049,0.8,0.41,0.0,0.41,False,False
1,0,N049,0.8500000000000001,0.41,0.0,0.41,False,False
1,0,N049,0.9,0.41,0.0,0.41,False,False
1,0,N049,0.9500000000000001,0.41,0.0,0.41,False,False
1,0,N049,1.0,0.29647058823529415,0.11352941176470582,0.41,False,False
1,0,N050,0.0,0.41,0.0,0.41,False,False
1,0,N050,0.05,0.41,0.0,0.41,False,False
1,0,N050,0.1,0.41,0.0,0.41,False,False
1,0,N050,0.15000000000000002,0.41,0.0,0.41,False,False
1,0,N050,0.2,0.41,0.0,0.41,False,False
1,0,N050,0.25,0.41,0.0,0.41,False,False
1,0,N050,0.30000000000000004,0.41,0.0,0.41,False,False
1,0,N050,0.35000000000000003,0.41,0.0,0.41,False,False
1,0,N050,0.4,0.41,0.0,0.41,False,False
1,0,N050,0.45,0.41,0.0,0.41,False,False
1,0,N050,0.5,0.41,0.0,0.41,False,False
1,0,N050,0.55,0.41,0.0,0.41,False,False
1,0,N050,0.6000000000000001,0.41,0.0,0.41,False,False
1,0,N050,0.65,0.41,0.0,0.41,False,False
1,0,N050,0.7000000000000001,0.41,0.0,0.41,False,False
1,0,N050,0.75,0.41,0.0,0.41,False,False
1,0,N050,0.8,0.41,0.0,0.41,False,False
1,0,N050,0.8500000000000001,0.41,0.0,0.41,False,False
1,0,N050,0.9,0.41,0.0,0.41,False,False
1,0,N050,0.9500000000000001,0.41,0.0,0.41,False,False
1,0,N050,1.0,0.2891176470588236,0.12088235294117639,0.41,False,False
1,1,P,0.0,0.40058823529411763,0.0,0.40058823529411763,False,False
1,1,P,0.05,0.40058823529411763,0.0,0.40058823529411763,False,False
1,1,P,0.1,0.40058823529411763,0.0,0.40058823529411763,False,False
1,1,P,0.15000000000000002,0.40058823529411763,0.0,0.40058823529411763,False,False
1,1,P,0.2,0.40058823529411763,0.0,0.40058823529411763,False,False
1,1,P,0.25,0.40058823529411763,0.0,0.40058823529411763,False,False
1,1,P,0.30000000000000004,0.40058823529411763,0.0,0.40058823529411763,False,False
1,1,P,0.35000000000000003,0.40058823529411763,0.0,0.40058823529411763,False,False
1,1,P,0.4,0.40058823529411763,0.0,0.40058823529411763,False,False
1,1,P,0.45,0.40058823529411763,0.0,0.40058823529411763,False,False
1,1,P,0.5,0.40058823529411763,0.0,0.40058823529411763,False,False
1,1,P,0.55,0.40058823529411763,0.0,0.40058823529411763,False,False
1,1,P,0.6000000000000001,0.40058823529411763,0.0,0.40058823529411763,False,False
1,1,P,0.65,0.40058823529411763,0.0,0.40058823529411763,False,False
1,1,P,0.7000000000000001,0.40058823529411763,0.0,0.40058823529411763,False,False
1,1,P,0.75,0.40058823529411763,0.0,0.40058823529411763,False,False
1,1,P,0.8,0.40058823529411763,0.0,0.40058823529411763,False,False
1,1,P,0.8500000000000001,0.40058823529411763,0.0,0.40058823529411763,False,False
1,1,P,0.9,0.40058823529411763,0.0,0.40058823529411763,False,False
1,1,P,0.9500000000000001,0.40058823529411763,0.0,0.40058823529411763,False,False
1,1,P,1.0,0.3676470588235294,0.03294117647058825,0.40058823529411763,False,False
1,1,N001,0.0,0.40058823529411763,0.0,0.40058823529411763,False,False
1,1,N001,0.05,0.40058823529411763,0.0,0.40058823529411763,False,False
1,1,N001,0.1,0.40058823529411763,0.0,0.40058823529411763,False,False
1,1,N001,0.15000000000000002,0.40058823529411763,0.0,0.40058823529411763,False,False
1,1,N001,0.2,0.40058823529411763,0.0,0.40058823529411763,False,False
1,1,N001,0.25,0.40058823529411763,0.0,0.40058823529411763,False,False
1,1,N001,0.30000000000000004,0.40058823529411763,0.0,0.40058823529411763,False,False
1,1,N001,0.35000000000000003,0.40058823529411763,0.0,0.40058823529411763,False,False
1,1,N001,0.4,0.40058823529411763,0.0,0.40058823529411763,False,False
1,1,N001,0.45,0.40058823529411763,0.0,0.40058823529411763,False,False
1,1,N001,0.5,0.40058823529411763,0.0,0.40058823529411763,False,False
1,1,N001,0.55,0.40058823529411763,0.0,0.40058823529411763,False,False
1,1,N001,0.6000000000000001,0.40058823529411763,0.0,0.40058823529411763,False,False
1,1,N001,0.65,0.40058823529411763,0.0,0.40058823529411763,False,False
1,1,N001,0.7000000000000001,0.40058823529411763,0.0,0.40058823529411763,False,False
1,1,N001,0.75,0.40058823529411763,0.0,0.40058823529411763,False,False
1,1,N001,0.8,0.40058823529411763,0.0,0.40058823529411763,False,False
1,1,N001,0.8500000000000001,0.40058823529411763,0.0,0.40058823529411763,False,False
1,1,N001,0.9,0.40058823529411763,0.0,0.40058823529411763,False,False
1,1,N001,0.9500000000000001,0.40058823529411763,0.0,0.40058823529411763,False,False
1,1,N001,1.0,0.3547058823529412,0.04588235294117643,0.40058823529411763,False,False
1,1,N002,0.0,0.40058823529411763,0.0,0.40058823529411763,False,False
1,1,N002,0.05,0.40058823529411763,0.0,0.40058823529411763,False,False
1,1,N002,0.1,0.40058823529411763,0.0,0.40058823529411763,False,False
1,1,N002,0.15000000000000002,0.40058823529411763,0.0,0.40058823529411763,False,False
1,1,N002,0.2,0.40058823529411763,0.0,0.40058823529411763,False,False
1,1,N002,0.25,0.40058823529411763,0.0,0.40058823529411763,False,False
1,1,N002,0.30000000000000004,0.40058823529411763,0.0,0.40058823529411763,False,False
1,1,N002,0.35000000000000003,0.40058823529411763,0.0,0.40058823529411763,False,False
1,1,N002,0.4,0.40058823529411763,0.0,0.40058823529411763,False,False
1,1,N002,0.45,0.40058823529411763,0.0,0.40058823529411763,False,False
1,1,N002,0.5,0.40058823529411763,0.0,0.40058823529411763,False,False
1,1,N002,0.55,0.40058823529411763,0.0,0.40058823529411763,False,False
1,1,N002,0.6000000000000001,0.40058823529411763,0.0,0.40058823529411763,False,False
1,1,N002,0.65,0.40058823529411763,0.0,0.40058823529411763,False,False
1,1,N002,0.7000000000000001,0.40058823529411763,0.0,0.40058823529411763,False,False
1,1,N002,0.75,0.40058823529411763,0.0,0.40058823529411763,False,False
1,1,N002,0.8,0.40058823529411763,0.0,0.40058823529411763,False,False
1,1,N002,0.8500000000000001,0.40058823529411763,0.0,0.40058823529411763,False,False
1,1,N002,0.9,0.40058823529411763,0.0,0.40058823529411763,False,False
1,1,N002,0.9500000000000001,0.40058823529411763,0.0,0.40058823529411763,False,False
1,1,N002,1.0,0.3314705882352942,0.06911764705882345,0.40058823529411763,False,False
1,1,N003,0.0,0.40058823529411763,0.0,0.40058823529411763,False,False
1,1,N003,0.05,0.40058823529411763,0.0,0.40058823529411763,False,False
1,1,N003,0.1,0.40058823529411763,0.0,0.40058823529411763,False,False
1,1,N003,0.15000000000000002,0.40058823529411763,0.0,0.40058823529411763,False,False
1,1,N003,0.2,0.40058823529411763,0.0,0.40058823529411763,False,False
1,1,N003,0.25,0.40058823529411763,0.0,0.40058823529411763,False,False
1,1,N003,0.30000000000000004,0.40058823529411763,0.0,0.40058823529411763,False,False
1,1,N003,0.35000000000000003,0.40058823529411763,0.0,0.40058823529411763,False,False
1,1,N003,0.4,0.40058823529411763,0.0,0.40058823529411763,False,False
1,1,N003,0.45,0.40058823529411763,0.0,0.40058823529411763,False,False
1,1,N003,0.5,0.40058823529411763,0.0,0.40058823529411763,False,False
1,1,N003,0.55,0.40058823529411763,0.0,0.40058823529411763,False,False
1,1,N003,0.6000000000000001,0.40058823529411763,0.0,0.40058823529411763,False,False
1,1,N003,0.65,0.40058823529411763,0.0,0.40058823529411763,False,False
1,1,N003,0.7000000000000001,0.40058823529411763,0.0,0.40058823529411763,False,False
1,1,N003,0.75,0.40058823529411763,0.0,0.40058823529411763,False,False
1,1,N003,0.8,0.40058823529411763,0.0,0.40058823529411763,False,False
1,1,N003,0.8500000000000001,0.40058823529411763,0.0,0.40058823529411763,False,False
1,1,N003,0.9,0.40058823529411763,0.0,0.40058823529411763,False,False
1,1,N003,0.9500000000000001,0.40058823529411763,0.0,0.40058823529411763,False,False
1,1,N003,1.0,0.3370588235294118,0.06352941176470583,0.40058823529411763,False,False
1,1,N004,0.0,0.40058823529411763,0.0,0.40058823529411763,False,False
1,1,N004,0.05,0.40058823529411763,0.0,0.40058823529411763,False,False
1,1,N004,0.1,0.40058823529411763,0.0,0.40058823529411763,False,False
1,1,N004,0.15000000000000002,0.40058823529411763,0.0,0.40058823529411763,False,False
1,1,N004,0.2,0.40058823529411763,0.0,0.40058823529411763,False,False
1,1,N004,0.25,0.40058823529411763,0.0,0.40058823529411763,False,False
1,1,N004,0.30000000000000004,0.40058823529411763,0.0,0.40058823529411763,False,False
1,1,N004,0.35000000000000003,0.40058823529411763,0.0,0.40058823529411763,False,False
1,1,N004,0.4,0.40058823529411763,0.0,0.40058823529411763,False,False
1,1,N004,0.45,0.40058823529411763,0.0,0.40058823529411763,False,False
1,1,N004,0.5,0.40058823529411763,0.0,0.40058823529411763,False,False
1,1,N004,0.55,0.40058823529411763,0.0,0.40058823529411763,False,False
1,1,N004,0.6000000000000001,0.40058823529411763,0.0,0.40058823529411763,False,False
1,1,N004,0.65,0.40058823529411763,0.0,0.40058823529411763,False,False
1,1,N004,0.7000000000000001,0.40058823529411763,0.0,0.40058823529411763,False,False
1,1,N004,0.75,0.40058823529411763,0.0,0.40058823529411763,False,False
1,1,N004,0.8,0.40058823529411763,0.0,0.40058823529411763,False,False
1,1,N004,0.8500000000000001,0.40058823529411763,0.0,0.40058823529411763,False,False
1,1,N004,0.9,0.40058823529411763,0.0,0.40058823529411763,False,False
1,1,N004,0.9500000000000001,0.40058823529411763,0.0,0.40058823529411763,False,False
1,1,N004,1.0,0.3638235294117647,0.03676470588235292,0.40058823529411763,False,False
1,1,N005,0.0,0.40058823529411763,0.0,0.40058823529411763,False,False
1,1,N005,0.05,0.40058823529411763,0.0,0.40058823529411763,False,False
1,1,N005,0.1,0.40058823529411763,0.0,0.40058823529411763,False,False
1,1,N005,0.15000000000000002,0.40058823529411763,0.0,0.40058823529411763,False,False
1,1,N005,0.2,0.40058823529411763,0.0,0.40058823529411763,False,False
1,1,N005,0.25,0.40058823529411763,0.0,0.40058823529411763,False,False
1,1,N005,0.30000000000000004,0.40058823529411763,0.0,0.40058823529411763,False,False
1,1,N005,0.35000000000000003,0.40058823529411763,0.0,0.40058823529411763,False,False
1,1,N005,0.4,0.40058823529411763,0.0,0.40058823529411763,False,False
1,1,N005,0.45,0.40058823529411763,0.0,0.40058823529411763,False,False
1,1,N005,0.5,0.40058823529411763,0.0,0.40058823529411763,False,False
1,1,N005,0.55,0.40058823529411763,0.0,0.40058823529411763,False,False
1,1,N005,0.6000000000000001,0.40058823529411763,0.0,0.40058823529411763,False,False
1,1,N005,0.65,0.40058823529411763,0.0,0.40058823529411763,False,False
1,1,N005,0.7000000000000001,0.40058823529411763,0.0,0.40058823529411763,False,False
1,1,N005,0.75,0.40058823529411763,0.0,0.40058823529411763,False,False
1,1,N005,0.8,0.40058823529411763,0.0,0.40058823529411763,False,False
1,1,N005,0.8500000000000001,0.40058823529411763,0.0,0.40058823529411763,False,False
1,1,N005,0.9,0.40058823529411763,0.0,0.40058823529411763,False,False
1,1,N005,0.9500000000000001,0.40058823529411763,0.0,0.40058823529411763,False,False
1,1,N005,1.0,0.36382352941176466,0.03676470588235298,0.40058823529411763,False,False
1,1,N006,0.0,0.40058823529411763,0.0,0.40058823529411763,False,False
1,1,N006,0.05,0.40058823529411763,0.0,0.40058823529411763,False,False
1,1,N006,0.1,0.40058823529411763,0.0,0.40058823529411763,False,False
1,1,N006,0.15000000000000002,0.40058823529411763,0.0,0.40058823529411763,False,False
1,1,N006,0.2,0.40058823529411763,0.0,0.40058823529411763,False,False
1,1,N006,0.25,0.40058823529411763,0.0,0.40058823529411763,False,False
1,1,N006,0.30000000000000004,0.40058823529411763,0.0,0.40058823529411763,False,False
1,1,N006,0.35000000000000003,0.40058823529411763,0.0,0.40058823529411763,False,False
1,1,N006,0.4,0.40058823529411763,0.0,0.40058823529411763,False,False
1,1,N006,0.45,0.40058823529411763,0.0,0.40058823529411763,False,False
1,1,N006,0.5,0.40058823529411763,0.0,0.40058823529411763,False,False
1,1,N006,0.55,0.40058823529411763,0.0,0.40058823529411763,False,False
1,1,N006,0.6000000000000001,0.40058823529411763,0.0,0.40058823529411763,False,False
1,1,N006,0.65,0.40058823529411763,0.0,0.40058823529411763,False,False
1,1,N006,0.7000000000000001,0.40058823529411763,0.0,0.40058823529411763,False,False
1,1,N006,0.75,0.40058823529411763,0.0,0.40058823529411763,False,False
1,1,N006,0.8,0.40058823529411763,0.0,0.40058823529411763,False,False
1,1,N006,0.8500000000000001,0.40058823529411763,0.0,0.40058823529411763,False,False
1,1,N006,0.9,0.40058823529411763,0.0,0.40058823529411763,False,False
1,1,N006,0.9500000000000001,0.40058823529411763,0.0,0.40058823529411763,False,False
1,1,N006,1.0,0.356764705882353,0.04382352941176465,0.40058823529411763,False,False
1,1,N007,0.0,0.40058823529411763,0.0,0.40058823529411763,False,False
1,1,N007,0.05,0.40058823529411763,0.0,0.40058823529411763,False,False
1,1,N007,0.1,0.40058823529411763,0.0,0.40058823529411763,False,False
1,1,N007,0.15000000000000002,0.40058823529411763,0.0,0.40058823529411763,False,False
1,1,N007,0.2,0.40058823529411763,0.0,0.40058823529411763,False,False
1,1,N007,0.25,0.40058823529411763,0.0,0.40058823529411763,False,False
1,1,N007,0.30000000000000004,0.40058823529411763,0.0,0.40058823529411763,False,False
1,1,N007,0.35000000000000003,0.40058823529411763,0.0,0.40058823529411763,False,False
1,1,N007,0.4,0.40058823529411763,0.0,0.40058823529411763,False,False
1,1,N007,0.45,0.40058823529411763,0.0,0.40058823529411763,False,False
1,1,N007,0.5,0.40058823529411763,0.0,0.40058823529411763,False,False
1,1,N007,0.55,0.40058823529411763,0.0,0.40058823529411763,False,False
1,1,N007,0.6000000000000001,0.40058823529411763,0.0,0.40058823529411763,False,False
1,1,N007,0.65,0.40058823529411763,0.0,0.40058823529411763,False,False
1,1,N007,0.7000000000000001,0.40058823529411763,0.0,0.40058823529411763,False,False
1,1,N007,0.75,0.40058823529411763,0.0,0.40058823529411763,False,False
1,1,N007,0.8,0.40058823529411763,0.0,0.40058823529411763,False,False
1,1,N007,0.8500000000000001,0.40058823529411763,0.0,0.40058823529411763,False,False
1,1,N007,0.9,0.40058823529411763,0.0,0.40058823529411763,False,False
1,1,N007,0.9500000000000001,0.40058823529411763,0.0,0.40058823529411763,False,False
1,1,N007,1.0,0.35,0.050588235294117656,0.40058823529411763,False,False
1,1,N008,0.0,0.40058823529411763,0.0,0.40058823529411763,False,False
1,1,N008,0.05,0.40058823529411763,0.0,0.40058823529411763,False,False
1,1,N008,0.1,0.40058823529411763,0.0,0.40058823529411763,False,False
1,1,N008,0.15000000000000002,0.40058823529411763,0.0,0.40058823529411763,False,False
1,1,N008,0.2,0.40058823529411763,0.0,0.40058823529411763,False,False
1,1,N008,0.25,0.40058823529411763,0.0,0.40058823529411763,False,False
1,1,N008,0.30000000000000004,0.40058823529411763,0.0,0.40058823529411763,False,False
1,1,N008,0.35000000000000003,0.40058823529411763,0.0,0.40058823529411763,False,False
1,1,N008,0.4,0.40058823529411763,0.0,0.40058823529411763,False,False
1,1,N008,0.45,0.40058823529411763,0.0,0.40058823529411763,False,False
1,1,N008,0.5,0.40058823529411763,0.0,0.40058823529411763,False,False
1,1,N008,0.55,0.40058823529411763,0.0,0.40058823529411763,False,False
1,1,N008,0.6000000000000001,0.40058823529411763,0.0,0.40058823529411763,False,False
1,1,N008,0.65,0.40058823529411763,0.0,0.40058823529411763,False,False
1,1,N008,0.7000000000000001,0.40058823529411763,0.0,0.40058823529411763,False,False
1,1,N008,0.75,0.40058823529411763,0.0,0.40058823529411763,False,False
1,1,N008,0.8,0.40058823529411763,0.0,0.40058823529411763,False,False
1,1,N008,0.8500000000000001,0.40058823529411763,0.0,0.40058823529411763,False,False
1,1,N008,0.9,0.40058823529411763,0.0,0.40058823529411763,False,False
1,1,N008,0.9500000000000001,0.40058823529411763,0.0,0.40058823529411763,False,False
1,1,N008,1.0,0.33352941176470585,0.06705882352941178,0.40058823529411763,False,False
1,1,N009,0.0,0.40058823529411763,0.0,0.40058823529411763,False,False
1,1,N009,0.05,0.40058823529411763,0.0,0.40058823529411763,False,False
1,1,N009,0.1,0.40058823529411763,0.0,0.40058823529411763,False,False
1,1,N009,0.15000000000000002,0.40058823529411763,0.0,0.40058823529411763,False,False
1,1,N009,0.2,0.40058823529411763,0.0,0.40058823529411763,False,False
1,1,N009,0.25,0.40058823529411763,0.0,0.40058823529411763,False,False
1,1,N009,0.30000000000000004,0.40058823529411763,0.0,0.40058823529411763,False,False
1,1,N009,0.35000000000000003,0.40058823529411763,0.0,0.40058823529411763,False,False
1,1,N009,0.4,0.40058823529411763,0.0,0.40058823529411763,False,False
1,1,N009,0.45,0.40058823529411763,0.0,0.40058823529411763,False,False
1,1,N009,0.5,0.40058823529411763,0.0,0.40058823529411763,False,False
1,1,N009,0.55,0.40058823529411763,0.0,0.40058823529411763,False,False
1,1,N009,0.6000000000000001,0.40058823529411763,0.0,0.40058823529411763,False,False
1,1,N009,0.65,0.40058823529411763,0.0,0.40058823529411763,False,False
1,1,N009,0.7000000000000001,0.40058823529411763,0.0,0.40058823529411763,False,False
1,1,N009,0.75,0.40058823529411763,0.0,0.40058823529411763,False,False
1,1,N009,0.8,0.40058823529411763,0.0,0.40058823529411763,False,False
1,1,N009,0.8500000000000001,0.40058823529411763,0.0,0.40058823529411763,False,False
1,1,N009,0.9,0.40058823529411763,0.0,0.40058823529411763,False,False
1,1,N009,0.9500000000000001,0.40058823529411763,0.0,0.40058823529411763,False,False
1,1,N009,1.0,0.3305882352941177,0.06999999999999995,0.40058823529411763,False,False
1,1,N010,0.0,0.40058823529411763,0.0,0.40058823529411763,False,False
1,1,N010,0.05,0.40058823529411763,0.0,0.40058823529411763,False,False
1,1,N010,0.1,0.40058823529411763,0.0,0.40058823529411763,False,False
1,1,N010,0.15000000000000002,0.40058823529411763,0.0,0.40058823529411763,False,False
1,1,N010,0.2,0.40058823529411763,0.0,0.40058823529411763,False,False
1,1,N010,0.25,0.40058823529411763,0.0,0.40058823529411763,False,False
1,1,N010,0.30000000000000004,0.40058823529411763,0.0,0.40058823529411763,False,False
1,1,N010,0.35000000000000003,0.40058823529411763,0.0,0.40058823529411763,False,False
1,1,N010,0.4,0.40058823529411763,0.0,0.40058823529411763,False,False
1,1,N010,0.45,0.40058823529411763,0.0,0.40058823529411763,False,False
1,1,N010,0.5,0.40058823529411763,0.0,0.40058823529411763,False,False
1,1,N010,0.55,0.40058823529411763,0.0,0.40058823529411763,False,False
1,1,N010,0.6000000000000001,0.40058823529411763,0.0,0.40058823529411763,False,False
1,1,N010,0.65,0.40058823529411763,0.0,0.40058823529411763,False,False
1,1,N010,0.7000000000000001,0.40058823529411763,0.0,0.40058823529411763,False,False
1,1,N010,0.75,0.40058823529411763,0.0,0.40058823529411763,False,False
1,1,N010,0.8,0.40058823529411763,0.0,0.40058823529411763,False,False
1,1,N010,0.8500000000000001,0.40058823529411763,0.0,0.40058823529411763,False,False
1,1,N010,0.9,0.40058823529411763,0.0,0.40058823529411763,False,False
1,1,N010,0.9500000000000001,0.40058823529411763,0.0,0.40058823529411763,False,False
1,1,N010,1.0,0.3594117647058824,0.04117647058823526,0.40058823529411763,False,False
1,1,N011,0.0,0.40058823529411763,0.0,0.40058823529411763,False,False
1,1,N011,0.05,0.40058823529411763,0.0,0.40058823529411763,False,False
1,1,N011,0.1,0.40058823529411763,0.0,0.40058823529411763,False,False
1,1,N011,0.15000000000000002,0.40058823529411763,0.0,0.40058823529411763,False,False
1,1,N011,0.2,0.40058823529411763,0.0,0.40058823529411763,False,False
1,1,N011,0.25,0.40058823529411763,0.0,0.40058823529411763,False,False
1,1,N011,0.30000000000000004,0.40058823529411763,0.0,0.40058823529411763,False,False
1,1,N011,0.35000000000000003,0.40058823529411763,0.0,0.40058823529411763,False,False
1,1,N011,0.4,0.40058823529411763,0.0,0.40058823529411763,False,False
1,1,N011,0.45,0.40058823529411763,0.0,0.40058823529411763,False,False
1,1,N011,0.5,0.40058823529411763,0.0,0.40058823529411763,False,False
1,1,N011,0.55,0.40058823529411763,0.0,0.40058823529411763,False,False
1,1,N011,0.6000000000000001,0.40058823529411763,0.0,0.40058823529411763,False,False
1,1,N011,0.65,0.40058823529411763,0.0,0.40058823529411763,False,False
1,1,N011,0.7000000000000001,0.40058823529411763,0.0,0.40058823529411763,False,False
1,1,N011,0.75,0.40058823529411763,0.0,0.40058823529411763,False,False
1,1,N011,0.8,0.40058823529411763,0.0,0.40058823529411763,False,False
1,1,N011,0.8500000000000001,0.40058823529411763,0.0,0.40058823529411763,False,False
1,1,N011,0.9,0.40058823529411763,0.0,0.40058823529411763,False,False
1,1,N011,0.9500000000000001,0.40058823529411763,0.0,0.40058823529411763,False,False
1,1,N011,1.0,0.3329411764705882,0.06764705882352945,0.40058823529411763,False,False
1,1,N012,0.0,0.40058823529411763,0.0,0.40058823529411763,False,False
1,1,N012,0.05,0.40058823529411763,0.0,0.40058823529411763,False,False
1,1,N012,0.1,0.40058823529411763,0.0,0.40058823529411763,False,False
1,1,N012,0.15000000000000002,0.40058823529411763,0.0,0.40058823529411763,False,False
1,1,N012,0.2,0.40058823529411763,0.0,0.40058823529411763,False,False
1,1,N012,0.25,0.40058823529411763,0.0,0.40058823529411763,False,False
1,1,N012,0.30000000000000004,0.40058823529411763,0.0,0.40058823529411763,False,False
1,1,N012,0.35000000000000003,0.40058823529411763,0.0,0.40058823529411763,False,False
1,1,N012,0.4,0.40058823529411763,0.0,0.40058823529411763,False,False
1,1,N012,0.45,0.40058823529411763,0.0,0.40058823529411763,False,False
1,1,N012,0.5,0.40058823529411763,0.0,0.40058823529411763,False,False
1,1,N012,0.55,0.40058823529411763,0.0,0.40058823529411763,False,False
1,1,N012,0.6000000000000001,0.40058823529411763,0.0,0.40058823529411763,False,False
1,1,N012,0.65,0.40058823529411763,0.0,0.40058823529411763,False,False
1,1,N012,0.7000000000000001,0.40058823529411763,0.0,0.40058823529411763,False,False
1,1,N012,0.75,0.40058823529411763,0.0,0.40058823529411763,False,False
1,1,N012,0.8,0.40058823529411763,0.0,0.40058823529411763,False,False
1,1,N012,0.8500000000000001,0.40058823529411763,0.0,0.40058823529411763,False,False
1,1,N012,0.9,0.40058823529411763,0.0,0.40058823529411763,False,False
1,1,N012,0.9500000000000001,0.40058823529411763,0.0,0.40058823529411763,False,False
1,1,N012,1.0,0.3679411764705882,0.03264705882352942,0.40058823529411763,False,False
1,1,N013,0.0,0.40058823529411763,0.0,0.40058823529411763,False,False
1,1,N013,0.05,0.40058823529411763,0.0,0.40058823529411763,False,False
1,1,N013,0.1,0.40058823529411763,0.0,0.40058823529411763,False,False
1,1,N013,0.15000000000000002,0.40058823529411763,0.0,0.40058823529411763,False,False
1,1,N013,0.2,0.40058823529411763,0.0,0.40058823529411763,False,False
1,1,N013,0.25,0.40058823529411763,0.0,0.40058823529411763,False,False
1,1,N013,0.30000000000000004,0.40058823529411763,0.0,0.40058823529411763,False,False
1,1,N013,0.35000000000000003,0.40058823529411763,0.0,0.40058823529411763,False,False
1,1,N013,0.4,0.40058823529411763,0.0,0.40058823529411763,False,False
1,1,N013,0.45,0.40058823529411763,0.0,0.40058823529411763,False,False
1,1,N013,0.5,0.40058823529411763,0.0,0.40058823529411763,False,False
1,1,N013,0.55,0.40058823529411763,0.0,0.40058823529411763,False,False
1,1,N013,0.6000000000000001,0.40058823529411763,0.0,0.40058823529411763,False,False
1,1,N013,0.65,0.40058823529411763,0.0,0.40058823529411763,False,False
1,1,N013,0.7000000000000001,0.40058823529411763,0.0,0.40058823529411763,False,False
1,1,N013,0.75,0.40058823529411763,0.0,0.40058823529411763,False,False
1,1,N013,0.8,0.40058823529411763,0.0,0.40058823529411763,False,False
1,1,N013,0.8500000000000001,0.40058823529411763,0.0,0.40058823529411763,False,False
1,1,N013,0.9,0.40058823529411763,0.0,0.40058823529411763,False,False
1,1,N013,0.9500000000000001,0.40058823529411763,0.0,0.40058823529411763,False,False
1,1,N013,1.0,0.36617647058823527,0.034411764705882364,0.40058823529411763,False,False
1,1,N014,0.0,0.40058823529411763,0.0,0.40058823529411763,False,False
1,1,N014,0.05,0.40058823529411763,0.0,0.40058823529411763,False,False
1,1,N014,0.1,0.40058823529411763,0.0,0.40058823529411763,False,False
1,1,N014,0.15000000000000002,0.40058823529411763,0.0,0.40058823529411763,False,False
1,1,N014,0.2,0.40058823529411763,0.0,0.40058823529411763,False,False
1,1,N014,0.25,0.40058823529411763,0.0,0.40058823529411763,False,False
1,1,N014,0.30000000000000004,0.40058823529411763,0.0,0.40058823529411763,False,False
1,1,N014,0.35000000000000003,0.40058823529411763,0.0,0.40058823529411763,False,False
1,1,N014,0.4,0.40058823529411763,0.0,0.40058823529411763,False,False
1,1,N014,0.45,0.40058823529411763,0.0,0.40058823529411763,False,False
1,1,N014,0.5,0.40058823529411763,0.0,0.40058823529411763,False,False
1,1,N014,0.55,0.40058823529411763,0.0,0.40058823529411763,False,False
1,1,N014,0.6000000000000001,0.40058823529411763,0.0,0.40058823529411763,False,False
1,1,N014,0.65,0.40058823529411763,0.0,0.40058823529411763,False,False
1,1,N014,0.7000000000000001,0.40058823529411763,0.0,0.40058823529411763,False,False
1,1,N014,0.75,0.40058823529411763,0.0,0.40058823529411763,False,False
1,1,N014,0.8,0.40058823529411763,0.0,0.40058823529411763,False,False
1,1,N014,0.8500000000000001,0.40058823529411763,0.0,0.40058823529411763,False,False
1,1,N014,0.9,0.40058823529411763,0.0,0.40058823529411763,False,False
1,1,N014,0.9500000000000001,0.40058823529411763,0.0,0.40058823529411763,False,False
1,1,N014,1.0,0.33999999999999997,0.060588235294117665,0.40058823529411763,False,False
1,1,N015,0.0,0.40058823529411763,0.0,0.40058823529411763,False,False
1,1,N015,0.05,0.40058823529411763,0.0,0.40058823529411763,False,False
1,1,N015,0.1,0.40058823529411763,0.0,0.40058823529411763,False,False
1,1,N015,0.15000000000000002,0.40058823529411763,0.0,0.40058823529411763,False,False
1,1,N015,0.2,0.40058823529411763,0.0,0.40058823529411763,False,False
1,1,N015,0.25,0.40058823529411763,0.0,0.40058823529411763,False,False
1,1,N015,0.30000000000000004,0.40058823529411763,0.0,0.40058823529411763,False,False
1,1,N015,0.35000000000000003,0.40058823529411763,0.0,0.40058823529411763,False,False
1,1,N015,0.4,0.40058823529411763,0.0,0.40058823529411763,False,False
1,1,N015,0.45,0.40058823529411763,0.0,0.40058823529411763,False,False
1,1,N015,0.5,0.40058823529411763,0.0,0.40058823529411763,False,False
1,1,N015,0.55,0.40058823529411763,0.0,0.40058823529411763,False,False
1,1,N015,0.6000000000000001,0.40058823529411763,0.0,0.40058823529411763,False,False
1,1,N015,0.65,0.40058823529411763,0.0,0.40058823529411763,False,False
1,1,N015,0.7000000000000001,0.40058823529411763,0.0,0.40058823529411763,False,False
1,1,N015,0.75,0.40058823529411763,0.0,0.40058823529411763,False,False
1,1,N015,0.8,0.40058823529411763,0.0,0.40058823529411763,False,False
1,1,N015,0.8500000000000001,0.40058823529411763,0.0,0.40058823529411763,False,False
1,1,N015,0.9,0.40058823529411763,0.0,0.40058823529411763,False,False
1,1,N015,0.9500000000000001,0.40058823529411763,0.0,0.40058823529411763,False,False
1,1,N015,1.0,0.3338235294117647,0.06676470588235295,0.40058823529411763,False,False
1,1,N016,0.0,0.40058823529411763,0.0,0.40058823529411763,False,False
1,1,N016,0.05,0.40058823529411763,0.0,0.40058823529411763,False,False
1,1,N016,0.1,0.40058823529411763,0.0,0.40058823529411763,False,False
1,1,N016,0.15000000000000002,0.40058823529411763,0.0,0.40058823529411763,False,False
1,1,N016,0.2,0.40058823529411763,0.0,0.40058823529411763,False,False
1,1,N016,0.25,0.40058823529411763,0.0,0.40058823529411763,False,False
1,1,N016,0.30000000000000004,0.40058823529411763,0.0,0.40058823529411763,False,False
1,1,N016,0.35000000000000003,0.40058823529411763,0.0,0.40058823529411763,False,False
1,1,N016,0.4,0.40058823529411763,0.0,0.40058823529411763,False,False
1,1,N016,0.45,0.40058823529411763,0.0,0.40058823529411763,False,False
1,1,N016,0.5,0.40058823529411763,0.0,0.40058823529411763,False,False
1,1,N016,0.55,0.40058823529411763,0.0,0.40058823529411763,False,False
1,1,N016,0.6000000000000001,0.40058823529411763,0.0,0.40058823529411763,False,False
1,1,N016,0.65,0.40058823529411763,0.0,0.40058823529411763,False,False
1,1,N016,0.7000000000000001,0.40058823529411763,0.0,0.40058823529411763,False,False
1,1,N016,0.75,0.40058823529411763,0.0,0.40058823529411763,False,False
1,1,N016,0.8,0.40058823529411763,0.0,0.40058823529411763,False,False
1,1,N016,0.8500000000000001,0.40058823529411763,0.0,0.40058823529411763,False,False
1,1,N016,0.9,0.40058823529411763,0.0,0.40058823529411763,False,False
1,1,N016,0.9500000000000001,0.40058823529411763,0.0,0.40058823529411763,False,False
1,1,N016,1.0,0.3341176470588235,0.06647058823529411,0.40058823529411763,False,False
1,1,N017,0.0,0.40058823529411763,0.0,0.40058823529411763,False,False
1,1,N017,0.05,0.40058823529411763,0.0,0.40058823529411763,False,False
1,1,N017,0.1,0.40058823529411763,0.0,0.40058823529411763,False,False
1,1,N017,0.15000000000000002,0.40058823529411763,0.0,0.40058823529411763,False,False
1,1,N017,0.2,0.40058823529411763,0.0,0.40058823529411763,False,False
1,1,N017,0.25,0.40058823529411763,0.0,0.40058823529411763,False,False
1,1,N017,0.30000000000000004,0.40058823529411763,0.0,0.40058823529411763,False,False
1,1,N017,0.35000000000000003,0.40058823529411763,0.0,0.40058823529411763,False,False
1,1,N017,0.4,0.40058823529411763,0.0,0.40058823529411763,False,False
1,1,N017,0.45,0.40058823529411763,0.0,0.40058823529411763,False,False
1,1,N017,0.5,0.40058823529411763,0.0,0.40058823529411763,False,False
1,1,N017,0.55,0.40058823529411763,0.0,0.40058823529411763,False,False
1,1,N017,0.6000000000000001,0.40058823529411763,0.0,0.40058823529411763,False,False
1,1,N017,0.65,0.40058823529411763,0.0,0.40058823529411763,False,False
1,1,N017,0.7000000000000001,0.40058823529411763,0.0,0.40058823529411763,False,False
1,1,N017,0.75,0.40058823529411763,0.0,0.40058823529411763,False,False
1,1,N017,0.8,0.40058823529411763,0.0,0.40058823529411763,False,False
1,1,N017,0.8500000000000001,0.40058823529411763,0.0,0.40058823529411763,False,False
1,1,N017,0.9,0.40058823529411763,0.0,0.40058823529411763,False,False
1,1,N017,0.9500000000000001,0.40058823529411763,0.0,0.40058823529411763,False,False
1,1,N017,1.0,0.3391176470588235,0.06147058823529411,0.40058823529411763,False,False
1,1,N018,0.0,0.40058823529411763,0.0,0.40058823529411763,False,False
1,1,N018,0.05,0.40058823529411763,0.0,0.40058823529411763,False,False
1,1,N018,0.1,0.40058823529411763,0.0,0.40058823529411763,False,False
1,1,N018,0.15000000000000002,0.40058823529411763,0.0,0.40058823529411763,False,False
1,1,N018,0.2,0.40058823529411763,0.0,0.40058823529411763,False,False
1,1,N018,0.25,0.40058823529411763,0.0,0.40058823529411763,False,False
1,1,N018,0.30000000000000004,0.40058823529411763,0.0,0.40058823529411763,False,False
1,1,N018,0.35000000000000003,0.40058823529411763,0.0,0.40058823529411763,False,False
1,1,N018,0.4,0.40058823529411763,0.0,0.40058823529411763,False,False
1,1,N018,0.45,0.40058823529411763,0.0,0.40058823529411763,False,False
1,1,N018,0.5,0.40058823529411763,0.0,0.40058823529411763,False,False
1,1,N018,0.55,0.40058823529411763,0.0,0.40058823529411763,False,False
1,1,N018,0.6000000000000001,0.40058823529411763,0.0,0.40058823529411763,False,False
1,1,N018,0.65,0.40058823529411763,0.0,0.40058823529411763,False,False
1,1,N018,0.7000000000000001,0.40058823529411763,0.0,0.40058823529411763,False,False
1,1,N018,0.75,0.40058823529411763,0.0,0.40058823529411763,False,False
1,1,N018,0.8,0.40058823529411763,0.0,0.40058823529411763,False,False
1,1,N018,0.8500000000000001,0.40058823529411763,0.0,0.40058823529411763,False,False
1,1,N018,0.9,0.40058823529411763,0.0,0.40058823529411763,False,False
1,1,N018,0.9500000000000001,0.40058823529411763,0.0,0.40058823529411763,False,False
1,1,N018,1.0,0.34352941176470586,0.05705882352941177,0.40058823529411763,False,False
1,1,N019,0.0,0.40058823529411763,0.0,0.40058823529411763,False,False
1,1,N019,0.05,0.40058823529411763,0.0,0.40058823529411763,False,False
1,1,N019,0.1,0.40058823529411763,0.0,0.40058823529411763,False,False
1,1,N019,0.15000000000000002,0.40058823529411763,0.0,0.40058823529411763,False,False
1,1,N019,0.2,0.40058823529411763,0.0,0.40058823529411763,False,False
1,1,N019,0.25,0.40058823529411763,0.0,0.40058823529411763,False,False
1,1,N019,0.30000000000000004,0.40058823529411763,0.0,0.40058823529411763,False,False
1,1,N019,0.35000000000000003,0.40058823529411763,0.0,0.40058823529411763,False,False
1,1,N019,0.4,0.40058823529411763,0.0,0.40058823529411763,False,False
1,1,N019,0.45,0.40058823529411763,0.0,0.40058823529411763,False,False
1,1,N019,0.5,0.40058823529411763,0.0,0.40058823529411763,False,False
1,1,N019,0.55,0.40058823529411763,0.0,0.40058823529411763,False,False
1,1,N019,0.6000000000000001,0.40058823529411763,0.0,0.40058823529411763,False,False
1,1,N019,0.65,0.40058823529411763,0.0,0.40058823529411763,False,False
1,1,N019,0.7000000000000001,0.40058823529411763,0.0,0.40058823529411763,False,False
1,1,N019,0.75,0.40058823529411763,0.0,0.40058823529411763,False,False
1,1,N019,0.8,0.40058823529411763,0.0,0.40058823529411763,False,False
1,1,N019,0.8500000000000001,0.40058823529411763,0.0,0.40058823529411763,False,False
1,1,N019,0.9,0.40058823529411763,0.0,0.40058823529411763,False,False
1,1,N019,0.9500000000000001,0.40058823529411763,0.0,0.40058823529411763,False,False
1,1,N019,1.0,0.361764705882353,0.038823529411764646,0.40058823529411763,False,False
1,1,N020,0.0,0.40058823529411763,0.0,0.40058823529411763,False,False
1,1,N020,0.05,0.40058823529411763,0.0,0.40058823529411763,False,False
1,1,N020,0.1,0.40058823529411763,0.0,0.40058823529411763,False,False
1,1,N020,0.15000000000000002,0.40058823529411763,0.0,0.40058823529411763,False,False
1,1,N020,0.2,0.40058823529411763,0.0,0.40058823529411763,False,False
1,1,N020,0.25,0.40058823529411763,0.0,0.40058823529411763,False,False
1,1,N020,0.30000000000000004,0.40058823529411763,0.0,0.40058823529411763,False,False
1,1,N020,0.35000000000000003,0.40058823529411763,0.0,0.40058823529411763,False,False
1,1,N020,0.4,0.40058823529411763,0.0,0.40058823529411763,False,False
1,1,N020,0.45,0.40058823529411763,0.0,0.40058823529411763,False,False
1,1,N020,0.5,0.40058823529411763,0.0,0.40058823529411763,False,False
1,1,N020,0.55,0.40058823529411763,0.0,0.40058823529411763,False,False
1,1,N020,0.6000000000000001,0.40058823529411763,0.0,0.40058823529411763,False,False
1,1,N020,0.65,0.40058823529411763,0.0,0.40058823529411763,False,False
1,1,N020,0.7000000000000001,0.40058823529411763,0.0,0.40058823529411763,False,False
1,1,N020,0.75,0.40058823529411763,0.0,0.40058823529411763,False,False
1,1,N020,0.8,0.40058823529411763,0.0,0.40058823529411763,False,False
1,1,N020,0.8500000000000001,0.40058823529411763,0.0,0.40058823529411763,False,False
1,1,N020,0.9,0.40058823529411763,0.0,0.40058823529411763,False,False
1,1,N020,0.9500000000000001,0.40058823529411763,0.0,0.40058823529411763,False,False
1,1,N020,1.0,0.361764705882353,0.038823529411764646,0.40058823529411763,False,False
1,1,N021,0.0,0.40058823529411763,0.0,0.40058823529411763,False,False
1,1,N021,0.05,0.40058823529411763,0.0,0.40058823529411763,False,False
1,1,N021,0.1,0.40058823529411763,0.0,0.40058823529411763,False,False
1,1,N021,0.15000000000000002,0.40058823529411763,0.0,0.40058823529411763,False,False
1,1,N021,0.2,0.40058823529411763,0.0,0.40058823529411763,False,False
1,1,N021,0.25,0.40058823529411763,0.0,0.40058823529411763,False,False
1,1,N021,0.30000000000000004,0.40058823529411763,0.0,0.40058823529411763,False,False
1,1,N021,0.35000000000000003,0.40058823529411763,0.0,0.40058823529411763,False,False
1,1,N021,0.4,0.40058823529411763,0.0,0.40058823529411763,False,False
1,1,N021,0.45,0.40058823529411763,0.0,0.40058823529411763,False,False
1,1,N021,0.5,0.40058823529411763,0.0,0.40058823529411763,False,False
1,1,N021,0.55,0.40058823529411763,0.0,0.40058823529411763,False,False
1,1,N021,0.6000000000000001,0.40058823529411763,0.0,0.40058823529411763,False,False
1,1,N021,0.65,0.40058823529411763,0.0,0.40058823529411763,False,False
1,1,N021,0.7000000000000001,0.40058823529411763,0.0,0.40058823529411763,False,False
1,1,N021,0.75,0.40058823529411763,0.0,0.40058823529411763,False,False
1,1,N021,0.8,0.40058823529411763,0.0,0.40058823529411763,False,False
1,1,N021,0.8500000000000001,0.40058823529411763,0.0,0.40058823529411763,False,False
1,1,N021,0.9,0.40058823529411763,0.0,0.40058823529411763,False,False
1,1,N021,0.9500000000000001,0.40058823529411763,0.0,0.40058823529411763,False,False
1,1,N021,1.0,0.33911764705882363,0.061470588235294,0.40058823529411763,False,False
1,1,N022,0.0,0.40058823529411763,0.0,0.40058823529411763,False,False
1,1,N022,0.05,0.40058823529411763,0.0,0.40058823529411763,False,False
1,1,N022,0.1,0.40058823529411763,0.0,0.40058823529411763,False,False
1,1,N022,0.15000000000000002,0.40058823529411763,0.0,0.40058823529411763,False,False
1,1,N022,0.2,0.40058823529411763,0.0,0.40058823529411763,False,False
1,1,N022,0.25,0.40058823529411763,0.0,0.40058823529411763,False,False
1,1,N022,0.30000000000000004,0.40058823529411763,0.0,0.40058823529411763,False,False
1,1,N022,0.35000000000000003,0.40058823529411763,0.0,0.40058823529411763,False,False
1,1,N022,0.4,0.40058823529411763,0.0,0.40058823529411763,False,False
1,1,N022,0.45,0.40058823529411763,0.0,0.40058823529411763,False,False
1,1,N022,0.5,0.40058823529411763,0.0,0.40058823529411763,False,False
1,1,N022,0.55,0.40058823529411763,0.0,0.40058823529411763,False,False
1,1,N022,0.6000000000000001,0.40058823529411763,0.0,0.40058823529411763,False,False
1,1,N022,0.65,0.40058823529411763,0.0,0.40058823529411763,False,False
1,1,N022,0.7000000000000001,0.40058823529411763,0.0,0.40058823529411763,False,False
1,1,N022,0.75,0.40058823529411763,0.0,0.40058823529411763,False,False
1,1,N022,0.8,0.40058823529411763,0.0,0.40058823529411763,False,False
1,1,N022,0.8500000000000001,0.40058823529411763,0.0,0.40058823529411763,False,False
1,1,N022,0.9,0.40058823529411763,0.0,0.40058823529411763,False,False
1,1,N022,0.9500000000000001,0.40058823529411763,0.0,0.40058823529411763,False,False
1,1,N022,1.0,0.3376470588235294,0.06294117647058822,0.40058823529411763,False,False
1,1,N023,0.0,0.40058823529411763,0.0,0.40058823529411763,False,False
1,1,N023,0.05,0.40058823529411763,0.0,0.40058823529411763,False,False
1,1,N023,0.1,0.40058823529411763,0.0,0.40058823529411763,False,False
1,1,N023,0.15000000000000002,0.40058823529411763,0.0,0.40058823529411763,False,False
1,1,N023,0.2,0.40058823529411763,0.0,0.40058823529411763,False,False
1,1,N023,0.25,0.40058823529411763,0.0,0.40058823529411763,False,False
1,1,N023,0.30000000000000004,0.40058823529411763,0.0,0.40058823529411763,False,False
1,1,N023,0.35000000000000003,0.40058823529411763,0.0,0.40058823529411763,False,False
1,1,N023,0.4,0.40058823529411763,0.0,0.40058823529411763,False,False
1,1,N023,0.45,0.40058823529411763,0.0,0.40058823529411763,False,False
1,1,N023,0.5,0.40058823529411763,0.0,0.40058823529411763,False,False
1,1,N023,0.55,0.40058823529411763,0.0,0.40058823529411763,False,False
1,1,N023,0.6000000000000001,0.40058823529411763,0.0,0.40058823529411763,False,False
1,1,N023,0.65,0.40058823529411763,0.0,0.40058823529411763,False,False
1,1,N023,0.7000000000000001,0.40058823529411763,0.0,0.40058823529411763,False,False
1,1,N023,0.75,0.40058823529411763,0.0,0.40058823529411763,False,False
1,1,N023,0.8,0.40058823529411763,0.0,0.40058823529411763,False,False
1,1,N023,0.8500000000000001,0.40058823529411763,0.0,0.40058823529411763,False,False
1,1,N023,0.9,0.40058823529411763,0.0,0.40058823529411763,False,False
1,1,N023,0.9500000000000001,0.40058823529411763,0.0,0.40058823529411763,False,False
1,1,N023,1.0,0.33941176470588236,0.06117647058823528,0.40058823529411763,False,False
1,1,N024,0.0,0.40058823529411763,0.0,0.40058823529411763,False,False
1,1,N024,0.05,0.40058823529411763,0.0,0.40058823529411763,False,False
1,1,N024,0.1,0.40058823529411763,0.0,0.40058823529411763,False,False
1,1,N024,0.15000000000000002,0.40058823529411763,0.0,0.40058823529411763,False,False
1,1,N024,0.2,0.40058823529411763,0.0,0.40058823529411763,False,False
1,1,N024,0.25,0.40058823529411763,0.0,0.40058823529411763,False,False
1,1,N024,0.30000000000000004,0.40058823529411763,0.0,0.40058823529411763,False,False
1,1,N024,0.35000000000000003,0.40058823529411763,0.0,0.40058823529411763,False,False
1,1,N024,0.4,0.40058823529411763,0.0,0.40058823529411763,False,False
1,1,N024,0.45,0.40058823529411763,0.0,0.40058823529411763,False,False
1,1,N024,0.5,0.40058823529411763,0.0,0.40058823529411763,False,False
1,1,N024,0.55,0.40058823529411763,0.0,0.40058823529411763,False,False
1,1,N024,0.6000000000000001,0.40058823529411763,0.0,0.40058823529411763,False,False
1,1,N024,0.65,0.40058823529411763,0.0,0.40058823529411763,False,False
1,1,N024,0.7000000000000001,0.40058823529411763,0.0,0.40058823529411763,False,False
1,1,N024,0.75,0.40058823529411763,0.0,0.40058823529411763,False,False
1,1,N024,0.8,0.40058823529411763,0.0,0.40058823529411763,False,False
1,1,N024,0.8500000000000001,0.40058823529411763,0.0,0.40058823529411763,False,False
1,1,N024,0.9,0.40058823529411763,0.0,0.40058823529411763,False,False
1,1,N024,0.9500000000000001,0.40058823529411763,0.0,0.40058823529411763,False,False
1,1,N024,1.0,0.335,0.06558823529411761,0.40058823529411763,False,False
1,1,N025,0.0,0.40058823529411763,0.0,0.40058823529411763,False,False
1,1,N025,0.05,0.40058823529411763,0.0,0.40058823529411763,False,False
1,1,N025,0.1,0.40058823529411763,0.0,0.40058823529411763,False,False
1,1,N025,0.15000000000000002,0.40058823529411763,0.0,0.40058823529411763,False,False
1,1,N025,0.2,0.40058823529411763,0.0,0.40058823529411763,False,False
1,1,N025,0.25,0.40058823529411763,0.0,0.40058823529411763,False,False
1,1,N025,0.30000000000000004,0.40058823529411763,0.0,0.40058823529411763,False,False
1,1,N025,0.35000000000000003,0.40058823529411763,0.0,0.40058823529411763,False,False
1,1,N025,0.4,0.40058823529411763,0.0,0.40058823529411763,False,False
1,1,N025,0.45,0.40058823529411763,0.0,0.40058823529411763,False,False
1,1,N025,0.5,0.40058823529411763,0.0,0.40058823529411763,False,False
1,1,N025,0.55,0.40058823529411763,0.0,0.40058823529411763,False,False
1,1,N025,0.6000000000000001,0.40058823529411763,0.0,0.40058823529411763,False,False
1,1,N025,0.65,0.40058823529411763,0.0,0.40058823529411763,False,False
1,1,N025,0.7000000000000001,0.40058823529411763,0.0,0.40058823529411763,False,False
1,1,N025,0.75,0.40058823529411763,0.0,0.40058823529411763,False,False
1,1,N025,0.8,0.40058823529411763,0.0,0.40058823529411763,False,False
1,1,N025,0.8500000000000001,0.40058823529411763,0.0,0.40058823529411763,False,False
1,1,N025,0.9,0.40058823529411763,0.0,0.40058823529411763,False,False
1,1,N025,0.9500000000000001,0.40058823529411763,0.0,0.40058823529411763,False,False
1,1,N025,1.0,0.32323529411764707,0.07735294117647057,0.40058823529411763,False,False
1,1,N026,0.0,0.40058823529411763,0.0,0.40058823529411763,False,False
1,1,N026,0.05,0.40058823529411763,0.0,0.40058823529411763,False,False
1,1,N026,0.1,0.40058823529411763,0.0,0.40058823529411763,False,False
1,1,N026,0.15000000000000002,0.40058823529411763,0.0,0.40058823529411763,False,False
1,1,N026,0.2,0.40058823529411763,0.0,0.40058823529411763,False,False
1,1,N026,0.25,0.40058823529411763,0.0,0.40058823529411763,False,False
1,1,N026,0.30000000000000004,0.40058823529411763,0.0,0.40058823529411763,False,False
1,1,N026,0.35000000000000003,0.40058823529411763,0.0,0.40058823529411763,False,False
1,1,N026,0.4,0.40058823529411763,0.0,0.40058823529411763,False,False
1,1,N026,0.45,0.40058823529411763,0.0,0.40058823529411763,False,False
1,1,N026,0.5,0.40058823529411763,0.0,0.40058823529411763,False,False
1,1,N026,0.55,0.40058823529411763,0.0,0.40058823529411763,False,False
1,1,N026,0.6000000000000001,0.40058823529411763,0.0,0.40058823529411763,False,False
1,1,N026,0.65,0.40058823529411763,0.0,0.40058823529411763,False,False
1,1,N026,0.7000000000000001,0.40058823529411763,0.0,0.40058823529411763,False,False
1,1,N026,0.75,0.40058823529411763,0.0,0.40058823529411763,False,False
1,1,N026,0.8,0.40058823529411763,0.0,0.40058823529411763,False,False
1,1,N026,0.8500000000000001,0.40058823529411763,0.0,0.40058823529411763,False,False
1,1,N026,0.9,0.40058823529411763,0.0,0.40058823529411763,False,False
1,1,N026,0.9500000000000001,0.40058823529411763,0.0,0.40058823529411763,False,False
1,1,N026,1.0,0.3594117647058823,0.041176470588235314,0.40058823529411763,False,False
1,1,N027,0.0,0.40058823529411763,0.0,0.40058823529411763,False,False
1,1,N027,0.05,0.40058823529411763,0.0,0.40058823529411763,False,False
1,1,N027,0.1,0.40058823529411763,0.0,0.40058823529411763,False,False
1,1,N027,0.15000000000000002,0.40058823529411763,0.0,0.40058823529411763,False,False
1,1,N027,0.2,0.40058823529411763,0.0,0.40058823529411763,False,False
1,1,N027,0.25,0.40058823529411763,0.0,0.40058823529411763,False,False
1,1,N027,0.30000000000000004,0.40058823529411763,0.0,0.40058823529411763,False,False
1,1,N027,0.35000000000000003,0.40058823529411763,0.0,0.40058823529411763,False,False
1,1,N027,0.4,0.40058823529411763,0.0,0.40058823529411763,False,False
1,1,N027,0.45,0.40058823529411763,0.0,0.40058823529411763,False,False
1,1,N027,0.5,0.40058823529411763,0.0,0.40058823529411763,False,False
1,1,N027,0.55,0.40058823529411763,0.0,0.40058823529411763,False,False
1,1,N027,0.6000000000000001,0.40058823529411763,0.0,0.40058823529411763,False,False
1,1,N027,0.65,0.40058823529411763,0.0,0.40058823529411763,False,False
1,1,N027,0.7000000000000001,0.40058823529411763,0.0,0.40058823529411763,False,False
1,1,N027,0.75,0.40058823529411763,0.0,0.40058823529411763,False,False
1,1,N027,0.8,0.40058823529411763,0.0,0.40058823529411763,False,False
1,1,N027,0.8500000000000001,0.40058823529411763,0.0,0.40058823529411763,False,False
1,1,N027,0.9,0.40058823529411763,0.0,0.40058823529411763,False,False
1,1,N027,0.9500000000000001,0.40058823529411763,0.0,0.40058823529411763,False,False
1,1,N027,1.0,0.3335294117647059,0.06705882352941173,0.40058823529411763,False,False
1,1,N028,0.0,0.40058823529411763,0.0,0.40058823529411763,False,False
1,1,N028,0.05,0.40058823529411763,0.0,0.40058823529411763,False,False
1,1,N028,0.1,0.40058823529411763,0.0,0.40058823529411763,False,False
1,1,N028,0.15000000000000002,0.40058823529411763,0.0,0.40058823529411763,False,False
1,1,N028,0.2,0.40058823529411763,0.0,0.40058823529411763,False,False
1,1,N028,0.25,0.40058823529411763,0.0,0.40058823529411763,False,False
1,1,N028,0.30000000000000004,0.40058823529411763,0.0,0.40058823529411763,False,False
1,1,N028,0.35000000000000003,0.40058823529411763,0.0,0.40058823529411763,False,False
1,1,N028,0.4,0.40058823529411763,0.0,0.40058823529411763,False,False
1,1,N028,0.45,0.40058823529411763,0.0,0.40058823529411763,False,False
1,1,N028,0.5,0.40058823529411763,0.0,0.40058823529411763,False,False
1,1,N028,0.55,0.40058823529411763,0.0,0.40058823529411763,False,False
1,1,N028,0.6000000000000001,0.40058823529411763,0.0,0.40058823529411763,False,False
1,1,N028,0.65,0.40058823529411763,0.0,0.40058823529411763,False,False
1,1,N028,0.7000000000000001,0.40058823529411763,0.0,0.40058823529411763,False,False
1,1,N028,0.75,0.40058823529411763,0.0,0.40058823529411763,False,False
1,1,N028,0.8,0.40058823529411763,0.0,0.40058823529411763,False,False
1,1,N028,0.8500000000000001,0.40058823529411763,0.0,0.40058823529411763,False,False
1,1,N028,0.9,0.40058823529411763,0.0,0.40058823529411763,False,False
1,1,N028,0.9500000000000001,0.40058823529411763,0.0,0.40058823529411763,False,False
1,1,N028,1.0,0.34088235294117647,0.059705882352941164,0.40058823529411763,False,False
1,1,N029,0.0,0.40058823529411763,0.0,0.40058823529411763,False,False
1,1,N029,0.05,0.40058823529411763,0.0,0.40058823529411763,False,False
1,1,N029,0.1,0.40058823529411763,0.0,0.40058823529411763,False,False
1,1,N029,0.15000000000000002,0.40058823529411763,0.0,0.40058823529411763,False,False
1,1,N029,0.2,0.40058823529411763,0.0,0.40058823529411763,False,False
1,1,N029,0.25,0.40058823529411763,0.0,0.40058823529411763,False,False
1,1,N029,0.30000000000000004,0.40058823529411763,0.0,0.40058823529411763,False,False
1,1,N029,0.35000000000000003,0.40058823529411763,0.0,0.40058823529411763,False,False
1,1,N029,0.4,0.40058823529411763,0.0,0.40058823529411763,False,False
1,1,N029,0.45,0.40058823529411763,0.0,0.40058823529411763,False,False
1,1,N029,0.5,0.40058823529411763,0.0,0.40058823529411763,False,False
1,1,N029,0.55,0.40058823529411763,0.0,0.40058823529411763,False,False
1,1,N029,0.6000000000000001,0.40058823529411763,0.0,0.40058823529411763,False,False
1,1,N029,0.65,0.40058823529411763,0.0,0.40058823529411763,False,False
1,1,N029,0.7000000000000001,0.40058823529411763,0.0,0.40058823529411763,False,False
1,1,N029,0.75,0.40058823529411763,0.0,0.40058823529411763,False,False
1,1,N029,0.8,0.40058823529411763,0.0,0.40058823529411763,False,False
1,1,N029,0.8500000000000001,0.40058823529411763,0.0,0.40058823529411763,False,False
1,1,N029,0.9,0.40058823529411763,0.0,0.40058823529411763,False,False
1,1,N029,0.9500000000000001,0.40058823529411763,0.0,0.40058823529411763,False,False
1,1,N029,1.0,0.3391176470588236,0.061470588235294055,0.40058823529411763,False,False
1,1,N030,0.0,0.40058823529411763,0.0,0.40058823529411763,False,False
1,1,N030,0.05,0.40058823529411763,0.0,0.40058823529411763,False,False
1,1,N030,0.1,0.40058823529411763,0.0,0.40058823529411763,False,False
1,1,N030,0.15000000000000002,0.40058823529411763,0.0,0.40058823529411763,False,False
1,1,N030,0.2,0.40058823529411763,0.0,0.40058823529411763,False,False
1,1,N030,0.25,0.40058823529411763,0.0,0.40058823529411763,False,False
1,1,N030,0.30000000000000004,0.40058823529411763,0.0,0.40058823529411763,False,False
1,1,N030,0.35000000000000003,0.40058823529411763,0.0,0.40058823529411763,False,False
1,1,N030,0.4,0.40058823529411763,0.0,0.40058823529411763,False,False
1,1,N030,0.45,0.40058823529411763,0.0,0.40058823529411763,False,False
1,1,N030,0.5,0.40058823529411763,0.0,0.40058823529411763,False,False
1,1,N030,0.55,0.40058823529411763,0.0,0.40058823529411763,False,False
1,1,N030,0.6000000000000001,0.40058823529411763,0.0,0.40058823529411763,False,False
1,1,N030,0.65,0.40058823529411763,0.0,0.40058823529411763,False,False
1,1,N030,0.7000000000000001,0.40058823529411763,0.0,0.40058823529411763,False,False
1,1,N030,0.75,0.40058823529411763,0.0,0.40058823529411763,False,False
1,1,N030,0.8,0.40058823529411763,0.0,0.40058823529411763,False,False
1,1,N030,0.8500000000000001,0.40058823529411763,0.0,0.40058823529411763,False,False
1,1,N030,0.9,0.40058823529411763,0.0,0.40058823529411763,False,False
1,1,N030,0.9500000000000001,0.40058823529411763,0.0,0.40058823529411763,False,False
1,1,N030,1.0,0.33941176470588236,0.06117647058823528,0.40058823529411763,False,False
1,1,N031,0.0,0.40058823529411763,0.0,0.40058823529411763,False,False
1,1,N031,0.05,0.40058823529411763,0.0,0.40058823529411763,False,False
1,1,N031,0.1,0.40058823529411763,0.0,0.40058823529411763,False,False
1,1,N031,0.15000000000000002,0.40058823529411763,0.0,0.40058823529411763,False,False
1,1,N031,0.2,0.40058823529411763,0.0,0.40058823529411763,False,False
1,1,N031,0.25,0.40058823529411763,0.0,0.40058823529411763,False,False
1,1,N031,0.30000000000000004,0.40058823529411763,0.0,0.40058823529411763,False,False
1,1,N031,0.35000000000000003,0.40058823529411763,0.0,0.40058823529411763,False,False
1,1,N031,0.4,0.40058823529411763,0.0,0.40058823529411763,False,False
1,1,N031,0.45,0.40058823529411763,0.0,0.40058823529411763,False,False
1,1,N031,0.5,0.40058823529411763,0.0,0.40058823529411763,False,False
1,1,N031,0.55,0.40058823529411763,0.0,0.40058823529411763,False,False
1,1,N031,0.6000000000000001,0.40058823529411763,0.0,0.40058823529411763,False,False
1,1,N031,0.65,0.40058823529411763,0.0,0.40058823529411763,False,False
1,1,N031,0.7000000000000001,0.40058823529411763,0.0,0.40058823529411763,False,False
1,1,N031,0.75,0.40058823529411763,0.0,0.40058823529411763,False,False
1,1,N031,0.8,0.40058823529411763,0.0,0.40058823529411763,False,False
1,1,N031,0.8500000000000001,0.40058823529411763,0.0,0.40058823529411763,False,False
1,1,N031,0.9,0.40058823529411763,0.0,0.40058823529411763,False,False
1,1,N031,0.9500000000000001,0.40058823529411763,0.0,0.40058823529411763,False,False
1,1,N031,1.0,0.32529411764705884,0.07529411764705879,0.40058823529411763,False,False
1,1,N032,0.0,0.40058823529411763,0.0,0.40058823529411763,False,False
1,1,N032,0.05,0.40058823529411763,0.0,0.40058823529411763,False,False
1,1,N032,0.1,0.40058823529411763,0.0,0.40058823529411763,False,False
1,1,N032,0.15000000000000002,0.40058823529411763,0.0,0.40058823529411763,False,False
1,1,N032,0.2,0.40058823529411763,0.0,0.40058823529411763,False,False
1,1,N032,0.25,0.40058823529411763,0.0,0.40058823529411763,False,False
1,1,N032,0.30000000000000004,0.40058823529411763,0.0,0.40058823529411763,False,False
1,1,N032,0.35000000000000003,0.40058823529411763,0.0,0.40058823529411763,False,False
1,1,N032,0.4,0.40058823529411763,0.0,0.40058823529411763,False,False
1,1,N032,0.45,0.40058823529411763,0.0,0.40058823529411763,False,False
1,1,N032,0.5,0.40058823529411763,0.0,0.40058823529411763,False,False
1,1,N032,0.55,0.40058823529411763,0.0,0.40058823529411763,False,False
1,1,N032,0.6000000000000001,0.40058823529411763,0.0,0.40058823529411763,False,False
1,1,N032,0.65,0.40058823529411763,0.0,0.40058823529411763,False,False
1,1,N032,0.7000000000000001,0.40058823529411763,0.0,0.40058823529411763,False,False
1,1,N032,0.75,0.40058823529411763,0.0,0.40058823529411763,False,False
1,1,N032,0.8,0.40058823529411763,0.0,0.40058823529411763,False,False
1,1,N032,0.8500000000000001,0.40058823529411763,0.0,0.40058823529411763,False,False
1,1,N032,0.9,0.40058823529411763,0.0,0.40058823529411763,False,False
1,1,N032,0.9500000000000001,0.40058823529411763,0.0,0.40058823529411763,False,False
1,1,N032,1.0,0.3161764705882353,0.08441176470588235,0.40058823529411763,False,False
1,1,N033,0.0,0.40058823529411763,0.0,0.40058823529411763,False,False
1,1,N033,0.05,0.40058823529411763,0.0,0.40058823529411763,False,False
1,1,N033,0.1,0.40058823529411763,0.0,0.40058823529411763,False,False
1,1,N033,0.15000000000000002,0.40058823529411763,0.0,0.40058823529411763,False,False
1,1,N033,0.2,0.40058823529411763,0.0,0.40058823529411763,False,False
1,1,N033,0.25,0.40058823529411763,0.0,0.40058823529411763,False,False
1,1,N033,0.30000000000000004,0.40058823529411763,0.0,0.40058823529411763,False,False
1,1,N033,0.35000000000000003,0.40058823529411763,0.0,0.40058823529411763,False,False
1,1,N033,0.4,0.40058823529411763,0.0,0.40058823529411763,False,False
1,1,N033,0.45,0.40058823529411763,0.0,0.40058823529411763,False,False
1,1,N033,0.5,0.40058823529411763,0.0,0.40058823529411763,False,False
1,1,N033,0.55,0.40058823529411763,0.0,0.40058823529411763,False,False
1,1,N033,0.6000000000000001,0.40058823529411763,0.0,0.40058823529411763,False,False
1,1,N033,0.65,0.40058823529411763,0.0,0.40058823529411763,False,False
1,1,N033,0.7000000000000001,0.40058823529411763,0.0,0.40058823529411763,False,False
1,1,N033,0.75,0.40058823529411763,0.0,0.40058823529411763,False,False
1,1,N033,0.8,0.40058823529411763,0.0,0.40058823529411763,False,False
1,1,N033,0.8500000000000001,0.40058823529411763,0.0,0.40058823529411763,False,False
1,1,N033,0.9,0.40058823529411763,0.0,0.40058823529411763,False,False
1,1,N033,0.9500000000000001,0.40058823529411763,0.0,0.40058823529411763,False,False
1,1,N033,1.0,0.3335294117647059,0.06705882352941173,0.40058823529411763,False,False
1,1,N034,0.0,0.40058823529411763,0.0,0.40058823529411763,False,False
1,1,N034,0.05,0.40058823529411763,0.0,0.40058823529411763,False,False
1,1,N034,0.1,0.40058823529411763,0.0,0.40058823529411763,False,False
1,1,N034,0.15000000000000002,0.40058823529411763,0.0,0.40058823529411763,False,False
1,1,N034,0.2,0.40058823529411763,0.0,0.40058823529411763,False,False
1,1,N034,0.25,0.40058823529411763,0.0,0.40058823529411763,False,False
1,1,N034,0.30000000000000004,0.40058823529411763,0.0,0.40058823529411763,False,False
1,1,N034,0.35000000000000003,0.40058823529411763,0.0,0.40058823529411763,False,False
1,1,N034,0.4,0.40058823529411763,0.0,0.40058823529411763,False,False
1,1,N034,0.45,0.40058823529411763,0.0,0.40058823529411763,False,False
1,1,N034,0.5,0.40058823529411763,0.0,0.40058823529411763,False,False
1,1,N034,0.55,0.40058823529411763,0.0,0.40058823529411763,False,False
1,1,N034,0.6000000000000001,0.40058823529411763,0.0,0.40058823529411763,False,False
1,1,N034,0.65,0.40058823529411763,0.0,0.40058823529411763,False,False
1,1,N034,0.7000000000000001,0.40058823529411763,0.0,0.40058823529411763,False,False
1,1,N034,0.75,0.40058823529411763,0.0,0.40058823529411763,False,False
1,1,N034,0.8,0.40058823529411763,0.0,0.40058823529411763,False,False
1,1,N034,0.8500000000000001,0.40058823529411763,0.0,0.40058823529411763,False,False
1,1,N034,0.9,0.40058823529411763,0.0,0.40058823529411763,False,False
1,1,N034,0.9500000000000001,0.40058823529411763,0.0,0.40058823529411763,False,False
1,1,N034,1.0,0.35529411764705887,0.04529411764705876,0.40058823529411763,False,False
1,1,N035,0.0,0.40058823529411763,0.0,0.40058823529411763,False,False
1,1,N035,0.05,0.40058823529411763,0.0,0.40058823529411763,False,False
1,1,N035,0.1,0.40058823529411763,0.0,0.40058823529411763,False,False
1,1,N035,0.15000000000000002,0.40058823529411763,0.0,0.40058823529411763,False,False
1,1,N035,0.2,0.40058823529411763,0.0,0.40058823529411763,False,False
1,1,N035,0.25,0.40058823529411763,0.0,0.40058823529411763,False,False
1,1,N035,0.30000000000000004,0.40058823529411763,0.0,0.40058823529411763,False,False
1,1,N035,0.35000000000000003,0.40058823529411763,0.0,0.40058823529411763,False,False
1,1,N035,0.4,0.40058823529411763,0.0,0.40058823529411763,False,False
1,1,N035,0.45,0.40058823529411763,0.0,0.40058823529411763,False,False
1,1,N035,0.5,0.40058823529411763,0.0,0.40058823529411763,False,False
1,1,N035,0.55,0.40058823529411763,0.0,0.40058823529411763,False,False
1,1,N035,0.6000000000000001,0.40058823529411763,0.0,0.40058823529411763,False,False
1,1,N035,0.65,0.40058823529411763,0.0,0.40058823529411763,False,False
1,1,N035,0.7000000000000001,0.40058823529411763,0.0,0.40058823529411763,False,False
1,1,N035,0.75,0.40058823529411763,0.0,0.40058823529411763,False,False
1,1,N035,0.8,0.40058823529411763,0.0,0.40058823529411763,False,False
1,1,N035,0.8500000000000001,0.40058823529411763,0.0,0.40058823529411763,False,False
1,1,N035,0.9,0.40058823529411763,0.0,0.40058823529411763,False,False
1,1,N035,0.9500000000000001,0.40058823529411763,0.0,0.40058823529411763,False,False
1,1,N035,1.0,0.3382352941176471,0.062352941176470555,0.40058823529411763,False,False
1,1,N036,0.0,0.40058823529411763,0.0,0.40058823529411763,False,False
1,1,N036,0.05,0.40058823529411763,0.0,0.40058823529411763,False,False
1,1,N036,0.1,0.40058823529411763,0.0,0.40058823529411763,False,False
1,1,N036,0.15000000000000002,0.40058823529411763,0.0,0.40058823529411763,False,False
1,1,N036,0.2,0.40058823529411763,0.0,0.40058823529411763,False,False
1,1,N036,0.25,0.40058823529411763,0.0,0.40058823529411763,False,False
1,1,N036,0.30000000000000004,0.40058823529411763,0.0,0.40058823529411763,False,False
1,1,N036,0.35000000000000003,0.40058823529411763,0.0,0.40058823529411763,False,False
1,1,N036,0.4,0.40058823529411763,0.0,0.40058823529411763,False,False
1,1,N036,0.45,0.40058823529411763,0.0,0.40058823529411763,False,False
1,1,N036,0.5,0.40058823529411763,0.0,0.40058823529411763,False,False
1,1,N036,0.55,0.40058823529411763,0.0,0.40058823529411763,False,False
1,1,N036,0.6000000000000001,0.40058823529411763,0.0,0.40058823529411763,False,False
1,1,N036,0.65,0.40058823529411763,0.0,0.40058823529411763,False,False
1,1,N036,0.7000000000000001,0.40058823529411763,0.0,0.40058823529411763,False,False
1,1,N036,0.75,0.40058823529411763,0.0,0.40058823529411763,False,False
1,1,N036,0.8,0.40058823529411763,0.0,0.40058823529411763,False,False
1,1,N036,0.8500000000000001,0.40058823529411763,0.0,0.40058823529411763,False,False
1,1,N036,0.9,0.40058823529411763,0.0,0.40058823529411763,False,False
1,1,N036,0.9500000000000001,0.40058823529411763,0.0,0.40058823529411763,False,False
1,1,N036,1.0,0.31470588235294117,0.08588235294117647,0.40058823529411763,False,False
1,1,N037,0.0,0.40058823529411763,0.0,0.40058823529411763,False,False
1,1,N037,0.05,0.40058823529411763,0.0,0.40058823529411763,False,False
1,1,N037,0.1,0.40058823529411763,0.0,0.40058823529411763,False,False
1,1,N037,0.15000000000000002,0.40058823529411763,0.0,0.40058823529411763,False,False
1,1,N037,0.2,0.40058823529411763,0.0,0.40058823529411763,False,False
1,1,N037,0.25,0.40058823529411763,0.0,0.40058823529411763,False,False
1,1,N037,0.30000000000000004,0.40058823529411763,0.0,0.40058823529411763,False,False
1,1,N037,0.35000000000000003,0.40058823529411763,0.0,0.40058823529411763,False,False
1,1,N037,0.4,0.40058823529411763,0.0,0.40058823529411763,False,False
1,1,N037,0.45,0.40058823529411763,0.0,0.40058823529411763,False,False
1,1,N037,0.5,0.40058823529411763,0.0,0.40058823529411763,False,False
1,1,N037,0.55,0.40058823529411763,0.0,0.40058823529411763,False,False
1,1,N037,0.6000000000000001,0.40058823529411763,0.0,0.40058823529411763,False,False
1,1,N037,0.65,0.40058823529411763,0.0,0.40058823529411763,False,False
1,1,N037,0.7000000000000001,0.40058823529411763,0.0,0.40058823529411763,False,False
1,1,N037,0.75,0.40058823529411763,0.0,0.40058823529411763,False,False
1,1,N037,0.8,0.40058823529411763,0.0,0.40058823529411763,False,False
1,1,N037,0.8500000000000001,0.40058823529411763,0.0,0.40058823529411763,False,False
1,1,N037,0.9,0.40058823529411763,0.0,0.40058823529411763,False,False
1,1,N037,0.9500000000000001,0.40058823529411763,0.0,0.40058823529411763,False,False
1,1,N037,1.0,0.3364705882352941,0.06411764705882356,0.40058823529411763,False,False
1,1,N038,0.0,0.40058823529411763,0.0,0.40058823529411763,False,False
1,1,N038,0.05,0.40058823529411763,0.0,0.40058823529411763,False,False
1,1,N038,0.1,0.40058823529411763,0.0,0.40058823529411763,False,False
1,1,N038,0.15000000000000002,0.40058823529411763,0.0,0.40058823529411763,False,False
1,1,N038,0.2,0.40058823529411763,0.0,0.40058823529411763,False,False
1,1,N038,0.25,0.40058823529411763,0.0,0.40058823529411763,False,False
1,1,N038,0.30000000000000004,0.40058823529411763,0.0,0.40058823529411763,False,False
1,1,N038,0.35000000000000003,0.40058823529411763,0.0,0.40058823529411763,False,False
1,1,N038,0.4,0.40058823529411763,0.0,0.40058823529411763,False,False
1,1,N038,0.45,0.40058823529411763,0.0,0.40058823529411763,False,False
1,1,N038,0.5,0.40058823529411763,0.0,0.40058823529411763,False,False
1,1,N038,0.55,0.40058823529411763,0.0,0.40058823529411763,False,False
1,1,N038,0.6000000000000001,0.40058823529411763,0.0,0.40058823529411763,False,False
1,1,N038,0.65,0.40058823529411763,0.0,0.40058823529411763,False,False
1,1,N038,0.7000000000000001,0.40058823529411763,0.0,0.40058823529411763,False,False
1,1,N038,0.75,0.40058823529411763,0.0,0.40058823529411763,False,False
1,1,N038,0.8,0.40058823529411763,0.0,0.40058823529411763,False,False
1,1,N038,0.8500000000000001,0.40058823529411763,0.0,0.40058823529411763,False,False
1,1,N038,0.9,0.40058823529411763,0.0,0.40058823529411763,False,False
1,1,N038,0.9500000000000001,0.40058823529411763,0.0,0.40058823529411763,False,False
1,1,N038,1.0,0.32735294117647057,0.07323529411764707,0.40058823529411763,False,False
1,1,N039,0.0,0.40058823529411763,0.0,0.40058823529411763,False,False
1,1,N039,0.05,0.40058823529411763,0.0,0.40058823529411763,False,False
1,1,N039,0.1,0.40058823529411763,0.0,0.40058823529411763,False,False
1,1,N039,0.15000000000000002,0.40058823529411763,0.0,0.40058823529411763,False,False
1,1,N039,0.2,0.40058823529411763,0.0,0.40058823529411763,False,False
1,1,N039,0.25,0.40058823529411763,0.0,0.40058823529411763,False,False
1,1,N039,0.30000000000000004,0.40058823529411763,0.0,0.40058823529411763,False,False
1,1,N039,0.35000000000000003,0.40058823529411763,0.0,0.40058823529411763,False,False
1,1,N039,0.4,0.40058823529411763,0.0,0.40058823529411763,False,False
1,1,N039,0.45,0.40058823529411763,0.0,0.40058823529411763,False,False
1,1,N039,0.5,0.40058823529411763,0.0,0.40058823529411763,False,False
1,1,N039,0.55,0.40058823529411763,0.0,0.40058823529411763,False,False
1,1,N039,0.6000000000000001,0.40058823529411763,0.0,0.40058823529411763,False,False
1,1,N039,0.65,0.40058823529411763,0.0,0.40058823529411763,False,False
1,1,N039,0.7000000000000001,0.40058823529411763,0.0,0.40058823529411763,False,False
1,1,N039,0.75,0.40058823529411763,0.0,0.40058823529411763,False,False
1,1,N039,0.8,0.40058823529411763,0.0,0.40058823529411763,False,False
1,1,N039,0.8500000000000001,0.40058823529411763,0.0,0.40058823529411763,False,False
1,1,N039,0.9,0.40058823529411763,0.0,0.40058823529411763,False,False
1,1,N039,0.9500000000000001,0.40058823529411763,0.0,0.40058823529411763,False,False
1,1,N039,1.0,0.3538235294117647,0.04676470588235293,0.40058823529411763,False,False
1,1,N040,0.0,0.40058823529411763,0.0,0.40058823529411763,False,False
1,1,N040,0.05,0.40058823529411763,0.0,0.40058823529411763,False,False
1,1,N040,0.1,0.40058823529411763,0.0,0.40058823529411763,False,False
1,1,N040,0.15000000000000002,0.40058823529411763,0.0,0.40058823529411763,False,False
1,1,N040,0.2,0.40058823529411763,0.0,0.40058823529411763,False,False
1,1,N040,0.25,0.40058823529411763,0.0,0.40058823529411763,False,False
1,1,N040,0.30000000000000004,0.40058823529411763,0.0,0.40058823529411763,False,False
1,1,N040,0.35000000000000003,0.40058823529411763,0.0,0.40058823529411763,False,False
1,1,N040,0.4,0.40058823529411763,0.0,0.40058823529411763,False,False
1,1,N040,0.45,0.40058823529411763,0.0,0.40058823529411763,False,False
1,1,N040,0.5,0.40058823529411763,0.0,0.40058823529411763,False,False
1,1,N040,0.55,0.40058823529411763,0.0,0.40058823529411763,False,False
1,1,N040,0.6000000000000001,0.40058823529411763,0.0,0.40058823529411763,False,False
1,1,N040,0.65,0.40058823529411763,0.0,0.40058823529411763,False,False
1,1,N040,0.7000000000000001,0.40058823529411763,0.0,0.40058823529411763,False,False
1,1,N040,0.75,0.40058823529411763,0.0,0.40058823529411763,False,False
1,1,N040,0.8,0.40058823529411763,0.0,0.40058823529411763,False,False
1,1,N040,0.8500000000000001,0.40058823529411763,0.0,0.40058823529411763,False,False
1,1,N040,0.9,0.40058823529411763,0.0,0.40058823529411763,False,False
1,1,N040,0.9500000000000001,0.40058823529411763,0.0,0.40058823529411763,False,False
1,1,N040,1.0,0.3529411764705882,0.04764705882352943,0.40058823529411763,False,False
1,1,N041,0.0,0.40058823529411763,0.0,0.40058823529411763,False,False
1,1,N041,0.05,0.40058823529411763,0.0,0.40058823529411763,False,False
1,1,N041,0.1,0.40058823529411763,0.0,0.40058823529411763,False,False
1,1,N041,0.15000000000000002,0.40058823529411763,0.0,0.40058823529411763,False,False
1,1,N041,0.2,0.40058823529411763,0.0,0.40058823529411763,False,False
1,1,N041,0.25,0.40058823529411763,0.0,0.40058823529411763,False,False
1,1,N041,0.30000000000000004,0.40058823529411763,0.0,0.40058823529411763,False,False
1,1,N041,0.35000000000000003,0.40058823529411763,0.0,0.40058823529411763,False,False
1,1,N041,0.4,0.40058823529411763,0.0,0.40058823529411763,False,False
1,1,N041,0.45,0.40058823529411763,0.0,0.40058823529411763,False,False
1,1,N041,0.5,0.40058823529411763,0.0,0.40058823529411763,False,False
1,1,N041,0.55,0.40058823529411763,0.0,0.40058823529411763,False,False
1,1,N041,0.6000000000000001,0.40058823529411763,0.0,0.40058823529411763,False,False
1,1,N041,0.65,0.40058823529411763,0.0,0.40058823529411763,False,False
1,1,N041,0.7000000000000001,0.40058823529411763,0.0,0.40058823529411763,False,False
1,1,N041,0.75,0.40058823529411763,0.0,0.40058823529411763,False,False
1,1,N041,0.8,0.40058823529411763,0.0,0.40058823529411763,False,False
1,1,N041,0.8500000000000001,0.40058823529411763,0.0,0.40058823529411763,False,False
1,1,N041,0.9,0.40058823529411763,0.0,0.40058823529411763,False,False
1,1,N041,0.9500000000000001,0.40058823529411763,0.0,0.40058823529411763,False,False
1,1,N041,1.0,0.33,0.07058823529411762,0.40058823529411763,False,False
1,1,N042,0.0,0.40058823529411763,0.0,0.40058823529411763,False,False
1,1,N042,0.05,0.40058823529411763,0.0,0.40058823529411763,False,False
1,1,N042,0.1,0.40058823529411763,0.0,0.40058823529411763,False,False
1,1,N042,0.15000000000000002,0.40058823529411763,0.0,0.40058823529411763,False,False
1,1,N042,0.2,0.40058823529411763,0.0,0.40058823529411763,False,False
1,1,N042,0.25,0.40058823529411763,0.0,0.40058823529411763,False,False
1,1,N042,0.30000000000000004,0.40058823529411763,0.0,0.40058823529411763,False,False
1,1,N042,0.35000000000000003,0.40058823529411763,0.0,0.40058823529411763,False,False
1,1,N042,0.4,0.40058823529411763,0.0,0.40058823529411763,False,False
1,1,N042,0.45,0.40058823529411763,0.0,0.40058823529411763,False,False
1,1,N042,0.5,0.40058823529411763,0.0,0.40058823529411763,False,False
1,1,N042,0.55,0.40058823529411763,0.0,0.40058823529411763,False,False
1,1,N042,0.6000000000000001,0.40058823529411763,0.0,0.40058823529411763,False,False
1,1,N042,0.65,0.40058823529411763,0.0,0.40058823529411763,False,False
1,1,N042,0.7000000000000001,0.40058823529411763,0.0,0.40058823529411763,False,False
1,1,N042,0.75,0.40058823529411763,0.0,0.40058823529411763,False,False
1,1,N042,0.8,0.40058823529411763,0.0,0.40058823529411763,False,False
1,1,N042,0.8500000000000001,0.40058823529411763,0.0,0.40058823529411763,False,False
1,1,N042,0.9,0.40058823529411763,0.0,0.40058823529411763,False,False
1,1,N042,0.9500000000000001,0.40058823529411763,0.0,0.40058823529411763,False,False
1,1,N042,1.0,0.3152941176470588,0.08529411764705885,0.40058823529411763,False,False
1,1,N043,0.0,0.40058823529411763,0.0,0.40058823529411763,False,False
1,1,N043,0.05,0.40058823529411763,0.0,0.40058823529411763,False,False
1,1,N043,0.1,0.40058823529411763,0.0,0.40058823529411763,False,False
1,1,N043,0.15000000000000002,0.40058823529411763,0.0,0.40058823529411763,False,False
1,1,N043,0.2,0.40058823529411763,0.0,0.40058823529411763,False,False
1,1,N043,0.25,0.40058823529411763,0.0,0.40058823529411763,False,False
1,1,N043,0.30000000000000004,0.40058823529411763,0.0,0.40058823529411763,False,False
1,1,N043,0.35000000000000003,0.40058823529411763,0.0,0.40058823529411763,False,False
1,1,N043,0.4,0.40058823529411763,0.0,0.40058823529411763,False,False
1,1,N043,0.45,0.40058823529411763,0.0,0.40058823529411763,False,False
1,1,N043,0.5,0.40058823529411763,0.0,0.40058823529411763,False,False
1,1,N043,0.55,0.40058823529411763,0.0,0.40058823529411763,False,False
1,1,N043,0.6000000000000001,0.40058823529411763,0.0,0.40058823529411763,False,False
1,1,N043,0.65,0.40058823529411763,0.0,0.40058823529411763,False,False
1,1,N043,0.7000000000000001,0.40058823529411763,0.0,0.40058823529411763,False,False
1,1,N043,0.75,0.40058823529411763,0.0,0.40058823529411763,False,False
1,1,N043,0.8,0.40058823529411763,0.0,0.40058823529411763,False,False
1,1,N043,0.8500000000000001,0.40058823529411763,0.0,0.40058823529411763,False,False
1,1,N043,0.9,0.40058823529411763,0.0,0.40058823529411763,False,False
1,1,N043,0.9500000000000001,0.40058823529411763,0.0,0.40058823529411763,False,False
1,1,N043,1.0,0.33294117647058824,0.0676470588235294,0.40058823529411763,False,False
1,1,N044,0.0,0.40058823529411763,0.0,0.40058823529411763,False,False
1,1,N044,0.05,0.40058823529411763,0.0,0.40058823529411763,False,False
1,1,N044,0.1,0.40058823529411763,0.0,0.40058823529411763,False,False
1,1,N044,0.15000000000000002,0.40058823529411763,0.0,0.40058823529411763,False,False
1,1,N044,0.2,0.40058823529411763,0.0,0.40058823529411763,False,False
1,1,N044,0.25,0.40058823529411763,0.0,0.40058823529411763,False,False
1,1,N044,0.30000000000000004,0.40058823529411763,0.0,0.40058823529411763,False,False
1,1,N044,0.35000000000000003,0.40058823529411763,0.0,0.40058823529411763,False,False
1,1,N044,0.4,0.40058823529411763,0.0,0.40058823529411763,False,False
1,1,N044,0.45,0.40058823529411763,0.0,0.40058823529411763,False,False
1,1,N044,0.5,0.40058823529411763,0.0,0.40058823529411763,False,False
1,1,N044,0.55,0.40058823529411763,0.0,0.40058823529411763,False,False
1,1,N044,0.6000000000000001,0.40058823529411763,0.0,0.40058823529411763,False,False
1,1,N044,0.65,0.40058823529411763,0.0,0.40058823529411763,False,False
1,1,N044,0.7000000000000001,0.40058823529411763,0.0,0.40058823529411763,False,False
1,1,N044,0.75,0.40058823529411763,0.0,0.40058823529411763,False,False
1,1,N044,0.8,0.40058823529411763,0.0,0.40058823529411763,False,False
1,1,N044,0.8500000000000001,0.40058823529411763,0.0,0.40058823529411763,False,False
1,1,N044,0.9,0.40058823529411763,0.0,0.40058823529411763,False,False
1,1,N044,0.9500000000000001,0.40058823529411763,0.0,0.40058823529411763,False,False
1,1,N044,1.0,0.3079411764705883,0.09264705882352936,0.40058823529411763,False,False
1,1,N045,0.0,0.40058823529411763,0.0,0.40058823529411763,False,False
1,1,N045,0.05,0.40058823529411763,0.0,0.40058823529411763,False,False
1,1,N045,0.1,0.40058823529411763,0.0,0.40058823529411763,False,False
1,1,N045,0.15000000000000002,0.40058823529411763,0.0,0.40058823529411763,False,False
1,1,N045,0.2,0.40058823529411763,0.0,0.40058823529411763,False,False
1,1,N045,0.25,0.40058823529411763,0.0,0.40058823529411763,False,False
1,1,N045,0.30000000000000004,0.40058823529411763,0.0,0.40058823529411763,False,False
1,1,N045,0.35000000000000003,0.40058823529411763,0.0,0.40058823529411763,False,False
1,1,N045,0.4,0.40058823529411763,0.0,0.40058823529411763,False,False
1,1,N045,0.45,0.40058823529411763,0.0,0.40058823529411763,False,False
1,1,N045,0.5,0.40058823529411763,0.0,0.40058823529411763,False,False
1,1,N045,0.55,0.40058823529411763,0.0,0.40058823529411763,False,False
1,1,N045,0.6000000000000001,0.40058823529411763,0.0,0.40058823529411763,False,False
1,1,N045,0.65,0.40058823529411763,0.0,0.40058823529411763,False,False
1,1,N045,0.7000000000000001,0.40058823529411763,0.0,0.40058823529411763,False,False
1,1,N045,0.75,0.40058823529411763,0.0,0.40058823529411763,False,False
1,1,N045,0.8,0.40058823529411763,0.0,0.40058823529411763,False,False
1,1,N045,0.8500000000000001,0.40058823529411763,0.0,0.40058823529411763,False,False
1,1,N045,0.9,0.40058823529411763,0.0,0.40058823529411763,False,False
1,1,N045,0.9500000000000001,0.40058823529411763,0.0,0.40058823529411763,False,False
1,1,N045,1.0,0.3473529411764706,0.05323529411764705,0.40058823529411763,False,False
1,1,N046,0.0,0.40058823529411763,0.0,0.40058823529411763,False,False
1,1,N046,0.05,0.40058823529411763,0.0,0.40058823529411763,False,False
1,1,N046,0.1,0.40058823529411763,0.0,0.40058823529411763,False,False
1,1,N046,0.15000000000000002,0.40058823529411763,0.0,0.40058823529411763,False,False
1,1,N046,0.2,0.40058823529411763,0.0,0.40058823529411763,False,False
1,1,N046,0.25,0.40058823529411763,0.0,0.40058823529411763,False,False
1,1,N046,0.30000000000000004,0.40058823529411763,0.0,0.40058823529411763,False,False
1,1,N046,0.35000000000000003,0.40058823529411763,0.0,0.40058823529411763,False,False
1,1,N046,0.4,0.40058823529411763,0.0,0.40058823529411763,False,False
1,1,N046,0.45,0.40058823529411763,0.0,0.40058823529411763,False,False
1,1,N046,0.5,0.40058823529411763,0.0,0.40058823529411763,False,False
1,1,N046,0.55,0.40058823529411763,0.0,0.40058823529411763,False,False
1,1,N046,0.6000000000000001,0.40058823529411763,0.0,0.40058823529411763,False,False
1,1,N046,0.65,0.40058823529411763,0.0,0.40058823529411763,False,False
1,1,N046,0.7000000000000001,0.40058823529411763,0.0,0.40058823529411763,False,False
1,1,N046,0.75,0.40058823529411763,0.0,0.40058823529411763,False,False
1,1,N046,0.8,0.40058823529411763,0.0,0.40058823529411763,False,False
1,1,N046,0.8500000000000001,0.40058823529411763,0.0,0.40058823529411763,False,False
1,1,N046,0.9,0.40058823529411763,0.0,0.40058823529411763,False,False
1,1,N046,0.9500000000000001,0.40058823529411763,0.0,0.40058823529411763,False,False
1,1,N046,1.0,0.35999999999999993,0.0405882352941177,0.40058823529411763,False,False
1,1,N047,0.0,0.40058823529411763,0.0,0.40058823529411763,False,False
1,1,N047,0.05,0.40058823529411763,0.0,0.40058823529411763,False,False
1,1,N047,0.1,0.40058823529411763,0.0,0.40058823529411763,False,False
1,1,N047,0.15000000000000002,0.40058823529411763,0.0,0.40058823529411763,False,False
1,1,N047,0.2,0.40058823529411763,0.0,0.40058823529411763,False,False
1,1,N047,0.25,0.40058823529411763,0.0,0.40058823529411763,False,False
1,1,N047,0.30000000000000004,0.40058823529411763,0.0,0.40058823529411763,False,False
1,1,N047,0.35000000000000003,0.40058823529411763,0.0,0.40058823529411763,False,False
1,1,N047,0.4,0.40058823529411763,0.0,0.40058823529411763,False,False
1,1,N047,0.45,0.40058823529411763,0.0,0.40058823529411763,False,False
1,1,N047,0.5,0.40058823529411763,0.0,0.40058823529411763,False,False
1,1,N047,0.55,0.40058823529411763,0.0,0.40058823529411763,False,False
1,1,N047,0.6000000000000001,0.40058823529411763,0.0,0.40058823529411763,False,False
1,1,N047,0.65,0.40058823529411763,0.0,0.40058823529411763,False,False
1,1,N047,0.7000000000000001,0.40058823529411763,0.0,0.40058823529411763,False,False
1,1,N047,0.75,0.40058823529411763,0.0,0.40058823529411763,False,False
1,1,N047,0.8,0.40058823529411763,0.0,0.40058823529411763,False,False
1,1,N047,0.8500000000000001,0.40058823529411763,0.0,0.40058823529411763,False,False
1,1,N047,0.9,0.40058823529411763,0.0,0.40058823529411763,False,False
1,1,N047,0.9500000000000001,0.40058823529411763,0.0,0.40058823529411763,False,False
1,1,N047,1.0,0.32823529411764707,0.07235294117647056,0.40058823529411763,False,False
1,1,N048,0.0,0.40058823529411763,0.0,0.40058823529411763,False,False
1,1,N048,0.05,0.40058823529411763,0.0,0.40058823529411763,False,False
1,1,N048,0.1,0.40058823529411763,0.0,0.40058823529411763,False,False
1,1,N048,0.15000000000000002,0.40058823529411763,0.0,0.40058823529411763,False,False
1,1,N048,0.2,0.40058823529411763,0.0,0.40058823529411763,False,False
1,1,N048,0.25,0.40058823529411763,0.0,0.40058823529411763,False,False
1,1,N048,0.30000000000000004,0.40058823529411763,0.0,0.40058823529411763,False,False
1,1,N048,0.35000000000000003,0.40058823529411763,0.0,0.40058823529411763,False,False
1,1,N048,0.4,0.40058823529411763,0.0,0.40058823529411763,False,False
1,1,N048,0.45,0.40058823529411763,0.0,0.40058823529411763,False,False
1,1,N048,0.5,0.40058823529411763,0.0,0.40058823529411763,False,False
1,1,N048,0.55,0.40058823529411763,0.0,0.40058823529411763,False,False
1,1,N048,0.6000000000000001,0.40058823529411763,0.0,0.40058823529411763,False,False
1,1,N048,0.65,0.40058823529411763,0.0,0.40058823529411763,False,False
1,1,N048,0.7000000000000001,0.40058823529411763,0.0,0.40058823529411763,False,False
1,1,N048,0.75,0.40058823529411763,0.0,0.40058823529411763,False,False
1,1,N048,0.8,0.40058823529411763,0.0,0.40058823529411763,False,False
1,1,N048,0.8500000000000001,0.40058823529411763,0.0,0.40058823529411763,False,False
1,1,N048,0.9,0.40058823529411763,0.0,0.40058823529411763,False,False
1,1,N048,0.9500000000000001,0.40058823529411763,0.0,0.40058823529411763,False,False
1,1,N048,1.0,0.37058823529411766,0.02999999999999997,0.40058823529411763,False,False
1,1,N049,0.0,0.40058823529411763,0.0,0.40058823529411763,False,False
1,1,N049,0.05,0.40058823529411763,0.0,0.40058823529411763,False,False
1,1,N049,0.1,0.40058823529411763,0.0,0.40058823529411763,False,False
1,1,N049,0.15000000000000002,0.40058823529411763,0.0,0.40058823529411763,False,False
1,1,N049,0.2,0.40058823529411763,0.0,0.40058823529411763,False,False
1,1,N049,0.25,0.40058823529411763,0.0,0.40058823529411763,False,False
1,1,N049,0.30000000000000004,0.40058823529411763,0.0,0.40058823529411763,False,False
1,1,N049,0.35000000000000003,0.40058823529411763,0.0,0.40058823529411763,False,False
1,1,N049,0.4,0.40058823529411763,0.0,0.40058823529411763,False,False
1,1,N049,0.45,0.40058823529411763,0.0,0.40058823529411763,False,False
1,1,N049,0.5,0.40058823529411763,0.0,0.40058823529411763,False,False
1,1,N049,0.55,0.40058823529411763,0.0,0.40058823529411763,False,False
1,1,N049,0.6000000000000001,0.40058823529411763,0.0,0.40058823529411763,False,False
1,1,N049,0.65,0.40058823529411763,0.0,0.40058823529411763,False,False
1,1,N049,0.7000000000000001,0.40058823529411763,0.0,0.40058823529411763,False,False
1,1,N049,0.75,0.40058823529411763,0.0,0.40058823529411763,False,False
1,1,N049,0.8,0.40058823529411763,0.0,0.40058823529411763,False,False
1,1,N049,0.8500000000000001,0.40058823529411763,0.0,0.40058823529411763,False,False
1,1,N049,0.9,0.40058823529411763,0.0,0.40058823529411763,False,False
1,1,N049,0.9500000000000001,0.40058823529411763,0.0,0.40058823529411763,False,False
1,1,N049,1.0,0.3614705882352941,0.039117647058823535,0.40058823529411763,False,False
1,1,N050,0.0,0.40058823529411763,0.0,0.40058823529411763,False,False
1,1,N050,0.05,0.40058823529411763,0.0,0.40058823529411763,False,False
1,1,N050,0.1,0.40058823529411763,0.0,0.40058823529411763,False,False
1,1,N050,0.15000000000000002,0.40058823529411763,0.0,0.40058823529411763,False,False
1,1,N050,0.2,0.40058823529411763,0.0,0.40058823529411763,False,False
1,1,N050,0.25,0.40058823529411763,0.0,0.40058823529411763,False,False
1,1,N050,0.30000000000000004,0.40058823529411763,0.0,0.40058823529411763,False,False
1,1,N050,0.35000000000000003,0.40058823529411763,0.0,0.40058823529411763,False,False
1,1,N050,0.4,0.40058823529411763,0.0,0.40058823529411763,False,False
1,1,N050,0.45,0.40058823529411763,0.0,0.40058823529411763,False,False
1,1,N050,0.5,0.40058823529411763,0.0,0.40058823529411763,False,False
1,1,N050,0.55,0.40058823529411763,0.0,0.40058823529411763,False,False
1,1,N050,0.6000000000000001,0.40058823529411763,0.0,0.40058823529411763,False,False
1,1,N050,0.65,0.40058823529411763,0.0,0.40058823529411763,False,False
1,1,N050,0.7000000000000001,0.40058823529411763,0.0,0.40058823529411763,False,False
1,1,N050,0.75,0.40058823529411763,0.0,0.40058823529411763,False,False
1,1,N050,0.8,0.40058823529411763,0.0,0.40058823529411763,False,False
1,1,N050,0.8500000000000001,0.40058823529411763,0.0,0.40058823529411763,False,False
1,1,N050,0.9,0.40058823529411763,0.0,0.40058823529411763,False,False
1,1,N050,0.9500000000000001,0.40058823529411763,0.0,0.40058823529411763,False,False
1,1,N050,1.0,0.3205882352941177,0.07999999999999996,0.40058823529411763,False,False
2,0,P,0.0,0.39705882352941174,0.0,0.39705882352941174,False,False
2,0,P,0.05,0.39705882352941174,0.0,0.39705882352941174,False,False
2,0,P,0.1,0.39705882352941174,0.0,0.39705882352941174,False,False
2,0,P,0.15000000000000002,0.39705882352941174,0.0,0.39705882352941174,False,False
2,0,P,0.2,0.39705882352941174,0.0,0.39705882352941174,False,False
2,0,P,0.25,0.39705882352941174,0.0,0.39705882352941174,False,False
2,0,P,0.30000000000000004,0.39705882352941174,0.0,0.39705882352941174,False,False
2,0,P,0.35000000000000003,0.39705882352941174,0.0,0.39705882352941174,False,False
2,0,P,0.4,0.39705882352941174,0.0,0.39705882352941174,False,False
2,0,P,0.45,0.39705882352941174,0.0,0.39705882352941174,False,False
2,0,P,0.5,0.39705882352941174,0.0,0.39705882352941174,False,False
2,0,P,0.55,0.39705882352941174,0.0,0.39705882352941174,False,False
2,0,P,0.6000000000000001,0.39705882352941174,0.0,0.39705882352941174,False,False
2,0,P,0.65,0.39705882352941174,0.0,0.39705882352941174,False,False
2,0,P,0.7000000000000001,0.39705882352941174,0.0,0.39705882352941174,False,False
2,0,P,0.75,0.39705882352941174,0.0,0.39705882352941174,False,False
2,0,P,0.8,0.39705882352941174,0.0,0.39705882352941174,False,False
2,0,P,0.8500000000000001,0.39705882352941174,0.0,0.39705882352941174,False,False
2,0,P,0.9,0.39705882352941174,0.0,0.39705882352941174,False,False
2,0,P,0.9500000000000001,0.39705882352941174,0.0,0.39705882352941174,False,False
2,0,P,1.0,0.33970588235294114,0.057352941176470607,0.39705882352941174,False,False
2,0,N001,0.0,0.39705882352941174,0.0,0.39705882352941174,False,False
2,0,N001,0.05,0.39705882352941174,0.0,0.39705882352941174,False,False
2,0,N001,0.1,0.39705882352941174,0.0,0.39705882352941174,False,False
2,0,N001,0.15000000000000002,0.39705882352941174,0.0,0.39705882352941174,False,False
2,0,N001,0.2,0.39705882352941174,0.0,0.39705882352941174,False,False
2,0,N001,0.25,0.39705882352941174,0.0,0.39705882352941174,False,False
2,0,N001,0.30000000000000004,0.39705882352941174,0.0,0.39705882352941174,False,False
2,0,N001,0.35000000000000003,0.39705882352941174,0.0,0.39705882352941174,False,False
2,0,N001,0.4,0.39705882352941174,0.0,0.39705882352941174,False,False
2,0,N001,0.45,0.39705882352941174,0.0,0.39705882352941174,False,False
2,0,N001,0.5,0.39705882352941174,0.0,0.39705882352941174,False,False
2,0,N001,0.55,0.39705882352941174,0.0,0.39705882352941174,False,False
2,0,N001,0.6000000000000001,0.39705882352941174,0.0,0.39705882352941174,False,False
2,0,N001,0.65,0.39705882352941174,0.0,0.39705882352941174,False,False
2,0,N001,0.7000000000000001,0.39705882352941174,0.0,0.39705882352941174,False,False
2,0,N001,0.75,0.39705882352941174,0.0,0.39705882352941174,False,False
2,0,N001,0.8,0.39705882352941174,0.0,0.39705882352941174,False,False
2,0,N001,0.8500000000000001,0.39705882352941174,0.0,0.39705882352941174,False,False
2,0,N001,0.9,0.39705882352941174,0.0,0.39705882352941174,False,False
2,0,N001,0.9500000000000001,0.39705882352941174,0.0,0.39705882352941174,False,False
2,0,N001,1.0,0.2541176470588235,0.14294117647058824,0.39705882352941174,False,False
2,0,N002,0.0,0.39705882352941174,0.0,0.39705882352941174,False,False
2,0,N002,0.05,0.39705882352941174,0.0,0.39705882352941174,False,False
2,0,N002,0.1,0.39705882352941174,0.0,0.39705882352941174,False,False
2,0,N002,0.15000000000000002,0.39705882352941174,0.0,0.39705882352941174,False,False
2,0,N002,0.2,0.39705882352941174,0.0,0.39705882352941174,False,False
2,0,N002,0.25,0.39705882352941174,0.0,0.39705882352941174,False,False
2,0,N002,0.30000000000000004,0.39705882352941174,0.0,0.39705882352941174,False,False
2,0,N002,0.35000000000000003,0.39705882352941174,0.0,0.39705882352941174,False,False
2,0,N002,0.4,0.39705882352941174,0.0,0.39705882352941174,False,False
2,0,N002,0.45,0.39705882352941174,0.0,0.39705882352941174,False,False
2,0,N002,0.5,0.39705882352941174,0.0,0.39705882352941174,False,False
2,0,N002,0.55,0.39705882352941174,0.0,0.39705882352941174,False,False
2,0,N002,0.6000000000000001,0.39705882352941174,0.0,0.39705882352941174,False,False
2,0,N002,0.65,0.39705882352941174,0.0,0.39705882352941174,False,False
2,0,N002,0.7000000000000001,0.39705882352941174,0.0,0.39705882352941174,False,False
2,0,N002,0.75,0.39705882352941174,0.0,0.39705882352941174,False,False
2,0,N002,0.8,0.39705882352941174,0.0,0.39705882352941174,False,False
2,0,N002,0.8500000000000001,0.39705882352941174,0.0,0.39705882352941174,False,False
2,0,N002,0.9,0.39705882352941174,0.0,0.39705882352941174,False,False
2,0,N002,0.9500000000000001,0.39705882352941174,0.0,0.39705882352941174,False,False
2,0,N002,1.0,0.2585294117647059,0.13852941176470585,0.39705882352941174,False,False
2,0,N003,0.0,0.39705882352941174,0.0,0.39705882352941174,False,False
2,0,N003,0.05,0.39705882352941174,0.0,0.39705882352941174,False,False
2,0,N003,0.1,0.39705882352941174,0.0,0.39705882352941174,False,False
2,0,N003,0.15000000000000002,0.39705882352941174,0.0,0.39705882352941174,False,False
2,0,N003,0.2,0.39705882352941174,0.0,0.39705882352941174,False,False
2,0,N003,0.25,0.39705882352941174,0.0,0.39705882352941174,False,False
2,0,N003,0.30000000000000004,0.39705882352941174,0.0,0.39705882352941174,False,False
2,0,N003,0.35000000000000003,0.39705882352941174,0.0,0.39705882352941174,False,False
2,0,N003,0.4,0.39705882352941174,0.0,0.39705882352941174,False,False
2,0,N003,0.45,0.39705882352941174,0.0,0.39705882352941174,False,False
2,0,N003,0.5,0.39705882352941174,0.0,0.39705882352941174,False,False
2,0,N003,0.55,0.39705882352941174,0.0,0.39705882352941174,False,False
2,0,N003,0.6000000000000001,0.39705882352941174,0.0,0.39705882352941174,False,False
2,0,N003,0.65,0.39705882352941174,0.0,0.39705882352941174,False,False
2,0,N003,0.7000000000000001,0.39705882352941174,0.0,0.39705882352941174,False,False
2,0,N003,0.75,0.39705882352941174,0.0,0.39705882352941174,False,False
2,0,N003,0.8,0.39705882352941174,0.0,0.39705882352941174,False,False
2,0,N003,0.8500000000000001,0.39705882352941174,0.0,0.39705882352941174,False,False
2,0,N003,0.9,0.39705882352941174,0.0,0.39705882352941174,False,False
2,0,N003,0.9500000000000001,0.39705882352941174,0.0,0.39705882352941174,False,False
2,0,N003,1.0,0.23970588235294119,0.15735294117647056,0.39705882352941174,False,False
2,0,N004,0.0,0.39705882352941174,0.0,0.39705882352941174,False,False
2,0,N004,0.05,0.39705882352941174,0.0,0.39705882352941174,False,False
2,0,N004,0.1,0.39705882352941174,0.0,0.39705882352941174,False,False
2,0,N004,0.15000000000000002,0.39705882352941174,0.0,0.39705882352941174,False,False
2,0,N004,0.2,0.39705882352941174,0.0,0.39705882352941174,False,False
2,0,N004,0.25,0.39705882352941174,0.0,0.39705882352941174,False,False
2,0,N004,0.30000000000000004,0.39705882352941174,0.0,0.39705882352941174,False,False
2,0,N004,0.35000000000000003,0.39705882352941174,0.0,0.39705882352941174,False,False
2,0,N004,0.4,0.39705882352941174,0.0,0.39705882352941174,False,False
2,0,N004,0.45,0.39705882352941174,0.0,0.39705882352941174,False,False
2,0,N004,0.5,0.39705882352941174,0.0,0.39705882352941174,False,False
2,0,N004,0.55,0.39705882352941174,0.0,0.39705882352941174,False,False
2,0,N004,0.6000000000000001,0.39705882352941174,0.0,0.39705882352941174,False,False
2,0,N004,0.65,0.39705882352941174,0.0,0.39705882352941174,False,False
2,0,N004,0.7000000000000001,0.39705882352941174,0.0,0.39705882352941174,False,False
2,0,N004,0.75,0.39705882352941174,0.0,0.39705882352941174,False,False
2,0,N004,0.8,0.39705882352941174,0.0,0.39705882352941174,False,False
2,0,N004,0.8500000000000001,0.39705882352941174,0.0,0.39705882352941174,False,False
2,0,N004,0.9,0.39705882352941174,0.0,0.39705882352941174,False,False
2,0,N004,0.9500000000000001,0.39705882352941174,0.0,0.39705882352941174,False,False
2,0,N004,1.0,0.24705882352941178,0.14999999999999997,0.39705882352941174,False,False
2,0,N005,0.0,0.39705882352941174,0.0,0.39705882352941174,False,False
2,0,N005,0.05,0.39705882352941174,0.0,0.39705882352941174,False,False
2,0,N005,0.1,0.39705882352941174,0.0,0.39705882352941174,False,False
2,0,N005,0.15000000000000002,0.39705882352941174,0.0,0.39705882352941174,False,False
2,0,N005,0.2,0.39705882352941174,0.0,0.39705882352941174,False,False
2,0,N005,0.25,0.39705882352941174,0.0,0.39705882352941174,False,False
2,0,N005,0.30000000000000004,0.39705882352941174,0.0,0.39705882352941174,False,False
2,0,N005,0.35000000000000003,0.39705882352941174,0.0,0.39705882352941174,False,False
2,0,N005,0.4,0.39705882352941174,0.0,0.39705882352941174,False,False
2,0,N005,0.45,0.39705882352941174,0.0,0.39705882352941174,False,False
2,0,N005,0.5,0.39705882352941174,0.0,0.39705882352941174,False,False
2,0,N005,0.55,0.39705882352941174,0.0,0.39705882352941174,False,False
2,0,N005,0.6000000000000001,0.39705882352941174,0.0,0.39705882352941174,False,False
2,0,N005,0.65,0.39705882352941174,0.0,0.39705882352941174,False,False
2,0,N005,0.7000000000000001,0.39705882352941174,0.0,0.39705882352941174,False,False
2,0,N005,0.75,0.39705882352941174,0.0,0.39705882352941174,False,False
2,0,N005,0.8,0.39705882352941174,0.0,0.39705882352941174,False,False
2,0,N005,0.8500000000000001,0.39705882352941174,0.0,0.39705882352941174,False,False
2,0,N005,0.9,0.39705882352941174,0.0,0.39705882352941174,False,False
2,0,N005,0.9500000000000001,0.39705882352941174,0.0,0.39705882352941174,False,False
2,0,N005,1.0,0.23205882352941182,0.16499999999999992,0.39705882352941174,False,False
2,0,N006,0.0,0.39705882352941174,0.0,0.39705882352941174,False,False
2,0,N006,0.05,0.39705882352941174,0.0,0.39705882352941174,False,False
2,0,N006,0.1,0.39705882352941174,0.0,0.39705882352941174,False,False
2,0,N006,0.15000000000000002,0.39705882352941174,0.0,0.39705882352941174,False,False
2,0,N006,0.2,0.39705882352941174,0.0,0.39705882352941174,False,False
2,0,N006,0.25,0.39705882352941174,0.0,0.39705882352941174,False,False
2,0,N006,0.30000000000000004,0.39705882352941174,0.0,0.39705882352941174,False,False
2,0,N006,0.35000000000000003,0.39705882352941174,0.0,0.39705882352941174,False,False
2,0,N006,0.4,0.39705882352941174,0.0,0.39705882352941174,False,False
2,0,N006,0.45,0.39705882352941174,0.0,0.39705882352941174,False,False
2,0,N006,0.5,0.39705882352941174,0.0,0.39705882352941174,False,False
2,0,N006,0.55,0.39705882352941174,0.0,0.39705882352941174,False,False
2,0,N006,0.6000000000000001,0.39705882352941174,0.0,0.39705882352941174,False,False
2,0,N006,0.65,0.39705882352941174,0.0,0.39705882352941174,False,False
2,0,N006,0.7000000000000001,0.39705882352941174,0.0,0.39705882352941174,False,False
2,0,N006,0.75,0.39705882352941174,0.0,0.39705882352941174,False,False
2,0,N006,0.8,0.39705882352941174,0.0,0.39705882352941174,False,False
2,0,N006,0.8500000000000001,0.39705882352941174,0.0,0.39705882352941174,False,False
2,0,N006,0.9,0.39705882352941174,0.0,0.39705882352941174,False,False
2,0,N006,0.9500000000000001,0.39705882352941174,0.0,0.39705882352941174,False,False
2,0,N006,1.0,0.21323529411764705,0.1838235294117647,0.39705882352941174,False,False
2,0,N007,0.0,0.39705882352941174,0.0,0.39705882352941174,False,False
2,0,N007,0.05,0.39705882352941174,0.0,0.39705882352941174,False,False
2,0,N007,0.1,0.39705882352941174,0.0,0.39705882352941174,False,False
2,0,N007,0.15000000000000002,0.39705882352941174,0.0,0.39705882352941174,False,False
2,0,N007,0.2,0.39705882352941174,0.0,0.39705882352941174,False,False
2,0,N007,0.25,0.39705882352941174,0.0,0.39705882352941174,False,False
2,0,N007,0.30000000000000004,0.39705882352941174,0.0,0.39705882352941174,False,False
2,0,N007,0.35000000000000003,0.39705882352941174,0.0,0.39705882352941174,False,False
2,0,N007,0.4,0.39705882352941174,0.0,0.39705882352941174,False,False
2,0,N007,0.45,0.39705882352941174,0.0,0.39705882352941174,False,False
2,0,N007,0.5,0.39705882352941174,0.0,0.39705882352941174,False,False
2,0,N007,0.55,0.39705882352941174,0.0,0.39705882352941174,False,False
2,0,N007,0.6000000000000001,0.39705882352941174,0.0,0.39705882352941174,False,False
2,0,N007,0.65,0.39705882352941174,0.0,0.39705882352941174,False,False
2,0,N007,0.7000000000000001,0.39705882352941174,0.0,0.39705882352941174,False,False
2,0,N007,0.75,0.39705882352941174,0.0,0.39705882352941174,False,False
2,0,N007,0.8,0.39705882352941174,0.0,0.39705882352941174,False,False
2,0,N007,0.8500000000000001,0.39705882352941174,0.0,0.39705882352941174,False,False
2,0,N007,0.9,0.39705882352941174,0.0,0.39705882352941174,False,False
2,0,N007,0.9500000000000001,0.39705882352941174,0.0,0.39705882352941174,False,False
2,0,N007,1.0,0.24911764705882355,0.1479411764705882,0.39705882352941174,False,False
2,0,N008,0.0,0.39705882352941174,0.0,0.39705882352941174,False,False
2,0,N008,0.05,0.39705882352941174,0.0,0.39705882352941174,False,False
2,0,N008,0.1,0.39705882352941174,0.0,0.39705882352941174,False,False
2,0,N008,0.15000000000000002,0.39705882352941174,0.0,0.39705882352941174,False,False
2,0,N008,0.2,0.39705882352941174,0.0,0.39705882352941174,False,False
2,0,N008,0.25,0.39705882352941174,0.0,0.39705882352941174,False,False
2,0,N008,0.30000000000000004,0.39705882352941174,0.0,0.39705882352941174,False,False
2,0,N008,0.35000000000000003,0.39705882352941174,0.0,0.39705882352941174,False,False
2,0,N008,0.4,0.39705882352941174,0.0,0.39705882352941174,False,False
2,0,N008,0.45,0.39705882352941174,0.0,0.39705882352941174,False,False
2,0,N008,0.5,0.39705882352941174,0.0,0.39705882352941174,False,False
2,0,N008,0.55,0.39705882352941174,0.0,0.39705882352941174,False,False
2,0,N008,0.6000000000000001,0.39705882352941174,0.0,0.39705882352941174,False,False
2,0,N008,0.65,0.39705882352941174,0.0,0.39705882352941174,False,False
2,0,N008,0.7000000000000001,0.39705882352941174,0.0,0.39705882352941174,False,False
2,0,N008,0.75,0.39705882352941174,0.0,0.39705882352941174,False,False
2,0,N008,0.8,0.39705882352941174,0.0,0.39705882352941174,False,False
2,0,N008,0.8500000000000001,0.39705882352941174,0.0,0.39705882352941174,False,False
2,0,N008,0.9,0.39705882352941174,0.0,0.39705882352941174,False,False
2,0,N008,0.9500000000000001,0.39705882352941174,0.0,0.39705882352941174,False,False
2,0,N008,1.0,0.2688235294117647,0.12823529411764706,0.39705882352941174,False,False
2,0,N009,0.0,0.39705882352941174,0.0,0.39705882352941174,False,False
2,0,N009,0.05,0.39705882352941174,0.0,0.39705882352941174,False,False
2,0,N009,0.1,0.39705882352941174,0.0,0.39705882352941174,False,False
2,0,N009,0.15000000000000002,0.39705882352941174,0.0,0.39705882352941174,False,False
2,0,N009,0.2,0.39705882352941174,0.0,0.39705882352941174,False,False
2,0,N009,0.25,0.39705882352941174,0.0,0.39705882352941174,False,False
2,0,N009,0.30000000000000004,0.39705882352941174,0.0,0.39705882352941174,False,False
2,0,N009,0.35000000000000003,0.39705882352941174,0.0,0.39705882352941174,False,False
2,0,N009,0.4,0.39705882352941174,0.0,0.39705882352941174,False,False
2,0,N009,0.45,0.39705882352941174,0.0,0.39705882352941174,False,False
2,0,N009,0.5,0.39705882352941174,0.0,0.39705882352941174,False,False
2,0,N009,0.55,0.39705882352941174,0.0,0.39705882352941174,False,False
2,0,N009,0.6000000000000001,0.39705882352941174,0.0,0.39705882352941174,False,False
2,0,N009,0.65,0.39705882352941174,0.0,0.39705882352941174,False,False
2,0,N009,0.7000000000000001,0.39705882352941174,0.0,0.39705882352941174,False,False
2,0,N009,0.75,0.39705882352941174,0.0,0.39705882352941174,False,False
2,0,N009,0.8,0.39705882352941174,0.0,0.39705882352941174,False,False
2,0,N009,0.8500000000000001,0.39705882352941174,0.0,0.39705882352941174,False,False
2,0,N009,0.9,0.39705882352941174,0.0,0.39705882352941174,False,False
2,0,N009,0.9500000000000001,0.39705882352941174,0.0,0.39705882352941174,False,False
2,0,N009,1.0,0.26676470588235296,0.13029411764705878,0.39705882352941174,False,False
2,0,N010,0.0,0.39705882352941174,0.0,0.39705882352941174,False,False
2,0,N010,0.05,0.39705882352941174,0.0,0.39705882352941174,False,False
2,0,N010,0.1,0.39705882352941174,0.0,0.39705882352941174,False,False
2,0,N010,0.15000000000000002,0.39705882352941174,0.0,0.39705882352941174,False,False
2,0,N010,0.2,0.39705882352941174,0.0,0.39705882352941174,False,False
2,0,N010,0.25,0.39705882352941174,0.0,0.39705882352941174,False,False
2,0,N010,0.30000000000000004,0.39705882352941174,0.0,0.39705882352941174,False,False
2,0,N010,0.35000000000000003,0.39705882352941174,0.0,0.39705882352941174,False,False
2,0,N010,0.4,0.39705882352941174,0.0,0.39705882352941174,False,False
2,0,N010,0.45,0.39705882352941174,0.0,0.39705882352941174,False,False
2,0,N010,0.5,0.39705882352941174,0.0,0.39705882352941174,False,False
2,0,N010,0.55,0.39705882352941174,0.0,0.39705882352941174,False,False
2,0,N010,0.6000000000000001,0.39705882352941174,0.0,0.39705882352941174,False,False
2,0,N010,0.65,0.39705882352941174,0.0,0.39705882352941174,False,False
2,0,N010,0.7000000000000001,0.39705882352941174,0.0,0.39705882352941174,False,False
2,0,N010,0.75,0.39705882352941174,0.0,0.39705882352941174,False,False
2,0,N010,0.8,0.39705882352941174,0.0,0.39705882352941174,False,False
2,0,N010,0.8500000000000001,0.39705882352941174,0.0,0.39705882352941174,False,False
2,0,N010,0.9,0.39705882352941174,0.0,0.39705882352941174,False,False
2,0,N010,0.9500000000000001,0.39705882352941174,0.0,0.39705882352941174,False,False
2,0,N010,1.0,0.26382352941176473,0.133235294117647,0.39705882352941174,False,False
2,0,N011,0.0,0.39705882352941174,0.0,0.39705882352941174,False,False
2,0,N011,0.05,0.39705882352941174,0.0,0.39705882352941174,False,False
2,0,N011,0.1,0.39705882352941174,0.0,0.39705882352941174,False,False
2,0,N011,0.15000000000000002,0.39705882352941174,0.0,0.39705882352941174,False,False
2,0,N011,0.2,0.39705882352941174,0.0,0.39705882352941174,False,False
2,0,N011,0.25,0.39705882352941174,0.0,0.39705882352941174,False,False
2,0,N011,0.30000000000000004,0.39705882352941174,0.0,0.39705882352941174,False,False
2,0,N011,0.35000000000000003,0.39705882352941174,0.0,0.39705882352941174,False,False
2,0,N011,0.4,0.39705882352941174,0.0,0.39705882352941174,False,False
2,0,N011,0.45,0.39705882352941174,0.0,0.39705882352941174,False,False
2,0,N011,0.5,0.39705882352941174,0.0,0.39705882352941174,False,False
2,0,N011,0.55,0.39705882352941174,0.0,0.39705882352941174,False,False
2,0,N011,0.6000000000000001,0.39705882352941174,0.0,0.39705882352941174,False,False
2,0,N011,0.65,0.39705882352941174,0.0,0.39705882352941174,False,False
2,0,N011,0.7000000000000001,0.39705882352941174,0.0,0.39705882352941174,False,False
2,0,N011,0.75,0.39705882352941174,0.0,0.39705882352941174,False,False
2,0,N011,0.8,0.39705882352941174,0.0,0.39705882352941174,False,False
2,0,N011,0.8500000000000001,0.39705882352941174,0.0,0.39705882352941174,False,False
2,0,N011,0.9,0.39705882352941174,0.0,0.39705882352941174,False,False
2,0,N011,0.9500000000000001,0.39705882352941174,0.0,0.39705882352941174,False,False
2,0,N011,1.0,0.25735294117647056,0.13970588235294118,0.39705882352941174,False,False
2,0,N012,0.0,0.39705882352941174,0.0,0.39705882352941174,False,False
2,0,N012,0.05,0.39705882352941174,0.0,0.39705882352941174,False,False
2,0,N012,0.1,0.39705882352941174,0.0,0.39705882352941174,False,False
2,0,N012,0.15000000000000002,0.39705882352941174,0.0,0.39705882352941174,False,False
2,0,N012,0.2,0.39705882352941174,0.0,0.39705882352941174,False,False
2,0,N012,0.25,0.39705882352941174,0.0,0.39705882352941174,False,False
2,0,N012,0.30000000000000004,0.39705882352941174,0.0,0.39705882352941174,False,False
2,0,N012,0.35000000000000003,0.39705882352941174,0.0,0.39705882352941174,False,False
2,0,N012,0.4,0.39705882352941174,0.0,0.39705882352941174,False,False
2,0,N012,0.45,0.39705882352941174,0.0,0.39705882352941174,False,False
2,0,N012,0.5,0.39705882352941174,0.0,0.39705882352941174,False,False
2,0,N012,0.55,0.39705882352941174,0.0,0.39705882352941174,False,False
2,0,N012,0.6000000000000001,0.39705882352941174,0.0,0.39705882352941174,False,False
2,0,N012,0.65,0.39705882352941174,0.0,0.39705882352941174,False,False
2,0,N012,0.7000000000000001,0.39705882352941174,0.0,0.39705882352941174,False,False
2,0,N012,0.75,0.39705882352941174,0.0,0.39705882352941174,False,False
2,0,N012,0.8,0.39705882352941174,0.0,0.39705882352941174,False,False
2,0,N012,0.8500000000000001,0.39705882352941174,0.0,0.39705882352941174,False,False
2,0,N012,0.9,0.39705882352941174,0.0,0.39705882352941174,False,False
2,0,N012,0.9500000000000001,0.39705882352941174,0.0,0.39705882352941174,False,False
2,0,N012,1.0,0.24088235294117646,0.15617647058823528,0.39705882352941174,False,False
2,0,N013,0.0,0.39705882352941174,0.0,0.39705882352941174,False,False
2,0,N013,0.05,0.39705882352941174,0.0,0.39705882352941174,False,False
2,0,N013,0.1,0.39705882352941174,0.0,0.39705882352941174,False,False
2,0,N013,0.15000000000000002,0.39705882352941174,0.0,0.39705882352941174,False,False
2,0,N013,0.2,0.39705882352941174,0.0,0.39705882352941174,False,False
2,0,N013,0.25,0.39705882352941174,0.0,0.39705882352941174,False,False
2,0,N013,0.30000000000000004,0.39705882352941174,0.0,0.39705882352941174,False,False
2,0,N013,0.35000000000000003,0.39705882352941174,0.0,0.39705882352941174,False,False
2,0,N013,0.4,0.39705882352941174,0.0,0.39705882352941174,False,False
2,0,N013,0.45,0.39705882352941174,0.0,0.39705882352941174,False,False
2,0,N013,0.5,0.39705882352941174,0.0,0.39705882352941174,False,False
2,0,N013,0.55,0.39705882352941174,0.0,0.39705882352941174,False,False
2,0,N013,0.6000000000000001,0.39705882352941174,0.0,0.39705882352941174,False,False
2,0,N013,0.65,0.39705882352941174,0.0,0.39705882352941174,False,False
2,0,N013,0.7000000000000001,0.39705882352941174,0.0,0.39705882352941174,False,False
2,0,N013,0.75,0.39705882352941174,0.0,0.39705882352941174,False,False
2,0,N013,0.8,0.39705882352941174,0.0,0.39705882352941174,False,False
2,0,N013,0.8500000000000001,0.39705882352941174,0.0,0.39705882352941174,False,False
2,0,N013,0.9,0.39705882352941174,0.0,0.39705882352941174,False,False
2,0,N013,0.9500000000000001,0.39705882352941174,0.0,0.39705882352941174,False,False
2,0,N013,1.0,0.27352941176470585,0.12352941176470589,0.39705882352941174,False,False
2,0,N014,0.0,0.39705882352941174,0.0,0.39705882352941174,False,False
2,0,N014,0.05,0.39705882352941174,0.0,0.39705882352941174,False,False
2,0,N014,0.1,0.39705882352941174,0.0,0.39705882352941174,False,False
2,0,N014,0.15000000000000002,0.39705882352941174,0.0,0.39705882352941174,False,False
2,0,N014,0.2,0.39705882352941174,0.0,0.39705882352941174,False,False
2,0,N014,0.25,0.39705882352941174,0.0,0.39705882352941174,False,False
2,0,N014,0.30000000000000004,0.39705882352941174,0.0,0.39705882352941174,False,False
2,0,N014,0.35000000000000003,0.39705882352941174,0.0,0.39705882352941174,False,False
2,0,N014,0.4,0.39705882352941174,0.0,0.39705882352941174,False,False
2,0,N014,0.45,0.39705882352941174,0.0,0.39705882352941174,False,False
2,0,N014,0.5,0.39705882352941174,0.0,0.39705882352941174,False,False
2,0,N014,0.55,0.39705882352941174,0.0,0.39705882352941174,False,False
2,0,N014,0.6000000000000001,0.39705882352941174,0.0,0.39705882352941174,False,False
2,0,N014,0.65,0.39705882352941174,0.0,0.39705882352941174,False,False
2,0,N014,0.7000000000000001,0.39705882352941174,0.0,0.39705882352941174,False,False
2,0,N014,0.75,0.39705882352941174,0.0,0.39705882352941174,False,False
2,0,N014,0.8,0.39705882352941174,0.0,0.39705882352941174,False,False
2,0,N014,0.8500000000000001,0.39705882352941174,0.0,0.39705882352941174,False,False
2,0,N014,0.9,0.39705882352941174,0.0,0.39705882352941174,False,False
2,0,N014,0.9500000000000001,0.39705882352941174,0.0,0.39705882352941174,False,False
2,0,N014,1.0,0.24852941176470592,0.14852941176470583,0.39705882352941174,False,False
2,0,N015,0.0,0.39705882352941174,0.0,0.39705882352941174,False,False
2,0,N015,0.05,0.39705882352941174,0.0,0.39705882352941174,False,False
2,0,N015,0.1,0.39705882352941174,0.0,0.39705882352941174,False,False
2,0,N015,0.15000000000000002,0.39705882352941174,0.0,0.39705882352941174,False,False
2,0,N015,0.2,0.39705882352941174,0.0,0.39705882352941174,False,False
2,0,N015,0.25,0.39705882352941174,0.0,0.39705882352941174,False,False
2,0,N015,0.30000000000000004,0.39705882352941174,0.0,0.39705882352941174,False,False
2,0,N015,0.35000000000000003,0.39705882352941174,0.0,0.39705882352941174,False,False
2,0,N015,0.4,0.39705882352941174,0.0,0.39705882352941174,False,False
2,0,N015,0.45,0.39705882352941174,0.0,0.39705882352941174,False,False
2,0,N015,0.5,0.39705882352941174,0.0,0.39705882352941174,False,False
2,0,N015,0.55,0.39705882352941174,0.0,0.39705882352941174,False,False
2,0,N015,0.6000000000000001,0.39705882352941174,0.0,0.39705882352941174,False,False
2,0,N015,0.65,0.39705882352941174,0.0,0.39705882352941174,False,False
2,0,N015,0.7000000000000001,0.39705882352941174,0.0,0.39705882352941174,False,False
2,0,N015,0.75,0.39705882352941174,0.0,0.39705882352941174,False,False
2,0,N015,0.8,0.39705882352941174,0.0,0.39705882352941174,False,False
2,0,N015,0.8500000000000001,0.39705882352941174,0.0,0.39705882352941174,False,False
2,0,N015,0.9,0.39705882352941174,0.0,0.39705882352941174,False,False
2,0,N015,0.9500000000000001,0.39705882352941174,0.0,0.39705882352941174,False,False
2,0,N015,1.0,0.2311764705882353,0.16588235294117645,0.39705882352941174,False,False
2,0,N016,0.0,0.39705882352941174,0.0,0.39705882352941174,False,False
2,0,N016,0.05,0.39705882352941174,0.0,0.39705882352941174,False,False
2,0,N016,0.1,0.39705882352941174,0.0,0.39705882352941174,False,False
2,0,N016,0.15000000000000002,0.39705882352941174,0.0,0.39705882352941174,False,False
2,0,N016,0.2,0.39705882352941174,0.0,0.39705882352941174,False,False
2,0,N016,0.25,0.39705882352941174,0.0,0.39705882352941174,False,False
2,0,N016,0.30000000000000004,0.39705882352941174,0.0,0.39705882352941174,False,False
2,0,N016,0.35000000000000003,0.39705882352941174,0.0,0.39705882352941174,False,False
2,0,N016,0.4,0.39705882352941174,0.0,0.39705882352941174,False,False
2,0,N016,0.45,0.39705882352941174,0.0,0.39705882352941174,False,False
2,0,N016,0.5,0.39705882352941174,0.0,0.39705882352941174,False,False
2,0,N016,0.55,0.39705882352941174,0.0,0.39705882352941174,False,False
2,0,N016,0.6000000000000001,0.39705882352941174,0.0,0.39705882352941174,False,False
2,0,N016,0.65,0.39705882352941174,0.0,0.39705882352941174,False,False
2,0,N016,0.7000000000000001,0.39705882352941174,0.0,0.39705882352941174,False,False
2,0,N016,0.75,0.39705882352941174,0.0,0.39705882352941174,False,False
2,0,N016,0.8,0.39705882352941174,0.0,0.39705882352941174,False,False
2,0,N016,0.8500000000000001,0.39705882352941174,0.0,0.39705882352941174,False,False
2,0,N016,0.9,0.39705882352941174,0.0,0.39705882352941174,False,False
2,0,N016,0.9500000000000001,0.39705882352941174,0.0,0.39705882352941174,False,False
2,0,N016,1.0,0.25647058823529406,0.14058823529411768,0.39705882352941174,False,False
2,0,N017,0.0,0.39705882352941174,0.0,0.39705882352941174,False,False
2,0,N017,0.05,0.39705882352941174,0.0,0.39705882352941174,False,False
2,0,N017,0.1,0.39705882352941174,0.0,0.39705882352941174,False,False
2,0,N017,0.15000000000000002,0.39705882352941174,0.0,0.39705882352941174,False,False
2,0,N017,0.2,0.39705882352941174,0.0,0.39705882352941174,False,False
2,0,N017,0.25,0.39705882352941174,0.0,0.39705882352941174,False,False
2,0,N017,0.30000000000000004,0.39705882352941174,0.0,0.39705882352941174,False,False
2,0,N017,0.35000000000000003,0.39705882352941174,0.0,0.39705882352941174,False,False
2,0,N017,0.4,0.39705882352941174,0.0,0.39705882352941174,False,False
2,0,N017,0.45,0.39705882352941174,0.0,0.39705882352941174,False,False
2,0,N017,0.5,0.39705882352941174,0.0,0.39705882352941174,False,False
2,0,N017,0.55,0.39705882352941174,0.0,0.39705882352941174,False,False
2,0,N017,0.6000000000000001,0.39705882352941174,0.0,0.39705882352941174,False,False
2,0,N017,0.65,0.39705882352941174,0.0,0.39705882352941174,False,False
2,0,N017,0.7000000000000001,0.39705882352941174,0.0,0.39705882352941174,False,False
2,0,N017,0.75,0.39705882352941174,0.0,0.39705882352941174,False,False
2,0,N017,0.8,0.39705882352941174,0.0,0.39705882352941174,False,False
2,0,N017,0.8500000000000001,0.39705882352941174,0.0,0.39705882352941174,False,False
2,0,N017,0.9,0.39705882352941174,0.0,0.39705882352941174,False,False
2,0,N017,0.9500000000000001,0.39705882352941174,0.0,0.39705882352941174,False,False
2,0,N017,1.0,0.2417647058823529,0.15529411764705883,0.39705882352941174,False,False
2,0,N018,0.0,0.39705882352941174,0.0,0.39705882352941174,False,False
2,0,N018,0.05,0.39705882352941174,0.0,0.39705882352941174,False,False
2,0,N018,0.1,0.39705882352941174,0.0,0.39705882352941174,False,False
2,0,N018,0.15000000000000002,0.39705882352941174,0.0,0.39705882352941174,False,False
2,0,N018,0.2,0.39705882352941174,0.0,0.39705882352941174,False,False
2,0,N018,0.25,0.39705882352941174,0.0,0.39705882352941174,False,False
2,0,N018,0.30000000000000004,0.39705882352941174,0.0,0.39705882352941174,False,False
2,0,N018,0.35000000000000003,0.39705882352941174,0.0,0.39705882352941174,False,False
2,0,N018,0.4,0.39705882352941174,0.0,0.39705882352941174,False,False
2,0,N018,0.45,0.39705882352941174,0.0,0.39705882352941174,False,False
2,0,N018,0.5,0.39705882352941174,0.0,0.39705882352941174,False,False
2,0,N018,0.55,0.39705882352941174,0.0,0.39705882352941174,False,False
2,0,N018,0.6000000000000001,0.39705882352941174,0.0,0.39705882352941174,False,False
2,0,N018,0.65,0.39705882352941174,0.0,0.39705882352941174,False,False
2,0,N018,0.7000000000000001,0.39705882352941174,0.0,0.39705882352941174,False,False
2,0,N018,0.75,0.39705882352941174,0.0,0.39705882352941174,False,False
2,0,N018,0.8,0.39705882352941174,0.0,0.39705882352941174,False,False
2,0,N018,0.8500000000000001,0.39705882352941174,0.0,0.39705882352941174,False,False
2,0,N018,0.9,0.39705882352941174,0.0,0.39705882352941174,False,False
2,0,N018,0.9500000000000001,0.39705882352941174,0.0,0.39705882352941174,False,False
2,0,N018,1.0,0.24411764705882355,0.1529411764705882,0.39705882352941174,False,False
2,0,N019,0.0,0.39705882352941174,0.0,0.39705882352941174,False,False
2,0,N019,0.05,0.39705882352941174,0.0,0.39705882352941174,False,False
2,0,N019,0.1,0.39705882352941174,0.0,0.39705882352941174,False,False
2,0,N019,0.15000000000000002,0.39705882352941174,0.0,0.39705882352941174,False,False
2,0,N019,0.2,0.39705882352941174,0.0,0.39705882352941174,False,False
2,0,N019,0.25,0.39705882352941174,0.0,0.39705882352941174,False,False
2,0,N019,0.30000000000000004,0.39705882352941174,0.0,0.39705882352941174,False,False
2,0,N019,0.35000000000000003,0.39705882352941174,0.0,0.39705882352941174,False,False
2,0,N019,0.4,0.39705882352941174,0.0,0.39705882352941174,False,False
2,0,N019,0.45,0.39705882352941174,0.0,0.39705882352941174,False,False
2,0,N019,0.5,0.39705882352941174,0.0,0.39705882352941174,False,False
2,0,N019,0.55,0.39705882352941174,0.0,0.39705882352941174,False,False
2,0,N019,0.6000000000000001,0.39705882352941174,0.0,0.39705882352941174,False,False
2,0,N019,0.65,0.39705882352941174,0.0,0.39705882352941174,False,False
2,0,N019,0.7000000000000001,0.39705882352941174,0.0,0.39705882352941174,False,False
2,0,N019,0.75,0.39705882352941174,0.0,0.39705882352941174,False,False
2,0,N019,0.8,0.39705882352941174,0.0,0.39705882352941174,False,False
2,0,N019,0.8500000000000001,0.39705882352941174,0.0,0.39705882352941174,False,False
2,0,N019,0.9,0.39705882352941174,0.0,0.39705882352941174,False,False
2,0,N019,0.9500000000000001,0.39705882352941174,0.0,0.39705882352941174,False,False
2,0,N019,1.0,0.23941176470588238,0.15764705882352936,0.39705882352941174,False,False
2,0,N020,0.0,0.39705882352941174,0.0,0.39705882352941174,False,False
2,0,N020,0.05,0.39705882352941174,0.0,0.39705882352941174,False,False
2,0,N020,0.1,0.39705882352941174,0.0,0.39705882352941174,False,False
2,0,N020,0.15000000000000002,0.39705882352941174,0.0,0.39705882352941174,False,False
2,0,N020,0.2,0.39705882352941174,0.0,0.39705882352941174,False,False
2,0,N020,0.25,0.39705882352941174,0.0,0.39705882352941174,False,False
2,0,N020,0.30000000000000004,0.39705882352941174,0.0,0.39705882352941174,False,False
2,0,N020,0.35000000000000003,0.39705882352941174,0.0,0.39705882352941174,False,False
2,0,N020,0.4,0.39705882352941174,0.0,0.39705882352941174,False,False
2,0,N020,0.45,0.39705882352941174,0.0,0.39705882352941174,False,False
2,0,N020,0.5,0.39705882352941174,0.0,0.39705882352941174,False,False
2,0,N020,0.55,0.39705882352941174,0.0,0.39705882352941174,False,False
2,0,N020,0.6000000000000001,0.39705882352941174,0.0,0.39705882352941174,False,False
2,0,N020,0.65,0.39705882352941174,0.0,0.39705882352941174,False,False
2,0,N020,0.7000000000000001,0.39705882352941174,0.0,0.39705882352941174,False,False
2,0,N020,0.75,0.39705882352941174,0.0,0.39705882352941174,False,False
2,0,N020,0.8,0.39705882352941174,0.0,0.39705882352941174,False,False
2,0,N020,0.8500000000000001,0.39705882352941174,0.0,0.39705882352941174,False,False
2,0,N020,0.9,0.39705882352941174,0.0,0.39705882352941174,False,False
2,0,N020,0.9500000000000001,0.39705882352941174,0.0,0.39705882352941174,False,False
2,0,N020,1.0,0.24205882352941177,0.15499999999999997,0.39705882352941174,False,False
2,0,N021,0.0,0.39705882352941174,0.0,0.39705882352941174,False,False
2,0,N021,0.05,0.39705882352941174,0.0,0.39705882352941174,False,False
2,0,N021,0.1,0.39705882352941174,0.0,0.39705882352941174,False,False
2,0,N021,0.15000000000000002,0.39705882352941174,0.0,0.39705882352941174,False,False
2,0,N021,0.2,0.39705882352941174,0.0,0.39705882352941174,False,False
2,0,N021,0.25,0.39705882352941174,0.0,0.39705882352941174,False,False
2,0,N021,0.30000000000000004,0.39705882352941174,0.0,0.39705882352941174,False,False
2,0,N021,0.35000000000000003,0.39705882352941174,0.0,0.39705882352941174,False,False
2,0,N021,0.4,0.39705882352941174,0.0,0.39705882352941174,False,False
2,0,N021,0.45,0.39705882352941174,0.0,0.39705882352941174,False,False
2,0,N021,0.5,0.39705882352941174,0.0,0.39705882352941174,False,False
2,0,N021,0.55,0.39705882352941174,0.0,0.39705882352941174,False,False
2,0,N021,0.6000000000000001,0.39705882352941174,0.0,0.39705882352941174,False,False
2,0,N021,0.65,0.39705882352941174,0.0,0.39705882352941174,False,False
2,0,N021,0.7000000000000001,0.39705882352941174,0.0,0.39705882352941174,False,False
2,0,N021,0.75,0.39705882352941174,0.0,0.39705882352941174,False,False
2,0,N021,0.8,0.39705882352941174,0.0,0.39705882352941174,False,False
2,0,N021,0.8500000000000001,0.39705882352941174,0.0,0.39705882352941174,False,False
2,0,N021,0.9,0.39705882352941174,0.0,0.39705882352941174,False,False
2,0,N021,0.9500000000000001,0.39705882352941174,0.0,0.39705882352941174,False,False
2,0,N021,1.0,0.23411764705882354,0.1629411764705882,0.39705882352941174,False,False
2,0,N022,0.0,0.39705882352941174,0.0,0.39705882352941174,False,False
2,0,N022,0.05,0.39705882352941174,0.0,0.39705882352941174,False,False
2,0,N022,0.1,0.39705882352941174,0.0,0.39705882352941174,False,False
2,0,N022,0.15000000000000002,0.39705882352941174,0.0,0.39705882352941174,False,False
2,0,N022,0.2,0.39705882352941174,0.0,0.39705882352941174,False,False
2,0,N022,0.25,0.39705882352941174,0.0,0.39705882352941174,False,False
2,0,N022,0.30000000000000004,0.39705882352941174,0.0,0.39705882352941174,False,False
2,0,N022,0.35000000000000003,0.39705882352941174,0.0,0.39705882352941174,False,False
2,0,N022,0.4,0.39705882352941174,0.0,0.39705882352941174,False,False
2,0,N022,0.45,0.39705882352941174,0.0,0.39705882352941174,False,False
2,0,N022,0.5,0.39705882352941174,0.0,0.39705882352941174,False,False
2,0,N022,0.55,0.39705882352941174,0.0,0.39705882352941174,False,False
2,0,N022,0.6000000000000001,0.39705882352941174,0.0,0.39705882352941174,False,False
2,0,N022,0.65,0.39705882352941174,0.0,0.39705882352941174,False,False
2,0,N022,0.7000000000000001,0.39705882352941174,0.0,0.39705882352941174,False,False
2,0,N022,0.75,0.39705882352941174,0.0,0.39705882352941174,False,False
2,0,N022,0.8,0.39705882352941174,0.0,0.39705882352941174,False,False
2,0,N022,0.8500000000000001,0.39705882352941174,0.0,0.39705882352941174,False,False
2,0,N022,0.9,0.39705882352941174,0.0,0.39705882352941174,False,False
2,0,N022,0.9500000000000001,0.39705882352941174,0.0,0.39705882352941174,False,False
2,0,N022,1.0,0.25088235294117645,0.1461764705882353,0.39705882352941174,False,False
2,0,N023,0.0,0.39705882352941174,0.0,0.39705882352941174,False,False
2,0,N023,0.05,0.39705882352941174,0.0,0.39705882352941174,False,False
2,0,N023,0.1,0.39705882352941174,0.0,0.39705882352941174,False,False
2,0,N023,0.15000000000000002,0.39705882352941174,0.0,0.39705882352941174,False,False
2,0,N023,0.2,0.39705882352941174,0.0,0.39705882352941174,False,False
2,0,N023,0.25,0.39705882352941174,0.0,0.39705882352941174,False,False
2,0,N023,0.30000000000000004,0.39705882352941174,0.0,0.39705882352941174,False,False
2,0,N023,0.35000000000000003,0.39705882352941174,0.0,0.39705882352941174,False,False
2,0,N023,0.4,0.39705882352941174,0.0,0.39705882352941174,False,False
2,0,N023,0.45,0.39705882352941174,0.0,0.39705882352941174,False,False
2,0,N023,0.5,0.39705882352941174,0.0,0.39705882352941174,False,False
2,0,N023,0.55,0.39705882352941174,0.0,0.39705882352941174,False,False
2,0,N023,0.6000000000000001,0.39705882352941174,0.0,0.39705882352941174,False,False
2,0,N023,0.65,0.39705882352941174,0.0,0.39705882352941174,False,False
2,0,N023,0.7000000000000001,0.39705882352941174,0.0,0.39705882352941174,False,False
2,0,N023,0.75,0.39705882352941174,0.0,0.39705882352941174,False,False
2,0,N023,0.8,0.39705882352941174,0.0,0.39705882352941174,False,False
2,0,N023,0.8500000000000001,0.39705882352941174,0.0,0.39705882352941174,False,False
2,0,N023,0.9,0.39705882352941174,0.0,0.39705882352941174,False,False
2,0,N023,0.9500000000000001,0.39705882352941174,0.0,0.39705882352941174,False,False
2,0,N023,1.0,0.22676470588235298,0.17029411764705876,0.39705882352941174,False,False
2,0,N024,0.0,0.39705882352941174,0.0,0.39705882352941174,False,False
2,0,N024,0.05,0.39705882352941174,0.0,0.39705882352941174,False,False
2,0,N024,0.1,0.39705882352941174,0.0,0.39705882352941174,False,False
2,0,N024,0.15000000000000002,0.39705882352941174,0.0,0.39705882352941174,False,False
2,0,N024,0.2,0.39705882352941174,0.0,0.39705882352941174,False,False
2,0,N024,0.25,0.39705882352941174,0.0,0.39705882352941174,False,False
2,0,N024,0.30000000000000004,0.39705882352941174,0.0,0.39705882352941174,False,False
2,0,N024,0.35000000000000003,0.39705882352941174,0.0,0.39705882352941174,False,False
2,0,N024,0.4,0.39705882352941174,0.0,0.39705882352941174,False,False
2,0,N024,0.45,0.39705882352941174,0.0,0.39705882352941174,False,False
2,0,N024,0.5,0.39705882352941174,0.0,0.39705882352941174,False,False
2,0,N024,0.55,0.39705882352941174,0.0,0.39705882352941174,False,False
2,0,N024,0.6000000000000001,0.39705882352941174,0.0,0.39705882352941174,False,False
2,0,N024,0.65,0.39705882352941174,0.0,0.39705882352941174,False,False
2,0,N024,0.7000000000000001,0.39705882352941174,0.0,0.39705882352941174,False,False
2,0,N024,0.75,0.39705882352941174,0.0,0.39705882352941174,False,False
2,0,N024,0.8,0.39705882352941174,0.0,0.39705882352941174,False,False
2,0,N024,0.8500000000000001,0.39705882352941174,0.0,0.39705882352941174,False,False
2,0,N024,0.9,0.39705882352941174,0.0,0.39705882352941174,False,False
2,0,N024,0.9500000000000001,0.39705882352941174,0.0,0.39705882352941174,False,False
2,0,N024,1.0,0.24676470588235297,0.15029411764705877,0.39705882352941174,False,False
2,0,N025,0.0,0.39705882352941174,0.0,0.39705882352941174,False,False
2,0,N025,0.05,0.39705882352941174,0.0,0.39705882352941174,False,False
2,0,N025,0.1,0.39705882352941174,0.0,0.39705882352941174,False,False
2,0,N025,0.15000000000000002,0.39705882352941174,0.0,0.39705882352941174,False,False
2,0,N025,0.2,0.39705882352941174,0.0,0.39705882352941174,False,False
2,0,N025,0.25,0.39705882352941174,0.0,0.39705882352941174,False,False
2,0,N025,0.30000000000000004,0.39705882352941174,0.0,0.39705882352941174,False,False
2,0,N025,0.35000000000000003,0.39705882352941174,0.0,0.39705882352941174,False,False
2,0,N025,0.4,0.39705882352941174,0.0,0.39705882352941174,False,False
2,0,N025,0.45,0.39705882352941174,0.0,0.39705882352941174,False,False
2,0,N025,0.5,0.39705882352941174,0.0,0.39705882352941174,False,False
2,0,N025,0.55,0.39705882352941174,0.0,0.39705882352941174,False,False
2,0,N025,0.6000000000000001,0.39705882352941174,0.0,0.39705882352941174,False,False
2,0,N025,0.65,0.39705882352941174,0.0,0.39705882352941174,False,False
2,0,N025,0.7000000000000001,0.39705882352941174,0.0,0.39705882352941174,False,False
2,0,N025,0.75,0.39705882352941174,0.0,0.39705882352941174,False,False
2,0,N025,0.8,0.39705882352941174,0.0,0.39705882352941174,False,False
2,0,N025,0.8500000000000001,0.39705882352941174,0.0,0.39705882352941174,False,False
2,0,N025,0.9,0.39705882352941174,0.0,0.39705882352941174,False,False
2,0,N025,0.9500000000000001,0.39705882352941174,0.0,0.39705882352941174,False,False
2,0,N025,1.0,0.19235294117647062,0.20470588235294113,0.39705882352941174,False,False
2,0,N026,0.0,0.39705882352941174,0.0,0.39705882352941174,False,False
2,0,N026,0.05,0.39705882352941174,0.0,0.39705882352941174,False,False
2,0,N026,0.1,0.39705882352941174,0.0,0.39705882352941174,False,False
2,0,N026,0.15000000000000002,0.39705882352941174,0.0,0.39705882352941174,False,False
2,0,N026,0.2,0.39705882352941174,0.0,0.39705882352941174,False,False
2,0,N026,0.25,0.39705882352941174,0.0,0.39705882352941174,False,False
2,0,N026,0.30000000000000004,0.39705882352941174,0.0,0.39705882352941174,False,False
2,0,N026,0.35000000000000003,0.39705882352941174,0.0,0.39705882352941174,False,False
2,0,N026,0.4,0.39705882352941174,0.0,0.39705882352941174,False,False
2,0,N026,0.45,0.39705882352941174,0.0,0.39705882352941174,False,False
2,0,N026,0.5,0.39705882352941174,0.0,0.39705882352941174,False,False
2,0,N026,0.55,0.39705882352941174,0.0,0.39705882352941174,False,False
2,0,N026,0.6000000000000001,0.39705882352941174,0.0,0.39705882352941174,False,False
2,0,N026,0.65,0.39705882352941174,0.0,0.39705882352941174,False,False
2,0,N026,0.7000000000000001,0.39705882352941174,0.0,0.39705882352941174,False,False
2,0,N026,0.75,0.39705882352941174,0.0,0.39705882352941174,False,False
2,0,N026,0.8,0.39705882352941174,0.0,0.39705882352941174,False,False
2,0,N026,0.8500000000000001,0.39705882352941174,0.0,0.39705882352941174,False,False
2,0,N026,0.9,0.39705882352941174,0.0,0.39705882352941174,False,False
2,0,N026,0.9500000000000001,0.39705882352941174,0.0,0.39705882352941174,False,False
2,0,N026,1.0,0.23470588235294118,0.16235294117647056,0.39705882352941174,False,False
2,0,N027,0.0,0.39705882352941174,0.0,0.39705882352941174,False,False
2,0,N027,0.05,0.39705882352941174,0.0,0.39705882352941174,False,False
2,0,N027,0.1,0.39705882352941174,0.0,0.39705882352941174,False,False
2,0,N027,0.15000000000000002,0.39705882352941174,0.0,0.39705882352941174,False,False
2,0,N027,0.2,0.39705882352941174,0.0,0.39705882352941174,False,False
2,0,N027,0.25,0.39705882352941174,0.0,0.39705882352941174,False,False
2,0,N027,0.30000000000000004,0.39705882352941174,0.0,0.39705882352941174,False,False
2,0,N027,0.35000000000000003,0.39705882352941174,0.0,0.39705882352941174,False,False
2,0,N027,0.4,0.39705882352941174,0.0,0.39705882352941174,False,False
2,0,N027,0.45,0.39705882352941174,0.0,0.39705882352941174,False,False
2,0,N027,0.5,0.39705882352941174,0.0,0.39705882352941174,False,False
2,0,N027,0.55,0.39705882352941174,0.0,0.39705882352941174,False,False
2,0,N027,0.6000000000000001,0.39705882352941174,0.0,0.39705882352941174,False,False
2,0,N027,0.65,0.39705882352941174,0.0,0.39705882352941174,False,False
2,0,N027,0.7000000000000001,0.39705882352941174,0.0,0.39705882352941174,False,False
2,0,N027,0.75,0.39705882352941174,0.0,0.39705882352941174,False,False
2,0,N027,0.8,0.39705882352941174,0.0,0.39705882352941174,False,False
2,0,N027,0.8500000000000001,0.39705882352941174,0.0,0.39705882352941174,False,False
2,0,N027,0.9,0.39705882352941174,0.0,0.39705882352941174,False,False
2,0,N027,0.9500000000000001,0.39705882352941174,0.0,0.39705882352941174,False,False
2,0,N027,1.0,0.2376470588235294,0.15941176470588234,0.39705882352941174,False,False
2,0,N028,0.0,0.39705882352941174,0.0,0.39705882352941174,False,False
2,0,N028,0.05,0.39705882352941174,0.0,0.39705882352941174,False,False
2,0,N028,0.1,0.39705882352941174,0.0,0.39705882352941174,False,False
2,0,N028,0.15000000000000002,0.39705882352941174,0.0,0.39705882352941174,False,False
2,0,N028,0.2,0.39705882352941174,0.0,0.39705882352941174,False,False
2,0,N028,0.25,0.39705882352941174,0.0,0.39705882352941174,False,False
2,0,N028,0.30000000000000004,0.39705882352941174,0.0,0.39705882352941174,False,False
2,0,N028,0.35000000000000003,0.39705882352941174,0.0,0.39705882352941174,False,False
2,0,N028,0.4,0.39705882352941174,0.0,0.39705882352941174,False,False
2,0,N028,0.45,0.39705882352941174,0.0,0.39705882352941174,False,False
2,0,N028,0.5,0.39705882352941174,0.0,0.39705882352941174,False,False
2,0,N028,0.55,0.39705882352941174,0.0,0.39705882352941174,False,False
2,0,N028,0.6000000000000001,0.39705882352941174,0.0,0.39705882352941174,False,False
2,0,N028,0.65,0.39705882352941174,0.0,0.39705882352941174,False,False
2,0,N028,0.7000000000000001,0.39705882352941174,0.0,0.39705882352941174,False,False
2,0,N028,0.75,0.39705882352941174,0.0,0.39705882352941174,False,False
2,0,N028,0.8,0.39705882352941174,0.0,0.39705882352941174,False,False
2,0,N028,0.8500000000000001,0.39705882352941174,0.0,0.39705882352941174,False,False
2,0,N028,0.9,0.39705882352941174,0.0,0.39705882352941174,False,False
2,0,N028,0.9500000000000001,0.39705882352941174,0.0,0.39705882352941174,False,False
2,0,N028,1.0,0.22676470588235295,0.1702941176470588,0.39705882352941174,False,False
2,0,N029,0.0,0.39705882352941174,0.0,0.39705882352941174,False,False
2,0,N029,0.05,0.39705882352941174,0.0,0.39705882352941174,False,False
2,0,N029,0.1,0.39705882352941174,0.0,0.39705882352941174,False,False
2,0,N029,0.15000000000000002,0.39705882352941174,0.0,0.39705882352941174,False,False
2,0,N029,0.2,0.39705882352941174,0.0,0.39705882352941174,False,False
2,0,N029,0.25,0.39705882352941174,0.0,0.39705882352941174,False,False
2,0,N029,0.30000000000000004,0.39705882352941174,0.0,0.39705882352941174,False,False
2,0,N029,0.35000000000000003,0.39705882352941174,0.0,0.39705882352941174,False,False
2,0,N029,0.4,0.39705882352941174,0.0,0.39705882352941174,False,False
2,0,N029,0.45,0.39705882352941174,0.0,0.39705882352941174,False,False
2,0,N029,0.5,0.39705882352941174,0.0,0.39705882352941174,False,False
2,0,N029,0.55,0.39705882352941174,0.0,0.39705882352941174,False,False
2,0,N029,0.6000000000000001,0.39705882352941174,0.0,0.39705882352941174,False,False
2,0,N029,0.65,0.39705882352941174,0.0,0.39705882352941174,False,False
2,0,N029,0.7000000000000001,0.39705882352941174,0.0,0.39705882352941174,False,False
2,0,N029,0.75,0.39705882352941174,0.0,0.39705882352941174,False,False
2,0,N029,0.8,0.39705882352941174,0.0,0.39705882352941174,False,False
2,0,N029,0.8500000000000001,0.39705882352941174,0.0,0.39705882352941174,False,False
2,0,N029,0.9,0.39705882352941174,0.0,0.39705882352941174,False,False
2,0,N029,0.9500000000000001,0.39705882352941174,0.0,0.39705882352941174,False,False
2,0,N029,1.0,0.2435294117647059,0.15352941176470583,0.39705882352941174,False,False
2,0,N030,0.0,0.39705882352941174,0.0,0.39705882352941174,False,False
2,0,N030,0.05,0.39705882352941174,0.0,0.39705882352941174,False,False
2,0,N030,0.1,0.39705882352941174,0.0,0.39705882352941174,False,False
2,0,N030,0.15000000000000002,0.39705882352941174,0.0,0.39705882352941174,False,False
2,0,N030,0.2,0.39705882352941174,0.0,0.39705882352941174,False,False
2,0,N030,0.25,0.39705882352941174,0.0,0.39705882352941174,False,False
2,0,N030,0.30000000000000004,0.39705882352941174,0.0,0.39705882352941174,False,False
2,0,N030,0.35000000000000003,0.39705882352941174,0.0,0.39705882352941174,False,False
2,0,N030,0.4,0.39705882352941174,0.0,0.39705882352941174,False,False
2,0,N030,0.45,0.39705882352941174,0.0,0.39705882352941174,False,False
2,0,N030,0.5,0.39705882352941174,0.0,0.39705882352941174,False,False
2,0,N030,0.55,0.39705882352941174,0.0,0.39705882352941174,False,False
2,0,N030,0.6000000000000001,0.39705882352941174,0.0,0.39705882352941174,False,False
2,0,N030,0.65,0.39705882352941174,0.0,0.39705882352941174,False,False
2,0,N030,0.7000000000000001,0.39705882352941174,0.0,0.39705882352941174,False,False
2,0,N030,0.75,0.39705882352941174,0.0,0.39705882352941174,False,False
2,0,N030,0.8,0.39705882352941174,0.0,0.39705882352941174,False,False
2,0,N030,0.8500000000000001,0.39705882352941174,0.0,0.39705882352941174,False,False
2,0,N030,0.9,0.39705882352941174,0.0,0.39705882352941174,False,False
2,0,N030,0.9500000000000001,0.39705882352941174,0.0,0.39705882352941174,False,False
2,0,N030,1.0,0.22705882352941179,0.16999999999999996,0.39705882352941174,False,False
2,0,N031,0.0,0.39705882352941174,0.0,0.39705882352941174,False,False
2,0,N031,0.05,0.39705882352941174,0.0,0.39705882352941174,False,False
2,0,N031,0.1,0.39705882352941174,0.0,0.39705882352941174,False,False
2,0,N031,0.15000000000000002,0.39705882352941174,0.0,0.39705882352941174,False,False
2,0,N031,0.2,0.39705882352941174,0.0,0.39705882352941174,False,False
2,0,N031,0.25,0.39705882352941174,0.0,0.39705882352941174,False,False
2,0,N031,0.30000000000000004,0.39705882352941174,0.0,0.39705882352941174,False,False
2,0,N031,0.35000000000000003,0.39705882352941174,0.0,0.39705882352941174,False,False
2,0,N031,0.4,0.39705882352941174,0.0,0.39705882352941174,False,False
2,0,N031,0.45,0.39705882352941174,0.0,0.39705882352941174,False,False
2,0,N031,0.5,0.39705882352941174,0.0,0.39705882352941174,False,False
2,0,N031,0.55,0.39705882352941174,0.0,0.39705882352941174,False,False
2,0,N031,0.6000000000000001,0.39705882352941174,0.0,0.39705882352941174,False,False
2,0,N031,0.65,0.39705882352941174,0.0,0.39705882352941174,False,False
2,0,N031,0.7000000000000001,0.39705882352941174,0.0,0.39705882352941174,False,False
2,0,N031,0.75,0.39705882352941174,0.0,0.39705882352941174,False,False
2,0,N031,0.8,0.39705882352941174,0.0,0.39705882352941174,False,False
2,0,N031,0.8500000000000001,0.39705882352941174,0.0,0.39705882352941174,False,False
2,0,N031,0.9,0.39705882352941174,0.0,0.39705882352941174,False,False
2,0,N031,0.9500000000000001,0.39705882352941174,0.0,0.39705882352941174,False,False
2,0,N031,1.0,0.2244117647058823,0.17264705882352943,0.39705882352941174,False,False
2,0,N032,0.0,0.39705882352941174,0.0,0.39705882352941174,False,False
2,0,N032,0.05,0.39705882352941174,0.0,0.39705882352941174,False,False
2,0,N032,0.1,0.39705882352941174,0.0,0.39705882352941174,False,False
2,0,N032,0.15000000000000002,0.39705882352941174,0.0,0.39705882352941174,False,False
2,0,N032,0.2,0.39705882352941174,0.0,0.39705882352941174,False,False
2,0,N032,0.25,0.39705882352941174,0.0,0.39705882352941174,False,False
2,0,N032,0.30000000000000004,0.39705882352941174,0.0,0.39705882352941174,False,False
2,0,N032,0.35000000000000003,0.39705882352941174,0.0,0.39705882352941174,False,False
2,0,N032,0.4,0.39705882352941174,0.0,0.39705882352941174,False,False
2,0,N032,0.45,0.39705882352941174,0.0,0.39705882352941174,False,False
2,0,N032,0.5,0.39705882352941174,0.0,0.39705882352941174,False,False
2,0,N032,0.55,0.39705882352941174,0.0,0.39705882352941174,False,False
2,0,N032,0.6000000000000001,0.39705882352941174,0.0,0.39705882352941174,False,False
2,0,N032,0.65,0.39705882352941174,0.0,0.39705882352941174,False,False
2,0,N032,0.7000000000000001,0.39705882352941174,0.0,0.39705882352941174,False,False
2,0,N032,0.75,0.39705882352941174,0.0,0.39705882352941174,False,False
2,0,N032,0.8,0.39705882352941174,0.0,0.39705882352941174,False,False
2,0,N032,0.8500000000000001,0.39705882352941174,0.0,0.39705882352941174,False,False
2,0,N032,0.9,0.39705882352941174,0.0,0.39705882352941174,False,False
2,0,N032,0.9500000000000001,0.39705882352941174,0.0,0.39705882352941174,False,False
2,0,N032,1.0,0.23411764705882354,0.1629411764705882,0.39705882352941174,False,False
2,0,N033,0.0,0.39705882352941174,0.0,0.39705882352941174,False,False
2,0,N033,0.05,0.39705882352941174,0.0,0.39705882352941174,False,False
2,0,N033,0.1,0.39705882352941174,0.0,0.39705882352941174,False,False
2,0,N033,0.15000000000000002,0.39705882352941174,0.0,0.39705882352941174,False,False
2,0,N033,0.2,0.39705882352941174,0.0,0.39705882352941174,False,False
2,0,N033,0.25,0.39705882352941174,0.0,0.39705882352941174,False,False
2,0,N033,0.30000000000000004,0.39705882352941174,0.0,0.39705882352941174,False,False
2,0,N033,0.35000000000000003,0.39705882352941174,0.0,0.39705882352941174,False,False
2,0,N033,0.4,0.39705882352941174,0.0,0.39705882352941174,False,False
2,0,N033,0.45,0.39705882352941174,0.0,0.39705882352941174,False,False
2,0,N033,0.5,0.39705882352941174,0.0,0.39705882352941174,False,False
2,0,N033,0.55,0.39705882352941174,0.0,0.39705882352941174,False,False
2,0,N033,0.6000000000000001,0.39705882352941174,0.0,0.39705882352941174,False,False
2,0,N033,0.65,0.39705882352941174,0.0,0.39705882352941174,False,False
2,0,N033,0.7000000000000001,0.39705882352941174,0.0,0.39705882352941174,False,False
2,0,N033,0.75,0.39705882352941174,0.0,0.39705882352941174,False,False
2,0,N033,0.8,0.39705882352941174,0.0,0.39705882352941174,False,False
2,0,N033,0.8500000000000001,0.39705882352941174,0.0,0.39705882352941174,False,False
2,0,N033,0.9,0.39705882352941174,0.0,0.39705882352941174,False,False
2,0,N033,0.9500000000000001,0.39705882352941174,0.0,0.39705882352941174,False,False
2,0,N033,1.0,0.20676470588235296,0.19029411764705878,0.39705882352941174,False,False
2,0,N034,0.0,0.39705882352941174,0.0,0.39705882352941174,False,False
2,0,N034,0.05,0.39705882352941174,0.0,0.39705882352941174,False,False
2,0,N034,0.1,0.39705882352941174,0.0,0.39705882352941174,False,False
2,0,N034,0.15000000000000002,0.39705882352941174,0.0,0.39705882352941174,False,False
2,0,N034,0.2,0.39705882352941174,0.0,0.39705882352941174,False,False
2,0,N034,0.25,0.39705882352941174,0.0,0.39705882352941174,False,False
2,0,N034,0.30000000000000004,0.39705882352941174,0.0,0.39705882352941174,False,False
2,0,N034,0.35000000000000003,0.39705882352941174,0.0,0.39705882352941174,False,False
2,0,N034,0.4,0.39705882352941174,0.0,0.39705882352941174,False,False
2,0,N034,0.45,0.39705882352941174,0.0,0.39705882352941174,False,False
2,0,N034,0.5,0.39705882352941174,0.0,0.39705882352941174,False,False
2,0,N034,0.55,0.39705882352941174,0.0,0.39705882352941174,False,False
2,0,N034,0.6000000000000001,0.39705882352941174,0.0,0.39705882352941174,False,False
2,0,N034,0.65,0.39705882352941174,0.0,0.39705882352941174,False,False
2,0,N034,0.7000000000000001,0.39705882352941174,0.0,0.39705882352941174,False,False
2,0,N034,0.75,0.39705882352941174,0.0,0.39705882352941174,False,False
2,0,N034,0.8,0.39705882352941174,0.0,0.39705882352941174,False,False
2,0,N034,0.8500000000000001,0.39705882352941174,0.0,0.39705882352941174,False,False
2,0,N034,0.9,0.39705882352941174,0.0,0.39705882352941174,False,False
2,0,N034,0.9500000000000001,0.39705882352941174,0.0,0.39705882352941174,False,False
2,0,N034,1.0,0.24147058823529413,0.1555882352941176,0.39705882352941174,False,False
2,0,N035,0.0,0.39705882352941174,0.0,0.39705882352941174,False,False
2,0,N035,0.05,0.39705882352941174,0.0,0.39705882352941174,False,False
2,0,N035,0.1,0.39705882352941174,0.0,0.39705882352941174,False,False
2,0,N035,0.15000000000000002,0.39705882352941174,0.0,0.39705882352941174,False,False
2,0,N035,0.2,0.39705882352941174,0.0,0.39705882352941174,False,False
2,0,N035,0.25,0.39705882352941174,0.0,0.39705882352941174,False,False
2,0,N035,0.30000000000000004,0.39705882352941174,0.0,0.39705882352941174,False,False
2,0,N035,0.35000000000000003,0.39705882352941174,0.0,0.39705882352941174,False,False
2,0,N035,0.4,0.39705882352941174,0.0,0.39705882352941174,False,False
2,0,N035,0.45,0.39705882352941174,0.0,0.39705882352941174,False,False
2,0,N035,0.5,0.39705882352941174,0.0,0.39705882352941174,False,False
2,0,N035,0.55,0.39705882352941174,0.0,0.39705882352941174,False,False
2,0,N035,0.6000000000000001,0.39705882352941174,0.0,0.39705882352941174,False,False
2,0,N035,0.65,0.39705882352941174,0.0,0.39705882352941174,False,False
2,0,N035,0.7000000000000001,0.39705882352941174,0.0,0.39705882352941174,False,False
2,0,N035,0.75,0.39705882352941174,0.0,0.39705882352941174,False,False
2,0,N035,0.8,0.39705882352941174,0.0,0.39705882352941174,False,False
2,0,N035,0.8500000000000001,0.39705882352941174,0.0,0.39705882352941174,False,False
2,0,N035,0.9,0.39705882352941174,0.0,0.39705882352941174,False,False
2,0,N035,0.9500000000000001,0.39705882352941174,0.0,0.39705882352941174,False,False
2,0,N035,1.0,0.21764705882352942,0.17941176470588233,0.39705882352941174,False,False
2,0,N036,0.0,0.39705882352941174,0.0,0.39705882352941174,False,False
2,0,N036,0.05,0.39705882352941174,0.0,0.39705882352941174,False,False
2,0,N036,0.1,0.39705882352941174,0.0,0.39705882352941174,False,False
2,0,N036,0.15000000000000002,0.39705882352941174,0.0,0.39705882352941174,False,False
2,0,N036,0.2,0.39705882352941174,0.0,0.39705882352941174,False,False
2,0,N036,0.25,0.39705882352941174,0.0,0.39705882352941174,False,False
2,0,N036,0.30000000000000004,0.39705882352941174,0.0,0.39705882352941174,False,False
2,0,N036,0.35000000000000003,0.39705882352941174,0.0,0.39705882352941174,False,False
2,0,N036,0.4,0.39705882352941174,0.0,0.39705882352941174,False,False
2,0,N036,0.45,0.39705882352941174,0.0,0.39705882352941174,False,False
2,0,N036,0.5,0.39705882352941174,0.0,0.39705882352941174,False,False
2,0,N036,0.55,0.39705882352941174,0.0,0.39705882352941174,False,False
2,0,N036,0.6000000000000001,0.39705882352941174,0.0,0.39705882352941174,False,False
2,0,N036,0.65,0.39705882352941174,0.0,0.39705882352941174,False,False
2,0,N036,0.7000000000000001,0.39705882352941174,0.0,0.39705882352941174,False,False
2,0,N036,0.75,0.39705882352941174,0.0,0.39705882352941174,False,False
2,0,N036,0.8,0.39705882352941174,0.0,0.39705882352941174,False,False
2,0,N036,0.8500000000000001,0.39705882352941174,0.0,0.39705882352941174,False,False
2,0,N036,0.9,0.39705882352941174,0.0,0.39705882352941174,False,False
2,0,N036,0.9500000000000001,0.39705882352941174,0.0,0.39705882352941174,False,False
2,0,N036,1.0,0.24294117647058822,0.15411764705882353,0.39705882352941174,False,False
2,0,N037,0.0,0.39705882352941174,0.0,0.39705882352941174,False,False
2,0,N037,0.05,0.39705882352941174,0.0,0.39705882352941174,False,False
2,0,N037,0.1,0.39705882352941174,0.0,0.39705882352941174,False,False
2,0,N037,0.15000000000000002,0.39705882352941174,0.0,0.39705882352941174,False,False
2,0,N037,0.2,0.39705882352941174,0.0,0.39705882352941174,False,False
2,0,N037,0.25,0.39705882352941174,0.0,0.39705882352941174,False,False
2,0,N037,0.30000000000000004,0.39705882352941174,0.0,0.39705882352941174,False,False
2,0,N037,0.35000000000000003,0.39705882352941174,0.0,0.39705882352941174,False,False
2,0,N037,0.4,0.39705882352941174,0.0,0.39705882352941174,False,False
2,0,N037,0.45,0.39705882352941174,0.0,0.39705882352941174,False,False
2,0,N037,0.5,0.39705882352941174,0.0,0.39705882352941174,False,False
2,0,N037,0.55,0.39705882352941174,0.0,0.39705882352941174,False,False
2,0,N037,0.6000000000000001,0.39705882352941174,0.0,0.39705882352941174,False,False
2,0,N037,0.65,0.39705882352941174,0.0,0.39705882352941174,False,False
2,0,N037,0.7000000000000001,0.39705882352941174,0.0,0.39705882352941174,False,False
2,0,N037,0.75,0.39705882352941174,0.0,0.39705882352941174,False,False
2,0,N037,0.8,0.39705882352941174,0.0,0.39705882352941174,False,False
2,0,N037,0.8500000000000001,0.39705882352941174,0.0,0.39705882352941174,False,False
2,0,N037,0.9,0.39705882352941174,0.0,0.39705882352941174,False,False
2,0,N037,0.9500000000000001,0.39705882352941174,0.0,0.39705882352941174,False,False
2,0,N037,1.0,0.23323529411764704,0.1638235294117647,0.39705882352941174,False,False
2,0,N038,0.0,0.39705882352941174,0.0,0.39705882352941174,False,False
2,0,N038,0.05,0.39705882352941174,0.0,0.39705882352941174,False,False
2,0,N038,0.1,0.39705882352941174,0.0,0.39705882352941174,False,False
2,0,N038,0.15000000000000002,0.39705882352941174,0.0,0.39705882352941174,False,False
2,0,N038,0.2,0.39705882352941174,0.0,0.39705882352941174,False,False
2,0,N038,0.25,0.39705882352941174,0.0,0.39705882352941174,False,False
2,0,N038,0.30000000000000004,0.39705882352941174,0.0,0.39705882352941174,False,False
2,0,N038,0.35000000000000003,0.39705882352941174,0.0,0.39705882352941174,False,False
2,0,N038,0.4,0.39705882352941174,0.0,0.39705882352941174,False,False
2,0,N038,0.45,0.39705882352941174,0.0,0.39705882352941174,False,False
2,0,N038,0.5,0.39705882352941174,0.0,0.39705882352941174,False,False
2,0,N038,0.55,0.39705882352941174,0.0,0.39705882352941174,False,False
2,0,N038,0.6000000000000001,0.39705882352941174,0.0,0.39705882352941174,False,False
2,0,N038,0.65,0.39705882352941174,0.0,0.39705882352941174,False,False
2,0,N038,0.7000000000000001,0.39705882352941174,0.0,0.39705882352941174,False,False
2,0,N038,0.75,0.39705882352941174,0.0,0.39705882352941174,False,False
2,0,N038,0.8,0.39705882352941174,0.0,0.39705882352941174,False,False
2,0,N038,0.8500000000000001,0.39705882352941174,0.0,0.39705882352941174,False,False
2,0,N038,0.9,0.39705882352941174,0.0,0.39705882352941174,False,False
2,0,N038,0.9500000000000001,0.39705882352941174,0.0,0.39705882352941174,False,False
2,0,N038,1.0,0.21588235294117647,0.18117647058823527,0.39705882352941174,False,False
2,0,N039,0.0,0.39705882352941174,0.0,0.39705882352941174,False,False
2,0,N039,0.05,0.39705882352941174,0.0,0.39705882352941174,False,False
2,0,N039,0.1,0.39705882352941174,0.0,0.39705882352941174,False,False
2,0,N039,0.15000000000000002,0.39705882352941174,0.0,0.39705882352941174,False,False
2,0,N039,0.2,0.39705882352941174,0.0,0.39705882352941174,False,False
2,0,N039,0.25,0.39705882352941174,0.0,0.39705882352941174,False,False
2,0,N039,0.30000000000000004,0.39705882352941174,0.0,0.39705882352941174,False,False
2,0,N039,0.35000000000000003,0.39705882352941174,0.0,0.39705882352941174,False,False
2,0,N039,0.4,0.39705882352941174,0.0,0.39705882352941174,False,False
2,0,N039,0.45,0.39705882352941174,0.0,0.39705882352941174,False,False
2,0,N039,0.5,0.39705882352941174,0.0,0.39705882352941174,False,False
2,0,N039,0.55,0.39705882352941174,0.0,0.39705882352941174,False,False
2,0,N039,0.6000000000000001,0.39705882352941174,0.0,0.39705882352941174,False,False
2,0,N039,0.65,0.39705882352941174,0.0,0.39705882352941174,False,False
2,0,N039,0.7000000000000001,0.39705882352941174,0.0,0.39705882352941174,False,False
2,0,N039,0.75,0.39705882352941174,0.0,0.39705882352941174,False,False
2,0,N039,0.8,0.39705882352941174,0.0,0.39705882352941174,False,False
2,0,N039,0.8500000000000001,0.39705882352941174,0.0,0.39705882352941174,False,False
2,0,N039,0.9,0.39705882352941174,0.0,0.39705882352941174,False,False
2,0,N039,0.9500000000000001,0.39705882352941174,0.0,0.39705882352941174,False,False
2,0,N039,1.0,0.23411764705882354,0.1629411764705882,0.39705882352941174,False,False
2,0,N040,0.0,0.39705882352941174,0.0,0.39705882352941174,False,False
2,0,N040,0.05,0.39705882352941174,0.0,0.39705882352941174,False,False
2,0,N040,0.1,0.39705882352941174,0.0,0.39705882352941174,False,False
2,0,N040,0.15000000000000002,0.39705882352941174,0.0,0.39705882352941174,False,False
2,0,N040,0.2,0.39705882352941174,0.0,0.39705882352941174,False,False
2,0,N040,0.25,0.39705882352941174,0.0,0.39705882352941174,False,False
2,0,N040,0.30000000000000004,0.39705882352941174,0.0,0.39705882352941174,False,False
2,0,N040,0.35000000000000003,0.39705882352941174,0.0,0.39705882352941174,False,False
2,0,N040,0.4,0.39705882352941174,0.0,0.39705882352941174,False,False
2,0,N040,0.45,0.39705882352941174,0.0,0.39705882352941174,False,False
2,0,N040,0.5,0.39705882352941174,0.0,0.39705882352941174,False,False
2,0,N040,0.55,0.39705882352941174,0.0,0.39705882352941174,False,False
2,0,N040,0.6000000000000001,0.39705882352941174,0.0,0.39705882352941174,False,False
2,0,N040,0.65,0.39705882352941174,0.0,0.39705882352941174,False,False
2,0,N040,0.7000000000000001,0.39705882352941174,0.0,0.39705882352941174,False,False
2,0,N040,0.75,0.39705882352941174,0.0,0.39705882352941174,False,False
2,0,N040,0.8,0.39705882352941174,0.0,0.39705882352941174,False,False
2,0,N040,0.8500000000000001,0.39705882352941174,0.0,0.39705882352941174,False,False
2,0,N040,0.9,0.39705882352941174,0.0,0.39705882352941174,False,False
2,0,N040,0.9500000000000001,0.39705882352941174,0.0,0.39705882352941174,False,False
2,0,N040,1.0,0.21999999999999997,0.17705882352941177,0.39705882352941174,False,False
2,0,N041,0.0,0.39705882352941174,0.0,0.39705882352941174,False,False
2,0,N041,0.05,0.39705882352941174,0.0,0.39705882352941174,False,False
2,0,N041,0.1,0.39705882352941174,0.0,0.39705882352941174,False,False
2,0,N041,0.15000000000000002,0.39705882352941174,0.0,0.39705882352941174,False,False
2,0,N041,0.2,0.39705882352941174,0.0,0.39705882352941174,False,False
2,0,N041,0.25,0.39705882352941174,0.0,0.39705882352941174,False,False
2,0,N041,0.30000000000000004,0.39705882352941174,0.0,0.39705882352941174,False,False
2,0,N041,0.35000000000000003,0.39705882352941174,0.0,0.39705882352941174,False,False
2,0,N041,0.4,0.39705882352941174,0.0,0.39705882352941174,False,False
2,0,N041,0.45,0.39705882352941174,0.0,0.39705882352941174,False,False
2,0,N041,0.5,0.39705882352941174,0.0,0.39705882352941174,False,False
2,0,N041,0.55,0.39705882352941174,0.0,0.39705882352941174,False,False
2,0,N041,0.6000000000000001,0.39705882352941174,0.0,0.39705882352941174,False,False
2,0,N041,0.65,0.39705882352941174,0.0,0.39705882352941174,False,False
2,0,N041,0.7000000000000001,0.39705882352941174,0.0,0.39705882352941174,False,False
2,0,N041,0.75,0.39705882352941174,0.0,0.39705882352941174,False,False
2,0,N041,0.8,0.39705882352941174,0.0,0.39705882352941174,False,False
2,0,N041,0.8500000000000001,0.39705882352941174,0.0,0.39705882352941174,False,False
2,0,N041,0.9,0.39705882352941174,0.0,0.39705882352941174,False,False
2,0,N041,0.9500000000000001,0.39705882352941174,0.0,0.39705882352941174,False,False
2,0,N041,1.0,0.25176470588235295,0.1452941176470588,0.39705882352941174,False,False
2,0,N042,0.0,0.39705882352941174,0.0,0.39705882352941174,False,False
2,0,N042,0.05,0.39705882352941174,0.0,0.39705882352941174,False,False
2,0,N042,0.1,0.39705882352941174,0.0,0.39705882352941174,False,False
2,0,N042,0.15000000000000002,0.39705882352941174,0.0,0.39705882352941174,False,False
2,0,N042,0.2,0.39705882352941174,0.0,0.39705882352941174,False,False
2,0,N042,0.25,0.39705882352941174,0.0,0.39705882352941174,False,False
2,0,N042,0.30000000000000004,0.39705882352941174,0.0,0.39705882352941174,False,False
2,0,N042,0.35000000000000003,0.39705882352941174,0.0,0.39705882352941174,False,False
2,0,N042,0.4,0.39705882352941174,0.0,0.39705882352941174,False,False
2,0,N042,0.45,0.39705882352941174,0.0,0.39705882352941174,False,False
2,0,N042,0.5,0.39705882352941174,0.0,0.39705882352941174,False,False
2,0,N042,0.55,0.39705882352941174,0.0,0.39705882352941174,False,False
2,0,N042,0.6000000000000001,0.39705882352941174,0.0,0.39705882352941174,False,False
2,0,N042,0.65,0.39705882352941174,0.0,0.39705882352941174,False,False
2,0,N042,0.7000000000000001,0.39705882352941174,0.0,0.39705882352941174,False,False
2,0,N042,0.75,0.39705882352941174,0.0,0.39705882352941174,False,False
2,0,N042,0.8,0.39705882352941174,0.0,0.39705882352941174,False,False
2,0,N042,0.8500000000000001,0.39705882352941174,0.0,0.39705882352941174,False,False
2,0,N042,0.9,0.39705882352941174,0.0,0.39705882352941174,False,False
2,0,N042,0.9500000000000001,0.39705882352941174,0.0,0.39705882352941174,False,False
2,0,N042,1.0,0.24794117647058822,0.14911764705882352,0.39705882352941174,False,False
2,0,N043,0.0,0.39705882352941174,0.0,0.39705882352941174,False,False
2,0,N043,0.05,0.39705882352941174,0.0,0.39705882352941174,False,False
2,0,N043,0.1,0.39705882352941174,0.0,0.39705882352941174,False,False
2,0,N043,0.15000000000000002,0.39705882352941174,0.0,0.39705882352941174,False,False
2,0,N043,0.2,0.39705882352941174,0.0,0.39705882352941174,False,False
2,0,N043,0.25,0.39705882352941174,0.0,0.39705882352941174,False,False
2,0,N043,0.30000000000000004,0.39705882352941174,0.0,0.39705882352941174,False,False
2,0,N043,0.35000000000000003,0.39705882352941174,0.0,0.39705882352941174,False,False
2,0,N043,0.4,0.39705882352941174,0.0,0.39705882352941174,False,False
2,0,N043,0.45,0.39705882352941174,0.0,0.39705882352941174,False,False
2,0,N043,0.5,0.39705882352941174,0.0,0.39705882352941174,False,False
2,0,N043,0.55,0.39705882352941174,0.0,0.39705882352941174,False,False
2,0,N043,0.6000000000000001,0.39705882352941174,0.0,0.39705882352941174,False,False
2,0,N043,0.65,0.39705882352941174,0.0,0.39705882352941174,False,False
2,0,N043,0.7000000000000001,0.39705882352941174,0.0,0.39705882352941174,False,False
2,0,N043,0.75,0.39705882352941174,0.0,0.39705882352941174,False,False
2,0,N043,0.8,0.39705882352941174,0.0,0.39705882352941174,False,False
2,0,N043,0.8500000000000001,0.39705882352941174,0.0,0.39705882352941174,False,False
2,0,N043,0.9,0.39705882352941174,0.0,0.39705882352941174,False,False
2,0,N043,0.9500000000000001,0.39705882352941174,0.0,0.39705882352941174,False,False
2,0,N043,1.0,0.2497058823529412,0.14735294117647055,0.39705882352941174,False,False
2,0,N044,0.0,0.39705882352941174,0.0,0.39705882352941174,False,False
2,0,N044,0.05,0.39705882352941174,0.0,0.39705882352941174,False,False
2,0,N044,0.1,0.39705882352941174,0.0,0.39705882352941174,False,False
2,0,N044,0.15000000000000002,0.39705882352941174,0.0,0.39705882352941174,False,False
2,0,N044,0.2,0.39705882352941174,0.0,0.39705882352941174,False,False
2,0,N044,0.25,0.39705882352941174,0.0,0.39705882352941174,False,False
2,0,N044,0.30000000000000004,0.39705882352941174,0.0,0.39705882352941174,False,False
2,0,N044,0.35000000000000003,0.39705882352941174,0.0,0.39705882352941174,False,False
2,0,N044,0.4,0.39705882352941174,0.0,0.39705882352941174,False,False
2,0,N044,0.45,0.39705882352941174,0.0,0.39705882352941174,False,False
2,0,N044,0.5,0.39705882352941174,0.0,0.39705882352941174,False,False
2,0,N044,0.55,0.39705882352941174,0.0,0.39705882352941174,False,False
2,0,N044,0.6000000000000001,0.39705882352941174,0.0,0.39705882352941174,False,False
2,0,N044,0.65,0.39705882352941174,0.0,0.39705882352941174,False,False
2,0,N044,0.7000000000000001,0.39705882352941174,0.0,0.39705882352941174,False,False
2,0,N044,0.75,0.39705882352941174,0.0,0.39705882352941174,False,False
2,0,N044,0.8,0.39705882352941174,0.0,0.39705882352941174,False,False
2,0,N044,0.8500000000000001,0.39705882352941174,0.0,0.39705882352941174,False,False
2,0,N044,0.9,0.39705882352941174,0.0,0.39705882352941174,False,False
2,0,N044,0.9500000000000001,0.39705882352941174,0.0,0.39705882352941174,False,False
2,0,N044,1.0,0.22911764705882354,0.1679411764705882,0.39705882352941174,False,False
2,0,N045,0.0,0.39705882352941174,0.0,0.39705882352941174,False,False
2,0,N045,0.05,0.39705882352941174,0.0,0.39705882352941174,False,False
2,0,N045,0.1,0.39705882352941174,0.0,0.39705882352941174,False,False
2,0,N045,0.15000000000000002,0.39705882352941174,0.0,0.39705882352941174,False,False
2,0,N045,0.2,0.39705882352941174,0.0,0.39705882352941174,False,False
2,0,N045,0.25,0.39705882352941174,0.0,0.39705882352941174,False,False
2,0,N045,0.30000000000000004,0.39705882352941174,0.0,0.39705882352941174,False,False
2,0,N045,0.35000000000000003,0.39705882352941174,0.0,0.39705882352941174,False,False
2,0,N045,0.4,0.39705882352941174,0.0,0.39705882352941174,False,False
2,0,N045,0.45,0.39705882352941174,0.0,0.39705882352941174,False,False
2,0,N045,0.5,0.39705882352941174,0.0,0.39705882352941174,False,False
2,0,N045,0.55,0.39705882352941174,0.0,0.39705882352941174,False,False
2,0,N045,0.6000000000000001,0.39705882352941174,0.0,0.39705882352941174,False,False
2,0,N045,0.65,0.39705882352941174,0.0,0.39705882352941174,False,False
2,0,N045,0.7000000000000001,0.39705882352941174,0.0,0.39705882352941174,False,False
2,0,N045,0.75,0.39705882352941174,0.0,0.39705882352941174,False,False
2,0,N045,0.8,0.39705882352941174,0.0,0.39705882352941174,False,False
2,0,N045,0.8500000000000001,0.39705882352941174,0.0,0.39705882352941174,False,False
2,0,N045,0.9,0.39705882352941174,0.0,0.39705882352941174,False,False
2,0,N045,0.9500000000000001,0.39705882352941174,0.0,0.39705882352941174,False,False
2,0,N045,1.0,0.21823529411764706,0.1788235294117647,0.39705882352941174,False,False
2,0,N046,0.0,0.39705882352941174,0.0,0.39705882352941174,False,False
2,0,N046,0.05,0.39705882352941174,0.0,0.39705882352941174,False,False
2,0,N046,0.1,0.39705882352941174,0.0,0.39705882352941174,False,False
2,0,N046,0.15000000000000002,0.39705882352941174,0.0,0.39705882352941174,False,False
2,0,N046,0.2,0.39705882352941174,0.0,0.39705882352941174,False,False
2,0,N046,0.25,0.39705882352941174,0.0,0.39705882352941174,False,False
2,0,N046,0.30000000000000004,0.39705882352941174,0.0,0.39705882352941174,False,False
2,0,N046,0.35000000000000003,0.39705882352941174,0.0,0.39705882352941174,False,False
2,0,N046,0.4,0.39705882352941174,0.0,0.39705882352941174,False,False
2,0,N046,0.45,0.39705882352941174,0.0,0.39705882352941174,False,False
2,0,N046,0.5,0.39705882352941174,0.0,0.39705882352941174,False,False
2,0,N046,0.55,0.39705882352941174,0.0,0.39705882352941174,False,False
2,0,N046,0.6000000000000001,0.39705882352941174,0.0,0.39705882352941174,False,False
2,0,N046,0.65,0.39705882352941174,0.0,0.39705882352941174,False,False
2,0,N046,0.7000000000000001,0.39705882352941174,0.0,0.39705882352941174,False,False
2,0,N046,0.75,0.39705882352941174,0.0,0.39705882352941174,False,False
2,0,N046,0.8,0.39705882352941174,0.0,0.39705882352941174,False,False
2,0,N046,0.8500000000000001,0.39705882352941174,0.0,0.39705882352941174,False,False
2,0,N046,0.9,0.39705882352941174,0.0,0.39705882352941174,False,False
2,0,N046,0.9500000000000001,0.39705882352941174,0.0,0.39705882352941174,False,False
2,0,N046,1.0,0.23558823529411765,0.1614705882352941,0.39705882352941174,False,False
2,0,N047,0.0,0.39705882352941174,0.0,0.39705882352941174,False,False
2,0,N047,0.05,0.39705882352941174,0.0,0.39705882352941174,False,False
2,0,N047,0.1,0.39705882352941174,0.0,0.39705882352941174,False,False
2,0,N047,0.15000000000000002,0.39705882352941174,0.0,0.39705882352941174,False,False
2,0,N047,0.2,0.39705882352941174,0.0,0.39705882352941174,False,False
2,0,N047,0.25,0.39705882352941174,0.0,0.39705882352941174,False,False
2,0,N047,0.30000000000000004,0.39705882352941174,0.0,0.39705882352941174,False,False
2,0,N047,0.35000000000000003,0.39705882352941174,0.0,0.39705882352941174,False,False
2,0,N047,0.4,0.39705882352941174,0.0,0.39705882352941174,False,False
2,0,N047,0.45,0.39705882352941174,0.0,0.39705882352941174,False,False
2,0,N047,0.5,0.39705882352941174,0.0,0.39705882352941174,False,False
2,0,N047,0.55,0.39705882352941174,0.0,0.39705882352941174,False,False
2,0,N047,0.6000000000000001,0.39705882352941174,0.0,0.39705882352941174,False,False
2,0,N047,0.65,0.39705882352941174,0.0,0.39705882352941174,False,False
2,0,N047,0.7000000000000001,0.39705882352941174,0.0,0.39705882352941174,False,False
2,0,N047,0.75,0.39705882352941174,0.0,0.39705882352941174,False,False
2,0,N047,0.8,0.39705882352941174,0.0,0.39705882352941174,False,False
2,0,N047,0.8500000000000001,0.39705882352941174,0.0,0.39705882352941174,False,False
2,0,N047,0.9,0.39705882352941174,0.0,0.39705882352941174,False,False
2,0,N047,0.9500000000000001,0.39705882352941174,0.0,0.39705882352941174,False,False
2,0,N047,1.0,0.22941176470588234,0.1676470588235294,0.39705882352941174,False,False
2,0,N048,0.0,0.39705882352941174,0.0,0.39705882352941174,False,False
2,0,N048,0.05,0.39705882352941174,0.0,0.39705882352941174,False,False
2,0,N048,0.1,0.39705882352941174,0.0,0.39705882352941174,False,False
2,0,N048,0.15000000000000002,0.39705882352941174,0.0,0.39705882352941174,False,False
2,0,N048,0.2,0.39705882352941174,0.0,0.39705882352941174,False,False
2,0,N048,0.25,0.39705882352941174,0.0,0.39705882352941174,False,False
2,0,N048,0.30000000000000004,0.39705882352941174,0.0,0.39705882352941174,False,False
2,0,N048,0.35000000000000003,0.39705882352941174,0.0,0.39705882352941174,False,False
2,0,N048,0.4,0.39705882352941174,0.0,0.39705882352941174,False,False
2,0,N048,0.45,0.39705882352941174,0.0,0.39705882352941174,False,False
2,0,N048,0.5,0.39705882352941174,0.0,0.39705882352941174,False,False
2,0,N048,0.55,0.39705882352941174,0.0,0.39705882352941174,False,False
2,0,N048,0.6000000000000001,0.39705882352941174,0.0,0.39705882352941174,False,False
2,0,N048,0.65,0.39705882352941174,0.0,0.39705882352941174,False,False
2,0,N048,0.7000000000000001,0.39705882352941174,0.0,0.39705882352941174,False,False
2,0,N048,0.75,0.39705882352941174,0.0,0.39705882352941174,False,False
2,0,N048,0.8,0.39705882352941174,0.0,0.39705882352941174,False,False
2,0,N048,0.8500000000000001,0.39705882352941174,0.0,0.39705882352941174,False,False
2,0,N048,0.9,0.39705882352941174,0.0,0.39705882352941174,False,False
2,0,N048,0.9500000000000001,0.39705882352941174,0.0,0.39705882352941174,False,False
2,0,N048,1.0,0.22588235294117645,0.1711764705882353,0.39705882352941174,False,False
2,0,N049,0.0,0.39705882352941174,0.0,0.39705882352941174,False,False
2,0,N049,0.05,0.39705882352941174,0.0,0.39705882352941174,False,False
2,0,N049,0.1,0.39705882352941174,0.0,0.39705882352941174,False,False
2,0,N049,0.15000000000000002,0.39705882352941174,0.0,0.39705882352941174,False,False
2,0,N049,0.2,0.39705882352941174,0.0,0.39705882352941174,False,False
2,0,N049,0.25,0.39705882352941174,0.0,0.39705882352941174,False,False
2,0,N049,0.30000000000000004,0.39705882352941174,0.0,0.39705882352941174,False,False
2,0,N049,0.35000000000000003,0.39705882352941174,0.0,0.39705882352941174,False,False
2,0,N049,0.4,0.39705882352941174,0.0,0.39705882352941174,False,False
2,0,N049,0.45,0.39705882352941174,0.0,0.39705882352941174,False,False
2,0,N049,0.5,0.39705882352941174,0.0,0.39705882352941174,False,False
2,0,N049,0.55,0.39705882352941174,0.0,0.39705882352941174,False,False
2,0,N049,0.6000000000000001,0.39705882352941174,0.0,0.39705882352941174,False,False
2,0,N049,0.65,0.39705882352941174,0.0,0.39705882352941174,False,False
2,0,N049,0.7000000000000001,0.39705882352941174,0.0,0.39705882352941174,False,False
2,0,N049,0.75,0.39705882352941174,0.0,0.39705882352941174,False,False
2,0,N049,0.8,0.39705882352941174,0.0,0.39705882352941174,False,False
2,0,N049,0.8500000000000001,0.39705882352941174,0.0,0.39705882352941174,False,False
2,0,N049,0.9,0.39705882352941174,0.0,0.39705882352941174,False,False
2,0,N049,0.9500000000000001,0.39705882352941174,0.0,0.39705882352941174,False,False
2,0,N049,1.0,0.24823529411764705,0.1488235294117647,0.39705882352941174,False,False
2,0,N050,0.0,0.39705882352941174,0.0,0.39705882352941174,False,False
2,0,N050,0.05,0.39705882352941174,0.0,0.39705882352941174,False,False
2,0,N050,0.1,0.39705882352941174,0.0,0.39705882352941174,False,False
2,0,N050,0.15000000000000002,0.39705882352941174,0.0,0.39705882352941174,False,False
2,0,N050,0.2,0.39705882352941174,0.0,0.39705882352941174,False,False
2,0,N050,0.25,0.39705882352941174,0.0,0.39705882352941174,False,False
2,0,N050,0.30000000000000004,0.39705882352941174,0.0,0.39705882352941174,False,False
2,0,N050,0.35000000000000003,0.39705882352941174,0.0,0.39705882352941174,False,False
2,0,N050,0.4,0.39705882352941174,0.0,0.39705882352941174,False,False
2,0,N050,0.45,0.39705882352941174,0.0,0.39705882352941174,False,False
2,0,N050,0.5,0.39705882352941174,0.0,0.39705882352941174,False,False
2,0,N050,0.55,0.39705882352941174,0.0,0.39705882352941174,False,False
2,0,N050,0.6000000000000001,0.39705882352941174,0.0,0.39705882352941174,False,False
2,0,N050,0.65,0.39705882352941174,0.0,0.39705882352941174,False,False
2,0,N050,0.7000000000000001,0.39705882352941174,0.0,0.39705882352941174,False,False
2,0,N050,0.75,0.39705882352941174,0.0,0.39705882352941174,False,False
2,0,N050,0.8,0.39705882352941174,0.0,0.39705882352941174,False,False
2,0,N050,0.8500000000000001,0.39705882352941174,0.0,0.39705882352941174,False,False
2,0,N050,0.9,0.39705882352941174,0.0,0.39705882352941174,False,False
2,0,N050,0.9500000000000001,0.39705882352941174,0.0,0.39705882352941174,False,False
2,0,N050,1.0,0.2188235294117647,0.17823529411764705,0.39705882352941174,False,False
