mode,controller_id,kappa,threshold,scale,mean_subject_BA,base_mean_subject_BA,Delta_BA,mean_subject_NLL,adapt_fraction,harmful_subject_fraction,nonnegative_subject_fraction,worst_subject_delta,median_subject_delta,selected,benchmark,outer_fold
META_GENERIC,RIDGE_A1,0.0,0.0,0.5,0.886046511627907,0.8867441860465115,-0.0006976744186046492,0.2522236810314533,0.9069767441860465,0.16279069767441862,0.8372093023255814,-0.06000000000000005,0.0,False,OpenBMI_MI_S1_to_S2,0
META_GENERIC,RIDGE_A1,0.0,0.0,1.0,0.8834883720930233,0.8867441860465115,-0.0032558139534883722,0.2532552110497577,0.9069767441860465,0.27906976744186046,0.7209302325581395,-0.08000000000000007,0.0,False,OpenBMI_MI_S1_to_S2,0
META_GENERIC,RIDGE_A1,0.0,0.0025,0.5,0.8872093023255814,0.8867441860465115,0.00046511627906977045,0.2516423704520159,0.8372093023255814,0.13953488372093023,0.8604651162790697,-0.029999999999999916,0.0,False,OpenBMI_MI_S1_to_S2,0
META_GENERIC,RIDGE_A1,0.0,0.0025,1.0,0.8851162790697673,0.8867441860465115,-0.0016279069767441848,0.2516905061171467,0.8372093023255814,0.2558139534883721,0.7441860465116279,-0.039999999999999925,0.0,False,OpenBMI_MI_S1_to_S2,0
META_GENERIC,RIDGE_A1,0.0,0.005,0.5,0.8879069767441858,0.8867441860465115,0.0011627906976744197,0.25210198228050956,0.7209302325581395,0.11627906976744186,0.8837209302325582,-0.019999999999999907,0.0,True,OpenBMI_MI_S1_to_S2,0
META_GENERIC,RIDGE_A1,0.0,0.005,1.0,0.885581395348837,0.8867441860465115,-0.0011627906976744197,0.25226933992607525,0.7209302325581395,0.20930232558139536,0.7906976744186046,-0.039999999999999925,0.0,False,OpenBMI_MI_S1_to_S2,0
META_GENERIC,RIDGE_A1,0.5,0.0,0.5,0.8867441860465115,0.8867441860465115,0.0,0.2527713105685529,0.5581395348837209,0.11627906976744186,0.8837209302325582,-0.019999999999999907,0.0,False,OpenBMI_MI_S1_to_S2,0
META_GENERIC,RIDGE_A1,0.5,0.0,1.0,0.8860465116279068,0.8867441860465115,-0.0006976744186046518,0.2517914855245062,0.5581395348837209,0.11627906976744186,0.8837209302325582,-0.039999999999999925,0.0,False,OpenBMI_MI_S1_to_S2,0
META_GENERIC,RIDGE_A1,0.5,0.0025,0.5,0.8869767441860466,0.8867441860465115,0.00023255813953488392,0.25290519704785197,0.46511627906976744,0.09302325581395349,0.9069767441860465,-0.019999999999999907,0.0,False,OpenBMI_MI_S1_to_S2,0
META_GENERIC,RIDGE_A1,0.5,0.0025,1.0,0.8862790697674419,0.8867441860465115,-0.00046511627906976785,0.25197080944414957,0.46511627906976744,0.09302325581395349,0.9069767441860465,-0.039999999999999925,0.0,False,OpenBMI_MI_S1_to_S2,0
META_GENERIC,RIDGE_A1,0.5,0.005,0.5,0.8869767441860466,0.8867441860465115,0.00023255813953488392,0.253535951053665,0.3488372093023256,0.09302325581395349,0.9069767441860465,-0.019999999999999907,0.0,False,OpenBMI_MI_S1_to_S2,0
META_GENERIC,RIDGE_A1,0.5,0.005,1.0,0.8862790697674419,0.8867441860465115,-0.00046511627906976785,0.2531528960127176,0.3488372093023256,0.09302325581395349,0.9069767441860465,-0.039999999999999925,0.0,False,OpenBMI_MI_S1_to_S2,0
META_GENERIC,RIDGE_A1,1.0,0.0,0.5,0.8872093023255814,0.8867441860465115,0.00046511627906976785,0.2535464681762939,0.32558139534883723,0.09302325581395349,0.9069767441860465,-0.010000000000000009,0.0,False,OpenBMI_MI_S1_to_S2,0
META_GENERIC,RIDGE_A1,1.0,0.0,1.0,0.8872093023255814,0.8867441860465115,0.00046511627906977045,0.2524114002648112,0.32558139534883723,0.09302325581395349,0.9069767441860465,-0.029999999999999916,0.0,False,OpenBMI_MI_S1_to_S2,0
META_GENERIC,RIDGE_A1,1.0,0.0025,0.5,0.8874418604651162,0.8867441860465115,0.0006976744186046518,0.25403393481334585,0.20930232558139536,0.046511627906976744,0.9534883720930233,-0.010000000000000009,0.0,False,OpenBMI_MI_S1_to_S2,0
META_GENERIC,RIDGE_A1,1.0,0.0025,1.0,0.8874418604651162,0.8867441860465115,0.0006976744186046543,0.2532960810142403,0.20930232558139536,0.046511627906976744,0.9534883720930233,-0.029999999999999916,0.0,False,OpenBMI_MI_S1_to_S2,0
META_GENERIC,RIDGE_A1,1.0,0.005,0.5,0.887674418604651,0.8867441860465115,0.0009302325581395331,0.25465566308645465,0.13953488372093023,0.023255813953488372,0.9767441860465116,-0.010000000000000009,0.0,False,OpenBMI_MI_S1_to_S2,0
META_GENERIC,RIDGE_A1,1.0,0.005,1.0,0.887674418604651,0.8867441860465115,0.0009302325581395357,0.25436294026510214,0.13953488372093023,0.023255813953488372,0.9767441860465116,-0.029999999999999916,0.0,False,OpenBMI_MI_S1_to_S2,0
META_GENERIC,RIDGE_A10,0.0,0.0,0.5,0.8848837209302327,0.8867441860465115,-0.0018604651162790662,0.25318581374615956,0.9302325581395349,0.18604651162790697,0.813953488372093,-0.06000000000000005,0.0,False,OpenBMI_MI_S1_to_S2,0
META_GENERIC,RIDGE_A10,0.0,0.0,1.0,0.8827906976744186,0.8867441860465115,-0.003953488372093025,0.2546700864315853,0.9302325581395349,0.27906976744186046,0.7209302325581395,-0.08000000000000007,0.0,False,OpenBMI_MI_S1_to_S2,0
META_GENERIC,RIDGE_A10,0.0,0.0025,0.5,0.8851162790697675,0.8867441860465115,-0.0016279069767441848,0.2526305354441638,0.8604651162790697,0.16279069767441862,0.8372093023255814,-0.06000000000000005,0.0,False,OpenBMI_MI_S1_to_S2,0
META_GENERIC,RIDGE_A10,0.0,0.0025,1.0,0.8834883720930233,0.8867441860465115,-0.003255813953488375,0.2532886832920906,0.8604651162790697,0.2558139534883721,0.7441860465116279,-0.08000000000000007,0.0,False,OpenBMI_MI_S1_to_S2,0
META_GENERIC,RIDGE_A10,0.0,0.005,0.5,0.8865116279069767,0.8867441860465115,-0.00023255813953488135,0.25221660158589027,0.7441860465116279,0.13953488372093023,0.8604651162790697,-0.029999999999999916,0.0,False,OpenBMI_MI_S1_to_S2,0
META_GENERIC,RIDGE_A10,0.0,0.005,1.0,0.8853488372093024,0.8867441860465115,-0.0013953488372093037,0.2519974316177081,0.7441860465116279,0.20930232558139536,0.7906976744186046,-0.039999999999999925,0.0,False,OpenBMI_MI_S1_to_S2,0
META_GENERIC,RIDGE_A10,0.5,0.0,0.5,0.8869767441860466,0.8867441860465115,0.00023255813953488392,0.2528120162039438,0.5581395348837209,0.11627906976744186,0.8837209302325582,-0.019999999999999907,0.0,False,OpenBMI_MI_S1_to_S2,0
META_GENERIC,RIDGE_A10,0.5,0.0,1.0,0.8867441860465115,0.8867441860465115,-2.581914010756178e-18,0.2519700675909497,0.5581395348837209,0.11627906976744186,0.8837209302325582,-0.039999999999999925,0.0,False,OpenBMI_MI_S1_to_S2,0
META_GENERIC,RIDGE_A10,0.5,0.0025,0.5,0.8872093023255814,0.8867441860465115,0.00046511627906976785,0.2529374965710049,0.4418604651162791,0.09302325581395349,0.9069767441860465,-0.019999999999999907,0.0,False,OpenBMI_MI_S1_to_S2,0
META_GENERIC,RIDGE_A10,0.5,0.0025,1.0,0.8865116279069767,0.8867441860465115,-0.00023255813953488392,0.25187912189632855,0.4418604651162791,0.09302325581395349,0.9069767441860465,-0.039999999999999925,0.0,False,OpenBMI_MI_S1_to_S2,0
META_GENERIC,RIDGE_A10,0.5,0.005,0.5,0.8872093023255814,0.8867441860465115,0.00046511627906976785,0.2535279684244243,0.32558139534883723,0.06976744186046512,0.9302325581395349,-0.019999999999999907,0.0,False,OpenBMI_MI_S1_to_S2,0
META_GENERIC,RIDGE_A10,0.5,0.005,1.0,0.8867441860465115,0.8867441860465115,0.0,0.2528335397213729,0.32558139534883723,0.06976744186046512,0.9302325581395349,-0.039999999999999925,0.0,False,OpenBMI_MI_S1_to_S2,0
META_GENERIC,RIDGE_A10,1.0,0.0,0.5,0.8872093023255814,0.8867441860465115,0.00046511627906976785,0.25428966120200847,0.23255813953488372,0.06976744186046512,0.9302325581395349,-0.010000000000000009,0.0,False,OpenBMI_MI_S1_to_S2,0
META_GENERIC,RIDGE_A10,1.0,0.0,1.0,0.8872093023255814,0.8867441860465115,0.00046511627906977045,0.2537202132594226,0.23255813953488372,0.06976744186046512,0.9302325581395349,-0.029999999999999916,0.0,False,OpenBMI_MI_S1_to_S2,0
META_GENERIC,RIDGE_A10,1.0,0.0025,0.5,0.887674418604651,0.8867441860465115,0.0009302325581395331,0.2545370217080233,0.16279069767441862,0.023255813953488372,0.9767441860465116,-0.010000000000000009,0.0,False,OpenBMI_MI_S1_to_S2,0
META_GENERIC,RIDGE_A10,1.0,0.0025,1.0,0.887674418604651,0.8867441860465115,0.0009302325581395357,0.2541403941614751,0.16279069767441862,0.023255813953488372,0.9767441860465116,-0.029999999999999916,0.0,False,OpenBMI_MI_S1_to_S2,0
META_GENERIC,RIDGE_A10,1.0,0.005,0.5,0.887674418604651,0.8867441860465115,0.0009302325581395331,0.2547087302204519,0.11627906976744186,0.023255813953488372,0.9767441860465116,-0.010000000000000009,0.0,False,OpenBMI_MI_S1_to_S2,0
META_GENERIC,RIDGE_A10,1.0,0.005,1.0,0.887674418604651,0.8867441860465115,0.0009302325581395357,0.25446213549749447,0.11627906976744186,0.023255813953488372,0.9767441860465116,-0.029999999999999916,0.0,False,OpenBMI_MI_S1_to_S2,0
META_GENERIC,EXTRA_TREES_D4,0.0,0.0,0.5,0.886279069767442,0.8867441860465115,-0.00046511627906975755,0.25127491931190427,0.7441860465116279,0.20930232558139536,0.7906976744186046,-0.029999999999999916,0.0,False,OpenBMI_MI_S1_to_S2,0
META_GENERIC,EXTRA_TREES_D4,0.0,0.0,1.0,0.8855813953488373,0.8867441860465115,-0.0011627906976744119,0.250675270875386,0.7441860465116279,0.2558139534883721,0.7441860465116279,-0.05999999999999994,0.0,False,OpenBMI_MI_S1_to_S2,0
META_GENERIC,EXTRA_TREES_D4,0.0,0.0025,0.5,0.8862790697674419,0.8867441860465115,-0.0004651162790697627,0.25312101847299195,0.3488372093023256,0.09302325581395349,0.9069767441860465,-0.029999999999999916,0.0,False,OpenBMI_MI_S1_to_S2,0
META_GENERIC,EXTRA_TREES_D4,0.0,0.0025,1.0,0.8858139534883722,0.8867441860465115,-0.0009302325581395306,0.2529858006555354,0.3488372093023256,0.11627906976744186,0.8837209302325582,-0.05999999999999994,0.0,False,OpenBMI_MI_S1_to_S2,0
META_GENERIC,EXTRA_TREES_D4,0.0,0.005,0.5,0.8862790697674419,0.8867441860465115,-0.0004651162790697653,0.25450492705952804,0.11627906976744186,0.046511627906976744,0.9534883720930233,-0.029999999999999916,0.0,False,OpenBMI_MI_S1_to_S2,0
META_GENERIC,EXTRA_TREES_D4,0.0,0.005,1.0,0.8853488372093024,0.8867441860465115,-0.001395348837209301,0.25477574704445505,0.11627906976744186,0.046511627906976744,0.9534883720930233,-0.05999999999999994,0.0,False,OpenBMI_MI_S1_to_S2,0
META_GENERIC,EXTRA_TREES_D4,0.5,0.0,0.5,0.8867441860465115,0.8867441860465115,0.0,0.255053859742881,0.06976744186046512,0.023255813953488372,0.9767441860465116,-0.010000000000000009,0.0,False,OpenBMI_MI_S1_to_S2,0
META_GENERIC,EXTRA_TREES_D4,0.5,0.0,1.0,0.8872093023255814,0.8867441860465115,0.00046511627906976785,0.2550784723941462,0.06976744186046512,0.023255813953488372,0.9767441860465116,-0.019999999999999907,0.0,False,OpenBMI_MI_S1_to_S2,0
META_GENERIC,EXTRA_TREES_D4,0.5,0.0025,0.5,0.8867441860465115,0.8867441860465115,0.0,0.2549679941090262,0.046511627906976744,0.023255813953488372,0.9767441860465116,-0.010000000000000009,0.0,False,OpenBMI_MI_S1_to_S2,0
META_GENERIC,EXTRA_TREES_D4,0.5,0.0025,1.0,0.8869767441860466,0.8867441860465115,0.0002325581395348865,0.25488758186408195,0.046511627906976744,0.023255813953488372,0.9767441860465116,-0.019999999999999907,0.0,False,OpenBMI_MI_S1_to_S2,0
META_GENERIC,EXTRA_TREES_D4,0.5,0.005,0.5,0.8867441860465115,0.8867441860465115,0.0,0.2549679941090262,0.046511627906976744,0.023255813953488372,0.9767441860465116,-0.010000000000000009,0.0,False,OpenBMI_MI_S1_to_S2,0
META_GENERIC,EXTRA_TREES_D4,0.5,0.005,1.0,0.8869767441860466,0.8867441860465115,0.0002325581395348865,0.25488758186408195,0.046511627906976744,0.023255813953488372,0.9767441860465116,-0.019999999999999907,0.0,False,OpenBMI_MI_S1_to_S2,0
META_GENERIC,EXTRA_TREES_D4,1.0,0.0,0.5,0.8867441860465115,0.8867441860465115,0.0,0.2549679941090262,0.046511627906976744,0.023255813953488372,0.9767441860465116,-0.010000000000000009,0.0,False,OpenBMI_MI_S1_to_S2,0
META_GENERIC,EXTRA_TREES_D4,1.0,0.0,1.0,0.8869767441860466,0.8867441860465115,0.0002325581395348865,0.25488758186408195,0.046511627906976744,0.023255813953488372,0.9767441860465116,-0.019999999999999907,0.0,False,OpenBMI_MI_S1_to_S2,0
META_GENERIC,EXTRA_TREES_D4,1.0,0.0025,0.5,0.8865116279069767,0.8867441860465115,-0.00023255813953488392,0.25515384520928863,0.023255813953488372,0.023255813953488372,0.9767441860465116,-0.010000000000000009,0.0,False,OpenBMI_MI_S1_to_S2,0
META_GENERIC,EXTRA_TREES_D4,1.0,0.0025,1.0,0.8862790697674419,0.8867441860465115,-0.0004651162790697653,0.2552361314617456,0.023255813953488372,0.023255813953488372,0.9767441860465116,-0.019999999999999907,0.0,False,OpenBMI_MI_S1_to_S2,0
META_GENERIC,EXTRA_TREES_D4,1.0,0.005,0.5,0.8867441860465115,0.8867441860465115,0.0,0.2551101046339827,0.0,0.0,1.0,0.0,0.0,False,OpenBMI_MI_S1_to_S2,0
META_GENERIC,EXTRA_TREES_D4,1.0,0.005,1.0,0.8867441860465115,0.8867441860465115,0.0,0.2551101046339827,0.0,0.0,1.0,0.0,0.0,False,OpenBMI_MI_S1_to_S2,0
PERSIST_META,RIDGE_A1,0.0,0.0,0.5,0.8879069767441861,0.8867441860465115,0.0011627906976744275,0.2513080368795697,1.0,0.2558139534883721,0.7441860465116279,-0.029999999999999916,0.0,False,OpenBMI_MI_S1_to_S2,0
PERSIST_META,RIDGE_A1,0.0,0.0,1.0,0.8865116279069767,0.8867441860465115,-0.00023255813953487877,0.2515179857967965,1.0,0.3488372093023256,0.6511627906976745,-0.05999999999999994,0.0,False,OpenBMI_MI_S1_to_S2,0
PERSIST_META,RIDGE_A1,0.0,0.0025,0.5,0.8872093023255814,0.8867441860465115,0.0004651162790697756,0.25201090820778876,0.9767441860465116,0.2558139534883721,0.7441860465116279,-0.029999999999999916,0.0,False,OpenBMI_MI_S1_to_S2,0
PERSIST_META,RIDGE_A1,0.0,0.0025,1.0,0.8851162790697675,0.8867441860465115,-0.0016279069767441824,0.25274835241110954,0.9767441860465116,0.3488372093023256,0.6511627906976745,-0.05999999999999994,0.0,False,OpenBMI_MI_S1_to_S2,0
PERSIST_META,RIDGE_A1,0.0,0.005,0.5,0.886046511627907,0.8867441860465115,-0.000697674418604644,0.2523350481419848,0.8837209302325582,0.23255813953488372,0.7674418604651163,-0.029999999999999916,0.0,False,OpenBMI_MI_S1_to_S2,0
PERSIST_META,RIDGE_A1,0.0,0.005,1.0,0.8837209302325583,0.8867441860465115,-0.003023255813953486,0.25273220854992223,0.8837209302325582,0.32558139534883723,0.6744186046511628,-0.05999999999999994,0.0,False,OpenBMI_MI_S1_to_S2,0
PERSIST_META,RIDGE_A1,0.5,0.0,0.5,0.8874418604651161,0.8867441860465115,0.0006976744186046569,0.25343416483192166,0.4883720930232558,0.13953488372093023,0.8604651162790697,-0.010000000000000009,0.0,False,OpenBMI_MI_S1_to_S2,0
PERSIST_META,RIDGE_A1,0.5,0.0,1.0,0.8867441860465115,0.8867441860465115,7.745742032268534e-18,0.25243646007745524,0.4883720930232558,0.13953488372093023,0.8604651162790697,-0.029999999999999916,0.0,False,OpenBMI_MI_S1_to_S2,0
PERSIST_META,RIDGE_A1,0.5,0.0025,0.5,0.8874418604651162,0.8867441860465115,0.0006976744186046518,0.25467735630404936,0.13953488372093023,0.046511627906976744,0.9534883720930233,-0.010000000000000009,0.0,False,OpenBMI_MI_S1_to_S2,0
PERSIST_META,RIDGE_A1,0.5,0.0025,1.0,0.8874418604651162,0.8867441860465115,0.0006976744186046543,0.2544337575912527,0.13953488372093023,0.046511627906976744,0.9534883720930233,-0.029999999999999916,0.0,False,OpenBMI_MI_S1_to_S2,0
PERSIST_META,RIDGE_A1,0.5,0.005,0.5,0.8869767441860466,0.8867441860465115,0.00023255813953488392,0.2550317318741443,0.046511627906976744,0.023255813953488372,0.9767441860465116,-0.010000000000000009,0.0,False,OpenBMI_MI_S1_to_S2,0
PERSIST_META,RIDGE_A1,0.5,0.005,1.0,0.8867441860465115,0.8867441860465115,2.581914010756178e-18,0.25503302486786666,0.046511627906976744,0.023255813953488372,0.9767441860465116,-0.029999999999999916,0.0,False,OpenBMI_MI_S1_to_S2,0
PERSIST_META,RIDGE_A1,1.0,0.0,0.5,0.8869767441860466,0.8867441860465115,0.00023255813953488392,0.2550317318741443,0.046511627906976744,0.023255813953488372,0.9767441860465116,-0.010000000000000009,0.0,False,OpenBMI_MI_S1_to_S2,0
PERSIST_META,RIDGE_A1,1.0,0.0,1.0,0.8867441860465115,0.8867441860465115,2.581914010756178e-18,0.25503302486786666,0.046511627906976744,0.023255813953488372,0.9767441860465116,-0.029999999999999916,0.0,False,OpenBMI_MI_S1_to_S2,0
PERSIST_META,RIDGE_A1,1.0,0.0025,0.5,0.8872093023255814,0.8867441860465115,0.00046511627906976785,0.2550126066334184,0.023255813953488372,0.0,1.0,0.0,0.0,False,OpenBMI_MI_S1_to_S2,0
PERSIST_META,RIDGE_A1,1.0,0.0025,1.0,0.8874418604651162,0.8867441860465115,0.0006976744186046518,0.2549388248195321,0.023255813953488372,0.0,1.0,0.0,0.0,False,OpenBMI_MI_S1_to_S2,0
PERSIST_META,RIDGE_A1,1.0,0.005,0.5,0.8867441860465115,0.8867441860465115,0.0,0.2551101046339827,0.0,0.0,1.0,0.0,0.0,False,OpenBMI_MI_S1_to_S2,0
PERSIST_META,RIDGE_A1,1.0,0.005,1.0,0.8867441860465115,0.8867441860465115,0.0,0.2551101046339827,0.0,0.0,1.0,0.0,0.0,False,OpenBMI_MI_S1_to_S2,0
PERSIST_META,RIDGE_A10,0.0,0.0,0.5,0.8879069767441858,0.8867441860465115,0.0011627906976744249,0.2501970199574543,0.9302325581395349,0.16279069767441862,0.8372093023255814,-0.029999999999999916,0.0,False,OpenBMI_MI_S1_to_S2,0
PERSIST_META,RIDGE_A10,0.0,0.0,1.0,0.8851162790697675,0.8867441860465115,-0.0016279069767441824,0.25037518358856214,0.9302325581395349,0.3023255813953488,0.6976744186046512,-0.039999999999999925,0.0,False,OpenBMI_MI_S1_to_S2,0
PERSIST_META,RIDGE_A10,0.0,0.0025,0.5,0.8879069767441858,0.8867441860465115,0.0011627906976744249,0.25021229095600533,0.8837209302325582,0.16279069767441862,0.8372093023255814,-0.029999999999999916,0.0,False,OpenBMI_MI_S1_to_S2,0
PERSIST_META,RIDGE_A10,0.0,0.0025,1.0,0.8851162790697675,0.8867441860465115,-0.0016279069767441824,0.2503616684513115,0.8837209302325582,0.3023255813953488,0.6976744186046512,-0.039999999999999925,0.0,False,OpenBMI_MI_S1_to_S2,0
PERSIST_META,RIDGE_A10,0.0,0.005,0.5,0.8883720930232559,0.8867441860465115,0.00162790697674419,0.25036522684538454,0.7441860465116279,0.11627906976744186,0.8837209302325582,-0.029999999999999916,0.0,False,OpenBMI_MI_S1_to_S2,0
PERSIST_META,RIDGE_A10,0.0,0.005,1.0,0.8874418604651162,0.8867441860465115,0.0006976744186046518,0.250246267654683,0.7441860465116279,0.20930232558139536,0.7906976744186046,-0.029999999999999916,0.0,False,OpenBMI_MI_S1_to_S2,0
PERSIST_META,RIDGE_A10,0.5,0.0,0.5,0.8867441860465115,0.8867441860465115,7.745742032268534e-18,0.25275191592169277,0.5581395348837209,0.13953488372093023,0.8604651162790697,-0.019999999999999907,0.0,False,OpenBMI_MI_S1_to_S2,0
PERSIST_META,RIDGE_A10,0.5,0.0,1.0,0.8862790697674419,0.8867441860465115,-0.0004651162790697601,0.2519164221557187,0.5581395348837209,0.13953488372093023,0.8604651162790697,-0.039999999999999925,0.0,False,OpenBMI_MI_S1_to_S2,0
PERSIST_META,RIDGE_A10,0.5,0.0025,0.5,0.8869767441860466,0.8867441860465115,0.0002325581395348891,0.2529662950011485,0.3488372093023256,0.09302325581395349,0.9069767441860465,-0.019999999999999907,0.0,False,OpenBMI_MI_S1_to_S2,0
PERSIST_META,RIDGE_A10,0.5,0.0025,1.0,0.8862790697674419,0.8867441860465115,-0.0004651162790697627,0.2520321322223302,0.3488372093023256,0.09302325581395349,0.9069767441860465,-0.039999999999999925,0.0,False,OpenBMI_MI_S1_to_S2,0
PERSIST_META,RIDGE_A10,0.5,0.005,0.5,0.8874418604651162,0.8867441860465115,0.0006976744186046543,0.2539686570312375,0.18604651162790697,0.046511627906976744,0.9534883720930233,-0.019999999999999907,0.0,False,OpenBMI_MI_S1_to_S2,0
PERSIST_META,RIDGE_A10,0.5,0.005,1.0,0.8872093023255814,0.8867441860465115,0.00046511627906977045,0.25377816090630295,0.18604651162790697,0.046511627906976744,0.9534883720930233,-0.039999999999999925,0.0,False,OpenBMI_MI_S1_to_S2,0
PERSIST_META,RIDGE_A10,1.0,0.0,0.5,0.8874418604651162,0.8867441860465115,0.0006976744186046518,0.2541513655681393,0.18604651162790697,0.046511627906976744,0.9534883720930233,-0.010000000000000009,0.0,False,OpenBMI_MI_S1_to_S2,0
PERSIST_META,RIDGE_A10,1.0,0.0,1.0,0.8874418604651162,0.8867441860465115,0.0006976744186046543,0.25342128019287496,0.18604651162790697,0.046511627906976744,0.9534883720930233,-0.029999999999999916,0.0,False,OpenBMI_MI_S1_to_S2,0
PERSIST_META,RIDGE_A10,1.0,0.0025,0.5,0.887674418604651,0.8867441860465115,0.0009302325581395331,0.2547087302204519,0.11627906976744186,0.023255813953488372,0.9767441860465116,-0.010000000000000009,0.0,False,OpenBMI_MI_S1_to_S2,0
PERSIST_META,RIDGE_A10,1.0,0.0025,1.0,0.887674418604651,0.8867441860465115,0.0009302325581395357,0.25446213549749447,0.11627906976744186,0.023255813953488372,0.9767441860465116,-0.029999999999999916,0.0,False,OpenBMI_MI_S1_to_S2,0
PERSIST_META,RIDGE_A10,1.0,0.005,0.5,0.8869767441860466,0.8867441860465115,0.00023255813953488392,0.2550317318741443,0.046511627906976744,0.023255813953488372,0.9767441860465116,-0.010000000000000009,0.0,False,OpenBMI_MI_S1_to_S2,0
PERSIST_META,RIDGE_A10,1.0,0.005,1.0,0.8867441860465115,0.8867441860465115,2.581914010756178e-18,0.25503302486786666,0.046511627906976744,0.023255813953488372,0.9767441860465116,-0.029999999999999916,0.0,False,OpenBMI_MI_S1_to_S2,0
PERSIST_META,EXTRA_TREES_D4,0.0,0.0,0.5,0.8881395348837209,0.8867441860465115,0.001395348837209301,0.24913106020668058,0.9767441860465116,0.23255813953488372,0.7674418604651163,-0.040000000000000036,0.0,False,OpenBMI_MI_S1_to_S2,0
PERSIST_META,EXTRA_TREES_D4,0.0,0.0,1.0,0.8869767441860467,0.8867441860465115,0.0002325581395348865,0.2481558724385545,0.9767441860465116,0.3023255813953488,0.6976744186046512,-0.07000000000000006,0.0,False,OpenBMI_MI_S1_to_S2,0
PERSIST_META,EXTRA_TREES_D4,0.0,0.0025,0.5,0.8860465116279068,0.8867441860465115,-0.0006976744186046492,0.2518234635392997,0.6744186046511628,0.23255813953488372,0.7674418604651163,-0.040000000000000036,0.0,False,OpenBMI_MI_S1_to_S2,0
PERSIST_META,EXTRA_TREES_D4,0.0,0.0025,1.0,0.8834883720930233,0.8867441860465115,-0.0032558139534883696,0.25235863737231773,0.6744186046511628,0.2558139534883721,0.7441860465116279,-0.07000000000000006,0.0,False,OpenBMI_MI_S1_to_S2,0
PERSIST_META,EXTRA_TREES_D4,0.0,0.005,0.5,0.8869767441860463,0.8867441860465115,0.0002325581395348865,0.2519370969732926,0.2558139534883721,0.06976744186046512,0.9302325581395349,-0.029999999999999916,0.0,False,OpenBMI_MI_S1_to_S2,0
PERSIST_META,EXTRA_TREES_D4,0.0,0.005,1.0,0.8872093023255814,0.8867441860465115,0.00046511627906977045,0.2505907124174975,0.2558139534883721,0.046511627906976744,0.9534883720930233,-0.05999999999999994,0.0,False,OpenBMI_MI_S1_to_S2,0
PERSIST_META,EXTRA_TREES_D4,0.5,0.0,0.5,0.8883720930232557,0.8867441860465115,0.0016279069767441848,0.253887989280195,0.16279069767441862,0.023255813953488372,0.9767441860465116,-0.010000000000000009,0.0,False,OpenBMI_MI_S1_to_S2,0
PERSIST_META,EXTRA_TREES_D4,0.5,0.0,1.0,0.8883720930232559,0.8867441860465115,0.0016279069767441874,0.25301274687206393,0.16279069767441862,0.023255813953488372,0.9767441860465116,-0.029999999999999916,0.0,True,OpenBMI_MI_S1_to_S2,0
PERSIST_META,EXTRA_TREES_D4,0.5,0.0025,0.5,0.8876744186046512,0.8867441860465115,0.0009302325581395331,0.254587651073518,0.09302325581395349,0.023255813953488372,0.9767441860465116,-0.010000000000000009,0.0,False,OpenBMI_MI_S1_to_S2,0
PERSIST_META,EXTRA_TREES_D4,0.5,0.0025,1.0,0.8876744186046512,0.8867441860465115,0.0009302325581395357,0.254290424225982,0.09302325581395349,0.023255813953488372,0.9767441860465116,-0.029999999999999916,0.0,False,OpenBMI_MI_S1_to_S2,0
PERSIST_META,EXTRA_TREES_D4,0.5,0.005,0.5,0.8874418604651162,0.8867441860465115,0.0006976744186046492,0.25501872574708184,0.06976744186046512,0.023255813953488372,0.9767441860465116,-0.010000000000000009,0.0,False,OpenBMI_MI_S1_to_S2,0
PERSIST_META,EXTRA_TREES_D4,0.5,0.005,1.0,0.8874418604651162,0.8867441860465115,0.0006976744186046518,0.2550339130983083,0.06976744186046512,0.023255813953488372,0.9767441860465116,-0.029999999999999916,0.0,False,OpenBMI_MI_S1_to_S2,0
PERSIST_META,EXTRA_TREES_D4,1.0,0.0,0.5,0.8874418604651162,0.8867441860465115,0.0006976744186046492,0.25501872574708184,0.06976744186046512,0.023255813953488372,0.9767441860465116,-0.010000000000000009,0.0,False,OpenBMI_MI_S1_to_S2,0
PERSIST_META,EXTRA_TREES_D4,1.0,0.0,1.0,0.8874418604651162,0.8867441860465115,0.0006976744186046518,0.2550339130983083,0.06976744186046512,0.023255813953488372,0.9767441860465116,-0.029999999999999916,0.0,False,OpenBMI_MI_S1_to_S2,0
PERSIST_META,EXTRA_TREES_D4,1.0,0.0025,0.5,0.8869767441860466,0.8867441860465115,0.00023255813953488392,0.2550317318741443,0.046511627906976744,0.023255813953488372,0.9767441860465116,-0.010000000000000009,0.0,False,OpenBMI_MI_S1_to_S2,0
PERSIST_META,EXTRA_TREES_D4,1.0,0.0025,1.0,0.8867441860465115,0.8867441860465115,2.581914010756178e-18,0.25503302486786666,0.046511627906976744,0.023255813953488372,0.9767441860465116,-0.029999999999999916,0.0,False,OpenBMI_MI_S1_to_S2,0
PERSIST_META,EXTRA_TREES_D4,1.0,0.005,0.5,0.8869767441860466,0.8867441860465115,0.00023255813953488392,0.2550317318741443,0.046511627906976744,0.023255813953488372,0.9767441860465116,-0.010000000000000009,0.0,False,OpenBMI_MI_S1_to_S2,0
PERSIST_META,EXTRA_TREES_D4,1.0,0.005,1.0,0.8867441860465115,0.8867441860465115,2.581914010756178e-18,0.25503302486786666,0.046511627906976744,0.023255813953488372,0.9767441860465116,-0.029999999999999916,0.0,False,OpenBMI_MI_S1_to_S2,0
META_GENERIC,RIDGE_A1,0.0,0.0,0.5,0.8937209302325582,0.8897674418604651,0.003953488372093017,0.23944283873410885,0.8604651162790697,0.11627906976744186,0.8837209302325582,-0.020000000000000018,0.0,False,OpenBMI_MI_S1_to_S2,1
META_GENERIC,RIDGE_A1,0.0,0.0,1.0,0.8932558139534883,0.8897674418604651,0.0034883720930232436,0.23907408481811665,0.8604651162790697,0.23255813953488372,0.7674418604651163,-0.020000000000000018,0.0,False,OpenBMI_MI_S1_to_S2,1
META_GENERIC,RIDGE_A1,0.0,0.0025,0.5,0.893953488372093,0.8897674418604651,0.0041860465116279,0.2394871396576404,0.8372093023255814,0.09302325581395349,0.9069767441860465,-0.020000000000000018,0.0,True,OpenBMI_MI_S1_to_S2,1
META_GENERIC,RIDGE_A1,0.0,0.0025,1.0,0.8934883720930231,0.8897674418604651,0.003720930232558127,0.23908235215880919,0.8372093023255814,0.20930232558139536,0.7906976744186046,-0.020000000000000018,0.0,False,OpenBMI_MI_S1_to_S2,1
META_GENERIC,RIDGE_A1,0.0,0.005,0.5,0.8932558139534884,0.8897674418604651,0.003488372093023251,0.23983047082121756,0.6511627906976745,0.046511627906976744,0.9534883720930233,-0.020000000000000018,0.0,False,OpenBMI_MI_S1_to_S2,1
META_GENERIC,RIDGE_A1,0.0,0.005,1.0,0.8934883720930231,0.8897674418604651,0.0037209302325581298,0.23897309842943865,0.6511627906976745,0.13953488372093023,0.8604651162790697,-0.020000000000000018,0.0,False,OpenBMI_MI_S1_to_S2,1
META_GENERIC,RIDGE_A1,0.5,0.0,0.5,0.8895348837209303,0.8897674418604651,-0.00023255813953487877,0.24269600789416018,0.32558139534883723,0.06976744186046512,0.9302325581395349,-0.020000000000000018,0.0,False,OpenBMI_MI_S1_to_S2,1
META_GENERIC,RIDGE_A1,0.5,0.0,1.0,0.8890697674418605,0.8897674418604651,-0.0006976744186046492,0.24259825917326838,0.32558139534883723,0.11627906976744186,0.8837209302325582,-0.030000000000000027,0.0,False,OpenBMI_MI_S1_to_S2,1
META_GENERIC,RIDGE_A1,0.5,0.0025,0.5,0.8900000000000001,0.8897674418604651,0.0002325581395348891,0.2430995448879145,0.2558139534883721,0.046511627906976744,0.9534883720930233,-0.010000000000000009,0.0,False,OpenBMI_MI_S1_to_S2,1
META_GENERIC,RIDGE_A1,0.5,0.0025,1.0,0.8897674418604652,0.8897674418604651,2.581914010756178e-18,0.243367048232038,0.2558139534883721,0.06976744186046512,0.9302325581395349,-0.030000000000000027,0.0,False,OpenBMI_MI_S1_to_S2,1
META_GENERIC,RIDGE_A1,0.5,0.005,0.5,0.8897674418604652,0.8897674418604651,2.581914010756178e-18,0.24339528277169736,0.18604651162790697,0.023255813953488372,0.9767441860465116,-0.009999999999999898,0.0,False,OpenBMI_MI_S1_to_S2,1
META_GENERIC,RIDGE_A1,0.5,0.005,1.0,0.8900000000000001,0.8897674418604651,0.0002325581395348865,0.24331018764390988,0.18604651162790697,0.046511627906976744,0.9534883720930233,-0.020000000000000018,0.0,False,OpenBMI_MI_S1_to_S2,1
META_GENERIC,RIDGE_A1,1.0,0.0,0.5,0.8897674418604652,0.8897674418604651,2.581914010756178e-18,0.24340155976177866,0.16279069767441862,0.023255813953488372,0.9767441860465116,-0.009999999999999898,0.0,False,OpenBMI_MI_S1_to_S2,1
META_GENERIC,RIDGE_A1,1.0,0.0,1.0,0.8904651162790698,0.8897674418604651,0.0006976744186046543,0.24318849742903034,0.16279069767441862,0.023255813953488372,0.9767441860465116,-0.009999999999999898,0.0,False,OpenBMI_MI_S1_to_S2,1
META_GENERIC,RIDGE_A1,1.0,0.0025,0.5,0.8895348837209304,0.8897674418604651,-0.00023255813953488135,0.2438449827404481,0.09302325581395349,0.023255813953488372,0.9767441860465116,-0.009999999999999898,0.0,False,OpenBMI_MI_S1_to_S2,1
META_GENERIC,RIDGE_A1,1.0,0.0025,1.0,0.8895348837209304,0.8897674418604651,-0.00023255813953488135,0.24391519015766353,0.09302325581395349,0.023255813953488372,0.9767441860465116,-0.009999999999999898,0.0,False,OpenBMI_MI_S1_to_S2,1
META_GENERIC,RIDGE_A1,1.0,0.005,0.5,0.8895348837209304,0.8897674418604651,-0.00023255813953488135,0.24376507513462675,0.046511627906976744,0.023255813953488372,0.9767441860465116,-0.009999999999999898,0.0,False,OpenBMI_MI_S1_to_S2,1
META_GENERIC,RIDGE_A1,1.0,0.005,1.0,0.8895348837209304,0.8897674418604651,-0.00023255813953488135,0.24373075285769824,0.046511627906976744,0.023255813953488372,0.9767441860465116,-0.009999999999999898,0.0,False,OpenBMI_MI_S1_to_S2,1
META_GENERIC,RIDGE_A10,0.0,0.0,0.5,0.8927906976744187,0.8897674418604651,0.0030232558139534835,0.2397560497837946,0.8837209302325582,0.16279069767441862,0.8372093023255814,-0.020000000000000018,0.0,False,OpenBMI_MI_S1_to_S2,1
META_GENERIC,RIDGE_A10,0.0,0.0,1.0,0.8925581395348838,0.8897674418604651,0.0027906976744185943,0.23984505879594337,0.8837209302325582,0.23255813953488372,0.7674418604651163,-0.030000000000000027,0.0,False,OpenBMI_MI_S1_to_S2,1
META_GENERIC,RIDGE_A10,0.0,0.0025,0.5,0.8927906976744187,0.8897674418604651,0.0030232558139534835,0.2399075411254232,0.8372093023255814,0.16279069767441862,0.8372093023255814,-0.020000000000000018,0.0,False,OpenBMI_MI_S1_to_S2,1
META_GENERIC,RIDGE_A10,0.0,0.0025,1.0,0.8932558139534884,0.8897674418604651,0.003488372093023246,0.2399621695097677,0.8372093023255814,0.20930232558139536,0.7906976744186046,-0.020000000000000018,0.0,False,OpenBMI_MI_S1_to_S2,1
META_GENERIC,RIDGE_A10,0.0,0.005,0.5,0.892093023255814,0.8897674418604651,0.0023255813953488367,0.240226013738217,0.6976744186046512,0.11627906976744186,0.8837209302325582,-0.020000000000000018,0.0,False,OpenBMI_MI_S1_to_S2,1
META_GENERIC,RIDGE_A10,0.0,0.005,1.0,0.8925581395348838,0.8897674418604651,0.0027906976744185995,0.240032108883695,0.6976744186046512,0.16279069767441862,0.8372093023255814,-0.020000000000000018,0.0,False,OpenBMI_MI_S1_to_S2,1
META_GENERIC,RIDGE_A10,0.5,0.0,0.5,0.8895348837209303,0.8897674418604651,-0.00023255813953488135,0.24266949860273382,0.3953488372093023,0.09302325581395349,0.9069767441860465,-0.020000000000000018,0.0,False,OpenBMI_MI_S1_to_S2,1
META_GENERIC,RIDGE_A10,0.5,0.0,1.0,0.8900000000000001,0.8897674418604651,0.0002325581395348865,0.24212882626861126,0.3953488372093023,0.09302325581395349,0.9069767441860465,-0.030000000000000027,0.0,False,OpenBMI_MI_S1_to_S2,1
META_GENERIC,RIDGE_A10,0.5,0.0025,0.5,0.890232558139535,0.8897674418604651,0.00046511627906977045,0.24299782286807248,0.27906976744186046,0.046511627906976744,0.9534883720930233,-0.010000000000000009,0.0,False,OpenBMI_MI_S1_to_S2,1
META_GENERIC,RIDGE_A10,0.5,0.0025,1.0,0.8904651162790698,0.8897674418604651,0.0006976744186046543,0.24266759192535464,0.27906976744186046,0.046511627906976744,0.9534883720930233,-0.030000000000000027,0.0,False,OpenBMI_MI_S1_to_S2,1
META_GENERIC,RIDGE_A10,0.5,0.005,0.5,0.8897674418604652,0.8897674418604651,2.581914010756178e-18,0.24337470723550486,0.18604651162790697,0.023255813953488372,0.9767441860465116,-0.009999999999999898,0.0,False,OpenBMI_MI_S1_to_S2,1
META_GENERIC,RIDGE_A10,0.5,0.005,1.0,0.8904651162790698,0.8897674418604651,0.0006976744186046543,0.24317863846391352,0.18604651162790697,0.023255813953488372,0.9767441860465116,-0.009999999999999898,0.0,False,OpenBMI_MI_S1_to_S2,1
META_GENERIC,RIDGE_A10,1.0,0.0,0.5,0.8895348837209304,0.8897674418604651,-0.00023255813953488135,0.2438449827404481,0.09302325581395349,0.023255813953488372,0.9767441860465116,-0.009999999999999898,0.0,False,OpenBMI_MI_S1_to_S2,1
META_GENERIC,RIDGE_A10,1.0,0.0,1.0,0.8895348837209304,0.8897674418604651,-0.00023255813953488135,0.24391519015766353,0.09302325581395349,0.023255813953488372,0.9767441860465116,-0.009999999999999898,0.0,False,OpenBMI_MI_S1_to_S2,1
META_GENERIC,RIDGE_A10,1.0,0.0025,0.5,0.8895348837209304,0.8897674418604651,-0.00023255813953488135,0.24385429346031948,0.023255813953488372,0.023255813953488372,0.9767441860465116,-0.009999999999999898,0.0,False,OpenBMI_MI_S1_to_S2,1
META_GENERIC,RIDGE_A10,1.0,0.0025,1.0,0.8895348837209304,0.8897674418604651,-0.00023255813953488135,0.2438988772495483,0.023255813953488372,0.023255813953488372,0.9767441860465116,-0.009999999999999898,0.0,False,OpenBMI_MI_S1_to_S2,1
META_GENERIC,RIDGE_A10,1.0,0.005,0.5,0.8895348837209304,0.8897674418604651,-0.00023255813953488135,0.24385429346031948,0.023255813953488372,0.023255813953488372,0.9767441860465116,-0.009999999999999898,0.0,False,OpenBMI_MI_S1_to_S2,1
META_GENERIC,RIDGE_A10,1.0,0.005,1.0,0.8895348837209304,0.8897674418604651,-0.00023255813953488135,0.2438988772495483,0.023255813953488372,0.023255813953488372,0.9767441860465116,-0.009999999999999898,0.0,False,OpenBMI_MI_S1_to_S2,1
META_GENERIC,EXTRA_TREES_D4,0.0,0.0,0.5,0.8906976744186047,0.8897674418604651,0.0009302325581395331,0.24128986741595762,0.4883720930232558,0.16279069767441862,0.8372093023255814,-0.020000000000000018,0.0,False,OpenBMI_MI_S1_to_S2,1
META_GENERIC,EXTRA_TREES_D4,0.0,0.0,1.0,0.890232558139535,0.8897674418604651,0.0004651162790697627,0.24164909626089717,0.4883720930232558,0.18604651162790697,0.813953488372093,-0.020000000000000018,0.0,False,OpenBMI_MI_S1_to_S2,1
META_GENERIC,EXTRA_TREES_D4,0.0,0.0025,0.5,0.8897674418604651,0.8897674418604651,0.0,0.24436950812207625,0.06976744186046512,0.0,1.0,0.0,0.0,False,OpenBMI_MI_S1_to_S2,1
META_GENERIC,EXTRA_TREES_D4,0.0,0.0025,1.0,0.8893023255813954,0.8897674418604651,-0.00046511627906976785,0.2454921002209762,0.06976744186046512,0.023255813953488372,0.9767441860465116,-0.020000000000000018,0.0,False,OpenBMI_MI_S1_to_S2,1
META_GENERIC,EXTRA_TREES_D4,0.0,0.005,0.5,0.8897674418604651,0.8897674418604651,0.0,0.2439388149254821,0.046511627906976744,0.0,1.0,0.0,0.0,False,OpenBMI_MI_S1_to_S2,1
META_GENERIC,EXTRA_TREES_D4,0.0,0.005,1.0,0.8897674418604651,0.8897674418604651,0.0,0.24444323863686002,0.046511627906976744,0.0,1.0,0.0,0.0,False,OpenBMI_MI_S1_to_S2,1
META_GENERIC,EXTRA_TREES_D4,0.5,0.0,0.5,0.8895348837209304,0.8897674418604651,-0.00023255813953488135,0.2437691035222403,0.023255813953488372,0.023255813953488372,0.9767441860465116,-0.009999999999999898,0.0,False,OpenBMI_MI_S1_to_S2,1
META_GENERIC,EXTRA_TREES_D4,0.5,0.0,1.0,0.8895348837209304,0.8897674418604651,-0.00023255813953488135,0.2437941191536509,0.023255813953488372,0.023255813953488372,0.9767441860465116,-0.009999999999999898,0.0,False,OpenBMI_MI_S1_to_S2,1
META_GENERIC,EXTRA_TREES_D4,0.5,0.0025,0.5,0.8895348837209304,0.8897674418604651,-0.00023255813953488135,0.2437691035222403,0.023255813953488372,0.023255813953488372,0.9767441860465116,-0.009999999999999898,0.0,False,OpenBMI_MI_S1_to_S2,1
META_GENERIC,EXTRA_TREES_D4,0.5,0.0025,1.0,0.8895348837209304,0.8897674418604651,-0.00023255813953488135,0.2437941191536509,0.023255813953488372,0.023255813953488372,0.9767441860465116,-0.009999999999999898,0.0,False,OpenBMI_MI_S1_to_S2,1
META_GENERIC,EXTRA_TREES_D4,0.5,0.005,0.5,0.8895348837209304,0.8897674418604651,-0.00023255813953488135,0.2437691035222403,0.023255813953488372,0.023255813953488372,0.9767441860465116,-0.009999999999999898,0.0,False,OpenBMI_MI_S1_to_S2,1
META_GENERIC,EXTRA_TREES_D4,0.5,0.005,1.0,0.8895348837209304,0.8897674418604651,-0.00023255813953488135,0.2437941191536509,0.023255813953488372,0.023255813953488372,0.9767441860465116,-0.009999999999999898,0.0,False,OpenBMI_MI_S1_to_S2,1
META_GENERIC,EXTRA_TREES_D4,1.0,0.0,0.5,0.8897674418604651,0.8897674418604651,0.0,0.2438301646882815,0.0,0.0,1.0,0.0,0.0,False,OpenBMI_MI_S1_to_S2,1
META_GENERIC,EXTRA_TREES_D4,1.0,0.0,1.0,0.8897674418604651,0.8897674418604651,0.0,0.2438301646882815,0.0,0.0,1.0,0.0,0.0,False,OpenBMI_MI_S1_to_S2,1
META_GENERIC,EXTRA_TREES_D4,1.0,0.0025,0.5,0.8897674418604651,0.8897674418604651,0.0,0.2438301646882815,0.0,0.0,1.0,0.0,0.0,False,OpenBMI_MI_S1_to_S2,1
META_GENERIC,EXTRA_TREES_D4,1.0,0.0025,1.0,0.8897674418604651,0.8897674418604651,0.0,0.2438301646882815,0.0,0.0,1.0,0.0,0.0,False,OpenBMI_MI_S1_to_S2,1
META_GENERIC,EXTRA_TREES_D4,1.0,0.005,0.5,0.8897674418604651,0.8897674418604651,0.0,0.2438301646882815,0.0,0.0,1.0,0.0,0.0,False,OpenBMI_MI_S1_to_S2,1
META_GENERIC,EXTRA_TREES_D4,1.0,0.005,1.0,0.8897674418604651,0.8897674418604651,0.0,0.2438301646882815,0.0,0.0,1.0,0.0,0.0,False,OpenBMI_MI_S1_to_S2,1
PERSIST_META,RIDGE_A1,0.0,0.0,0.5,0.8906976744186047,0.8897674418604651,0.0009302325581395331,0.2410821796285618,0.9534883720930233,0.2558139534883721,0.7441860465116279,-0.030000000000000027,0.0,False,OpenBMI_MI_S1_to_S2,1
PERSIST_META,RIDGE_A1,0.0,0.0,1.0,0.8902325581395351,0.8897674418604651,0.0004651162790697601,0.24194207518859656,0.9534883720930233,0.3023255813953488,0.6976744186046512,-0.039999999999999925,0.0,False,OpenBMI_MI_S1_to_S2,1
PERSIST_META,RIDGE_A1,0.0,0.0025,0.5,0.8906976744186047,0.8897674418604651,0.0009302325581395331,0.2410821796285618,0.9534883720930233,0.2558139534883721,0.7441860465116279,-0.030000000000000027,0.0,False,OpenBMI_MI_S1_to_S2,1
PERSIST_META,RIDGE_A1,0.0,0.0025,1.0,0.8902325581395351,0.8897674418604651,0.0004651162790697601,0.24194207518859656,0.9534883720930233,0.3023255813953488,0.6976744186046512,-0.039999999999999925,0.0,False,OpenBMI_MI_S1_to_S2,1
PERSIST_META,RIDGE_A1,0.0,0.005,0.5,0.8916279069767441,0.8897674418604651,0.0018604651162790688,0.24057597496641975,0.7674418604651163,0.16279069767441862,0.8372093023255814,-0.030000000000000027,0.0,False,OpenBMI_MI_S1_to_S2,1
PERSIST_META,RIDGE_A1,0.0,0.005,1.0,0.892093023255814,0.8897674418604651,0.002325581395348834,0.24052911611272065,0.7674418604651163,0.18604651162790697,0.813953488372093,-0.039999999999999925,0.0,False,OpenBMI_MI_S1_to_S2,1
PERSIST_META,RIDGE_A1,0.5,0.0,0.5,0.8902325581395351,0.8897674418604651,0.00046511627906976785,0.2432120690657855,0.3023255813953488,0.046511627906976744,0.9534883720930233,-0.010000000000000009,0.0,False,OpenBMI_MI_S1_to_S2,1
PERSIST_META,RIDGE_A1,0.5,0.0,1.0,0.8900000000000001,0.8897674418604651,0.00023255813953488392,0.24282310562549503,0.3023255813953488,0.06976744186046512,0.9302325581395349,-0.030000000000000027,0.0,False,OpenBMI_MI_S1_to_S2,1
PERSIST_META,RIDGE_A1,0.5,0.0025,0.5,0.8895348837209304,0.8897674418604651,-0.00023255813953488135,0.2434256491174327,0.06976744186046512,0.023255813953488372,0.9767441860465116,-0.009999999999999898,0.0,False,OpenBMI_MI_S1_to_S2,1
PERSIST_META,RIDGE_A1,0.5,0.0025,1.0,0.8893023255813954,0.8897674418604651,-0.0004651162790697653,0.2430778296118957,0.06976744186046512,0.046511627906976744,0.9534883720930233,-0.010000000000000009,0.0,False,OpenBMI_MI_S1_to_S2,1
PERSIST_META,RIDGE_A1,0.5,0.005,0.5,0.8895348837209304,0.8897674418604651,-0.00023255813953488135,0.24385429346031948,0.023255813953488372,0.023255813953488372,0.9767441860465116,-0.009999999999999898,0.0,False,OpenBMI_MI_S1_to_S2,1
PERSIST_META,RIDGE_A1,0.5,0.005,1.0,0.8895348837209304,0.8897674418604651,-0.00023255813953488135,0.2438988772495483,0.023255813953488372,0.023255813953488372,0.9767441860465116,-0.009999999999999898,0.0,False,OpenBMI_MI_S1_to_S2,1
PERSIST_META,RIDGE_A1,1.0,0.0,0.5,0.8895348837209304,0.8897674418604651,-0.00023255813953488135,0.24385429346031948,0.023255813953488372,0.023255813953488372,0.9767441860465116,-0.009999999999999898,0.0,False,OpenBMI_MI_S1_to_S2,1
PERSIST_META,RIDGE_A1,1.0,0.0,1.0,0.8895348837209304,0.8897674418604651,-0.00023255813953488135,0.2438988772495483,0.023255813953488372,0.023255813953488372,0.9767441860465116,-0.009999999999999898,0.0,False,OpenBMI_MI_S1_to_S2,1
PERSIST_META,RIDGE_A1,1.0,0.0025,0.5,0.8895348837209304,0.8897674418604651,-0.00023255813953488135,0.24385429346031948,0.023255813953488372,0.023255813953488372,0.9767441860465116,-0.009999999999999898,0.0,False,OpenBMI_MI_S1_to_S2,1
PERSIST_META,RIDGE_A1,1.0,0.0025,1.0,0.8895348837209304,0.8897674418604651,-0.00023255813953488135,0.2438988772495483,0.023255813953488372,0.023255813953488372,0.9767441860465116,-0.009999999999999898,0.0,False,OpenBMI_MI_S1_to_S2,1
PERSIST_META,RIDGE_A1,1.0,0.005,0.5,0.8895348837209304,0.8897674418604651,-0.00023255813953488135,0.24385429346031948,0.023255813953488372,0.023255813953488372,0.9767441860465116,-0.009999999999999898,0.0,False,OpenBMI_MI_S1_to_S2,1
PERSIST_META,RIDGE_A1,1.0,0.005,1.0,0.8895348837209304,0.8897674418604651,-0.00023255813953488135,0.2438988772495483,0.023255813953488372,0.023255813953488372,0.9767441860465116,-0.009999999999999898,0.0,False,OpenBMI_MI_S1_to_S2,1
PERSIST_META,RIDGE_A10,0.0,0.0,0.5,0.8916279069767442,0.8897674418604651,0.0018604651162790688,0.24161375131437238,0.9302325581395349,0.23255813953488372,0.7674418604651163,-0.030000000000000027,0.0,False,OpenBMI_MI_S1_to_S2,1
PERSIST_META,RIDGE_A10,0.0,0.0,1.0,0.8913953488372094,0.8897674418604651,0.0016279069767441824,0.24494348694045284,0.9302325581395349,0.2558139534883721,0.7441860465116279,-0.040000000000000036,0.0,False,OpenBMI_MI_S1_to_S2,1
PERSIST_META,RIDGE_A10,0.0,0.0025,0.5,0.8904651162790698,0.8897674418604651,0.0006976744186046492,0.24166870619613257,0.7906976744186046,0.20930232558139536,0.7906976744186046,-0.030000000000000027,0.0,False,OpenBMI_MI_S1_to_S2,1
PERSIST_META,RIDGE_A10,0.0,0.0025,1.0,0.8911627906976745,0.8897674418604651,0.0013953488372092984,0.24451884168743251,0.7906976744186046,0.20930232558139536,0.7906976744186046,-0.040000000000000036,0.0,False,OpenBMI_MI_S1_to_S2,1
PERSIST_META,RIDGE_A10,0.0,0.005,0.5,0.8904651162790698,0.8897674418604651,0.0006976744186046492,0.24171047058879613,0.6744186046511628,0.18604651162790697,0.813953488372093,-0.030000000000000027,0.0,False,OpenBMI_MI_S1_to_S2,1
PERSIST_META,RIDGE_A10,0.0,0.005,1.0,0.8911627906976745,0.8897674418604651,0.0013953488372092984,0.24447210127849514,0.6744186046511628,0.18604651162790697,0.813953488372093,-0.040000000000000036,0.0,False,OpenBMI_MI_S1_to_S2,1
PERSIST_META,RIDGE_A10,0.5,0.0,0.5,0.8893023255813954,0.8897674418604651,-0.00046511627906976785,0.24276452991148811,0.37209302325581395,0.11627906976744186,0.8837209302325582,-0.020000000000000018,0.0,False,OpenBMI_MI_S1_to_S2,1
PERSIST_META,RIDGE_A10,0.5,0.0,1.0,0.8897674418604651,0.8897674418604651,0.0,0.24223427402817715,0.37209302325581395,0.11627906976744186,0.8837209302325582,-0.030000000000000027,0.0,False,OpenBMI_MI_S1_to_S2,1
PERSIST_META,RIDGE_A10,0.5,0.0025,0.5,0.8900000000000001,0.8897674418604651,0.0002325581395348865,0.2427703747935357,0.2558139534883721,0.046511627906976744,0.9534883720930233,-0.010000000000000009,0.0,False,OpenBMI_MI_S1_to_S2,1
PERSIST_META,RIDGE_A10,0.5,0.0025,1.0,0.8900000000000001,0.8897674418604651,0.0002325581395348865,0.24210869553501596,0.2558139534883721,0.06976744186046512,0.9302325581395349,-0.030000000000000027,0.0,False,OpenBMI_MI_S1_to_S2,1
PERSIST_META,RIDGE_A10,0.5,0.005,0.5,0.8900000000000001,0.8897674418604651,0.0002325581395348865,0.24307885613735994,0.16279069767441862,0.023255813953488372,0.9767441860465116,-0.009999999999999898,0.0,False,OpenBMI_MI_S1_to_S2,1
PERSIST_META,RIDGE_A10,0.5,0.005,1.0,0.8897674418604651,0.8897674418604651,2.581914010756178e-18,0.24258203436221976,0.16279069767441862,0.046511627906976744,0.9534883720930233,-0.010000000000000009,0.0,False,OpenBMI_MI_S1_to_S2,1
PERSIST_META,RIDGE_A10,1.0,0.0,0.5,0.8895348837209304,0.8897674418604651,-0.00023255813953488135,0.24376507513462675,0.046511627906976744,0.023255813953488372,0.9767441860465116,-0.009999999999999898,0.0,False,OpenBMI_MI_S1_to_S2,1
PERSIST_META,RIDGE_A10,1.0,0.0,1.0,0.8895348837209304,0.8897674418604651,-0.00023255813953488135,0.24373075285769824,0.046511627906976744,0.023255813953488372,0.9767441860465116,-0.009999999999999898,0.0,False,OpenBMI_MI_S1_to_S2,1
PERSIST_META,RIDGE_A10,1.0,0.0025,0.5,0.8895348837209304,0.8897674418604651,-0.00023255813953488135,0.24385429346031948,0.023255813953488372,0.023255813953488372,0.9767441860465116,-0.009999999999999898,0.0,False,OpenBMI_MI_S1_to_S2,1
PERSIST_META,RIDGE_A10,1.0,0.0025,1.0,0.8895348837209304,0.8897674418604651,-0.00023255813953488135,0.2438988772495483,0.023255813953488372,0.023255813953488372,0.9767441860465116,-0.009999999999999898,0.0,False,OpenBMI_MI_S1_to_S2,1
PERSIST_META,RIDGE_A10,1.0,0.005,0.5,0.8895348837209304,0.8897674418604651,-0.00023255813953488135,0.24385429346031948,0.023255813953488372,0.023255813953488372,0.9767441860465116,-0.009999999999999898,0.0,False,OpenBMI_MI_S1_to_S2,1
PERSIST_META,RIDGE_A10,1.0,0.005,1.0,0.8895348837209304,0.8897674418604651,-0.00023255813953488135,0.2438988772495483,0.023255813953488372,0.023255813953488372,0.9767441860465116,-0.009999999999999898,0.0,False,OpenBMI_MI_S1_to_S2,1
PERSIST_META,EXTRA_TREES_D4,0.0,0.0,0.5,0.8930232558139538,0.8897674418604651,0.0032558139534883722,0.24178864820910712,0.7441860465116279,0.13953488372093023,0.8604651162790697,-0.020000000000000018,0.0,True,OpenBMI_MI_S1_to_S2,1
PERSIST_META,EXTRA_TREES_D4,0.0,0.0,1.0,0.8923255813953488,0.8897674418604651,0.0025581395348837155,0.24414312891191903,0.7441860465116279,0.27906976744186046,0.7209302325581395,-0.020000000000000018,0.0,False,OpenBMI_MI_S1_to_S2,1
PERSIST_META,EXTRA_TREES_D4,0.0,0.0025,0.5,0.8895348837209304,0.8897674418604651,-0.00023255813953488135,0.24364917109216688,0.20930232558139536,0.06976744186046512,0.9302325581395349,-0.020000000000000018,0.0,False,OpenBMI_MI_S1_to_S2,1
PERSIST_META,EXTRA_TREES_D4,0.0,0.0025,1.0,0.8886046511627907,0.8897674418604651,-0.0011627906976744197,0.2450603245756849,0.20930232558139536,0.09302325581395349,0.9069767441860465,-0.020000000000000018,0.0,False,OpenBMI_MI_S1_to_S2,1
PERSIST_META,EXTRA_TREES_D4,0.0,0.005,0.5,0.8904651162790698,0.8897674418604651,0.0006976744186046543,0.24349637670350074,0.06976744186046512,0.0,1.0,0.0,0.0,False,OpenBMI_MI_S1_to_S2,1
PERSIST_META,EXTRA_TREES_D4,0.0,0.005,1.0,0.8900000000000001,0.8897674418604651,0.00023255813953488392,0.24414272636124484,0.06976744186046512,0.0,1.0,0.0,0.0,False,OpenBMI_MI_S1_to_S2,1
PERSIST_META,EXTRA_TREES_D4,0.5,0.0,0.5,0.8900000000000001,0.8897674418604651,0.00023255813953488392,0.24390176141661876,0.046511627906976744,0.0,1.0,0.0,0.0,False,OpenBMI_MI_S1_to_S2,1
PERSIST_META,EXTRA_TREES_D4,0.5,0.0,1.0,0.8895348837209304,0.8897674418604651,-0.00023255813953488392,0.2443070085006268,0.046511627906976744,0.023255813953488372,0.9767441860465116,-0.010000000000000009,0.0,False,OpenBMI_MI_S1_to_S2,1
PERSIST_META,EXTRA_TREES_D4,0.5,0.0025,0.5,0.8897674418604651,0.8897674418604651,0.0,0.2439225825687879,0.023255813953488372,0.0,1.0,0.0,0.0,False,OpenBMI_MI_S1_to_S2,1
PERSIST_META,EXTRA_TREES_D4,0.5,0.0025,1.0,0.8895348837209304,0.8897674418604651,-0.00023255813953488392,0.24414785958241833,0.023255813953488372,0.023255813953488372,0.9767441860465116,-0.010000000000000009,0.0,False,OpenBMI_MI_S1_to_S2,1
PERSIST_META,EXTRA_TREES_D4,0.5,0.005,0.5,0.8897674418604651,0.8897674418604651,0.0,0.2439225825687879,0.023255813953488372,0.0,1.0,0.0,0.0,False,OpenBMI_MI_S1_to_S2,1
PERSIST_META,EXTRA_TREES_D4,0.5,0.005,1.0,0.8895348837209304,0.8897674418604651,-0.00023255813953488392,0.24414785958241833,0.023255813953488372,0.023255813953488372,0.9767441860465116,-0.010000000000000009,0.0,False,OpenBMI_MI_S1_to_S2,1
PERSIST_META,EXTRA_TREES_D4,1.0,0.0,0.5,0.8897674418604651,0.8897674418604651,0.0,0.2438301646882815,0.0,0.0,1.0,0.0,0.0,False,OpenBMI_MI_S1_to_S2,1
PERSIST_META,EXTRA_TREES_D4,1.0,0.0,1.0,0.8897674418604651,0.8897674418604651,0.0,0.2438301646882815,0.0,0.0,1.0,0.0,0.0,False,OpenBMI_MI_S1_to_S2,1
PERSIST_META,EXTRA_TREES_D4,1.0,0.0025,0.5,0.8897674418604651,0.8897674418604651,0.0,0.2438301646882815,0.0,0.0,1.0,0.0,0.0,False,OpenBMI_MI_S1_to_S2,1
PERSIST_META,EXTRA_TREES_D4,1.0,0.0025,1.0,0.8897674418604651,0.8897674418604651,0.0,0.2438301646882815,0.0,0.0,1.0,0.0,0.0,False,OpenBMI_MI_S1_to_S2,1
PERSIST_META,EXTRA_TREES_D4,1.0,0.005,0.5,0.8897674418604651,0.8897674418604651,0.0,0.2438301646882815,0.0,0.0,1.0,0.0,0.0,False,OpenBMI_MI_S1_to_S2,1
PERSIST_META,EXTRA_TREES_D4,1.0,0.005,1.0,0.8897674418604651,0.8897674418604651,0.0,0.2438301646882815,0.0,0.0,1.0,0.0,0.0,False,OpenBMI_MI_S1_to_S2,1
META_GENERIC,RIDGE_A1,0.0,0.0,0.5,0.908139534883721,0.908139534883721,0.0,0.20359066653893826,0.8372093023255814,0.20930232558139536,0.7906976744186046,-0.020000000000000018,0.0,False,OpenBMI_MI_S1_to_S2,2
META_GENERIC,RIDGE_A1,0.0,0.0,1.0,0.9076744186046511,0.908139534883721,-0.00046511627906977045,0.2033556875453115,0.8372093023255814,0.2558139534883721,0.7441860465116279,-0.050000000000000044,0.0,False,OpenBMI_MI_S1_to_S2,2
META_GENERIC,RIDGE_A1,0.0,0.0025,0.5,0.9072093023255815,0.908139534883721,-0.0009302325581395357,0.20477157903162893,0.6511627906976745,0.20930232558139536,0.7906976744186046,-0.020000000000000018,0.0,False,OpenBMI_MI_S1_to_S2,2
META_GENERIC,RIDGE_A1,0.0,0.0025,1.0,0.906046511627907,0.908139534883721,-0.0020930232558139554,0.20540469407023437,0.6511627906976745,0.2558139534883721,0.7441860465116279,-0.050000000000000044,0.0,False,OpenBMI_MI_S1_to_S2,2
META_GENERIC,RIDGE_A1,0.0,0.005,0.5,0.9076744186046511,0.908139534883721,-0.00046511627906976785,0.20482322007455211,0.6046511627906976,0.16279069767441862,0.8372093023255814,-0.020000000000000018,0.0,False,OpenBMI_MI_S1_to_S2,2
META_GENERIC,RIDGE_A1,0.0,0.005,1.0,0.9067441860465116,0.908139534883721,-0.0013953488372093037,0.2053983379843173,0.6046511627906976,0.20930232558139536,0.7906976744186046,-0.050000000000000044,0.0,False,OpenBMI_MI_S1_to_S2,2
META_GENERIC,RIDGE_A1,0.5,0.0,0.5,0.9076744186046511,0.908139534883721,-0.00046511627906976785,0.20527436157493628,0.4418604651162791,0.11627906976744186,0.8837209302325582,-0.019999999999999907,0.0,False,OpenBMI_MI_S1_to_S2,2
META_GENERIC,RIDGE_A1,0.5,0.0,1.0,0.9083720930232558,0.908139534883721,0.00023255813953488392,0.20533855782093158,0.4418604651162791,0.09302325581395349,0.9069767441860465,-0.019999999999999907,0.0,False,OpenBMI_MI_S1_to_S2,2
META_GENERIC,RIDGE_A1,0.5,0.0025,0.5,0.908139534883721,0.908139534883721,-2.581914010756178e-18,0.20534736692067576,0.3023255813953488,0.09302325581395349,0.9069767441860465,-0.010000000000000009,0.0,False,OpenBMI_MI_S1_to_S2,2
META_GENERIC,RIDGE_A1,0.5,0.0025,1.0,0.9086046511627909,0.908139534883721,0.0004651162790697653,0.20531495659294408,0.3023255813953488,0.06976744186046512,0.9302325581395349,-0.010000000000000009,0.0,False,OpenBMI_MI_S1_to_S2,2
META_GENERIC,RIDGE_A1,0.5,0.005,0.5,0.9079069767441862,0.908139534883721,-0.00023255813953488392,0.2054763369042685,0.20930232558139536,0.06976744186046512,0.9302325581395349,-0.010000000000000009,0.0,False,OpenBMI_MI_S1_to_S2,2
META_GENERIC,RIDGE_A1,0.5,0.005,1.0,0.9079069767441862,0.908139534883721,-0.00023255813953488392,0.20548660857715642,0.20930232558139536,0.06976744186046512,0.9302325581395349,-0.010000000000000009,0.0,False,OpenBMI_MI_S1_to_S2,2
META_GENERIC,RIDGE_A1,1.0,0.0,0.5,0.9076744186046511,0.908139534883721,-0.00046511627906976785,0.205533767804718,0.16279069767441862,0.06976744186046512,0.9302325581395349,-0.010000000000000009,0.0,False,OpenBMI_MI_S1_to_S2,2
META_GENERIC,RIDGE_A1,1.0,0.0,1.0,0.9079069767441862,0.908139534883721,-0.00023255813953488392,0.20549247459370923,0.16279069767441862,0.046511627906976744,0.9534883720930233,-0.010000000000000009,0.0,False,OpenBMI_MI_S1_to_S2,2
META_GENERIC,RIDGE_A1,1.0,0.0025,0.5,0.9076744186046511,0.908139534883721,-0.00046511627906976785,0.2056766870588051,0.046511627906976744,0.046511627906976744,0.9534883720930233,-0.010000000000000009,0.0,False,OpenBMI_MI_S1_to_S2,2
META_GENERIC,RIDGE_A1,1.0,0.0025,1.0,0.9079069767441862,0.908139534883721,-0.00023255813953488392,0.2057202878554546,0.046511627906976744,0.023255813953488372,0.9767441860465116,-0.010000000000000009,0.0,False,OpenBMI_MI_S1_to_S2,2
META_GENERIC,RIDGE_A1,1.0,0.005,0.5,0.9079069767441862,0.908139534883721,-0.00023255813953488392,0.20555725531728178,0.023255813953488372,0.023255813953488372,0.9767441860465116,-0.010000000000000009,0.0,False,OpenBMI_MI_S1_to_S2,2
META_GENERIC,RIDGE_A1,1.0,0.005,1.0,0.9079069767441862,0.908139534883721,-0.00023255813953488392,0.20544592623244765,0.023255813953488372,0.023255813953488372,0.9767441860465116,-0.010000000000000009,0.0,False,OpenBMI_MI_S1_to_S2,2
META_GENERIC,RIDGE_A10,0.0,0.0,0.5,0.9093023255813956,0.908139534883721,0.001162790697674417,0.20267510367140792,0.8604651162790697,0.18604651162790697,0.813953488372093,-0.020000000000000018,0.0,False,OpenBMI_MI_S1_to_S2,2
META_GENERIC,RIDGE_A10,0.0,0.0,1.0,0.9095348837209304,0.908139534883721,0.0013953488372092958,0.20169555763211688,0.8604651162790697,0.2558139534883721,0.7441860465116279,-0.050000000000000044,0.0,True,OpenBMI_MI_S1_to_S2,2
META_GENERIC,RIDGE_A10,0.0,0.0025,0.5,0.9083720930232558,0.908139534883721,0.00023255813953488392,0.2034995065004212,0.7441860465116279,0.18604651162790697,0.813953488372093,-0.020000000000000018,0.0,False,OpenBMI_MI_S1_to_S2,2
META_GENERIC,RIDGE_A10,0.0,0.0025,1.0,0.9079069767441862,0.908139534883721,-0.0002325581395348891,0.20314223679667884,0.7441860465116279,0.2558139534883721,0.7441860465116279,-0.050000000000000044,0.0,False,OpenBMI_MI_S1_to_S2,2
META_GENERIC,RIDGE_A10,0.0,0.005,0.5,0.9079069767441862,0.908139534883721,-0.00023255813953488392,0.20455945058764105,0.627906976744186,0.16279069767441862,0.8372093023255814,-0.020000000000000018,0.0,False,OpenBMI_MI_S1_to_S2,2
META_GENERIC,RIDGE_A10,0.0,0.005,1.0,0.9074418604651163,0.908139534883721,-0.0006976744186046543,0.20485251576707572,0.627906976744186,0.20930232558139536,0.7906976744186046,-0.050000000000000044,0.0,False,OpenBMI_MI_S1_to_S2,2
META_GENERIC,RIDGE_A10,0.5,0.0,0.5,0.908139534883721,0.908139534883721,-2.581914010756178e-18,0.20527431299079577,0.4418604651162791,0.09302325581395349,0.9069767441860465,-0.010000000000000009,0.0,False,OpenBMI_MI_S1_to_S2,2
META_GENERIC,RIDGE_A10,0.5,0.0,1.0,0.9088372093023256,0.908139534883721,0.0006976744186046492,0.20529024119756317,0.4418604651162791,0.06976744186046512,0.9302325581395349,-0.010000000000000009,0.0,False,OpenBMI_MI_S1_to_S2,2
META_GENERIC,RIDGE_A10,0.5,0.0025,0.5,0.9081395348837209,0.908139534883721,-2.581914010756178e-18,0.20544037928159456,0.2558139534883721,0.06976744186046512,0.9302325581395349,-0.010000000000000009,0.0,False,OpenBMI_MI_S1_to_S2,2
META_GENERIC,RIDGE_A10,0.5,0.0025,1.0,0.9083720930232558,0.908139534883721,0.00023255813953488135,0.2054283560300829,0.2558139534883721,0.06976744186046512,0.9302325581395349,-0.010000000000000009,0.0,False,OpenBMI_MI_S1_to_S2,2
META_GENERIC,RIDGE_A10,0.5,0.005,0.5,0.9079069767441862,0.908139534883721,-0.00023255813953488392,0.2053848655965768,0.16279069767441862,0.06976744186046512,0.9302325581395349,-0.010000000000000009,0.0,False,OpenBMI_MI_S1_to_S2,2
META_GENERIC,RIDGE_A10,0.5,0.005,1.0,0.908139534883721,0.908139534883721,0.0,0.20527820834431298,0.16279069767441862,0.046511627906976744,0.9534883720930233,-0.010000000000000009,0.0,False,OpenBMI_MI_S1_to_S2,2
META_GENERIC,RIDGE_A10,1.0,0.0,0.5,0.9076744186046511,0.908139534883721,-0.00046511627906976785,0.2054248177466145,0.11627906976744186,0.06976744186046512,0.9302325581395349,-0.010000000000000009,0.0,False,OpenBMI_MI_S1_to_S2,2
META_GENERIC,RIDGE_A10,1.0,0.0,1.0,0.9079069767441862,0.908139534883721,-0.00023255813953488392,0.2052582904626897,0.11627906976744186,0.046511627906976744,0.9534883720930233,-0.010000000000000009,0.0,False,OpenBMI_MI_S1_to_S2,2
META_GENERIC,RIDGE_A10,1.0,0.0025,0.5,0.9079069767441862,0.908139534883721,-0.00023255813953488392,0.20553551657363522,0.046511627906976744,0.023255813953488372,0.9767441860465116,-0.010000000000000009,0.0,False,OpenBMI_MI_S1_to_S2,2
META_GENERIC,RIDGE_A10,1.0,0.0025,1.0,0.9079069767441862,0.908139534883721,-0.00023255813953488392,0.2054055070405534,0.046511627906976744,0.023255813953488372,0.9767441860465116,-0.010000000000000009,0.0,False,OpenBMI_MI_S1_to_S2,2
META_GENERIC,RIDGE_A10,1.0,0.005,0.5,0.9079069767441862,0.908139534883721,-0.00023255813953488392,0.20555725531728178,0.023255813953488372,0.023255813953488372,0.9767441860465116,-0.010000000000000009,0.0,False,OpenBMI_MI_S1_to_S2,2
META_GENERIC,RIDGE_A10,1.0,0.005,1.0,0.9079069767441862,0.908139534883721,-0.00023255813953488392,0.20544592623244765,0.023255813953488372,0.023255813953488372,0.9767441860465116,-0.010000000000000009,0.0,False,OpenBMI_MI_S1_to_S2,2
META_GENERIC,EXTRA_TREES_D4,0.0,0.0,0.5,0.9081395348837209,0.908139534883721,0.0,0.20570488053469194,0.20930232558139536,0.09302325581395349,0.9069767441860465,-0.010000000000000009,0.0,False,OpenBMI_MI_S1_to_S2,2
META_GENERIC,EXTRA_TREES_D4,0.0,0.0,1.0,0.9058139534883721,0.908139534883721,-0.002325581395348834,0.206383858001888,0.20930232558139536,0.13953488372093023,0.8604651162790697,-0.050000000000000044,0.0,False,OpenBMI_MI_S1_to_S2,2
META_GENERIC,EXTRA_TREES_D4,0.0,0.0025,0.5,0.9074418604651162,0.908139534883721,-0.0006976744186046518,0.20564687261043854,0.11627906976744186,0.06976744186046512,0.9302325581395349,-0.010000000000000009,0.0,False,OpenBMI_MI_S1_to_S2,2
META_GENERIC,EXTRA_TREES_D4,0.0,0.0025,1.0,0.9062790697674419,0.908139534883721,-0.0018604651162790714,0.20591084498200418,0.11627906976744186,0.09302325581395349,0.9069767441860465,-0.050000000000000044,0.0,False,OpenBMI_MI_S1_to_S2,2
META_GENERIC,EXTRA_TREES_D4,0.0,0.005,0.5,0.9074418604651162,0.908139534883721,-0.0006976744186046518,0.20541293017932571,0.06976744186046512,0.06976744186046512,0.9302325581395349,-0.010000000000000009,0.0,False,OpenBMI_MI_S1_to_S2,2
META_GENERIC,EXTRA_TREES_D4,0.0,0.005,1.0,0.9074418604651162,0.908139534883721,-0.0006976744186046518,0.20528669199440897,0.06976744186046512,0.06976744186046512,0.9302325581395349,-0.010000000000000009,0.0,False,OpenBMI_MI_S1_to_S2,2
META_GENERIC,EXTRA_TREES_D4,0.5,0.0,0.5,0.908139534883721,0.908139534883721,0.0,0.20563814658428808,0.06976744186046512,0.0,1.0,0.0,0.0,False,OpenBMI_MI_S1_to_S2,2
META_GENERIC,EXTRA_TREES_D4,0.5,0.0,1.0,0.9079069767441862,0.908139534883721,-0.00023255813953488392,0.20561257714378342,0.06976744186046512,0.023255813953488372,0.9767441860465116,-0.010000000000000009,0.0,False,OpenBMI_MI_S1_to_S2,2
META_GENERIC,EXTRA_TREES_D4,0.5,0.0025,0.5,0.908139534883721,0.908139534883721,0.0,0.20560781169707953,0.046511627906976744,0.0,1.0,0.0,0.0,False,OpenBMI_MI_S1_to_S2,2
META_GENERIC,EXTRA_TREES_D4,0.5,0.0025,1.0,0.9079069767441862,0.908139534883721,-0.00023255813953488392,0.20554490108468945,0.046511627906976744,0.023255813953488372,0.9767441860465116,-0.010000000000000009,0.0,False,OpenBMI_MI_S1_to_S2,2
META_GENERIC,EXTRA_TREES_D4,0.5,0.005,0.5,0.908139534883721,0.908139534883721,0.0,0.20560781169707953,0.046511627906976744,0.0,1.0,0.0,0.0,False,OpenBMI_MI_S1_to_S2,2
META_GENERIC,EXTRA_TREES_D4,0.5,0.005,1.0,0.9079069767441862,0.908139534883721,-0.00023255813953488392,0.20554490108468945,0.046511627906976744,0.023255813953488372,0.9767441860465116,-0.010000000000000009,0.0,False,OpenBMI_MI_S1_to_S2,2
META_GENERIC,EXTRA_TREES_D4,1.0,0.0,0.5,0.908139534883721,0.908139534883721,0.0,0.20560781169707953,0.046511627906976744,0.0,1.0,0.0,0.0,False,OpenBMI_MI_S1_to_S2,2
META_GENERIC,EXTRA_TREES_D4,1.0,0.0,1.0,0.9079069767441862,0.908139534883721,-0.00023255813953488392,0.20554490108468945,0.046511627906976744,0.023255813953488372,0.9767441860465116,-0.010000000000000009,0.0,False,OpenBMI_MI_S1_to_S2,2
META_GENERIC,EXTRA_TREES_D4,1.0,0.0025,0.5,0.908139534883721,0.908139534883721,0.0,0.20560781169707953,0.046511627906976744,0.0,1.0,0.0,0.0,False,OpenBMI_MI_S1_to_S2,2
META_GENERIC,EXTRA_TREES_D4,1.0,0.0025,1.0,0.9079069767441862,0.908139534883721,-0.00023255813953488392,0.20554490108468945,0.046511627906976744,0.023255813953488372,0.9767441860465116,-0.010000000000000009,0.0,False,OpenBMI_MI_S1_to_S2,2
META_GENERIC,EXTRA_TREES_D4,1.0,0.005,0.5,0.908139534883721,0.908139534883721,0.0,0.20554584989102798,0.023255813953488372,0.0,1.0,0.0,0.0,False,OpenBMI_MI_S1_to_S2,2
META_GENERIC,EXTRA_TREES_D4,1.0,0.005,1.0,0.9079069767441862,0.908139534883721,-0.00023255813953488392,0.2054134580832172,0.023255813953488372,0.023255813953488372,0.9767441860465116,-0.010000000000000009,0.0,False,OpenBMI_MI_S1_to_S2,2
PERSIST_META,RIDGE_A1,0.0,0.0,0.5,0.9095348837209304,0.908139534883721,0.0013953488372092984,0.20268043376847802,1.0,0.18604651162790697,0.813953488372093,-0.019999999999999907,0.0,False,OpenBMI_MI_S1_to_S2,2
PERSIST_META,RIDGE_A1,0.0,0.0,1.0,0.9104651162790699,0.908139534883721,0.002325581395348834,0.20175282611590284,1.0,0.20930232558139536,0.7906976744186046,-0.030000000000000027,0.0,False,OpenBMI_MI_S1_to_S2,2
PERSIST_META,RIDGE_A1,0.0,0.0025,0.5,0.9095348837209304,0.908139534883721,0.0013953488372092984,0.20273710829941968,0.9534883720930233,0.18604651162790697,0.813953488372093,-0.019999999999999907,0.0,False,OpenBMI_MI_S1_to_S2,2
PERSIST_META,RIDGE_A1,0.0,0.0025,1.0,0.9104651162790699,0.908139534883721,0.002325581395348834,0.20184991771306485,0.9534883720930233,0.20930232558139536,0.7906976744186046,-0.030000000000000027,0.0,True,OpenBMI_MI_S1_to_S2,2
PERSIST_META,RIDGE_A1,0.0,0.005,0.5,0.9086046511627907,0.908139534883721,0.0004651162790697653,0.20365879111367916,0.6976744186046512,0.16279069767441862,0.8372093023255814,-0.019999999999999907,0.0,False,OpenBMI_MI_S1_to_S2,2
PERSIST_META,RIDGE_A1,0.0,0.005,1.0,0.9093023255813953,0.908139534883721,0.001162790697674417,0.2032582820186349,0.6976744186046512,0.16279069767441862,0.8372093023255814,-0.030000000000000027,0.0,False,OpenBMI_MI_S1_to_S2,2
PERSIST_META,RIDGE_A1,0.5,0.0,0.5,0.9083720930232558,0.908139534883721,0.00023255813953488135,0.20495913346821365,0.32558139534883723,0.06976744186046512,0.9302325581395349,-0.010000000000000009,0.0,False,OpenBMI_MI_S1_to_S2,2
PERSIST_META,RIDGE_A1,0.5,0.0,1.0,0.9093023255813953,0.908139534883721,0.001162790697674417,0.20472661390129349,0.32558139534883723,0.046511627906976744,0.9534883720930233,-0.010000000000000009,0.0,False,OpenBMI_MI_S1_to_S2,2
PERSIST_META,RIDGE_A1,0.5,0.0025,0.5,0.9076744186046511,0.908139534883721,-0.00046511627906976785,0.20577415691283107,0.16279069767441862,0.046511627906976744,0.9534883720930233,-0.010000000000000009,0.0,False,OpenBMI_MI_S1_to_S2,2
PERSIST_META,RIDGE_A1,0.5,0.0025,1.0,0.9079069767441862,0.908139534883721,-0.00023255813953488392,0.2060554381900125,0.16279069767441862,0.023255813953488372,0.9767441860465116,-0.010000000000000009,0.0,False,OpenBMI_MI_S1_to_S2,2
PERSIST_META,RIDGE_A1,0.5,0.005,0.5,0.908139534883721,0.908139534883721,0.0,0.20568924438892214,0.0,0.0,1.0,0.0,0.0,False,OpenBMI_MI_S1_to_S2,2
PERSIST_META,RIDGE_A1,0.5,0.005,1.0,0.908139534883721,0.908139534883721,0.0,0.20568924438892214,0.0,0.0,1.0,0.0,0.0,False,OpenBMI_MI_S1_to_S2,2
PERSIST_META,RIDGE_A1,1.0,0.0,0.5,0.908139534883721,0.908139534883721,0.0,0.20568924438892214,0.0,0.0,1.0,0.0,0.0,False,OpenBMI_MI_S1_to_S2,2
PERSIST_META,RIDGE_A1,1.0,0.0,1.0,0.908139534883721,0.908139534883721,0.0,0.20568924438892214,0.0,0.0,1.0,0.0,0.0,False,OpenBMI_MI_S1_to_S2,2
PERSIST_META,RIDGE_A1,1.0,0.0025,0.5,0.908139534883721,0.908139534883721,0.0,0.20568924438892214,0.0,0.0,1.0,0.0,0.0,False,OpenBMI_MI_S1_to_S2,2
PERSIST_META,RIDGE_A1,1.0,0.0025,1.0,0.908139534883721,0.908139534883721,0.0,0.20568924438892214,0.0,0.0,1.0,0.0,0.0,False,OpenBMI_MI_S1_to_S2,2
PERSIST_META,RIDGE_A1,1.0,0.005,0.5,0.908139534883721,0.908139534883721,0.0,0.20568924438892214,0.0,0.0,1.0,0.0,0.0,False,OpenBMI_MI_S1_to_S2,2
PERSIST_META,RIDGE_A1,1.0,0.005,1.0,0.908139534883721,0.908139534883721,0.0,0.20568924438892214,0.0,0.0,1.0,0.0,0.0,False,OpenBMI_MI_S1_to_S2,2
PERSIST_META,RIDGE_A10,0.0,0.0,0.5,0.9086046511627909,0.908139534883721,0.0004651162790697627,0.20297542207292973,0.8837209302325582,0.18604651162790697,0.813953488372093,-0.030000000000000027,0.0,False,OpenBMI_MI_S1_to_S2,2
PERSIST_META,RIDGE_A10,0.0,0.0,1.0,0.9097674418604651,0.908139534883721,0.0016279069767441824,0.202329832121828,0.8837209302325582,0.20930232558139536,0.7906976744186046,-0.030000000000000027,0.0,False,OpenBMI_MI_S1_to_S2,2
PERSIST_META,RIDGE_A10,0.0,0.0025,0.5,0.9083720930232558,0.908139534883721,0.00023255813953487877,0.2029810366947227,0.7906976744186046,0.18604651162790697,0.813953488372093,-0.030000000000000027,0.0,False,OpenBMI_MI_S1_to_S2,2
PERSIST_META,RIDGE_A10,0.0,0.0025,1.0,0.91,0.908139534883721,0.0018604651162790662,0.2020944365451313,0.7906976744186046,0.18604651162790697,0.813953488372093,-0.030000000000000027,0.0,False,OpenBMI_MI_S1_to_S2,2
PERSIST_META,RIDGE_A10,0.0,0.005,0.5,0.908139534883721,0.908139534883721,-2.581914010756178e-18,0.2034749207601715,0.7209302325581395,0.16279069767441862,0.8372093023255814,-0.030000000000000027,0.0,False,OpenBMI_MI_S1_to_S2,2
PERSIST_META,RIDGE_A10,0.0,0.005,1.0,0.9095348837209304,0.908139534883721,0.001395348837209301,0.20298034145180846,0.7209302325581395,0.16279069767441862,0.8372093023255814,-0.030000000000000027,0.0,False,OpenBMI_MI_S1_to_S2,2
PERSIST_META,RIDGE_A10,0.5,0.0,0.5,0.9088372093023256,0.908139534883721,0.0006976744186046492,0.20364215467687072,0.5116279069767442,0.09302325581395349,0.9069767441860465,-0.010000000000000009,0.0,False,OpenBMI_MI_S1_to_S2,2
PERSIST_META,RIDGE_A10,0.5,0.0,1.0,0.9102325581395349,0.908139534883721,0.0020930232558139528,0.20254183098825287,0.5116279069767442,0.06976744186046512,0.9302325581395349,-0.030000000000000027,0.0,False,OpenBMI_MI_S1_to_S2,2
PERSIST_META,RIDGE_A10,0.5,0.0025,0.5,0.908139534883721,0.908139534883721,-2.581914010756178e-18,0.20420992580779523,0.37209302325581395,0.09302325581395349,0.9069767441860465,-0.010000000000000009,0.0,False,OpenBMI_MI_S1_to_S2,2
PERSIST_META,RIDGE_A10,0.5,0.0025,1.0,0.9095348837209302,0.908139534883721,0.001395348837209301,0.2033783943032138,0.37209302325581395,0.046511627906976744,0.9534883720930233,-0.010000000000000009,0.0,False,OpenBMI_MI_S1_to_S2,2
PERSIST_META,RIDGE_A10,0.5,0.005,0.5,0.9076744186046511,0.908139534883721,-0.00046511627906976785,0.20577415691283107,0.16279069767441862,0.046511627906976744,0.9534883720930233,-0.010000000000000009,0.0,False,OpenBMI_MI_S1_to_S2,2
PERSIST_META,RIDGE_A10,0.5,0.005,1.0,0.9079069767441862,0.908139534883721,-0.00023255813953488392,0.2060554381900125,0.16279069767441862,0.023255813953488372,0.9767441860465116,-0.010000000000000009,0.0,False,OpenBMI_MI_S1_to_S2,2
PERSIST_META,RIDGE_A10,1.0,0.0,0.5,0.9079069767441862,0.908139534883721,-0.00023255813953488392,0.20560977141412765,0.18604651162790697,0.046511627906976744,0.9534883720930233,-0.010000000000000009,0.0,False,OpenBMI_MI_S1_to_S2,2
PERSIST_META,RIDGE_A10,1.0,0.0,1.0,0.908139534883721,0.908139534883721,0.0,0.2056563983579603,0.18604651162790697,0.023255813953488372,0.9767441860465116,-0.010000000000000009,0.0,False,OpenBMI_MI_S1_to_S2,2
PERSIST_META,RIDGE_A10,1.0,0.0025,0.5,0.9076744186046511,0.908139534883721,-0.00046511627906976785,0.20559691830745064,0.06976744186046512,0.046511627906976744,0.9534883720930233,-0.010000000000000009,0.0,False,OpenBMI_MI_S1_to_S2,2
PERSIST_META,RIDGE_A10,1.0,0.0025,1.0,0.9079069767441862,0.908139534883721,-0.00023255813953488392,0.2056094443665838,0.06976744186046512,0.023255813953488372,0.9767441860465116,-0.010000000000000009,0.0,False,OpenBMI_MI_S1_to_S2,2
PERSIST_META,RIDGE_A10,1.0,0.005,0.5,0.9079069767441862,0.908139534883721,-0.00023255813953488392,0.20555440380978493,0.046511627906976744,0.023255813953488372,0.9767441860465116,-0.010000000000000009,0.0,False,OpenBMI_MI_S1_to_S2,2
PERSIST_META,RIDGE_A10,1.0,0.005,1.0,0.9079069767441862,0.908139534883721,-0.00023255813953488392,0.2054404367505202,0.046511627906976744,0.023255813953488372,0.9767441860465116,-0.010000000000000009,0.0,False,OpenBMI_MI_S1_to_S2,2
PERSIST_META,EXTRA_TREES_D4,0.0,0.0,0.5,0.9072093023255815,0.908139534883721,-0.0009302325581395331,0.20501479120958133,0.6511627906976745,0.23255813953488372,0.7674418604651163,-0.020000000000000018,0.0,False,OpenBMI_MI_S1_to_S2,2
PERSIST_META,EXTRA_TREES_D4,0.0,0.0,1.0,0.9067441860465116,0.908139534883721,-0.0013953488372093037,0.20613061553897177,0.6511627906976745,0.20930232558139536,0.7906976744186046,-0.050000000000000044,0.0,False,OpenBMI_MI_S1_to_S2,2
PERSIST_META,EXTRA_TREES_D4,0.0,0.0025,0.5,0.9076744186046511,0.908139534883721,-0.00046511627906976785,0.20617932715919873,0.23255813953488372,0.09302325581395349,0.9069767441860465,-0.020000000000000018,0.0,False,OpenBMI_MI_S1_to_S2,2
PERSIST_META,EXTRA_TREES_D4,0.0,0.0025,1.0,0.9074418604651163,0.908139534883721,-0.0006976744186046518,0.2074780198120729,0.23255813953488372,0.11627906976744186,0.8837209302325582,-0.050000000000000044,0.0,False,OpenBMI_MI_S1_to_S2,2
PERSIST_META,EXTRA_TREES_D4,0.0,0.005,0.5,0.9069767441860467,0.908139534883721,-0.0011627906976744197,0.20603710776596298,0.16279069767441862,0.09302325581395349,0.9069767441860465,-0.020000000000000018,0.0,False,OpenBMI_MI_S1_to_S2,2
PERSIST_META,EXTRA_TREES_D4,0.0,0.005,1.0,0.9062790697674419,0.908139534883721,-0.0018604651162790714,0.20686940291911654,0.16279069767441862,0.11627906976744186,0.8837209302325582,-0.050000000000000044,0.0,False,OpenBMI_MI_S1_to_S2,2
PERSIST_META,EXTRA_TREES_D4,0.5,0.0,0.5,0.9074418604651163,0.908139534883721,-0.0006976744186046518,0.20576702065928454,0.09302325581395349,0.06976744186046512,0.9302325581395349,-0.010000000000000009,0.0,False,OpenBMI_MI_S1_to_S2,2
PERSIST_META,EXTRA_TREES_D4,0.5,0.0,1.0,0.9076744186046511,0.908139534883721,-0.00046511627906976785,0.20592055696835207,0.09302325581395349,0.046511627906976744,0.9534883720930233,-0.010000000000000009,0.0,False,OpenBMI_MI_S1_to_S2,2
PERSIST_META,EXTRA_TREES_D4,0.5,0.0025,0.5,0.9079069767441862,0.908139534883721,-0.00023255813953488392,0.20561921712333334,0.046511627906976744,0.023255813953488372,0.9767441860465116,-0.010000000000000009,0.0,False,OpenBMI_MI_S1_to_S2,2
PERSIST_META,EXTRA_TREES_D4,0.5,0.0025,1.0,0.9079069767441862,0.908139534883721,-0.00023255813953488392,0.2055773692339199,0.046511627906976744,0.023255813953488372,0.9767441860465116,-0.010000000000000009,0.0,False,OpenBMI_MI_S1_to_S2,2
PERSIST_META,EXTRA_TREES_D4,0.5,0.005,0.5,0.9079069767441862,0.908139534883721,-0.00023255813953488392,0.20555725531728178,0.023255813953488372,0.023255813953488372,0.9767441860465116,-0.010000000000000009,0.0,False,OpenBMI_MI_S1_to_S2,2
PERSIST_META,EXTRA_TREES_D4,0.5,0.005,1.0,0.9079069767441862,0.908139534883721,-0.00023255813953488392,0.20544592623244765,0.023255813953488372,0.023255813953488372,0.9767441860465116,-0.010000000000000009,0.0,False,OpenBMI_MI_S1_to_S2,2
PERSIST_META,EXTRA_TREES_D4,1.0,0.0,0.5,0.908139534883721,0.908139534883721,0.0,0.20560781169707953,0.046511627906976744,0.0,1.0,0.0,0.0,False,OpenBMI_MI_S1_to_S2,2
PERSIST_META,EXTRA_TREES_D4,1.0,0.0,1.0,0.9079069767441862,0.908139534883721,-0.00023255813953488392,0.20554490108468945,0.046511627906976744,0.023255813953488372,0.9767441860465116,-0.010000000000000009,0.0,False,OpenBMI_MI_S1_to_S2,2
PERSIST_META,EXTRA_TREES_D4,1.0,0.0025,0.5,0.908139534883721,0.908139534883721,0.0,0.20554584989102798,0.023255813953488372,0.0,1.0,0.0,0.0,False,OpenBMI_MI_S1_to_S2,2
PERSIST_META,EXTRA_TREES_D4,1.0,0.0025,1.0,0.9079069767441862,0.908139534883721,-0.00023255813953488392,0.2054134580832172,0.023255813953488372,0.023255813953488372,0.9767441860465116,-0.010000000000000009,0.0,False,OpenBMI_MI_S1_to_S2,2
PERSIST_META,EXTRA_TREES_D4,1.0,0.005,0.5,0.908139534883721,0.908139534883721,0.0,0.20568924438892214,0.0,0.0,1.0,0.0,0.0,False,OpenBMI_MI_S1_to_S2,2
PERSIST_META,EXTRA_TREES_D4,1.0,0.005,1.0,0.908139534883721,0.908139534883721,0.0,0.20568924438892214,0.0,0.0,1.0,0.0,0.0,False,OpenBMI_MI_S1_to_S2,2
META_GENERIC,RIDGE_A1,0.0,0.0,0.5,0.9132558139534883,0.911860465116279,0.0013953488372093037,0.19953043863350414,0.8372093023255814,0.18604651162790697,0.813953488372093,-0.020000000000000018,0.0,False,OpenBMI_MI_S1_to_S2,3
META_GENERIC,RIDGE_A1,0.0,0.0,1.0,0.9134883720930232,0.911860465116279,0.0016279069767441848,0.19815408843223148,0.8372093023255814,0.20930232558139536,0.7906976744186046,-0.030000000000000027,0.0,False,OpenBMI_MI_S1_to_S2,3
META_GENERIC,RIDGE_A1,0.0,0.0025,0.5,0.9132558139534883,0.911860465116279,0.0013953488372093037,0.19991315220512462,0.6511627906976745,0.13953488372093023,0.8604651162790697,-0.020000000000000018,0.0,False,OpenBMI_MI_S1_to_S2,3
META_GENERIC,RIDGE_A1,0.0,0.0025,1.0,0.9134883720930232,0.911860465116279,0.0016279069767441848,0.1987672434275876,0.6511627906976745,0.16279069767441862,0.8372093023255814,-0.030000000000000027,0.0,False,OpenBMI_MI_S1_to_S2,3
META_GENERIC,RIDGE_A1,0.0,0.005,0.5,0.9132558139534884,0.911860465116279,0.0013953488372093037,0.20007931977920235,0.5581395348837209,0.11627906976744186,0.8837209302325582,-0.020000000000000018,0.0,False,OpenBMI_MI_S1_to_S2,3
META_GENERIC,RIDGE_A1,0.0,0.005,1.0,0.9134883720930231,0.911860465116279,0.0016279069767441848,0.19904106972465876,0.5581395348837209,0.13953488372093023,0.8604651162790697,-0.030000000000000027,0.0,False,OpenBMI_MI_S1_to_S2,3
META_GENERIC,RIDGE_A1,0.5,0.0,0.5,0.9127906976744186,0.911860465116279,0.0009302325581395357,0.20045848608701583,0.5581395348837209,0.11627906976744186,0.8837209302325582,-0.020000000000000018,0.0,False,OpenBMI_MI_S1_to_S2,3
META_GENERIC,RIDGE_A1,0.5,0.0,1.0,0.9137209302325581,0.911860465116279,0.0018604651162790688,0.1995371831011953,0.5581395348837209,0.13953488372093023,0.8604651162790697,-0.030000000000000027,0.0,False,OpenBMI_MI_S1_to_S2,3
META_GENERIC,RIDGE_A1,0.5,0.0025,0.5,0.9123255813953488,0.911860465116279,0.00046511627906976785,0.2007062882401675,0.3953488372093023,0.09302325581395349,0.9069767441860465,-0.020000000000000018,0.0,False,OpenBMI_MI_S1_to_S2,3
META_GENERIC,RIDGE_A1,0.5,0.0025,1.0,0.9132558139534883,0.911860465116279,0.001395348837209301,0.1998323438070932,0.3953488372093023,0.11627906976744186,0.8837209302325582,-0.030000000000000027,0.0,False,OpenBMI_MI_S1_to_S2,3
META_GENERIC,RIDGE_A1,0.5,0.005,0.5,0.9116279069767441,0.911860465116279,-0.00023255813953488392,0.20111420920690073,0.3488372093023256,0.09302325581395349,0.9069767441860465,-0.020000000000000018,0.0,False,OpenBMI_MI_S1_to_S2,3
META_GENERIC,RIDGE_A1,0.5,0.005,1.0,0.9125581395348837,0.911860465116279,0.0006976744186046492,0.20049723750558013,0.3488372093023256,0.11627906976744186,0.8837209302325582,-0.030000000000000027,0.0,False,OpenBMI_MI_S1_to_S2,3
META_GENERIC,RIDGE_A1,1.0,0.0,0.5,0.9120930232558139,0.911860465116279,0.00023255813953488392,0.20174455319375015,0.3488372093023256,0.09302325581395349,0.9069767441860465,-0.020000000000000018,0.0,False,OpenBMI_MI_S1_to_S2,3
META_GENERIC,RIDGE_A1,1.0,0.0,1.0,0.9120930232558139,0.911860465116279,0.00023255813953488392,0.20135559242994758,0.3488372093023256,0.09302325581395349,0.9069767441860465,-0.030000000000000027,0.0,False,OpenBMI_MI_S1_to_S2,3
META_GENERIC,RIDGE_A1,1.0,0.0025,0.5,0.9123255813953488,0.911860465116279,0.00046511627906976785,0.2018558541348916,0.32558139534883723,0.06976744186046512,0.9302325581395349,-0.020000000000000018,0.0,False,OpenBMI_MI_S1_to_S2,3
META_GENERIC,RIDGE_A1,1.0,0.0025,1.0,0.9123255813953488,0.911860465116279,0.00046511627906976785,0.20156873211970316,0.32558139534883723,0.06976744186046512,0.9302325581395349,-0.030000000000000027,0.0,False,OpenBMI_MI_S1_to_S2,3
META_GENERIC,RIDGE_A1,1.0,0.005,0.5,0.9120930232558138,0.911860465116279,0.00023255813953488392,0.20192753997856255,0.13953488372093023,0.023255813953488372,0.9767441860465116,-0.020000000000000018,0.0,False,OpenBMI_MI_S1_to_S2,3
META_GENERIC,RIDGE_A1,1.0,0.005,1.0,0.9120930232558139,0.911860465116279,0.00023255813953488392,0.20153408106544146,0.13953488372093023,0.023255813953488372,0.9767441860465116,-0.030000000000000027,0.0,False,OpenBMI_MI_S1_to_S2,3
META_GENERIC,RIDGE_A10,0.0,0.0,0.5,0.913720930232558,0.911860465116279,0.0018604651162790714,0.19989093311042694,0.8604651162790697,0.18604651162790697,0.813953488372093,-0.020000000000000018,0.0,False,OpenBMI_MI_S1_to_S2,3
META_GENERIC,RIDGE_A10,0.0,0.0,1.0,0.9134883720930232,0.911860465116279,0.0016279069767441848,0.19847132727466238,0.8604651162790697,0.20930232558139536,0.7906976744186046,-0.030000000000000027,0.0,False,OpenBMI_MI_S1_to_S2,3
META_GENERIC,RIDGE_A10,0.0,0.0025,0.5,0.913720930232558,0.911860465116279,0.0018604651162790714,0.20014843506432026,0.7674418604651163,0.16279069767441862,0.8372093023255814,-0.020000000000000018,0.0,False,OpenBMI_MI_S1_to_S2,3
META_GENERIC,RIDGE_A10,0.0,0.0025,1.0,0.913720930232558,0.911860465116279,0.0018604651162790688,0.1989243388127496,0.7674418604651163,0.18604651162790697,0.813953488372093,-0.030000000000000027,0.0,False,OpenBMI_MI_S1_to_S2,3
META_GENERIC,RIDGE_A10,0.0,0.005,0.5,0.9132558139534883,0.911860465116279,0.0013953488372093037,0.20033012068743922,0.6046511627906976,0.13953488372093023,0.8604651162790697,-0.020000000000000018,0.0,False,OpenBMI_MI_S1_to_S2,3
META_GENERIC,RIDGE_A10,0.0,0.005,1.0,0.9132558139534884,0.911860465116279,0.001395348837209301,0.19920528899888063,0.6046511627906976,0.16279069767441862,0.8372093023255814,-0.030000000000000027,0.0,False,OpenBMI_MI_S1_to_S2,3
META_GENERIC,RIDGE_A10,0.5,0.0,0.5,0.9134883720930231,0.911860465116279,0.0016279069767441874,0.20047624803841443,0.5581395348837209,0.11627906976744186,0.8837209302325582,-0.020000000000000018,0.0,False,OpenBMI_MI_S1_to_S2,3
META_GENERIC,RIDGE_A10,0.5,0.0,1.0,0.9134883720930231,0.911860465116279,0.0016279069767441848,0.19946094672533418,0.5581395348837209,0.13953488372093023,0.8604651162790697,-0.030000000000000027,0.0,False,OpenBMI_MI_S1_to_S2,3
META_GENERIC,RIDGE_A10,0.5,0.0025,0.5,0.9139534883720928,0.911860465116279,0.0020930232558139554,0.20071288815842375,0.4186046511627907,0.06976744186046512,0.9302325581395349,-0.020000000000000018,0.0,False,OpenBMI_MI_S1_to_S2,3
META_GENERIC,RIDGE_A10,0.5,0.0025,1.0,0.9141860465116279,0.911860465116279,0.0023255813953488367,0.19987871529950976,0.4186046511627907,0.06976744186046512,0.9302325581395349,-0.030000000000000027,0.0,True,OpenBMI_MI_S1_to_S2,3
META_GENERIC,RIDGE_A10,0.5,0.005,0.5,0.9123255813953488,0.911860465116279,0.00046511627906976785,0.20094932933176018,0.32558139534883723,0.06976744186046512,0.9302325581395349,-0.020000000000000018,0.0,False,OpenBMI_MI_S1_to_S2,3
META_GENERIC,RIDGE_A10,0.5,0.005,1.0,0.9130232558139535,0.911860465116279,0.001162790697674417,0.20003500547974348,0.32558139534883723,0.06976744186046512,0.9302325581395349,-0.030000000000000027,0.0,False,OpenBMI_MI_S1_to_S2,3
META_GENERIC,RIDGE_A10,1.0,0.0,0.5,0.9127906976744186,0.911860465116279,0.0009302325581395357,0.20168558376658383,0.32558139534883723,0.046511627906976744,0.9534883720930233,-0.020000000000000018,0.0,False,OpenBMI_MI_S1_to_S2,3
META_GENERIC,RIDGE_A10,1.0,0.0,1.0,0.9127906976744186,0.911860465116279,0.0009302325581395357,0.20133127387889962,0.32558139534883723,0.046511627906976744,0.9534883720930233,-0.030000000000000027,0.0,False,OpenBMI_MI_S1_to_S2,3
META_GENERIC,RIDGE_A10,1.0,0.0025,0.5,0.9118604651162789,0.911860465116279,0.0,0.2019375914800418,0.16279069767441862,0.046511627906976744,0.9534883720930233,-0.020000000000000018,0.0,False,OpenBMI_MI_S1_to_S2,3
META_GENERIC,RIDGE_A10,1.0,0.0025,1.0,0.911860465116279,0.911860465116279,0.0,0.20156845652604302,0.16279069767441862,0.046511627906976744,0.9534883720930233,-0.030000000000000027,0.0,False,OpenBMI_MI_S1_to_S2,3
META_GENERIC,RIDGE_A10,1.0,0.005,0.5,0.9123255813953488,0.911860465116279,0.00046511627906976785,0.20185211299919975,0.13953488372093023,0.023255813953488372,0.9767441860465116,-0.010000000000000009,0.0,False,OpenBMI_MI_S1_to_S2,3
META_GENERIC,RIDGE_A10,1.0,0.005,1.0,0.9125581395348837,0.911860465116279,0.0006976744186046518,0.20136310505026248,0.13953488372093023,0.023255813953488372,0.9767441860465116,-0.010000000000000009,0.0,False,OpenBMI_MI_S1_to_S2,3
META_GENERIC,EXTRA_TREES_D4,0.0,0.0,0.5,0.9130232558139535,0.911860465116279,0.001162790697674417,0.20160889280784652,0.6046511627906976,0.13953488372093023,0.8604651162790697,-0.020000000000000018,0.0,False,OpenBMI_MI_S1_to_S2,3
META_GENERIC,EXTRA_TREES_D4,0.0,0.0,1.0,0.9123255813953488,0.911860465116279,0.0004651162790697627,0.20177595939257623,0.6046511627906976,0.16279069767441862,0.8372093023255814,-0.030000000000000027,0.0,False,OpenBMI_MI_S1_to_S2,3
META_GENERIC,EXTRA_TREES_D4,0.0,0.0025,0.5,0.9123255813953488,0.911860465116279,0.00046511627906976785,0.2025382157242511,0.16279069767441862,0.023255813953488372,0.9767441860465116,-0.020000000000000018,0.0,False,OpenBMI_MI_S1_to_S2,3
META_GENERIC,EXTRA_TREES_D4,0.0,0.0025,1.0,0.9123255813953488,0.911860465116279,0.00046511627906976785,0.2029733050013167,0.16279069767441862,0.023255813953488372,0.9767441860465116,-0.030000000000000027,0.0,False,OpenBMI_MI_S1_to_S2,3
META_GENERIC,EXTRA_TREES_D4,0.0,0.005,0.5,0.911860465116279,0.911860465116279,0.0,0.20246508595970517,0.0,0.0,1.0,0.0,0.0,False,OpenBMI_MI_S1_to_S2,3
META_GENERIC,EXTRA_TREES_D4,0.0,0.005,1.0,0.911860465116279,0.911860465116279,0.0,0.20246508595970517,0.0,0.0,1.0,0.0,0.0,False,OpenBMI_MI_S1_to_S2,3
META_GENERIC,EXTRA_TREES_D4,0.5,0.0,0.5,0.911860465116279,0.911860465116279,0.0,0.20246508595970517,0.0,0.0,1.0,0.0,0.0,False,OpenBMI_MI_S1_to_S2,3
META_GENERIC,EXTRA_TREES_D4,0.5,0.0,1.0,0.911860465116279,0.911860465116279,0.0,0.20246508595970517,0.0,0.0,1.0,0.0,0.0,False,OpenBMI_MI_S1_to_S2,3
META_GENERIC,EXTRA_TREES_D4,0.5,0.0025,0.5,0.911860465116279,0.911860465116279,0.0,0.20246508595970517,0.0,0.0,1.0,0.0,0.0,False,OpenBMI_MI_S1_to_S2,3
META_GENERIC,EXTRA_TREES_D4,0.5,0.0025,1.0,0.911860465116279,0.911860465116279,0.0,0.20246508595970517,0.0,0.0,1.0,0.0,0.0,False,OpenBMI_MI_S1_to_S2,3
META_GENERIC,EXTRA_TREES_D4,0.5,0.005,0.5,0.911860465116279,0.911860465116279,0.0,0.20246508595970517,0.0,0.0,1.0,0.0,0.0,False,OpenBMI_MI_S1_to_S2,3
META_GENERIC,EXTRA_TREES_D4,0.5,0.005,1.0,0.911860465116279,0.911860465116279,0.0,0.20246508595970517,0.0,0.0,1.0,0.0,0.0,False,OpenBMI_MI_S1_to_S2,3
META_GENERIC,EXTRA_TREES_D4,1.0,0.0,0.5,0.911860465116279,0.911860465116279,0.0,0.20246508595970517,0.0,0.0,1.0,0.0,0.0,False,OpenBMI_MI_S1_to_S2,3
META_GENERIC,EXTRA_TREES_D4,1.0,0.0,1.0,0.911860465116279,0.911860465116279,0.0,0.20246508595970517,0.0,0.0,1.0,0.0,0.0,False,OpenBMI_MI_S1_to_S2,3
META_GENERIC,EXTRA_TREES_D4,1.0,0.0025,0.5,0.911860465116279,0.911860465116279,0.0,0.20246508595970517,0.0,0.0,1.0,0.0,0.0,False,OpenBMI_MI_S1_to_S2,3
META_GENERIC,EXTRA_TREES_D4,1.0,0.0025,1.0,0.911860465116279,0.911860465116279,0.0,0.20246508595970517,0.0,0.0,1.0,0.0,0.0,False,OpenBMI_MI_S1_to_S2,3
META_GENERIC,EXTRA_TREES_D4,1.0,0.005,0.5,0.911860465116279,0.911860465116279,0.0,0.20246508595970517,0.0,0.0,1.0,0.0,0.0,False,OpenBMI_MI_S1_to_S2,3
META_GENERIC,EXTRA_TREES_D4,1.0,0.005,1.0,0.911860465116279,0.911860465116279,0.0,0.20246508595970517,0.0,0.0,1.0,0.0,0.0,False,OpenBMI_MI_S1_to_S2,3
PERSIST_META,RIDGE_A1,0.0,0.0,0.5,0.9141860465116278,0.911860465116279,0.0023255813953488367,0.19945794023602179,0.9534883720930233,0.20930232558139536,0.7906976744186046,-0.020000000000000018,0.0,False,OpenBMI_MI_S1_to_S2,3
PERSIST_META,RIDGE_A1,0.0,0.0,1.0,0.9146511627906976,0.911860465116279,0.002790697674418602,0.19801839410498837,0.9534883720930233,0.20930232558139536,0.7906976744186046,-0.030000000000000027,0.0,False,OpenBMI_MI_S1_to_S2,3
PERSIST_META,RIDGE_A1,0.0,0.0025,0.5,0.913720930232558,0.911860465116279,0.0018604651162790688,0.19969743552184135,0.9069767441860465,0.20930232558139536,0.7906976744186046,-0.020000000000000018,0.0,False,OpenBMI_MI_S1_to_S2,3
PERSIST_META,RIDGE_A1,0.0,0.0025,1.0,0.9139534883720931,0.911860465116279,0.00209302325581395,0.1984010336396458,0.9069767441860465,0.20930232558139536,0.7906976744186046,-0.030000000000000027,0.0,False,OpenBMI_MI_S1_to_S2,3
PERSIST_META,RIDGE_A1,0.0,0.005,0.5,0.9125581395348836,0.911860465116279,0.0006976744186046492,0.19997029223379578,0.6744186046511628,0.18604651162790697,0.813953488372093,-0.020000000000000018,0.0,False,OpenBMI_MI_S1_to_S2,3
PERSIST_META,RIDGE_A1,0.0,0.005,1.0,0.9125581395348837,0.911860465116279,0.0006976744186046466,0.19855490729826777,0.6744186046511628,0.18604651162790697,0.813953488372093,-0.030000000000000027,0.0,False,OpenBMI_MI_S1_to_S2,3
PERSIST_META,RIDGE_A1,0.5,0.0,0.5,0.9123255813953488,0.911860465116279,0.00046511627906976785,0.20077640971854677,0.5581395348837209,0.16279069767441862,0.8372093023255814,-0.020000000000000018,0.0,False,OpenBMI_MI_S1_to_S2,3
PERSIST_META,RIDGE_A1,0.5,0.0,1.0,0.9123255813953489,0.911860465116279,0.0004651162790697653,0.19971470339965022,0.5581395348837209,0.18604651162790697,0.813953488372093,-0.030000000000000027,0.0,False,OpenBMI_MI_S1_to_S2,3
PERSIST_META,RIDGE_A1,0.5,0.0025,0.5,0.9125581395348837,0.911860465116279,0.0006976744186046518,0.20146019017242536,0.3023255813953488,0.06976744186046512,0.9302325581395349,-0.020000000000000018,0.0,False,OpenBMI_MI_S1_to_S2,3
PERSIST_META,RIDGE_A1,0.5,0.0025,1.0,0.9130232558139536,0.911860465116279,0.0011627906976744197,0.20081393854004598,0.3023255813953488,0.06976744186046512,0.9302325581395349,-0.030000000000000027,0.0,False,OpenBMI_MI_S1_to_S2,3
PERSIST_META,RIDGE_A1,0.5,0.005,0.5,0.911860465116279,0.911860465116279,0.0,0.20211620097104444,0.06976744186046512,0.023255813953488372,0.9767441860465116,-0.020000000000000018,0.0,False,OpenBMI_MI_S1_to_S2,3
PERSIST_META,RIDGE_A1,0.5,0.005,1.0,0.9116279069767442,0.911860465116279,-0.00023255813953488392,0.20186395930653808,0.06976744186046512,0.023255813953488372,0.9767441860465116,-0.030000000000000027,0.0,False,OpenBMI_MI_S1_to_S2,3
PERSIST_META,RIDGE_A1,1.0,0.0,0.5,0.9118604651162789,0.911860465116279,0.0,0.20213541125649748,0.11627906976744186,0.023255813953488372,0.9767441860465116,-0.020000000000000018,0.0,False,OpenBMI_MI_S1_to_S2,3
PERSIST_META,RIDGE_A1,1.0,0.0,1.0,0.911860465116279,0.911860465116279,0.0,0.20190135365910652,0.11627906976744186,0.023255813953488372,0.9767441860465116,-0.030000000000000027,0.0,False,OpenBMI_MI_S1_to_S2,3
PERSIST_META,RIDGE_A1,1.0,0.0025,0.5,0.911860465116279,0.911860465116279,0.0,0.20246508595970517,0.0,0.0,1.0,0.0,0.0,False,OpenBMI_MI_S1_to_S2,3
PERSIST_META,RIDGE_A1,1.0,0.0025,1.0,0.911860465116279,0.911860465116279,0.0,0.20246508595970517,0.0,0.0,1.0,0.0,0.0,False,OpenBMI_MI_S1_to_S2,3
PERSIST_META,RIDGE_A1,1.0,0.005,0.5,0.911860465116279,0.911860465116279,0.0,0.20246508595970517,0.0,0.0,1.0,0.0,0.0,False,OpenBMI_MI_S1_to_S2,3
PERSIST_META,RIDGE_A1,1.0,0.005,1.0,0.911860465116279,0.911860465116279,0.0,0.20246508595970517,0.0,0.0,1.0,0.0,0.0,False,OpenBMI_MI_S1_to_S2,3
PERSIST_META,RIDGE_A10,0.0,0.0,0.5,0.9130232558139535,0.911860465116279,0.001162790697674417,0.1998928233500734,0.9069767441860465,0.20930232558139536,0.7906976744186046,-0.020000000000000018,0.0,False,OpenBMI_MI_S1_to_S2,3
PERSIST_META,RIDGE_A10,0.0,0.0,1.0,0.9127906976744186,0.911860465116279,0.0009302325581395331,0.19881193173946202,0.9069767441860465,0.23255813953488372,0.7674418604651163,-0.030000000000000027,0.0,False,OpenBMI_MI_S1_to_S2,3
PERSIST_META,RIDGE_A10,0.0,0.0025,0.5,0.9123255813953488,0.911860465116279,0.0004651162790697653,0.19999606462286348,0.7674418604651163,0.20930232558139536,0.7906976744186046,-0.020000000000000018,0.0,False,OpenBMI_MI_S1_to_S2,3
PERSIST_META,RIDGE_A10,0.0,0.0025,1.0,0.9120930232558139,0.911860465116279,0.00023255813953488135,0.1988703603900556,0.7674418604651163,0.23255813953488372,0.7674418604651163,-0.030000000000000027,0.0,False,OpenBMI_MI_S1_to_S2,3
PERSIST_META,RIDGE_A10,0.0,0.005,0.5,0.9125581395348837,0.911860465116279,0.0006976744186046492,0.2000164767726816,0.627906976744186,0.18604651162790697,0.813953488372093,-0.020000000000000018,0.0,False,OpenBMI_MI_S1_to_S2,3
PERSIST_META,RIDGE_A10,0.0,0.005,1.0,0.9130232558139535,0.911860465116279,0.0011627906976744145,0.19871602426023133,0.627906976744186,0.18604651162790697,0.813953488372093,-0.030000000000000027,0.0,False,OpenBMI_MI_S1_to_S2,3
PERSIST_META,RIDGE_A10,0.5,0.0,0.5,0.9116279069767441,0.911860465116279,-0.00023255813953488392,0.20045894160206232,0.5813953488372093,0.18604651162790697,0.813953488372093,-0.020000000000000018,0.0,False,OpenBMI_MI_S1_to_S2,3
PERSIST_META,RIDGE_A10,0.5,0.0,1.0,0.9130232558139536,0.911860465116279,0.0011627906976744145,0.19923534996605083,0.5813953488372093,0.18604651162790697,0.813953488372093,-0.030000000000000027,0.0,False,OpenBMI_MI_S1_to_S2,3
PERSIST_META,RIDGE_A10,0.5,0.0025,0.5,0.9123255813953488,0.911860465116279,0.00046511627906976785,0.20127826473141558,0.3488372093023256,0.09302325581395349,0.9069767441860465,-0.020000000000000018,0.0,False,OpenBMI_MI_S1_to_S2,3
PERSIST_META,RIDGE_A10,0.5,0.0025,1.0,0.9130232558139536,0.911860465116279,0.001162790697674417,0.20066670395835423,0.3488372093023256,0.09302325581395349,0.9069767441860465,-0.030000000000000027,0.0,False,OpenBMI_MI_S1_to_S2,3
PERSIST_META,RIDGE_A10,0.5,0.005,0.5,0.911860465116279,0.911860465116279,0.0,0.20137028279153973,0.20930232558139536,0.06976744186046512,0.9302325581395349,-0.020000000000000018,0.0,False,OpenBMI_MI_S1_to_S2,3
PERSIST_META,RIDGE_A10,0.5,0.005,1.0,0.9125581395348837,0.911860465116279,0.0006976744186046492,0.20066064718752655,0.20930232558139536,0.06976744186046512,0.9302325581395349,-0.030000000000000027,0.0,False,OpenBMI_MI_S1_to_S2,3
PERSIST_META,RIDGE_A10,1.0,0.0,0.5,0.9123255813953488,0.911860465116279,0.00046511627906976785,0.20180326221910733,0.23255813953488372,0.046511627906976744,0.9534883720930233,-0.020000000000000018,0.0,False,OpenBMI_MI_S1_to_S2,3
PERSIST_META,RIDGE_A10,1.0,0.0,1.0,0.9125581395348837,0.911860465116279,0.0006976744186046518,0.201386287547722,0.23255813953488372,0.046511627906976744,0.9534883720930233,-0.030000000000000027,0.0,False,OpenBMI_MI_S1_to_S2,3
PERSIST_META,RIDGE_A10,1.0,0.0025,0.5,0.9118604651162789,0.911860465116279,0.0,0.2017273539358721,0.16279069767441862,0.046511627906976744,0.9534883720930233,-0.020000000000000018,0.0,False,OpenBMI_MI_S1_to_S2,3
PERSIST_META,RIDGE_A10,1.0,0.0025,1.0,0.9123255813953489,0.911860465116279,0.00046511627906976785,0.2011485786124562,0.16279069767441862,0.046511627906976744,0.9534883720930233,-0.030000000000000027,0.0,False,OpenBMI_MI_S1_to_S2,3
PERSIST_META,RIDGE_A10,1.0,0.005,0.5,0.9116279069767441,0.911860465116279,-0.00023255813953488392,0.20233824109980872,0.06976744186046512,0.023255813953488372,0.9767441860465116,-0.020000000000000018,0.0,False,OpenBMI_MI_S1_to_S2,3
PERSIST_META,RIDGE_A10,1.0,0.005,1.0,0.9116279069767442,0.911860465116279,-0.00023255813953488392,0.20229136252624733,0.06976744186046512,0.023255813953488372,0.9767441860465116,-0.030000000000000027,0.0,False,OpenBMI_MI_S1_to_S2,3
PERSIST_META,EXTRA_TREES_D4,0.0,0.0,0.5,0.9146511627906976,0.911860465116279,0.0027906976744186047,0.20114736341269326,0.6744186046511628,0.11627906976744186,0.8837209302325582,-0.020000000000000018,0.0,True,OpenBMI_MI_S1_to_S2,3
PERSIST_META,EXTRA_TREES_D4,0.0,0.0,1.0,0.9125581395348837,0.911860465116279,0.0006976744186046466,0.2016014360442998,0.6744186046511628,0.16279069767441862,0.8372093023255814,-0.030000000000000027,0.0,False,OpenBMI_MI_S1_to_S2,3
PERSIST_META,EXTRA_TREES_D4,0.0,0.0025,0.5,0.9120930232558139,0.911860465116279,0.00023255813953488392,0.20244199955869271,0.13953488372093023,0.046511627906976744,0.9534883720930233,-0.020000000000000018,0.0,False,OpenBMI_MI_S1_to_S2,3
PERSIST_META,EXTRA_TREES_D4,0.0,0.0025,1.0,0.9111627906976744,0.911860465116279,-0.0006976744186046543,0.20301185386832526,0.13953488372093023,0.046511627906976744,0.9534883720930233,-0.030000000000000027,0.0,False,OpenBMI_MI_S1_to_S2,3
PERSIST_META,EXTRA_TREES_D4,0.0,0.005,0.5,0.911860465116279,0.911860465116279,0.0,0.20246508595970517,0.0,0.0,1.0,0.0,0.0,False,OpenBMI_MI_S1_to_S2,3
PERSIST_META,EXTRA_TREES_D4,0.0,0.005,1.0,0.911860465116279,0.911860465116279,0.0,0.20246508595970517,0.0,0.0,1.0,0.0,0.0,False,OpenBMI_MI_S1_to_S2,3
PERSIST_META,EXTRA_TREES_D4,0.5,0.0,0.5,0.911860465116279,0.911860465116279,0.0,0.20246508595970517,0.0,0.0,1.0,0.0,0.0,False,OpenBMI_MI_S1_to_S2,3
PERSIST_META,EXTRA_TREES_D4,0.5,0.0,1.0,0.911860465116279,0.911860465116279,0.0,0.20246508595970517,0.0,0.0,1.0,0.0,0.0,False,OpenBMI_MI_S1_to_S2,3
PERSIST_META,EXTRA_TREES_D4,0.5,0.0025,0.5,0.911860465116279,0.911860465116279,0.0,0.20246508595970517,0.0,0.0,1.0,0.0,0.0,False,OpenBMI_MI_S1_to_S2,3
PERSIST_META,EXTRA_TREES_D4,0.5,0.0025,1.0,0.911860465116279,0.911860465116279,0.0,0.20246508595970517,0.0,0.0,1.0,0.0,0.0,False,OpenBMI_MI_S1_to_S2,3
PERSIST_META,EXTRA_TREES_D4,0.5,0.005,0.5,0.911860465116279,0.911860465116279,0.0,0.20246508595970517,0.0,0.0,1.0,0.0,0.0,False,OpenBMI_MI_S1_to_S2,3
PERSIST_META,EXTRA_TREES_D4,0.5,0.005,1.0,0.911860465116279,0.911860465116279,0.0,0.20246508595970517,0.0,0.0,1.0,0.0,0.0,False,OpenBMI_MI_S1_to_S2,3
PERSIST_META,EXTRA_TREES_D4,1.0,0.0,0.5,0.911860465116279,0.911860465116279,0.0,0.20246508595970517,0.0,0.0,1.0,0.0,0.0,False,OpenBMI_MI_S1_to_S2,3
PERSIST_META,EXTRA_TREES_D4,1.0,0.0,1.0,0.911860465116279,0.911860465116279,0.0,0.20246508595970517,0.0,0.0,1.0,0.0,0.0,False,OpenBMI_MI_S1_to_S2,3
PERSIST_META,EXTRA_TREES_D4,1.0,0.0025,0.5,0.911860465116279,0.911860465116279,0.0,0.20246508595970517,0.0,0.0,1.0,0.0,0.0,False,OpenBMI_MI_S1_to_S2,3
PERSIST_META,EXTRA_TREES_D4,1.0,0.0025,1.0,0.911860465116279,0.911860465116279,0.0,0.20246508595970517,0.0,0.0,1.0,0.0,0.0,False,OpenBMI_MI_S1_to_S2,3
PERSIST_META,EXTRA_TREES_D4,1.0,0.005,0.5,0.911860465116279,0.911860465116279,0.0,0.20246508595970517,0.0,0.0,1.0,0.0,0.0,False,OpenBMI_MI_S1_to_S2,3
PERSIST_META,EXTRA_TREES_D4,1.0,0.005,1.0,0.911860465116279,0.911860465116279,0.0,0.20246508595970517,0.0,0.0,1.0,0.0,0.0,False,OpenBMI_MI_S1_to_S2,3
META_GENERIC,RIDGE_A1,0.0,0.0,0.5,0.9663636363636364,0.9663636363636364,0.0,0.09087258031082865,0.6818181818181818,0.022727272727272728,0.9772727272727273,-0.010000000000000009,0.0,False,OpenBMI_MI_S1_to_S2,4
META_GENERIC,RIDGE_A1,0.0,0.0,1.0,0.9663636363636364,0.9663636363636364,0.0,0.09080330579462509,0.6818181818181818,0.09090909090909091,0.9090909090909091,-0.010000000000000009,0.0,False,OpenBMI_MI_S1_to_S2,4
META_GENERIC,RIDGE_A1,0.0,0.0025,0.5,0.9663636363636364,0.9663636363636364,0.0,0.09087258031082865,0.6818181818181818,0.022727272727272728,0.9772727272727273,-0.010000000000000009,0.0,False,OpenBMI_MI_S1_to_S2,4
META_GENERIC,RIDGE_A1,0.0,0.0025,1.0,0.9663636363636364,0.9663636363636364,0.0,0.09080330579462509,0.6818181818181818,0.09090909090909091,0.9090909090909091,-0.010000000000000009,0.0,False,OpenBMI_MI_S1_to_S2,4
META_GENERIC,RIDGE_A1,0.0,0.005,0.5,0.9663636363636364,0.9663636363636364,0.0,0.09138604173404087,0.5227272727272727,0.022727272727272728,0.9772727272727273,-0.010000000000000009,0.0,False,OpenBMI_MI_S1_to_S2,4
META_GENERIC,RIDGE_A1,0.0,0.005,1.0,0.9659090909090909,0.9663636363636364,-0.0004545454545454549,0.09166778627473633,0.5227272727272727,0.09090909090909091,0.9090909090909091,-0.010000000000000009,0.0,False,OpenBMI_MI_S1_to_S2,4
META_GENERIC,RIDGE_A1,0.5,0.0,0.5,0.9665909090909093,0.9663636363636364,0.00022727272727272746,0.09128202995981466,0.6136363636363636,0.022727272727272728,0.9772727272727273,-0.010000000000000009,0.0,False,OpenBMI_MI_S1_to_S2,4
META_GENERIC,RIDGE_A1,0.5,0.0,1.0,0.9661363636363639,0.9663636363636364,-0.00022727272727272746,0.09127380792196017,0.6136363636363636,0.045454545454545456,0.9545454545454546,-0.010000000000000009,0.0,False,OpenBMI_MI_S1_to_S2,4
META_GENERIC,RIDGE_A1,0.5,0.0025,0.5,0.9665909090909093,0.9663636363636364,0.00022727272727272746,0.09139198077398379,0.3181818181818182,0.022727272727272728,0.9772727272727273,-0.010000000000000009,0.0,False,OpenBMI_MI_S1_to_S2,4
META_GENERIC,RIDGE_A1,0.5,0.0025,1.0,0.9661363636363639,0.9663636363636364,-0.00022727272727272746,0.09137002105702026,0.3181818181818182,0.045454545454545456,0.9545454545454546,-0.010000000000000009,0.0,False,OpenBMI_MI_S1_to_S2,4
META_GENERIC,RIDGE_A1,0.5,0.005,0.5,0.9665909090909093,0.9663636363636364,0.00022727272727272746,0.0915228919175469,0.06818181818181818,0.0,1.0,0.0,0.0,False,OpenBMI_MI_S1_to_S2,4
META_GENERIC,RIDGE_A1,0.5,0.005,1.0,0.9665909090909093,0.9663636363636364,0.00022727272727272746,0.09147789677411601,0.06818181818181818,0.0,1.0,0.0,0.0,False,OpenBMI_MI_S1_to_S2,4
META_GENERIC,RIDGE_A1,1.0,0.0,0.5,0.9665909090909093,0.9663636363636364,0.00022727272727272746,0.09132356926628402,0.25,0.022727272727272728,0.9772727272727273,-0.010000000000000009,0.0,False,OpenBMI_MI_S1_to_S2,4
META_GENERIC,RIDGE_A1,1.0,0.0,1.0,0.9661363636363639,0.9663636363636364,-0.00022727272727272746,0.0911294826283993,0.25,0.045454545454545456,0.9545454545454546,-0.010000000000000009,0.0,False,OpenBMI_MI_S1_to_S2,4
META_GENERIC,RIDGE_A1,1.0,0.0025,0.5,0.9665909090909093,0.9663636363636364,0.00022727272727272746,0.09154551759201025,0.06818181818181818,0.0,1.0,0.0,0.0,False,OpenBMI_MI_S1_to_S2,4
META_GENERIC,RIDGE_A1,1.0,0.0025,1.0,0.9665909090909093,0.9663636363636364,0.00022727272727272746,0.09149451838701647,0.06818181818181818,0.0,1.0,0.0,0.0,False,OpenBMI_MI_S1_to_S2,4
META_GENERIC,RIDGE_A1,1.0,0.005,0.5,0.9663636363636364,0.9663636363636364,0.0,0.09161704576900123,0.0,0.0,1.0,0.0,0.0,False,OpenBMI_MI_S1_to_S2,4
META_GENERIC,RIDGE_A1,1.0,0.005,1.0,0.9663636363636364,0.9663636363636364,0.0,0.09161704576900123,0.0,0.0,1.0,0.0,0.0,False,OpenBMI_MI_S1_to_S2,4
META_GENERIC,RIDGE_A10,0.0,0.0,0.5,0.9661363636363639,0.9663636363636364,-0.00022727272727272746,0.0908724495156482,0.7045454545454546,0.045454545454545456,0.9545454545454546,-0.010000000000000009,0.0,False,OpenBMI_MI_S1_to_S2,4
META_GENERIC,RIDGE_A10,0.0,0.0,1.0,0.9663636363636364,0.9663636363636364,0.0,0.09081195910834725,0.7045454545454546,0.09090909090909091,0.9090909090909091,-0.010000000000000009,0.0,False,OpenBMI_MI_S1_to_S2,4
META_GENERIC,RIDGE_A10,0.0,0.0025,0.5,0.9661363636363639,0.9663636363636364,-0.00022727272727272746,0.09095018535636407,0.6590909090909091,0.045454545454545456,0.9545454545454546,-0.010000000000000009,0.0,False,OpenBMI_MI_S1_to_S2,4
META_GENERIC,RIDGE_A10,0.0,0.0025,1.0,0.9663636363636364,0.9663636363636364,0.0,0.09094077825940898,0.6590909090909091,0.09090909090909091,0.9090909090909091,-0.010000000000000009,0.0,False,OpenBMI_MI_S1_to_S2,4
META_GENERIC,RIDGE_A10,0.0,0.005,0.5,0.9661363636363639,0.9663636363636364,-0.00022727272727272746,0.09157461244496563,0.4090909090909091,0.045454545454545456,0.9545454545454546,-0.010000000000000009,0.0,False,OpenBMI_MI_S1_to_S2,4
META_GENERIC,RIDGE_A10,0.0,0.005,1.0,0.965909090909091,0.9663636363636364,-0.0004545454545454549,0.09189257884181606,0.4090909090909091,0.06818181818181818,0.9318181818181818,-0.010000000000000009,0.0,False,OpenBMI_MI_S1_to_S2,4
META_GENERIC,RIDGE_A10,0.5,0.0,0.5,0.9665909090909093,0.9663636363636364,0.00022727272727272746,0.09138514418885149,0.6136363636363636,0.022727272727272728,0.9772727272727273,-0.010000000000000009,0.0,False,OpenBMI_MI_S1_to_S2,4
META_GENERIC,RIDGE_A10,0.5,0.0,1.0,0.9661363636363639,0.9663636363636364,-0.00022727272727272746,0.09140656761207722,0.6136363636363636,0.045454545454545456,0.9545454545454546,-0.010000000000000009,0.0,False,OpenBMI_MI_S1_to_S2,4
META_GENERIC,RIDGE_A10,0.5,0.0025,0.5,0.9668181818181819,0.9663636363636364,0.0004545454545454549,0.0914852230196349,0.18181818181818182,0.0,1.0,0.0,0.0,True,OpenBMI_MI_S1_to_S2,4
META_GENERIC,RIDGE_A10,0.5,0.0025,1.0,0.9663636363636364,0.9663636363636364,0.0,0.09143258226148752,0.18181818181818182,0.022727272727272728,0.9772727272727273,-0.010000000000000009,0.0,False,OpenBMI_MI_S1_to_S2,4
META_GENERIC,RIDGE_A10,0.5,0.005,0.5,0.9663636363636364,0.9663636363636364,0.0,0.09163309899701616,0.022727272727272728,0.0,1.0,0.0,0.0,False,OpenBMI_MI_S1_to_S2,4
META_GENERIC,RIDGE_A10,0.5,0.005,1.0,0.9663636363636364,0.9663636363636364,0.0,0.09165049401744609,0.022727272727272728,0.0,1.0,0.0,0.0,False,OpenBMI_MI_S1_to_S2,4
META_GENERIC,RIDGE_A10,1.0,0.0,0.5,0.9668181818181819,0.9663636363636364,0.0004545454545454549,0.09147204880669797,0.20454545454545456,0.0,1.0,0.0,0.0,False,OpenBMI_MI_S1_to_S2,4
META_GENERIC,RIDGE_A10,1.0,0.0,1.0,0.9663636363636364,0.9663636363636364,0.0,0.09140849128361653,0.20454545454545456,0.022727272727272728,0.9772727272727273,-0.010000000000000009,0.0,False,OpenBMI_MI_S1_to_S2,4
META_GENERIC,RIDGE_A10,1.0,0.0025,0.5,0.9663636363636364,0.9663636363636364,0.0,0.09163309899701616,0.022727272727272728,0.0,1.0,0.0,0.0,False,OpenBMI_MI_S1_to_S2,4
META_GENERIC,RIDGE_A10,1.0,0.0025,1.0,0.9663636363636364,0.9663636363636364,0.0,0.09165049401744609,0.022727272727272728,0.0,1.0,0.0,0.0,False,OpenBMI_MI_S1_to_S2,4
META_GENERIC,RIDGE_A10,1.0,0.005,0.5,0.9663636363636364,0.9663636363636364,0.0,0.09161704576900123,0.0,0.0,1.0,0.0,0.0,False,OpenBMI_MI_S1_to_S2,4
META_GENERIC,RIDGE_A10,1.0,0.005,1.0,0.9663636363636364,0.9663636363636364,0.0,0.09161704576900123,0.0,0.0,1.0,0.0,0.0,False,OpenBMI_MI_S1_to_S2,4
META_GENERIC,EXTRA_TREES_D4,0.0,0.0,0.5,0.9663636363636364,0.9663636363636364,0.0,0.09161704576900123,0.0,0.0,1.0,0.0,0.0,False,OpenBMI_MI_S1_to_S2,4
META_GENERIC,EXTRA_TREES_D4,0.0,0.0,1.0,0.9663636363636364,0.9663636363636364,0.0,0.09161704576900123,0.0,0.0,1.0,0.0,0.0,False,OpenBMI_MI_S1_to_S2,4
META_GENERIC,EXTRA_TREES_D4,0.0,0.0025,0.5,0.9663636363636364,0.9663636363636364,0.0,0.09161704576900123,0.0,0.0,1.0,0.0,0.0,False,OpenBMI_MI_S1_to_S2,4
META_GENERIC,EXTRA_TREES_D4,0.0,0.0025,1.0,0.9663636363636364,0.9663636363636364,0.0,0.09161704576900123,0.0,0.0,1.0,0.0,0.0,False,OpenBMI_MI_S1_to_S2,4
META_GENERIC,EXTRA_TREES_D4,0.0,0.005,0.5,0.9663636363636364,0.9663636363636364,0.0,0.09161704576900123,0.0,0.0,1.0,0.0,0.0,False,OpenBMI_MI_S1_to_S2,4
META_GENERIC,EXTRA_TREES_D4,0.0,0.005,1.0,0.9663636363636364,0.9663636363636364,0.0,0.09161704576900123,0.0,0.0,1.0,0.0,0.0,False,OpenBMI_MI_S1_to_S2,4
META_GENERIC,EXTRA_TREES_D4,0.5,0.0,0.5,0.9663636363636364,0.9663636363636364,0.0,0.09161704576900123,0.0,0.0,1.0,0.0,0.0,False,OpenBMI_MI_S1_to_S2,4
META_GENERIC,EXTRA_TREES_D4,0.5,0.0,1.0,0.9663636363636364,0.9663636363636364,0.0,0.09161704576900123,0.0,0.0,1.0,0.0,0.0,False,OpenBMI_MI_S1_to_S2,4
META_GENERIC,EXTRA_TREES_D4,0.5,0.0025,0.5,0.9663636363636364,0.9663636363636364,0.0,0.09161704576900123,0.0,0.0,1.0,0.0,0.0,False,OpenBMI_MI_S1_to_S2,4
META_GENERIC,EXTRA_TREES_D4,0.5,0.0025,1.0,0.9663636363636364,0.9663636363636364,0.0,0.09161704576900123,0.0,0.0,1.0,0.0,0.0,False,OpenBMI_MI_S1_to_S2,4
META_GENERIC,EXTRA_TREES_D4,0.5,0.005,0.5,0.9663636363636364,0.9663636363636364,0.0,0.09161704576900123,0.0,0.0,1.0,0.0,0.0,False,OpenBMI_MI_S1_to_S2,4
META_GENERIC,EXTRA_TREES_D4,0.5,0.005,1.0,0.9663636363636364,0.9663636363636364,0.0,0.09161704576900123,0.0,0.0,1.0,0.0,0.0,False,OpenBMI_MI_S1_to_S2,4
META_GENERIC,EXTRA_TREES_D4,1.0,0.0,0.5,0.9663636363636364,0.9663636363636364,0.0,0.09161704576900123,0.0,0.0,1.0,0.0,0.0,False,OpenBMI_MI_S1_to_S2,4
META_GENERIC,EXTRA_TREES_D4,1.0,0.0,1.0,0.9663636363636364,0.9663636363636364,0.0,0.09161704576900123,0.0,0.0,1.0,0.0,0.0,False,OpenBMI_MI_S1_to_S2,4
META_GENERIC,EXTRA_TREES_D4,1.0,0.0025,0.5,0.9663636363636364,0.9663636363636364,0.0,0.09161704576900123,0.0,0.0,1.0,0.0,0.0,False,OpenBMI_MI_S1_to_S2,4
META_GENERIC,EXTRA_TREES_D4,1.0,0.0025,1.0,0.9663636363636364,0.9663636363636364,0.0,0.09161704576900123,0.0,0.0,1.0,0.0,0.0,False,OpenBMI_MI_S1_to_S2,4
META_GENERIC,EXTRA_TREES_D4,1.0,0.005,0.5,0.9663636363636364,0.9663636363636364,0.0,0.09161704576900123,0.0,0.0,1.0,0.0,0.0,False,OpenBMI_MI_S1_to_S2,4
META_GENERIC,EXTRA_TREES_D4,1.0,0.005,1.0,0.9663636363636364,0.9663636363636364,0.0,0.09161704576900123,0.0,0.0,1.0,0.0,0.0,False,OpenBMI_MI_S1_to_S2,4
PERSIST_META,RIDGE_A1,0.0,0.0,0.5,0.9668181818181819,0.9663636363636364,0.0004545454545454549,0.09149055834088796,0.7272727272727273,0.022727272727272728,0.9772727272727273,-0.010000000000000009,0.0,False,OpenBMI_MI_S1_to_S2,4
PERSIST_META,RIDGE_A1,0.0,0.0,1.0,0.9665909090909092,0.9663636363636364,0.00022727272727272746,0.09198937870499678,0.7272727272727273,0.06818181818181818,0.9318181818181818,-0.010000000000000009,0.0,False,OpenBMI_MI_S1_to_S2,4
PERSIST_META,RIDGE_A1,0.0,0.0025,0.5,0.9665909090909093,0.9663636363636364,0.00022727272727272746,0.09158722562057385,0.45454545454545453,0.022727272727272728,0.9772727272727273,-0.010000000000000009,0.0,False,OpenBMI_MI_S1_to_S2,4
PERSIST_META,RIDGE_A1,0.0,0.0025,1.0,0.9665909090909093,0.9663636363636364,0.00022727272727272746,0.09178911000319202,0.45454545454545453,0.022727272727272728,0.9772727272727273,-0.010000000000000009,0.0,False,OpenBMI_MI_S1_to_S2,4
PERSIST_META,RIDGE_A1,0.0,0.005,0.5,0.9665909090909093,0.9663636363636364,0.00022727272727272746,0.0914251327065691,0.11363636363636363,0.0,1.0,0.0,0.0,False,OpenBMI_MI_S1_to_S2,4
PERSIST_META,RIDGE_A1,0.0,0.005,1.0,0.9665909090909093,0.9663636363636364,0.00022727272727272746,0.09131655465638279,0.11363636363636363,0.0,1.0,0.0,0.0,False,OpenBMI_MI_S1_to_S2,4
PERSIST_META,RIDGE_A1,0.5,0.0,0.5,0.9665909090909093,0.9663636363636364,0.00022727272727272746,0.09135756042116938,0.36363636363636365,0.022727272727272728,0.9772727272727273,-0.010000000000000009,0.0,False,OpenBMI_MI_S1_to_S2,4
PERSIST_META,RIDGE_A1,0.5,0.0,1.0,0.9663636363636364,0.9663636363636364,0.0,0.0911906465766439,0.36363636363636365,0.045454545454545456,0.9545454545454546,-0.010000000000000009,0.0,False,OpenBMI_MI_S1_to_S2,4
PERSIST_META,RIDGE_A1,0.5,0.0025,0.5,0.9665909090909093,0.9663636363636364,0.00022727272727272746,0.09158916360163376,0.045454545454545456,0.0,1.0,0.0,0.0,False,OpenBMI_MI_S1_to_S2,4
PERSIST_META,RIDGE_A1,0.5,0.0025,1.0,0.9665909090909093,0.9663636363636364,0.00022727272727272746,0.09157132243827465,0.045454545454545456,0.0,1.0,0.0,0.0,False,OpenBMI_MI_S1_to_S2,4
PERSIST_META,RIDGE_A1,0.5,0.005,0.5,0.9663636363636364,0.9663636363636364,0.0,0.09161704576900123,0.0,0.0,1.0,0.0,0.0,False,OpenBMI_MI_S1_to_S2,4
PERSIST_META,RIDGE_A1,0.5,0.005,1.0,0.9663636363636364,0.9663636363636364,0.0,0.09161704576900123,0.0,0.0,1.0,0.0,0.0,False,OpenBMI_MI_S1_to_S2,4
PERSIST_META,RIDGE_A1,1.0,0.0,0.5,0.9665909090909093,0.9663636363636364,0.00022727272727272746,0.09158916360163376,0.045454545454545456,0.0,1.0,0.0,0.0,False,OpenBMI_MI_S1_to_S2,4
PERSIST_META,RIDGE_A1,1.0,0.0,1.0,0.9665909090909093,0.9663636363636364,0.00022727272727272746,0.09157132243827465,0.045454545454545456,0.0,1.0,0.0,0.0,False,OpenBMI_MI_S1_to_S2,4
PERSIST_META,RIDGE_A1,1.0,0.0025,0.5,0.9663636363636364,0.9663636363636364,0.0,0.09161704576900123,0.0,0.0,1.0,0.0,0.0,False,OpenBMI_MI_S1_to_S2,4
PERSIST_META,RIDGE_A1,1.0,0.0025,1.0,0.9663636363636364,0.9663636363636364,0.0,0.09161704576900123,0.0,0.0,1.0,0.0,0.0,False,OpenBMI_MI_S1_to_S2,4
PERSIST_META,RIDGE_A1,1.0,0.005,0.5,0.9663636363636364,0.9663636363636364,0.0,0.09161704576900123,0.0,0.0,1.0,0.0,0.0,False,OpenBMI_MI_S1_to_S2,4
PERSIST_META,RIDGE_A1,1.0,0.005,1.0,0.9663636363636364,0.9663636363636364,0.0,0.09161704576900123,0.0,0.0,1.0,0.0,0.0,False,OpenBMI_MI_S1_to_S2,4
PERSIST_META,RIDGE_A10,0.0,0.0,0.5,0.9668181818181819,0.9663636363636364,0.0004545454545454549,0.0914743625793716,0.75,0.022727272727272728,0.9772727272727273,-0.010000000000000009,0.0,False,OpenBMI_MI_S1_to_S2,4
PERSIST_META,RIDGE_A10,0.0,0.0,1.0,0.9665909090909092,0.9663636363636364,0.00022727272727272746,0.09197218709458736,0.75,0.06818181818181818,0.9318181818181818,-0.010000000000000009,0.0,False,OpenBMI_MI_S1_to_S2,4
PERSIST_META,RIDGE_A10,0.0,0.0025,0.5,0.9663636363636364,0.9663636363636364,0.0,0.09126291473725386,0.6136363636363636,0.022727272727272728,0.9772727272727273,-0.010000000000000009,0.0,False,OpenBMI_MI_S1_to_S2,4
PERSIST_META,RIDGE_A10,0.0,0.0025,1.0,0.9663636363636364,0.9663636363636364,0.0,0.09134033091204291,0.6136363636363636,0.045454545454545456,0.9545454545454546,-0.010000000000000009,0.0,False,OpenBMI_MI_S1_to_S2,4
PERSIST_META,RIDGE_A10,0.0,0.005,0.5,0.9663636363636364,0.9663636363636364,0.0,0.09158473797094677,0.22727272727272727,0.022727272727272728,0.9772727272727273,-0.010000000000000009,0.0,False,OpenBMI_MI_S1_to_S2,4
PERSIST_META,RIDGE_A10,0.0,0.005,1.0,0.9663636363636364,0.9663636363636364,0.0,0.09167678234860598,0.22727272727272727,0.022727272727272728,0.9772727272727273,-0.010000000000000009,0.0,False,OpenBMI_MI_S1_to_S2,4
PERSIST_META,RIDGE_A10,0.5,0.0,0.5,0.9665909090909093,0.9663636363636364,0.00022727272727272746,0.09151272470775519,0.45454545454545453,0.022727272727272728,0.9772727272727273,-0.010000000000000009,0.0,False,OpenBMI_MI_S1_to_S2,4
PERSIST_META,RIDGE_A10,0.5,0.0,1.0,0.9663636363636364,0.9663636363636364,0.0,0.09155966855002134,0.45454545454545453,0.045454545454545456,0.9545454545454546,-0.010000000000000009,0.0,False,OpenBMI_MI_S1_to_S2,4
PERSIST_META,RIDGE_A10,0.5,0.0025,0.5,0.9665909090909093,0.9663636363636364,0.00022727272727272746,0.09154473922949685,0.1590909090909091,0.0,1.0,0.0,0.0,False,OpenBMI_MI_S1_to_S2,4
PERSIST_META,RIDGE_A10,0.5,0.0025,1.0,0.9665909090909093,0.9663636363636364,0.00022727272727272746,0.09149493607965073,0.1590909090909091,0.0,1.0,0.0,0.0,False,OpenBMI_MI_S1_to_S2,4
PERSIST_META,RIDGE_A10,0.5,0.005,0.5,0.9665909090909093,0.9663636363636364,0.00022727272727272746,0.09157299838725043,0.06818181818181818,0.0,1.0,0.0,0.0,False,OpenBMI_MI_S1_to_S2,4
PERSIST_META,RIDGE_A10,0.5,0.005,1.0,0.9665909090909093,0.9663636363636364,0.00022727272727272746,0.09153978116594548,0.06818181818181818,0.0,1.0,0.0,0.0,False,OpenBMI_MI_S1_to_S2,4
PERSIST_META,RIDGE_A10,1.0,0.0,0.5,0.9668181818181819,0.9663636363636364,0.0004545454545454549,0.09146788873111923,0.18181818181818182,0.0,1.0,0.0,0.0,True,OpenBMI_MI_S1_to_S2,4
PERSIST_META,RIDGE_A10,1.0,0.0,1.0,0.9668181818181819,0.9663636363636364,0.0004545454545454549,0.0913583338513333,0.18181818181818182,0.0,1.0,0.0,0.0,False,OpenBMI_MI_S1_to_S2,4
PERSIST_META,RIDGE_A10,1.0,0.0025,0.5,0.9665909090909093,0.9663636363636364,0.00022727272727272746,0.09157299838725043,0.06818181818181818,0.0,1.0,0.0,0.0,False,OpenBMI_MI_S1_to_S2,4
PERSIST_META,RIDGE_A10,1.0,0.0025,1.0,0.9665909090909093,0.9663636363636364,0.00022727272727272746,0.09153978116594548,0.06818181818181818,0.0,1.0,0.0,0.0,False,OpenBMI_MI_S1_to_S2,4
PERSIST_META,RIDGE_A10,1.0,0.005,0.5,0.9663636363636364,0.9663636363636364,0.0,0.09161704576900123,0.0,0.0,1.0,0.0,0.0,False,OpenBMI_MI_S1_to_S2,4
PERSIST_META,RIDGE_A10,1.0,0.005,1.0,0.9663636363636364,0.9663636363636364,0.0,0.09161704576900123,0.0,0.0,1.0,0.0,0.0,False,OpenBMI_MI_S1_to_S2,4
PERSIST_META,EXTRA_TREES_D4,0.0,0.0,0.5,0.9663636363636364,0.9663636363636364,0.0,0.09156723309091995,0.29545454545454547,0.022727272727272728,0.9772727272727273,-0.010000000000000009,0.0,False,OpenBMI_MI_S1_to_S2,4
PERSIST_META,EXTRA_TREES_D4,0.0,0.0,1.0,0.9663636363636364,0.9663636363636364,0.0,0.09165978732634393,0.29545454545454547,0.045454545454545456,0.9545454545454546,-0.010000000000000009,0.0,False,OpenBMI_MI_S1_to_S2,4
PERSIST_META,EXTRA_TREES_D4,0.0,0.0025,0.5,0.9663636363636364,0.9663636363636364,0.0,0.09161704576900123,0.0,0.0,1.0,0.0,0.0,False,OpenBMI_MI_S1_to_S2,4
PERSIST_META,EXTRA_TREES_D4,0.0,0.0025,1.0,0.9663636363636364,0.9663636363636364,0.0,0.09161704576900123,0.0,0.0,1.0,0.0,0.0,False,OpenBMI_MI_S1_to_S2,4
PERSIST_META,EXTRA_TREES_D4,0.0,0.005,0.5,0.9663636363636364,0.9663636363636364,0.0,0.09161704576900123,0.0,0.0,1.0,0.0,0.0,False,OpenBMI_MI_S1_to_S2,4
PERSIST_META,EXTRA_TREES_D4,0.0,0.005,1.0,0.9663636363636364,0.9663636363636364,0.0,0.09161704576900123,0.0,0.0,1.0,0.0,0.0,False,OpenBMI_MI_S1_to_S2,4
PERSIST_META,EXTRA_TREES_D4,0.5,0.0,0.5,0.9663636363636364,0.9663636363636364,0.0,0.09161704576900123,0.0,0.0,1.0,0.0,0.0,False,OpenBMI_MI_S1_to_S2,4
PERSIST_META,EXTRA_TREES_D4,0.5,0.0,1.0,0.9663636363636364,0.9663636363636364,0.0,0.09161704576900123,0.0,0.0,1.0,0.0,0.0,False,OpenBMI_MI_S1_to_S2,4
PERSIST_META,EXTRA_TREES_D4,0.5,0.0025,0.5,0.9663636363636364,0.9663636363636364,0.0,0.09161704576900123,0.0,0.0,1.0,0.0,0.0,False,OpenBMI_MI_S1_to_S2,4
PERSIST_META,EXTRA_TREES_D4,0.5,0.0025,1.0,0.9663636363636364,0.9663636363636364,0.0,0.09161704576900123,0.0,0.0,1.0,0.0,0.0,False,OpenBMI_MI_S1_to_S2,4
PERSIST_META,EXTRA_TREES_D4,0.5,0.005,0.5,0.9663636363636364,0.9663636363636364,0.0,0.09161704576900123,0.0,0.0,1.0,0.0,0.0,False,OpenBMI_MI_S1_to_S2,4
PERSIST_META,EXTRA_TREES_D4,0.5,0.005,1.0,0.9663636363636364,0.9663636363636364,0.0,0.09161704576900123,0.0,0.0,1.0,0.0,0.0,False,OpenBMI_MI_S1_to_S2,4
PERSIST_META,EXTRA_TREES_D4,1.0,0.0,0.5,0.9663636363636364,0.9663636363636364,0.0,0.09161704576900123,0.0,0.0,1.0,0.0,0.0,False,OpenBMI_MI_S1_to_S2,4
PERSIST_META,EXTRA_TREES_D4,1.0,0.0,1.0,0.9663636363636364,0.9663636363636364,0.0,0.09161704576900123,0.0,0.0,1.0,0.0,0.0,False,OpenBMI_MI_S1_to_S2,4
PERSIST_META,EXTRA_TREES_D4,1.0,0.0025,0.5,0.9663636363636364,0.9663636363636364,0.0,0.09161704576900123,0.0,0.0,1.0,0.0,0.0,False,OpenBMI_MI_S1_to_S2,4
PERSIST_META,EXTRA_TREES_D4,1.0,0.0025,1.0,0.9663636363636364,0.9663636363636364,0.0,0.09161704576900123,0.0,0.0,1.0,0.0,0.0,False,OpenBMI_MI_S1_to_S2,4
PERSIST_META,EXTRA_TREES_D4,1.0,0.005,0.5,0.9663636363636364,0.9663636363636364,0.0,0.09161704576900123,0.0,0.0,1.0,0.0,0.0,False,OpenBMI_MI_S1_to_S2,4
PERSIST_META,EXTRA_TREES_D4,1.0,0.005,1.0,0.9663636363636364,0.9663636363636364,0.0,0.09161704576900123,0.0,0.0,1.0,0.0,0.0,False,OpenBMI_MI_S1_to_S2,4
META_GENERIC,RIDGE_A1,0.0,0.0,0.5,0.7939993686868687,0.7925915404040405,0.0014078282828282798,0.3841732356923797,0.8125,0.25,0.75,-0.010000000000000009,0.0,False,WBCIC_S1S2_to_S3_authorized_development,0
META_GENERIC,RIDGE_A1,0.0,0.0,1.0,0.790262389520202,0.7925915404040405,-0.002329150883838378,0.38554598891829345,0.8125,0.3125,0.6875,-0.040000000000000036,0.0,False,WBCIC_S1S2_to_S3_authorized_development,0
META_GENERIC,RIDGE_A1,0.0,0.0025,0.5,0.7933743686868687,0.7925915404040405,0.0007828282828282844,0.38425166186716,0.71875,0.21875,0.78125,-0.010000000000000009,0.0,False,WBCIC_S1S2_to_S3_authorized_development,0
META_GENERIC,RIDGE_A1,0.0,0.0025,1.0,0.790106139520202,0.7925915404040405,-0.0024854008838383727,0.38540466447992133,0.71875,0.28125,0.71875,-0.040000000000000036,0.0,False,WBCIC_S1S2_to_S3_authorized_development,0
META_GENERIC,RIDGE_A1,0.0,0.005,0.5,0.7933743686868686,0.7925915404040405,0.0007828282828282844,0.38461602299003894,0.53125,0.1875,0.8125,-0.010000000000000009,0.0,False,WBCIC_S1S2_to_S3_authorized_development,0
META_GENERIC,RIDGE_A1,0.0,0.005,1.0,0.790887389520202,0.7925915404040405,-0.001704150883838372,0.3858021761241356,0.53125,0.21875,0.78125,-0.040000000000000036,0.0,False,WBCIC_S1S2_to_S3_authorized_development,0
META_GENERIC,RIDGE_A1,0.5,0.0,0.5,0.7929040404040404,0.7925915404040405,0.0003125000000000072,0.3849275177447129,0.4375,0.1875,0.8125,-0.0050000000000001155,0.0,False,WBCIC_S1S2_to_S3_authorized_development,0
META_GENERIC,RIDGE_A1,0.5,0.0,1.0,0.7924352904040404,0.7925915404040405,-0.00015624999999998973,0.38484330041375164,0.4375,0.15625,0.84375,-0.040000000000000036,0.0,False,WBCIC_S1S2_to_S3_authorized_development,0
META_GENERIC,RIDGE_A1,0.5,0.0025,0.5,0.7924352904040404,0.7925915404040405,-0.00015624999999999667,0.3846519946481861,0.34375,0.1875,0.8125,-0.0050000000000001155,0.0,False,WBCIC_S1S2_to_S3_authorized_development,0
META_GENERIC,RIDGE_A1,0.5,0.0025,1.0,0.7919665404040404,0.7925915404040405,-0.0006249999999999901,0.3838606741913663,0.34375,0.15625,0.84375,-0.040000000000000036,0.0,False,WBCIC_S1S2_to_S3_authorized_development,0
META_GENERIC,RIDGE_A1,0.5,0.005,0.5,0.7924352904040404,0.7925915404040405,-0.0001562499999999932,0.3846981116205496,0.21875,0.125,0.875,-0.0050000000000001155,0.0,False,WBCIC_S1S2_to_S3_authorized_development,0
META_GENERIC,RIDGE_A1,0.5,0.005,1.0,0.7916540404040404,0.7925915404040405,-0.0009374999999999939,0.38371611864622085,0.21875,0.125,0.875,-0.040000000000000036,0.0,False,WBCIC_S1S2_to_S3_authorized_development,0
META_GENERIC,RIDGE_A1,1.0,0.0,0.5,0.7924352904040404,0.7925915404040405,-0.0001562499999999932,0.38461953302995866,0.15625,0.0625,0.9375,-0.0050000000000000044,0.0,False,WBCIC_S1S2_to_S3_authorized_development,0
META_GENERIC,RIDGE_A1,1.0,0.0,1.0,0.7932165404040404,0.7925915404040405,0.0006250000000000075,0.38284315230826793,0.15625,0.0625,0.9375,-0.0050000000000000044,0.0,False,WBCIC_S1S2_to_S3_authorized_development,0
META_GENERIC,RIDGE_A1,1.0,0.0025,0.5,0.7924352904040404,0.7925915404040405,-0.0001562499999999932,0.38465337894814977,0.125,0.0625,0.9375,-0.0050000000000000044,0.0,False,WBCIC_S1S2_to_S3_authorized_development,0
META_GENERIC,RIDGE_A1,1.0,0.0025,1.0,0.7930602904040405,0.7925915404040405,0.00046875000000000736,0.3828981752212325,0.125,0.0625,0.9375,-0.0050000000000000044,0.0,False,WBCIC_S1S2_to_S3_authorized_development,0
META_GENERIC,RIDGE_A1,1.0,0.005,0.5,0.7924352904040404,0.7925915404040405,-0.0001562499999999932,0.3849906056212268,0.09375,0.0625,0.9375,-0.0050000000000000044,0.0,False,WBCIC_S1S2_to_S3_authorized_development,0
META_GENERIC,RIDGE_A1,1.0,0.005,1.0,0.7930602904040405,0.7925915404040405,0.00046875000000000736,0.3834702433782992,0.09375,0.0625,0.9375,-0.0050000000000000044,0.0,False,WBCIC_S1S2_to_S3_authorized_development,0
META_GENERIC,RIDGE_A10,0.0,0.0,0.5,0.7947806186868687,0.7925915404040405,0.002189078282828284,0.38467028220560684,0.84375,0.21875,0.78125,-0.010000000000000009,0.0,False,WBCIC_S1S2_to_S3_authorized_development,0
META_GENERIC,RIDGE_A10,0.0,0.0,1.0,0.791668639520202,0.7925915404040405,-0.00092290088383838,0.38619506350822497,0.84375,0.28125,0.71875,-0.040000000000000036,0.0,False,WBCIC_S1S2_to_S3_authorized_development,0
META_GENERIC,RIDGE_A10,0.0,0.0025,0.5,0.7947806186868687,0.7925915404040405,0.002189078282828284,0.38462810627953004,0.8125,0.21875,0.78125,-0.010000000000000009,0.0,True,WBCIC_S1S2_to_S3_authorized_development,0
META_GENERIC,RIDGE_A10,0.0,0.0025,1.0,0.791668639520202,0.7925915404040405,-0.00092290088383838,0.3860980841959809,0.8125,0.28125,0.71875,-0.040000000000000036,0.0,False,WBCIC_S1S2_to_S3_authorized_development,0
META_GENERIC,RIDGE_A10,0.0,0.005,0.5,0.7938431186868686,0.7925915404040405,0.0012515782828282883,0.3849486723074953,0.5,0.15625,0.84375,-0.010000000000000009,0.0,False,WBCIC_S1S2_to_S3_authorized_development,0
META_GENERIC,RIDGE_A10,0.0,0.005,1.0,0.791356139520202,0.7925915404040405,-0.001235400883838375,0.3862369821843151,0.5,0.1875,0.8125,-0.040000000000000036,0.0,False,WBCIC_S1S2_to_S3_authorized_development,0
META_GENERIC,RIDGE_A10,0.5,0.0,0.5,0.7930618686868687,0.7925915404040405,0.00047032828282829106,0.38422443899316167,0.4375,0.1875,0.8125,-0.0050000000000001155,0.0,False,WBCIC_S1S2_to_S3_authorized_development,0
META_GENERIC,RIDGE_A10,0.5,0.0,1.0,0.7927623895202021,0.7925915404040405,0.00017084911616162615,0.3836492939215785,0.4375,0.15625,0.84375,-0.040000000000000036,0.0,False,WBCIC_S1S2_to_S3_authorized_development,0
META_GENERIC,RIDGE_A10,0.5,0.0025,0.5,0.7922790404040404,0.7925915404040405,-0.0003124999999999968,0.3841553697385911,0.28125,0.15625,0.84375,-0.0050000000000001155,0.0,False,WBCIC_S1S2_to_S3_authorized_development,0
META_GENERIC,RIDGE_A10,0.5,0.0025,1.0,0.7918102904040405,0.7925915404040405,-0.0007812499999999903,0.3827259312839275,0.28125,0.125,0.875,-0.040000000000000036,0.0,False,WBCIC_S1S2_to_S3_authorized_development,0
META_GENERIC,RIDGE_A10,0.5,0.005,0.5,0.7925915404040403,0.7925915404040405,3.469446951953614e-18,0.3843285195528015,0.15625,0.09375,0.90625,-0.0050000000000001155,0.0,False,WBCIC_S1S2_to_S3_authorized_development,0
META_GENERIC,RIDGE_A10,0.5,0.005,1.0,0.7918102904040405,0.7925915404040405,-0.0007812499999999938,0.38289494430860216,0.15625,0.09375,0.90625,-0.040000000000000036,0.0,False,WBCIC_S1S2_to_S3_authorized_development,0
META_GENERIC,RIDGE_A10,1.0,0.0,0.5,0.7927477904040404,0.7925915404040405,0.00015625000000000708,0.3847207355426554,0.125,0.0625,0.9375,-0.0050000000000000044,0.0,False,WBCIC_S1S2_to_S3_authorized_development,0
META_GENERIC,RIDGE_A10,1.0,0.0,1.0,0.7938415404040404,0.7925915404040405,0.001250000000000008,0.3829651282163913,0.125,0.0625,0.9375,-0.0050000000000000044,0.0,False,WBCIC_S1S2_to_S3_authorized_development,0
META_GENERIC,RIDGE_A10,1.0,0.0025,0.5,0.7927477904040404,0.7925915404040405,0.00015625000000000708,0.3847207355426554,0.125,0.0625,0.9375,-0.0050000000000000044,0.0,False,WBCIC_S1S2_to_S3_authorized_development,0
META_GENERIC,RIDGE_A10,1.0,0.0025,1.0,0.7938415404040404,0.7925915404040405,0.001250000000000008,0.3829651282163913,0.125,0.0625,0.9375,-0.0050000000000000044,0.0,False,WBCIC_S1S2_to_S3_authorized_development,0
META_GENERIC,RIDGE_A10,1.0,0.005,0.5,0.7924352904040404,0.7925915404040405,-0.0001562499999999932,0.3849906056212268,0.09375,0.0625,0.9375,-0.0050000000000000044,0.0,False,WBCIC_S1S2_to_S3_authorized_development,0
META_GENERIC,RIDGE_A10,1.0,0.005,1.0,0.7930602904040405,0.7925915404040405,0.00046875000000000736,0.3834702433782992,0.09375,0.0625,0.9375,-0.0050000000000000044,0.0,False,WBCIC_S1S2_to_S3_authorized_development,0
META_GENERIC,EXTRA_TREES_D4,0.0,0.0,0.5,0.7924368686868687,0.7925915404040405,-0.00015467171717171817,0.38780638544868884,0.25,0.125,0.875,-0.025000000000000022,0.0,False,WBCIC_S1S2_to_S3_authorized_development,0
META_GENERIC,EXTRA_TREES_D4,0.0,0.0,1.0,0.790555358270202,0.7925915404040405,-0.002036182133838384,0.39157593131928914,0.25,0.15625,0.84375,-0.040000000000000036,0.0,False,WBCIC_S1S2_to_S3_authorized_development,0
META_GENERIC,EXTRA_TREES_D4,0.0,0.0025,0.5,0.7919665404040404,0.7925915404040405,-0.0006249999999999988,0.38732973305870505,0.125,0.09375,0.90625,-0.025000000000000022,0.0,False,WBCIC_S1S2_to_S3_authorized_development,0
META_GENERIC,EXTRA_TREES_D4,0.0,0.0025,1.0,0.7913415404040404,0.7925915404040405,-0.0012500000000000028,0.38875551327211616,0.125,0.0625,0.9375,-0.040000000000000036,0.0,False,WBCIC_S1S2_to_S3_authorized_development,0
META_GENERIC,EXTRA_TREES_D4,0.0,0.005,0.5,0.7924352904040404,0.7925915404040405,-0.0001562499999999984,0.38713405923787586,0.09375,0.0625,0.9375,-0.025000000000000022,0.0,False,WBCIC_S1S2_to_S3_authorized_development,0
META_GENERIC,EXTRA_TREES_D4,0.0,0.005,1.0,0.7925915404040403,0.7925915404040405,-1.734723475976807e-18,0.38817589256839086,0.09375,0.03125,0.96875,-0.025000000000000022,0.0,False,WBCIC_S1S2_to_S3_authorized_development,0
META_GENERIC,EXTRA_TREES_D4,0.5,0.0,0.5,0.7922790404040403,0.7925915404040405,-0.0003124999999999968,0.38662141216182194,0.09375,0.0625,0.9375,-0.025000000000000022,0.0,False,WBCIC_S1S2_to_S3_authorized_development,0
META_GENERIC,EXTRA_TREES_D4,0.5,0.0,1.0,0.7935290404040404,0.7925915404040405,0.0009374999999999991,0.38693421998422584,0.09375,0.03125,0.96875,-0.025000000000000022,0.0,False,WBCIC_S1S2_to_S3_authorized_development,0
META_GENERIC,EXTRA_TREES_D4,0.5,0.0025,0.5,0.7916540404040404,0.7925915404040405,-0.0009374999999999974,0.3867649092936853,0.0625,0.0625,0.9375,-0.025000000000000022,0.0,False,WBCIC_S1S2_to_S3_authorized_development,0
META_GENERIC,EXTRA_TREES_D4,0.5,0.0025,1.0,0.7921227904040404,0.7925915404040405,-0.0004687500000000004,0.3870475267918436,0.0625,0.03125,0.96875,-0.025000000000000022,0.0,False,WBCIC_S1S2_to_S3_authorized_development,0
META_GENERIC,EXTRA_TREES_D4,0.5,0.005,0.5,0.7918102904040404,0.7925915404040405,-0.0007812500000000007,0.3869905957169105,0.03125,0.03125,0.96875,-0.025000000000000022,0.0,False,WBCIC_S1S2_to_S3_authorized_development,0
META_GENERIC,EXTRA_TREES_D4,0.5,0.005,1.0,0.7918102904040404,0.7925915404040405,-0.0007812500000000007,0.3874453534013119,0.03125,0.03125,0.96875,-0.025000000000000022,0.0,False,WBCIC_S1S2_to_S3_authorized_development,0
META_GENERIC,EXTRA_TREES_D4,1.0,0.0,0.5,0.7918102904040404,0.7925915404040405,-0.0007812500000000007,0.3869905957169105,0.03125,0.03125,0.96875,-0.025000000000000022,0.0,False,WBCIC_S1S2_to_S3_authorized_development,0
META_GENERIC,EXTRA_TREES_D4,1.0,0.0,1.0,0.7918102904040404,0.7925915404040405,-0.0007812500000000007,0.3874453534013119,0.03125,0.03125,0.96875,-0.025000000000000022,0.0,False,WBCIC_S1S2_to_S3_authorized_development,0
META_GENERIC,EXTRA_TREES_D4,1.0,0.0025,0.5,0.7925915404040405,0.7925915404040405,0.0,0.38685549048193213,0.0,0.0,1.0,0.0,0.0,False,WBCIC_S1S2_to_S3_authorized_development,0
META_GENERIC,EXTRA_TREES_D4,1.0,0.0025,1.0,0.7925915404040405,0.7925915404040405,0.0,0.38685549048193213,0.0,0.0,1.0,0.0,0.0,False,WBCIC_S1S2_to_S3_authorized_development,0
META_GENERIC,EXTRA_TREES_D4,1.0,0.005,0.5,0.7925915404040405,0.7925915404040405,0.0,0.38685549048193213,0.0,0.0,1.0,0.0,0.0,False,WBCIC_S1S2_to_S3_authorized_development,0
META_GENERIC,EXTRA_TREES_D4,1.0,0.005,1.0,0.7925915404040405,0.7925915404040405,0.0,0.38685549048193213,0.0,0.0,1.0,0.0,0.0,False,WBCIC_S1S2_to_S3_authorized_development,0
PERSIST_META,RIDGE_A1,0.0,0.0,0.5,0.7941556186868687,0.7925915404040405,0.0015640782828282834,0.384020160058515,0.96875,0.1875,0.8125,-0.010000000000000009,0.0,False,WBCIC_S1S2_to_S3_authorized_development,0
PERSIST_META,RIDGE_A1,0.0,0.0,1.0,0.7957246291035354,0.7925915404040405,0.003133088699494949,0.3842177048504174,0.96875,0.28125,0.71875,-0.019999999999999907,0.0,True,WBCIC_S1S2_to_S3_authorized_development,0
PERSIST_META,RIDGE_A1,0.0,0.0025,0.5,0.7930618686868687,0.7925915404040405,0.0004703282828282841,0.3836486461628112,0.84375,0.1875,0.8125,-0.010000000000000009,0.0,False,WBCIC_S1S2_to_S3_authorized_development,0
PERSIST_META,RIDGE_A1,0.0,0.0025,1.0,0.7952558791035353,0.7925915404040405,0.0026643386994949503,0.38308882701182306,0.84375,0.21875,0.78125,-0.019999999999999907,0.0,False,WBCIC_S1S2_to_S3_authorized_development,0
PERSIST_META,RIDGE_A1,0.0,0.005,0.5,0.7924368686868687,0.7925915404040405,-0.00015467171717171296,0.38362220185718526,0.5,0.1875,0.8125,-0.010000000000000009,0.0,False,WBCIC_S1S2_to_S3_authorized_development,0
PERSIST_META,RIDGE_A1,0.0,0.005,1.0,0.7940058791035354,0.7925915404040405,0.0014143386994949596,0.38229726956325377,0.5,0.1875,0.8125,-0.019999999999999907,0.0,False,WBCIC_S1S2_to_S3_authorized_development,0
PERSIST_META,RIDGE_A1,0.5,0.0,0.5,0.7927477904040404,0.7925915404040405,0.00015625000000000014,0.38459220084543777,0.21875,0.03125,0.96875,-0.0050000000000000044,0.0,False,WBCIC_S1S2_to_S3_authorized_development,0
PERSIST_META,RIDGE_A1,0.5,0.0,1.0,0.7936852904040403,0.7925915404040405,0.0010937499999999975,0.3828646158923106,0.21875,0.03125,0.96875,-0.0050000000000000044,0.0,False,WBCIC_S1S2_to_S3_authorized_development,0
PERSIST_META,RIDGE_A1,0.5,0.0025,0.5,0.7925915404040405,0.7925915404040405,3.469446951953614e-18,0.3846560416515842,0.09375,0.03125,0.96875,-0.0050000000000000044,0.0,False,WBCIC_S1S2_to_S3_authorized_development,0
PERSIST_META,RIDGE_A1,0.5,0.0025,1.0,0.7932165404040404,0.7925915404040405,0.000625000000000004,0.3828739719189288,0.09375,0.03125,0.96875,-0.0050000000000000044,0.0,False,WBCIC_S1S2_to_S3_authorized_development,0
PERSIST_META,RIDGE_A1,0.5,0.005,0.5,0.7927477904040404,0.7925915404040405,0.0001562500000000036,0.3857182246726636,0.03125,0.0,1.0,0.0,0.0,False,WBCIC_S1S2_to_S3_authorized_development,0
PERSIST_META,RIDGE_A1,0.5,0.005,1.0,0.7933727904040404,0.7925915404040405,0.0007812500000000042,0.3847969496676884,0.03125,0.0,1.0,0.0,0.0,False,WBCIC_S1S2_to_S3_authorized_development,0
PERSIST_META,RIDGE_A1,1.0,0.0,0.5,0.7922790404040405,0.7925915404040405,-0.0003125000000000003,0.38600071242967127,0.03125,0.03125,0.96875,-0.010000000000000009,0.0,False,WBCIC_S1S2_to_S3_authorized_development,0
PERSIST_META,RIDGE_A1,1.0,0.0,1.0,0.7922790404040405,0.7925915404040405,-0.0003125000000000003,0.3852276907698722,0.03125,0.03125,0.96875,-0.010000000000000009,0.0,False,WBCIC_S1S2_to_S3_authorized_development,0
PERSIST_META,RIDGE_A1,1.0,0.0025,0.5,0.7925915404040405,0.7925915404040405,0.0,0.38685549048193213,0.0,0.0,1.0,0.0,0.0,False,WBCIC_S1S2_to_S3_authorized_development,0
PERSIST_META,RIDGE_A1,1.0,0.0025,1.0,0.7925915404040405,0.7925915404040405,0.0,0.38685549048193213,0.0,0.0,1.0,0.0,0.0,False,WBCIC_S1S2_to_S3_authorized_development,0
PERSIST_META,RIDGE_A1,1.0,0.005,0.5,0.7925915404040405,0.7925915404040405,0.0,0.38685549048193213,0.0,0.0,1.0,0.0,0.0,False,WBCIC_S1S2_to_S3_authorized_development,0
PERSIST_META,RIDGE_A1,1.0,0.005,1.0,0.7925915404040405,0.7925915404040405,0.0,0.38685549048193213,0.0,0.0,1.0,0.0,0.0,False,WBCIC_S1S2_to_S3_authorized_development,0
PERSIST_META,RIDGE_A10,0.0,0.0,0.5,0.7941556186868687,0.7925915404040405,0.0015640782828282834,0.38444131086233546,0.875,0.28125,0.71875,-0.010000000000000009,0.0,False,WBCIC_S1S2_to_S3_authorized_development,0
PERSIST_META,RIDGE_A10,0.0,0.0,1.0,0.7933808791035354,0.7925915404040405,0.0007893386994949503,0.3849436072932263,0.875,0.4375,0.5625,-0.040000000000000036,0.0,False,WBCIC_S1S2_to_S3_authorized_development,0
PERSIST_META,RIDGE_A10,0.0,0.0025,0.5,0.7927493686868687,0.7925915404040405,0.00015782828282828384,0.3845683367869182,0.71875,0.21875,0.78125,-0.010000000000000009,0.0,False,WBCIC_S1S2_to_S3_authorized_development,0
PERSIST_META,RIDGE_A10,0.0,0.0025,1.0,0.7911933791035354,0.7925915404040405,-0.001398161300505043,0.38474272810920496,0.71875,0.375,0.625,-0.040000000000000036,0.0,False,WBCIC_S1S2_to_S3_authorized_development,0
PERSIST_META,RIDGE_A10,0.0,0.005,0.5,0.7922790404040404,0.7925915404040405,-0.0003125000000000003,0.384483885194856,0.5,0.21875,0.78125,-0.010000000000000009,0.0,False,WBCIC_S1S2_to_S3_authorized_development,0
PERSIST_META,RIDGE_A10,0.0,0.005,1.0,0.7914977904040404,0.7925915404040405,-0.001093749999999987,0.3842183897063007,0.5,0.25,0.75,-0.040000000000000036,0.0,False,WBCIC_S1S2_to_S3_authorized_development,0
PERSIST_META,RIDGE_A10,0.5,0.0,0.5,0.7925915404040405,0.7925915404040405,0.0,0.38426454630752227,0.34375,0.09375,0.90625,-0.0050000000000001155,0.0,False,WBCIC_S1S2_to_S3_authorized_development,0
PERSIST_META,RIDGE_A10,0.5,0.0,1.0,0.7935290404040404,0.7925915404040405,0.0009374999999999974,0.3826883560985603,0.34375,0.09375,0.90625,-0.015000000000000124,0.0,False,WBCIC_S1S2_to_S3_authorized_development,0
PERSIST_META,RIDGE_A10,0.5,0.0025,0.5,0.7929040404040404,0.7925915404040405,0.0003125000000000003,0.3845203679492751,0.1875,0.03125,0.96875,-0.0050000000000000044,0.0,False,WBCIC_S1S2_to_S3_authorized_development,0
PERSIST_META,RIDGE_A10,0.5,0.0025,1.0,0.7938415404040404,0.7925915404040405,0.0012499999999999976,0.382942669551094,0.1875,0.03125,0.96875,-0.0050000000000000044,0.0,False,WBCIC_S1S2_to_S3_authorized_development,0
PERSIST_META,RIDGE_A10,0.5,0.005,0.5,0.7927477904040404,0.7925915404040405,0.0001562500000000036,0.3845343154718366,0.125,0.03125,0.96875,-0.0050000000000000044,0.0,False,WBCIC_S1S2_to_S3_authorized_development,0
PERSIST_META,RIDGE_A10,0.5,0.005,1.0,0.7936852904040403,0.7925915404040405,0.001093750000000001,0.38294905775793814,0.125,0.03125,0.96875,-0.0050000000000000044,0.0,False,WBCIC_S1S2_to_S3_authorized_development,0
PERSIST_META,RIDGE_A10,1.0,0.0,0.5,0.7925915404040405,0.7925915404040405,3.469446951953614e-18,0.3847059161430628,0.15625,0.0625,0.9375,-0.0050000000000000044,0.0,False,WBCIC_S1S2_to_S3_authorized_development,0
PERSIST_META,RIDGE_A10,1.0,0.0,1.0,0.7930602904040405,0.7925915404040405,0.0004687500000000004,0.38310779940842365,0.15625,0.0625,0.9375,-0.0050000000000000044,0.0,False,WBCIC_S1S2_to_S3_authorized_development,0
PERSIST_META,RIDGE_A10,1.0,0.0025,0.5,0.7927477904040404,0.7925915404040405,0.00015625000000000014,0.3847803996957365,0.09375,0.03125,0.96875,-0.0050000000000000044,0.0,False,WBCIC_S1S2_to_S3_authorized_development,0
PERSIST_META,RIDGE_A10,1.0,0.0025,1.0,0.7930602904040405,0.7925915404040405,0.0004687500000000004,0.3831333560081065,0.09375,0.03125,0.96875,-0.0050000000000000044,0.0,False,WBCIC_S1S2_to_S3_authorized_development,0
PERSIST_META,RIDGE_A10,1.0,0.005,0.5,0.7927477904040404,0.7925915404040405,0.00015625000000000014,0.3851176263688136,0.0625,0.03125,0.96875,-0.0050000000000000044,0.0,False,WBCIC_S1S2_to_S3_authorized_development,0
PERSIST_META,RIDGE_A10,1.0,0.005,1.0,0.7930602904040405,0.7925915404040405,0.0004687500000000004,0.38370542416517317,0.0625,0.03125,0.96875,-0.0050000000000000044,0.0,False,WBCIC_S1S2_to_S3_authorized_development,0
PERSIST_META,EXTRA_TREES_D4,0.0,0.0,0.5,0.7925915404040405,0.7925915404040405,-8.673617379884035e-18,0.38482847499158956,0.375,0.21875,0.78125,-0.010000000000000009,0.0,False,WBCIC_S1S2_to_S3_authorized_development,0
PERSIST_META,EXTRA_TREES_D4,0.0,0.0,1.0,0.7904024621212122,0.7925915404040405,-0.002189078282828284,0.38443540953861155,0.375,0.25,0.75,-0.040000000000000036,0.0,False,WBCIC_S1S2_to_S3_authorized_development,0
PERSIST_META,EXTRA_TREES_D4,0.0,0.0025,0.5,0.7924352904040404,0.7925915404040405,-0.00015625000000000187,0.38549710474956855,0.1875,0.15625,0.84375,-0.010000000000000009,0.0,False,WBCIC_S1S2_to_S3_authorized_development,0
PERSIST_META,EXTRA_TREES_D4,0.0,0.0025,1.0,0.7910290404040405,0.7925915404040405,-0.0015624999999999997,0.38511707574714427,0.1875,0.125,0.875,-0.040000000000000036,0.0,False,WBCIC_S1S2_to_S3_authorized_development,0
PERSIST_META,EXTRA_TREES_D4,0.0,0.005,0.5,0.7924352904040404,0.7925915404040405,-0.00015625000000000187,0.38549710474956855,0.1875,0.15625,0.84375,-0.010000000000000009,0.0,False,WBCIC_S1S2_to_S3_authorized_development,0
PERSIST_META,EXTRA_TREES_D4,0.0,0.005,1.0,0.7910290404040405,0.7925915404040405,-0.0015624999999999997,0.38511707574714427,0.1875,0.125,0.875,-0.040000000000000036,0.0,False,WBCIC_S1S2_to_S3_authorized_development,0
PERSIST_META,EXTRA_TREES_D4,0.5,0.0,0.5,0.7914977904040403,0.7925915404040405,-0.0010937499999999975,0.3866685667641475,0.125,0.09375,0.90625,-0.025000000000000022,0.0,False,WBCIC_S1S2_to_S3_authorized_development,0
PERSIST_META,EXTRA_TREES_D4,0.5,0.0,1.0,0.7922790404040404,0.7925915404040405,-0.000312500000000002,0.3871114409505273,0.125,0.0625,0.9375,-0.040000000000000036,0.0,False,WBCIC_S1S2_to_S3_authorized_development,0
PERSIST_META,EXTRA_TREES_D4,0.5,0.0025,0.5,0.7914977904040403,0.7925915404040405,-0.0010937499999999975,0.3866685667641475,0.125,0.09375,0.90625,-0.025000000000000022,0.0,False,WBCIC_S1S2_to_S3_authorized_development,0
PERSIST_META,EXTRA_TREES_D4,0.5,0.0025,1.0,0.7922790404040404,0.7925915404040405,-0.000312500000000002,0.3871114409505273,0.125,0.0625,0.9375,-0.040000000000000036,0.0,False,WBCIC_S1S2_to_S3_authorized_development,0
PERSIST_META,EXTRA_TREES_D4,0.5,0.005,0.5,0.7922790404040403,0.7925915404040405,-0.0003124999999999968,0.38662141216182194,0.09375,0.0625,0.9375,-0.025000000000000022,0.0,False,WBCIC_S1S2_to_S3_authorized_development,0
PERSIST_META,EXTRA_TREES_D4,0.5,0.005,1.0,0.7935290404040404,0.7925915404040405,0.0009374999999999991,0.38693421998422584,0.09375,0.03125,0.96875,-0.025000000000000022,0.0,False,WBCIC_S1S2_to_S3_authorized_development,0
PERSIST_META,EXTRA_TREES_D4,1.0,0.0,0.5,0.7922790404040403,0.7925915404040405,-0.0003124999999999968,0.38662141216182194,0.09375,0.0625,0.9375,-0.025000000000000022,0.0,False,WBCIC_S1S2_to_S3_authorized_development,0
PERSIST_META,EXTRA_TREES_D4,1.0,0.0,1.0,0.7935290404040404,0.7925915404040405,0.0009374999999999991,0.38693421998422584,0.09375,0.03125,0.96875,-0.025000000000000022,0.0,False,WBCIC_S1S2_to_S3_authorized_development,0
PERSIST_META,EXTRA_TREES_D4,1.0,0.0025,0.5,0.7918102904040404,0.7925915404040405,-0.0007812500000000007,0.3869905957169105,0.03125,0.03125,0.96875,-0.025000000000000022,0.0,False,WBCIC_S1S2_to_S3_authorized_development,0
PERSIST_META,EXTRA_TREES_D4,1.0,0.0025,1.0,0.7918102904040404,0.7925915404040405,-0.0007812500000000007,0.3874453534013119,0.03125,0.03125,0.96875,-0.025000000000000022,0.0,False,WBCIC_S1S2_to_S3_authorized_development,0
PERSIST_META,EXTRA_TREES_D4,1.0,0.005,0.5,0.7918102904040404,0.7925915404040405,-0.0007812500000000007,0.3869905957169105,0.03125,0.03125,0.96875,-0.025000000000000022,0.0,False,WBCIC_S1S2_to_S3_authorized_development,0
PERSIST_META,EXTRA_TREES_D4,1.0,0.005,1.0,0.7918102904040404,0.7925915404040405,-0.0007812500000000007,0.3874453534013119,0.03125,0.03125,0.96875,-0.025000000000000022,0.0,False,WBCIC_S1S2_to_S3_authorized_development,0
META_GENERIC,RIDGE_A1,0.0,0.0,0.5,0.8167630853994491,0.8158539944903582,0.0009090909090908964,0.3620893593962758,0.9696969696969697,0.2727272727272727,0.7272727272727273,-0.014999999999999902,0.0,False,WBCIC_S1S2_to_S3_authorized_development,1
META_GENERIC,RIDGE_A1,0.0,0.0,1.0,0.8210102923171105,0.8158539944903582,0.00515629782675237,0.3559890513907084,0.9696969696969697,0.15151515151515152,0.8484848484848485,-0.014999999999999902,0.00015782828282828731,True,WBCIC_S1S2_to_S3_authorized_development,1
META_GENERIC,RIDGE_A1,0.0,0.0025,0.5,0.816611570247934,0.8158539944903582,0.0007575757575757448,0.3621869227195342,0.9393939393939394,0.2727272727272727,0.7272727272727273,-0.014999999999999902,0.0,False,WBCIC_S1S2_to_S3_authorized_development,1
META_GENERIC,RIDGE_A1,0.0,0.0025,1.0,0.8208587771655953,0.8158539944903582,0.005004782675237219,0.3561347673624715,0.9393939393939394,0.15151515151515152,0.8484848484848485,-0.014999999999999902,0.0,False,WBCIC_S1S2_to_S3_authorized_development,1
META_GENERIC,RIDGE_A1,0.0,0.005,0.5,0.8167630853994491,0.8158539944903582,0.0009090909090908964,0.36248579945475756,0.8484848484848485,0.24242424242424243,0.7575757575757576,-0.014999999999999902,0.0,False,WBCIC_S1S2_to_S3_authorized_development,1
META_GENERIC,RIDGE_A1,0.0,0.005,1.0,0.8205557468625652,0.8158539944903582,0.004701752372206919,0.35654257869122,0.8484848484848485,0.15151515151515152,0.8484848484848485,-0.014999999999999902,0.0,False,WBCIC_S1S2_to_S3_authorized_development,1
META_GENERIC,RIDGE_A1,0.5,0.0,0.5,0.8167630853994491,0.8158539944903582,0.0009090909090909031,0.3646254406912352,0.36363636363636365,0.09090909090909091,0.9090909090909091,-0.0050000000000001155,0.0,False,WBCIC_S1S2_to_S3_authorized_development,1
META_GENERIC,RIDGE_A1,0.5,0.0,1.0,0.8197933884297521,0.8158539944903582,0.00393939393939394,0.3590473952968412,0.36363636363636365,0.030303030303030304,0.9696969696969697,-0.004999999999999893,0.0,False,WBCIC_S1S2_to_S3_authorized_development,1
META_GENERIC,RIDGE_A1,0.5,0.0025,0.5,0.8169146005509642,0.8158539944903582,0.0010606060606060549,0.36462823330029814,0.30303030303030304,0.06060606060606061,0.9393939393939394,-0.0050000000000001155,0.0,False,WBCIC_S1S2_to_S3_authorized_development,1
META_GENERIC,RIDGE_A1,0.5,0.0025,1.0,0.8197933884297521,0.8158539944903582,0.00393939393939394,0.3590176014629472,0.30303030303030304,0.030303030303030304,0.9696969696969697,-0.004999999999999893,0.0,False,WBCIC_S1S2_to_S3_authorized_development,1
META_GENERIC,RIDGE_A1,0.5,0.005,0.5,0.8169146005509642,0.8158539944903582,0.0010606060606060549,0.36456646920890673,0.2727272727272727,0.06060606060606061,0.9393939393939394,-0.0050000000000001155,0.0,False,WBCIC_S1S2_to_S3_authorized_development,1
META_GENERIC,RIDGE_A1,0.5,0.005,1.0,0.8197933884297521,0.8158539944903582,0.00393939393939394,0.3587337866982786,0.2727272727272727,0.030303030303030304,0.9696969696969697,-0.004999999999999893,0.0,False,WBCIC_S1S2_to_S3_authorized_development,1
META_GENERIC,RIDGE_A1,1.0,0.0,0.5,0.8167630853994491,0.8158539944903582,0.0009090909090909065,0.36596554263225267,0.21212121212121213,0.030303030303030304,0.9696969696969697,-0.004999999999999893,0.0,False,WBCIC_S1S2_to_S3_authorized_development,1
META_GENERIC,RIDGE_A1,1.0,0.0,1.0,0.8188842975206612,0.8158539944903582,0.0030303030303030294,0.361242494179089,0.21212121212121213,0.030303030303030304,0.9696969696969697,-0.004999999999999893,0.0,False,WBCIC_S1S2_to_S3_authorized_development,1
META_GENERIC,RIDGE_A1,1.0,0.0025,0.5,0.8167630853994491,0.8158539944903582,0.0009090909090909065,0.36596554263225267,0.21212121212121213,0.030303030303030304,0.9696969696969697,-0.004999999999999893,0.0,False,WBCIC_S1S2_to_S3_authorized_development,1
META_GENERIC,RIDGE_A1,1.0,0.0025,1.0,0.8188842975206612,0.8158539944903582,0.0030303030303030294,0.361242494179089,0.21212121212121213,0.030303030303030304,0.9696969696969697,-0.004999999999999893,0.0,False,WBCIC_S1S2_to_S3_authorized_development,1
META_GENERIC,RIDGE_A1,1.0,0.005,0.5,0.8166115702479338,0.8158539944903582,0.0007575757575757549,0.366553995891576,0.15151515151515152,0.030303030303030304,0.9696969696969697,-0.004999999999999893,0.0,False,WBCIC_S1S2_to_S3_authorized_development,1
META_GENERIC,RIDGE_A1,1.0,0.005,1.0,0.8185812672176308,0.8158539944903582,0.002727272727272726,0.3622733478591537,0.15151515151515152,0.030303030303030304,0.9696969696969697,-0.004999999999999893,0.0,False,WBCIC_S1S2_to_S3_authorized_development,1
META_GENERIC,RIDGE_A10,0.0,0.0,0.5,0.8155509641873278,0.8158539944903582,-0.0003030303030303201,0.36352947149422404,0.9696969696969697,0.3333333333333333,0.6666666666666666,-0.014999999999999902,0.0,False,WBCIC_S1S2_to_S3_authorized_development,1
META_GENERIC,RIDGE_A10,0.0,0.0,1.0,0.8202527165595348,0.8158539944903582,0.004398722069176616,0.3589286290934721,0.9696969696969697,0.18181818181818182,0.8181818181818182,-0.014999999999999902,0.00015782828282828731,False,WBCIC_S1S2_to_S3_authorized_development,1
META_GENERIC,RIDGE_A10,0.0,0.0025,0.5,0.8155509641873278,0.8158539944903582,-0.0003030303030303201,0.36352947149422404,0.9696969696969697,0.3333333333333333,0.6666666666666666,-0.014999999999999902,0.0,False,WBCIC_S1S2_to_S3_authorized_development,1
META_GENERIC,RIDGE_A10,0.0,0.0025,1.0,0.8202527165595348,0.8158539944903582,0.004398722069176616,0.3589286290934721,0.9696969696969697,0.18181818181818182,0.8181818181818182,-0.014999999999999902,0.00015782828282828731,False,WBCIC_S1S2_to_S3_authorized_development,1
META_GENERIC,RIDGE_A10,0.0,0.005,0.5,0.8153994490358127,0.8158539944903582,-0.0004545454545454718,0.36395705606019524,0.7878787878787878,0.2727272727272727,0.7272727272727273,-0.014999999999999902,0.0,False,WBCIC_S1S2_to_S3_authorized_development,1
META_GENERIC,RIDGE_A10,0.0,0.005,1.0,0.8197981711049893,0.8158539944903582,0.003944176614631163,0.35945749883654826,0.7878787878787878,0.18181818181818182,0.8181818181818182,-0.014999999999999902,0.0,False,WBCIC_S1S2_to_S3_authorized_development,1
META_GENERIC,RIDGE_A10,0.5,0.0,0.5,0.8160055096418734,0.8158539944903582,0.00015151515151514157,0.3658784644603066,0.3333333333333333,0.12121212121212122,0.8787878787878788,-0.010000000000000009,0.0,False,WBCIC_S1S2_to_S3_authorized_development,1
META_GENERIC,RIDGE_A10,0.5,0.0,1.0,0.8188890801958985,0.8158539944903582,0.003035085705540247,0.36147595517414327,0.3333333333333333,0.06060606060606061,0.9393939393939394,-0.0050000000000001155,0.0,False,WBCIC_S1S2_to_S3_authorized_development,1
META_GENERIC,RIDGE_A10,0.5,0.0025,0.5,0.8161570247933885,0.8158539944903582,0.0003030303030302966,0.36591720086256985,0.2727272727272727,0.09090909090909091,0.9090909090909091,-0.010000000000000009,0.0,False,WBCIC_S1S2_to_S3_authorized_development,1
META_GENERIC,RIDGE_A10,0.5,0.0025,1.0,0.8190405953474135,0.8158539944903582,0.0031866008570554023,0.3613663953992381,0.2727272727272727,0.030303030303030304,0.9696969696969697,-0.004999999999999893,0.0,False,WBCIC_S1S2_to_S3_authorized_development,1
META_GENERIC,RIDGE_A10,0.5,0.005,0.5,0.8161570247933885,0.8158539944903582,0.0003030303030302966,0.36591720086256985,0.2727272727272727,0.09090909090909091,0.9090909090909091,-0.010000000000000009,0.0,False,WBCIC_S1S2_to_S3_authorized_development,1
META_GENERIC,RIDGE_A10,0.5,0.005,1.0,0.8190405953474135,0.8158539944903582,0.0031866008570554023,0.3613663953992381,0.2727272727272727,0.030303030303030304,0.9696969696969697,-0.004999999999999893,0.0,False,WBCIC_S1S2_to_S3_authorized_development,1
META_GENERIC,RIDGE_A10,1.0,0.0,0.5,0.8166115702479338,0.8158539944903582,0.0007575757575757549,0.3666085570753703,0.18181818181818182,0.030303030303030304,0.9696969696969697,-0.004999999999999893,0.0,False,WBCIC_S1S2_to_S3_authorized_development,1
META_GENERIC,RIDGE_A10,1.0,0.0,1.0,0.8185812672176308,0.8158539944903582,0.002727272727272726,0.36241094656824807,0.18181818181818182,0.030303030303030304,0.9696969696969697,-0.004999999999999893,0.0,False,WBCIC_S1S2_to_S3_authorized_development,1
META_GENERIC,RIDGE_A10,1.0,0.0025,0.5,0.8166115702479338,0.8158539944903582,0.0007575757575757549,0.3666085570753703,0.18181818181818182,0.030303030303030304,0.9696969696969697,-0.004999999999999893,0.0,False,WBCIC_S1S2_to_S3_authorized_development,1
META_GENERIC,RIDGE_A10,1.0,0.0025,1.0,0.8185812672176308,0.8158539944903582,0.002727272727272726,0.36241094656824807,0.18181818181818182,0.030303030303030304,0.9696969696969697,-0.004999999999999893,0.0,False,WBCIC_S1S2_to_S3_authorized_development,1
META_GENERIC,RIDGE_A10,1.0,0.005,0.5,0.8166115702479338,0.8158539944903582,0.0007575757575757549,0.366553995891576,0.15151515151515152,0.030303030303030304,0.9696969696969697,-0.004999999999999893,0.0,False,WBCIC_S1S2_to_S3_authorized_development,1
META_GENERIC,RIDGE_A10,1.0,0.005,1.0,0.8185812672176308,0.8158539944903582,0.002727272727272726,0.3622733478591537,0.15151515151515152,0.030303030303030304,0.9696969696969697,-0.004999999999999893,0.0,False,WBCIC_S1S2_to_S3_authorized_development,1
META_GENERIC,EXTRA_TREES_D4,0.0,0.0,0.5,0.8155509641873279,0.8158539944903582,-0.00030303030303029994,0.3690142013390699,0.36363636363636365,0.12121212121212122,0.8787878787878788,-0.020000000000000018,0.0,False,WBCIC_S1S2_to_S3_authorized_development,1
META_GENERIC,EXTRA_TREES_D4,0.0,0.0,1.0,0.8152479338842976,0.8158539944903582,-0.0006060606060606032,0.36744766012081514,0.36363636363636365,0.18181818181818182,0.8181818181818182,-0.030000000000000027,0.0,False,WBCIC_S1S2_to_S3_authorized_development,1
META_GENERIC,EXTRA_TREES_D4,0.0,0.0025,0.5,0.815702479338843,0.8158539944903582,-0.00015151515151515165,0.3690227443686969,0.24242424242424243,0.09090909090909091,0.9090909090909091,-0.020000000000000018,0.0,False,WBCIC_S1S2_to_S3_authorized_development,1
META_GENERIC,EXTRA_TREES_D4,0.0,0.0025,1.0,0.8155509641873279,0.8158539944903582,-0.0003030303030303033,0.36692161904169385,0.24242424242424243,0.12121212121212122,0.8787878787878788,-0.030000000000000027,0.0,False,WBCIC_S1S2_to_S3_authorized_development,1
META_GENERIC,EXTRA_TREES_D4,0.0,0.005,0.5,0.8153994490358126,0.8158539944903582,-0.00045454545454545156,0.3688351654946094,0.21212121212121213,0.09090909090909091,0.9090909090909091,-0.020000000000000018,0.0,False,WBCIC_S1S2_to_S3_authorized_development,1
META_GENERIC,EXTRA_TREES_D4,0.0,0.005,1.0,0.8150964187327824,0.8158539944903582,-0.0007575757575757549,0.3664380614213009,0.21212121212121213,0.12121212121212122,0.8787878787878788,-0.030000000000000027,0.0,False,WBCIC_S1S2_to_S3_authorized_development,1
META_GENERIC,EXTRA_TREES_D4,0.5,0.0,0.5,0.8161570247933886,0.8158539944903582,0.00030303030303030666,0.3708156131039619,0.21212121212121213,0.09090909090909091,0.9090909090909091,-0.020000000000000018,0.0,False,WBCIC_S1S2_to_S3_authorized_development,1
META_GENERIC,EXTRA_TREES_D4,0.5,0.0,1.0,0.8166115702479338,0.8158539944903582,0.0007575757575757582,0.3704046010127536,0.21212121212121213,0.06060606060606061,0.9393939393939394,-0.030000000000000027,0.0,False,WBCIC_S1S2_to_S3_authorized_development,1
META_GENERIC,EXTRA_TREES_D4,0.5,0.0025,0.5,0.8160055096418734,0.8158539944903582,0.00015151515151515165,0.371017785669101,0.18181818181818182,0.09090909090909091,0.9090909090909091,-0.020000000000000018,0.0,False,WBCIC_S1S2_to_S3_authorized_development,1
META_GENERIC,EXTRA_TREES_D4,0.5,0.0025,1.0,0.8163085399449036,0.8158539944903582,0.00045454545454545156,0.3707464916420774,0.18181818181818182,0.06060606060606061,0.9393939393939394,-0.030000000000000027,0.0,False,WBCIC_S1S2_to_S3_authorized_development,1
META_GENERIC,EXTRA_TREES_D4,0.5,0.005,0.5,0.8163085399449036,0.8158539944903582,0.0004545454545454549,0.3712881497293631,0.15151515151515152,0.06060606060606061,0.9393939393939394,-0.020000000000000018,0.0,False,WBCIC_S1S2_to_S3_authorized_development,1
META_GENERIC,EXTRA_TREES_D4,0.5,0.005,1.0,0.8158539944903581,0.8158539944903582,-3.3643121958338078e-18,0.3711879355725591,0.15151515151515152,0.06060606060606061,0.9393939393939394,-0.030000000000000027,0.0,False,WBCIC_S1S2_to_S3_authorized_development,1
META_GENERIC,EXTRA_TREES_D4,1.0,0.0,0.5,0.8158539944903581,0.8158539944903582,0.0,0.3712551610488547,0.15151515151515152,0.09090909090909091,0.9090909090909091,-0.020000000000000018,0.0,False,WBCIC_S1S2_to_S3_authorized_development,1
META_GENERIC,EXTRA_TREES_D4,1.0,0.0,1.0,0.8163085399449036,0.8158539944903582,0.00045454545454545156,0.3709147885847066,0.15151515151515152,0.030303030303030304,0.9696969696969697,-0.030000000000000027,0.0,False,WBCIC_S1S2_to_S3_authorized_development,1
META_GENERIC,EXTRA_TREES_D4,1.0,0.0025,0.5,0.8153994490358126,0.8158539944903582,-0.00045454545454545834,0.3713675469320233,0.12121212121212122,0.09090909090909091,0.9090909090909091,-0.020000000000000018,0.0,False,WBCIC_S1S2_to_S3_authorized_development,1
META_GENERIC,EXTRA_TREES_D4,1.0,0.0025,1.0,0.8163085399449036,0.8158539944903582,0.00045454545454545156,0.37103341638032344,0.12121212121212122,0.030303030303030304,0.9696969696969697,-0.030000000000000027,0.0,False,WBCIC_S1S2_to_S3_authorized_development,1
META_GENERIC,EXTRA_TREES_D4,1.0,0.005,0.5,0.8153994490358126,0.8158539944903582,-0.00045454545454545834,0.3713675469320233,0.12121212121212122,0.09090909090909091,0.9090909090909091,-0.020000000000000018,0.0,False,WBCIC_S1S2_to_S3_authorized_development,1
META_GENERIC,EXTRA_TREES_D4,1.0,0.005,1.0,0.8163085399449036,0.8158539944903582,0.00045454545454545156,0.37103341638032344,0.12121212121212122,0.030303030303030304,0.9696969696969697,-0.030000000000000027,0.0,False,WBCIC_S1S2_to_S3_authorized_development,1
PERSIST_META,RIDGE_A1,0.0,0.0,0.5,0.8160055096418734,0.8158539944903582,0.00015151515151514493,0.3630404294058124,1.0,0.36363636363636365,0.6363636363636364,-0.014999999999999902,0.0,False,WBCIC_S1S2_to_S3_authorized_development,1
PERSIST_META,RIDGE_A1,0.0,0.0,1.0,0.8191921104989287,0.8158539944903582,0.003338116008570557,0.3583979197971406,1.0,0.3333333333333333,0.6666666666666666,-0.014999999999999902,0.0,True,WBCIC_S1S2_to_S3_authorized_development,1
PERSIST_META,RIDGE_A1,0.0,0.0025,0.5,0.8160055096418734,0.8158539944903582,0.00015151515151514493,0.3630404294058124,1.0,0.36363636363636365,0.6363636363636364,-0.014999999999999902,0.0,False,WBCIC_S1S2_to_S3_authorized_development,1
PERSIST_META,RIDGE_A1,0.0,0.0025,1.0,0.8191921104989287,0.8158539944903582,0.003338116008570557,0.3583979197971406,1.0,0.3333333333333333,0.6666666666666666,-0.014999999999999902,0.0,False,WBCIC_S1S2_to_S3_authorized_development,1
PERSIST_META,RIDGE_A1,0.0,0.005,0.5,0.8160055096418734,0.8158539944903582,0.00015151515151514493,0.3630404294058124,1.0,0.36363636363636365,0.6363636363636364,-0.014999999999999902,0.0,False,WBCIC_S1S2_to_S3_authorized_development,1
PERSIST_META,RIDGE_A1,0.0,0.005,1.0,0.8191921104989287,0.8158539944903582,0.003338116008570557,0.3583979197971406,1.0,0.3333333333333333,0.6666666666666666,-0.014999999999999902,0.0,False,WBCIC_S1S2_to_S3_authorized_development,1
PERSIST_META,RIDGE_A1,0.5,0.0,0.5,0.8163085399449037,0.8158539944903582,0.00045454545454544484,0.3657487492189684,0.21212121212121213,0.09090909090909091,0.9090909090909091,-0.0050000000000001155,0.0,False,WBCIC_S1S2_to_S3_authorized_development,1
PERSIST_META,RIDGE_A1,0.5,0.0,1.0,0.8182782369146006,0.8158539944903582,0.002424242424242423,0.36095860860822654,0.21212121212121213,0.06060606060606061,0.9393939393939394,-0.010000000000000009,0.0,False,WBCIC_S1S2_to_S3_authorized_development,1
PERSIST_META,RIDGE_A1,0.5,0.0025,0.5,0.8164600550964187,0.8158539944903582,0.0006060606060605999,0.3656442917417771,0.18181818181818182,0.06060606060606061,0.9393939393939394,-0.0050000000000001155,0.0,False,WBCIC_S1S2_to_S3_authorized_development,1
PERSIST_META,RIDGE_A1,0.5,0.0025,1.0,0.8185812672176308,0.8158539944903582,0.002727272727272726,0.36060118868696106,0.18181818181818182,0.030303030303030304,0.9696969696969697,-0.004999999999999893,0.0,False,WBCIC_S1S2_to_S3_authorized_development,1
PERSIST_META,RIDGE_A1,0.5,0.005,0.5,0.8166115702479338,0.8158539944903582,0.0007575757575757549,0.366553995891576,0.15151515151515152,0.030303030303030304,0.9696969696969697,-0.004999999999999893,0.0,False,WBCIC_S1S2_to_S3_authorized_development,1
PERSIST_META,RIDGE_A1,0.5,0.005,1.0,0.8185812672176308,0.8158539944903582,0.002727272727272726,0.3622733478591537,0.15151515151515152,0.030303030303030304,0.9696969696969697,-0.004999999999999893,0.0,False,WBCIC_S1S2_to_S3_authorized_development,1
PERSIST_META,RIDGE_A1,1.0,0.0,0.5,0.8160055096418734,0.8158539944903582,0.00015151515151515165,0.37218210012768677,0.030303030303030304,0.0,1.0,0.0,0.0,False,WBCIC_S1S2_to_S3_authorized_development,1
PERSIST_META,RIDGE_A1,1.0,0.0,1.0,0.8161570247933886,0.8158539944903582,0.0003030303030303033,0.3725823584053895,0.030303030303030304,0.0,1.0,0.0,0.0,False,WBCIC_S1S2_to_S3_authorized_development,1
PERSIST_META,RIDGE_A1,1.0,0.0025,0.5,0.8160055096418734,0.8158539944903582,0.00015151515151515165,0.37218210012768677,0.030303030303030304,0.0,1.0,0.0,0.0,False,WBCIC_S1S2_to_S3_authorized_development,1
PERSIST_META,RIDGE_A1,1.0,0.0025,1.0,0.8161570247933886,0.8158539944903582,0.0003030303030303033,0.3725823584053895,0.030303030303030304,0.0,1.0,0.0,0.0,False,WBCIC_S1S2_to_S3_authorized_development,1
PERSIST_META,RIDGE_A1,1.0,0.005,0.5,0.8160055096418734,0.8158539944903582,0.00015151515151515165,0.37218210012768677,0.030303030303030304,0.0,1.0,0.0,0.0,False,WBCIC_S1S2_to_S3_authorized_development,1
PERSIST_META,RIDGE_A1,1.0,0.005,1.0,0.8161570247933886,0.8158539944903582,0.0003030303030303033,0.3725823584053895,0.030303030303030304,0.0,1.0,0.0,0.0,False,WBCIC_S1S2_to_S3_authorized_development,1
PERSIST_META,RIDGE_A10,0.0,0.0,0.5,0.8161570247933885,0.8158539944903582,0.00030303030303028986,0.36446291147045135,0.9393939393939394,0.2727272727272727,0.7272727272727273,-0.014999999999999902,0.0,False,WBCIC_S1S2_to_S3_authorized_development,1
PERSIST_META,RIDGE_A10,0.0,0.0,1.0,0.8172224135292316,0.8158539944903582,0.001368419038873589,0.36013212117609184,0.9393939393939394,0.30303030303030304,0.696969696969697,-0.025000000000000022,0.0,False,WBCIC_S1S2_to_S3_authorized_development,1
PERSIST_META,RIDGE_A10,0.0,0.0025,0.5,0.8161570247933885,0.8158539944903582,0.00030303030303028986,0.36446291147045135,0.9393939393939394,0.2727272727272727,0.7272727272727273,-0.014999999999999902,0.0,False,WBCIC_S1S2_to_S3_authorized_development,1
PERSIST_META,RIDGE_A10,0.0,0.0025,1.0,0.8172224135292316,0.8158539944903582,0.001368419038873589,0.36013212117609184,0.9393939393939394,0.30303030303030304,0.696969696969697,-0.025000000000000022,0.0,False,WBCIC_S1S2_to_S3_authorized_development,1
PERSIST_META,RIDGE_A10,0.0,0.005,0.5,0.8163085399449037,0.8158539944903582,0.00045454545454544484,0.36446525692028875,0.7878787878787878,0.21212121212121213,0.7878787878787878,-0.014999999999999902,0.0,False,WBCIC_S1S2_to_S3_authorized_development,1
PERSIST_META,RIDGE_A10,0.0,0.005,1.0,0.8176769589837771,0.8158539944903582,0.001822964493419044,0.3598987178747523,0.7878787878787878,0.24242424242424243,0.7575757575757576,-0.025000000000000022,0.0,False,WBCIC_S1S2_to_S3_authorized_development,1
PERSIST_META,RIDGE_A10,0.5,0.0,0.5,0.8164600550964188,0.8158539944903582,0.0006060606060605965,0.3656315736838063,0.3333333333333333,0.09090909090909091,0.9090909090909091,-0.0050000000000001155,0.0,False,WBCIC_S1S2_to_S3_authorized_development,1
PERSIST_META,RIDGE_A10,0.5,0.0,1.0,0.8182830195898377,0.8158539944903582,0.002429025099479647,0.3608374562981311,0.3333333333333333,0.06060606060606061,0.9393939393939394,-0.010000000000000009,0.0,False,WBCIC_S1S2_to_S3_authorized_development,1
PERSIST_META,RIDGE_A10,0.5,0.0025,0.5,0.8163085399449037,0.8158539944903582,0.00045454545454544484,0.36573758153950076,0.2727272727272727,0.09090909090909091,0.9090909090909091,-0.0050000000000001155,0.0,False,WBCIC_S1S2_to_S3_authorized_development,1
PERSIST_META,RIDGE_A10,0.5,0.0025,1.0,0.8182782369146006,0.8158539944903582,0.002424242424242423,0.36095148353694434,0.2727272727272727,0.06060606060606061,0.9393939393939394,-0.010000000000000009,0.0,False,WBCIC_S1S2_to_S3_authorized_development,1
PERSIST_META,RIDGE_A10,0.5,0.005,0.5,0.8164600550964187,0.8158539944903582,0.0006060606060605999,0.3656442917417771,0.18181818181818182,0.06060606060606061,0.9393939393939394,-0.0050000000000001155,0.0,False,WBCIC_S1S2_to_S3_authorized_development,1
PERSIST_META,RIDGE_A10,0.5,0.005,1.0,0.8185812672176308,0.8158539944903582,0.002727272727272726,0.36060118868696106,0.18181818181818182,0.030303030303030304,0.9696969696969697,-0.004999999999999893,0.0,False,WBCIC_S1S2_to_S3_authorized_development,1
PERSIST_META,RIDGE_A10,1.0,0.0,0.5,0.8166115702479338,0.8158539944903582,0.0007575757575757549,0.366553995891576,0.15151515151515152,0.030303030303030304,0.9696969696969697,-0.004999999999999893,0.0,False,WBCIC_S1S2_to_S3_authorized_development,1
PERSIST_META,RIDGE_A10,1.0,0.0,1.0,0.8185812672176308,0.8158539944903582,0.002727272727272726,0.3622733478591537,0.15151515151515152,0.030303030303030304,0.9696969696969697,-0.004999999999999893,0.0,False,WBCIC_S1S2_to_S3_authorized_development,1
PERSIST_META,RIDGE_A10,1.0,0.0025,0.5,0.8166115702479338,0.8158539944903582,0.0007575757575757549,0.366553995891576,0.15151515151515152,0.030303030303030304,0.9696969696969697,-0.004999999999999893,0.0,False,WBCIC_S1S2_to_S3_authorized_development,1
PERSIST_META,RIDGE_A10,1.0,0.0025,1.0,0.8185812672176308,0.8158539944903582,0.002727272727272726,0.3622733478591537,0.15151515151515152,0.030303030303030304,0.9696969696969697,-0.004999999999999893,0.0,False,WBCIC_S1S2_to_S3_authorized_development,1
PERSIST_META,RIDGE_A10,1.0,0.005,0.5,0.8166115702479338,0.8158539944903582,0.0007575757575757549,0.366553995891576,0.15151515151515152,0.030303030303030304,0.9696969696969697,-0.004999999999999893,0.0,False,WBCIC_S1S2_to_S3_authorized_development,1
PERSIST_META,RIDGE_A10,1.0,0.005,1.0,0.8185812672176308,0.8158539944903582,0.002727272727272726,0.3622733478591537,0.15151515151515152,0.030303030303030304,0.9696969696969697,-0.004999999999999893,0.0,False,WBCIC_S1S2_to_S3_authorized_development,1
PERSIST_META,EXTRA_TREES_D4,0.0,0.0,0.5,0.8170661157024793,0.8158539944903582,0.0012121212121212097,0.3671163661382781,0.48484848484848486,0.09090909090909091,0.9090909090909091,-0.014999999999999902,0.0,False,WBCIC_S1S2_to_S3_authorized_development,1
PERSIST_META,EXTRA_TREES_D4,0.0,0.0,1.0,0.8178236914600551,0.8158539944903582,0.0019696969696969715,0.36427930341696413,0.48484848484848486,0.15151515151515152,0.8484848484848485,-0.014999999999999902,0.0,False,WBCIC_S1S2_to_S3_authorized_development,1
PERSIST_META,EXTRA_TREES_D4,0.0,0.0025,0.5,0.816611570247934,0.8158539944903582,0.0007575757575757549,0.36714069530969035,0.2727272727272727,0.06060606060606061,0.9393939393939394,-0.014999999999999902,0.0,False,WBCIC_S1S2_to_S3_authorized_development,1
PERSIST_META,EXTRA_TREES_D4,0.0,0.0025,1.0,0.8169146005509642,0.8158539944903582,0.0010606060606060616,0.363475943061363,0.2727272727272727,0.09090909090909091,0.9090909090909091,-0.014999999999999902,0.0,False,WBCIC_S1S2_to_S3_authorized_development,1
PERSIST_META,EXTRA_TREES_D4,0.0,0.005,0.5,0.816611570247934,0.8158539944903582,0.0007575757575757549,0.36714069530969035,0.2727272727272727,0.06060606060606061,0.9393939393939394,-0.014999999999999902,0.0,False,WBCIC_S1S2_to_S3_authorized_development,1
PERSIST_META,EXTRA_TREES_D4,0.0,0.005,1.0,0.8169146005509642,0.8158539944903582,0.0010606060606060616,0.363475943061363,0.2727272727272727,0.09090909090909091,0.9090909090909091,-0.014999999999999902,0.0,False,WBCIC_S1S2_to_S3_authorized_development,1
PERSIST_META,EXTRA_TREES_D4,0.5,0.0,0.5,0.8163085399449036,0.8158539944903582,0.00045454545454545834,0.36828593207323446,0.21212121212121213,0.06060606060606061,0.9393939393939394,-0.014999999999999902,0.0,False,WBCIC_S1S2_to_S3_authorized_development,1
PERSIST_META,EXTRA_TREES_D4,0.5,0.0,1.0,0.8163085399449036,0.8158539944903582,0.0004545454545454549,0.36541402087008473,0.21212121212121213,0.09090909090909091,0.9090909090909091,-0.014999999999999902,0.0,False,WBCIC_S1S2_to_S3_authorized_development,1
PERSIST_META,EXTRA_TREES_D4,0.5,0.0025,0.5,0.8163085399449036,0.8158539944903582,0.00045454545454545834,0.36828593207323446,0.21212121212121213,0.06060606060606061,0.9393939393939394,-0.014999999999999902,0.0,False,WBCIC_S1S2_to_S3_authorized_development,1
PERSIST_META,EXTRA_TREES_D4,0.5,0.0025,1.0,0.8163085399449036,0.8158539944903582,0.0004545454545454549,0.36541402087008473,0.21212121212121213,0.09090909090909091,0.9090909090909091,-0.014999999999999902,0.0,False,WBCIC_S1S2_to_S3_authorized_development,1
PERSIST_META,EXTRA_TREES_D4,0.5,0.005,0.5,0.8167630853994491,0.8158539944903582,0.0009090909090909098,0.3686619261236875,0.18181818181818182,0.030303030303030304,0.9696969696969697,-0.0050000000000000044,0.0,False,WBCIC_S1S2_to_S3_authorized_development,1
PERSIST_META,EXTRA_TREES_D4,0.5,0.005,1.0,0.8167630853994491,0.8158539944903582,0.0009090909090909065,0.3661390186248572,0.18181818181818182,0.06060606060606061,0.9393939393939394,-0.010000000000000009,0.0,False,WBCIC_S1S2_to_S3_authorized_development,1
PERSIST_META,EXTRA_TREES_D4,1.0,0.0,0.5,0.8167630853994491,0.8158539944903582,0.0009090909090909098,0.3701391446043251,0.18181818181818182,0.030303030303030304,0.9696969696969697,-0.0050000000000000044,0.0,False,WBCIC_S1S2_to_S3_authorized_development,1
PERSIST_META,EXTRA_TREES_D4,1.0,0.0,1.0,0.8170661157024793,0.8158539944903582,0.0012121212121212065,0.3688513073174508,0.18181818181818182,0.030303030303030304,0.9696969696969697,-0.0050000000000000044,0.0,False,WBCIC_S1S2_to_S3_authorized_development,1
PERSIST_META,EXTRA_TREES_D4,1.0,0.0025,0.5,0.8167630853994491,0.8158539944903582,0.0009090909090909098,0.3701391446043251,0.18181818181818182,0.030303030303030304,0.9696969696969697,-0.0050000000000000044,0.0,False,WBCIC_S1S2_to_S3_authorized_development,1
PERSIST_META,EXTRA_TREES_D4,1.0,0.0025,1.0,0.8170661157024793,0.8158539944903582,0.0012121212121212065,0.3688513073174508,0.18181818181818182,0.030303030303030304,0.9696969696969697,-0.0050000000000000044,0.0,False,WBCIC_S1S2_to_S3_authorized_development,1
PERSIST_META,EXTRA_TREES_D4,1.0,0.005,0.5,0.8161570247933885,0.8158539944903582,0.00030303030303029994,0.3716011619751187,0.09090909090909091,0.030303030303030304,0.9696969696969697,-0.0050000000000000044,0.0,False,WBCIC_S1S2_to_S3_authorized_development,1
PERSIST_META,EXTRA_TREES_D4,1.0,0.005,1.0,0.8167630853994491,0.8158539944903582,0.0009090909090909065,0.3714935187242602,0.09090909090909091,0.030303030303030304,0.9696969696969697,-0.0050000000000000044,0.0,False,WBCIC_S1S2_to_S3_authorized_development,1
META_GENERIC,RIDGE_A1,0.0,0.0,0.5,0.8069149831649832,0.8078177609427609,-0.000902777777777781,0.37224644341342,0.9696969696969697,0.45454545454545453,0.5454545454545454,-0.020000000000000018,0.0,False,WBCIC_S1S2_to_S3_authorized_development,2
META_GENERIC,RIDGE_A1,0.0,0.0,1.0,0.8060089531680441,0.8078177609427609,-0.0018088077747168679,0.3718187110986131,0.9696969696969697,0.5151515151515151,0.48484848484848486,-0.015000000000000013,-1.1102230246251565e-16,False,WBCIC_S1S2_to_S3_authorized_development,2
META_GENERIC,RIDGE_A1,0.0,0.0025,0.5,0.8069149831649832,0.8078177609427609,-0.000902777777777781,0.3720724835039389,0.9393939393939394,0.45454545454545453,0.5454545454545454,-0.020000000000000018,0.0,False,WBCIC_S1S2_to_S3_authorized_development,2
META_GENERIC,RIDGE_A1,0.0,0.0025,1.0,0.8060089531680441,0.8078177609427609,-0.0018088077747168679,0.3714021281006071,0.9393939393939394,0.5151515151515151,0.48484848484848486,-0.015000000000000013,-1.1102230246251565e-16,False,WBCIC_S1S2_to_S3_authorized_development,2
META_GENERIC,RIDGE_A1,0.0,0.005,0.5,0.8069149831649832,0.8078177609427609,-0.0009027777777777776,0.3723407443397301,0.8181818181818182,0.42424242424242425,0.5757575757575758,-0.020000000000000018,0.0,False,WBCIC_S1S2_to_S3_authorized_development,2
META_GENERIC,RIDGE_A1,0.0,0.005,1.0,0.8064634986225895,0.8078177609427609,-0.0013542623201714063,0.37169966283219263,0.8181818181818182,0.42424242424242425,0.5757575757575758,-0.015000000000000013,0.0,False,WBCIC_S1S2_to_S3_authorized_development,2
META_GENERIC,RIDGE_A1,0.5,0.0,0.5,0.8056902356902357,0.8078177609427609,-0.0021275252525252454,0.37291927923482016,0.6060606060606061,0.3333333333333333,0.6666666666666666,-0.020000000000000018,0.0,False,WBCIC_S1S2_to_S3_authorized_development,2
META_GENERIC,RIDGE_A1,0.5,0.0,1.0,0.8053872053872053,0.8078177609427609,-0.002430555555555562,0.3709604811340248,0.6060606060606061,0.3333333333333333,0.6666666666666666,-0.015000000000000013,0.0,False,WBCIC_S1S2_to_S3_authorized_development,2
META_GENERIC,RIDGE_A1,0.5,0.0025,0.5,0.8058417508417508,0.8078177609427609,-0.001976010101010097,0.37248942283191827,0.48484848484848486,0.30303030303030304,0.696969696969697,-0.020000000000000018,0.0,False,WBCIC_S1S2_to_S3_authorized_development,2
META_GENERIC,RIDGE_A1,0.5,0.0025,1.0,0.8055387205387204,0.8078177609427609,-0.002279040404040407,0.3699741908923641,0.48484848484848486,0.2727272727272727,0.7272727272727273,-0.015000000000000013,0.0,False,WBCIC_S1S2_to_S3_authorized_development,2
META_GENERIC,RIDGE_A1,0.5,0.005,0.5,0.8058417508417508,0.8078177609427609,-0.001976010101010097,0.37248942283191827,0.48484848484848486,0.30303030303030304,0.696969696969697,-0.020000000000000018,0.0,False,WBCIC_S1S2_to_S3_authorized_development,2
META_GENERIC,RIDGE_A1,0.5,0.005,1.0,0.8055387205387204,0.8078177609427609,-0.002279040404040407,0.3699741908923641,0.48484848484848486,0.2727272727272727,0.7272727272727273,-0.015000000000000013,0.0,False,WBCIC_S1S2_to_S3_authorized_development,2
META_GENERIC,RIDGE_A1,1.0,0.0,0.5,0.8070601851851852,0.8078177609427609,-0.0007575757575757481,0.3735741066031912,0.36363636363636365,0.18181818181818182,0.8181818181818182,-0.010000000000000009,0.0,False,WBCIC_S1S2_to_S3_authorized_development,2
META_GENERIC,RIDGE_A1,1.0,0.0,1.0,0.8064556550352004,0.8078177609427609,-0.0013621059075604534,0.3715627682172878,0.36363636363636365,0.15151515151515152,0.8484848484848485,-0.015000000000000013,0.0,False,WBCIC_S1S2_to_S3_authorized_development,2
META_GENERIC,RIDGE_A1,1.0,0.0025,0.5,0.8070601851851852,0.8078177609427609,-0.0007575757575757481,0.37355134424010444,0.3333333333333333,0.18181818181818182,0.8181818181818182,-0.010000000000000009,0.0,False,WBCIC_S1S2_to_S3_authorized_development,2
META_GENERIC,RIDGE_A1,1.0,0.0025,1.0,0.8064556550352004,0.8078177609427609,-0.0013621059075604534,0.3715136477982981,0.3333333333333333,0.15151515151515152,0.8484848484848485,-0.015000000000000013,0.0,False,WBCIC_S1S2_to_S3_authorized_development,2
META_GENERIC,RIDGE_A1,1.0,0.005,0.5,0.8072117003367003,0.8078177609427609,-0.0006060606060605965,0.37368216005032706,0.2727272727272727,0.15151515151515152,0.8484848484848485,-0.010000000000000009,0.0,True,WBCIC_S1S2_to_S3_authorized_development,2
META_GENERIC,RIDGE_A1,1.0,0.005,1.0,0.8066071701867156,0.8078177609427609,-0.0012105907560453018,0.3715434059839034,0.2727272727272727,0.12121212121212122,0.8787878787878788,-0.015000000000000013,0.0,False,WBCIC_S1S2_to_S3_authorized_development,2
META_GENERIC,RIDGE_A10,0.0,0.0,0.5,0.806611952861953,0.8078177609427609,-0.0012058080808080775,0.37280433733464285,1.0,0.45454545454545453,0.5454545454545454,-0.020000000000000018,0.0,False,WBCIC_S1S2_to_S3_authorized_development,2
META_GENERIC,RIDGE_A10,0.0,0.0,1.0,0.8060089531680441,0.8078177609427609,-0.0018088077747168679,0.37245319348945255,1.0,0.5151515151515151,0.48484848484848486,-0.015000000000000013,-1.1102230246251565e-16,False,WBCIC_S1S2_to_S3_authorized_development,2
META_GENERIC,RIDGE_A10,0.0,0.0025,0.5,0.806611952861953,0.8078177609427609,-0.0012058080808080775,0.37280433733464285,1.0,0.45454545454545453,0.5454545454545454,-0.020000000000000018,0.0,False,WBCIC_S1S2_to_S3_authorized_development,2
META_GENERIC,RIDGE_A10,0.0,0.0025,1.0,0.8060089531680441,0.8078177609427609,-0.0018088077747168679,0.37245319348945255,1.0,0.5151515151515151,0.48484848484848486,-0.015000000000000013,-1.1102230246251565e-16,False,WBCIC_S1S2_to_S3_authorized_development,2
META_GENERIC,RIDGE_A10,0.0,0.005,0.5,0.8063089225589226,0.8078177609427609,-0.0015088383838383808,0.3729477756991608,0.9393939393939394,0.45454545454545453,0.5454545454545454,-0.020000000000000018,0.0,False,WBCIC_S1S2_to_S3_authorized_development,2
META_GENERIC,RIDGE_A10,0.0,0.005,1.0,0.8054028925619835,0.8078177609427609,-0.0024148683807774713,0.37261146490478814,0.9393939393939394,0.5151515151515151,0.48484848484848486,-0.015000000000000013,-1.1102230246251565e-16,False,WBCIC_S1S2_to_S3_authorized_development,2
META_GENERIC,RIDGE_A10,0.5,0.0,0.5,0.8055387205387206,0.8078177609427609,-0.0022790404040404005,0.37241583951388957,0.696969696969697,0.36363636363636365,0.6363636363636364,-0.020000000000000018,0.0,False,WBCIC_S1S2_to_S3_authorized_development,2
META_GENERIC,RIDGE_A10,0.5,0.0,1.0,0.8053872053872054,0.8078177609427609,-0.002430555555555555,0.370214822708337,0.696969696969697,0.36363636363636365,0.6363636363636364,-0.015000000000000013,0.0,False,WBCIC_S1S2_to_S3_authorized_development,2
META_GENERIC,RIDGE_A10,0.5,0.0025,0.5,0.8058417508417508,0.8078177609427609,-0.001976010101010097,0.37234884082215425,0.6363636363636364,0.3333333333333333,0.6666666666666666,-0.020000000000000018,0.0,False,WBCIC_S1S2_to_S3_authorized_development,2
META_GENERIC,RIDGE_A10,0.5,0.0025,1.0,0.8056902356902357,0.8078177609427609,-0.002127525252525252,0.37002845157751646,0.6363636363636364,0.3333333333333333,0.6666666666666666,-0.015000000000000013,0.0,False,WBCIC_S1S2_to_S3_authorized_development,2
META_GENERIC,RIDGE_A10,0.5,0.005,0.5,0.805993265993266,0.8078177609427609,-0.0018244949494949454,0.3724534868571044,0.45454545454545453,0.2727272727272727,0.7272727272727273,-0.020000000000000018,0.0,False,WBCIC_S1S2_to_S3_authorized_development,2
META_GENERIC,RIDGE_A10,0.5,0.005,1.0,0.8055387205387204,0.8078177609427609,-0.0022790404040404035,0.3697189310015412,0.45454545454545453,0.2727272727272727,0.7272727272727273,-0.015000000000000013,0.0,False,WBCIC_S1S2_to_S3_authorized_development,2
META_GENERIC,RIDGE_A10,1.0,0.0,0.5,0.8067508417508418,0.8078177609427609,-0.001066919191919187,0.37258971780969935,0.42424242424242425,0.24242424242424243,0.7575757575757576,-0.010000000000000009,0.0,False,WBCIC_S1S2_to_S3_authorized_development,2
META_GENERIC,RIDGE_A10,1.0,0.0,1.0,0.8059932659932659,0.8078177609427609,-0.0018244949494949487,0.3696547043378297,0.42424242424242425,0.21212121212121213,0.7878787878787878,-0.015000000000000013,0.0,False,WBCIC_S1S2_to_S3_authorized_development,2
META_GENERIC,RIDGE_A10,1.0,0.0025,0.5,0.807053872053872,0.8078177609427609,-0.0007638888888888872,0.37272506690371787,0.30303030303030304,0.18181818181818182,0.8181818181818182,-0.010000000000000009,0.0,False,WBCIC_S1S2_to_S3_authorized_development,2
META_GENERIC,RIDGE_A10,1.0,0.0025,1.0,0.8062962962962963,0.8078177609427609,-0.0015214646464646489,0.36969324635615247,0.30303030303030304,0.15151515151515152,0.8484848484848485,-0.015000000000000013,0.0,False,WBCIC_S1S2_to_S3_authorized_development,2
META_GENERIC,RIDGE_A10,1.0,0.005,0.5,0.8072053872053873,0.8078177609427609,-0.0006123737373737389,0.37308438229931973,0.2727272727272727,0.15151515151515152,0.8484848484848485,-0.010000000000000009,0.0,False,WBCIC_S1S2_to_S3_authorized_development,2
META_GENERIC,RIDGE_A10,1.0,0.005,1.0,0.8067508417508418,0.8078177609427609,-0.0010669191919191973,0.3702628950944769,0.2727272727272727,0.12121212121212122,0.8787878787878788,-0.015000000000000013,0.0,False,WBCIC_S1S2_to_S3_authorized_development,2
META_GENERIC,EXTRA_TREES_D4,0.0,0.0,0.5,0.8061510942760942,0.8078177609427609,-0.0016666666666666648,0.3736360477629754,0.7575757575757576,0.36363636363636365,0.6363636363636364,-0.020000000000000018,0.0,False,WBCIC_S1S2_to_S3_authorized_development,2
META_GENERIC,EXTRA_TREES_D4,0.0,0.0,1.0,0.8050904882154882,0.8078177609427609,-0.002727272727272733,0.37316120278104675,0.7575757575757576,0.3939393939393939,0.6060606060606061,-0.025000000000000022,0.0,False,WBCIC_S1S2_to_S3_authorized_development,2
META_GENERIC,EXTRA_TREES_D4,0.0,0.0025,0.5,0.805848063973064,0.8078177609427609,-0.0019696969696969646,0.37387851107967746,0.3939393939393939,0.24242424242424243,0.7575757575757576,-0.020000000000000018,0.0,False,WBCIC_S1S2_to_S3_authorized_development,2
META_GENERIC,EXTRA_TREES_D4,0.0,0.0025,1.0,0.8052420033670034,0.8078177609427609,-0.0025757575757575746,0.3724895808356431,0.3939393939393939,0.21212121212121213,0.7878787878787878,-0.025000000000000022,0.0,False,WBCIC_S1S2_to_S3_authorized_development,2
META_GENERIC,EXTRA_TREES_D4,0.0,0.005,0.5,0.8063026094276093,0.8078177609427609,-0.0015151515151515097,0.37497064274603586,0.24242424242424243,0.18181818181818182,0.8181818181818182,-0.020000000000000018,0.0,False,WBCIC_S1S2_to_S3_authorized_development,2
META_GENERIC,EXTRA_TREES_D4,0.0,0.005,1.0,0.8053935185185185,0.8078177609427609,-0.002424242424242423,0.37400470782961265,0.24242424242424243,0.15151515151515152,0.8484848484848485,-0.025000000000000022,0.0,False,WBCIC_S1S2_to_S3_authorized_development,2
META_GENERIC,EXTRA_TREES_D4,0.5,0.0,0.5,0.8061510942760942,0.8078177609427609,-0.0016666666666666614,0.3768898374625076,0.12121212121212122,0.12121212121212122,0.8787878787878788,-0.015000000000000013,0.0,False,WBCIC_S1S2_to_S3_authorized_development,2
META_GENERIC,EXTRA_TREES_D4,0.5,0.0,1.0,0.8053935185185185,0.8078177609427609,-0.002424242424242423,0.37667458062998305,0.12121212121212122,0.12121212121212122,0.8787878787878788,-0.040000000000000036,0.0,False,WBCIC_S1S2_to_S3_authorized_development,2
META_GENERIC,EXTRA_TREES_D4,0.5,0.0025,0.5,0.8061510942760942,0.8078177609427609,-0.0016666666666666614,0.3768898374625076,0.12121212121212122,0.12121212121212122,0.8787878787878788,-0.015000000000000013,0.0,False,WBCIC_S1S2_to_S3_authorized_development,2
META_GENERIC,EXTRA_TREES_D4,0.5,0.0025,1.0,0.8053935185185185,0.8078177609427609,-0.002424242424242423,0.37667458062998305,0.12121212121212122,0.12121212121212122,0.8787878787878788,-0.040000000000000036,0.0,False,WBCIC_S1S2_to_S3_authorized_development,2
META_GENERIC,EXTRA_TREES_D4,0.5,0.005,0.5,0.8066056397306396,0.8078177609427609,-0.0012121212121212097,0.3771803477361477,0.09090909090909091,0.09090909090909091,0.9090909090909091,-0.015000000000000013,0.0,False,WBCIC_S1S2_to_S3_authorized_development,2
META_GENERIC,EXTRA_TREES_D4,0.5,0.005,1.0,0.805848063973064,0.8078177609427609,-0.0019696969696969715,0.3771945585920059,0.09090909090909091,0.09090909090909091,0.9090909090909091,-0.040000000000000036,0.0,False,WBCIC_S1S2_to_S3_authorized_development,2
META_GENERIC,EXTRA_TREES_D4,1.0,0.0,0.5,0.8059995791245792,0.8078177609427609,-0.001818181818181813,0.3769925371025495,0.12121212121212122,0.12121212121212122,0.8787878787878788,-0.015000000000000013,0.0,False,WBCIC_S1S2_to_S3_authorized_development,2
META_GENERIC,EXTRA_TREES_D4,1.0,0.0,1.0,0.8056965488215488,0.8078177609427609,-0.0021212121212121197,0.3768633841034479,0.12121212121212122,0.12121212121212122,0.8787878787878788,-0.030000000000000027,0.0,False,WBCIC_S1S2_to_S3_authorized_development,2
META_GENERIC,EXTRA_TREES_D4,1.0,0.0025,0.5,0.8064541245791246,0.8078177609427609,-0.0013636363636363616,0.37728304737618956,0.09090909090909091,0.09090909090909091,0.9090909090909091,-0.015000000000000013,0.0,False,WBCIC_S1S2_to_S3_authorized_development,2
META_GENERIC,EXTRA_TREES_D4,1.0,0.0025,1.0,0.8061510942760943,0.8078177609427609,-0.001666666666666668,0.3773833620654708,0.09090909090909091,0.09090909090909091,0.9090909090909091,-0.030000000000000027,0.0,False,WBCIC_S1S2_to_S3_authorized_development,2
META_GENERIC,EXTRA_TREES_D4,1.0,0.005,0.5,0.8069086700336701,0.8078177609427609,-0.0009090909090909098,0.37739597315965406,0.06060606060606061,0.06060606060606061,0.9393939393939394,-0.015000000000000013,0.0,False,WBCIC_S1S2_to_S3_authorized_development,2
META_GENERIC,EXTRA_TREES_D4,1.0,0.005,1.0,0.8067571548821548,0.8078177609427609,-0.0010606060606060616,0.3775049705483452,0.06060606060606061,0.06060606060606061,0.9393939393939394,-0.030000000000000027,0.0,False,WBCIC_S1S2_to_S3_authorized_development,2
PERSIST_META,RIDGE_A1,0.0,0.0,0.5,0.8063089225589225,0.8078177609427609,-0.0015088383838383927,0.3702832019417015,1.0,0.42424242424242425,0.5757575757575758,-0.02999999999999997,0.0,False,WBCIC_S1S2_to_S3_authorized_development,2
PERSIST_META,RIDGE_A1,0.0,0.0,1.0,0.8063119834710744,0.8078177609427609,-0.0015057774716865696,0.3667985966914666,1.0,0.5151515151515151,0.48484848484848486,-0.019999999999999962,-1.1102230246251565e-16,False,WBCIC_S1S2_to_S3_authorized_development,2
PERSIST_META,RIDGE_A1,0.0,0.0025,0.5,0.8063089225589225,0.8078177609427609,-0.0015088383838383927,0.3702832019417015,1.0,0.42424242424242425,0.5757575757575758,-0.02999999999999997,0.0,False,WBCIC_S1S2_to_S3_authorized_development,2
PERSIST_META,RIDGE_A1,0.0,0.0025,1.0,0.8063119834710744,0.8078177609427609,-0.0015057774716865696,0.3667985966914666,1.0,0.5151515151515151,0.48484848484848486,-0.019999999999999962,-1.1102230246251565e-16,False,WBCIC_S1S2_to_S3_authorized_development,2
PERSIST_META,RIDGE_A1,0.0,0.005,0.5,0.8063089225589225,0.8078177609427609,-0.0015088383838383927,0.3702832019417015,1.0,0.42424242424242425,0.5757575757575758,-0.02999999999999997,0.0,False,WBCIC_S1S2_to_S3_authorized_development,2
PERSIST_META,RIDGE_A1,0.0,0.005,1.0,0.8063119834710744,0.8078177609427609,-0.0015057774716865696,0.3667985966914666,1.0,0.5151515151515151,0.48484848484848486,-0.019999999999999962,-1.1102230246251565e-16,False,WBCIC_S1S2_to_S3_authorized_development,2
PERSIST_META,RIDGE_A1,0.5,0.0,0.5,0.8072180134680135,0.8078177609427609,-0.0005997474747474743,0.3736432693269459,0.5757575757575758,0.21212121212121213,0.7878787878787878,-0.010000000000000009,0.0,False,WBCIC_S1S2_to_S3_authorized_development,2
PERSIST_META,RIDGE_A1,0.5,0.0,1.0,0.8067665289256197,0.8078177609427609,-0.001051232017141103,0.37172358517180104,0.5757575757575758,0.30303030303030304,0.696969696969697,-0.020000000000000018,0.0,False,WBCIC_S1S2_to_S3_authorized_development,2
PERSIST_META,RIDGE_A1,0.5,0.0025,0.5,0.8073632154882154,0.8078177609427609,-0.00045454545454545156,0.3743540229412986,0.36363636363636365,0.09090909090909091,0.9090909090909091,-0.010000000000000009,0.0,False,WBCIC_S1S2_to_S3_authorized_development,2
PERSIST_META,RIDGE_A1,0.5,0.0025,1.0,0.8055450336700337,0.8078177609427609,-0.0022727272727272713,0.3727285685240904,0.36363636363636365,0.21212121212121213,0.7878787878787878,-0.020000000000000018,0.0,False,WBCIC_S1S2_to_S3_authorized_development,2
PERSIST_META,RIDGE_A1,0.5,0.005,0.5,0.8075147306397307,0.8078177609427609,-0.0003030303030303033,0.37571354876029284,0.15151515151515152,0.030303030303030304,0.9696969696969697,-0.010000000000000009,0.0,False,WBCIC_S1S2_to_S3_authorized_development,2
PERSIST_META,RIDGE_A1,0.5,0.005,1.0,0.80690867003367,0.8078177609427609,-0.0009090909090909098,0.3747615429361321,0.15151515151515152,0.09090909090909091,0.9090909090909091,-0.020000000000000018,0.0,False,WBCIC_S1S2_to_S3_authorized_development,2
PERSIST_META,RIDGE_A1,1.0,0.0,0.5,0.8076662457912458,0.8078177609427609,-0.00015151515151515165,0.3763106661742844,0.09090909090909091,0.030303030303030304,0.9696969696969697,-0.0050000000000000044,0.0,False,WBCIC_S1S2_to_S3_authorized_development,2
PERSIST_META,RIDGE_A1,1.0,0.0,1.0,0.8067571548821548,0.8078177609427609,-0.0010606060606060616,0.3756344378631736,0.09090909090909091,0.06060606060606061,0.9393939393939394,-0.020000000000000018,0.0,False,WBCIC_S1S2_to_S3_authorized_development,2
PERSIST_META,RIDGE_A1,1.0,0.0025,0.5,0.8078177609427609,0.8078177609427609,0.0,0.3763602261366373,0.030303030303030304,0.0,1.0,0.0,0.0,False,WBCIC_S1S2_to_S3_authorized_development,2
PERSIST_META,RIDGE_A1,1.0,0.0025,1.0,0.8072117003367003,0.8078177609427609,-0.0006060606060606066,0.3754642449635469,0.030303030303030304,0.030303030303030304,0.9696969696969697,-0.020000000000000018,0.0,False,WBCIC_S1S2_to_S3_authorized_development,2
PERSIST_META,RIDGE_A1,1.0,0.005,0.5,0.8078177609427609,0.8078177609427609,0.0,0.3774515309402388,0.0,0.0,1.0,0.0,0.0,True,WBCIC_S1S2_to_S3_authorized_development,2
PERSIST_META,RIDGE_A1,1.0,0.005,1.0,0.8078177609427609,0.8078177609427609,0.0,0.3774515309402388,0.0,0.0,1.0,0.0,0.0,False,WBCIC_S1S2_to_S3_authorized_development,2
PERSIST_META,RIDGE_A10,0.0,0.0,0.5,0.8065993265993265,0.8078177609427609,-0.0012184343434343521,0.372580391375435,0.9696969696969697,0.45454545454545453,0.5454545454545454,-0.010000000000000009,0.0,False,WBCIC_S1S2_to_S3_authorized_development,2
PERSIST_META,RIDGE_A10,0.0,0.0,1.0,0.8061447811447813,0.8078177609427609,-0.0016729797979798005,0.3713278954372121,0.9696969696969697,0.5151515151515151,0.48484848484848486,-0.015000000000000013,-1.1102230246251565e-16,False,WBCIC_S1S2_to_S3_authorized_development,2
PERSIST_META,RIDGE_A10,0.0,0.0025,0.5,0.8065993265993265,0.8078177609427609,-0.0012184343434343521,0.372580391375435,0.9696969696969697,0.45454545454545453,0.5454545454545454,-0.010000000000000009,0.0,False,WBCIC_S1S2_to_S3_authorized_development,2
PERSIST_META,RIDGE_A10,0.0,0.0025,1.0,0.8061447811447813,0.8078177609427609,-0.0016729797979798005,0.3713278954372121,0.9696969696969697,0.5151515151515151,0.48484848484848486,-0.015000000000000013,-1.1102230246251565e-16,False,WBCIC_S1S2_to_S3_authorized_development,2
PERSIST_META,RIDGE_A10,0.0,0.005,0.5,0.8065993265993265,0.8078177609427609,-0.001218434343434349,0.3721917367481876,0.7878787878787878,0.36363636363636365,0.6363636363636364,-0.010000000000000009,0.0,False,WBCIC_S1S2_to_S3_authorized_development,2
PERSIST_META,RIDGE_A10,0.0,0.005,1.0,0.8053872053872053,0.8078177609427609,-0.002430555555555555,0.3698588785017296,0.7878787878787878,0.45454545454545453,0.5454545454545454,-0.015000000000000013,0.0,False,WBCIC_S1S2_to_S3_authorized_development,2
PERSIST_META,RIDGE_A10,0.5,0.0,0.5,0.8075084175084175,0.8078177609427609,-0.0003093434343434322,0.37323259617231413,0.6666666666666666,0.18181818181818182,0.8181818181818182,-0.010000000000000009,0.0,False,WBCIC_S1S2_to_S3_authorized_development,2
PERSIST_META,RIDGE_A10,0.5,0.0,1.0,0.806144781144781,0.8078177609427609,-0.0016729797979798005,0.3709408685177982,0.6666666666666666,0.30303030303030304,0.696969696969697,-0.020000000000000018,0.0,False,WBCIC_S1S2_to_S3_authorized_development,2
PERSIST_META,RIDGE_A10,0.5,0.0025,0.5,0.8075084175084175,0.8078177609427609,-0.0003093434343434356,0.3734174526349373,0.48484848484848486,0.12121212121212122,0.8787878787878788,-0.010000000000000009,0.0,False,WBCIC_S1S2_to_S3_authorized_development,2
PERSIST_META,RIDGE_A10,0.5,0.0025,1.0,0.806144781144781,0.8078177609427609,-0.0016729797979798038,0.3711389019948714,0.48484848484848486,0.21212121212121213,0.7878787878787878,-0.020000000000000018,0.0,False,WBCIC_S1S2_to_S3_authorized_development,2
PERSIST_META,RIDGE_A10,0.5,0.005,0.5,0.8072053872053873,0.8078177609427609,-0.0006123737373737423,0.3732573814157624,0.42424242424242425,0.12121212121212122,0.8787878787878788,-0.010000000000000009,0.0,False,WBCIC_S1S2_to_S3_authorized_development,2
PERSIST_META,RIDGE_A10,0.5,0.005,1.0,0.8062962962962963,0.8078177609427609,-0.0015214646464646521,0.3707268125113768,0.42424242424242425,0.18181818181818182,0.8181818181818182,-0.020000000000000018,0.0,False,WBCIC_S1S2_to_S3_authorized_development,2
PERSIST_META,RIDGE_A10,1.0,0.0,0.5,0.8073569023569024,0.8078177609427609,-0.0004608585858585906,0.3746373229895449,0.3939393939393939,0.09090909090909091,0.9090909090909091,-0.010000000000000009,0.0,False,WBCIC_S1S2_to_S3_authorized_development,2
PERSIST_META,RIDGE_A10,1.0,0.0,1.0,0.8065993265993265,0.8078177609427609,-0.001218434343434349,0.373145984637448,0.3939393939393939,0.15151515151515152,0.8484848484848485,-0.020000000000000018,0.0,False,WBCIC_S1S2_to_S3_authorized_development,2
PERSIST_META,RIDGE_A10,1.0,0.0025,0.5,0.8072053872053873,0.8078177609427609,-0.0006123737373737423,0.37556289458429876,0.2727272727272727,0.09090909090909091,0.9090909090909091,-0.010000000000000009,0.0,False,WBCIC_S1S2_to_S3_authorized_development,2
PERSIST_META,RIDGE_A10,1.0,0.0025,1.0,0.8062962962962963,0.8078177609427609,-0.0015214646464646489,0.3746701219584868,0.2727272727272727,0.15151515151515152,0.8484848484848485,-0.020000000000000018,0.0,False,WBCIC_S1S2_to_S3_authorized_development,2
PERSIST_META,RIDGE_A10,1.0,0.005,0.5,0.8073569023569024,0.8078177609427609,-0.0004608585858585906,0.37587195195366135,0.24242424242424243,0.06060606060606061,0.9393939393939394,-0.010000000000000009,0.0,False,WBCIC_S1S2_to_S3_authorized_development,2
PERSIST_META,RIDGE_A10,1.0,0.005,1.0,0.8067508417508418,0.8078177609427609,-0.0010669191919191938,0.3750977691014411,0.24242424242424243,0.12121212121212122,0.8787878787878788,-0.020000000000000018,0.0,False,WBCIC_S1S2_to_S3_authorized_development,2
PERSIST_META,EXTRA_TREES_D4,0.0,0.0,0.5,0.8072117003367003,0.8078177609427609,-0.0006060606060606032,0.37318164978579726,0.7878787878787878,0.30303030303030304,0.696969696969697,-0.015000000000000013,0.0,False,WBCIC_S1S2_to_S3_authorized_development,2
PERSIST_META,EXTRA_TREES_D4,0.0,0.0,1.0,0.8055450336700337,0.8078177609427609,-0.0022727272727272783,0.37238876314907116,0.7878787878787878,0.3333333333333333,0.6666666666666666,-0.025000000000000022,0.0,False,WBCIC_S1S2_to_S3_authorized_development,2
PERSIST_META,EXTRA_TREES_D4,0.0,0.0025,0.5,0.8070601851851852,0.8078177609427609,-0.0007575757575757481,0.3731830310435206,0.3939393939393939,0.18181818181818182,0.8181818181818182,-0.010000000000000009,0.0,False,WBCIC_S1S2_to_S3_authorized_development,2
PERSIST_META,EXTRA_TREES_D4,0.0,0.0025,1.0,0.8059995791245791,0.8078177609427609,-0.0018181818181818164,0.3709378850821144,0.3939393939393939,0.15151515151515152,0.8484848484848485,-0.025000000000000022,0.0,False,WBCIC_S1S2_to_S3_authorized_development,2
PERSIST_META,EXTRA_TREES_D4,0.0,0.005,0.5,0.80690867003367,0.8078177609427609,-0.0009090909090909031,0.3737097811220361,0.21212121212121213,0.15151515151515152,0.8484848484848485,-0.010000000000000009,0.0,False,WBCIC_S1S2_to_S3_authorized_development,2
PERSIST_META,EXTRA_TREES_D4,0.0,0.005,1.0,0.8055450336700337,0.8078177609427609,-0.0022727272727272713,0.3714016916151256,0.21212121212121213,0.12121212121212122,0.8787878787878788,-0.025000000000000022,0.0,False,WBCIC_S1S2_to_S3_authorized_development,2
PERSIST_META,EXTRA_TREES_D4,0.5,0.0,0.5,0.8067571548821548,0.8078177609427609,-0.0010606060606060549,0.3758986354678335,0.18181818181818182,0.12121212121212122,0.8787878787878788,-0.014999999999999902,0.0,False,WBCIC_S1S2_to_S3_authorized_development,2
PERSIST_META,EXTRA_TREES_D4,0.5,0.0,1.0,0.8061510942760942,0.8078177609427609,-0.0016666666666666648,0.3749004977138215,0.18181818181818182,0.12121212121212122,0.8787878787878788,-0.025000000000000022,0.0,False,WBCIC_S1S2_to_S3_authorized_development,2
PERSIST_META,EXTRA_TREES_D4,0.5,0.0025,0.5,0.8063026094276093,0.8078177609427609,-0.0015151515151515097,0.37679718637584575,0.12121212121212122,0.12121212121212122,0.8787878787878788,-0.014999999999999902,0.0,False,WBCIC_S1S2_to_S3_authorized_development,2
PERSIST_META,EXTRA_TREES_D4,0.5,0.0025,1.0,0.8053935185185186,0.8078177609427609,-0.002424242424242423,0.3766078103121778,0.12121212121212122,0.12121212121212122,0.8787878787878788,-0.025000000000000022,0.0,False,WBCIC_S1S2_to_S3_authorized_development,2
PERSIST_META,EXTRA_TREES_D4,0.5,0.005,0.5,0.8072117003367003,0.8078177609427609,-0.0006060606060606066,0.3772006224329504,0.06060606060606061,0.06060606060606061,0.9393939393939394,-0.010000000000000009,0.0,False,WBCIC_S1S2_to_S3_authorized_development,2
PERSIST_META,EXTRA_TREES_D4,0.5,0.005,1.0,0.8064541245791246,0.8078177609427609,-0.0013636363636363648,0.37724939675707514,0.06060606060606061,0.06060606060606061,0.9393939393939394,-0.025000000000000022,0.0,False,WBCIC_S1S2_to_S3_authorized_development,2
PERSIST_META,EXTRA_TREES_D4,1.0,0.0,0.5,0.8067571548821548,0.8078177609427609,-0.0010606060606060581,0.37691011215931025,0.09090909090909091,0.09090909090909091,0.9090909090909091,-0.014999999999999902,0.0,False,WBCIC_S1S2_to_S3_authorized_development,2
PERSIST_META,EXTRA_TREES_D4,1.0,0.0,1.0,0.8059995791245792,0.8078177609427609,-0.0018181818181818164,0.3767294187950522,0.09090909090909091,0.09090909090909091,0.9090909090909091,-0.025000000000000022,0.0,False,WBCIC_S1S2_to_S3_authorized_development,2
PERSIST_META,EXTRA_TREES_D4,1.0,0.0025,0.5,0.8072117003367003,0.8078177609427609,-0.0006060606060606066,0.3772006224329504,0.06060606060606061,0.06060606060606061,0.9393939393939394,-0.010000000000000009,0.0,False,WBCIC_S1S2_to_S3_authorized_development,2
PERSIST_META,EXTRA_TREES_D4,1.0,0.0025,1.0,0.8064541245791246,0.8078177609427609,-0.0013636363636363648,0.37724939675707514,0.06060606060606061,0.06060606060606061,0.9393939393939394,-0.025000000000000022,0.0,False,WBCIC_S1S2_to_S3_authorized_development,2
PERSIST_META,EXTRA_TREES_D4,1.0,0.005,0.5,0.8072117003367003,0.8078177609427609,-0.0006060606060606066,0.3772006224329504,0.06060606060606061,0.06060606060606061,0.9393939393939394,-0.010000000000000009,0.0,False,WBCIC_S1S2_to_S3_authorized_development,2
PERSIST_META,EXTRA_TREES_D4,1.0,0.005,1.0,0.8064541245791246,0.8078177609427609,-0.0013636363636363648,0.37724939675707514,0.06060606060606061,0.06060606060606061,0.9393939393939394,-0.025000000000000022,0.0,False,WBCIC_S1S2_to_S3_authorized_development,2
META_GENERIC,RIDGE_A1,0.0,0.0,0.5,0.8127272727272727,0.8142424242424243,-0.0015151515151515334,0.3719425354220016,0.9393939393939394,0.36363636363636365,0.6363636363636364,-0.020000000000000018,0.0,False,WBCIC_S1S2_to_S3_authorized_development,3
META_GENERIC,RIDGE_A1,0.0,0.0,1.0,0.8133333333333334,0.8142424242424243,-0.0009090909090909132,0.36825223997014966,0.9393939393939394,0.3333333333333333,0.6666666666666666,-0.03500000000000003,0.0,False,WBCIC_S1S2_to_S3_authorized_development,3
META_GENERIC,RIDGE_A1,0.0,0.0025,0.5,0.8124242424242425,0.8142424242424243,-0.0018181818181818299,0.3726369459215067,0.8484848484848485,0.36363636363636365,0.6363636363636364,-0.020000000000000018,0.0,False,WBCIC_S1S2_to_S3_authorized_development,3
META_GENERIC,RIDGE_A1,0.0,0.0025,1.0,0.8133333333333334,0.8142424242424243,-0.0009090909090909065,0.3693530820834532,0.8484848484848485,0.30303030303030304,0.696969696969697,-0.03500000000000003,0.0,False,WBCIC_S1S2_to_S3_authorized_development,3
META_GENERIC,RIDGE_A1,0.0,0.005,0.5,0.8118181818181819,0.8142424242424243,-0.00242424242424244,0.37286767207194094,0.7575757575757576,0.36363636363636365,0.6363636363636364,-0.020000000000000018,0.0,False,WBCIC_S1S2_to_S3_authorized_development,3
META_GENERIC,RIDGE_A1,0.0,0.005,1.0,0.8125757575757576,0.8142424242424243,-0.001666666666666668,0.36965759442057017,0.7575757575757576,0.2727272727272727,0.7272727272727273,-0.03500000000000003,0.0,False,WBCIC_S1S2_to_S3_authorized_development,3
META_GENERIC,RIDGE_A1,0.5,0.0,0.5,0.8131818181818183,0.8142424242424243,-0.0010606060606060581,0.37608842118243846,0.42424242424242425,0.18181818181818182,0.8181818181818182,-0.020000000000000018,0.0,False,WBCIC_S1S2_to_S3_authorized_development,3
META_GENERIC,RIDGE_A1,0.5,0.0,1.0,0.8136363636363636,0.8142424242424243,-0.0006060606060606032,0.37435702857762865,0.42424242424242425,0.15151515151515152,0.8484848484848485,-0.020000000000000018,0.0,False,WBCIC_S1S2_to_S3_authorized_development,3
META_GENERIC,RIDGE_A1,0.5,0.0025,0.5,0.8134848484848486,0.8142424242424243,-0.0007575757575757582,0.3761003759313752,0.30303030303030304,0.12121212121212122,0.8787878787878788,-0.020000000000000018,0.0,False,WBCIC_S1S2_to_S3_authorized_development,3
META_GENERIC,RIDGE_A1,0.5,0.0025,1.0,0.8140909090909091,0.8142424242424243,-0.0001515151515151483,0.3741818961770971,0.30303030303030304,0.06060606060606061,0.9393939393939394,-0.020000000000000018,0.0,False,WBCIC_S1S2_to_S3_authorized_development,3
META_GENERIC,RIDGE_A1,0.5,0.005,0.5,0.8134848484848486,0.8142424242424243,-0.0007575757575757582,0.3761268106497707,0.2727272727272727,0.12121212121212122,0.8787878787878788,-0.020000000000000018,0.0,False,WBCIC_S1S2_to_S3_authorized_development,3
META_GENERIC,RIDGE_A1,0.5,0.005,1.0,0.8140909090909091,0.8142424242424243,-0.0001515151515151483,0.37421832276791656,0.2727272727272727,0.06060606060606061,0.9393939393939394,-0.020000000000000018,0.0,False,WBCIC_S1S2_to_S3_authorized_development,3
META_GENERIC,RIDGE_A1,1.0,0.0,0.5,0.8137878787878788,0.8142424242424243,-0.00045454545454545156,0.3781788488712551,0.15151515151515152,0.030303030303030304,0.9696969696969697,-0.02499999999999991,0.0,False,WBCIC_S1S2_to_S3_authorized_development,3
META_GENERIC,RIDGE_A1,1.0,0.0,1.0,0.8137878787878788,0.8142424242424243,-0.00045454545454545156,0.3773603181332215,0.15151515151515152,0.06060606060606061,0.9393939393939394,-0.015000000000000013,0.0,False,WBCIC_S1S2_to_S3_authorized_development,3
META_GENERIC,RIDGE_A1,1.0,0.0025,0.5,0.8137878787878788,0.8142424242424243,-0.00045454545454545156,0.3787166008042955,0.12121212121212122,0.030303030303030304,0.9696969696969697,-0.02499999999999991,0.0,False,WBCIC_S1S2_to_S3_authorized_development,3
META_GENERIC,RIDGE_A1,1.0,0.0025,1.0,0.8137878787878788,0.8142424242424243,-0.00045454545454545156,0.3783879307214493,0.12121212121212122,0.06060606060606061,0.9393939393939394,-0.015000000000000013,0.0,False,WBCIC_S1S2_to_S3_authorized_development,3
META_GENERIC,RIDGE_A1,1.0,0.005,0.5,0.8145454545454546,0.8142424242424243,0.0003030303030303033,0.3798941803699873,0.06060606060606061,0.0,1.0,0.0,0.0,False,WBCIC_S1S2_to_S3_authorized_development,3
META_GENERIC,RIDGE_A1,1.0,0.005,1.0,0.8142424242424243,0.8142424242424243,0.0,0.38060660963561194,0.06060606060606061,0.030303030303030304,0.9696969696969697,-0.015000000000000013,0.0,False,WBCIC_S1S2_to_S3_authorized_development,3
META_GENERIC,RIDGE_A10,0.0,0.0,0.5,0.8133333333333334,0.8142424242424243,-0.0009090909090909234,0.3711789179547921,1.0,0.36363636363636365,0.6363636363636364,-0.020000000000000018,0.0,False,WBCIC_S1S2_to_S3_authorized_development,3
META_GENERIC,RIDGE_A10,0.0,0.0,1.0,0.813939393939394,0.8142424242424243,-0.0003030303030303033,0.36738494194484717,1.0,0.3333333333333333,0.6666666666666666,-0.03500000000000003,0.0,False,WBCIC_S1S2_to_S3_authorized_development,3
META_GENERIC,RIDGE_A10,0.0,0.0025,0.5,0.8131818181818182,0.8142424242424243,-0.0010606060606060716,0.3718358965669534,0.9393939393939394,0.36363636363636365,0.6363636363636364,-0.020000000000000018,0.0,False,WBCIC_S1S2_to_S3_authorized_development,3
META_GENERIC,RIDGE_A10,0.0,0.0025,1.0,0.8140909090909091,0.8142424242424243,-0.0001515151515151483,0.368418504692996,0.9393939393939394,0.30303030303030304,0.696969696969697,-0.03500000000000003,0.0,False,WBCIC_S1S2_to_S3_authorized_development,3
META_GENERIC,RIDGE_A10,0.0,0.005,0.5,0.8127272727272729,0.8142424242424243,-0.00151515151515153,0.3719792968508608,0.7878787878787878,0.3333333333333333,0.6666666666666666,-0.020000000000000018,0.0,False,WBCIC_S1S2_to_S3_authorized_development,3
META_GENERIC,RIDGE_A10,0.0,0.005,1.0,0.813939393939394,0.8142424242424243,-0.0003030303030303033,0.3685705338205928,0.7878787878787878,0.24242424242424243,0.7575757575757576,-0.03500000000000003,0.0,False,WBCIC_S1S2_to_S3_authorized_development,3
META_GENERIC,RIDGE_A10,0.5,0.0,0.5,0.8130303030303031,0.8142424242424243,-0.0012121212121212065,0.37599543014017894,0.3939393939393939,0.21212121212121213,0.7878787878787878,-0.02499999999999991,0.0,False,WBCIC_S1S2_to_S3_authorized_development,3
META_GENERIC,RIDGE_A10,0.5,0.0,1.0,0.8134848484848486,0.8142424242424243,-0.0007575757575757481,0.3739926551774053,0.3939393939393939,0.18181818181818182,0.8181818181818182,-0.015000000000000013,0.0,False,WBCIC_S1S2_to_S3_authorized_development,3
META_GENERIC,RIDGE_A10,0.5,0.0025,0.5,0.8134848484848486,0.8142424242424243,-0.0007575757575757549,0.37598577584793635,0.30303030303030304,0.12121212121212122,0.8787878787878788,-0.02499999999999991,0.0,False,WBCIC_S1S2_to_S3_authorized_development,3
META_GENERIC,RIDGE_A10,0.5,0.0025,1.0,0.8139393939393941,0.8142424242424243,-0.0003030303030302966,0.37379153688913297,0.30303030303030304,0.09090909090909091,0.9090909090909091,-0.015000000000000013,0.0,False,WBCIC_S1S2_to_S3_authorized_development,3
META_GENERIC,RIDGE_A10,0.5,0.005,0.5,0.8136363636363637,0.8142424242424243,-0.0006060606060606066,0.3770437733178317,0.24242424242424243,0.09090909090909091,0.9090909090909091,-0.02499999999999991,0.0,False,WBCIC_S1S2_to_S3_authorized_development,3
META_GENERIC,RIDGE_A10,0.5,0.005,1.0,0.8137878787878788,0.8142424242424243,-0.0004545454545454482,0.37570495688739025,0.24242424242424243,0.09090909090909091,0.9090909090909091,-0.015000000000000013,0.0,False,WBCIC_S1S2_to_S3_authorized_development,3
META_GENERIC,RIDGE_A10,1.0,0.0,0.5,0.8137878787878788,0.8142424242424243,-0.00045454545454545156,0.3781788488712551,0.15151515151515152,0.030303030303030304,0.9696969696969697,-0.02499999999999991,0.0,False,WBCIC_S1S2_to_S3_authorized_development,3
META_GENERIC,RIDGE_A10,1.0,0.0,1.0,0.8137878787878788,0.8142424242424243,-0.00045454545454545156,0.3773603181332215,0.15151515151515152,0.06060606060606061,0.9393939393939394,-0.015000000000000013,0.0,False,WBCIC_S1S2_to_S3_authorized_development,3
META_GENERIC,RIDGE_A10,1.0,0.0025,0.5,0.8145454545454546,0.8142424242424243,0.0003030303030303033,0.3798941803699873,0.06060606060606061,0.0,1.0,0.0,0.0,False,WBCIC_S1S2_to_S3_authorized_development,3
META_GENERIC,RIDGE_A10,1.0,0.0025,1.0,0.8142424242424243,0.8142424242424243,0.0,0.38060660963561194,0.06060606060606061,0.030303030303030304,0.9696969696969697,-0.015000000000000013,0.0,False,WBCIC_S1S2_to_S3_authorized_development,3
META_GENERIC,RIDGE_A10,1.0,0.005,0.5,0.8145454545454546,0.8142424242424243,0.0003030303030303033,0.3798941803699873,0.06060606060606061,0.0,1.0,0.0,0.0,False,WBCIC_S1S2_to_S3_authorized_development,3
META_GENERIC,RIDGE_A10,1.0,0.005,1.0,0.8142424242424243,0.8142424242424243,0.0,0.38060660963561194,0.06060606060606061,0.030303030303030304,0.9696969696969697,-0.015000000000000013,0.0,False,WBCIC_S1S2_to_S3_authorized_development,3
META_GENERIC,EXTRA_TREES_D4,0.0,0.0,0.5,0.8142424242424243,0.8142424242424243,0.0,0.3770809851469769,0.2727272727272727,0.09090909090909091,0.9090909090909091,-0.010000000000000009,0.0,False,WBCIC_S1S2_to_S3_authorized_development,3
META_GENERIC,EXTRA_TREES_D4,0.0,0.0,1.0,0.8130303030303031,0.8142424242424243,-0.0012121212121212234,0.37573178400121504,0.2727272727272727,0.21212121212121213,0.7878787878787878,-0.020000000000000018,0.0,False,WBCIC_S1S2_to_S3_authorized_development,3
META_GENERIC,EXTRA_TREES_D4,0.0,0.0025,0.5,0.8145454545454546,0.8142424242424243,0.0003030303030303033,0.3772368400512427,0.18181818181818182,0.030303030303030304,0.9696969696969697,-0.010000000000000009,0.0,False,WBCIC_S1S2_to_S3_authorized_development,3
META_GENERIC,EXTRA_TREES_D4,0.0,0.0025,1.0,0.8139393939393941,0.8142424242424243,-0.00030303030303031,0.3754914300066823,0.18181818181818182,0.12121212121212122,0.8787878787878788,-0.020000000000000018,0.0,False,WBCIC_S1S2_to_S3_authorized_development,3
META_GENERIC,EXTRA_TREES_D4,0.0,0.005,0.5,0.8146969696969697,0.8142424242424243,0.00045454545454545156,0.37745167311232625,0.12121212121212122,0.0,1.0,0.0,0.0,False,WBCIC_S1S2_to_S3_authorized_development,3
META_GENERIC,EXTRA_TREES_D4,0.0,0.005,1.0,0.8143939393939394,0.8142424242424243,0.00015151515151514493,0.3757538488976702,0.12121212121212122,0.06060606060606061,0.9393939393939394,-0.020000000000000018,0.0,False,WBCIC_S1S2_to_S3_authorized_development,3
META_GENERIC,EXTRA_TREES_D4,0.5,0.0,0.5,0.8142424242424243,0.8142424242424243,-3.3643121958338078e-18,0.3789173285149892,0.12121212121212122,0.030303030303030304,0.9696969696969697,-0.0050000000000001155,0.0,False,WBCIC_S1S2_to_S3_authorized_development,3
META_GENERIC,EXTRA_TREES_D4,0.5,0.0,1.0,0.8143939393939394,0.8142424242424243,0.00015151515151514493,0.3781947744392328,0.12121212121212122,0.06060606060606061,0.9393939393939394,-0.025000000000000133,0.0,False,WBCIC_S1S2_to_S3_authorized_development,3
META_GENERIC,EXTRA_TREES_D4,0.5,0.0025,0.5,0.8142424242424243,0.8142424242424243,-3.3643121958338078e-18,0.3789173285149892,0.12121212121212122,0.030303030303030304,0.9696969696969697,-0.0050000000000001155,0.0,False,WBCIC_S1S2_to_S3_authorized_development,3
META_GENERIC,EXTRA_TREES_D4,0.5,0.0025,1.0,0.8143939393939394,0.8142424242424243,0.00015151515151514493,0.3781947744392328,0.12121212121212122,0.06060606060606061,0.9393939393939394,-0.025000000000000133,0.0,False,WBCIC_S1S2_to_S3_authorized_development,3
META_GENERIC,EXTRA_TREES_D4,0.5,0.005,0.5,0.8142424242424243,0.8142424242424243,-3.3643121958338078e-18,0.3789173285149892,0.12121212121212122,0.030303030303030304,0.9696969696969697,-0.0050000000000001155,0.0,False,WBCIC_S1S2_to_S3_authorized_development,3
META_GENERIC,EXTRA_TREES_D4,0.5,0.005,1.0,0.8143939393939394,0.8142424242424243,0.00015151515151514493,0.3781947744392328,0.12121212121212122,0.06060606060606061,0.9393939393939394,-0.025000000000000133,0.0,False,WBCIC_S1S2_to_S3_authorized_development,3
META_GENERIC,EXTRA_TREES_D4,1.0,0.0,0.5,0.8142424242424243,0.8142424242424243,-3.3643121958338078e-18,0.3789173285149892,0.12121212121212122,0.030303030303030304,0.9696969696969697,-0.0050000000000001155,0.0,False,WBCIC_S1S2_to_S3_authorized_development,3
META_GENERIC,EXTRA_TREES_D4,1.0,0.0,1.0,0.8143939393939394,0.8142424242424243,0.00015151515151514493,0.3781947744392328,0.12121212121212122,0.06060606060606061,0.9393939393939394,-0.025000000000000133,0.0,False,WBCIC_S1S2_to_S3_authorized_development,3
META_GENERIC,EXTRA_TREES_D4,1.0,0.0025,0.5,0.8142424242424243,0.8142424242424243,0.0,0.3796623949945405,0.06060606060606061,0.0,1.0,0.0,0.0,False,WBCIC_S1S2_to_S3_authorized_development,3
META_GENERIC,EXTRA_TREES_D4,1.0,0.0025,1.0,0.8153030303030304,0.8142424242424243,0.0010606060606060581,0.379552316747464,0.06060606060606061,0.0,1.0,0.0,0.0,True,WBCIC_S1S2_to_S3_authorized_development,3
META_GENERIC,EXTRA_TREES_D4,1.0,0.005,0.5,0.8142424242424243,0.8142424242424243,0.0,0.3796623949945405,0.06060606060606061,0.0,1.0,0.0,0.0,False,WBCIC_S1S2_to_S3_authorized_development,3
META_GENERIC,EXTRA_TREES_D4,1.0,0.005,1.0,0.8153030303030304,0.8142424242424243,0.0010606060606060581,0.379552316747464,0.06060606060606061,0.0,1.0,0.0,0.0,False,WBCIC_S1S2_to_S3_authorized_development,3
PERSIST_META,RIDGE_A1,0.0,0.0,0.5,0.8133333333333334,0.8142424242424243,-0.0009090909090909335,0.37102007958743893,1.0,0.3333333333333333,0.6666666666666666,-0.020000000000000018,0.0,False,WBCIC_S1S2_to_S3_authorized_development,3
PERSIST_META,RIDGE_A1,0.0,0.0,1.0,0.8128787878787879,0.8142424242424243,-0.001363636363636375,0.36718118367780206,1.0,0.36363636363636365,0.6363636363636364,-0.020000000000000018,0.0,False,WBCIC_S1S2_to_S3_authorized_development,3
PERSIST_META,RIDGE_A1,0.0,0.0025,0.5,0.8133333333333334,0.8142424242424243,-0.0009090909090909335,0.37102007958743893,1.0,0.3333333333333333,0.6666666666666666,-0.020000000000000018,0.0,False,WBCIC_S1S2_to_S3_authorized_development,3
PERSIST_META,RIDGE_A1,0.0,0.0025,1.0,0.8128787878787879,0.8142424242424243,-0.001363636363636375,0.36718118367780206,1.0,0.36363636363636365,0.6363636363636364,-0.020000000000000018,0.0,False,WBCIC_S1S2_to_S3_authorized_development,3
PERSIST_META,RIDGE_A1,0.0,0.005,0.5,0.8130303030303031,0.8142424242424243,-0.0012121212121212334,0.3715911661008299,0.8787878787878788,0.30303030303030304,0.696969696969697,-0.020000000000000018,0.0,False,WBCIC_S1S2_to_S3_authorized_development,3
PERSIST_META,RIDGE_A1,0.0,0.005,1.0,0.812878787878788,0.8142424242424243,-0.0013636363636363715,0.36773172083269,0.8787878787878788,0.30303030303030304,0.696969696969697,-0.020000000000000018,0.0,False,WBCIC_S1S2_to_S3_authorized_development,3
PERSIST_META,RIDGE_A1,0.5,0.0,0.5,0.8143939393939394,0.8142424242424243,0.00015151515151515165,0.3770718863083874,0.30303030303030304,0.09090909090909091,0.9090909090909091,-0.02499999999999991,0.0,False,WBCIC_S1S2_to_S3_authorized_development,3
PERSIST_META,RIDGE_A1,0.5,0.0,1.0,0.8137878787878788,0.8142424242424243,-0.0004545454545454549,0.3752915256160021,0.30303030303030304,0.15151515151515152,0.8484848484848485,-0.014999999999999902,0.0,False,WBCIC_S1S2_to_S3_authorized_development,3
PERSIST_META,RIDGE_A1,0.5,0.0025,0.5,0.8148484848484849,0.8142424242424243,0.0006060606060606066,0.37814723401843575,0.12121212121212122,0.0,1.0,0.0,0.0,False,WBCIC_S1S2_to_S3_authorized_development,3
PERSIST_META,RIDGE_A1,0.5,0.0025,1.0,0.8146969696969697,0.8142424242424243,0.0004545454545454549,0.3770863191205875,0.12121212121212122,0.030303030303030304,0.9696969696969697,-0.0050000000000000044,0.0,False,WBCIC_S1S2_to_S3_authorized_development,3
PERSIST_META,RIDGE_A1,0.5,0.005,0.5,0.8143939393939394,0.8142424242424243,0.00015151515151515165,0.37953574082063557,0.030303030303030304,0.0,1.0,0.0,0.0,False,WBCIC_S1S2_to_S3_authorized_development,3
PERSIST_META,RIDGE_A1,0.5,0.005,1.0,0.8140909090909092,0.8142424242424243,-0.00015151515151515165,0.3794026172484229,0.030303030303030304,0.030303030303030304,0.9696969696969697,-0.0050000000000000044,0.0,False,WBCIC_S1S2_to_S3_authorized_development,3
PERSIST_META,RIDGE_A1,1.0,0.0,0.5,0.8142424242424243,0.8142424242424243,0.0,0.3796408442891585,0.030303030303030304,0.0,1.0,0.0,0.0,False,WBCIC_S1S2_to_S3_authorized_development,3
PERSIST_META,RIDGE_A1,1.0,0.0,1.0,0.8145454545454546,0.8142424242424243,0.0003030303030303033,0.37945254718001736,0.030303030303030304,0.0,1.0,0.0,0.0,False,WBCIC_S1S2_to_S3_authorized_development,3
PERSIST_META,RIDGE_A1,1.0,0.0025,0.5,0.8142424242424243,0.8142424242424243,0.0,0.3798648134411201,0.0,0.0,1.0,0.0,0.0,False,WBCIC_S1S2_to_S3_authorized_development,3
PERSIST_META,RIDGE_A1,1.0,0.0025,1.0,0.8142424242424243,0.8142424242424243,0.0,0.3798648134411201,0.0,0.0,1.0,0.0,0.0,False,WBCIC_S1S2_to_S3_authorized_development,3
PERSIST_META,RIDGE_A1,1.0,0.005,0.5,0.8142424242424243,0.8142424242424243,0.0,0.3798648134411201,0.0,0.0,1.0,0.0,0.0,False,WBCIC_S1S2_to_S3_authorized_development,3
PERSIST_META,RIDGE_A1,1.0,0.005,1.0,0.8142424242424243,0.8142424242424243,0.0,0.3798648134411201,0.0,0.0,1.0,0.0,0.0,False,WBCIC_S1S2_to_S3_authorized_development,3
PERSIST_META,RIDGE_A10,0.0,0.0,0.5,0.8130303030303031,0.8142424242424243,-0.0012121212121212368,0.37158719988991334,0.9696969696969697,0.30303030303030304,0.696969696969697,-0.020000000000000018,0.0,False,WBCIC_S1S2_to_S3_authorized_development,3
PERSIST_META,RIDGE_A10,0.0,0.0,1.0,0.8140909090909091,0.8142424242424243,-0.0001515151515151483,0.3672848184392025,0.9696969696969697,0.24242424242424243,0.7575757575757576,-0.020000000000000018,0.0,False,WBCIC_S1S2_to_S3_authorized_development,3
PERSIST_META,RIDGE_A10,0.0,0.0025,0.5,0.8130303030303031,0.8142424242424243,-0.0012121212121212301,0.37260285319906045,0.8484848484848485,0.2727272727272727,0.7272727272727273,-0.020000000000000018,0.0,False,WBCIC_S1S2_to_S3_authorized_development,3
PERSIST_META,RIDGE_A10,0.0,0.0025,1.0,0.8143939393939394,0.8142424242424243,0.000151515151515155,0.3687937482420143,0.8484848484848485,0.18181818181818182,0.8181818181818182,-0.020000000000000018,0.0,False,WBCIC_S1S2_to_S3_authorized_development,3
PERSIST_META,RIDGE_A10,0.0,0.005,0.5,0.8133333333333334,0.8142424242424243,-0.00090909090909092,0.3727121350862133,0.7272727272727273,0.21212121212121213,0.7878787878787878,-0.020000000000000018,0.0,False,WBCIC_S1S2_to_S3_authorized_development,3
PERSIST_META,RIDGE_A10,0.0,0.005,1.0,0.8153030303030302,0.8142424242424243,0.0010606060606060648,0.36862075995559573,0.7272727272727273,0.09090909090909091,0.9090909090909091,-0.020000000000000018,0.0,True,WBCIC_S1S2_to_S3_authorized_development,3
PERSIST_META,RIDGE_A10,0.5,0.0,0.5,0.8140909090909092,0.8142424242424243,-0.00015151515151515165,0.377095954843086,0.3939393939393939,0.09090909090909091,0.9090909090909091,-0.02499999999999991,0.0,False,WBCIC_S1S2_to_S3_authorized_development,3
PERSIST_META,RIDGE_A10,0.5,0.0,1.0,0.8136363636363637,0.8142424242424243,-0.0006060606060606032,0.37559937537717575,0.3939393939393939,0.15151515151515152,0.8484848484848485,-0.014999999999999902,0.0,False,WBCIC_S1S2_to_S3_authorized_development,3
PERSIST_META,RIDGE_A10,0.5,0.0025,0.5,0.8140909090909092,0.8142424242424243,-0.00015151515151515165,0.3771917954079377,0.2727272727272727,0.09090909090909091,0.9090909090909091,-0.02499999999999991,0.0,False,WBCIC_S1S2_to_S3_authorized_development,3
PERSIST_META,RIDGE_A10,0.5,0.0025,1.0,0.8137878787878788,0.8142424242424243,-0.00045454545454545156,0.37566560052357256,0.2727272727272727,0.12121212121212122,0.8787878787878788,-0.014999999999999902,0.0,False,WBCIC_S1S2_to_S3_authorized_development,3
PERSIST_META,RIDGE_A10,0.5,0.005,0.5,0.8139393939393941,0.8142424242424243,-0.0003030303030303033,0.3774934647788138,0.21212121212121213,0.06060606060606061,0.9393939393939394,-0.02499999999999991,0.0,False,WBCIC_S1S2_to_S3_authorized_development,3
PERSIST_META,RIDGE_A10,0.5,0.005,1.0,0.8137878787878788,0.8142424242424243,-0.00045454545454545156,0.37621153546552855,0.21212121212121213,0.09090909090909091,0.9090909090909091,-0.014999999999999902,0.0,False,WBCIC_S1S2_to_S3_authorized_development,3
PERSIST_META,RIDGE_A10,1.0,0.0,0.5,0.8140909090909091,0.8142424242424243,-0.00015151515151515165,0.3782809134664538,0.18181818181818182,0.06060606060606061,0.9393939393939394,-0.02499999999999991,0.0,False,WBCIC_S1S2_to_S3_authorized_development,3
PERSIST_META,RIDGE_A10,1.0,0.0,1.0,0.8145454545454546,0.8142424242424243,0.0003030303030303033,0.37721595971150795,0.18181818181818182,0.06060606060606061,0.9393939393939394,-0.014999999999999902,0.0,False,WBCIC_S1S2_to_S3_authorized_development,3
PERSIST_META,RIDGE_A10,1.0,0.0025,0.5,0.8134848484848486,0.8142424242424243,-0.0007575757575757549,0.37792551279042624,0.12121212121212122,0.030303030303030304,0.9696969696969697,-0.02499999999999991,0.0,False,WBCIC_S1S2_to_S3_authorized_development,3
PERSIST_META,RIDGE_A10,1.0,0.0025,1.0,0.8140909090909092,0.8142424242424243,-0.0001515151515151483,0.3762062556776269,0.12121212121212122,0.030303030303030304,0.9696969696969697,-0.014999999999999902,0.0,False,WBCIC_S1S2_to_S3_authorized_development,3
PERSIST_META,RIDGE_A10,1.0,0.005,0.5,0.8142424242424243,0.8142424242424243,0.0,0.37910309235611805,0.06060606060606061,0.0,1.0,0.0,0.0,False,WBCIC_S1S2_to_S3_authorized_development,3
PERSIST_META,RIDGE_A10,1.0,0.005,1.0,0.8145454545454546,0.8142424242424243,0.0003030303030303033,0.37842493459178955,0.06060606060606061,0.0,1.0,0.0,0.0,False,WBCIC_S1S2_to_S3_authorized_development,3
PERSIST_META,EXTRA_TREES_D4,0.0,0.0,0.5,0.8136363636363638,0.8142424242424243,-0.00060606060606061,0.3753539997935432,0.5454545454545454,0.21212121212121213,0.7878787878787878,-0.02499999999999991,0.0,False,WBCIC_S1S2_to_S3_authorized_development,3
PERSIST_META,EXTRA_TREES_D4,0.0,0.0,1.0,0.8130303030303031,0.8142424242424243,-0.0012121212121212165,0.37308291031856555,0.5454545454545454,0.30303030303030304,0.696969696969697,-0.020000000000000018,0.0,False,WBCIC_S1S2_to_S3_authorized_development,3
PERSIST_META,EXTRA_TREES_D4,0.0,0.0025,0.5,0.8136363636363638,0.8142424242424243,-0.0006060606060606032,0.37597780556291754,0.30303030303030304,0.12121212121212122,0.8787878787878788,-0.02499999999999991,0.0,False,WBCIC_S1S2_to_S3_authorized_development,3
PERSIST_META,EXTRA_TREES_D4,0.0,0.0025,1.0,0.8136363636363637,0.8142424242424243,-0.0006060606060606032,0.3733603744298659,0.30303030303030304,0.15151515151515152,0.8484848484848485,-0.010000000000000009,0.0,False,WBCIC_S1S2_to_S3_authorized_development,3
PERSIST_META,EXTRA_TREES_D4,0.0,0.005,0.5,0.8139393939393941,0.8142424242424243,-0.0003030303030302966,0.3767738744058561,0.21212121212121213,0.06060606060606061,0.9393939393939394,-0.02499999999999991,0.0,False,WBCIC_S1S2_to_S3_authorized_development,3
PERSIST_META,EXTRA_TREES_D4,0.0,0.005,1.0,0.8140909090909092,0.8142424242424243,-0.0001515151515151483,0.3749027529133691,0.21212121212121213,0.09090909090909091,0.9090909090909091,-0.010000000000000009,0.0,False,WBCIC_S1S2_to_S3_authorized_development,3
PERSIST_META,EXTRA_TREES_D4,0.5,0.0,0.5,0.8145454545454546,0.8142424242424243,0.0003030303030303033,0.37832695371253633,0.12121212121212122,0.0,1.0,0.0,0.0,False,WBCIC_S1S2_to_S3_authorized_development,3
PERSIST_META,EXTRA_TREES_D4,0.5,0.0,1.0,0.8139393939393941,0.8142424242424243,-0.0003030303030303033,0.37716606544874665,0.12121212121212122,0.06060606060606061,0.9393939393939394,-0.0050000000000000044,0.0,False,WBCIC_S1S2_to_S3_authorized_development,3
PERSIST_META,EXTRA_TREES_D4,0.5,0.0025,0.5,0.8145454545454546,0.8142424242424243,0.0003030303030303033,0.37832695371253633,0.12121212121212122,0.0,1.0,0.0,0.0,False,WBCIC_S1S2_to_S3_authorized_development,3
PERSIST_META,EXTRA_TREES_D4,0.5,0.0025,1.0,0.8139393939393941,0.8142424242424243,-0.0003030303030303033,0.37716606544874665,0.12121212121212122,0.06060606060606061,0.9393939393939394,-0.0050000000000000044,0.0,False,WBCIC_S1S2_to_S3_authorized_development,3
PERSIST_META,EXTRA_TREES_D4,0.5,0.005,0.5,0.8143939393939394,0.8142424242424243,0.00015151515151515165,0.3784719959100847,0.09090909090909091,0.0,1.0,0.0,0.0,False,WBCIC_S1S2_to_S3_authorized_development,3
PERSIST_META,EXTRA_TREES_D4,0.5,0.005,1.0,0.8139393939393941,0.8142424242424243,-0.0003030303030303033,0.3774463842801524,0.09090909090909091,0.06060606060606061,0.9393939393939394,-0.0050000000000000044,0.0,False,WBCIC_S1S2_to_S3_authorized_development,3
PERSIST_META,EXTRA_TREES_D4,1.0,0.0,0.5,0.8140909090909092,0.8142424242424243,-0.000151515151515155,0.3792595262869732,0.09090909090909091,0.030303030303030304,0.9696969696969697,-0.0050000000000001155,0.0,False,WBCIC_S1S2_to_S3_authorized_development,3
PERSIST_META,EXTRA_TREES_D4,1.0,0.0,1.0,0.8136363636363638,0.8142424242424243,-0.00060606060606061,0.37880449446979314,0.09090909090909091,0.06060606060606061,0.9393939393939394,-0.025000000000000133,0.0,False,WBCIC_S1S2_to_S3_authorized_development,3
PERSIST_META,EXTRA_TREES_D4,1.0,0.0025,0.5,0.8140909090909092,0.8142424242424243,-0.000151515151515155,0.3792595262869732,0.09090909090909091,0.030303030303030304,0.9696969696969697,-0.0050000000000001155,0.0,False,WBCIC_S1S2_to_S3_authorized_development,3
PERSIST_META,EXTRA_TREES_D4,1.0,0.0025,1.0,0.8136363636363638,0.8142424242424243,-0.00060606060606061,0.37880449446979314,0.09090909090909091,0.06060606060606061,0.9393939393939394,-0.025000000000000133,0.0,False,WBCIC_S1S2_to_S3_authorized_development,3
PERSIST_META,EXTRA_TREES_D4,1.0,0.005,0.5,0.8142424242424243,0.8142424242424243,0.0,0.37972539544909223,0.06060606060606061,0.0,1.0,0.0,0.0,False,WBCIC_S1S2_to_S3_authorized_development,3
PERSIST_META,EXTRA_TREES_D4,1.0,0.005,1.0,0.8143939393939394,0.8142424242424243,0.00015151515151515165,0.3796988354370709,0.06060606060606061,0.030303030303030304,0.9696969696969697,-0.0050000000000000044,0.0,False,WBCIC_S1S2_to_S3_authorized_development,3
META_GENERIC,RIDGE_A1,0.0,0.0,0.5,0.8054013621059075,0.804803145087236,0.0005982170186715611,0.37604832057541593,1.0,0.24242424242424243,0.7575757575757576,-0.020000000000000018,0.0,False,WBCIC_S1S2_to_S3_authorized_development,4
META_GENERIC,RIDGE_A1,0.0,0.0,1.0,0.8047953014998469,0.804803145087236,-7.843587389045455e-06,0.3720582124476231,1.0,0.36363636363636365,0.6363636363636364,-0.020000000000000018,0.0,False,WBCIC_S1S2_to_S3_authorized_development,4
META_GENERIC,RIDGE_A1,0.0,0.0025,0.5,0.8055528772574228,0.804803145087236,0.0007497321701867128,0.3762616246489575,0.9393939393939394,0.21212121212121213,0.7878787878787878,-0.020000000000000018,0.0,False,WBCIC_S1S2_to_S3_authorized_development,4
META_GENERIC,RIDGE_A1,0.0,0.0025,1.0,0.8050983318028773,0.804803145087236,0.00029518671564125786,0.3723740180361553,0.9393939393939394,0.3333333333333333,0.6666666666666666,-0.020000000000000018,0.0,False,WBCIC_S1S2_to_S3_authorized_development,4
META_GENERIC,RIDGE_A1,0.0,0.005,0.5,0.8055528772574228,0.804803145087236,0.0007497321701867128,0.3769171878044712,0.8484848484848485,0.21212121212121213,0.7878787878787878,-0.020000000000000018,0.0,False,WBCIC_S1S2_to_S3_authorized_development,4
META_GENERIC,RIDGE_A1,0.0,0.005,1.0,0.8057043924089379,0.804803145087236,0.0009012473217018645,0.3733405001325546,0.8484848484848485,0.30303030303030304,0.696969696969697,-0.020000000000000018,0.0,False,WBCIC_S1S2_to_S3_authorized_development,4
META_GENERIC,RIDGE_A1,0.5,0.0,0.5,0.8055607208448117,0.804803145087236,0.00075757575757576,0.37803765814338086,0.5757575757575758,0.12121212121212122,0.8787878787878788,-0.014999999999999958,0.0,False,WBCIC_S1S2_to_S3_authorized_development,4
META_GENERIC,RIDGE_A1,0.5,0.0,1.0,0.804803145087236,0.804803145087236,1.6821560979169039e-18,0.3744801122733127,0.5757575757575758,0.2727272727272727,0.7272727272727273,-0.019999999999999962,0.0,False,WBCIC_S1S2_to_S3_authorized_development,4
META_GENERIC,RIDGE_A1,0.5,0.0025,0.5,0.8051061753902662,0.804803145087236,0.000303030303030305,0.37776205514646427,0.36363636363636365,0.06060606060606061,0.9393939393939394,-0.014999999999999958,0.0,False,WBCIC_S1S2_to_S3_authorized_development,4
META_GENERIC,RIDGE_A1,0.5,0.0025,1.0,0.8046516299357209,0.804803145087236,-0.00015151515151514997,0.3734162690468156,0.36363636363636365,0.18181818181818182,0.8181818181818182,-0.019999999999999962,0.0,False,WBCIC_S1S2_to_S3_authorized_development,4
META_GENERIC,RIDGE_A1,0.5,0.005,0.5,0.8055607208448117,0.804803145087236,0.0007575757575757582,0.3782538054234442,0.30303030303030304,0.030303030303030304,0.9696969696969697,-0.010000000000000009,0.0,False,WBCIC_S1S2_to_S3_authorized_development,4
META_GENERIC,RIDGE_A1,0.5,0.005,1.0,0.8052576905417814,0.804803145087236,0.0004545454545454549,0.3740976868106752,0.30303030303030304,0.15151515151515152,0.8484848484848485,-0.010000000000000009,0.0,False,WBCIC_S1S2_to_S3_authorized_development,4
META_GENERIC,RIDGE_A1,1.0,0.0,0.5,0.8055607208448117,0.804803145087236,0.0007575757575757582,0.37974325090179833,0.18181818181818182,0.0,1.0,0.0,0.0,False,WBCIC_S1S2_to_S3_authorized_development,4
META_GENERIC,RIDGE_A1,1.0,0.0,1.0,0.8049546602387512,0.804803145087236,0.00015151515151515165,0.3766709783742912,0.18181818181818182,0.09090909090909091,0.9090909090909091,-0.010000000000000009,0.0,False,WBCIC_S1S2_to_S3_authorized_development,4
META_GENERIC,RIDGE_A1,1.0,0.0025,0.5,0.8055607208448117,0.804803145087236,0.0007575757575757582,0.3799223919223176,0.15151515151515152,0.0,1.0,0.0,0.0,False,WBCIC_S1S2_to_S3_authorized_development,4
META_GENERIC,RIDGE_A1,1.0,0.0025,1.0,0.8048031450872359,0.804803145087236,0.0,0.3768480048005214,0.15151515151515152,0.09090909090909091,0.9090909090909091,-0.010000000000000009,0.0,False,WBCIC_S1S2_to_S3_authorized_development,4
META_GENERIC,RIDGE_A1,1.0,0.005,0.5,0.8055607208448117,0.804803145087236,0.0007575757575757582,0.3799223919223176,0.15151515151515152,0.0,1.0,0.0,0.0,False,WBCIC_S1S2_to_S3_authorized_development,4
META_GENERIC,RIDGE_A1,1.0,0.005,1.0,0.8048031450872359,0.804803145087236,0.0,0.3768480048005214,0.15151515151515152,0.09090909090909091,0.9090909090909091,-0.010000000000000009,0.0,False,WBCIC_S1S2_to_S3_authorized_development,4
META_GENERIC,RIDGE_A10,0.0,0.0,0.5,0.8055528772574228,0.804803145087236,0.0007497321701867196,0.3770745844877403,1.0,0.21212121212121213,0.7878787878787878,-0.020000000000000018,0.0,False,WBCIC_S1S2_to_S3_authorized_development,4
META_GENERIC,RIDGE_A10,0.0,0.0,1.0,0.8049468166513621,0.804803145087236,0.00014367156412610957,0.3739955349965151,1.0,0.36363636363636365,0.6363636363636364,-0.020000000000000018,0.0,False,WBCIC_S1S2_to_S3_authorized_development,4
META_GENERIC,RIDGE_A10,0.0,0.0025,0.5,0.8055528772574228,0.804803145087236,0.0007497321701867196,0.37721437182931744,0.9696969696969697,0.21212121212121213,0.7878787878787878,-0.020000000000000018,0.0,False,WBCIC_S1S2_to_S3_authorized_development,4
META_GENERIC,RIDGE_A10,0.0,0.0025,1.0,0.8049468166513621,0.804803145087236,0.00014367156412610957,0.3741347049404558,0.9696969696969697,0.36363636363636365,0.6363636363636364,-0.020000000000000018,0.0,False,WBCIC_S1S2_to_S3_authorized_development,4
META_GENERIC,RIDGE_A10,0.0,0.005,0.5,0.8055528772574228,0.804803145087236,0.0007497321701867162,0.3776416062017542,0.8787878787878788,0.18181818181818182,0.8181818181818182,-0.020000000000000018,0.0,False,WBCIC_S1S2_to_S3_authorized_development,4
META_GENERIC,RIDGE_A10,0.0,0.005,1.0,0.8057043924089379,0.804803145087236,0.0009012473217018645,0.3747864914746528,0.8787878787878788,0.30303030303030304,0.696969696969697,-0.020000000000000018,0.0,False,WBCIC_S1S2_to_S3_authorized_development,4
META_GENERIC,RIDGE_A10,0.5,0.0,0.5,0.8050983318028773,0.804803145087236,0.00029518671564126794,0.3786870722291999,0.6363636363636364,0.15151515151515152,0.8484848484848485,-0.014999999999999958,0.0,False,WBCIC_S1S2_to_S3_authorized_development,4
META_GENERIC,RIDGE_A10,0.5,0.0,1.0,0.8044922711968167,0.804803145087236,-0.000310873890419342,0.37557583671078815,0.6363636363636364,0.30303030303030304,0.696969696969697,-0.015000000000000013,0.0,False,WBCIC_S1S2_to_S3_authorized_development,4
META_GENERIC,RIDGE_A10,0.5,0.0025,0.5,0.8057122359963269,0.804803145087236,0.0009090909090909149,0.37844850353576226,0.3939393939393939,0.06060606060606061,0.9393939393939394,-0.014999999999999958,0.0,True,WBCIC_S1S2_to_S3_authorized_development,4
META_GENERIC,RIDGE_A10,0.5,0.0025,1.0,0.8054092056932965,0.804803145087236,0.0006060606060606082,0.37475057717248167,0.3939393939393939,0.18181818181818182,0.8181818181818182,-0.010000000000000009,0.0,False,WBCIC_S1S2_to_S3_authorized_development,4
META_GENERIC,RIDGE_A10,0.5,0.005,0.5,0.8055607208448117,0.804803145087236,0.0007575757575757582,0.37826801554449035,0.2727272727272727,0.030303030303030304,0.9696969696969697,-0.010000000000000009,0.0,False,WBCIC_S1S2_to_S3_authorized_development,4
META_GENERIC,RIDGE_A10,0.5,0.005,1.0,0.8049546602387512,0.804803145087236,0.00015151515151515165,0.3740956873463377,0.2727272727272727,0.15151515151515152,0.8484848484848485,-0.010000000000000009,0.0,False,WBCIC_S1S2_to_S3_authorized_development,4
META_GENERIC,RIDGE_A10,1.0,0.0,0.5,0.8055607208448117,0.804803145087236,0.0007575757575757582,0.3799223919223176,0.15151515151515152,0.0,1.0,0.0,0.0,False,WBCIC_S1S2_to_S3_authorized_development,4
META_GENERIC,RIDGE_A10,1.0,0.0,1.0,0.8048031450872359,0.804803145087236,0.0,0.3768480048005214,0.15151515151515152,0.09090909090909091,0.9090909090909091,-0.010000000000000009,0.0,False,WBCIC_S1S2_to_S3_authorized_development,4
META_GENERIC,RIDGE_A10,1.0,0.0025,0.5,0.8055607208448117,0.804803145087236,0.0007575757575757582,0.3799223919223176,0.15151515151515152,0.0,1.0,0.0,0.0,False,WBCIC_S1S2_to_S3_authorized_development,4
META_GENERIC,RIDGE_A10,1.0,0.0025,1.0,0.8048031450872359,0.804803145087236,0.0,0.3768480048005214,0.15151515151515152,0.09090909090909091,0.9090909090909091,-0.010000000000000009,0.0,False,WBCIC_S1S2_to_S3_authorized_development,4
META_GENERIC,RIDGE_A10,1.0,0.005,0.5,0.8055607208448117,0.804803145087236,0.0007575757575757582,0.38020142355481734,0.12121212121212122,0.0,1.0,0.0,0.0,False,WBCIC_S1S2_to_S3_authorized_development,4
META_GENERIC,RIDGE_A10,1.0,0.005,1.0,0.8051061753902663,0.804803145087236,0.0003030303030303033,0.3772511850537973,0.12121212121212122,0.06060606060606061,0.9393939393939394,-0.0050000000000000044,0.0,False,WBCIC_S1S2_to_S3_authorized_development,4
META_GENERIC,EXTRA_TREES_D4,0.0,0.0,0.5,0.8035831802877257,0.804803145087236,-0.0012199647995102519,0.37810053138952976,0.7878787878787878,0.30303030303030304,0.696969696969697,-0.024999999999999967,0.0,False,WBCIC_S1S2_to_S3_authorized_development,4
META_GENERIC,EXTRA_TREES_D4,0.0,0.0,1.0,0.8025225742271197,0.804803145087236,-0.0022805708601163167,0.3756474014593712,0.7878787878787878,0.36363636363636365,0.6363636363636364,-0.02999999999999997,0.0,False,WBCIC_S1S2_to_S3_authorized_development,4
META_GENERIC,EXTRA_TREES_D4,0.0,0.0025,0.5,0.8043485996326906,0.804803145087236,-0.00045454545454545324,0.37819225091447806,0.696969696969697,0.24242424242424243,0.7575757575757576,-0.024999999999999967,0.0,False,WBCIC_S1S2_to_S3_authorized_development,4
META_GENERIC,EXTRA_TREES_D4,0.0,0.0025,1.0,0.8029849632690542,0.804803145087236,-0.0018181818181818214,0.37564868573197663,0.696969696969697,0.30303030303030304,0.696969696969697,-0.02999999999999997,0.0,False,WBCIC_S1S2_to_S3_authorized_development,4
META_GENERIC,EXTRA_TREES_D4,0.0,0.005,0.5,0.8043485996326906,0.804803145087236,-0.00045454545454545324,0.37819225091447806,0.696969696969697,0.24242424242424243,0.7575757575757576,-0.024999999999999967,0.0,False,WBCIC_S1S2_to_S3_authorized_development,4
META_GENERIC,EXTRA_TREES_D4,0.0,0.005,1.0,0.8029849632690542,0.804803145087236,-0.0018181818181818214,0.37564868573197663,0.696969696969697,0.30303030303030304,0.696969696969697,-0.02999999999999997,0.0,False,WBCIC_S1S2_to_S3_authorized_development,4
META_GENERIC,EXTRA_TREES_D4,0.5,0.0,0.5,0.8038940541781451,0.804803145087236,-0.0009090909090909049,0.38168461297445744,0.3333333333333333,0.12121212121212122,0.8787878787878788,-0.024999999999999967,0.0,False,WBCIC_S1S2_to_S3_authorized_development,4
META_GENERIC,EXTRA_TREES_D4,0.5,0.0,1.0,0.8037425390266298,0.804803145087236,-0.0010606060606060633,0.38104226043162276,0.3333333333333333,0.12121212121212122,0.8787878787878788,-0.02999999999999997,0.0,False,WBCIC_S1S2_to_S3_authorized_development,4
META_GENERIC,EXTRA_TREES_D4,0.5,0.0025,0.5,0.8040455693296603,0.804803145087236,-0.0007575757575757566,0.3824151459050968,0.18181818181818182,0.06060606060606061,0.9393939393939394,-0.024999999999999967,0.0,False,WBCIC_S1S2_to_S3_authorized_development,4
META_GENERIC,EXTRA_TREES_D4,0.5,0.0025,1.0,0.8035910238751147,0.804803145087236,-0.001212121212121215,0.38191126578968443,0.18181818181818182,0.09090909090909091,0.9090909090909091,-0.02999999999999997,0.0,False,WBCIC_S1S2_to_S3_authorized_development,4
META_GENERIC,EXTRA_TREES_D4,0.5,0.005,0.5,0.804803145087236,0.804803145087236,0.0,0.3817912807441622,0.12121212121212122,0.030303030303030304,0.9696969696969697,-0.0050000000000000044,0.0,False,WBCIC_S1S2_to_S3_authorized_development,4
META_GENERIC,EXTRA_TREES_D4,0.5,0.005,1.0,0.8045001147842056,0.804803145087236,-0.00030303030303030666,0.3802629044620107,0.12121212121212122,0.06060606060606061,0.9393939393939394,-0.010000000000000009,0.0,False,WBCIC_S1S2_to_S3_authorized_development,4
META_GENERIC,EXTRA_TREES_D4,1.0,0.0,0.5,0.8045001147842057,0.804803145087236,-0.0003030303030303033,0.38251561980505006,0.12121212121212122,0.06060606060606061,0.9393939393939394,-0.0050000000000000044,0.0,False,WBCIC_S1S2_to_S3_authorized_development,4
META_GENERIC,EXTRA_TREES_D4,1.0,0.0,1.0,0.8046516299357208,0.804803145087236,-0.000151515151515155,0.38154430054684124,0.12121212121212122,0.030303030303030304,0.9696969696969697,-0.010000000000000009,0.0,False,WBCIC_S1S2_to_S3_authorized_development,4
META_GENERIC,EXTRA_TREES_D4,1.0,0.0025,0.5,0.8046516299357208,0.804803145087236,-0.00015151515151515165,0.3829538532095957,0.09090909090909091,0.030303030303030304,0.9696969696969697,-0.0050000000000000044,0.0,False,WBCIC_S1S2_to_S3_authorized_development,4
META_GENERIC,EXTRA_TREES_D4,1.0,0.0025,1.0,0.8046516299357208,0.804803145087236,-0.000151515151515155,0.3823685942141517,0.09090909090909091,0.030303030303030304,0.9696969696969697,-0.010000000000000009,0.0,False,WBCIC_S1S2_to_S3_authorized_development,4
META_GENERIC,EXTRA_TREES_D4,1.0,0.005,0.5,0.8046516299357208,0.804803145087236,-0.00015151515151515165,0.3829538532095957,0.09090909090909091,0.030303030303030304,0.9696969696969697,-0.0050000000000000044,0.0,False,WBCIC_S1S2_to_S3_authorized_development,4
META_GENERIC,EXTRA_TREES_D4,1.0,0.005,1.0,0.8046516299357208,0.804803145087236,-0.000151515151515155,0.3823685942141517,0.09090909090909091,0.030303030303030304,0.9696969696969697,-0.010000000000000009,0.0,False,WBCIC_S1S2_to_S3_authorized_development,4
PERSIST_META,RIDGE_A1,0.0,0.0,0.5,0.805710705540251,0.804803145087236,0.0009075604530150102,0.3755730036710646,1.0,0.24242424242424243,0.7575757575757576,-0.015000000000000013,0.0,False,WBCIC_S1S2_to_S3_authorized_development,4
PERSIST_META,RIDGE_A1,0.0,0.0,1.0,0.8049531297826753,0.804803145087236,0.00014998469543924523,0.3710015129805938,1.0,0.36363636363636365,0.6363636363636364,-0.02499999999999991,0.0,False,WBCIC_S1S2_to_S3_authorized_development,4
PERSIST_META,RIDGE_A1,0.0,0.0025,0.5,0.805710705540251,0.804803145087236,0.0009075604530150102,0.3755730036710646,1.0,0.24242424242424243,0.7575757575757576,-0.015000000000000013,0.0,False,WBCIC_S1S2_to_S3_authorized_development,4
PERSIST_META,RIDGE_A1,0.0,0.0025,1.0,0.8049531297826753,0.804803145087236,0.00014998469543924523,0.3710015129805938,1.0,0.36363636363636365,0.6363636363636364,-0.02499999999999991,0.0,False,WBCIC_S1S2_to_S3_authorized_development,4
PERSIST_META,RIDGE_A1,0.0,0.005,0.5,0.805710705540251,0.804803145087236,0.0009075604530150102,0.3755730036710646,1.0,0.24242424242424243,0.7575757575757576,-0.015000000000000013,0.0,False,WBCIC_S1S2_to_S3_authorized_development,4
PERSIST_META,RIDGE_A1,0.0,0.005,1.0,0.8049531297826753,0.804803145087236,0.00014998469543924523,0.3710015129805938,1.0,0.36363636363636365,0.6363636363636364,-0.02499999999999991,0.0,False,WBCIC_S1S2_to_S3_authorized_development,4
PERSIST_META,RIDGE_A1,0.5,0.0,0.5,0.8052576905417814,0.804803145087236,0.0004545454545454549,0.37933990172199833,0.6363636363636364,0.15151515151515152,0.8484848484848485,-0.0050000000000000044,0.0,False,WBCIC_S1S2_to_S3_authorized_development,4
PERSIST_META,RIDGE_A1,0.5,0.0,1.0,0.8051061753902663,0.804803145087236,0.0003030303030303033,0.37683575568565936,0.6363636363636364,0.21212121212121213,0.7878787878787878,-0.015000000000000013,0.0,False,WBCIC_S1S2_to_S3_authorized_development,4
PERSIST_META,RIDGE_A1,0.5,0.0025,0.5,0.8057122359963269,0.804803145087236,0.0009090909090909098,0.3792759176947821,0.30303030303030304,0.030303030303030304,0.9696969696969697,-0.0050000000000000044,0.0,False,WBCIC_S1S2_to_S3_authorized_development,4
PERSIST_META,RIDGE_A1,0.5,0.0025,1.0,0.8051061753902662,0.804803145087236,0.0003030303030303033,0.3759630969215966,0.30303030303030304,0.12121212121212122,0.8787878787878788,-0.010000000000000009,0.0,False,WBCIC_S1S2_to_S3_authorized_development,4
PERSIST_META,RIDGE_A1,0.5,0.005,0.5,0.8057122359963269,0.804803145087236,0.0009090909090909098,0.3793013206624144,0.24242424242424243,0.030303030303030304,0.9696969696969697,-0.0050000000000000044,0.0,False,WBCIC_S1S2_to_S3_authorized_development,4
PERSIST_META,RIDGE_A1,0.5,0.005,1.0,0.8051061753902662,0.804803145087236,0.0003030303030303033,0.37601278632336527,0.24242424242424243,0.12121212121212122,0.8787878787878788,-0.010000000000000009,0.0,False,WBCIC_S1S2_to_S3_authorized_development,4
PERSIST_META,RIDGE_A1,1.0,0.0,0.5,0.804803145087236,0.804803145087236,0.0,0.3824841359585573,0.09090909090909091,0.030303030303030304,0.9696969696969697,-0.0050000000000000044,0.0,False,WBCIC_S1S2_to_S3_authorized_development,4
PERSIST_META,RIDGE_A1,1.0,0.0,1.0,0.8035910238751148,0.804803145087236,-0.0012121212121212132,0.38145325092260496,0.09090909090909091,0.09090909090909091,0.9090909090909091,-0.020000000000000018,0.0,False,WBCIC_S1S2_to_S3_authorized_development,4
PERSIST_META,RIDGE_A1,1.0,0.0025,0.5,0.804803145087236,0.804803145087236,0.0,0.3824841359585573,0.09090909090909091,0.030303030303030304,0.9696969696969697,-0.0050000000000000044,0.0,False,WBCIC_S1S2_to_S3_authorized_development,4
PERSIST_META,RIDGE_A1,1.0,0.0025,1.0,0.8035910238751148,0.804803145087236,-0.0012121212121212132,0.38145325092260496,0.09090909090909091,0.09090909090909091,0.9090909090909091,-0.020000000000000018,0.0,False,WBCIC_S1S2_to_S3_authorized_development,4
PERSIST_META,RIDGE_A1,1.0,0.005,0.5,0.804803145087236,0.804803145087236,0.0,0.3841194779560567,0.0,0.0,1.0,0.0,0.0,False,WBCIC_S1S2_to_S3_authorized_development,4
PERSIST_META,RIDGE_A1,1.0,0.005,1.0,0.804803145087236,0.804803145087236,0.0,0.3841194779560567,0.0,0.0,1.0,0.0,0.0,False,WBCIC_S1S2_to_S3_authorized_development,4
PERSIST_META,RIDGE_A10,0.0,0.0,0.5,0.8057107055402509,0.804803145087236,0.0009075604530150085,0.37614975994223054,1.0,0.2727272727272727,0.7272727272727273,-0.010000000000000009,0.0,False,WBCIC_S1S2_to_S3_authorized_development,4
PERSIST_META,RIDGE_A10,0.0,0.0,1.0,0.8044985843281298,0.804803145087236,-0.00030456075910620807,0.3720490087660454,1.0,0.3939393939393939,0.6060606060606061,-0.02499999999999991,0.0,False,WBCIC_S1S2_to_S3_authorized_development,4
PERSIST_META,RIDGE_A10,0.0,0.0025,0.5,0.8060137358432814,0.804803145087236,0.0012105907560453117,0.3763754202704102,0.9393939393939394,0.24242424242424243,0.7575757575757576,-0.010000000000000009,0.0,True,WBCIC_S1S2_to_S3_authorized_development,4
PERSIST_META,RIDGE_A10,0.0,0.0025,1.0,0.804650099479645,0.804803145087236,-0.0001530456075910564,0.3723694491410619,0.9393939393939394,0.36363636363636365,0.6363636363636364,-0.02499999999999991,0.0,False,WBCIC_S1S2_to_S3_authorized_development,4
PERSIST_META,RIDGE_A10,0.0,0.005,0.5,0.805710705540251,0.804803145087236,0.0009075604530150051,0.3779228034351603,0.7878787878787878,0.18181818181818182,0.8181818181818182,-0.010000000000000009,0.0,False,WBCIC_S1S2_to_S3_authorized_development,4
PERSIST_META,RIDGE_A10,0.0,0.005,1.0,0.8048016146311602,0.804803145087236,-1.5304560759047436e-06,0.37472621883015234,0.7878787878787878,0.30303030303030304,0.696969696969697,-0.020000000000000018,0.0,False,WBCIC_S1S2_to_S3_authorized_development,4
PERSIST_META,RIDGE_A10,0.5,0.0,0.5,0.8052576905417814,0.804803145087236,0.0004545454545454549,0.37846262247330026,0.5151515151515151,0.09090909090909091,0.9090909090909091,-0.010000000000000009,0.0,False,WBCIC_S1S2_to_S3_authorized_development,4
PERSIST_META,RIDGE_A10,0.5,0.0,1.0,0.8051061753902662,0.804803145087236,0.0003030303030303033,0.37483975528748864,0.5151515151515151,0.21212121212121213,0.7878787878787878,-0.010000000000000009,0.0,False,WBCIC_S1S2_to_S3_authorized_development,4
PERSIST_META,RIDGE_A10,0.5,0.0025,0.5,0.8052576905417814,0.804803145087236,0.0004545454545454549,0.37823014377896985,0.42424242424242425,0.09090909090909091,0.9090909090909091,-0.010000000000000009,0.0,False,WBCIC_S1S2_to_S3_authorized_development,4
PERSIST_META,RIDGE_A10,0.5,0.0025,1.0,0.8049546602387512,0.804803145087236,0.000151515151515155,0.37404286641535384,0.42424242424242425,0.18181818181818182,0.8181818181818182,-0.010000000000000009,0.0,False,WBCIC_S1S2_to_S3_authorized_development,4
PERSIST_META,RIDGE_A10,0.5,0.005,0.5,0.8054092056932965,0.804803145087236,0.0006060606060606066,0.3782171324464893,0.3333333333333333,0.06060606060606061,0.9393939393939394,-0.010000000000000009,0.0,False,WBCIC_S1S2_to_S3_authorized_development,4
PERSIST_META,RIDGE_A10,0.5,0.005,1.0,0.8049546602387512,0.804803145087236,0.00015151515151515165,0.3739961009871548,0.3333333333333333,0.15151515151515152,0.8484848484848485,-0.010000000000000009,0.0,False,WBCIC_S1S2_to_S3_authorized_development,4
PERSIST_META,RIDGE_A10,1.0,0.0,0.5,0.8046516299357209,0.804803145087236,-0.00015151515151515165,0.38126243533483894,0.15151515151515152,0.06060606060606061,0.9393939393939394,-0.0050000000000000044,0.0,False,WBCIC_S1S2_to_S3_authorized_development,4
PERSIST_META,RIDGE_A10,1.0,0.0,1.0,0.8041970844811753,0.804803145087236,-0.00060606060606061,0.37939359818096846,0.15151515151515152,0.09090909090909091,0.9090909090909091,-0.010000000000000009,0.0,False,WBCIC_S1S2_to_S3_authorized_development,4
PERSIST_META,RIDGE_A10,1.0,0.0025,0.5,0.8046516299357209,0.804803145087236,-0.00015151515151515165,0.38126243533483894,0.15151515151515152,0.06060606060606061,0.9393939393939394,-0.0050000000000000044,0.0,False,WBCIC_S1S2_to_S3_authorized_development,4
PERSIST_META,RIDGE_A10,1.0,0.0025,1.0,0.8041970844811753,0.804803145087236,-0.00060606060606061,0.37939359818096846,0.15151515151515152,0.09090909090909091,0.9090909090909091,-0.010000000000000009,0.0,False,WBCIC_S1S2_to_S3_authorized_development,4
PERSIST_META,RIDGE_A10,1.0,0.005,0.5,0.804803145087236,0.804803145087236,0.0,0.3814520049778869,0.12121212121212122,0.030303030303030304,0.9696969696969697,-0.0050000000000000044,0.0,False,WBCIC_S1S2_to_S3_authorized_development,4
PERSIST_META,RIDGE_A10,1.0,0.005,1.0,0.8040455693296602,0.804803145087236,-0.0007575757575757582,0.37967791966787684,0.12121212121212122,0.09090909090909091,0.9090909090909091,-0.010000000000000009,0.0,False,WBCIC_S1S2_to_S3_authorized_development,4
PERSIST_META,EXTRA_TREES_D4,0.0,0.0,0.5,0.8048016146311601,0.804803145087236,-1.5304560759064258e-06,0.3767286251116308,0.8484848484848485,0.2727272727272727,0.7272727272727273,-0.014999999999999958,0.0,False,WBCIC_S1S2_to_S3_authorized_development,4
PERSIST_META,EXTRA_TREES_D4,0.0,0.0,1.0,0.8038925237220691,0.804803145087236,-0.0009106213651668197,0.37334165582250944,0.8484848484848485,0.3939393939393939,0.6060606060606061,-0.02499999999999991,0.0,False,WBCIC_S1S2_to_S3_authorized_development,4
PERSIST_META,EXTRA_TREES_D4,0.0,0.0025,0.5,0.8046500994796449,0.804803145087236,-0.00015304560759105807,0.37698916945215905,0.7575757575757576,0.24242424242424243,0.7575757575757576,-0.014999999999999958,0.0,False,WBCIC_S1S2_to_S3_authorized_development,4
PERSIST_META,EXTRA_TREES_D4,0.0,0.0025,1.0,0.8028319176614631,0.804803145087236,-0.0019712274257728778,0.3733477222161676,0.7575757575757576,0.36363636363636365,0.6363636363636364,-0.02499999999999991,0.0,False,WBCIC_S1S2_to_S3_authorized_development,4
PERSIST_META,EXTRA_TREES_D4,0.0,0.005,0.5,0.8049546602387512,0.804803145087236,0.0001515151515151567,0.3772767303320704,0.6666666666666666,0.18181818181818182,0.8181818181818182,-0.014999999999999958,0.0,False,WBCIC_S1S2_to_S3_authorized_development,4
PERSIST_META,EXTRA_TREES_D4,0.0,0.005,1.0,0.802833448117539,0.804803145087236,-0.00196969696969697,0.3736751490015516,0.6666666666666666,0.3333333333333333,0.6666666666666666,-0.02499999999999991,0.0,False,WBCIC_S1S2_to_S3_authorized_development,4
PERSIST_META,EXTRA_TREES_D4,0.5,0.0,0.5,0.80374253902663,0.804803145087236,-0.0010606060606060598,0.38068471111281427,0.21212121212121213,0.12121212121212122,0.8787878787878788,-0.019999999999999962,0.0,False,WBCIC_S1S2_to_S3_authorized_development,4
PERSIST_META,EXTRA_TREES_D4,0.5,0.0,1.0,0.8031364784205693,0.804803145087236,-0.0016666666666666698,0.3784035063551397,0.21212121212121213,0.15151515151515152,0.8484848484848485,-0.024999999999999967,0.0,False,WBCIC_S1S2_to_S3_authorized_development,4
PERSIST_META,EXTRA_TREES_D4,0.5,0.0025,0.5,0.8040455693296603,0.804803145087236,-0.0007575757575757566,0.381425912071852,0.18181818181818182,0.09090909090909091,0.9090909090909091,-0.019999999999999962,0.0,False,WBCIC_S1S2_to_S3_authorized_development,4
PERSIST_META,EXTRA_TREES_D4,0.5,0.0025,1.0,0.8034395087235996,0.804803145087236,-0.0013636363636363666,0.3797915711806359,0.18181818181818182,0.12121212121212122,0.8787878787878788,-0.024999999999999967,0.0,False,WBCIC_S1S2_to_S3_authorized_development,4
PERSIST_META,EXTRA_TREES_D4,0.5,0.005,0.5,0.8041970844811754,0.804803145087236,-0.0006060606060606049,0.38195475748117524,0.15151515151515152,0.06060606060606061,0.9393939393939394,-0.019999999999999962,0.0,False,WBCIC_S1S2_to_S3_authorized_development,4
PERSIST_META,EXTRA_TREES_D4,0.5,0.005,1.0,0.8037425390266298,0.804803145087236,-0.0010606060606060633,0.3806608774616782,0.15151515151515152,0.09090909090909091,0.9090909090909091,-0.024999999999999967,0.0,False,WBCIC_S1S2_to_S3_authorized_development,4
PERSIST_META,EXTRA_TREES_D4,1.0,0.0,0.5,0.8040455693296603,0.804803145087236,-0.0007575757575757566,0.38214246739844376,0.15151515151515152,0.06060606060606061,0.9393939393939394,-0.019999999999999962,0.0,False,WBCIC_S1S2_to_S3_authorized_development,4
PERSIST_META,EXTRA_TREES_D4,1.0,0.0,1.0,0.8038940541781451,0.804803145087236,-0.0009090909090909116,0.38094639307776984,0.15151515151515152,0.06060606060606061,0.9393939393939394,-0.024999999999999967,0.0,False,WBCIC_S1S2_to_S3_authorized_development,4
PERSIST_META,EXTRA_TREES_D4,1.0,0.0025,0.5,0.8046516299357208,0.804803145087236,-0.00015151515151515165,0.38197899066143076,0.12121212121212122,0.030303030303030304,0.9696969696969697,-0.0050000000000000044,0.0,False,WBCIC_S1S2_to_S3_authorized_development,4
PERSIST_META,EXTRA_TREES_D4,1.0,0.0025,1.0,0.8046516299357208,0.804803145087236,-0.000151515151515155,0.3805484200781024,0.12121212121212122,0.030303030303030304,0.9696969696969697,-0.010000000000000009,0.0,False,WBCIC_S1S2_to_S3_authorized_development,4
PERSIST_META,EXTRA_TREES_D4,1.0,0.005,0.5,0.8046516299357208,0.804803145087236,-0.00015151515151515165,0.38197899066143076,0.12121212121212122,0.030303030303030304,0.9696969696969697,-0.0050000000000000044,0.0,False,WBCIC_S1S2_to_S3_authorized_development,4
PERSIST_META,EXTRA_TREES_D4,1.0,0.005,1.0,0.8046516299357208,0.804803145087236,-0.000151515151515155,0.3805484200781024,0.12121212121212122,0.030303030303030304,0.9696969696969697,-0.010000000000000009,0.0,False,WBCIC_S1S2_to_S3_authorized_development,4
