dataset,role,fold,seed,subject,block,recipe,population_CE,adapter_CE,utility_CE,population_BA,adapter_BA,delta_BA,held_block_used_for_fit,future_labels_used_for_fit
OpenBMI,outcome,0,0,15,0,upda_r1_l20.001_one_se,0.38462965853365505,0.1735914356212767,0.21103822291237834,0.84,0.92,0.08000000000000007,False,False
OpenBMI,outcome,0,0,15,1,upda_r1_l20.001_one_se,0.6496090686925469,0.24090756803810406,0.4087015006544428,0.72,0.84,0.12,False,False
OpenBMI,outcome,0,0,15,2,upda_r1_l20.001_one_se,0.004544514831486039,0.005551488220865718,-0.001006973389379679,1.0,1.0,0.0,False,False
OpenBMI,outcome,0,0,15,3,upda_r1_l20.001_one_se,0.01816119667445278,0.07341730685871986,-0.055256110184267085,1.0,1.0,0.0,False,False
OpenBMI,outcome,0,0,19,0,upda_r1_l20.001_one_se,0.1818762562232746,0.4438077826610825,-0.2619315264378079,0.92,0.8,-0.12,False,False
OpenBMI,outcome,0,0,19,1,upda_r1_l20.001_one_se,0.21167488344839083,0.47059471804909264,-0.2589198346007018,0.96,0.68,-0.2799999999999999,False,False
OpenBMI,outcome,0,0,19,2,upda_r1_l20.001_one_se,1.302837634169731,0.8724634877545822,0.4303741464151488,0.4,0.6,0.19999999999999996,False,False
OpenBMI,outcome,0,0,19,3,upda_r1_l20.001_one_se,0.8142391269018987,0.3813845800566709,0.4328545468452278,0.6,0.8,0.20000000000000007,False,False
OpenBMI,outcome,0,0,32,0,upda_r1_l20.001_one_se,0.28225081041593186,0.5875661606581188,-0.305315350242187,0.8,0.56,-0.24,False,False
OpenBMI,outcome,0,0,32,1,upda_r1_l20.001_one_se,0.7144229196903342,0.7279641747278327,-0.013541255037498479,0.68,0.56,-0.12,False,False
OpenBMI,outcome,0,0,32,2,upda_r1_l20.001_one_se,0.1328687124478556,0.16898071178449345,-0.036111999336637834,0.96,1.0,0.040000000000000036,False,False
OpenBMI,outcome,0,0,32,3,upda_r1_l20.001_one_se,0.05491558836038185,0.18974564162381546,-0.1348300532634336,1.0,1.0,0.0,False,False
OpenBMI,outcome,0,0,33,0,upda_r1_l20.001_one_se,0.4489826386120096,0.31134650923409646,0.13763612937791314,0.8,0.88,0.07999999999999996,False,False
OpenBMI,outcome,0,0,33,1,upda_r1_l20.001_one_se,0.2509080270114611,0.15007601339796575,0.10083201361349534,0.92,0.96,0.039999999999999925,False,False
OpenBMI,outcome,0,0,33,2,upda_r1_l20.001_one_se,0.027692447943118377,0.07948149892658515,-0.051789050983466776,1.0,1.0,0.0,False,False
OpenBMI,outcome,0,0,33,3,upda_r1_l20.001_one_se,0.03613839266506941,0.08550468485622256,-0.049366292191153155,1.0,1.0,0.0,False,False
OpenBMI,outcome,0,0,41,0,upda_r1_l20.001_one_se,0.6546680503414558,0.5136988687469701,0.14096918159448568,0.72,0.76,0.040000000000000036,False,False
OpenBMI,outcome,0,0,41,1,upda_r1_l20.001_one_se,0.741368368134935,0.7210674378350116,0.020300930299923414,0.76,0.48,-0.28,False,False
OpenBMI,outcome,0,0,41,2,upda_r1_l20.001_one_se,0.639985096055996,0.6422051761874041,-0.0022200801314081753,0.72,0.72,0.0,False,False
OpenBMI,outcome,0,0,41,3,upda_r1_l20.001_one_se,0.6334165994335398,0.5812812522622118,0.05213534717132795,0.68,0.64,-0.040000000000000036,False,False
OpenBMI,outcome,0,0,46,0,upda_r1_l20.001_one_se,0.8341896850999643,0.8261312538613044,0.008058431238659902,0.52,0.28,-0.24,False,False
OpenBMI,outcome,0,0,46,1,upda_r1_l20.001_one_se,0.6499537079060812,0.6658009390121723,-0.015847231106091098,0.72,0.44,-0.27999999999999997,False,False
OpenBMI,outcome,0,0,46,2,upda_r1_l20.001_one_se,0.35381709949656304,0.3291986492522963,0.024618450244266732,0.84,0.88,0.040000000000000036,False,False
OpenBMI,outcome,0,0,46,3,upda_r1_l20.001_one_se,0.841451431830494,0.621982688606549,0.21946874322394494,0.64,0.8,0.16000000000000003,False,False
OpenBMI,outcome,0,0,47,0,upda_r1_l20.001_one_se,0.10055165270484195,0.009578812432783615,0.09097284027205833,1.0,1.0,0.0,False,False
OpenBMI,outcome,0,0,47,1,upda_r1_l20.001_one_se,0.4264414231619466,0.6182628886465288,-0.19182146548458218,0.8,0.8,0.0,False,False
OpenBMI,outcome,0,0,47,2,upda_r1_l20.001_one_se,0.1170312780043907,0.06090070246954287,0.05613057553484783,0.96,0.96,0.0,False,False
OpenBMI,outcome,0,0,47,3,upda_r1_l20.001_one_se,0.15835844661351622,0.1286098704366337,0.029748576176882535,0.96,0.96,0.0,False,False
OpenBMI,outcome,0,0,49,0,upda_r1_l20.001_one_se,0.14504204418045039,0.20853016274493705,-0.06348811856448666,0.96,0.92,-0.039999999999999925,False,False
OpenBMI,outcome,0,0,49,1,upda_r1_l20.001_one_se,0.11231537612876631,0.16041266031629697,-0.04809728418753066,0.92,0.92,0.0,False,False
OpenBMI,outcome,0,0,49,2,upda_r1_l20.001_one_se,0.8370282521520024,0.5942973162687409,0.24273093588326144,0.72,0.72,0.0,False,False
OpenBMI,outcome,0,0,49,3,upda_r1_l20.001_one_se,1.0620032131761756,0.9372315362580262,0.12477167691814939,0.48,0.52,0.040000000000000036,False,False
OpenBMI,outcome,0,1,15,0,upda_r1_l20.001_one_se,0.5691797673338906,0.30047760899874076,0.2687021583351499,0.76,0.92,0.16000000000000003,False,False
OpenBMI,outcome,0,1,15,1,upda_r1_l20.001_one_se,0.8885317690579118,0.40321349514931,0.48531827390860177,0.6,0.8,0.20000000000000007,False,False
OpenBMI,outcome,0,1,15,2,upda_r1_l20.001_one_se,0.0013714207237505765,0.0007108980217967306,0.0006605227019538459,1.0,1.0,0.0,False,False
OpenBMI,outcome,0,1,15,3,upda_r1_l20.001_one_se,0.007747680209359714,0.020394827358274293,-0.01264714714891458,1.0,1.0,0.0,False,False
OpenBMI,outcome,0,1,19,0,upda_r1_l20.001_one_se,0.17931457102665568,0.39770261621213726,-0.21838804518548158,0.96,0.88,-0.07999999999999996,False,False
OpenBMI,outcome,0,1,19,1,upda_r1_l20.001_one_se,0.18404186405520662,0.4363098308815065,-0.25226796682629987,0.96,0.68,-0.2799999999999999,False,False
OpenBMI,outcome,0,1,19,2,upda_r1_l20.001_one_se,1.4840387765111407,1.024241593752266,0.4597971827588747,0.4,0.56,0.16000000000000003,False,False
OpenBMI,outcome,0,1,19,3,upda_r1_l20.001_one_se,1.0669569950421707,0.5233877390970288,0.5435692559451418,0.64,0.72,0.07999999999999996,False,False
OpenBMI,outcome,0,1,32,0,upda_r1_l20.001_one_se,0.253532497875988,0.40177263618128906,-0.14824013830530103,0.84,0.68,-0.15999999999999992,False,False
OpenBMI,outcome,0,1,32,1,upda_r1_l20.001_one_se,0.40280701434990673,0.4352286071420239,-0.03242159279211715,0.84,0.84,0.0,False,False
OpenBMI,outcome,0,1,32,2,upda_r1_l20.001_one_se,0.417761884241042,0.4048843020999175,0.0128775821411245,0.8,0.8,0.0,False,False
OpenBMI,outcome,0,1,32,3,upda_r1_l20.001_one_se,0.254815356980683,0.5170137623700822,-0.2621984053893992,0.88,0.6,-0.28,False,False
OpenBMI,outcome,0,1,33,0,upda_r1_l20.001_one_se,0.4754568683645635,0.31272500737010656,0.16273186099445697,0.76,0.76,0.0,False,False
OpenBMI,outcome,0,1,33,1,upda_r1_l20.001_one_se,0.17072780664425444,0.09364961935819242,0.07707818728606201,0.96,0.96,0.0,False,False
OpenBMI,outcome,0,1,33,2,upda_r1_l20.001_one_se,0.0563940334351351,0.14828790283797122,-0.09189386940283611,1.0,0.96,-0.040000000000000036,False,False
OpenBMI,outcome,0,1,33,3,upda_r1_l20.001_one_se,0.07539111162287546,0.1730739444506256,-0.09768283282775014,1.0,0.96,-0.040000000000000036,False,False
OpenBMI,outcome,0,1,41,0,upda_r1_l20.001_one_se,0.2582176325120722,0.2674556066719902,-0.009237974159918005,0.92,0.92,0.0,False,False
OpenBMI,outcome,0,1,41,1,upda_r1_l20.001_one_se,0.6044615414417668,0.5372180821122036,0.06724345932956322,0.64,0.72,0.07999999999999996,False,False
OpenBMI,outcome,0,1,41,2,upda_r1_l20.001_one_se,0.6467310831754293,0.687163590011883,-0.04043250683645372,0.76,0.64,-0.12,False,False
OpenBMI,outcome,0,1,41,3,upda_r1_l20.001_one_se,0.8278476453169858,0.7206974421261783,0.10715020319080759,0.68,0.6,-0.08000000000000007,False,False
OpenBMI,outcome,0,1,46,0,upda_r1_l20.001_one_se,1.09125073390764,0.9131869777109219,0.1780637561967181,0.44,0.28,-0.15999999999999998,False,False
OpenBMI,outcome,0,1,46,1,upda_r1_l20.001_one_se,1.052128120138014,0.8219185203158379,0.23020959982217604,0.52,0.28,-0.24,False,False
OpenBMI,outcome,0,1,46,2,upda_r1_l20.001_one_se,0.3925766561598407,0.403371667303464,-0.010795011143623301,0.76,0.88,0.12,False,False
OpenBMI,outcome,0,1,46,3,upda_r1_l20.001_one_se,0.49513856681113144,0.506577840676485,-0.011439273865353594,0.76,0.88,0.12,False,False
OpenBMI,outcome,0,1,47,0,upda_r1_l20.001_one_se,0.1305272543228487,0.0249957386850852,0.1055315156377635,1.0,1.0,0.0,False,False
OpenBMI,outcome,0,1,47,1,upda_r1_l20.001_one_se,0.8172070171752743,2.059041246296343,-1.2418342291210687,0.56,0.56,0.0,False,False
OpenBMI,outcome,0,1,47,2,upda_r1_l20.001_one_se,0.0588730824443425,0.005509318166284665,0.053363764278057835,1.0,1.0,0.0,False,False
OpenBMI,outcome,0,1,47,3,upda_r1_l20.001_one_se,0.11561471584961047,0.03797962302904237,0.0776350928205681,1.0,1.0,0.0,False,False
OpenBMI,outcome,0,1,49,0,upda_r1_l20.001_one_se,0.3159577085252461,0.42351616039852735,-0.10755845187328128,0.8,0.76,-0.040000000000000036,False,False
OpenBMI,outcome,0,1,49,1,upda_r1_l20.001_one_se,0.31414023675633046,0.4006629000834633,-0.08652266332713282,0.88,0.84,-0.040000000000000036,False,False
OpenBMI,outcome,0,1,49,2,upda_r1_l20.001_one_se,0.5481219544621984,0.4281243564832637,0.11999759797893467,0.8,0.84,0.039999999999999925,False,False
OpenBMI,outcome,0,1,49,3,upda_r1_l20.001_one_se,0.7945850419369417,0.6987198863412216,0.09586515559572006,0.64,0.72,0.07999999999999996,False,False
OpenBMI,outcome,0,2,15,0,upda_r1_l20.001_one_se,0.300844061618666,0.043308564935254104,0.2575354966834119,0.88,0.96,0.07999999999999996,False,False
OpenBMI,outcome,0,2,15,1,upda_r1_l20.001_one_se,0.37505046106666334,0.10310451915422174,0.2719459419124416,0.84,0.96,0.12,False,False
OpenBMI,outcome,0,2,15,2,upda_r1_l20.001_one_se,0.007940025770324394,0.013469962796106107,-0.005529937025781712,1.0,1.0,0.0,False,False
OpenBMI,outcome,0,2,15,3,upda_r1_l20.001_one_se,0.027189844628474288,0.14530702673306856,-0.11811718210459426,1.0,0.96,-0.040000000000000036,False,False
OpenBMI,outcome,0,2,19,0,upda_r1_l20.001_one_se,0.13398205553827286,0.3168230593155145,-0.18284100377724166,0.96,0.84,-0.12,False,False
OpenBMI,outcome,0,2,19,1,upda_r1_l20.001_one_se,0.1971855097148843,0.407823585664753,-0.21063807594986872,0.92,0.84,-0.08000000000000007,False,False
OpenBMI,outcome,0,2,19,2,upda_r1_l20.001_one_se,1.6931777968940152,1.1580348638598525,0.5351429330341626,0.24,0.4,0.16000000000000003,False,False
OpenBMI,outcome,0,2,19,3,upda_r1_l20.001_one_se,1.306111129077716,0.6522368659945034,0.6538742630832127,0.56,0.76,0.19999999999999996,False,False
OpenBMI,outcome,0,2,32,0,upda_r1_l20.001_one_se,0.3802163828080426,0.6131526947515715,-0.23293631194352893,0.8,0.48,-0.32000000000000006,False,False
OpenBMI,outcome,0,2,32,1,upda_r1_l20.001_one_se,0.7503381441728556,0.7436493899924536,0.006688754180402046,0.6,0.4,-0.19999999999999996,False,False
OpenBMI,outcome,0,2,32,2,upda_r1_l20.001_one_se,0.38271030370135106,0.34848418963131556,0.03422611407003551,0.88,0.88,0.0,False,False
OpenBMI,outcome,0,2,32,3,upda_r1_l20.001_one_se,0.15545308706541194,0.3026189287590853,-0.14716584169367336,0.96,1.0,0.040000000000000036,False,False
OpenBMI,outcome,0,2,33,0,upda_r1_l20.001_one_se,0.4452054608058691,0.29869033045291965,0.14651513035294944,0.8,0.88,0.07999999999999996,False,False
OpenBMI,outcome,0,2,33,1,upda_r1_l20.001_one_se,0.14180790022192752,0.07699083880471859,0.06481706141720893,0.92,1.0,0.07999999999999996,False,False
OpenBMI,outcome,0,2,33,2,upda_r1_l20.001_one_se,0.06825672364568595,0.17058023931322758,-0.10232351566754162,1.0,1.0,0.0,False,False
OpenBMI,outcome,0,2,33,3,upda_r1_l20.001_one_se,0.09432274716373933,0.23441442048747366,-0.14009167332373434,1.0,0.88,-0.12,False,False
OpenBMI,outcome,0,2,41,0,upda_r1_l20.001_one_se,0.30355265073724624,0.3342147831866656,-0.030662132449419344,0.88,0.88,0.0,False,False
OpenBMI,outcome,0,2,41,1,upda_r1_l20.001_one_se,0.7869682628976704,0.676897027546126,0.1100712353515444,0.6,0.6,0.0,False,False
OpenBMI,outcome,0,2,41,2,upda_r1_l20.001_one_se,0.5605750240339417,0.6239161521749882,-0.06334112814104653,0.84,0.84,0.0,False,False
OpenBMI,outcome,0,2,41,3,upda_r1_l20.001_one_se,0.7657376103707145,0.6665730121135879,0.09916459825712665,0.72,0.72,0.0,False,False
OpenBMI,outcome,0,2,46,0,upda_r1_l20.001_one_se,1.358626850021522,1.092897803409452,0.26572904661206986,0.4,0.2,-0.2,False,False
OpenBMI,outcome,0,2,46,1,upda_r1_l20.001_one_se,0.8619295176009156,0.8248399876513273,0.03708952994958836,0.64,0.36,-0.28,False,False
OpenBMI,outcome,0,2,46,2,upda_r1_l20.001_one_se,0.3989772872411048,0.32767093102836037,0.07130635621274445,0.8,0.92,0.12,False,False
OpenBMI,outcome,0,2,46,3,upda_r1_l20.001_one_se,0.35947851959846405,0.38303708193524016,-0.023558562336776112,0.8,0.88,0.07999999999999996,False,False
OpenBMI,outcome,0,2,47,0,upda_r1_l20.001_one_se,0.1670922250663969,0.1045348451803995,0.0625573798859974,0.92,0.92,0.0,False,False
OpenBMI,outcome,0,2,47,1,upda_r1_l20.001_one_se,0.39715120980515534,0.7040926954664749,-0.30694148566131957,0.84,0.76,-0.07999999999999996,False,False
OpenBMI,outcome,0,2,47,2,upda_r1_l20.001_one_se,0.1432387450320516,0.05579543080823331,0.0874433142238183,1.0,1.0,0.0,False,False
OpenBMI,outcome,0,2,47,3,upda_r1_l20.001_one_se,0.23055784484485883,0.2784251951116986,-0.047867350266839775,0.92,0.88,-0.040000000000000036,False,False
OpenBMI,outcome,0,2,49,0,upda_r1_l20.001_one_se,0.35923358273789957,0.4493504303453908,-0.09011684760749122,0.88,0.88,0.0,False,False
OpenBMI,outcome,0,2,49,1,upda_r1_l20.001_one_se,0.3125757574526974,0.39340246689929714,-0.08082670944659975,0.88,0.84,-0.040000000000000036,False,False
OpenBMI,outcome,0,2,49,2,upda_r1_l20.001_one_se,0.5799585802226742,0.43226614253025525,0.14769243769241897,0.72,0.84,0.12,False,False
OpenBMI,outcome,0,2,49,3,upda_r1_l20.001_one_se,0.8016568886488031,0.7003590095006803,0.10129787914812283,0.6,0.72,0.12,False,False
OpenBMI,outcome,1,0,2,0,upda_r1_l20.001_one_se,0.8641478201385279,0.773193991408287,0.09095382873024083,0.56,0.48,-0.08000000000000007,False,False
OpenBMI,outcome,1,0,2,1,upda_r1_l20.001_one_se,0.8771043240158986,0.8081675905379382,0.06893673347796037,0.68,0.56,-0.12,False,False
OpenBMI,outcome,1,0,2,2,upda_r1_l20.001_one_se,0.1456040667803862,0.26907726038820334,-0.12347319360781714,1.0,1.0,0.0,False,False
OpenBMI,outcome,1,0,2,3,upda_r1_l20.001_one_se,0.4643602557616546,0.42584995668984876,0.03851029907180581,0.76,0.92,0.16000000000000003,False,False
OpenBMI,outcome,1,0,14,0,upda_r1_l20.001_one_se,0.4062447951277824,0.5983455176754645,-0.19210072254768212,0.76,0.6,-0.16000000000000003,False,False
OpenBMI,outcome,1,0,14,1,upda_r1_l20.001_one_se,0.3906605663042291,0.6302644807768674,-0.2396039144726383,0.8,0.56,-0.24,False,False
OpenBMI,outcome,1,0,14,2,upda_r1_l20.001_one_se,0.8328060822963428,0.5077876384476665,0.3250184438486763,0.52,0.88,0.36,False,False
OpenBMI,outcome,1,0,14,3,upda_r1_l20.001_one_se,1.1166282517589576,0.7315308675964768,0.38509738416248085,0.48,0.56,0.08000000000000007,False,False
OpenBMI,outcome,1,0,34,0,upda_r1_l20.001_one_se,0.8016119025309226,0.6319397519032691,0.1696721506276535,0.52,0.68,0.16000000000000003,False,False
OpenBMI,outcome,1,0,34,1,upda_r1_l20.001_one_se,1.1772735836685964,0.9250565085395631,0.25221707512903324,0.44,0.4,-0.03999999999999998,False,False
OpenBMI,outcome,1,0,34,2,upda_r1_l20.001_one_se,0.8473578736958882,0.8275538585954209,0.019804015100467365,0.6,0.08,-0.52,False,False
OpenBMI,outcome,1,0,34,3,upda_r1_l20.001_one_se,0.6159139137200442,0.6592120714982304,-0.04329815777818613,0.72,0.52,-0.19999999999999996,False,False
OpenBMI,outcome,1,0,40,0,upda_r1_l20.001_one_se,0.7491070072628706,0.5645245617523329,0.1845824455105377,0.72,0.76,0.040000000000000036,False,False
OpenBMI,outcome,1,0,40,1,upda_r1_l20.001_one_se,0.40312831850625436,0.3594319460970831,0.043696372409171236,0.84,0.96,0.12,False,False
OpenBMI,outcome,1,0,40,2,upda_r1_l20.001_one_se,0.3175007875572209,0.4205193354330602,-0.1030185478758393,0.84,0.76,-0.07999999999999996,False,False
OpenBMI,outcome,1,0,40,3,upda_r1_l20.001_one_se,0.44194545162373156,0.6296595493261392,-0.18771409770240766,0.8,0.6,-0.20000000000000007,False,False
OpenBMI,outcome,1,0,43,0,upda_r1_l20.001_one_se,0.3766362518523789,0.46829863616837336,-0.09166238431599444,0.84,0.84,0.0,False,False
OpenBMI,outcome,1,0,43,1,upda_r1_l20.001_one_se,0.3555477582475759,0.5421494198859016,-0.1866016616383257,0.84,0.8,-0.039999999999999925,False,False
OpenBMI,outcome,1,0,43,2,upda_r1_l20.001_one_se,0.3678299176384307,0.33331237273200887,0.03451754490642184,0.84,0.84,0.0,False,False
OpenBMI,outcome,1,0,43,3,upda_r1_l20.001_one_se,0.28084056339179797,0.1994427336520877,0.08139782973971027,0.88,0.96,0.07999999999999996,False,False
OpenBMI,outcome,1,0,44,0,upda_r1_l20.001_one_se,0.7227099553334582,0.6228709384582212,0.099839016875237,0.6,0.64,0.040000000000000036,False,False
OpenBMI,outcome,1,0,44,1,upda_r1_l20.001_one_se,1.0332006262524625,1.0548246656086318,-0.0216240393561693,0.48,0.52,0.040000000000000036,False,False
OpenBMI,outcome,1,0,44,2,upda_r1_l20.001_one_se,0.23560689165896284,0.2841513023487877,-0.048544410689824874,0.84,0.84,0.0,False,False
OpenBMI,outcome,1,0,44,3,upda_r1_l20.001_one_se,0.22087316724607906,0.25126253148395916,-0.030389364237880107,0.88,0.88,0.0,False,False
OpenBMI,outcome,1,0,48,0,upda_r1_l20.001_one_se,0.3757173524390587,0.3767669069394591,-0.0010495545004003959,0.8,0.96,0.15999999999999992,False,False
OpenBMI,outcome,1,0,48,1,upda_r1_l20.001_one_se,1.0762976148413095,1.103262303038483,-0.02696468819717346,0.48,0.48,0.0,False,False
OpenBMI,outcome,1,0,48,2,upda_r1_l20.001_one_se,0.47343551712357573,0.6203167688265956,-0.14688125170301986,0.88,0.64,-0.24,False,False
OpenBMI,outcome,1,0,48,3,upda_r1_l20.001_one_se,0.4325392581371543,0.4645615625579995,-0.03202230442084519,0.76,0.72,-0.040000000000000036,False,False
OpenBMI,outcome,1,0,50,0,upda_r1_l20.001_one_se,0.44414966541669565,0.6828219692617984,-0.23867230384510274,0.76,0.52,-0.24,False,False
OpenBMI,outcome,1,0,50,1,upda_r1_l20.001_one_se,0.4848069947253406,0.8771815819352783,-0.3923745872099377,0.76,0.28,-0.48,False,False
OpenBMI,outcome,1,0,50,2,upda_r1_l20.001_one_se,1.3677457688057648,0.5946604579110685,0.7730853108946963,0.32,0.68,0.36000000000000004,False,False
OpenBMI,outcome,1,0,50,3,upda_r1_l20.001_one_se,1.532520510233938,0.6423067148552875,0.8902137953786506,0.32,0.56,0.24000000000000005,False,False
OpenBMI,outcome,1,1,2,0,upda_r1_l20.001_one_se,0.2780956688210735,0.33709258847253415,-0.058996919651460644,0.8,0.8,0.0,False,False
OpenBMI,outcome,1,1,2,1,upda_r1_l20.001_one_se,0.301789738618384,0.41001415699056376,-0.10822441837217978,0.92,0.88,-0.040000000000000036,False,False
OpenBMI,outcome,1,1,2,2,upda_r1_l20.001_one_se,0.4969265806333546,0.5181151657153921,-0.02118858508203747,0.76,0.88,0.12,False,False
OpenBMI,outcome,1,1,2,3,upda_r1_l20.001_one_se,0.6284678767933723,0.5549799375289499,0.07348793926442243,0.6,0.84,0.24,False,False
OpenBMI,outcome,1,1,14,0,upda_r1_l20.001_one_se,0.23518774503870546,0.42978343692783816,-0.1945956918891327,0.92,0.8,-0.12,False,False
OpenBMI,outcome,1,1,14,1,upda_r1_l20.001_one_se,0.26714075369726586,0.5317852576785802,-0.26464450398131434,0.92,0.72,-0.20000000000000007,False,False
OpenBMI,outcome,1,1,14,2,upda_r1_l20.001_one_se,0.9013732584288019,0.5397581397132061,0.3616151187155958,0.64,0.8,0.16000000000000003,False,False
OpenBMI,outcome,1,1,14,3,upda_r1_l20.001_one_se,1.4659748393469798,0.9243222094508351,0.5416526298961447,0.36,0.48,0.12,False,False
OpenBMI,outcome,1,1,34,0,upda_r1_l20.001_one_se,0.4679595454976252,0.7382720474292285,-0.2703125019316033,0.8,0.44,-0.36000000000000004,False,False
OpenBMI,outcome,1,1,34,1,upda_r1_l20.001_one_se,1.2287020401519642,0.9153784070999031,0.313323633052061,0.44,0.4,-0.03999999999999998,False,False
OpenBMI,outcome,1,1,34,2,upda_r1_l20.001_one_se,1.0082389858705383,0.9442286805436598,0.06401030532687846,0.56,0.16,-0.4,False,False
OpenBMI,outcome,1,1,34,3,upda_r1_l20.001_one_se,0.7706300663698586,0.6635085455529744,0.1071215208168842,0.56,0.6,0.039999999999999925,False,False
OpenBMI,outcome,1,1,40,0,upda_r1_l20.001_one_se,0.6274615968333463,0.4459208223374746,0.18154077449587175,0.72,0.8,0.08000000000000007,False,False
OpenBMI,outcome,1,1,40,1,upda_r1_l20.001_one_se,0.36107660153180016,0.3602246987780009,0.0008519027537992607,0.88,0.96,0.07999999999999996,False,False
OpenBMI,outcome,1,1,40,2,upda_r1_l20.001_one_se,0.2884838584297759,0.4237484411644902,-0.13526458273471426,0.92,0.8,-0.12,False,False
OpenBMI,outcome,1,1,40,3,upda_r1_l20.001_one_se,0.24060485445379012,0.44946665438918165,-0.20886179993539153,0.96,0.84,-0.12,False,False
OpenBMI,outcome,1,1,43,0,upda_r1_l20.001_one_se,0.21812723689076235,0.3042591471038407,-0.08613191021307837,0.96,0.84,-0.12,False,False
OpenBMI,outcome,1,1,43,1,upda_r1_l20.001_one_se,0.31438744536214336,0.46340091279990026,-0.1490134674377569,0.92,0.88,-0.040000000000000036,False,False
OpenBMI,outcome,1,1,43,2,upda_r1_l20.001_one_se,0.518748490801949,0.4765222961425745,0.04222619465937444,0.76,0.8,0.040000000000000036,False,False
OpenBMI,outcome,1,1,43,3,upda_r1_l20.001_one_se,0.5343327697941489,0.3649700593282853,0.1693627104658636,0.8,0.84,0.039999999999999925,False,False
OpenBMI,outcome,1,1,44,0,upda_r1_l20.001_one_se,0.5500584089000742,0.4823815533478396,0.06767685555223457,0.8,0.8,0.0,False,False
OpenBMI,outcome,1,1,44,1,upda_r1_l20.001_one_se,0.37754944208806246,0.3543821664979522,0.02316727559011028,0.84,0.84,0.0,False,False
OpenBMI,outcome,1,1,44,2,upda_r1_l20.001_one_se,0.16893973942095472,0.19666330850193603,-0.02772356908098131,0.88,0.88,0.0,False,False
OpenBMI,outcome,1,1,44,3,upda_r1_l20.001_one_se,0.27841706336307576,0.30648354038496545,-0.02806647702188969,0.92,0.92,0.0,False,False
OpenBMI,outcome,1,1,48,0,upda_r1_l20.001_one_se,0.33177912700182505,0.28562108767965116,0.04615803932217388,0.8,0.96,0.15999999999999992,False,False
OpenBMI,outcome,1,1,48,1,upda_r1_l20.001_one_se,0.6239875495872923,0.6474146662797644,-0.023427116692472105,0.68,0.68,0.0,False,False
OpenBMI,outcome,1,1,48,2,upda_r1_l20.001_one_se,0.8704484581145704,0.8858116030827192,-0.015363144968148834,0.6,0.52,-0.07999999999999996,False,False
OpenBMI,outcome,1,1,48,3,upda_r1_l20.001_one_se,0.9581943581249748,0.8530146881660923,0.1051796699588825,0.56,0.52,-0.040000000000000036,False,False
OpenBMI,outcome,1,1,50,0,upda_r1_l20.001_one_se,0.45720280919860556,0.5520092724449752,-0.09480646324636965,0.72,0.64,-0.07999999999999996,False,False
OpenBMI,outcome,1,1,50,1,upda_r1_l20.001_one_se,0.4643934763626543,0.8525324056688572,-0.3881389293062029,0.76,0.36,-0.4,False,False
OpenBMI,outcome,1,1,50,2,upda_r1_l20.001_one_se,1.1423749164701906,0.6995155518368538,0.44285936463333686,0.44,0.48,0.03999999999999998,False,False
OpenBMI,outcome,1,1,50,3,upda_r1_l20.001_one_se,1.3639459231659896,0.6995904017381605,0.6643555214278292,0.48,0.56,0.08000000000000007,False,False
OpenBMI,outcome,1,2,2,0,upda_r1_l20.001_one_se,0.7602653787399596,0.6689265569898395,0.09133882175012009,0.64,0.6,-0.040000000000000036,False,False
OpenBMI,outcome,1,2,2,1,upda_r1_l20.001_one_se,0.7240427890280572,0.7079061809522535,0.016136608075803638,0.68,0.72,0.039999999999999925,False,False
OpenBMI,outcome,1,2,2,2,upda_r1_l20.001_one_se,0.16144272543968433,0.2870318233982312,-0.12558909795854686,1.0,0.92,-0.07999999999999996,False,False
OpenBMI,outcome,1,2,2,3,upda_r1_l20.001_one_se,0.25701395904406327,0.37763508952323455,-0.12062113047917128,0.96,0.96,0.0,False,False
OpenBMI,outcome,1,2,14,0,upda_r1_l20.001_one_se,0.3023498535303334,0.5148680854571654,-0.21251823192683206,0.88,0.72,-0.16000000000000003,False,False
OpenBMI,outcome,1,2,14,1,upda_r1_l20.001_one_se,0.31516498917813673,0.5392849580169841,-0.22411996883884733,0.88,0.76,-0.12,False,False
OpenBMI,outcome,1,2,14,2,upda_r1_l20.001_one_se,0.827911775184502,0.5259366659139553,0.3019751092705467,0.52,0.76,0.24,False,False
OpenBMI,outcome,1,2,14,3,upda_r1_l20.001_one_se,0.9703035410272043,0.6798120565197415,0.29049148450746276,0.52,0.72,0.19999999999999996,False,False
OpenBMI,outcome,1,2,34,0,upda_r1_l20.001_one_se,1.0847257801988979,0.5739284899679088,0.5107972902309891,0.48,0.68,0.20000000000000007,False,False
OpenBMI,outcome,1,2,34,1,upda_r1_l20.001_one_se,1.5730301453174338,1.0574857414330112,0.5155444038844226,0.36,0.4,0.040000000000000036,False,False
OpenBMI,outcome,1,2,34,2,upda_r1_l20.001_one_se,0.645004268105608,0.8313268858781129,-0.18632261777250492,0.68,0.2,-0.48000000000000004,False,False
OpenBMI,outcome,1,2,34,3,upda_r1_l20.001_one_se,0.5732663907108357,0.7045604679956865,-0.13129407728485076,0.8,0.4,-0.4,False,False
OpenBMI,outcome,1,2,40,0,upda_r1_l20.001_one_se,0.8258363418037908,0.5689135285928743,0.2569228132109166,0.52,0.72,0.19999999999999996,False,False
OpenBMI,outcome,1,2,40,1,upda_r1_l20.001_one_se,0.6275919374862537,0.48147630211383796,0.1461156353724158,0.68,0.88,0.19999999999999996,False,False
OpenBMI,outcome,1,2,40,2,upda_r1_l20.001_one_se,0.3881863771410154,0.49694285726179344,-0.10875648012077804,0.84,0.76,-0.07999999999999996,False,False
OpenBMI,outcome,1,2,40,3,upda_r1_l20.001_one_se,0.28614280638955125,0.4971128579240697,-0.21097005153451842,0.92,0.8,-0.12,False,False
OpenBMI,outcome,1,2,43,0,upda_r1_l20.001_one_se,0.4052694963476947,0.4809853513257484,-0.07571585497805366,0.84,0.8,-0.039999999999999925,False,False
OpenBMI,outcome,1,2,43,1,upda_r1_l20.001_one_se,0.4013241005513015,0.5999673558349095,-0.19864325528360793,0.84,0.76,-0.07999999999999996,False,False
OpenBMI,outcome,1,2,43,2,upda_r1_l20.001_one_se,0.4145728183179513,0.3722270579418256,0.042345760376125696,0.76,0.76,0.0,False,False
OpenBMI,outcome,1,2,43,3,upda_r1_l20.001_one_se,0.2893349804762475,0.21278603129955137,0.07654894917669613,0.84,0.92,0.08000000000000007,False,False
OpenBMI,outcome,1,2,44,0,upda_r1_l20.001_one_se,0.5122041352317488,0.4336644491248414,0.07853968610690737,0.68,0.68,0.0,False,False
OpenBMI,outcome,1,2,44,1,upda_r1_l20.001_one_se,0.5878395542639642,0.571948028578677,0.015891525685287178,0.68,0.72,0.039999999999999925,False,False
OpenBMI,outcome,1,2,44,2,upda_r1_l20.001_one_se,0.26133432559237607,0.28771464068792924,-0.026380315095553164,0.88,0.88,0.0,False,False
OpenBMI,outcome,1,2,44,3,upda_r1_l20.001_one_se,0.34315671490600685,0.3811357119432819,-0.03797899703727503,0.88,0.88,0.0,False,False
OpenBMI,outcome,1,2,48,0,upda_r1_l20.001_one_se,0.3566164819230272,0.24797924089019663,0.10863724103283057,0.72,1.0,0.28,False,False
OpenBMI,outcome,1,2,48,1,upda_r1_l20.001_one_se,0.864700110789177,0.8849539181229561,-0.020253807333779128,0.52,0.52,0.0,False,False
OpenBMI,outcome,1,2,48,2,upda_r1_l20.001_one_se,0.6394795783512823,0.793678871604385,-0.15419929325310266,0.72,0.36,-0.36,False,False
OpenBMI,outcome,1,2,48,3,upda_r1_l20.001_one_se,0.626610305974271,0.7049889339305142,-0.07837862795624317,0.68,0.52,-0.16000000000000003,False,False
OpenBMI,outcome,1,2,50,0,upda_r1_l20.001_one_se,0.5508069247732122,0.5612537293828651,-0.01044680460965286,0.72,0.72,0.0,False,False
OpenBMI,outcome,1,2,50,1,upda_r1_l20.001_one_se,0.4952146201421563,0.6733058228598374,-0.17809120271768114,0.76,0.6,-0.16000000000000003,False,False
OpenBMI,outcome,1,2,50,2,upda_r1_l20.001_one_se,1.1433102981546068,0.830034924790287,0.3132753733643199,0.6,0.4,-0.19999999999999996,False,False
OpenBMI,outcome,1,2,50,3,upda_r1_l20.001_one_se,1.2666137653111444,0.8809064250932495,0.385707340217895,0.44,0.28,-0.15999999999999998,False,False
OpenBMI,outcome,2,0,9,0,upda_r1_l20.001_one_se,0.6274204556842576,0.6138387077066524,0.013581747977605252,0.6,0.6,0.0,False,False
OpenBMI,outcome,2,0,9,1,upda_r1_l20.001_one_se,0.5836838234183035,0.6287506375426927,-0.045066814124389176,0.64,0.6,-0.040000000000000036,False,False
OpenBMI,outcome,2,0,9,2,upda_r1_l20.001_one_se,0.7082818898804633,0.6124187340374935,0.09586315584296978,0.6,0.6,0.0,False,False
OpenBMI,outcome,2,0,9,3,upda_r1_l20.001_one_se,0.7102237232140642,0.615532346705957,0.09469137650810722,0.52,0.64,0.12,False,False
OpenBMI,outcome,2,0,10,0,upda_r1_l20.001_one_se,0.4357331732713375,0.70216585596835,-0.26643268269701254,0.76,0.48,-0.28,False,False
OpenBMI,outcome,2,0,10,1,upda_r1_l20.001_one_se,0.38106155991778046,0.7507630222251014,-0.3697014623073209,0.84,0.4,-0.43999999999999995,False,False
OpenBMI,outcome,2,0,10,2,upda_r1_l20.001_one_se,0.9649268760713311,0.47003489326086334,0.49489198281046776,0.28,0.88,0.6,False,False
OpenBMI,outcome,2,0,10,3,upda_r1_l20.001_one_se,0.724050842146651,0.38968774848728205,0.334363093659369,0.52,1.0,0.48,False,False
OpenBMI,outcome,2,0,16,0,upda_r1_l20.001_one_se,0.8822293823824127,0.548180108993553,0.3340492733888597,0.52,0.8,0.28,False,False
OpenBMI,outcome,2,0,16,1,upda_r1_l20.001_one_se,1.1256447737333815,0.6435610107215097,0.4820837630118717,0.44,0.64,0.2,False,False
OpenBMI,outcome,2,0,16,2,upda_r1_l20.001_one_se,0.22899733223202218,0.380614452446727,-0.1516171202147048,0.88,0.84,-0.040000000000000036,False,False
OpenBMI,outcome,2,0,16,3,upda_r1_l20.001_one_se,0.4111611463063808,0.7381248137549768,-0.32696366744859606,0.88,0.52,-0.36,False,False
OpenBMI,outcome,2,0,21,0,upda_r1_l20.001_one_se,0.6347464183945717,1.1807230052454332,-0.5459765868508615,0.68,0.52,-0.16000000000000003,False,False
OpenBMI,outcome,2,0,21,1,upda_r1_l20.001_one_se,0.8767756733031185,2.348416445911714,-1.4716407726085956,0.64,0.2,-0.44,False,False
OpenBMI,outcome,2,0,21,2,upda_r1_l20.001_one_se,0.30616463410095635,0.07341858819763697,0.23274604590331938,0.8,1.0,0.19999999999999996,False,False
OpenBMI,outcome,2,0,21,3,upda_r1_l20.001_one_se,0.3954833422318788,0.1766289350304228,0.21885440720145602,0.8,0.92,0.12,False,False
OpenBMI,outcome,2,0,22,0,upda_r1_l20.001_one_se,0.37128218748058495,0.6069680407841764,-0.23568585330359149,0.84,0.6,-0.24,False,False
OpenBMI,outcome,2,0,22,1,upda_r1_l20.001_one_se,0.4877983473771619,0.8636870666573954,-0.3758887192802335,0.8,0.6,-0.20000000000000007,False,False
OpenBMI,outcome,2,0,22,2,upda_r1_l20.001_one_se,0.753041842690635,0.40969952160894024,0.34334232108169477,0.6,0.84,0.24,False,False
OpenBMI,outcome,2,0,22,3,upda_r1_l20.001_one_se,1.0242646655557948,0.6741264140894736,0.35013825146632116,0.52,0.72,0.19999999999999996,False,False
OpenBMI,outcome,2,0,31,0,upda_r1_l20.001_one_se,0.43604674665894316,0.2955563915802959,0.14049035507864727,0.8,0.84,0.039999999999999925,False,False
OpenBMI,outcome,2,0,31,1,upda_r1_l20.001_one_se,0.5667188604548281,0.45536987009879676,0.11134899035603135,0.72,0.72,0.0,False,False
OpenBMI,outcome,2,0,31,2,upda_r1_l20.001_one_se,0.23465637949643955,0.32428766569265494,-0.08963128619621538,0.92,0.84,-0.08000000000000007,False,False
OpenBMI,outcome,2,0,31,3,upda_r1_l20.001_one_se,0.31633125566344344,0.4631441364724677,-0.14681288080902427,0.88,0.88,0.0,False,False
OpenBMI,outcome,2,0,45,0,upda_r1_l20.001_one_se,0.7083601262538476,0.4915701417526752,0.21678998450117237,0.76,0.8,0.040000000000000036,False,False
OpenBMI,outcome,2,0,45,1,upda_r1_l20.001_one_se,1.0284825237200508,0.5513469328287212,0.4771355908913296,0.44,0.84,0.39999999999999997,False,False
OpenBMI,outcome,2,0,45,2,upda_r1_l20.001_one_se,0.9302960575197439,1.04831375498068,-0.11801769746093616,0.52,0.4,-0.12,False,False
OpenBMI,outcome,2,0,45,3,upda_r1_l20.001_one_se,0.5768867362915244,1.0190958770907457,-0.44220914079922125,0.76,0.36,-0.4,False,False
OpenBMI,outcome,2,0,53,0,upda_r1_l20.001_one_se,0.4253077798887308,0.3854387506824832,0.03986902920624763,0.84,0.84,0.0,False,False
OpenBMI,outcome,2,0,53,1,upda_r1_l20.001_one_se,0.6117773944692642,0.6237092291850808,-0.011931834715816603,0.64,0.64,0.0,False,False
OpenBMI,outcome,2,0,53,2,upda_r1_l20.001_one_se,0.355818635065341,0.34576781113237365,0.010050823932967357,0.88,0.88,0.0,False,False
OpenBMI,outcome,2,0,53,3,upda_r1_l20.001_one_se,0.33057795609496693,0.38043390760668755,-0.04985595151172062,0.84,0.8,-0.039999999999999925,False,False
OpenBMI,outcome,2,1,9,0,upda_r1_l20.001_one_se,0.8652966792053617,0.7207166392304356,0.14458003997492608,0.56,0.6,0.039999999999999925,False,False
OpenBMI,outcome,2,1,9,1,upda_r1_l20.001_one_se,0.6190235625894852,0.5291983209614796,0.08982524162800565,0.76,0.84,0.07999999999999996,False,False
OpenBMI,outcome,2,1,9,2,upda_r1_l20.001_one_se,0.15562411898133532,0.25546123560345824,-0.09983711662212291,1.0,1.0,0.0,False,False
OpenBMI,outcome,2,1,9,3,upda_r1_l20.001_one_se,0.23454238806820119,0.2812702309832211,-0.04672784291501994,0.88,0.88,0.0,False,False
OpenBMI,outcome,2,1,10,0,upda_r1_l20.001_one_se,0.13371829177617933,0.2922526912602022,-0.15853439948402287,0.96,0.92,-0.039999999999999925,False,False
OpenBMI,outcome,2,1,10,1,upda_r1_l20.001_one_se,0.22462700234513797,0.5018143122463602,-0.2771873099012222,0.88,0.72,-0.16000000000000003,False,False
OpenBMI,outcome,2,1,10,2,upda_r1_l20.001_one_se,1.3241372866024321,0.6966585459282143,0.6274787406742178,0.44,0.64,0.2,False,False
OpenBMI,outcome,2,1,10,3,upda_r1_l20.001_one_se,1.0812423172322783,0.5873445968577276,0.4938977203745507,0.48,0.72,0.24,False,False
OpenBMI,outcome,2,1,16,0,upda_r1_l20.001_one_se,0.41210251788034746,0.28414666677916733,0.12795585110118013,0.72,0.92,0.20000000000000007,False,False
OpenBMI,outcome,2,1,16,1,upda_r1_l20.001_one_se,0.8704325391005103,0.46575287285511485,0.4046796662453955,0.52,0.68,0.16000000000000003,False,False
OpenBMI,outcome,2,1,16,2,upda_r1_l20.001_one_se,0.4315574186048937,0.5598915249076716,-0.12833410630277786,0.8,0.68,-0.12,False,False
OpenBMI,outcome,2,1,16,3,upda_r1_l20.001_one_se,0.4814591089536666,0.8081286476573569,-0.3266695387036903,0.8,0.52,-0.28,False,False
OpenBMI,outcome,2,1,21,0,upda_r1_l20.001_one_se,0.07482639837263752,0.18474273052598328,-0.10991633215334576,1.0,1.0,0.0,False,False
OpenBMI,outcome,2,1,21,1,upda_r1_l20.001_one_se,0.14024563354369662,0.4482725811068209,-0.30802694756312426,0.92,0.88,-0.040000000000000036,False,False
OpenBMI,outcome,2,1,21,2,upda_r1_l20.001_one_se,0.3882702097747414,0.13957965019321683,0.24869055958152458,0.84,0.88,0.040000000000000036,False,False
OpenBMI,outcome,2,1,21,3,upda_r1_l20.001_one_se,0.3365089518559107,0.12129137947363836,0.21521757238227232,0.76,0.96,0.19999999999999996,False,False
OpenBMI,outcome,2,1,22,0,upda_r1_l20.001_one_se,0.2073882324725955,0.38170379621043077,-0.17431556373783527,0.92,0.84,-0.08000000000000007,False,False
OpenBMI,outcome,2,1,22,1,upda_r1_l20.001_one_se,0.47946811749350204,0.8001858284028189,-0.3207177109093169,0.76,0.6,-0.16000000000000003,False,False
OpenBMI,outcome,2,1,22,2,upda_r1_l20.001_one_se,0.7973461049266314,0.4438997547119989,0.3534463502146325,0.64,0.76,0.12,False,False
OpenBMI,outcome,2,1,22,3,upda_r1_l20.001_one_se,1.1738021846103184,0.7879547234112039,0.3858474611991145,0.52,0.6,0.07999999999999996,False,False
OpenBMI,outcome,2,1,31,0,upda_r1_l20.001_one_se,0.5360906493396252,0.38209780786900105,0.1539928414706242,0.76,0.8,0.040000000000000036,False,False
OpenBMI,outcome,2,1,31,1,upda_r1_l20.001_one_se,0.29354571634375015,0.22845983656688887,0.06508587977686128,0.84,0.92,0.08000000000000007,False,False
OpenBMI,outcome,2,1,31,2,upda_r1_l20.001_one_se,0.28207511280568526,0.3746652126216094,-0.09259009981592414,0.84,0.8,-0.039999999999999925,False,False
OpenBMI,outcome,2,1,31,3,upda_r1_l20.001_one_se,0.2562579273621129,0.3687103517471631,-0.11245242438505021,0.92,0.88,-0.040000000000000036,False,False
OpenBMI,outcome,2,1,45,0,upda_r1_l20.001_one_se,0.4510502708553236,0.28750031572488727,0.16354995513043635,0.76,0.8,0.040000000000000036,False,False
OpenBMI,outcome,2,1,45,1,upda_r1_l20.001_one_se,0.5516244450675322,0.30867180705681596,0.2429526380107162,0.76,0.92,0.16000000000000003,False,False
OpenBMI,outcome,2,1,45,2,upda_r1_l20.001_one_se,0.6757891305960817,0.8820532682462711,-0.20626413765018936,0.6,0.48,-0.12,False,False
OpenBMI,outcome,2,1,45,3,upda_r1_l20.001_one_se,0.4752224295413511,0.8772237226156762,-0.4020012930743251,0.8,0.52,-0.28,False,False
OpenBMI,outcome,2,1,53,0,upda_r1_l20.001_one_se,0.5059869237963907,0.4566531787491083,0.04933374504728233,0.8,0.8,0.0,False,False
OpenBMI,outcome,2,1,53,1,upda_r1_l20.001_one_se,0.4909109153907684,0.5019080302005674,-0.01099711480979898,0.88,0.88,0.0,False,False
OpenBMI,outcome,2,1,53,2,upda_r1_l20.001_one_se,0.3411056125511889,0.34139896946845627,-0.00029335691726739554,0.8,0.8,0.0,False,False
OpenBMI,outcome,2,1,53,3,upda_r1_l20.001_one_se,0.33936620851627114,0.3702670150803252,-0.030900806564054084,0.84,0.8,-0.039999999999999925,False,False
OpenBMI,outcome,2,2,9,0,upda_r1_l20.001_one_se,0.6224510555965697,0.5888322609700295,0.03361879462654016,0.72,0.68,-0.039999999999999925,False,False
OpenBMI,outcome,2,2,9,1,upda_r1_l20.001_one_se,0.4761743213780879,0.48379660395605095,-0.0076222825779630465,0.84,0.88,0.040000000000000036,False,False
OpenBMI,outcome,2,2,9,2,upda_r1_l20.001_one_se,0.12363528763320404,0.20508758697488325,-0.0814522993416792,1.0,1.0,0.0,False,False
OpenBMI,outcome,2,2,9,3,upda_r1_l20.001_one_se,0.35053194351165495,0.3295922538925562,0.020939689619098756,0.88,0.88,0.0,False,False
OpenBMI,outcome,2,2,10,0,upda_r1_l20.001_one_se,0.3281001095260501,0.48350494331011945,-0.15540483378406933,0.84,0.84,0.0,False,False
OpenBMI,outcome,2,2,10,1,upda_r1_l20.001_one_se,0.1986862984201788,0.5415097796232746,-0.3428234812030958,0.96,0.64,-0.31999999999999995,False,False
OpenBMI,outcome,2,2,10,2,upda_r1_l20.001_one_se,1.1611375792709833,0.5813142263867479,0.5798233528842354,0.4,0.8,0.4,False,False
OpenBMI,outcome,2,2,10,3,upda_r1_l20.001_one_se,1.421773773490764,0.6948693023845047,0.7269044711062593,0.32,0.72,0.39999999999999997,False,False
OpenBMI,outcome,2,2,16,0,upda_r1_l20.001_one_se,0.6956121858759077,0.41905325902080626,0.2765589268551014,0.68,0.84,0.15999999999999992,False,False
OpenBMI,outcome,2,2,16,1,upda_r1_l20.001_one_se,0.7416570018382421,0.42210241296551665,0.3195545888727255,0.6,0.76,0.16000000000000003,False,False
OpenBMI,outcome,2,2,16,2,upda_r1_l20.001_one_se,0.18762251173722128,0.3206330045339329,-0.13301049279671162,0.92,0.84,-0.08000000000000007,False,False
OpenBMI,outcome,2,2,16,3,upda_r1_l20.001_one_se,0.38957753601073103,0.6973270664845397,-0.30774953047380865,0.92,0.56,-0.36,False,False
OpenBMI,outcome,2,2,21,0,upda_r1_l20.001_one_se,0.0512706671217032,0.12554054493921607,-0.07426987781751287,1.0,1.0,0.0,False,False
OpenBMI,outcome,2,2,21,1,upda_r1_l20.001_one_se,0.07047396817671561,0.21276833822106675,-0.14229437004435114,1.0,0.96,-0.040000000000000036,False,False
OpenBMI,outcome,2,2,21,2,upda_r1_l20.001_one_se,0.3241413809417486,0.09968520642338392,0.2244561745183647,0.88,0.96,0.07999999999999996,False,False
OpenBMI,outcome,2,2,21,3,upda_r1_l20.001_one_se,0.2619689482672706,0.08489603020850735,0.17707291805876324,0.88,0.96,0.07999999999999996,False,False
OpenBMI,outcome,2,2,22,0,upda_r1_l20.001_one_se,0.0886845965063716,0.20484561680538227,-0.11616102029901067,1.0,1.0,0.0,False,False
OpenBMI,outcome,2,2,22,1,upda_r1_l20.001_one_se,0.24018831165270413,0.4991736742019851,-0.25898536254928095,0.92,0.72,-0.20000000000000007,False,False
OpenBMI,outcome,2,2,22,2,upda_r1_l20.001_one_se,1.048437484614637,0.5962778560967831,0.45215962851785385,0.48,0.64,0.16000000000000003,False,False
OpenBMI,outcome,2,2,22,3,upda_r1_l20.001_one_se,1.38566538389888,0.9413264744774699,0.4443389094214101,0.4,0.56,0.16000000000000003,False,False
OpenBMI,outcome,2,2,31,0,upda_r1_l20.001_one_se,0.46520727039545934,0.3240643636819259,0.1411429067135334,0.76,0.8,0.040000000000000036,False,False
OpenBMI,outcome,2,2,31,1,upda_r1_l20.001_one_se,0.276806556543181,0.21592776043360154,0.06087879610957944,0.84,0.84,0.0,False,False
OpenBMI,outcome,2,2,31,2,upda_r1_l20.001_one_se,0.22352206050431117,0.28379242185896986,-0.060270361354658686,0.88,0.84,-0.040000000000000036,False,False
OpenBMI,outcome,2,2,31,3,upda_r1_l20.001_one_se,0.30648151451001904,0.46117582858449746,-0.15469431407447842,0.88,0.76,-0.12,False,False
OpenBMI,outcome,2,2,45,0,upda_r1_l20.001_one_se,0.44638440529235063,0.2925472720445659,0.15383713324778475,0.76,0.88,0.12,False,False
OpenBMI,outcome,2,2,45,1,upda_r1_l20.001_one_se,0.5755773832844241,0.32372716862134354,0.25185021466308055,0.8,0.92,0.12,False,False
OpenBMI,outcome,2,2,45,2,upda_r1_l20.001_one_se,0.6814882418248247,0.8374802039442222,-0.15599196211939748,0.72,0.52,-0.19999999999999996,False,False
OpenBMI,outcome,2,2,45,3,upda_r1_l20.001_one_se,0.22653276029525984,0.5260486073215545,-0.29951584702629463,0.92,0.68,-0.24,False,False
OpenBMI,outcome,2,2,53,0,upda_r1_l20.001_one_se,0.33833225653857163,0.311320491183523,0.027011765355048623,0.88,0.88,0.0,False,False
OpenBMI,outcome,2,2,53,1,upda_r1_l20.001_one_se,0.30094411672700017,0.31229556459552366,-0.01135144786852349,0.88,0.88,0.0,False,False
OpenBMI,outcome,2,2,53,2,upda_r1_l20.001_one_se,0.36087722241788256,0.3549826560125291,0.005894566405353463,0.76,0.76,0.0,False,False
OpenBMI,outcome,2,2,53,3,upda_r1_l20.001_one_se,0.35744721769457605,0.40926024222478874,-0.05181302453021269,0.88,0.8,-0.07999999999999996,False,False
OpenBMI,outcome,3,0,1,0,upda_r1_l20.001_one_se,0.7656244079707976,0.6967881069237444,0.06883630104705318,0.64,0.72,0.07999999999999996,False,False
OpenBMI,outcome,3,0,1,1,upda_r1_l20.001_one_se,0.6063461531922101,0.552257997308471,0.05408815588373905,0.6,0.68,0.08000000000000007,False,False
OpenBMI,outcome,3,0,1,2,upda_r1_l20.001_one_se,0.3613036746847129,0.4717743725343797,-0.11047069784966679,0.8,0.84,0.039999999999999925,False,False
OpenBMI,outcome,3,0,1,3,upda_r1_l20.001_one_se,0.6658105977950076,0.9601031674047953,-0.29429256960978767,0.52,0.44,-0.08000000000000002,False,False
OpenBMI,outcome,3,0,5,0,upda_r1_l20.001_one_se,0.4101007079504162,0.4582268407367876,-0.0481261327863714,0.8,0.8,0.0,False,False
OpenBMI,outcome,3,0,5,1,upda_r1_l20.001_one_se,0.2890103250471823,0.22108451229620438,0.06792581275097795,0.88,0.92,0.040000000000000036,False,False
OpenBMI,outcome,3,0,5,2,upda_r1_l20.001_one_se,0.23681837091912758,0.17993034415564646,0.05688802676348112,0.92,0.92,0.0,False,False
OpenBMI,outcome,3,0,5,3,upda_r1_l20.001_one_se,0.32460971777687453,0.3475229654242289,-0.022913247647354362,0.88,0.84,-0.040000000000000036,False,False
OpenBMI,outcome,3,0,6,0,upda_r1_l20.001_one_se,0.2969628383833557,0.2900777195057653,0.006885118877590413,0.84,0.88,0.040000000000000036,False,False
OpenBMI,outcome,3,0,6,1,upda_r1_l20.001_one_se,0.5041994009387895,0.6302359816361356,-0.12603658069734613,0.84,0.84,0.0,False,False
OpenBMI,outcome,3,0,6,2,upda_r1_l20.001_one_se,0.3380059503255353,0.3821417804075263,-0.04413583008199096,0.76,0.76,0.0,False,False
OpenBMI,outcome,3,0,6,3,upda_r1_l20.001_one_se,0.13648955154521633,0.18720267355609388,-0.05071312201087755,0.96,0.96,0.0,False,False
OpenBMI,outcome,3,0,7,0,upda_r1_l20.001_one_se,0.701150765991053,0.7687573320973913,-0.0676065661063383,0.6,0.6,0.0,False,False
OpenBMI,outcome,3,0,7,1,upda_r1_l20.001_one_se,0.4660321192866405,0.45134643440955796,0.01468568487708255,0.76,0.84,0.07999999999999996,False,False
OpenBMI,outcome,3,0,7,2,upda_r1_l20.001_one_se,0.4648887495901799,0.467262543018105,-0.002373793427925097,0.84,0.84,0.0,False,False
OpenBMI,outcome,3,0,7,3,upda_r1_l20.001_one_se,0.5310631372107499,0.602845855419515,-0.07178271820876503,0.72,0.68,-0.039999999999999925,False,False
OpenBMI,outcome,3,0,20,0,upda_r1_l20.001_one_se,0.4302286589463629,0.3886974909142246,0.0415311680321383,0.84,0.84,0.0,False,False
OpenBMI,outcome,3,0,20,1,upda_r1_l20.001_one_se,0.34789443762038497,0.3320787979494363,0.015815639670948678,0.84,0.92,0.08000000000000007,False,False
OpenBMI,outcome,3,0,20,2,upda_r1_l20.001_one_se,0.7436111444629917,0.8159284725445534,-0.07231732808156166,0.68,0.6,-0.08000000000000007,False,False
OpenBMI,outcome,3,0,20,3,upda_r1_l20.001_one_se,0.5347702981668544,0.6954176899124075,-0.1606473917455531,0.76,0.56,-0.19999999999999996,False,False
OpenBMI,outcome,3,0,23,0,upda_r1_l20.001_one_se,0.8563457295681765,0.6462913265114072,0.21005440305676926,0.56,0.6,0.039999999999999925,False,False
OpenBMI,outcome,3,0,23,1,upda_r1_l20.001_one_se,0.9060591674663725,0.7171608108116045,0.18889835665476795,0.52,0.52,0.0,False,False
OpenBMI,outcome,3,0,23,2,upda_r1_l20.001_one_se,0.6280922715232166,0.7441190030287116,-0.11602673150549503,0.72,0.48,-0.24,False,False
OpenBMI,outcome,3,0,23,3,upda_r1_l20.001_one_se,0.5002987607329059,0.6058979047531357,-0.10559914402022974,0.8,0.68,-0.12,False,False
OpenBMI,outcome,3,0,26,0,upda_r1_l20.001_one_se,0.14265392786588724,0.05634198398509041,0.08631194388079683,0.96,1.0,0.040000000000000036,False,False
OpenBMI,outcome,3,0,26,1,upda_r1_l20.001_one_se,0.33181019111270627,0.11932867299029859,0.21248151812240768,0.88,0.96,0.07999999999999996,False,False
OpenBMI,outcome,3,0,26,2,upda_r1_l20.001_one_se,0.255050953121664,0.73655253341091,-0.481501580289246,0.88,0.56,-0.31999999999999995,False,False
OpenBMI,outcome,3,0,26,3,upda_r1_l20.001_one_se,0.5879628404456935,2.0235540673739667,-1.4355912269282731,0.64,0.28,-0.36,False,False
OpenBMI,outcome,3,0,35,0,upda_r1_l20.001_one_se,0.0773346933346306,0.04883112290950256,0.028503570425128036,0.96,0.96,0.0,False,False
OpenBMI,outcome,3,0,35,1,upda_r1_l20.001_one_se,0.07910103916017515,0.04336687767671265,0.0357341614834625,0.96,0.96,0.0,False,False
OpenBMI,outcome,3,0,35,2,upda_r1_l20.001_one_se,0.05645144434537691,0.007837022968619085,0.048614421376757824,1.0,1.0,0.0,False,False
OpenBMI,outcome,3,0,35,3,upda_r1_l20.001_one_se,0.09182637786956833,0.054576525232825135,0.0372498526367432,1.0,1.0,0.0,False,False
OpenBMI,outcome,3,1,1,0,upda_r1_l20.001_one_se,0.5531366796858547,0.5042076278886117,0.04892905179724294,0.84,0.84,0.0,False,False
OpenBMI,outcome,3,1,1,1,upda_r1_l20.001_one_se,0.5047435868339345,0.45590826059240624,0.048835326241528254,0.76,0.8,0.040000000000000036,False,False
OpenBMI,outcome,3,1,1,2,upda_r1_l20.001_one_se,0.40292813456011217,0.47368976663959556,-0.07076163207948338,0.84,0.8,-0.039999999999999925,False,False
OpenBMI,outcome,3,1,1,3,upda_r1_l20.001_one_se,0.4959371147735679,0.6566170954858714,-0.16067998071230355,0.8,0.72,-0.08000000000000007,False,False
OpenBMI,outcome,3,1,5,0,upda_r1_l20.001_one_se,0.20020319089002217,0.14153883016349403,0.05866436072652814,0.96,0.96,0.0,False,False
OpenBMI,outcome,3,1,5,1,upda_r1_l20.001_one_se,0.13392442605499333,0.07558411979718371,0.058340306257809615,0.96,0.96,0.0,False,False
OpenBMI,outcome,3,1,5,2,upda_r1_l20.001_one_se,0.16969293485627313,0.11389728919525899,0.05579564566101414,0.96,0.96,0.0,False,False
OpenBMI,outcome,3,1,5,3,upda_r1_l20.001_one_se,0.28740707720041925,0.29680843031443443,-0.009401353114015187,0.96,0.88,-0.07999999999999996,False,False
OpenBMI,outcome,3,1,6,0,upda_r1_l20.001_one_se,0.30736564492801743,0.329116601413856,-0.02175095648583858,0.88,0.92,0.040000000000000036,False,False
OpenBMI,outcome,3,1,6,1,upda_r1_l20.001_one_se,0.45811043682411096,0.5654567703056633,-0.10734633348155237,0.88,0.84,-0.040000000000000036,False,False
OpenBMI,outcome,3,1,6,2,upda_r1_l20.001_one_se,0.23436929433065196,0.24845701232690812,-0.01408771799625616,0.96,0.88,-0.07999999999999996,False,False
OpenBMI,outcome,3,1,6,3,upda_r1_l20.001_one_se,0.16002540651027392,0.21935943418900983,-0.05933402767873591,1.0,1.0,0.0,False,False
OpenBMI,outcome,3,1,7,0,upda_r1_l20.001_one_se,0.4297202892306112,0.4438188713357791,-0.0140985821051679,0.76,0.76,0.0,False,False
OpenBMI,outcome,3,1,7,1,upda_r1_l20.001_one_se,0.5805735648253378,0.5069378244725424,0.07363574035279541,0.68,0.68,0.0,False,False
OpenBMI,outcome,3,1,7,2,upda_r1_l20.001_one_se,0.5277465103821902,0.530517819352239,-0.002771308970048736,0.76,0.76,0.0,False,False
OpenBMI,outcome,3,1,7,3,upda_r1_l20.001_one_se,0.657445618670319,0.7243036038372136,-0.06685798516689456,0.68,0.6,-0.08000000000000007,False,False
OpenBMI,outcome,3,1,20,0,upda_r1_l20.001_one_se,0.5727851086864941,0.46678818992462495,0.10599691876186917,0.72,0.76,0.040000000000000036,False,False
OpenBMI,outcome,3,1,20,1,upda_r1_l20.001_one_se,0.33911351358933345,0.3038831017308831,0.03523041185845033,0.88,0.96,0.07999999999999996,False,False
OpenBMI,outcome,3,1,20,2,upda_r1_l20.001_one_se,0.8023788220546565,0.859507889848524,-0.057129067793867505,0.64,0.52,-0.12,False,False
OpenBMI,outcome,3,1,20,3,upda_r1_l20.001_one_se,0.4196274150102641,0.6082796311091088,-0.18865221609884464,0.84,0.68,-0.15999999999999992,False,False
OpenBMI,outcome,3,1,23,0,upda_r1_l20.001_one_se,0.3723168314811597,0.36927153208121866,0.003045299399941026,0.88,0.92,0.040000000000000036,False,False
OpenBMI,outcome,3,1,23,1,upda_r1_l20.001_one_se,0.35058044997028887,0.381373329963163,-0.03079287999287411,0.88,0.92,0.040000000000000036,False,False
OpenBMI,outcome,3,1,23,2,upda_r1_l20.001_one_se,1.2059393368696278,1.1574219403665822,0.04851739650304565,0.32,0.28,-0.03999999999999998,False,False
OpenBMI,outcome,3,1,23,3,upda_r1_l20.001_one_se,1.1984010566920151,0.9436802416874626,0.25472081500455257,0.4,0.36,-0.040000000000000036,False,False
OpenBMI,outcome,3,1,26,0,upda_r1_l20.001_one_se,0.2259281864355317,0.07962097810549026,0.14630720833004143,0.96,1.0,0.040000000000000036,False,False
OpenBMI,outcome,3,1,26,1,upda_r1_l20.001_one_se,0.460998843692068,0.1804576955441592,0.2805411481479088,0.76,0.92,0.16000000000000003,False,False
OpenBMI,outcome,3,1,26,2,upda_r1_l20.001_one_se,0.26687420846940557,0.7041273813857417,-0.43725317291633614,0.84,0.6,-0.24,False,False
OpenBMI,outcome,3,1,26,3,upda_r1_l20.001_one_se,0.6278450350715269,2.1098826485942643,-1.4820376135227376,0.56,0.4,-0.16000000000000003,False,False
OpenBMI,outcome,3,1,35,0,upda_r1_l20.001_one_se,0.05106952852787422,0.00026628272899069274,0.050803245798883526,1.0,1.0,0.0,False,False
OpenBMI,outcome,3,1,35,1,upda_r1_l20.001_one_se,0.06402819480083077,0.00555477917192107,0.0584734156289097,1.0,1.0,0.0,False,False
OpenBMI,outcome,3,1,35,2,upda_r1_l20.001_one_se,0.11176570563762046,0.11632035130686075,-0.004554645669240284,1.0,0.96,-0.040000000000000036,False,False
OpenBMI,outcome,3,1,35,3,upda_r1_l20.001_one_se,0.09758331267478837,0.11361650784245353,-0.01603319516766516,1.0,0.92,-0.07999999999999996,False,False
OpenBMI,outcome,3,2,1,0,upda_r1_l20.001_one_se,0.8033124433633136,0.737331213578988,0.06598122978432563,0.6,0.68,0.08000000000000007,False,False
OpenBMI,outcome,3,2,1,1,upda_r1_l20.001_one_se,0.7950134457403027,0.6611554670336675,0.1338579787066353,0.56,0.68,0.12,False,False
OpenBMI,outcome,3,2,1,2,upda_r1_l20.001_one_se,0.3419054539079112,0.3898556671213244,-0.047950213213413195,0.88,0.88,0.0,False,False
OpenBMI,outcome,3,2,1,3,upda_r1_l20.001_one_se,0.46261210896466076,0.6227624940582356,-0.16015038509357482,0.84,0.8,-0.039999999999999925,False,False
OpenBMI,outcome,3,2,5,0,upda_r1_l20.001_one_se,0.36889866250994546,0.33494146790357,0.033957194606375474,0.8,0.84,0.039999999999999925,False,False
OpenBMI,outcome,3,2,5,1,upda_r1_l20.001_one_se,0.23195727526800294,0.1806667098879802,0.051290565380022746,0.92,0.92,0.0,False,False
OpenBMI,outcome,3,2,5,2,upda_r1_l20.001_one_se,0.2740966909264042,0.2453927201899182,0.028703970736486006,0.92,0.92,0.0,False,False
OpenBMI,outcome,3,2,5,3,upda_r1_l20.001_one_se,0.3739311729752536,0.5109189247852798,-0.1369877518100262,0.84,0.76,-0.07999999999999996,False,False
OpenBMI,outcome,3,2,6,0,upda_r1_l20.001_one_se,0.3660596478405512,0.35447685652316907,0.011582791317382157,0.84,0.84,0.0,False,False
OpenBMI,outcome,3,2,6,1,upda_r1_l20.001_one_se,0.420807973140855,0.4972222480810769,-0.0764142749402219,0.84,0.84,0.0,False,False
OpenBMI,outcome,3,2,6,2,upda_r1_l20.001_one_se,0.3582229871600269,0.418699757722078,-0.06047677056205114,0.8,0.76,-0.040000000000000036,False,False
OpenBMI,outcome,3,2,6,3,upda_r1_l20.001_one_se,0.2187635696317015,0.24839300212497367,-0.029629432493272184,0.96,0.92,-0.039999999999999925,False,False
OpenBMI,outcome,3,2,7,0,upda_r1_l20.001_one_se,0.39995317003281017,0.40198940958695006,-0.002036239554139896,0.88,0.88,0.0,False,False
OpenBMI,outcome,3,2,7,1,upda_r1_l20.001_one_se,0.36496362962808504,0.3797163498008922,-0.014752720172807154,0.88,0.88,0.0,False,False
OpenBMI,outcome,3,2,7,2,upda_r1_l20.001_one_se,0.5597725638452662,0.5629328731209075,-0.00316030927564126,0.68,0.68,0.0,False,False
OpenBMI,outcome,3,2,7,3,upda_r1_l20.001_one_se,0.8131110239043925,0.8806118952680559,-0.06750087136366345,0.68,0.52,-0.16000000000000003,False,False
OpenBMI,outcome,3,2,20,0,upda_r1_l20.001_one_se,0.3874468153000023,0.37159164932345284,0.015855165976549457,0.8,0.8,0.0,False,False
OpenBMI,outcome,3,2,20,1,upda_r1_l20.001_one_se,0.1710820509668006,0.1858616591432376,-0.014779608176437004,1.0,1.0,0.0,False,False
OpenBMI,outcome,3,2,20,2,upda_r1_l20.001_one_se,0.9595422322116698,1.0013826738617704,-0.04184044165010059,0.56,0.56,0.0,False,False
OpenBMI,outcome,3,2,20,3,upda_r1_l20.001_one_se,0.7069901261867279,0.7431578428339543,-0.0361677166472264,0.6,0.44,-0.15999999999999998,False,False
OpenBMI,outcome,3,2,23,0,upda_r1_l20.001_one_se,0.8796623922288187,0.7043792798676861,0.1752831123611326,0.56,0.6,0.039999999999999925,False,False
OpenBMI,outcome,3,2,23,1,upda_r1_l20.001_one_se,0.8486226075737484,0.7082651508844353,0.1403574566893131,0.48,0.6,0.12,False,False
OpenBMI,outcome,3,2,23,2,upda_r1_l20.001_one_se,0.4375109194517043,0.5264523618349402,-0.08894144238323587,0.8,0.68,-0.12,False,False
OpenBMI,outcome,3,2,23,3,upda_r1_l20.001_one_se,0.38296405444720283,0.4496827911024338,-0.06671873665523098,0.8,0.84,0.039999999999999925,False,False
OpenBMI,outcome,3,2,26,0,upda_r1_l20.001_one_se,0.09147517959829997,0.040012919975643296,0.05146225962265667,1.0,1.0,0.0,False,False
OpenBMI,outcome,3,2,26,1,upda_r1_l20.001_one_se,0.35958985525067744,0.14214919513732632,0.21744066011335111,0.88,0.92,0.040000000000000036,False,False
OpenBMI,outcome,3,2,26,2,upda_r1_l20.001_one_se,0.297871014890199,0.7063748126138647,-0.4085037977236657,0.88,0.56,-0.31999999999999995,False,False
OpenBMI,outcome,3,2,26,3,upda_r1_l20.001_one_se,0.6440410299914748,2.0923904564271942,-1.4483494264357195,0.68,0.4,-0.28,False,False
OpenBMI,outcome,3,2,35,0,upda_r1_l20.001_one_se,0.03457925084784461,0.00010708660338458874,0.03447216424446002,1.0,1.0,0.0,False,False
OpenBMI,outcome,3,2,35,1,upda_r1_l20.001_one_se,0.10256940658441506,0.09673676283984514,0.005832643744569918,0.96,0.96,0.0,False,False
OpenBMI,outcome,3,2,35,2,upda_r1_l20.001_one_se,0.05791507591804321,0.014113829593218562,0.04380124632482464,1.0,1.0,0.0,False,False
OpenBMI,outcome,3,2,35,3,upda_r1_l20.001_one_se,0.06906735206562309,0.05047363888417096,0.01859371318145213,1.0,1.0,0.0,False,False
OpenBMI,outcome,4,0,3,0,upda_r1_l20.001_one_se,0.3331351764632411,0.31838971823111534,0.014745458232125752,0.88,0.88,0.0,False,False
OpenBMI,outcome,4,0,3,1,upda_r1_l20.001_one_se,0.4975417665731659,0.6093695668133997,-0.11182780024023381,0.84,0.76,-0.07999999999999996,False,False
OpenBMI,outcome,4,0,3,2,upda_r1_l20.001_one_se,0.1149081865769637,0.08202014274037053,0.03288804383659316,1.0,1.0,0.0,False,False
OpenBMI,outcome,4,0,3,3,upda_r1_l20.001_one_se,0.21116759148974043,0.21909507250031687,-0.007927481010576443,0.92,0.92,0.0,False,False
OpenBMI,outcome,4,0,8,0,upda_r1_l20.001_one_se,0.8378403885984552,0.7627523292354116,0.07508805936304364,0.68,0.68,0.0,False,False
OpenBMI,outcome,4,0,8,1,upda_r1_l20.001_one_se,0.5917472484790182,0.6360849377846749,-0.044337689305656736,0.72,0.72,0.0,False,False
OpenBMI,outcome,4,0,8,2,upda_r1_l20.001_one_se,0.3964612760094536,0.34589549783365875,0.05056577817579483,0.84,0.88,0.040000000000000036,False,False
OpenBMI,outcome,4,0,8,3,upda_r1_l20.001_one_se,0.33043930674301936,0.32480880100680465,0.005630505736214708,0.88,0.88,0.0,False,False
OpenBMI,outcome,4,0,11,0,upda_r1_l20.001_one_se,0.6071266458507565,0.7127862117347131,-0.10565956588395664,0.68,0.4,-0.28,False,False
OpenBMI,outcome,4,0,11,1,upda_r1_l20.001_one_se,0.5756526477352362,0.7268478405002289,-0.15119519276499271,0.64,0.52,-0.12,False,False
OpenBMI,outcome,4,0,11,2,upda_r1_l20.001_one_se,0.6543127825555146,0.4903163285026789,0.1639964540528357,0.68,0.88,0.19999999999999996,False,False
OpenBMI,outcome,4,0,11,3,upda_r1_l20.001_one_se,0.65905173342201,0.44550263693755887,0.21354909648445108,0.68,0.88,0.19999999999999996,False,False
OpenBMI,outcome,4,0,27,0,upda_r1_l20.001_one_se,0.8500778148304674,0.843739580279378,0.0063382345510893945,0.6,0.56,-0.039999999999999925,False,False
OpenBMI,outcome,4,0,27,1,upda_r1_l20.001_one_se,0.9592733846844652,1.011405971164266,-0.05213258647980079,0.52,0.52,0.0,False,False
OpenBMI,outcome,4,0,27,2,upda_r1_l20.001_one_se,0.38331649698352926,0.37353811967118206,0.009778377312347208,0.84,0.88,0.040000000000000036,False,False
OpenBMI,outcome,4,0,27,3,upda_r1_l20.001_one_se,0.30692775404426786,0.30511104355874685,0.0018167104855210114,0.92,0.92,0.0,False,False
OpenBMI,outcome,4,0,28,0,upda_r1_l20.001_one_se,0.5670353465858221,0.8284342657465372,-0.2613989191607151,0.72,0.72,0.0,False,False
OpenBMI,outcome,4,0,28,1,upda_r1_l20.001_one_se,0.07977361055114614,0.041699878191767716,0.03807373235937842,0.96,1.0,0.040000000000000036,False,False
OpenBMI,outcome,4,0,28,2,upda_r1_l20.001_one_se,0.47046948381821635,1.4233989525802853,-0.9529294687620689,0.88,0.72,-0.16000000000000003,False,False
OpenBMI,outcome,4,0,28,3,upda_r1_l20.001_one_se,0.03727127835537257,0.05616122528933778,-0.01888994693396521,1.0,1.0,0.0,False,False
OpenBMI,outcome,4,0,30,0,upda_r1_l20.001_one_se,1.1256502399722912,0.8412575364587164,0.2843927035135748,0.4,0.6,0.19999999999999996,False,False
OpenBMI,outcome,4,0,30,1,upda_r1_l20.001_one_se,0.6337502039885233,0.3424112662954103,0.29133893769311303,0.52,0.96,0.43999999999999995,False,False
OpenBMI,outcome,4,0,30,2,upda_r1_l20.001_one_se,0.22690772813776694,0.47780712851324914,-0.2508994003754822,0.88,0.8,-0.07999999999999996,False,False
OpenBMI,outcome,4,0,30,3,upda_r1_l20.001_one_se,0.26461148599253687,0.49303214350291147,-0.2284206575103746,0.92,0.76,-0.16000000000000003,False,False
OpenBMI,outcome,4,0,38,0,upda_r1_l20.001_one_se,0.34109540708824637,0.5151426138043235,-0.1740472067160771,0.84,0.64,-0.19999999999999996,False,False
OpenBMI,outcome,4,0,38,1,upda_r1_l20.001_one_se,0.33198284560998287,0.5143632770867919,-0.182380431476809,0.88,0.8,-0.07999999999999996,False,False
OpenBMI,outcome,4,0,38,2,upda_r1_l20.001_one_se,0.6211801684998324,0.43372952790154456,0.1874506405982878,0.72,0.92,0.20000000000000007,False,False
OpenBMI,outcome,4,0,38,3,upda_r1_l20.001_one_se,1.425108524044826,1.0479149780664714,0.37719354597835464,0.36,0.44,0.08000000000000002,False,False
OpenBMI,outcome,4,0,52,0,upda_r1_l20.001_one_se,0.5721121776694961,0.7032189990916602,-0.13110682142216412,0.72,0.56,-0.15999999999999992,False,False
OpenBMI,outcome,4,0,52,1,upda_r1_l20.001_one_se,0.4615290591854943,0.6826003521873509,-0.22107129300185663,0.76,0.56,-0.19999999999999996,False,False
OpenBMI,outcome,4,0,52,2,upda_r1_l20.001_one_se,0.3611929467619014,0.2727975110343891,0.0883954357275123,0.8,0.88,0.07999999999999996,False,False
OpenBMI,outcome,4,0,52,3,upda_r1_l20.001_one_se,0.15316527690510257,0.1256636868346299,0.027501590070472676,0.96,1.0,0.040000000000000036,False,False
OpenBMI,outcome,4,1,3,0,upda_r1_l20.001_one_se,0.27570629838764793,0.2638934579675191,0.011812840420128812,0.88,0.84,-0.040000000000000036,False,False
OpenBMI,outcome,4,1,3,1,upda_r1_l20.001_one_se,0.48022066233916505,0.610130935816863,-0.1299102734776979,0.72,0.72,0.0,False,False
OpenBMI,outcome,4,1,3,2,upda_r1_l20.001_one_se,0.1760078362966864,0.13595206797968834,0.04005576831699806,0.96,0.96,0.0,False,False
OpenBMI,outcome,4,1,3,3,upda_r1_l20.001_one_se,0.3038147586048578,0.3175287001678287,-0.0137139415629709,0.88,0.84,-0.040000000000000036,False,False
OpenBMI,outcome,4,1,8,0,upda_r1_l20.001_one_se,1.0129757583983159,0.88575016840382,0.12722558999449585,0.6,0.68,0.08000000000000007,False,False
OpenBMI,outcome,4,1,8,1,upda_r1_l20.001_one_se,0.7214642455579212,0.7503437516750546,-0.028879506117133413,0.6,0.6,0.0,False,False
OpenBMI,outcome,4,1,8,2,upda_r1_l20.001_one_se,0.2833845461736048,0.2585054985880541,0.024879047585550707,0.88,0.92,0.040000000000000036,False,False
OpenBMI,outcome,4,1,8,3,upda_r1_l20.001_one_se,0.1714389545533489,0.20076690398034613,-0.029327949426997235,0.92,0.92,0.0,False,False
OpenBMI,outcome,4,1,11,0,upda_r1_l20.001_one_se,0.5828325024010832,0.6221881170217862,-0.03935561462070303,0.72,0.56,-0.15999999999999992,False,False
OpenBMI,outcome,4,1,11,1,upda_r1_l20.001_one_se,0.3679045677284374,0.4893303077172787,-0.12142573998884132,0.84,0.68,-0.15999999999999992,False,False
OpenBMI,outcome,4,1,11,2,upda_r1_l20.001_one_se,0.8837869662803431,0.6595741566174208,0.22421280966292234,0.56,0.64,0.07999999999999996,False,False
OpenBMI,outcome,4,1,11,3,upda_r1_l20.001_one_se,0.7281356658669661,0.5195032112527109,0.20863245461425517,0.68,0.76,0.07999999999999996,False,False
OpenBMI,outcome,4,1,27,0,upda_r1_l20.001_one_se,0.8970894411215721,0.884259341586932,0.012830099534640094,0.6,0.6,0.0,False,False
OpenBMI,outcome,4,1,27,1,upda_r1_l20.001_one_se,1.1116678139761016,1.1790181258518968,-0.06735031187579521,0.44,0.44,0.0,False,False
OpenBMI,outcome,4,1,27,2,upda_r1_l20.001_one_se,0.23067596168269794,0.2272813570548497,0.003394604627848241,0.92,0.92,0.0,False,False
OpenBMI,outcome,4,1,27,3,upda_r1_l20.001_one_se,0.3219711094009994,0.3207079951130332,0.0012631142879661605,0.88,0.88,0.0,False,False
OpenBMI,outcome,4,1,28,0,upda_r1_l20.001_one_se,0.7276945345916427,1.0597676210089924,-0.33207308641734967,0.64,0.64,0.0,False,False
OpenBMI,outcome,4,1,28,1,upda_r1_l20.001_one_se,0.06461811055969872,0.03231220297803422,0.0323059075816645,0.96,1.0,0.040000000000000036,False,False
OpenBMI,outcome,4,1,28,2,upda_r1_l20.001_one_se,0.36379881758018867,1.0224151866612425,-0.6586163690810538,0.88,0.8,-0.07999999999999996,False,False
OpenBMI,outcome,4,1,28,3,upda_r1_l20.001_one_se,0.10073334014317338,0.09740382851877272,0.0033295116244006634,0.96,0.96,0.0,False,False
OpenBMI,outcome,4,1,30,0,upda_r1_l20.001_one_se,0.9354082771197905,0.689997630665588,0.24541064645420252,0.48,0.6,0.12,False,False
OpenBMI,outcome,4,1,30,1,upda_r1_l20.001_one_se,0.5453738914662296,0.27682045178727,0.2685534396789596,0.68,1.0,0.31999999999999995,False,False
OpenBMI,outcome,4,1,30,2,upda_r1_l20.001_one_se,0.25480202124446655,0.4852242504480053,-0.23042222920353878,0.96,0.8,-0.15999999999999992,False,False
OpenBMI,outcome,4,1,30,3,upda_r1_l20.001_one_se,0.19696381454754167,0.36759724058721405,-0.17063342603967238,0.92,0.84,-0.08000000000000007,False,False
OpenBMI,outcome,4,1,38,0,upda_r1_l20.001_one_se,0.3733000945137072,0.5317075194441752,-0.15840742493046794,0.76,0.68,-0.07999999999999996,False,False
OpenBMI,outcome,4,1,38,1,upda_r1_l20.001_one_se,0.37289604440105584,0.466593295162921,-0.09369725076186514,0.84,0.8,-0.039999999999999925,False,False
OpenBMI,outcome,4,1,38,2,upda_r1_l20.001_one_se,0.5290154638968629,0.4403918809238248,0.08862358297303813,0.72,0.96,0.24,False,False
OpenBMI,outcome,4,1,38,3,upda_r1_l20.001_one_se,1.2293779687599846,0.9472121355480703,0.28216583321191435,0.48,0.48,0.0,False,False
OpenBMI,outcome,4,1,52,0,upda_r1_l20.001_one_se,0.26079076228175374,0.36749017811388673,-0.106699415832133,0.92,0.92,0.0,False,False
OpenBMI,outcome,4,1,52,1,upda_r1_l20.001_one_se,0.481554315956655,0.6642753895352337,-0.1827210735785787,0.72,0.68,-0.039999999999999925,False,False
OpenBMI,outcome,4,1,52,2,upda_r1_l20.001_one_se,0.3929923482871095,0.30895455515508563,0.08403779313202386,0.88,0.88,0.0,False,False
OpenBMI,outcome,4,1,52,3,upda_r1_l20.001_one_se,0.29573721766949507,0.22813146520699168,0.06760575246250339,0.92,0.92,0.0,False,False
OpenBMI,outcome,4,2,3,0,upda_r1_l20.001_one_se,0.19407971821784076,0.18605379774014505,0.008025920477695708,0.92,0.92,0.0,False,False
OpenBMI,outcome,4,2,3,1,upda_r1_l20.001_one_se,0.48325156380261347,0.6413457244959865,-0.158094160693373,0.72,0.72,0.0,False,False
OpenBMI,outcome,4,2,3,2,upda_r1_l20.001_one_se,0.2022268833286851,0.16652777769594512,0.03569910563273998,0.92,0.92,0.0,False,False
OpenBMI,outcome,4,2,3,3,upda_r1_l20.001_one_se,0.3945004247288019,0.50274748966279,-0.10824706493398811,0.76,0.76,0.0,False,False
OpenBMI,outcome,4,2,8,0,upda_r1_l20.001_one_se,1.2221424425239782,1.0757583292010784,0.1463841133228998,0.64,0.6,-0.040000000000000036,False,False
OpenBMI,outcome,4,2,8,1,upda_r1_l20.001_one_se,0.9643983645179101,0.9988374415817988,-0.03443907706388871,0.52,0.52,0.0,False,False
OpenBMI,outcome,4,2,8,2,upda_r1_l20.001_one_se,0.30675548239505906,0.2632696286516725,0.04348585374338654,0.88,0.88,0.0,False,False
OpenBMI,outcome,4,2,8,3,upda_r1_l20.001_one_se,0.1879253313728175,0.17531285349307105,0.012612477879746453,0.92,0.92,0.0,False,False
OpenBMI,outcome,4,2,11,0,upda_r1_l20.001_one_se,0.7154061164077907,0.7908919879459176,-0.07548587153812691,0.68,0.44,-0.24000000000000005,False,False
OpenBMI,outcome,4,2,11,1,upda_r1_l20.001_one_se,0.6981797463143445,0.8052966170546878,-0.10711687074034326,0.6,0.44,-0.15999999999999998,False,False
OpenBMI,outcome,4,2,11,2,upda_r1_l20.001_one_se,0.44865030040335535,0.44479387124633923,0.003856429157016117,0.76,0.88,0.12,False,False
OpenBMI,outcome,4,2,11,3,upda_r1_l20.001_one_se,0.48589472273335377,0.3675088028696448,0.11838591986370894,0.8,0.84,0.039999999999999925,False,False
OpenBMI,outcome,4,2,27,0,upda_r1_l20.001_one_se,0.7058121728292462,0.7088941288987587,-0.003081956069512448,0.76,0.76,0.0,False,False
OpenBMI,outcome,4,2,27,1,upda_r1_l20.001_one_se,1.307553343217115,1.3823147429145728,-0.07476139969745788,0.56,0.52,-0.040000000000000036,False,False
OpenBMI,outcome,4,2,27,2,upda_r1_l20.001_one_se,0.44717650760228733,0.4342635203156639,0.012912987286623434,0.8,0.8,0.0,False,False
OpenBMI,outcome,4,2,27,3,upda_r1_l20.001_one_se,0.26606441228844224,0.2650103817281079,0.001054030560334318,0.88,0.88,0.0,False,False
OpenBMI,outcome,4,2,28,0,upda_r1_l20.001_one_se,0.5007728826461596,0.7443529239450157,-0.24358004129885613,0.72,0.64,-0.07999999999999996,False,False
OpenBMI,outcome,4,2,28,1,upda_r1_l20.001_one_se,0.040908934010810444,0.022103354691975642,0.0188055793188348,1.0,1.0,0.0,False,False
OpenBMI,outcome,4,2,28,2,upda_r1_l20.001_one_se,0.15995776758041758,0.5177442527303436,-0.35778648514992606,0.92,0.92,0.0,False,False
OpenBMI,outcome,4,2,28,3,upda_r1_l20.001_one_se,0.049592334574758194,0.050921185498272,-0.0013288509235138066,0.96,0.96,0.0,False,False
OpenBMI,outcome,4,2,30,0,upda_r1_l20.001_one_se,1.564884875903561,1.3311207733396753,0.2337641025638857,0.32,0.4,0.08000000000000002,False,False
OpenBMI,outcome,4,2,30,1,upda_r1_l20.001_one_se,0.7996654202640805,0.3887717430060517,0.4108936772580288,0.48,0.96,0.48,False,False
OpenBMI,outcome,4,2,30,2,upda_r1_l20.001_one_se,0.20093033506458138,0.3754506551892854,-0.174520320124704,0.88,0.84,-0.040000000000000036,False,False
OpenBMI,outcome,4,2,30,3,upda_r1_l20.001_one_se,0.14720340885842106,0.2921964800405139,-0.14499307118209284,0.96,0.76,-0.19999999999999996,False,False
OpenBMI,outcome,4,2,38,0,upda_r1_l20.001_one_se,0.384166007988674,0.5629171301152067,-0.1787511221265327,0.84,0.64,-0.19999999999999996,False,False
OpenBMI,outcome,4,2,38,1,upda_r1_l20.001_one_se,0.4323755255064573,0.5123962072458719,-0.08002068173941457,0.8,0.68,-0.12,False,False
OpenBMI,outcome,4,2,38,2,upda_r1_l20.001_one_se,0.5155557568284892,0.393977985896352,0.12157777093213717,0.8,0.88,0.07999999999999996,False,False
OpenBMI,outcome,4,2,38,3,upda_r1_l20.001_one_se,1.115854034774231,0.8595834060938438,0.2562706286803872,0.48,0.64,0.16000000000000003,False,False
OpenBMI,outcome,4,2,52,0,upda_r1_l20.001_one_se,0.5124265227256021,0.6073950084238402,-0.09496848569823813,0.76,0.68,-0.07999999999999996,False,False
OpenBMI,outcome,4,2,52,1,upda_r1_l20.001_one_se,0.5339090777401495,0.7733822753152038,-0.23947319757505425,0.76,0.52,-0.24,False,False
OpenBMI,outcome,4,2,52,2,upda_r1_l20.001_one_se,0.38543033630887974,0.2949506548818884,0.09047968142699137,0.8,0.92,0.12,False,False
OpenBMI,outcome,4,2,52,3,upda_r1_l20.001_one_se,0.1002591470040991,0.09035618837016042,0.009902958633938683,1.0,1.0,0.0,False,False
WBCIC,outcome,0,0,1,0,upda_r1_l20.001_one_se,0.34584099842614235,0.3645356266872305,-0.018694628261088142,0.88,0.8600000000000001,-0.019999999999999907,False,False
WBCIC,outcome,0,0,1,1,upda_r1_l20.001_one_se,0.18433582209541985,0.13648947972002323,0.04784634237539662,0.9782608695652174,0.9782608695652174,0.0,False,False
WBCIC,outcome,0,0,1,2,upda_r1_l20.001_one_se,0.39825513014071384,0.40175299622137794,-0.0034978660806641027,0.86,0.86,0.0,False,False
WBCIC,outcome,0,0,1,3,upda_r1_l20.001_one_se,0.2523277076633242,0.2756665344443418,-0.02333882678101762,0.9162640901771336,0.894524959742351,-0.021739130434782594,False,False
WBCIC,outcome,0,0,3,0,upda_r1_l20.001_one_se,0.17611231929002966,0.14906090316461834,0.027051416125411315,0.94,0.94,0.0,False,False
WBCIC,outcome,0,0,3,1,upda_r1_l20.001_one_se,0.1100386551209735,0.07578623333808282,0.034252421782890674,1.0,1.0,0.0,False,False
WBCIC,outcome,0,0,3,2,upda_r1_l20.001_one_se,0.2965163476025627,0.30853695041775464,-0.01202060281519196,0.8999999999999999,0.8999999999999999,0.0,False,False
WBCIC,outcome,0,0,3,3,upda_r1_l20.001_one_se,0.2508958449295311,0.26291119883339925,-0.012015353903868153,0.8600000000000001,0.86,-1.1102230246251565e-16,False,False
WBCIC,outcome,0,0,5,0,upda_r1_l20.001_one_se,0.14556130492120842,0.1022865998609408,0.04327470506026762,0.9166666666666667,0.9791666666666667,0.0625,False,False
WBCIC,outcome,0,0,5,1,upda_r1_l20.001_one_se,0.35319760409861517,0.3293239824571518,0.023873621641463394,0.8392857142857143,0.875,0.0357142857142857,False,False
WBCIC,outcome,0,0,5,2,upda_r1_l20.001_one_se,0.31389113348815945,0.3365430735994817,-0.022651940111322266,0.8733766233766234,0.8652597402597402,-0.008116883116883189,False,False
WBCIC,outcome,0,0,5,3,upda_r1_l20.001_one_se,0.3820373257554639,0.41883371758916677,-0.03679639183370287,0.7996794871794872,0.7948717948717949,-0.004807692307692291,False,False
WBCIC,outcome,0,0,16,0,upda_r1_l20.001_one_se,0.824858904183955,0.7302612172798129,0.09459768690414216,0.4439102564102564,0.47435897435897434,0.03044871794871795,False,False
WBCIC,outcome,0,0,16,1,upda_r1_l20.001_one_se,0.7999983759399049,0.6662868129691375,0.13371156297076736,0.4359605911330049,0.5574712643678161,0.12151067323481124,False,False
WBCIC,outcome,0,0,16,2,upda_r1_l20.001_one_se,0.8201034078657545,0.7197511528235475,0.10035225504220702,0.5515297906602254,0.6159420289855072,0.06441223832528176,False,False
WBCIC,outcome,0,0,16,3,upda_r1_l20.001_one_se,0.8918650446644518,0.7607122460440242,0.1311527986204276,0.5625,0.5544871794871795,-0.008012820512820484,False,False
WBCIC,outcome,0,0,19,0,upda_r1_l20.001_one_se,0.6045807989308204,0.616481237626596,-0.011900438695775617,0.7387820512820513,0.7403846153846154,0.0016025641025640969,False,False
WBCIC,outcome,0,0,19,1,upda_r1_l20.001_one_se,0.24698289650654004,0.34298157541844587,-0.09599867891190583,0.9009661835748792,0.8977455716586151,-0.0032206119162641045,False,False
WBCIC,outcome,0,0,19,2,upda_r1_l20.001_one_se,0.8771640873052677,0.8158972856605501,0.06126680164471765,0.5714285714285714,0.5665584415584416,-0.004870129870129802,False,False
WBCIC,outcome,0,0,19,3,upda_r1_l20.001_one_se,0.6995740023055916,0.6730871099075356,0.026486892398056017,0.6167471819645732,0.6199677938808373,0.0032206119162641045,False,False
WBCIC,outcome,0,0,21,0,upda_r1_l20.001_one_se,0.20485462808587876,0.21803744101699837,-0.013182812931119614,0.9391025641025641,0.9182692307692308,-0.02083333333333326,False,False
WBCIC,outcome,0,0,21,1,upda_r1_l20.001_one_se,0.2899650572502057,0.31842329209991077,-0.028458234849705055,0.8400000000000001,0.8600000000000001,0.020000000000000018,False,False
WBCIC,outcome,0,0,21,2,upda_r1_l20.001_one_se,0.3177543871700099,0.2871067881497924,0.03064759902021752,0.8461538461538461,0.9038461538461539,0.05769230769230771,False,False
WBCIC,outcome,0,0,21,3,upda_r1_l20.001_one_se,0.3816865276773399,0.3730584000383774,0.00862812763896248,0.8357487922705313,0.7987117552334944,-0.03703703703703698,False,False
WBCIC,outcome,0,0,28,0,upda_r1_l20.001_one_se,0.5095966574468881,0.5641320357675859,-0.05453537832069777,0.7552334943639292,0.7552334943639292,0.0,False,False
WBCIC,outcome,0,0,28,1,upda_r1_l20.001_one_se,0.6203722317472785,0.6854208156016842,-0.0650485838544057,0.5821256038647343,0.5789049919484701,-0.0032206119162642155,False,False
WBCIC,outcome,0,0,28,2,upda_r1_l20.001_one_se,0.3420220597968256,0.366048733514873,-0.024026673718047398,0.8382594417077176,0.8210180623973727,-0.017241379310344862,False,False
WBCIC,outcome,0,0,28,3,upda_r1_l20.001_one_se,0.27565233091909,0.2892114684163175,-0.01355913749722748,0.8875205254515599,0.8875205254515599,0.0,False,False
WBCIC,outcome,0,0,33,0,upda_r1_l20.001_one_se,0.10063527337443375,0.09435066430489726,0.006284609069536484,0.9599358974358975,0.9599358974358975,0.0,False,False
WBCIC,outcome,0,0,33,1,upda_r1_l20.001_one_se,0.12558996603416786,0.1285074931397299,-0.0029175271055620344,0.9821428571428572,0.9464285714285714,-0.03571428571428581,False,False
WBCIC,outcome,0,0,33,2,upda_r1_l20.001_one_se,0.08100934858566936,0.005578751356437114,0.07543059722923225,1.0,1.0,0.0,False,False
WBCIC,outcome,0,0,33,3,upda_r1_l20.001_one_se,0.07838913981540702,0.03360640288366118,0.04478273693174584,0.98,0.98,0.0,False,False
WBCIC,outcome,0,0,37,0,upda_r1_l20.001_one_se,0.3161577631574957,0.29078082612960343,0.025376937027892288,0.8557692307692308,0.8573717948717949,0.0016025641025640969,False,False
WBCIC,outcome,0,0,37,1,upda_r1_l20.001_one_se,0.327867512017158,0.32742116867087434,0.0004463433462836841,0.8733766233766234,0.8733766233766234,0.0,False,False
WBCIC,outcome,0,0,37,2,upda_r1_l20.001_one_se,0.39123275078302405,0.35822529445676643,0.03300745632625762,0.8555008210180624,0.8144499178981938,-0.04105090311986859,False,False
WBCIC,outcome,0,0,37,3,upda_r1_l20.001_one_se,0.4131206475123598,0.4024986951094952,0.010621952402864565,0.8200000000000001,0.84,0.019999999999999907,False,False
WBCIC,outcome,0,1,1,0,upda_r1_l20.001_one_se,0.38534867476787604,0.4288574699385241,-0.04350879517064804,0.8,0.8400000000000001,0.040000000000000036,False,False
WBCIC,outcome,0,1,1,1,upda_r1_l20.001_one_se,0.16561929047705476,0.1366923290770427,0.028926961400012052,0.9565217391304348,0.9565217391304348,0.0,False,False
WBCIC,outcome,0,1,1,2,upda_r1_l20.001_one_se,0.4494863493346861,0.47214979985493605,-0.022663450520249928,0.8,0.8200000000000001,0.020000000000000018,False,False
WBCIC,outcome,0,1,1,3,upda_r1_l20.001_one_se,0.18410143976437324,0.14971117976257356,0.03439026000179968,0.9597423510466989,0.9347826086956521,-0.02495974235104681,False,False
WBCIC,outcome,0,1,3,0,upda_r1_l20.001_one_se,0.21174067086053902,0.17728770333405686,0.034452967526482164,0.8999999999999999,0.8999999999999999,0.0,False,False
WBCIC,outcome,0,1,3,1,upda_r1_l20.001_one_se,0.1280238129775567,0.09270503487673071,0.03531877810082598,0.98,0.98,0.0,False,False
WBCIC,outcome,0,1,3,2,upda_r1_l20.001_one_se,0.2861818503495299,0.2842641489622419,0.0019177013872880289,0.9,0.8600000000000001,-0.039999999999999925,False,False
WBCIC,outcome,0,1,3,3,upda_r1_l20.001_one_se,0.27940573089379694,0.3196688540346653,-0.04026312314086833,0.88,0.88,0.0,False,False
WBCIC,outcome,0,1,5,0,upda_r1_l20.001_one_se,0.19049184845600056,0.1630124630571156,0.027479385398884976,0.9182692307692308,0.9391025641025641,0.02083333333333326,False,False
WBCIC,outcome,0,1,5,1,upda_r1_l20.001_one_se,0.3258707018484907,0.3269510678178744,-0.001080365969383712,0.8701298701298701,0.8701298701298701,0.0,False,False
WBCIC,outcome,0,1,5,2,upda_r1_l20.001_one_se,0.2482550700478173,0.2496983275851905,-0.0014432575373732048,0.9237012987012987,0.9058441558441559,-0.017857142857142794,False,False
WBCIC,outcome,0,1,5,3,upda_r1_l20.001_one_se,0.41262167253380666,0.45886086130502407,-0.04623918877121741,0.7996794871794872,0.7772435897435898,-0.022435897435897467,False,False
WBCIC,outcome,0,1,16,0,upda_r1_l20.001_one_se,0.7203299943723558,0.6688023542694991,0.05152764010285671,0.6009615384615384,0.657051282051282,0.05608974358974361,False,False
WBCIC,outcome,0,1,16,1,upda_r1_l20.001_one_se,0.8066878852759007,0.6740403213361653,0.13264756393973542,0.5246305418719212,0.541871921182266,0.017241379310344862,False,False
WBCIC,outcome,0,1,16,2,upda_r1_l20.001_one_se,0.7870504737404711,0.7023623450693115,0.0846881286711596,0.6223832528180354,0.6159420289855072,-0.006441223832528209,False,False
WBCIC,outcome,0,1,16,3,upda_r1_l20.001_one_se,0.8513815730726451,0.730910935998576,0.12047063707406902,0.5416666666666667,0.5801282051282051,0.038461538461538325,False,False
WBCIC,outcome,0,1,19,0,upda_r1_l20.001_one_se,0.635581416597725,0.6518037734509586,-0.016222356853233588,0.7564102564102564,0.6714743589743589,-0.08493589743589747,False,False
WBCIC,outcome,0,1,19,1,upda_r1_l20.001_one_se,0.2728184932790908,0.31128300125946023,-0.03846450798036943,0.857487922705314,0.8236714975845411,-0.033816425120772986,False,False
WBCIC,outcome,0,1,19,2,upda_r1_l20.001_one_se,0.9540642430472009,0.8794769316262491,0.07458731142095187,0.612012987012987,0.625,0.012987012987012991,False,False
WBCIC,outcome,0,1,19,3,upda_r1_l20.001_one_se,0.8776915814611828,0.7984505396119509,0.07924104184923186,0.4742351046698873,0.5644122383252818,0.09017713365539448,False,False
WBCIC,outcome,0,1,21,0,upda_r1_l20.001_one_se,0.25062349672490614,0.28611359767164957,-0.03549010094674343,0.8557692307692308,0.8557692307692308,0.0,False,False
WBCIC,outcome,0,1,21,1,upda_r1_l20.001_one_se,0.30078572182377195,0.33181223897404166,-0.031026517150269717,0.9,0.88,-0.020000000000000018,False,False
WBCIC,outcome,0,1,21,2,upda_r1_l20.001_one_se,0.28821030558673355,0.279619784376016,0.008590521210717572,0.8621794871794872,0.8397435897435898,-0.022435897435897467,False,False
WBCIC,outcome,0,1,21,3,upda_r1_l20.001_one_se,0.37828051538458674,0.3891194633347789,-0.01083894795019219,0.8389694041867954,0.8389694041867954,0.0,False,False
WBCIC,outcome,0,1,28,0,upda_r1_l20.001_one_se,0.3922468820638813,0.3976204233794998,-0.005373541315618513,0.8051529790660226,0.7834138486312399,-0.021739130434782705,False,False
WBCIC,outcome,0,1,28,1,upda_r1_l20.001_one_se,0.6457325799057706,0.7512257580742364,-0.10549317816846582,0.643317230273752,0.6618357487922705,0.01851851851851849,False,False
WBCIC,outcome,0,1,28,2,upda_r1_l20.001_one_se,0.4045766089998628,0.39932049053785423,0.005256118462008574,0.8119868637110016,0.8185550082101807,0.006568144499179085,False,False
WBCIC,outcome,0,1,28,3,upda_r1_l20.001_one_se,0.3287395075337094,0.32732310922982516,0.0014163983038842365,0.8448275862068966,0.8793103448275862,0.03448275862068961,False,False
WBCIC,outcome,0,1,33,0,upda_r1_l20.001_one_se,0.12182143904863293,0.08820391509284654,0.03361752395578639,0.9423076923076923,0.9599358974358975,0.017628205128205177,False,False
WBCIC,outcome,0,1,33,1,upda_r1_l20.001_one_se,0.13684462735791153,0.1250798771145725,0.011764750243339034,0.9594155844155845,0.9821428571428572,0.022727272727272707,False,False
WBCIC,outcome,0,1,33,2,upda_r1_l20.001_one_se,0.09346749921345732,0.05025658464736079,0.04321091456609653,0.9814814814814814,0.9782608695652174,-0.0032206119162639935,False,False
WBCIC,outcome,0,1,33,3,upda_r1_l20.001_one_se,0.11677654049361655,0.13408591251231036,-0.017309372018693814,0.98,0.98,0.0,False,False
WBCIC,outcome,0,1,37,0,upda_r1_l20.001_one_se,0.2825171315116968,0.24153847921424848,0.04097865229744829,0.8766025641025641,0.8766025641025641,0.0,False,False
WBCIC,outcome,0,1,37,1,upda_r1_l20.001_one_se,0.36583135042481757,0.3707059750121687,-0.004874624587351106,0.8555194805194806,0.8327922077922079,-0.022727272727272707,False,False
WBCIC,outcome,0,1,37,2,upda_r1_l20.001_one_se,0.4545361248047746,0.470622731722566,-0.0160866069177914,0.7865353037766831,0.8037766830870279,0.01724137931034475,False,False
WBCIC,outcome,0,1,37,3,upda_r1_l20.001_one_se,0.3893139526700016,0.3688174348752845,0.020496517794717062,0.78,0.8200000000000001,0.040000000000000036,False,False
WBCIC,outcome,0,2,1,0,upda_r1_l20.001_one_se,0.4390648463245101,0.5254399933606514,-0.0863751470361413,0.76,0.76,0.0,False,False
WBCIC,outcome,0,2,1,1,upda_r1_l20.001_one_se,0.18127271708591547,0.14491353384013406,0.03635918324578141,0.9565217391304348,0.9565217391304348,0.0,False,False
WBCIC,outcome,0,2,1,2,upda_r1_l20.001_one_se,0.5063987113141925,0.5604483873368344,-0.05404967602264199,0.7,0.6799999999999999,-0.020000000000000018,False,False
WBCIC,outcome,0,2,1,3,upda_r1_l20.001_one_se,0.19810576475173627,0.19726779237179098,0.0008379723799452898,0.9009661835748792,0.9194847020933977,0.01851851851851849,False,False
WBCIC,outcome,0,2,3,0,upda_r1_l20.001_one_se,0.156968590805459,0.13037982008240726,0.02658877072305174,0.94,0.94,0.0,False,False
WBCIC,outcome,0,2,3,1,upda_r1_l20.001_one_se,0.16090203583430682,0.14635266864858154,0.014549367185725276,0.92,0.92,0.0,False,False
WBCIC,outcome,0,2,3,2,upda_r1_l20.001_one_se,0.29909571657613576,0.3141745188959055,-0.015078802319769713,0.8400000000000001,0.8200000000000001,-0.020000000000000018,False,False
WBCIC,outcome,0,2,3,3,upda_r1_l20.001_one_se,0.28819623169164216,0.35287940403295726,-0.0646831723413151,0.86,0.86,0.0,False,False
WBCIC,outcome,0,2,5,0,upda_r1_l20.001_one_se,0.12242363561095855,0.11049970689235103,0.011923928718607521,0.9391025641025641,0.9391025641025641,0.0,False,False
WBCIC,outcome,0,2,5,1,upda_r1_l20.001_one_se,0.3062499935301597,0.3170922747243782,-0.010842281194218484,0.887987012987013,0.8652597402597402,-0.022727272727272818,False,False
WBCIC,outcome,0,2,5,2,upda_r1_l20.001_one_se,0.2317120195254845,0.28721741815268836,-0.055505398627203856,0.900974025974026,0.8831168831168831,-0.017857142857142905,False,False
WBCIC,outcome,0,2,5,3,upda_r1_l20.001_one_se,0.31598939060713466,0.364555402967643,-0.04856601236050834,0.8573717948717949,0.8349358974358975,-0.022435897435897467,False,False
WBCIC,outcome,0,2,16,0,upda_r1_l20.001_one_se,0.8266835773845842,0.7126665941717928,0.11401698321279141,0.5176282051282051,0.5144230769230769,-0.0032051282051281937,False,False
WBCIC,outcome,0,2,16,1,upda_r1_l20.001_one_se,0.8574422652032911,0.7136172616404711,0.14382500356282002,0.4860426929392447,0.451559934318555,-0.03448275862068967,False,False
WBCIC,outcome,0,2,16,2,upda_r1_l20.001_one_se,0.831311501379134,0.7272502706631067,0.10406123071602735,0.501610305958132,0.47020933977455714,-0.03140096618357491,False,False
WBCIC,outcome,0,2,16,3,upda_r1_l20.001_one_se,0.9607055069067719,0.7844871089316898,0.1762183979750821,0.45993589743589747,0.4935897435897436,0.033653846153846145,False,False
WBCIC,outcome,0,2,19,0,upda_r1_l20.001_one_se,0.6526216456996522,0.6632074438550083,-0.010585798155356096,0.5897435897435898,0.5448717948717949,-0.04487179487179482,False,False
WBCIC,outcome,0,2,19,1,upda_r1_l20.001_one_se,0.33445246993023064,0.46206643002464737,-0.12761396009441672,0.8639291465378421,0.786634460547504,-0.07729468599033817,False,False
WBCIC,outcome,0,2,19,2,upda_r1_l20.001_one_se,0.7065537357830082,0.7062016440064647,0.000352091776543495,0.48538961038961037,0.5324675324675325,0.04707792207792216,False,False
WBCIC,outcome,0,2,19,3,upda_r1_l20.001_one_se,0.7070202971210481,0.7060659625900012,0.0009543345310468743,0.5241545893719807,0.5555555555555556,0.03140096618357491,False,False
WBCIC,outcome,0,2,21,0,upda_r1_l20.001_one_se,0.24021077187269618,0.2656858936211068,-0.0254751217484106,0.8573717948717949,0.8157051282051282,-0.04166666666666674,False,False
WBCIC,outcome,0,2,21,1,upda_r1_l20.001_one_se,0.22647831456818823,0.2423299088858824,-0.015851594317694173,0.8400000000000001,0.88,0.039999999999999925,False,False
WBCIC,outcome,0,2,21,2,upda_r1_l20.001_one_se,0.2792822374275421,0.2745314828900097,0.004750754537532376,0.8798076923076923,0.8573717948717949,-0.022435897435897356,False,False
WBCIC,outcome,0,2,21,3,upda_r1_l20.001_one_se,0.30129750668001887,0.2914867041241989,0.009810802555819953,0.857487922705314,0.8607085346215781,0.0032206119162641045,False,False
WBCIC,outcome,0,2,28,0,upda_r1_l20.001_one_se,0.4040739996335926,0.43075542083270596,-0.026681421199113375,0.7801932367149759,0.7584541062801933,-0.021739130434782594,False,False
WBCIC,outcome,0,2,28,1,upda_r1_l20.001_one_se,0.5850165209015213,0.6422944025305029,-0.05727788162898151,0.6280193236714976,0.6497584541062802,0.021739130434782594,False,False
WBCIC,outcome,0,2,28,2,upda_r1_l20.001_one_se,0.306542644120263,0.31468306242413113,-0.008140418303868135,0.8940886699507389,0.8768472906403941,-0.01724137931034475,False,False
WBCIC,outcome,0,2,28,3,upda_r1_l20.001_one_se,0.21975399987760025,0.23059149750164104,-0.010837497624040793,0.9072249589490968,0.9072249589490968,0.0,False,False
WBCIC,outcome,0,2,33,0,upda_r1_l20.001_one_se,0.10606321259028074,0.1741743305644491,-0.06811111797416834,0.9599358974358975,0.9599358974358975,0.0,False,False
WBCIC,outcome,0,2,33,1,upda_r1_l20.001_one_se,0.16365177266119607,0.24911187542630098,-0.0854601027651049,0.900974025974026,0.9107142857142857,0.009740259740259716,False,False
WBCIC,outcome,0,2,33,2,upda_r1_l20.001_one_se,0.08487996463578565,0.057425401457926364,0.027454563177859284,0.9814814814814814,0.9597423510466989,-0.021739130434782483,False,False
WBCIC,outcome,0,2,33,3,upda_r1_l20.001_one_se,0.054665914440839146,0.003918432330220941,0.050747482110618206,1.0,1.0,0.0,False,False
WBCIC,outcome,0,2,37,0,upda_r1_l20.001_one_se,0.26313174178120163,0.22864728658418013,0.03448445519702151,0.9006410256410255,0.9006410256410255,0.0,False,False
WBCIC,outcome,0,2,37,1,upda_r1_l20.001_one_se,0.35358143541709147,0.37357798210294973,-0.019996546685858263,0.8376623376623377,0.8149350649350648,-0.022727272727272818,False,False
WBCIC,outcome,0,2,37,2,upda_r1_l20.001_one_se,0.4213395309565424,0.40624326065384175,0.015096270302700665,0.8144499178981938,0.8144499178981938,0.0,False,False
WBCIC,outcome,0,2,37,3,upda_r1_l20.001_one_se,0.39866204852214665,0.41196287242293217,-0.013300823900785519,0.8200000000000001,0.86,0.039999999999999925,False,False
WBCIC,outcome,1,0,2,0,upda_r1_l20.001_one_se,0.6039482976977576,0.5354673868985362,0.06848091079922136,0.6561996779388084,0.6312399355877616,-0.02495974235104681,False,False
WBCIC,outcome,1,0,2,1,upda_r1_l20.001_one_se,0.46911014480936514,0.47889827057282197,-0.009788125763456834,0.6987179487179487,0.6987179487179487,0.0,False,False
WBCIC,outcome,1,0,2,2,upda_r1_l20.001_one_se,0.9875897437686387,0.832907258588375,0.15468248518026373,0.538647342995169,0.5789049919484701,0.040257648953301084,False,False
WBCIC,outcome,1,0,2,3,upda_r1_l20.001_one_se,0.5077385739920504,0.4688372119078469,0.03890136208420347,0.7596153846153846,0.7419871794871795,-0.017628205128205066,False,False
WBCIC,outcome,1,0,11,0,upda_r1_l20.001_one_se,0.08976660275620742,0.06144897960652099,0.02831762314968643,1.0,0.98,-0.020000000000000018,False,False
WBCIC,outcome,1,0,11,1,upda_r1_l20.001_one_se,0.2762801567750757,0.443535964059804,-0.16725580728472828,0.8573717948717949,0.8573717948717949,0.0,False,False
WBCIC,outcome,1,0,11,2,upda_r1_l20.001_one_se,0.0886438167305011,0.0944714980163087,-0.005827681285807601,0.9545454545454546,0.9545454545454546,0.0,False,False
WBCIC,outcome,1,0,11,3,upda_r1_l20.001_one_se,0.25654381203430476,0.32521158647774473,-0.06866777444343997,0.8888888888888888,0.8888888888888888,0.0,False,False
WBCIC,outcome,1,0,13,0,upda_r1_l20.001_one_se,0.1512793768489224,0.15711323466353905,-0.00583385781461665,0.9642857142857143,0.9642857142857143,0.0,False,False
WBCIC,outcome,1,0,13,1,upda_r1_l20.001_one_se,0.27271688555111157,0.28231990532886125,-0.009603019777749688,0.8474025974025974,0.8295454545454546,-0.017857142857142794,False,False
WBCIC,outcome,1,0,13,2,upda_r1_l20.001_one_se,0.6097013732275698,0.8250755542466617,-0.2153741810190919,0.717948717948718,0.7211538461538461,0.0032051282051281937,False,False
WBCIC,outcome,1,0,13,3,upda_r1_l20.001_one_se,0.12377890541253028,0.12073500844983404,0.0030438969626962464,0.9615384615384616,0.9615384615384616,0.0,False,False
WBCIC,outcome,1,0,18,0,upda_r1_l20.001_one_se,0.7809988633201951,0.7012213099417203,0.07977755337847481,0.45993589743589747,0.46634615384615385,0.0064102564102563875,False,False
WBCIC,outcome,1,0,18,1,upda_r1_l20.001_one_se,0.6524775223923606,0.6588703794283856,-0.00639285703602499,0.6409017713365539,0.604669887278583,-0.03623188405797095,False,False
WBCIC,outcome,1,0,18,2,upda_r1_l20.001_one_se,0.7220896409867936,0.6964088260556939,0.02568081493109975,0.5769230769230769,0.5064102564102564,-0.07051282051282048,False,False
WBCIC,outcome,1,0,18,3,upda_r1_l20.001_one_se,0.7719659158053944,0.696459469565749,0.07550644623964542,0.52,0.5,-0.020000000000000018,False,False
WBCIC,outcome,1,0,27,0,upda_r1_l20.001_one_se,0.9251176456283324,0.7870255059141111,0.1380921397142213,0.512987012987013,0.512987012987013,0.0,False,False
WBCIC,outcome,1,0,27,1,upda_r1_l20.001_one_se,0.7906906779227356,0.7221261986889569,0.06856447923377873,0.5827922077922079,0.5422077922077921,-0.04058441558441572,False,False
WBCIC,outcome,1,0,27,2,upda_r1_l20.001_one_se,0.81577235619201,0.7172629395463008,0.09850941664570922,0.5480769230769231,0.46794871794871795,-0.08012820512820518,False,False
WBCIC,outcome,1,0,27,3,upda_r1_l20.001_one_se,0.7111359737064714,0.6763199576265708,0.03481601607990059,0.5721153846153846,0.5721153846153846,0.0,False,False
WBCIC,outcome,1,0,36,0,upda_r1_l20.001_one_se,0.034215859915623766,0.047619929481042905,-0.01340406956541914,1.0,0.9791666666666667,-0.02083333333333326,False,False
WBCIC,outcome,1,0,36,1,upda_r1_l20.001_one_se,0.11866381285741817,0.12171795675322558,-0.0030541438958074096,0.94,0.94,0.0,False,False
WBCIC,outcome,1,0,36,2,upda_r1_l20.001_one_se,0.3438948234142392,0.35692920670665496,-0.013034383292415741,0.8397435897435898,0.8221153846153846,-0.017628205128205177,False,False
WBCIC,outcome,1,0,36,3,upda_r1_l20.001_one_se,0.3556602699743579,0.3605529018639475,-0.004892631889589605,0.8,0.8200000000000001,0.020000000000000018,False,False
WBCIC,outcome,1,0,44,0,upda_r1_l20.001_one_se,0.7466326108949537,0.6137268747106576,0.13290573618429613,0.6200000000000001,0.64,0.019999999999999907,False,False
WBCIC,outcome,1,0,44,1,upda_r1_l20.001_one_se,0.844767922207077,0.7289716718048516,0.11579625040222541,0.6,0.5800000000000001,-0.019999999999999907,False,False
WBCIC,outcome,1,0,44,2,upda_r1_l20.001_one_se,0.6739029981357524,0.6063456447152472,0.06755735342050517,0.6799999999999999,0.6200000000000001,-0.05999999999999983,False,False
WBCIC,outcome,1,0,44,3,upda_r1_l20.001_one_se,0.8349182171460653,0.7003483436689638,0.13456987347710148,0.62,0.66,0.040000000000000036,False,False
WBCIC,outcome,1,0,45,0,upda_r1_l20.001_one_se,0.23073348402521757,0.19750277590837764,0.033230708116839924,0.8518518518518519,0.8671497584541064,0.015297906602254496,False,False
WBCIC,outcome,1,0,45,1,upda_r1_l20.001_one_se,0.19507612284877585,0.18730192459611836,0.007774198252657488,0.894524959742351,0.962962962962963,0.068438003220612,False,False
WBCIC,outcome,1,0,45,2,upda_r1_l20.001_one_se,0.25659405593092655,0.2550648924414066,0.0015291634895199246,0.9009661835748792,0.9041867954911433,0.0032206119162641045,False,False
WBCIC,outcome,1,0,45,3,upda_r1_l20.001_one_se,0.41843837082204954,0.3996890223407818,0.018749348481267747,0.8115942028985508,0.826892109500805,0.015297906602254274,False,False
WBCIC,outcome,1,1,2,0,upda_r1_l20.001_one_se,0.6550928847902846,0.5563183613520879,0.0987745234381967,0.6996779388083736,0.5877616747181964,-0.11191626409017719,False,False
WBCIC,outcome,1,1,2,1,upda_r1_l20.001_one_se,0.5131972836671664,0.5068638467329007,0.00633343693426569,0.7548076923076923,0.717948717948718,-0.03685897435897434,False,False
WBCIC,outcome,1,1,2,2,upda_r1_l20.001_one_se,0.9991235165994853,0.8727251786795223,0.12639833791996302,0.6409017713365539,0.6191626409017714,-0.021739130434782483,False,False
WBCIC,outcome,1,1,2,3,upda_r1_l20.001_one_se,0.6390622267010184,0.5224053261172389,0.11665690058377953,0.6634615384615384,0.6634615384615384,0.0,False,False
WBCIC,outcome,1,1,11,0,upda_r1_l20.001_one_se,0.1087384089535695,0.11508479737733943,-0.00634638842376993,0.96,0.96,0.0,False,False
WBCIC,outcome,1,1,11,1,upda_r1_l20.001_one_se,0.2094331171923558,0.32751160840379406,-0.11807849121143826,0.9182692307692308,0.9182692307692308,0.0,False,False
WBCIC,outcome,1,1,11,2,upda_r1_l20.001_one_se,0.1196577017394824,0.1746412834150685,-0.05498358167558609,0.9090909090909092,0.9090909090909092,0.0,False,False
WBCIC,outcome,1,1,11,3,upda_r1_l20.001_one_se,0.3264490032278071,0.45146795195357164,-0.12501894872576452,0.8856682769726247,0.8856682769726247,0.0,False,False
WBCIC,outcome,1,1,13,0,upda_r1_l20.001_one_se,0.2066399847813515,0.20459624744612395,0.002043737335227558,0.9107142857142857,0.9285714285714286,0.017857142857142905,False,False
WBCIC,outcome,1,1,13,1,upda_r1_l20.001_one_se,0.327834654472448,0.3199465899664601,0.00788806450598789,0.8327922077922079,0.8376623376623377,0.004870129870129802,False,False
WBCIC,outcome,1,1,13,2,upda_r1_l20.001_one_se,0.5248274560200705,0.698542355371754,-0.1737148993516835,0.780448717948718,0.780448717948718,0.0,False,False
WBCIC,outcome,1,1,13,3,upda_r1_l20.001_one_se,0.15434632831380515,0.1496097899693458,0.004736538344459362,0.9615384615384616,0.9615384615384616,0.0,False,False
WBCIC,outcome,1,1,18,0,upda_r1_l20.001_one_se,0.8745566188091415,0.7441688087291416,0.1303878100799999,0.5208333333333333,0.40544871794871795,-0.11538461538461531,False,False
WBCIC,outcome,1,1,18,1,upda_r1_l20.001_one_se,0.6201508675697647,0.6465756114673284,-0.026424743897563774,0.6038647342995169,0.604669887278583,0.0008051529790660261,False,False
WBCIC,outcome,1,1,18,2,upda_r1_l20.001_one_se,0.7146941412081893,0.6791565824236369,0.03553755878455245,0.5416666666666667,0.5705128205128205,0.028846153846153744,False,False
WBCIC,outcome,1,1,18,3,upda_r1_l20.001_one_se,0.8330863261709198,0.7170636326653478,0.11602269350557204,0.5,0.46,-0.03999999999999998,False,False
WBCIC,outcome,1,1,27,0,upda_r1_l20.001_one_se,0.7668432179163442,0.6996248958805777,0.0672183220357665,0.5795454545454546,0.577922077922078,-0.0016233766233766378,False,False
WBCIC,outcome,1,1,27,1,upda_r1_l20.001_one_se,0.6526878350904461,0.6448809233370647,0.00780691175338144,0.5925324675324675,0.698051948051948,0.10551948051948057,False,False
WBCIC,outcome,1,1,27,2,upda_r1_l20.001_one_se,0.6393668773821797,0.6696171613904476,-0.030250284008267903,0.6201923076923077,0.5544871794871795,-0.0657051282051282,False,False
WBCIC,outcome,1,1,27,3,upda_r1_l20.001_one_se,0.7528289571691977,0.6886004116993137,0.06422854546988399,0.46314102564102566,0.5352564102564102,0.07211538461538458,False,False
WBCIC,outcome,1,1,36,0,upda_r1_l20.001_one_se,0.042261707815184145,0.058085853918607204,-0.01582414610342306,0.9791666666666667,0.9791666666666667,0.0,False,False
WBCIC,outcome,1,1,36,1,upda_r1_l20.001_one_se,0.11811562126112106,0.12307600500187106,-0.004960383740750002,0.94,0.9199999999999999,-0.020000000000000018,False,False
WBCIC,outcome,1,1,36,2,upda_r1_l20.001_one_se,0.47123629405052064,0.49304878453401335,-0.021812490483492708,0.7612179487179487,0.782051282051282,0.02083333333333337,False,False
WBCIC,outcome,1,1,36,3,upda_r1_l20.001_one_se,0.3620940356706609,0.37226679815341085,-0.010172762482749953,0.8200000000000001,0.8200000000000001,0.0,False,False
WBCIC,outcome,1,1,44,0,upda_r1_l20.001_one_se,0.7837764683255662,0.6155726495316579,0.16820381879390833,0.5800000000000001,0.6200000000000001,0.040000000000000036,False,False
WBCIC,outcome,1,1,44,1,upda_r1_l20.001_one_se,0.9159666295097211,0.7058023924473364,0.21016423706238463,0.6,0.6,0.0,False,False
WBCIC,outcome,1,1,44,2,upda_r1_l20.001_one_se,0.7462216974039125,0.6273399209964358,0.11888177640747677,0.64,0.66,0.020000000000000018,False,False
WBCIC,outcome,1,1,44,3,upda_r1_l20.001_one_se,0.8125953491581622,0.6814371820250683,0.13115816713309392,0.7,0.6799999999999999,-0.020000000000000018,False,False
WBCIC,outcome,1,1,45,0,upda_r1_l20.001_one_se,0.16700032876097,0.1399760899544465,0.02702423880652352,0.9444444444444444,0.9444444444444444,0.0,False,False
WBCIC,outcome,1,1,45,1,upda_r1_l20.001_one_se,0.23598477717778174,0.23012972261050135,0.005855054567280388,0.857487922705314,0.8824476650563606,0.024959742351046588,False,False
WBCIC,outcome,1,1,45,2,upda_r1_l20.001_one_se,0.30713967000514514,0.29751573663380587,0.009623933371339266,0.8977455716586151,0.9227053140096618,0.0249597423510467,False,False
WBCIC,outcome,1,1,45,3,upda_r1_l20.001_one_se,0.3077923126042419,0.2759037503269814,0.0318885622772605,0.8703703703703703,0.8671497584541064,-0.0032206119162639935,False,False
WBCIC,outcome,1,2,2,0,upda_r1_l20.001_one_se,0.5212942548212909,0.5082721207750682,0.013022134046222655,0.7181964573268921,0.6932367149758454,-0.0249597423510467,False,False
WBCIC,outcome,1,2,2,1,upda_r1_l20.001_one_se,0.5838504871064988,0.5350120113563807,0.04883847575011813,0.6346153846153846,0.6217948717948718,-0.012820512820512775,False,False
WBCIC,outcome,1,2,2,2,upda_r1_l20.001_one_se,1.0119649553731263,0.8461491481480864,0.16581580722503986,0.49194847020933974,0.5539452495974235,0.06199677938808379,False,False
WBCIC,outcome,1,2,2,3,upda_r1_l20.001_one_se,0.4330246874894308,0.4253251396956014,0.00769954779382942,0.7612179487179487,0.7419871794871795,-0.019230769230769162,False,False
WBCIC,outcome,1,2,11,0,upda_r1_l20.001_one_se,0.14428282990813002,0.14619143589704792,-0.0019086059889178997,0.94,0.9199999999999999,-0.020000000000000018,False,False
WBCIC,outcome,1,2,11,1,upda_r1_l20.001_one_se,0.16031012555798255,0.1595712914323556,0.0007388341256269471,0.9375,0.9166666666666667,-0.02083333333333326,False,False
WBCIC,outcome,1,2,11,2,upda_r1_l20.001_one_se,0.12064619410777803,0.1203274001005548,0.00031879400722323314,0.9772727272727273,0.9545454545454546,-0.022727272727272707,False,False
WBCIC,outcome,1,2,11,3,upda_r1_l20.001_one_se,0.22227827020105081,0.31490025469017835,-0.09262198448912753,0.8856682769726247,0.8856682769726247,0.0,False,False
WBCIC,outcome,1,2,13,0,upda_r1_l20.001_one_se,0.18886414914141425,0.19603331865648926,-0.007169169515075013,0.9415584415584416,0.9594155844155845,0.017857142857142905,False,False
WBCIC,outcome,1,2,13,1,upda_r1_l20.001_one_se,0.29443547328243963,0.3116710903492724,-0.017235617066832742,0.8474025974025974,0.8474025974025974,0.0,False,False
WBCIC,outcome,1,2,13,2,upda_r1_l20.001_one_se,0.5062356041682069,0.6709494429846415,-0.16471383881643464,0.780448717948718,0.782051282051282,0.0016025641025640969,False,False
WBCIC,outcome,1,2,13,3,upda_r1_l20.001_one_se,0.10075914346133598,0.09620313419704207,0.004556009264293906,0.9407051282051282,0.9407051282051282,0.0,False,False
WBCIC,outcome,1,2,18,0,upda_r1_l20.001_one_se,0.7459278993880946,0.7062001693146371,0.03972773007345742,0.4439102564102564,0.47115384615384615,0.027243589743589758,False,False
WBCIC,outcome,1,2,18,1,upda_r1_l20.001_one_se,0.7065741897594704,0.6776820634397743,0.028892126319696065,0.5942028985507246,0.5611916264090178,-0.03301127214170685,False,False
WBCIC,outcome,1,2,18,2,upda_r1_l20.001_one_se,0.7870669092469431,0.7129038361866863,0.07416307306025682,0.5240384615384616,0.5448717948717949,0.02083333333333337,False,False
WBCIC,outcome,1,2,18,3,upda_r1_l20.001_one_se,0.798103202736067,0.7014234658683862,0.09667973686768083,0.56,0.46,-0.10000000000000003,False,False
WBCIC,outcome,1,2,27,0,upda_r1_l20.001_one_se,0.7306071958189686,0.692142956080001,0.03846423973896762,0.5616883116883117,0.5616883116883117,0.0,False,False
WBCIC,outcome,1,2,27,1,upda_r1_l20.001_one_se,0.7120058121570211,0.6718929157428054,0.04011289641421567,0.577922077922078,0.5827922077922079,0.004870129870129913,False,False
WBCIC,outcome,1,2,27,2,upda_r1_l20.001_one_se,0.7272842262515199,0.6973589641764901,0.029925262075029768,0.5064102564102564,0.4935897435897436,-0.012820512820512775,False,False
WBCIC,outcome,1,2,27,3,upda_r1_l20.001_one_se,0.7610509771411487,0.6965434453046333,0.06450753183651536,0.5128205128205129,0.5288461538461539,0.01602564102564097,False,False
WBCIC,outcome,1,2,36,0,upda_r1_l20.001_one_se,0.03463088133489594,0.05117140806117257,-0.01654052672627663,1.0,1.0,0.0,False,False
WBCIC,outcome,1,2,36,1,upda_r1_l20.001_one_se,0.13904128581090333,0.14465895080717253,-0.0056176649962692005,0.9199999999999999,0.94,0.020000000000000018,False,False
WBCIC,outcome,1,2,36,2,upda_r1_l20.001_one_se,0.48020236991521675,0.5009345827728613,-0.02073221285764454,0.7211538461538461,0.7628205128205128,0.04166666666666663,False,False
WBCIC,outcome,1,2,36,3,upda_r1_l20.001_one_se,0.3477210641762533,0.3587596323497653,-0.011038568173512009,0.8,0.8,0.0,False,False
WBCIC,outcome,1,2,44,0,upda_r1_l20.001_one_se,0.7631809901233992,0.6201069457586739,0.14307404436472537,0.5800000000000001,0.56,-0.020000000000000018,False,False
WBCIC,outcome,1,2,44,1,upda_r1_l20.001_one_se,0.8922894599555299,0.6729994634997625,0.2192899964557674,0.54,0.6200000000000001,0.08000000000000007,False,False
WBCIC,outcome,1,2,44,2,upda_r1_l20.001_one_se,0.7151374409909024,0.6411576404344072,0.07397980055649522,0.6200000000000001,0.6,-0.02000000000000013,False,False
WBCIC,outcome,1,2,44,3,upda_r1_l20.001_one_se,0.8075319523279518,0.669925694839867,0.13760625748808486,0.5800000000000001,0.52,-0.06000000000000005,False,False
WBCIC,outcome,1,2,45,0,upda_r1_l20.001_one_se,0.20773584065901893,0.17877648480245592,0.028959355856563007,0.9259259259259259,0.9259259259259259,0.0,False,False
WBCIC,outcome,1,2,45,1,upda_r1_l20.001_one_se,0.22991387111879238,0.20449247345590724,0.025421397662885148,0.894524959742351,0.9194847020933977,0.0249597423510467,False,False
WBCIC,outcome,1,2,45,2,upda_r1_l20.001_one_se,0.33816066243566323,0.340468014896059,-0.002307352460395762,0.8977455716586151,0.9009661835748792,0.0032206119162641045,False,False
WBCIC,outcome,1,2,45,3,upda_r1_l20.001_one_se,0.2951560333005003,0.2633965176344621,0.031759515666038185,0.8703703703703703,0.8888888888888888,0.01851851851851849,False,False
WBCIC,outcome,2,0,9,0,upda_r1_l20.001_one_se,0.39917675399811015,0.4341645221418063,-0.03498776814369614,0.7868589743589745,0.7884615384615384,0.0016025641025639858,False,False
WBCIC,outcome,2,0,9,1,upda_r1_l20.001_one_se,0.411976771556013,0.45519720657238005,-0.043220435016367076,0.8107890499194848,0.8107890499194848,0.0,False,False
WBCIC,outcome,2,0,9,2,upda_r1_l20.001_one_se,0.8074547575541944,0.7872576137498192,0.020197143804375206,0.5849358974358975,0.5833333333333333,-0.001602564102564208,False,False
WBCIC,outcome,2,0,9,3,upda_r1_l20.001_one_se,0.6653777539153087,0.6457032830477971,0.019674470867511618,0.62,0.62,0.0,False,False
WBCIC,outcome,2,0,22,0,upda_r1_l20.001_one_se,0.6075832608640074,0.6508919334651639,-0.04330867260115656,0.72,0.62,-0.09999999999999998,False,False
WBCIC,outcome,2,0,22,1,upda_r1_l20.001_one_se,0.7380344940495579,0.7056099970054553,0.03242449704410255,0.6191626409017714,0.5064412238325282,-0.11272141706924321,False,False
WBCIC,outcome,2,0,22,2,upda_r1_l20.001_one_se,0.5588511807390549,0.5238267391070424,0.03502444163201257,0.681159420289855,0.6972624798711755,0.016103059581320522,False,False
WBCIC,outcome,2,0,22,3,upda_r1_l20.001_one_se,0.547562818470384,0.5986701647670263,-0.051107346296642264,0.74,0.64,-0.09999999999999998,False,False
WBCIC,outcome,2,0,25,0,upda_r1_l20.001_one_se,0.03226746379383125,0.029726692850037262,0.002540770943793985,1.0,1.0,0.0,False,False
WBCIC,outcome,2,0,25,1,upda_r1_l20.001_one_se,0.0558493939533924,0.048440086486352216,0.007409307467040181,1.0,0.9807692307692308,-0.019230769230769162,False,False
WBCIC,outcome,2,0,25,2,upda_r1_l20.001_one_se,0.11862216023937716,0.10041258466724318,0.018209575572133985,0.9599358974358975,0.9599358974358975,0.0,False,False
WBCIC,outcome,2,0,25,3,upda_r1_l20.001_one_se,0.33905156451514584,0.3556893614629775,-0.016637796947831685,0.858974358974359,0.8814102564102564,0.022435897435897356,False,False
WBCIC,outcome,2,0,26,0,upda_r1_l20.001_one_se,0.28374814393796777,0.2280286698974682,0.05571947404049957,0.842948717948718,0.8990384615384616,0.05608974358974361,False,False
WBCIC,outcome,2,0,26,1,upda_r1_l20.001_one_se,0.22420472697664348,0.14325954211270187,0.08094518486394162,0.9166666666666667,0.9599358974358975,0.043269230769230727,False,False
WBCIC,outcome,2,0,26,2,upda_r1_l20.001_one_se,0.31676549893787564,0.22384633516797017,0.09291916376990547,0.8846153846153846,0.9230769230769231,0.03846153846153855,False,False
WBCIC,outcome,2,0,26,3,upda_r1_l20.001_one_se,0.34009480052875074,0.431533651331137,-0.09143885080238628,0.7951505016722409,0.8436454849498327,0.04849498327759183,False,False
WBCIC,outcome,2,0,29,0,upda_r1_l20.001_one_se,0.9859468496859607,0.794402701536569,0.1915441481493917,0.64,0.54,-0.09999999999999998,False,False
WBCIC,outcome,2,0,29,1,upda_r1_l20.001_one_se,1.0452327363339888,0.7671718122156465,0.2780609241183424,0.487012987012987,0.5487012987012987,0.06168831168831168,False,False
WBCIC,outcome,2,0,29,2,upda_r1_l20.001_one_se,1.0602067581170729,0.745993024946757,0.31421373317031587,0.5324675324675324,0.4935064935064935,-0.03896103896103892,False,False
WBCIC,outcome,2,0,29,3,upda_r1_l20.001_one_se,0.8204141958769884,0.635535065118027,0.18487913075896134,0.6000000000000001,0.5800000000000001,-0.020000000000000018,False,False
WBCIC,outcome,2,0,34,0,upda_r1_l20.001_one_se,0.6253326231862876,0.7346096585696147,-0.10927703538332711,0.6971153846153846,0.391025641025641,-0.30608974358974356,False,False
WBCIC,outcome,2,0,34,1,upda_r1_l20.001_one_se,0.8569353308643008,0.6617263473904289,0.19520898347387194,0.40544871794871795,0.6137820512820513,0.20833333333333337,False,False
WBCIC,outcome,2,0,34,2,upda_r1_l20.001_one_se,1.2489217533026546,0.8270891884853756,0.42183256481727904,0.36,0.3,-0.06,False,False
WBCIC,outcome,2,0,34,3,upda_r1_l20.001_one_se,0.9755147589493592,0.7615566474425164,0.21395811150684285,0.52,0.5,-0.020000000000000018,False,False
WBCIC,outcome,2,0,35,0,upda_r1_l20.001_one_se,0.06165743267718458,0.0571511556190812,0.004506277058103379,0.96,0.96,0.0,False,False
WBCIC,outcome,2,0,35,1,upda_r1_l20.001_one_se,0.017786255573548782,0.014866648027435371,0.002919607546113411,1.0,1.0,0.0,False,False
WBCIC,outcome,2,0,35,2,upda_r1_l20.001_one_se,0.051993195193903496,0.0423858780191976,0.0096073171747059,1.0,1.0,0.0,False,False
WBCIC,outcome,2,0,35,3,upda_r1_l20.001_one_se,0.1927719270674781,0.26715250503615445,-0.07438057796867636,0.9599358974358975,0.9599358974358975,0.0,False,False
WBCIC,outcome,2,0,49,0,upda_r1_l20.001_one_se,0.28707174465161395,0.2720545020319481,0.01501724261966586,0.8557692307692308,0.8814102564102564,0.02564102564102555,False,False
WBCIC,outcome,2,0,49,1,upda_r1_l20.001_one_se,0.30113927221111153,0.3419627130075034,-0.040823440796391885,0.8381410256410255,0.9038461538461539,0.0657051282051283,False,False
WBCIC,outcome,2,0,49,2,upda_r1_l20.001_one_se,0.3741288854835033,0.5612703408483624,-0.18714145536485904,0.858974358974359,0.7483974358974359,-0.11057692307692313,False,False
WBCIC,outcome,2,0,49,3,upda_r1_l20.001_one_se,0.37741585654537513,0.29978991193267907,0.07762594461269606,0.8392857142857143,0.8100649350649352,-0.029220779220779147,False,False
WBCIC,outcome,2,1,9,0,upda_r1_l20.001_one_se,0.41760008040221996,0.4550072687266378,-0.03740718832441786,0.8269230769230769,0.8076923076923077,-0.019230769230769162,False,False
WBCIC,outcome,2,1,9,1,upda_r1_l20.001_one_se,0.4585094915846985,0.47223887525041985,-0.01372938366572135,0.8140096618357487,0.8140096618357487,0.0,False,False
WBCIC,outcome,2,1,9,2,upda_r1_l20.001_one_se,0.8212788173857879,0.8001659847424711,0.02111283264331676,0.5432692307692308,0.5208333333333333,-0.022435897435897578,False,False
WBCIC,outcome,2,1,9,3,upda_r1_l20.001_one_se,0.6100615561354088,0.6042232214356172,0.005838334699791559,0.66,0.64,-0.020000000000000018,False,False
WBCIC,outcome,2,1,22,0,upda_r1_l20.001_one_se,0.5935025787273172,0.6795554070669507,-0.08605282833963357,0.66,0.56,-0.09999999999999998,False,False
WBCIC,outcome,2,1,22,1,upda_r1_l20.001_one_se,0.7007788670969584,0.7255248148142494,-0.024745947717290995,0.6473429951690821,0.5064412238325282,-0.1409017713365539,False,False
WBCIC,outcome,2,1,22,2,upda_r1_l20.001_one_se,0.5771848601177629,0.5918184949341738,-0.01463363481641089,0.7181964573268921,0.6264090177133655,-0.09178743961352653,False,False
WBCIC,outcome,2,1,22,3,upda_r1_l20.001_one_se,0.5375293921040758,0.6491011306285505,-0.11157173852447466,0.7,0.64,-0.05999999999999994,False,False
WBCIC,outcome,2,1,25,0,upda_r1_l20.001_one_se,0.05584246926370638,0.04729521491360999,0.008547254350096394,1.0,1.0,0.0,False,False
WBCIC,outcome,2,1,25,1,upda_r1_l20.001_one_se,0.05895013379420974,0.049719570307944876,0.009230563486264866,1.0,1.0,0.0,False,False
WBCIC,outcome,2,1,25,2,upda_r1_l20.001_one_se,0.10618673454774534,0.07865959480759835,0.02752713974014699,0.9807692307692308,0.9599358974358975,-0.02083333333333337,False,False
WBCIC,outcome,2,1,25,3,upda_r1_l20.001_one_se,0.2842055880960912,0.28413560231858953,6.998577750166879e-05,0.8990384615384616,0.842948717948718,-0.05608974358974361,False,False
WBCIC,outcome,2,1,26,0,upda_r1_l20.001_one_se,0.3348547587883094,0.3821037967962307,-0.047249038007921296,0.8541666666666667,0.8125,-0.04166666666666674,False,False
WBCIC,outcome,2,1,26,1,upda_r1_l20.001_one_se,0.35355927610951116,0.37151502937212255,-0.017955753262611396,0.8846153846153846,0.8461538461538461,-0.038461538461538436,False,False
WBCIC,outcome,2,1,26,2,upda_r1_l20.001_one_se,0.4019419302663721,0.4351908887053345,-0.03324895843896242,0.875,0.7083333333333334,-0.16666666666666663,False,False
WBCIC,outcome,2,1,26,3,upda_r1_l20.001_one_se,0.46988158113867373,0.9066540598649157,-0.4367724787262419,0.7282608695652174,0.6153846153846154,-0.11287625418060199,False,False
WBCIC,outcome,2,1,29,0,upda_r1_l20.001_one_se,0.7924245982304609,0.7118619889152593,0.08056260931520154,0.66,0.5800000000000001,-0.07999999999999996,False,False
WBCIC,outcome,2,1,29,1,upda_r1_l20.001_one_se,0.7842780046728792,0.6965753753586057,0.08770262931427353,0.5308441558441558,0.5892857142857143,0.05844155844155852,False,False
WBCIC,outcome,2,1,29,2,upda_r1_l20.001_one_se,0.8865947131339924,0.6854591274886679,0.20113558564532452,0.577922077922078,0.5616883116883117,-0.016233766233766267,False,False
WBCIC,outcome,2,1,29,3,upda_r1_l20.001_one_se,0.7736370722345781,0.5784748250947547,0.19516224713982344,0.62,0.78,0.16000000000000003,False,False
WBCIC,outcome,2,1,34,0,upda_r1_l20.001_one_se,0.6291769045264818,0.7207789683231935,-0.09160206379671176,0.6266025641025641,0.4118589743589744,-0.2147435897435897,False,False
WBCIC,outcome,2,1,34,1,upda_r1_l20.001_one_se,0.8191889763653788,0.7363430188554357,0.08284595750994306,0.5528846153846154,0.41506410256410253,-0.13782051282051289,False,False
WBCIC,outcome,2,1,34,2,upda_r1_l20.001_one_se,1.107488585834316,0.807362559712181,0.300126026122135,0.4,0.45999999999999996,0.05999999999999994,False,False
WBCIC,outcome,2,1,34,3,upda_r1_l20.001_one_se,0.9698968849923761,0.7832784313118973,0.1866184536804788,0.54,0.46,-0.08000000000000002,False,False
WBCIC,outcome,2,1,35,0,upda_r1_l20.001_one_se,0.06967396996889577,0.06278890051586253,0.0068850694530332435,0.98,0.98,0.0,False,False
WBCIC,outcome,2,1,35,1,upda_r1_l20.001_one_se,0.062496760453113184,0.05937174224122245,0.0031250182118907344,0.9814814814814814,0.9814814814814814,0.0,False,False
WBCIC,outcome,2,1,35,2,upda_r1_l20.001_one_se,0.07702723592066248,0.06498863719334073,0.012038598727321742,1.0,1.0,0.0,False,False
WBCIC,outcome,2,1,35,3,upda_r1_l20.001_one_se,0.16384737803451507,0.19560531438529863,-0.031757936350783555,0.9599358974358975,0.9599358974358975,0.0,False,False
WBCIC,outcome,2,1,49,0,upda_r1_l20.001_one_se,0.36064277350641083,0.21280527391302168,0.14783749959338915,0.8333333333333333,0.8830128205128205,0.049679487179487225,False,False
WBCIC,outcome,2,1,49,1,upda_r1_l20.001_one_se,0.4158860981384003,0.48408617242765606,-0.06820007428925579,0.8766025641025641,0.8269230769230769,-0.049679487179487225,False,False
WBCIC,outcome,2,1,49,2,upda_r1_l20.001_one_se,0.40178644544888753,0.4332493596638993,-0.031462914215011795,0.8958333333333333,0.7115384615384616,-0.1842948717948717,False,False
WBCIC,outcome,2,1,49,3,upda_r1_l20.001_one_se,0.4362097499313176,0.2903097492328182,0.1459000006984994,0.7857142857142857,0.913961038961039,0.12824675324675328,False,False
WBCIC,outcome,2,2,9,0,upda_r1_l20.001_one_se,0.4335292556315884,0.44845787534462067,-0.014928619713032276,0.7868589743589745,0.7291666666666667,-0.05769230769230771,False,False
WBCIC,outcome,2,2,9,1,upda_r1_l20.001_one_se,0.3761937432469225,0.4254801721051264,-0.04928642885820389,0.8107890499194848,0.7673107890499196,-0.04347826086956519,False,False
WBCIC,outcome,2,2,9,2,upda_r1_l20.001_one_se,0.7500397515056199,0.7365186621969202,0.013521089308699663,0.5048076923076923,0.5608974358974359,0.05608974358974361,False,False
WBCIC,outcome,2,2,9,3,upda_r1_l20.001_one_se,0.6388708956580069,0.6265486909609967,0.012322204697010175,0.64,0.64,0.0,False,False
WBCIC,outcome,2,2,22,0,upda_r1_l20.001_one_se,0.6453022866421952,0.6513117031695124,-0.006009416527317124,0.7,0.52,-0.17999999999999994,False,False
WBCIC,outcome,2,2,22,1,upda_r1_l20.001_one_se,0.6160377675636223,0.6945340307665478,-0.07849626320292558,0.644122383252818,0.5064412238325282,-0.1376811594202898,False,False
WBCIC,outcome,2,2,22,2,upda_r1_l20.001_one_se,0.6000989003156691,0.5487498750394344,0.05134902527623475,0.6191626409017714,0.7004830917874396,0.0813204508856682,False,False
WBCIC,outcome,2,2,22,3,upda_r1_l20.001_one_se,0.5430670249817877,0.5977332952431669,-0.05466627026137916,0.8,0.64,-0.16000000000000003,False,False
WBCIC,outcome,2,2,25,0,upda_r1_l20.001_one_se,0.047712859036063746,0.039356016874297295,0.00835684216176645,1.0,1.0,0.0,False,False
WBCIC,outcome,2,2,25,1,upda_r1_l20.001_one_se,0.09518918238569833,0.07989340868314397,0.01529577370255436,0.9599358974358975,0.9807692307692308,0.02083333333333337,False,False
WBCIC,outcome,2,2,25,2,upda_r1_l20.001_one_se,0.10670486555023935,0.0729204204948715,0.033784445055367845,1.0,1.0,0.0,False,False
WBCIC,outcome,2,2,25,3,upda_r1_l20.001_one_se,0.3132867645644404,0.29517868003767905,0.018108084526761326,0.8782051282051282,0.8413461538461539,-0.03685897435897434,False,False
WBCIC,outcome,2,2,26,0,upda_r1_l20.001_one_se,0.34841822622293384,0.27675456778944685,0.07166365843348699,0.844551282051282,0.8782051282051282,0.033653846153846145,False,False
WBCIC,outcome,2,2,26,1,upda_r1_l20.001_one_se,0.3176977190102531,0.24316291140797588,0.07453480760227724,0.8125,0.9166666666666667,0.10416666666666674,False,False
WBCIC,outcome,2,2,26,2,upda_r1_l20.001_one_se,0.4464416224064089,0.39629046733418266,0.05015115507222623,0.7115384615384616,0.8060897435897436,0.09455128205128205,False,False
WBCIC,outcome,2,2,26,3,upda_r1_l20.001_one_se,0.4034985013846324,0.40871559177076716,-0.005217090386134771,0.7683946488294314,0.8336120401337792,0.06521739130434778,False,False
WBCIC,outcome,2,2,29,0,upda_r1_l20.001_one_se,0.8615388865393443,0.7134230786028333,0.14811580793651102,0.64,0.64,0.0,False,False
WBCIC,outcome,2,2,29,1,upda_r1_l20.001_one_se,0.9032241482478134,0.7211920655491015,0.18203208269871185,0.560064935064935,0.6071428571428571,0.04707792207792205,False,False
WBCIC,outcome,2,2,29,2,upda_r1_l20.001_one_se,0.770334467398935,0.6329614075668867,0.13737305983204828,0.6493506493506493,0.7288961038961039,0.07954545454545459,False,False
WBCIC,outcome,2,2,29,3,upda_r1_l20.001_one_se,0.6540258907207395,0.5308375067615845,0.12318838395915499,0.7,0.8,0.10000000000000009,False,False
WBCIC,outcome,2,2,34,0,upda_r1_l20.001_one_se,0.6363201281231098,0.7064485458000344,-0.07012841767692457,0.6458333333333333,0.47756410256410253,-0.16826923076923073,False,False
WBCIC,outcome,2,2,34,1,upda_r1_l20.001_one_se,0.6888218681299351,0.6984150000275757,-0.009593131897640661,0.657051282051282,0.5432692307692308,-0.11378205128205121,False,False
WBCIC,outcome,2,2,34,2,upda_r1_l20.001_one_se,0.8764229699840486,0.7151717417703857,0.1612512282136629,0.62,0.56,-0.05999999999999994,False,False
WBCIC,outcome,2,2,34,3,upda_r1_l20.001_one_se,1.0113601321354277,0.8174983146869246,0.19386181744850317,0.54,0.56,0.020000000000000018,False,False
WBCIC,outcome,2,2,35,0,upda_r1_l20.001_one_se,0.08073950536653862,0.07682213873364091,0.003917366632897712,0.96,0.96,0.0,False,False
WBCIC,outcome,2,2,35,1,upda_r1_l20.001_one_se,0.07966326951897484,0.09189862644517516,-0.012235356926200314,0.9814814814814814,0.962962962962963,-0.01851851851851838,False,False
WBCIC,outcome,2,2,35,2,upda_r1_l20.001_one_se,0.21403343918431514,0.22995270533643436,-0.01591926615211922,0.8766025641025641,0.8766025641025641,0.0,False,False
WBCIC,outcome,2,2,35,3,upda_r1_l20.001_one_se,0.1851354329555031,0.21019330760007673,-0.025057874644573624,0.9599358974358975,0.9599358974358975,0.0,False,False
WBCIC,outcome,2,2,49,0,upda_r1_l20.001_one_se,0.1286597450627245,0.13262132865593573,-0.003961583593211221,0.9391025641025641,0.9615384615384616,0.022435897435897467,False,False
WBCIC,outcome,2,2,49,1,upda_r1_l20.001_one_se,0.23095908414152153,0.38526322541039454,-0.154304141268873,0.9791666666666667,0.7868589743589745,-0.1923076923076923,False,False
WBCIC,outcome,2,2,49,2,upda_r1_l20.001_one_se,0.3570803706508718,0.648902550285748,-0.29182217963487617,0.8814102564102564,0.7467948717948718,-0.13461538461538458,False,False
WBCIC,outcome,2,2,49,3,upda_r1_l20.001_one_se,0.35050094627014317,0.3243111732580689,0.026189773012074258,0.8571428571428572,0.8327922077922079,-0.024350649350649345,False,False
WBCIC,outcome,3,0,6,0,upda_r1_l20.001_one_se,0.07968811211988858,0.1134070854016552,-0.03371897328176662,0.9615384615384616,0.9423076923076923,-0.019230769230769273,False,False
WBCIC,outcome,3,0,6,1,upda_r1_l20.001_one_se,0.08011984050407409,0.07814723551997269,0.0019726049841014004,0.9791666666666667,0.9407051282051282,-0.03846153846153855,False,False
WBCIC,outcome,3,0,6,2,upda_r1_l20.001_one_se,0.26329475301398464,0.30135125827542675,-0.03805650526144211,0.8824476650563606,0.8824476650563606,0.0,False,False
WBCIC,outcome,3,0,6,3,upda_r1_l20.001_one_se,0.09669985538375948,0.10467246071633278,-0.007972605332573296,0.96,0.94,-0.020000000000000018,False,False
WBCIC,outcome,3,0,23,0,upda_r1_l20.001_one_se,0.35413774910685075,0.3385974056794203,0.015540343427430436,0.8541666666666667,0.8541666666666667,0.0,False,False
WBCIC,outcome,3,0,23,1,upda_r1_l20.001_one_se,0.3112140622282281,0.28708418715024875,0.024129875077979368,0.8782051282051282,0.8782051282051282,0.0,False,False
WBCIC,outcome,3,0,23,2,upda_r1_l20.001_one_se,0.22925958115300507,0.22486142247329066,0.004398158679714409,0.8798076923076923,0.8782051282051282,-0.0016025641025640969,False,False
WBCIC,outcome,3,0,23,3,upda_r1_l20.001_one_se,0.160624540605712,0.17366746980919942,-0.01304292920348743,0.9191666666666667,0.9583333333333333,0.03916666666666657,False,False
WBCIC,outcome,3,0,24,0,upda_r1_l20.001_one_se,0.10973839364781987,0.12220255707137909,-0.012464163423559216,0.9615384615384616,0.9615384615384616,0.0,False,False
WBCIC,outcome,3,0,24,1,upda_r1_l20.001_one_se,0.09145583953296187,0.11152056842011886,-0.02006472888715699,0.9318181818181819,0.9318181818181819,0.0,False,False
WBCIC,outcome,3,0,24,2,upda_r1_l20.001_one_se,0.05338698904335998,0.06511392891144421,-0.011726939868084235,0.9782608695652174,0.9782608695652174,0.0,False,False
WBCIC,outcome,3,0,24,3,upda_r1_l20.001_one_se,0.16871221828850577,0.1729925537580529,-0.00428033546954712,0.94,0.94,0.0,False,False
WBCIC,outcome,3,0,30,0,upda_r1_l20.001_one_se,0.19105043985247305,0.12880001601080732,0.062250423841665736,0.921474358974359,0.9599358974358975,0.038461538461538436,False,False
WBCIC,outcome,3,0,30,1,upda_r1_l20.001_one_se,0.15727917719289078,0.08622365754167163,0.07105551965121915,0.9318181818181819,0.9594155844155845,0.02759740259740262,False,False
WBCIC,outcome,3,0,30,2,upda_r1_l20.001_one_se,0.22868691873442779,0.16129478949996442,0.06739212923446336,0.8830128205128205,0.921474358974359,0.03846153846153855,False,False
WBCIC,outcome,3,0,30,3,upda_r1_l20.001_one_se,0.2189929603797424,0.2719232514167668,-0.05293029103702443,0.9198717948717949,0.8974358974358975,-0.022435897435897467,False,False
WBCIC,outcome,3,0,31,0,upda_r1_l20.001_one_se,0.4394920686415306,0.41528147093373957,0.02421059770779105,0.8236714975845411,0.8760064412238325,0.052334943639291476,False,False
WBCIC,outcome,3,0,31,1,upda_r1_l20.001_one_se,0.38997744290244973,0.3264962457412427,0.06348119716120704,0.8200000000000001,0.8400000000000001,0.020000000000000018,False,False
WBCIC,outcome,3,0,31,2,upda_r1_l20.001_one_se,0.49660805736389835,0.4892509087218491,0.007357148642049227,0.797077922077922,0.8068181818181819,0.009740259740259827,False,False
WBCIC,outcome,3,0,31,3,upda_r1_l20.001_one_se,0.7184484757040537,0.7637694729459317,-0.04532099724187799,0.7403846153846154,0.7147435897435898,-0.02564102564102566,False,False
WBCIC,outcome,3,0,38,0,upda_r1_l20.001_one_se,1.2677551248911185,0.7498863832724701,0.5178687416186484,0.4685990338164251,0.47987117552334946,0.011272141706924366,False,False
WBCIC,outcome,3,0,38,1,upda_r1_l20.001_one_se,1.182144430968569,0.7268684075315365,0.45527602343703244,0.46,0.52,0.06,False,False
WBCIC,outcome,3,0,38,2,upda_r1_l20.001_one_se,0.9544513201151255,0.6742811091977837,0.28017021091734173,0.4535256410256411,0.6217948717948718,0.16826923076923073,False,False
WBCIC,outcome,3,0,38,3,upda_r1_l20.001_one_se,0.7979573130336035,0.7351423155105039,0.0628149975230996,0.5993589743589745,0.4407051282051282,-0.15865384615384626,False,False
WBCIC,outcome,3,0,41,0,upda_r1_l20.001_one_se,0.13463353149287463,0.22183245424176012,-0.0871989227488855,0.9583333333333333,0.9423076923076923,-0.01602564102564097,False,False
WBCIC,outcome,3,0,41,1,upda_r1_l20.001_one_se,1.030884475585664,0.8060224603770405,0.2248620152086236,0.5797101449275363,0.5917874396135265,0.01207729468599028,False,False
WBCIC,outcome,3,0,41,2,upda_r1_l20.001_one_se,0.506036819962916,0.40482720264247496,0.10120961732044109,0.7836538461538461,0.782051282051282,-0.0016025641025640969,False,False
WBCIC,outcome,3,0,41,3,upda_r1_l20.001_one_se,0.02701079581160971,0.09299692495514499,-0.06598612914353527,1.0,1.0,0.0,False,False
WBCIC,outcome,3,0,42,0,upda_r1_l20.001_one_se,0.2641135915472642,0.25560925448444843,0.008504337062815781,0.9,0.9,0.0,False,False
WBCIC,outcome,3,0,42,1,upda_r1_l20.001_one_se,0.28252916612577117,0.3101201603260408,-0.027590994200269614,0.9199999999999999,0.9,-0.019999999999999907,False,False
WBCIC,outcome,3,0,42,2,upda_r1_l20.001_one_se,0.5024687413156437,0.5279479256756866,-0.025479184360042928,0.7836538461538461,0.7644230769230769,-0.019230769230769273,False,False
WBCIC,outcome,3,0,42,3,upda_r1_l20.001_one_se,0.41016485376369055,0.3825272257600473,0.027637628003643278,0.7243589743589745,0.7419871794871795,0.017628205128205066,False,False
WBCIC,outcome,3,1,6,0,upda_r1_l20.001_one_se,0.10592394627027966,0.13056059502574563,-0.024636648755465965,0.9615384615384616,0.9423076923076923,-0.019230769230769273,False,False
WBCIC,outcome,3,1,6,1,upda_r1_l20.001_one_se,0.11477492244376336,0.11481299508797478,-3.8072644211420426e-05,0.9391025641025641,0.9407051282051282,0.0016025641025640969,False,False
WBCIC,outcome,3,1,6,2,upda_r1_l20.001_one_se,0.230117835493888,0.2336421336503942,-0.003524298156506206,0.9009661835748792,0.8824476650563606,-0.0185185185185186,False,False
WBCIC,outcome,3,1,6,3,upda_r1_l20.001_one_se,0.10268085901838118,0.10706168152605228,-0.004380822507671092,1.0,0.96,-0.040000000000000036,False,False
WBCIC,outcome,3,1,23,0,upda_r1_l20.001_one_se,0.2895697030823522,0.2830865796618722,0.006483123420480019,0.875,0.875,0.0,False,False
WBCIC,outcome,3,1,23,1,upda_r1_l20.001_one_se,0.26695791515803935,0.2749447536415118,-0.007986838483472425,0.858974358974359,0.8798076923076923,0.02083333333333326,False,False
WBCIC,outcome,3,1,23,2,upda_r1_l20.001_one_se,0.22351490021399192,0.2635262646575913,-0.0400113644435994,0.8990384615384616,0.9166666666666667,0.017628205128205177,False,False
WBCIC,outcome,3,1,23,3,upda_r1_l20.001_one_se,0.2832647930305272,0.3259440515220031,-0.04267925849147591,0.8558333333333333,0.8141666666666667,-0.04166666666666663,False,False
WBCIC,outcome,3,1,24,0,upda_r1_l20.001_one_se,0.15398886237802098,0.18238513035973708,-0.0283962679817161,0.9615384615384616,0.9615384615384616,0.0,False,False
WBCIC,outcome,3,1,24,1,upda_r1_l20.001_one_se,0.15913972086061579,0.19886876237229636,-0.03972904151168058,0.9318181818181819,0.9318181818181819,0.0,False,False
WBCIC,outcome,3,1,24,2,upda_r1_l20.001_one_se,0.19268512514091177,0.20843474171582066,-0.015749616574908892,0.9194847020933977,0.9194847020933977,0.0,False,False
WBCIC,outcome,3,1,24,3,upda_r1_l20.001_one_se,0.22219834434094626,0.23405734911566423,-0.011859004774717963,0.94,0.9,-0.039999999999999925,False,False
WBCIC,outcome,3,1,30,0,upda_r1_l20.001_one_se,0.30463018432835004,0.30589733947182,-0.001267155143469978,0.8044871794871795,0.8814102564102564,0.07692307692307687,False,False
WBCIC,outcome,3,1,30,1,upda_r1_l20.001_one_se,0.180987077249421,0.0703342304122938,0.11065284683712721,0.9772727272727273,0.9772727272727273,0.0,False,False
WBCIC,outcome,3,1,30,2,upda_r1_l20.001_one_se,0.2960180406925634,0.22747663537019544,0.06854140532236794,0.8830128205128205,0.9407051282051282,0.05769230769230771,False,False
WBCIC,outcome,3,1,30,3,upda_r1_l20.001_one_se,0.24290250781204617,0.3133683065314031,-0.0704657987193569,0.8990384615384616,0.8782051282051282,-0.02083333333333337,False,False
WBCIC,outcome,3,1,31,0,upda_r1_l20.001_one_se,0.41653090646466806,0.47016288815170937,-0.05363198168704131,0.8542673107890499,0.789049919484702,-0.0652173913043479,False,False
WBCIC,outcome,3,1,31,1,upda_r1_l20.001_one_se,0.3402090181193035,0.40567846910039873,-0.06546945098109525,0.8200000000000001,0.8200000000000001,0.0,False,False
WBCIC,outcome,3,1,31,2,upda_r1_l20.001_one_se,0.3660822901327172,0.4819333132469432,-0.11585102311422601,0.875,0.7857142857142857,-0.0892857142857143,False,False
WBCIC,outcome,3,1,31,3,upda_r1_l20.001_one_se,0.6244128550708611,0.8139980568153956,-0.18958520174453453,0.6955128205128205,0.6891025641025641,-0.0064102564102563875,False,False
WBCIC,outcome,3,1,38,0,upda_r1_l20.001_one_se,0.9804636117485296,0.6934203950507554,0.2870432166977742,0.4049919484702093,0.607085346215781,0.20209339774557172,False,False
WBCIC,outcome,3,1,38,1,upda_r1_l20.001_one_se,0.9511632095261313,0.6753443637066269,0.27581884581950444,0.48,0.58,0.09999999999999998,False,False
WBCIC,outcome,3,1,38,2,upda_r1_l20.001_one_se,1.187787338409818,0.7349629813292822,0.4528243570805359,0.40705128205128205,0.5336538461538461,0.1266025641025641,False,False
WBCIC,outcome,3,1,38,3,upda_r1_l20.001_one_se,1.2526364884107328,0.7168200083275122,0.5358164800832206,0.4375,0.5224358974358975,0.08493589743589747,False,False
WBCIC,outcome,3,1,41,0,upda_r1_l20.001_one_se,0.16454488024482902,0.301405140488124,-0.13686026024329498,0.9407051282051282,0.9038461538461539,-0.03685897435897434,False,False
WBCIC,outcome,3,1,41,1,upda_r1_l20.001_one_se,0.6909005454558149,0.6178006079150693,0.07309993754074562,0.6320450885668277,0.6006441223832528,-0.03140096618357491,False,False
WBCIC,outcome,3,1,41,2,upda_r1_l20.001_one_se,0.442476870309793,0.4829176587476447,-0.040440788437851705,0.8028846153846154,0.7532051282051282,-0.049679487179487225,False,False
WBCIC,outcome,3,1,41,3,upda_r1_l20.001_one_se,0.062202275455192683,0.22948010081585055,-0.16727782536065786,0.9814814814814814,0.9814814814814814,0.0,False,False
WBCIC,outcome,3,1,42,0,upda_r1_l20.001_one_se,0.3055595291634223,0.3102059309213703,-0.004646401757947949,0.86,0.9199999999999999,0.05999999999999994,False,False
WBCIC,outcome,3,1,42,1,upda_r1_l20.001_one_se,0.37573487825982527,0.386642159414146,-0.010907281154320714,0.78,0.8,0.020000000000000018,False,False
WBCIC,outcome,3,1,42,2,upda_r1_l20.001_one_se,0.5251005112333641,0.5325488218784062,-0.007448310645042144,0.719551282051282,0.7227564102564102,0.0032051282051281937,False,False
WBCIC,outcome,3,1,42,3,upda_r1_l20.001_one_se,0.35989787183325495,0.3538521676669508,0.006045704166304122,0.8253205128205128,0.8253205128205128,0.0,False,False
WBCIC,outcome,3,2,6,0,upda_r1_l20.001_one_se,0.09167470603988559,0.11363996290461462,-0.021965256864729027,0.9423076923076923,0.9423076923076923,0.0,False,False
WBCIC,outcome,3,2,6,1,upda_r1_l20.001_one_se,0.11200961808534117,0.1095327992924113,0.0024768187929298663,0.9391025641025641,0.9198717948717949,-0.019230769230769162,False,False
WBCIC,outcome,3,2,6,2,upda_r1_l20.001_one_se,0.24823715532654322,0.2950256775194645,-0.04678852219292129,0.8671497584541064,0.8486312399355878,-0.0185185185185186,False,False
WBCIC,outcome,3,2,6,3,upda_r1_l20.001_one_se,0.11818187350488793,0.1254369614468115,-0.00725508794192356,0.94,0.94,0.0,False,False
WBCIC,outcome,3,2,23,0,upda_r1_l20.001_one_se,0.3286907101423284,0.3295404427821447,-0.000849732639816303,0.8557692307692308,0.8365384615384616,-0.019230769230769273,False,False
WBCIC,outcome,3,2,23,1,upda_r1_l20.001_one_se,0.3861129093733834,0.3844687522466729,0.0016441571267105104,0.8605769230769231,0.8413461538461539,-0.019230769230769273,False,False
WBCIC,outcome,3,2,23,2,upda_r1_l20.001_one_se,0.3221981106472727,0.31324023993616207,0.00895787071111065,0.8221153846153846,0.8397435897435898,0.017628205128205177,False,False
WBCIC,outcome,3,2,23,3,upda_r1_l20.001_one_se,0.2682215016598672,0.2890977358271058,-0.020876234167238605,0.8175,0.8958333333333333,0.07833333333333325,False,False
WBCIC,outcome,3,2,24,0,upda_r1_l20.001_one_se,0.04994360603647758,0.07201042899107697,-0.022066822954599392,0.9807692307692308,0.9807692307692308,0.0,False,False
WBCIC,outcome,3,2,24,1,upda_r1_l20.001_one_se,0.15585234445792506,0.190162582685748,-0.03431023822782295,0.913961038961039,0.8912337662337663,-0.022727272727272707,False,False
WBCIC,outcome,3,2,24,2,upda_r1_l20.001_one_se,0.12464771964745665,0.13743138602346072,-0.012783666376004074,0.9597423510466989,0.9380032206119162,-0.021739130434782705,False,False
WBCIC,outcome,3,2,24,3,upda_r1_l20.001_one_se,0.14760996047775152,0.1508021223143155,-0.0031921618365639837,0.96,0.98,0.020000000000000018,False,False
WBCIC,outcome,3,2,30,0,upda_r1_l20.001_one_se,0.18476786118252136,0.20614689196885924,-0.021379030786337877,0.9391025641025641,0.9375,-0.0016025641025640969,False,False
WBCIC,outcome,3,2,30,1,upda_r1_l20.001_one_se,0.12934294209972907,0.06219866347178862,0.06714427862794045,0.9772727272727273,0.9772727272727273,0.0,False,False
WBCIC,outcome,3,2,30,2,upda_r1_l20.001_one_se,0.13819802228526518,0.049317847026730206,0.08888017525853498,0.9807692307692308,1.0,0.019230769230769162,False,False
WBCIC,outcome,3,2,30,3,upda_r1_l20.001_one_se,0.20428262654453533,0.2315576578557619,-0.027275031311226577,0.9006410256410255,0.9182692307692308,0.017628205128205288,False,False
WBCIC,outcome,3,2,31,0,upda_r1_l20.001_one_se,0.41034019864264265,0.36867936761498005,0.041660831027662604,0.7898550724637681,0.8421900161030595,0.052334943639291476,False,False
WBCIC,outcome,3,2,31,1,upda_r1_l20.001_one_se,0.40595810394603526,0.3802115202455454,0.025746583700489878,0.8200000000000001,0.78,-0.040000000000000036,False,False
WBCIC,outcome,3,2,31,2,upda_r1_l20.001_one_se,0.3906011925176049,0.3483233431410571,0.04227784937654777,0.823051948051948,0.8149350649350648,-0.008116883116883189,False,False
WBCIC,outcome,3,2,31,3,upda_r1_l20.001_one_se,0.5881604583729345,0.6234441683113602,-0.03528370993842567,0.7435897435897436,0.6939102564102564,-0.049679487179487225,False,False
WBCIC,outcome,3,2,38,0,upda_r1_l20.001_one_se,0.9929964867494913,0.7589337476479199,0.23406273910157138,0.4170692431561997,0.533816425120773,0.11674718196457329,False,False
WBCIC,outcome,3,2,38,1,upda_r1_l20.001_one_se,0.8082034615715166,0.7966494192998524,0.011554042271664122,0.48000000000000004,0.5,0.019999999999999962,False,False
WBCIC,outcome,3,2,38,2,upda_r1_l20.001_one_se,0.7397752086624301,0.8079687488723991,-0.06819354020996904,0.5032051282051282,0.5016025641025641,-0.0016025641025640969,False,False
WBCIC,outcome,3,2,38,3,upda_r1_l20.001_one_se,0.8903053204925853,0.7228973250255477,0.16740799546703755,0.421474358974359,0.5641025641025641,0.14262820512820512,False,False
WBCIC,outcome,3,2,41,0,upda_r1_l20.001_one_se,0.21156262013826638,0.26322899337552463,-0.051666373237258256,0.8397435897435898,0.9038461538461539,0.0641025641025641,False,False
WBCIC,outcome,3,2,41,1,upda_r1_l20.001_one_se,0.9529648662161128,0.770564655504416,0.18240021071169676,0.5853462157809983,0.5475040257648953,-0.037842190016103006,False,False
WBCIC,outcome,3,2,41,2,upda_r1_l20.001_one_se,0.5064330441610001,0.4770349421861996,0.029398101974800528,0.7596153846153846,0.7115384615384616,-0.04807692307692302,False,False
WBCIC,outcome,3,2,41,3,upda_r1_l20.001_one_se,0.03879607726636154,0.16727837674989932,-0.1284822994835378,0.9814814814814814,0.962962962962963,-0.01851851851851838,False,False
WBCIC,outcome,3,2,42,0,upda_r1_l20.001_one_se,0.3052483475069216,0.3152275550476024,-0.009979207540680823,0.86,0.8200000000000001,-0.039999999999999925,False,False
WBCIC,outcome,3,2,42,1,upda_r1_l20.001_one_se,0.2691581965402574,0.3176884280373396,-0.04853023149708219,0.94,0.88,-0.05999999999999994,False,False
WBCIC,outcome,3,2,42,2,upda_r1_l20.001_one_se,0.4550380276425857,0.46947406965102007,-0.014436042008434347,0.7403846153846154,0.703525641025641,-0.03685897435897445,False,False
WBCIC,outcome,3,2,42,3,upda_r1_l20.001_one_se,0.2502027222888875,0.25656163653348196,-0.006358914244594449,0.8621794871794872,0.9006410256410255,0.038461538461538325,False,False
WBCIC,outcome,4,0,7,0,upda_r1_l20.001_one_se,0.2283928601416002,0.23678357864992713,-0.008390718508326928,0.88,0.9,0.020000000000000018,False,False
WBCIC,outcome,4,0,7,1,upda_r1_l20.001_one_se,0.4465351204405751,0.4822401257879285,-0.035705005347353436,0.8173076923076923,0.7628205128205128,-0.054487179487179516,False,False
WBCIC,outcome,4,0,7,2,upda_r1_l20.001_one_se,0.3302489865266477,0.3406873006742631,-0.010438314147615424,0.8376623376623377,0.8506493506493507,0.012987012987012991,False,False
WBCIC,outcome,4,0,7,3,upda_r1_l20.001_one_se,0.37204756059316213,0.3639231089276219,0.008124451665540211,0.7922705314009661,0.7922705314009661,0.0,False,False
WBCIC,outcome,4,0,12,0,upda_r1_l20.001_one_se,0.7346936567026384,0.7439771961924196,-0.009283539489781223,0.5942028985507246,0.4685990338164251,-0.12560386473429952,False,False
WBCIC,outcome,4,0,12,1,upda_r1_l20.001_one_se,0.8041077157027755,0.7162321943219279,0.08787552138084764,0.625,0.4707792207792208,-0.1542207792207792,False,False
WBCIC,outcome,4,0,12,2,upda_r1_l20.001_one_se,1.0099048761179679,0.7230576675754631,0.2868472085425048,0.47101449275362317,0.5394524959742351,0.06843800322061189,False,False
WBCIC,outcome,4,0,12,3,upda_r1_l20.001_one_se,0.780169213872298,0.6664582788409651,0.1137109350313329,0.5224358974358975,0.4919871794871795,-0.03044871794871795,False,False
WBCIC,outcome,4,0,14,0,upda_r1_l20.001_one_se,0.6360058940102643,0.5643347266897688,0.0716711673204955,0.6038647342995169,0.6819645732689211,0.0780998389694042,False,False
WBCIC,outcome,4,0,14,1,upda_r1_l20.001_one_se,0.6304153184243543,0.6763776269640387,-0.045962308539684416,0.6931818181818181,0.577922077922078,-0.11525974025974017,False,False
WBCIC,outcome,4,0,14,2,upda_r1_l20.001_one_se,0.7402777217764794,0.6705917077915772,0.06968601398490226,0.5048309178743962,0.5305958132045088,0.025764895330112614,False,False
WBCIC,outcome,4,0,14,3,upda_r1_l20.001_one_se,0.7187138878344389,0.6771445535571645,0.04156933427727438,0.578525641025641,0.5464743589743589,-0.03205128205128205,False,False
WBCIC,outcome,4,0,17,0,upda_r1_l20.001_one_se,0.36979115397952034,0.4067350494886767,-0.03694389550915639,0.8381410256410255,0.8381410256410255,0.0,False,False
WBCIC,outcome,4,0,17,1,upda_r1_l20.001_one_se,0.5192699880884963,0.5142690773480518,0.0050009107404445086,0.6159420289855072,0.6344605475040257,0.01851851851851849,False,False
WBCIC,outcome,4,0,17,2,upda_r1_l20.001_one_se,0.5441807485449638,0.5476610980847255,-0.003480349539761729,0.6799999999999999,0.66,-0.019999999999999907,False,False
WBCIC,outcome,4,0,17,3,upda_r1_l20.001_one_se,0.5819027055389295,0.5745130054261223,0.007389700112807263,0.6794871794871795,0.6618589743589745,-0.017628205128205066,False,False
WBCIC,outcome,4,0,32,0,upda_r1_l20.001_one_se,0.5570699086742671,0.5455341142962024,0.011535794378064734,0.6799999999999999,0.68,1.1102230246251565e-16,False,False
WBCIC,outcome,4,0,32,1,upda_r1_l20.001_one_se,0.5906743692338653,0.5540444370710905,0.03662993216277477,0.625,0.6688311688311689,0.04383116883116889,False,False
WBCIC,outcome,4,0,32,2,upda_r1_l20.001_one_se,0.6512177649915755,0.5917769943964325,0.05944077059514297,0.6609195402298851,0.6461412151067324,-0.014778325123152691,False,False
WBCIC,outcome,4,0,32,3,upda_r1_l20.001_one_se,0.6280680474584792,0.6018125769236258,0.026255470534853442,0.6842948717948718,0.6121794871794872,-0.07211538461538458,False,False
WBCIC,outcome,4,0,47,0,upda_r1_l20.001_one_se,0.29641067364625,0.3264231746777231,-0.03001250103147307,0.8012820512820513,0.8221153846153846,0.02083333333333326,False,False
WBCIC,outcome,4,0,47,1,upda_r1_l20.001_one_se,0.27561826983155746,0.2757997553869717,-0.00018148555541425138,0.9198717948717949,0.8782051282051282,-0.04166666666666674,False,False
WBCIC,outcome,4,0,47,2,upda_r1_l20.001_one_se,0.21540350578884215,0.23176972767698498,-0.016366221888142823,0.94,0.9199999999999999,-0.020000000000000018,False,False
WBCIC,outcome,4,0,47,3,upda_r1_l20.001_one_se,0.36551013332719945,0.36379377455919676,0.0017163587680026904,0.8400000000000001,0.8400000000000001,0.0,False,False
WBCIC,outcome,4,0,48,0,upda_r1_l20.001_one_se,0.26101236259488814,0.26542560445734376,-0.004413241862455619,0.8856682769726247,0.8856682769726247,0.0,False,False
WBCIC,outcome,4,0,48,1,upda_r1_l20.001_one_se,0.24703924024258972,0.26209259264402796,-0.015053352401438236,0.900974025974026,0.8701298701298701,-0.030844155844155896,False,False
WBCIC,outcome,4,0,48,2,upda_r1_l20.001_one_se,0.2536941717772413,0.25327029773608145,0.00042387404115984406,0.9038461538461539,0.9038461538461539,0.0,False,False
WBCIC,outcome,4,0,48,3,upda_r1_l20.001_one_se,0.2534676967737963,0.26232115140901,-0.008853454635213698,0.9,0.9,0.0,False,False
WBCIC,outcome,4,0,50,0,upda_r1_l20.001_one_se,0.10474737777064873,0.1197123375854479,-0.014964959814799172,0.94,0.94,0.0,False,False
WBCIC,outcome,4,0,50,1,upda_r1_l20.001_one_se,0.11255657491729668,0.07297969874824467,0.039576876169052005,0.9597423510466989,0.9597423510466989,0.0,False,False
WBCIC,outcome,4,0,50,2,upda_r1_l20.001_one_se,0.29952906333054075,0.3827417261643727,-0.08321266283383194,0.820450885668277,0.857487922705314,0.03703703703703709,False,False
WBCIC,outcome,4,0,50,3,upda_r1_l20.001_one_se,0.12196009938641311,0.09546442628222276,0.026495673104190348,0.96,0.96,0.0,False,False
WBCIC,outcome,4,1,7,0,upda_r1_l20.001_one_se,0.20170934134275892,0.21698938818802863,-0.015280046845269707,0.9,0.9,0.0,False,False
WBCIC,outcome,4,1,7,1,upda_r1_l20.001_one_se,0.37973061816561887,0.41154435552234836,-0.03181373735672949,0.7596153846153846,0.8028846153846154,0.04326923076923084,False,False
WBCIC,outcome,4,1,7,2,upda_r1_l20.001_one_se,0.31774078755319857,0.3328061937825156,-0.015065406229317013,0.8782467532467533,0.8912337662337663,0.012987012987012991,False,False
WBCIC,outcome,4,1,7,3,upda_r1_l20.001_one_se,0.3467061527336232,0.3352036951330387,0.011502457600584493,0.7705314009661836,0.7922705314009661,0.021739130434782594,False,False
WBCIC,outcome,4,1,12,0,upda_r1_l20.001_one_se,0.787854292990877,0.6652940381359674,0.12256025485490951,0.5169082125603865,0.6167471819645732,0.09983896940418668,False,False
WBCIC,outcome,4,1,12,1,upda_r1_l20.001_one_se,0.8431112512668174,0.683510018992923,0.15960123227389444,0.4951298701298701,0.5227272727272727,0.02759740259740262,False,False
WBCIC,outcome,4,1,12,2,upda_r1_l20.001_one_se,1.0359849645840726,0.7288989218489001,0.3070860427351725,0.4830917874396135,0.4492753623188406,-0.03381642512077293,False,False
WBCIC,outcome,4,1,12,3,upda_r1_l20.001_one_se,0.6146277692064072,0.6754348914022907,-0.06080712219588358,0.5993589743589745,0.594551282051282,-0.004807692307692402,False,False
WBCIC,outcome,4,1,14,0,upda_r1_l20.001_one_se,0.5490996925148448,0.5571401335364567,-0.008040441021611944,0.711755233494364,0.6843800322061191,-0.027375201288244888,False,False
WBCIC,outcome,4,1,14,1,upda_r1_l20.001_one_se,0.6667533076877358,0.6650094047927737,0.0017439028949620683,0.6201298701298701,0.5974025974025974,-0.022727272727272707,False,False
WBCIC,outcome,4,1,14,2,upda_r1_l20.001_one_se,0.744984578248784,0.6924847219811704,0.052499856267613554,0.5483091787439613,0.499194847020934,-0.04911433172302737,False,False
WBCIC,outcome,4,1,14,3,upda_r1_l20.001_one_se,0.6382479401826725,0.6584742465445317,-0.02022630636185918,0.5801282051282051,0.6698717948717949,0.08974358974358987,False,False
WBCIC,outcome,4,1,17,0,upda_r1_l20.001_one_se,0.3252169019116694,0.3778585292290601,-0.05264162731739069,0.8461538461538461,0.8653846153846154,0.019230769230769273,False,False
WBCIC,outcome,4,1,17,1,upda_r1_l20.001_one_se,0.6153414336125779,0.5781022507097358,0.037239182902842116,0.643317230273752,0.6650563607085347,0.021739130434782705,False,False
WBCIC,outcome,4,1,17,2,upda_r1_l20.001_one_se,0.601898747605547,0.5926313331820143,0.009267414423532627,0.72,0.68,-0.039999999999999925,False,False
WBCIC,outcome,4,1,17,3,upda_r1_l20.001_one_se,0.5676815527649639,0.5600062745743777,0.007675278190586221,0.7419871794871795,0.703525641025641,-0.03846153846153855,False,False
WBCIC,outcome,4,1,32,0,upda_r1_l20.001_one_se,0.7244272407349988,0.6227290110846346,0.10169822965036412,0.5800000000000001,0.6799999999999999,0.09999999999999987,False,False
WBCIC,outcome,4,1,32,1,upda_r1_l20.001_one_se,0.49025286746623303,0.5268660686616905,-0.03661320119545747,0.7337662337662337,0.6331168831168831,-0.10064935064935066,False,False
WBCIC,outcome,4,1,32,2,upda_r1_l20.001_one_se,0.638120808824433,0.5915483094884856,0.046572499335947426,0.6412151067323482,0.5640394088669951,-0.07717569786535305,False,False
WBCIC,outcome,4,1,32,3,upda_r1_l20.001_one_se,0.5583167585951396,0.5878743947356869,-0.029557636140547294,0.7435897435897436,0.7516025641025641,0.008012820512820484,False,False
WBCIC,outcome,4,1,47,0,upda_r1_l20.001_one_se,0.2862643463909095,0.3081804560165376,-0.021916109625628122,0.9022435897435898,0.9022435897435898,0.0,False,False
WBCIC,outcome,4,1,47,1,upda_r1_l20.001_one_se,0.40169678876982273,0.3826439158306764,0.019052872939146315,0.8253205128205128,0.8253205128205128,0.0,False,False
WBCIC,outcome,4,1,47,2,upda_r1_l20.001_one_se,0.2993946929590938,0.2938934533665904,0.005501239592503426,0.88,0.88,0.0,False,False
WBCIC,outcome,4,1,47,3,upda_r1_l20.001_one_se,0.4520534633066895,0.4626554116899008,-0.010601948383211324,0.8,0.78,-0.020000000000000018,False,False
WBCIC,outcome,4,1,48,0,upda_r1_l20.001_one_se,0.18797384389015503,0.1904924796464785,-0.0025186357563234674,0.9259259259259259,0.9259259259259259,0.0,False,False
WBCIC,outcome,4,1,48,1,upda_r1_l20.001_one_se,0.25083716159722963,0.2872766131314476,-0.03643945153421796,0.8701298701298701,0.8522727272727273,-0.017857142857142794,False,False
WBCIC,outcome,4,1,48,2,upda_r1_l20.001_one_se,0.2813301095412724,0.28194838846919595,-0.0006182789279235434,0.8637820512820513,0.8637820512820513,0.0,False,False
WBCIC,outcome,4,1,48,3,upda_r1_l20.001_one_se,0.2505936517479399,0.260857813052327,-0.01026416130438712,0.88,0.8600000000000001,-0.019999999999999907,False,False
WBCIC,outcome,4,1,50,0,upda_r1_l20.001_one_se,0.0853838680224941,0.05595248567613873,0.029431382346355374,0.98,1.0,0.020000000000000018,False,False
WBCIC,outcome,4,1,50,1,upda_r1_l20.001_one_se,0.14111310817073477,0.10490609153885165,0.036207016631883124,0.962962962962963,0.962962962962963,0.0,False,False
WBCIC,outcome,4,1,50,2,upda_r1_l20.001_one_se,0.26198499579432133,0.3679758903562905,-0.1059908945619692,0.8727858293075684,0.8727858293075684,0.0,False,False
WBCIC,outcome,4,1,50,3,upda_r1_l20.001_one_se,0.160259831751444,0.14000362589229542,0.020256205859148585,0.94,0.9199999999999999,-0.020000000000000018,False,False
WBCIC,outcome,4,2,7,0,upda_r1_l20.001_one_se,0.2220562999037302,0.23186578376564035,-0.009809483861910162,0.92,0.9,-0.020000000000000018,False,False
WBCIC,outcome,4,2,7,1,upda_r1_l20.001_one_se,0.4227194234799744,0.4651015227960878,-0.04238209931611342,0.796474358974359,0.7435897435897436,-0.05288461538461542,False,False
WBCIC,outcome,4,2,7,2,upda_r1_l20.001_one_se,0.29543961455350454,0.3000065972733762,-0.0045669827198716595,0.8246753246753247,0.8327922077922079,0.008116883116883189,False,False
WBCIC,outcome,4,2,7,3,upda_r1_l20.001_one_se,0.3513717447542208,0.3307345812163011,0.020637163537919667,0.8140096618357487,0.857487922705314,0.0434782608695653,False,False
WBCIC,outcome,4,2,12,0,upda_r1_l20.001_one_se,0.8515191730086481,0.6740659686052629,0.1774532044033852,0.5571658615136876,0.49275362318840576,-0.06441223832528187,False,False
WBCIC,outcome,4,2,12,1,upda_r1_l20.001_one_se,0.7960875114090317,0.6973957533330012,0.09869175807603048,0.5097402597402597,0.538961038961039,0.02922077922077926,False,False
WBCIC,outcome,4,2,12,2,upda_r1_l20.001_one_se,1.1487079124054804,0.7711657957761654,0.377542116629315,0.4210950080515298,0.43719806763285024,0.016103059581320467,False,False
WBCIC,outcome,4,2,12,3,upda_r1_l20.001_one_se,0.6827953650193028,0.6531157246634605,0.029679640355842363,0.6025641025641025,0.5272435897435898,-0.07532051282051277,False,False
WBCIC,outcome,4,2,14,0,upda_r1_l20.001_one_se,0.6356431242915657,0.5553294387644556,0.08031368552711005,0.5756843800322061,0.7093397745571659,0.13365539452495978,False,False
WBCIC,outcome,4,2,14,1,upda_r1_l20.001_one_se,0.811358759963085,0.7150727913213786,0.09628596864170647,0.5178571428571428,0.47564935064935066,-0.04220779220779214,False,False
WBCIC,outcome,4,2,14,2,upda_r1_l20.001_one_se,0.748676029146184,0.6982011873082767,0.05047484183790729,0.5539452495974235,0.5265700483091788,-0.027375201288244777,False,False
WBCIC,outcome,4,2,14,3,upda_r1_l20.001_one_se,0.7491995167106751,0.6838326130464912,0.06536690366418385,0.625,0.6362179487179487,0.011217948717948678,False,False
WBCIC,outcome,4,2,17,0,upda_r1_l20.001_one_se,0.24900858944544946,0.26644468889856265,-0.017436099453113196,0.8798076923076923,0.8798076923076923,0.0,False,False
WBCIC,outcome,4,2,17,1,upda_r1_l20.001_one_se,0.5323030355734635,0.5198725914101744,0.01243044416328909,0.7181964573268921,0.7367149758454106,0.01851851851851849,False,False
WBCIC,outcome,4,2,17,2,upda_r1_l20.001_one_se,0.506143753862123,0.5036435560749564,0.0025001977871665915,0.74,0.74,0.0,False,False
WBCIC,outcome,4,2,17,3,upda_r1_l20.001_one_se,0.4681371299323613,0.4652903008698195,0.0028468290625418002,0.7403846153846154,0.7612179487179487,0.02083333333333326,False,False
WBCIC,outcome,4,2,32,0,upda_r1_l20.001_one_se,0.5825336904444771,0.5356403581720307,0.04689333227244641,0.72,0.74,0.020000000000000018,False,False
WBCIC,outcome,4,2,32,1,upda_r1_l20.001_one_se,0.4596988458443172,0.5229142393415449,-0.06321539349722771,0.7792207792207793,0.6461038961038961,-0.1331168831168832,False,False
WBCIC,outcome,4,2,32,2,upda_r1_l20.001_one_se,0.581051020556128,0.5496475574520197,0.03140346310410835,0.6781609195402298,0.6568144499178982,-0.021346469622331665,False,False
WBCIC,outcome,4,2,32,3,upda_r1_l20.001_one_se,0.5836538562188511,0.6163076555231001,-0.03265379930424894,0.7019230769230769,0.6538461538461539,-0.04807692307692302,False,False
WBCIC,outcome,4,2,47,0,upda_r1_l20.001_one_se,0.2328305655135329,0.2475541023906658,-0.014723536877132903,0.8621794871794872,0.8637820512820513,0.0016025641025640969,False,False
WBCIC,outcome,4,2,47,1,upda_r1_l20.001_one_se,0.2872248075108359,0.2943628657042121,-0.007138058193376207,0.9006410256410255,0.8798076923076923,-0.02083333333333326,False,False
WBCIC,outcome,4,2,47,2,upda_r1_l20.001_one_se,0.20924338751948732,0.23085075094612367,-0.021607363426636356,0.9199999999999999,0.9199999999999999,0.0,False,False
WBCIC,outcome,4,2,47,3,upda_r1_l20.001_one_se,0.3567295299268466,0.36363550412732665,-0.006905974200480058,0.84,0.8400000000000001,1.1102230246251565e-16,False,False
WBCIC,outcome,4,2,48,0,upda_r1_l20.001_one_se,0.21081005894690943,0.21054732871615603,0.0002627302307534052,0.9194847020933977,0.9194847020933977,0.0,False,False
WBCIC,outcome,4,2,48,1,upda_r1_l20.001_one_se,0.2738970055871863,0.31707677821458874,-0.04317977262740241,0.887987012987013,0.8701298701298701,-0.017857142857142905,False,False
WBCIC,outcome,4,2,48,2,upda_r1_l20.001_one_se,0.24661108768161305,0.24942395272529297,-0.0028128650436799185,0.842948717948718,0.842948717948718,0.0,False,False
WBCIC,outcome,4,2,48,3,upda_r1_l20.001_one_se,0.29645161689114796,0.33033071453702795,-0.033879097645879985,0.8999999999999999,0.88,-0.019999999999999907,False,False
WBCIC,outcome,4,2,50,0,upda_r1_l20.001_one_se,0.08697771757044345,0.08576897483821058,0.0012087427322328703,0.96,0.96,0.0,False,False
WBCIC,outcome,4,2,50,1,upda_r1_l20.001_one_se,0.16972334411655915,0.1843690971285687,-0.014645753012009544,0.9565217391304348,0.9565217391304348,0.0,False,False
WBCIC,outcome,4,2,50,2,upda_r1_l20.001_one_se,0.2326564397169254,0.24496194463546622,-0.012305504918540822,0.857487922705314,0.8760064412238325,0.01851851851851849,False,False
WBCIC,outcome,4,2,50,3,upda_r1_l20.001_one_se,0.10633132103717174,0.08239132815383127,0.023939992883340477,0.96,0.96,0.0,False,False
