subject,y,base_score,protected_score,fused_score
14,0,0.16167940899584576,0.719374834073582,0.16167940899584576
14,1,0.4445812955243131,0.7144347783806319,0.4445812955243131
14,0,-0.2835487688144355,-0.03162419982032531,-0.2835487688144355
14,0,0.04085975876594599,0.45460762237109537,0.04085975876594599
14,1,-0.18605698841002322,0.4568469993021196,-0.18605698841002322
14,1,-0.24186438490131476,-0.5239871688481785,-0.24186438490131476
14,0,-0.48775157961524684,-0.6770995655285208,-0.48775157961524684
14,1,0.6410690488605247,0.294260340980582,0.6410690488605247
14,0,-0.36785150143453355,0.6632376607350128,-0.36785150143453355
14,1,0.5293912216846617,0.5606396213534093,0.5293912216846617
14,1,0.15796666486977837,0.17622196502468118,0.15796666486977837
14,0,0.2672536197886933,0.16097818899474642,0.2672536197886933
14,0,-0.27229068481111446,-0.2867050075493055,-0.27229068481111446
14,1,0.5371903938154284,0.8755442008628762,0.5371903938154284
14,0,-0.24457071070472852,0.07420288341503942,-0.24457071070472852
14,0,-0.26226525273089524,-0.3778239657992009,-0.26226525273089524
14,0,-0.2745564871310673,0.7527486955371536,-0.2745564871310673
14,0,-0.7779985321092044,-1.1076314372101024,-0.7779985321092044
14,0,-0.4546072739259922,-0.08534840012851118,-0.4546072739259922
14,1,0.1951376422992123,-0.3030540385588574,0.1951376422992123
14,1,-0.8109679395765786,-1.3078522058345659,-0.8109679395765786
14,1,0.38638973334296156,0.6083036125220882,0.38638973334296156
14,0,1.035812979260259,0.9169194664399782,1.035812979260259
14,0,-0.05915201414668199,0.30267959153201485,-0.05915201414668199
14,1,-0.26539315031470967,-1.1477651868118661,-0.26539315031470967
14,0,-0.2661103950369902,-0.3959467582421965,-0.2661103950369902
14,0,0.022700033435934745,-0.04862106906949218,0.022700033435934745
14,1,0.30825238910819974,0.9195375589113661,0.30825238910819974
14,0,0.3097648894895129,0.04793809364717572,0.3097648894895129
14,1,-0.08440327460740694,0.29069001518573284,-0.08440327460740694
14,1,-0.16093081672496456,-0.13802128125759344,-0.16093081672496456
14,1,-0.03943734490951782,-0.10785300588322391,-0.03943734490951782
14,0,-0.520469980629763,-0.27040593643702165,-0.520469980629763
14,0,-0.7691484258761304,-0.8916267792478998,-0.7691484258761304
14,1,0.2085208414272037,-0.15061820009558471,0.2085208414272037
14,1,0.3065973741805138,0.4189548594321386,0.3065973741805138
14,0,-0.37634374827264416,-0.8287452092672891,-0.37634374827264416
14,0,-0.16337336345655917,-0.1158475400011168,-0.16337336345655917
14,0,-0.1976193357892157,0.06773837785072087,-0.1976193357892157
14,0,-0.44734609656261665,-0.032518795315361226,-0.44734609656261665
14,1,0.5944207316459371,0.12683330764610445,0.5944207316459371
14,1,0.4896735008341436,0.35601791919020687,0.4896735008341436
14,0,0.4204930780972191,-0.15641392697276021,0.4204930780972191
14,1,0.06323551273803561,0.01469222003385287,0.06323551273803561
14,0,-0.29835121690212135,-0.43579163299974977,-0.29835121690212135
14,0,0.27263125030606855,-0.1948508028084813,0.27263125030606855
14,0,0.5525500521149603,0.7097590198921195,0.5525500521149603
14,1,0.15193400434121268,-0.037883707883067795,0.15193400434121268
14,0,-0.39140549182844314,0.27820430656886647,-0.39140549182844314
14,0,-0.11733387441245095,0.4122787814599818,-0.11733387441245095
14,0,-0.4863985862615792,0.17167475797565213,-0.4863985862615792
14,1,0.0023389905569202733,0.2679420210777693,0.0023389905569202733
14,0,-0.2923717285225494,-0.08226963198055397,-0.2923717285225494
14,0,0.07712861817490647,-0.48077496869027003,0.07712861817490647
14,1,-0.4827132524018664,-0.6121649886419822,-0.4827132524018664
14,1,-0.16594015122362352,-0.657496584813037,-0.16594015122362352
14,0,-0.5854468930215113,-0.2260987241022516,-0.5854468930215113
14,0,-0.13127255059455326,-0.3143434478210122,-0.13127255059455326
14,1,-0.5382383137303702,-0.25680893395418675,-0.5382383137303702
14,1,0.5395588292151751,0.7144274967652395,0.5395588292151751
14,0,0.08522006286743153,-0.4305271198624271,0.08522006286743153
14,0,0.35167149436615164,0.3315329893565478,0.35167149436615164
14,1,0.0068679954602233195,-0.07998182471080834,0.0068679954602233195
14,1,-0.4849723481549311,-0.33785607567712383,-0.4849723481549311
14,1,0.016379923045395556,-0.5685072720451478,0.016379923045395556
14,1,0.01236101283768228,0.2800838010134686,0.01236101283768228
14,1,1.194667736759926,1.565187104563249,1.194667736759926
14,0,-0.2555384531100724,-0.1429618500349976,-0.2555384531100724
14,1,0.7486860121082816,1.1002326167832572,0.7486860121082816
14,0,-0.7509618742785666,-0.5818793102786545,-0.7509618742785666
14,1,0.346061451164229,0.053559412626433926,0.346061451164229
14,1,-0.21008106016224617,-0.35622782304205186,-0.21008106016224617
14,1,0.6049977034980211,0.17074144922246137,0.6049977034980211
14,0,0.2742380759132493,0.738737714696385,0.2742380759132493
14,0,0.17797621582463896,0.7925330397357715,0.17797621582463896
14,0,0.5312479234244385,0.44800391622271774,0.5312479234244385
14,1,-0.1403564070578181,0.19449567467746853,-0.1403564070578181
14,1,0.11294260845241358,0.09059816138701757,0.11294260845241358
14,0,0.22418257781676706,0.1537865301683095,0.22418257781676706
14,1,0.5998996200201205,0.47809874723016693,0.5998996200201205
14,0,-0.15224841234143593,0.43893291548203794,-0.15224841234143593
14,1,0.6745975880841903,0.3508363940220156,0.6745975880841903
14,0,-0.33261252391299967,-0.33998009941710056,-0.33261252391299967
14,1,0.14003181675590093,-0.10583194271525218,0.14003181675590093
14,0,-0.25477533622382387,0.6353695848213734,-0.25477533622382387
14,1,0.05973493914448951,0.38159741867388464,0.05973493914448951
14,1,0.6840824821764288,0.04625029995532377,0.6840824821764288
14,1,0.7871575925472374,0.7297751631641833,0.7871575925472374
14,0,0.009286202628841897,0.044835952424346404,0.009286202628841897
14,1,0.3747874479811768,1.253337742504611,0.3747874479811768
14,1,0.2834056514305896,0.7751421046526494,0.2834056514305896
14,0,0.607169011044067,0.5285749819694623,0.607169011044067
14,1,0.6400192827558217,1.2280958969586802,0.6400192827558217
14,0,0.16099373788621837,0.40188301834631635,0.16099373788621837
14,1,1.0272097349724156,0.6500044589087575,1.0272097349724156
14,0,0.9367925537334575,1.0545460315391935,0.9367925537334575
14,1,0.8806638637076798,0.4529831498481252,0.8806638637076798
14,0,0.47487945479373894,0.9876968224571696,0.47487945479373894
14,1,0.9669151365888458,1.2681372890865652,0.9669151365888458
14,1,-0.06900490283890003,0.28811651112645004,-0.06900490283890003
14,0,0.22901718364158494,0.36028760247925673,0.22901718364158494
14,1,-0.35981198553871396,-0.563231986550825,-0.35981198553871396
14,0,0.5464963958875272,0.24706953746650093,0.5464963958875272
14,0,0.5940950487011,0.717954790122681,0.5940950487011
14,1,1.1801960203809145,1.5049604555849923,1.1801960203809145
14,1,0.6628927449972961,0.41436140929503323,0.6628927449972961
14,0,0.6222146663748028,0.5814798411813344,0.6222146663748028
14,1,0.5533014513478256,1.0548081802199945,0.5533014513478256
14,0,0.6773588851296817,1.487441877036078,0.6773588851296817
14,0,-0.23016355445135075,0.27240218732153443,-0.23016355445135075
14,1,0.13212289052768952,1.0449059361096902,0.13212289052768952
14,1,0.7585585306957172,1.1829460151643576,0.7585585306957172
14,0,0.6971883195507854,0.8508726934284722,0.6971883195507854
14,0,0.1746326531348264,-0.06864303479140922,0.1746326531348264
14,1,1.2694872519295077,1.0096593716718048,1.2694872519295077
14,0,0.7311008662448097,1.0337849261423027,0.7311008662448097
14,0,0.2920157153173473,1.2044213798521195,0.2920157153173473
14,0,-0.26675070262676753,-0.871098170256474,-0.26675070262676753
14,0,-0.10957064646601715,0.5400028218281727,-0.10957064646601715
14,1,0.368186189264125,0.17220439167504598,0.368186189264125
14,1,0.7250660863657528,0.558939816398056,0.7250660863657528
14,0,0.5484267568310472,0.738627191752711,0.5484267568310472
14,1,0.36737940433841954,0.0992137687767025,0.36737940433841954
14,1,0.19252166676207794,-0.7273815804189836,0.19252166676207794
14,1,0.2736967843784271,0.8480432457535586,0.2736967843784271
14,0,0.12510333795899706,0.9277563417042124,0.12510333795899706
14,1,0.649049788102718,1.9143408277163134,0.649049788102718
14,0,-0.675987580587769,0.2178576799627824,-0.675987580587769
14,0,1.3888428925173362,1.9255797196827806,1.3888428925173362
14,1,0.8692278861337839,0.7814118340704227,0.8692278861337839
14,0,0.30188051004965893,0.45643261041675587,0.30188051004965893
14,1,0.8635194673917213,0.3449663307209017,0.8635194673917213
14,0,0.5882680593635489,-0.013826263002317707,0.5882680593635489
14,1,1.7280963117112433,2.721140214368024,1.7280963117112433
14,1,0.20849316741945464,-0.4301466741957037,0.20849316741945464
14,0,-0.8090347151550614,-0.8251758078104177,-0.8090347151550614
14,0,0.1777420699823564,-0.08908469279556949,0.1777420699823564
14,1,0.6741260184708653,1.860072397650816,0.6741260184708653
14,0,0.8808739525670518,1.3427177318609833,0.8808739525670518
14,0,0.16321404481562396,0.20964691826525023,0.16321404481562396
14,0,-1.2046391206929485,-0.5221886142921918,-1.2046391206929485
14,0,0.48320475332914553,0.7807298110443551,0.48320475332914553
14,1,0.8645549914611226,0.9832291615486688,0.8645549914611226
14,0,0.2137888308791606,0.4695154556626145,0.2137888308791606
14,1,1.0837598083918838,1.2169739263520412,1.0837598083918838
14,0,-0.49290659355701233,-0.9599770798088552,-0.49290659355701233
14,0,0.27410620521601076,0.7746392340063004,0.27410620521601076
14,0,-0.14816852135558536,-0.5393407785176615,-0.14816852135558536
14,1,0.2942730025579928,1.1916590718955613,0.2942730025579928
14,0,0.6525005805080566,2.118455338296594,0.6525005805080566
14,0,0.4837131337056712,1.3554992031025421,0.4837131337056712
14,0,0.5031282303960515,0.933719817884844,0.5031282303960515
14,0,0.8610603426296166,1.809872255582671,0.8610603426296166
14,1,1.7964134711867021,3.472013034319933,1.7964134711867021
14,0,0.23196049992660744,-0.15561586403611014,0.23196049992660744
14,0,-0.8327752083922084,-0.13128222084883637,-0.8327752083922084
14,1,-0.568984230532934,-0.05892086812173215,-0.568984230532934
14,1,0.785468065174217,1.2156415621530703,0.785468065174217
14,0,-0.21001698984205927,-0.6609515637543266,-0.21001698984205927
14,0,0.26318386400785904,0.5636899041609396,0.26318386400785904
14,1,1.185507470646947,1.37176238025672,1.185507470646947
14,1,0.26191852699051305,-0.3566970083548955,0.26191852699051305
14,0,-0.36057672255067136,0.1922019202635102,-0.36057672255067136
14,1,0.5112936262917208,0.3759193270456896,0.5112936262917208
14,1,0.12982994168277656,-0.4530974249332823,0.12982994168277656
14,1,1.6142212173006494,1.2885367623599566,1.6142212173006494
14,1,1.0516914168827274,1.1941008272673284,1.0516914168827274
14,0,0.07141451957352707,0.8203537064873088,0.07141451957352707
14,0,0.4193020596371025,0.9581868616281347,0.4193020596371025
14,1,1.0573736875493949,1.0247936944535547,1.0573736875493949
14,0,0.018731686221276935,0.43849089216583864,0.018731686221276935
14,1,0.826718651009436,1.0687750276803898,0.826718651009436
14,1,0.9795494043498774,0.5177689886857109,0.9795494043498774
14,1,0.4421017496428075,-0.42988823512404495,0.4421017496428075
14,0,-0.6391130673243983,-0.3531366643912005,-0.6391130673243983
14,1,1.9295648966368395,1.7507282565809672,1.9295648966368395
14,0,0.9920707154393886,1.2778937800119434,0.9920707154393886
14,0,0.18526631054805187,0.9994766461810767,0.18526631054805187
14,1,0.5512599045678624,0.7610164466185936,0.5512599045678624
14,1,1.5043643360669405,1.712864382247817,1.5043643360669405
14,1,0.08525433041004252,-0.45680102010427615,0.08525433041004252
14,0,1.1211483159557483,1.3208938777191126,1.1211483159557483
14,1,0.7430830899240098,1.0775787635277383,0.7430830899240098
14,1,1.4390574455133591,3.187707976481912,1.4390574455133591
14,0,-0.6175082011903588,-0.7543602054194407,-0.6175082011903588
14,1,0.36475758881326464,-0.600075706157814,0.36475758881326464
14,0,0.2885928229838103,-0.08565908692466921,0.2885928229838103
14,1,1.344801696664497,0.8762819453033306,1.344801696664497
14,1,1.392749882180436,0.372846105668313,1.392749882180436
14,1,0.20882975795482056,0.7695541473270908,0.20882975795482056
14,1,1.5248966789816678,1.323412055653884,1.5248966789816678
14,1,1.3240407276380999,0.76372582592402,1.3240407276380999
14,0,-0.6388371184710911,-1.2214913770575817,-0.6388371184710911
14,1,0.015089276273515254,-0.43024405605166993,0.015089276273515254
14,0,-0.007120979973539973,0.2892574672982553,-0.007120979973539973
14,0,0.15432822046226935,-0.026572922286039913,0.15432822046226935
14,1,0.8871516005930802,0.8800800334621307,0.8871516005930802
14,0,-0.2924645466547343,-0.1193323237675582,-0.2924645466547343
14,1,0.5042594172369638,-0.04500610037302186,0.5042594172369638
14,1,1.0894350710729264,1.235280458793629,1.0894350710729264
16,0,0.644355568054446,0.4858808961807257,0.644355568054446
16,0,-0.0039669154756592166,1.4568797647699514,-0.0039669154756592166
16,0,-0.37696500996600607,-0.01555106564273969,-0.37696500996600607
16,1,0.3916944770421059,0.2038319850470962,0.3916944770421059
16,0,-0.007729299499901433,0.9463792807997227,-0.007729299499901433
16,1,1.473556779132753,0.8523218838168908,1.473556779132753
16,1,0.2886055202480872,1.4379415865749952,0.2886055202480872
16,1,1.298573255749917,1.3543322702520362,1.298573255749917
16,1,0.9307326807445832,0.55674005307936,0.9307326807445832
16,1,0.5247966958835021,1.2629488427858089,0.5247966958835021
16,1,0.5469979943424806,-0.3254110470432208,0.5469979943424806
16,1,0.27537888931506005,-0.3386882868881714,0.27537888931506005
16,0,-0.34543683618742305,-0.3368424169688613,-0.34543683618742305
16,1,0.73252386410004,0.4075996453028716,0.73252386410004
16,1,0.3728293565138946,0.37419175573921765,0.3728293565138946
16,0,-0.0068523405245939995,0.943528423559872,-0.0068523405245939995
16,0,0.20143866911599395,-0.11519603269759171,0.20143866911599395
16,1,0.6069817169766462,1.1380944999238785,0.6069817169766462
16,1,0.25722183907633567,0.33317558781303125,0.25722183907633567
16,1,0.21945962879516817,0.11313392480592378,0.21945962879516817
16,0,-0.0004680938785192897,0.954787553488365,-0.0004680938785192897
16,0,0.55390417578889,0.7202225938460378,0.55390417578889
16,1,0.30265924419419465,0.5213970451574629,0.30265924419419465
16,0,0.2234216838937006,1.0950574215006368,0.2234216838937006
16,0,1.0652314479470777,0.8640044172184637,1.0652314479470777
16,0,-0.4090748465514373,-0.994048536180831,-0.4090748465514373
16,0,-0.43258705277299325,-0.5812425202608476,-0.43258705277299325
16,0,0.2763480447464083,-0.7868512883667514,0.2763480447464083
16,1,0.8305869083648897,0.26731275256186454,0.8305869083648897
16,0,-0.5780201237397461,-0.6871590135531993,-0.5780201237397461
16,0,-0.3800799842214911,-0.9545060232687773,-0.3800799842214911
16,0,-1.0662374329802975,-1.4945391695953458,-1.0662374329802975
16,0,-0.7400693546866619,-0.912954671590727,-0.7400693546866619
16,0,0.5615961558814729,0.5371986684752004,0.5615961558814729
16,1,0.27616101442038193,-0.1891721994975344,0.27616101442038193
16,0,-0.11114895032525232,1.2613227415068313,-0.11114895032525232
16,1,0.08174782263512069,0.13078146616203817,0.08174782263512069
16,0,-0.04647562311721819,-0.907688075338272,-0.04647562311721819
16,0,-0.697289822310317,-0.571987888635294,-0.697289822310317
16,1,-0.1780465405836092,-0.512454445817863,-0.1780465405836092
16,1,-0.22844501552493787,-0.39478538866234425,-0.22844501552493787
16,1,0.3084477838041652,0.11721700217962425,0.3084477838041652
16,1,-0.40917714053515236,-0.2692871733653635,-0.40917714053515236
16,1,0.07255599232882401,0.32300580594612877,0.07255599232882401
16,1,-0.4339433617327629,-0.21489436293272735,-0.4339433617327629
16,0,-0.16916229867862145,0.5404285965539448,-0.16916229867862145
16,0,-0.4532095575672897,-0.018031070391781548,-0.4532095575672897
16,0,-0.12961054651991366,0.2661341028835065,-0.12961054651991366
16,0,-0.24307399712974195,0.5026052940748845,-0.24307399712974195
16,0,-1.759440846124586,-0.9876503929789355,-1.759440846124586
16,0,-0.051047834512537894,0.4913915602536514,-0.051047834512537894
16,0,0.9569357650593049,0.9375697168376866,0.9569357650593049
16,1,-1.004588710922798,-0.5908170334534208,-1.004588710922798
16,1,-0.15719570167704416,0.7729351680597204,-0.15719570167704416
16,1,-1.7384048325010917,-0.3104410540580516,-1.7384048325010917
16,1,-0.316215419999621,-0.8609099988674145,-0.316215419999621
16,1,0.6569883287217949,0.9022286532480442,0.6569883287217949
16,0,-0.3723800918870739,-0.3478183594256552,-0.3723800918870739
16,1,0.26095138729696543,-0.2639602619318312,0.26095138729696543
16,1,0.975212591568464,0.6047416054202079,0.975212591568464
16,0,0.6994781976923199,0.38231673488165585,0.6994781976923199
16,1,0.41065450679498694,0.1741709763170775,0.41065450679498694
16,0,-1.6662307188727994,-1.1425672071642319,-1.6662307188727994
16,1,0.5714254962348984,1.0275926186077888,0.5714254962348984
16,1,0.564596138888966,0.3044811039769921,0.564596138888966
16,1,0.38699641390494305,0.06323933721626548,0.38699641390494305
16,0,0.43581536047341934,1.5095310322609838,0.43581536047341934
16,1,0.9428613185750601,1.148933923581268,0.9428613185750601
16,1,0.516479460299298,0.6934538703858685,0.516479460299298
16,0,0.022347203966137468,-0.137036638830229,0.022347203966137468
16,0,0.17209604491875866,-0.6141175528037779,0.17209604491875866
16,0,0.037695898159127515,-0.24917003383724892,0.037695898159127515
16,1,0.24663900839756012,-0.16833902868039993,0.24663900839756012
16,0,0.23951166095321064,0.5900184200338149,0.23951166095321064
16,1,0.5629612059846023,1.7822295845391931,0.5629612059846023
16,1,0.4449235564996602,0.23628968413892945,0.4449235564996602
16,1,-0.26021585022511085,0.2386095504640289,-0.26021585022511085
16,1,0.3555763364207536,0.4916210337070865,0.3555763364207536
16,1,0.08589667257629152,0.42107198786166167,0.08589667257629152
16,0,-2.0935297566865265,-1.43095217248655,-2.0935297566865265
16,0,-1.1433307003890085,-1.3535406643508152,-1.1433307003890085
16,0,-0.289176953656564,-0.8376383694129234,-0.289176953656564
16,0,-0.5024945351798071,0.17132272037747173,-0.5024945351798071
16,1,0.2814034021184035,0.21564695771630632,0.2814034021184035
16,1,0.0844747296866392,0.3183935552595212,0.0844747296866392
16,0,0.1086727294691843,-0.8200030391844095,0.1086727294691843
16,1,0.41831939687862285,0.2475238190299475,0.41831939687862285
16,0,-0.13105967361186815,-0.7613833318801726,-0.13105967361186815
16,1,-0.02973391281394865,0.8992621902910781,-0.02973391281394865
16,0,0.44774781238374733,0.33659443843291986,0.44774781238374733
16,1,0.41410966977200536,0.26727700174366525,0.41410966977200536
16,1,0.6340441837866007,0.40298600040333044,0.6340441837866007
16,0,-0.8386977851465864,-1.0455355689590473,-0.8386977851465864
16,1,0.3576702547061915,1.5822451870687653,0.3576702547061915
16,0,-1.6457081720670097,-1.298288199385516,-1.6457081720670097
16,0,-0.4967426744623399,1.1269069151835,-0.4967426744623399
16,0,0.36831772086528497,1.2295722713564405,0.36831772086528497
16,0,-0.3067420363353845,0.6457628438309511,-0.3067420363353845
16,0,-0.23433115828953602,0.4997397779023307,-0.23433115828953602
16,1,1.1093675907019287,0.6857916280210162,1.1093675907019287
16,0,0.10883203869078399,0.9622073457727071,0.10883203869078399
16,1,-0.018057600894335505,-0.5422976917422228,-0.018057600894335505
16,0,0.1684805271738981,1.7169519952727639,0.1684805271738981
16,0,-1.0803717110837465,0.7121030986229218,-1.0803717110837465
16,1,-0.3693379102564645,-0.280624871557588,-0.3693379102564645
16,1,0.6614408109433576,-0.1582765173024732,0.6614408109433576
16,0,-0.7052907566078589,-0.1538069053041024,-0.7052907566078589
16,1,0.23355217924227684,0.17081603559036676,0.23355217924227684
16,0,-0.041505275248264244,0.827912189033271,-0.041505275248264244
16,0,-0.7029694555630396,-0.5287930932519593,-0.7029694555630396
16,1,0.5268744129118507,1.3969471544221408,0.5268744129118507
16,1,0.01763535092177765,0.14372144378336899,0.01763535092177765
16,0,-0.4993416198408594,0.3987013791670684,-0.4993416198408594
16,0,-0.00039986021203385384,0.89978397215782,-0.00039986021203385384
16,1,-0.2671464842665225,-0.21992097437308508,-0.2671464842665225
16,0,0.2394515655926119,0.8799236882511186,0.2394515655926119
16,0,-1.542761164659233,-0.10278725203961439,-1.542761164659233
16,0,-1.8072946875759865,0.23184500053864918,-1.8072946875759865
16,0,-1.465066566871114,-0.1217205485880382,-1.465066566871114
16,1,0.5770834650159317,1.0550269004095467,0.5770834650159317
16,1,-0.17374450398892474,0.8474586003975614,-0.17374450398892474
16,0,0.026824948845556786,1.5366852232224661,0.026824948845556786
16,1,0.5278571133476724,1.1267440998563236,0.5278571133476724
16,1,-0.2492489178826215,0.5699568491577379,-0.2492489178826215
16,1,0.5917774023584613,1.0536668342578168,0.5917774023584613
16,0,-0.44968246854426314,1.123954168733888,-0.44968246854426314
16,1,0.8512096769005807,1.3852047489890853,0.8512096769005807
16,0,-0.24328990713846355,1.0111682212770319,-0.24328990713846355
16,0,0.07270821821011489,1.2071058548826206,0.07270821821011489
16,1,0.3602222541164941,1.4796657664836852,0.3602222541164941
16,0,0.032852683061647056,0.8999053289734047,0.032852683061647056
16,1,-0.05589674830800616,1.0683319046887154,-0.05589674830800616
16,0,-0.5092300382666477,0.9890234816508179,-0.5092300382666477
16,1,0.8751784948306607,1.6206589527375375,0.8751784948306607
16,1,0.8391086188844976,1.6405857946913176,0.8391086188844976
16,0,-0.9859397829833737,0.32261087863019594,-0.9859397829833737
16,0,0.18276172807274205,1.5748722477926904,0.18276172807274205
16,1,0.22677023883133718,0.8335194595950985,0.22677023883133718
16,0,-0.9558320450007602,0.7623725190408359,-0.9558320450007602
16,0,-1.1309111934777654,0.7789245412088807,-1.1309111934777654
16,0,-0.4386827569141745,1.3692131029941312,-0.4386827569141745
16,0,-0.2028939752920476,1.1337506396285209,-0.2028939752920476
16,1,-0.05397289612532838,0.6900234305028959,-0.05397289612532838
16,0,-0.23883893201058365,1.0133003268948286,-0.23883893201058365
16,1,0.2080161345915297,0.8499129237198116,0.2080161345915297
16,0,-0.5964133355585538,0.0035248985667436783,-0.5964133355585538
16,0,-1.3631192147030897,0.04662162454782634,-1.3631192147030897
16,0,-1.5898777358810436,-1.0872509567419313,-1.5898777358810436
16,1,0.6154165058681028,1.2122385443763453,0.6154165058681028
16,0,-0.09067760702733332,1.2439520370900408,-0.09067760702733332
16,0,0.31370546850306646,1.7662269099306969,0.31370546850306646
16,0,-0.10690970302112446,1.2432145492089266,-0.10690970302112446
16,0,-1.2483846247652368,-0.0284653239343948,-1.2483846247652368
16,1,0.07577533282183785,0.9975857923828074,0.07577533282183785
16,0,-0.7441821379921381,0.7383246117297735,-0.7441821379921381
16,0,-1.3237409667046056,0.5523842624617614,-1.3237409667046056
16,1,-0.40738524382373276,1.1334195364402222,-0.40738524382373276
16,1,0.497276750786156,0.5742276440101571,0.497276750786156
16,0,-1.228209689117368,0.4308086153969823,-1.228209689117368
16,0,-0.9425994610476863,0.6031886925199974,-0.9425994610476863
16,1,0.4016788596581418,0.9728373201271919,0.4016788596581418
16,1,0.33613079643798227,0.8693914217328026,0.33613079643798227
16,0,0.0088944995613658,1.2170764101356737,0.0088944995613658
16,1,0.04716065371203042,0.47893416298941377,0.04716065371203042
16,1,0.3109782694521469,0.5044834578416005,0.3109782694521469
16,1,-0.07618039250707712,0.5904270287635105,-0.07618039250707712
16,1,0.27666954550627587,1.7728109785903772,0.27666954550627587
16,0,-0.07051749741356834,1.1053876496194663,-0.07051749741356834
16,0,-1.3042556017712683,0.2691099855669321,-1.3042556017712683
16,1,0.3185538642350813,-0.04375197479710216,0.3185538642350813
16,0,-1.0135469511276076,0.3146301143842984,-1.0135469511276076
16,1,-0.1853522902426514,0.47588046284556534,-0.1853522902426514
16,1,0.32467726122268264,1.0136081947960407,0.32467726122268264
16,1,0.19245362148230286,1.2123239216068613,0.19245362148230286
16,0,-0.36369934530659626,1.008172473042646,-0.36369934530659626
16,1,0.25791272849783947,0.6684979211023032,0.25791272849783947
16,0,-1.0923809117398675,0.1733515379433328,-1.0923809117398675
16,0,-1.666674407252994,0.33512737933397285,-1.666674407252994
16,1,0.26267388234429545,1.1467673046381868,0.26267388234429545
16,1,-0.383784156752238,0.558824173060091,-0.383784156752238
16,1,0.5642632972491358,1.1719105297334635,0.5642632972491358
16,0,0.24796208594162558,1.639274033913418,0.24796208594162558
16,1,1.0594503872895076,1.2941419802737322,1.0594503872895076
16,1,0.1030853303498446,1.0806267475907119,0.1030853303498446
16,0,-0.43196665765849895,0.7432483340776432,-0.43196665765849895
16,1,0.0919345796747402,1.1936048778738435,0.0919345796747402
16,0,-0.03829841537481048,0.3762034703557928,-0.03829841537481048
16,1,-0.0009694191727426956,-0.3790127253896005,-0.0009694191727426956
16,1,0.30797116542700304,0.40726604825006474,0.30797116542700304
16,1,0.8684824775983074,1.5706188996079085,0.8684824775983074
16,1,1.0288354369279726,1.3404857397219754,1.0288354369279726
16,1,0.8665904721890128,1.5604712741037063,0.8665904721890128
16,0,-0.5310447671960069,0.8475676664299077,-0.5310447671960069
16,1,0.735429314656284,0.9514784961505101,0.735429314656284
16,0,-0.4705077151162284,0.7027502166067754,-0.4705077151162284
16,0,0.19615197286370023,1.1305281804730885,0.19615197286370023
16,1,0.450223025370915,1.680219655647387,0.450223025370915
16,0,-0.06549175443243868,1.0656260422276493,-0.06549175443243868
16,1,0.1455907883206502,0.666786892102387,0.1455907883206502
16,1,0.001958882691465652,0.4162766212008276,0.001958882691465652
17,0,-0.010200085399376127,-0.45466689487088047,-0.010200085399376127
17,1,0.5581820612073087,-0.23236643976309362,0.5581820612073087
17,0,0.3348272357571081,-0.22158092420517342,0.3348272357571081
17,0,0.2971033056554819,-1.1300638219278067,0.2971033056554819
17,1,0.6789879026913406,0.028048577110327606,0.6789879026913406
17,1,0.8329079833456565,0.05300353416250031,0.8329079833456565
17,0,0.09345130933770049,-0.3919504142759297,0.09345130933770049
17,1,0.6654722865446506,-0.006147514709022792,0.6654722865446506
17,0,0.23291588428942975,-0.777592643799175,0.23291588428942975
17,0,-0.010659937359318005,-0.891532836336467,-0.010659937359318005
17,1,0.34591823958702794,-0.476664371752034,0.34591823958702794
17,1,0.3238498291135238,-1.306803506704422,0.3238498291135238
17,0,-0.23014209720504294,-0.8116381320484897,-0.23014209720504294
17,0,0.042663359001745484,-1.3482704895889641,0.042663359001745484
17,1,1.1653835501202385,-0.1586173750962153,1.1653835501202385
17,0,-1.0281516685241197,-1.5707615288403196,-1.0281516685241197
17,0,0.165222341341212,-1.8553824430774757,0.165222341341212
17,0,0.32484944667593413,-1.4288295380393448,0.32484944667593413
17,0,-1.0532392020948875,0.11847447715090187,-1.0532392020948875
17,1,0.6858325193608106,-0.3901521230053383,0.6858325193608106
17,1,0.9226287365938269,-0.5400317394044015,0.9226287365938269
17,0,-0.3369496004358075,-0.8068278063764476,-0.3369496004358075
17,1,0.2621300852662257,-1.7151366992150177,0.2621300852662257
17,1,0.6109625165528575,-0.951086985694405,0.6109625165528575
17,1,0.4875334278046722,-0.2207525830482022,0.4875334278046722
17,0,0.48196222994242177,-0.5076395441813931,0.48196222994242177
17,1,0.40604622876397245,0.8265399799994436,0.40604622876397245
17,0,-0.04005168339127467,-0.5455501967109397,-0.04005168339127467
17,0,-0.23321426999993855,-0.8955466894797242,-0.23321426999993855
17,1,1.1100445771842093,0.2620371009545851,1.1100445771842093
17,0,-0.28249888967770626,-0.941922736498312,-0.28249888967770626
17,1,1.09525682325993,0.2894960255292665,1.09525682325993
17,0,0.12837230893085017,-1.2057278776199456,0.12837230893085017
17,1,0.4419188261470666,-0.4177182724942371,0.4419188261470666
17,1,0.7410088768884735,0.11521322469161559,0.7410088768884735
17,0,0.6394886350701338,0.20660637654429506,0.6394886350701338
17,0,0.3315444842973936,-0.46791108995590497,0.3315444842973936
17,1,0.51063868105455,-0.7345423412291202,0.51063868105455
17,0,0.4037574809427001,-0.9086010370816864,0.4037574809427001
17,0,0.10481901556776886,-0.6824180916104898,0.10481901556776886
17,0,-0.17861305709894604,-2.1358134317047686,-0.17861305709894604
17,0,0.1700351885009855,-1.6717123682039048,0.1700351885009855
17,1,0.6999883489039227,0.16259294414640874,0.6999883489039227
17,0,-0.26925965567375726,-1.0658914068981575,-0.26925965567375726
17,1,1.1553876005601877,-0.3261746858207619,1.1553876005601877
17,0,0.378092655136764,-2.1152342668430233,0.378092655136764
17,0,-0.16727858228458178,-1.6944441435280715,-0.16727858228458178
17,0,0.5615833455851698,-1.3036957219260203,0.5615833455851698
17,1,1.2892939292360024,-0.21272836375365273,1.2892939292360024
17,0,0.07719589577883693,-0.8962405245694443,0.07719589577883693
17,0,0.6296995717953792,-1.5559683958769064,0.6296995717953792
17,0,-1.4892909878897844,-1.9125024391760586,-1.4892909878897844
17,0,-0.8200169068210884,-2.7061991831935557,-0.8200169068210884
17,1,0.34643392936791484,-1.869472604701822,0.34643392936791484
17,0,-0.23564459043403205,-1.3810911606759104,-0.23564459043403205
17,0,-1.2247258913603778,-2.3577231546219535,-1.2247258913603778
17,1,0.9711194758355475,-1.1712452860865326,0.9711194758355475
17,1,0.3386563840314951,-1.4668857295789148,0.3386563840314951
17,0,-0.6263375095306111,-2.382096484347999,-0.6263375095306111
17,0,-0.8639427346525149,-2.420940479456245,-0.8639427346525149
17,1,0.16774483939267523,-1.9446759841621253,0.16774483939267523
17,1,0.21070382894929077,-1.5090191698165984,0.21070382894929077
17,0,-1.014473663033116,-1.944693170021669,-1.014473663033116
17,1,-0.0050289691035442395,-2.1357295822605686,-0.0050289691035442395
17,1,0.5785720968010447,-1.118607274160274,0.5785720968010447
17,1,0.27476521960612493,-1.638706701192639,0.27476521960612493
17,1,1.2609938747711351,-0.5259373351623031,1.2609938747711351
17,0,-0.2616359846023439,-2.0433306637079527,-0.2616359846023439
17,0,-0.5084411877557666,-2.63915520210761,-0.5084411877557666
17,1,0.18726422696590014,-1.64175540911658,0.18726422696590014
17,0,-0.1326341343822124,-1.950789527004462,-0.1326341343822124
17,1,0.21167733611364786,-1.660029332075097,0.21167733611364786
17,1,0.4699249219891181,-0.9975297873415008,0.4699249219891181
17,1,0.4346186904119925,0.20483271151407045,0.4346186904119925
17,0,0.5644547358241842,-0.9132013030240725,0.5644547358241842
17,1,0.8090410449485289,-0.6154066967883085,0.8090410449485289
17,0,0.0994198053527241,-0.8770067901375614,0.0994198053527241
17,0,-0.009413603851377617,-1.8579074027559532,-0.009413603851377617
17,1,0.33099808748272114,-1.7468224987291683,0.33099808748272114
17,1,1.4050788127613472,0.2612389315908122,1.4050788127613472
17,1,0.7501397546746394,-1.1088278741153499,0.7501397546746394
17,0,0.15324463894306015,-1.268719805003782,0.15324463894306015
17,1,0.9756808455756871,0.012274567743525922,0.9756808455756871
17,1,0.12601581724853925,-1.7696411948918451,0.12601581724853925
17,0,-0.07001039806667299,-1.205601688149021,-0.07001039806667299
17,1,0.1698350276212484,-1.028657709384154,0.1698350276212484
17,0,-0.06113741226762811,-0.591598569227083,-0.06113741226762811
17,1,0.2578392765194776,-1.744877097321988,0.2578392765194776
17,1,1.5412450284144101,0.27128768305408235,1.5412450284144101
17,1,0.4838463984645663,-1.5129145460089484,0.4838463984645663
17,1,0.7398080999967613,-0.8449848599943217,0.7398080999967613
17,1,1.2636796664231218,-1.0845636344690968,1.2636796664231218
17,0,-1.56246641456088,-3.1228121753765707,-1.56246641456088
17,1,0.757497084614973,-0.9406763923727002,0.757497084614973
17,0,-0.23122204286074258,-2.157847723861387,-0.23122204286074258
17,0,-0.0596575969805591,-2.125257701515883,-0.0596575969805591
17,1,0.6269128425439919,-0.9008880971294653,0.6269128425439919
17,0,-0.08552528701552568,-0.8285965336338194,-0.08552528701552568
17,1,1.4118146172669244,0.11011555555660257,1.4118146172669244
17,1,0.03291704773606887,-0.6035501170846911,0.03291704773606887
17,0,0.3596971073227481,1.7735289989583047,0.3596971073227481
17,0,0.4318984616693556,1.586996419717999,0.4318984616693556
17,1,0.4669634829025608,1.856548877619684,0.4669634829025608
17,1,0.3265710374670545,1.7651527634369821,0.3265710374670545
17,0,0.4491427029417947,1.7858157142776223,0.4491427029417947
17,0,0.4893875298078463,1.4556074924500597,0.4893875298078463
17,1,0.4159941773902285,1.6209274290762077,0.4159941773902285
17,0,0.2063592169580693,1.7934192241837266,0.2063592169580693
17,1,0.5782427214766849,1.5999953112338479,0.5782427214766849
17,1,0.8093840594707175,2.003839007207704,0.8093840594707175
17,0,0.5995558519510906,1.8621033029625444,0.5995558519510906
17,1,0.6819063896079401,2.132679358298003,0.6819063896079401
17,0,0.6818346519486423,2.0191065256270835,0.6818346519486423
17,0,0.597360920711568,1.8242302242916912,0.597360920711568
17,1,0.18535771577990923,1.6764145102678285,0.18535771577990923
17,1,0.5275066010344124,1.7135778000138022,0.5275066010344124
17,1,0.5757418878969107,2.03270194760783,0.5757418878969107
17,0,0.38484586657437664,1.7109615158774487,0.38484586657437664
17,1,0.6593241732206525,1.881659122515813,0.6593241732206525
17,1,0.32998076156953876,1.2384038724996556,0.32998076156953876
17,0,0.374133595386926,1.5833954086749389,0.374133595386926
17,1,0.6564838291115023,1.9599399943908395,0.6564838291115023
17,0,0.3820630557665645,1.944417111856987,0.3820630557665645
17,0,0.3317738639559045,1.7264047802545226,0.3317738639559045
17,0,0.3011803520020063,1.7574304148276232,0.3011803520020063
17,0,0.478805923642688,2.0082242904275964,0.478805923642688
17,1,0.8652280594998282,1.618033332888342,0.8652280594998282
17,0,-0.272281604571676,0.2604729868862207,-0.272281604571676
17,1,0.3456594339243617,1.8029294979797217,0.3456594339243617
17,0,0.3139570024387135,1.6185959161981571,0.3139570024387135
17,1,0.6869562084106513,2.070837558589571,0.6869562084106513
17,0,0.40225912840333355,1.7151699163055856,0.40225912840333355
17,1,0.7991095989980987,1.9924078043816509,0.7991095989980987
17,0,0.4522707512349774,1.8930069925317603,0.4522707512349774
17,0,0.39960913022631167,1.7777650871358848,0.39960913022631167
17,0,0.6022291347255107,1.5232294334996315,0.6022291347255107
17,1,0.6400384228455923,1.6968640784838496,0.6400384228455923
17,0,0.4619618157430127,1.7800333014913796,0.4619618157430127
17,0,-0.37774089947121564,-0.2031992887684477,-0.37774089947121564
17,0,0.1895254326501207,-0.07849724655092533,0.1895254326501207
17,1,0.22271924636685286,1.2664492142969244,0.22271924636685286
17,1,0.12026045253825969,0.5872353304481811,0.12026045253825969
17,1,0.2727526655408832,0.32689840878916293,0.2727526655408832
17,1,0.4683437923292278,0.5040379577204058,0.4683437923292278
17,0,0.1636461850904747,-0.3012927938064165,0.1636461850904747
17,1,0.8853793337768782,0.5210753810014066,0.8853793337768782
17,1,0.1614596935755753,-0.17688188818244163,0.1614596935755753
17,1,0.8375661085002272,0.9033661823543025,0.8375661085002272
17,0,-0.6676834943959467,-0.6050561979067394,-0.6676834943959467
17,1,0.34510350474214607,-0.54701259120756,0.34510350474214607
17,0,0.46570468290406364,1.8447354227544135,0.46570468290406364
17,1,0.6261900027364142,1.7474567272460821,0.6261900027364142
17,1,0.8808373301905615,1.9955351433026436,0.8808373301905615
17,1,0.4668227580299362,1.4108874674538086,0.4668227580299362
17,1,0.3283205471686474,-0.1614966389342116,0.3283205471686474
17,0,0.3646946299746687,1.5884666001337517,0.3646946299746687
17,0,0.43584862956646553,1.8409409815614222,0.43584862956646553
17,0,0.4132162646368852,1.6848179723435628,0.4132162646368852
17,1,0.4577618470679909,1.8263471745244528,0.4577618470679909
17,0,0.3307014537686185,1.5048991529588565,0.3307014537686185
17,0,0.02037682968534103,0.7101990450387384,0.02037682968534103
17,0,0.36808170999457,1.4997290007500772,0.36808170999457
17,1,0.7336091976156554,1.9683503605924586,0.7336091976156554
17,1,0.8679263600293814,2.0620327675828602,0.8679263600293814
17,0,0.4673009588554653,1.7861912597499667,0.4673009588554653
17,0,0.2459898654710678,1.729019428639396,0.2459898654710678
17,0,-0.8388217436019907,0.4647729096145445,-0.8388217436019907
17,0,-0.444350747868198,0.21981564336523857,-0.444350747868198
17,1,0.8725089797904474,1.6112441393059709,0.8725089797904474
17,1,0.7124874303616138,1.3872818718648579,0.7124874303616138
17,1,0.4103192161279224,1.3951311267071427,0.4103192161279224
17,0,0.190769915258632,0.2119117740748748,0.190769915258632
17,1,0.7330080179456159,1.1817546312260432,0.7330080179456159
17,1,-0.07484152815668509,0.8807715623140616,-0.07484152815668509
17,1,0.45110388395112655,0.2713080690936077,0.45110388395112655
17,1,0.4044261407323837,0.44186212739376385,0.4044261407323837
17,0,-0.1337565235637518,0.9055282657946576,-0.1337565235637518
17,0,0.48271249885502504,0.3708677532039134,0.48271249885502504
17,0,-0.11187653747793054,0.879526725508313,-0.11187653747793054
17,1,0.6660193615514802,1.8404474114238205,0.6660193615514802
17,0,-0.026642618767953447,0.03887026869599964,-0.026642618767953447
17,0,0.5698796702445259,-0.20215008310387805,0.5698796702445259
17,0,0.023212982190186176,1.2086355101208701,0.023212982190186176
17,1,0.4178324172323919,1.156260806347943,0.4178324172323919
17,0,0.7707346419772,1.0835060819890225,0.7707346419772
17,1,-0.2794030366733208,-0.4335544825827774,-0.2794030366733208
17,0,-1.2854475247389483,-0.3608885776327464,-1.2854475247389483
17,1,0.8375474205385613,0.871162708541031,0.8375474205385613
17,1,0.7721196610716254,1.2217174170067424,0.7721196610716254
17,0,-1.1018060495675857,-0.27934195878354273,-1.1018060495675857
17,1,0.3241326352430874,1.1166966035996193,0.3241326352430874
17,1,-0.2231671922867012,0.5000232171073533,-0.2231671922867012
17,1,-0.05686679386656074,0.5912813649538933,-0.05686679386656074
17,0,-0.2198127031676889,0.6772827082344617,-0.2198127031676889
17,0,0.2568201044165339,1.8670284707466158,0.2568201044165339
17,1,0.41921125724271824,-0.2388913467773821,0.41921125724271824
17,0,0.5035340907248097,1.6139183261483125,0.5035340907248097
17,0,0.4856278208748909,1.785358219865748,0.4856278208748909
17,1,0.48808773686117896,1.6269288500780676,0.48808773686117896
17,1,0.3050996998333045,1.551856865764488,0.3050996998333045
25,0,-0.41612250641731263,-0.5342053815917571,-0.41612250641731263
25,1,-0.2129158091860993,-0.665971012976308,-0.2129158091860993
25,0,-0.5394175391824194,-0.8172621588444743,-0.5394175391824194
25,0,-0.6431701635182977,-0.8784690267363156,-0.6431701635182977
25,1,0.017240643086271615,-0.07270893288807818,0.017240643086271615
25,1,0.4058466895603795,-0.21927915149972632,0.4058466895603795
25,0,-0.9017366504170328,-2.010892957289845,-0.9017366504170328
25,1,0.3146363060775314,0.6626860965055507,0.3146363060775314
25,0,-0.4631488780822121,-0.351956744689005,-0.4631488780822121
25,0,-0.6985970000160298,-0.6581396691771987,-0.6985970000160298
25,1,0.37722438078880327,0.6376986132294536,0.37722438078880327
25,1,0.11738731030283912,-0.10113915970034848,0.11738731030283912
25,0,-0.6344344456957426,-1.3508797572442333,-0.6344344456957426
25,0,-0.6629072130966503,-0.5870956439684507,-0.6629072130966503
25,1,-0.06180858701989478,-0.19551112140577737,-0.06180858701989478
25,0,-0.4880024730360787,-1.988230675224429,-0.4880024730360787
25,0,-0.30078100985342593,-0.7443184196324165,-0.30078100985342593
25,0,-0.6918263816463815,-1.0728068411414564,-0.6918263816463815
25,0,-0.15051444454344617,-0.5620105964005342,-0.15051444454344617
25,1,-0.14079983169661828,-0.6025248921312302,-0.14079983169661828
25,1,-0.08331581232196471,-0.3933410778290384,-0.08331581232196471
25,0,-0.6502868105974998,-0.5535103885667897,-0.6502868105974998
25,1,-0.038328877505872584,0.2012660354582917,-0.038328877505872584
25,1,0.09013646620187939,0.07922060366936085,0.09013646620187939
25,1,-0.016429826684964833,-0.6510492860877319,-0.016429826684964833
25,0,-0.7599512359679246,-0.5057679868650137,-0.7599512359679246
25,1,-0.37872066107435604,-0.7600019319583914,-0.37872066107435604
25,0,-0.14470570045879155,-1.108177849173178,-0.14470570045879155
25,0,-0.44822996933019355,-1.0686952756779224,-0.44822996933019355
25,1,0.1784036464317312,0.22894414840176597,0.1784036464317312
25,0,-0.19025678753700573,-0.924653125121365,-0.19025678753700573
25,1,-0.11818483602173135,-0.048029128236731014,-0.11818483602173135
25,0,-0.6222638729835438,-0.6359601321652746,-0.6222638729835438
25,1,-0.14347394337256378,-0.32380676996277885,-0.14347394337256378
25,1,-0.027671012400368327,-0.848196719037768,-0.027671012400368327
25,0,-0.270830537096605,0.4493919148309179,-0.270830537096605
25,0,0.031151890163348295,0.7061223553423127,0.031151890163348295
25,1,-0.4307109848793934,-1.1700205684654033,-0.4307109848793934
25,0,-0.34616886926646534,-1.56540672834454,-0.34616886926646534
25,0,-0.06667297678361754,0.6440695480766933,-0.06667297678361754
25,0,-0.7695153278331902,-0.5632640498879138,-0.7695153278331902
25,0,-0.44111392508846453,0.2687237691467251,-0.44111392508846453
25,1,0.5767924829031393,0.8676139968578584,0.5767924829031393
25,0,-0.5533242461397769,-0.10882630900945447,-0.5533242461397769
25,1,0.5079368011775003,0.8868753950782682,0.5079368011775003
25,0,-0.33308914229016184,0.6513318364590683,-0.33308914229016184
25,0,-0.22607494116081137,-0.31438323704078125,-0.22607494116081137
25,0,-0.6350314055034705,-0.7189136080533791,-0.6350314055034705
25,1,0.5911790108117347,0.4284064354408684,0.5911790108117347
25,0,0.1827145560404727,1.0674273615687313,0.1827145560404727
25,0,-0.6762570489382403,-1.3205919659415428,-0.6762570489382403
25,0,-0.13194603308402159,0.3306738390730257,-0.13194603308402159
25,0,-0.2691660274787179,-1.3810733466115852,-0.2691660274787179
25,1,0.07012995769239078,-0.8014033184539491,0.07012995769239078
25,0,-0.1923548126527291,-0.6672487960593769,-0.1923548126527291
25,0,0.13750527780950086,0.3325821053186841,0.13750527780950086
25,1,0.6346374512148059,0.6846669863385196,0.6346374512148059
25,1,0.865634824084796,0.7207557954962485,0.865634824084796
25,0,0.4124359292053115,0.5572488658871589,0.4124359292053115
25,0,0.6482202837397454,0.17718423139408956,0.6482202837397454
25,1,0.8688981340360034,0.6396652120806797,0.8688981340360034
25,1,0.7413684694411721,1.3322520547271022,0.7413684694411721
25,0,-0.05177382979751373,0.3944527179689423,-0.05177382979751373
25,1,0.8135292452903721,0.9123589506937467,0.8135292452903721
25,1,0.4142733024686074,-0.010784824455463308,0.4142733024686074
25,1,-0.15002637225429524,-0.7055139598243789,-0.15002637225429524
25,1,0.43899555420802433,0.3140623006785797,0.43899555420802433
25,0,-0.7651950177276027,-0.2016018580138857,-0.7651950177276027
25,0,-0.9576849413289882,-0.48920152571590086,-0.9576849413289882
25,1,0.08692510388604847,-1.244673066386843,0.08692510388604847
25,0,0.31943747326126376,-0.2618861348369611,0.31943747326126376
25,1,0.053399268011676174,-0.17159602007276636,0.053399268011676174
25,1,-0.16283079089210664,-0.6268328133284127,-0.16283079089210664
25,1,0.624492826862954,-0.05228578000649359,0.624492826862954
25,0,-0.20275835569927328,0.6466028135351861,-0.20275835569927328
25,1,0.44021479299735,-0.020373060793759987,0.44021479299735
25,0,0.21380998670673187,0.6269063043678734,0.21380998670673187
25,0,-0.2789680517591439,-0.09442289672755019,-0.2789680517591439
25,1,0.6252823178886503,1.0290019655194937,0.6252823178886503
25,1,0.38108973698891774,0.7375908382890041,0.38108973698891774
25,1,0.9880073648067059,0.7017297084368528,0.9880073648067059
25,0,0.3666441310079594,-0.027413013631626085,0.3666441310079594
25,1,-0.04432955939035792,-0.6314106371702786,-0.04432955939035792
25,1,-0.38423911065771105,0.3426639916143245,-0.38423911065771105
25,0,-0.29349854479178183,-0.10060166042351726,-0.29349854479178183
25,1,0.28355749111912426,-0.03975804082709387,0.28355749111912426
25,0,-0.052033935328481266,0.18048116267549874,-0.052033935328481266
25,1,-0.07603010700890274,-0.5052284766847408,-0.07603010700890274
25,1,-0.4347444950571581,-0.6292038384997227,-0.4347444950571581
25,1,0.6743828272344019,0.5164997491949017,0.6743828272344019
25,1,0.17877540876591771,-0.13742329456408492,0.17877540876591771
25,1,-0.09798608829367549,-0.8340375091764478,-0.09798608829367549
25,0,-0.2196129379000435,-0.611129031522163,-0.2196129379000435
25,1,-0.02784018366625436,0.18381048162516472,-0.02784018366625436
25,0,0.3177554060019729,0.8864628332730714,0.3177554060019729
25,0,0.2372435603153916,0.9158225942794965,0.2372435603153916
25,1,0.5532182974538812,0.6196387931508215,0.5532182974538812
25,0,0.41828175721389677,0.6260429692178489,0.41828175721389677
25,1,0.57173267960478,0.03875654210183961,0.57173267960478
25,1,-0.08809962908967471,-1.0720110388221,-0.08809962908967471
25,0,-0.6083771726948246,-1.0031560280532668,-0.6083771726948246
25,1,0.5095216608942553,0.4145234354816931,0.5095216608942553
25,0,0.11533295322657275,0.8486940459232604,0.11533295322657275
25,0,-0.36592950486095266,0.2192771782159207,-0.36592950486095266
25,1,1.0205378312389861,1.5534172034017892,1.0205378312389861
25,1,0.7226351442555151,1.2602805220491382,0.7226351442555151
25,0,-0.03496455460058047,0.8224712075632751,-0.03496455460058047
25,1,0.8708065667664397,1.5932089242910659,0.8708065667664397
25,0,-0.3388034010202451,0.1530739637432362,-0.3388034010202451
25,0,0.15724180932440007,1.0773188357990635,0.15724180932440007
25,1,0.7270479145585379,1.6105385257336242,0.7270479145585379
25,1,0.9415501470710881,1.7153781624946096,0.9415501470710881
25,0,-0.05388178289287205,1.3713711624273661,-0.05388178289287205
25,0,0.03411338576591869,1.6245442429644565,0.03411338576591869
25,1,0.8466526777321209,1.6393330829176513,0.8466526777321209
25,0,-0.30045129543298743,1.357625501619005,-0.30045129543298743
25,0,-0.21358467620116428,0.8558543985565107,-0.21358467620116428
25,0,-0.5871449354738391,1.1564258855890233,-0.5871449354738391
25,0,-1.0084547829924118,0.9625828488672258,-1.0084547829924118
25,1,0.7321082830170282,1.576591254809566,0.7321082830170282
25,1,0.2586860747824595,0.7989080036089253,0.2586860747824595
25,0,-0.7935166236321329,0.8792538114499646,-0.7935166236321329
25,1,0.9410590605945717,1.9010375965053266,0.9410590605945717
25,1,1.001996811207245,1.819422804304691,1.001996811207245
25,1,1.1178510210419954,1.4547511804515878,1.1178510210419954
25,0,-0.8312369178702496,0.5408575170767135,-0.8312369178702496
25,1,0.9977193779169312,1.8358564842398843,0.9977193779169312
25,0,-1.0193329098396464,0.4265969756102822,-1.0193329098396464
25,0,-0.6004481267659488,0.8792062120264525,-0.6004481267659488
25,1,0.6635406445715002,1.7084546536374292,0.6635406445715002
25,0,-0.6140100860433826,1.033493568097311,-0.6140100860433826
25,1,1.0117792809471378,1.9691349259832758,1.0117792809471378
25,0,-0.2288302663475848,1.580151028441346,-0.2288302663475848
25,1,0.7129553829501003,1.6041846009402054,0.7129553829501003
25,1,0.5161321128827717,1.5134558241000053,0.5161321128827717
25,0,-1.3761203090664968,0.7112202664412888,-1.3761203090664968
25,0,0.3343773306154722,1.309180132862935,0.3343773306154722
25,1,0.591985117545283,1.3575012518286986,0.591985117545283
25,0,-0.5297515677842015,0.9389501104985998,-0.5297515677842015
25,0,-0.8269133675132442,-0.09571699991512198,-0.8269133675132442
25,0,-0.14784381802164195,1.4940035929396485,-0.14784381802164195
25,0,-0.5696211660005963,1.214556661391621,-0.5696211660005963
25,1,0.8204081483411242,1.8633339517478529,0.8204081483411242
25,0,-0.2827027617756371,1.2952062446342574,-0.2827027617756371
25,1,0.9092196719705057,1.8837657201337628,0.9092196719705057
25,0,-1.138766165752135,0.6613297882878015,-1.138766165752135
25,0,-1.122108334631645,0.7335888868641582,-1.122108334631645
25,0,-0.9018749262624229,0.9511895744900428,-0.9018749262624229
25,1,0.8808964082629245,1.8687545133614116,0.8808964082629245
25,0,-1.1014808187508534,0.23545893566438533,-1.1014808187508534
25,0,-0.9713314485620229,0.11541664826131987,-0.9713314485620229
25,0,-1.3432177412039514,-0.004381801659880558,-1.3432177412039514
25,0,-0.4831125568731048,0.8465128005095955,-0.4831125568731048
25,1,0.6004356178883822,1.567470782147106,0.6004356178883822
25,0,0.022522408316422167,1.5270003946369288,0.022522408316422167
25,0,-0.46601405155978526,0.6541642431735215,-0.46601405155978526
25,1,0.9226620433642152,1.6403530126217811,0.9226620433642152
25,1,1.198235328925676,1.90621794609414,1.198235328925676
25,0,-0.3935976349446528,1.3935374378445713,-0.3935976349446528
25,0,-0.9743175286302929,0.6810281303089468,-0.9743175286302929
25,1,0.6277706802681997,1.5279727629052313,0.6277706802681997
25,1,1.1946355603097998,1.8137731552481164,1.1946355603097998
25,0,-1.1794880631234537,0.5091957449529144,-1.1794880631234537
25,1,1.0114015279155624,1.7424756414083327,1.0114015279155624
25,1,1.266662506239974,1.9373560970632546,1.266662506239974
25,1,0.9415287463407933,1.7275625841208546,0.9415287463407933
25,1,1.0626259843883803,1.5476934230278523,1.0626259843883803
25,0,-0.4819060153480561,1.3619992326843136,-0.4819060153480561
25,0,-0.8981264075000618,0.6301559810996383,-0.8981264075000618
25,1,0.865201986779117,1.985100992491639,0.865201986779117
25,0,-0.7101727605289985,0.885248864504593,-0.7101727605289985
25,1,0.910290009903978,1.6600682194734486,0.910290009903978
25,1,1.001507608597832,1.8447101963623593,1.001507608597832
25,1,1.0409717609362314,1.8619447208008206,1.0409717609362314
25,0,-1.4352460055897442,0.993770543316256,-1.4352460055897442
25,1,0.6787414928742148,1.3689195832588177,0.6787414928742148
25,0,-0.03252392941343134,1.685822685373003,-0.03252392941343134
25,0,-1.261136445833521,0.7004843435191882,-1.261136445833521
25,1,1.039188266272093,0.9786004043301423,1.039188266272093
25,1,0.9376632017539686,1.5348081363954398,0.9376632017539686
25,1,0.6332162618719949,0.8812531676093872,0.6332162618719949
25,0,-0.7953561821812687,0.5515005634820316,-0.7953561821812687
25,1,0.5680637730662089,1.8411053850201717,0.5680637730662089
25,1,0.9636590606873154,1.9903097578487385,0.9636590606873154
25,0,0.07810654300762106,0.43317758248543464,0.07810654300762106
25,1,0.8592837052417347,1.4328920731756751,0.8592837052417347
25,0,-1.0623077615572727,0.6302345914217117,-1.0623077615572727
25,1,0.40317046795327816,1.730880937877642,0.40317046795327816
25,1,0.60739952102284,1.0015161693373191,0.60739952102284
25,1,0.7425051194966843,1.446538334765983,0.7425051194966843
25,1,0.8441490937063759,1.462198978801361,0.8441490937063759
25,1,0.845449263426464,1.2513605745895635,0.845449263426464
25,0,-0.7532506220998391,0.1266709494231169,-0.7532506220998391
25,1,0.7921552659085263,1.9992093149881638,0.7921552659085263
25,0,-0.07574990061594185,1.5142418595612541,-0.07574990061594185
25,0,-1.2871197958893015,0.21113808666813205,-1.2871197958893015
25,1,1.0817867213424583,2.0016429186035993,1.0817867213424583
25,0,-1.23621062341491,0.6157695317990404,-1.23621062341491
25,1,0.8948808058996265,1.4115050385035623,0.8948808058996265
25,1,0.8588366259007539,1.718324465889707,0.8588366259007539
30,0,0.6466584825563361,1.2007872945423979,0.6466584825563361
30,1,-0.01872788080972805,0.4958123939924688,-0.01872788080972805
30,0,-0.13518954359197216,0.15294051183769658,-0.13518954359197216
30,0,0.1373993291236052,0.8012101078438174,0.1373993291236052
30,1,0.6038811731431732,0.9485660566271439,0.6038811731431732
30,1,0.34273356224871676,0.7175693858870544,0.34273356224871676
30,0,0.042462289156131,0.6099951076029724,0.042462289156131
30,1,0.09633009375509577,0.6145792073067977,0.09633009375509577
30,0,-0.01903172973483672,0.5638440454423094,-0.01903172973483672
30,0,0.47005479578722703,1.3598169896043382,0.47005479578722703
30,1,1.194331654868678,1.4975036710842053,1.194331654868678
30,1,0.8877575276082204,1.222444785302778,0.8877575276082204
30,0,0.5329082885346981,0.37269568925130175,0.5329082885346981
30,0,1.2673825956015805,0.9618810419199074,1.2673825956015805
30,1,0.7361747231917605,0.9923234315711081,0.7361747231917605
30,0,0.606622312810658,0.5987917442209719,0.606622312810658
30,0,1.2276946398512962,1.3016550758958052,1.2276946398512962
30,0,0.2612740183770951,0.21678937435318318,0.2612740183770951
30,0,0.3006193175399404,0.603985753085966,0.3006193175399404
30,1,0.6354225716688221,0.5165715117615644,0.6354225716688221
30,1,0.9411337370865508,0.8211853966372189,0.9411337370865508
30,0,0.2325180680732031,0.5545997120172522,0.2325180680732031
30,1,1.6100923834474523,1.8526569321218038,1.6100923834474523
30,1,1.1123052177082988,0.745384005314201,1.1123052177082988
30,1,0.3490783889756527,0.6462631259356075,0.3490783889756527
30,0,0.23132804806265134,-1.0360410067243977,0.23132804806265134
30,1,0.5806925399352986,0.3879366826826084,0.5806925399352986
30,0,0.8139615551132622,0.6346966421500941,0.8139615551132622
30,0,-0.2337810125793278,0.34286745884666425,-0.2337810125793278
30,1,0.2076938614461497,0.8189112490443567,0.2076938614461497
30,0,-1.6432734622225653,-1.1164340832582298,-1.6432734622225653
30,1,0.39252413211444676,0.800434598796469,0.39252413211444676
30,0,-0.3791423458867829,0.15472874201683964,-0.3791423458867829
30,1,0.4394415785834272,1.2732604726873265,0.4394415785834272
30,1,0.07911132236589472,0.5745527778832974,0.07911132236589472
30,0,-1.0069885315484872,0.1797500202357326,-1.0069885315484872
30,0,0.569213610191445,1.2147660914826441,0.569213610191445
30,1,0.9675604741037892,1.4077547814167983,0.9675604741037892
30,0,-0.10678934275188771,1.304971032363582,-0.10678934275188771
30,0,-0.9020748422394366,0.11160794379087918,-0.9020748422394366
30,0,-0.1004911605744322,0.05410882852198578,-0.1004911605744322
30,0,-0.19273797238289123,-0.2797176459896106,-0.19273797238289123
30,1,1.3422119068801,0.801143722845193,1.3422119068801
30,0,-0.4746443481792336,-0.4167431104865658,-0.4746443481792336
30,1,0.5442768613436341,1.5412282331450544,0.5442768613436341
30,0,-0.22056903813236511,0.6189729964997797,-0.22056903813236511
30,0,-0.7731441833571429,0.3757880824220041,-0.7731441833571429
30,0,-0.3634908765729331,0.7039482684861769,-0.3634908765729331
30,1,0.4158273421195507,0.9981680964290884,0.4158273421195507
30,0,-0.023601850037671644,0.8851857864699211,-0.023601850037671644
30,0,0.018017248460980507,0.7300650227454195,0.018017248460980507
30,0,-0.028741576397892994,0.458209760547058,-0.028741576397892994
30,0,-0.24830568446261617,0.09823656731579969,-0.24830568446261617
30,1,0.23721059264108196,0.23269999809063519,0.23721059264108196
30,0,0.17163883037276154,0.7887037539148274,0.17163883037276154
30,0,0.40305272625931515,0.9289154925099788,0.40305272625931515
30,1,0.976955545412537,2.2337115065791577,0.976955545412537
30,1,0.6720051608858486,1.1875918647106616,0.6720051608858486
30,0,0.15136093196835598,0.9156150538541901,0.15136093196835598
30,0,-0.2748975424314683,0.40569781637974783,-0.2748975424314683
30,1,-0.4473483572031407,-0.34977660514647874,-0.4473483572031407
30,1,1.5037981209703402,1.4535565088514248,1.5037981209703402
30,0,0.47269616585291535,0.5867201820623322,0.47269616585291535
30,1,0.2827186050979767,0.5655203821650827,0.2827186050979767
30,1,0.13419246925015144,0.8942642434496082,0.13419246925015144
30,1,0.7303695490352669,0.08046207821974194,0.7303695490352669
30,1,1.2894077148090484,1.2781523972412634,1.2894077148090484
30,0,-0.7621216769351029,-0.043598825944502664,-0.7621216769351029
30,0,-0.4799795351707691,-0.08224736458419539,-0.4799795351707691
30,1,-0.1441690338177082,0.5024883346896039,-0.1441690338177082
30,0,-0.2545991758109842,0.5714268400735334,-0.2545991758109842
30,1,0.2793860818693901,0.3543024497143306,0.2793860818693901
30,1,1.0267827753320993,0.9259004482909948,1.0267827753320993
30,1,0.6446902935613796,0.3248445807958874,0.6446902935613796
30,0,0.02689802405049798,0.3873081333063476,0.02689802405049798
30,1,0.5739369171477936,1.024915767458627,0.5739369171477936
30,0,-0.017540479374450024,0.27015267583096436,-0.017540479374450024
30,0,-0.666172331560277,-0.7144524609156953,-0.666172331560277
30,1,0.5128911832727527,1.2101848144598688,0.5128911832727527
30,1,2.2140653009185614,2.5095203580839573,2.2140653009185614
30,1,0.18642454972056915,1.2304426218930256,0.18642454972056915
30,0,-0.5557170587798416,-0.2525347830078799,-0.5557170587798416
30,1,1.251790430424146,0.9156368060722904,1.251790430424146
30,1,1.1766082331598162,1.3250134739951247,1.1766082331598162
30,0,-0.3964666138337748,0.2460937257069301,-0.3964666138337748
30,1,0.6550003214449106,0.7093999140295693,0.6550003214449106
30,0,-0.11238418314628588,0.5574888743969577,-0.11238418314628588
30,1,0.8945093073068344,1.164107113664768,0.8945093073068344
30,1,0.5920040315710012,1.087851694815203,0.5920040315710012
30,1,0.6048071691791823,1.1700026924992426,0.6048071691791823
30,1,1.06629741530887,1.0197113064088257,1.06629741530887
30,1,0.30520056207802093,0.8317400338717775,0.30520056207802093
30,0,0.022692592160876282,0.4003460339389679,0.022692592160876282
30,1,0.8953700838637235,1.309952921812857,0.8953700838637235
30,0,-0.26845616751548274,0.6087680570629932,-0.26845616751548274
30,0,0.13988977317630397,0.5505280145237771,0.13988977317630397
30,1,0.9479045061655672,1.3543412579774239,0.9479045061655672
30,0,-0.4213368621728355,-0.28981052808216534,-0.4213368621728355
30,1,0.703975214532207,1.3903595035301288,0.703975214532207
30,1,1.5441660773902703,1.6784211666931037,1.5441660773902703
30,0,-0.4084302625833352,-0.3059955485048859,-0.4084302625833352
30,1,0.4072122294689558,0.6191679699067526,0.4072122294689558
30,0,-0.28397951502762975,0.20025521061832252,-0.28397951502762975
30,0,0.09137774623631488,0.4029146112711758,0.09137774623631488
30,1,-0.07043475797038666,0.3465195079623269,-0.07043475797038666
30,1,0.32445978760426525,0.035007933350485965,0.32445978760426525
30,0,-0.008495901540291229,0.18640084854448907,-0.008495901540291229
30,1,0.1674924577168317,0.5735336450394043,0.1674924577168317
30,0,-0.1030300482696951,-0.13983792873402906,-0.1030300482696951
30,0,-0.33489369858851636,0.08258624075364325,-0.33489369858851636
30,1,0.4934072877557561,0.16991109932679138,0.4934072877557561
30,1,-0.1449707888182476,0.0009186176586152076,-0.1449707888182476
30,0,-0.09711798349375407,-0.3554172055406403,-0.09711798349375407
30,0,-0.3480549970103973,-0.27154045779102837,-0.3480549970103973
30,1,-0.041521241021965624,0.3076186778461312,-0.041521241021965624
30,0,-0.13292743365154197,0.23224932731956127,-0.13292743365154197
30,0,-0.07349442188771564,-0.2079075915906911,-0.07349442188771564
30,0,-1.0049161270253701,-0.20303800495363525,-1.0049161270253701
30,0,-0.5082970342450139,-0.32803497486163813,-0.5082970342450139
30,1,0.16470439091980102,0.09786050184253824,0.16470439091980102
30,1,-0.11063864840428118,0.35126597145753524,-0.11063864840428118
30,0,0.13111942045705274,0.5246937801336251,0.13111942045705274
30,1,0.5014295851062506,0.2429233809673939,0.5014295851062506
30,1,0.4661422675548432,1.3126372735485305,0.4661422675548432
30,1,1.0987796547433029,1.2488493934649174,1.0987796547433029
30,0,-0.8643307359211329,0.96789359100971,-0.8643307359211329
30,1,0.43691120596747174,0.7760743825775097,0.43691120596747174
30,0,-0.4539867657794717,0.7184239659203757,-0.4539867657794717
30,0,-0.7875450663330663,-0.002760554966908496,-0.7875450663330663
30,1,-0.011702714317067407,-0.20510292205380926,-0.011702714317067407
30,0,-0.540172442408097,0.513394620262187,-0.540172442408097
30,1,0.5085630739573571,0.491034133457164,0.5085630739573571
30,0,0.08410381509264922,-0.033048352083847134,0.08410381509264922
30,1,0.23897728321065792,0.8304577283153176,0.23897728321065792
30,1,0.452785159986234,0.9427989503465383,0.452785159986234
30,0,-0.7855772541115305,-0.5740415805370718,-0.7855772541115305
30,0,-0.31335052910211336,0.3694009270857217,-0.31335052910211336
30,1,0.4801902268676142,0.8965515665437496,0.4801902268676142
30,0,-0.7208873677116574,-0.23339079231540943,-0.7208873677116574
30,0,-1.1254570214399786,-0.06001706030693748,-1.1254570214399786
30,0,-0.7928642781315648,0.07766387383690514,-0.7928642781315648
30,0,-0.3506407929965351,0.1956110264686836,-0.3506407929965351
30,1,0.8501732485749697,1.143272620850965,0.8501732485749697
30,0,-0.30893408525823896,-0.33669342518052264,-0.30893408525823896
30,1,0.15984601069213814,0.6357301194823586,0.15984601069213814
30,0,-0.5421412719178687,-0.0007550550171970399,-0.5421412719178687
30,0,-0.30462172507182783,-0.07279572690944443,-0.30462172507182783
30,0,-0.2535457926814426,0.7992770175986054,-0.2535457926814426
30,1,0.2807267924095435,0.5848447658734105,0.2807267924095435
30,0,0.07236747374778597,0.08364283517158046,0.07236747374778597
30,0,-0.45441150245660605,-0.24256939310313608,-0.45441150245660605
30,0,-0.38177651958013614,-0.18817428668808658,-0.38177651958013614
30,0,0.485128143964383,-0.3681202059846319,0.485128143964383
30,1,0.5192262892454351,-0.00043679348435504695,0.5192262892454351
30,0,-0.3738655587754531,-0.52888350219711,-0.3738655587754531
30,0,-0.17532420190981643,-0.5945786229795085,-0.17532420190981643
30,1,0.10113889060059696,-0.09823060482267508,0.10113889060059696
30,1,0.03487213208048728,-0.005610195267535409,0.03487213208048728
30,0,-0.36204425502422616,-0.21359851871732935,-0.36204425502422616
30,0,-0.03474936046135818,-1.068343765491802,-0.03474936046135818
30,1,0.62218655907762,-0.2149331035987683,0.62218655907762
30,1,0.47222180811627723,-0.1680628015002397,0.47222180811627723
30,0,-0.07346328156449632,0.060199514855139885,-0.07346328156449632
30,1,0.06828155438720449,0.3686886725321657,0.06828155438720449
30,1,0.12822162782058408,1.078475331238356,0.12822162782058408
30,1,0.41008312990252327,0.587474079282256,0.41008312990252327
30,1,0.48954471967895463,0.16516176423344447,0.48954471967895463
30,0,-0.6194468134717918,-0.5318498509087876,-0.6194468134717918
30,0,-0.524081881349785,0.23192362036574712,-0.524081881349785
30,1,0.4509196794257553,0.9433757227652676,0.4509196794257553
30,0,0.11583300691050136,0.23668075379854212,0.11583300691050136
30,1,-0.11136964535641657,0.4019750422486361,-0.11136964535641657
30,1,0.4362806756479611,0.9471326484276983,0.4362806756479611
30,1,1.439170176120827,1.061589835456864,1.439170176120827
30,0,-0.7668984103625042,0.032716112768094996,-0.7668984103625042
30,1,0.5390673282878958,0.7751869944926181,0.5390673282878958
30,0,-0.35298594379888354,-0.3446430092634134,-0.35298594379888354
30,0,0.513755275435744,0.2660488347283991,0.513755275435744
30,1,0.8349802371594053,0.8912901033938586,0.8349802371594053
30,1,0.48439174031366083,0.6844457322517331,0.48439174031366083
30,1,0.4642544443305181,0.9339392559779378,0.4642544443305181
30,0,0.4358478383422821,1.5579038486227792,0.4358478383422821
30,1,0.4583156286417087,0.6893441186866485,0.4583156286417087
30,1,0.4990921958363682,0.410797109166109,0.4990921958363682
30,0,-0.690988060785365,-0.24160999855492316,-0.690988060785365
30,1,0.5507226633473126,0.5545080441844312,0.5507226633473126
30,0,0.014066100952976814,-0.3566908076680581,0.014066100952976814
30,1,0.717710866356575,1.071725669034664,0.717710866356575
30,1,0.9668531950384858,1.2322659634316189,0.9668531950384858
30,1,-0.19933371136933004,1.0181898169552468,-0.19933371136933004
30,1,0.26337274052364673,0.4986363252119939,0.26337274052364673
30,1,-0.6417809245615606,0.7004039377068985,-0.6417809245615606
30,0,-1.2546927160836563,-0.6783846232474781,-1.2546927160836563
30,1,0.48086853205686725,1.0549572914884073,0.48086853205686725
30,0,-0.4958415454720957,-0.05135754760385108,-0.4958415454720957
30,0,0.36306828750429665,1.1946779631373516,0.36306828750429665
30,1,-0.306016502597849,1.154071254750011,-0.306016502597849
30,0,-0.21499768956074644,-0.1501223510001048,-0.21499768956074644
30,1,0.0538399610431764,0.9008449589970111,0.0538399610431764
30,1,0.7879153592509122,0.8944369669310006,0.7879153592509122
49,0,-1.2939656182337176,-1.312414487147301,-1.2939656182337176
49,1,0.1893672254907765,-0.5798485446434212,0.1893672254907765
49,0,0.15127991626357393,-0.16504375242204872,0.15127991626357393
49,0,-1.2421337276520767,-1.4808863125112455,-1.2421337276520767
49,1,0.34539245227846677,-0.03270961478705206,0.34539245227846677
49,1,-0.5187468073902757,-1.2364131525368558,-0.5187468073902757
49,0,-0.9540199909113343,-1.5447969701828583,-0.9540199909113343
49,1,0.4951526906270636,0.4059420016704122,0.4951526906270636
49,0,-1.158387771954391,-0.6844192311356949,-1.158387771954391
49,0,-1.1701517684683322,-1.241558328730396,-1.1701517684683322
49,1,-0.7702947213312121,-0.7844032049861228,-0.7702947213312121
49,1,-0.08786667008366729,0.5619828682406892,-0.08786667008366729
49,0,-0.9288798597710393,-1.026108375912156,-0.9288798597710393
49,0,-0.9389746746766771,-1.0653913209662769,-0.9389746746766771
49,1,-0.7364300248616144,-0.5904160886923336,-0.7364300248616144
49,0,-0.9566800112613463,-0.7550632842814065,-0.9566800112613463
49,0,-1.633162219995786,-1.2282350597331906,-1.633162219995786
49,0,-1.5188236942777535,-1.3172054357681326,-1.5188236942777535
49,0,-0.30785078631909524,-0.2630263343937847,-0.30785078631909524
49,1,-0.13429755135717952,-1.0575180904093497,-0.13429755135717952
49,1,0.28953876917244453,0.632426390977111,0.28953876917244453
49,0,-1.526632549485432,-0.5617534801182338,-1.526632549485432
49,1,-0.054132958893769435,-0.4048345075955495,-0.054132958893769435
49,1,0.25595808450735646,0.08105171604271019,0.25595808450735646
49,1,0.4890106810324806,-0.013841994042807636,0.4890106810324806
49,0,-1.4814557585426584,-0.9837690814697644,-1.4814557585426584
49,1,0.16427605605649914,-0.5177106816604949,0.16427605605649914
49,0,0.18266295692051038,-0.22726296899322296,0.18266295692051038
49,0,-1.161752660019814,-0.9344040343881483,-1.161752660019814
49,1,0.12952441611594584,-0.9095551245785845,0.12952441611594584
49,0,-1.8398364572108872,-1.0944961029399003,-1.8398364572108872
49,1,0.9109963847130718,0.4982336461208343,0.9109963847130718
49,0,-0.3787709980033591,0.6075264526326135,-0.3787709980033591
49,1,0.3221220592383042,0.14103791003765181,0.3221220592383042
49,1,0.04884972895694598,-0.19861864740621393,0.04884972895694598
49,0,-1.0688844169699538,-0.844298316425206,-1.0688844169699538
49,0,-1.2429280413775579,-0.5468488866269371,-1.2429280413775579
49,1,-0.41182480271696603,-1.5133278735212334,-0.41182480271696603
49,0,-0.9467704181693156,-0.6659600220255238,-0.9467704181693156
49,0,0.3464149776648545,0.6673426228022565,0.3464149776648545
49,0,-1.4647708750905633,-0.9993709725697739,-1.4647708750905633
49,0,-0.9584011876017039,-1.0259419429950736,-0.9584011876017039
49,1,-0.4703856782052696,-0.8126121506511543,-0.4703856782052696
49,0,-0.4889469309697012,0.04767240175018078,-0.4889469309697012
49,1,0.6445346861386381,-0.5199045609809191,0.6445346861386381
49,0,-1.4808361923296895,-0.5471441615245244,-1.4808361923296895
49,0,-0.5325260142220746,-0.419102819400615,-0.5325260142220746
49,0,-0.9001712322087849,-1.222682131482516,-0.9001712322087849
49,1,-0.14039242659683526,-0.9955102885897844,-0.14039242659683526
49,0,-0.5189778071744956,-0.8925348171542064,-0.5189778071744956
49,0,-0.48367741558539057,-1.2546679539941312,-0.48367741558539057
49,0,-1.4059574483783768,-1.292039715118105,-1.4059574483783768
49,0,-1.5297332440282732,-0.4307603982292826,-1.5297332440282732
49,1,-0.037839787928485816,-0.6369030298958632,-0.037839787928485816
49,0,-0.5229028819617881,-1.4188820056010878,-0.5229028819617881
49,0,-1.08213033870212,-0.9435310984328785,-1.08213033870212
49,1,0.19323763045472814,0.7123227284264646,0.19323763045472814
49,1,-0.22152796416534182,-0.1961782163361061,-0.22152796416534182
49,0,-1.526002885744789,-1.61082528046436,-1.526002885744789
49,0,-0.1523497078755862,-0.4030716976127999,-0.1523497078755862
49,1,-0.7065552082076663,-0.40339113038076996,-0.7065552082076663
49,1,-0.5639639130890622,-0.8611923252724555,-0.5639639130890622
49,0,-0.5540161905268586,-0.22353982651125212,-0.5540161905268586
49,1,-0.4088688268450086,-0.2725590693886106,-0.4088688268450086
49,1,-0.37017751214711136,-0.5232594048413516,-0.37017751214711136
49,1,0.36742672708005714,-0.21371305578480707,0.36742672708005714
49,1,0.2870895912286459,0.33568825571218047,0.2870895912286459
49,0,-1.6134137165054445,-0.9923882443919966,-1.6134137165054445
49,0,-0.8950676101616004,-0.5010202491139787,-0.8950676101616004
49,1,0.11116818460837811,-0.1442363459872972,0.11116818460837811
49,0,-1.0483529783114363,-0.7670532647363933,-1.0483529783114363
49,1,-1.4194977808614635,-1.004436348725144,-1.4194977808614635
49,1,0.6889169372918783,-0.12021546605277614,0.6889169372918783
49,1,0.15639140345591518,-0.12810898662863346,0.15639140345591518
49,0,-1.8646486447658208,-0.7574743061182951,-1.8646486447658208
49,1,0.6825848078292194,1.0235699871901935,0.6825848078292194
49,0,-1.4827930027673415,-0.9635269979268091,-1.4827930027673415
49,0,-1.323569760862248,-0.5785355418880133,-1.323569760862248
49,1,0.2341601219952176,-0.5451344949996384,0.2341601219952176
49,1,0.025070625863514686,0.24181821032357753,0.025070625863514686
49,1,-0.2498205020004665,-0.32143091600286977,-0.2498205020004665
49,0,-0.6468515412570933,-1.5316386706304757,-0.6468515412570933
49,1,0.204100912429188,-0.5510699381111014,0.204100912429188
49,1,-0.4843020682395386,0.27635943081916703,-0.4843020682395386
49,0,-1.0936571186704,-0.9966060834586941,-1.0936571186704
49,1,0.30284303426880316,-0.35883751713099776,0.30284303426880316
49,0,-1.336730004318551,-1.2825721109505774,-1.336730004318551
49,1,0.12867096780208895,-0.5821160901836995,0.12867096780208895
49,1,0.13666250160278476,-0.22096290060488244,0.13666250160278476
49,1,-1.059716540033877,-0.689755709468903,-1.059716540033877
49,1,-0.4373645397472358,0.5880411014805894,-0.4373645397472358
49,1,-0.21621875570116236,-0.18393073903588053,-0.21621875570116236
49,0,-1.1949755606446228,-0.7576990831688337,-1.1949755606446228
49,1,0.06459094569960211,-0.6026669358927006,0.06459094569960211
49,0,-0.5804767241199321,-0.42481692515824215,-0.5804767241199321
49,0,-0.26315251645925836,-0.0775134528563437,-0.26315251645925836
49,1,-0.8430010650935591,-1.0465902929824913,-0.8430010650935591
49,0,-0.4021846026207227,-0.5033392018180219,-0.4021846026207227
49,1,-0.40984082691568297,-0.3140508253920798,-0.40984082691568297
49,1,-0.16380316773620168,-0.2893834903487281,-0.16380316773620168
49,0,-0.613170069701973,-0.7955313659885174,-0.613170069701973
49,1,0.5069271614420998,0.7001778672308135,0.5069271614420998
49,0,-0.5993088016191497,-0.7825252143100285,-0.5993088016191497
49,0,-1.0773998730507786,-1.2901749630261357,-1.0773998730507786
49,1,-0.6413388939844169,-0.11123954216903655,-0.6413388939844169
49,1,-0.13080837515960905,1.0865303654318512,-0.13080837515960905
49,0,-1.124744618256154,-0.8037754742970716,-1.124744618256154
49,1,0.1027398385424151,-0.011453403399690167,0.1027398385424151
49,0,-1.1156848752918127,-1.3363281807511855,-1.1156848752918127
49,0,-1.559539337210289,-1.3106674068050077,-1.559539337210289
49,1,0.20115190686551318,-0.03156479449564642,0.20115190686551318
49,1,0.13181277774446204,0.7959456939803156,0.13181277774446204
49,0,-0.7037500547360077,-0.2561696514426503,-0.7037500547360077
49,0,-1.6128955776973233,-1.3075062199331382,-1.6128955776973233
49,1,-0.6072831357131914,-0.28987158373994554,-0.6072831357131914
49,0,-1.93966121863616,-1.4659618140379005,-1.93966121863616
49,0,-0.47626850536376575,-0.45772229361442063,-0.47626850536376575
49,0,-0.7787038519527204,-0.15580738065248093,-0.7787038519527204
49,0,-0.992738659359573,-1.1103632783087114,-0.992738659359573
49,1,0.1317659919049489,0.2625642376132412,0.1317659919049489
49,1,-0.3376572185971896,0.19229388020448931,-0.3376572185971896
49,0,-1.3776132360686055,-0.9500321236485563,-1.3776132360686055
49,1,0.04631700150711124,0.28237818286615707,0.04631700150711124
49,1,-0.15847796524031432,0.07523055500128506,-0.15847796524031432
49,1,-0.1831131634808828,-0.5640632891077129,-0.1831131634808828
49,0,-1.5174680635101412,-1.3765243977890322,-1.5174680635101412
49,1,0.0039009424496978706,0.3758216341389963,0.0039009424496978706
49,0,-1.0218331782592895,-2.278912132066297,-1.0218331782592895
49,0,-1.1465456326330004,-1.1112690500891693,-1.1465456326330004
49,1,0.0001037068840426075,-0.1874399103752416,0.0001037068840426075
49,0,-0.35291055143740513,-0.21911443592334934,-0.35291055143740513
49,1,0.18256416692960764,0.45155788504632643,0.18256416692960764
49,0,-0.8705539025105307,-1.199224337767553,-0.8705539025105307
49,1,-0.27329808274466183,-0.26816533872408155,-0.27329808274466183
49,1,0.08329575855664893,0.07686085088746336,0.08329575855664893
49,0,-0.8723338555045146,0.1379909540740164,-0.8723338555045146
49,0,-1.4170764841507952,-1.6627998894052403,-1.4170764841507952
49,1,-0.1511482904690588,0.02427952403878625,-0.1511482904690588
49,0,-1.419511344704608,-0.7211089186510395,-1.419511344704608
49,0,-1.2377683554453758,-1.0447364645312585,-1.2377683554453758
49,0,-1.5668809933763221,-0.28547497031397817,-1.5668809933763221
49,0,-1.0882683544984437,-1.1868961841609362,-1.0882683544984437
49,1,-0.3159325573540443,-1.111259300960489,-0.3159325573540443
49,0,-1.8654178653814844,-2.012374521974367,-1.8654178653814844
49,1,-0.520324583766722,-1.1350934342302947,-0.520324583766722
49,0,-1.6349775143366299,-1.5267378170858488,-1.6349775143366299
49,0,-1.918863325814536,-1.2205204448283058,-1.918863325814536
49,0,-1.8024743991411545,-1.2129973773751153,-1.8024743991411545
49,1,-0.5652371435095715,-0.8164126213513482,-0.5652371435095715
49,0,-1.3512844601407443,-1.4676843664987393,-1.3512844601407443
49,0,-1.2106463961122957,-0.9744383039131135,-1.2106463961122957
49,0,-0.7822380619933978,-0.8220068151335488,-0.7822380619933978
49,0,-1.579146173894454,-0.6045929018806758,-1.579146173894454
49,1,-0.41209890538051186,-0.1456466089258731,-0.41209890538051186
49,0,-1.340823873598309,-1.0030007458856902,-1.340823873598309
49,0,-1.0839283014656125,-0.7579485235989535,-1.0839283014656125
49,1,-0.7221264247829109,-0.998140649274877,-0.7221264247829109
49,1,-0.4948473534469432,-0.4974386541261753,-0.4948473534469432
49,0,-1.537056965779482,-0.9070608350160513,-1.537056965779482
49,0,-0.10510646542974236,0.7051377322016156,-0.10510646542974236
49,1,0.4990224550762,1.1277436539483285,0.4990224550762
49,1,0.09001474012899269,0.34635701496775473,0.09001474012899269
49,0,-1.3730744727337068,-0.8145847251746956,-1.3730744727337068
49,1,0.4657415313446063,0.9289770074113869,0.4657415313446063
49,1,-0.20914914878353233,0.2159487414174133,-0.20914914878353233
49,1,-0.2236660214570126,-0.6025982306914155,-0.2236660214570126
49,1,-0.4750966269934198,-0.7259344796410632,-0.4750966269934198
49,0,-1.3939977557497334,-1.6045508622489126,-1.3939977557497334
49,0,-0.4815258886439304,-0.7976446537578185,-0.4815258886439304
49,1,-0.3227468626018205,-0.03602626037879386,-0.3227468626018205
49,0,-1.7055360235370394,-1.4594536550603194,-1.7055360235370394
49,1,-0.3070540424050509,-1.2801927470027137,-0.3070540424050509
49,1,-0.05681262797767,-0.32834119104694964,-0.05681262797767
49,1,-0.36310460846205034,-0.23712919101985386,-0.36310460846205034
49,0,-0.9165025514829126,-0.48858874813318687,-0.9165025514829126
49,1,0.1581937273717521,0.662351063466591,0.1581937273717521
49,0,-0.7287120474030043,-1.0034958209552942,-0.7287120474030043
49,0,-1.8260049542282977,-1.2452042285993143,-1.8260049542282977
49,1,0.334157181905768,1.0121244007013748,0.334157181905768
49,1,-0.3250895643769345,0.34333550473078994,-0.3250895643769345
49,1,-0.5102215928778555,-0.9419165302357521,-0.5102215928778555
49,0,-1.0263299690351242,-0.5735196550016497,-1.0263299690351242
49,1,0.5054086892020688,0.4826914212427249,0.5054086892020688
49,1,-0.27347416780281736,-0.7028844028860026,-0.27347416780281736
49,0,-0.7971402796828801,-0.7515015572357959,-0.7971402796828801
49,1,-0.4503904634790659,-0.36377457652387213,-0.4503904634790659
49,0,-1.022794854738237,-0.7040092766578532,-1.022794854738237
49,1,0.9869379311294434,1.0107540067376235,0.9869379311294434
49,1,-1.2474316894296489,-0.3604914515167762,-1.2474316894296489
49,1,-0.8198621282998724,-1.278453564401879,-0.8198621282998724
49,1,-0.21879549028653272,-0.25031745343942857,-0.21879549028653272
49,1,0.41464178687403397,0.7812895354270417,0.41464178687403397
49,0,-0.8487177728508768,-0.868654943467243,-0.8487177728508768
49,1,-0.4974891379633942,0.03353434390005423,-0.4974891379633942
49,0,-1.0282819567729913,-0.42468003724006764,-1.0282819567729913
49,0,-1.2885008965401519,-0.7605753606743152,-1.2885008965401519
49,1,-0.5802802744583888,-0.8541793229667726,-0.5802802744583888
49,0,-0.8331845350364369,-0.7209285128182279,-0.8331845350364369
49,1,0.26118815171452175,0.14254517118208532,0.26118815171452175
49,1,-0.2743550640603709,-0.5579357239261309,-0.2743550640603709
5,1,0.8475435208079805,0.5631055947239814,0.8475435208079805
5,0,-0.9344857207879924,-0.7057139245240905,-0.9344857207879924
5,1,0.9561006090950221,1.6317500422792746,0.9561006090950221
5,0,-0.23344820861683974,0.062459550648147066,-0.23344820861683974
5,0,0.06639663231821863,0.36177379330823545,0.06639663231821863
5,1,0.5006828201864597,0.9148957312156667,0.5006828201864597
5,1,0.9085996536294321,0.7693650085695765,0.9085996536294321
5,0,-2.0003360567558817,-0.4135425415897964,-2.0003360567558817
5,0,-2.1062292816040205,-0.8834435885538607,-2.1062292816040205
5,1,1.233865284225851,1.1700916722102295,1.233865284225851
5,0,-0.8369215245321251,0.6160376716455458,-0.8369215245321251
5,1,0.8010042418213381,0.6807008655538072,0.8010042418213381
5,0,-0.9863935688912426,-0.00968538752643286,-0.9863935688912426
5,1,0.5235896645530065,0.6717206639678119,0.5235896645530065
5,0,0.7535935612673434,1.8217977206652078,0.7535935612673434
5,1,0.12758611467258493,0.05395269206604264,0.12758611467258493
5,1,0.8260841645690081,1.5905396672983998,0.8260841645690081
5,0,-1.8596601646759965,-0.561822041917771,-1.8596601646759965
5,0,-2.288799062457596,-1.880112822555605,-2.288799062457596
5,0,-0.06479234051229193,0.8449559706990803,-0.06479234051229193
5,1,0.669900881331342,0.5968169420306862,0.669900881331342
5,1,0.7572886535586519,1.1753702953723866,0.7572886535586519
5,0,-0.35566303198485244,-0.21340595084452008,-0.35566303198485244
5,1,0.8564692077892432,0.518827738979077,0.8564692077892432
5,1,0.3285727216191096,1.34493215360777,0.3285727216191096
5,1,0.7226303215557304,1.3307079489446214,0.7226303215557304
5,1,-0.4540419630856016,0.14040038770552823,-0.4540419630856016
5,1,0.05270351821304555,1.031045725111819,0.05270351821304555
5,1,0.11775725470527086,0.7652848699857188,0.11775725470527086
5,0,-1.3008907137058452,-0.9880917039325632,-1.3008907137058452
5,1,0.33594429359474487,0.6694623818670337,0.33594429359474487
5,1,-0.6485938922636932,-0.23545175970597226,-0.6485938922636932
5,0,-0.15999656935104248,0.63106910253979,-0.15999656935104248
5,0,-1.0510701928667077,-1.102735627151576,-1.0510701928667077
5,1,0.08685038971672732,-0.41626561556469177,0.08685038971672732
5,0,-1.3098161746230554,-0.5794388717700263,-1.3098161746230554
5,0,-1.4587461173844962,-1.0484756681900385,-1.4587461173844962
5,1,0.2998954416054559,1.337003220862846,0.2998954416054559
5,1,0.12819329445934882,1.39450046891626,0.12819329445934882
5,0,-1.4896629386106814,-0.5620517007694088,-1.4896629386106814
5,0,-1.1653505447685868,-1.594960529738234,-1.1653505447685868
5,1,1.0099795850259101,1.352120415370673,1.0099795850259101
5,1,-0.21702657675377474,-0.07108637163178218,-0.21702657675377474
5,0,-1.3571116378650059,0.1431076881603966,-1.3571116378650059
5,1,-0.5623506069790457,0.0915225986710288,-0.5623506069790457
5,1,0.6086284428890771,0.7969205554596802,0.6086284428890771
5,1,0.4561060785934636,0.5707078445021498,0.4561060785934636
5,1,-0.05228605326293035,0.2135941757925631,-0.05228605326293035
5,0,-1.697698834968126,-1.0372944609654664,-1.697698834968126
5,1,0.1800372417904514,0.45994670213327327,0.1800372417904514
5,0,-0.9011769911779524,-0.4643947744017225,-0.9011769911779524
5,0,-0.06591959949029366,0.6509234985970899,-0.06591959949029366
5,0,-0.5293263413016203,-0.006152683646348134,-0.5293263413016203
5,0,-0.7393982458697439,1.060002242894192,-0.7393982458697439
5,0,-1.2518492070777723,-0.7609750312043057,-1.2518492070777723
5,1,0.4361790221790612,1.2029240211929189,0.4361790221790612
5,0,-1.3918766721006643,-0.8169314891298326,-1.3918766721006643
5,1,0.10615934933450155,1.0006384955258687,0.10615934933450155
5,0,-0.8591307352329379,-0.7313586681927455,-0.8591307352329379
5,1,0.3996385939078089,1.5472124119679194,0.3996385939078089
5,0,-1.2409725119695363,-0.8902234420332007,-1.2409725119695363
5,1,-0.1592314555656644,-0.24335685404835267,-0.1592314555656644
5,1,0.6155019957572555,0.708515144806091,0.6155019957572555
5,0,-1.8787906090470519,-0.8354557159271129,-1.8787906090470519
5,0,-0.6580979264457022,-0.33051925368031143,-0.6580979264457022
5,1,0.6462530743556827,1.151919538842105,0.6462530743556827
5,0,-1.9108591512655764,0.061933789699038316,-1.9108591512655764
5,1,-0.4643837906458381,0.7226293514781987,-0.4643837906458381
5,1,1.0057001925138085,1.7240854264506007,1.0057001925138085
5,0,-1.3872399476763884,-1.154946917850497,-1.3872399476763884
5,1,0.6399089634982461,1.0888361859540974,0.6399089634982461
5,0,-1.5044820400835615,-0.5274627153521019,-1.5044820400835615
5,0,-0.9429626706252233,0.7766334745334917,-0.9429626706252233
5,1,0.7875831958032393,1.0183178221490976,0.7875831958032393
5,0,-0.46539233773831856,-0.12411917884514076,-0.46539233773831856
5,0,-0.3783116358488641,0.5224963458009235,-0.3783116358488641
5,1,1.3117990577814187,1.5964253778282853,1.3117990577814187
5,0,0.886592619546157,1.5433815787924754,0.886592619546157
5,0,-1.2584666293745714,-1.0553450670611282,-1.2584666293745714
5,0,-1.8638125091906441,-0.7799585545318823,-1.8638125091906441
5,0,-0.01618647815188211,1.4347418984577025,-0.01618647815188211
5,0,-1.716566140782177,-1.3751448551741552,-1.716566140782177
5,1,1.0881691123794364,1.1926778015909465,1.0881691123794364
5,0,-0.16281027557935054,0.4134567443944778,-0.16281027557935054
5,1,0.3089785068445373,0.9754705635449001,0.3089785068445373
5,1,1.1832536120444297,0.9988318729585808,1.1832536120444297
5,0,-1.1685357119123447,-0.9461330687576619,-1.1685357119123447
5,1,0.5955644650417582,1.3146482943111868,0.5955644650417582
5,0,-0.3377204034998379,-0.17667577303466714,-0.3377204034998379
5,0,-0.3764657475062609,0.18898313564042646,-0.3764657475062609
5,0,-0.31543369050639086,0.2866269231613612,-0.31543369050639086
5,1,-1.0248983053912184,-0.9458013064468166,-1.0248983053912184
5,0,-1.7268068423563028,-0.671477604432428,-1.7268068423563028
5,1,-0.5546920843662193,0.709485205096258,-0.5546920843662193
5,1,0.41900489844021094,0.7774339094877042,0.41900489844021094
5,0,-0.730381831848781,0.12108361774543816,-0.730381831848781
5,1,0.5082395386210179,0.6707087064377314,0.5082395386210179
5,1,0.1121850772321267,0.35431651338912085,0.1121850772321267
5,1,0.03723196762690675,0.12204877009504744,0.03723196762690675
5,0,-1.6849940352227426,-1.1852715554380622,-1.6849940352227426
5,0,-0.8174343510863685,-0.5028073482219663,-0.8174343510863685
5,1,0.35077221156566885,0.291986152356134,0.35077221156566885
5,0,-1.4980550390735747,0.07507568143470261,-1.4980550390735747
5,0,-1.397862546789717,-0.2397924005153268,-1.397862546789717
5,1,0.07957019471494282,1.3943584761099188,0.07957019471494282
5,1,-0.6634334902106583,1.0155408678985807,-0.6634334902106583
5,0,-1.2561107405297336,0.717160467303666,-1.2561107405297336
5,1,-1.0047423591237519,0.3940798106183835,-1.0047423591237519
5,0,-0.8266857210124684,-0.2682448887673964,-0.8266857210124684
5,0,-1.6273730210323292,-0.8451031535186643,-1.6273730210323292
5,1,0.7403229985534647,1.49771863166977,0.7403229985534647
5,1,0.20175425453315685,0.1890333971825316,0.20175425453315685
5,0,-1.8657289295175992,-0.7395495484516412,-1.8657289295175992
5,0,-0.20564353584548462,0.45759201294025137,-0.20564353584548462
5,1,-1.9234986938544976,-1.0031537615176953,-1.9234986938544976
5,0,-2.052643058621002,-0.7211611968615781,-2.052643058621002
5,0,-0.29161565729926764,0.8234977277670008,-0.29161565729926764
5,0,-1.2404432960228469,-0.7943741745317552,-1.2404432960228469
5,0,-1.5957303834885432,-0.6770163078520778,-1.5957303834885432
5,1,0.35282792502624966,0.9881870842379981,0.35282792502624966
5,1,-1.0517097280709726,-0.6274222050312425,-1.0517097280709726
5,0,-1.6869158810869553,-1.1043670298280914,-1.6869158810869553
5,1,0.2240068130160191,0.7416233961000511,0.2240068130160191
5,1,-0.16636198674541863,0.03324955368984706,-0.16636198674541863
5,1,0.05290471521968952,0.7910923784923125,0.05290471521968952
5,0,-1.8447482262322605,-0.3797751148055663,-1.8447482262322605
5,1,-0.0002544916069993796,0.8112766735311197,-0.0002544916069993796
5,0,-1.0157827999606162,0.22952421485482255,-1.0157827999606162
5,0,-1.7221643909760325,-1.4644352482778962,-1.7221643909760325
5,1,-0.5503168406958965,-0.1189954581844287,-0.5503168406958965
5,0,-1.3174765811029854,-0.9759945783854047,-1.3174765811029854
5,1,-0.2841945396188127,-0.46282586725920216,-0.2841945396188127
5,0,-0.7010188242094869,0.20532418072322847,-0.7010188242094869
5,1,0.2379135388120476,0.7241546777335558,0.2379135388120476
5,1,-0.49297565612502325,-0.5777750134023285,-0.49297565612502325
5,0,-0.8638795120725246,0.1892549529647811,-0.8638795120725246
5,0,-1.144964992778557,0.10632009384227081,-1.144964992778557
5,1,-1.037595192894767,0.12301674955141015,-1.037595192894767
5,0,-2.173300978860074,-1.1386503062529314,-2.173300978860074
5,0,-1.3104215741554066,-0.9281770794904314,-1.3104215741554066
5,0,-1.583345690441371,-0.595407542808826,-1.583345690441371
5,0,-2.1744439587090536,-1.7516814149068884,-2.1744439587090536
5,1,1.2483143941996218,0.748868294045909,1.2483143941996218
5,0,-0.9803256329511656,-0.8301850774111906,-0.9803256329511656
5,1,-0.31982359066277827,0.09047469822963622,-0.31982359066277827
5,0,-2.2440976088623543,-1.0711623446576164,-2.2440976088623543
5,0,-1.8528788459412011,-0.9873997998013724,-1.8528788459412011
5,0,0.041838771531912795,1.5789997078396183,0.041838771531912795
5,1,1.066102924869114,-0.023843726976906482,1.066102924869114
5,0,-1.3470834365001447,-0.9830633128018971,-1.3470834365001447
5,0,-0.9633556827289826,-1.2301056278982265,-0.9633556827289826
5,0,-1.988312614064459,-1.2070939469637176,-1.988312614064459
5,0,-1.7794001920211409,-1.1223130711997826,-1.7794001920211409
5,1,-0.6332238726950926,-0.7757458801431288,-0.6332238726950926
5,0,-1.6894788446037996,-0.15177206131843152,-1.6894788446037996
5,0,-1.9403930633284918,-0.7251694113763365,-1.9403930633284918
5,1,0.3492359932975238,1.1257065379072615,0.3492359932975238
5,1,-0.7871874330021553,-0.9539855106380333,-0.7871874330021553
5,0,-1.0439154916720168,-0.2983061346790494,-1.0439154916720168
5,0,-1.7719690144903537,-0.8398728981351953,-1.7719690144903537
5,1,-0.7535768325274652,0.05054105460596392,-0.7535768325274652
5,1,-0.4705325444846513,0.021562118841140843,-0.4705325444846513
5,0,-1.424592058927815,-0.8184979032080457,-1.424592058927815
5,1,-0.6965604643225616,-1.2435071363546866,-0.6965604643225616
5,1,1.206720115650057,0.6512385600998304,1.206720115650057
5,1,-0.7461573349727192,-1.484127259686978,-0.7461573349727192
5,1,-0.8703924927771107,0.4163668835134796,-0.8703924927771107
5,0,-2.5635512833807073,-1.6823578673444406,-2.5635512833807073
5,0,-1.8784891903105065,-1.4425550202299204,-1.8784891903105065
5,1,0.08006257164042505,-0.008221861585827744,0.08006257164042505
5,0,-0.6922488200056498,0.05495640338742369,-0.6922488200056498
5,1,-0.5612543470342306,-0.3587254198847316,-0.5612543470342306
5,1,-0.6644914699759322,-0.031505320499319305,-0.6644914699759322
5,1,0.2551224764149689,0.7089115044395334,0.2551224764149689
5,0,-2.2820322118221545,-1.0757450285946009,-2.2820322118221545
5,1,0.06789268653971901,0.8102206921108249,0.06789268653971901
5,0,-1.078549860885383,-0.5707833399353502,-1.078549860885383
5,0,-2.332143679610279,-0.05460469933026643,-2.332143679610279
5,1,-0.3379712592433277,-0.028764091249355694,-0.3379712592433277
5,1,0.49015788074377187,-0.01517890756302584,0.49015788074377187
5,1,-0.8056876861497786,-1.4306772445324416,-0.8056876861497786
5,0,-0.8036468552393147,-0.12165922417131418,-0.8036468552393147
5,1,0.1784811864017075,0.8235275298540317,0.1784811864017075
5,1,-0.17718393667562973,-0.803651275318558,-0.17718393667562973
5,0,-0.8390878963463602,0.7530459229779488,-0.8390878963463602
5,1,-1.1764342391941454,-1.257964844704881,-1.1764342391941454
5,0,-2.4091465213980268,-1.8972305351860523,-2.4091465213980268
5,1,-0.8613692968345755,-0.1166422163442003,-0.8613692968345755
5,1,0.47132742337026323,-0.14304295662668054,0.47132742337026323
5,1,0.03908309312005748,0.9409390252141292,0.03908309312005748
5,1,-0.23884454593455182,-0.2245759109046871,-0.23884454593455182
5,1,0.15547968713254987,0.34752729693495465,0.15547968713254987
5,0,-0.6564390684291254,-0.20665054602094948,-0.6564390684291254
5,1,0.33915922583873676,1.3863596040454271,0.33915922583873676
5,0,-1.3952417108754558,-1.1442085381530949,-1.3952417108754558
5,0,-1.937341801458444,-0.8544639109273018,-1.937341801458444
5,1,-0.7632662392324495,0.6733475023543779,-0.7632662392324495
5,0,-1.6563384573581201,0.43721704363999836,-1.6563384573581201
5,1,-1.2766120373145966,-1.1186840903297752,-1.2766120373145966
5,1,-0.3330166887613648,1.2461371947523203,-0.3330166887613648
6,0,0.03907678216526106,-0.0376350715594998,0.03907678216526106
6,1,-0.34819104989260546,-0.026221658935775972,-0.34819104989260546
6,0,-2.375289209687474,-1.3820373510103254,-2.375289209687474
6,0,-1.377281826167774,-1.5661121173717594,-1.377281826167774
6,1,0.6266040767257434,1.0773785181063307,0.6266040767257434
6,1,0.04993353654020761,1.1770520206323916,0.04993353654020761
6,0,-0.44325256637893734,0.3831998314019019,-0.44325256637893734
6,1,-0.2936050586378085,0.5495264983690739,-0.2936050586378085
6,0,-0.01789934663831372,1.515737408397654,-0.01789934663831372
6,0,-1.4711829558730907,-0.6305489314330694,-1.4711829558730907
6,1,-0.024961841957628392,0.6724452816230485,-0.024961841957628392
6,1,0.7195927742381955,0.7520931901435726,0.7195927742381955
6,0,-1.1148259072473428,-1.4999724750552452,-1.1148259072473428
6,0,-1.9438286340876347,-1.0410512285708762,-1.9438286340876347
6,1,0.25223006221908045,0.38765523120003886,0.25223006221908045
6,0,-0.527976286780634,0.07312644732892573,-0.527976286780634
6,0,0.9886145728514765,0.7859306912197865,0.9886145728514765
6,0,-1.1596045993938242,-0.36638389453677456,-1.1596045993938242
6,0,-1.8945391351940692,-1.0007033874069005,-1.8945391351940692
6,1,0.27324540982045054,1.696331575728884,0.27324540982045054
6,1,0.5878681897321795,0.9298435441155379,0.5878681897321795
6,0,-0.8478384590416901,0.0532287707283554,-0.8478384590416901
6,1,0.13272514400197802,1.136608643038015,0.13272514400197802
6,1,0.6835504781064263,1.3187791313142319,0.6835504781064263
6,1,1.33443198787113,2.1665113414541572,1.33443198787113
6,0,-0.5511397892013492,0.514575767955965,-0.5511397892013492
6,1,0.7861253840839381,1.1985730018943581,0.7861253840839381
6,0,-1.6798458032025494,-0.13230201181025372,-1.6798458032025494
6,0,-0.007927736641238909,0.40813496193185717,-0.007927736641238909
6,1,0.5437776365612309,1.0623591903119123,0.5437776365612309
6,0,-0.36839156845573856,-0.34812965426339015,-0.36839156845573856
6,1,0.6289801983032718,0.6680130678044084,0.6289801983032718
6,0,0.033407048634166915,0.6278153556393177,0.033407048634166915
6,1,-0.029810614463063902,1.0243742553385649,-0.029810614463063902
6,1,0.5836483650978878,1.118194171730182,0.5836483650978878
6,0,0.2549349751221667,1.3410992250918587,0.2549349751221667
6,0,9.62656089841461e-06,0.5746713025447443,9.62656089841461e-06
6,1,-0.17232764754045163,1.029015762202587,-0.17232764754045163
6,0,-0.08506948536985613,0.6511341797903978,-0.08506948536985613
6,0,-0.26486736300614855,1.4121181758526649,-0.26486736300614855
6,0,-0.4509594666989793,0.11932729898546217,-0.4509594666989793
6,0,0.2703425213234672,-0.6310806627637036,0.2703425213234672
6,1,0.7385681386692982,1.8108069046946498,0.7385681386692982
6,0,-0.17071654555494611,0.4511608519091844,-0.17071654555494611
6,1,0.030123797949669958,0.2497254260290868,0.030123797949669958
6,0,-0.15919910956749886,0.5587337250761636,-0.15919910956749886
6,0,-0.8825693576054349,0.5598124667728357,-0.8825693576054349
6,0,-0.3840850856833364,0.01901422770811033,-0.3840850856833364
6,1,0.4568521276437552,1.2203336771947426,0.4568521276437552
6,0,-1.0542907767120098,-1.0595248142069713,-1.0542907767120098
6,0,-1.3294478783529855,-1.346436683062814,-1.3294478783529855
6,0,-1.5539570622094705,-2.0712262840025737,-1.5539570622094705
6,0,-0.018389312213903577,0.01587869795757818,-0.018389312213903577
6,1,1.2174552946614852,0.032388661435219616,1.2174552946614852
6,0,-1.884095277391512,-1.9385969241044092,-1.884095277391512
6,0,-1.304563802429386,-1.6355602193130623,-1.304563802429386
6,1,1.1099231054333816,1.4012013471012035,1.1099231054333816
6,1,1.3120172849466774,1.2913229774712216,1.3120172849466774
6,0,0.9491519276067598,0.16353446334035104,0.9491519276067598
6,0,-0.1539739215761314,-0.1535100417770547,-0.1539739215761314
6,1,1.041339642504185,0.6737971489117252,1.041339642504185
6,1,1.1454633886594345,1.4411042579427678,1.1454633886594345
6,0,-0.6734469220574288,-0.6927838623616516,-0.6734469220574288
6,1,1.1056803352977704,1.2013965245055422,1.1056803352977704
6,1,0.794647094603546,0.7837274244895507,0.794647094603546
6,1,1.1487129840581292,0.5404038248027487,1.1487129840581292
6,1,-0.14811534920659167,0.4257434165984099,-0.14811534920659167
6,0,-1.4055218983040687,-1.0250559362079468,-1.4055218983040687
6,0,-0.9205329721186276,-0.7248033713495123,-0.9205329721186276
6,1,1.2394121425251254,1.5994832849155547,1.2394121425251254
6,0,-0.05833193853856196,-0.2851783638634652,-0.05833193853856196
6,1,-0.0021827426193636182,0.6555115084471472,-0.0021827426193636182
6,1,0.9876246383659776,0.7677899577891554,0.9876246383659776
6,1,0.6560656859692299,0.6171728531004709,0.6560656859692299
6,0,-1.536850795363685,-0.5999146755204336,-1.536850795363685
6,1,0.5523410182211662,0.6697133486701509,0.5523410182211662
6,0,0.03983515170640896,0.6713052743026903,0.03983515170640896
6,0,-0.4631311697314401,0.2700132929797283,-0.4631311697314401
6,1,1.3263687352498075,1.5292224191722665,1.3263687352498075
6,1,0.03655218360197752,1.1562357681506186,0.03655218360197752
6,1,0.3223387793098803,1.3998975596851704,0.3223387793098803
6,0,0.26221770392520527,1.665619180816193,0.26221770392520527
6,1,0.36222744226136155,0.4230101310513741,0.36222744226136155
6,1,0.3168520540485467,0.5246083613135086,0.3168520540485467
6,0,-1.6368080303236694,-0.5778116807809401,-1.6368080303236694
6,1,-0.16439944935177236,0.2561779671671448,-0.16439944935177236
6,0,-1.7758735928035612,0.07040035601786698,-1.7758735928035612
6,1,-0.16258664171550496,0.42170985941344974,-0.16258664171550496
6,1,0.8099832045642853,0.6277636715181781,0.8099832045642853
6,1,0.2824886791180058,0.8615538938910119,0.2824886791180058
6,1,0.03051901442929391,0.6050708269715915,0.03051901442929391
6,1,0.27917420333626985,0.5059414546378448,0.27917420333626985
6,0,-0.5698591737704408,0.6670355633768277,-0.5698591737704408
6,1,0.346129458766662,1.4320814664263204,0.346129458766662
6,0,-0.3480854779801305,0.22803670356517033,-0.3480854779801305
6,0,-0.2611016068597912,1.204559411855062,-0.2611016068597912
6,1,0.5880114766640646,1.0574878946835715,0.5880114766640646
6,0,-1.6769955876297773,-0.36315819502256563,-1.6769955876297773
6,1,0.8842207555082823,1.2679142401131727,0.8842207555082823
6,1,0.4228809173281307,1.5334853709245564,0.4228809173281307
6,0,-0.3512025244894293,-0.8930436129266603,-0.3512025244894293
6,1,1.1978790519790794,0.38975384281804926,1.1978790519790794
6,0,-1.4655099538325722,-0.37121636295824156,-1.4655099538325722
6,0,-0.6576421813160458,-0.013432208574632815,-0.6576421813160458
6,1,-0.28736435324567794,0.008862267524490125,-0.28736435324567794
6,1,1.541125063757265,0.6793740977937195,1.541125063757265
6,0,-0.558972155070478,-0.3433549299991561,-0.558972155070478
6,1,1.4343732476380773,1.5273247421535128,1.4343732476380773
6,0,-1.857085445828427,-0.5685575120181954,-1.857085445828427
6,0,1.2804564825898634,1.329229420284769,1.2804564825898634
6,1,1.7954857043156158,0.9559412125367427,1.7954857043156158
6,1,0.7749294865337005,0.15142092887007755,0.7749294865337005
6,0,0.27032566071289166,1.7238047719319838,0.27032566071289166
6,0,1.173013965435882,1.674987414145297,1.173013965435882
6,1,1.1868531545962533,1.3126763078334283,1.1868531545962533
6,0,-0.5279291147483647,0.19493468822916532,-0.5279291147483647
6,0,-0.3146507553382145,0.04700724427087441,-0.3146507553382145
6,0,-0.947716420873963,-0.12277722532894436,-0.947716420873963
6,0,-0.2615020039739495,-0.11331478410225754,-0.2615020039739495
6,1,1.3156246643856513,1.4253847982993817,1.3156246643856513
6,1,1.4112075599315224,1.6126698403420736,1.4112075599315224
6,0,-1.965675464112436,-0.8988692267068402,-1.965675464112436
6,1,1.602166879188731,1.0410223656735975,1.602166879188731
6,1,0.7256235603189932,0.33282124206682107,0.7256235603189932
6,1,1.187915957061312,1.0224794329600042,1.187915957061312
6,0,0.6262467448135689,0.564619432343353,0.6262467448135689
6,1,2.401277985280512,1.7937428181447201,2.401277985280512
6,0,-0.18513291391845957,1.069254047645076,-0.18513291391845957
6,0,0.5897536769612963,0.1626737911364065,0.5897536769612963
6,1,1.5998993060337008,0.9617260034383202,1.5998993060337008
6,0,0.6598105123520683,0.7836915650378391,0.6598105123520683
6,1,0.3753599175165604,1.2917867630791884,0.3753599175165604
6,0,-1.4472144393617472,-1.5944686976044589,-1.4472144393617472
6,1,0.9242068143890096,1.6941254685668339,0.9242068143890096
6,1,1.1322544660771794,1.263748029386889,1.1322544660771794
6,0,-0.3215708774011891,0.4760445005358299,-0.3215708774011891
6,0,1.5722775944354286,1.9501670518085437,1.5722775944354286
6,1,2.22000355144724,1.791460229144331,2.22000355144724
6,0,0.08959498628034684,0.7183659364276539,0.08959498628034684
6,0,-0.4466654930554974,0.14593317273419243,-0.4466654930554974
6,0,-0.027985034207835397,-0.261338724011533,-0.027985034207835397
6,0,-1.982736066019635,-1.073715534970258,-1.982736066019635
6,1,-0.7646443256959344,-0.8083361203720356,-0.7646443256959344
6,0,-1.785992219789386,-1.3316582935682992,-1.785992219789386
6,1,1.71095583383886,1.413185132278421,1.71095583383886
6,0,-1.2053950035295198,-0.4877946519377035,-1.2053950035295198
6,0,-0.644141636106183,0.21783218622884104,-0.644141636106183
6,0,-1.0089720175443233,0.0629156294185059,-1.0089720175443233
6,1,1.4536201903508075,1.7966787002826763,1.4536201903508075
6,0,-0.7193054468275837,-0.1375563326716845,-0.7193054468275837
6,0,-1.4337563941937375,-0.3701033024714303,-1.4337563941937375
6,0,0.27977555255434866,1.2296112384875861,0.27977555255434866
6,0,1.290684524577054,1.1439936086436626,1.290684524577054
6,1,1.5052179539288366,1.6300864955615189,1.5052179539288366
6,0,-1.258738885848356,-0.2947466174198219,-1.258738885848356
6,0,-0.46166582254372523,-0.5420797555920245,-0.46166582254372523
6,1,0.5458301097703938,0.9183945314460398,0.5458301097703938
6,1,1.3265922372429557,1.1141239277399164,1.3265922372429557
6,0,-0.20328137372319244,-0.857382690518222,-0.20328137372319244
6,0,-0.8477906088172635,0.6066904160501474,-0.8477906088172635
6,1,2.2737365653549557,1.5174523335845531,2.2737365653549557
6,1,1.1490488398853247,1.1480264522698955,1.1490488398853247
6,0,0.888861850504238,1.04970638921401,0.888861850504238
6,1,0.34411048071459766,1.0490356811762027,0.34411048071459766
6,1,0.45635486208313963,1.3072807209385384,0.45635486208313963
6,1,0.8109893403068734,1.752027883012614,0.8109893403068734
6,1,0.464847523372013,1.2135201275513157,0.464847523372013
6,0,-0.9617751182292233,-0.32281968291249896,-0.9617751182292233
6,0,1.1653267326883996,1.0159199891443187,1.1653267326883996
6,1,0.9331271511876987,1.0937004982802168,0.9331271511876987
6,0,0.25953568000742544,-0.7052445960514508,0.25953568000742544
6,1,0.27017826695072106,0.7421434957782351,0.27017826695072106
6,1,0.18419638706534236,0.0761721742999255,0.18419638706534236
6,1,0.6349375135670366,0.562172586006825,0.6349375135670366
6,0,-0.7018083905898672,0.8153887072157864,-0.7018083905898672
6,1,0.8713287747275045,1.6654443024523113,0.8713287747275045
6,0,-2.51489536667136,-1.7586766678982901,-2.51489536667136
6,0,-0.7959914221685379,0.16261536480177824,-0.7959914221685379
6,1,1.5119962584762667,1.1675130274200676,1.5119962584762667
6,1,0.11553097591714748,0.3483511688175086,0.11553097591714748
6,1,0.7605052436056948,1.8182181400493316,0.7605052436056948
6,0,-1.040529730359088,-0.30834886199774325,-1.040529730359088
6,1,1.0955805469829796,1.053660427047333,1.0955805469829796
6,1,0.640778405843811,1.691058621359041,0.640778405843811
6,0,-1.3569018504243704,-0.5952685576465281,-1.3569018504243704
6,1,1.0183705551685416,1.048069652652125,1.0183705551685416
6,0,-0.9118906941044016,-0.7271984863111935,-0.9118906941044016
6,1,0.4214892293441591,1.48728483653952,0.4214892293441591
6,1,-0.48150230262779575,-0.9062912468413754,-0.48150230262779575
6,1,2.064704178654493,1.6982875226355525,2.064704178654493
6,1,0.6011902950500073,-0.3330249481164561,0.6011902950500073
6,1,1.139673737567873,0.8390640922989914,1.139673737567873
6,0,0.3223998166040307,0.9110271276945741,0.3223998166040307
6,1,0.9864137639465911,0.98636244946026,0.9864137639465911
6,0,-1.1083332723074735,-1.0925744922335567,-1.1083332723074735
6,0,-0.022798051041325058,1.0806698335715201,-0.022798051041325058
6,1,1.6201923224716113,1.161522642330537,1.6201923224716113
6,0,0.4747344347041186,-0.20574952113298461,0.4747344347041186
6,1,1.6306922441591658,2.0545893664235164,1.6306922441591658
6,1,1.011387964072418,2.108302225777605,1.011387964072418
9,0,-0.352122755892102,-0.9176063496440365,-0.352122755892102
9,1,0.8020888217901122,1.060706784512552,0.8020888217901122
9,0,-0.6091305688268195,-0.6041241479383234,-0.6091305688268195
9,0,-1.2770566299510009,-1.5948184878475078,-1.2770566299510009
9,1,0.9335834991548283,0.23001870290793108,0.9335834991548283
9,1,-0.5935360299768346,-1.0947660259021104,-0.5935360299768346
9,0,-0.6278130296006843,-0.9901796084857999,-0.6278130296006843
9,1,0.9594737108210161,0.6518896937625527,0.9594737108210161
9,0,0.015248378269733574,-1.0005637095836013,0.015248378269733574
9,0,0.25511156882444014,-0.8045487252316901,0.25511156882444014
9,1,1.708163792082241,1.1429288050929876,1.708163792082241
9,1,0.90468588204476,0.15206766786084291,0.90468588204476
9,0,-1.251558262642322,-1.466224231259237,-1.251558262642322
9,0,-0.26355182093049667,-0.9726996729473623,-0.26355182093049667
9,1,0.3645867597443276,-0.7863930050728378,0.3645867597443276
9,0,0.03961258222747683,-0.9755150795299934,0.03961258222747683
9,0,-1.1683434821131131,-1.703870900875006,-1.1683434821131131
9,0,-1.2178594218325083,-1.089133064744337,-1.2178594218325083
9,0,-0.415436703436988,-0.7173472038589025,-0.415436703436988
9,1,1.4599126078949265,0.6852295464872491,1.4599126078949265
9,1,0.6898481704784349,0.3979876496785502,0.6898481704784349
9,0,-0.7544422057200867,-1.5375272806489255,-0.7544422057200867
9,1,0.7234781371069482,0.20424545153926504,0.7234781371069482
9,1,0.6240226889886276,0.7783972778011709,0.6240226889886276
9,1,1.5909842440629014,0.3261915474610803,1.5909842440629014
9,0,0.2610682058960478,-0.2396311142946224,0.2610682058960478
9,1,1.2135853795029803,0.40660694339771825,1.2135853795029803
9,0,-0.01448354706442098,-0.4292700860597642,-0.01448354706442098
9,0,-1.0169649642453467,-1.2270619053430722,-1.0169649642453467
9,1,1.521561782080531,1.1267242822710168,1.521561782080531
9,0,-1.0674302222754912,-0.3690411453812245,-1.0674302222754912
9,1,1.0423438190249856,-0.12899546409973636,1.0423438190249856
9,0,0.43738484783461057,-0.2878462668620331,0.43738484783461057
9,1,0.2460711731752509,-0.39943847897805546,0.2460711731752509
9,1,1.4387451757022982,0.28954334149675204,1.4387451757022982
9,0,-0.10084613765272736,-0.6427515961488928,-0.10084613765272736
9,0,-0.4529998831586804,-0.4196447224951456,-0.4529998831586804
9,1,0.542828581991876,0.34773906813648037,0.542828581991876
9,0,-0.40766439525111575,-0.6178282385024881,-0.40766439525111575
9,0,-0.580072521594225,-1.3207515846402356,-0.580072521594225
9,0,0.9500675623737003,0.33248655059714255,0.9500675623737003
9,0,-1.4927717714594093,-0.9364035634799316,-1.4927717714594093
9,1,1.2370045603669702,0.8625792534379464,1.2370045603669702
9,0,-0.3770696022675873,-1.6777907858563856,-0.3770696022675873
9,1,-0.26671519173186825,1.248960114693987,-0.26671519173186825
9,0,-0.2955676713861389,-0.23737704588116848,-0.2955676713861389
9,0,-0.9365245171219846,-0.7119511586514526,-0.9365245171219846
9,0,-1.3461812902216646,-1.5517560466048028,-1.3461812902216646
9,1,2.0486623720768167,1.942193939542847,2.0486623720768167
9,0,-0.6687368021708041,-1.0404320035391803,-0.6687368021708041
9,0,-1.1407837874198852,-1.7751452900687543,-1.1407837874198852
9,0,-0.3728194096955886,-0.6265944239729373,-0.3728194096955886
9,0,-1.2455977824818234,-1.6702756203488391,-1.2455977824818234
9,1,1.2341189280926539,0.04307639546164656,1.2341189280926539
9,0,-0.6129473966103501,-1.2313994069418202,-0.6129473966103501
9,0,-0.32917424038522775,-1.0214229456912953,-0.32917424038522775
9,1,0.38983935775069595,0.8627586570695169,0.38983935775069595
9,1,-0.031775318303879085,-0.7342459783880562,-0.031775318303879085
9,0,-1.0486296807115847,-0.640533366279487,-1.0486296807115847
9,0,-1.3544314224596452,-0.6942272222983334,-1.3544314224596452
9,1,0.5758101592407383,0.8920108921319415,0.5758101592407383
9,1,-0.22745920670839553,-0.1990876755635832,-0.22745920670839553
9,0,-1.6570158959685057,-1.7284082172186306,-1.6570158959685057
9,1,-0.23421588446147848,0.022689620788950052,-0.23421588446147848
9,1,1.5489432629457764,0.37563147931935087,1.5489432629457764
9,1,1.778956805059683,0.8407569985133504,1.778956805059683
9,1,1.3567018590926725,0.4598802356824803,1.3567018590926725
9,0,-1.4456093845896438,-1.0056481207381864,-1.4456093845896438
9,0,-1.484822605829869,-2.065030304183247,-1.484822605829869
9,1,0.4497756822885398,1.240071948170868,0.4497756822885398
9,0,-0.23985978075524939,-0.7274403046831993,-0.23985978075524939
9,1,0.39835172428947097,-0.7802920160671731,0.39835172428947097
9,1,-0.17991820022818705,-0.4536338636604797,-0.17991820022818705
9,1,0.7332068036023675,1.4714132297131621,0.7332068036023675
9,0,-0.27630855889192085,-0.85625225934354,-0.27630855889192085
9,1,0.2620603068287155,-0.4879677750207741,0.2620603068287155
9,0,-2.066025598395507,-2.324766225570981,-2.066025598395507
9,0,-0.7914482882619592,-1.8171107818124748,-0.7914482882619592
9,1,0.4753959734761513,1.2368696485830664,0.4753959734761513
9,1,0.6235218817578576,0.2528827798669824,0.6235218817578576
9,1,-0.459863602240579,-1.0711953918829735,-0.459863602240579
9,0,-1.1733084515414867,-0.38266564031146233,-1.1733084515414867
9,1,0.37252051534096187,-0.4938286556688828,0.37252051534096187
9,1,0.5468047849323551,-0.271812066481158,0.5468047849323551
9,0,-0.8275200480752257,-1.5513816709504644,-0.8275200480752257
9,1,0.04176084065951256,-0.8410398165798403,0.04176084065951256
9,0,-2.121518596305911,-2.197299510795995,-2.121518596305911
9,1,1.1053709289647067,1.489637386786685,1.1053709289647067
9,1,1.2468549246772695,-0.07966132195366181,1.2468549246772695
9,1,1.6099380570543411,0.46335145634339425,1.6099380570543411
9,1,0.9335964601604997,-0.12008381368972046,0.9335964601604997
9,1,0.47758807891501887,-0.24248984024844986,0.47758807891501887
9,0,-0.1266276690257196,0.34816920942526863,-0.1266276690257196
9,1,1.6293328456573466,-0.7767698401980612,1.6293328456573466
9,0,-0.5991886485752944,-1.5821798594778382,-0.5991886485752944
9,0,0.5647960171886375,-0.28322646231136944,0.5647960171886375
9,1,0.6930265557006207,-0.4224575407526582,0.6930265557006207
9,0,-0.9662812529858911,-0.16655062037900262,-0.9662812529858911
9,1,1.042952232744702,1.362937623672508,1.042952232744702
9,1,1.813896360743801,1.7772173685722756,1.813896360743801
9,0,-0.6724348332947939,-1.1861414171192535,-0.6724348332947939
9,1,0.6899983523639186,0.37932620780148807,0.6899983523639186
9,0,-0.6111410694769185,-0.8681591479967207,-0.6111410694769185
9,0,-1.0803029876118142,-0.90755248302194,-1.0803029876118142
9,1,0.9536795384484064,0.9342920785074136,0.9536795384484064
9,1,1.0645231139161961,0.28507590620220175,1.0645231139161961
9,0,-0.5188565238103782,-0.9804050681502401,-0.5188565238103782
9,1,1.6399619252735107,1.0299547051879314,1.6399619252735107
9,0,-0.48424216126565023,-0.5220856011841501,-0.48424216126565023
9,0,-0.2553491433048509,-0.7992446065693414,-0.2553491433048509
9,1,1.5844787234720448,1.1711878480722584,1.5844787234720448
9,1,0.7844643407815212,0.3941221852224606,0.7844643407815212
9,0,-1.3159649661392108,-1.020544002599869,-1.3159649661392108
9,0,-1.2875771988220088,-1.5254184201284229,-1.2875771988220088
9,1,0.4133053715508764,-0.5184945623819062,0.4133053715508764
9,0,-0.9750020505809871,-0.9735551094664099,-0.9750020505809871
9,0,-0.20712956789399486,-0.6789979012183256,-0.20712956789399486
9,0,-0.14987053876750134,-0.26271607390138896,-0.14987053876750134
9,0,-1.769689987423335,-1.5658768918622286,-1.769689987423335
9,1,0.7305555243957153,0.6658818398461807,0.7305555243957153
9,1,-0.35953758145643155,0.10980353420410024,-0.35953758145643155
9,0,-0.9763380137760399,-0.4974419924308933,-0.9763380137760399
9,1,1.0836873171857446,0.5927449925419238,1.0836873171857446
9,1,0.6680159592623561,0.35038174834052327,0.6680159592623561
9,1,0.07316152373187243,-0.1864666095862211,0.07316152373187243
9,0,-1.5868584243970696,-1.8571380014333985,-1.5868584243970696
9,1,0.9438474099716678,0.6490566943159447,0.9438474099716678
9,0,-0.9428410481650273,-1.688435446498636,-0.9428410481650273
9,0,-1.0166603806120678,-0.5442724077016321,-1.0166603806120678
9,1,-0.2403761487282935,-0.49796679309432024,-0.2403761487282935
9,0,-1.8135455093344623,-1.2702935259375254,-1.8135455093344623
9,1,1.0006276165964882,1.0945174561278863,1.0006276165964882
9,0,-0.5203628262689212,-0.5437608785939285,-0.5203628262689212
9,1,-0.29290802780954756,-1.1672804319209527,-0.29290802780954756
9,1,0.5694753546867926,0.8288970039876886,0.5694753546867926
9,0,-1.5866661192431537,-1.5607118163545648,-1.5866661192431537
9,0,-1.3735305192821,-1.3130111470734076,-1.3735305192821
9,1,0.5930548903186242,0.5049156197127411,0.5930548903186242
9,0,-0.6978212988975305,0.042074679908505025,-0.6978212988975305
9,0,-0.700594351273747,-1.1195147661720404,-0.700594351273747
9,0,-1.7826939452647395,-1.6434126954191748,-1.7826939452647395
9,0,-0.01862253496130548,-1.016911067365176,-0.01862253496130548
9,1,0.029402691299827463,-0.0883125913696524,0.029402691299827463
9,0,-1.1028550621254474,-1.0001919161034323,-1.1028550621254474
9,1,0.42044956076713036,-0.13241423875947472,0.42044956076713036
9,0,-0.3747998815040593,-0.2771524613017791,-0.3747998815040593
9,0,0.7038459058942291,0.7544106434830031,0.7038459058942291
9,0,0.12912415087248477,0.18069172057889166,0.12912415087248477
9,1,0.6066483855313691,0.2563531463812762,0.6066483855313691
9,0,-0.8960964276641136,-0.899217016514794,-0.8960964276641136
9,0,-0.6548056049411024,-0.6331788000584793,-0.6548056049411024
9,0,-1.5946736093982155,-1.7132495262273009,-1.5946736093982155
9,0,-1.0876252022693402,-0.983079338919134,-1.0876252022693402
9,1,0.9048126286234773,1.0834317842722945,0.9048126286234773
9,0,-1.5689258180850452,-1.4810861361028236,-1.5689258180850452
9,0,0.2890530705558439,-0.1230896104722004,0.2890530705558439
9,1,0.6304545126983988,0.7726585604916354,0.6304545126983988
9,1,-0.13410695110299223,-0.5658638967217274,-0.13410695110299223
9,0,-1.577693938421779,-1.103481750419164,-1.577693938421779
9,0,0.43318604715719283,0.5229599777959755,0.43318604715719283
9,1,0.5297322393077205,0.157495331318928,0.5297322393077205
9,1,0.10519856769242798,0.4286622085522472,0.10519856769242798
9,0,-1.4967076973212174,-1.2503228375923479,-1.4967076973212174
9,1,-0.8655616546864996,-1.1268840886811773,-0.8655616546864996
9,1,-0.9642161578671353,-1.0780326298502536,-0.9642161578671353
9,1,-0.06370765693082722,-0.10856677042788486,-0.06370765693082722
9,1,0.6104086973017976,-0.07178747744735152,0.6104086973017976
9,0,-0.4035744067375909,-1.5378299789253311,-0.4035744067375909
9,0,-1.3416805056475707,-1.3377328552114018,-1.3416805056475707
9,1,-1.4849137849976741,-0.7026507605402809,-1.4849137849976741
9,0,-1.3259071124547883,-1.2833151436052848,-1.3259071124547883
9,1,1.8612820988973466,1.9002351510987419,1.8612820988973466
9,1,1.5863241596865432,1.4464459308704456,1.5863241596865432
9,1,0.871655211219183,0.8627990258910484,0.871655211219183
9,0,-1.1896999038535552,-0.6356777525278049,-1.1896999038535552
9,1,-0.36541321224259266,-0.5761871264654013,-0.36541321224259266
9,0,0.6218700694042474,0.2326464684963241,0.6218700694042474
9,0,-2.322149237143911,-1.9250649007659195,-2.322149237143911
9,1,-0.9590123894447335,-0.4496112306891788,-0.9590123894447335
9,1,-0.23770039808796803,0.10338147952040652,-0.23770039808796803
9,1,-0.8520265970313025,-0.8855801421410194,-0.8520265970313025
9,0,-1.6578642390025122,-1.2908730618042075,-1.6578642390025122
9,1,0.47199838147781303,0.15312679501822563,0.47199838147781303
9,1,-0.3664934216396868,-1.4585651786852494,-0.3664934216396868
9,0,-1.2348592878642932,-0.7982473620197013,-1.2348592878642932
9,1,-0.13525261546259426,0.5592494530062836,-0.13525261546259426
9,0,-0.14024597476821632,-0.504486652269957,-0.14024597476821632
9,1,0.7908205083884197,0.8648384786062588,0.7908205083884197
9,1,0.051281123195288415,0.09353073225457015,0.051281123195288415
9,1,0.5996792452463638,0.6957391846109711,0.5996792452463638
9,1,0.13185644578391903,0.768449792327601,0.13185644578391903
9,1,0.7383265515519571,0.44285396715007075,0.7383265515519571
9,0,-0.14366885768241788,0.14959864917115417,-0.14366885768241788
9,1,1.7452494491705617,1.2277743382317419,1.7452494491705617
9,0,-0.498277272604776,-0.5008082949458266,-0.498277272604776
9,0,-0.315615069231107,-0.35645723280857483,-0.315615069231107
9,1,0.6129891431053617,0.5975722364424221,0.6129891431053617
9,0,-1.3077529633714031,-0.9236227148829832,-1.3077529633714031
9,1,0.8055218304899946,1.1090685900364468,0.8055218304899946
9,1,0.6025335299720793,0.05947114355397287,0.6025335299720793
