subject_id,session,BA,macro_F1,task,fold,seed,checkpoint_sha256
4,S1,0.73,0.72997299729973,OpenBMI_MI,0,0,6ac976196e0658f66888c0fe23c909c6745c567e57c05cb7e5b2f2113adc5c8c
4,S2,0.8,0.797077922077922,OpenBMI_MI,0,0,6ac976196e0658f66888c0fe23c909c6745c567e57c05cb7e5b2f2113adc5c8c
12,S1,0.74,0.7373737373737375,OpenBMI_MI,0,0,6ac976196e0658f66888c0fe23c909c6745c567e57c05cb7e5b2f2113adc5c8c
12,S2,0.7,0.6875,OpenBMI_MI,0,0,6ac976196e0658f66888c0fe23c909c6745c567e57c05cb7e5b2f2113adc5c8c
13,S1,0.72,0.7181964573268921,OpenBMI_MI,0,0,6ac976196e0658f66888c0fe23c909c6745c567e57c05cb7e5b2f2113adc5c8c
13,S2,0.6799999999999999,0.6794871794871795,OpenBMI_MI,0,0,6ac976196e0658f66888c0fe23c909c6745c567e57c05cb7e5b2f2113adc5c8c
17,S1,0.72,0.72,OpenBMI_MI,0,0,6ac976196e0658f66888c0fe23c909c6745c567e57c05cb7e5b2f2113adc5c8c
17,S2,0.65,0.6457131288591963,OpenBMI_MI,0,0,6ac976196e0658f66888c0fe23c909c6745c567e57c05cb7e5b2f2113adc5c8c
18,S1,0.6200000000000001,0.6186270574066639,OpenBMI_MI,0,0,6ac976196e0658f66888c0fe23c909c6745c567e57c05cb7e5b2f2113adc5c8c
18,S2,0.6399999999999999,0.6386993175431553,OpenBMI_MI,0,0,6ac976196e0658f66888c0fe23c909c6745c567e57c05cb7e5b2f2113adc5c8c
24,S1,0.6499999999999999,0.6482765551200884,OpenBMI_MI,0,0,6ac976196e0658f66888c0fe23c909c6745c567e57c05cb7e5b2f2113adc5c8c
24,S2,0.55,0.5248653785239151,OpenBMI_MI,0,0,6ac976196e0658f66888c0fe23c909c6745c567e57c05cb7e5b2f2113adc5c8c
25,S1,0.74,0.7241086587436333,OpenBMI_MI,0,0,6ac976196e0658f66888c0fe23c909c6745c567e57c05cb7e5b2f2113adc5c8c
25,S2,0.96,0.9599358974358975,OpenBMI_MI,0,0,6ac976196e0658f66888c0fe23c909c6745c567e57c05cb7e5b2f2113adc5c8c
29,S1,0.61,0.6052232007288187,OpenBMI_MI,0,0,6ac976196e0658f66888c0fe23c909c6745c567e57c05cb7e5b2f2113adc5c8c
29,S2,0.65,0.64996499649965,OpenBMI_MI,0,0,6ac976196e0658f66888c0fe23c909c6745c567e57c05cb7e5b2f2113adc5c8c
36,S1,0.9299999999999999,0.9299929992999301,OpenBMI_MI,0,0,6ac976196e0658f66888c0fe23c909c6745c567e57c05cb7e5b2f2113adc5c8c
36,S2,0.9099999999999999,0.9097744360902256,OpenBMI_MI,0,0,6ac976196e0658f66888c0fe23c909c6745c567e57c05cb7e5b2f2113adc5c8c
37,S1,0.69,0.6897207486738064,OpenBMI_MI,0,0,6ac976196e0658f66888c0fe23c909c6745c567e57c05cb7e5b2f2113adc5c8c
37,S2,0.72,0.7126436781609196,OpenBMI_MI,0,0,6ac976196e0658f66888c0fe23c909c6745c567e57c05cb7e5b2f2113adc5c8c
39,S1,0.8,0.7996794871794872,OpenBMI_MI,0,0,6ac976196e0658f66888c0fe23c909c6745c567e57c05cb7e5b2f2113adc5c8c
39,S2,0.76,0.7596153846153846,OpenBMI_MI,0,0,6ac976196e0658f66888c0fe23c909c6745c567e57c05cb7e5b2f2113adc5c8c
42,S1,0.75,0.7457023700539112,OpenBMI_MI,0,0,6ac976196e0658f66888c0fe23c909c6745c567e57c05cb7e5b2f2113adc5c8c
42,S2,0.69,0.6892230576441103,OpenBMI_MI,0,0,6ac976196e0658f66888c0fe23c909c6745c567e57c05cb7e5b2f2113adc5c8c
51,S1,0.72,0.7159090909090908,OpenBMI_MI,0,0,6ac976196e0658f66888c0fe23c909c6745c567e57c05cb7e5b2f2113adc5c8c
51,S2,0.7,0.6921182266009853,OpenBMI_MI,0,0,6ac976196e0658f66888c0fe23c909c6745c567e57c05cb7e5b2f2113adc5c8c
54,S1,0.71,0.7085720028137876,OpenBMI_MI,0,0,6ac976196e0658f66888c0fe23c909c6745c567e57c05cb7e5b2f2113adc5c8c
54,S2,0.71,0.7076318177235609,OpenBMI_MI,0,0,6ac976196e0658f66888c0fe23c909c6745c567e57c05cb7e5b2f2113adc5c8c
4,S1,0.6799999999999999,0.6715927750410509,OpenBMI_MI,0,1,666ec91dd0e33f5ece8021696698231735b7833317e0a0f2a2071a53093745fa
4,S2,0.78,0.7726333195535345,OpenBMI_MI,0,1,666ec91dd0e33f5ece8021696698231735b7833317e0a0f2a2071a53093745fa
12,S1,0.81,0.8098288459613652,OpenBMI_MI,0,1,666ec91dd0e33f5ece8021696698231735b7833317e0a0f2a2071a53093745fa
12,S2,0.79,0.7874278773155178,OpenBMI_MI,0,1,666ec91dd0e33f5ece8021696698231735b7833317e0a0f2a2071a53093745fa
13,S1,0.6799999999999999,0.6794871794871795,OpenBMI_MI,0,1,666ec91dd0e33f5ece8021696698231735b7833317e0a0f2a2071a53093745fa
13,S2,0.66,0.6427070197562001,OpenBMI_MI,0,1,666ec91dd0e33f5ece8021696698231735b7833317e0a0f2a2071a53093745fa
17,S1,0.73,0.712,OpenBMI_MI,0,1,666ec91dd0e33f5ece8021696698231735b7833317e0a0f2a2071a53093745fa
17,S2,0.62,0.6161616161616161,OpenBMI_MI,0,1,666ec91dd0e33f5ece8021696698231735b7833317e0a0f2a2071a53093745fa
18,S1,0.78,0.7756017951856384,OpenBMI_MI,0,1,666ec91dd0e33f5ece8021696698231735b7833317e0a0f2a2071a53093745fa
18,S2,0.74,0.7395833333333333,OpenBMI_MI,0,1,666ec91dd0e33f5ece8021696698231735b7833317e0a0f2a2071a53093745fa
24,S1,0.64,0.6328029375764994,OpenBMI_MI,0,1,666ec91dd0e33f5ece8021696698231735b7833317e0a0f2a2071a53093745fa
24,S2,0.5800000000000001,0.525101763907734,OpenBMI_MI,0,1,666ec91dd0e33f5ece8021696698231735b7833317e0a0f2a2071a53093745fa
25,S1,0.69,0.6656239887822242,OpenBMI_MI,0,1,666ec91dd0e33f5ece8021696698231735b7833317e0a0f2a2071a53093745fa
25,S2,0.99,0.9899989998999901,OpenBMI_MI,0,1,666ec91dd0e33f5ece8021696698231735b7833317e0a0f2a2071a53093745fa
29,S1,0.76,0.7584541062801933,OpenBMI_MI,0,1,666ec91dd0e33f5ece8021696698231735b7833317e0a0f2a2071a53093745fa
29,S2,0.8300000000000001,0.8291628982011858,OpenBMI_MI,0,1,666ec91dd0e33f5ece8021696698231735b7833317e0a0f2a2071a53093745fa
36,S1,0.87,0.8677652324280338,OpenBMI_MI,0,1,666ec91dd0e33f5ece8021696698231735b7833317e0a0f2a2071a53093745fa
36,S2,0.96,0.9599358974358975,OpenBMI_MI,0,1,666ec91dd0e33f5ece8021696698231735b7833317e0a0f2a2071a53093745fa
37,S1,0.71,0.7050147492625369,OpenBMI_MI,0,1,666ec91dd0e33f5ece8021696698231735b7833317e0a0f2a2071a53093745fa
37,S2,0.8,0.797077922077922,OpenBMI_MI,0,1,666ec91dd0e33f5ece8021696698231735b7833317e0a0f2a2071a53093745fa
39,S1,0.8200000000000001,0.8199279711884754,OpenBMI_MI,0,1,666ec91dd0e33f5ece8021696698231735b7833317e0a0f2a2071a53093745fa
39,S2,0.78,0.7799119647859143,OpenBMI_MI,0,1,666ec91dd0e33f5ece8021696698231735b7833317e0a0f2a2071a53093745fa
42,S1,0.76,0.7552019583843329,OpenBMI_MI,0,1,666ec91dd0e33f5ece8021696698231735b7833317e0a0f2a2071a53093745fa
42,S2,0.7,0.6921182266009853,OpenBMI_MI,0,1,666ec91dd0e33f5ece8021696698231735b7833317e0a0f2a2071a53093745fa
51,S1,0.75,0.7457023700539112,OpenBMI_MI,0,1,666ec91dd0e33f5ece8021696698231735b7833317e0a0f2a2071a53093745fa
51,S2,0.6799999999999999,0.6692848284415047,OpenBMI_MI,0,1,666ec91dd0e33f5ece8021696698231735b7833317e0a0f2a2071a53093745fa
54,S1,0.65,0.6457131288591963,OpenBMI_MI,0,1,666ec91dd0e33f5ece8021696698231735b7833317e0a0f2a2071a53093745fa
54,S2,0.73,0.7266929851199515,OpenBMI_MI,0,1,666ec91dd0e33f5ece8021696698231735b7833317e0a0f2a2071a53093745fa
4,S1,0.76,0.7596153846153846,OpenBMI_MI,0,2,e9a084001940b2e4ca46729c1c0f6ad19c110c11f09df99b2bf0d04a93004eac
4,S2,0.76,0.75,OpenBMI_MI,0,2,e9a084001940b2e4ca46729c1c0f6ad19c110c11f09df99b2bf0d04a93004eac
12,S1,0.77,0.7613860358958398,OpenBMI_MI,0,2,e9a084001940b2e4ca46729c1c0f6ad19c110c11f09df99b2bf0d04a93004eac
12,S2,0.77,0.7647058823529411,OpenBMI_MI,0,2,e9a084001940b2e4ca46729c1c0f6ad19c110c11f09df99b2bf0d04a93004eac
13,S1,0.73,0.7253585596582239,OpenBMI_MI,0,2,e9a084001940b2e4ca46729c1c0f6ad19c110c11f09df99b2bf0d04a93004eac
13,S2,0.69,0.6892230576441103,OpenBMI_MI,0,2,e9a084001940b2e4ca46729c1c0f6ad19c110c11f09df99b2bf0d04a93004eac
17,S1,0.77,0.7699769976997699,OpenBMI_MI,0,2,e9a084001940b2e4ca46729c1c0f6ad19c110c11f09df99b2bf0d04a93004eac
17,S2,0.6799999999999999,0.6798719487795117,OpenBMI_MI,0,2,e9a084001940b2e4ca46729c1c0f6ad19c110c11f09df99b2bf0d04a93004eac
18,S1,0.78,0.7777777777777778,OpenBMI_MI,0,2,e9a084001940b2e4ca46729c1c0f6ad19c110c11f09df99b2bf0d04a93004eac
18,S2,0.65,0.64996499649965,OpenBMI_MI,0,2,e9a084001940b2e4ca46729c1c0f6ad19c110c11f09df99b2bf0d04a93004eac
24,S1,0.6799999999999999,0.6798719487795117,OpenBMI_MI,0,2,e9a084001940b2e4ca46729c1c0f6ad19c110c11f09df99b2bf0d04a93004eac
24,S2,0.56,0.5331069609507639,OpenBMI_MI,0,2,e9a084001940b2e4ca46729c1c0f6ad19c110c11f09df99b2bf0d04a93004eac
25,S1,0.8,0.7996794871794872,OpenBMI_MI,0,2,e9a084001940b2e4ca46729c1c0f6ad19c110c11f09df99b2bf0d04a93004eac
25,S2,0.99,0.9899989998999901,OpenBMI_MI,0,2,e9a084001940b2e4ca46729c1c0f6ad19c110c11f09df99b2bf0d04a93004eac
29,S1,0.7,0.6940024479804161,OpenBMI_MI,0,2,e9a084001940b2e4ca46729c1c0f6ad19c110c11f09df99b2bf0d04a93004eac
29,S2,0.84,0.8376623376623377,OpenBMI_MI,0,2,e9a084001940b2e4ca46729c1c0f6ad19c110c11f09df99b2bf0d04a93004eac
36,S1,0.94,0.9397832195905259,OpenBMI_MI,0,2,e9a084001940b2e4ca46729c1c0f6ad19c110c11f09df99b2bf0d04a93004eac
36,S2,0.8799999999999999,0.8795664391810518,OpenBMI_MI,0,2,e9a084001940b2e4ca46729c1c0f6ad19c110c11f09df99b2bf0d04a93004eac
37,S1,0.78,0.7777777777777778,OpenBMI_MI,0,2,e9a084001940b2e4ca46729c1c0f6ad19c110c11f09df99b2bf0d04a93004eac
37,S2,0.6699999999999999,0.6396986570586308,OpenBMI_MI,0,2,e9a084001940b2e4ca46729c1c0f6ad19c110c11f09df99b2bf0d04a93004eac
39,S1,0.88,0.88,OpenBMI_MI,0,2,e9a084001940b2e4ca46729c1c0f6ad19c110c11f09df99b2bf0d04a93004eac
39,S2,0.68,0.6753246753246753,OpenBMI_MI,0,2,e9a084001940b2e4ca46729c1c0f6ad19c110c11f09df99b2bf0d04a93004eac
42,S1,0.73,0.7293233082706767,OpenBMI_MI,0,2,e9a084001940b2e4ca46729c1c0f6ad19c110c11f09df99b2bf0d04a93004eac
42,S2,0.7,0.6995192307692308,OpenBMI_MI,0,2,e9a084001940b2e4ca46729c1c0f6ad19c110c11f09df99b2bf0d04a93004eac
51,S1,0.75,0.7493734335839599,OpenBMI_MI,0,2,e9a084001940b2e4ca46729c1c0f6ad19c110c11f09df99b2bf0d04a93004eac
51,S2,0.72,0.7181964573268921,OpenBMI_MI,0,2,e9a084001940b2e4ca46729c1c0f6ad19c110c11f09df99b2bf0d04a93004eac
54,S1,0.63,0.62996299629963,OpenBMI_MI,0,2,e9a084001940b2e4ca46729c1c0f6ad19c110c11f09df99b2bf0d04a93004eac
54,S2,0.72,0.7189883580891208,OpenBMI_MI,0,2,e9a084001940b2e4ca46729c1c0f6ad19c110c11f09df99b2bf0d04a93004eac
4,S1,0.63,0.6269785260610949,OpenBMI_MI,1,0,a8229c7f05ac72bea13934f14f5d3600e10e889454687be06f47105e61d3747e
4,S2,0.81,0.8076728413807066,OpenBMI_MI,1,0,a8229c7f05ac72bea13934f14f5d3600e10e889454687be06f47105e61d3747e
12,S1,0.77,0.7681217864704104,OpenBMI_MI,1,0,a8229c7f05ac72bea13934f14f5d3600e10e889454687be06f47105e61d3747e
12,S2,0.76,0.7596153846153846,OpenBMI_MI,1,0,a8229c7f05ac72bea13934f14f5d3600e10e889454687be06f47105e61d3747e
13,S1,0.6799999999999999,0.6527777777777778,OpenBMI_MI,1,0,a8229c7f05ac72bea13934f14f5d3600e10e889454687be06f47105e61d3747e
13,S2,0.75,0.7479584635547938,OpenBMI_MI,1,0,a8229c7f05ac72bea13934f14f5d3600e10e889454687be06f47105e61d3747e
17,S1,0.78,0.7785829307568438,OpenBMI_MI,1,0,a8229c7f05ac72bea13934f14f5d3600e10e889454687be06f47105e61d3747e
17,S2,0.7,0.6989160979526294,OpenBMI_MI,1,0,a8229c7f05ac72bea13934f14f5d3600e10e889454687be06f47105e61d3747e
18,S1,0.83,0.8299829982998299,OpenBMI_MI,1,0,a8229c7f05ac72bea13934f14f5d3600e10e889454687be06f47105e61d3747e
18,S2,0.77,0.7699769976997699,OpenBMI_MI,1,0,a8229c7f05ac72bea13934f14f5d3600e10e889454687be06f47105e61d3747e
24,S1,0.73,0.7297567811029927,OpenBMI_MI,1,0,a8229c7f05ac72bea13934f14f5d3600e10e889454687be06f47105e61d3747e
24,S2,0.58,0.5495495495495495,OpenBMI_MI,1,0,a8229c7f05ac72bea13934f14f5d3600e10e889454687be06f47105e61d3747e
25,S1,0.76,0.7453310696095077,OpenBMI_MI,1,0,a8229c7f05ac72bea13934f14f5d3600e10e889454687be06f47105e61d3747e
25,S2,1.0,1.0,OpenBMI_MI,1,0,a8229c7f05ac72bea13934f14f5d3600e10e889454687be06f47105e61d3747e
29,S1,0.65,0.6338529134846741,OpenBMI_MI,1,0,a8229c7f05ac72bea13934f14f5d3600e10e889454687be06f47105e61d3747e
29,S2,0.69,0.6874684948079444,OpenBMI_MI,1,0,a8229c7f05ac72bea13934f14f5d3600e10e889454687be06f47105e61d3747e
36,S1,0.97,0.96999699969997,OpenBMI_MI,1,0,a8229c7f05ac72bea13934f14f5d3600e10e889454687be06f47105e61d3747e
36,S2,0.95,0.9499949994999499,OpenBMI_MI,1,0,a8229c7f05ac72bea13934f14f5d3600e10e889454687be06f47105e61d3747e
37,S1,0.74,0.7373737373737375,OpenBMI_MI,1,0,a8229c7f05ac72bea13934f14f5d3600e10e889454687be06f47105e61d3747e
37,S2,0.73,0.712,OpenBMI_MI,1,0,a8229c7f05ac72bea13934f14f5d3600e10e889454687be06f47105e61d3747e
39,S1,0.8300000000000001,0.8291628982011858,OpenBMI_MI,1,0,a8229c7f05ac72bea13934f14f5d3600e10e889454687be06f47105e61d3747e
39,S2,0.81,0.8090644156366193,OpenBMI_MI,1,0,a8229c7f05ac72bea13934f14f5d3600e10e889454687be06f47105e61d3747e
42,S1,0.75,0.7469379491851402,OpenBMI_MI,1,0,a8229c7f05ac72bea13934f14f5d3600e10e889454687be06f47105e61d3747e
42,S2,0.78,0.7777777777777778,OpenBMI_MI,1,0,a8229c7f05ac72bea13934f14f5d3600e10e889454687be06f47105e61d3747e
51,S1,0.69,0.6756982948007113,OpenBMI_MI,1,0,a8229c7f05ac72bea13934f14f5d3600e10e889454687be06f47105e61d3747e
51,S2,0.71,0.7064480210547626,OpenBMI_MI,1,0,a8229c7f05ac72bea13934f14f5d3600e10e889454687be06f47105e61d3747e
54,S1,0.69,0.6897207486738064,OpenBMI_MI,1,0,a8229c7f05ac72bea13934f14f5d3600e10e889454687be06f47105e61d3747e
54,S2,0.76,0.7599039615846338,OpenBMI_MI,1,0,a8229c7f05ac72bea13934f14f5d3600e10e889454687be06f47105e61d3747e
4,S1,0.73,0.7277951406391774,OpenBMI_MI,1,1,b85320fdb1c4ebb1409b150272275ed05851493398ccef894d1b445ab19a654e
4,S2,0.71,0.6906666666666667,OpenBMI_MI,1,1,b85320fdb1c4ebb1409b150272275ed05851493398ccef894d1b445ab19a654e
12,S1,0.74,0.7331691297208538,OpenBMI_MI,1,1,b85320fdb1c4ebb1409b150272275ed05851493398ccef894d1b445ab19a654e
12,S2,0.78,0.7796474358974359,OpenBMI_MI,1,1,b85320fdb1c4ebb1409b150272275ed05851493398ccef894d1b445ab19a654e
13,S1,0.78,0.7796474358974359,OpenBMI_MI,1,1,b85320fdb1c4ebb1409b150272275ed05851493398ccef894d1b445ab19a654e
13,S2,0.6699999999999999,0.6576408341114224,OpenBMI_MI,1,1,b85320fdb1c4ebb1409b150272275ed05851493398ccef894d1b445ab19a654e
17,S1,0.8,0.7933030177759405,OpenBMI_MI,1,1,b85320fdb1c4ebb1409b150272275ed05851493398ccef894d1b445ab19a654e
17,S2,0.62,0.6006725514922235,OpenBMI_MI,1,1,b85320fdb1c4ebb1409b150272275ed05851493398ccef894d1b445ab19a654e
18,S1,0.8500000000000001,0.849624060150376,OpenBMI_MI,1,1,b85320fdb1c4ebb1409b150272275ed05851493398ccef894d1b445ab19a654e
18,S2,0.72,0.7159090909090908,OpenBMI_MI,1,1,b85320fdb1c4ebb1409b150272275ed05851493398ccef894d1b445ab19a654e
24,S1,0.69,0.6862030569895738,OpenBMI_MI,1,1,b85320fdb1c4ebb1409b150272275ed05851493398ccef894d1b445ab19a654e
24,S2,0.5599999999999999,0.5280995280995281,OpenBMI_MI,1,1,b85320fdb1c4ebb1409b150272275ed05851493398ccef894d1b445ab19a654e
25,S1,0.77,0.7613860358958398,OpenBMI_MI,1,1,b85320fdb1c4ebb1409b150272275ed05851493398ccef894d1b445ab19a654e
25,S2,0.98,0.98,OpenBMI_MI,1,1,b85320fdb1c4ebb1409b150272275ed05851493398ccef894d1b445ab19a654e
29,S1,0.71,0.7085720028137876,OpenBMI_MI,1,1,b85320fdb1c4ebb1409b150272275ed05851493398ccef894d1b445ab19a654e
29,S2,0.82,0.8173701298701299,OpenBMI_MI,1,1,b85320fdb1c4ebb1409b150272275ed05851493398ccef894d1b445ab19a654e
36,S1,0.96,0.9599358974358975,OpenBMI_MI,1,1,b85320fdb1c4ebb1409b150272275ed05851493398ccef894d1b445ab19a654e
36,S2,0.97,0.9699729756781104,OpenBMI_MI,1,1,b85320fdb1c4ebb1409b150272275ed05851493398ccef894d1b445ab19a654e
37,S1,0.8,0.7996794871794872,OpenBMI_MI,1,1,b85320fdb1c4ebb1409b150272275ed05851493398ccef894d1b445ab19a654e
37,S2,0.74,0.7211497211497211,OpenBMI_MI,1,1,b85320fdb1c4ebb1409b150272275ed05851493398ccef894d1b445ab19a654e
39,S1,0.8600000000000001,0.8594941790445605,OpenBMI_MI,1,1,b85320fdb1c4ebb1409b150272275ed05851493398ccef894d1b445ab19a654e
39,S2,0.74,0.7383252818035426,OpenBMI_MI,1,1,b85320fdb1c4ebb1409b150272275ed05851493398ccef894d1b445ab19a654e
42,S1,0.73,0.7253585596582239,OpenBMI_MI,1,1,b85320fdb1c4ebb1409b150272275ed05851493398ccef894d1b445ab19a654e
42,S2,0.77,0.7694235588972431,OpenBMI_MI,1,1,b85320fdb1c4ebb1409b150272275ed05851493398ccef894d1b445ab19a654e
51,S1,0.8,0.7960016319869441,OpenBMI_MI,1,1,b85320fdb1c4ebb1409b150272275ed05851493398ccef894d1b445ab19a654e
51,S2,0.64,0.6305418719211823,OpenBMI_MI,1,1,b85320fdb1c4ebb1409b150272275ed05851493398ccef894d1b445ab19a654e
54,S1,0.65,0.6457131288591963,OpenBMI_MI,1,1,b85320fdb1c4ebb1409b150272275ed05851493398ccef894d1b445ab19a654e
54,S2,0.75,0.7457023700539112,OpenBMI_MI,1,1,b85320fdb1c4ebb1409b150272275ed05851493398ccef894d1b445ab19a654e
4,S1,0.72,0.7198879551820728,OpenBMI_MI,1,2,b3632994c47346649a737161603aae5621c79910406d014f41b8f662e0b314d7
4,S2,0.76,0.7564935064935066,OpenBMI_MI,1,2,b3632994c47346649a737161603aae5621c79910406d014f41b8f662e0b314d7
12,S1,0.8300000000000001,0.8298468621759583,OpenBMI_MI,1,2,b3632994c47346649a737161603aae5621c79910406d014f41b8f662e0b314d7
12,S2,0.71,0.6991389148251893,OpenBMI_MI,1,2,b3632994c47346649a737161603aae5621c79910406d014f41b8f662e0b314d7
13,S1,0.74,0.7312939231087227,OpenBMI_MI,1,2,b3632994c47346649a737161603aae5621c79910406d014f41b8f662e0b314d7
13,S2,0.69,0.6899689968996899,OpenBMI_MI,1,2,b3632994c47346649a737161603aae5621c79910406d014f41b8f662e0b314d7
17,S1,0.8200000000000001,0.8199279711884754,OpenBMI_MI,1,2,b3632994c47346649a737161603aae5621c79910406d014f41b8f662e0b314d7
17,S2,0.64,0.6363636363636364,OpenBMI_MI,1,2,b3632994c47346649a737161603aae5621c79910406d014f41b8f662e0b314d7
18,S1,0.87,0.8698828946051447,OpenBMI_MI,1,2,b3632994c47346649a737161603aae5621c79910406d014f41b8f662e0b314d7
18,S2,0.8,0.7992773986350863,OpenBMI_MI,1,2,b3632994c47346649a737161603aae5621c79910406d014f41b8f662e0b314d7
24,S1,0.68,0.6753246753246753,OpenBMI_MI,1,2,b3632994c47346649a737161603aae5621c79910406d014f41b8f662e0b314d7
24,S2,0.55,0.5021573182874212,OpenBMI_MI,1,2,b3632994c47346649a737161603aae5621c79910406d014f41b8f662e0b314d7
25,S1,0.78,0.779205138498595,OpenBMI_MI,1,2,b3632994c47346649a737161603aae5621c79910406d014f41b8f662e0b314d7
25,S2,0.99,0.9899989998999901,OpenBMI_MI,1,2,b3632994c47346649a737161603aae5621c79910406d014f41b8f662e0b314d7
29,S1,0.73,0.7198879551820728,OpenBMI_MI,1,2,b3632994c47346649a737161603aae5621c79910406d014f41b8f662e0b314d7
29,S2,0.9099999999999999,0.9099189270343309,OpenBMI_MI,1,2,b3632994c47346649a737161603aae5621c79910406d014f41b8f662e0b314d7
36,S1,0.98,0.9799919967987194,OpenBMI_MI,1,2,b3632994c47346649a737161603aae5621c79910406d014f41b8f662e0b314d7
36,S2,0.95,0.9499549594635172,OpenBMI_MI,1,2,b3632994c47346649a737161603aae5621c79910406d014f41b8f662e0b314d7
37,S1,0.87,0.8698828946051447,OpenBMI_MI,1,2,b3632994c47346649a737161603aae5621c79910406d014f41b8f662e0b314d7
37,S2,0.66,0.6155585707824514,OpenBMI_MI,1,2,b3632994c47346649a737161603aae5621c79910406d014f41b8f662e0b314d7
39,S1,0.88,0.8799519807923168,OpenBMI_MI,1,2,b3632994c47346649a737161603aae5621c79910406d014f41b8f662e0b314d7
39,S2,0.73,0.7266929851199515,OpenBMI_MI,1,2,b3632994c47346649a737161603aae5621c79910406d014f41b8f662e0b314d7
42,S1,0.71,0.7085720028137876,OpenBMI_MI,1,2,b3632994c47346649a737161603aae5621c79910406d014f41b8f662e0b314d7
42,S2,0.72,0.7159090909090908,OpenBMI_MI,1,2,b3632994c47346649a737161603aae5621c79910406d014f41b8f662e0b314d7
51,S1,0.78,0.7799119647859143,OpenBMI_MI,1,2,b3632994c47346649a737161603aae5621c79910406d014f41b8f662e0b314d7
51,S2,0.7,0.7,OpenBMI_MI,1,2,b3632994c47346649a737161603aae5621c79910406d014f41b8f662e0b314d7
54,S1,0.6699999999999999,0.6691729323308271,OpenBMI_MI,1,2,b3632994c47346649a737161603aae5621c79910406d014f41b8f662e0b314d7
54,S2,0.73,0.7286704853783539,OpenBMI_MI,1,2,b3632994c47346649a737161603aae5621c79910406d014f41b8f662e0b314d7
4,S1,0.78,0.7799119647859143,OpenBMI_MI,2,0,36a06475f75712f3c00276cc8de5aab7552c5aa6c5ee94cd201f543692751814
4,S2,0.8300000000000001,0.8295739348370927,OpenBMI_MI,2,0,36a06475f75712f3c00276cc8de5aab7552c5aa6c5ee94cd201f543692751814
12,S1,0.76,0.7519636213311285,OpenBMI_MI,2,0,36a06475f75712f3c00276cc8de5aab7552c5aa6c5ee94cd201f543692751814
12,S2,0.77,0.7688674505074866,OpenBMI_MI,2,0,36a06475f75712f3c00276cc8de5aab7552c5aa6c5ee94cd201f543692751814
13,S1,0.72,0.6996996996996997,OpenBMI_MI,2,0,36a06475f75712f3c00276cc8de5aab7552c5aa6c5ee94cd201f543692751814
13,S2,0.71,0.7092731829573935,OpenBMI_MI,2,0,36a06475f75712f3c00276cc8de5aab7552c5aa6c5ee94cd201f543692751814
17,S1,0.69,0.6892230576441103,OpenBMI_MI,2,0,36a06475f75712f3c00276cc8de5aab7552c5aa6c5ee94cd201f543692751814
17,S2,0.59,0.5670995670995671,OpenBMI_MI,2,0,36a06475f75712f3c00276cc8de5aab7552c5aa6c5ee94cd201f543692751814
18,S1,0.72,0.72,OpenBMI_MI,2,0,36a06475f75712f3c00276cc8de5aab7552c5aa6c5ee94cd201f543692751814
18,S2,0.7,0.7,OpenBMI_MI,2,0,36a06475f75712f3c00276cc8de5aab7552c5aa6c5ee94cd201f543692751814
24,S1,0.67,0.6643271284711627,OpenBMI_MI,2,0,36a06475f75712f3c00276cc8de5aab7552c5aa6c5ee94cd201f543692751814
24,S2,0.62,0.5703301673450927,OpenBMI_MI,2,0,36a06475f75712f3c00276cc8de5aab7552c5aa6c5ee94cd201f543692751814
25,S1,0.77,0.7613860358958398,OpenBMI_MI,2,0,36a06475f75712f3c00276cc8de5aab7552c5aa6c5ee94cd201f543692751814
25,S2,0.98,0.9799919967987194,OpenBMI_MI,2,0,36a06475f75712f3c00276cc8de5aab7552c5aa6c5ee94cd201f543692751814
29,S1,0.68,0.6637242538881883,OpenBMI_MI,2,0,36a06475f75712f3c00276cc8de5aab7552c5aa6c5ee94cd201f543692751814
29,S2,0.78,0.7799119647859143,OpenBMI_MI,2,0,36a06475f75712f3c00276cc8de5aab7552c5aa6c5ee94cd201f543692751814
36,S1,0.96,0.96,OpenBMI_MI,2,0,36a06475f75712f3c00276cc8de5aab7552c5aa6c5ee94cd201f543692751814
36,S2,0.9199999999999999,0.9198717948717949,OpenBMI_MI,2,0,36a06475f75712f3c00276cc8de5aab7552c5aa6c5ee94cd201f543692751814
37,S1,0.75,0.7479584635547938,OpenBMI_MI,2,0,36a06475f75712f3c00276cc8de5aab7552c5aa6c5ee94cd201f543692751814
37,S2,0.75,0.7406369955389562,OpenBMI_MI,2,0,36a06475f75712f3c00276cc8de5aab7552c5aa6c5ee94cd201f543692751814
39,S1,0.86,0.859775641025641,OpenBMI_MI,2,0,36a06475f75712f3c00276cc8de5aab7552c5aa6c5ee94cd201f543692751814
39,S2,0.72,0.7189883580891208,OpenBMI_MI,2,0,36a06475f75712f3c00276cc8de5aab7552c5aa6c5ee94cd201f543692751814
42,S1,0.71,0.7076318177235609,OpenBMI_MI,2,0,36a06475f75712f3c00276cc8de5aab7552c5aa6c5ee94cd201f543692751814
42,S2,0.74,0.7348021215830274,OpenBMI_MI,2,0,36a06475f75712f3c00276cc8de5aab7552c5aa6c5ee94cd201f543692751814
51,S1,0.67,0.6547756041426928,OpenBMI_MI,2,0,36a06475f75712f3c00276cc8de5aab7552c5aa6c5ee94cd201f543692751814
51,S2,0.67,0.6659580929243851,OpenBMI_MI,2,0,36a06475f75712f3c00276cc8de5aab7552c5aa6c5ee94cd201f543692751814
54,S1,0.6499999999999999,0.6482765551200884,OpenBMI_MI,2,0,36a06475f75712f3c00276cc8de5aab7552c5aa6c5ee94cd201f543692751814
54,S2,0.8,0.7996794871794872,OpenBMI_MI,2,0,36a06475f75712f3c00276cc8de5aab7552c5aa6c5ee94cd201f543692751814
4,S1,0.72,0.7159090909090908,OpenBMI_MI,2,1,76280844278a5619786f5a1f939e9623b0d0b1ff804ea6f4a8b6d43bcaab6b5a
4,S2,0.82,0.8173701298701299,OpenBMI_MI,2,1,76280844278a5619786f5a1f939e9623b0d0b1ff804ea6f4a8b6d43bcaab6b5a
12,S1,0.79,0.7889659330720531,OpenBMI_MI,2,1,76280844278a5619786f5a1f939e9623b0d0b1ff804ea6f4a8b6d43bcaab6b5a
12,S2,0.8200000000000001,0.8197115384615384,OpenBMI_MI,2,1,76280844278a5619786f5a1f939e9623b0d0b1ff804ea6f4a8b6d43bcaab6b5a
13,S1,0.74,0.7331691297208538,OpenBMI_MI,2,1,76280844278a5619786f5a1f939e9623b0d0b1ff804ea6f4a8b6d43bcaab6b5a
13,S2,0.65,0.6338529134846741,OpenBMI_MI,2,1,76280844278a5619786f5a1f939e9623b0d0b1ff804ea6f4a8b6d43bcaab6b5a
17,S1,0.8400000000000001,0.8389694041867954,OpenBMI_MI,2,1,76280844278a5619786f5a1f939e9623b0d0b1ff804ea6f4a8b6d43bcaab6b5a
17,S2,0.54,0.5066495066495067,OpenBMI_MI,2,1,76280844278a5619786f5a1f939e9623b0d0b1ff804ea6f4a8b6d43bcaab6b5a
18,S1,0.78,0.7777777777777778,OpenBMI_MI,2,1,76280844278a5619786f5a1f939e9623b0d0b1ff804ea6f4a8b6d43bcaab6b5a
18,S2,0.76,0.7596153846153846,OpenBMI_MI,2,1,76280844278a5619786f5a1f939e9623b0d0b1ff804ea6f4a8b6d43bcaab6b5a
24,S1,0.5800000000000001,0.5586380832282472,OpenBMI_MI,2,1,76280844278a5619786f5a1f939e9623b0d0b1ff804ea6f4a8b6d43bcaab6b5a
24,S2,0.5800000000000001,0.5384615384615385,OpenBMI_MI,2,1,76280844278a5619786f5a1f939e9623b0d0b1ff804ea6f4a8b6d43bcaab6b5a
25,S1,0.72,0.7106242248863166,OpenBMI_MI,2,1,76280844278a5619786f5a1f939e9623b0d0b1ff804ea6f4a8b6d43bcaab6b5a
25,S2,0.97,0.96999699969997,OpenBMI_MI,2,1,76280844278a5619786f5a1f939e9623b0d0b1ff804ea6f4a8b6d43bcaab6b5a
29,S1,0.6900000000000001,0.6726850385386971,OpenBMI_MI,2,1,76280844278a5619786f5a1f939e9623b0d0b1ff804ea6f4a8b6d43bcaab6b5a
29,S2,0.88,0.8792270531400965,OpenBMI_MI,2,1,76280844278a5619786f5a1f939e9623b0d0b1ff804ea6f4a8b6d43bcaab6b5a
36,S1,0.9099999999999999,0.9095568284594513,OpenBMI_MI,2,1,76280844278a5619786f5a1f939e9623b0d0b1ff804ea6f4a8b6d43bcaab6b5a
36,S2,0.97,0.9699729756781104,OpenBMI_MI,2,1,76280844278a5619786f5a1f939e9623b0d0b1ff804ea6f4a8b6d43bcaab6b5a
37,S1,0.77,0.7694235588972431,OpenBMI_MI,2,1,76280844278a5619786f5a1f939e9623b0d0b1ff804ea6f4a8b6d43bcaab6b5a
37,S2,0.8500000000000001,0.849624060150376,OpenBMI_MI,2,1,76280844278a5619786f5a1f939e9623b0d0b1ff804ea6f4a8b6d43bcaab6b5a
39,S1,0.81,0.8099809980998101,OpenBMI_MI,2,1,76280844278a5619786f5a1f939e9623b0d0b1ff804ea6f4a8b6d43bcaab6b5a
39,S2,0.73,0.7297567811029927,OpenBMI_MI,2,1,76280844278a5619786f5a1f939e9623b0d0b1ff804ea6f4a8b6d43bcaab6b5a
42,S1,0.75,0.7493734335839599,OpenBMI_MI,2,1,76280844278a5619786f5a1f939e9623b0d0b1ff804ea6f4a8b6d43bcaab6b5a
42,S2,0.71,0.7099709970997099,OpenBMI_MI,2,1,76280844278a5619786f5a1f939e9623b0d0b1ff804ea6f4a8b6d43bcaab6b5a
51,S1,0.74,0.7267759562841529,OpenBMI_MI,2,1,76280844278a5619786f5a1f939e9623b0d0b1ff804ea6f4a8b6d43bcaab6b5a
51,S2,0.58,0.5442708333333334,OpenBMI_MI,2,1,76280844278a5619786f5a1f939e9623b0d0b1ff804ea6f4a8b6d43bcaab6b5a
54,S1,0.5900000000000001,0.5889724310776943,OpenBMI_MI,2,1,76280844278a5619786f5a1f939e9623b0d0b1ff804ea6f4a8b6d43bcaab6b5a
54,S2,0.74,0.7383252818035426,OpenBMI_MI,2,1,76280844278a5619786f5a1f939e9623b0d0b1ff804ea6f4a8b6d43bcaab6b5a
4,S1,0.74,0.7398959583833533,OpenBMI_MI,2,2,517d1d79073afb5cc4b11cdb32e01a24e93c5c9a814547634db65758da11f251
4,S2,0.79,0.7851662404092072,OpenBMI_MI,2,2,517d1d79073afb5cc4b11cdb32e01a24e93c5c9a814547634db65758da11f251
12,S1,0.86,0.8599439775910365,OpenBMI_MI,2,2,517d1d79073afb5cc4b11cdb32e01a24e93c5c9a814547634db65758da11f251
12,S2,0.7,0.6816638370118846,OpenBMI_MI,2,2,517d1d79073afb5cc4b11cdb32e01a24e93c5c9a814547634db65758da11f251
13,S1,0.7,0.6782496782496783,OpenBMI_MI,2,2,517d1d79073afb5cc4b11cdb32e01a24e93c5c9a814547634db65758da11f251
13,S2,0.69,0.6897207486738064,OpenBMI_MI,2,2,517d1d79073afb5cc4b11cdb32e01a24e93c5c9a814547634db65758da11f251
17,S1,0.78,0.7785829307568438,OpenBMI_MI,2,2,517d1d79073afb5cc4b11cdb32e01a24e93c5c9a814547634db65758da11f251
17,S2,0.62,0.6041666666666667,OpenBMI_MI,2,2,517d1d79073afb5cc4b11cdb32e01a24e93c5c9a814547634db65758da11f251
18,S1,0.8500000000000001,0.849624060150376,OpenBMI_MI,2,2,517d1d79073afb5cc4b11cdb32e01a24e93c5c9a814547634db65758da11f251
18,S2,0.8300000000000001,0.8298468621759583,OpenBMI_MI,2,2,517d1d79073afb5cc4b11cdb32e01a24e93c5c9a814547634db65758da11f251
24,S1,0.75,0.7493734335839599,OpenBMI_MI,2,2,517d1d79073afb5cc4b11cdb32e01a24e93c5c9a814547634db65758da11f251
24,S2,0.5700000000000001,0.5459824728117411,OpenBMI_MI,2,2,517d1d79073afb5cc4b11cdb32e01a24e93c5c9a814547634db65758da11f251
25,S1,0.79,0.78997899789979,OpenBMI_MI,2,2,517d1d79073afb5cc4b11cdb32e01a24e93c5c9a814547634db65758da11f251
25,S2,0.99,0.9899989998999901,OpenBMI_MI,2,2,517d1d79073afb5cc4b11cdb32e01a24e93c5c9a814547634db65758da11f251
29,S1,0.7,0.6956168831168831,OpenBMI_MI,2,2,517d1d79073afb5cc4b11cdb32e01a24e93c5c9a814547634db65758da11f251
29,S2,0.8799999999999999,0.8795664391810518,OpenBMI_MI,2,2,517d1d79073afb5cc4b11cdb32e01a24e93c5c9a814547634db65758da11f251
36,S1,0.97,0.9699729756781104,OpenBMI_MI,2,2,517d1d79073afb5cc4b11cdb32e01a24e93c5c9a814547634db65758da11f251
36,S2,0.9299999999999999,0.9299369432489241,OpenBMI_MI,2,2,517d1d79073afb5cc4b11cdb32e01a24e93c5c9a814547634db65758da11f251
37,S1,0.8300000000000001,0.8291628982011858,OpenBMI_MI,2,2,517d1d79073afb5cc4b11cdb32e01a24e93c5c9a814547634db65758da11f251
37,S2,0.8,0.7916666666666667,OpenBMI_MI,2,2,517d1d79073afb5cc4b11cdb32e01a24e93c5c9a814547634db65758da11f251
39,S1,0.88,0.8799519807923168,OpenBMI_MI,2,2,517d1d79073afb5cc4b11cdb32e01a24e93c5c9a814547634db65758da11f251
39,S2,0.76,0.7519636213311285,OpenBMI_MI,2,2,517d1d79073afb5cc4b11cdb32e01a24e93c5c9a814547634db65758da11f251
42,S1,0.75,0.7479584635547938,OpenBMI_MI,2,2,517d1d79073afb5cc4b11cdb32e01a24e93c5c9a814547634db65758da11f251
42,S2,0.74,0.7390606182256123,OpenBMI_MI,2,2,517d1d79073afb5cc4b11cdb32e01a24e93c5c9a814547634db65758da11f251
51,S1,0.77,0.7681217864704104,OpenBMI_MI,2,2,517d1d79073afb5cc4b11cdb32e01a24e93c5c9a814547634db65758da11f251
51,S2,0.69,0.6897207486738064,OpenBMI_MI,2,2,517d1d79073afb5cc4b11cdb32e01a24e93c5c9a814547634db65758da11f251
54,S1,0.64,0.6376811594202898,OpenBMI_MI,2,2,517d1d79073afb5cc4b11cdb32e01a24e93c5c9a814547634db65758da11f251
54,S2,0.74,0.7398959583833533,OpenBMI_MI,2,2,517d1d79073afb5cc4b11cdb32e01a24e93c5c9a814547634db65758da11f251
4,S1,0.75,0.7469379491851402,OpenBMI_MI,3,0,2eb9b20d2f2ce7ba385fc296872935bf2ca5a1b5cc30e9f699d502dc25f1b256
4,S2,0.83,0.8279178054458953,OpenBMI_MI,3,0,2eb9b20d2f2ce7ba385fc296872935bf2ca5a1b5cc30e9f699d502dc25f1b256
12,S1,0.66,0.6155585707824514,OpenBMI_MI,3,0,2eb9b20d2f2ce7ba385fc296872935bf2ca5a1b5cc30e9f699d502dc25f1b256
12,S2,0.67,0.6515679442508711,OpenBMI_MI,3,0,2eb9b20d2f2ce7ba385fc296872935bf2ca5a1b5cc30e9f699d502dc25f1b256
13,S1,0.73,0.712,OpenBMI_MI,3,0,2eb9b20d2f2ce7ba385fc296872935bf2ca5a1b5cc30e9f699d502dc25f1b256
13,S2,0.79,0.78997899789979,OpenBMI_MI,3,0,2eb9b20d2f2ce7ba385fc296872935bf2ca5a1b5cc30e9f699d502dc25f1b256
17,S1,0.84,0.8399359743897559,OpenBMI_MI,3,0,2eb9b20d2f2ce7ba385fc296872935bf2ca5a1b5cc30e9f699d502dc25f1b256
17,S2,0.61,0.5983935742971888,OpenBMI_MI,3,0,2eb9b20d2f2ce7ba385fc296872935bf2ca5a1b5cc30e9f699d502dc25f1b256
18,S1,0.78,0.7785829307568438,OpenBMI_MI,3,0,2eb9b20d2f2ce7ba385fc296872935bf2ca5a1b5cc30e9f699d502dc25f1b256
18,S2,0.77,0.7694235588972431,OpenBMI_MI,3,0,2eb9b20d2f2ce7ba385fc296872935bf2ca5a1b5cc30e9f699d502dc25f1b256
24,S1,0.66,0.6532027743778049,OpenBMI_MI,3,0,2eb9b20d2f2ce7ba385fc296872935bf2ca5a1b5cc30e9f699d502dc25f1b256
24,S2,0.51,0.4221016629319495,OpenBMI_MI,3,0,2eb9b20d2f2ce7ba385fc296872935bf2ca5a1b5cc30e9f699d502dc25f1b256
25,S1,0.81,0.8056265984654731,OpenBMI_MI,3,0,2eb9b20d2f2ce7ba385fc296872935bf2ca5a1b5cc30e9f699d502dc25f1b256
25,S2,0.97,0.96999699969997,OpenBMI_MI,3,0,2eb9b20d2f2ce7ba385fc296872935bf2ca5a1b5cc30e9f699d502dc25f1b256
29,S1,0.55,0.5021573182874212,OpenBMI_MI,3,0,2eb9b20d2f2ce7ba385fc296872935bf2ca5a1b5cc30e9f699d502dc25f1b256
29,S2,0.6599999999999999,0.6587715776796468,OpenBMI_MI,3,0,2eb9b20d2f2ce7ba385fc296872935bf2ca5a1b5cc30e9f699d502dc25f1b256
36,S1,0.96,0.96,OpenBMI_MI,3,0,2eb9b20d2f2ce7ba385fc296872935bf2ca5a1b5cc30e9f699d502dc25f1b256
36,S2,0.9299999999999999,0.9299369432489241,OpenBMI_MI,3,0,2eb9b20d2f2ce7ba385fc296872935bf2ca5a1b5cc30e9f699d502dc25f1b256
37,S1,0.65,0.64996499649965,OpenBMI_MI,3,0,2eb9b20d2f2ce7ba385fc296872935bf2ca5a1b5cc30e9f699d502dc25f1b256
37,S2,0.76,0.7477931904161412,OpenBMI_MI,3,0,2eb9b20d2f2ce7ba385fc296872935bf2ca5a1b5cc30e9f699d502dc25f1b256
39,S1,0.8300000000000001,0.8298468621759583,OpenBMI_MI,3,0,2eb9b20d2f2ce7ba385fc296872935bf2ca5a1b5cc30e9f699d502dc25f1b256
39,S2,0.84,0.8399359743897559,OpenBMI_MI,3,0,2eb9b20d2f2ce7ba385fc296872935bf2ca5a1b5cc30e9f699d502dc25f1b256
42,S1,0.76,0.7591328783621036,OpenBMI_MI,3,0,2eb9b20d2f2ce7ba385fc296872935bf2ca5a1b5cc30e9f699d502dc25f1b256
42,S2,0.6699999999999999,0.6624040920716112,OpenBMI_MI,3,0,2eb9b20d2f2ce7ba385fc296872935bf2ca5a1b5cc30e9f699d502dc25f1b256
51,S1,0.73,0.7253585596582239,OpenBMI_MI,3,0,2eb9b20d2f2ce7ba385fc296872935bf2ca5a1b5cc30e9f699d502dc25f1b256
51,S2,0.7,0.696969696969697,OpenBMI_MI,3,0,2eb9b20d2f2ce7ba385fc296872935bf2ca5a1b5cc30e9f699d502dc25f1b256
54,S1,0.63,0.6214833759590792,OpenBMI_MI,3,0,2eb9b20d2f2ce7ba385fc296872935bf2ca5a1b5cc30e9f699d502dc25f1b256
54,S2,0.6799999999999999,0.6788438378161381,OpenBMI_MI,3,0,2eb9b20d2f2ce7ba385fc296872935bf2ca5a1b5cc30e9f699d502dc25f1b256
4,S1,0.76,0.7599039615846338,OpenBMI_MI,3,1,d0e57b465a347ddbea4c2ab5b24acee6d41ccea0b957d12ec52419daf502c31b
4,S2,0.78,0.7742200328407225,OpenBMI_MI,3,1,d0e57b465a347ddbea4c2ab5b24acee6d41ccea0b957d12ec52419daf502c31b
12,S1,0.8,0.7999199679871949,OpenBMI_MI,3,1,d0e57b465a347ddbea4c2ab5b24acee6d41ccea0b957d12ec52419daf502c31b
12,S2,0.76,0.7599039615846338,OpenBMI_MI,3,1,d0e57b465a347ddbea4c2ab5b24acee6d41ccea0b957d12ec52419daf502c31b
13,S1,0.74,0.7383252818035426,OpenBMI_MI,3,1,d0e57b465a347ddbea4c2ab5b24acee6d41ccea0b957d12ec52419daf502c31b
13,S2,0.65,0.6224786970121885,OpenBMI_MI,3,1,d0e57b465a347ddbea4c2ab5b24acee6d41ccea0b957d12ec52419daf502c31b
17,S1,0.6799999999999999,0.6567996567996568,OpenBMI_MI,3,1,d0e57b465a347ddbea4c2ab5b24acee6d41ccea0b957d12ec52419daf502c31b
17,S2,0.51,0.4109868974636375,OpenBMI_MI,3,1,d0e57b465a347ddbea4c2ab5b24acee6d41ccea0b957d12ec52419daf502c31b
18,S1,0.79,0.7898108297467721,OpenBMI_MI,3,1,d0e57b465a347ddbea4c2ab5b24acee6d41ccea0b957d12ec52419daf502c31b
18,S2,0.75,0.7497747973175859,OpenBMI_MI,3,1,d0e57b465a347ddbea4c2ab5b24acee6d41ccea0b957d12ec52419daf502c31b
24,S1,0.53,0.4554512802687985,OpenBMI_MI,3,1,d0e57b465a347ddbea4c2ab5b24acee6d41ccea0b957d12ec52419daf502c31b
24,S2,0.55,0.47862356621480706,OpenBMI_MI,3,1,d0e57b465a347ddbea4c2ab5b24acee6d41ccea0b957d12ec52419daf502c31b
25,S1,0.74,0.7348021215830274,OpenBMI_MI,3,1,d0e57b465a347ddbea4c2ab5b24acee6d41ccea0b957d12ec52419daf502c31b
25,S2,0.95,0.9499549594635172,OpenBMI_MI,3,1,d0e57b465a347ddbea4c2ab5b24acee6d41ccea0b957d12ec52419daf502c31b
29,S1,0.64,0.609375,OpenBMI_MI,3,1,d0e57b465a347ddbea4c2ab5b24acee6d41ccea0b957d12ec52419daf502c31b
29,S2,0.8300000000000001,0.8291628982011858,OpenBMI_MI,3,1,d0e57b465a347ddbea4c2ab5b24acee6d41ccea0b957d12ec52419daf502c31b
36,S1,0.9099999999999999,0.9092650468797259,OpenBMI_MI,3,1,d0e57b465a347ddbea4c2ab5b24acee6d41ccea0b957d12ec52419daf502c31b
36,S2,0.8999999999999999,0.8993558776167472,OpenBMI_MI,3,1,d0e57b465a347ddbea4c2ab5b24acee6d41ccea0b957d12ec52419daf502c31b
37,S1,0.73,0.7297567811029927,OpenBMI_MI,3,1,d0e57b465a347ddbea4c2ab5b24acee6d41ccea0b957d12ec52419daf502c31b
37,S2,0.78,0.7767857142857143,OpenBMI_MI,3,1,d0e57b465a347ddbea4c2ab5b24acee6d41ccea0b957d12ec52419daf502c31b
39,S1,0.87,0.8699869986998701,OpenBMI_MI,3,1,d0e57b465a347ddbea4c2ab5b24acee6d41ccea0b957d12ec52419daf502c31b
39,S2,0.78,0.7796474358974359,OpenBMI_MI,3,1,d0e57b465a347ddbea4c2ab5b24acee6d41ccea0b957d12ec52419daf502c31b
42,S1,0.75,0.7479584635547938,OpenBMI_MI,3,1,d0e57b465a347ddbea4c2ab5b24acee6d41ccea0b957d12ec52419daf502c31b
42,S2,0.77,0.769792813532179,OpenBMI_MI,3,1,d0e57b465a347ddbea4c2ab5b24acee6d41ccea0b957d12ec52419daf502c31b
51,S1,0.74,0.7348021215830274,OpenBMI_MI,3,1,d0e57b465a347ddbea4c2ab5b24acee6d41ccea0b957d12ec52419daf502c31b
51,S2,0.63,0.6214833759590792,OpenBMI_MI,3,1,d0e57b465a347ddbea4c2ab5b24acee6d41ccea0b957d12ec52419daf502c31b
54,S1,0.63,0.62996299629963,OpenBMI_MI,3,1,d0e57b465a347ddbea4c2ab5b24acee6d41ccea0b957d12ec52419daf502c31b
54,S2,0.73,0.7293233082706767,OpenBMI_MI,3,1,d0e57b465a347ddbea4c2ab5b24acee6d41ccea0b957d12ec52419daf502c31b
4,S1,0.79,0.7894736842105263,OpenBMI_MI,3,2,eaad934be47be22c4a4b5ef604ad9bb22c0e058f655dff743ff84d0f127e0370
4,S2,0.74,0.7331691297208538,OpenBMI_MI,3,2,eaad934be47be22c4a4b5ef604ad9bb22c0e058f655dff743ff84d0f127e0370
12,S1,0.82,0.8173701298701299,OpenBMI_MI,3,2,eaad934be47be22c4a4b5ef604ad9bb22c0e058f655dff743ff84d0f127e0370
12,S2,0.74,0.7241086587436333,OpenBMI_MI,3,2,eaad934be47be22c4a4b5ef604ad9bb22c0e058f655dff743ff84d0f127e0370
13,S1,0.68,0.68,OpenBMI_MI,3,2,eaad934be47be22c4a4b5ef604ad9bb22c0e058f655dff743ff84d0f127e0370
13,S2,0.74,0.7291666666666667,OpenBMI_MI,3,2,eaad934be47be22c4a4b5ef604ad9bb22c0e058f655dff743ff84d0f127e0370
17,S1,0.75,0.7469379491851402,OpenBMI_MI,3,2,eaad934be47be22c4a4b5ef604ad9bb22c0e058f655dff743ff84d0f127e0370
17,S2,0.61,0.584,OpenBMI_MI,3,2,eaad934be47be22c4a4b5ef604ad9bb22c0e058f655dff743ff84d0f127e0370
18,S1,0.8400000000000001,0.8389694041867954,OpenBMI_MI,3,2,eaad934be47be22c4a4b5ef604ad9bb22c0e058f655dff743ff84d0f127e0370
18,S2,0.71,0.7033248081841432,OpenBMI_MI,3,2,eaad934be47be22c4a4b5ef604ad9bb22c0e058f655dff743ff84d0f127e0370
24,S1,0.6599999999999999,0.6587715776796468,OpenBMI_MI,3,2,eaad934be47be22c4a4b5ef604ad9bb22c0e058f655dff743ff84d0f127e0370
24,S2,0.56,0.537620849096259,OpenBMI_MI,3,2,eaad934be47be22c4a4b5ef604ad9bb22c0e058f655dff743ff84d0f127e0370
25,S1,0.8200000000000001,0.8199279711884754,OpenBMI_MI,3,2,eaad934be47be22c4a4b5ef604ad9bb22c0e058f655dff743ff84d0f127e0370
25,S2,0.99,0.9899989998999901,OpenBMI_MI,3,2,eaad934be47be22c4a4b5ef604ad9bb22c0e058f655dff743ff84d0f127e0370
29,S1,0.6,0.5477159656264134,OpenBMI_MI,3,2,eaad934be47be22c4a4b5ef604ad9bb22c0e058f655dff743ff84d0f127e0370
29,S2,0.77,0.7631551848419318,OpenBMI_MI,3,2,eaad934be47be22c4a4b5ef604ad9bb22c0e058f655dff743ff84d0f127e0370
36,S1,0.97,0.9699729756781104,OpenBMI_MI,3,2,eaad934be47be22c4a4b5ef604ad9bb22c0e058f655dff743ff84d0f127e0370
36,S2,0.89,0.8899009108197378,OpenBMI_MI,3,2,eaad934be47be22c4a4b5ef604ad9bb22c0e058f655dff743ff84d0f127e0370
37,S1,0.8500000000000001,0.8492613807657522,OpenBMI_MI,3,2,eaad934be47be22c4a4b5ef604ad9bb22c0e058f655dff743ff84d0f127e0370
37,S2,0.8,0.7933030177759405,OpenBMI_MI,3,2,eaad934be47be22c4a4b5ef604ad9bb22c0e058f655dff743ff84d0f127e0370
39,S1,0.88,0.8799519807923168,OpenBMI_MI,3,2,eaad934be47be22c4a4b5ef604ad9bb22c0e058f655dff743ff84d0f127e0370
39,S2,0.75,0.7442455242966752,OpenBMI_MI,3,2,eaad934be47be22c4a4b5ef604ad9bb22c0e058f655dff743ff84d0f127e0370
42,S1,0.76,0.7584541062801933,OpenBMI_MI,3,2,eaad934be47be22c4a4b5ef604ad9bb22c0e058f655dff743ff84d0f127e0370
42,S2,0.77,0.7699769976997699,OpenBMI_MI,3,2,eaad934be47be22c4a4b5ef604ad9bb22c0e058f655dff743ff84d0f127e0370
51,S1,0.76,0.7564935064935066,OpenBMI_MI,3,2,eaad934be47be22c4a4b5ef604ad9bb22c0e058f655dff743ff84d0f127e0370
51,S2,0.69,0.6899689968996899,OpenBMI_MI,3,2,eaad934be47be22c4a4b5ef604ad9bb22c0e058f655dff743ff84d0f127e0370
54,S1,0.64,0.6394230769230769,OpenBMI_MI,3,2,eaad934be47be22c4a4b5ef604ad9bb22c0e058f655dff743ff84d0f127e0370
54,S2,0.73,0.7297567811029927,OpenBMI_MI,3,2,eaad934be47be22c4a4b5ef604ad9bb22c0e058f655dff743ff84d0f127e0370
4,S1,0.74,0.7373737373737375,OpenBMI_MI,4,0,656f9fd20601d63bed1fe5d4730a815288cc3a29c0c0357ce95559dd04ea6b63
4,S2,0.87,0.8699869986998701,OpenBMI_MI,4,0,656f9fd20601d63bed1fe5d4730a815288cc3a29c0c0357ce95559dd04ea6b63
12,S1,0.71,0.6991389148251893,OpenBMI_MI,4,0,656f9fd20601d63bed1fe5d4730a815288cc3a29c0c0357ce95559dd04ea6b63
12,S2,0.67,0.648,OpenBMI_MI,4,0,656f9fd20601d63bed1fe5d4730a815288cc3a29c0c0357ce95559dd04ea6b63
13,S1,0.83,0.8299829982998299,OpenBMI_MI,4,0,656f9fd20601d63bed1fe5d4730a815288cc3a29c0c0357ce95559dd04ea6b63
13,S2,0.73,0.7266929851199515,OpenBMI_MI,4,0,656f9fd20601d63bed1fe5d4730a815288cc3a29c0c0357ce95559dd04ea6b63
17,S1,0.73,0.7297567811029927,OpenBMI_MI,4,0,656f9fd20601d63bed1fe5d4730a815288cc3a29c0c0357ce95559dd04ea6b63
17,S2,0.56,0.537620849096259,OpenBMI_MI,4,0,656f9fd20601d63bed1fe5d4730a815288cc3a29c0c0357ce95559dd04ea6b63
18,S1,0.69,0.6897207486738064,OpenBMI_MI,4,0,656f9fd20601d63bed1fe5d4730a815288cc3a29c0c0357ce95559dd04ea6b63
18,S2,0.6799999999999999,0.6798719487795117,OpenBMI_MI,4,0,656f9fd20601d63bed1fe5d4730a815288cc3a29c0c0357ce95559dd04ea6b63
24,S1,0.6799999999999999,0.6692848284415047,OpenBMI_MI,4,0,656f9fd20601d63bed1fe5d4730a815288cc3a29c0c0357ce95559dd04ea6b63
24,S2,0.59,0.5249681381068243,OpenBMI_MI,4,0,656f9fd20601d63bed1fe5d4730a815288cc3a29c0c0357ce95559dd04ea6b63
25,S1,0.8200000000000001,0.8181818181818181,OpenBMI_MI,4,0,656f9fd20601d63bed1fe5d4730a815288cc3a29c0c0357ce95559dd04ea6b63
25,S2,0.97,0.9699729756781104,OpenBMI_MI,4,0,656f9fd20601d63bed1fe5d4730a815288cc3a29c0c0357ce95559dd04ea6b63
29,S1,0.65,0.6338529134846741,OpenBMI_MI,4,0,656f9fd20601d63bed1fe5d4730a815288cc3a29c0c0357ce95559dd04ea6b63
29,S2,0.76,0.7575757575757576,OpenBMI_MI,4,0,656f9fd20601d63bed1fe5d4730a815288cc3a29c0c0357ce95559dd04ea6b63
36,S1,0.94,0.9399759903961584,OpenBMI_MI,4,0,656f9fd20601d63bed1fe5d4730a815288cc3a29c0c0357ce95559dd04ea6b63
36,S2,0.94,0.9399759903961584,OpenBMI_MI,4,0,656f9fd20601d63bed1fe5d4730a815288cc3a29c0c0357ce95559dd04ea6b63
37,S1,0.6599999999999999,0.6486151302190988,OpenBMI_MI,4,0,656f9fd20601d63bed1fe5d4730a815288cc3a29c0c0357ce95559dd04ea6b63
37,S2,0.6699999999999999,0.6349153667441089,OpenBMI_MI,4,0,656f9fd20601d63bed1fe5d4730a815288cc3a29c0c0357ce95559dd04ea6b63
39,S1,0.8200000000000001,0.8197115384615384,OpenBMI_MI,4,0,656f9fd20601d63bed1fe5d4730a815288cc3a29c0c0357ce95559dd04ea6b63
39,S2,0.75,0.7442455242966752,OpenBMI_MI,4,0,656f9fd20601d63bed1fe5d4730a815288cc3a29c0c0357ce95559dd04ea6b63
42,S1,0.71,0.7013695808876532,OpenBMI_MI,4,0,656f9fd20601d63bed1fe5d4730a815288cc3a29c0c0357ce95559dd04ea6b63
42,S2,0.69,0.6783898744683059,OpenBMI_MI,4,0,656f9fd20601d63bed1fe5d4730a815288cc3a29c0c0357ce95559dd04ea6b63
51,S1,0.76,0.7584541062801933,OpenBMI_MI,4,0,656f9fd20601d63bed1fe5d4730a815288cc3a29c0c0357ce95559dd04ea6b63
51,S2,0.6499999999999999,0.6491228070175439,OpenBMI_MI,4,0,656f9fd20601d63bed1fe5d4730a815288cc3a29c0c0357ce95559dd04ea6b63
54,S1,0.67,0.66996699669967,OpenBMI_MI,4,0,656f9fd20601d63bed1fe5d4730a815288cc3a29c0c0357ce95559dd04ea6b63
54,S2,0.72,0.72,OpenBMI_MI,4,0,656f9fd20601d63bed1fe5d4730a815288cc3a29c0c0357ce95559dd04ea6b63
4,S1,0.7,0.6989160979526294,OpenBMI_MI,4,1,da73a311608c69caee6ec16b34438a213010bf48dc86f2f37b2bcd4e094bc2b3
4,S2,0.77,0.767182913250329,OpenBMI_MI,4,1,da73a311608c69caee6ec16b34438a213010bf48dc86f2f37b2bcd4e094bc2b3
12,S1,0.79,0.7894736842105263,OpenBMI_MI,4,1,da73a311608c69caee6ec16b34438a213010bf48dc86f2f37b2bcd4e094bc2b3
12,S2,0.79,0.7874278773155178,OpenBMI_MI,4,1,da73a311608c69caee6ec16b34438a213010bf48dc86f2f37b2bcd4e094bc2b3
13,S1,0.69,0.6884735202492211,OpenBMI_MI,4,1,da73a311608c69caee6ec16b34438a213010bf48dc86f2f37b2bcd4e094bc2b3
13,S2,0.64,0.609375,OpenBMI_MI,4,1,da73a311608c69caee6ec16b34438a213010bf48dc86f2f37b2bcd4e094bc2b3
17,S1,0.76,0.75,OpenBMI_MI,4,1,da73a311608c69caee6ec16b34438a213010bf48dc86f2f37b2bcd4e094bc2b3
17,S2,0.54,0.4945054945054945,OpenBMI_MI,4,1,da73a311608c69caee6ec16b34438a213010bf48dc86f2f37b2bcd4e094bc2b3
18,S1,0.74,0.7373737373737375,OpenBMI_MI,4,1,da73a311608c69caee6ec16b34438a213010bf48dc86f2f37b2bcd4e094bc2b3
18,S2,0.7,0.6956168831168831,OpenBMI_MI,4,1,da73a311608c69caee6ec16b34438a213010bf48dc86f2f37b2bcd4e094bc2b3
24,S1,0.65,0.6457131288591963,OpenBMI_MI,4,1,da73a311608c69caee6ec16b34438a213010bf48dc86f2f37b2bcd4e094bc2b3
24,S2,0.55,0.48717948717948717,OpenBMI_MI,4,1,da73a311608c69caee6ec16b34438a213010bf48dc86f2f37b2bcd4e094bc2b3
25,S1,0.74,0.7331691297208538,OpenBMI_MI,4,1,da73a311608c69caee6ec16b34438a213010bf48dc86f2f37b2bcd4e094bc2b3
25,S2,0.99,0.9899989998999901,OpenBMI_MI,4,1,da73a311608c69caee6ec16b34438a213010bf48dc86f2f37b2bcd4e094bc2b3
29,S1,0.72,0.7106242248863166,OpenBMI_MI,4,1,da73a311608c69caee6ec16b34438a213010bf48dc86f2f37b2bcd4e094bc2b3
29,S2,0.88,0.88,OpenBMI_MI,4,1,da73a311608c69caee6ec16b34438a213010bf48dc86f2f37b2bcd4e094bc2b3
36,S1,0.89,0.8899009108197378,OpenBMI_MI,4,1,da73a311608c69caee6ec16b34438a213010bf48dc86f2f37b2bcd4e094bc2b3
36,S2,0.94,0.9399038461538461,OpenBMI_MI,4,1,da73a311608c69caee6ec16b34438a213010bf48dc86f2f37b2bcd4e094bc2b3
37,S1,0.7,0.7,OpenBMI_MI,4,1,da73a311608c69caee6ec16b34438a213010bf48dc86f2f37b2bcd4e094bc2b3
37,S2,0.79,0.7863899908452854,OpenBMI_MI,4,1,da73a311608c69caee6ec16b34438a213010bf48dc86f2f37b2bcd4e094bc2b3
39,S1,0.86,0.8599439775910365,OpenBMI_MI,4,1,da73a311608c69caee6ec16b34438a213010bf48dc86f2f37b2bcd4e094bc2b3
39,S2,0.77,0.769792813532179,OpenBMI_MI,4,1,da73a311608c69caee6ec16b34438a213010bf48dc86f2f37b2bcd4e094bc2b3
42,S1,0.6799999999999999,0.6666666666666666,OpenBMI_MI,4,1,da73a311608c69caee6ec16b34438a213010bf48dc86f2f37b2bcd4e094bc2b3
42,S2,0.69,0.6783898744683059,OpenBMI_MI,4,1,da73a311608c69caee6ec16b34438a213010bf48dc86f2f37b2bcd4e094bc2b3
51,S1,0.76,0.7536945812807883,OpenBMI_MI,4,1,da73a311608c69caee6ec16b34438a213010bf48dc86f2f37b2bcd4e094bc2b3
51,S2,0.64,0.6279454319966928,OpenBMI_MI,4,1,da73a311608c69caee6ec16b34438a213010bf48dc86f2f37b2bcd4e094bc2b3
54,S1,0.65,0.6457131288591963,OpenBMI_MI,4,1,da73a311608c69caee6ec16b34438a213010bf48dc86f2f37b2bcd4e094bc2b3
54,S2,0.78,0.7796474358974359,OpenBMI_MI,4,1,da73a311608c69caee6ec16b34438a213010bf48dc86f2f37b2bcd4e094bc2b3
4,S1,0.71,0.7099709970997099,OpenBMI_MI,4,2,70f60a29a0c677d606342a7d35aabee8a3e11d7edd6976be8fa4638397a3b398
4,S2,0.83,0.8270776116366596,OpenBMI_MI,4,2,70f60a29a0c677d606342a7d35aabee8a3e11d7edd6976be8fa4638397a3b398
12,S1,0.77,0.7647058823529411,OpenBMI_MI,4,2,70f60a29a0c677d606342a7d35aabee8a3e11d7edd6976be8fa4638397a3b398
12,S2,0.78,0.779205138498595,OpenBMI_MI,4,2,70f60a29a0c677d606342a7d35aabee8a3e11d7edd6976be8fa4638397a3b398
13,S1,0.74,0.7395833333333333,OpenBMI_MI,4,2,70f60a29a0c677d606342a7d35aabee8a3e11d7edd6976be8fa4638397a3b398
13,S2,0.64,0.6179966044142615,OpenBMI_MI,4,2,70f60a29a0c677d606342a7d35aabee8a3e11d7edd6976be8fa4638397a3b398
17,S1,0.75,0.742559983523839,OpenBMI_MI,4,2,70f60a29a0c677d606342a7d35aabee8a3e11d7edd6976be8fa4638397a3b398
17,S2,0.6,0.5941558441558441,OpenBMI_MI,4,2,70f60a29a0c677d606342a7d35aabee8a3e11d7edd6976be8fa4638397a3b398
18,S1,0.8200000000000001,0.8181818181818181,OpenBMI_MI,4,2,70f60a29a0c677d606342a7d35aabee8a3e11d7edd6976be8fa4638397a3b398
18,S2,0.79,0.78997899789979,OpenBMI_MI,4,2,70f60a29a0c677d606342a7d35aabee8a3e11d7edd6976be8fa4638397a3b398
24,S1,0.64,0.6216897856242118,OpenBMI_MI,4,2,70f60a29a0c677d606342a7d35aabee8a3e11d7edd6976be8fa4638397a3b398
24,S2,0.55,0.48717948717948717,OpenBMI_MI,4,2,70f60a29a0c677d606342a7d35aabee8a3e11d7edd6976be8fa4638397a3b398
25,S1,0.79,0.7898108297467721,OpenBMI_MI,4,2,70f60a29a0c677d606342a7d35aabee8a3e11d7edd6976be8fa4638397a3b398
25,S2,0.98,0.9799919967987194,OpenBMI_MI,4,2,70f60a29a0c677d606342a7d35aabee8a3e11d7edd6976be8fa4638397a3b398
29,S1,0.69,0.6846709388668497,OpenBMI_MI,4,2,70f60a29a0c677d606342a7d35aabee8a3e11d7edd6976be8fa4638397a3b398
29,S2,0.8400000000000001,0.839421918908069,OpenBMI_MI,4,2,70f60a29a0c677d606342a7d35aabee8a3e11d7edd6976be8fa4638397a3b398
36,S1,0.97,0.96999699969997,OpenBMI_MI,4,2,70f60a29a0c677d606342a7d35aabee8a3e11d7edd6976be8fa4638397a3b398
36,S2,0.9199999999999999,0.9198717948717949,OpenBMI_MI,4,2,70f60a29a0c677d606342a7d35aabee8a3e11d7edd6976be8fa4638397a3b398
37,S1,0.79,0.7898108297467721,OpenBMI_MI,4,2,70f60a29a0c677d606342a7d35aabee8a3e11d7edd6976be8fa4638397a3b398
37,S2,0.72,0.7028862478777589,OpenBMI_MI,4,2,70f60a29a0c677d606342a7d35aabee8a3e11d7edd6976be8fa4638397a3b398
39,S1,0.88,0.88,OpenBMI_MI,4,2,70f60a29a0c677d606342a7d35aabee8a3e11d7edd6976be8fa4638397a3b398
39,S2,0.73,0.7297567811029927,OpenBMI_MI,4,2,70f60a29a0c677d606342a7d35aabee8a3e11d7edd6976be8fa4638397a3b398
42,S1,0.74,0.7383252818035426,OpenBMI_MI,4,2,70f60a29a0c677d606342a7d35aabee8a3e11d7edd6976be8fa4638397a3b398
42,S2,0.74,0.7398959583833533,OpenBMI_MI,4,2,70f60a29a0c677d606342a7d35aabee8a3e11d7edd6976be8fa4638397a3b398
51,S1,0.78,0.7796474358974359,OpenBMI_MI,4,2,70f60a29a0c677d606342a7d35aabee8a3e11d7edd6976be8fa4638397a3b398
51,S2,0.7,0.6995192307692308,OpenBMI_MI,4,2,70f60a29a0c677d606342a7d35aabee8a3e11d7edd6976be8fa4638397a3b398
54,S1,0.71,0.7085720028137876,OpenBMI_MI,4,2,70f60a29a0c677d606342a7d35aabee8a3e11d7edd6976be8fa4638397a3b398
54,S2,0.72,0.7198879551820728,OpenBMI_MI,4,2,70f60a29a0c677d606342a7d35aabee8a3e11d7edd6976be8fa4638397a3b398
4,S1,0.7990909090909091,0.7874852420306966,OpenBMI_ERP,0,0,2abd5a36099dd7886c813f1ca9deaa043158ce533a29b6ab31aacf611848f23b
4,S2,0.8821212121212121,0.853950860736556,OpenBMI_ERP,0,0,2abd5a36099dd7886c813f1ca9deaa043158ce533a29b6ab31aacf611848f23b
12,S1,0.9315151515151515,0.8487005863438624,OpenBMI_ERP,0,0,2abd5a36099dd7886c813f1ca9deaa043158ce533a29b6ab31aacf611848f23b
12,S2,0.9603030303030302,0.917991189972852,OpenBMI_ERP,0,0,2abd5a36099dd7886c813f1ca9deaa043158ce533a29b6ab31aacf611848f23b
13,S1,0.8915151515151515,0.797887805217069,OpenBMI_ERP,0,0,2abd5a36099dd7886c813f1ca9deaa043158ce533a29b6ab31aacf611848f23b
13,S2,0.8996969696969697,0.8014242727391351,OpenBMI_ERP,0,0,2abd5a36099dd7886c813f1ca9deaa043158ce533a29b6ab31aacf611848f23b
17,S1,0.81,0.6792467252307979,OpenBMI_ERP,0,0,2abd5a36099dd7886c813f1ca9deaa043158ce533a29b6ab31aacf611848f23b
17,S2,0.7818181818181817,0.6634088417975885,OpenBMI_ERP,0,0,2abd5a36099dd7886c813f1ca9deaa043158ce533a29b6ab31aacf611848f23b
18,S1,0.7093592076005659,0.7006784152818719,OpenBMI_ERP,0,0,2abd5a36099dd7886c813f1ca9deaa043158ce533a29b6ab31aacf611848f23b
18,S2,0.8927272727272728,0.8658950617283951,OpenBMI_ERP,0,0,2abd5a36099dd7886c813f1ca9deaa043158ce533a29b6ab31aacf611848f23b
24,S1,0.9457575757575758,0.8940887232542177,OpenBMI_ERP,0,0,2abd5a36099dd7886c813f1ca9deaa043158ce533a29b6ab31aacf611848f23b
24,S2,0.7809090909090909,0.701958495007789,OpenBMI_ERP,0,0,2abd5a36099dd7886c813f1ca9deaa043158ce533a29b6ab31aacf611848f23b
25,S1,0.7996969696969697,0.7971709559735771,OpenBMI_ERP,0,0,2abd5a36099dd7886c813f1ca9deaa043158ce533a29b6ab31aacf611848f23b
25,S2,0.796969696969697,0.7871474668789447,OpenBMI_ERP,0,0,2abd5a36099dd7886c813f1ca9deaa043158ce533a29b6ab31aacf611848f23b
29,S1,0.8054545454545454,0.7824253668409513,OpenBMI_ERP,0,0,2abd5a36099dd7886c813f1ca9deaa043158ce533a29b6ab31aacf611848f23b
29,S2,0.8503030303030303,0.821055423323102,OpenBMI_ERP,0,0,2abd5a36099dd7886c813f1ca9deaa043158ce533a29b6ab31aacf611848f23b
36,S1,0.9278787878787879,0.8592807683716774,OpenBMI_ERP,0,0,2abd5a36099dd7886c813f1ca9deaa043158ce533a29b6ab31aacf611848f23b
36,S2,0.9387878787878787,0.8685589594680504,OpenBMI_ERP,0,0,2abd5a36099dd7886c813f1ca9deaa043158ce533a29b6ab31aacf611848f23b
37,S1,0.8327272727272728,0.7872985180161329,OpenBMI_ERP,0,0,2abd5a36099dd7886c813f1ca9deaa043158ce533a29b6ab31aacf611848f23b
37,S2,0.9363636363636364,0.912283444868347,OpenBMI_ERP,0,0,2abd5a36099dd7886c813f1ca9deaa043158ce533a29b6ab31aacf611848f23b
39,S1,0.8315151515151515,0.7244054054054054,OpenBMI_ERP,0,0,2abd5a36099dd7886c813f1ca9deaa043158ce533a29b6ab31aacf611848f23b
39,S2,0.7387878787878788,0.6815789898823748,OpenBMI_ERP,0,0,2abd5a36099dd7886c813f1ca9deaa043158ce533a29b6ab31aacf611848f23b
42,S1,0.9203030303030303,0.8501815399288896,OpenBMI_ERP,0,0,2abd5a36099dd7886c813f1ca9deaa043158ce533a29b6ab31aacf611848f23b
42,S2,0.87,0.7944486981863319,OpenBMI_ERP,0,0,2abd5a36099dd7886c813f1ca9deaa043158ce533a29b6ab31aacf611848f23b
51,S1,0.8581818181818182,0.7953800877339108,OpenBMI_ERP,0,0,2abd5a36099dd7886c813f1ca9deaa043158ce533a29b6ab31aacf611848f23b
51,S2,0.7627272727272727,0.6894190230051721,OpenBMI_ERP,0,0,2abd5a36099dd7886c813f1ca9deaa043158ce533a29b6ab31aacf611848f23b
54,S1,0.7218181818181818,0.6675728462837838,OpenBMI_ERP,0,0,2abd5a36099dd7886c813f1ca9deaa043158ce533a29b6ab31aacf611848f23b
54,S2,0.7387878787878788,0.6843351016104323,OpenBMI_ERP,0,0,2abd5a36099dd7886c813f1ca9deaa043158ce533a29b6ab31aacf611848f23b
4,S1,0.7963636363636364,0.7942204499581549,OpenBMI_ERP,0,1,2c055d28017de05dcf2d6dfb713fc88ff6b27510d826573e2341be37cb7e40aa
4,S2,0.8896969696969697,0.8795488988171387,OpenBMI_ERP,0,1,2c055d28017de05dcf2d6dfb713fc88ff6b27510d826573e2341be37cb7e40aa
12,S1,0.9351515151515152,0.8631194655895604,OpenBMI_ERP,0,1,2c055d28017de05dcf2d6dfb713fc88ff6b27510d826573e2341be37cb7e40aa
12,S2,0.9606060606060606,0.933217329938562,OpenBMI_ERP,0,1,2c055d28017de05dcf2d6dfb713fc88ff6b27510d826573e2341be37cb7e40aa
13,S1,0.9030303030303031,0.8135911361643787,OpenBMI_ERP,0,1,2c055d28017de05dcf2d6dfb713fc88ff6b27510d826573e2341be37cb7e40aa
13,S2,0.9093939393939394,0.8259071033119555,OpenBMI_ERP,0,1,2c055d28017de05dcf2d6dfb713fc88ff6b27510d826573e2341be37cb7e40aa
17,S1,0.8154545454545454,0.708262293307353,OpenBMI_ERP,0,1,2c055d28017de05dcf2d6dfb713fc88ff6b27510d826573e2341be37cb7e40aa
17,S2,0.7754545454545454,0.6583257104915949,OpenBMI_ERP,0,1,2c055d28017de05dcf2d6dfb713fc88ff6b27510d826573e2341be37cb7e40aa
18,S1,0.6984655530440855,0.7169681070681537,OpenBMI_ERP,0,1,2c055d28017de05dcf2d6dfb713fc88ff6b27510d826573e2341be37cb7e40aa
18,S2,0.8990909090909092,0.8891625119402203,OpenBMI_ERP,0,1,2c055d28017de05dcf2d6dfb713fc88ff6b27510d826573e2341be37cb7e40aa
24,S1,0.946969696969697,0.9049338774828561,OpenBMI_ERP,0,1,2c055d28017de05dcf2d6dfb713fc88ff6b27510d826573e2341be37cb7e40aa
24,S2,0.8266666666666667,0.7813674217934848,OpenBMI_ERP,0,1,2c055d28017de05dcf2d6dfb713fc88ff6b27510d826573e2341be37cb7e40aa
25,S1,0.7933333333333333,0.8005835843373494,OpenBMI_ERP,0,1,2c055d28017de05dcf2d6dfb713fc88ff6b27510d826573e2341be37cb7e40aa
25,S2,0.7903030303030303,0.7854398933701288,OpenBMI_ERP,0,1,2c055d28017de05dcf2d6dfb713fc88ff6b27510d826573e2341be37cb7e40aa
29,S1,0.8121212121212121,0.7920010470555008,OpenBMI_ERP,0,1,2c055d28017de05dcf2d6dfb713fc88ff6b27510d826573e2341be37cb7e40aa
29,S2,0.8506060606060606,0.8402496238925725,OpenBMI_ERP,0,1,2c055d28017de05dcf2d6dfb713fc88ff6b27510d826573e2341be37cb7e40aa
36,S1,0.9381818181818182,0.8720276942284775,OpenBMI_ERP,0,1,2c055d28017de05dcf2d6dfb713fc88ff6b27510d826573e2341be37cb7e40aa
36,S2,0.9503030303030303,0.891646373163324,OpenBMI_ERP,0,1,2c055d28017de05dcf2d6dfb713fc88ff6b27510d826573e2341be37cb7e40aa
37,S1,0.8345454545454545,0.7888858425085499,OpenBMI_ERP,0,1,2c055d28017de05dcf2d6dfb713fc88ff6b27510d826573e2341be37cb7e40aa
37,S2,0.9290909090909091,0.9110991379310345,OpenBMI_ERP,0,1,2c055d28017de05dcf2d6dfb713fc88ff6b27510d826573e2341be37cb7e40aa
39,S1,0.843030303030303,0.7709192044200874,OpenBMI_ERP,0,1,2c055d28017de05dcf2d6dfb713fc88ff6b27510d826573e2341be37cb7e40aa
39,S2,0.733030303030303,0.7019611388059479,OpenBMI_ERP,0,1,2c055d28017de05dcf2d6dfb713fc88ff6b27510d826573e2341be37cb7e40aa
42,S1,0.9463636363636363,0.898129660568029,OpenBMI_ERP,0,1,2c055d28017de05dcf2d6dfb713fc88ff6b27510d826573e2341be37cb7e40aa
42,S2,0.8851515151515151,0.8304950444587169,OpenBMI_ERP,0,1,2c055d28017de05dcf2d6dfb713fc88ff6b27510d826573e2341be37cb7e40aa
51,S1,0.8624242424242423,0.8118276564309388,OpenBMI_ERP,0,1,2c055d28017de05dcf2d6dfb713fc88ff6b27510d826573e2341be37cb7e40aa
51,S2,0.7842424242424242,0.7226080683911507,OpenBMI_ERP,0,1,2c055d28017de05dcf2d6dfb713fc88ff6b27510d826573e2341be37cb7e40aa
54,S1,0.7312121212121212,0.7200597577037844,OpenBMI_ERP,0,1,2c055d28017de05dcf2d6dfb713fc88ff6b27510d826573e2341be37cb7e40aa
54,S2,0.7278787878787878,0.6933942785990637,OpenBMI_ERP,0,1,2c055d28017de05dcf2d6dfb713fc88ff6b27510d826573e2341be37cb7e40aa
4,S1,0.7875757575757576,0.7797238930904467,OpenBMI_ERP,0,2,04288c565ee6e57f5b8b89e8edf5ecb54d6385316c6f86247527b422fbf76464
4,S2,0.9030303030303031,0.8825245700245701,OpenBMI_ERP,0,2,04288c565ee6e57f5b8b89e8edf5ecb54d6385316c6f86247527b422fbf76464
12,S1,0.9403030303030303,0.8647390129876946,OpenBMI_ERP,0,2,04288c565ee6e57f5b8b89e8edf5ecb54d6385316c6f86247527b422fbf76464
12,S2,0.9684848484848485,0.9326787074311826,OpenBMI_ERP,0,2,04288c565ee6e57f5b8b89e8edf5ecb54d6385316c6f86247527b422fbf76464
13,S1,0.8978787878787879,0.8019335726675119,OpenBMI_ERP,0,2,04288c565ee6e57f5b8b89e8edf5ecb54d6385316c6f86247527b422fbf76464
13,S2,0.9093939393939394,0.8238249880215734,OpenBMI_ERP,0,2,04288c565ee6e57f5b8b89e8edf5ecb54d6385316c6f86247527b422fbf76464
17,S1,0.8054545454545454,0.6972693480747236,OpenBMI_ERP,0,2,04288c565ee6e57f5b8b89e8edf5ecb54d6385316c6f86247527b422fbf76464
17,S2,0.7872727272727272,0.664375482056168,OpenBMI_ERP,0,2,04288c565ee6e57f5b8b89e8edf5ecb54d6385316c6f86247527b422fbf76464
18,S1,0.7078523255600272,0.7129614978902954,OpenBMI_ERP,0,2,04288c565ee6e57f5b8b89e8edf5ecb54d6385316c6f86247527b422fbf76464
18,S2,0.9136363636363636,0.8894304381874072,OpenBMI_ERP,0,2,04288c565ee6e57f5b8b89e8edf5ecb54d6385316c6f86247527b422fbf76464
24,S1,0.9490909090909091,0.8863636363636365,OpenBMI_ERP,0,2,04288c565ee6e57f5b8b89e8edf5ecb54d6385316c6f86247527b422fbf76464
24,S2,0.8266666666666667,0.7456423461758304,OpenBMI_ERP,0,2,04288c565ee6e57f5b8b89e8edf5ecb54d6385316c6f86247527b422fbf76464
25,S1,0.8112121212121212,0.8005696362323785,OpenBMI_ERP,0,2,04288c565ee6e57f5b8b89e8edf5ecb54d6385316c6f86247527b422fbf76464
25,S2,0.7948484848484849,0.7807279216689085,OpenBMI_ERP,0,2,04288c565ee6e57f5b8b89e8edf5ecb54d6385316c6f86247527b422fbf76464
29,S1,0.8072727272727274,0.7743891564116283,OpenBMI_ERP,0,2,04288c565ee6e57f5b8b89e8edf5ecb54d6385316c6f86247527b422fbf76464
29,S2,0.8678787878787879,0.8411175381925711,OpenBMI_ERP,0,2,04288c565ee6e57f5b8b89e8edf5ecb54d6385316c6f86247527b422fbf76464
36,S1,0.9475757575757575,0.8931055212577292,OpenBMI_ERP,0,2,04288c565ee6e57f5b8b89e8edf5ecb54d6385316c6f86247527b422fbf76464
36,S2,0.9463636363636363,0.8827506035947421,OpenBMI_ERP,0,2,04288c565ee6e57f5b8b89e8edf5ecb54d6385316c6f86247527b422fbf76464
37,S1,0.8542424242424242,0.8036896096289327,OpenBMI_ERP,0,2,04288c565ee6e57f5b8b89e8edf5ecb54d6385316c6f86247527b422fbf76464
37,S2,0.9490909090909091,0.9302738336713996,OpenBMI_ERP,0,2,04288c565ee6e57f5b8b89e8edf5ecb54d6385316c6f86247527b422fbf76464
39,S1,0.8275757575757576,0.7275657247088672,OpenBMI_ERP,0,2,04288c565ee6e57f5b8b89e8edf5ecb54d6385316c6f86247527b422fbf76464
39,S2,0.7478787878787878,0.7168136990397931,OpenBMI_ERP,0,2,04288c565ee6e57f5b8b89e8edf5ecb54d6385316c6f86247527b422fbf76464
42,S1,0.9281818181818182,0.8694202330291269,OpenBMI_ERP,0,2,04288c565ee6e57f5b8b89e8edf5ecb54d6385316c6f86247527b422fbf76464
42,S2,0.8757575757575757,0.8307210031347962,OpenBMI_ERP,0,2,04288c565ee6e57f5b8b89e8edf5ecb54d6385316c6f86247527b422fbf76464
51,S1,0.8709090909090909,0.8040569463814745,OpenBMI_ERP,0,2,04288c565ee6e57f5b8b89e8edf5ecb54d6385316c6f86247527b422fbf76464
51,S2,0.7778787878787878,0.6957322438170239,OpenBMI_ERP,0,2,04288c565ee6e57f5b8b89e8edf5ecb54d6385316c6f86247527b422fbf76464
54,S1,0.7081818181818182,0.6873394605499497,OpenBMI_ERP,0,2,04288c565ee6e57f5b8b89e8edf5ecb54d6385316c6f86247527b422fbf76464
54,S2,0.7287878787878788,0.69065395273547,OpenBMI_ERP,0,2,04288c565ee6e57f5b8b89e8edf5ecb54d6385316c6f86247527b422fbf76464
4,S1,0.7863636363636364,0.7732863217660135,OpenBMI_ERP,1,0,c08f0f3483a798cec6cfcf478741f17cdc1686870da39749ba6ae265536d3c9a
4,S2,0.8824242424242423,0.8522074727511768,OpenBMI_ERP,1,0,c08f0f3483a798cec6cfcf478741f17cdc1686870da39749ba6ae265536d3c9a
12,S1,0.9378787878787879,0.8762219626977608,OpenBMI_ERP,1,0,c08f0f3483a798cec6cfcf478741f17cdc1686870da39749ba6ae265536d3c9a
12,S2,0.9533333333333334,0.9093473005640612,OpenBMI_ERP,1,0,c08f0f3483a798cec6cfcf478741f17cdc1686870da39749ba6ae265536d3c9a
13,S1,0.9036363636363636,0.8313978375840594,OpenBMI_ERP,1,0,c08f0f3483a798cec6cfcf478741f17cdc1686870da39749ba6ae265536d3c9a
13,S2,0.9190909090909091,0.8499113112293628,OpenBMI_ERP,1,0,c08f0f3483a798cec6cfcf478741f17cdc1686870da39749ba6ae265536d3c9a
17,S1,0.8472727272727273,0.7641830065359477,OpenBMI_ERP,1,0,c08f0f3483a798cec6cfcf478741f17cdc1686870da39749ba6ae265536d3c9a
17,S2,0.8336363636363636,0.7612201483440701,OpenBMI_ERP,1,0,c08f0f3483a798cec6cfcf478741f17cdc1686870da39749ba6ae265536d3c9a
18,S1,0.777844239851517,0.7529204347831571,OpenBMI_ERP,1,0,c08f0f3483a798cec6cfcf478741f17cdc1686870da39749ba6ae265536d3c9a
18,S2,0.9124242424242424,0.8891867490918492,OpenBMI_ERP,1,0,c08f0f3483a798cec6cfcf478741f17cdc1686870da39749ba6ae265536d3c9a
24,S1,0.9342424242424242,0.8730683821295508,OpenBMI_ERP,1,0,c08f0f3483a798cec6cfcf478741f17cdc1686870da39749ba6ae265536d3c9a
24,S2,0.8106060606060606,0.7252864996958572,OpenBMI_ERP,1,0,c08f0f3483a798cec6cfcf478741f17cdc1686870da39749ba6ae265536d3c9a
25,S1,0.7927272727272727,0.8014440433212996,OpenBMI_ERP,1,0,c08f0f3483a798cec6cfcf478741f17cdc1686870da39749ba6ae265536d3c9a
25,S2,0.7927272727272727,0.7864457782595331,OpenBMI_ERP,1,0,c08f0f3483a798cec6cfcf478741f17cdc1686870da39749ba6ae265536d3c9a
29,S1,0.7666666666666666,0.7511592632719393,OpenBMI_ERP,1,0,c08f0f3483a798cec6cfcf478741f17cdc1686870da39749ba6ae265536d3c9a
29,S2,0.8078787878787879,0.7794246983360109,OpenBMI_ERP,1,0,c08f0f3483a798cec6cfcf478741f17cdc1686870da39749ba6ae265536d3c9a
36,S1,0.9333333333333333,0.8759510101269727,OpenBMI_ERP,1,0,c08f0f3483a798cec6cfcf478741f17cdc1686870da39749ba6ae265536d3c9a
36,S2,0.95,0.8935221743892809,OpenBMI_ERP,1,0,c08f0f3483a798cec6cfcf478741f17cdc1686870da39749ba6ae265536d3c9a
37,S1,0.8187878787878788,0.7873782140502528,OpenBMI_ERP,1,0,c08f0f3483a798cec6cfcf478741f17cdc1686870da39749ba6ae265536d3c9a
37,S2,0.9515151515151515,0.936671973616876,OpenBMI_ERP,1,0,c08f0f3483a798cec6cfcf478741f17cdc1686870da39749ba6ae265536d3c9a
39,S1,0.8209090909090908,0.735914647614109,OpenBMI_ERP,1,0,c08f0f3483a798cec6cfcf478741f17cdc1686870da39749ba6ae265536d3c9a
39,S2,0.7448484848484849,0.6953818450793035,OpenBMI_ERP,1,0,c08f0f3483a798cec6cfcf478741f17cdc1686870da39749ba6ae265536d3c9a
42,S1,0.9124242424242424,0.8450131648071855,OpenBMI_ERP,1,0,c08f0f3483a798cec6cfcf478741f17cdc1686870da39749ba6ae265536d3c9a
42,S2,0.8260606060606062,0.7980668087172296,OpenBMI_ERP,1,0,c08f0f3483a798cec6cfcf478741f17cdc1686870da39749ba6ae265536d3c9a
51,S1,0.8581818181818182,0.7876447876447876,OpenBMI_ERP,1,0,c08f0f3483a798cec6cfcf478741f17cdc1686870da39749ba6ae265536d3c9a
51,S2,0.753030303030303,0.6597058281031287,OpenBMI_ERP,1,0,c08f0f3483a798cec6cfcf478741f17cdc1686870da39749ba6ae265536d3c9a
54,S1,0.7436363636363637,0.6753752794634302,OpenBMI_ERP,1,0,c08f0f3483a798cec6cfcf478741f17cdc1686870da39749ba6ae265536d3c9a
54,S2,0.7215151515151514,0.6899746951626073,OpenBMI_ERP,1,0,c08f0f3483a798cec6cfcf478741f17cdc1686870da39749ba6ae265536d3c9a
4,S1,0.7945454545454546,0.776169247736063,OpenBMI_ERP,1,1,edb5e38a084b4b4359d005da7791c226e0705b769c6e5e46038ff7f5ba8d9ad1
4,S2,0.8996969696969697,0.8523399075504539,OpenBMI_ERP,1,1,edb5e38a084b4b4359d005da7791c226e0705b769c6e5e46038ff7f5ba8d9ad1
12,S1,0.9336363636363636,0.8645696657157229,OpenBMI_ERP,1,1,edb5e38a084b4b4359d005da7791c226e0705b769c6e5e46038ff7f5ba8d9ad1
12,S2,0.9545454545454546,0.9150656311032384,OpenBMI_ERP,1,1,edb5e38a084b4b4359d005da7791c226e0705b769c6e5e46038ff7f5ba8d9ad1
13,S1,0.8921212121212121,0.8295891988658057,OpenBMI_ERP,1,1,edb5e38a084b4b4359d005da7791c226e0705b769c6e5e46038ff7f5ba8d9ad1
13,S2,0.9136363636363636,0.8544218903693106,OpenBMI_ERP,1,1,edb5e38a084b4b4359d005da7791c226e0705b769c6e5e46038ff7f5ba8d9ad1
17,S1,0.8509090909090908,0.763520513883133,OpenBMI_ERP,1,1,edb5e38a084b4b4359d005da7791c226e0705b769c6e5e46038ff7f5ba8d9ad1
17,S2,0.8481818181818181,0.7675681546649289,OpenBMI_ERP,1,1,edb5e38a084b4b4359d005da7791c226e0705b769c6e5e46038ff7f5ba8d9ad1
18,S1,0.7417957623536763,0.7489710298032177,OpenBMI_ERP,1,1,edb5e38a084b4b4359d005da7791c226e0705b769c6e5e46038ff7f5ba8d9ad1
18,S2,0.906969696969697,0.8787574631131764,OpenBMI_ERP,1,1,edb5e38a084b4b4359d005da7791c226e0705b769c6e5e46038ff7f5ba8d9ad1
24,S1,0.9315151515151514,0.8670991931191654,OpenBMI_ERP,1,1,edb5e38a084b4b4359d005da7791c226e0705b769c6e5e46038ff7f5ba8d9ad1
24,S2,0.81,0.7118749597440797,OpenBMI_ERP,1,1,edb5e38a084b4b4359d005da7791c226e0705b769c6e5e46038ff7f5ba8d9ad1
25,S1,0.7881818181818182,0.7913524489139381,OpenBMI_ERP,1,1,edb5e38a084b4b4359d005da7791c226e0705b769c6e5e46038ff7f5ba8d9ad1
25,S2,0.7790909090909091,0.7701719907620508,OpenBMI_ERP,1,1,edb5e38a084b4b4359d005da7791c226e0705b769c6e5e46038ff7f5ba8d9ad1
29,S1,0.7706060606060606,0.7445614621061092,OpenBMI_ERP,1,1,edb5e38a084b4b4359d005da7791c226e0705b769c6e5e46038ff7f5ba8d9ad1
29,S2,0.8312121212121213,0.8131808262289493,OpenBMI_ERP,1,1,edb5e38a084b4b4359d005da7791c226e0705b769c6e5e46038ff7f5ba8d9ad1
36,S1,0.9354545454545454,0.8733076991862649,OpenBMI_ERP,1,1,edb5e38a084b4b4359d005da7791c226e0705b769c6e5e46038ff7f5ba8d9ad1
36,S2,0.9436363636363636,0.8866473149492018,OpenBMI_ERP,1,1,edb5e38a084b4b4359d005da7791c226e0705b769c6e5e46038ff7f5ba8d9ad1
37,S1,0.8345454545454546,0.792843691148776,OpenBMI_ERP,1,1,edb5e38a084b4b4359d005da7791c226e0705b769c6e5e46038ff7f5ba8d9ad1
37,S2,0.9348484848484848,0.9113254612976118,OpenBMI_ERP,1,1,edb5e38a084b4b4359d005da7791c226e0705b769c6e5e46038ff7f5ba8d9ad1
39,S1,0.8206060606060606,0.7257754460996404,OpenBMI_ERP,1,1,edb5e38a084b4b4359d005da7791c226e0705b769c6e5e46038ff7f5ba8d9ad1
39,S2,0.7436363636363637,0.6948578144003061,OpenBMI_ERP,1,1,edb5e38a084b4b4359d005da7791c226e0705b769c6e5e46038ff7f5ba8d9ad1
42,S1,0.9142424242424243,0.8208649513079833,OpenBMI_ERP,1,1,edb5e38a084b4b4359d005da7791c226e0705b769c6e5e46038ff7f5ba8d9ad1
42,S2,0.8596969696969696,0.7982996811078993,OpenBMI_ERP,1,1,edb5e38a084b4b4359d005da7791c226e0705b769c6e5e46038ff7f5ba8d9ad1
51,S1,0.8445454545454545,0.7887286785165277,OpenBMI_ERP,1,1,edb5e38a084b4b4359d005da7791c226e0705b769c6e5e46038ff7f5ba8d9ad1
51,S2,0.7430303030303029,0.663717299000137,OpenBMI_ERP,1,1,edb5e38a084b4b4359d005da7791c226e0705b769c6e5e46038ff7f5ba8d9ad1
54,S1,0.7287878787878788,0.6742499331061458,OpenBMI_ERP,1,1,edb5e38a084b4b4359d005da7791c226e0705b769c6e5e46038ff7f5ba8d9ad1
54,S2,0.749090909090909,0.6950366063738156,OpenBMI_ERP,1,1,edb5e38a084b4b4359d005da7791c226e0705b769c6e5e46038ff7f5ba8d9ad1
4,S1,0.7718181818181817,0.761248852157943,OpenBMI_ERP,1,2,85dbd0cb3c66d8467b644bb0cf2b54bb077c73165640197af4adfb5011d13f30
4,S2,0.8712121212121212,0.8438202846026754,OpenBMI_ERP,1,2,85dbd0cb3c66d8467b644bb0cf2b54bb077c73165640197af4adfb5011d13f30
12,S1,0.9324242424242424,0.8643219090945045,OpenBMI_ERP,1,2,85dbd0cb3c66d8467b644bb0cf2b54bb077c73165640197af4adfb5011d13f30
12,S2,0.9515151515151515,0.907699069665226,OpenBMI_ERP,1,2,85dbd0cb3c66d8467b644bb0cf2b54bb077c73165640197af4adfb5011d13f30
13,S1,0.8903030303030303,0.8195633128917044,OpenBMI_ERP,1,2,85dbd0cb3c66d8467b644bb0cf2b54bb077c73165640197af4adfb5011d13f30
13,S2,0.9112121212121211,0.8469848291142295,OpenBMI_ERP,1,2,85dbd0cb3c66d8467b644bb0cf2b54bb077c73165640197af4adfb5011d13f30
17,S1,0.8333333333333333,0.7537309850324183,OpenBMI_ERP,1,2,85dbd0cb3c66d8467b644bb0cf2b54bb077c73165640197af4adfb5011d13f30
17,S2,0.8366666666666667,0.7739103668905973,OpenBMI_ERP,1,2,85dbd0cb3c66d8467b644bb0cf2b54bb077c73165640197af4adfb5011d13f30
18,S1,0.7429966738335446,0.7288194685353501,OpenBMI_ERP,1,2,85dbd0cb3c66d8467b644bb0cf2b54bb077c73165640197af4adfb5011d13f30
18,S2,0.9115151515151515,0.8765036681411156,OpenBMI_ERP,1,2,85dbd0cb3c66d8467b644bb0cf2b54bb077c73165640197af4adfb5011d13f30
24,S1,0.9442424242424243,0.901106146069885,OpenBMI_ERP,1,2,85dbd0cb3c66d8467b644bb0cf2b54bb077c73165640197af4adfb5011d13f30
24,S2,0.793939393939394,0.7408676238500327,OpenBMI_ERP,1,2,85dbd0cb3c66d8467b644bb0cf2b54bb077c73165640197af4adfb5011d13f30
25,S1,0.7936363636363637,0.7904599171813875,OpenBMI_ERP,1,2,85dbd0cb3c66d8467b644bb0cf2b54bb077c73165640197af4adfb5011d13f30
25,S2,0.8006060606060605,0.786555652936021,OpenBMI_ERP,1,2,85dbd0cb3c66d8467b644bb0cf2b54bb077c73165640197af4adfb5011d13f30
29,S1,0.803030303030303,0.7662337662337662,OpenBMI_ERP,1,2,85dbd0cb3c66d8467b644bb0cf2b54bb077c73165640197af4adfb5011d13f30
29,S2,0.8345454545454546,0.8030512758786712,OpenBMI_ERP,1,2,85dbd0cb3c66d8467b644bb0cf2b54bb077c73165640197af4adfb5011d13f30
36,S1,0.936060606060606,0.8698073648256244,OpenBMI_ERP,1,2,85dbd0cb3c66d8467b644bb0cf2b54bb077c73165640197af4adfb5011d13f30
36,S2,0.946060606060606,0.8747444201989656,OpenBMI_ERP,1,2,85dbd0cb3c66d8467b644bb0cf2b54bb077c73165640197af4adfb5011d13f30
37,S1,0.8390909090909091,0.812541314656243,OpenBMI_ERP,1,2,85dbd0cb3c66d8467b644bb0cf2b54bb077c73165640197af4adfb5011d13f30
37,S2,0.9433333333333334,0.9242583797906267,OpenBMI_ERP,1,2,85dbd0cb3c66d8467b644bb0cf2b54bb077c73165640197af4adfb5011d13f30
39,S1,0.7933333333333333,0.6732531704930065,OpenBMI_ERP,1,2,85dbd0cb3c66d8467b644bb0cf2b54bb077c73165640197af4adfb5011d13f30
39,S2,0.7612121212121212,0.6956403834803554,OpenBMI_ERP,1,2,85dbd0cb3c66d8467b644bb0cf2b54bb077c73165640197af4adfb5011d13f30
42,S1,0.9145454545454546,0.8340040241448692,OpenBMI_ERP,1,2,85dbd0cb3c66d8467b644bb0cf2b54bb077c73165640197af4adfb5011d13f30
42,S2,0.8533333333333333,0.8230998489588952,OpenBMI_ERP,1,2,85dbd0cb3c66d8467b644bb0cf2b54bb077c73165640197af4adfb5011d13f30
51,S1,0.8612121212121212,0.8012416366944264,OpenBMI_ERP,1,2,85dbd0cb3c66d8467b644bb0cf2b54bb077c73165640197af4adfb5011d13f30
51,S2,0.7624242424242424,0.6694442255579047,OpenBMI_ERP,1,2,85dbd0cb3c66d8467b644bb0cf2b54bb077c73165640197af4adfb5011d13f30
54,S1,0.7248484848484849,0.6983467554338211,OpenBMI_ERP,1,2,85dbd0cb3c66d8467b644bb0cf2b54bb077c73165640197af4adfb5011d13f30
54,S2,0.7206060606060606,0.6749309627387933,OpenBMI_ERP,1,2,85dbd0cb3c66d8467b644bb0cf2b54bb077c73165640197af4adfb5011d13f30
4,S1,0.8003030303030303,0.8073494497478001,OpenBMI_ERP,2,0,58fc6dc4928d3ab4b8a85ba59773d740388233db674ed3200485ece132a8a3c6
4,S2,0.9284848484848485,0.8903139164008729,OpenBMI_ERP,2,0,58fc6dc4928d3ab4b8a85ba59773d740388233db674ed3200485ece132a8a3c6
12,S1,0.9454545454545454,0.8807264841420439,OpenBMI_ERP,2,0,58fc6dc4928d3ab4b8a85ba59773d740388233db674ed3200485ece132a8a3c6
12,S2,0.9736363636363636,0.9399320871100104,OpenBMI_ERP,2,0,58fc6dc4928d3ab4b8a85ba59773d740388233db674ed3200485ece132a8a3c6
13,S1,0.9148484848484848,0.8478215494455119,OpenBMI_ERP,2,0,58fc6dc4928d3ab4b8a85ba59773d740388233db674ed3200485ece132a8a3c6
13,S2,0.9339393939393938,0.8823107926556203,OpenBMI_ERP,2,0,58fc6dc4928d3ab4b8a85ba59773d740388233db674ed3200485ece132a8a3c6
17,S1,0.7566666666666666,0.6970801802994102,OpenBMI_ERP,2,0,58fc6dc4928d3ab4b8a85ba59773d740388233db674ed3200485ece132a8a3c6
17,S2,0.8284848484848485,0.7437213958810069,OpenBMI_ERP,2,0,58fc6dc4928d3ab4b8a85ba59773d740388233db674ed3200485ece132a8a3c6
18,S1,0.7436196409210357,0.7622999801469128,OpenBMI_ERP,2,0,58fc6dc4928d3ab4b8a85ba59773d740388233db674ed3200485ece132a8a3c6
18,S2,0.9048484848484848,0.8952474892395983,OpenBMI_ERP,2,0,58fc6dc4928d3ab4b8a85ba59773d740388233db674ed3200485ece132a8a3c6
24,S1,0.963939393939394,0.9299301817406598,OpenBMI_ERP,2,0,58fc6dc4928d3ab4b8a85ba59773d740388233db674ed3200485ece132a8a3c6
24,S2,0.8627272727272728,0.8145434679575541,OpenBMI_ERP,2,0,58fc6dc4928d3ab4b8a85ba59773d740388233db674ed3200485ece132a8a3c6
25,S1,0.7912121212121213,0.802491314667485,OpenBMI_ERP,2,0,58fc6dc4928d3ab4b8a85ba59773d740388233db674ed3200485ece132a8a3c6
25,S2,0.770909090909091,0.7789660104897487,OpenBMI_ERP,2,0,58fc6dc4928d3ab4b8a85ba59773d740388233db674ed3200485ece132a8a3c6
29,S1,0.8251515151515152,0.8110812461444368,OpenBMI_ERP,2,0,58fc6dc4928d3ab4b8a85ba59773d740388233db674ed3200485ece132a8a3c6
29,S2,0.8675757575757577,0.850062966200479,OpenBMI_ERP,2,0,58fc6dc4928d3ab4b8a85ba59773d740388233db674ed3200485ece132a8a3c6
36,S1,0.9663636363636363,0.9331638715731102,OpenBMI_ERP,2,0,58fc6dc4928d3ab4b8a85ba59773d740388233db674ed3200485ece132a8a3c6
36,S2,0.9596969696969697,0.9137329722206893,OpenBMI_ERP,2,0,58fc6dc4928d3ab4b8a85ba59773d740388233db674ed3200485ece132a8a3c6
37,S1,0.8790909090909091,0.8471381110583769,OpenBMI_ERP,2,0,58fc6dc4928d3ab4b8a85ba59773d740388233db674ed3200485ece132a8a3c6
37,S2,0.9627272727272727,0.9387390920678498,OpenBMI_ERP,2,0,58fc6dc4928d3ab4b8a85ba59773d740388233db674ed3200485ece132a8a3c6
39,S1,0.8409090909090908,0.8035939855751599,OpenBMI_ERP,2,0,58fc6dc4928d3ab4b8a85ba59773d740388233db674ed3200485ece132a8a3c6
39,S2,0.6696969696969697,0.6487702954789578,OpenBMI_ERP,2,0,58fc6dc4928d3ab4b8a85ba59773d740388233db674ed3200485ece132a8a3c6
42,S1,0.8927272727272727,0.8710050659828632,OpenBMI_ERP,2,0,58fc6dc4928d3ab4b8a85ba59773d740388233db674ed3200485ece132a8a3c6
42,S2,0.7721212121212121,0.7836982124341905,OpenBMI_ERP,2,0,58fc6dc4928d3ab4b8a85ba59773d740388233db674ed3200485ece132a8a3c6
51,S1,0.8887878787878788,0.8426572785373687,OpenBMI_ERP,2,0,58fc6dc4928d3ab4b8a85ba59773d740388233db674ed3200485ece132a8a3c6
51,S2,0.7124242424242424,0.7060946119128545,OpenBMI_ERP,2,0,58fc6dc4928d3ab4b8a85ba59773d740388233db674ed3200485ece132a8a3c6
54,S1,0.6542424242424242,0.6563074292676185,OpenBMI_ERP,2,0,58fc6dc4928d3ab4b8a85ba59773d740388233db674ed3200485ece132a8a3c6
54,S2,0.6736363636363636,0.6768178469956856,OpenBMI_ERP,2,0,58fc6dc4928d3ab4b8a85ba59773d740388233db674ed3200485ece132a8a3c6
4,S1,0.8269696969696969,0.8218837683322703,OpenBMI_ERP,2,1,4624b15943e37715aaa45834d6e04a07e290355a7ec552a795bd1dd345bc0f68
4,S2,0.9348484848484848,0.8895351840563689,OpenBMI_ERP,2,1,4624b15943e37715aaa45834d6e04a07e290355a7ec552a795bd1dd345bc0f68
12,S1,0.9324242424242424,0.8573508465675939,OpenBMI_ERP,2,1,4624b15943e37715aaa45834d6e04a07e290355a7ec552a795bd1dd345bc0f68
12,S2,0.9639393939393939,0.9213046772466762,OpenBMI_ERP,2,1,4624b15943e37715aaa45834d6e04a07e290355a7ec552a795bd1dd345bc0f68
13,S1,0.899090909090909,0.8244274024777452,OpenBMI_ERP,2,1,4624b15943e37715aaa45834d6e04a07e290355a7ec552a795bd1dd345bc0f68
13,S2,0.9236363636363636,0.8549057027391109,OpenBMI_ERP,2,1,4624b15943e37715aaa45834d6e04a07e290355a7ec552a795bd1dd345bc0f68
17,S1,0.7927272727272727,0.692452307210258,OpenBMI_ERP,2,1,4624b15943e37715aaa45834d6e04a07e290355a7ec552a795bd1dd345bc0f68
17,S2,0.7845454545454545,0.6548620534955457,OpenBMI_ERP,2,1,4624b15943e37715aaa45834d6e04a07e290355a7ec552a795bd1dd345bc0f68
18,S1,0.729977764301597,0.7394228591593062,OpenBMI_ERP,2,1,4624b15943e37715aaa45834d6e04a07e290355a7ec552a795bd1dd345bc0f68
18,S2,0.9109090909090909,0.8882043905184814,OpenBMI_ERP,2,1,4624b15943e37715aaa45834d6e04a07e290355a7ec552a795bd1dd345bc0f68
24,S1,0.9606060606060607,0.921563140576114,OpenBMI_ERP,2,1,4624b15943e37715aaa45834d6e04a07e290355a7ec552a795bd1dd345bc0f68
24,S2,0.8181818181818181,0.7125435540069687,OpenBMI_ERP,2,1,4624b15943e37715aaa45834d6e04a07e290355a7ec552a795bd1dd345bc0f68
25,S1,0.7969696969696969,0.793403801660391,OpenBMI_ERP,2,1,4624b15943e37715aaa45834d6e04a07e290355a7ec552a795bd1dd345bc0f68
25,S2,0.806969696969697,0.795765952935062,OpenBMI_ERP,2,1,4624b15943e37715aaa45834d6e04a07e290355a7ec552a795bd1dd345bc0f68
29,S1,0.8478787878787879,0.8364025985102632,OpenBMI_ERP,2,1,4624b15943e37715aaa45834d6e04a07e290355a7ec552a795bd1dd345bc0f68
29,S2,0.866969696969697,0.8536176572538856,OpenBMI_ERP,2,1,4624b15943e37715aaa45834d6e04a07e290355a7ec552a795bd1dd345bc0f68
36,S1,0.9639393939393939,0.9241459472726347,OpenBMI_ERP,2,1,4624b15943e37715aaa45834d6e04a07e290355a7ec552a795bd1dd345bc0f68
36,S2,0.9596969696969697,0.908277378325273,OpenBMI_ERP,2,1,4624b15943e37715aaa45834d6e04a07e290355a7ec552a795bd1dd345bc0f68
37,S1,0.8636363636363636,0.7940666038071031,OpenBMI_ERP,2,1,4624b15943e37715aaa45834d6e04a07e290355a7ec552a795bd1dd345bc0f68
37,S2,0.9575757575757575,0.9283938030846806,OpenBMI_ERP,2,1,4624b15943e37715aaa45834d6e04a07e290355a7ec552a795bd1dd345bc0f68
39,S1,0.8409090909090908,0.7895081290836596,OpenBMI_ERP,2,1,4624b15943e37715aaa45834d6e04a07e290355a7ec552a795bd1dd345bc0f68
39,S2,0.6848484848484848,0.6626673394098644,OpenBMI_ERP,2,1,4624b15943e37715aaa45834d6e04a07e290355a7ec552a795bd1dd345bc0f68
42,S1,0.9145454545454546,0.8810104211103662,OpenBMI_ERP,2,1,4624b15943e37715aaa45834d6e04a07e290355a7ec552a795bd1dd345bc0f68
42,S2,0.7966666666666666,0.7865128705042643,OpenBMI_ERP,2,1,4624b15943e37715aaa45834d6e04a07e290355a7ec552a795bd1dd345bc0f68
51,S1,0.8848484848484849,0.8365215251515309,OpenBMI_ERP,2,1,4624b15943e37715aaa45834d6e04a07e290355a7ec552a795bd1dd345bc0f68
51,S2,0.7306060606060606,0.7189552560171308,OpenBMI_ERP,2,1,4624b15943e37715aaa45834d6e04a07e290355a7ec552a795bd1dd345bc0f68
54,S1,0.6639393939393939,0.6570824198221821,OpenBMI_ERP,2,1,4624b15943e37715aaa45834d6e04a07e290355a7ec552a795bd1dd345bc0f68
54,S2,0.6445454545454545,0.6306092494840226,OpenBMI_ERP,2,1,4624b15943e37715aaa45834d6e04a07e290355a7ec552a795bd1dd345bc0f68
4,S1,0.8115151515151515,0.8077757111101029,OpenBMI_ERP,2,2,aa168f76641064430e56b6e494241204c49dd44adf75f26fd74bc076efef0d1b
4,S2,0.9266666666666667,0.8860381274284256,OpenBMI_ERP,2,2,aa168f76641064430e56b6e494241204c49dd44adf75f26fd74bc076efef0d1b
12,S1,0.9418181818181818,0.8751489699790023,OpenBMI_ERP,2,2,aa168f76641064430e56b6e494241204c49dd44adf75f26fd74bc076efef0d1b
12,S2,0.9651515151515151,0.924304263420155,OpenBMI_ERP,2,2,aa168f76641064430e56b6e494241204c49dd44adf75f26fd74bc076efef0d1b
13,S1,0.9012121212121212,0.8202700675168793,OpenBMI_ERP,2,2,aa168f76641064430e56b6e494241204c49dd44adf75f26fd74bc076efef0d1b
13,S2,0.9236363636363636,0.8618938237434193,OpenBMI_ERP,2,2,aa168f76641064430e56b6e494241204c49dd44adf75f26fd74bc076efef0d1b
17,S1,0.8378787878787879,0.7412689148103946,OpenBMI_ERP,2,2,aa168f76641064430e56b6e494241204c49dd44adf75f26fd74bc076efef0d1b
17,S2,0.8054545454545454,0.6972693480747236,OpenBMI_ERP,2,2,aa168f76641064430e56b6e494241204c49dd44adf75f26fd74bc076efef0d1b
18,S1,0.7224020067258394,0.7329531872893967,OpenBMI_ERP,2,2,aa168f76641064430e56b6e494241204c49dd44adf75f26fd74bc076efef0d1b
18,S2,0.9118181818181819,0.8904206294734778,OpenBMI_ERP,2,2,aa168f76641064430e56b6e494241204c49dd44adf75f26fd74bc076efef0d1b
24,S1,0.9603030303030302,0.9152030382875288,OpenBMI_ERP,2,2,aa168f76641064430e56b6e494241204c49dd44adf75f26fd74bc076efef0d1b
24,S2,0.8554545454545455,0.8276725089889229,OpenBMI_ERP,2,2,aa168f76641064430e56b6e494241204c49dd44adf75f26fd74bc076efef0d1b
25,S1,0.7993939393939394,0.8008511486446583,OpenBMI_ERP,2,2,aa168f76641064430e56b6e494241204c49dd44adf75f26fd74bc076efef0d1b
25,S2,0.8142424242424242,0.8027782807312831,OpenBMI_ERP,2,2,aa168f76641064430e56b6e494241204c49dd44adf75f26fd74bc076efef0d1b
29,S1,0.822121212121212,0.8111122105284643,OpenBMI_ERP,2,2,aa168f76641064430e56b6e494241204c49dd44adf75f26fd74bc076efef0d1b
29,S2,0.8572727272727272,0.8362884782464712,OpenBMI_ERP,2,2,aa168f76641064430e56b6e494241204c49dd44adf75f26fd74bc076efef0d1b
36,S1,0.9651515151515151,0.9271748307150911,OpenBMI_ERP,2,2,aa168f76641064430e56b6e494241204c49dd44adf75f26fd74bc076efef0d1b
36,S2,0.9615151515151515,0.9099007875584539,OpenBMI_ERP,2,2,aa168f76641064430e56b6e494241204c49dd44adf75f26fd74bc076efef0d1b
37,S1,0.8412121212121213,0.7640762817080418,OpenBMI_ERP,2,2,aa168f76641064430e56b6e494241204c49dd44adf75f26fd74bc076efef0d1b
37,S2,0.9533333333333334,0.9205587690962855,OpenBMI_ERP,2,2,aa168f76641064430e56b6e494241204c49dd44adf75f26fd74bc076efef0d1b
39,S1,0.85,0.7726237990635105,OpenBMI_ERP,2,2,aa168f76641064430e56b6e494241204c49dd44adf75f26fd74bc076efef0d1b
39,S2,0.7045454545454546,0.6786863403259991,OpenBMI_ERP,2,2,aa168f76641064430e56b6e494241204c49dd44adf75f26fd74bc076efef0d1b
42,S1,0.9199999999999999,0.8808377467501203,OpenBMI_ERP,2,2,aa168f76641064430e56b6e494241204c49dd44adf75f26fd74bc076efef0d1b
42,S2,0.8309090909090908,0.8060381177264294,OpenBMI_ERP,2,2,aa168f76641064430e56b6e494241204c49dd44adf75f26fd74bc076efef0d1b
51,S1,0.8863636363636364,0.8397458188593329,OpenBMI_ERP,2,2,aa168f76641064430e56b6e494241204c49dd44adf75f26fd74bc076efef0d1b
51,S2,0.7215151515151514,0.6999217176197982,OpenBMI_ERP,2,2,aa168f76641064430e56b6e494241204c49dd44adf75f26fd74bc076efef0d1b
54,S1,0.683939393939394,0.6762788238016019,OpenBMI_ERP,2,2,aa168f76641064430e56b6e494241204c49dd44adf75f26fd74bc076efef0d1b
54,S2,0.6730303030303031,0.6609762178691908,OpenBMI_ERP,2,2,aa168f76641064430e56b6e494241204c49dd44adf75f26fd74bc076efef0d1b
4,S1,0.7936363636363637,0.7782527698794,OpenBMI_ERP,3,0,116e47d97d6b3c9e5e55bc077a0ba3ce8d06c99f4b575aebcbd42cef2363dca6
4,S2,0.9039393939393939,0.8666321372285775,OpenBMI_ERP,3,0,116e47d97d6b3c9e5e55bc077a0ba3ce8d06c99f4b575aebcbd42cef2363dca6
12,S1,0.9342424242424243,0.8611872330058166,OpenBMI_ERP,3,0,116e47d97d6b3c9e5e55bc077a0ba3ce8d06c99f4b575aebcbd42cef2363dca6
12,S2,0.9633333333333334,0.9226406208579606,OpenBMI_ERP,3,0,116e47d97d6b3c9e5e55bc077a0ba3ce8d06c99f4b575aebcbd42cef2363dca6
13,S1,0.9121212121212121,0.835588011682987,OpenBMI_ERP,3,0,116e47d97d6b3c9e5e55bc077a0ba3ce8d06c99f4b575aebcbd42cef2363dca6
13,S2,0.9066666666666667,0.8353747257400208,OpenBMI_ERP,3,0,116e47d97d6b3c9e5e55bc077a0ba3ce8d06c99f4b575aebcbd42cef2363dca6
17,S1,0.8490909090909091,0.7709883173542321,OpenBMI_ERP,3,0,116e47d97d6b3c9e5e55bc077a0ba3ce8d06c99f4b575aebcbd42cef2363dca6
17,S2,0.8227272727272728,0.7576065768285447,OpenBMI_ERP,3,0,116e47d97d6b3c9e5e55bc077a0ba3ce8d06c99f4b575aebcbd42cef2363dca6
18,S1,0.7854227539188121,0.7638457027520934,OpenBMI_ERP,3,0,116e47d97d6b3c9e5e55bc077a0ba3ce8d06c99f4b575aebcbd42cef2363dca6
18,S2,0.9327272727272727,0.8924229658160809,OpenBMI_ERP,3,0,116e47d97d6b3c9e5e55bc077a0ba3ce8d06c99f4b575aebcbd42cef2363dca6
24,S1,0.9339393939393938,0.8582393471650178,OpenBMI_ERP,3,0,116e47d97d6b3c9e5e55bc077a0ba3ce8d06c99f4b575aebcbd42cef2363dca6
24,S2,0.81,0.7274639163377603,OpenBMI_ERP,3,0,116e47d97d6b3c9e5e55bc077a0ba3ce8d06c99f4b575aebcbd42cef2363dca6
25,S1,0.8033333333333333,0.8007768056451581,OpenBMI_ERP,3,0,116e47d97d6b3c9e5e55bc077a0ba3ce8d06c99f4b575aebcbd42cef2363dca6
25,S2,0.7863636363636364,0.7792117237849189,OpenBMI_ERP,3,0,116e47d97d6b3c9e5e55bc077a0ba3ce8d06c99f4b575aebcbd42cef2363dca6
29,S1,0.7951515151515152,0.785388355034969,OpenBMI_ERP,3,0,116e47d97d6b3c9e5e55bc077a0ba3ce8d06c99f4b575aebcbd42cef2363dca6
29,S2,0.8454545454545455,0.8151428441658719,OpenBMI_ERP,3,0,116e47d97d6b3c9e5e55bc077a0ba3ce8d06c99f4b575aebcbd42cef2363dca6
36,S1,0.9421212121212121,0.8934538922519726,OpenBMI_ERP,3,0,116e47d97d6b3c9e5e55bc077a0ba3ce8d06c99f4b575aebcbd42cef2363dca6
36,S2,0.9545454545454546,0.8988306398633557,OpenBMI_ERP,3,0,116e47d97d6b3c9e5e55bc077a0ba3ce8d06c99f4b575aebcbd42cef2363dca6
37,S1,0.8442424242424242,0.8041530219030133,OpenBMI_ERP,3,0,116e47d97d6b3c9e5e55bc077a0ba3ce8d06c99f4b575aebcbd42cef2363dca6
37,S2,0.9378787878787879,0.9161189533343437,OpenBMI_ERP,3,0,116e47d97d6b3c9e5e55bc077a0ba3ce8d06c99f4b575aebcbd42cef2363dca6
39,S1,0.8412121212121213,0.7536327231121281,OpenBMI_ERP,3,0,116e47d97d6b3c9e5e55bc077a0ba3ce8d06c99f4b575aebcbd42cef2363dca6
39,S2,0.7027272727272728,0.6566641719162704,OpenBMI_ERP,3,0,116e47d97d6b3c9e5e55bc077a0ba3ce8d06c99f4b575aebcbd42cef2363dca6
42,S1,0.9175757575757575,0.8727378501892782,OpenBMI_ERP,3,0,116e47d97d6b3c9e5e55bc077a0ba3ce8d06c99f4b575aebcbd42cef2363dca6
42,S2,0.8296969696969697,0.8099262467482149,OpenBMI_ERP,3,0,116e47d97d6b3c9e5e55bc077a0ba3ce8d06c99f4b575aebcbd42cef2363dca6
51,S1,0.8709090909090909,0.814284092843766,OpenBMI_ERP,3,0,116e47d97d6b3c9e5e55bc077a0ba3ce8d06c99f4b575aebcbd42cef2363dca6
51,S2,0.7487878787878788,0.6682359060567112,OpenBMI_ERP,3,0,116e47d97d6b3c9e5e55bc077a0ba3ce8d06c99f4b575aebcbd42cef2363dca6
54,S1,0.7063636363636363,0.6571079156295383,OpenBMI_ERP,3,0,116e47d97d6b3c9e5e55bc077a0ba3ce8d06c99f4b575aebcbd42cef2363dca6
54,S2,0.7133333333333334,0.6960176428177616,OpenBMI_ERP,3,0,116e47d97d6b3c9e5e55bc077a0ba3ce8d06c99f4b575aebcbd42cef2363dca6
4,S1,0.7869696969696969,0.7725699456384783,OpenBMI_ERP,3,1,78c3e60a5415db83b1f3ad07e6abf15072aa74126ecaa58a978264db280106bc
4,S2,0.9096969696969697,0.8722985095629536,OpenBMI_ERP,3,1,78c3e60a5415db83b1f3ad07e6abf15072aa74126ecaa58a978264db280106bc
12,S1,0.9427272727272727,0.882082513462666,OpenBMI_ERP,3,1,78c3e60a5415db83b1f3ad07e6abf15072aa74126ecaa58a978264db280106bc
12,S2,0.9636363636363636,0.9291617473435656,OpenBMI_ERP,3,1,78c3e60a5415db83b1f3ad07e6abf15072aa74126ecaa58a978264db280106bc
13,S1,0.9015151515151515,0.8292694610778444,OpenBMI_ERP,3,1,78c3e60a5415db83b1f3ad07e6abf15072aa74126ecaa58a978264db280106bc
13,S2,0.9066666666666667,0.8289336469903478,OpenBMI_ERP,3,1,78c3e60a5415db83b1f3ad07e6abf15072aa74126ecaa58a978264db280106bc
17,S1,0.7857575757575758,0.7007254099172364,OpenBMI_ERP,3,1,78c3e60a5415db83b1f3ad07e6abf15072aa74126ecaa58a978264db280106bc
17,S2,0.8081818181818181,0.7228981791992792,OpenBMI_ERP,3,1,78c3e60a5415db83b1f3ad07e6abf15072aa74126ecaa58a978264db280106bc
18,S1,0.7127055883271771,0.7255351233938485,OpenBMI_ERP,3,1,78c3e60a5415db83b1f3ad07e6abf15072aa74126ecaa58a978264db280106bc
18,S2,0.8878787878787879,0.8751030590777278,OpenBMI_ERP,3,1,78c3e60a5415db83b1f3ad07e6abf15072aa74126ecaa58a978264db280106bc
24,S1,0.9387878787878787,0.8757853744068,OpenBMI_ERP,3,1,78c3e60a5415db83b1f3ad07e6abf15072aa74126ecaa58a978264db280106bc
24,S2,0.8051515151515152,0.6850779786254029,OpenBMI_ERP,3,1,78c3e60a5415db83b1f3ad07e6abf15072aa74126ecaa58a978264db280106bc
25,S1,0.7621212121212122,0.7722507504060474,OpenBMI_ERP,3,1,78c3e60a5415db83b1f3ad07e6abf15072aa74126ecaa58a978264db280106bc
25,S2,0.7524242424242424,0.7596032787984983,OpenBMI_ERP,3,1,78c3e60a5415db83b1f3ad07e6abf15072aa74126ecaa58a978264db280106bc
29,S1,0.7724242424242425,0.7740827568684967,OpenBMI_ERP,3,1,78c3e60a5415db83b1f3ad07e6abf15072aa74126ecaa58a978264db280106bc
29,S2,0.8327272727272728,0.814247295015323,OpenBMI_ERP,3,1,78c3e60a5415db83b1f3ad07e6abf15072aa74126ecaa58a978264db280106bc
36,S1,0.9481818181818182,0.8893628413995709,OpenBMI_ERP,3,1,78c3e60a5415db83b1f3ad07e6abf15072aa74126ecaa58a978264db280106bc
36,S2,0.9509090909090909,0.8879419191919191,OpenBMI_ERP,3,1,78c3e60a5415db83b1f3ad07e6abf15072aa74126ecaa58a978264db280106bc
37,S1,0.8200000000000001,0.7669229905702739,OpenBMI_ERP,3,1,78c3e60a5415db83b1f3ad07e6abf15072aa74126ecaa58a978264db280106bc
37,S2,0.9327272727272727,0.9088435799612233,OpenBMI_ERP,3,1,78c3e60a5415db83b1f3ad07e6abf15072aa74126ecaa58a978264db280106bc
39,S1,0.8403030303030303,0.7769349773669774,OpenBMI_ERP,3,1,78c3e60a5415db83b1f3ad07e6abf15072aa74126ecaa58a978264db280106bc
39,S2,0.6987878787878787,0.6733703460515794,OpenBMI_ERP,3,1,78c3e60a5415db83b1f3ad07e6abf15072aa74126ecaa58a978264db280106bc
42,S1,0.9209090909090909,0.8728159808524348,OpenBMI_ERP,3,1,78c3e60a5415db83b1f3ad07e6abf15072aa74126ecaa58a978264db280106bc
42,S2,0.8536363636363636,0.8193333558322928,OpenBMI_ERP,3,1,78c3e60a5415db83b1f3ad07e6abf15072aa74126ecaa58a978264db280106bc
51,S1,0.8748484848484849,0.8266100995198142,OpenBMI_ERP,3,1,78c3e60a5415db83b1f3ad07e6abf15072aa74126ecaa58a978264db280106bc
51,S2,0.7575757575757576,0.6970855962671154,OpenBMI_ERP,3,1,78c3e60a5415db83b1f3ad07e6abf15072aa74126ecaa58a978264db280106bc
54,S1,0.7421212121212122,0.6952704945047181,OpenBMI_ERP,3,1,78c3e60a5415db83b1f3ad07e6abf15072aa74126ecaa58a978264db280106bc
54,S2,0.7287878787878788,0.7080307303348836,OpenBMI_ERP,3,1,78c3e60a5415db83b1f3ad07e6abf15072aa74126ecaa58a978264db280106bc
4,S1,0.7884848484848485,0.7857080492720513,OpenBMI_ERP,3,2,961f01f46652040f19a99899ea89c27a5b30a5f030dc72d2509e27440dedd17b
4,S2,0.9057575757575758,0.8733349742988368,OpenBMI_ERP,3,2,961f01f46652040f19a99899ea89c27a5b30a5f030dc72d2509e27440dedd17b
12,S1,0.9493939393939395,0.8895752043733387,OpenBMI_ERP,3,2,961f01f46652040f19a99899ea89c27a5b30a5f030dc72d2509e27440dedd17b
12,S2,0.969090909090909,0.9371913580246913,OpenBMI_ERP,3,2,961f01f46652040f19a99899ea89c27a5b30a5f030dc72d2509e27440dedd17b
13,S1,0.9136363636363636,0.8498155412264474,OpenBMI_ERP,3,2,961f01f46652040f19a99899ea89c27a5b30a5f030dc72d2509e27440dedd17b
13,S2,0.9133333333333333,0.8491763833743781,OpenBMI_ERP,3,2,961f01f46652040f19a99899ea89c27a5b30a5f030dc72d2509e27440dedd17b
17,S1,0.843939393939394,0.7671531988325588,OpenBMI_ERP,3,2,961f01f46652040f19a99899ea89c27a5b30a5f030dc72d2509e27440dedd17b
17,S2,0.8318181818181818,0.756262918561389,OpenBMI_ERP,3,2,961f01f46652040f19a99899ea89c27a5b30a5f030dc72d2509e27440dedd17b
18,S1,0.7769465424407813,0.775608810469565,OpenBMI_ERP,3,2,961f01f46652040f19a99899ea89c27a5b30a5f030dc72d2509e27440dedd17b
18,S2,0.9203030303030303,0.8920901746099931,OpenBMI_ERP,3,2,961f01f46652040f19a99899ea89c27a5b30a5f030dc72d2509e27440dedd17b
24,S1,0.9324242424242424,0.8528065681590222,OpenBMI_ERP,3,2,961f01f46652040f19a99899ea89c27a5b30a5f030dc72d2509e27440dedd17b
24,S2,0.8424242424242425,0.7557224750242442,OpenBMI_ERP,3,2,961f01f46652040f19a99899ea89c27a5b30a5f030dc72d2509e27440dedd17b
25,S1,0.8060606060606061,0.7917616126205083,OpenBMI_ERP,3,2,961f01f46652040f19a99899ea89c27a5b30a5f030dc72d2509e27440dedd17b
25,S2,0.7818181818181817,0.7718388512165935,OpenBMI_ERP,3,2,961f01f46652040f19a99899ea89c27a5b30a5f030dc72d2509e27440dedd17b
29,S1,0.7933333333333333,0.7836292431909934,OpenBMI_ERP,3,2,961f01f46652040f19a99899ea89c27a5b30a5f030dc72d2509e27440dedd17b
29,S2,0.8581818181818182,0.824566682715455,OpenBMI_ERP,3,2,961f01f46652040f19a99899ea89c27a5b30a5f030dc72d2509e27440dedd17b
36,S1,0.9454545454545454,0.8908013255667966,OpenBMI_ERP,3,2,961f01f46652040f19a99899ea89c27a5b30a5f030dc72d2509e27440dedd17b
36,S2,0.9515151515151515,0.8918547267773609,OpenBMI_ERP,3,2,961f01f46652040f19a99899ea89c27a5b30a5f030dc72d2509e27440dedd17b
37,S1,0.842121212121212,0.7692770763629811,OpenBMI_ERP,3,2,961f01f46652040f19a99899ea89c27a5b30a5f030dc72d2509e27440dedd17b
37,S2,0.9445454545454546,0.9185728033163076,OpenBMI_ERP,3,2,961f01f46652040f19a99899ea89c27a5b30a5f030dc72d2509e27440dedd17b
39,S1,0.8409090909090908,0.7463476269446419,OpenBMI_ERP,3,2,961f01f46652040f19a99899ea89c27a5b30a5f030dc72d2509e27440dedd17b
39,S2,0.7372727272727273,0.7003033956841698,OpenBMI_ERP,3,2,961f01f46652040f19a99899ea89c27a5b30a5f030dc72d2509e27440dedd17b
42,S1,0.9303030303030303,0.8816092104659621,OpenBMI_ERP,3,2,961f01f46652040f19a99899ea89c27a5b30a5f030dc72d2509e27440dedd17b
42,S2,0.8687878787878788,0.8227254772876893,OpenBMI_ERP,3,2,961f01f46652040f19a99899ea89c27a5b30a5f030dc72d2509e27440dedd17b
51,S1,0.853939393939394,0.8010601265822785,OpenBMI_ERP,3,2,961f01f46652040f19a99899ea89c27a5b30a5f030dc72d2509e27440dedd17b
51,S2,0.7587878787878788,0.6946840282273257,OpenBMI_ERP,3,2,961f01f46652040f19a99899ea89c27a5b30a5f030dc72d2509e27440dedd17b
54,S1,0.7312121212121212,0.6974722331818315,OpenBMI_ERP,3,2,961f01f46652040f19a99899ea89c27a5b30a5f030dc72d2509e27440dedd17b
54,S2,0.7081818181818182,0.6900996677740864,OpenBMI_ERP,3,2,961f01f46652040f19a99899ea89c27a5b30a5f030dc72d2509e27440dedd17b
4,S1,0.85,0.8226287775446963,OpenBMI_ERP,4,0,4caeea4ba87063b74c542024a30a05d044454583c0d10a10dccb5228513f421b
4,S2,0.9130303030303031,0.8649833342248423,OpenBMI_ERP,4,0,4caeea4ba87063b74c542024a30a05d044454583c0d10a10dccb5228513f421b
12,S1,0.9490909090909091,0.883865260875148,OpenBMI_ERP,4,0,4caeea4ba87063b74c542024a30a05d044454583c0d10a10dccb5228513f421b
12,S2,0.9681818181818183,0.928998576174656,OpenBMI_ERP,4,0,4caeea4ba87063b74c542024a30a05d044454583c0d10a10dccb5228513f421b
13,S1,0.9121212121212121,0.8511867088607594,OpenBMI_ERP,4,0,4caeea4ba87063b74c542024a30a05d044454583c0d10a10dccb5228513f421b
13,S2,0.9206060606060606,0.8672319716141083,OpenBMI_ERP,4,0,4caeea4ba87063b74c542024a30a05d044454583c0d10a10dccb5228513f421b
17,S1,0.8696969696969696,0.8202880018506143,OpenBMI_ERP,4,0,4caeea4ba87063b74c542024a30a05d044454583c0d10a10dccb5228513f421b
17,S2,0.8345454545454545,0.759318932251263,OpenBMI_ERP,4,0,4caeea4ba87063b74c542024a30a05d044454583c0d10a10dccb5228513f421b
18,S1,0.7617922707977287,0.7580237588035823,OpenBMI_ERP,4,0,4caeea4ba87063b74c542024a30a05d044454583c0d10a10dccb5228513f421b
18,S2,0.9142424242424243,0.8751740478253155,OpenBMI_ERP,4,0,4caeea4ba87063b74c542024a30a05d044454583c0d10a10dccb5228513f421b
24,S1,0.9390909090909091,0.8839151525296671,OpenBMI_ERP,4,0,4caeea4ba87063b74c542024a30a05d044454583c0d10a10dccb5228513f421b
24,S2,0.8136363636363636,0.7910313452982053,OpenBMI_ERP,4,0,4caeea4ba87063b74c542024a30a05d044454583c0d10a10dccb5228513f421b
25,S1,0.8293939393939394,0.8071218081611686,OpenBMI_ERP,4,0,4caeea4ba87063b74c542024a30a05d044454583c0d10a10dccb5228513f421b
25,S2,0.8166666666666667,0.7851261455635439,OpenBMI_ERP,4,0,4caeea4ba87063b74c542024a30a05d044454583c0d10a10dccb5228513f421b
29,S1,0.8,0.7754281187153391,OpenBMI_ERP,4,0,4caeea4ba87063b74c542024a30a05d044454583c0d10a10dccb5228513f421b
29,S2,0.8400000000000001,0.8144712430426717,OpenBMI_ERP,4,0,4caeea4ba87063b74c542024a30a05d044454583c0d10a10dccb5228513f421b
36,S1,0.9451515151515151,0.8979242957085725,OpenBMI_ERP,4,0,4caeea4ba87063b74c542024a30a05d044454583c0d10a10dccb5228513f421b
36,S2,0.9551515151515151,0.8976246528108787,OpenBMI_ERP,4,0,4caeea4ba87063b74c542024a30a05d044454583c0d10a10dccb5228513f421b
37,S1,0.8542424242424242,0.8078056258279467,OpenBMI_ERP,4,0,4caeea4ba87063b74c542024a30a05d044454583c0d10a10dccb5228513f421b
37,S2,0.9396969696969697,0.9010132675494336,OpenBMI_ERP,4,0,4caeea4ba87063b74c542024a30a05d044454583c0d10a10dccb5228513f421b
39,S1,0.8545454545454545,0.7982363315696649,OpenBMI_ERP,4,0,4caeea4ba87063b74c542024a30a05d044454583c0d10a10dccb5228513f421b
39,S2,0.7163636363636363,0.6829835499564851,OpenBMI_ERP,4,0,4caeea4ba87063b74c542024a30a05d044454583c0d10a10dccb5228513f421b
42,S1,0.9112121212121211,0.8492586598166284,OpenBMI_ERP,4,0,4caeea4ba87063b74c542024a30a05d044454583c0d10a10dccb5228513f421b
42,S2,0.8651515151515151,0.8282875351821338,OpenBMI_ERP,4,0,4caeea4ba87063b74c542024a30a05d044454583c0d10a10dccb5228513f421b
51,S1,0.8836363636363637,0.8230687830687831,OpenBMI_ERP,4,0,4caeea4ba87063b74c542024a30a05d044454583c0d10a10dccb5228513f421b
51,S2,0.7290909090909091,0.6733794341216216,OpenBMI_ERP,4,0,4caeea4ba87063b74c542024a30a05d044454583c0d10a10dccb5228513f421b
54,S1,0.6666666666666666,0.6419495458357071,OpenBMI_ERP,4,0,4caeea4ba87063b74c542024a30a05d044454583c0d10a10dccb5228513f421b
54,S2,0.6633333333333333,0.638126629797912,OpenBMI_ERP,4,0,4caeea4ba87063b74c542024a30a05d044454583c0d10a10dccb5228513f421b
4,S1,0.8160606060606062,0.8023753127870374,OpenBMI_ERP,4,1,ff5185637d17609dd2a56011430ebecad9c0686b6d5124579fcaa39092b63adf
4,S2,0.9106060606060606,0.8795349369530432,OpenBMI_ERP,4,1,ff5185637d17609dd2a56011430ebecad9c0686b6d5124579fcaa39092b63adf
12,S1,0.9536363636363636,0.9019791954340421,OpenBMI_ERP,4,1,ff5185637d17609dd2a56011430ebecad9c0686b6d5124579fcaa39092b63adf
12,S2,0.97,0.9365479793415603,OpenBMI_ERP,4,1,ff5185637d17609dd2a56011430ebecad9c0686b6d5124579fcaa39092b63adf
13,S1,0.9172727272727272,0.8695756236767007,OpenBMI_ERP,4,1,ff5185637d17609dd2a56011430ebecad9c0686b6d5124579fcaa39092b63adf
13,S2,0.9227272727272727,0.8695046197402465,OpenBMI_ERP,4,1,ff5185637d17609dd2a56011430ebecad9c0686b6d5124579fcaa39092b63adf
17,S1,0.8433333333333333,0.7678592761052907,OpenBMI_ERP,4,1,ff5185637d17609dd2a56011430ebecad9c0686b6d5124579fcaa39092b63adf
17,S2,0.8021212121212121,0.6863385135111058,OpenBMI_ERP,4,1,ff5185637d17609dd2a56011430ebecad9c0686b6d5124579fcaa39092b63adf
18,S1,0.7248332322619769,0.7487807374951373,OpenBMI_ERP,4,1,ff5185637d17609dd2a56011430ebecad9c0686b6d5124579fcaa39092b63adf
18,S2,0.9063636363636364,0.8852436513383665,OpenBMI_ERP,4,1,ff5185637d17609dd2a56011430ebecad9c0686b6d5124579fcaa39092b63adf
24,S1,0.9281818181818182,0.864627904577967,OpenBMI_ERP,4,1,ff5185637d17609dd2a56011430ebecad9c0686b6d5124579fcaa39092b63adf
24,S2,0.7242424242424242,0.6480103094468753,OpenBMI_ERP,4,1,ff5185637d17609dd2a56011430ebecad9c0686b6d5124579fcaa39092b63adf
25,S1,0.8336363636363636,0.8184553304563096,OpenBMI_ERP,4,1,ff5185637d17609dd2a56011430ebecad9c0686b6d5124579fcaa39092b63adf
25,S2,0.8396969696969696,0.8095129266287417,OpenBMI_ERP,4,1,ff5185637d17609dd2a56011430ebecad9c0686b6d5124579fcaa39092b63adf
29,S1,0.7848484848484849,0.7721615055013975,OpenBMI_ERP,4,1,ff5185637d17609dd2a56011430ebecad9c0686b6d5124579fcaa39092b63adf
29,S2,0.822121212121212,0.7982326920002132,OpenBMI_ERP,4,1,ff5185637d17609dd2a56011430ebecad9c0686b6d5124579fcaa39092b63adf
36,S1,0.9506060606060607,0.8897864005821033,OpenBMI_ERP,4,1,ff5185637d17609dd2a56011430ebecad9c0686b6d5124579fcaa39092b63adf
36,S2,0.9548484848484848,0.896924897871226,OpenBMI_ERP,4,1,ff5185637d17609dd2a56011430ebecad9c0686b6d5124579fcaa39092b63adf
37,S1,0.8484848484848484,0.792408660436527,OpenBMI_ERP,4,1,ff5185637d17609dd2a56011430ebecad9c0686b6d5124579fcaa39092b63adf
37,S2,0.9381818181818182,0.9111511517730937,OpenBMI_ERP,4,1,ff5185637d17609dd2a56011430ebecad9c0686b6d5124579fcaa39092b63adf
39,S1,0.8221212121212121,0.729843376996173,OpenBMI_ERP,4,1,ff5185637d17609dd2a56011430ebecad9c0686b6d5124579fcaa39092b63adf
39,S2,0.7042424242424242,0.6639752682861944,OpenBMI_ERP,4,1,ff5185637d17609dd2a56011430ebecad9c0686b6d5124579fcaa39092b63adf
42,S1,0.9257575757575758,0.8665086355293199,OpenBMI_ERP,4,1,ff5185637d17609dd2a56011430ebecad9c0686b6d5124579fcaa39092b63adf
42,S2,0.8157575757575758,0.7913039930366663,OpenBMI_ERP,4,1,ff5185637d17609dd2a56011430ebecad9c0686b6d5124579fcaa39092b63adf
51,S1,0.8778787878787879,0.811581064717624,OpenBMI_ERP,4,1,ff5185637d17609dd2a56011430ebecad9c0686b6d5124579fcaa39092b63adf
51,S2,0.7239393939393939,0.6629552925694991,OpenBMI_ERP,4,1,ff5185637d17609dd2a56011430ebecad9c0686b6d5124579fcaa39092b63adf
54,S1,0.6612121212121213,0.6350158227848102,OpenBMI_ERP,4,1,ff5185637d17609dd2a56011430ebecad9c0686b6d5124579fcaa39092b63adf
54,S2,0.6790909090909091,0.6455502392344498,OpenBMI_ERP,4,1,ff5185637d17609dd2a56011430ebecad9c0686b6d5124579fcaa39092b63adf
4,S1,0.803939393939394,0.8021061759101852,OpenBMI_ERP,4,2,294c2890d151d117c89b1017da54ea9e5085acaea10affac678b22ea8fe0bd9d
4,S2,0.9175757575757576,0.8935991332611051,OpenBMI_ERP,4,2,294c2890d151d117c89b1017da54ea9e5085acaea10affac678b22ea8fe0bd9d
12,S1,0.9503030303030303,0.891646373163324,OpenBMI_ERP,4,2,294c2890d151d117c89b1017da54ea9e5085acaea10affac678b22ea8fe0bd9d
12,S2,0.9663636363636363,0.930228381688198,OpenBMI_ERP,4,2,294c2890d151d117c89b1017da54ea9e5085acaea10affac678b22ea8fe0bd9d
13,S1,0.9096969696969697,0.8438171165443893,OpenBMI_ERP,4,2,294c2890d151d117c89b1017da54ea9e5085acaea10affac678b22ea8fe0bd9d
13,S2,0.9303030303030303,0.8741185805868028,OpenBMI_ERP,4,2,294c2890d151d117c89b1017da54ea9e5085acaea10affac678b22ea8fe0bd9d
17,S1,0.86,0.8132075471698113,OpenBMI_ERP,4,2,294c2890d151d117c89b1017da54ea9e5085acaea10affac678b22ea8fe0bd9d
17,S2,0.8363636363636363,0.7625393102713075,OpenBMI_ERP,4,2,294c2890d151d117c89b1017da54ea9e5085acaea10affac678b22ea8fe0bd9d
18,S1,0.7484572835694727,0.7442893699150996,OpenBMI_ERP,4,2,294c2890d151d117c89b1017da54ea9e5085acaea10affac678b22ea8fe0bd9d
18,S2,0.8915151515151515,0.8581461052972273,OpenBMI_ERP,4,2,294c2890d151d117c89b1017da54ea9e5085acaea10affac678b22ea8fe0bd9d
24,S1,0.9463636363636363,0.898129660568029,OpenBMI_ERP,4,2,294c2890d151d117c89b1017da54ea9e5085acaea10affac678b22ea8fe0bd9d
24,S2,0.7993939393939393,0.755828218906486,OpenBMI_ERP,4,2,294c2890d151d117c89b1017da54ea9e5085acaea10affac678b22ea8fe0bd9d
25,S1,0.8469696969696969,0.8227993691654116,OpenBMI_ERP,4,2,294c2890d151d117c89b1017da54ea9e5085acaea10affac678b22ea8fe0bd9d
25,S2,0.8360606060606061,0.8192666107925549,OpenBMI_ERP,4,2,294c2890d151d117c89b1017da54ea9e5085acaea10affac678b22ea8fe0bd9d
29,S1,0.8106060606060606,0.7848727757905565,OpenBMI_ERP,4,2,294c2890d151d117c89b1017da54ea9e5085acaea10affac678b22ea8fe0bd9d
29,S2,0.8572727272727273,0.8293537528036652,OpenBMI_ERP,4,2,294c2890d151d117c89b1017da54ea9e5085acaea10affac678b22ea8fe0bd9d
36,S1,0.9515151515151514,0.8970231632871974,OpenBMI_ERP,4,2,294c2890d151d117c89b1017da54ea9e5085acaea10affac678b22ea8fe0bd9d
36,S2,0.9533333333333334,0.8934450984423996,OpenBMI_ERP,4,2,294c2890d151d117c89b1017da54ea9e5085acaea10affac678b22ea8fe0bd9d
37,S1,0.8575757575757575,0.8124805729679324,OpenBMI_ERP,4,2,294c2890d151d117c89b1017da54ea9e5085acaea10affac678b22ea8fe0bd9d
37,S2,0.9427272727272727,0.9139956417233385,OpenBMI_ERP,4,2,294c2890d151d117c89b1017da54ea9e5085acaea10affac678b22ea8fe0bd9d
39,S1,0.8603030303030303,0.7897087376439048,OpenBMI_ERP,4,2,294c2890d151d117c89b1017da54ea9e5085acaea10affac678b22ea8fe0bd9d
39,S2,0.7272727272727273,0.6909937006980308,OpenBMI_ERP,4,2,294c2890d151d117c89b1017da54ea9e5085acaea10affac678b22ea8fe0bd9d
42,S1,0.9278787878787879,0.8687537435610749,OpenBMI_ERP,4,2,294c2890d151d117c89b1017da54ea9e5085acaea10affac678b22ea8fe0bd9d
42,S2,0.8472727272727272,0.8168082239481613,OpenBMI_ERP,4,2,294c2890d151d117c89b1017da54ea9e5085acaea10affac678b22ea8fe0bd9d
51,S1,0.8781818181818182,0.8121772447109779,OpenBMI_ERP,4,2,294c2890d151d117c89b1017da54ea9e5085acaea10affac678b22ea8fe0bd9d
51,S2,0.7260606060606061,0.6946486403125482,OpenBMI_ERP,4,2,294c2890d151d117c89b1017da54ea9e5085acaea10affac678b22ea8fe0bd9d
54,S1,0.6733333333333333,0.6508441630206538,OpenBMI_ERP,4,2,294c2890d151d117c89b1017da54ea9e5085acaea10affac678b22ea8fe0bd9d
54,S2,0.6763636363636363,0.6496212121212122,OpenBMI_ERP,4,2,294c2890d151d117c89b1017da54ea9e5085acaea10affac678b22ea8fe0bd9d
4,S1,1.0,1.0,OpenBMI_SSVEP,0,0,6b46c3e8d910d5f469accbd9561b3f5b2eaf1d9b21f237d46229d5f85f3347a2
4,S2,1.0,1.0,OpenBMI_SSVEP,0,0,6b46c3e8d910d5f469accbd9561b3f5b2eaf1d9b21f237d46229d5f85f3347a2
12,S1,1.0,1.0,OpenBMI_SSVEP,0,0,6b46c3e8d910d5f469accbd9561b3f5b2eaf1d9b21f237d46229d5f85f3347a2
12,S2,0.98,0.9799959983993598,OpenBMI_SSVEP,0,0,6b46c3e8d910d5f469accbd9561b3f5b2eaf1d9b21f237d46229d5f85f3347a2
13,S1,0.96,0.9592079653846772,OpenBMI_SSVEP,0,0,6b46c3e8d910d5f469accbd9561b3f5b2eaf1d9b21f237d46229d5f85f3347a2
13,S2,0.8400000000000001,0.8396238590271892,OpenBMI_SSVEP,0,0,6b46c3e8d910d5f469accbd9561b3f5b2eaf1d9b21f237d46229d5f85f3347a2
17,S1,0.8999999999999999,0.9012508325465312,OpenBMI_SSVEP,0,0,6b46c3e8d910d5f469accbd9561b3f5b2eaf1d9b21f237d46229d5f85f3347a2
17,S2,0.9199999999999999,0.9200715569246567,OpenBMI_SSVEP,0,0,6b46c3e8d910d5f469accbd9561b3f5b2eaf1d9b21f237d46229d5f85f3347a2
18,S1,0.96,0.959891609795263,OpenBMI_SSVEP,0,0,6b46c3e8d910d5f469accbd9561b3f5b2eaf1d9b21f237d46229d5f85f3347a2
18,S2,1.0,1.0,OpenBMI_SSVEP,0,0,6b46c3e8d910d5f469accbd9561b3f5b2eaf1d9b21f237d46229d5f85f3347a2
24,S1,0.94,0.9382855706385118,OpenBMI_SSVEP,0,0,6b46c3e8d910d5f469accbd9561b3f5b2eaf1d9b21f237d46229d5f85f3347a2
24,S2,0.9099999999999999,0.9087725426921534,OpenBMI_SSVEP,0,0,6b46c3e8d910d5f469accbd9561b3f5b2eaf1d9b21f237d46229d5f85f3347a2
25,S1,1.0,1.0,OpenBMI_SSVEP,0,0,6b46c3e8d910d5f469accbd9561b3f5b2eaf1d9b21f237d46229d5f85f3347a2
25,S2,0.94,0.9394040438160498,OpenBMI_SSVEP,0,0,6b46c3e8d910d5f469accbd9561b3f5b2eaf1d9b21f237d46229d5f85f3347a2
29,S1,0.98,0.9797794117647058,OpenBMI_SSVEP,0,0,6b46c3e8d910d5f469accbd9561b3f5b2eaf1d9b21f237d46229d5f85f3347a2
29,S2,0.96,0.9601137624861265,OpenBMI_SSVEP,0,0,6b46c3e8d910d5f469accbd9561b3f5b2eaf1d9b21f237d46229d5f85f3347a2
36,S1,1.0,1.0,OpenBMI_SSVEP,0,0,6b46c3e8d910d5f469accbd9561b3f5b2eaf1d9b21f237d46229d5f85f3347a2
36,S2,1.0,1.0,OpenBMI_SSVEP,0,0,6b46c3e8d910d5f469accbd9561b3f5b2eaf1d9b21f237d46229d5f85f3347a2
37,S1,0.99,0.9899959983993598,OpenBMI_SSVEP,0,0,6b46c3e8d910d5f469accbd9561b3f5b2eaf1d9b21f237d46229d5f85f3347a2
37,S2,1.0,1.0,OpenBMI_SSVEP,0,0,6b46c3e8d910d5f469accbd9561b3f5b2eaf1d9b21f237d46229d5f85f3347a2
39,S1,0.98,0.979779411764706,OpenBMI_SSVEP,0,0,6b46c3e8d910d5f469accbd9561b3f5b2eaf1d9b21f237d46229d5f85f3347a2
39,S2,0.99,0.9899959983993598,OpenBMI_SSVEP,0,0,6b46c3e8d910d5f469accbd9561b3f5b2eaf1d9b21f237d46229d5f85f3347a2
42,S1,1.0,1.0,OpenBMI_SSVEP,0,0,6b46c3e8d910d5f469accbd9561b3f5b2eaf1d9b21f237d46229d5f85f3347a2
42,S2,0.6300000000000001,0.6313190620520388,OpenBMI_SSVEP,0,0,6b46c3e8d910d5f469accbd9561b3f5b2eaf1d9b21f237d46229d5f85f3347a2
51,S1,0.7000000000000001,0.6990843023255814,OpenBMI_SSVEP,0,0,6b46c3e8d910d5f469accbd9561b3f5b2eaf1d9b21f237d46229d5f85f3347a2
51,S2,0.74,0.7451997614788314,OpenBMI_SSVEP,0,0,6b46c3e8d910d5f469accbd9561b3f5b2eaf1d9b21f237d46229d5f85f3347a2
54,S1,0.86,0.8560348583877996,OpenBMI_SSVEP,0,0,6b46c3e8d910d5f469accbd9561b3f5b2eaf1d9b21f237d46229d5f85f3347a2
54,S2,0.8999999999999999,0.900769746970355,OpenBMI_SSVEP,0,0,6b46c3e8d910d5f469accbd9561b3f5b2eaf1d9b21f237d46229d5f85f3347a2
4,S1,1.0,1.0,OpenBMI_SSVEP,0,1,e61c4f1f112574fd1a460254039c8b4c13234cb3c75645693cf0ae62cdcf6926
4,S2,1.0,1.0,OpenBMI_SSVEP,0,1,e61c4f1f112574fd1a460254039c8b4c13234cb3c75645693cf0ae62cdcf6926
12,S1,1.0,1.0,OpenBMI_SSVEP,0,1,e61c4f1f112574fd1a460254039c8b4c13234cb3c75645693cf0ae62cdcf6926
12,S2,0.97,0.9699879951980792,OpenBMI_SSVEP,0,1,e61c4f1f112574fd1a460254039c8b4c13234cb3c75645693cf0ae62cdcf6926
13,S1,1.0,1.0,OpenBMI_SSVEP,0,1,e61c4f1f112574fd1a460254039c8b4c13234cb3c75645693cf0ae62cdcf6926
13,S2,0.95,0.949955943916028,OpenBMI_SSVEP,0,1,e61c4f1f112574fd1a460254039c8b4c13234cb3c75645693cf0ae62cdcf6926
17,S1,0.87,0.8686720142602495,OpenBMI_SSVEP,0,1,e61c4f1f112574fd1a460254039c8b4c13234cb3c75645693cf0ae62cdcf6926
17,S2,0.97,0.9699764521193093,OpenBMI_SSVEP,0,1,e61c4f1f112574fd1a460254039c8b4c13234cb3c75645693cf0ae62cdcf6926
18,S1,0.97,0.9695252077917911,OpenBMI_SSVEP,0,1,e61c4f1f112574fd1a460254039c8b4c13234cb3c75645693cf0ae62cdcf6926
18,S2,1.0,1.0,OpenBMI_SSVEP,0,1,e61c4f1f112574fd1a460254039c8b4c13234cb3c75645693cf0ae62cdcf6926
24,S1,0.95,0.949551282051282,OpenBMI_SSVEP,0,1,e61c4f1f112574fd1a460254039c8b4c13234cb3c75645693cf0ae62cdcf6926
24,S2,0.8799999999999999,0.8774132730015084,OpenBMI_SSVEP,0,1,e61c4f1f112574fd1a460254039c8b4c13234cb3c75645693cf0ae62cdcf6926
25,S1,1.0,1.0,OpenBMI_SSVEP,0,1,e61c4f1f112574fd1a460254039c8b4c13234cb3c75645693cf0ae62cdcf6926
25,S2,0.96,0.9601920768307323,OpenBMI_SSVEP,0,1,e61c4f1f112574fd1a460254039c8b4c13234cb3c75645693cf0ae62cdcf6926
29,S1,0.98,0.9799679487179488,OpenBMI_SSVEP,0,1,e61c4f1f112574fd1a460254039c8b4c13234cb3c75645693cf0ae62cdcf6926
29,S2,0.95,0.9505446409332965,OpenBMI_SSVEP,0,1,e61c4f1f112574fd1a460254039c8b4c13234cb3c75645693cf0ae62cdcf6926
36,S1,1.0,1.0,OpenBMI_SSVEP,0,1,e61c4f1f112574fd1a460254039c8b4c13234cb3c75645693cf0ae62cdcf6926
36,S2,1.0,1.0,OpenBMI_SSVEP,0,1,e61c4f1f112574fd1a460254039c8b4c13234cb3c75645693cf0ae62cdcf6926
37,S1,0.98,0.9799959983993597,OpenBMI_SSVEP,0,1,e61c4f1f112574fd1a460254039c8b4c13234cb3c75645693cf0ae62cdcf6926
37,S2,0.99,0.9899959983993598,OpenBMI_SSVEP,0,1,e61c4f1f112574fd1a460254039c8b4c13234cb3c75645693cf0ae62cdcf6926
39,S1,1.0,1.0,OpenBMI_SSVEP,0,1,e61c4f1f112574fd1a460254039c8b4c13234cb3c75645693cf0ae62cdcf6926
39,S2,1.0,1.0,OpenBMI_SSVEP,0,1,e61c4f1f112574fd1a460254039c8b4c13234cb3c75645693cf0ae62cdcf6926
42,S1,1.0,1.0,OpenBMI_SSVEP,0,1,e61c4f1f112574fd1a460254039c8b4c13234cb3c75645693cf0ae62cdcf6926
42,S2,0.6,0.5988490621988287,OpenBMI_SSVEP,0,1,e61c4f1f112574fd1a460254039c8b4c13234cb3c75645693cf0ae62cdcf6926
51,S1,0.8,0.7934001027221367,OpenBMI_SSVEP,0,1,e61c4f1f112574fd1a460254039c8b4c13234cb3c75645693cf0ae62cdcf6926
51,S2,0.75,0.7438202782542406,OpenBMI_SSVEP,0,1,e61c4f1f112574fd1a460254039c8b4c13234cb3c75645693cf0ae62cdcf6926
54,S1,0.88,0.8818910256410257,OpenBMI_SSVEP,0,1,e61c4f1f112574fd1a460254039c8b4c13234cb3c75645693cf0ae62cdcf6926
54,S2,0.9099999999999999,0.9098686644469108,OpenBMI_SSVEP,0,1,e61c4f1f112574fd1a460254039c8b4c13234cb3c75645693cf0ae62cdcf6926
4,S1,1.0,1.0,OpenBMI_SSVEP,0,2,4b1abc8d058923037747971e496a78302b38cdbbb51fd0da0fae5e1912f8a02d
4,S2,1.0,1.0,OpenBMI_SSVEP,0,2,4b1abc8d058923037747971e496a78302b38cdbbb51fd0da0fae5e1912f8a02d
12,S1,1.0,1.0,OpenBMI_SSVEP,0,2,4b1abc8d058923037747971e496a78302b38cdbbb51fd0da0fae5e1912f8a02d
12,S2,0.96,0.9599879951980792,OpenBMI_SSVEP,0,2,4b1abc8d058923037747971e496a78302b38cdbbb51fd0da0fae5e1912f8a02d
13,S1,0.98,0.9799679487179487,OpenBMI_SSVEP,0,2,4b1abc8d058923037747971e496a78302b38cdbbb51fd0da0fae5e1912f8a02d
13,S2,0.85,0.8535339255279878,OpenBMI_SSVEP,0,2,4b1abc8d058923037747971e496a78302b38cdbbb51fd0da0fae5e1912f8a02d
17,S1,0.8999999999999999,0.900071817238234,OpenBMI_SSVEP,0,2,4b1abc8d058923037747971e496a78302b38cdbbb51fd0da0fae5e1912f8a02d
17,S2,0.97,0.9695252077917911,OpenBMI_SSVEP,0,2,4b1abc8d058923037747971e496a78302b38cdbbb51fd0da0fae5e1912f8a02d
18,S1,0.97,0.9699754901960784,OpenBMI_SSVEP,0,2,4b1abc8d058923037747971e496a78302b38cdbbb51fd0da0fae5e1912f8a02d
18,S2,1.0,1.0,OpenBMI_SSVEP,0,2,4b1abc8d058923037747971e496a78302b38cdbbb51fd0da0fae5e1912f8a02d
24,S1,0.99,0.9899959983993598,OpenBMI_SSVEP,0,2,4b1abc8d058923037747971e496a78302b38cdbbb51fd0da0fae5e1912f8a02d
24,S2,0.95,0.9505651491365776,OpenBMI_SSVEP,0,2,4b1abc8d058923037747971e496a78302b38cdbbb51fd0da0fae5e1912f8a02d
25,S1,0.99,0.9899959983993598,OpenBMI_SSVEP,0,2,4b1abc8d058923037747971e496a78302b38cdbbb51fd0da0fae5e1912f8a02d
25,S2,0.96,0.9597723704866563,OpenBMI_SSVEP,0,2,4b1abc8d058923037747971e496a78302b38cdbbb51fd0da0fae5e1912f8a02d
29,S1,0.99,0.9899959983993597,OpenBMI_SSVEP,0,2,4b1abc8d058923037747971e496a78302b38cdbbb51fd0da0fae5e1912f8a02d
29,S2,0.94,0.9397102997646476,OpenBMI_SSVEP,0,2,4b1abc8d058923037747971e496a78302b38cdbbb51fd0da0fae5e1912f8a02d
36,S1,1.0,1.0,OpenBMI_SSVEP,0,2,4b1abc8d058923037747971e496a78302b38cdbbb51fd0da0fae5e1912f8a02d
36,S2,1.0,1.0,OpenBMI_SSVEP,0,2,4b1abc8d058923037747971e496a78302b38cdbbb51fd0da0fae5e1912f8a02d
37,S1,0.99,0.9899959983993598,OpenBMI_SSVEP,0,2,4b1abc8d058923037747971e496a78302b38cdbbb51fd0da0fae5e1912f8a02d
37,S2,0.99,0.9899959983993598,OpenBMI_SSVEP,0,2,4b1abc8d058923037747971e496a78302b38cdbbb51fd0da0fae5e1912f8a02d
39,S1,1.0,1.0,OpenBMI_SSVEP,0,2,4b1abc8d058923037747971e496a78302b38cdbbb51fd0da0fae5e1912f8a02d
39,S2,1.0,1.0,OpenBMI_SSVEP,0,2,4b1abc8d058923037747971e496a78302b38cdbbb51fd0da0fae5e1912f8a02d
42,S1,1.0,1.0,OpenBMI_SSVEP,0,2,4b1abc8d058923037747971e496a78302b38cdbbb51fd0da0fae5e1912f8a02d
42,S2,0.55,0.5492460317460317,OpenBMI_SSVEP,0,2,4b1abc8d058923037747971e496a78302b38cdbbb51fd0da0fae5e1912f8a02d
51,S1,0.75,0.7460308763936954,OpenBMI_SSVEP,0,2,4b1abc8d058923037747971e496a78302b38cdbbb51fd0da0fae5e1912f8a02d
51,S2,0.83,0.825663398085324,OpenBMI_SSVEP,0,2,4b1abc8d058923037747971e496a78302b38cdbbb51fd0da0fae5e1912f8a02d
54,S1,0.9,0.8990253842944707,OpenBMI_SSVEP,0,2,4b1abc8d058923037747971e496a78302b38cdbbb51fd0da0fae5e1912f8a02d
54,S2,0.8899999999999999,0.8884681042228212,OpenBMI_SSVEP,0,2,4b1abc8d058923037747971e496a78302b38cdbbb51fd0da0fae5e1912f8a02d
4,S1,1.0,1.0,OpenBMI_SSVEP,1,0,4a461aa942074529c03f69729feea592406dbb9a3d16657d7a05e51274a0ab91
4,S2,1.0,1.0,OpenBMI_SSVEP,1,0,4a461aa942074529c03f69729feea592406dbb9a3d16657d7a05e51274a0ab91
12,S1,1.0,1.0,OpenBMI_SSVEP,1,0,4a461aa942074529c03f69729feea592406dbb9a3d16657d7a05e51274a0ab91
12,S2,0.95,0.9497433588820143,OpenBMI_SSVEP,1,0,4a461aa942074529c03f69729feea592406dbb9a3d16657d7a05e51274a0ab91
13,S1,0.96,0.959891609795263,OpenBMI_SSVEP,1,0,4a461aa942074529c03f69729feea592406dbb9a3d16657d7a05e51274a0ab91
13,S2,0.76,0.7583447137454107,OpenBMI_SSVEP,1,0,4a461aa942074529c03f69729feea592406dbb9a3d16657d7a05e51274a0ab91
17,S1,0.88,0.8768779677944362,OpenBMI_SSVEP,1,0,4a461aa942074529c03f69729feea592406dbb9a3d16657d7a05e51274a0ab91
17,S2,0.9199999999999999,0.9190548014077426,OpenBMI_SSVEP,1,0,4a461aa942074529c03f69729feea592406dbb9a3d16657d7a05e51274a0ab91
18,S1,0.97,0.9699754901960784,OpenBMI_SSVEP,1,0,4a461aa942074529c03f69729feea592406dbb9a3d16657d7a05e51274a0ab91
18,S2,1.0,1.0,OpenBMI_SSVEP,1,0,4a461aa942074529c03f69729feea592406dbb9a3d16657d7a05e51274a0ab91
24,S1,0.97,0.9699754901960784,OpenBMI_SSVEP,1,0,4a461aa942074529c03f69729feea592406dbb9a3d16657d7a05e51274a0ab91
24,S2,0.94,0.9401569858712716,OpenBMI_SSVEP,1,0,4a461aa942074529c03f69729feea592406dbb9a3d16657d7a05e51274a0ab91
25,S1,1.0,1.0,OpenBMI_SSVEP,1,0,4a461aa942074529c03f69729feea592406dbb9a3d16657d7a05e51274a0ab91
25,S2,0.98,0.979779411764706,OpenBMI_SSVEP,1,0,4a461aa942074529c03f69729feea592406dbb9a3d16657d7a05e51274a0ab91
29,S1,0.96,0.9599358974358975,OpenBMI_SSVEP,1,0,4a461aa942074529c03f69729feea592406dbb9a3d16657d7a05e51274a0ab91
29,S2,0.96,0.9599679487179488,OpenBMI_SSVEP,1,0,4a461aa942074529c03f69729feea592406dbb9a3d16657d7a05e51274a0ab91
36,S1,1.0,1.0,OpenBMI_SSVEP,1,0,4a461aa942074529c03f69729feea592406dbb9a3d16657d7a05e51274a0ab91
36,S2,1.0,1.0,OpenBMI_SSVEP,1,0,4a461aa942074529c03f69729feea592406dbb9a3d16657d7a05e51274a0ab91
37,S1,0.99,0.9899959983993598,OpenBMI_SSVEP,1,0,4a461aa942074529c03f69729feea592406dbb9a3d16657d7a05e51274a0ab91
37,S2,1.0,1.0,OpenBMI_SSVEP,1,0,4a461aa942074529c03f69729feea592406dbb9a3d16657d7a05e51274a0ab91
39,S1,0.99,0.9899959983993598,OpenBMI_SSVEP,1,0,4a461aa942074529c03f69729feea592406dbb9a3d16657d7a05e51274a0ab91
39,S2,1.0,1.0,OpenBMI_SSVEP,1,0,4a461aa942074529c03f69729feea592406dbb9a3d16657d7a05e51274a0ab91
42,S1,1.0,1.0,OpenBMI_SSVEP,1,0,4a461aa942074529c03f69729feea592406dbb9a3d16657d7a05e51274a0ab91
42,S2,0.54,0.5415829010348757,OpenBMI_SSVEP,1,0,4a461aa942074529c03f69729feea592406dbb9a3d16657d7a05e51274a0ab91
51,S1,0.73,0.7278911564625851,OpenBMI_SSVEP,1,0,4a461aa942074529c03f69729feea592406dbb9a3d16657d7a05e51274a0ab91
51,S2,0.7,0.6818831699346405,OpenBMI_SSVEP,1,0,4a461aa942074529c03f69729feea592406dbb9a3d16657d7a05e51274a0ab91
54,S1,0.87,0.8715058750773036,OpenBMI_SSVEP,1,0,4a461aa942074529c03f69729feea592406dbb9a3d16657d7a05e51274a0ab91
54,S2,0.8799999999999999,0.8807979671559145,OpenBMI_SSVEP,1,0,4a461aa942074529c03f69729feea592406dbb9a3d16657d7a05e51274a0ab91
4,S1,1.0,1.0,OpenBMI_SSVEP,1,1,84b5b312c4209367704fd2f4e1be73155d097776ff7baf5c545009e7cb69618c
4,S2,1.0,1.0,OpenBMI_SSVEP,1,1,84b5b312c4209367704fd2f4e1be73155d097776ff7baf5c545009e7cb69618c
12,S1,1.0,1.0,OpenBMI_SSVEP,1,1,84b5b312c4209367704fd2f4e1be73155d097776ff7baf5c545009e7cb69618c
12,S2,0.96,0.96,OpenBMI_SSVEP,1,1,84b5b312c4209367704fd2f4e1be73155d097776ff7baf5c545009e7cb69618c
13,S1,0.98,0.9799919967987195,OpenBMI_SSVEP,1,1,84b5b312c4209367704fd2f4e1be73155d097776ff7baf5c545009e7cb69618c
13,S2,0.9,0.8983766885462992,OpenBMI_SSVEP,1,1,84b5b312c4209367704fd2f4e1be73155d097776ff7baf5c545009e7cb69618c
17,S1,0.87,0.868083896237921,OpenBMI_SSVEP,1,1,84b5b312c4209367704fd2f4e1be73155d097776ff7baf5c545009e7cb69618c
17,S2,0.9299999999999999,0.9286701860231272,OpenBMI_SSVEP,1,1,84b5b312c4209367704fd2f4e1be73155d097776ff7baf5c545009e7cb69618c
18,S1,0.96,0.959891609795263,OpenBMI_SSVEP,1,1,84b5b312c4209367704fd2f4e1be73155d097776ff7baf5c545009e7cb69618c
18,S2,1.0,1.0,OpenBMI_SSVEP,1,1,84b5b312c4209367704fd2f4e1be73155d097776ff7baf5c545009e7cb69618c
24,S1,0.94,0.9400138305913383,OpenBMI_SSVEP,1,1,84b5b312c4209367704fd2f4e1be73155d097776ff7baf5c545009e7cb69618c
24,S2,0.88,0.8787717018067456,OpenBMI_SSVEP,1,1,84b5b312c4209367704fd2f4e1be73155d097776ff7baf5c545009e7cb69618c
25,S1,0.98,0.9799679487179488,OpenBMI_SSVEP,1,1,84b5b312c4209367704fd2f4e1be73155d097776ff7baf5c545009e7cb69618c
25,S2,0.94,0.939551282051282,OpenBMI_SSVEP,1,1,84b5b312c4209367704fd2f4e1be73155d097776ff7baf5c545009e7cb69618c
29,S1,0.97,0.9703303491207804,OpenBMI_SSVEP,1,1,84b5b312c4209367704fd2f4e1be73155d097776ff7baf5c545009e7cb69618c
29,S2,0.94,0.9399879951980792,OpenBMI_SSVEP,1,1,84b5b312c4209367704fd2f4e1be73155d097776ff7baf5c545009e7cb69618c
36,S1,1.0,1.0,OpenBMI_SSVEP,1,1,84b5b312c4209367704fd2f4e1be73155d097776ff7baf5c545009e7cb69618c
36,S2,1.0,1.0,OpenBMI_SSVEP,1,1,84b5b312c4209367704fd2f4e1be73155d097776ff7baf5c545009e7cb69618c
37,S1,0.98,0.9799959983993597,OpenBMI_SSVEP,1,1,84b5b312c4209367704fd2f4e1be73155d097776ff7baf5c545009e7cb69618c
37,S2,0.99,0.9899959983993598,OpenBMI_SSVEP,1,1,84b5b312c4209367704fd2f4e1be73155d097776ff7baf5c545009e7cb69618c
39,S1,1.0,1.0,OpenBMI_SSVEP,1,1,84b5b312c4209367704fd2f4e1be73155d097776ff7baf5c545009e7cb69618c
39,S2,1.0,1.0,OpenBMI_SSVEP,1,1,84b5b312c4209367704fd2f4e1be73155d097776ff7baf5c545009e7cb69618c
42,S1,1.0,1.0,OpenBMI_SSVEP,1,1,84b5b312c4209367704fd2f4e1be73155d097776ff7baf5c545009e7cb69618c
42,S2,0.62,0.6207864957008362,OpenBMI_SSVEP,1,1,84b5b312c4209367704fd2f4e1be73155d097776ff7baf5c545009e7cb69618c
51,S1,0.8,0.8006349063961586,OpenBMI_SSVEP,1,1,84b5b312c4209367704fd2f4e1be73155d097776ff7baf5c545009e7cb69618c
51,S2,0.8,0.7950195633890371,OpenBMI_SSVEP,1,1,84b5b312c4209367704fd2f4e1be73155d097776ff7baf5c545009e7cb69618c
54,S1,0.84,0.8363766559255281,OpenBMI_SSVEP,1,1,84b5b312c4209367704fd2f4e1be73155d097776ff7baf5c545009e7cb69618c
54,S2,0.86,0.8577704678362573,OpenBMI_SSVEP,1,1,84b5b312c4209367704fd2f4e1be73155d097776ff7baf5c545009e7cb69618c
4,S1,1.0,1.0,OpenBMI_SSVEP,1,2,c6c4883399cfa19869ca35f7c395944c41d4934b00e6df608afdca3fa6216839
4,S2,1.0,1.0,OpenBMI_SSVEP,1,2,c6c4883399cfa19869ca35f7c395944c41d4934b00e6df608afdca3fa6216839
12,S1,1.0,1.0,OpenBMI_SSVEP,1,2,c6c4883399cfa19869ca35f7c395944c41d4934b00e6df608afdca3fa6216839
12,S2,0.96,0.9599879951980792,OpenBMI_SSVEP,1,2,c6c4883399cfa19869ca35f7c395944c41d4934b00e6df608afdca3fa6216839
13,S1,0.97,0.9697879151660664,OpenBMI_SSVEP,1,2,c6c4883399cfa19869ca35f7c395944c41d4934b00e6df608afdca3fa6216839
13,S2,0.85,0.8430537616278463,OpenBMI_SSVEP,1,2,c6c4883399cfa19869ca35f7c395944c41d4934b00e6df608afdca3fa6216839
17,S1,0.9099999999999999,0.9087926480261628,OpenBMI_SSVEP,1,2,c6c4883399cfa19869ca35f7c395944c41d4934b00e6df608afdca3fa6216839
17,S2,0.97,0.969779411764706,OpenBMI_SSVEP,1,2,c6c4883399cfa19869ca35f7c395944c41d4934b00e6df608afdca3fa6216839
18,S1,0.98,0.9799679487179488,OpenBMI_SSVEP,1,2,c6c4883399cfa19869ca35f7c395944c41d4934b00e6df608afdca3fa6216839
18,S2,1.0,1.0,OpenBMI_SSVEP,1,2,c6c4883399cfa19869ca35f7c395944c41d4934b00e6df608afdca3fa6216839
24,S1,0.99,0.9899959983993598,OpenBMI_SSVEP,1,2,c6c4883399cfa19869ca35f7c395944c41d4934b00e6df608afdca3fa6216839
24,S2,0.8899999999999999,0.8890253842944706,OpenBMI_SSVEP,1,2,c6c4883399cfa19869ca35f7c395944c41d4934b00e6df608afdca3fa6216839
25,S1,0.99,0.9899959983993598,OpenBMI_SSVEP,1,2,c6c4883399cfa19869ca35f7c395944c41d4934b00e6df608afdca3fa6216839
25,S2,0.96,0.9601137624861266,OpenBMI_SSVEP,1,2,c6c4883399cfa19869ca35f7c395944c41d4934b00e6df608afdca3fa6216839
29,S1,0.98,0.9799679487179488,OpenBMI_SSVEP,1,2,c6c4883399cfa19869ca35f7c395944c41d4934b00e6df608afdca3fa6216839
29,S2,0.98,0.9801805337519622,OpenBMI_SSVEP,1,2,c6c4883399cfa19869ca35f7c395944c41d4934b00e6df608afdca3fa6216839
36,S1,1.0,1.0,OpenBMI_SSVEP,1,2,c6c4883399cfa19869ca35f7c395944c41d4934b00e6df608afdca3fa6216839
36,S2,1.0,1.0,OpenBMI_SSVEP,1,2,c6c4883399cfa19869ca35f7c395944c41d4934b00e6df608afdca3fa6216839
37,S1,0.99,0.9899959983993598,OpenBMI_SSVEP,1,2,c6c4883399cfa19869ca35f7c395944c41d4934b00e6df608afdca3fa6216839
37,S2,0.99,0.9899959983993598,OpenBMI_SSVEP,1,2,c6c4883399cfa19869ca35f7c395944c41d4934b00e6df608afdca3fa6216839
39,S1,0.99,0.9899959983993598,OpenBMI_SSVEP,1,2,c6c4883399cfa19869ca35f7c395944c41d4934b00e6df608afdca3fa6216839
39,S2,1.0,1.0,OpenBMI_SSVEP,1,2,c6c4883399cfa19869ca35f7c395944c41d4934b00e6df608afdca3fa6216839
42,S1,1.0,1.0,OpenBMI_SSVEP,1,2,c6c4883399cfa19869ca35f7c395944c41d4934b00e6df608afdca3fa6216839
42,S2,0.59,0.5864739694929862,OpenBMI_SSVEP,1,2,c6c4883399cfa19869ca35f7c395944c41d4934b00e6df608afdca3fa6216839
51,S1,0.74,0.7351265376494447,OpenBMI_SSVEP,1,2,c6c4883399cfa19869ca35f7c395944c41d4934b00e6df608afdca3fa6216839
51,S2,0.78,0.770512276101954,OpenBMI_SSVEP,1,2,c6c4883399cfa19869ca35f7c395944c41d4934b00e6df608afdca3fa6216839
54,S1,0.9099999999999999,0.9092559193488717,OpenBMI_SSVEP,1,2,c6c4883399cfa19869ca35f7c395944c41d4934b00e6df608afdca3fa6216839
54,S2,0.8799999999999999,0.8792319471308833,OpenBMI_SSVEP,1,2,c6c4883399cfa19869ca35f7c395944c41d4934b00e6df608afdca3fa6216839
4,S1,1.0,1.0,OpenBMI_SSVEP,2,0,393369f8bbeb7ed6cf7d11ff2e8634ec97c659caac0a69d0e16b4ee09210e5b8
4,S2,1.0,1.0,OpenBMI_SSVEP,2,0,393369f8bbeb7ed6cf7d11ff2e8634ec97c659caac0a69d0e16b4ee09210e5b8
12,S1,1.0,1.0,OpenBMI_SSVEP,2,0,393369f8bbeb7ed6cf7d11ff2e8634ec97c659caac0a69d0e16b4ee09210e5b8
12,S2,0.99,0.9899959983993598,OpenBMI_SSVEP,2,0,393369f8bbeb7ed6cf7d11ff2e8634ec97c659caac0a69d0e16b4ee09210e5b8
13,S1,1.0,1.0,OpenBMI_SSVEP,2,0,393369f8bbeb7ed6cf7d11ff2e8634ec97c659caac0a69d0e16b4ee09210e5b8
13,S2,0.81,0.8079768314305483,OpenBMI_SSVEP,2,0,393369f8bbeb7ed6cf7d11ff2e8634ec97c659caac0a69d0e16b4ee09210e5b8
17,S1,0.95,0.9498595585132117,OpenBMI_SSVEP,2,0,393369f8bbeb7ed6cf7d11ff2e8634ec97c659caac0a69d0e16b4ee09210e5b8
17,S2,0.97,0.9701920768307324,OpenBMI_SSVEP,2,0,393369f8bbeb7ed6cf7d11ff2e8634ec97c659caac0a69d0e16b4ee09210e5b8
18,S1,0.97,0.9703303491207804,OpenBMI_SSVEP,2,0,393369f8bbeb7ed6cf7d11ff2e8634ec97c659caac0a69d0e16b4ee09210e5b8
18,S2,1.0,1.0,OpenBMI_SSVEP,2,0,393369f8bbeb7ed6cf7d11ff2e8634ec97c659caac0a69d0e16b4ee09210e5b8
24,S1,0.99,0.9899959983993598,OpenBMI_SSVEP,2,0,393369f8bbeb7ed6cf7d11ff2e8634ec97c659caac0a69d0e16b4ee09210e5b8
24,S2,0.89,0.8916202990630215,OpenBMI_SSVEP,2,0,393369f8bbeb7ed6cf7d11ff2e8634ec97c659caac0a69d0e16b4ee09210e5b8
25,S1,0.98,0.9797794117647058,OpenBMI_SSVEP,2,0,393369f8bbeb7ed6cf7d11ff2e8634ec97c659caac0a69d0e16b4ee09210e5b8
25,S2,0.9299999999999999,0.9292519790240155,OpenBMI_SSVEP,2,0,393369f8bbeb7ed6cf7d11ff2e8634ec97c659caac0a69d0e16b4ee09210e5b8
29,S1,0.99,0.9899959983993597,OpenBMI_SSVEP,2,0,393369f8bbeb7ed6cf7d11ff2e8634ec97c659caac0a69d0e16b4ee09210e5b8
29,S2,0.95,0.9497723704866563,OpenBMI_SSVEP,2,0,393369f8bbeb7ed6cf7d11ff2e8634ec97c659caac0a69d0e16b4ee09210e5b8
36,S1,1.0,1.0,OpenBMI_SSVEP,2,0,393369f8bbeb7ed6cf7d11ff2e8634ec97c659caac0a69d0e16b4ee09210e5b8
36,S2,1.0,1.0,OpenBMI_SSVEP,2,0,393369f8bbeb7ed6cf7d11ff2e8634ec97c659caac0a69d0e16b4ee09210e5b8
37,S1,0.98,0.979779411764706,OpenBMI_SSVEP,2,0,393369f8bbeb7ed6cf7d11ff2e8634ec97c659caac0a69d0e16b4ee09210e5b8
37,S2,0.99,0.9899959983993598,OpenBMI_SSVEP,2,0,393369f8bbeb7ed6cf7d11ff2e8634ec97c659caac0a69d0e16b4ee09210e5b8
39,S1,0.99,0.9899959983993598,OpenBMI_SSVEP,2,0,393369f8bbeb7ed6cf7d11ff2e8634ec97c659caac0a69d0e16b4ee09210e5b8
39,S2,1.0,1.0,OpenBMI_SSVEP,2,0,393369f8bbeb7ed6cf7d11ff2e8634ec97c659caac0a69d0e16b4ee09210e5b8
42,S1,0.99,0.9899959983993597,OpenBMI_SSVEP,2,0,393369f8bbeb7ed6cf7d11ff2e8634ec97c659caac0a69d0e16b4ee09210e5b8
42,S2,0.6200000000000001,0.6176306422161282,OpenBMI_SSVEP,2,0,393369f8bbeb7ed6cf7d11ff2e8634ec97c659caac0a69d0e16b4ee09210e5b8
51,S1,0.73,0.7266766667982474,OpenBMI_SSVEP,2,0,393369f8bbeb7ed6cf7d11ff2e8634ec97c659caac0a69d0e16b4ee09210e5b8
51,S2,0.6799999999999999,0.6578930995475113,OpenBMI_SSVEP,2,0,393369f8bbeb7ed6cf7d11ff2e8634ec97c659caac0a69d0e16b4ee09210e5b8
54,S1,0.86,0.8620411687202132,OpenBMI_SSVEP,2,0,393369f8bbeb7ed6cf7d11ff2e8634ec97c659caac0a69d0e16b4ee09210e5b8
54,S2,0.8799999999999999,0.8790584415584415,OpenBMI_SSVEP,2,0,393369f8bbeb7ed6cf7d11ff2e8634ec97c659caac0a69d0e16b4ee09210e5b8
4,S1,1.0,1.0,OpenBMI_SSVEP,2,1,a80a9b6222ac82a01beb89f1e1e615dedc7af9a675db9744112dd89ca5a7f851
4,S2,1.0,1.0,OpenBMI_SSVEP,2,1,a80a9b6222ac82a01beb89f1e1e615dedc7af9a675db9744112dd89ca5a7f851
12,S1,1.0,1.0,OpenBMI_SSVEP,2,1,a80a9b6222ac82a01beb89f1e1e615dedc7af9a675db9744112dd89ca5a7f851
12,S2,0.96,0.9599879951980792,OpenBMI_SSVEP,2,1,a80a9b6222ac82a01beb89f1e1e615dedc7af9a675db9744112dd89ca5a7f851
13,S1,0.99,0.9899959983993597,OpenBMI_SSVEP,2,1,a80a9b6222ac82a01beb89f1e1e615dedc7af9a675db9744112dd89ca5a7f851
13,S2,0.73,0.7314786059351277,OpenBMI_SSVEP,2,1,a80a9b6222ac82a01beb89f1e1e615dedc7af9a675db9744112dd89ca5a7f851
17,S1,0.88,0.8792270531400965,OpenBMI_SSVEP,2,1,a80a9b6222ac82a01beb89f1e1e615dedc7af9a675db9744112dd89ca5a7f851
17,S2,0.95,0.9503610675039247,OpenBMI_SSVEP,2,1,a80a9b6222ac82a01beb89f1e1e615dedc7af9a675db9744112dd89ca5a7f851
18,S1,0.98,0.979779411764706,OpenBMI_SSVEP,2,1,a80a9b6222ac82a01beb89f1e1e615dedc7af9a675db9744112dd89ca5a7f851
18,S2,1.0,1.0,OpenBMI_SSVEP,2,1,a80a9b6222ac82a01beb89f1e1e615dedc7af9a675db9744112dd89ca5a7f851
24,S1,0.9199999999999999,0.9177751877751879,OpenBMI_SSVEP,2,1,a80a9b6222ac82a01beb89f1e1e615dedc7af9a675db9744112dd89ca5a7f851
24,S2,0.79,0.7890379278445884,OpenBMI_SSVEP,2,1,a80a9b6222ac82a01beb89f1e1e615dedc7af9a675db9744112dd89ca5a7f851
25,S1,0.98,0.9799679487179488,OpenBMI_SSVEP,2,1,a80a9b6222ac82a01beb89f1e1e615dedc7af9a675db9744112dd89ca5a7f851
25,S2,0.9099999999999999,0.9095157293686705,OpenBMI_SSVEP,2,1,a80a9b6222ac82a01beb89f1e1e615dedc7af9a675db9744112dd89ca5a7f851
29,S1,0.96,0.9599754901960784,OpenBMI_SSVEP,2,1,a80a9b6222ac82a01beb89f1e1e615dedc7af9a675db9744112dd89ca5a7f851
29,S2,0.9299999999999999,0.9304456427291912,OpenBMI_SSVEP,2,1,a80a9b6222ac82a01beb89f1e1e615dedc7af9a675db9744112dd89ca5a7f851
36,S1,1.0,1.0,OpenBMI_SSVEP,2,1,a80a9b6222ac82a01beb89f1e1e615dedc7af9a675db9744112dd89ca5a7f851
36,S2,1.0,1.0,OpenBMI_SSVEP,2,1,a80a9b6222ac82a01beb89f1e1e615dedc7af9a675db9744112dd89ca5a7f851
37,S1,0.99,0.9899959983993598,OpenBMI_SSVEP,2,1,a80a9b6222ac82a01beb89f1e1e615dedc7af9a675db9744112dd89ca5a7f851
37,S2,1.0,1.0,OpenBMI_SSVEP,2,1,a80a9b6222ac82a01beb89f1e1e615dedc7af9a675db9744112dd89ca5a7f851
39,S1,0.99,0.9899959983993597,OpenBMI_SSVEP,2,1,a80a9b6222ac82a01beb89f1e1e615dedc7af9a675db9744112dd89ca5a7f851
39,S2,1.0,1.0,OpenBMI_SSVEP,2,1,a80a9b6222ac82a01beb89f1e1e615dedc7af9a675db9744112dd89ca5a7f851
42,S1,1.0,1.0,OpenBMI_SSVEP,2,1,a80a9b6222ac82a01beb89f1e1e615dedc7af9a675db9744112dd89ca5a7f851
42,S2,0.62,0.6192511353848563,OpenBMI_SSVEP,2,1,a80a9b6222ac82a01beb89f1e1e615dedc7af9a675db9744112dd89ca5a7f851
51,S1,0.75,0.7456925561986809,OpenBMI_SSVEP,2,1,a80a9b6222ac82a01beb89f1e1e615dedc7af9a675db9744112dd89ca5a7f851
51,S2,0.8300000000000001,0.8257026042740329,OpenBMI_SSVEP,2,1,a80a9b6222ac82a01beb89f1e1e615dedc7af9a675db9744112dd89ca5a7f851
54,S1,0.7999999999999999,0.7967471819645733,OpenBMI_SSVEP,2,1,a80a9b6222ac82a01beb89f1e1e615dedc7af9a675db9744112dd89ca5a7f851
54,S2,0.85,0.8458047455688965,OpenBMI_SSVEP,2,1,a80a9b6222ac82a01beb89f1e1e615dedc7af9a675db9744112dd89ca5a7f851
4,S1,1.0,1.0,OpenBMI_SSVEP,2,2,79f8b752646e0b09ebc5425de5e70e1dfd92f983d805c088789f248690240b41
4,S2,1.0,1.0,OpenBMI_SSVEP,2,2,79f8b752646e0b09ebc5425de5e70e1dfd92f983d805c088789f248690240b41
12,S1,1.0,1.0,OpenBMI_SSVEP,2,2,79f8b752646e0b09ebc5425de5e70e1dfd92f983d805c088789f248690240b41
12,S2,0.97,0.9699679487179488,OpenBMI_SSVEP,2,2,79f8b752646e0b09ebc5425de5e70e1dfd92f983d805c088789f248690240b41
13,S1,0.9199999999999999,0.9178321678321679,OpenBMI_SSVEP,2,2,79f8b752646e0b09ebc5425de5e70e1dfd92f983d805c088789f248690240b41
13,S2,0.83,0.819077545042702,OpenBMI_SSVEP,2,2,79f8b752646e0b09ebc5425de5e70e1dfd92f983d805c088789f248690240b41
17,S1,0.8999999999999999,0.899520002779236,OpenBMI_SSVEP,2,2,79f8b752646e0b09ebc5425de5e70e1dfd92f983d805c088789f248690240b41
17,S2,0.98,0.9799959983993598,OpenBMI_SSVEP,2,2,79f8b752646e0b09ebc5425de5e70e1dfd92f983d805c088789f248690240b41
18,S1,0.99,0.9899959983993597,OpenBMI_SSVEP,2,2,79f8b752646e0b09ebc5425de5e70e1dfd92f983d805c088789f248690240b41
18,S2,1.0,1.0,OpenBMI_SSVEP,2,2,79f8b752646e0b09ebc5425de5e70e1dfd92f983d805c088789f248690240b41
24,S1,0.99,0.9899959983993598,OpenBMI_SSVEP,2,2,79f8b752646e0b09ebc5425de5e70e1dfd92f983d805c088789f248690240b41
24,S2,0.9199999999999999,0.9213214131806569,OpenBMI_SSVEP,2,2,79f8b752646e0b09ebc5425de5e70e1dfd92f983d805c088789f248690240b41
25,S1,0.99,0.9899959983993598,OpenBMI_SSVEP,2,2,79f8b752646e0b09ebc5425de5e70e1dfd92f983d805c088789f248690240b41
25,S2,0.8999999999999999,0.898837517708933,OpenBMI_SSVEP,2,2,79f8b752646e0b09ebc5425de5e70e1dfd92f983d805c088789f248690240b41
29,S1,0.95,0.9490301003344482,OpenBMI_SSVEP,2,2,79f8b752646e0b09ebc5425de5e70e1dfd92f983d805c088789f248690240b41
29,S2,0.97,0.9701805337519623,OpenBMI_SSVEP,2,2,79f8b752646e0b09ebc5425de5e70e1dfd92f983d805c088789f248690240b41
36,S1,1.0,1.0,OpenBMI_SSVEP,2,2,79f8b752646e0b09ebc5425de5e70e1dfd92f983d805c088789f248690240b41
36,S2,1.0,1.0,OpenBMI_SSVEP,2,2,79f8b752646e0b09ebc5425de5e70e1dfd92f983d805c088789f248690240b41
37,S1,0.97,0.9697879151660664,OpenBMI_SSVEP,2,2,79f8b752646e0b09ebc5425de5e70e1dfd92f983d805c088789f248690240b41
37,S2,0.99,0.9899959983993598,OpenBMI_SSVEP,2,2,79f8b752646e0b09ebc5425de5e70e1dfd92f983d805c088789f248690240b41
39,S1,0.99,0.9899959983993598,OpenBMI_SSVEP,2,2,79f8b752646e0b09ebc5425de5e70e1dfd92f983d805c088789f248690240b41
39,S2,1.0,1.0,OpenBMI_SSVEP,2,2,79f8b752646e0b09ebc5425de5e70e1dfd92f983d805c088789f248690240b41
42,S1,0.99,0.9899959983993597,OpenBMI_SSVEP,2,2,79f8b752646e0b09ebc5425de5e70e1dfd92f983d805c088789f248690240b41
42,S2,0.62,0.6124464628562989,OpenBMI_SSVEP,2,2,79f8b752646e0b09ebc5425de5e70e1dfd92f983d805c088789f248690240b41
51,S1,0.76,0.7555555555555555,OpenBMI_SSVEP,2,2,79f8b752646e0b09ebc5425de5e70e1dfd92f983d805c088789f248690240b41
51,S2,0.76,0.7549412489261931,OpenBMI_SSVEP,2,2,79f8b752646e0b09ebc5425de5e70e1dfd92f983d805c088789f248690240b41
54,S1,0.86,0.862698853126156,OpenBMI_SSVEP,2,2,79f8b752646e0b09ebc5425de5e70e1dfd92f983d805c088789f248690240b41
54,S2,0.8300000000000001,0.8301307189542484,OpenBMI_SSVEP,2,2,79f8b752646e0b09ebc5425de5e70e1dfd92f983d805c088789f248690240b41
4,S1,1.0,1.0,OpenBMI_SSVEP,3,0,69f2772a3ba8dc5ffb15cf63533bb9e590293fb58e7d095b4121b3fd78786fd0
4,S2,1.0,1.0,OpenBMI_SSVEP,3,0,69f2772a3ba8dc5ffb15cf63533bb9e590293fb58e7d095b4121b3fd78786fd0
12,S1,1.0,1.0,OpenBMI_SSVEP,3,0,69f2772a3ba8dc5ffb15cf63533bb9e590293fb58e7d095b4121b3fd78786fd0
12,S2,0.95,0.9493925007372799,OpenBMI_SSVEP,3,0,69f2772a3ba8dc5ffb15cf63533bb9e590293fb58e7d095b4121b3fd78786fd0
13,S1,0.92,0.9178981937602627,OpenBMI_SSVEP,3,0,69f2772a3ba8dc5ffb15cf63533bb9e590293fb58e7d095b4121b3fd78786fd0
13,S2,0.78,0.7793284265629095,OpenBMI_SSVEP,3,0,69f2772a3ba8dc5ffb15cf63533bb9e590293fb58e7d095b4121b3fd78786fd0
17,S1,0.89,0.8898359023737443,OpenBMI_SSVEP,3,0,69f2772a3ba8dc5ffb15cf63533bb9e590293fb58e7d095b4121b3fd78786fd0
17,S2,0.96,0.9601600255486811,OpenBMI_SSVEP,3,0,69f2772a3ba8dc5ffb15cf63533bb9e590293fb58e7d095b4121b3fd78786fd0
18,S1,0.98,0.9801805337519622,OpenBMI_SSVEP,3,0,69f2772a3ba8dc5ffb15cf63533bb9e590293fb58e7d095b4121b3fd78786fd0
18,S2,1.0,1.0,OpenBMI_SSVEP,3,0,69f2772a3ba8dc5ffb15cf63533bb9e590293fb58e7d095b4121b3fd78786fd0
24,S1,0.99,0.9899959983993598,OpenBMI_SSVEP,3,0,69f2772a3ba8dc5ffb15cf63533bb9e590293fb58e7d095b4121b3fd78786fd0
24,S2,0.8799999999999999,0.879228375747462,OpenBMI_SSVEP,3,0,69f2772a3ba8dc5ffb15cf63533bb9e590293fb58e7d095b4121b3fd78786fd0
25,S1,0.99,0.9899959983993598,OpenBMI_SSVEP,3,0,69f2772a3ba8dc5ffb15cf63533bb9e590293fb58e7d095b4121b3fd78786fd0
25,S2,0.9199999999999999,0.9180029182803878,OpenBMI_SSVEP,3,0,69f2772a3ba8dc5ffb15cf63533bb9e590293fb58e7d095b4121b3fd78786fd0
29,S1,0.98,0.9797794117647058,OpenBMI_SSVEP,3,0,69f2772a3ba8dc5ffb15cf63533bb9e590293fb58e7d095b4121b3fd78786fd0
29,S2,0.96,0.9601137624861266,OpenBMI_SSVEP,3,0,69f2772a3ba8dc5ffb15cf63533bb9e590293fb58e7d095b4121b3fd78786fd0
36,S1,1.0,1.0,OpenBMI_SSVEP,3,0,69f2772a3ba8dc5ffb15cf63533bb9e590293fb58e7d095b4121b3fd78786fd0
36,S2,1.0,1.0,OpenBMI_SSVEP,3,0,69f2772a3ba8dc5ffb15cf63533bb9e590293fb58e7d095b4121b3fd78786fd0
37,S1,0.99,0.9899959983993598,OpenBMI_SSVEP,3,0,69f2772a3ba8dc5ffb15cf63533bb9e590293fb58e7d095b4121b3fd78786fd0
37,S2,1.0,1.0,OpenBMI_SSVEP,3,0,69f2772a3ba8dc5ffb15cf63533bb9e590293fb58e7d095b4121b3fd78786fd0
39,S1,0.99,0.9899959983993598,OpenBMI_SSVEP,3,0,69f2772a3ba8dc5ffb15cf63533bb9e590293fb58e7d095b4121b3fd78786fd0
39,S2,1.0,1.0,OpenBMI_SSVEP,3,0,69f2772a3ba8dc5ffb15cf63533bb9e590293fb58e7d095b4121b3fd78786fd0
42,S1,1.0,1.0,OpenBMI_SSVEP,3,0,69f2772a3ba8dc5ffb15cf63533bb9e590293fb58e7d095b4121b3fd78786fd0
42,S2,0.6,0.5867196608373079,OpenBMI_SSVEP,3,0,69f2772a3ba8dc5ffb15cf63533bb9e590293fb58e7d095b4121b3fd78786fd0
51,S1,0.72,0.7225659542759297,OpenBMI_SSVEP,3,0,69f2772a3ba8dc5ffb15cf63533bb9e590293fb58e7d095b4121b3fd78786fd0
51,S2,0.71,0.6957394846245771,OpenBMI_SSVEP,3,0,69f2772a3ba8dc5ffb15cf63533bb9e590293fb58e7d095b4121b3fd78786fd0
54,S1,0.8499999999999999,0.8474640936494915,OpenBMI_SSVEP,3,0,69f2772a3ba8dc5ffb15cf63533bb9e590293fb58e7d095b4121b3fd78786fd0
54,S2,0.8999999999999999,0.9009411445305665,OpenBMI_SSVEP,3,0,69f2772a3ba8dc5ffb15cf63533bb9e590293fb58e7d095b4121b3fd78786fd0
4,S1,1.0,1.0,OpenBMI_SSVEP,3,1,60c9a370307cd851418dad3c0bb316bf33548eca5f9e32093a37ff1421b0b816
4,S2,1.0,1.0,OpenBMI_SSVEP,3,1,60c9a370307cd851418dad3c0bb316bf33548eca5f9e32093a37ff1421b0b816
12,S1,1.0,1.0,OpenBMI_SSVEP,3,1,60c9a370307cd851418dad3c0bb316bf33548eca5f9e32093a37ff1421b0b816
12,S2,0.96,0.9597919167667066,OpenBMI_SSVEP,3,1,60c9a370307cd851418dad3c0bb316bf33548eca5f9e32093a37ff1421b0b816
13,S1,0.99,0.9899959983993597,OpenBMI_SSVEP,3,1,60c9a370307cd851418dad3c0bb316bf33548eca5f9e32093a37ff1421b0b816
13,S2,0.75,0.739239165852069,OpenBMI_SSVEP,3,1,60c9a370307cd851418dad3c0bb316bf33548eca5f9e32093a37ff1421b0b816
17,S1,0.83,0.8307038123167155,OpenBMI_SSVEP,3,1,60c9a370307cd851418dad3c0bb316bf33548eca5f9e32093a37ff1421b0b816
17,S2,0.96,0.9599754901960784,OpenBMI_SSVEP,3,1,60c9a370307cd851418dad3c0bb316bf33548eca5f9e32093a37ff1421b0b816
18,S1,0.97,0.9697919167667067,OpenBMI_SSVEP,3,1,60c9a370307cd851418dad3c0bb316bf33548eca5f9e32093a37ff1421b0b816
18,S2,1.0,1.0,OpenBMI_SSVEP,3,1,60c9a370307cd851418dad3c0bb316bf33548eca5f9e32093a37ff1421b0b816
24,S1,0.88,0.8815329637666993,OpenBMI_SSVEP,3,1,60c9a370307cd851418dad3c0bb316bf33548eca5f9e32093a37ff1421b0b816
24,S2,0.8599999999999999,0.8588172095363292,OpenBMI_SSVEP,3,1,60c9a370307cd851418dad3c0bb316bf33548eca5f9e32093a37ff1421b0b816
25,S1,1.0,1.0,OpenBMI_SSVEP,3,1,60c9a370307cd851418dad3c0bb316bf33548eca5f9e32093a37ff1421b0b816
25,S2,0.94,0.9384634356887408,OpenBMI_SSVEP,3,1,60c9a370307cd851418dad3c0bb316bf33548eca5f9e32093a37ff1421b0b816
29,S1,0.97,0.9701920768307323,OpenBMI_SSVEP,3,1,60c9a370307cd851418dad3c0bb316bf33548eca5f9e32093a37ff1421b0b816
29,S2,0.97,0.9699679487179488,OpenBMI_SSVEP,3,1,60c9a370307cd851418dad3c0bb316bf33548eca5f9e32093a37ff1421b0b816
36,S1,1.0,1.0,OpenBMI_SSVEP,3,1,60c9a370307cd851418dad3c0bb316bf33548eca5f9e32093a37ff1421b0b816
36,S2,1.0,1.0,OpenBMI_SSVEP,3,1,60c9a370307cd851418dad3c0bb316bf33548eca5f9e32093a37ff1421b0b816
37,S1,0.98,0.98,OpenBMI_SSVEP,3,1,60c9a370307cd851418dad3c0bb316bf33548eca5f9e32093a37ff1421b0b816
37,S2,0.99,0.9899959983993598,OpenBMI_SSVEP,3,1,60c9a370307cd851418dad3c0bb316bf33548eca5f9e32093a37ff1421b0b816
39,S1,0.99,0.9899959983993597,OpenBMI_SSVEP,3,1,60c9a370307cd851418dad3c0bb316bf33548eca5f9e32093a37ff1421b0b816
39,S2,0.98,0.9801805337519622,OpenBMI_SSVEP,3,1,60c9a370307cd851418dad3c0bb316bf33548eca5f9e32093a37ff1421b0b816
42,S1,1.0,1.0,OpenBMI_SSVEP,3,1,60c9a370307cd851418dad3c0bb316bf33548eca5f9e32093a37ff1421b0b816
42,S2,0.6000000000000001,0.5988988781766921,OpenBMI_SSVEP,3,1,60c9a370307cd851418dad3c0bb316bf33548eca5f9e32093a37ff1421b0b816
51,S1,0.79,0.7858391608391608,OpenBMI_SSVEP,3,1,60c9a370307cd851418dad3c0bb316bf33548eca5f9e32093a37ff1421b0b816
51,S2,0.77,0.7760616001161382,OpenBMI_SSVEP,3,1,60c9a370307cd851418dad3c0bb316bf33548eca5f9e32093a37ff1421b0b816
54,S1,0.84,0.8374347703082174,OpenBMI_SSVEP,3,1,60c9a370307cd851418dad3c0bb316bf33548eca5f9e32093a37ff1421b0b816
54,S2,0.83,0.8263615054256958,OpenBMI_SSVEP,3,1,60c9a370307cd851418dad3c0bb316bf33548eca5f9e32093a37ff1421b0b816
4,S1,1.0,1.0,OpenBMI_SSVEP,3,2,f38355eaa66885186d51b5a22615c2bc93082f6bc49af3605c18399c860b3169
4,S2,1.0,1.0,OpenBMI_SSVEP,3,2,f38355eaa66885186d51b5a22615c2bc93082f6bc49af3605c18399c860b3169
12,S1,1.0,1.0,OpenBMI_SSVEP,3,2,f38355eaa66885186d51b5a22615c2bc93082f6bc49af3605c18399c860b3169
12,S2,0.96,0.959891609795263,OpenBMI_SSVEP,3,2,f38355eaa66885186d51b5a22615c2bc93082f6bc49af3605c18399c860b3169
13,S1,0.94,0.9401520223474006,OpenBMI_SSVEP,3,2,f38355eaa66885186d51b5a22615c2bc93082f6bc49af3605c18399c860b3169
13,S2,0.75,0.7288742934427554,OpenBMI_SSVEP,3,2,f38355eaa66885186d51b5a22615c2bc93082f6bc49af3605c18399c860b3169
17,S1,0.8899999999999999,0.8910007892200306,OpenBMI_SSVEP,3,2,f38355eaa66885186d51b5a22615c2bc93082f6bc49af3605c18399c860b3169
17,S2,0.96,0.9598876081946228,OpenBMI_SSVEP,3,2,f38355eaa66885186d51b5a22615c2bc93082f6bc49af3605c18399c860b3169
18,S1,0.97,0.9695252077917911,OpenBMI_SSVEP,3,2,f38355eaa66885186d51b5a22615c2bc93082f6bc49af3605c18399c860b3169
18,S2,1.0,1.0,OpenBMI_SSVEP,3,2,f38355eaa66885186d51b5a22615c2bc93082f6bc49af3605c18399c860b3169
24,S1,0.9199999999999999,0.9199774498143384,OpenBMI_SSVEP,3,2,f38355eaa66885186d51b5a22615c2bc93082f6bc49af3605c18399c860b3169
24,S2,0.87,0.8688490081347224,OpenBMI_SSVEP,3,2,f38355eaa66885186d51b5a22615c2bc93082f6bc49af3605c18399c860b3169
25,S1,0.99,0.9899959983993598,OpenBMI_SSVEP,3,2,f38355eaa66885186d51b5a22615c2bc93082f6bc49af3605c18399c860b3169
25,S2,0.94,0.9388869099194506,OpenBMI_SSVEP,3,2,f38355eaa66885186d51b5a22615c2bc93082f6bc49af3605c18399c860b3169
29,S1,0.97,0.9701805337519622,OpenBMI_SSVEP,3,2,f38355eaa66885186d51b5a22615c2bc93082f6bc49af3605c18399c860b3169
29,S2,0.96,0.9595838335334134,OpenBMI_SSVEP,3,2,f38355eaa66885186d51b5a22615c2bc93082f6bc49af3605c18399c860b3169
36,S1,1.0,1.0,OpenBMI_SSVEP,3,2,f38355eaa66885186d51b5a22615c2bc93082f6bc49af3605c18399c860b3169
36,S2,1.0,1.0,OpenBMI_SSVEP,3,2,f38355eaa66885186d51b5a22615c2bc93082f6bc49af3605c18399c860b3169
37,S1,0.99,0.9899959983993598,OpenBMI_SSVEP,3,2,f38355eaa66885186d51b5a22615c2bc93082f6bc49af3605c18399c860b3169
37,S2,0.99,0.9899959983993598,OpenBMI_SSVEP,3,2,f38355eaa66885186d51b5a22615c2bc93082f6bc49af3605c18399c860b3169
39,S1,0.99,0.9899959983993597,OpenBMI_SSVEP,3,2,f38355eaa66885186d51b5a22615c2bc93082f6bc49af3605c18399c860b3169
39,S2,0.99,0.9899959983993598,OpenBMI_SSVEP,3,2,f38355eaa66885186d51b5a22615c2bc93082f6bc49af3605c18399c860b3169
42,S1,0.99,0.9899959983993598,OpenBMI_SSVEP,3,2,f38355eaa66885186d51b5a22615c2bc93082f6bc49af3605c18399c860b3169
42,S2,0.61,0.6110224713477803,OpenBMI_SSVEP,3,2,f38355eaa66885186d51b5a22615c2bc93082f6bc49af3605c18399c860b3169
51,S1,0.6900000000000001,0.6889592291766204,OpenBMI_SSVEP,3,2,f38355eaa66885186d51b5a22615c2bc93082f6bc49af3605c18399c860b3169
51,S2,0.73,0.7072683522151607,OpenBMI_SSVEP,3,2,f38355eaa66885186d51b5a22615c2bc93082f6bc49af3605c18399c860b3169
54,S1,0.8300000000000001,0.8275738817500832,OpenBMI_SSVEP,3,2,f38355eaa66885186d51b5a22615c2bc93082f6bc49af3605c18399c860b3169
54,S2,0.9099999999999999,0.9108075988323872,OpenBMI_SSVEP,3,2,f38355eaa66885186d51b5a22615c2bc93082f6bc49af3605c18399c860b3169
4,S1,1.0,1.0,OpenBMI_SSVEP,4,0,ade61a2103ff649aa1d4810b29c9006dcfdee9f80bde04ebe2af941681c32273
4,S2,1.0,1.0,OpenBMI_SSVEP,4,0,ade61a2103ff649aa1d4810b29c9006dcfdee9f80bde04ebe2af941681c32273
12,S1,1.0,1.0,OpenBMI_SSVEP,4,0,ade61a2103ff649aa1d4810b29c9006dcfdee9f80bde04ebe2af941681c32273
12,S2,0.97,0.970542934154794,OpenBMI_SSVEP,4,0,ade61a2103ff649aa1d4810b29c9006dcfdee9f80bde04ebe2af941681c32273
13,S1,0.95,0.94880174291939,OpenBMI_SSVEP,4,0,ade61a2103ff649aa1d4810b29c9006dcfdee9f80bde04ebe2af941681c32273
13,S2,0.81,0.8064341939721879,OpenBMI_SSVEP,4,0,ade61a2103ff649aa1d4810b29c9006dcfdee9f80bde04ebe2af941681c32273
17,S1,0.9299999999999999,0.931066992014197,OpenBMI_SSVEP,4,0,ade61a2103ff649aa1d4810b29c9006dcfdee9f80bde04ebe2af941681c32273
17,S2,0.97,0.97,OpenBMI_SSVEP,4,0,ade61a2103ff649aa1d4810b29c9006dcfdee9f80bde04ebe2af941681c32273
18,S1,0.99,0.9899959983993598,OpenBMI_SSVEP,4,0,ade61a2103ff649aa1d4810b29c9006dcfdee9f80bde04ebe2af941681c32273
18,S2,1.0,1.0,OpenBMI_SSVEP,4,0,ade61a2103ff649aa1d4810b29c9006dcfdee9f80bde04ebe2af941681c32273
24,S1,0.99,0.9899959983993597,OpenBMI_SSVEP,4,0,ade61a2103ff649aa1d4810b29c9006dcfdee9f80bde04ebe2af941681c32273
24,S2,0.8999999999999999,0.8999346405228758,OpenBMI_SSVEP,4,0,ade61a2103ff649aa1d4810b29c9006dcfdee9f80bde04ebe2af941681c32273
25,S1,0.99,0.9899959983993598,OpenBMI_SSVEP,4,0,ade61a2103ff649aa1d4810b29c9006dcfdee9f80bde04ebe2af941681c32273
25,S2,0.94,0.9395342678134055,OpenBMI_SSVEP,4,0,ade61a2103ff649aa1d4810b29c9006dcfdee9f80bde04ebe2af941681c32273
29,S1,0.98,0.979779411764706,OpenBMI_SSVEP,4,0,ade61a2103ff649aa1d4810b29c9006dcfdee9f80bde04ebe2af941681c32273
29,S2,0.9400000000000001,0.9406481481481482,OpenBMI_SSVEP,4,0,ade61a2103ff649aa1d4810b29c9006dcfdee9f80bde04ebe2af941681c32273
36,S1,1.0,1.0,OpenBMI_SSVEP,4,0,ade61a2103ff649aa1d4810b29c9006dcfdee9f80bde04ebe2af941681c32273
36,S2,1.0,1.0,OpenBMI_SSVEP,4,0,ade61a2103ff649aa1d4810b29c9006dcfdee9f80bde04ebe2af941681c32273
37,S1,0.96,0.9595588235294117,OpenBMI_SSVEP,4,0,ade61a2103ff649aa1d4810b29c9006dcfdee9f80bde04ebe2af941681c32273
37,S2,1.0,1.0,OpenBMI_SSVEP,4,0,ade61a2103ff649aa1d4810b29c9006dcfdee9f80bde04ebe2af941681c32273
39,S1,0.97,0.9699639471173085,OpenBMI_SSVEP,4,0,ade61a2103ff649aa1d4810b29c9006dcfdee9f80bde04ebe2af941681c32273
39,S2,0.98,0.979779411764706,OpenBMI_SSVEP,4,0,ade61a2103ff649aa1d4810b29c9006dcfdee9f80bde04ebe2af941681c32273
42,S1,1.0,1.0,OpenBMI_SSVEP,4,0,ade61a2103ff649aa1d4810b29c9006dcfdee9f80bde04ebe2af941681c32273
42,S2,0.54,0.5417527173913044,OpenBMI_SSVEP,4,0,ade61a2103ff649aa1d4810b29c9006dcfdee9f80bde04ebe2af941681c32273
51,S1,0.6900000000000001,0.6954278503703005,OpenBMI_SSVEP,4,0,ade61a2103ff649aa1d4810b29c9006dcfdee9f80bde04ebe2af941681c32273
51,S2,0.7000000000000001,0.6878394822424673,OpenBMI_SSVEP,4,0,ade61a2103ff649aa1d4810b29c9006dcfdee9f80bde04ebe2af941681c32273
54,S1,0.8599999999999999,0.8599918790604697,OpenBMI_SSVEP,4,0,ade61a2103ff649aa1d4810b29c9006dcfdee9f80bde04ebe2af941681c32273
54,S2,0.9299999999999999,0.9303078500903907,OpenBMI_SSVEP,4,0,ade61a2103ff649aa1d4810b29c9006dcfdee9f80bde04ebe2af941681c32273
4,S1,1.0,1.0,OpenBMI_SSVEP,4,1,3f9605a7aff9ccbdae7eaa56a267de3a13ba5fb3075363abcadd32ca9f22e699
4,S2,1.0,1.0,OpenBMI_SSVEP,4,1,3f9605a7aff9ccbdae7eaa56a267de3a13ba5fb3075363abcadd32ca9f22e699
12,S1,1.0,1.0,OpenBMI_SSVEP,4,1,3f9605a7aff9ccbdae7eaa56a267de3a13ba5fb3075363abcadd32ca9f22e699
12,S2,0.96,0.96,OpenBMI_SSVEP,4,1,3f9605a7aff9ccbdae7eaa56a267de3a13ba5fb3075363abcadd32ca9f22e699
13,S1,0.99,0.9899959983993598,OpenBMI_SSVEP,4,1,3f9605a7aff9ccbdae7eaa56a267de3a13ba5fb3075363abcadd32ca9f22e699
13,S2,0.84,0.8375661894571312,OpenBMI_SSVEP,4,1,3f9605a7aff9ccbdae7eaa56a267de3a13ba5fb3075363abcadd32ca9f22e699
17,S1,0.86,0.859777183600713,OpenBMI_SSVEP,4,1,3f9605a7aff9ccbdae7eaa56a267de3a13ba5fb3075363abcadd32ca9f22e699
17,S2,0.96,0.959891609795263,OpenBMI_SSVEP,4,1,3f9605a7aff9ccbdae7eaa56a267de3a13ba5fb3075363abcadd32ca9f22e699
18,S1,0.97,0.9703303491207804,OpenBMI_SSVEP,4,1,3f9605a7aff9ccbdae7eaa56a267de3a13ba5fb3075363abcadd32ca9f22e699
18,S2,1.0,1.0,OpenBMI_SSVEP,4,1,3f9605a7aff9ccbdae7eaa56a267de3a13ba5fb3075363abcadd32ca9f22e699
24,S1,0.97,0.9699679487179487,OpenBMI_SSVEP,4,1,3f9605a7aff9ccbdae7eaa56a267de3a13ba5fb3075363abcadd32ca9f22e699
24,S2,0.8799999999999999,0.879757282278628,OpenBMI_SSVEP,4,1,3f9605a7aff9ccbdae7eaa56a267de3a13ba5fb3075363abcadd32ca9f22e699
25,S1,1.0,1.0,OpenBMI_SSVEP,4,1,3f9605a7aff9ccbdae7eaa56a267de3a13ba5fb3075363abcadd32ca9f22e699
25,S2,0.98,0.9799959983993598,OpenBMI_SSVEP,4,1,3f9605a7aff9ccbdae7eaa56a267de3a13ba5fb3075363abcadd32ca9f22e699
29,S1,0.98,0.979779411764706,OpenBMI_SSVEP,4,1,3f9605a7aff9ccbdae7eaa56a267de3a13ba5fb3075363abcadd32ca9f22e699
29,S2,0.96,0.9608607331821618,OpenBMI_SSVEP,4,1,3f9605a7aff9ccbdae7eaa56a267de3a13ba5fb3075363abcadd32ca9f22e699
36,S1,1.0,1.0,OpenBMI_SSVEP,4,1,3f9605a7aff9ccbdae7eaa56a267de3a13ba5fb3075363abcadd32ca9f22e699
36,S2,1.0,1.0,OpenBMI_SSVEP,4,1,3f9605a7aff9ccbdae7eaa56a267de3a13ba5fb3075363abcadd32ca9f22e699
37,S1,0.97,0.9697919167667066,OpenBMI_SSVEP,4,1,3f9605a7aff9ccbdae7eaa56a267de3a13ba5fb3075363abcadd32ca9f22e699
37,S2,0.99,0.9899959983993598,OpenBMI_SSVEP,4,1,3f9605a7aff9ccbdae7eaa56a267de3a13ba5fb3075363abcadd32ca9f22e699
39,S1,0.99,0.9899959983993597,OpenBMI_SSVEP,4,1,3f9605a7aff9ccbdae7eaa56a267de3a13ba5fb3075363abcadd32ca9f22e699
39,S2,1.0,1.0,OpenBMI_SSVEP,4,1,3f9605a7aff9ccbdae7eaa56a267de3a13ba5fb3075363abcadd32ca9f22e699
42,S1,1.0,1.0,OpenBMI_SSVEP,4,1,3f9605a7aff9ccbdae7eaa56a267de3a13ba5fb3075363abcadd32ca9f22e699
42,S2,0.5900000000000001,0.5937042842215257,OpenBMI_SSVEP,4,1,3f9605a7aff9ccbdae7eaa56a267de3a13ba5fb3075363abcadd32ca9f22e699
51,S1,0.77,0.7653687036593646,OpenBMI_SSVEP,4,1,3f9605a7aff9ccbdae7eaa56a267de3a13ba5fb3075363abcadd32ca9f22e699
51,S2,0.8,0.8008721676728344,OpenBMI_SSVEP,4,1,3f9605a7aff9ccbdae7eaa56a267de3a13ba5fb3075363abcadd32ca9f22e699
54,S1,0.86,0.8618415745744938,OpenBMI_SSVEP,4,1,3f9605a7aff9ccbdae7eaa56a267de3a13ba5fb3075363abcadd32ca9f22e699
54,S2,0.8999999999999999,0.8996362433862434,OpenBMI_SSVEP,4,1,3f9605a7aff9ccbdae7eaa56a267de3a13ba5fb3075363abcadd32ca9f22e699
4,S1,1.0,1.0,OpenBMI_SSVEP,4,2,e9576667d327dbdc9ff9e04b7cb1ab6e7317628fa190a65b16bf8b817a7c855a
4,S2,1.0,1.0,OpenBMI_SSVEP,4,2,e9576667d327dbdc9ff9e04b7cb1ab6e7317628fa190a65b16bf8b817a7c855a
12,S1,1.0,1.0,OpenBMI_SSVEP,4,2,e9576667d327dbdc9ff9e04b7cb1ab6e7317628fa190a65b16bf8b817a7c855a
12,S2,0.94,0.9409071171989105,OpenBMI_SSVEP,4,2,e9576667d327dbdc9ff9e04b7cb1ab6e7317628fa190a65b16bf8b817a7c855a
13,S1,0.96,0.9597423510466989,OpenBMI_SSVEP,4,2,e9576667d327dbdc9ff9e04b7cb1ab6e7317628fa190a65b16bf8b817a7c855a
13,S2,0.73,0.72266139657444,OpenBMI_SSVEP,4,2,e9576667d327dbdc9ff9e04b7cb1ab6e7317628fa190a65b16bf8b817a7c855a
17,S1,0.85,0.8517203583682806,OpenBMI_SSVEP,4,2,e9576667d327dbdc9ff9e04b7cb1ab6e7317628fa190a65b16bf8b817a7c855a
17,S2,0.97,0.9699639471173085,OpenBMI_SSVEP,4,2,e9576667d327dbdc9ff9e04b7cb1ab6e7317628fa190a65b16bf8b817a7c855a
18,S1,0.98,0.9799679487179488,OpenBMI_SSVEP,4,2,e9576667d327dbdc9ff9e04b7cb1ab6e7317628fa190a65b16bf8b817a7c855a
18,S2,1.0,1.0,OpenBMI_SSVEP,4,2,e9576667d327dbdc9ff9e04b7cb1ab6e7317628fa190a65b16bf8b817a7c855a
24,S1,0.97,0.969891609795263,OpenBMI_SSVEP,4,2,e9576667d327dbdc9ff9e04b7cb1ab6e7317628fa190a65b16bf8b817a7c855a
24,S2,0.94,0.9406497243618444,OpenBMI_SSVEP,4,2,e9576667d327dbdc9ff9e04b7cb1ab6e7317628fa190a65b16bf8b817a7c855a
25,S1,0.98,0.9799679487179488,OpenBMI_SSVEP,4,2,e9576667d327dbdc9ff9e04b7cb1ab6e7317628fa190a65b16bf8b817a7c855a
25,S2,0.96,0.9601137624861266,OpenBMI_SSVEP,4,2,e9576667d327dbdc9ff9e04b7cb1ab6e7317628fa190a65b16bf8b817a7c855a
29,S1,0.94,0.9404558728713923,OpenBMI_SSVEP,4,2,e9576667d327dbdc9ff9e04b7cb1ab6e7317628fa190a65b16bf8b817a7c855a
29,S2,0.89,0.89261897811174,OpenBMI_SSVEP,4,2,e9576667d327dbdc9ff9e04b7cb1ab6e7317628fa190a65b16bf8b817a7c855a
36,S1,1.0,1.0,OpenBMI_SSVEP,4,2,e9576667d327dbdc9ff9e04b7cb1ab6e7317628fa190a65b16bf8b817a7c855a
36,S2,1.0,1.0,OpenBMI_SSVEP,4,2,e9576667d327dbdc9ff9e04b7cb1ab6e7317628fa190a65b16bf8b817a7c855a
37,S1,0.99,0.9899959983993598,OpenBMI_SSVEP,4,2,e9576667d327dbdc9ff9e04b7cb1ab6e7317628fa190a65b16bf8b817a7c855a
37,S2,0.99,0.9899959983993598,OpenBMI_SSVEP,4,2,e9576667d327dbdc9ff9e04b7cb1ab6e7317628fa190a65b16bf8b817a7c855a
39,S1,1.0,1.0,OpenBMI_SSVEP,4,2,e9576667d327dbdc9ff9e04b7cb1ab6e7317628fa190a65b16bf8b817a7c855a
39,S2,0.99,0.9899959983993598,OpenBMI_SSVEP,4,2,e9576667d327dbdc9ff9e04b7cb1ab6e7317628fa190a65b16bf8b817a7c855a
42,S1,1.0,1.0,OpenBMI_SSVEP,4,2,e9576667d327dbdc9ff9e04b7cb1ab6e7317628fa190a65b16bf8b817a7c855a
42,S2,0.6,0.594914739731813,OpenBMI_SSVEP,4,2,e9576667d327dbdc9ff9e04b7cb1ab6e7317628fa190a65b16bf8b817a7c855a
51,S1,0.73,0.7263064082374792,OpenBMI_SSVEP,4,2,e9576667d327dbdc9ff9e04b7cb1ab6e7317628fa190a65b16bf8b817a7c855a
51,S2,0.8200000000000001,0.8169871794871796,OpenBMI_SSVEP,4,2,e9576667d327dbdc9ff9e04b7cb1ab6e7317628fa190a65b16bf8b817a7c855a
54,S1,0.8699999999999999,0.8689425770308122,OpenBMI_SSVEP,4,2,e9576667d327dbdc9ff9e04b7cb1ab6e7317628fa190a65b16bf8b817a7c855a
54,S2,0.86,0.8577557178495435,OpenBMI_SSVEP,4,2,e9576667d327dbdc9ff9e04b7cb1ab6e7317628fa190a65b16bf8b817a7c855a
sub-4,S0,0.605,0.6027655562539284,WBCIC_MI,0,0,7fe7b939e760fcc91ed6b8035a9f611f8f2839a442b36810a75ca6ff89c3b267
sub-4,S1,0.5449999999999999,0.5444419413781882,WBCIC_MI,0,0,7fe7b939e760fcc91ed6b8035a9f611f8f2839a442b36810a75ca6ff89c3b267
sub-4,S2,0.625,0.6199741582427605,WBCIC_MI,0,0,7fe7b939e760fcc91ed6b8035a9f611f8f2839a442b36810a75ca6ff89c3b267
sub-8,S0,0.8500000000000001,0.849624060150376,WBCIC_MI,0,0,7fe7b939e760fcc91ed6b8035a9f611f8f2839a442b36810a75ca6ff89c3b267
sub-8,S1,0.9199999999999999,0.9197109594540345,WBCIC_MI,0,0,7fe7b939e760fcc91ed6b8035a9f611f8f2839a442b36810a75ca6ff89c3b267
sub-8,S2,0.87,0.8693598633303186,WBCIC_MI,0,0,7fe7b939e760fcc91ed6b8035a9f611f8f2839a442b36810a75ca6ff89c3b267
sub-10,S0,0.61,0.5969408846630839,WBCIC_MI,0,0,7fe7b939e760fcc91ed6b8035a9f611f8f2839a442b36810a75ca6ff89c3b267
sub-10,S1,0.715,0.714935860568628,WBCIC_MI,0,0,7fe7b939e760fcc91ed6b8035a9f611f8f2839a442b36810a75ca6ff89c3b267
sub-10,S2,0.765,0.7628598097832942,WBCIC_MI,0,0,7fe7b939e760fcc91ed6b8035a9f611f8f2839a442b36810a75ca6ff89c3b267
sub-15,S0,0.755,0.7546995068959474,WBCIC_MI,0,0,7fe7b939e760fcc91ed6b8035a9f611f8f2839a442b36810a75ca6ff89c3b267
sub-15,S1,0.7350000000000001,0.7338756245135698,WBCIC_MI,0,0,7fe7b939e760fcc91ed6b8035a9f611f8f2839a442b36810a75ca6ff89c3b267
sub-15,S2,0.745,0.7421572840567254,WBCIC_MI,0,0,7fe7b939e760fcc91ed6b8035a9f611f8f2839a442b36810a75ca6ff89c3b267
sub-20,S0,0.935,0.934998374959374,WBCIC_MI,0,0,7fe7b939e760fcc91ed6b8035a9f611f8f2839a442b36810a75ca6ff89c3b267
sub-20,S1,0.8300000000000001,0.8286117552172598,WBCIC_MI,0,0,7fe7b939e760fcc91ed6b8035a9f611f8f2839a442b36810a75ca6ff89c3b267
sub-20,S2,0.56,0.5555555555555556,WBCIC_MI,0,0,7fe7b939e760fcc91ed6b8035a9f611f8f2839a442b36810a75ca6ff89c3b267
sub-39,S0,0.61,0.584,WBCIC_MI,0,0,7fe7b939e760fcc91ed6b8035a9f611f8f2839a442b36810a75ca6ff89c3b267
sub-39,S1,0.765,0.7584230680270361,WBCIC_MI,0,0,7fe7b939e760fcc91ed6b8035a9f611f8f2839a442b36810a75ca6ff89c3b267
sub-39,S2,0.8300000000000001,0.8282828282828283,WBCIC_MI,0,0,7fe7b939e760fcc91ed6b8035a9f611f8f2839a442b36810a75ca6ff89c3b267
sub-40,S0,0.87,0.8699479791916767,WBCIC_MI,0,0,7fe7b939e760fcc91ed6b8035a9f611f8f2839a442b36810a75ca6ff89c3b267
sub-40,S1,0.73,0.7297567811029927,WBCIC_MI,0,0,7fe7b939e760fcc91ed6b8035a9f611f8f2839a442b36810a75ca6ff89c3b267
sub-40,S2,0.86,0.859775641025641,WBCIC_MI,0,0,7fe7b939e760fcc91ed6b8035a9f611f8f2839a442b36810a75ca6ff89c3b267
sub-43,S0,1.0,1.0,WBCIC_MI,0,0,7fe7b939e760fcc91ed6b8035a9f611f8f2839a442b36810a75ca6ff89c3b267
sub-43,S1,1.0,1.0,WBCIC_MI,0,0,7fe7b939e760fcc91ed6b8035a9f611f8f2839a442b36810a75ca6ff89c3b267
sub-43,S2,0.995,0.9949998749968749,WBCIC_MI,0,0,7fe7b939e760fcc91ed6b8035a9f611f8f2839a442b36810a75ca6ff89c3b267
sub-46,S0,0.985,0.9849966242404541,WBCIC_MI,0,0,7fe7b939e760fcc91ed6b8035a9f611f8f2839a442b36810a75ca6ff89c3b267
sub-46,S1,0.99,0.9899989998999901,WBCIC_MI,0,0,7fe7b939e760fcc91ed6b8035a9f611f8f2839a442b36810a75ca6ff89c3b267
sub-46,S2,0.97,0.96999699969997,WBCIC_MI,0,0,7fe7b939e760fcc91ed6b8035a9f611f8f2839a442b36810a75ca6ff89c3b267
sub-51,S0,0.76,0.75997599759976,WBCIC_MI,0,0,7fe7b939e760fcc91ed6b8035a9f611f8f2839a442b36810a75ca6ff89c3b267
sub-51,S1,0.835,0.8347976270931892,WBCIC_MI,0,0,7fe7b939e760fcc91ed6b8035a9f611f8f2839a442b36810a75ca6ff89c3b267
sub-51,S2,0.815,0.8149953748843721,WBCIC_MI,0,0,7fe7b939e760fcc91ed6b8035a9f611f8f2839a442b36810a75ca6ff89c3b267
sub-4,S0,0.575,0.5682539682539682,WBCIC_MI,0,1,e737917659b3d7bbb46e9b602501067e69e359a1b818ba1b7f47b004853f057f
sub-4,S1,0.59,0.5899589958995899,WBCIC_MI,0,1,e737917659b3d7bbb46e9b602501067e69e359a1b818ba1b7f47b004853f057f
sub-4,S2,0.64,0.6394230769230769,WBCIC_MI,0,1,e737917659b3d7bbb46e9b602501067e69e359a1b818ba1b7f47b004853f057f
sub-8,S0,0.835,0.8319370527870439,WBCIC_MI,0,1,e737917659b3d7bbb46e9b602501067e69e359a1b818ba1b7f47b004853f057f
sub-8,S1,0.935,0.934998374959374,WBCIC_MI,0,1,e737917659b3d7bbb46e9b602501067e69e359a1b818ba1b7f47b004853f057f
sub-8,S2,0.905,0.9049976249406235,WBCIC_MI,0,1,e737917659b3d7bbb46e9b602501067e69e359a1b818ba1b7f47b004853f057f
sub-10,S0,0.665,0.6649916247906198,WBCIC_MI,0,1,e737917659b3d7bbb46e9b602501067e69e359a1b818ba1b7f47b004853f057f
sub-10,S1,0.7,0.6998799519807923,WBCIC_MI,0,1,e737917659b3d7bbb46e9b602501067e69e359a1b818ba1b7f47b004853f057f
sub-10,S2,0.81,0.8099239695878351,WBCIC_MI,0,1,e737917659b3d7bbb46e9b602501067e69e359a1b818ba1b7f47b004853f057f
sub-15,S0,0.81,0.8099239695878351,WBCIC_MI,0,1,e737917659b3d7bbb46e9b602501067e69e359a1b818ba1b7f47b004853f057f
sub-15,S1,0.71,0.7099709970997099,WBCIC_MI,0,1,e737917659b3d7bbb46e9b602501067e69e359a1b818ba1b7f47b004853f057f
sub-15,S2,0.69,0.6770833333333334,WBCIC_MI,0,1,e737917659b3d7bbb46e9b602501067e69e359a1b818ba1b7f47b004853f057f
sub-20,S0,0.9299999999999999,0.9298245614035088,WBCIC_MI,0,1,e737917659b3d7bbb46e9b602501067e69e359a1b818ba1b7f47b004853f057f
sub-20,S1,0.865,0.8640175266299011,WBCIC_MI,0,1,e737917659b3d7bbb46e9b602501067e69e359a1b818ba1b7f47b004853f057f
sub-20,S2,0.545,0.5449886247156179,WBCIC_MI,0,1,e737917659b3d7bbb46e9b602501067e69e359a1b818ba1b7f47b004853f057f
sub-39,S0,0.55,0.4950061721467849,WBCIC_MI,0,1,e737917659b3d7bbb46e9b602501067e69e359a1b818ba1b7f47b004853f057f
sub-39,S1,0.8300000000000001,0.8282828282828283,WBCIC_MI,0,1,e737917659b3d7bbb46e9b602501067e69e359a1b818ba1b7f47b004853f057f
sub-39,S2,0.74,0.7312939231087227,WBCIC_MI,0,1,e737917659b3d7bbb46e9b602501067e69e359a1b818ba1b7f47b004853f057f
sub-40,S0,0.8,0.7947454844006567,WBCIC_MI,0,1,e737917659b3d7bbb46e9b602501067e69e359a1b818ba1b7f47b004853f057f
sub-40,S1,0.7350000000000001,0.7335009428032684,WBCIC_MI,0,1,e737917659b3d7bbb46e9b602501067e69e359a1b818ba1b7f47b004853f057f
sub-40,S2,0.825,0.8244690187818149,WBCIC_MI,0,1,e737917659b3d7bbb46e9b602501067e69e359a1b818ba1b7f47b004853f057f
sub-43,S0,0.995,0.9949998749968749,WBCIC_MI,0,1,e737917659b3d7bbb46e9b602501067e69e359a1b818ba1b7f47b004853f057f
sub-43,S1,1.0,1.0,WBCIC_MI,0,1,e737917659b3d7bbb46e9b602501067e69e359a1b818ba1b7f47b004853f057f
sub-43,S2,1.0,1.0,WBCIC_MI,0,1,e737917659b3d7bbb46e9b602501067e69e359a1b818ba1b7f47b004853f057f
sub-46,S0,0.99,0.9899989998999901,WBCIC_MI,0,1,e737917659b3d7bbb46e9b602501067e69e359a1b818ba1b7f47b004853f057f
sub-46,S1,0.995,0.9949998749968749,WBCIC_MI,0,1,e737917659b3d7bbb46e9b602501067e69e359a1b818ba1b7f47b004853f057f
sub-46,S2,0.97,0.9699879951980792,WBCIC_MI,0,1,e737917659b3d7bbb46e9b602501067e69e359a1b818ba1b7f47b004853f057f
sub-51,S0,0.755,0.7517164500519369,WBCIC_MI,0,1,e737917659b3d7bbb46e9b602501067e69e359a1b818ba1b7f47b004853f057f
sub-51,S1,0.83,0.8266013871889024,WBCIC_MI,0,1,e737917659b3d7bbb46e9b602501067e69e359a1b818ba1b7f47b004853f057f
sub-51,S2,0.8,0.7987117552334944,WBCIC_MI,0,1,e737917659b3d7bbb46e9b602501067e69e359a1b818ba1b7f47b004853f057f
sub-4,S0,0.53,0.49304282170208175,WBCIC_MI,0,2,e0794525f56f19aabee361e2d06bbf49fd4dfce04e553ceb89f89064002c0891
sub-4,S1,0.5349999999999999,0.5185213947347985,WBCIC_MI,0,2,e0794525f56f19aabee361e2d06bbf49fd4dfce04e553ceb89f89064002c0891
sub-4,S2,0.685,0.6772458310919849,WBCIC_MI,0,2,e0794525f56f19aabee361e2d06bbf49fd4dfce04e553ceb89f89064002c0891
sub-8,S0,0.81,0.8043455874781176,WBCIC_MI,0,2,e0794525f56f19aabee361e2d06bbf49fd4dfce04e553ceb89f89064002c0891
sub-8,S1,0.8899999999999999,0.8894583458948849,WBCIC_MI,0,2,e0794525f56f19aabee361e2d06bbf49fd4dfce04e553ceb89f89064002c0891
sub-8,S2,0.88,0.8785302156088672,WBCIC_MI,0,2,e0794525f56f19aabee361e2d06bbf49fd4dfce04e553ceb89f89064002c0891
sub-10,S0,0.625,0.6145048957878235,WBCIC_MI,0,2,e0794525f56f19aabee361e2d06bbf49fd4dfce04e553ceb89f89064002c0891
sub-10,S1,0.72,0.7192982456140351,WBCIC_MI,0,2,e0794525f56f19aabee361e2d06bbf49fd4dfce04e553ceb89f89064002c0891
sub-10,S2,0.8,0.7975503593481121,WBCIC_MI,0,2,e0794525f56f19aabee361e2d06bbf49fd4dfce04e553ceb89f89064002c0891
sub-15,S0,0.7849999999999999,0.7830419536315245,WBCIC_MI,0,2,e0794525f56f19aabee361e2d06bbf49fd4dfce04e553ceb89f89064002c0891
sub-15,S1,0.74,0.7368154671525458,WBCIC_MI,0,2,e0794525f56f19aabee361e2d06bbf49fd4dfce04e553ceb89f89064002c0891
sub-15,S2,0.7,0.6875,WBCIC_MI,0,2,e0794525f56f19aabee361e2d06bbf49fd4dfce04e553ceb89f89064002c0891
sub-20,S0,0.905,0.9044626021370208,WBCIC_MI,0,2,e0794525f56f19aabee361e2d06bbf49fd4dfce04e553ceb89f89064002c0891
sub-20,S1,0.86,0.8579545454545454,WBCIC_MI,0,2,e0794525f56f19aabee361e2d06bbf49fd4dfce04e553ceb89f89064002c0891
sub-20,S2,0.48,0.37492487077773773,WBCIC_MI,0,2,e0794525f56f19aabee361e2d06bbf49fd4dfce04e553ceb89f89064002c0891
sub-39,S0,0.495,0.39591494960973717,WBCIC_MI,0,2,e0794525f56f19aabee361e2d06bbf49fd4dfce04e553ceb89f89064002c0891
sub-39,S1,0.71,0.6906666666666667,WBCIC_MI,0,2,e0794525f56f19aabee361e2d06bbf49fd4dfce04e553ceb89f89064002c0891
sub-39,S2,0.7649999999999999,0.7557109072481094,WBCIC_MI,0,2,e0794525f56f19aabee361e2d06bbf49fd4dfce04e553ceb89f89064002c0891
sub-40,S0,0.675,0.6440209206166653,WBCIC_MI,0,2,e0794525f56f19aabee361e2d06bbf49fd4dfce04e553ceb89f89064002c0891
sub-40,S1,0.635,0.5888597899242488,WBCIC_MI,0,2,e0794525f56f19aabee361e2d06bbf49fd4dfce04e553ceb89f89064002c0891
sub-40,S2,0.71,0.6906666666666667,WBCIC_MI,0,2,e0794525f56f19aabee361e2d06bbf49fd4dfce04e553ceb89f89064002c0891
sub-43,S0,0.975,0.9749843652282677,WBCIC_MI,0,2,e0794525f56f19aabee361e2d06bbf49fd4dfce04e553ceb89f89064002c0891
sub-43,S1,0.965,0.9649781113195748,WBCIC_MI,0,2,e0794525f56f19aabee361e2d06bbf49fd4dfce04e553ceb89f89064002c0891
sub-43,S2,0.96,0.9599358974358975,WBCIC_MI,0,2,e0794525f56f19aabee361e2d06bbf49fd4dfce04e553ceb89f89064002c0891
sub-46,S0,0.9550000000000001,0.9549086900974473,WBCIC_MI,0,2,e0794525f56f19aabee361e2d06bbf49fd4dfce04e553ceb89f89064002c0891
sub-46,S1,0.915,0.9143814056558637,WBCIC_MI,0,2,e0794525f56f19aabee361e2d06bbf49fd4dfce04e553ceb89f89064002c0891
sub-46,S2,0.885,0.8834587418611133,WBCIC_MI,0,2,e0794525f56f19aabee361e2d06bbf49fd4dfce04e553ceb89f89064002c0891
sub-51,S0,0.71,0.7013695808876532,WBCIC_MI,0,2,e0794525f56f19aabee361e2d06bbf49fd4dfce04e553ceb89f89064002c0891
sub-51,S1,0.7749999999999999,0.7678916827852997,WBCIC_MI,0,2,e0794525f56f19aabee361e2d06bbf49fd4dfce04e553ceb89f89064002c0891
sub-51,S2,0.79,0.7829681686647375,WBCIC_MI,0,2,e0794525f56f19aabee361e2d06bbf49fd4dfce04e553ceb89f89064002c0891
sub-4,S0,0.595,0.5937711577522005,WBCIC_MI,1,0,838161c589c8ba47b6ac391b90d97ce785fc98b277f84d3d22730e126122838f
sub-4,S1,0.5800000000000001,0.5796216594935442,WBCIC_MI,1,0,838161c589c8ba47b6ac391b90d97ce785fc98b277f84d3d22730e126122838f
sub-4,S2,0.6,0.5850191928623301,WBCIC_MI,1,0,838161c589c8ba47b6ac391b90d97ce785fc98b277f84d3d22730e126122838f
sub-8,S0,0.88,0.8794091046126018,WBCIC_MI,1,0,838161c589c8ba47b6ac391b90d97ce785fc98b277f84d3d22730e126122838f
sub-8,S1,0.915,0.9148275257396228,WBCIC_MI,1,0,838161c589c8ba47b6ac391b90d97ce785fc98b277f84d3d22730e126122838f
sub-8,S2,0.9099999999999999,0.9095568284594513,WBCIC_MI,1,0,838161c589c8ba47b6ac391b90d97ce785fc98b277f84d3d22730e126122838f
sub-10,S0,0.62,0.62,WBCIC_MI,1,0,838161c589c8ba47b6ac391b90d97ce785fc98b277f84d3d22730e126122838f
sub-10,S1,0.735,0.7349933748343709,WBCIC_MI,1,0,838161c589c8ba47b6ac391b90d97ce785fc98b277f84d3d22730e126122838f
sub-10,S2,0.815,0.8147730970438787,WBCIC_MI,1,0,838161c589c8ba47b6ac391b90d97ce785fc98b277f84d3d22730e126122838f
sub-15,S0,0.815,0.8144386769979186,WBCIC_MI,1,0,838161c589c8ba47b6ac391b90d97ce785fc98b277f84d3d22730e126122838f
sub-15,S1,0.74,0.7393483709273183,WBCIC_MI,1,0,838161c589c8ba47b6ac391b90d97ce785fc98b277f84d3d22730e126122838f
sub-15,S2,0.775,0.7724917212265223,WBCIC_MI,1,0,838161c589c8ba47b6ac391b90d97ce785fc98b277f84d3d22730e126122838f
sub-20,S0,0.94,0.9399759903961584,WBCIC_MI,1,0,838161c589c8ba47b6ac391b90d97ce785fc98b277f84d3d22730e126122838f
sub-20,S1,0.79,0.7821350762527233,WBCIC_MI,1,0,838161c589c8ba47b6ac391b90d97ce785fc98b277f84d3d22730e126122838f
sub-20,S2,0.495,0.4948863494286215,WBCIC_MI,1,0,838161c589c8ba47b6ac391b90d97ce785fc98b277f84d3d22730e126122838f
sub-39,S0,0.5900000000000001,0.5432263814616756,WBCIC_MI,1,0,838161c589c8ba47b6ac391b90d97ce785fc98b277f84d3d22730e126122838f
sub-39,S1,0.78,0.7726333195535345,WBCIC_MI,1,0,838161c589c8ba47b6ac391b90d97ce785fc98b277f84d3d22730e126122838f
sub-39,S2,0.87,0.8698828946051447,WBCIC_MI,1,0,838161c589c8ba47b6ac391b90d97ce785fc98b277f84d3d22730e126122838f
sub-40,S0,0.895,0.8949763696831787,WBCIC_MI,1,0,838161c589c8ba47b6ac391b90d97ce785fc98b277f84d3d22730e126122838f
sub-40,S1,0.79,0.7898108297467721,WBCIC_MI,1,0,838161c589c8ba47b6ac391b90d97ce785fc98b277f84d3d22730e126122838f
sub-40,S2,0.885,0.8848589522164652,WBCIC_MI,1,0,838161c589c8ba47b6ac391b90d97ce785fc98b277f84d3d22730e126122838f
sub-43,S0,0.995,0.9949998749968749,WBCIC_MI,1,0,838161c589c8ba47b6ac391b90d97ce785fc98b277f84d3d22730e126122838f
sub-43,S1,0.99,0.99,WBCIC_MI,1,0,838161c589c8ba47b6ac391b90d97ce785fc98b277f84d3d22730e126122838f
sub-43,S2,0.99,0.99,WBCIC_MI,1,0,838161c589c8ba47b6ac391b90d97ce785fc98b277f84d3d22730e126122838f
sub-46,S0,0.97,0.9699729756781104,WBCIC_MI,1,0,838161c589c8ba47b6ac391b90d97ce785fc98b277f84d3d22730e126122838f
sub-46,S1,0.98,0.9799919967987194,WBCIC_MI,1,0,838161c589c8ba47b6ac391b90d97ce785fc98b277f84d3d22730e126122838f
sub-46,S2,0.975,0.9749843652282677,WBCIC_MI,1,0,838161c589c8ba47b6ac391b90d97ce785fc98b277f84d3d22730e126122838f
sub-51,S0,0.765,0.7623802421699234,WBCIC_MI,1,0,838161c589c8ba47b6ac391b90d97ce785fc98b277f84d3d22730e126122838f
sub-51,S1,0.8300000000000001,0.8286117552172598,WBCIC_MI,1,0,838161c589c8ba47b6ac391b90d97ce785fc98b277f84d3d22730e126122838f
sub-51,S2,0.8200000000000001,0.8191136569189026,WBCIC_MI,1,0,838161c589c8ba47b6ac391b90d97ce785fc98b277f84d3d22730e126122838f
sub-4,S0,0.54,0.5227720717916796,WBCIC_MI,1,1,80b0ebbc3f359410e635e8ac04ebded1998e6ca19c83340b068d0c5520721f69
sub-4,S1,0.57,0.5587027914614121,WBCIC_MI,1,1,80b0ebbc3f359410e635e8ac04ebded1998e6ca19c83340b068d0c5520721f69
sub-4,S2,0.675,0.674601386698706,WBCIC_MI,1,1,80b0ebbc3f359410e635e8ac04ebded1998e6ca19c83340b068d0c5520721f69
sub-8,S0,0.9,0.8999899989999001,WBCIC_MI,1,1,80b0ebbc3f359410e635e8ac04ebded1998e6ca19c83340b068d0c5520721f69
sub-8,S1,0.94,0.94,WBCIC_MI,1,1,80b0ebbc3f359410e635e8ac04ebded1998e6ca19c83340b068d0c5520721f69
sub-8,S2,0.915,0.9147420948368815,WBCIC_MI,1,1,80b0ebbc3f359410e635e8ac04ebded1998e6ca19c83340b068d0c5520721f69
sub-10,S0,0.64,0.63996399639964,WBCIC_MI,1,1,80b0ebbc3f359410e635e8ac04ebded1998e6ca19c83340b068d0c5520721f69
sub-10,S1,0.695,0.6700473292765382,WBCIC_MI,1,1,80b0ebbc3f359410e635e8ac04ebded1998e6ca19c83340b068d0c5520721f69
sub-10,S2,0.83,0.83,WBCIC_MI,1,1,80b0ebbc3f359410e635e8ac04ebded1998e6ca19c83340b068d0c5520721f69
sub-15,S0,0.78,0.7798018216394755,WBCIC_MI,1,1,80b0ebbc3f359410e635e8ac04ebded1998e6ca19c83340b068d0c5520721f69
sub-15,S1,0.755,0.7546995068959474,WBCIC_MI,1,1,80b0ebbc3f359410e635e8ac04ebded1998e6ca19c83340b068d0c5520721f69
sub-15,S2,0.745,0.7448405253283302,WBCIC_MI,1,1,80b0ebbc3f359410e635e8ac04ebded1998e6ca19c83340b068d0c5520721f69
sub-20,S0,0.9199999999999999,0.9199279351416274,WBCIC_MI,1,1,80b0ebbc3f359410e635e8ac04ebded1998e6ca19c83340b068d0c5520721f69
sub-20,S1,0.845,0.8432720746227155,WBCIC_MI,1,1,80b0ebbc3f359410e635e8ac04ebded1998e6ca19c83340b068d0c5520721f69
sub-20,S2,0.45999999999999996,0.4140625,WBCIC_MI,1,1,80b0ebbc3f359410e635e8ac04ebded1998e6ca19c83340b068d0c5520721f69
sub-39,S0,0.54,0.46703742324180275,WBCIC_MI,1,1,80b0ebbc3f359410e635e8ac04ebded1998e6ca19c83340b068d0c5520721f69
sub-39,S1,0.7749999999999999,0.7687029374726941,WBCIC_MI,1,1,80b0ebbc3f359410e635e8ac04ebded1998e6ca19c83340b068d0c5520721f69
sub-39,S2,0.875,0.8749968749218731,WBCIC_MI,1,1,80b0ebbc3f359410e635e8ac04ebded1998e6ca19c83340b068d0c5520721f69
sub-40,S0,0.915,0.9149978749468737,WBCIC_MI,1,1,80b0ebbc3f359410e635e8ac04ebded1998e6ca19c83340b068d0c5520721f69
sub-40,S1,0.7849999999999999,0.7840877708317642,WBCIC_MI,1,1,80b0ebbc3f359410e635e8ac04ebded1998e6ca19c83340b068d0c5520721f69
sub-40,S2,0.845,0.8449961249031226,WBCIC_MI,1,1,80b0ebbc3f359410e635e8ac04ebded1998e6ca19c83340b068d0c5520721f69
sub-43,S0,0.99,0.9899989998999901,WBCIC_MI,1,1,80b0ebbc3f359410e635e8ac04ebded1998e6ca19c83340b068d0c5520721f69
sub-43,S1,0.99,0.9899989998999901,WBCIC_MI,1,1,80b0ebbc3f359410e635e8ac04ebded1998e6ca19c83340b068d0c5520721f69
sub-43,S2,0.995,0.9949998749968749,WBCIC_MI,1,1,80b0ebbc3f359410e635e8ac04ebded1998e6ca19c83340b068d0c5520721f69
sub-46,S0,0.975,0.9749843652282677,WBCIC_MI,1,1,80b0ebbc3f359410e635e8ac04ebded1998e6ca19c83340b068d0c5520721f69
sub-46,S1,0.99,0.9899989998999901,WBCIC_MI,1,1,80b0ebbc3f359410e635e8ac04ebded1998e6ca19c83340b068d0c5520721f69
sub-46,S2,0.975,0.9749943737340903,WBCIC_MI,1,1,80b0ebbc3f359410e635e8ac04ebded1998e6ca19c83340b068d0c5520721f69
sub-51,S0,0.73,0.7260551948051948,WBCIC_MI,1,1,80b0ebbc3f359410e635e8ac04ebded1998e6ca19c83340b068d0c5520721f69
sub-51,S1,0.8,0.7953964194373402,WBCIC_MI,1,1,80b0ebbc3f359410e635e8ac04ebded1998e6ca19c83340b068d0c5520721f69
sub-51,S2,0.7949999999999999,0.7935080959935534,WBCIC_MI,1,1,80b0ebbc3f359410e635e8ac04ebded1998e6ca19c83340b068d0c5520721f69
sub-4,S0,0.5599999999999999,0.5524361712948835,WBCIC_MI,1,2,d52c744296da8f3b93cc2e0667385e919c46843d3079eb8e5748140055af8c97
sub-4,S1,0.605,0.6047529706066291,WBCIC_MI,1,2,d52c744296da8f3b93cc2e0667385e919c46843d3079eb8e5748140055af8c97
sub-4,S2,0.61,0.6096486838154338,WBCIC_MI,1,2,d52c744296da8f3b93cc2e0667385e919c46843d3079eb8e5748140055af8c97
sub-8,S0,0.87,0.8696741854636592,WBCIC_MI,1,2,d52c744296da8f3b93cc2e0667385e919c46843d3079eb8e5748140055af8c97
sub-8,S1,0.915,0.9148957472904308,WBCIC_MI,1,2,d52c744296da8f3b93cc2e0667385e919c46843d3079eb8e5748140055af8c97
sub-8,S2,0.9199999999999999,0.9197994987468672,WBCIC_MI,1,2,d52c744296da8f3b93cc2e0667385e919c46843d3079eb8e5748140055af8c97
sub-10,S0,0.65,0.6496847162446202,WBCIC_MI,1,2,d52c744296da8f3b93cc2e0667385e919c46843d3079eb8e5748140055af8c97
sub-10,S1,0.7050000000000001,0.7017113678303293,WBCIC_MI,1,2,d52c744296da8f3b93cc2e0667385e919c46843d3079eb8e5748140055af8c97
sub-10,S2,0.795,0.7949538646195394,WBCIC_MI,1,2,d52c744296da8f3b93cc2e0667385e919c46843d3079eb8e5748140055af8c97
sub-15,S0,0.765,0.7649471131004475,WBCIC_MI,1,2,d52c744296da8f3b93cc2e0667385e919c46843d3079eb8e5748140055af8c97
sub-15,S1,0.7150000000000001,0.7133878064110623,WBCIC_MI,1,2,d52c744296da8f3b93cc2e0667385e919c46843d3079eb8e5748140055af8c97
sub-15,S2,0.755,0.7545028683083244,WBCIC_MI,1,2,d52c744296da8f3b93cc2e0667385e919c46843d3079eb8e5748140055af8c97
sub-20,S0,0.93,0.93,WBCIC_MI,1,2,d52c744296da8f3b93cc2e0667385e919c46843d3079eb8e5748140055af8c97
sub-20,S1,0.905,0.9044626021370208,WBCIC_MI,1,2,d52c744296da8f3b93cc2e0667385e919c46843d3079eb8e5748140055af8c97
sub-20,S2,0.475,0.4748818484158936,WBCIC_MI,1,2,d52c744296da8f3b93cc2e0667385e919c46843d3079eb8e5748140055af8c97
sub-39,S0,0.5,0.4540888743312589,WBCIC_MI,1,2,d52c744296da8f3b93cc2e0667385e919c46843d3079eb8e5748140055af8c97
sub-39,S1,0.775,0.7719844949456562,WBCIC_MI,1,2,d52c744296da8f3b93cc2e0667385e919c46843d3079eb8e5748140055af8c97
sub-39,S2,0.865,0.8649966249156229,WBCIC_MI,1,2,d52c744296da8f3b93cc2e0667385e919c46843d3079eb8e5748140055af8c97
sub-40,S0,0.895,0.8947869435607105,WBCIC_MI,1,2,d52c744296da8f3b93cc2e0667385e919c46843d3079eb8e5748140055af8c97
sub-40,S1,0.77,0.7694235588972431,WBCIC_MI,1,2,d52c744296da8f3b93cc2e0667385e919c46843d3079eb8e5748140055af8c97
sub-40,S2,0.885,0.8847666524712543,WBCIC_MI,1,2,d52c744296da8f3b93cc2e0667385e919c46843d3079eb8e5748140055af8c97
sub-43,S0,0.995,0.9949998749968749,WBCIC_MI,1,2,d52c744296da8f3b93cc2e0667385e919c46843d3079eb8e5748140055af8c97
sub-43,S1,0.985,0.9849996249906248,WBCIC_MI,1,2,d52c744296da8f3b93cc2e0667385e919c46843d3079eb8e5748140055af8c97
sub-43,S2,0.99,0.9899989998999901,WBCIC_MI,1,2,d52c744296da8f3b93cc2e0667385e919c46843d3079eb8e5748140055af8c97
sub-46,S0,0.995,0.9949998749968749,WBCIC_MI,1,2,d52c744296da8f3b93cc2e0667385e919c46843d3079eb8e5748140055af8c97
sub-46,S1,0.975,0.9749843652282677,WBCIC_MI,1,2,d52c744296da8f3b93cc2e0667385e919c46843d3079eb8e5748140055af8c97
sub-46,S2,0.9650000000000001,0.9649570724137068,WBCIC_MI,1,2,d52c744296da8f3b93cc2e0667385e919c46843d3079eb8e5748140055af8c97
sub-51,S0,0.75,0.7463474025974026,WBCIC_MI,1,2,d52c744296da8f3b93cc2e0667385e919c46843d3079eb8e5748140055af8c97
sub-51,S1,0.86,0.8585858585858586,WBCIC_MI,1,2,d52c744296da8f3b93cc2e0667385e919c46843d3079eb8e5748140055af8c97
sub-51,S2,0.815,0.813953488372093,WBCIC_MI,1,2,d52c744296da8f3b93cc2e0667385e919c46843d3079eb8e5748140055af8c97
sub-4,S0,0.535,0.5323695788812068,WBCIC_MI,2,0,8cb100fba157c5220ae7a9313f7665d683cd96cb315fefd0ce8e3314fc73eb01
sub-4,S1,0.565,0.5649891247281182,WBCIC_MI,2,0,8cb100fba157c5220ae7a9313f7665d683cd96cb315fefd0ce8e3314fc73eb01
sub-4,S2,0.615,0.6098401357959008,WBCIC_MI,2,0,8cb100fba157c5220ae7a9313f7665d683cd96cb315fefd0ce8e3314fc73eb01
sub-8,S0,0.875,0.8747463613817982,WBCIC_MI,2,0,8cb100fba157c5220ae7a9313f7665d683cd96cb315fefd0ce8e3314fc73eb01
sub-8,S1,0.94,0.93999399939994,WBCIC_MI,2,0,8cb100fba157c5220ae7a9313f7665d683cd96cb315fefd0ce8e3314fc73eb01
sub-8,S2,0.935,0.9349202773397411,WBCIC_MI,2,0,8cb100fba157c5220ae7a9313f7665d683cd96cb315fefd0ce8e3314fc73eb01
sub-10,S0,0.615,0.6133664733499034,WBCIC_MI,2,0,8cb100fba157c5220ae7a9313f7665d683cd96cb315fefd0ce8e3314fc73eb01
sub-10,S1,0.7050000000000001,0.7048155096935584,WBCIC_MI,2,0,8cb100fba157c5220ae7a9313f7665d683cd96cb315fefd0ce8e3314fc73eb01
sub-10,S2,0.8049999999999999,0.8048780487804879,WBCIC_MI,2,0,8cb100fba157c5220ae7a9313f7665d683cd96cb315fefd0ce8e3314fc73eb01
sub-15,S0,0.79,0.7889659330720531,WBCIC_MI,2,0,8cb100fba157c5220ae7a9313f7665d683cd96cb315fefd0ce8e3314fc73eb01
sub-15,S1,0.755,0.7511111111111111,WBCIC_MI,2,0,8cb100fba157c5220ae7a9313f7665d683cd96cb315fefd0ce8e3314fc73eb01
sub-15,S2,0.78,0.7762180856474418,WBCIC_MI,2,0,8cb100fba157c5220ae7a9313f7665d683cd96cb315fefd0ce8e3314fc73eb01
sub-20,S0,0.94,0.9399459513562206,WBCIC_MI,2,0,8cb100fba157c5220ae7a9313f7665d683cd96cb315fefd0ce8e3314fc73eb01
sub-20,S1,0.7849999999999999,0.7789828069183522,WBCIC_MI,2,0,8cb100fba157c5220ae7a9313f7665d683cd96cb315fefd0ce8e3314fc73eb01
sub-20,S2,0.5,0.4914047401078222,WBCIC_MI,2,0,8cb100fba157c5220ae7a9313f7665d683cd96cb315fefd0ce8e3314fc73eb01
sub-39,S0,0.5449999999999999,0.5306254029658285,WBCIC_MI,2,0,8cb100fba157c5220ae7a9313f7665d683cd96cb315fefd0ce8e3314fc73eb01
sub-39,S1,0.79,0.788647342995169,WBCIC_MI,2,0,8cb100fba157c5220ae7a9313f7665d683cd96cb315fefd0ce8e3314fc73eb01
sub-39,S2,0.765,0.7649941248531213,WBCIC_MI,2,0,8cb100fba157c5220ae7a9313f7665d683cd96cb315fefd0ce8e3314fc73eb01
sub-40,S0,0.88,0.88,WBCIC_MI,2,0,8cb100fba157c5220ae7a9313f7665d683cd96cb315fefd0ce8e3314fc73eb01
sub-40,S1,0.77,0.767182913250329,WBCIC_MI,2,0,8cb100fba157c5220ae7a9313f7665d683cd96cb315fefd0ce8e3314fc73eb01
sub-40,S2,0.8500000000000001,0.8497596153846154,WBCIC_MI,2,0,8cb100fba157c5220ae7a9313f7665d683cd96cb315fefd0ce8e3314fc73eb01
sub-43,S0,0.99,0.99,WBCIC_MI,2,0,8cb100fba157c5220ae7a9313f7665d683cd96cb315fefd0ce8e3314fc73eb01
sub-43,S1,0.99,0.9899989998999901,WBCIC_MI,2,0,8cb100fba157c5220ae7a9313f7665d683cd96cb315fefd0ce8e3314fc73eb01
sub-43,S2,0.98,0.9799979997999799,WBCIC_MI,2,0,8cb100fba157c5220ae7a9313f7665d683cd96cb315fefd0ce8e3314fc73eb01
sub-46,S0,0.9650000000000001,0.9649570724137068,WBCIC_MI,2,0,8cb100fba157c5220ae7a9313f7665d683cd96cb315fefd0ce8e3314fc73eb01
sub-46,S1,0.96,0.9599639675708138,WBCIC_MI,2,0,8cb100fba157c5220ae7a9313f7665d683cd96cb315fefd0ce8e3314fc73eb01
sub-46,S2,0.94,0.9397832195905259,WBCIC_MI,2,0,8cb100fba157c5220ae7a9313f7665d683cd96cb315fefd0ce8e3314fc73eb01
sub-51,S0,0.73,0.7266929851199515,WBCIC_MI,2,0,8cb100fba157c5220ae7a9313f7665d683cd96cb315fefd0ce8e3314fc73eb01
sub-51,S1,0.795,0.7917460317460318,WBCIC_MI,2,0,8cb100fba157c5220ae7a9313f7665d683cd96cb315fefd0ce8e3314fc73eb01
sub-51,S2,0.79,0.7882851093860268,WBCIC_MI,2,0,8cb100fba157c5220ae7a9313f7665d683cd96cb315fefd0ce8e3314fc73eb01
sub-4,S0,0.5549999999999999,0.55311189776807,WBCIC_MI,2,1,3341e95b950d3478040930685bda0708adaacf8b5ccc15fc2fbc5517d8d1f101
sub-4,S1,0.56,0.5588972431077694,WBCIC_MI,2,1,3341e95b950d3478040930685bda0708adaacf8b5ccc15fc2fbc5517d8d1f101
sub-4,S2,0.66,0.65996599659966,WBCIC_MI,2,1,3341e95b950d3478040930685bda0708adaacf8b5ccc15fc2fbc5517d8d1f101
sub-8,S0,0.865,0.8649155722326454,WBCIC_MI,2,1,3341e95b950d3478040930685bda0708adaacf8b5ccc15fc2fbc5517d8d1f101
sub-8,S1,0.935,0.9349853717086345,WBCIC_MI,2,1,3341e95b950d3478040930685bda0708adaacf8b5ccc15fc2fbc5517d8d1f101
sub-8,S2,0.895,0.8947869435607105,WBCIC_MI,2,1,3341e95b950d3478040930685bda0708adaacf8b5ccc15fc2fbc5517d8d1f101
sub-10,S0,0.64,0.6347402597402598,WBCIC_MI,2,1,3341e95b950d3478040930685bda0708adaacf8b5ccc15fc2fbc5517d8d1f101
sub-10,S1,0.745,0.7409523809523809,WBCIC_MI,2,1,3341e95b950d3478040930685bda0708adaacf8b5ccc15fc2fbc5517d8d1f101
sub-10,S2,0.86,0.859775641025641,WBCIC_MI,2,1,3341e95b950d3478040930685bda0708adaacf8b5ccc15fc2fbc5517d8d1f101
sub-15,S0,0.775,0.7714285714285715,WBCIC_MI,2,1,3341e95b950d3478040930685bda0708adaacf8b5ccc15fc2fbc5517d8d1f101
sub-15,S1,0.725,0.7213143827113577,WBCIC_MI,2,1,3341e95b950d3478040930685bda0708adaacf8b5ccc15fc2fbc5517d8d1f101
sub-15,S2,0.73,0.7295673076923077,WBCIC_MI,2,1,3341e95b950d3478040930685bda0708adaacf8b5ccc15fc2fbc5517d8d1f101
sub-20,S0,0.955,0.9549898727213624,WBCIC_MI,2,1,3341e95b950d3478040930685bda0708adaacf8b5ccc15fc2fbc5517d8d1f101
sub-20,S1,0.895,0.8945544927317919,WBCIC_MI,2,1,3341e95b950d3478040930685bda0708adaacf8b5ccc15fc2fbc5517d8d1f101
sub-20,S2,0.51,0.4987212276214834,WBCIC_MI,2,1,3341e95b950d3478040930685bda0708adaacf8b5ccc15fc2fbc5517d8d1f101
sub-39,S0,0.5349999999999999,0.49389132268509695,WBCIC_MI,2,1,3341e95b950d3478040930685bda0708adaacf8b5ccc15fc2fbc5517d8d1f101
sub-39,S1,0.76,0.7591328783621036,WBCIC_MI,2,1,3341e95b950d3478040930685bda0708adaacf8b5ccc15fc2fbc5517d8d1f101
sub-39,S2,0.77,0.7699769976997699,WBCIC_MI,2,1,3341e95b950d3478040930685bda0708adaacf8b5ccc15fc2fbc5517d8d1f101
sub-40,S0,0.875,0.8748466871918099,WBCIC_MI,2,1,3341e95b950d3478040930685bda0708adaacf8b5ccc15fc2fbc5517d8d1f101
sub-40,S1,0.77,0.7666396103896104,WBCIC_MI,2,1,3341e95b950d3478040930685bda0708adaacf8b5ccc15fc2fbc5517d8d1f101
sub-40,S2,0.825,0.8242574878863197,WBCIC_MI,2,1,3341e95b950d3478040930685bda0708adaacf8b5ccc15fc2fbc5517d8d1f101
sub-43,S0,0.995,0.9949998749968749,WBCIC_MI,2,1,3341e95b950d3478040930685bda0708adaacf8b5ccc15fc2fbc5517d8d1f101
sub-43,S1,0.985,0.9849966242404541,WBCIC_MI,2,1,3341e95b950d3478040930685bda0708adaacf8b5ccc15fc2fbc5517d8d1f101
sub-43,S2,0.995,0.9949998749968749,WBCIC_MI,2,1,3341e95b950d3478040930685bda0708adaacf8b5ccc15fc2fbc5517d8d1f101
sub-46,S0,1.0,1.0,WBCIC_MI,2,1,3341e95b950d3478040930685bda0708adaacf8b5ccc15fc2fbc5517d8d1f101
sub-46,S1,0.99,0.9899989998999901,WBCIC_MI,2,1,3341e95b950d3478040930685bda0708adaacf8b5ccc15fc2fbc5517d8d1f101
sub-46,S2,0.96,0.9599358974358975,WBCIC_MI,2,1,3341e95b950d3478040930685bda0708adaacf8b5ccc15fc2fbc5517d8d1f101
sub-51,S0,0.7250000000000001,0.7229986653572058,WBCIC_MI,2,1,3341e95b950d3478040930685bda0708adaacf8b5ccc15fc2fbc5517d8d1f101
sub-51,S1,0.78,0.7767857142857143,WBCIC_MI,2,1,3341e95b950d3478040930685bda0708adaacf8b5ccc15fc2fbc5517d8d1f101
sub-51,S2,0.81,0.8090644156366193,WBCIC_MI,2,1,3341e95b950d3478040930685bda0708adaacf8b5ccc15fc2fbc5517d8d1f101
sub-4,S0,0.575,0.5599389091662137,WBCIC_MI,2,2,72401dd16aaef6798df3e7148a3c11cda7abf5b8e563cb148db2302793bcd2e2
sub-4,S1,0.5449999999999999,0.54242614707731,WBCIC_MI,2,2,72401dd16aaef6798df3e7148a3c11cda7abf5b8e563cb148db2302793bcd2e2
sub-4,S2,0.675,0.6731615336266499,WBCIC_MI,2,2,72401dd16aaef6798df3e7148a3c11cda7abf5b8e563cb148db2302793bcd2e2
sub-8,S0,0.88,0.87998799879988,WBCIC_MI,2,2,72401dd16aaef6798df3e7148a3c11cda7abf5b8e563cb148db2302793bcd2e2
sub-8,S1,0.945,0.9449986249656241,WBCIC_MI,2,2,72401dd16aaef6798df3e7148a3c11cda7abf5b8e563cb148db2302793bcd2e2
sub-8,S2,0.9099999999999999,0.9099189270343309,WBCIC_MI,2,2,72401dd16aaef6798df3e7148a3c11cda7abf5b8e563cb148db2302793bcd2e2
sub-10,S0,0.625,0.6190476190476191,WBCIC_MI,2,2,72401dd16aaef6798df3e7148a3c11cda7abf5b8e563cb148db2302793bcd2e2
sub-10,S1,0.69,0.6807743795695603,WBCIC_MI,2,2,72401dd16aaef6798df3e7148a3c11cda7abf5b8e563cb148db2302793bcd2e2
sub-10,S2,0.8049999999999999,0.80389692017599,WBCIC_MI,2,2,72401dd16aaef6798df3e7148a3c11cda7abf5b8e563cb148db2302793bcd2e2
sub-15,S0,0.745,0.744993624840621,WBCIC_MI,2,2,72401dd16aaef6798df3e7148a3c11cda7abf5b8e563cb148db2302793bcd2e2
sub-15,S1,0.7,0.7,WBCIC_MI,2,2,72401dd16aaef6798df3e7148a3c11cda7abf5b8e563cb148db2302793bcd2e2
sub-15,S2,0.785,0.7849516141131755,WBCIC_MI,2,2,72401dd16aaef6798df3e7148a3c11cda7abf5b8e563cb148db2302793bcd2e2
sub-20,S0,0.9299999999999999,0.9299929992999301,WBCIC_MI,2,2,72401dd16aaef6798df3e7148a3c11cda7abf5b8e563cb148db2302793bcd2e2
sub-20,S1,0.87,0.8686868686868687,WBCIC_MI,2,2,72401dd16aaef6798df3e7148a3c11cda7abf5b8e563cb148db2302793bcd2e2
sub-20,S2,0.485,0.482814892922598,WBCIC_MI,2,2,72401dd16aaef6798df3e7148a3c11cda7abf5b8e563cb148db2302793bcd2e2
sub-39,S0,0.595,0.5895720909021813,WBCIC_MI,2,2,72401dd16aaef6798df3e7148a3c11cda7abf5b8e563cb148db2302793bcd2e2
sub-39,S1,0.765,0.7628598097832942,WBCIC_MI,2,2,72401dd16aaef6798df3e7148a3c11cda7abf5b8e563cb148db2302793bcd2e2
sub-39,S2,0.79,0.7894736842105263,WBCIC_MI,2,2,72401dd16aaef6798df3e7148a3c11cda7abf5b8e563cb148db2302793bcd2e2
sub-40,S0,0.855,0.8545600441335038,WBCIC_MI,2,2,72401dd16aaef6798df3e7148a3c11cda7abf5b8e563cb148db2302793bcd2e2
sub-40,S1,0.745,0.7326413462294565,WBCIC_MI,2,2,72401dd16aaef6798df3e7148a3c11cda7abf5b8e563cb148db2302793bcd2e2
sub-40,S2,0.835,0.8334973132521002,WBCIC_MI,2,2,72401dd16aaef6798df3e7148a3c11cda7abf5b8e563cb148db2302793bcd2e2
sub-43,S0,0.985,0.9849996249906248,WBCIC_MI,2,2,72401dd16aaef6798df3e7148a3c11cda7abf5b8e563cb148db2302793bcd2e2
sub-43,S1,0.975,0.9749993749843746,WBCIC_MI,2,2,72401dd16aaef6798df3e7148a3c11cda7abf5b8e563cb148db2302793bcd2e2
sub-43,S2,0.99,0.9899989998999901,WBCIC_MI,2,2,72401dd16aaef6798df3e7148a3c11cda7abf5b8e563cb148db2302793bcd2e2
sub-46,S0,0.985,0.9849966242404541,WBCIC_MI,2,2,72401dd16aaef6798df3e7148a3c11cda7abf5b8e563cb148db2302793bcd2e2
sub-46,S1,0.9550000000000001,0.9549086900974473,WBCIC_MI,2,2,72401dd16aaef6798df3e7148a3c11cda7abf5b8e563cb148db2302793bcd2e2
sub-46,S2,0.94,0.9397832195905259,WBCIC_MI,2,2,72401dd16aaef6798df3e7148a3c11cda7abf5b8e563cb148db2302793bcd2e2
sub-51,S0,0.69,0.6807743795695603,WBCIC_MI,2,2,72401dd16aaef6798df3e7148a3c11cda7abf5b8e563cb148db2302793bcd2e2
sub-51,S1,0.7749999999999999,0.7678916827852997,WBCIC_MI,2,2,72401dd16aaef6798df3e7148a3c11cda7abf5b8e563cb148db2302793bcd2e2
sub-51,S2,0.79,0.7844827586206897,WBCIC_MI,2,2,72401dd16aaef6798df3e7148a3c11cda7abf5b8e563cb148db2302793bcd2e2
sub-4,S0,0.5549999999999999,0.55311189776807,WBCIC_MI,3,0,9d4e6a2babb8d1b0febca64f5944319c3612f2c442c3580084d43f33c600f614
sub-4,S1,0.55,0.5471014492753623,WBCIC_MI,3,0,9d4e6a2babb8d1b0febca64f5944319c3612f2c442c3580084d43f33c600f614
sub-4,S2,0.675,0.6749268585431722,WBCIC_MI,3,0,9d4e6a2babb8d1b0febca64f5944319c3612f2c442c3580084d43f33c600f614
sub-8,S0,0.875,0.8749968749218731,WBCIC_MI,3,0,9d4e6a2babb8d1b0febca64f5944319c3612f2c442c3580084d43f33c600f614
sub-8,S1,0.905,0.9049786201895427,WBCIC_MI,3,0,9d4e6a2babb8d1b0febca64f5944319c3612f2c442c3580084d43f33c600f614
sub-8,S2,0.945,0.9449986249656241,WBCIC_MI,3,0,9d4e6a2babb8d1b0febca64f5944319c3612f2c442c3580084d43f33c600f614
sub-10,S0,0.645,0.6439228666716819,WBCIC_MI,3,0,9d4e6a2babb8d1b0febca64f5944319c3612f2c442c3580084d43f33c600f614
sub-10,S1,0.7,0.6940024479804161,WBCIC_MI,3,0,9d4e6a2babb8d1b0febca64f5944319c3612f2c442c3580084d43f33c600f614
sub-10,S2,0.84,0.8399359743897559,WBCIC_MI,3,0,9d4e6a2babb8d1b0febca64f5944319c3612f2c442c3580084d43f33c600f614
sub-15,S0,0.79,0.7896634615384616,WBCIC_MI,3,0,9d4e6a2babb8d1b0febca64f5944319c3612f2c442c3580084d43f33c600f614
sub-15,S1,0.705,0.7003174603174602,WBCIC_MI,3,0,9d4e6a2babb8d1b0febca64f5944319c3612f2c442c3580084d43f33c600f614
sub-15,S2,0.6950000000000001,0.6949313595559001,WBCIC_MI,3,0,9d4e6a2babb8d1b0febca64f5944319c3612f2c442c3580084d43f33c600f614
sub-20,S0,0.935,0.9349202773397411,WBCIC_MI,3,0,9d4e6a2babb8d1b0febca64f5944319c3612f2c442c3580084d43f33c600f614
sub-20,S1,0.9199999999999999,0.9197994987468672,WBCIC_MI,3,0,9d4e6a2babb8d1b0febca64f5944319c3612f2c442c3580084d43f33c600f614
sub-20,S2,0.53,0.529811924769908,WBCIC_MI,3,0,9d4e6a2babb8d1b0febca64f5944319c3612f2c442c3580084d43f33c600f614
sub-39,S0,0.54,0.5383380168606985,WBCIC_MI,3,0,9d4e6a2babb8d1b0febca64f5944319c3612f2c442c3580084d43f33c600f614
sub-39,S1,0.775,0.7749943748593715,WBCIC_MI,3,0,9d4e6a2babb8d1b0febca64f5944319c3612f2c442c3580084d43f33c600f614
sub-39,S2,0.815,0.8148843026891808,WBCIC_MI,3,0,9d4e6a2babb8d1b0febca64f5944319c3612f2c442c3580084d43f33c600f614
sub-40,S0,0.895,0.8949343339587242,WBCIC_MI,3,0,9d4e6a2babb8d1b0febca64f5944319c3612f2c442c3580084d43f33c600f614
sub-40,S1,0.78,0.77997799779978,WBCIC_MI,3,0,9d4e6a2babb8d1b0febca64f5944319c3612f2c442c3580084d43f33c600f614
sub-40,S2,0.875,0.8749718686704508,WBCIC_MI,3,0,9d4e6a2babb8d1b0febca64f5944319c3612f2c442c3580084d43f33c600f614
sub-43,S0,0.99,0.99,WBCIC_MI,3,0,9d4e6a2babb8d1b0febca64f5944319c3612f2c442c3580084d43f33c600f614
sub-43,S1,0.995,0.9949998749968749,WBCIC_MI,3,0,9d4e6a2babb8d1b0febca64f5944319c3612f2c442c3580084d43f33c600f614
sub-43,S2,1.0,1.0,WBCIC_MI,3,0,9d4e6a2babb8d1b0febca64f5944319c3612f2c442c3580084d43f33c600f614
sub-46,S0,1.0,1.0,WBCIC_MI,3,0,9d4e6a2babb8d1b0febca64f5944319c3612f2c442c3580084d43f33c600f614
sub-46,S1,0.99,0.9899989998999901,WBCIC_MI,3,0,9d4e6a2babb8d1b0febca64f5944319c3612f2c442c3580084d43f33c600f614
sub-46,S2,0.98,0.9799979997999799,WBCIC_MI,3,0,9d4e6a2babb8d1b0febca64f5944319c3612f2c442c3580084d43f33c600f614
sub-51,S0,0.755,0.7517164500519369,WBCIC_MI,3,0,9d4e6a2babb8d1b0febca64f5944319c3612f2c442c3580084d43f33c600f614
sub-51,S1,0.8300000000000001,0.8286117552172598,WBCIC_MI,3,0,9d4e6a2babb8d1b0febca64f5944319c3612f2c442c3580084d43f33c600f614
sub-51,S2,0.8200000000000001,0.8193496587715776,WBCIC_MI,3,0,9d4e6a2babb8d1b0febca64f5944319c3612f2c442c3580084d43f33c600f614
sub-4,S0,0.5449999999999999,0.5430694685044313,WBCIC_MI,3,1,666a05be19cd6dd73e4daa0b0ecc651777cc0b6dff0f6b011d7efb0adf9774a2
sub-4,S1,0.605,0.6049901247531189,WBCIC_MI,3,1,666a05be19cd6dd73e4daa0b0ecc651777cc0b6dff0f6b011d7efb0adf9774a2
sub-4,S2,0.63,0.63,WBCIC_MI,3,1,666a05be19cd6dd73e4daa0b0ecc651777cc0b6dff0f6b011d7efb0adf9774a2
sub-8,S0,0.9299999999999999,0.9299719887955182,WBCIC_MI,3,1,666a05be19cd6dd73e4daa0b0ecc651777cc0b6dff0f6b011d7efb0adf9774a2
sub-8,S1,0.925,0.9249981249531238,WBCIC_MI,3,1,666a05be19cd6dd73e4daa0b0ecc651777cc0b6dff0f6b011d7efb0adf9774a2
sub-8,S2,0.915,0.9149468417761101,WBCIC_MI,3,1,666a05be19cd6dd73e4daa0b0ecc651777cc0b6dff0f6b011d7efb0adf9774a2
sub-10,S0,0.645,0.6447779862414009,WBCIC_MI,3,1,666a05be19cd6dd73e4daa0b0ecc651777cc0b6dff0f6b011d7efb0adf9774a2
sub-10,S1,0.73,0.7277951406391774,WBCIC_MI,3,1,666a05be19cd6dd73e4daa0b0ecc651777cc0b6dff0f6b011d7efb0adf9774a2
sub-10,S2,0.83,0.8299829982998299,WBCIC_MI,3,1,666a05be19cd6dd73e4daa0b0ecc651777cc0b6dff0f6b011d7efb0adf9774a2
sub-15,S0,0.765,0.7647117719206027,WBCIC_MI,3,1,666a05be19cd6dd73e4daa0b0ecc651777cc0b6dff0f6b011d7efb0adf9774a2
sub-15,S1,0.75,0.7474747474747474,WBCIC_MI,3,1,666a05be19cd6dd73e4daa0b0ecc651777cc0b6dff0f6b011d7efb0adf9774a2
sub-15,S2,0.765,0.7647117719206027,WBCIC_MI,3,1,666a05be19cd6dd73e4daa0b0ecc651777cc0b6dff0f6b011d7efb0adf9774a2
sub-20,S0,0.925,0.9248478168290788,WBCIC_MI,3,1,666a05be19cd6dd73e4daa0b0ecc651777cc0b6dff0f6b011d7efb0adf9774a2
sub-20,S1,0.905,0.9048072346501665,WBCIC_MI,3,1,666a05be19cd6dd73e4daa0b0ecc651777cc0b6dff0f6b011d7efb0adf9774a2
sub-20,S2,0.535,0.5349883747093678,WBCIC_MI,3,1,666a05be19cd6dd73e4daa0b0ecc651777cc0b6dff0f6b011d7efb0adf9774a2
sub-39,S0,0.44,0.3923611111111111,WBCIC_MI,3,1,666a05be19cd6dd73e4daa0b0ecc651777cc0b6dff0f6b011d7efb0adf9774a2
sub-39,S1,0.76,0.7570604312177346,WBCIC_MI,3,1,666a05be19cd6dd73e4daa0b0ecc651777cc0b6dff0f6b011d7efb0adf9774a2
sub-39,S2,0.8049999999999999,0.8048780487804879,WBCIC_MI,3,1,666a05be19cd6dd73e4daa0b0ecc651777cc0b6dff0f6b011d7efb0adf9774a2
sub-40,S0,0.865,0.8648344221671547,WBCIC_MI,3,1,666a05be19cd6dd73e4daa0b0ecc651777cc0b6dff0f6b011d7efb0adf9774a2
sub-40,S1,0.735,0.7284766515535746,WBCIC_MI,3,1,666a05be19cd6dd73e4daa0b0ecc651777cc0b6dff0f6b011d7efb0adf9774a2
sub-40,S2,0.865,0.8649966249156229,WBCIC_MI,3,1,666a05be19cd6dd73e4daa0b0ecc651777cc0b6dff0f6b011d7efb0adf9774a2
sub-43,S0,0.99,0.99,WBCIC_MI,3,1,666a05be19cd6dd73e4daa0b0ecc651777cc0b6dff0f6b011d7efb0adf9774a2
sub-43,S1,1.0,1.0,WBCIC_MI,3,1,666a05be19cd6dd73e4daa0b0ecc651777cc0b6dff0f6b011d7efb0adf9774a2
sub-43,S2,0.985,0.9849966242404541,WBCIC_MI,3,1,666a05be19cd6dd73e4daa0b0ecc651777cc0b6dff0f6b011d7efb0adf9774a2
sub-46,S0,1.0,1.0,WBCIC_MI,3,1,666a05be19cd6dd73e4daa0b0ecc651777cc0b6dff0f6b011d7efb0adf9774a2
sub-46,S1,0.99,0.9899989998999901,WBCIC_MI,3,1,666a05be19cd6dd73e4daa0b0ecc651777cc0b6dff0f6b011d7efb0adf9774a2
sub-46,S2,0.98,0.9799979997999799,WBCIC_MI,3,1,666a05be19cd6dd73e4daa0b0ecc651777cc0b6dff0f6b011d7efb0adf9774a2
sub-51,S0,0.775,0.7701677775224086,WBCIC_MI,3,1,666a05be19cd6dd73e4daa0b0ecc651777cc0b6dff0f6b011d7efb0adf9774a2
sub-51,S1,0.8200000000000001,0.8177953234133009,WBCIC_MI,3,1,666a05be19cd6dd73e4daa0b0ecc651777cc0b6dff0f6b011d7efb0adf9774a2
sub-51,S2,0.7949999999999999,0.7935080959935534,WBCIC_MI,3,1,666a05be19cd6dd73e4daa0b0ecc651777cc0b6dff0f6b011d7efb0adf9774a2
sub-4,S0,0.6100000000000001,0.6090225563909775,WBCIC_MI,3,2,e028620de5b6e58efd46c75ac60b5da66a86c89a29ca87ee8971a7d787d82e0f
sub-4,S1,0.5800000000000001,0.5793269230769231,WBCIC_MI,3,2,e028620de5b6e58efd46c75ac60b5da66a86c89a29ca87ee8971a7d787d82e0f
sub-4,S2,0.685,0.6843608306821314,WBCIC_MI,3,2,e028620de5b6e58efd46c75ac60b5da66a86c89a29ca87ee8971a7d787d82e0f
sub-8,S0,0.865,0.8649696181640869,WBCIC_MI,3,2,e028620de5b6e58efd46c75ac60b5da66a86c89a29ca87ee8971a7d787d82e0f
sub-8,S1,0.915,0.9149808706959066,WBCIC_MI,3,2,e028620de5b6e58efd46c75ac60b5da66a86c89a29ca87ee8971a7d787d82e0f
sub-8,S2,0.9299999999999999,0.9299719887955182,WBCIC_MI,3,2,e028620de5b6e58efd46c75ac60b5da66a86c89a29ca87ee8971a7d787d82e0f
sub-10,S0,0.615,0.6142187930559382,WBCIC_MI,3,2,e028620de5b6e58efd46c75ac60b5da66a86c89a29ca87ee8971a7d787d82e0f
sub-10,S1,0.7050000000000001,0.6967438513530878,WBCIC_MI,3,2,e028620de5b6e58efd46c75ac60b5da66a86c89a29ca87ee8971a7d787d82e0f
sub-10,S2,0.81,0.8096955128205128,WBCIC_MI,3,2,e028620de5b6e58efd46c75ac60b5da66a86c89a29ca87ee8971a7d787d82e0f
sub-15,S0,0.745,0.7442262845106447,WBCIC_MI,3,2,e028620de5b6e58efd46c75ac60b5da66a86c89a29ca87ee8971a7d787d82e0f
sub-15,S1,0.69,0.6884735202492211,WBCIC_MI,3,2,e028620de5b6e58efd46c75ac60b5da66a86c89a29ca87ee8971a7d787d82e0f
sub-15,S2,0.73,0.7282608695652174,WBCIC_MI,3,2,e028620de5b6e58efd46c75ac60b5da66a86c89a29ca87ee8971a7d787d82e0f
sub-20,S0,0.935,0.934959349593496,WBCIC_MI,3,2,e028620de5b6e58efd46c75ac60b5da66a86c89a29ca87ee8971a7d787d82e0f
sub-20,S1,0.9199999999999999,0.9198717948717949,WBCIC_MI,3,2,e028620de5b6e58efd46c75ac60b5da66a86c89a29ca87ee8971a7d787d82e0f
sub-20,S2,0.44999999999999996,0.4419642857142857,WBCIC_MI,3,2,e028620de5b6e58efd46c75ac60b5da66a86c89a29ca87ee8971a7d787d82e0f
sub-39,S0,0.555,0.5479365079365079,WBCIC_MI,3,2,e028620de5b6e58efd46c75ac60b5da66a86c89a29ca87ee8971a7d787d82e0f
sub-39,S1,0.76,0.7597838054248824,WBCIC_MI,3,2,e028620de5b6e58efd46c75ac60b5da66a86c89a29ca87ee8971a7d787d82e0f
sub-39,S2,0.845,0.8449030644152595,WBCIC_MI,3,2,e028620de5b6e58efd46c75ac60b5da66a86c89a29ca87ee8971a7d787d82e0f
sub-40,S0,0.83,0.8299829982998299,WBCIC_MI,3,2,e028620de5b6e58efd46c75ac60b5da66a86c89a29ca87ee8971a7d787d82e0f
sub-40,S1,0.745,0.7395234811920631,WBCIC_MI,3,2,e028620de5b6e58efd46c75ac60b5da66a86c89a29ca87ee8971a7d787d82e0f
sub-40,S2,0.86,0.859873886497848,WBCIC_MI,3,2,e028620de5b6e58efd46c75ac60b5da66a86c89a29ca87ee8971a7d787d82e0f
sub-43,S0,0.99,0.99,WBCIC_MI,3,2,e028620de5b6e58efd46c75ac60b5da66a86c89a29ca87ee8971a7d787d82e0f
sub-43,S1,0.99,0.99,WBCIC_MI,3,2,e028620de5b6e58efd46c75ac60b5da66a86c89a29ca87ee8971a7d787d82e0f
sub-43,S2,0.995,0.9949998749968749,WBCIC_MI,3,2,e028620de5b6e58efd46c75ac60b5da66a86c89a29ca87ee8971a7d787d82e0f
sub-46,S0,1.0,1.0,WBCIC_MI,3,2,e028620de5b6e58efd46c75ac60b5da66a86c89a29ca87ee8971a7d787d82e0f
sub-46,S1,0.995,0.9949998749968749,WBCIC_MI,3,2,e028620de5b6e58efd46c75ac60b5da66a86c89a29ca87ee8971a7d787d82e0f
sub-46,S2,0.975,0.9749843652282677,WBCIC_MI,3,2,e028620de5b6e58efd46c75ac60b5da66a86c89a29ca87ee8971a7d787d82e0f
sub-51,S0,0.76,0.7552019583843329,WBCIC_MI,3,2,e028620de5b6e58efd46c75ac60b5da66a86c89a29ca87ee8971a7d787d82e0f
sub-51,S1,0.8600000000000001,0.8593106220480353,WBCIC_MI,3,2,e028620de5b6e58efd46c75ac60b5da66a86c89a29ca87ee8971a7d787d82e0f
sub-51,S2,0.815,0.8148843026891808,WBCIC_MI,3,2,e028620de5b6e58efd46c75ac60b5da66a86c89a29ca87ee8971a7d787d82e0f
sub-4,S0,0.565,0.5649891247281182,WBCIC_MI,4,0,e9cce7a3ca4470c9727670a3135261acc7fa07a811d48ba5a7b74c44442b0807
sub-4,S1,0.5549999999999999,0.552482715273413,WBCIC_MI,4,0,e9cce7a3ca4470c9727670a3135261acc7fa07a811d48ba5a7b74c44442b0807
sub-4,S2,0.65,0.6457131288591963,WBCIC_MI,4,0,e9cce7a3ca4470c9727670a3135261acc7fa07a811d48ba5a7b74c44442b0807
sub-8,S0,0.895,0.8948712172411204,WBCIC_MI,4,0,e9cce7a3ca4470c9727670a3135261acc7fa07a811d48ba5a7b74c44442b0807
sub-8,S1,0.9299999999999999,0.9299719887955182,WBCIC_MI,4,0,e9cce7a3ca4470c9727670a3135261acc7fa07a811d48ba5a7b74c44442b0807
sub-8,S2,0.91,0.9099639855942376,WBCIC_MI,4,0,e9cce7a3ca4470c9727670a3135261acc7fa07a811d48ba5a7b74c44442b0807
sub-10,S0,0.595,0.5885714285714285,WBCIC_MI,4,0,e9cce7a3ca4470c9727670a3135261acc7fa07a811d48ba5a7b74c44442b0807
sub-10,S1,0.7050000000000001,0.7017113678303293,WBCIC_MI,4,0,e9cce7a3ca4470c9727670a3135261acc7fa07a811d48ba5a7b74c44442b0807
sub-10,S2,0.8,0.797979797979798,WBCIC_MI,4,0,e9cce7a3ca4470c9727670a3135261acc7fa07a811d48ba5a7b74c44442b0807
sub-15,S0,0.8049999999999999,0.8035808717987459,WBCIC_MI,4,0,e9cce7a3ca4470c9727670a3135261acc7fa07a811d48ba5a7b74c44442b0807
sub-15,S1,0.74,0.7355304648560675,WBCIC_MI,4,0,e9cce7a3ca4470c9727670a3135261acc7fa07a811d48ba5a7b74c44442b0807
sub-15,S2,0.73,0.7290244881573664,WBCIC_MI,4,0,e9cce7a3ca4470c9727670a3135261acc7fa07a811d48ba5a7b74c44442b0807
sub-20,S0,0.96,0.959983993597439,WBCIC_MI,4,0,e9cce7a3ca4470c9727670a3135261acc7fa07a811d48ba5a7b74c44442b0807
sub-20,S1,0.835,0.8331605955661164,WBCIC_MI,4,0,e9cce7a3ca4470c9727670a3135261acc7fa07a811d48ba5a7b74c44442b0807
sub-20,S2,0.53,0.5261619114830124,WBCIC_MI,4,0,e9cce7a3ca4470c9727670a3135261acc7fa07a811d48ba5a7b74c44442b0807
sub-39,S0,0.52,0.4931897370921761,WBCIC_MI,4,0,e9cce7a3ca4470c9727670a3135261acc7fa07a811d48ba5a7b74c44442b0807
sub-39,S1,0.795,0.7949948748718718,WBCIC_MI,4,0,e9cce7a3ca4470c9727670a3135261acc7fa07a811d48ba5a7b74c44442b0807
sub-39,S2,0.895,0.8949973749343734,WBCIC_MI,4,0,e9cce7a3ca4470c9727670a3135261acc7fa07a811d48ba5a7b74c44442b0807
sub-40,S0,0.88,0.8798919027124412,WBCIC_MI,4,0,e9cce7a3ca4470c9727670a3135261acc7fa07a811d48ba5a7b74c44442b0807
sub-40,S1,0.815,0.8149953748843721,WBCIC_MI,4,0,e9cce7a3ca4470c9727670a3135261acc7fa07a811d48ba5a7b74c44442b0807
sub-40,S2,0.9,0.8999099189270343,WBCIC_MI,4,0,e9cce7a3ca4470c9727670a3135261acc7fa07a811d48ba5a7b74c44442b0807
sub-43,S0,1.0,1.0,WBCIC_MI,4,0,e9cce7a3ca4470c9727670a3135261acc7fa07a811d48ba5a7b74c44442b0807
sub-43,S1,1.0,1.0,WBCIC_MI,4,0,e9cce7a3ca4470c9727670a3135261acc7fa07a811d48ba5a7b74c44442b0807
sub-43,S2,0.995,0.9949998749968749,WBCIC_MI,4,0,e9cce7a3ca4470c9727670a3135261acc7fa07a811d48ba5a7b74c44442b0807
sub-46,S0,0.995,0.9949998749968749,WBCIC_MI,4,0,e9cce7a3ca4470c9727670a3135261acc7fa07a811d48ba5a7b74c44442b0807
sub-46,S1,1.0,1.0,WBCIC_MI,4,0,e9cce7a3ca4470c9727670a3135261acc7fa07a811d48ba5a7b74c44442b0807
sub-46,S2,0.975,0.9749943737340903,WBCIC_MI,4,0,e9cce7a3ca4470c9727670a3135261acc7fa07a811d48ba5a7b74c44442b0807
sub-51,S0,0.715,0.7097094548139848,WBCIC_MI,4,0,e9cce7a3ca4470c9727670a3135261acc7fa07a811d48ba5a7b74c44442b0807
sub-51,S1,0.835,0.8331605955661164,WBCIC_MI,4,0,e9cce7a3ca4470c9727670a3135261acc7fa07a811d48ba5a7b74c44442b0807
sub-51,S2,0.775,0.7747240369452579,WBCIC_MI,4,0,e9cce7a3ca4470c9727670a3135261acc7fa07a811d48ba5a7b74c44442b0807
sub-4,S0,0.605,0.5997061133490411,WBCIC_MI,4,1,cd1f57187cf83436ee93017d1fb7c48069436b1d16769e0e9460ce593cc3e0ca
sub-4,S1,0.56,0.5598239295718287,WBCIC_MI,4,1,cd1f57187cf83436ee93017d1fb7c48069436b1d16769e0e9460ce593cc3e0ca
sub-4,S2,0.685,0.684044233807267,WBCIC_MI,4,1,cd1f57187cf83436ee93017d1fb7c48069436b1d16769e0e9460ce593cc3e0ca
sub-8,S0,0.875,0.8749968749218731,WBCIC_MI,4,1,cd1f57187cf83436ee93017d1fb7c48069436b1d16769e0e9460ce593cc3e0ca
sub-8,S1,0.935,0.9349853717086345,WBCIC_MI,4,1,cd1f57187cf83436ee93017d1fb7c48069436b1d16769e0e9460ce593cc3e0ca
sub-8,S2,0.935,0.9349853717086345,WBCIC_MI,4,1,cd1f57187cf83436ee93017d1fb7c48069436b1d16769e0e9460ce593cc3e0ca
sub-10,S0,0.625,0.6249906247656192,WBCIC_MI,4,1,cd1f57187cf83436ee93017d1fb7c48069436b1d16769e0e9460ce593cc3e0ca
sub-10,S1,0.655,0.6366030283080975,WBCIC_MI,4,1,cd1f57187cf83436ee93017d1fb7c48069436b1d16769e0e9460ce593cc3e0ca
sub-10,S2,0.81,0.8098288459613652,WBCIC_MI,4,1,cd1f57187cf83436ee93017d1fb7c48069436b1d16769e0e9460ce593cc3e0ca
sub-15,S0,0.8200000000000001,0.81998199819982,WBCIC_MI,4,1,cd1f57187cf83436ee93017d1fb7c48069436b1d16769e0e9460ce593cc3e0ca
sub-15,S1,0.7649999999999999,0.7642869680784372,WBCIC_MI,4,1,cd1f57187cf83436ee93017d1fb7c48069436b1d16769e0e9460ce593cc3e0ca
sub-15,S2,0.765,0.7618504724987966,WBCIC_MI,4,1,cd1f57187cf83436ee93017d1fb7c48069436b1d16769e0e9460ce593cc3e0ca
sub-20,S0,0.9199999999999999,0.9197109594540345,WBCIC_MI,4,1,cd1f57187cf83436ee93017d1fb7c48069436b1d16769e0e9460ce593cc3e0ca
sub-20,S1,0.885,0.8843494657448145,WBCIC_MI,4,1,cd1f57187cf83436ee93017d1fb7c48069436b1d16769e0e9460ce593cc3e0ca
sub-20,S2,0.52,0.52,WBCIC_MI,4,1,cd1f57187cf83436ee93017d1fb7c48069436b1d16769e0e9460ce593cc3e0ca
sub-39,S0,0.44000000000000006,0.43314100617471407,WBCIC_MI,4,1,cd1f57187cf83436ee93017d1fb7c48069436b1d16769e0e9460ce593cc3e0ca
sub-39,S1,0.775,0.7747240369452579,WBCIC_MI,4,1,cd1f57187cf83436ee93017d1fb7c48069436b1d16769e0e9460ce593cc3e0ca
sub-39,S2,0.835,0.8349628666449951,WBCIC_MI,4,1,cd1f57187cf83436ee93017d1fb7c48069436b1d16769e0e9460ce593cc3e0ca
sub-40,S0,0.875,0.8748466871918099,WBCIC_MI,4,1,cd1f57187cf83436ee93017d1fb7c48069436b1d16769e0e9460ce593cc3e0ca
sub-40,S1,0.75,0.748389694041868,WBCIC_MI,4,1,cd1f57187cf83436ee93017d1fb7c48069436b1d16769e0e9460ce593cc3e0ca
sub-40,S2,0.855,0.8549093183239524,WBCIC_MI,4,1,cd1f57187cf83436ee93017d1fb7c48069436b1d16769e0e9460ce593cc3e0ca
sub-43,S0,0.99,0.99,WBCIC_MI,4,1,cd1f57187cf83436ee93017d1fb7c48069436b1d16769e0e9460ce593cc3e0ca
sub-43,S1,0.995,0.9949998749968749,WBCIC_MI,4,1,cd1f57187cf83436ee93017d1fb7c48069436b1d16769e0e9460ce593cc3e0ca
sub-43,S2,0.99,0.9899989998999901,WBCIC_MI,4,1,cd1f57187cf83436ee93017d1fb7c48069436b1d16769e0e9460ce593cc3e0ca
sub-46,S0,0.995,0.9949998749968749,WBCIC_MI,4,1,cd1f57187cf83436ee93017d1fb7c48069436b1d16769e0e9460ce593cc3e0ca
sub-46,S1,0.995,0.9949998749968749,WBCIC_MI,4,1,cd1f57187cf83436ee93017d1fb7c48069436b1d16769e0e9460ce593cc3e0ca
sub-46,S2,0.97,0.9699879951980792,WBCIC_MI,4,1,cd1f57187cf83436ee93017d1fb7c48069436b1d16769e0e9460ce593cc3e0ca
sub-51,S0,0.74,0.7383252818035426,WBCIC_MI,4,1,cd1f57187cf83436ee93017d1fb7c48069436b1d16769e0e9460ce593cc3e0ca
sub-51,S1,0.8,0.7960016319869441,WBCIC_MI,4,1,cd1f57187cf83436ee93017d1fb7c48069436b1d16769e0e9460ce593cc3e0ca
sub-51,S2,0.77,0.7681217864704104,WBCIC_MI,4,1,cd1f57187cf83436ee93017d1fb7c48069436b1d16769e0e9460ce593cc3e0ca
sub-4,S0,0.615,0.6128221244500314,WBCIC_MI,4,2,890f6248fcc79b2539506850260bd8496568f7b1d296c74aad5c7b7a91d5c1cc
sub-4,S1,0.565,0.5636801324005115,WBCIC_MI,4,2,890f6248fcc79b2539506850260bd8496568f7b1d296c74aad5c7b7a91d5c1cc
sub-4,S2,0.675,0.6749268585431722,WBCIC_MI,4,2,890f6248fcc79b2539506850260bd8496568f7b1d296c74aad5c7b7a91d5c1cc
sub-8,S0,0.92,0.91999199919992,WBCIC_MI,4,2,890f6248fcc79b2539506850260bd8496568f7b1d296c74aad5c7b7a91d5c1cc
sub-8,S1,0.9199999999999999,0.9199279351416274,WBCIC_MI,4,2,890f6248fcc79b2539506850260bd8496568f7b1d296c74aad5c7b7a91d5c1cc
sub-8,S2,0.9199999999999999,0.9199679871948779,WBCIC_MI,4,2,890f6248fcc79b2539506850260bd8496568f7b1d296c74aad5c7b7a91d5c1cc
sub-10,S0,0.64,0.637060187518903,WBCIC_MI,4,2,890f6248fcc79b2539506850260bd8496568f7b1d296c74aad5c7b7a91d5c1cc
sub-10,S1,0.7,0.6948428440646933,WBCIC_MI,4,2,890f6248fcc79b2539506850260bd8496568f7b1d296c74aad5c7b7a91d5c1cc
sub-10,S2,0.79,0.7894736842105263,WBCIC_MI,4,2,890f6248fcc79b2539506850260bd8496568f7b1d296c74aad5c7b7a91d5c1cc
sub-15,S0,0.805,0.804995124878122,WBCIC_MI,4,2,890f6248fcc79b2539506850260bd8496568f7b1d296c74aad5c7b7a91d5c1cc
sub-15,S1,0.7150000000000001,0.7137907659862921,WBCIC_MI,4,2,890f6248fcc79b2539506850260bd8496568f7b1d296c74aad5c7b7a91d5c1cc
sub-15,S2,0.8049999999999999,0.8049561151259033,WBCIC_MI,4,2,890f6248fcc79b2539506850260bd8496568f7b1d296c74aad5c7b7a91d5c1cc
sub-20,S0,0.945,0.9449986249656241,WBCIC_MI,4,2,890f6248fcc79b2539506850260bd8496568f7b1d296c74aad5c7b7a91d5c1cc
sub-20,S1,0.8999999999999999,0.8998397435897436,WBCIC_MI,4,2,890f6248fcc79b2539506850260bd8496568f7b1d296c74aad5c7b7a91d5c1cc
sub-20,S2,0.505,0.49836588888044386,WBCIC_MI,4,2,890f6248fcc79b2539506850260bd8496568f7b1d296c74aad5c7b7a91d5c1cc
sub-39,S0,0.535,0.528767956221023,WBCIC_MI,4,2,890f6248fcc79b2539506850260bd8496568f7b1d296c74aad5c7b7a91d5c1cc
sub-39,S1,0.78,0.77997799779978,WBCIC_MI,4,2,890f6248fcc79b2539506850260bd8496568f7b1d296c74aad5c7b7a91d5c1cc
sub-39,S2,0.84,0.8399359743897559,WBCIC_MI,4,2,890f6248fcc79b2539506850260bd8496568f7b1d296c74aad5c7b7a91d5c1cc
sub-40,S0,0.85,0.8498648783905515,WBCIC_MI,4,2,890f6248fcc79b2539506850260bd8496568f7b1d296c74aad5c7b7a91d5c1cc
sub-40,S1,0.74,0.7395833333333333,WBCIC_MI,4,2,890f6248fcc79b2539506850260bd8496568f7b1d296c74aad5c7b7a91d5c1cc
sub-40,S2,0.845,0.844965117151359,WBCIC_MI,4,2,890f6248fcc79b2539506850260bd8496568f7b1d296c74aad5c7b7a91d5c1cc
sub-43,S0,1.0,1.0,WBCIC_MI,4,2,890f6248fcc79b2539506850260bd8496568f7b1d296c74aad5c7b7a91d5c1cc
sub-43,S1,0.99,0.9899989998999901,WBCIC_MI,4,2,890f6248fcc79b2539506850260bd8496568f7b1d296c74aad5c7b7a91d5c1cc
sub-43,S2,0.99,0.99,WBCIC_MI,4,2,890f6248fcc79b2539506850260bd8496568f7b1d296c74aad5c7b7a91d5c1cc
sub-46,S0,0.995,0.9949998749968749,WBCIC_MI,4,2,890f6248fcc79b2539506850260bd8496568f7b1d296c74aad5c7b7a91d5c1cc
sub-46,S1,0.99,0.9899989998999901,WBCIC_MI,4,2,890f6248fcc79b2539506850260bd8496568f7b1d296c74aad5c7b7a91d5c1cc
sub-46,S2,0.96,0.9599639675708138,WBCIC_MI,4,2,890f6248fcc79b2539506850260bd8496568f7b1d296c74aad5c7b7a91d5c1cc
sub-51,S0,0.765,0.7606376206360927,WBCIC_MI,4,2,890f6248fcc79b2539506850260bd8496568f7b1d296c74aad5c7b7a91d5c1cc
sub-51,S1,0.835,0.8337991992143234,WBCIC_MI,4,2,890f6248fcc79b2539506850260bd8496568f7b1d296c74aad5c7b7a91d5c1cc
sub-51,S2,0.7949999999999999,0.7947485669945684,WBCIC_MI,4,2,890f6248fcc79b2539506850260bd8496568f7b1d296c74aad5c7b7a91d5c1cc
