model,task,fold,seed,status,checkpoint_sha256,basis_sha256,protected_assignment_sha256,split_sha256,interaction_P,interaction_excess,interaction_random,layer_name,subject_id
EEGNet,OpenBMI_MI,0,0,COMPLETE,845b6bcecd6cced7774da1328bd3fd6cd29316376e45d39d878df99ec35391cb,491bcaa14d86e3cc0d475cf1de6cf91577895a07ef9d216fd52a048452c9619d,802526bbe20e98cc8e2d47720b1b2775a2687b4934504db4347b9c162f07f124,726edcc0562bed30af66b54299e416141675ffc545903804ac376c96a62fe068,0.981691300868988,0.08286487147477606,0.898826429394212,temporal_bn,3
EEGNet,OpenBMI_MI,0,0,COMPLETE,845b6bcecd6cced7774da1328bd3fd6cd29316376e45d39d878df99ec35391cb,491bcaa14d86e3cc0d475cf1de6cf91577895a07ef9d216fd52a048452c9619d,802526bbe20e98cc8e2d47720b1b2775a2687b4934504db4347b9c162f07f124,726edcc0562bed30af66b54299e416141675ffc545903804ac376c96a62fe068,0.5525727402418852,0.030508082377200485,0.5220646578646847,temporal_bn,5
EEGNet,OpenBMI_MI,0,0,COMPLETE,845b6bcecd6cced7774da1328bd3fd6cd29316376e45d39d878df99ec35391cb,491bcaa14d86e3cc0d475cf1de6cf91577895a07ef9d216fd52a048452c9619d,802526bbe20e98cc8e2d47720b1b2775a2687b4934504db4347b9c162f07f124,726edcc0562bed30af66b54299e416141675ffc545903804ac376c96a62fe068,0.9538465682417154,0.24458501197426807,0.7092615562674474,temporal_bn,6
EEGNet,OpenBMI_MI,0,0,COMPLETE,845b6bcecd6cced7774da1328bd3fd6cd29316376e45d39d878df99ec35391cb,491bcaa14d86e3cc0d475cf1de6cf91577895a07ef9d216fd52a048452c9619d,802526bbe20e98cc8e2d47720b1b2775a2687b4934504db4347b9c162f07f124,726edcc0562bed30af66b54299e416141675ffc545903804ac376c96a62fe068,1.3548618331551552,-0.44229526395734875,1.797157097112504,temporal_bn,15
EEGNet,OpenBMI_MI,0,0,COMPLETE,845b6bcecd6cced7774da1328bd3fd6cd29316376e45d39d878df99ec35391cb,491bcaa14d86e3cc0d475cf1de6cf91577895a07ef9d216fd52a048452c9619d,802526bbe20e98cc8e2d47720b1b2775a2687b4934504db4347b9c162f07f124,726edcc0562bed30af66b54299e416141675ffc545903804ac376c96a62fe068,0.8589262902969494,0.016203527847028498,0.842722762449921,temporal_bn,32
EEGNet,OpenBMI_MI,0,0,COMPLETE,845b6bcecd6cced7774da1328bd3fd6cd29316376e45d39d878df99ec35391cb,491bcaa14d86e3cc0d475cf1de6cf91577895a07ef9d216fd52a048452c9619d,802526bbe20e98cc8e2d47720b1b2775a2687b4934504db4347b9c162f07f124,726edcc0562bed30af66b54299e416141675ffc545903804ac376c96a62fe068,1.0551166874356568,0.047027222096221566,1.0080894653394352,temporal_bn,33
EEGNet,OpenBMI_MI,0,0,COMPLETE,845b6bcecd6cced7774da1328bd3fd6cd29316376e45d39d878df99ec35391cb,491bcaa14d86e3cc0d475cf1de6cf91577895a07ef9d216fd52a048452c9619d,802526bbe20e98cc8e2d47720b1b2775a2687b4934504db4347b9c162f07f124,726edcc0562bed30af66b54299e416141675ffc545903804ac376c96a62fe068,1.0077237840741873,0.10650008247539522,0.9012237015987921,temporal_bn,38
EEGNet,OpenBMI_MI,0,0,COMPLETE,845b6bcecd6cced7774da1328bd3fd6cd29316376e45d39d878df99ec35391cb,491bcaa14d86e3cc0d475cf1de6cf91577895a07ef9d216fd52a048452c9619d,802526bbe20e98cc8e2d47720b1b2775a2687b4934504db4347b9c162f07f124,726edcc0562bed30af66b54299e416141675ffc545903804ac376c96a62fe068,0.8766499399207532,-0.5431706459444832,1.4198205858652364,temporal_bn,47
EEGNet,OpenBMI_MI,0,0,COMPLETE,845b6bcecd6cced7774da1328bd3fd6cd29316376e45d39d878df99ec35391cb,491bcaa14d86e3cc0d475cf1de6cf91577895a07ef9d216fd52a048452c9619d,802526bbe20e98cc8e2d47720b1b2775a2687b4934504db4347b9c162f07f124,726edcc0562bed30af66b54299e416141675ffc545903804ac376c96a62fe068,0.9423003674019128,0.13523271462217967,0.8070676527797331,spatial_elu_pool1,3
EEGNet,OpenBMI_MI,0,0,COMPLETE,845b6bcecd6cced7774da1328bd3fd6cd29316376e45d39d878df99ec35391cb,491bcaa14d86e3cc0d475cf1de6cf91577895a07ef9d216fd52a048452c9619d,802526bbe20e98cc8e2d47720b1b2775a2687b4934504db4347b9c162f07f124,726edcc0562bed30af66b54299e416141675ffc545903804ac376c96a62fe068,0.5289220865815878,0.05939588111436023,0.46952620546722756,spatial_elu_pool1,5
EEGNet,OpenBMI_MI,0,0,COMPLETE,845b6bcecd6cced7774da1328bd3fd6cd29316376e45d39d878df99ec35391cb,491bcaa14d86e3cc0d475cf1de6cf91577895a07ef9d216fd52a048452c9619d,802526bbe20e98cc8e2d47720b1b2775a2687b4934504db4347b9c162f07f124,726edcc0562bed30af66b54299e416141675ffc545903804ac376c96a62fe068,0.6817182563245296,0.05890991515450883,0.6228083411700208,spatial_elu_pool1,6
EEGNet,OpenBMI_MI,0,0,COMPLETE,845b6bcecd6cced7774da1328bd3fd6cd29316376e45d39d878df99ec35391cb,491bcaa14d86e3cc0d475cf1de6cf91577895a07ef9d216fd52a048452c9619d,802526bbe20e98cc8e2d47720b1b2775a2687b4934504db4347b9c162f07f124,726edcc0562bed30af66b54299e416141675ffc545903804ac376c96a62fe068,0.8506749458611012,-0.15872568884733473,1.0094006347084359,spatial_elu_pool1,15
EEGNet,OpenBMI_MI,0,0,COMPLETE,845b6bcecd6cced7774da1328bd3fd6cd29316376e45d39d878df99ec35391cb,491bcaa14d86e3cc0d475cf1de6cf91577895a07ef9d216fd52a048452c9619d,802526bbe20e98cc8e2d47720b1b2775a2687b4934504db4347b9c162f07f124,726edcc0562bed30af66b54299e416141675ffc545903804ac376c96a62fe068,0.6819721865467727,0.2585254087927387,0.423446777754034,spatial_elu_pool1,32
EEGNet,OpenBMI_MI,0,0,COMPLETE,845b6bcecd6cced7774da1328bd3fd6cd29316376e45d39d878df99ec35391cb,491bcaa14d86e3cc0d475cf1de6cf91577895a07ef9d216fd52a048452c9619d,802526bbe20e98cc8e2d47720b1b2775a2687b4934504db4347b9c162f07f124,726edcc0562bed30af66b54299e416141675ffc545903804ac376c96a62fe068,0.3718762593343854,0.04745207183215827,0.3244241875022271,spatial_elu_pool1,33
EEGNet,OpenBMI_MI,0,0,COMPLETE,845b6bcecd6cced7774da1328bd3fd6cd29316376e45d39d878df99ec35391cb,491bcaa14d86e3cc0d475cf1de6cf91577895a07ef9d216fd52a048452c9619d,802526bbe20e98cc8e2d47720b1b2775a2687b4934504db4347b9c162f07f124,726edcc0562bed30af66b54299e416141675ffc545903804ac376c96a62fe068,0.7845013923943043,0.2422248187246805,0.5422765736696238,spatial_elu_pool1,38
EEGNet,OpenBMI_MI,0,0,COMPLETE,845b6bcecd6cced7774da1328bd3fd6cd29316376e45d39d878df99ec35391cb,491bcaa14d86e3cc0d475cf1de6cf91577895a07ef9d216fd52a048452c9619d,802526bbe20e98cc8e2d47720b1b2775a2687b4934504db4347b9c162f07f124,726edcc0562bed30af66b54299e416141675ffc545903804ac376c96a62fe068,0.5446657106513157,0.058201491567906494,0.48646421908340925,spatial_elu_pool1,47
EEGNet,OpenBMI_MI,0,0,COMPLETE,845b6bcecd6cced7774da1328bd3fd6cd29316376e45d39d878df99ec35391cb,491bcaa14d86e3cc0d475cf1de6cf91577895a07ef9d216fd52a048452c9619d,802526bbe20e98cc8e2d47720b1b2775a2687b4934504db4347b9c162f07f124,726edcc0562bed30af66b54299e416141675ffc545903804ac376c96a62fe068,0.7645652126520872,0.10127579527681518,0.663289417375272,depth_point_elu_pool2,3
EEGNet,OpenBMI_MI,0,0,COMPLETE,845b6bcecd6cced7774da1328bd3fd6cd29316376e45d39d878df99ec35391cb,491bcaa14d86e3cc0d475cf1de6cf91577895a07ef9d216fd52a048452c9619d,802526bbe20e98cc8e2d47720b1b2775a2687b4934504db4347b9c162f07f124,726edcc0562bed30af66b54299e416141675ffc545903804ac376c96a62fe068,0.7605343113100389,0.13744579307842286,0.623088518231616,depth_point_elu_pool2,5
EEGNet,OpenBMI_MI,0,0,COMPLETE,845b6bcecd6cced7774da1328bd3fd6cd29316376e45d39d878df99ec35391cb,491bcaa14d86e3cc0d475cf1de6cf91577895a07ef9d216fd52a048452c9619d,802526bbe20e98cc8e2d47720b1b2775a2687b4934504db4347b9c162f07f124,726edcc0562bed30af66b54299e416141675ffc545903804ac376c96a62fe068,0.6212891861796379,0.1129583617373282,0.5083308244423097,depth_point_elu_pool2,6
EEGNet,OpenBMI_MI,0,0,COMPLETE,845b6bcecd6cced7774da1328bd3fd6cd29316376e45d39d878df99ec35391cb,491bcaa14d86e3cc0d475cf1de6cf91577895a07ef9d216fd52a048452c9619d,802526bbe20e98cc8e2d47720b1b2775a2687b4934504db4347b9c162f07f124,726edcc0562bed30af66b54299e416141675ffc545903804ac376c96a62fe068,0.621098299510777,-0.05311373029260724,0.6742120298033842,depth_point_elu_pool2,15
EEGNet,OpenBMI_MI,0,0,COMPLETE,845b6bcecd6cced7774da1328bd3fd6cd29316376e45d39d878df99ec35391cb,491bcaa14d86e3cc0d475cf1de6cf91577895a07ef9d216fd52a048452c9619d,802526bbe20e98cc8e2d47720b1b2775a2687b4934504db4347b9c162f07f124,726edcc0562bed30af66b54299e416141675ffc545903804ac376c96a62fe068,0.7155499502550811,-0.08822375368526991,0.803773703940351,depth_point_elu_pool2,32
EEGNet,OpenBMI_MI,0,0,COMPLETE,845b6bcecd6cced7774da1328bd3fd6cd29316376e45d39d878df99ec35391cb,491bcaa14d86e3cc0d475cf1de6cf91577895a07ef9d216fd52a048452c9619d,802526bbe20e98cc8e2d47720b1b2775a2687b4934504db4347b9c162f07f124,726edcc0562bed30af66b54299e416141675ffc545903804ac376c96a62fe068,0.5511932676308788,0.01580074447279911,0.5353925231580797,depth_point_elu_pool2,33
EEGNet,OpenBMI_MI,0,0,COMPLETE,845b6bcecd6cced7774da1328bd3fd6cd29316376e45d39d878df99ec35391cb,491bcaa14d86e3cc0d475cf1de6cf91577895a07ef9d216fd52a048452c9619d,802526bbe20e98cc8e2d47720b1b2775a2687b4934504db4347b9c162f07f124,726edcc0562bed30af66b54299e416141675ffc545903804ac376c96a62fe068,0.34637436270713806,0.10723779386640672,0.23913656884073134,depth_point_elu_pool2,38
EEGNet,OpenBMI_MI,0,0,COMPLETE,845b6bcecd6cced7774da1328bd3fd6cd29316376e45d39d878df99ec35391cb,491bcaa14d86e3cc0d475cf1de6cf91577895a07ef9d216fd52a048452c9619d,802526bbe20e98cc8e2d47720b1b2775a2687b4934504db4347b9c162f07f124,726edcc0562bed30af66b54299e416141675ffc545903804ac376c96a62fe068,0.893348066136241,0.3505634031973023,0.5427846629389387,depth_point_elu_pool2,47
EEGNet,OpenBMI_MI,0,0,COMPLETE,845b6bcecd6cced7774da1328bd3fd6cd29316376e45d39d878df99ec35391cb,491bcaa14d86e3cc0d475cf1de6cf91577895a07ef9d216fd52a048452c9619d,802526bbe20e98cc8e2d47720b1b2775a2687b4934504db4347b9c162f07f124,726edcc0562bed30af66b54299e416141675ffc545903804ac376c96a62fe068,8.429369580120749e-08,-4.7388862105535174e-08,1.3168255790674267e-07,embedding_64d,3
EEGNet,OpenBMI_MI,0,0,COMPLETE,845b6bcecd6cced7774da1328bd3fd6cd29316376e45d39d878df99ec35391cb,491bcaa14d86e3cc0d475cf1de6cf91577895a07ef9d216fd52a048452c9619d,802526bbe20e98cc8e2d47720b1b2775a2687b4934504db4347b9c162f07f124,726edcc0562bed30af66b54299e416141675ffc545903804ac376c96a62fe068,1.5870922620564443e-07,1.0210734103233145e-08,1.4849849210241128e-07,embedding_64d,5
EEGNet,OpenBMI_MI,0,0,COMPLETE,845b6bcecd6cced7774da1328bd3fd6cd29316376e45d39d878df99ec35391cb,491bcaa14d86e3cc0d475cf1de6cf91577895a07ef9d216fd52a048452c9619d,802526bbe20e98cc8e2d47720b1b2775a2687b4934504db4347b9c162f07f124,726edcc0562bed30af66b54299e416141675ffc545903804ac376c96a62fe068,2.212709562243731e-07,2.8133025602450347e-08,1.9313793062192275e-07,embedding_64d,6
EEGNet,OpenBMI_MI,0,0,COMPLETE,845b6bcecd6cced7774da1328bd3fd6cd29316376e45d39d878df99ec35391cb,491bcaa14d86e3cc0d475cf1de6cf91577895a07ef9d216fd52a048452c9619d,802526bbe20e98cc8e2d47720b1b2775a2687b4934504db4347b9c162f07f124,726edcc0562bed30af66b54299e416141675ffc545903804ac376c96a62fe068,8.890350605694763e-08,-2.0434636993638125e-08,1.0933814305058576e-07,embedding_64d,15
EEGNet,OpenBMI_MI,0,0,COMPLETE,845b6bcecd6cced7774da1328bd3fd6cd29316376e45d39d878df99ec35391cb,491bcaa14d86e3cc0d475cf1de6cf91577895a07ef9d216fd52a048452c9619d,802526bbe20e98cc8e2d47720b1b2775a2687b4934504db4347b9c162f07f124,726edcc0562bed30af66b54299e416141675ffc545903804ac376c96a62fe068,1.468554229333563e-07,-2.8784979342888472e-08,1.7564040227624477e-07,embedding_64d,32
EEGNet,OpenBMI_MI,0,0,COMPLETE,845b6bcecd6cced7774da1328bd3fd6cd29316376e45d39d878df99ec35391cb,491bcaa14d86e3cc0d475cf1de6cf91577895a07ef9d216fd52a048452c9619d,802526bbe20e98cc8e2d47720b1b2775a2687b4934504db4347b9c162f07f124,726edcc0562bed30af66b54299e416141675ffc545903804ac376c96a62fe068,1.396114366336576e-07,-3.7938747421417673e-08,1.7755018405507528e-07,embedding_64d,33
EEGNet,OpenBMI_MI,0,0,COMPLETE,845b6bcecd6cced7774da1328bd3fd6cd29316376e45d39d878df99ec35391cb,491bcaa14d86e3cc0d475cf1de6cf91577895a07ef9d216fd52a048452c9619d,802526bbe20e98cc8e2d47720b1b2775a2687b4934504db4347b9c162f07f124,726edcc0562bed30af66b54299e416141675ffc545903804ac376c96a62fe068,1.2380636471576167e-07,-9.44352872123132e-09,1.33249893436993e-07,embedding_64d,38
EEGNet,OpenBMI_MI,0,0,COMPLETE,845b6bcecd6cced7774da1328bd3fd6cd29316376e45d39d878df99ec35391cb,491bcaa14d86e3cc0d475cf1de6cf91577895a07ef9d216fd52a048452c9619d,802526bbe20e98cc8e2d47720b1b2775a2687b4934504db4347b9c162f07f124,726edcc0562bed30af66b54299e416141675ffc545903804ac376c96a62fe068,1.231478243823858e-07,6.256174933105824e-09,1.1689164944927998e-07,embedding_64d,47
EEGNet,OpenBMI_MI,1,0,COMPLETE,31ece43171bf5373a32bc0aa46adc23920f1296ad9d59cc83d3f421c9f536afd,4e9a5f99d3d44c50c7afa426812ea07b2eb0df165745405f3c18d2b9a7af261e,6b64f0bbe8ea79323219019d342d5d03389d6ec53188557c5e50586c4928b0b2,726edcc0562bed30af66b54299e416141675ffc545903804ac376c96a62fe068,0.7562912069261074,0.03177378093456351,0.7245174259915439,temporal_bn,2
EEGNet,OpenBMI_MI,1,0,COMPLETE,31ece43171bf5373a32bc0aa46adc23920f1296ad9d59cc83d3f421c9f536afd,4e9a5f99d3d44c50c7afa426812ea07b2eb0df165745405f3c18d2b9a7af261e,6b64f0bbe8ea79323219019d342d5d03389d6ec53188557c5e50586c4928b0b2,726edcc0562bed30af66b54299e416141675ffc545903804ac376c96a62fe068,1.3110415590927005,0.4672690044663613,0.8437725546263392,temporal_bn,14
EEGNet,OpenBMI_MI,1,0,COMPLETE,31ece43171bf5373a32bc0aa46adc23920f1296ad9d59cc83d3f421c9f536afd,4e9a5f99d3d44c50c7afa426812ea07b2eb0df165745405f3c18d2b9a7af261e,6b64f0bbe8ea79323219019d342d5d03389d6ec53188557c5e50586c4928b0b2,726edcc0562bed30af66b54299e416141675ffc545903804ac376c96a62fe068,1.7274968214333057,0.7427360053518441,0.9847608160814616,temporal_bn,26
EEGNet,OpenBMI_MI,1,0,COMPLETE,31ece43171bf5373a32bc0aa46adc23920f1296ad9d59cc83d3f421c9f536afd,4e9a5f99d3d44c50c7afa426812ea07b2eb0df165745405f3c18d2b9a7af261e,6b64f0bbe8ea79323219019d342d5d03389d6ec53188557c5e50586c4928b0b2,726edcc0562bed30af66b54299e416141675ffc545903804ac376c96a62fe068,0.976988899987191,0.2466037728452648,0.7303851271419262,temporal_bn,28
EEGNet,OpenBMI_MI,1,0,COMPLETE,31ece43171bf5373a32bc0aa46adc23920f1296ad9d59cc83d3f421c9f536afd,4e9a5f99d3d44c50c7afa426812ea07b2eb0df165745405f3c18d2b9a7af261e,6b64f0bbe8ea79323219019d342d5d03389d6ec53188557c5e50586c4928b0b2,726edcc0562bed30af66b54299e416141675ffc545903804ac376c96a62fe068,1.3799497671425343,0.2836418381339172,1.096307929008617,temporal_bn,31
EEGNet,OpenBMI_MI,1,0,COMPLETE,31ece43171bf5373a32bc0aa46adc23920f1296ad9d59cc83d3f421c9f536afd,4e9a5f99d3d44c50c7afa426812ea07b2eb0df165745405f3c18d2b9a7af261e,6b64f0bbe8ea79323219019d342d5d03389d6ec53188557c5e50586c4928b0b2,726edcc0562bed30af66b54299e416141675ffc545903804ac376c96a62fe068,0.7396778147667646,0.3059621954288741,0.43371561933789055,temporal_bn,35
EEGNet,OpenBMI_MI,1,0,COMPLETE,31ece43171bf5373a32bc0aa46adc23920f1296ad9d59cc83d3f421c9f536afd,4e9a5f99d3d44c50c7afa426812ea07b2eb0df165745405f3c18d2b9a7af261e,6b64f0bbe8ea79323219019d342d5d03389d6ec53188557c5e50586c4928b0b2,726edcc0562bed30af66b54299e416141675ffc545903804ac376c96a62fe068,0.9237142335623503,0.27571086878801,0.6480033647743403,temporal_bn,40
EEGNet,OpenBMI_MI,1,0,COMPLETE,31ece43171bf5373a32bc0aa46adc23920f1296ad9d59cc83d3f421c9f536afd,4e9a5f99d3d44c50c7afa426812ea07b2eb0df165745405f3c18d2b9a7af261e,6b64f0bbe8ea79323219019d342d5d03389d6ec53188557c5e50586c4928b0b2,726edcc0562bed30af66b54299e416141675ffc545903804ac376c96a62fe068,0.4757315334863961,0.027878826748055863,0.4478527067383402,temporal_bn,43
EEGNet,OpenBMI_MI,1,0,COMPLETE,31ece43171bf5373a32bc0aa46adc23920f1296ad9d59cc83d3f421c9f536afd,4e9a5f99d3d44c50c7afa426812ea07b2eb0df165745405f3c18d2b9a7af261e,6b64f0bbe8ea79323219019d342d5d03389d6ec53188557c5e50586c4928b0b2,726edcc0562bed30af66b54299e416141675ffc545903804ac376c96a62fe068,0.5109492570627481,0.05981079871231487,0.4511384583504332,spatial_elu_pool1,2
EEGNet,OpenBMI_MI,1,0,COMPLETE,31ece43171bf5373a32bc0aa46adc23920f1296ad9d59cc83d3f421c9f536afd,4e9a5f99d3d44c50c7afa426812ea07b2eb0df165745405f3c18d2b9a7af261e,6b64f0bbe8ea79323219019d342d5d03389d6ec53188557c5e50586c4928b0b2,726edcc0562bed30af66b54299e416141675ffc545903804ac376c96a62fe068,0.7264541462063789,0.2358939719885893,0.49056017421778964,spatial_elu_pool1,14
EEGNet,OpenBMI_MI,1,0,COMPLETE,31ece43171bf5373a32bc0aa46adc23920f1296ad9d59cc83d3f421c9f536afd,4e9a5f99d3d44c50c7afa426812ea07b2eb0df165745405f3c18d2b9a7af261e,6b64f0bbe8ea79323219019d342d5d03389d6ec53188557c5e50586c4928b0b2,726edcc0562bed30af66b54299e416141675ffc545903804ac376c96a62fe068,0.8278601597994566,0.2565695172473351,0.5712906425521215,spatial_elu_pool1,26
EEGNet,OpenBMI_MI,1,0,COMPLETE,31ece43171bf5373a32bc0aa46adc23920f1296ad9d59cc83d3f421c9f536afd,4e9a5f99d3d44c50c7afa426812ea07b2eb0df165745405f3c18d2b9a7af261e,6b64f0bbe8ea79323219019d342d5d03389d6ec53188557c5e50586c4928b0b2,726edcc0562bed30af66b54299e416141675ffc545903804ac376c96a62fe068,0.4047135300934315,0.030230439754450333,0.37448309033898114,spatial_elu_pool1,28
EEGNet,OpenBMI_MI,1,0,COMPLETE,31ece43171bf5373a32bc0aa46adc23920f1296ad9d59cc83d3f421c9f536afd,4e9a5f99d3d44c50c7afa426812ea07b2eb0df165745405f3c18d2b9a7af261e,6b64f0bbe8ea79323219019d342d5d03389d6ec53188557c5e50586c4928b0b2,726edcc0562bed30af66b54299e416141675ffc545903804ac376c96a62fe068,0.4490503736305982,0.13987784213293708,0.3091725314976611,spatial_elu_pool1,31
EEGNet,OpenBMI_MI,1,0,COMPLETE,31ece43171bf5373a32bc0aa46adc23920f1296ad9d59cc83d3f421c9f536afd,4e9a5f99d3d44c50c7afa426812ea07b2eb0df165745405f3c18d2b9a7af261e,6b64f0bbe8ea79323219019d342d5d03389d6ec53188557c5e50586c4928b0b2,726edcc0562bed30af66b54299e416141675ffc545903804ac376c96a62fe068,0.9057719549164176,0.06333124437358495,0.8424407105428326,spatial_elu_pool1,35
EEGNet,OpenBMI_MI,1,0,COMPLETE,31ece43171bf5373a32bc0aa46adc23920f1296ad9d59cc83d3f421c9f536afd,4e9a5f99d3d44c50c7afa426812ea07b2eb0df165745405f3c18d2b9a7af261e,6b64f0bbe8ea79323219019d342d5d03389d6ec53188557c5e50586c4928b0b2,726edcc0562bed30af66b54299e416141675ffc545903804ac376c96a62fe068,0.32897988334298134,-0.01800708355688585,0.3469869668998672,spatial_elu_pool1,40
EEGNet,OpenBMI_MI,1,0,COMPLETE,31ece43171bf5373a32bc0aa46adc23920f1296ad9d59cc83d3f421c9f536afd,4e9a5f99d3d44c50c7afa426812ea07b2eb0df165745405f3c18d2b9a7af261e,6b64f0bbe8ea79323219019d342d5d03389d6ec53188557c5e50586c4928b0b2,726edcc0562bed30af66b54299e416141675ffc545903804ac376c96a62fe068,0.4469269039109349,0.13891995661582768,0.30800694729510725,spatial_elu_pool1,43
EEGNet,OpenBMI_MI,1,0,COMPLETE,31ece43171bf5373a32bc0aa46adc23920f1296ad9d59cc83d3f421c9f536afd,4e9a5f99d3d44c50c7afa426812ea07b2eb0df165745405f3c18d2b9a7af261e,6b64f0bbe8ea79323219019d342d5d03389d6ec53188557c5e50586c4928b0b2,726edcc0562bed30af66b54299e416141675ffc545903804ac376c96a62fe068,0.659313814714551,0.10688523940058081,0.5524285753139702,depth_point_elu_pool2,2
EEGNet,OpenBMI_MI,1,0,COMPLETE,31ece43171bf5373a32bc0aa46adc23920f1296ad9d59cc83d3f421c9f536afd,4e9a5f99d3d44c50c7afa426812ea07b2eb0df165745405f3c18d2b9a7af261e,6b64f0bbe8ea79323219019d342d5d03389d6ec53188557c5e50586c4928b0b2,726edcc0562bed30af66b54299e416141675ffc545903804ac376c96a62fe068,0.5494816042482853,0.18244085531627208,0.3670407489320132,depth_point_elu_pool2,14
EEGNet,OpenBMI_MI,1,0,COMPLETE,31ece43171bf5373a32bc0aa46adc23920f1296ad9d59cc83d3f421c9f536afd,4e9a5f99d3d44c50c7afa426812ea07b2eb0df165745405f3c18d2b9a7af261e,6b64f0bbe8ea79323219019d342d5d03389d6ec53188557c5e50586c4928b0b2,726edcc0562bed30af66b54299e416141675ffc545903804ac376c96a62fe068,1.09354904666543,0.22401276630902434,0.8695362803564057,depth_point_elu_pool2,26
EEGNet,OpenBMI_MI,1,0,COMPLETE,31ece43171bf5373a32bc0aa46adc23920f1296ad9d59cc83d3f421c9f536afd,4e9a5f99d3d44c50c7afa426812ea07b2eb0df165745405f3c18d2b9a7af261e,6b64f0bbe8ea79323219019d342d5d03389d6ec53188557c5e50586c4928b0b2,726edcc0562bed30af66b54299e416141675ffc545903804ac376c96a62fe068,0.4881102326326072,-0.059023822730014164,0.5471340553626214,depth_point_elu_pool2,28
EEGNet,OpenBMI_MI,1,0,COMPLETE,31ece43171bf5373a32bc0aa46adc23920f1296ad9d59cc83d3f421c9f536afd,4e9a5f99d3d44c50c7afa426812ea07b2eb0df165745405f3c18d2b9a7af261e,6b64f0bbe8ea79323219019d342d5d03389d6ec53188557c5e50586c4928b0b2,726edcc0562bed30af66b54299e416141675ffc545903804ac376c96a62fe068,0.4303876075427979,0.021187485744449064,0.40920012179834886,depth_point_elu_pool2,31
EEGNet,OpenBMI_MI,1,0,COMPLETE,31ece43171bf5373a32bc0aa46adc23920f1296ad9d59cc83d3f421c9f536afd,4e9a5f99d3d44c50c7afa426812ea07b2eb0df165745405f3c18d2b9a7af261e,6b64f0bbe8ea79323219019d342d5d03389d6ec53188557c5e50586c4928b0b2,726edcc0562bed30af66b54299e416141675ffc545903804ac376c96a62fe068,0.9128944678232074,0.250203454376533,0.6626910134466744,depth_point_elu_pool2,35
EEGNet,OpenBMI_MI,1,0,COMPLETE,31ece43171bf5373a32bc0aa46adc23920f1296ad9d59cc83d3f421c9f536afd,4e9a5f99d3d44c50c7afa426812ea07b2eb0df165745405f3c18d2b9a7af261e,6b64f0bbe8ea79323219019d342d5d03389d6ec53188557c5e50586c4928b0b2,726edcc0562bed30af66b54299e416141675ffc545903804ac376c96a62fe068,0.204637437913334,-0.015003231568098269,0.21964066948143227,depth_point_elu_pool2,40
EEGNet,OpenBMI_MI,1,0,COMPLETE,31ece43171bf5373a32bc0aa46adc23920f1296ad9d59cc83d3f421c9f536afd,4e9a5f99d3d44c50c7afa426812ea07b2eb0df165745405f3c18d2b9a7af261e,6b64f0bbe8ea79323219019d342d5d03389d6ec53188557c5e50586c4928b0b2,726edcc0562bed30af66b54299e416141675ffc545903804ac376c96a62fe068,0.6392292845994234,-0.02426853398066664,0.66349781858009,depth_point_elu_pool2,43
EEGNet,OpenBMI_MI,1,0,COMPLETE,31ece43171bf5373a32bc0aa46adc23920f1296ad9d59cc83d3f421c9f536afd,4e9a5f99d3d44c50c7afa426812ea07b2eb0df165745405f3c18d2b9a7af261e,6b64f0bbe8ea79323219019d342d5d03389d6ec53188557c5e50586c4928b0b2,726edcc0562bed30af66b54299e416141675ffc545903804ac376c96a62fe068,1.4487979083099845e-07,2.1310501082671965e-08,1.2356928974832648e-07,embedding_64d,2
EEGNet,OpenBMI_MI,1,0,COMPLETE,31ece43171bf5373a32bc0aa46adc23920f1296ad9d59cc83d3f421c9f536afd,4e9a5f99d3d44c50c7afa426812ea07b2eb0df165745405f3c18d2b9a7af261e,6b64f0bbe8ea79323219019d342d5d03389d6ec53188557c5e50586c4928b0b2,726edcc0562bed30af66b54299e416141675ffc545903804ac376c96a62fe068,1.3763580120063068e-07,1.841949009984134e-08,1.1921631110078934e-07,embedding_64d,14
EEGNet,OpenBMI_MI,1,0,COMPLETE,31ece43171bf5373a32bc0aa46adc23920f1296ad9d59cc83d3f421c9f536afd,4e9a5f99d3d44c50c7afa426812ea07b2eb0df165745405f3c18d2b9a7af261e,6b64f0bbe8ea79323219019d342d5d03389d6ec53188557c5e50586c4928b0b2,726edcc0562bed30af66b54299e416141675ffc545903804ac376c96a62fe068,1.4751396815171347e-07,-2.5828114171844166e-08,1.7334208232355764e-07,embedding_64d,26
EEGNet,OpenBMI_MI,1,0,COMPLETE,31ece43171bf5373a32bc0aa46adc23920f1296ad9d59cc83d3f421c9f536afd,4e9a5f99d3d44c50c7afa426812ea07b2eb0df165745405f3c18d2b9a7af261e,6b64f0bbe8ea79323219019d342d5d03389d6ec53188557c5e50586c4928b0b2,726edcc0562bed30af66b54299e416141675ffc545903804ac376c96a62fe068,2.8449122835283447e-07,8.392491600894837e-08,2.005663123438861e-07,embedding_64d,28
EEGNet,OpenBMI_MI,1,0,COMPLETE,31ece43171bf5373a32bc0aa46adc23920f1296ad9d59cc83d3f421c9f536afd,4e9a5f99d3d44c50c7afa426812ea07b2eb0df165745405f3c18d2b9a7af261e,6b64f0bbe8ea79323219019d342d5d03389d6ec53188557c5e50586c4928b0b2,726edcc0562bed30af66b54299e416141675ffc545903804ac376c96a62fe068,1.379650709232294e-07,-1.7072766808901014e-08,1.5503783773213042e-07,embedding_64d,31
EEGNet,OpenBMI_MI,1,0,COMPLETE,31ece43171bf5373a32bc0aa46adc23920f1296ad9d59cc83d3f421c9f536afd,4e9a5f99d3d44c50c7afa426812ea07b2eb0df165745405f3c18d2b9a7af261e,6b64f0bbe8ea79323219019d342d5d03389d6ec53188557c5e50586c4928b0b2,726edcc0562bed30af66b54299e416141675ffc545903804ac376c96a62fe068,1.7912410266163192e-07,2.7658744850000866e-10,1.7884751521313191e-07,embedding_64d,35
EEGNet,OpenBMI_MI,1,0,COMPLETE,31ece43171bf5373a32bc0aa46adc23920f1296ad9d59cc83d3f421c9f536afd,4e9a5f99d3d44c50c7afa426812ea07b2eb0df165745405f3c18d2b9a7af261e,6b64f0bbe8ea79323219019d342d5d03389d6ec53188557c5e50586c4928b0b2,726edcc0562bed30af66b54299e416141675ffc545903804ac376c96a62fe068,1.2644054558919038e-07,3.3552852413132222e-09,1.2308526034787716e-07,embedding_64d,40
EEGNet,OpenBMI_MI,1,0,COMPLETE,31ece43171bf5373a32bc0aa46adc23920f1296ad9d59cc83d3f421c9f536afd,4e9a5f99d3d44c50c7afa426812ea07b2eb0df165745405f3c18d2b9a7af261e,6b64f0bbe8ea79323219019d342d5d03389d6ec53188557c5e50586c4928b0b2,726edcc0562bed30af66b54299e416141675ffc545903804ac376c96a62fe068,1.5080669024669646e-07,1.849851479551746e-08,1.32308175451179e-07,embedding_64d,43
EEGNet,OpenBMI_MI,2,0,COMPLETE,e05e706370a70479056262c6acd3d50303eaeedcebb34c25c1975683b5a1b31b,e0aff4bd34fd8374611f34105d88b1a4c8cd02ac0be7b27e7743ccfe4339b697,e6940be75bbe2be6c50f28c1a0669cce25e567d46d20ccb2e8a52e7eb9348ed9,726edcc0562bed30af66b54299e416141675ffc545903804ac376c96a62fe068,0.8415613267570734,0.027633146766747774,0.8139281799903256,temporal_bn,1
EEGNet,OpenBMI_MI,2,0,COMPLETE,e05e706370a70479056262c6acd3d50303eaeedcebb34c25c1975683b5a1b31b,e0aff4bd34fd8374611f34105d88b1a4c8cd02ac0be7b27e7743ccfe4339b697,e6940be75bbe2be6c50f28c1a0669cce25e567d46d20ccb2e8a52e7eb9348ed9,726edcc0562bed30af66b54299e416141675ffc545903804ac376c96a62fe068,0.682997165247798,-0.45980285649799035,1.1428000217457883,temporal_bn,8
EEGNet,OpenBMI_MI,2,0,COMPLETE,e05e706370a70479056262c6acd3d50303eaeedcebb34c25c1975683b5a1b31b,e0aff4bd34fd8374611f34105d88b1a4c8cd02ac0be7b27e7743ccfe4339b697,e6940be75bbe2be6c50f28c1a0669cce25e567d46d20ccb2e8a52e7eb9348ed9,726edcc0562bed30af66b54299e416141675ffc545903804ac376c96a62fe068,1.3506591971963644,-0.07672405006596827,1.4273832472623327,temporal_bn,11
EEGNet,OpenBMI_MI,2,0,COMPLETE,e05e706370a70479056262c6acd3d50303eaeedcebb34c25c1975683b5a1b31b,e0aff4bd34fd8374611f34105d88b1a4c8cd02ac0be7b27e7743ccfe4339b697,e6940be75bbe2be6c50f28c1a0669cce25e567d46d20ccb2e8a52e7eb9348ed9,726edcc0562bed30af66b54299e416141675ffc545903804ac376c96a62fe068,1.3935352936387062,0.4822042832343141,0.9113310104043921,temporal_bn,23
EEGNet,OpenBMI_MI,2,0,COMPLETE,e05e706370a70479056262c6acd3d50303eaeedcebb34c25c1975683b5a1b31b,e0aff4bd34fd8374611f34105d88b1a4c8cd02ac0be7b27e7743ccfe4339b697,e6940be75bbe2be6c50f28c1a0669cce25e567d46d20ccb2e8a52e7eb9348ed9,726edcc0562bed30af66b54299e416141675ffc545903804ac376c96a62fe068,1.2181589119136333,0.09947812904098097,1.1186807828726524,temporal_bn,30
EEGNet,OpenBMI_MI,2,0,COMPLETE,e05e706370a70479056262c6acd3d50303eaeedcebb34c25c1975683b5a1b31b,e0aff4bd34fd8374611f34105d88b1a4c8cd02ac0be7b27e7743ccfe4339b697,e6940be75bbe2be6c50f28c1a0669cce25e567d46d20ccb2e8a52e7eb9348ed9,726edcc0562bed30af66b54299e416141675ffc545903804ac376c96a62fe068,1.4828840363770723,0.3479368183098268,1.1349472180672455,temporal_bn,48
EEGNet,OpenBMI_MI,2,0,COMPLETE,e05e706370a70479056262c6acd3d50303eaeedcebb34c25c1975683b5a1b31b,e0aff4bd34fd8374611f34105d88b1a4c8cd02ac0be7b27e7743ccfe4339b697,e6940be75bbe2be6c50f28c1a0669cce25e567d46d20ccb2e8a52e7eb9348ed9,726edcc0562bed30af66b54299e416141675ffc545903804ac376c96a62fe068,0.7400517461355776,-0.028636210575350596,0.7686879567109282,temporal_bn,50
EEGNet,OpenBMI_MI,2,0,COMPLETE,e05e706370a70479056262c6acd3d50303eaeedcebb34c25c1975683b5a1b31b,e0aff4bd34fd8374611f34105d88b1a4c8cd02ac0be7b27e7743ccfe4339b697,e6940be75bbe2be6c50f28c1a0669cce25e567d46d20ccb2e8a52e7eb9348ed9,726edcc0562bed30af66b54299e416141675ffc545903804ac376c96a62fe068,0.7534914873540401,0.05469543953513489,0.6987960478189053,temporal_bn,52
EEGNet,OpenBMI_MI,2,0,COMPLETE,e05e706370a70479056262c6acd3d50303eaeedcebb34c25c1975683b5a1b31b,e0aff4bd34fd8374611f34105d88b1a4c8cd02ac0be7b27e7743ccfe4339b697,e6940be75bbe2be6c50f28c1a0669cce25e567d46d20ccb2e8a52e7eb9348ed9,726edcc0562bed30af66b54299e416141675ffc545903804ac376c96a62fe068,1.042904945090413,0.29832189134681353,0.7445830537435996,spatial_elu_pool1,1
EEGNet,OpenBMI_MI,2,0,COMPLETE,e05e706370a70479056262c6acd3d50303eaeedcebb34c25c1975683b5a1b31b,e0aff4bd34fd8374611f34105d88b1a4c8cd02ac0be7b27e7743ccfe4339b697,e6940be75bbe2be6c50f28c1a0669cce25e567d46d20ccb2e8a52e7eb9348ed9,726edcc0562bed30af66b54299e416141675ffc545903804ac376c96a62fe068,0.5468596494756639,-0.004773609884432539,0.5516332593600964,spatial_elu_pool1,8
EEGNet,OpenBMI_MI,2,0,COMPLETE,e05e706370a70479056262c6acd3d50303eaeedcebb34c25c1975683b5a1b31b,e0aff4bd34fd8374611f34105d88b1a4c8cd02ac0be7b27e7743ccfe4339b697,e6940be75bbe2be6c50f28c1a0669cce25e567d46d20ccb2e8a52e7eb9348ed9,726edcc0562bed30af66b54299e416141675ffc545903804ac376c96a62fe068,0.7928477528039366,0.3010914448606127,0.4917563079433239,spatial_elu_pool1,11
EEGNet,OpenBMI_MI,2,0,COMPLETE,e05e706370a70479056262c6acd3d50303eaeedcebb34c25c1975683b5a1b31b,e0aff4bd34fd8374611f34105d88b1a4c8cd02ac0be7b27e7743ccfe4339b697,e6940be75bbe2be6c50f28c1a0669cce25e567d46d20ccb2e8a52e7eb9348ed9,726edcc0562bed30af66b54299e416141675ffc545903804ac376c96a62fe068,0.2755850676330738,-0.04915776233618774,0.3247428299692615,spatial_elu_pool1,23
EEGNet,OpenBMI_MI,2,0,COMPLETE,e05e706370a70479056262c6acd3d50303eaeedcebb34c25c1975683b5a1b31b,e0aff4bd34fd8374611f34105d88b1a4c8cd02ac0be7b27e7743ccfe4339b697,e6940be75bbe2be6c50f28c1a0669cce25e567d46d20ccb2e8a52e7eb9348ed9,726edcc0562bed30af66b54299e416141675ffc545903804ac376c96a62fe068,0.46122161485254765,0.02128099790425042,0.4399406169482972,spatial_elu_pool1,30
EEGNet,OpenBMI_MI,2,0,COMPLETE,e05e706370a70479056262c6acd3d50303eaeedcebb34c25c1975683b5a1b31b,e0aff4bd34fd8374611f34105d88b1a4c8cd02ac0be7b27e7743ccfe4339b697,e6940be75bbe2be6c50f28c1a0669cce25e567d46d20ccb2e8a52e7eb9348ed9,726edcc0562bed30af66b54299e416141675ffc545903804ac376c96a62fe068,0.5633077044039965,0.04519793007275441,0.5181097743312421,spatial_elu_pool1,48
EEGNet,OpenBMI_MI,2,0,COMPLETE,e05e706370a70479056262c6acd3d50303eaeedcebb34c25c1975683b5a1b31b,e0aff4bd34fd8374611f34105d88b1a4c8cd02ac0be7b27e7743ccfe4339b697,e6940be75bbe2be6c50f28c1a0669cce25e567d46d20ccb2e8a52e7eb9348ed9,726edcc0562bed30af66b54299e416141675ffc545903804ac376c96a62fe068,0.35214910958893597,0.12966337077526988,0.2224857388136661,spatial_elu_pool1,50
EEGNet,OpenBMI_MI,2,0,COMPLETE,e05e706370a70479056262c6acd3d50303eaeedcebb34c25c1975683b5a1b31b,e0aff4bd34fd8374611f34105d88b1a4c8cd02ac0be7b27e7743ccfe4339b697,e6940be75bbe2be6c50f28c1a0669cce25e567d46d20ccb2e8a52e7eb9348ed9,726edcc0562bed30af66b54299e416141675ffc545903804ac376c96a62fe068,0.3031223164871335,0.012612176200491376,0.2905101402866421,spatial_elu_pool1,52
EEGNet,OpenBMI_MI,2,0,COMPLETE,e05e706370a70479056262c6acd3d50303eaeedcebb34c25c1975683b5a1b31b,e0aff4bd34fd8374611f34105d88b1a4c8cd02ac0be7b27e7743ccfe4339b697,e6940be75bbe2be6c50f28c1a0669cce25e567d46d20ccb2e8a52e7eb9348ed9,726edcc0562bed30af66b54299e416141675ffc545903804ac376c96a62fe068,0.8944255411624908,0.23931225069434736,0.6551132904681435,depth_point_elu_pool2,1
EEGNet,OpenBMI_MI,2,0,COMPLETE,e05e706370a70479056262c6acd3d50303eaeedcebb34c25c1975683b5a1b31b,e0aff4bd34fd8374611f34105d88b1a4c8cd02ac0be7b27e7743ccfe4339b697,e6940be75bbe2be6c50f28c1a0669cce25e567d46d20ccb2e8a52e7eb9348ed9,726edcc0562bed30af66b54299e416141675ffc545903804ac376c96a62fe068,0.394762160256505,0.0020219255356732635,0.39274023472083175,depth_point_elu_pool2,8
EEGNet,OpenBMI_MI,2,0,COMPLETE,e05e706370a70479056262c6acd3d50303eaeedcebb34c25c1975683b5a1b31b,e0aff4bd34fd8374611f34105d88b1a4c8cd02ac0be7b27e7743ccfe4339b697,e6940be75bbe2be6c50f28c1a0669cce25e567d46d20ccb2e8a52e7eb9348ed9,726edcc0562bed30af66b54299e416141675ffc545903804ac376c96a62fe068,0.777706609107554,0.19154269215381647,0.5861639169537375,depth_point_elu_pool2,11
EEGNet,OpenBMI_MI,2,0,COMPLETE,e05e706370a70479056262c6acd3d50303eaeedcebb34c25c1975683b5a1b31b,e0aff4bd34fd8374611f34105d88b1a4c8cd02ac0be7b27e7743ccfe4339b697,e6940be75bbe2be6c50f28c1a0669cce25e567d46d20ccb2e8a52e7eb9348ed9,726edcc0562bed30af66b54299e416141675ffc545903804ac376c96a62fe068,0.4326012674719095,-0.027306210435817768,0.4599074779077273,depth_point_elu_pool2,23
EEGNet,OpenBMI_MI,2,0,COMPLETE,e05e706370a70479056262c6acd3d50303eaeedcebb34c25c1975683b5a1b31b,e0aff4bd34fd8374611f34105d88b1a4c8cd02ac0be7b27e7743ccfe4339b697,e6940be75bbe2be6c50f28c1a0669cce25e567d46d20ccb2e8a52e7eb9348ed9,726edcc0562bed30af66b54299e416141675ffc545903804ac376c96a62fe068,0.4749422427266836,0.1376429019728312,0.33729934075385243,depth_point_elu_pool2,30
EEGNet,OpenBMI_MI,2,0,COMPLETE,e05e706370a70479056262c6acd3d50303eaeedcebb34c25c1975683b5a1b31b,e0aff4bd34fd8374611f34105d88b1a4c8cd02ac0be7b27e7743ccfe4339b697,e6940be75bbe2be6c50f28c1a0669cce25e567d46d20ccb2e8a52e7eb9348ed9,726edcc0562bed30af66b54299e416141675ffc545903804ac376c96a62fe068,0.6865549776703119,0.16159534811911724,0.5249596295511947,depth_point_elu_pool2,48
EEGNet,OpenBMI_MI,2,0,COMPLETE,e05e706370a70479056262c6acd3d50303eaeedcebb34c25c1975683b5a1b31b,e0aff4bd34fd8374611f34105d88b1a4c8cd02ac0be7b27e7743ccfe4339b697,e6940be75bbe2be6c50f28c1a0669cce25e567d46d20ccb2e8a52e7eb9348ed9,726edcc0562bed30af66b54299e416141675ffc545903804ac376c96a62fe068,0.21605941653251648,-0.16839616614168335,0.3844555826741998,depth_point_elu_pool2,50
EEGNet,OpenBMI_MI,2,0,COMPLETE,e05e706370a70479056262c6acd3d50303eaeedcebb34c25c1975683b5a1b31b,e0aff4bd34fd8374611f34105d88b1a4c8cd02ac0be7b27e7743ccfe4339b697,e6940be75bbe2be6c50f28c1a0669cce25e567d46d20ccb2e8a52e7eb9348ed9,726edcc0562bed30af66b54299e416141675ffc545903804ac376c96a62fe068,0.8864036947488785,0.3983679248064436,0.48803576994243486,depth_point_elu_pool2,52
EEGNet,OpenBMI_MI,2,0,COMPLETE,e05e706370a70479056262c6acd3d50303eaeedcebb34c25c1975683b5a1b31b,e0aff4bd34fd8374611f34105d88b1a4c8cd02ac0be7b27e7743ccfe4339b697,e6940be75bbe2be6c50f28c1a0669cce25e567d46d20ccb2e8a52e7eb9348ed9,726edcc0562bed30af66b54299e416141675ffc545903804ac376c96a62fe068,2.206124056769454e-07,5.2551850491799894e-08,1.680605551851455e-07,embedding_64d,1
EEGNet,OpenBMI_MI,2,0,COMPLETE,e05e706370a70479056262c6acd3d50303eaeedcebb34c25c1975683b5a1b31b,e0aff4bd34fd8374611f34105d88b1a4c8cd02ac0be7b27e7743ccfe4339b697,e6940be75bbe2be6c50f28c1a0669cce25e567d46d20ccb2e8a52e7eb9348ed9,726edcc0562bed30af66b54299e416141675ffc545903804ac376c96a62fe068,1.4092852129721223e-07,-8.692797026643728e-10,1.417978009998766e-07,embedding_64d,8
EEGNet,OpenBMI_MI,2,0,COMPLETE,e05e706370a70479056262c6acd3d50303eaeedcebb34c25c1975683b5a1b31b,e0aff4bd34fd8374611f34105d88b1a4c8cd02ac0be7b27e7743ccfe4339b697,e6940be75bbe2be6c50f28c1a0669cce25e567d46d20ccb2e8a52e7eb9348ed9,726edcc0562bed30af66b54299e416141675ffc545903804ac376c96a62fe068,2.3444184371612664e-07,5.236087368964969e-08,1.8208097002647695e-07,embedding_64d,11
EEGNet,OpenBMI_MI,2,0,COMPLETE,e05e706370a70479056262c6acd3d50303eaeedcebb34c25c1975683b5a1b31b,e0aff4bd34fd8374611f34105d88b1a4c8cd02ac0be7b27e7743ccfe4339b697,e6940be75bbe2be6c50f28c1a0669cce25e567d46d20ccb2e8a52e7eb9348ed9,726edcc0562bed30af66b54299e416141675ffc545903804ac376c96a62fe068,1.2907472113354856e-07,7.0398401730287314e-09,1.2203488096051983e-07,embedding_64d,23
EEGNet,OpenBMI_MI,2,0,COMPLETE,e05e706370a70479056262c6acd3d50303eaeedcebb34c25c1975683b5a1b31b,e0aff4bd34fd8374611f34105d88b1a4c8cd02ac0be7b27e7743ccfe4339b697,e6940be75bbe2be6c50f28c1a0669cce25e567d46d20ccb2e8a52e7eb9348ed9,726edcc0562bed30af66b54299e416141675ffc545903804ac376c96a62fe068,1.8702663817649068e-07,5.294698497415584e-09,1.817319396790751e-07,embedding_64d,30
EEGNet,OpenBMI_MI,2,0,COMPLETE,e05e706370a70479056262c6acd3d50303eaeedcebb34c25c1975683b5a1b31b,e0aff4bd34fd8374611f34105d88b1a4c8cd02ac0be7b27e7743ccfe4339b697,e6940be75bbe2be6c50f28c1a0669cce25e567d46d20ccb2e8a52e7eb9348ed9,726edcc0562bed30af66b54299e416141675ffc545903804ac376c96a62fe068,7.9025339161376e-08,-2.671715073510051e-08,1.057424898964765e-07,embedding_64d,48
EEGNet,OpenBMI_MI,2,0,COMPLETE,e05e706370a70479056262c6acd3d50303eaeedcebb34c25c1975683b5a1b31b,e0aff4bd34fd8374611f34105d88b1a4c8cd02ac0be7b27e7743ccfe4339b697,e6940be75bbe2be6c50f28c1a0669cce25e567d46d20ccb2e8a52e7eb9348ed9,726edcc0562bed30af66b54299e416141675ffc545903804ac376c96a62fe068,1.7912410221754271e-07,4.928546974092284e-08,1.2983863247661987e-07,embedding_64d,50
EEGNet,OpenBMI_MI,2,0,COMPLETE,e05e706370a70479056262c6acd3d50303eaeedcebb34c25c1975683b5a1b31b,e0aff4bd34fd8374611f34105d88b1a4c8cd02ac0be7b27e7743ccfe4339b697,e6940be75bbe2be6c50f28c1a0669cce25e567d46d20ccb2e8a52e7eb9348ed9,726edcc0562bed30af66b54299e416141675ffc545903804ac376c96a62fe068,1.646361238449856e-07,1.1801116562848429e-08,1.5283500728213718e-07,embedding_64d,52
EEGNet,OpenBMI_MI,3,0,COMPLETE,bb6d51d2dadc12c03a159b73194845094b24093d251dd44713055016f30b09c8,7b12b4ec68c01cc1ea3577ee4955d925ee19f29a94857743ee9af6011c924683,4ac0159a0f48ef872649e2890646f2a4f2601f1d2c05d741522cfba15d87a42c,726edcc0562bed30af66b54299e416141675ffc545903804ac376c96a62fe068,0.8891838472336531,-0.020839135900896477,0.9100229831345495,temporal_bn,10
EEGNet,OpenBMI_MI,3,0,COMPLETE,bb6d51d2dadc12c03a159b73194845094b24093d251dd44713055016f30b09c8,7b12b4ec68c01cc1ea3577ee4955d925ee19f29a94857743ee9af6011c924683,4ac0159a0f48ef872649e2890646f2a4f2601f1d2c05d741522cfba15d87a42c,726edcc0562bed30af66b54299e416141675ffc545903804ac376c96a62fe068,1.32630673982203,0.15729333194060025,1.1690134078814298,temporal_bn,16
EEGNet,OpenBMI_MI,3,0,COMPLETE,bb6d51d2dadc12c03a159b73194845094b24093d251dd44713055016f30b09c8,7b12b4ec68c01cc1ea3577ee4955d925ee19f29a94857743ee9af6011c924683,4ac0159a0f48ef872649e2890646f2a4f2601f1d2c05d741522cfba15d87a42c,726edcc0562bed30af66b54299e416141675ffc545903804ac376c96a62fe068,0.6252144761383533,-0.08380390856300435,0.7090183847013577,temporal_bn,19
EEGNet,OpenBMI_MI,3,0,COMPLETE,bb6d51d2dadc12c03a159b73194845094b24093d251dd44713055016f30b09c8,7b12b4ec68c01cc1ea3577ee4955d925ee19f29a94857743ee9af6011c924683,4ac0159a0f48ef872649e2890646f2a4f2601f1d2c05d741522cfba15d87a42c,726edcc0562bed30af66b54299e416141675ffc545903804ac376c96a62fe068,1.6060357093811035,-0.0529109802652965,1.6589466896464,temporal_bn,22
EEGNet,OpenBMI_MI,3,0,COMPLETE,bb6d51d2dadc12c03a159b73194845094b24093d251dd44713055016f30b09c8,7b12b4ec68c01cc1ea3577ee4955d925ee19f29a94857743ee9af6011c924683,4ac0159a0f48ef872649e2890646f2a4f2601f1d2c05d741522cfba15d87a42c,726edcc0562bed30af66b54299e416141675ffc545903804ac376c96a62fe068,1.3462288794107735,0.031128913153661397,1.3150999662571121,temporal_bn,27
EEGNet,OpenBMI_MI,3,0,COMPLETE,bb6d51d2dadc12c03a159b73194845094b24093d251dd44713055016f30b09c8,7b12b4ec68c01cc1ea3577ee4955d925ee19f29a94857743ee9af6011c924683,4ac0159a0f48ef872649e2890646f2a4f2601f1d2c05d741522cfba15d87a42c,726edcc0562bed30af66b54299e416141675ffc545903804ac376c96a62fe068,0.3603979628533125,-0.28105650530167625,0.6414544681549887,temporal_bn,34
EEGNet,OpenBMI_MI,3,0,COMPLETE,bb6d51d2dadc12c03a159b73194845094b24093d251dd44713055016f30b09c8,7b12b4ec68c01cc1ea3577ee4955d925ee19f29a94857743ee9af6011c924683,4ac0159a0f48ef872649e2890646f2a4f2601f1d2c05d741522cfba15d87a42c,726edcc0562bed30af66b54299e416141675ffc545903804ac376c96a62fe068,0.9225623030215502,0.25718997449565906,0.6653723285258911,temporal_bn,45
EEGNet,OpenBMI_MI,3,0,COMPLETE,bb6d51d2dadc12c03a159b73194845094b24093d251dd44713055016f30b09c8,7b12b4ec68c01cc1ea3577ee4955d925ee19f29a94857743ee9af6011c924683,4ac0159a0f48ef872649e2890646f2a4f2601f1d2c05d741522cfba15d87a42c,726edcc0562bed30af66b54299e416141675ffc545903804ac376c96a62fe068,0.4995905477553606,-0.10390387310347937,0.60349442085884,temporal_bn,49
EEGNet,OpenBMI_MI,3,0,COMPLETE,bb6d51d2dadc12c03a159b73194845094b24093d251dd44713055016f30b09c8,7b12b4ec68c01cc1ea3577ee4955d925ee19f29a94857743ee9af6011c924683,4ac0159a0f48ef872649e2890646f2a4f2601f1d2c05d741522cfba15d87a42c,726edcc0562bed30af66b54299e416141675ffc545903804ac376c96a62fe068,0.23294632660690695,-0.06942304589747439,0.30236937250438134,spatial_elu_pool1,10
EEGNet,OpenBMI_MI,3,0,COMPLETE,bb6d51d2dadc12c03a159b73194845094b24093d251dd44713055016f30b09c8,7b12b4ec68c01cc1ea3577ee4955d925ee19f29a94857743ee9af6011c924683,4ac0159a0f48ef872649e2890646f2a4f2601f1d2c05d741522cfba15d87a42c,726edcc0562bed30af66b54299e416141675ffc545903804ac376c96a62fe068,0.6314712055027485,-0.05846023079502627,0.6899314362977748,spatial_elu_pool1,16
EEGNet,OpenBMI_MI,3,0,COMPLETE,bb6d51d2dadc12c03a159b73194845094b24093d251dd44713055016f30b09c8,7b12b4ec68c01cc1ea3577ee4955d925ee19f29a94857743ee9af6011c924683,4ac0159a0f48ef872649e2890646f2a4f2601f1d2c05d741522cfba15d87a42c,726edcc0562bed30af66b54299e416141675ffc545903804ac376c96a62fe068,0.3268588362261653,0.056452943072654305,0.270405893153511,spatial_elu_pool1,19
EEGNet,OpenBMI_MI,3,0,COMPLETE,bb6d51d2dadc12c03a159b73194845094b24093d251dd44713055016f30b09c8,7b12b4ec68c01cc1ea3577ee4955d925ee19f29a94857743ee9af6011c924683,4ac0159a0f48ef872649e2890646f2a4f2601f1d2c05d741522cfba15d87a42c,726edcc0562bed30af66b54299e416141675ffc545903804ac376c96a62fe068,0.32481867354363203,-0.14665428873850034,0.47147296228213237,spatial_elu_pool1,22
EEGNet,OpenBMI_MI,3,0,COMPLETE,bb6d51d2dadc12c03a159b73194845094b24093d251dd44713055016f30b09c8,7b12b4ec68c01cc1ea3577ee4955d925ee19f29a94857743ee9af6011c924683,4ac0159a0f48ef872649e2890646f2a4f2601f1d2c05d741522cfba15d87a42c,726edcc0562bed30af66b54299e416141675ffc545903804ac376c96a62fe068,1.167604252928868,-0.03961668874733726,1.2072209416762052,spatial_elu_pool1,27
EEGNet,OpenBMI_MI,3,0,COMPLETE,bb6d51d2dadc12c03a159b73194845094b24093d251dd44713055016f30b09c8,7b12b4ec68c01cc1ea3577ee4955d925ee19f29a94857743ee9af6011c924683,4ac0159a0f48ef872649e2890646f2a4f2601f1d2c05d741522cfba15d87a42c,726edcc0562bed30af66b54299e416141675ffc545903804ac376c96a62fe068,0.8003717649262398,0.08137295660733801,0.7189988083189018,spatial_elu_pool1,34
EEGNet,OpenBMI_MI,3,0,COMPLETE,bb6d51d2dadc12c03a159b73194845094b24093d251dd44713055016f30b09c8,7b12b4ec68c01cc1ea3577ee4955d925ee19f29a94857743ee9af6011c924683,4ac0159a0f48ef872649e2890646f2a4f2601f1d2c05d741522cfba15d87a42c,726edcc0562bed30af66b54299e416141675ffc545903804ac376c96a62fe068,0.12593284074682742,-0.03250192298783078,0.1584347637346582,spatial_elu_pool1,45
EEGNet,OpenBMI_MI,3,0,COMPLETE,bb6d51d2dadc12c03a159b73194845094b24093d251dd44713055016f30b09c8,7b12b4ec68c01cc1ea3577ee4955d925ee19f29a94857743ee9af6011c924683,4ac0159a0f48ef872649e2890646f2a4f2601f1d2c05d741522cfba15d87a42c,726edcc0562bed30af66b54299e416141675ffc545903804ac376c96a62fe068,0.5243041715584695,0.14062570823072745,0.3836784633277421,spatial_elu_pool1,49
EEGNet,OpenBMI_MI,3,0,COMPLETE,bb6d51d2dadc12c03a159b73194845094b24093d251dd44713055016f30b09c8,7b12b4ec68c01cc1ea3577ee4955d925ee19f29a94857743ee9af6011c924683,4ac0159a0f48ef872649e2890646f2a4f2601f1d2c05d741522cfba15d87a42c,726edcc0562bed30af66b54299e416141675ffc545903804ac376c96a62fe068,0.34837315045297146,0.026302985037036708,0.32207016541593475,depth_point_elu_pool2,10
EEGNet,OpenBMI_MI,3,0,COMPLETE,bb6d51d2dadc12c03a159b73194845094b24093d251dd44713055016f30b09c8,7b12b4ec68c01cc1ea3577ee4955d925ee19f29a94857743ee9af6011c924683,4ac0159a0f48ef872649e2890646f2a4f2601f1d2c05d741522cfba15d87a42c,726edcc0562bed30af66b54299e416141675ffc545903804ac376c96a62fe068,0.7749474691227078,0.005526847606233787,0.7694206215164741,depth_point_elu_pool2,16
EEGNet,OpenBMI_MI,3,0,COMPLETE,bb6d51d2dadc12c03a159b73194845094b24093d251dd44713055016f30b09c8,7b12b4ec68c01cc1ea3577ee4955d925ee19f29a94857743ee9af6011c924683,4ac0159a0f48ef872649e2890646f2a4f2601f1d2c05d741522cfba15d87a42c,726edcc0562bed30af66b54299e416141675ffc545903804ac376c96a62fe068,0.28930188552476466,-0.0648426926933462,0.35414457821811085,depth_point_elu_pool2,19
EEGNet,OpenBMI_MI,3,0,COMPLETE,bb6d51d2dadc12c03a159b73194845094b24093d251dd44713055016f30b09c8,7b12b4ec68c01cc1ea3577ee4955d925ee19f29a94857743ee9af6011c924683,4ac0159a0f48ef872649e2890646f2a4f2601f1d2c05d741522cfba15d87a42c,726edcc0562bed30af66b54299e416141675ffc545903804ac376c96a62fe068,0.3455810220912099,-0.15767522265465228,0.5032562447458622,depth_point_elu_pool2,22
EEGNet,OpenBMI_MI,3,0,COMPLETE,bb6d51d2dadc12c03a159b73194845094b24093d251dd44713055016f30b09c8,7b12b4ec68c01cc1ea3577ee4955d925ee19f29a94857743ee9af6011c924683,4ac0159a0f48ef872649e2890646f2a4f2601f1d2c05d741522cfba15d87a42c,726edcc0562bed30af66b54299e416141675ffc545903804ac376c96a62fe068,0.28986801439896226,-0.37663839037908475,0.666506404778047,depth_point_elu_pool2,27
EEGNet,OpenBMI_MI,3,0,COMPLETE,bb6d51d2dadc12c03a159b73194845094b24093d251dd44713055016f30b09c8,7b12b4ec68c01cc1ea3577ee4955d925ee19f29a94857743ee9af6011c924683,4ac0159a0f48ef872649e2890646f2a4f2601f1d2c05d741522cfba15d87a42c,726edcc0562bed30af66b54299e416141675ffc545903804ac376c96a62fe068,0.9480820521712303,0.1872849030756334,0.7607971490955969,depth_point_elu_pool2,34
EEGNet,OpenBMI_MI,3,0,COMPLETE,bb6d51d2dadc12c03a159b73194845094b24093d251dd44713055016f30b09c8,7b12b4ec68c01cc1ea3577ee4955d925ee19f29a94857743ee9af6011c924683,4ac0159a0f48ef872649e2890646f2a4f2601f1d2c05d741522cfba15d87a42c,726edcc0562bed30af66b54299e416141675ffc545903804ac376c96a62fe068,0.21324084838852286,-0.02042060941581439,0.23366145780433725,depth_point_elu_pool2,45
EEGNet,OpenBMI_MI,3,0,COMPLETE,bb6d51d2dadc12c03a159b73194845094b24093d251dd44713055016f30b09c8,7b12b4ec68c01cc1ea3577ee4955d925ee19f29a94857743ee9af6011c924683,4ac0159a0f48ef872649e2890646f2a4f2601f1d2c05d741522cfba15d87a42c,726edcc0562bed30af66b54299e416141675ffc545903804ac376c96a62fe068,0.5827943431213498,0.022687400096474408,0.5601069430248754,depth_point_elu_pool2,49
EEGNet,OpenBMI_MI,3,0,COMPLETE,bb6d51d2dadc12c03a159b73194845094b24093d251dd44713055016f30b09c8,7b12b4ec68c01cc1ea3577ee4955d925ee19f29a94857743ee9af6011c924683,4ac0159a0f48ef872649e2890646f2a4f2601f1d2c05d741522cfba15d87a42c,726edcc0562bed30af66b54299e416141675ffc545903804ac376c96a62fe068,1.4422124539059666e-07,-5.788606439738319e-09,1.5000985183033498e-07,embedding_64d,10
EEGNet,OpenBMI_MI,3,0,COMPLETE,bb6d51d2dadc12c03a159b73194845094b24093d251dd44713055016f30b09c8,7b12b4ec68c01cc1ea3577ee4955d925ee19f29a94857743ee9af6011c924683,4ac0159a0f48ef872649e2890646f2a4f2601f1d2c05d741522cfba15d87a42c,726edcc0562bed30af66b54299e416141675ffc545903804ac376c96a62fe068,1.6529466773107515e-07,-7.054328920730323e-08,2.3583795693837838e-07,embedding_64d,16
EEGNet,OpenBMI_MI,3,0,COMPLETE,bb6d51d2dadc12c03a159b73194845094b24093d251dd44713055016f30b09c8,7b12b4ec68c01cc1ea3577ee4955d925ee19f29a94857743ee9af6011c924683,4ac0159a0f48ef872649e2890646f2a4f2601f1d2c05d741522cfba15d87a42c,726edcc0562bed30af66b54299e416141675ffc545903804ac376c96a62fe068,1.6529466662085213e-07,3.604872320317476e-08,1.2924594341767737e-07,embedding_64d,19
EEGNet,OpenBMI_MI,3,0,COMPLETE,bb6d51d2dadc12c03a159b73194845094b24093d251dd44713055016f30b09c8,7b12b4ec68c01cc1ea3577ee4955d925ee19f29a94857743ee9af6011c924683,4ac0159a0f48ef872649e2890646f2a4f2601f1d2c05d741522cfba15d87a42c,726edcc0562bed30af66b54299e416141675ffc545903804ac376c96a62fe068,2.555152640582037e-07,4.4662485458313294e-08,2.108527785998904e-07,embedding_64d,22
EEGNet,OpenBMI_MI,3,0,COMPLETE,bb6d51d2dadc12c03a159b73194845094b24093d251dd44713055016f30b09c8,7b12b4ec68c01cc1ea3577ee4955d925ee19f29a94857743ee9af6011c924683,4ac0159a0f48ef872649e2890646f2a4f2601f1d2c05d741522cfba15d87a42c,726edcc0562bed30af66b54299e416141675ffc545903804ac376c96a62fe068,1.9163645115227723e-07,1.7658872253356606e-08,1.7397757889892063e-07,embedding_64d,27
EEGNet,OpenBMI_MI,3,0,COMPLETE,bb6d51d2dadc12c03a159b73194845094b24093d251dd44713055016f30b09c8,7b12b4ec68c01cc1ea3577ee4955d925ee19f29a94857743ee9af6011c924683,4ac0159a0f48ef872649e2890646f2a4f2601f1d2c05d741522cfba15d87a42c,726edcc0562bed30af66b54299e416141675ffc545903804ac376c96a62fe068,1.5541650144612618e-07,-3.187355677169997e-09,1.5860385712329617e-07,embedding_64d,34
EEGNet,OpenBMI_MI,3,0,COMPLETE,bb6d51d2dadc12c03a159b73194845094b24093d251dd44713055016f30b09c8,7b12b4ec68c01cc1ea3577ee4955d925ee19f29a94857743ee9af6011c924683,4ac0159a0f48ef872649e2890646f2a4f2601f1d2c05d741522cfba15d87a42c,726edcc0562bed30af66b54299e416141675ffc545903804ac376c96a62fe068,1.1722092052579569e-07,8.679615609574753e-09,1.0854130491622094e-07,embedding_64d,45
EEGNet,OpenBMI_MI,3,0,COMPLETE,bb6d51d2dadc12c03a159b73194845094b24093d251dd44713055016f30b09c8,7b12b4ec68c01cc1ea3577ee4955d925ee19f29a94857743ee9af6011c924683,4ac0159a0f48ef872649e2890646f2a4f2601f1d2c05d741522cfba15d87a42c,726edcc0562bed30af66b54299e416141675ffc545903804ac376c96a62fe068,2.206124096737483e-07,7.277575335584708e-08,1.478366563179012e-07,embedding_64d,49
EEGNet,OpenBMI_MI,4,0,COMPLETE,92f2de1b95d785fd5f801b05625a2b8a9b475cfc3831262a63cf406d5b896462,7e0fc10f2744a762d23a150a96ad7eded63bdbe97189126dccdac1d7d91368f7,d93a98ab5397644b26c763b9dac3e0a94b10bf5b8a7cee60d6dd04f12d133758,726edcc0562bed30af66b54299e416141675ffc545903804ac376c96a62fe068,0.8401299633551389,0.06395262003672542,0.7761773433184135,temporal_bn,7
EEGNet,OpenBMI_MI,4,0,COMPLETE,92f2de1b95d785fd5f801b05625a2b8a9b475cfc3831262a63cf406d5b896462,7e0fc10f2744a762d23a150a96ad7eded63bdbe97189126dccdac1d7d91368f7,d93a98ab5397644b26c763b9dac3e0a94b10bf5b8a7cee60d6dd04f12d133758,726edcc0562bed30af66b54299e416141675ffc545903804ac376c96a62fe068,0.8550463579595089,-0.14963667980569872,1.0046830377652076,temporal_bn,9
EEGNet,OpenBMI_MI,4,0,COMPLETE,92f2de1b95d785fd5f801b05625a2b8a9b475cfc3831262a63cf406d5b896462,7e0fc10f2744a762d23a150a96ad7eded63bdbe97189126dccdac1d7d91368f7,d93a98ab5397644b26c763b9dac3e0a94b10bf5b8a7cee60d6dd04f12d133758,726edcc0562bed30af66b54299e416141675ffc545903804ac376c96a62fe068,1.2740293671377003,0.1725979300947802,1.1014314370429201,temporal_bn,20
EEGNet,OpenBMI_MI,4,0,COMPLETE,92f2de1b95d785fd5f801b05625a2b8a9b475cfc3831262a63cf406d5b896462,7e0fc10f2744a762d23a150a96ad7eded63bdbe97189126dccdac1d7d91368f7,d93a98ab5397644b26c763b9dac3e0a94b10bf5b8a7cee60d6dd04f12d133758,726edcc0562bed30af66b54299e416141675ffc545903804ac376c96a62fe068,0.9166597842704505,0.10523306739938565,0.8114267168710648,temporal_bn,21
EEGNet,OpenBMI_MI,4,0,COMPLETE,92f2de1b95d785fd5f801b05625a2b8a9b475cfc3831262a63cf406d5b896462,7e0fc10f2744a762d23a150a96ad7eded63bdbe97189126dccdac1d7d91368f7,d93a98ab5397644b26c763b9dac3e0a94b10bf5b8a7cee60d6dd04f12d133758,726edcc0562bed30af66b54299e416141675ffc545903804ac376c96a62fe068,0.881354904267937,-0.15032198268301733,1.0316768869509543,temporal_bn,41
EEGNet,OpenBMI_MI,4,0,COMPLETE,92f2de1b95d785fd5f801b05625a2b8a9b475cfc3831262a63cf406d5b896462,7e0fc10f2744a762d23a150a96ad7eded63bdbe97189126dccdac1d7d91368f7,d93a98ab5397644b26c763b9dac3e0a94b10bf5b8a7cee60d6dd04f12d133758,726edcc0562bed30af66b54299e416141675ffc545903804ac376c96a62fe068,1.2908608745783567,0.40828544032148784,0.8825754342568689,temporal_bn,44
EEGNet,OpenBMI_MI,4,0,COMPLETE,92f2de1b95d785fd5f801b05625a2b8a9b475cfc3831262a63cf406d5b896462,7e0fc10f2744a762d23a150a96ad7eded63bdbe97189126dccdac1d7d91368f7,d93a98ab5397644b26c763b9dac3e0a94b10bf5b8a7cee60d6dd04f12d133758,726edcc0562bed30af66b54299e416141675ffc545903804ac376c96a62fe068,0.6803606781177223,-0.3566205123276449,1.0369811904453672,temporal_bn,46
EEGNet,OpenBMI_MI,4,0,COMPLETE,92f2de1b95d785fd5f801b05625a2b8a9b475cfc3831262a63cf406d5b896462,7e0fc10f2744a762d23a150a96ad7eded63bdbe97189126dccdac1d7d91368f7,d93a98ab5397644b26c763b9dac3e0a94b10bf5b8a7cee60d6dd04f12d133758,726edcc0562bed30af66b54299e416141675ffc545903804ac376c96a62fe068,0.6949080936610699,-0.03155867366469467,0.7264667673257645,temporal_bn,53
EEGNet,OpenBMI_MI,4,0,COMPLETE,92f2de1b95d785fd5f801b05625a2b8a9b475cfc3831262a63cf406d5b896462,7e0fc10f2744a762d23a150a96ad7eded63bdbe97189126dccdac1d7d91368f7,d93a98ab5397644b26c763b9dac3e0a94b10bf5b8a7cee60d6dd04f12d133758,726edcc0562bed30af66b54299e416141675ffc545903804ac376c96a62fe068,0.46692051086574793,-0.07271816867330927,0.5396386795390572,spatial_elu_pool1,7
EEGNet,OpenBMI_MI,4,0,COMPLETE,92f2de1b95d785fd5f801b05625a2b8a9b475cfc3831262a63cf406d5b896462,7e0fc10f2744a762d23a150a96ad7eded63bdbe97189126dccdac1d7d91368f7,d93a98ab5397644b26c763b9dac3e0a94b10bf5b8a7cee60d6dd04f12d133758,726edcc0562bed30af66b54299e416141675ffc545903804ac376c96a62fe068,0.58582021901384,0.16649303801394127,0.4193271809998987,spatial_elu_pool1,9
EEGNet,OpenBMI_MI,4,0,COMPLETE,92f2de1b95d785fd5f801b05625a2b8a9b475cfc3831262a63cf406d5b896462,7e0fc10f2744a762d23a150a96ad7eded63bdbe97189126dccdac1d7d91368f7,d93a98ab5397644b26c763b9dac3e0a94b10bf5b8a7cee60d6dd04f12d133758,726edcc0562bed30af66b54299e416141675ffc545903804ac376c96a62fe068,1.0781437415862456,0.3861787081326201,0.6919650334536255,spatial_elu_pool1,20
EEGNet,OpenBMI_MI,4,0,COMPLETE,92f2de1b95d785fd5f801b05625a2b8a9b475cfc3831262a63cf406d5b896462,7e0fc10f2744a762d23a150a96ad7eded63bdbe97189126dccdac1d7d91368f7,d93a98ab5397644b26c763b9dac3e0a94b10bf5b8a7cee60d6dd04f12d133758,726edcc0562bed30af66b54299e416141675ffc545903804ac376c96a62fe068,0.37928240530891344,-0.0011016496898082484,0.3803840549987217,spatial_elu_pool1,21
EEGNet,OpenBMI_MI,4,0,COMPLETE,92f2de1b95d785fd5f801b05625a2b8a9b475cfc3831262a63cf406d5b896462,7e0fc10f2744a762d23a150a96ad7eded63bdbe97189126dccdac1d7d91368f7,d93a98ab5397644b26c763b9dac3e0a94b10bf5b8a7cee60d6dd04f12d133758,726edcc0562bed30af66b54299e416141675ffc545903804ac376c96a62fe068,0.2928031710907817,-0.14388974064464494,0.4366929117354266,spatial_elu_pool1,41
EEGNet,OpenBMI_MI,4,0,COMPLETE,92f2de1b95d785fd5f801b05625a2b8a9b475cfc3831262a63cf406d5b896462,7e0fc10f2744a762d23a150a96ad7eded63bdbe97189126dccdac1d7d91368f7,d93a98ab5397644b26c763b9dac3e0a94b10bf5b8a7cee60d6dd04f12d133758,726edcc0562bed30af66b54299e416141675ffc545903804ac376c96a62fe068,0.20806690206518397,-0.07492543943924829,0.28299234150443225,spatial_elu_pool1,44
EEGNet,OpenBMI_MI,4,0,COMPLETE,92f2de1b95d785fd5f801b05625a2b8a9b475cfc3831262a63cf406d5b896462,7e0fc10f2744a762d23a150a96ad7eded63bdbe97189126dccdac1d7d91368f7,d93a98ab5397644b26c763b9dac3e0a94b10bf5b8a7cee60d6dd04f12d133758,726edcc0562bed30af66b54299e416141675ffc545903804ac376c96a62fe068,0.3593467096798122,0.04008528457756255,0.31926142510224964,spatial_elu_pool1,46
EEGNet,OpenBMI_MI,4,0,COMPLETE,92f2de1b95d785fd5f801b05625a2b8a9b475cfc3831262a63cf406d5b896462,7e0fc10f2744a762d23a150a96ad7eded63bdbe97189126dccdac1d7d91368f7,d93a98ab5397644b26c763b9dac3e0a94b10bf5b8a7cee60d6dd04f12d133758,726edcc0562bed30af66b54299e416141675ffc545903804ac376c96a62fe068,0.755003591068089,0.206168392655527,0.548835198412562,spatial_elu_pool1,53
EEGNet,OpenBMI_MI,4,0,COMPLETE,92f2de1b95d785fd5f801b05625a2b8a9b475cfc3831262a63cf406d5b896462,7e0fc10f2744a762d23a150a96ad7eded63bdbe97189126dccdac1d7d91368f7,d93a98ab5397644b26c763b9dac3e0a94b10bf5b8a7cee60d6dd04f12d133758,726edcc0562bed30af66b54299e416141675ffc545903804ac376c96a62fe068,0.2148372600786388,-0.08763192642975809,0.3024691865083969,depth_point_elu_pool2,7
EEGNet,OpenBMI_MI,4,0,COMPLETE,92f2de1b95d785fd5f801b05625a2b8a9b475cfc3831262a63cf406d5b896462,7e0fc10f2744a762d23a150a96ad7eded63bdbe97189126dccdac1d7d91368f7,d93a98ab5397644b26c763b9dac3e0a94b10bf5b8a7cee60d6dd04f12d133758,726edcc0562bed30af66b54299e416141675ffc545903804ac376c96a62fe068,0.2870347835123539,-0.09850831756120898,0.3855431010735629,depth_point_elu_pool2,9
EEGNet,OpenBMI_MI,4,0,COMPLETE,92f2de1b95d785fd5f801b05625a2b8a9b475cfc3831262a63cf406d5b896462,7e0fc10f2744a762d23a150a96ad7eded63bdbe97189126dccdac1d7d91368f7,d93a98ab5397644b26c763b9dac3e0a94b10bf5b8a7cee60d6dd04f12d133758,726edcc0562bed30af66b54299e416141675ffc545903804ac376c96a62fe068,0.5434881518594921,0.1734486198036393,0.37003953205585277,depth_point_elu_pool2,20
EEGNet,OpenBMI_MI,4,0,COMPLETE,92f2de1b95d785fd5f801b05625a2b8a9b475cfc3831262a63cf406d5b896462,7e0fc10f2744a762d23a150a96ad7eded63bdbe97189126dccdac1d7d91368f7,d93a98ab5397644b26c763b9dac3e0a94b10bf5b8a7cee60d6dd04f12d133758,726edcc0562bed30af66b54299e416141675ffc545903804ac376c96a62fe068,0.4482001682044938,0.05230766818578558,0.39589250001870824,depth_point_elu_pool2,21
EEGNet,OpenBMI_MI,4,0,COMPLETE,92f2de1b95d785fd5f801b05625a2b8a9b475cfc3831262a63cf406d5b896462,7e0fc10f2744a762d23a150a96ad7eded63bdbe97189126dccdac1d7d91368f7,d93a98ab5397644b26c763b9dac3e0a94b10bf5b8a7cee60d6dd04f12d133758,726edcc0562bed30af66b54299e416141675ffc545903804ac376c96a62fe068,0.4026207523420453,0.039687137525470484,0.3629336148165748,depth_point_elu_pool2,41
EEGNet,OpenBMI_MI,4,0,COMPLETE,92f2de1b95d785fd5f801b05625a2b8a9b475cfc3831262a63cf406d5b896462,7e0fc10f2744a762d23a150a96ad7eded63bdbe97189126dccdac1d7d91368f7,d93a98ab5397644b26c763b9dac3e0a94b10bf5b8a7cee60d6dd04f12d133758,726edcc0562bed30af66b54299e416141675ffc545903804ac376c96a62fe068,0.26703073212411255,-0.03524455708524327,0.3022752892093558,depth_point_elu_pool2,44
EEGNet,OpenBMI_MI,4,0,COMPLETE,92f2de1b95d785fd5f801b05625a2b8a9b475cfc3831262a63cf406d5b896462,7e0fc10f2744a762d23a150a96ad7eded63bdbe97189126dccdac1d7d91368f7,d93a98ab5397644b26c763b9dac3e0a94b10bf5b8a7cee60d6dd04f12d133758,726edcc0562bed30af66b54299e416141675ffc545903804ac376c96a62fe068,0.44804592709988356,0.07596823725800278,0.3720776898418808,depth_point_elu_pool2,46
EEGNet,OpenBMI_MI,4,0,COMPLETE,92f2de1b95d785fd5f801b05625a2b8a9b475cfc3831262a63cf406d5b896462,7e0fc10f2744a762d23a150a96ad7eded63bdbe97189126dccdac1d7d91368f7,d93a98ab5397644b26c763b9dac3e0a94b10bf5b8a7cee60d6dd04f12d133758,726edcc0562bed30af66b54299e416141675ffc545903804ac376c96a62fe068,0.7735287938266993,0.08573460111256281,0.6877941927141364,depth_point_elu_pool2,53
EEGNet,OpenBMI_MI,4,0,COMPLETE,92f2de1b95d785fd5f801b05625a2b8a9b475cfc3831262a63cf406d5b896462,7e0fc10f2744a762d23a150a96ad7eded63bdbe97189126dccdac1d7d91368f7,d93a98ab5397644b26c763b9dac3e0a94b10bf5b8a7cee60d6dd04f12d133758,726edcc0562bed30af66b54299e416141675ffc545903804ac376c96a62fe068,9.74645860685186e-08,-3.5963114559667285e-08,1.3342770062818588e-07,embedding_64d,7
EEGNet,OpenBMI_MI,4,0,COMPLETE,92f2de1b95d785fd5f801b05625a2b8a9b475cfc3831262a63cf406d5b896462,7e0fc10f2744a762d23a150a96ad7eded63bdbe97189126dccdac1d7d91368f7,d93a98ab5397644b26c763b9dac3e0a94b10bf5b8a7cee60d6dd04f12d133758,726edcc0562bed30af66b54299e416141675ffc545903804ac376c96a62fe068,1.5146523302256298e-07,3.041816794224771e-08,1.2104706508031528e-07,embedding_64d,9
EEGNet,OpenBMI_MI,4,0,COMPLETE,92f2de1b95d785fd5f801b05625a2b8a9b475cfc3831262a63cf406d5b896462,7e0fc10f2744a762d23a150a96ad7eded63bdbe97189126dccdac1d7d91368f7,d93a98ab5397644b26c763b9dac3e0a94b10bf5b8a7cee60d6dd04f12d133758,726edcc0562bed30af66b54299e416141675ffc545903804ac376c96a62fe068,7.243989497141001e-08,-7.398747501330404e-08,1.4642736998471406e-07,embedding_64d,20
EEGNet,OpenBMI_MI,4,0,COMPLETE,92f2de1b95d785fd5f801b05625a2b8a9b475cfc3831262a63cf406d5b896462,7e0fc10f2744a762d23a150a96ad7eded63bdbe97189126dccdac1d7d91368f7,d93a98ab5397644b26c763b9dac3e0a94b10bf5b8a7cee60d6dd04f12d133758,726edcc0562bed30af66b54299e416141675ffc545903804ac376c96a62fe068,2.3444184549248348e-07,6.385247800499982e-08,1.7058936748748366e-07,embedding_64d,21
EEGNet,OpenBMI_MI,4,0,COMPLETE,92f2de1b95d785fd5f801b05625a2b8a9b475cfc3831262a63cf406d5b896462,7e0fc10f2744a762d23a150a96ad7eded63bdbe97189126dccdac1d7d91368f7,d93a98ab5397644b26c763b9dac3e0a94b10bf5b8a7cee60d6dd04f12d133758,726edcc0562bed30af66b54299e416141675ffc545903804ac376c96a62fe068,1.290747229099054e-07,-4.543956686475778e-09,1.3361867959638118e-07,embedding_64d,41
EEGNet,OpenBMI_MI,4,0,COMPLETE,92f2de1b95d785fd5f801b05625a2b8a9b475cfc3831262a63cf406d5b896462,7e0fc10f2744a762d23a150a96ad7eded63bdbe97189126dccdac1d7d91368f7,d93a98ab5397644b26c763b9dac3e0a94b10bf5b8a7cee60d6dd04f12d133758,726edcc0562bed30af66b54299e416141675ffc545903804ac376c96a62fe068,2.0151461432860174e-07,5.929534461324159e-08,1.4221926971536015e-07,embedding_64d,44
EEGNet,OpenBMI_MI,4,0,COMPLETE,92f2de1b95d785fd5f801b05625a2b8a9b475cfc3831262a63cf406d5b896462,7e0fc10f2744a762d23a150a96ad7eded63bdbe97189126dccdac1d7d91368f7,d93a98ab5397644b26c763b9dac3e0a94b10bf5b8a7cee60d6dd04f12d133758,726edcc0562bed30af66b54299e416141675ffc545903804ac376c96a62fe068,1.2775763402750329e-07,-3.80638572550219e-09,1.3156401975300548e-07,embedding_64d,46
EEGNet,OpenBMI_MI,4,0,COMPLETE,92f2de1b95d785fd5f801b05625a2b8a9b475cfc3831262a63cf406d5b896462,7e0fc10f2744a762d23a150a96ad7eded63bdbe97189126dccdac1d7d91368f7,d93a98ab5397644b26c763b9dac3e0a94b10bf5b8a7cee60d6dd04f12d133758,726edcc0562bed30af66b54299e416141675ffc545903804ac376c96a62fe068,1.8505100696231125e-07,5.5963113581580785e-08,1.2908789338073046e-07,embedding_64d,53
EEGNet,OpenBMI_SSVEP,0,0,COMPLETE,861b3f566bfc00ddb1036072b3d82948ba562540f8d1b67718262b52ab8bbe16,c955c696f5600b9f5399d12078abd373b844b6a85bfb7087b6c8981f481c85fb,5c7eae649945a3a2ce0999ac8984c519b0077299acded6abf3574051c570d0dc,d1ef45b998b0dfe0acaad75dc1eb1b02f571c4314484bbd442ac3d55cd2de5a0,4.557142643878858,0.768716292658743,3.7884263512201146,temporal_bn,3
EEGNet,OpenBMI_SSVEP,0,0,COMPLETE,861b3f566bfc00ddb1036072b3d82948ba562540f8d1b67718262b52ab8bbe16,c955c696f5600b9f5399d12078abd373b844b6a85bfb7087b6c8981f481c85fb,5c7eae649945a3a2ce0999ac8984c519b0077299acded6abf3574051c570d0dc,d1ef45b998b0dfe0acaad75dc1eb1b02f571c4314484bbd442ac3d55cd2de5a0,4.998861941198508,0.8315465317557873,4.167315409442721,temporal_bn,5
EEGNet,OpenBMI_SSVEP,0,0,COMPLETE,861b3f566bfc00ddb1036072b3d82948ba562540f8d1b67718262b52ab8bbe16,c955c696f5600b9f5399d12078abd373b844b6a85bfb7087b6c8981f481c85fb,5c7eae649945a3a2ce0999ac8984c519b0077299acded6abf3574051c570d0dc,d1ef45b998b0dfe0acaad75dc1eb1b02f571c4314484bbd442ac3d55cd2de5a0,4.3026091158390045,0.5789858043706047,3.7236233114684,temporal_bn,6
EEGNet,OpenBMI_SSVEP,0,0,COMPLETE,861b3f566bfc00ddb1036072b3d82948ba562540f8d1b67718262b52ab8bbe16,c955c696f5600b9f5399d12078abd373b844b6a85bfb7087b6c8981f481c85fb,5c7eae649945a3a2ce0999ac8984c519b0077299acded6abf3574051c570d0dc,d1ef45b998b0dfe0acaad75dc1eb1b02f571c4314484bbd442ac3d55cd2de5a0,3.485847797244787,0.7148864455412451,2.770961351703542,temporal_bn,15
EEGNet,OpenBMI_SSVEP,0,0,COMPLETE,861b3f566bfc00ddb1036072b3d82948ba562540f8d1b67718262b52ab8bbe16,c955c696f5600b9f5399d12078abd373b844b6a85bfb7087b6c8981f481c85fb,5c7eae649945a3a2ce0999ac8984c519b0077299acded6abf3574051c570d0dc,d1ef45b998b0dfe0acaad75dc1eb1b02f571c4314484bbd442ac3d55cd2de5a0,4.018881992747386,0.5649295102929073,3.4539524824544787,temporal_bn,32
EEGNet,OpenBMI_SSVEP,0,0,COMPLETE,861b3f566bfc00ddb1036072b3d82948ba562540f8d1b67718262b52ab8bbe16,c955c696f5600b9f5399d12078abd373b844b6a85bfb7087b6c8981f481c85fb,5c7eae649945a3a2ce0999ac8984c519b0077299acded6abf3574051c570d0dc,d1ef45b998b0dfe0acaad75dc1eb1b02f571c4314484bbd442ac3d55cd2de5a0,4.2726761276523275,0.23351458863044794,4.03916153902188,temporal_bn,33
EEGNet,OpenBMI_SSVEP,0,0,COMPLETE,861b3f566bfc00ddb1036072b3d82948ba562540f8d1b67718262b52ab8bbe16,c955c696f5600b9f5399d12078abd373b844b6a85bfb7087b6c8981f481c85fb,5c7eae649945a3a2ce0999ac8984c519b0077299acded6abf3574051c570d0dc,d1ef45b998b0dfe0acaad75dc1eb1b02f571c4314484bbd442ac3d55cd2de5a0,4.529555634905894,0.5000534291658534,4.029502205740041,temporal_bn,38
EEGNet,OpenBMI_SSVEP,0,0,COMPLETE,861b3f566bfc00ddb1036072b3d82948ba562540f8d1b67718262b52ab8bbe16,c955c696f5600b9f5399d12078abd373b844b6a85bfb7087b6c8981f481c85fb,5c7eae649945a3a2ce0999ac8984c519b0077299acded6abf3574051c570d0dc,d1ef45b998b0dfe0acaad75dc1eb1b02f571c4314484bbd442ac3d55cd2de5a0,4.58281393100818,0.4773767843004313,4.105437146707748,temporal_bn,47
EEGNet,OpenBMI_SSVEP,0,0,COMPLETE,861b3f566bfc00ddb1036072b3d82948ba562540f8d1b67718262b52ab8bbe16,c955c696f5600b9f5399d12078abd373b844b6a85bfb7087b6c8981f481c85fb,5c7eae649945a3a2ce0999ac8984c519b0077299acded6abf3574051c570d0dc,d1ef45b998b0dfe0acaad75dc1eb1b02f571c4314484bbd442ac3d55cd2de5a0,3.5638797134160995,0.8175040938693559,2.7463756195467437,spatial_elu_pool1,3
EEGNet,OpenBMI_SSVEP,0,0,COMPLETE,861b3f566bfc00ddb1036072b3d82948ba562540f8d1b67718262b52ab8bbe16,c955c696f5600b9f5399d12078abd373b844b6a85bfb7087b6c8981f481c85fb,5c7eae649945a3a2ce0999ac8984c519b0077299acded6abf3574051c570d0dc,d1ef45b998b0dfe0acaad75dc1eb1b02f571c4314484bbd442ac3d55cd2de5a0,3.839838152130445,1.0362754791113553,2.8035626730190897,spatial_elu_pool1,5
EEGNet,OpenBMI_SSVEP,0,0,COMPLETE,861b3f566bfc00ddb1036072b3d82948ba562540f8d1b67718262b52ab8bbe16,c955c696f5600b9f5399d12078abd373b844b6a85bfb7087b6c8981f481c85fb,5c7eae649945a3a2ce0999ac8984c519b0077299acded6abf3574051c570d0dc,d1ef45b998b0dfe0acaad75dc1eb1b02f571c4314484bbd442ac3d55cd2de5a0,3.3075617539385953,0.8345224511918299,2.4730393027467654,spatial_elu_pool1,6
EEGNet,OpenBMI_SSVEP,0,0,COMPLETE,861b3f566bfc00ddb1036072b3d82948ba562540f8d1b67718262b52ab8bbe16,c955c696f5600b9f5399d12078abd373b844b6a85bfb7087b6c8981f481c85fb,5c7eae649945a3a2ce0999ac8984c519b0077299acded6abf3574051c570d0dc,d1ef45b998b0dfe0acaad75dc1eb1b02f571c4314484bbd442ac3d55cd2de5a0,1.8918175815294187,0.46002983991444757,1.4317877416149711,spatial_elu_pool1,15
EEGNet,OpenBMI_SSVEP,0,0,COMPLETE,861b3f566bfc00ddb1036072b3d82948ba562540f8d1b67718262b52ab8bbe16,c955c696f5600b9f5399d12078abd373b844b6a85bfb7087b6c8981f481c85fb,5c7eae649945a3a2ce0999ac8984c519b0077299acded6abf3574051c570d0dc,d1ef45b998b0dfe0acaad75dc1eb1b02f571c4314484bbd442ac3d55cd2de5a0,2.7782101798802614,0.7243955040482493,2.053814675832012,spatial_elu_pool1,32
EEGNet,OpenBMI_SSVEP,0,0,COMPLETE,861b3f566bfc00ddb1036072b3d82948ba562540f8d1b67718262b52ab8bbe16,c955c696f5600b9f5399d12078abd373b844b6a85bfb7087b6c8981f481c85fb,5c7eae649945a3a2ce0999ac8984c519b0077299acded6abf3574051c570d0dc,d1ef45b998b0dfe0acaad75dc1eb1b02f571c4314484bbd442ac3d55cd2de5a0,2.932044686128696,0.8375463435302173,2.0944983425984787,spatial_elu_pool1,33
EEGNet,OpenBMI_SSVEP,0,0,COMPLETE,861b3f566bfc00ddb1036072b3d82948ba562540f8d1b67718262b52ab8bbe16,c955c696f5600b9f5399d12078abd373b844b6a85bfb7087b6c8981f481c85fb,5c7eae649945a3a2ce0999ac8984c519b0077299acded6abf3574051c570d0dc,d1ef45b998b0dfe0acaad75dc1eb1b02f571c4314484bbd442ac3d55cd2de5a0,2.6879582684487104,0.4733105410984719,2.2146477273502385,spatial_elu_pool1,38
EEGNet,OpenBMI_SSVEP,0,0,COMPLETE,861b3f566bfc00ddb1036072b3d82948ba562540f8d1b67718262b52ab8bbe16,c955c696f5600b9f5399d12078abd373b844b6a85bfb7087b6c8981f481c85fb,5c7eae649945a3a2ce0999ac8984c519b0077299acded6abf3574051c570d0dc,d1ef45b998b0dfe0acaad75dc1eb1b02f571c4314484bbd442ac3d55cd2de5a0,3.562478866428137,0.78120479416335,2.781274072264787,spatial_elu_pool1,47
EEGNet,OpenBMI_SSVEP,0,0,COMPLETE,861b3f566bfc00ddb1036072b3d82948ba562540f8d1b67718262b52ab8bbe16,c955c696f5600b9f5399d12078abd373b844b6a85bfb7087b6c8981f481c85fb,5c7eae649945a3a2ce0999ac8984c519b0077299acded6abf3574051c570d0dc,d1ef45b998b0dfe0acaad75dc1eb1b02f571c4314484bbd442ac3d55cd2de5a0,4.102391855170329,0.911259700889544,3.191132154280785,depth_point_elu_pool2,3
EEGNet,OpenBMI_SSVEP,0,0,COMPLETE,861b3f566bfc00ddb1036072b3d82948ba562540f8d1b67718262b52ab8bbe16,c955c696f5600b9f5399d12078abd373b844b6a85bfb7087b6c8981f481c85fb,5c7eae649945a3a2ce0999ac8984c519b0077299acded6abf3574051c570d0dc,d1ef45b998b0dfe0acaad75dc1eb1b02f571c4314484bbd442ac3d55cd2de5a0,4.257187822833657,1.006743736739736,3.250444086093921,depth_point_elu_pool2,5
EEGNet,OpenBMI_SSVEP,0,0,COMPLETE,861b3f566bfc00ddb1036072b3d82948ba562540f8d1b67718262b52ab8bbe16,c955c696f5600b9f5399d12078abd373b844b6a85bfb7087b6c8981f481c85fb,5c7eae649945a3a2ce0999ac8984c519b0077299acded6abf3574051c570d0dc,d1ef45b998b0dfe0acaad75dc1eb1b02f571c4314484bbd442ac3d55cd2de5a0,3.49602252120773,0.7791145325909987,2.716907988616731,depth_point_elu_pool2,6
EEGNet,OpenBMI_SSVEP,0,0,COMPLETE,861b3f566bfc00ddb1036072b3d82948ba562540f8d1b67718262b52ab8bbe16,c955c696f5600b9f5399d12078abd373b844b6a85bfb7087b6c8981f481c85fb,5c7eae649945a3a2ce0999ac8984c519b0077299acded6abf3574051c570d0dc,d1ef45b998b0dfe0acaad75dc1eb1b02f571c4314484bbd442ac3d55cd2de5a0,1.9783541727811098,0.3499546207173261,1.6283995520637837,depth_point_elu_pool2,15
EEGNet,OpenBMI_SSVEP,0,0,COMPLETE,861b3f566bfc00ddb1036072b3d82948ba562540f8d1b67718262b52ab8bbe16,c955c696f5600b9f5399d12078abd373b844b6a85bfb7087b6c8981f481c85fb,5c7eae649945a3a2ce0999ac8984c519b0077299acded6abf3574051c570d0dc,d1ef45b998b0dfe0acaad75dc1eb1b02f571c4314484bbd442ac3d55cd2de5a0,2.287054944473008,0.12717801713384702,2.159876927339161,depth_point_elu_pool2,32
EEGNet,OpenBMI_SSVEP,0,0,COMPLETE,861b3f566bfc00ddb1036072b3d82948ba562540f8d1b67718262b52ab8bbe16,c955c696f5600b9f5399d12078abd373b844b6a85bfb7087b6c8981f481c85fb,5c7eae649945a3a2ce0999ac8984c519b0077299acded6abf3574051c570d0dc,d1ef45b998b0dfe0acaad75dc1eb1b02f571c4314484bbd442ac3d55cd2de5a0,2.8050058657924333,0.45555506384000166,2.3494508019524316,depth_point_elu_pool2,33
EEGNet,OpenBMI_SSVEP,0,0,COMPLETE,861b3f566bfc00ddb1036072b3d82948ba562540f8d1b67718262b52ab8bbe16,c955c696f5600b9f5399d12078abd373b844b6a85bfb7087b6c8981f481c85fb,5c7eae649945a3a2ce0999ac8984c519b0077299acded6abf3574051c570d0dc,d1ef45b998b0dfe0acaad75dc1eb1b02f571c4314484bbd442ac3d55cd2de5a0,3.5324480844040713,0.6156557592982437,2.9167923251058276,depth_point_elu_pool2,38
EEGNet,OpenBMI_SSVEP,0,0,COMPLETE,861b3f566bfc00ddb1036072b3d82948ba562540f8d1b67718262b52ab8bbe16,c955c696f5600b9f5399d12078abd373b844b6a85bfb7087b6c8981f481c85fb,5c7eae649945a3a2ce0999ac8984c519b0077299acded6abf3574051c570d0dc,d1ef45b998b0dfe0acaad75dc1eb1b02f571c4314484bbd442ac3d55cd2de5a0,2.822053608795007,0.41169662905080884,2.4103569797441984,depth_point_elu_pool2,47
EEGNet,OpenBMI_SSVEP,0,0,COMPLETE,861b3f566bfc00ddb1036072b3d82948ba562540f8d1b67718262b52ab8bbe16,c955c696f5600b9f5399d12078abd373b844b6a85bfb7087b6c8981f481c85fb,5c7eae649945a3a2ce0999ac8984c519b0077299acded6abf3574051c570d0dc,d1ef45b998b0dfe0acaad75dc1eb1b02f571c4314484bbd442ac3d55cd2de5a0,8.046256920006082e-07,3.041025933292482e-08,7.742154326676834e-07,embedding_64d,3
EEGNet,OpenBMI_SSVEP,0,0,COMPLETE,861b3f566bfc00ddb1036072b3d82948ba562540f8d1b67718262b52ab8bbe16,c955c696f5600b9f5399d12078abd373b844b6a85bfb7087b6c8981f481c85fb,5c7eae649945a3a2ce0999ac8984c519b0077299acded6abf3574051c570d0dc,d1ef45b998b0dfe0acaad75dc1eb1b02f571c4314484bbd442ac3d55cd2de5a0,6.965028974311357e-07,4.907622866812121e-08,6.474266687630145e-07,embedding_64d,5
EEGNet,OpenBMI_SSVEP,0,0,COMPLETE,861b3f566bfc00ddb1036072b3d82948ba562540f8d1b67718262b52ab8bbe16,c955c696f5600b9f5399d12078abd373b844b6a85bfb7087b6c8981f481c85fb,5c7eae649945a3a2ce0999ac8984c519b0077299acded6abf3574051c570d0dc,d1ef45b998b0dfe0acaad75dc1eb1b02f571c4314484bbd442ac3d55cd2de5a0,7.583645362056283e-07,4.2674569385632927e-08,7.156899668199953e-07,embedding_64d,6
EEGNet,OpenBMI_SSVEP,0,0,COMPLETE,861b3f566bfc00ddb1036072b3d82948ba562540f8d1b67718262b52ab8bbe16,c955c696f5600b9f5399d12078abd373b844b6a85bfb7087b6c8981f481c85fb,5c7eae649945a3a2ce0999ac8984c519b0077299acded6abf3574051c570d0dc,d1ef45b998b0dfe0acaad75dc1eb1b02f571c4314484bbd442ac3d55cd2de5a0,6.568585525131473e-07,-2.5828521525254496e-08,6.826870740384018e-07,embedding_64d,15
EEGNet,OpenBMI_SSVEP,0,0,COMPLETE,861b3f566bfc00ddb1036072b3d82948ba562540f8d1b67718262b52ab8bbe16,c955c696f5600b9f5399d12078abd373b844b6a85bfb7087b6c8981f481c85fb,5c7eae649945a3a2ce0999ac8984c519b0077299acded6abf3574051c570d0dc,d1ef45b998b0dfe0acaad75dc1eb1b02f571c4314484bbd442ac3d55cd2de5a0,5.970646586028749e-07,-7.458785517000511e-08,6.7165251377288e-07,embedding_64d,32
EEGNet,OpenBMI_SSVEP,0,0,COMPLETE,861b3f566bfc00ddb1036072b3d82948ba562540f8d1b67718262b52ab8bbe16,c955c696f5600b9f5399d12078abd373b844b6a85bfb7087b6c8981f481c85fb,5c7eae649945a3a2ce0999ac8984c519b0077299acded6abf3574051c570d0dc,d1ef45b998b0dfe0acaad75dc1eb1b02f571c4314484bbd442ac3d55cd2de5a0,7.132855627626592e-07,2.297823715598691e-08,6.903073256066723e-07,embedding_64d,33
EEGNet,OpenBMI_SSVEP,0,0,COMPLETE,861b3f566bfc00ddb1036072b3d82948ba562540f8d1b67718262b52ab8bbe16,c955c696f5600b9f5399d12078abd373b844b6a85bfb7087b6c8981f481c85fb,5c7eae649945a3a2ce0999ac8984c519b0077299acded6abf3574051c570d0dc,d1ef45b998b0dfe0acaad75dc1eb1b02f571c4314484bbd442ac3d55cd2de5a0,6.354557771833432e-07,-2.447694202397277e-08,6.59932719207316e-07,embedding_64d,38
EEGNet,OpenBMI_SSVEP,0,0,COMPLETE,861b3f566bfc00ddb1036072b3d82948ba562540f8d1b67718262b52ab8bbe16,c955c696f5600b9f5399d12078abd373b844b6a85bfb7087b6c8981f481c85fb,5c7eae649945a3a2ce0999ac8984c519b0077299acded6abf3574051c570d0dc,d1ef45b998b0dfe0acaad75dc1eb1b02f571c4314484bbd442ac3d55cd2de5a0,7.651000017242874e-07,-1.2152452891027164e-08,7.772524546153145e-07,embedding_64d,47
EEGNet,OpenBMI_SSVEP,1,0,COMPLETE,c52842b9bd3717a4239149aa711cc7c894a28959e1ed897577af14acf1f55f50,4eff8f01e69f1655d2da1eb4a55f251dedae77bf90e4ce8bdb70f25106a089a8,ad6719ed8ca15d5177b27fd490ee213e481a2dd07ddff815083a827ae0ee7fce,d1ef45b998b0dfe0acaad75dc1eb1b02f571c4314484bbd442ac3d55cd2de5a0,4.333128184080124,0.04507799739638951,4.288050186683734,temporal_bn,2
EEGNet,OpenBMI_SSVEP,1,0,COMPLETE,c52842b9bd3717a4239149aa711cc7c894a28959e1ed897577af14acf1f55f50,4eff8f01e69f1655d2da1eb4a55f251dedae77bf90e4ce8bdb70f25106a089a8,ad6719ed8ca15d5177b27fd490ee213e481a2dd07ddff815083a827ae0ee7fce,d1ef45b998b0dfe0acaad75dc1eb1b02f571c4314484bbd442ac3d55cd2de5a0,3.5170972496271133,-0.10650940443699541,3.6236066540641088,temporal_bn,14
EEGNet,OpenBMI_SSVEP,1,0,COMPLETE,c52842b9bd3717a4239149aa711cc7c894a28959e1ed897577af14acf1f55f50,4eff8f01e69f1655d2da1eb4a55f251dedae77bf90e4ce8bdb70f25106a089a8,ad6719ed8ca15d5177b27fd490ee213e481a2dd07ddff815083a827ae0ee7fce,d1ef45b998b0dfe0acaad75dc1eb1b02f571c4314484bbd442ac3d55cd2de5a0,4.264990088840325,0.061113149321948335,4.203876939518377,temporal_bn,26
EEGNet,OpenBMI_SSVEP,1,0,COMPLETE,c52842b9bd3717a4239149aa711cc7c894a28959e1ed897577af14acf1f55f50,4eff8f01e69f1655d2da1eb4a55f251dedae77bf90e4ce8bdb70f25106a089a8,ad6719ed8ca15d5177b27fd490ee213e481a2dd07ddff815083a827ae0ee7fce,d1ef45b998b0dfe0acaad75dc1eb1b02f571c4314484bbd442ac3d55cd2de5a0,3.940461297907556,0.0381017267331476,3.9023595711744083,temporal_bn,28
EEGNet,OpenBMI_SSVEP,1,0,COMPLETE,c52842b9bd3717a4239149aa711cc7c894a28959e1ed897577af14acf1f55f50,4eff8f01e69f1655d2da1eb4a55f251dedae77bf90e4ce8bdb70f25106a089a8,ad6719ed8ca15d5177b27fd490ee213e481a2dd07ddff815083a827ae0ee7fce,d1ef45b998b0dfe0acaad75dc1eb1b02f571c4314484bbd442ac3d55cd2de5a0,3.865605654194951,0.06757164077833355,3.7980340134166175,temporal_bn,31
EEGNet,OpenBMI_SSVEP,1,0,COMPLETE,c52842b9bd3717a4239149aa711cc7c894a28959e1ed897577af14acf1f55f50,4eff8f01e69f1655d2da1eb4a55f251dedae77bf90e4ce8bdb70f25106a089a8,ad6719ed8ca15d5177b27fd490ee213e481a2dd07ddff815083a827ae0ee7fce,d1ef45b998b0dfe0acaad75dc1eb1b02f571c4314484bbd442ac3d55cd2de5a0,2.812846673031648,0.08221342059938852,2.7306332524322596,temporal_bn,35
EEGNet,OpenBMI_SSVEP,1,0,COMPLETE,c52842b9bd3717a4239149aa711cc7c894a28959e1ed897577af14acf1f55f50,4eff8f01e69f1655d2da1eb4a55f251dedae77bf90e4ce8bdb70f25106a089a8,ad6719ed8ca15d5177b27fd490ee213e481a2dd07ddff815083a827ae0ee7fce,d1ef45b998b0dfe0acaad75dc1eb1b02f571c4314484bbd442ac3d55cd2de5a0,3.274153731763363,0.0546968650414299,3.219456866721933,temporal_bn,40
EEGNet,OpenBMI_SSVEP,1,0,COMPLETE,c52842b9bd3717a4239149aa711cc7c894a28959e1ed897577af14acf1f55f50,4eff8f01e69f1655d2da1eb4a55f251dedae77bf90e4ce8bdb70f25106a089a8,ad6719ed8ca15d5177b27fd490ee213e481a2dd07ddff815083a827ae0ee7fce,d1ef45b998b0dfe0acaad75dc1eb1b02f571c4314484bbd442ac3d55cd2de5a0,5.476341443757216,0.31125489995504463,5.165086543802172,temporal_bn,43
EEGNet,OpenBMI_SSVEP,1,0,COMPLETE,c52842b9bd3717a4239149aa711cc7c894a28959e1ed897577af14acf1f55f50,4eff8f01e69f1655d2da1eb4a55f251dedae77bf90e4ce8bdb70f25106a089a8,ad6719ed8ca15d5177b27fd490ee213e481a2dd07ddff815083a827ae0ee7fce,d1ef45b998b0dfe0acaad75dc1eb1b02f571c4314484bbd442ac3d55cd2de5a0,2.8148500757912793,-0.2852135035643979,3.1000635793556772,spatial_elu_pool1,2
EEGNet,OpenBMI_SSVEP,1,0,COMPLETE,c52842b9bd3717a4239149aa711cc7c894a28959e1ed897577af14acf1f55f50,4eff8f01e69f1655d2da1eb4a55f251dedae77bf90e4ce8bdb70f25106a089a8,ad6719ed8ca15d5177b27fd490ee213e481a2dd07ddff815083a827ae0ee7fce,d1ef45b998b0dfe0acaad75dc1eb1b02f571c4314484bbd442ac3d55cd2de5a0,2.265463979293903,0.14496483919210768,2.120499140101795,spatial_elu_pool1,14
EEGNet,OpenBMI_SSVEP,1,0,COMPLETE,c52842b9bd3717a4239149aa711cc7c894a28959e1ed897577af14acf1f55f50,4eff8f01e69f1655d2da1eb4a55f251dedae77bf90e4ce8bdb70f25106a089a8,ad6719ed8ca15d5177b27fd490ee213e481a2dd07ddff815083a827ae0ee7fce,d1ef45b998b0dfe0acaad75dc1eb1b02f571c4314484bbd442ac3d55cd2de5a0,2.423139846573273,-0.21383982789237077,2.636979674465644,spatial_elu_pool1,26
EEGNet,OpenBMI_SSVEP,1,0,COMPLETE,c52842b9bd3717a4239149aa711cc7c894a28959e1ed897577af14acf1f55f50,4eff8f01e69f1655d2da1eb4a55f251dedae77bf90e4ce8bdb70f25106a089a8,ad6719ed8ca15d5177b27fd490ee213e481a2dd07ddff815083a827ae0ee7fce,d1ef45b998b0dfe0acaad75dc1eb1b02f571c4314484bbd442ac3d55cd2de5a0,2.4114133839805922,-0.3697482009821882,2.7811615849627804,spatial_elu_pool1,28
EEGNet,OpenBMI_SSVEP,1,0,COMPLETE,c52842b9bd3717a4239149aa711cc7c894a28959e1ed897577af14acf1f55f50,4eff8f01e69f1655d2da1eb4a55f251dedae77bf90e4ce8bdb70f25106a089a8,ad6719ed8ca15d5177b27fd490ee213e481a2dd07ddff815083a827ae0ee7fce,d1ef45b998b0dfe0acaad75dc1eb1b02f571c4314484bbd442ac3d55cd2de5a0,4.049502618610859,-0.3973464881939188,4.446849106804778,spatial_elu_pool1,31
EEGNet,OpenBMI_SSVEP,1,0,COMPLETE,c52842b9bd3717a4239149aa711cc7c894a28959e1ed897577af14acf1f55f50,4eff8f01e69f1655d2da1eb4a55f251dedae77bf90e4ce8bdb70f25106a089a8,ad6719ed8ca15d5177b27fd490ee213e481a2dd07ddff815083a827ae0ee7fce,d1ef45b998b0dfe0acaad75dc1eb1b02f571c4314484bbd442ac3d55cd2de5a0,2.035380430519581,0.10922230338212136,1.9261581271374595,spatial_elu_pool1,35
EEGNet,OpenBMI_SSVEP,1,0,COMPLETE,c52842b9bd3717a4239149aa711cc7c894a28959e1ed897577af14acf1f55f50,4eff8f01e69f1655d2da1eb4a55f251dedae77bf90e4ce8bdb70f25106a089a8,ad6719ed8ca15d5177b27fd490ee213e481a2dd07ddff815083a827ae0ee7fce,d1ef45b998b0dfe0acaad75dc1eb1b02f571c4314484bbd442ac3d55cd2de5a0,2.3180610351264477,-0.06851458489118745,2.386575620017635,spatial_elu_pool1,40
EEGNet,OpenBMI_SSVEP,1,0,COMPLETE,c52842b9bd3717a4239149aa711cc7c894a28959e1ed897577af14acf1f55f50,4eff8f01e69f1655d2da1eb4a55f251dedae77bf90e4ce8bdb70f25106a089a8,ad6719ed8ca15d5177b27fd490ee213e481a2dd07ddff815083a827ae0ee7fce,d1ef45b998b0dfe0acaad75dc1eb1b02f571c4314484bbd442ac3d55cd2de5a0,4.143694322556257,-0.6939271068138382,4.837621429370095,spatial_elu_pool1,43
EEGNet,OpenBMI_SSVEP,1,0,COMPLETE,c52842b9bd3717a4239149aa711cc7c894a28959e1ed897577af14acf1f55f50,4eff8f01e69f1655d2da1eb4a55f251dedae77bf90e4ce8bdb70f25106a089a8,ad6719ed8ca15d5177b27fd490ee213e481a2dd07ddff815083a827ae0ee7fce,d1ef45b998b0dfe0acaad75dc1eb1b02f571c4314484bbd442ac3d55cd2de5a0,2.1924340062153838,-0.5208272193294632,2.713261225544847,depth_point_elu_pool2,2
EEGNet,OpenBMI_SSVEP,1,0,COMPLETE,c52842b9bd3717a4239149aa711cc7c894a28959e1ed897577af14acf1f55f50,4eff8f01e69f1655d2da1eb4a55f251dedae77bf90e4ce8bdb70f25106a089a8,ad6719ed8ca15d5177b27fd490ee213e481a2dd07ddff815083a827ae0ee7fce,d1ef45b998b0dfe0acaad75dc1eb1b02f571c4314484bbd442ac3d55cd2de5a0,1.6085424087941647,-0.30021633064063913,1.9087587394348038,depth_point_elu_pool2,14
EEGNet,OpenBMI_SSVEP,1,0,COMPLETE,c52842b9bd3717a4239149aa711cc7c894a28959e1ed897577af14acf1f55f50,4eff8f01e69f1655d2da1eb4a55f251dedae77bf90e4ce8bdb70f25106a089a8,ad6719ed8ca15d5177b27fd490ee213e481a2dd07ddff815083a827ae0ee7fce,d1ef45b998b0dfe0acaad75dc1eb1b02f571c4314484bbd442ac3d55cd2de5a0,1.7326183741291363,-0.1623898057158415,1.8950081798449778,depth_point_elu_pool2,26
EEGNet,OpenBMI_SSVEP,1,0,COMPLETE,c52842b9bd3717a4239149aa711cc7c894a28959e1ed897577af14acf1f55f50,4eff8f01e69f1655d2da1eb4a55f251dedae77bf90e4ce8bdb70f25106a089a8,ad6719ed8ca15d5177b27fd490ee213e481a2dd07ddff815083a827ae0ee7fce,d1ef45b998b0dfe0acaad75dc1eb1b02f571c4314484bbd442ac3d55cd2de5a0,2.046705694248279,-0.8967601686467725,2.9434658628950516,depth_point_elu_pool2,28
EEGNet,OpenBMI_SSVEP,1,0,COMPLETE,c52842b9bd3717a4239149aa711cc7c894a28959e1ed897577af14acf1f55f50,4eff8f01e69f1655d2da1eb4a55f251dedae77bf90e4ce8bdb70f25106a089a8,ad6719ed8ca15d5177b27fd490ee213e481a2dd07ddff815083a827ae0ee7fce,d1ef45b998b0dfe0acaad75dc1eb1b02f571c4314484bbd442ac3d55cd2de5a0,4.241195080180963,0.0973237408821781,4.1438713392987845,depth_point_elu_pool2,31
EEGNet,OpenBMI_SSVEP,1,0,COMPLETE,c52842b9bd3717a4239149aa711cc7c894a28959e1ed897577af14acf1f55f50,4eff8f01e69f1655d2da1eb4a55f251dedae77bf90e4ce8bdb70f25106a089a8,ad6719ed8ca15d5177b27fd490ee213e481a2dd07ddff815083a827ae0ee7fce,d1ef45b998b0dfe0acaad75dc1eb1b02f571c4314484bbd442ac3d55cd2de5a0,1.2547116766994197,-0.1732658057194203,1.42797748241884,depth_point_elu_pool2,35
EEGNet,OpenBMI_SSVEP,1,0,COMPLETE,c52842b9bd3717a4239149aa711cc7c894a28959e1ed897577af14acf1f55f50,4eff8f01e69f1655d2da1eb4a55f251dedae77bf90e4ce8bdb70f25106a089a8,ad6719ed8ca15d5177b27fd490ee213e481a2dd07ddff815083a827ae0ee7fce,d1ef45b998b0dfe0acaad75dc1eb1b02f571c4314484bbd442ac3d55cd2de5a0,1.9311314262449741,-0.454246951552729,2.385378377797703,depth_point_elu_pool2,40
EEGNet,OpenBMI_SSVEP,1,0,COMPLETE,c52842b9bd3717a4239149aa711cc7c894a28959e1ed897577af14acf1f55f50,4eff8f01e69f1655d2da1eb4a55f251dedae77bf90e4ce8bdb70f25106a089a8,ad6719ed8ca15d5177b27fd490ee213e481a2dd07ddff815083a827ae0ee7fce,d1ef45b998b0dfe0acaad75dc1eb1b02f571c4314484bbd442ac3d55cd2de5a0,5.165683870514234,0.40247701313346607,4.7632068573807675,depth_point_elu_pool2,43
EEGNet,OpenBMI_SSVEP,1,0,COMPLETE,c52842b9bd3717a4239149aa711cc7c894a28959e1ed897577af14acf1f55f50,4eff8f01e69f1655d2da1eb4a55f251dedae77bf90e4ce8bdb70f25106a089a8,ad6719ed8ca15d5177b27fd490ee213e481a2dd07ddff815083a827ae0ee7fce,d1ef45b998b0dfe0acaad75dc1eb1b02f571c4314484bbd442ac3d55cd2de5a0,6.122001868410128e-07,-5.497901968132294e-09,6.176980888091451e-07,embedding_64d,2
EEGNet,OpenBMI_SSVEP,1,0,COMPLETE,c52842b9bd3717a4239149aa711cc7c894a28959e1ed897577af14acf1f55f50,4eff8f01e69f1655d2da1eb4a55f251dedae77bf90e4ce8bdb70f25106a089a8,ad6719ed8ca15d5177b27fd490ee213e481a2dd07ddff815083a827ae0ee7fce,d1ef45b998b0dfe0acaad75dc1eb1b02f571c4314484bbd442ac3d55cd2de5a0,5.936105584858353e-07,3.248799861651133e-08,5.61122559869324e-07,embedding_64d,14
EEGNet,OpenBMI_SSVEP,1,0,COMPLETE,c52842b9bd3717a4239149aa711cc7c894a28959e1ed897577af14acf1f55f50,4eff8f01e69f1655d2da1eb4a55f251dedae77bf90e4ce8bdb70f25106a089a8,ad6719ed8ca15d5177b27fd490ee213e481a2dd07ddff815083a827ae0ee7fce,d1ef45b998b0dfe0acaad75dc1eb1b02f571c4314484bbd442ac3d55cd2de5a0,5.930036131770086e-07,-1.6081700977554843e-08,6.090853141545634e-07,embedding_64d,26
EEGNet,OpenBMI_SSVEP,1,0,COMPLETE,c52842b9bd3717a4239149aa711cc7c894a28959e1ed897577af14acf1f55f50,4eff8f01e69f1655d2da1eb4a55f251dedae77bf90e4ce8bdb70f25106a089a8,ad6719ed8ca15d5177b27fd490ee213e481a2dd07ddff815083a827ae0ee7fce,d1ef45b998b0dfe0acaad75dc1eb1b02f571c4314484bbd442ac3d55cd2de5a0,6.032241444131614e-07,-2.3504834695264897e-08,6.267289791084263e-07,embedding_64d,28
EEGNet,OpenBMI_SSVEP,1,0,COMPLETE,c52842b9bd3717a4239149aa711cc7c894a28959e1ed897577af14acf1f55f50,4eff8f01e69f1655d2da1eb4a55f251dedae77bf90e4ce8bdb70f25106a089a8,ad6719ed8ca15d5177b27fd490ee213e481a2dd07ddff815083a827ae0ee7fce,d1ef45b998b0dfe0acaad75dc1eb1b02f571c4314484bbd442ac3d55cd2de5a0,7.759457532804012e-07,6.327767548460386e-08,7.126680777957973e-07,embedding_64d,31
EEGNet,OpenBMI_SSVEP,1,0,COMPLETE,c52842b9bd3717a4239149aa711cc7c894a28959e1ed897577af14acf1f55f50,4eff8f01e69f1655d2da1eb4a55f251dedae77bf90e4ce8bdb70f25106a089a8,ad6719ed8ca15d5177b27fd490ee213e481a2dd07ddff815083a827ae0ee7fce,d1ef45b998b0dfe0acaad75dc1eb1b02f571c4314484bbd442ac3d55cd2de5a0,5.149556920140222e-07,-1.79900011443302e-08,5.329456931583525e-07,embedding_64d,35
EEGNet,OpenBMI_SSVEP,1,0,COMPLETE,c52842b9bd3717a4239149aa711cc7c894a28959e1ed897577af14acf1f55f50,4eff8f01e69f1655d2da1eb4a55f251dedae77bf90e4ce8bdb70f25106a089a8,ad6719ed8ca15d5177b27fd490ee213e481a2dd07ddff815083a827ae0ee7fce,d1ef45b998b0dfe0acaad75dc1eb1b02f571c4314484bbd442ac3d55cd2de5a0,5.795163150838315e-07,-8.104746271294271e-08,6.605637777967742e-07,embedding_64d,40
EEGNet,OpenBMI_SSVEP,1,0,COMPLETE,c52842b9bd3717a4239149aa711cc7c894a28959e1ed897577af14acf1f55f50,4eff8f01e69f1655d2da1eb4a55f251dedae77bf90e4ce8bdb70f25106a089a8,ad6719ed8ca15d5177b27fd490ee213e481a2dd07ddff815083a827ae0ee7fce,d1ef45b998b0dfe0acaad75dc1eb1b02f571c4314484bbd442ac3d55cd2de5a0,6.179072524759022e-07,6.1181636631010774e-09,6.117890888128011e-07,embedding_64d,43
EEGNet,OpenBMI_SSVEP,2,0,COMPLETE,6aa5e6e296ab32f1f69f03090f052d8a71c09dedc03bbc11d287cf9873a62040,73287146b09aaf3561fe6fd0eb8419bf58673131e6e49d840a76be9e4f1df464,d7d3205c99dc37fa3e413db542ce7dfcc3e37cfbed5a08a779396543d8bda120,d1ef45b998b0dfe0acaad75dc1eb1b02f571c4314484bbd442ac3d55cd2de5a0,4.237344605227311,0.17119753320701392,4.066147072020297,temporal_bn,1
EEGNet,OpenBMI_SSVEP,2,0,COMPLETE,6aa5e6e296ab32f1f69f03090f052d8a71c09dedc03bbc11d287cf9873a62040,73287146b09aaf3561fe6fd0eb8419bf58673131e6e49d840a76be9e4f1df464,d7d3205c99dc37fa3e413db542ce7dfcc3e37cfbed5a08a779396543d8bda120,d1ef45b998b0dfe0acaad75dc1eb1b02f571c4314484bbd442ac3d55cd2de5a0,5.422053899616003,0.5396721239729478,4.882381775643055,temporal_bn,8
EEGNet,OpenBMI_SSVEP,2,0,COMPLETE,6aa5e6e296ab32f1f69f03090f052d8a71c09dedc03bbc11d287cf9873a62040,73287146b09aaf3561fe6fd0eb8419bf58673131e6e49d840a76be9e4f1df464,d7d3205c99dc37fa3e413db542ce7dfcc3e37cfbed5a08a779396543d8bda120,d1ef45b998b0dfe0acaad75dc1eb1b02f571c4314484bbd442ac3d55cd2de5a0,6.585914202034473,1.6696549193817187,4.916259282652755,temporal_bn,11
EEGNet,OpenBMI_SSVEP,2,0,COMPLETE,6aa5e6e296ab32f1f69f03090f052d8a71c09dedc03bbc11d287cf9873a62040,73287146b09aaf3561fe6fd0eb8419bf58673131e6e49d840a76be9e4f1df464,d7d3205c99dc37fa3e413db542ce7dfcc3e37cfbed5a08a779396543d8bda120,d1ef45b998b0dfe0acaad75dc1eb1b02f571c4314484bbd442ac3d55cd2de5a0,5.158815105756124,0.6825508313626045,4.476264274393519,temporal_bn,23
EEGNet,OpenBMI_SSVEP,2,0,COMPLETE,6aa5e6e296ab32f1f69f03090f052d8a71c09dedc03bbc11d287cf9873a62040,73287146b09aaf3561fe6fd0eb8419bf58673131e6e49d840a76be9e4f1df464,d7d3205c99dc37fa3e413db542ce7dfcc3e37cfbed5a08a779396543d8bda120,d1ef45b998b0dfe0acaad75dc1eb1b02f571c4314484bbd442ac3d55cd2de5a0,5.21830615773797,1.3403160706080954,3.877990087129875,temporal_bn,30
EEGNet,OpenBMI_SSVEP,2,0,COMPLETE,6aa5e6e296ab32f1f69f03090f052d8a71c09dedc03bbc11d287cf9873a62040,73287146b09aaf3561fe6fd0eb8419bf58673131e6e49d840a76be9e4f1df464,d7d3205c99dc37fa3e413db542ce7dfcc3e37cfbed5a08a779396543d8bda120,d1ef45b998b0dfe0acaad75dc1eb1b02f571c4314484bbd442ac3d55cd2de5a0,3.883458641668161,0.41485534001685,3.468603301651311,temporal_bn,48
EEGNet,OpenBMI_SSVEP,2,0,COMPLETE,6aa5e6e296ab32f1f69f03090f052d8a71c09dedc03bbc11d287cf9873a62040,73287146b09aaf3561fe6fd0eb8419bf58673131e6e49d840a76be9e4f1df464,d7d3205c99dc37fa3e413db542ce7dfcc3e37cfbed5a08a779396543d8bda120,d1ef45b998b0dfe0acaad75dc1eb1b02f571c4314484bbd442ac3d55cd2de5a0,4.021326897044976,0.5098851008433853,3.511441796201591,temporal_bn,50
EEGNet,OpenBMI_SSVEP,2,0,COMPLETE,6aa5e6e296ab32f1f69f03090f052d8a71c09dedc03bbc11d287cf9873a62040,73287146b09aaf3561fe6fd0eb8419bf58673131e6e49d840a76be9e4f1df464,d7d3205c99dc37fa3e413db542ce7dfcc3e37cfbed5a08a779396543d8bda120,d1ef45b998b0dfe0acaad75dc1eb1b02f571c4314484bbd442ac3d55cd2de5a0,3.440405103067557,-0.08912394875194929,3.529529051819506,temporal_bn,52
EEGNet,OpenBMI_SSVEP,2,0,COMPLETE,6aa5e6e296ab32f1f69f03090f052d8a71c09dedc03bbc11d287cf9873a62040,73287146b09aaf3561fe6fd0eb8419bf58673131e6e49d840a76be9e4f1df464,d7d3205c99dc37fa3e413db542ce7dfcc3e37cfbed5a08a779396543d8bda120,d1ef45b998b0dfe0acaad75dc1eb1b02f571c4314484bbd442ac3d55cd2de5a0,2.4692223090678453,0.3416100822870307,2.1276122267808146,spatial_elu_pool1,1
EEGNet,OpenBMI_SSVEP,2,0,COMPLETE,6aa5e6e296ab32f1f69f03090f052d8a71c09dedc03bbc11d287cf9873a62040,73287146b09aaf3561fe6fd0eb8419bf58673131e6e49d840a76be9e4f1df464,d7d3205c99dc37fa3e413db542ce7dfcc3e37cfbed5a08a779396543d8bda120,d1ef45b998b0dfe0acaad75dc1eb1b02f571c4314484bbd442ac3d55cd2de5a0,3.20502474779884,0.5119319838021563,2.6930927639966837,spatial_elu_pool1,8
EEGNet,OpenBMI_SSVEP,2,0,COMPLETE,6aa5e6e296ab32f1f69f03090f052d8a71c09dedc03bbc11d287cf9873a62040,73287146b09aaf3561fe6fd0eb8419bf58673131e6e49d840a76be9e4f1df464,d7d3205c99dc37fa3e413db542ce7dfcc3e37cfbed5a08a779396543d8bda120,d1ef45b998b0dfe0acaad75dc1eb1b02f571c4314484bbd442ac3d55cd2de5a0,4.530277768770854,1.0716473595130571,3.458630409257797,spatial_elu_pool1,11
EEGNet,OpenBMI_SSVEP,2,0,COMPLETE,6aa5e6e296ab32f1f69f03090f052d8a71c09dedc03bbc11d287cf9873a62040,73287146b09aaf3561fe6fd0eb8419bf58673131e6e49d840a76be9e4f1df464,d7d3205c99dc37fa3e413db542ce7dfcc3e37cfbed5a08a779396543d8bda120,d1ef45b998b0dfe0acaad75dc1eb1b02f571c4314484bbd442ac3d55cd2de5a0,1.417238309358557,-0.010611609491364637,1.4278499188499216,spatial_elu_pool1,23
EEGNet,OpenBMI_SSVEP,2,0,COMPLETE,6aa5e6e296ab32f1f69f03090f052d8a71c09dedc03bbc11d287cf9873a62040,73287146b09aaf3561fe6fd0eb8419bf58673131e6e49d840a76be9e4f1df464,d7d3205c99dc37fa3e413db542ce7dfcc3e37cfbed5a08a779396543d8bda120,d1ef45b998b0dfe0acaad75dc1eb1b02f571c4314484bbd442ac3d55cd2de5a0,4.406190827488899,0.8442863433761523,3.561904484112747,spatial_elu_pool1,30
EEGNet,OpenBMI_SSVEP,2,0,COMPLETE,6aa5e6e296ab32f1f69f03090f052d8a71c09dedc03bbc11d287cf9873a62040,73287146b09aaf3561fe6fd0eb8419bf58673131e6e49d840a76be9e4f1df464,d7d3205c99dc37fa3e413db542ce7dfcc3e37cfbed5a08a779396543d8bda120,d1ef45b998b0dfe0acaad75dc1eb1b02f571c4314484bbd442ac3d55cd2de5a0,3.2554588119188943,0.49333158565917934,2.762127226259715,spatial_elu_pool1,48
EEGNet,OpenBMI_SSVEP,2,0,COMPLETE,6aa5e6e296ab32f1f69f03090f052d8a71c09dedc03bbc11d287cf9873a62040,73287146b09aaf3561fe6fd0eb8419bf58673131e6e49d840a76be9e4f1df464,d7d3205c99dc37fa3e413db542ce7dfcc3e37cfbed5a08a779396543d8bda120,d1ef45b998b0dfe0acaad75dc1eb1b02f571c4314484bbd442ac3d55cd2de5a0,3.681574922055006,0.7644435007357964,2.9171314213192097,spatial_elu_pool1,50
EEGNet,OpenBMI_SSVEP,2,0,COMPLETE,6aa5e6e296ab32f1f69f03090f052d8a71c09dedc03bbc11d287cf9873a62040,73287146b09aaf3561fe6fd0eb8419bf58673131e6e49d840a76be9e4f1df464,d7d3205c99dc37fa3e413db542ce7dfcc3e37cfbed5a08a779396543d8bda120,d1ef45b998b0dfe0acaad75dc1eb1b02f571c4314484bbd442ac3d55cd2de5a0,2.6567879244685173,0.43501762412488443,2.221770300343633,spatial_elu_pool1,52
EEGNet,OpenBMI_SSVEP,2,0,COMPLETE,6aa5e6e296ab32f1f69f03090f052d8a71c09dedc03bbc11d287cf9873a62040,73287146b09aaf3561fe6fd0eb8419bf58673131e6e49d840a76be9e4f1df464,d7d3205c99dc37fa3e413db542ce7dfcc3e37cfbed5a08a779396543d8bda120,d1ef45b998b0dfe0acaad75dc1eb1b02f571c4314484bbd442ac3d55cd2de5a0,3.056013860118886,0.6510535032845413,2.4049603568343447,depth_point_elu_pool2,1
EEGNet,OpenBMI_SSVEP,2,0,COMPLETE,6aa5e6e296ab32f1f69f03090f052d8a71c09dedc03bbc11d287cf9873a62040,73287146b09aaf3561fe6fd0eb8419bf58673131e6e49d840a76be9e4f1df464,d7d3205c99dc37fa3e413db542ce7dfcc3e37cfbed5a08a779396543d8bda120,d1ef45b998b0dfe0acaad75dc1eb1b02f571c4314484bbd442ac3d55cd2de5a0,3.0260395326962075,0.5835588515119166,2.442480681184291,depth_point_elu_pool2,8
EEGNet,OpenBMI_SSVEP,2,0,COMPLETE,6aa5e6e296ab32f1f69f03090f052d8a71c09dedc03bbc11d287cf9873a62040,73287146b09aaf3561fe6fd0eb8419bf58673131e6e49d840a76be9e4f1df464,d7d3205c99dc37fa3e413db542ce7dfcc3e37cfbed5a08a779396543d8bda120,d1ef45b998b0dfe0acaad75dc1eb1b02f571c4314484bbd442ac3d55cd2de5a0,5.134648501873016,0.8681380642966054,4.266510437576411,depth_point_elu_pool2,11
EEGNet,OpenBMI_SSVEP,2,0,COMPLETE,6aa5e6e296ab32f1f69f03090f052d8a71c09dedc03bbc11d287cf9873a62040,73287146b09aaf3561fe6fd0eb8419bf58673131e6e49d840a76be9e4f1df464,d7d3205c99dc37fa3e413db542ce7dfcc3e37cfbed5a08a779396543d8bda120,d1ef45b998b0dfe0acaad75dc1eb1b02f571c4314484bbd442ac3d55cd2de5a0,1.2179953008890152,0.034798467501920616,1.1831968333870946,depth_point_elu_pool2,23
EEGNet,OpenBMI_SSVEP,2,0,COMPLETE,6aa5e6e296ab32f1f69f03090f052d8a71c09dedc03bbc11d287cf9873a62040,73287146b09aaf3561fe6fd0eb8419bf58673131e6e49d840a76be9e4f1df464,d7d3205c99dc37fa3e413db542ce7dfcc3e37cfbed5a08a779396543d8bda120,d1ef45b998b0dfe0acaad75dc1eb1b02f571c4314484bbd442ac3d55cd2de5a0,4.407667913784583,0.8233747079052653,3.5842932058793178,depth_point_elu_pool2,30
EEGNet,OpenBMI_SSVEP,2,0,COMPLETE,6aa5e6e296ab32f1f69f03090f052d8a71c09dedc03bbc11d287cf9873a62040,73287146b09aaf3561fe6fd0eb8419bf58673131e6e49d840a76be9e4f1df464,d7d3205c99dc37fa3e413db542ce7dfcc3e37cfbed5a08a779396543d8bda120,d1ef45b998b0dfe0acaad75dc1eb1b02f571c4314484bbd442ac3d55cd2de5a0,4.124553062021732,0.8410589101316872,3.283494151890045,depth_point_elu_pool2,48
EEGNet,OpenBMI_SSVEP,2,0,COMPLETE,6aa5e6e296ab32f1f69f03090f052d8a71c09dedc03bbc11d287cf9873a62040,73287146b09aaf3561fe6fd0eb8419bf58673131e6e49d840a76be9e4f1df464,d7d3205c99dc37fa3e413db542ce7dfcc3e37cfbed5a08a779396543d8bda120,d1ef45b998b0dfe0acaad75dc1eb1b02f571c4314484bbd442ac3d55cd2de5a0,3.8015992790460587,0.7686414999767055,3.032957779069353,depth_point_elu_pool2,50
EEGNet,OpenBMI_SSVEP,2,0,COMPLETE,6aa5e6e296ab32f1f69f03090f052d8a71c09dedc03bbc11d287cf9873a62040,73287146b09aaf3561fe6fd0eb8419bf58673131e6e49d840a76be9e4f1df464,d7d3205c99dc37fa3e413db542ce7dfcc3e37cfbed5a08a779396543d8bda120,d1ef45b998b0dfe0acaad75dc1eb1b02f571c4314484bbd442ac3d55cd2de5a0,3.172389693558216,0.5876651572141172,2.584724536344099,depth_point_elu_pool2,52
EEGNet,OpenBMI_SSVEP,2,0,COMPLETE,6aa5e6e296ab32f1f69f03090f052d8a71c09dedc03bbc11d287cf9873a62040,73287146b09aaf3561fe6fd0eb8419bf58673131e6e49d840a76be9e4f1df464,d7d3205c99dc37fa3e413db542ce7dfcc3e37cfbed5a08a779396543d8bda120,d1ef45b998b0dfe0acaad75dc1eb1b02f571c4314484bbd442ac3d55cd2de5a0,6.481150676881006e-07,-2.8075025381898174e-08,6.761900930699987e-07,embedding_64d,1
EEGNet,OpenBMI_SSVEP,2,0,COMPLETE,6aa5e6e296ab32f1f69f03090f052d8a71c09dedc03bbc11d287cf9873a62040,73287146b09aaf3561fe6fd0eb8419bf58673131e6e49d840a76be9e4f1df464,d7d3205c99dc37fa3e413db542ce7dfcc3e37cfbed5a08a779396543d8bda120,d1ef45b998b0dfe0acaad75dc1eb1b02f571c4314484bbd442ac3d55cd2de5a0,7.309492850993138e-07,2.6704959824968146e-09,7.28278789116817e-07,embedding_64d,8
EEGNet,OpenBMI_SSVEP,2,0,COMPLETE,6aa5e6e296ab32f1f69f03090f052d8a71c09dedc03bbc11d287cf9873a62040,73287146b09aaf3561fe6fd0eb8419bf58673131e6e49d840a76be9e4f1df464,d7d3205c99dc37fa3e413db542ce7dfcc3e37cfbed5a08a779396543d8bda120,d1ef45b998b0dfe0acaad75dc1eb1b02f571c4314484bbd442ac3d55cd2de5a0,6.488413711499182e-07,-5.449752625397128e-08,7.033388974038895e-07,embedding_64d,11
EEGNet,OpenBMI_SSVEP,2,0,COMPLETE,6aa5e6e296ab32f1f69f03090f052d8a71c09dedc03bbc11d287cf9873a62040,73287146b09aaf3561fe6fd0eb8419bf58673131e6e49d840a76be9e4f1df464,d7d3205c99dc37fa3e413db542ce7dfcc3e37cfbed5a08a779396543d8bda120,d1ef45b998b0dfe0acaad75dc1eb1b02f571c4314484bbd442ac3d55cd2de5a0,6.53229186594236e-07,4.1608173807864824e-08,6.116210127863712e-07,embedding_64d,23
EEGNet,OpenBMI_SSVEP,2,0,COMPLETE,6aa5e6e296ab32f1f69f03090f052d8a71c09dedc03bbc11d287cf9873a62040,73287146b09aaf3561fe6fd0eb8419bf58673131e6e49d840a76be9e4f1df464,d7d3205c99dc37fa3e413db542ce7dfcc3e37cfbed5a08a779396543d8bda120,d1ef45b998b0dfe0acaad75dc1eb1b02f571c4314484bbd442ac3d55cd2de5a0,6.507177629326103e-07,-7.606811570341296e-08,7.267858786360233e-07,embedding_64d,30
EEGNet,OpenBMI_SSVEP,2,0,COMPLETE,6aa5e6e296ab32f1f69f03090f052d8a71c09dedc03bbc11d287cf9873a62040,73287146b09aaf3561fe6fd0eb8419bf58673131e6e49d840a76be9e4f1df464,d7d3205c99dc37fa3e413db542ce7dfcc3e37cfbed5a08a779396543d8bda120,d1ef45b998b0dfe0acaad75dc1eb1b02f571c4314484bbd442ac3d55cd2de5a0,7.120524760928504e-07,-3.3845183773362255e-08,7.458976598662126e-07,embedding_64d,48
EEGNet,OpenBMI_SSVEP,2,0,COMPLETE,6aa5e6e296ab32f1f69f03090f052d8a71c09dedc03bbc11d287cf9873a62040,73287146b09aaf3561fe6fd0eb8419bf58673131e6e49d840a76be9e4f1df464,d7d3205c99dc37fa3e413db542ce7dfcc3e37cfbed5a08a779396543d8bda120,d1ef45b998b0dfe0acaad75dc1eb1b02f571c4314484bbd442ac3d55cd2de5a0,7.796138043284865e-07,3.303597384327984e-08,7.465778304852066e-07,embedding_64d,50
EEGNet,OpenBMI_SSVEP,2,0,COMPLETE,6aa5e6e296ab32f1f69f03090f052d8a71c09dedc03bbc11d287cf9873a62040,73287146b09aaf3561fe6fd0eb8419bf58673131e6e49d840a76be9e4f1df464,d7d3205c99dc37fa3e413db542ce7dfcc3e37cfbed5a08a779396543d8bda120,d1ef45b998b0dfe0acaad75dc1eb1b02f571c4314484bbd442ac3d55cd2de5a0,7.096202168099808e-07,-5.513173431485489e-09,7.151333902414663e-07,embedding_64d,52
EEGNet,OpenBMI_SSVEP,3,0,COMPLETE,f286e0fb5018864344844f980e946f9724b00dae7a5a53c55c88465841ba6c12,d4df19f15b5b96ace4bb4271ad4b10d2ecdc4445700bb104c99b5c329c95e3c9,13155ac64f563af94f1599e7935e5f09cd9afd4a72ca93b0adc805ad1cc3ccae,d1ef45b998b0dfe0acaad75dc1eb1b02f571c4314484bbd442ac3d55cd2de5a0,4.474608317017555,-0.41065552950836715,4.885263846525922,temporal_bn,10
EEGNet,OpenBMI_SSVEP,3,0,COMPLETE,f286e0fb5018864344844f980e946f9724b00dae7a5a53c55c88465841ba6c12,d4df19f15b5b96ace4bb4271ad4b10d2ecdc4445700bb104c99b5c329c95e3c9,13155ac64f563af94f1599e7935e5f09cd9afd4a72ca93b0adc805ad1cc3ccae,d1ef45b998b0dfe0acaad75dc1eb1b02f571c4314484bbd442ac3d55cd2de5a0,3.831124479571978,0.11089887214979832,3.72022560742218,temporal_bn,16
EEGNet,OpenBMI_SSVEP,3,0,COMPLETE,f286e0fb5018864344844f980e946f9724b00dae7a5a53c55c88465841ba6c12,d4df19f15b5b96ace4bb4271ad4b10d2ecdc4445700bb104c99b5c329c95e3c9,13155ac64f563af94f1599e7935e5f09cd9afd4a72ca93b0adc805ad1cc3ccae,d1ef45b998b0dfe0acaad75dc1eb1b02f571c4314484bbd442ac3d55cd2de5a0,4.390341691672802,-0.05543052335269749,4.4457722150254995,temporal_bn,19
EEGNet,OpenBMI_SSVEP,3,0,COMPLETE,f286e0fb5018864344844f980e946f9724b00dae7a5a53c55c88465841ba6c12,d4df19f15b5b96ace4bb4271ad4b10d2ecdc4445700bb104c99b5c329c95e3c9,13155ac64f563af94f1599e7935e5f09cd9afd4a72ca93b0adc805ad1cc3ccae,d1ef45b998b0dfe0acaad75dc1eb1b02f571c4314484bbd442ac3d55cd2de5a0,4.8121634889394045,0.15956593867391256,4.652597550265492,temporal_bn,22
EEGNet,OpenBMI_SSVEP,3,0,COMPLETE,f286e0fb5018864344844f980e946f9724b00dae7a5a53c55c88465841ba6c12,d4df19f15b5b96ace4bb4271ad4b10d2ecdc4445700bb104c99b5c329c95e3c9,13155ac64f563af94f1599e7935e5f09cd9afd4a72ca93b0adc805ad1cc3ccae,d1ef45b998b0dfe0acaad75dc1eb1b02f571c4314484bbd442ac3d55cd2de5a0,3.5784313703576722,-0.19859536171890824,3.7770267320765805,temporal_bn,27
EEGNet,OpenBMI_SSVEP,3,0,COMPLETE,f286e0fb5018864344844f980e946f9724b00dae7a5a53c55c88465841ba6c12,d4df19f15b5b96ace4bb4271ad4b10d2ecdc4445700bb104c99b5c329c95e3c9,13155ac64f563af94f1599e7935e5f09cd9afd4a72ca93b0adc805ad1cc3ccae,d1ef45b998b0dfe0acaad75dc1eb1b02f571c4314484bbd442ac3d55cd2de5a0,3.898651377608379,-0.08713136951439093,3.98578274712277,temporal_bn,34
EEGNet,OpenBMI_SSVEP,3,0,COMPLETE,f286e0fb5018864344844f980e946f9724b00dae7a5a53c55c88465841ba6c12,d4df19f15b5b96ace4bb4271ad4b10d2ecdc4445700bb104c99b5c329c95e3c9,13155ac64f563af94f1599e7935e5f09cd9afd4a72ca93b0adc805ad1cc3ccae,d1ef45b998b0dfe0acaad75dc1eb1b02f571c4314484bbd442ac3d55cd2de5a0,3.3958294056355953,-0.2445043473659707,3.640333753001566,temporal_bn,45
EEGNet,OpenBMI_SSVEP,3,0,COMPLETE,f286e0fb5018864344844f980e946f9724b00dae7a5a53c55c88465841ba6c12,d4df19f15b5b96ace4bb4271ad4b10d2ecdc4445700bb104c99b5c329c95e3c9,13155ac64f563af94f1599e7935e5f09cd9afd4a72ca93b0adc805ad1cc3ccae,d1ef45b998b0dfe0acaad75dc1eb1b02f571c4314484bbd442ac3d55cd2de5a0,3.3343146766225495,0.3137006136359801,3.0206140629865694,temporal_bn,49
EEGNet,OpenBMI_SSVEP,3,0,COMPLETE,f286e0fb5018864344844f980e946f9724b00dae7a5a53c55c88465841ba6c12,d4df19f15b5b96ace4bb4271ad4b10d2ecdc4445700bb104c99b5c329c95e3c9,13155ac64f563af94f1599e7935e5f09cd9afd4a72ca93b0adc805ad1cc3ccae,d1ef45b998b0dfe0acaad75dc1eb1b02f571c4314484bbd442ac3d55cd2de5a0,4.209920633584261,0.2952284948388111,3.91469213874545,spatial_elu_pool1,10
EEGNet,OpenBMI_SSVEP,3,0,COMPLETE,f286e0fb5018864344844f980e946f9724b00dae7a5a53c55c88465841ba6c12,d4df19f15b5b96ace4bb4271ad4b10d2ecdc4445700bb104c99b5c329c95e3c9,13155ac64f563af94f1599e7935e5f09cd9afd4a72ca93b0adc805ad1cc3ccae,d1ef45b998b0dfe0acaad75dc1eb1b02f571c4314484bbd442ac3d55cd2de5a0,3.959906188150247,0.32590805795354205,3.633998130196705,spatial_elu_pool1,16
EEGNet,OpenBMI_SSVEP,3,0,COMPLETE,f286e0fb5018864344844f980e946f9724b00dae7a5a53c55c88465841ba6c12,d4df19f15b5b96ace4bb4271ad4b10d2ecdc4445700bb104c99b5c329c95e3c9,13155ac64f563af94f1599e7935e5f09cd9afd4a72ca93b0adc805ad1cc3ccae,d1ef45b998b0dfe0acaad75dc1eb1b02f571c4314484bbd442ac3d55cd2de5a0,2.8440122765799365,-0.014659227446341738,2.8586715040262782,spatial_elu_pool1,19
EEGNet,OpenBMI_SSVEP,3,0,COMPLETE,f286e0fb5018864344844f980e946f9724b00dae7a5a53c55c88465841ba6c12,d4df19f15b5b96ace4bb4271ad4b10d2ecdc4445700bb104c99b5c329c95e3c9,13155ac64f563af94f1599e7935e5f09cd9afd4a72ca93b0adc805ad1cc3ccae,d1ef45b998b0dfe0acaad75dc1eb1b02f571c4314484bbd442ac3d55cd2de5a0,2.616576583435138,0.2517940231629958,2.3647825602721424,spatial_elu_pool1,22
EEGNet,OpenBMI_SSVEP,3,0,COMPLETE,f286e0fb5018864344844f980e946f9724b00dae7a5a53c55c88465841ba6c12,d4df19f15b5b96ace4bb4271ad4b10d2ecdc4445700bb104c99b5c329c95e3c9,13155ac64f563af94f1599e7935e5f09cd9afd4a72ca93b0adc805ad1cc3ccae,d1ef45b998b0dfe0acaad75dc1eb1b02f571c4314484bbd442ac3d55cd2de5a0,3.4647710671027503,-0.4051635228501014,3.8699345899528517,spatial_elu_pool1,27
EEGNet,OpenBMI_SSVEP,3,0,COMPLETE,f286e0fb5018864344844f980e946f9724b00dae7a5a53c55c88465841ba6c12,d4df19f15b5b96ace4bb4271ad4b10d2ecdc4445700bb104c99b5c329c95e3c9,13155ac64f563af94f1599e7935e5f09cd9afd4a72ca93b0adc805ad1cc3ccae,d1ef45b998b0dfe0acaad75dc1eb1b02f571c4314484bbd442ac3d55cd2de5a0,2.5022637248039246,0.17147676947061008,2.3307869553333145,spatial_elu_pool1,34
EEGNet,OpenBMI_SSVEP,3,0,COMPLETE,f286e0fb5018864344844f980e946f9724b00dae7a5a53c55c88465841ba6c12,d4df19f15b5b96ace4bb4271ad4b10d2ecdc4445700bb104c99b5c329c95e3c9,13155ac64f563af94f1599e7935e5f09cd9afd4a72ca93b0adc805ad1cc3ccae,d1ef45b998b0dfe0acaad75dc1eb1b02f571c4314484bbd442ac3d55cd2de5a0,2.3462744057178497,-0.21919430664430006,2.56546871236215,spatial_elu_pool1,45
EEGNet,OpenBMI_SSVEP,3,0,COMPLETE,f286e0fb5018864344844f980e946f9724b00dae7a5a53c55c88465841ba6c12,d4df19f15b5b96ace4bb4271ad4b10d2ecdc4445700bb104c99b5c329c95e3c9,13155ac64f563af94f1599e7935e5f09cd9afd4a72ca93b0adc805ad1cc3ccae,d1ef45b998b0dfe0acaad75dc1eb1b02f571c4314484bbd442ac3d55cd2de5a0,3.267963446676731,0.3760930984374129,2.891870348239318,spatial_elu_pool1,49
EEGNet,OpenBMI_SSVEP,3,0,COMPLETE,f286e0fb5018864344844f980e946f9724b00dae7a5a53c55c88465841ba6c12,d4df19f15b5b96ace4bb4271ad4b10d2ecdc4445700bb104c99b5c329c95e3c9,13155ac64f563af94f1599e7935e5f09cd9afd4a72ca93b0adc805ad1cc3ccae,d1ef45b998b0dfe0acaad75dc1eb1b02f571c4314484bbd442ac3d55cd2de5a0,4.080062883595626,0.4014932778974374,3.6785696056981885,depth_point_elu_pool2,10
EEGNet,OpenBMI_SSVEP,3,0,COMPLETE,f286e0fb5018864344844f980e946f9724b00dae7a5a53c55c88465841ba6c12,d4df19f15b5b96ace4bb4271ad4b10d2ecdc4445700bb104c99b5c329c95e3c9,13155ac64f563af94f1599e7935e5f09cd9afd4a72ca93b0adc805ad1cc3ccae,d1ef45b998b0dfe0acaad75dc1eb1b02f571c4314484bbd442ac3d55cd2de5a0,3.513646252453327,0.22139085033753236,3.292255402115795,depth_point_elu_pool2,16
EEGNet,OpenBMI_SSVEP,3,0,COMPLETE,f286e0fb5018864344844f980e946f9724b00dae7a5a53c55c88465841ba6c12,d4df19f15b5b96ace4bb4271ad4b10d2ecdc4445700bb104c99b5c329c95e3c9,13155ac64f563af94f1599e7935e5f09cd9afd4a72ca93b0adc805ad1cc3ccae,d1ef45b998b0dfe0acaad75dc1eb1b02f571c4314484bbd442ac3d55cd2de5a0,2.108667935244739,-0.20458321526801804,2.313251150512757,depth_point_elu_pool2,19
EEGNet,OpenBMI_SSVEP,3,0,COMPLETE,f286e0fb5018864344844f980e946f9724b00dae7a5a53c55c88465841ba6c12,d4df19f15b5b96ace4bb4271ad4b10d2ecdc4445700bb104c99b5c329c95e3c9,13155ac64f563af94f1599e7935e5f09cd9afd4a72ca93b0adc805ad1cc3ccae,d1ef45b998b0dfe0acaad75dc1eb1b02f571c4314484bbd442ac3d55cd2de5a0,1.9005594942718744,-0.16927405904357684,2.0698335533154513,depth_point_elu_pool2,22
EEGNet,OpenBMI_SSVEP,3,0,COMPLETE,f286e0fb5018864344844f980e946f9724b00dae7a5a53c55c88465841ba6c12,d4df19f15b5b96ace4bb4271ad4b10d2ecdc4445700bb104c99b5c329c95e3c9,13155ac64f563af94f1599e7935e5f09cd9afd4a72ca93b0adc805ad1cc3ccae,d1ef45b998b0dfe0acaad75dc1eb1b02f571c4314484bbd442ac3d55cd2de5a0,2.675330771754185,-0.6280111329816278,3.303341904735813,depth_point_elu_pool2,27
EEGNet,OpenBMI_SSVEP,3,0,COMPLETE,f286e0fb5018864344844f980e946f9724b00dae7a5a53c55c88465841ba6c12,d4df19f15b5b96ace4bb4271ad4b10d2ecdc4445700bb104c99b5c329c95e3c9,13155ac64f563af94f1599e7935e5f09cd9afd4a72ca93b0adc805ad1cc3ccae,d1ef45b998b0dfe0acaad75dc1eb1b02f571c4314484bbd442ac3d55cd2de5a0,1.8518875241279602,0.05378452098462727,1.798103003143333,depth_point_elu_pool2,34
EEGNet,OpenBMI_SSVEP,3,0,COMPLETE,f286e0fb5018864344844f980e946f9724b00dae7a5a53c55c88465841ba6c12,d4df19f15b5b96ace4bb4271ad4b10d2ecdc4445700bb104c99b5c329c95e3c9,13155ac64f563af94f1599e7935e5f09cd9afd4a72ca93b0adc805ad1cc3ccae,d1ef45b998b0dfe0acaad75dc1eb1b02f571c4314484bbd442ac3d55cd2de5a0,1.8064409112557769,-0.5025256883415081,2.308966599597285,depth_point_elu_pool2,45
EEGNet,OpenBMI_SSVEP,3,0,COMPLETE,f286e0fb5018864344844f980e946f9724b00dae7a5a53c55c88465841ba6c12,d4df19f15b5b96ace4bb4271ad4b10d2ecdc4445700bb104c99b5c329c95e3c9,13155ac64f563af94f1599e7935e5f09cd9afd4a72ca93b0adc805ad1cc3ccae,d1ef45b998b0dfe0acaad75dc1eb1b02f571c4314484bbd442ac3d55cd2de5a0,1.8908190093934536,-0.10798700311686815,1.9988060125103218,depth_point_elu_pool2,49
EEGNet,OpenBMI_SSVEP,3,0,COMPLETE,f286e0fb5018864344844f980e946f9724b00dae7a5a53c55c88465841ba6c12,d4df19f15b5b96ace4bb4271ad4b10d2ecdc4445700bb104c99b5c329c95e3c9,13155ac64f563af94f1599e7935e5f09cd9afd4a72ca93b0adc805ad1cc3ccae,d1ef45b998b0dfe0acaad75dc1eb1b02f571c4314484bbd442ac3d55cd2de5a0,7.405689211500052e-07,-3.7622274618268915e-08,7.781911957682741e-07,embedding_64d,10
EEGNet,OpenBMI_SSVEP,3,0,COMPLETE,f286e0fb5018864344844f980e946f9724b00dae7a5a53c55c88465841ba6c12,d4df19f15b5b96ace4bb4271ad4b10d2ecdc4445700bb104c99b5c329c95e3c9,13155ac64f563af94f1599e7935e5f09cd9afd4a72ca93b0adc805ad1cc3ccae,d1ef45b998b0dfe0acaad75dc1eb1b02f571c4314484bbd442ac3d55cd2de5a0,7.8073343109016e-07,-3.541319655297839e-09,7.842747507454579e-07,embedding_64d,16
EEGNet,OpenBMI_SSVEP,3,0,COMPLETE,f286e0fb5018864344844f980e946f9724b00dae7a5a53c55c88465841ba6c12,d4df19f15b5b96ace4bb4271ad4b10d2ecdc4445700bb104c99b5c329c95e3c9,13155ac64f563af94f1599e7935e5f09cd9afd4a72ca93b0adc805ad1cc3ccae,d1ef45b998b0dfe0acaad75dc1eb1b02f571c4314484bbd442ac3d55cd2de5a0,7.211520854551642e-07,2.7361651872559405e-08,6.937904335826048e-07,embedding_64d,19
EEGNet,OpenBMI_SSVEP,3,0,COMPLETE,f286e0fb5018864344844f980e946f9724b00dae7a5a53c55c88465841ba6c12,d4df19f15b5b96ace4bb4271ad4b10d2ecdc4445700bb104c99b5c329c95e3c9,13155ac64f563af94f1599e7935e5f09cd9afd4a72ca93b0adc805ad1cc3ccae,d1ef45b998b0dfe0acaad75dc1eb1b02f571c4314484bbd442ac3d55cd2de5a0,6.949729887869202e-07,1.2359420572353662e-08,6.826135682145665e-07,embedding_64d,22
EEGNet,OpenBMI_SSVEP,3,0,COMPLETE,f286e0fb5018864344844f980e946f9724b00dae7a5a53c55c88465841ba6c12,d4df19f15b5b96ace4bb4271ad4b10d2ecdc4445700bb104c99b5c329c95e3c9,13155ac64f563af94f1599e7935e5f09cd9afd4a72ca93b0adc805ad1cc3ccae,d1ef45b998b0dfe0acaad75dc1eb1b02f571c4314484bbd442ac3d55cd2de5a0,7.246547237826917e-07,-5.54127324507246e-09,7.301959970277642e-07,embedding_64d,27
EEGNet,OpenBMI_SSVEP,3,0,COMPLETE,f286e0fb5018864344844f980e946f9724b00dae7a5a53c55c88465841ba6c12,d4df19f15b5b96ace4bb4271ad4b10d2ecdc4445700bb104c99b5c329c95e3c9,13155ac64f563af94f1599e7935e5f09cd9afd4a72ca93b0adc805ad1cc3ccae,d1ef45b998b0dfe0acaad75dc1eb1b02f571c4314484bbd442ac3d55cd2de5a0,5.255946623113535e-07,-5.293822270990838e-08,5.785328850212619e-07,embedding_64d,34
EEGNet,OpenBMI_SSVEP,3,0,COMPLETE,f286e0fb5018864344844f980e946f9724b00dae7a5a53c55c88465841ba6c12,d4df19f15b5b96ace4bb4271ad4b10d2ecdc4445700bb104c99b5c329c95e3c9,13155ac64f563af94f1599e7935e5f09cd9afd4a72ca93b0adc805ad1cc3ccae,d1ef45b998b0dfe0acaad75dc1eb1b02f571c4314484bbd442ac3d55cd2de5a0,7.131462319935148e-07,-4.2293714423250786e-08,7.554399464167656e-07,embedding_64d,45
EEGNet,OpenBMI_SSVEP,3,0,COMPLETE,f286e0fb5018864344844f980e946f9724b00dae7a5a53c55c88465841ba6c12,d4df19f15b5b96ace4bb4271ad4b10d2ecdc4445700bb104c99b5c329c95e3c9,13155ac64f563af94f1599e7935e5f09cd9afd4a72ca93b0adc805ad1cc3ccae,d1ef45b998b0dfe0acaad75dc1eb1b02f571c4314484bbd442ac3d55cd2de5a0,7.05641589604511e-07,8.424198820559568e-09,6.972173907839514e-07,embedding_64d,49
EEGNet,OpenBMI_SSVEP,4,0,COMPLETE,d11730326b518db0ae6fc3239bd31ff3f1a2e364ddd293c9b656c2e756a1b56e,3200adc3086ceacf14de9eab06b318d26163a19deeeb4cff6b29ed46f4a7f7e1,57e7a03f24dbf66a5955b94f112f5c553486f2120cfb14705d5cbef18b5c3789,d1ef45b998b0dfe0acaad75dc1eb1b02f571c4314484bbd442ac3d55cd2de5a0,3.6299295673767724,0.4370705627246454,3.192859004652127,temporal_bn,7
EEGNet,OpenBMI_SSVEP,4,0,COMPLETE,d11730326b518db0ae6fc3239bd31ff3f1a2e364ddd293c9b656c2e756a1b56e,3200adc3086ceacf14de9eab06b318d26163a19deeeb4cff6b29ed46f4a7f7e1,57e7a03f24dbf66a5955b94f112f5c553486f2120cfb14705d5cbef18b5c3789,d1ef45b998b0dfe0acaad75dc1eb1b02f571c4314484bbd442ac3d55cd2de5a0,3.192117298642794,-0.2884961713446925,3.4806134699874867,temporal_bn,9
EEGNet,OpenBMI_SSVEP,4,0,COMPLETE,d11730326b518db0ae6fc3239bd31ff3f1a2e364ddd293c9b656c2e756a1b56e,3200adc3086ceacf14de9eab06b318d26163a19deeeb4cff6b29ed46f4a7f7e1,57e7a03f24dbf66a5955b94f112f5c553486f2120cfb14705d5cbef18b5c3789,d1ef45b998b0dfe0acaad75dc1eb1b02f571c4314484bbd442ac3d55cd2de5a0,3.6038951873779297,0.017886948358888155,3.5860082390190415,temporal_bn,20
EEGNet,OpenBMI_SSVEP,4,0,COMPLETE,d11730326b518db0ae6fc3239bd31ff3f1a2e364ddd293c9b656c2e756a1b56e,3200adc3086ceacf14de9eab06b318d26163a19deeeb4cff6b29ed46f4a7f7e1,57e7a03f24dbf66a5955b94f112f5c553486f2120cfb14705d5cbef18b5c3789,d1ef45b998b0dfe0acaad75dc1eb1b02f571c4314484bbd442ac3d55cd2de5a0,4.2615391574800014,0.15601648577799399,4.1055226717020075,temporal_bn,21
EEGNet,OpenBMI_SSVEP,4,0,COMPLETE,d11730326b518db0ae6fc3239bd31ff3f1a2e364ddd293c9b656c2e756a1b56e,3200adc3086ceacf14de9eab06b318d26163a19deeeb4cff6b29ed46f4a7f7e1,57e7a03f24dbf66a5955b94f112f5c553486f2120cfb14705d5cbef18b5c3789,d1ef45b998b0dfe0acaad75dc1eb1b02f571c4314484bbd442ac3d55cd2de5a0,3.849223176638285,0.007270103275465178,3.84195307336282,temporal_bn,41
EEGNet,OpenBMI_SSVEP,4,0,COMPLETE,d11730326b518db0ae6fc3239bd31ff3f1a2e364ddd293c9b656c2e756a1b56e,3200adc3086ceacf14de9eab06b318d26163a19deeeb4cff6b29ed46f4a7f7e1,57e7a03f24dbf66a5955b94f112f5c553486f2120cfb14705d5cbef18b5c3789,d1ef45b998b0dfe0acaad75dc1eb1b02f571c4314484bbd442ac3d55cd2de5a0,3.9279488946000733,-0.017784088142216437,3.94573298274229,temporal_bn,44
EEGNet,OpenBMI_SSVEP,4,0,COMPLETE,d11730326b518db0ae6fc3239bd31ff3f1a2e364ddd293c9b656c2e756a1b56e,3200adc3086ceacf14de9eab06b318d26163a19deeeb4cff6b29ed46f4a7f7e1,57e7a03f24dbf66a5955b94f112f5c553486f2120cfb14705d5cbef18b5c3789,d1ef45b998b0dfe0acaad75dc1eb1b02f571c4314484bbd442ac3d55cd2de5a0,4.121398131673534,0.0935568092856558,4.027841322387879,temporal_bn,46
EEGNet,OpenBMI_SSVEP,4,0,COMPLETE,d11730326b518db0ae6fc3239bd31ff3f1a2e364ddd293c9b656c2e756a1b56e,3200adc3086ceacf14de9eab06b318d26163a19deeeb4cff6b29ed46f4a7f7e1,57e7a03f24dbf66a5955b94f112f5c553486f2120cfb14705d5cbef18b5c3789,d1ef45b998b0dfe0acaad75dc1eb1b02f571c4314484bbd442ac3d55cd2de5a0,3.7399571612477303,0.016045748270116178,3.723911412977614,temporal_bn,53
EEGNet,OpenBMI_SSVEP,4,0,COMPLETE,d11730326b518db0ae6fc3239bd31ff3f1a2e364ddd293c9b656c2e756a1b56e,3200adc3086ceacf14de9eab06b318d26163a19deeeb4cff6b29ed46f4a7f7e1,57e7a03f24dbf66a5955b94f112f5c553486f2120cfb14705d5cbef18b5c3789,d1ef45b998b0dfe0acaad75dc1eb1b02f571c4314484bbd442ac3d55cd2de5a0,3.3938169901569686,0.014914356842636867,3.3789026333143317,spatial_elu_pool1,7
EEGNet,OpenBMI_SSVEP,4,0,COMPLETE,d11730326b518db0ae6fc3239bd31ff3f1a2e364ddd293c9b656c2e756a1b56e,3200adc3086ceacf14de9eab06b318d26163a19deeeb4cff6b29ed46f4a7f7e1,57e7a03f24dbf66a5955b94f112f5c553486f2120cfb14705d5cbef18b5c3789,d1ef45b998b0dfe0acaad75dc1eb1b02f571c4314484bbd442ac3d55cd2de5a0,2.5423666586478553,-0.3198050458791353,2.8621717045269905,spatial_elu_pool1,9
EEGNet,OpenBMI_SSVEP,4,0,COMPLETE,d11730326b518db0ae6fc3239bd31ff3f1a2e364ddd293c9b656c2e756a1b56e,3200adc3086ceacf14de9eab06b318d26163a19deeeb4cff6b29ed46f4a7f7e1,57e7a03f24dbf66a5955b94f112f5c553486f2120cfb14705d5cbef18b5c3789,d1ef45b998b0dfe0acaad75dc1eb1b02f571c4314484bbd442ac3d55cd2de5a0,2.3778680148534477,-0.04618804820347577,2.4240560630569234,spatial_elu_pool1,20
EEGNet,OpenBMI_SSVEP,4,0,COMPLETE,d11730326b518db0ae6fc3239bd31ff3f1a2e364ddd293c9b656c2e756a1b56e,3200adc3086ceacf14de9eab06b318d26163a19deeeb4cff6b29ed46f4a7f7e1,57e7a03f24dbf66a5955b94f112f5c553486f2120cfb14705d5cbef18b5c3789,d1ef45b998b0dfe0acaad75dc1eb1b02f571c4314484bbd442ac3d55cd2de5a0,3.162828352302313,-0.741493195717533,3.904321548019846,spatial_elu_pool1,21
EEGNet,OpenBMI_SSVEP,4,0,COMPLETE,d11730326b518db0ae6fc3239bd31ff3f1a2e364ddd293c9b656c2e756a1b56e,3200adc3086ceacf14de9eab06b318d26163a19deeeb4cff6b29ed46f4a7f7e1,57e7a03f24dbf66a5955b94f112f5c553486f2120cfb14705d5cbef18b5c3789,d1ef45b998b0dfe0acaad75dc1eb1b02f571c4314484bbd442ac3d55cd2de5a0,3.3599021149178347,-0.13953172497063182,3.4994338398884666,spatial_elu_pool1,41
EEGNet,OpenBMI_SSVEP,4,0,COMPLETE,d11730326b518db0ae6fc3239bd31ff3f1a2e364ddd293c9b656c2e756a1b56e,3200adc3086ceacf14de9eab06b318d26163a19deeeb4cff6b29ed46f4a7f7e1,57e7a03f24dbf66a5955b94f112f5c553486f2120cfb14705d5cbef18b5c3789,d1ef45b998b0dfe0acaad75dc1eb1b02f571c4314484bbd442ac3d55cd2de5a0,3.9433224524060884,0.11778548770894659,3.8255369646971418,spatial_elu_pool1,44
EEGNet,OpenBMI_SSVEP,4,0,COMPLETE,d11730326b518db0ae6fc3239bd31ff3f1a2e364ddd293c9b656c2e756a1b56e,3200adc3086ceacf14de9eab06b318d26163a19deeeb4cff6b29ed46f4a7f7e1,57e7a03f24dbf66a5955b94f112f5c553486f2120cfb14705d5cbef18b5c3789,d1ef45b998b0dfe0acaad75dc1eb1b02f571c4314484bbd442ac3d55cd2de5a0,3.445139014472564,0.23435549561865665,3.2107835188539076,spatial_elu_pool1,46
EEGNet,OpenBMI_SSVEP,4,0,COMPLETE,d11730326b518db0ae6fc3239bd31ff3f1a2e364ddd293c9b656c2e756a1b56e,3200adc3086ceacf14de9eab06b318d26163a19deeeb4cff6b29ed46f4a7f7e1,57e7a03f24dbf66a5955b94f112f5c553486f2120cfb14705d5cbef18b5c3789,d1ef45b998b0dfe0acaad75dc1eb1b02f571c4314484bbd442ac3d55cd2de5a0,3.4354314766824245,-0.18913750815205344,3.624568984834478,spatial_elu_pool1,53
EEGNet,OpenBMI_SSVEP,4,0,COMPLETE,d11730326b518db0ae6fc3239bd31ff3f1a2e364ddd293c9b656c2e756a1b56e,3200adc3086ceacf14de9eab06b318d26163a19deeeb4cff6b29ed46f4a7f7e1,57e7a03f24dbf66a5955b94f112f5c553486f2120cfb14705d5cbef18b5c3789,d1ef45b998b0dfe0acaad75dc1eb1b02f571c4314484bbd442ac3d55cd2de5a0,3.056717795630296,-0.16836440972983802,3.2250822053601342,depth_point_elu_pool2,7
EEGNet,OpenBMI_SSVEP,4,0,COMPLETE,d11730326b518db0ae6fc3239bd31ff3f1a2e364ddd293c9b656c2e756a1b56e,3200adc3086ceacf14de9eab06b318d26163a19deeeb4cff6b29ed46f4a7f7e1,57e7a03f24dbf66a5955b94f112f5c553486f2120cfb14705d5cbef18b5c3789,d1ef45b998b0dfe0acaad75dc1eb1b02f571c4314484bbd442ac3d55cd2de5a0,2.349494885032376,-0.25696861445593333,2.606463499488309,depth_point_elu_pool2,9
EEGNet,OpenBMI_SSVEP,4,0,COMPLETE,d11730326b518db0ae6fc3239bd31ff3f1a2e364ddd293c9b656c2e756a1b56e,3200adc3086ceacf14de9eab06b318d26163a19deeeb4cff6b29ed46f4a7f7e1,57e7a03f24dbf66a5955b94f112f5c553486f2120cfb14705d5cbef18b5c3789,d1ef45b998b0dfe0acaad75dc1eb1b02f571c4314484bbd442ac3d55cd2de5a0,2.2188708490381637,-0.2721556066333628,2.4910264556715265,depth_point_elu_pool2,20
EEGNet,OpenBMI_SSVEP,4,0,COMPLETE,d11730326b518db0ae6fc3239bd31ff3f1a2e364ddd293c9b656c2e756a1b56e,3200adc3086ceacf14de9eab06b318d26163a19deeeb4cff6b29ed46f4a7f7e1,57e7a03f24dbf66a5955b94f112f5c553486f2120cfb14705d5cbef18b5c3789,d1ef45b998b0dfe0acaad75dc1eb1b02f571c4314484bbd442ac3d55cd2de5a0,3.7944853641092777,-0.3263521631527695,4.120837527262047,depth_point_elu_pool2,21
EEGNet,OpenBMI_SSVEP,4,0,COMPLETE,d11730326b518db0ae6fc3239bd31ff3f1a2e364ddd293c9b656c2e756a1b56e,3200adc3086ceacf14de9eab06b318d26163a19deeeb4cff6b29ed46f4a7f7e1,57e7a03f24dbf66a5955b94f112f5c553486f2120cfb14705d5cbef18b5c3789,d1ef45b998b0dfe0acaad75dc1eb1b02f571c4314484bbd442ac3d55cd2de5a0,3.166979523996512,-0.13884917219790394,3.305828696194416,depth_point_elu_pool2,41
EEGNet,OpenBMI_SSVEP,4,0,COMPLETE,d11730326b518db0ae6fc3239bd31ff3f1a2e364ddd293c9b656c2e756a1b56e,3200adc3086ceacf14de9eab06b318d26163a19deeeb4cff6b29ed46f4a7f7e1,57e7a03f24dbf66a5955b94f112f5c553486f2120cfb14705d5cbef18b5c3789,d1ef45b998b0dfe0acaad75dc1eb1b02f571c4314484bbd442ac3d55cd2de5a0,4.07821743004024,0.17324734208639825,3.904970087953842,depth_point_elu_pool2,44
EEGNet,OpenBMI_SSVEP,4,0,COMPLETE,d11730326b518db0ae6fc3239bd31ff3f1a2e364ddd293c9b656c2e756a1b56e,3200adc3086ceacf14de9eab06b318d26163a19deeeb4cff6b29ed46f4a7f7e1,57e7a03f24dbf66a5955b94f112f5c553486f2120cfb14705d5cbef18b5c3789,d1ef45b998b0dfe0acaad75dc1eb1b02f571c4314484bbd442ac3d55cd2de5a0,2.3294021990150213,-0.22071598293880612,2.5501181819538274,depth_point_elu_pool2,46
EEGNet,OpenBMI_SSVEP,4,0,COMPLETE,d11730326b518db0ae6fc3239bd31ff3f1a2e364ddd293c9b656c2e756a1b56e,3200adc3086ceacf14de9eab06b318d26163a19deeeb4cff6b29ed46f4a7f7e1,57e7a03f24dbf66a5955b94f112f5c553486f2120cfb14705d5cbef18b5c3789,d1ef45b998b0dfe0acaad75dc1eb1b02f571c4314484bbd442ac3d55cd2de5a0,3.1535990641762814,-0.08302934946802809,3.2366284136443095,depth_point_elu_pool2,53
EEGNet,OpenBMI_SSVEP,4,0,COMPLETE,d11730326b518db0ae6fc3239bd31ff3f1a2e364ddd293c9b656c2e756a1b56e,3200adc3086ceacf14de9eab06b318d26163a19deeeb4cff6b29ed46f4a7f7e1,57e7a03f24dbf66a5955b94f112f5c553486f2120cfb14705d5cbef18b5c3789,d1ef45b998b0dfe0acaad75dc1eb1b02f571c4314484bbd442ac3d55cd2de5a0,6.528048297482769e-07,3.805372339460433e-08,6.147511063536726e-07,embedding_64d,7
EEGNet,OpenBMI_SSVEP,4,0,COMPLETE,d11730326b518db0ae6fc3239bd31ff3f1a2e364ddd293c9b656c2e756a1b56e,3200adc3086ceacf14de9eab06b318d26163a19deeeb4cff6b29ed46f4a7f7e1,57e7a03f24dbf66a5955b94f112f5c553486f2120cfb14705d5cbef18b5c3789,d1ef45b998b0dfe0acaad75dc1eb1b02f571c4314484bbd442ac3d55cd2de5a0,7.142317752043917e-07,-4.466080829527505e-08,7.588925834996668e-07,embedding_64d,9
EEGNet,OpenBMI_SSVEP,4,0,COMPLETE,d11730326b518db0ae6fc3239bd31ff3f1a2e364ddd293c9b656c2e756a1b56e,3200adc3086ceacf14de9eab06b318d26163a19deeeb4cff6b29ed46f4a7f7e1,57e7a03f24dbf66a5955b94f112f5c553486f2120cfb14705d5cbef18b5c3789,d1ef45b998b0dfe0acaad75dc1eb1b02f571c4314484bbd442ac3d55cd2de5a0,6.192783950827637e-07,1.4983484567891418e-09,6.177800466259746e-07,embedding_64d,20
EEGNet,OpenBMI_SSVEP,4,0,COMPLETE,d11730326b518db0ae6fc3239bd31ff3f1a2e364ddd293c9b656c2e756a1b56e,3200adc3086ceacf14de9eab06b318d26163a19deeeb4cff6b29ed46f4a7f7e1,57e7a03f24dbf66a5955b94f112f5c553486f2120cfb14705d5cbef18b5c3789,d1ef45b998b0dfe0acaad75dc1eb1b02f571c4314484bbd442ac3d55cd2de5a0,7.251294732076493e-07,3.2227685039891054e-08,6.929017881677583e-07,embedding_64d,21
EEGNet,OpenBMI_SSVEP,4,0,COMPLETE,d11730326b518db0ae6fc3239bd31ff3f1a2e364ddd293c9b656c2e756a1b56e,3200adc3086ceacf14de9eab06b318d26163a19deeeb4cff6b29ed46f4a7f7e1,57e7a03f24dbf66a5955b94f112f5c553486f2120cfb14705d5cbef18b5c3789,d1ef45b998b0dfe0acaad75dc1eb1b02f571c4314484bbd442ac3d55cd2de5a0,6.274838086165838e-07,-2.1764493395119374e-08,6.492483020117032e-07,embedding_64d,41
EEGNet,OpenBMI_SSVEP,4,0,COMPLETE,d11730326b518db0ae6fc3239bd31ff3f1a2e364ddd293c9b656c2e756a1b56e,3200adc3086ceacf14de9eab06b318d26163a19deeeb4cff6b29ed46f4a7f7e1,57e7a03f24dbf66a5955b94f112f5c553486f2120cfb14705d5cbef18b5c3789,d1ef45b998b0dfe0acaad75dc1eb1b02f571c4314484bbd442ac3d55cd2de5a0,7.592962332214626e-07,5.5412466838008066e-08,7.038837663834545e-07,embedding_64d,44
EEGNet,OpenBMI_SSVEP,4,0,COMPLETE,d11730326b518db0ae6fc3239bd31ff3f1a2e364ddd293c9b656c2e756a1b56e,3200adc3086ceacf14de9eab06b318d26163a19deeeb4cff6b29ed46f4a7f7e1,57e7a03f24dbf66a5955b94f112f5c553486f2120cfb14705d5cbef18b5c3789,d1ef45b998b0dfe0acaad75dc1eb1b02f571c4314484bbd442ac3d55cd2de5a0,7.265969831730482e-07,6.605432905685636e-08,6.605426541161919e-07,embedding_64d,46
EEGNet,OpenBMI_SSVEP,4,0,COMPLETE,d11730326b518db0ae6fc3239bd31ff3f1a2e364ddd293c9b656c2e756a1b56e,3200adc3086ceacf14de9eab06b318d26163a19deeeb4cff6b29ed46f4a7f7e1,57e7a03f24dbf66a5955b94f112f5c553486f2120cfb14705d5cbef18b5c3789,d1ef45b998b0dfe0acaad75dc1eb1b02f571c4314484bbd442ac3d55cd2de5a0,6.996750820202161e-07,1.1734000607462507e-08,6.879410814127536e-07,embedding_64d,53
EEGConformer,OpenBMI_MI,0,0,COMPLETE,cc650b3011d1f05b208cc93fbebf98ab89bc1749213f02afb8667177212859f1,cee6edec269b727f9d7ced232b8769fdda772457625ebf29de6300167f3e4987,f4db8aa0feb8eaf7d9d9cae6b55db56631c45f185d871a3964f627eb1efa9148,726edcc0562bed30af66b54299e416141675ffc545903804ac376c96a62fe068,0.9592553863330977,0.0034897515014745695,0.9557656348316231,patch_tokenizer,3
EEGConformer,OpenBMI_MI,0,0,COMPLETE,cc650b3011d1f05b208cc93fbebf98ab89bc1749213f02afb8667177212859f1,cee6edec269b727f9d7ced232b8769fdda772457625ebf29de6300167f3e4987,f4db8aa0feb8eaf7d9d9cae6b55db56631c45f185d871a3964f627eb1efa9148,726edcc0562bed30af66b54299e416141675ffc545903804ac376c96a62fe068,1.043431781232357,-0.12087706991282166,1.1643088511451787,patch_tokenizer,5
EEGConformer,OpenBMI_MI,0,0,COMPLETE,cc650b3011d1f05b208cc93fbebf98ab89bc1749213f02afb8667177212859f1,cee6edec269b727f9d7ced232b8769fdda772457625ebf29de6300167f3e4987,f4db8aa0feb8eaf7d9d9cae6b55db56631c45f185d871a3964f627eb1efa9148,726edcc0562bed30af66b54299e416141675ffc545903804ac376c96a62fe068,0.9406913742423058,-0.11398393629671766,1.0546753105390234,patch_tokenizer,6
EEGConformer,OpenBMI_MI,0,0,COMPLETE,cc650b3011d1f05b208cc93fbebf98ab89bc1749213f02afb8667177212859f1,cee6edec269b727f9d7ced232b8769fdda772457625ebf29de6300167f3e4987,f4db8aa0feb8eaf7d9d9cae6b55db56631c45f185d871a3964f627eb1efa9148,726edcc0562bed30af66b54299e416141675ffc545903804ac376c96a62fe068,1.0522161763801705,-0.16616426123189743,1.218380437612068,patch_tokenizer,15
EEGConformer,OpenBMI_MI,0,0,COMPLETE,cc650b3011d1f05b208cc93fbebf98ab89bc1749213f02afb8667177212859f1,cee6edec269b727f9d7ced232b8769fdda772457625ebf29de6300167f3e4987,f4db8aa0feb8eaf7d9d9cae6b55db56631c45f185d871a3964f627eb1efa9148,726edcc0562bed30af66b54299e416141675ffc545903804ac376c96a62fe068,1.2888234537094831,0.023702005825398276,1.2651214478840849,patch_tokenizer,32
EEGConformer,OpenBMI_MI,0,0,COMPLETE,cc650b3011d1f05b208cc93fbebf98ab89bc1749213f02afb8667177212859f1,cee6edec269b727f9d7ced232b8769fdda772457625ebf29de6300167f3e4987,f4db8aa0feb8eaf7d9d9cae6b55db56631c45f185d871a3964f627eb1efa9148,726edcc0562bed30af66b54299e416141675ffc545903804ac376c96a62fe068,0.6773507399484515,-0.06401058486546385,0.7413613248139154,patch_tokenizer,33
EEGConformer,OpenBMI_MI,0,0,COMPLETE,cc650b3011d1f05b208cc93fbebf98ab89bc1749213f02afb8667177212859f1,cee6edec269b727f9d7ced232b8769fdda772457625ebf29de6300167f3e4987,f4db8aa0feb8eaf7d9d9cae6b55db56631c45f185d871a3964f627eb1efa9148,726edcc0562bed30af66b54299e416141675ffc545903804ac376c96a62fe068,1.1392163692507893,0.2057003451592755,0.9335160240915138,patch_tokenizer,38
EEGConformer,OpenBMI_MI,0,0,COMPLETE,cc650b3011d1f05b208cc93fbebf98ab89bc1749213f02afb8667177212859f1,cee6edec269b727f9d7ced232b8769fdda772457625ebf29de6300167f3e4987,f4db8aa0feb8eaf7d9d9cae6b55db56631c45f185d871a3964f627eb1efa9148,726edcc0562bed30af66b54299e416141675ffc545903804ac376c96a62fe068,0.9351826841011643,-0.039364525955179475,0.9745472100563438,patch_tokenizer,47
EEGConformer,OpenBMI_MI,0,0,COMPLETE,cc650b3011d1f05b208cc93fbebf98ab89bc1749213f02afb8667177212859f1,cee6edec269b727f9d7ced232b8769fdda772457625ebf29de6300167f3e4987,f4db8aa0feb8eaf7d9d9cae6b55db56631c45f185d871a3964f627eb1efa9148,726edcc0562bed30af66b54299e416141675ffc545903804ac376c96a62fe068,0.7205107621848583,0.07790047209506157,0.6426102900897968,conformer_block2,3
EEGConformer,OpenBMI_MI,0,0,COMPLETE,cc650b3011d1f05b208cc93fbebf98ab89bc1749213f02afb8667177212859f1,cee6edec269b727f9d7ced232b8769fdda772457625ebf29de6300167f3e4987,f4db8aa0feb8eaf7d9d9cae6b55db56631c45f185d871a3964f627eb1efa9148,726edcc0562bed30af66b54299e416141675ffc545903804ac376c96a62fe068,0.5633251899853349,0.17779292809154867,0.3855322618937862,conformer_block2,5
EEGConformer,OpenBMI_MI,0,0,COMPLETE,cc650b3011d1f05b208cc93fbebf98ab89bc1749213f02afb8667177212859f1,cee6edec269b727f9d7ced232b8769fdda772457625ebf29de6300167f3e4987,f4db8aa0feb8eaf7d9d9cae6b55db56631c45f185d871a3964f627eb1efa9148,726edcc0562bed30af66b54299e416141675ffc545903804ac376c96a62fe068,0.5569728026166558,-0.09834364013964658,0.6553164427563024,conformer_block2,6
EEGConformer,OpenBMI_MI,0,0,COMPLETE,cc650b3011d1f05b208cc93fbebf98ab89bc1749213f02afb8667177212859f1,cee6edec269b727f9d7ced232b8769fdda772457625ebf29de6300167f3e4987,f4db8aa0feb8eaf7d9d9cae6b55db56631c45f185d871a3964f627eb1efa9148,726edcc0562bed30af66b54299e416141675ffc545903804ac376c96a62fe068,0.41413357108831406,-0.31389798545278613,0.7280315565411002,conformer_block2,15
EEGConformer,OpenBMI_MI,0,0,COMPLETE,cc650b3011d1f05b208cc93fbebf98ab89bc1749213f02afb8667177212859f1,cee6edec269b727f9d7ced232b8769fdda772457625ebf29de6300167f3e4987,f4db8aa0feb8eaf7d9d9cae6b55db56631c45f185d871a3964f627eb1efa9148,726edcc0562bed30af66b54299e416141675ffc545903804ac376c96a62fe068,0.31688346760347486,-0.13077880384102175,0.4476622714444966,conformer_block2,32
EEGConformer,OpenBMI_MI,0,0,COMPLETE,cc650b3011d1f05b208cc93fbebf98ab89bc1749213f02afb8667177212859f1,cee6edec269b727f9d7ced232b8769fdda772457625ebf29de6300167f3e4987,f4db8aa0feb8eaf7d9d9cae6b55db56631c45f185d871a3964f627eb1efa9148,726edcc0562bed30af66b54299e416141675ffc545903804ac376c96a62fe068,0.28018999728374183,-0.12297143015069195,0.4031614274344338,conformer_block2,33
EEGConformer,OpenBMI_MI,0,0,COMPLETE,cc650b3011d1f05b208cc93fbebf98ab89bc1749213f02afb8667177212859f1,cee6edec269b727f9d7ced232b8769fdda772457625ebf29de6300167f3e4987,f4db8aa0feb8eaf7d9d9cae6b55db56631c45f185d871a3964f627eb1efa9148,726edcc0562bed30af66b54299e416141675ffc545903804ac376c96a62fe068,0.37625732459127903,-0.015051892743358608,0.39130921733463764,conformer_block2,38
EEGConformer,OpenBMI_MI,0,0,COMPLETE,cc650b3011d1f05b208cc93fbebf98ab89bc1749213f02afb8667177212859f1,cee6edec269b727f9d7ced232b8769fdda772457625ebf29de6300167f3e4987,f4db8aa0feb8eaf7d9d9cae6b55db56631c45f185d871a3964f627eb1efa9148,726edcc0562bed30af66b54299e416141675ffc545903804ac376c96a62fe068,0.2502424349077046,-0.016462522663641732,0.2667049575713463,conformer_block2,47
EEGConformer,OpenBMI_MI,0,0,COMPLETE,cc650b3011d1f05b208cc93fbebf98ab89bc1749213f02afb8667177212859f1,cee6edec269b727f9d7ced232b8769fdda772457625ebf29de6300167f3e4987,f4db8aa0feb8eaf7d9d9cae6b55db56631c45f185d871a3964f627eb1efa9148,726edcc0562bed30af66b54299e416141675ffc545903804ac376c96a62fe068,0.43101091915741563,0.05148870464447097,0.37952221451294466,conformer_block4,3
EEGConformer,OpenBMI_MI,0,0,COMPLETE,cc650b3011d1f05b208cc93fbebf98ab89bc1749213f02afb8667177212859f1,cee6edec269b727f9d7ced232b8769fdda772457625ebf29de6300167f3e4987,f4db8aa0feb8eaf7d9d9cae6b55db56631c45f185d871a3964f627eb1efa9148,726edcc0562bed30af66b54299e416141675ffc545903804ac376c96a62fe068,0.2634604013437638,-0.08864577024156461,0.3521061715853284,conformer_block4,5
EEGConformer,OpenBMI_MI,0,0,COMPLETE,cc650b3011d1f05b208cc93fbebf98ab89bc1749213f02afb8667177212859f1,cee6edec269b727f9d7ced232b8769fdda772457625ebf29de6300167f3e4987,f4db8aa0feb8eaf7d9d9cae6b55db56631c45f185d871a3964f627eb1efa9148,726edcc0562bed30af66b54299e416141675ffc545903804ac376c96a62fe068,0.481233001453802,-0.0044494396467053,0.4856824411005073,conformer_block4,6
EEGConformer,OpenBMI_MI,0,0,COMPLETE,cc650b3011d1f05b208cc93fbebf98ab89bc1749213f02afb8667177212859f1,cee6edec269b727f9d7ced232b8769fdda772457625ebf29de6300167f3e4987,f4db8aa0feb8eaf7d9d9cae6b55db56631c45f185d871a3964f627eb1efa9148,726edcc0562bed30af66b54299e416141675ffc545903804ac376c96a62fe068,0.3768707229755819,0.0550588159543986,0.3218119070211833,conformer_block4,15
EEGConformer,OpenBMI_MI,0,0,COMPLETE,cc650b3011d1f05b208cc93fbebf98ab89bc1749213f02afb8667177212859f1,cee6edec269b727f9d7ced232b8769fdda772457625ebf29de6300167f3e4987,f4db8aa0feb8eaf7d9d9cae6b55db56631c45f185d871a3964f627eb1efa9148,726edcc0562bed30af66b54299e416141675ffc545903804ac376c96a62fe068,0.40437763929367065,0.10312878571467082,0.30124885357899983,conformer_block4,32
EEGConformer,OpenBMI_MI,0,0,COMPLETE,cc650b3011d1f05b208cc93fbebf98ab89bc1749213f02afb8667177212859f1,cee6edec269b727f9d7ced232b8769fdda772457625ebf29de6300167f3e4987,f4db8aa0feb8eaf7d9d9cae6b55db56631c45f185d871a3964f627eb1efa9148,726edcc0562bed30af66b54299e416141675ffc545903804ac376c96a62fe068,0.36293314304202795,-0.05126208032688284,0.4141952233689108,conformer_block4,33
EEGConformer,OpenBMI_MI,0,0,COMPLETE,cc650b3011d1f05b208cc93fbebf98ab89bc1749213f02afb8667177212859f1,cee6edec269b727f9d7ced232b8769fdda772457625ebf29de6300167f3e4987,f4db8aa0feb8eaf7d9d9cae6b55db56631c45f185d871a3964f627eb1efa9148,726edcc0562bed30af66b54299e416141675ffc545903804ac376c96a62fe068,0.2135356551152654,-0.04111617805652712,0.2546518331717925,conformer_block4,38
EEGConformer,OpenBMI_MI,0,0,COMPLETE,cc650b3011d1f05b208cc93fbebf98ab89bc1749213f02afb8667177212859f1,cee6edec269b727f9d7ced232b8769fdda772457625ebf29de6300167f3e4987,f4db8aa0feb8eaf7d9d9cae6b55db56631c45f185d871a3964f627eb1efa9148,726edcc0562bed30af66b54299e416141675ffc545903804ac376c96a62fe068,0.24438556283712387,-0.03722249457327509,0.28160805741039896,conformer_block4,47
EEGConformer,OpenBMI_MI,0,0,COMPLETE,cc650b3011d1f05b208cc93fbebf98ab89bc1749213f02afb8667177212859f1,cee6edec269b727f9d7ced232b8769fdda772457625ebf29de6300167f3e4987,f4db8aa0feb8eaf7d9d9cae6b55db56631c45f185d871a3964f627eb1efa9148,726edcc0562bed30af66b54299e416141675ffc545903804ac376c96a62fe068,0.21551682986319065,-0.05046931213029893,0.2659861419934896,conformer_block6,3
EEGConformer,OpenBMI_MI,0,0,COMPLETE,cc650b3011d1f05b208cc93fbebf98ab89bc1749213f02afb8667177212859f1,cee6edec269b727f9d7ced232b8769fdda772457625ebf29de6300167f3e4987,f4db8aa0feb8eaf7d9d9cae6b55db56631c45f185d871a3964f627eb1efa9148,726edcc0562bed30af66b54299e416141675ffc545903804ac376c96a62fe068,0.36529711820185184,0.02907487565891642,0.3362222425429354,conformer_block6,5
EEGConformer,OpenBMI_MI,0,0,COMPLETE,cc650b3011d1f05b208cc93fbebf98ab89bc1749213f02afb8667177212859f1,cee6edec269b727f9d7ced232b8769fdda772457625ebf29de6300167f3e4987,f4db8aa0feb8eaf7d9d9cae6b55db56631c45f185d871a3964f627eb1efa9148,726edcc0562bed30af66b54299e416141675ffc545903804ac376c96a62fe068,0.3856901426333934,-0.17394114469148914,0.5596312873248825,conformer_block6,6
EEGConformer,OpenBMI_MI,0,0,COMPLETE,cc650b3011d1f05b208cc93fbebf98ab89bc1749213f02afb8667177212859f1,cee6edec269b727f9d7ced232b8769fdda772457625ebf29de6300167f3e4987,f4db8aa0feb8eaf7d9d9cae6b55db56631c45f185d871a3964f627eb1efa9148,726edcc0562bed30af66b54299e416141675ffc545903804ac376c96a62fe068,0.37299932911992073,-0.04015566854817282,0.41315499766809355,conformer_block6,15
EEGConformer,OpenBMI_MI,0,0,COMPLETE,cc650b3011d1f05b208cc93fbebf98ab89bc1749213f02afb8667177212859f1,cee6edec269b727f9d7ced232b8769fdda772457625ebf29de6300167f3e4987,f4db8aa0feb8eaf7d9d9cae6b55db56631c45f185d871a3964f627eb1efa9148,726edcc0562bed30af66b54299e416141675ffc545903804ac376c96a62fe068,0.17543596611358225,-0.021449300384219883,0.19688526649780214,conformer_block6,32
EEGConformer,OpenBMI_MI,0,0,COMPLETE,cc650b3011d1f05b208cc93fbebf98ab89bc1749213f02afb8667177212859f1,cee6edec269b727f9d7ced232b8769fdda772457625ebf29de6300167f3e4987,f4db8aa0feb8eaf7d9d9cae6b55db56631c45f185d871a3964f627eb1efa9148,726edcc0562bed30af66b54299e416141675ffc545903804ac376c96a62fe068,0.2829857664182782,0.001677939207438639,0.2813078272108396,conformer_block6,33
EEGConformer,OpenBMI_MI,0,0,COMPLETE,cc650b3011d1f05b208cc93fbebf98ab89bc1749213f02afb8667177212859f1,cee6edec269b727f9d7ced232b8769fdda772457625ebf29de6300167f3e4987,f4db8aa0feb8eaf7d9d9cae6b55db56631c45f185d871a3964f627eb1efa9148,726edcc0562bed30af66b54299e416141675ffc545903804ac376c96a62fe068,0.24707152834162116,-0.08770118946496952,0.3347727178065907,conformer_block6,38
EEGConformer,OpenBMI_MI,0,0,COMPLETE,cc650b3011d1f05b208cc93fbebf98ab89bc1749213f02afb8667177212859f1,cee6edec269b727f9d7ced232b8769fdda772457625ebf29de6300167f3e4987,f4db8aa0feb8eaf7d9d9cae6b55db56631c45f185d871a3964f627eb1efa9148,726edcc0562bed30af66b54299e416141675ffc545903804ac376c96a62fe068,0.12235068762674928,-0.07663499481651342,0.1989856824432627,conformer_block6,47
EEGConformer,OpenBMI_MI,0,0,COMPLETE,cc650b3011d1f05b208cc93fbebf98ab89bc1749213f02afb8667177212859f1,cee6edec269b727f9d7ced232b8769fdda772457625ebf29de6300167f3e4987,f4db8aa0feb8eaf7d9d9cae6b55db56631c45f185d871a3964f627eb1efa9148,726edcc0562bed30af66b54299e416141675ffc545903804ac376c96a62fe068,0.08912864327430725,0.011403758846488476,0.07772488442781877,classifier_256_elu,3
EEGConformer,OpenBMI_MI,0,0,COMPLETE,cc650b3011d1f05b208cc93fbebf98ab89bc1749213f02afb8667177212859f1,cee6edec269b727f9d7ced232b8769fdda772457625ebf29de6300167f3e4987,f4db8aa0feb8eaf7d9d9cae6b55db56631c45f185d871a3964f627eb1efa9148,726edcc0562bed30af66b54299e416141675ffc545903804ac376c96a62fe068,0.09969141006149584,0.04917604777798545,0.0505153622835104,classifier_256_elu,5
EEGConformer,OpenBMI_MI,0,0,COMPLETE,cc650b3011d1f05b208cc93fbebf98ab89bc1749213f02afb8667177212859f1,cee6edec269b727f9d7ced232b8769fdda772457625ebf29de6300167f3e4987,f4db8aa0feb8eaf7d9d9cae6b55db56631c45f185d871a3964f627eb1efa9148,726edcc0562bed30af66b54299e416141675ffc545903804ac376c96a62fe068,0.15636352531146258,0.025405005002535286,0.1309585203089273,classifier_256_elu,6
EEGConformer,OpenBMI_MI,0,0,COMPLETE,cc650b3011d1f05b208cc93fbebf98ab89bc1749213f02afb8667177212859f1,cee6edec269b727f9d7ced232b8769fdda772457625ebf29de6300167f3e4987,f4db8aa0feb8eaf7d9d9cae6b55db56631c45f185d871a3964f627eb1efa9148,726edcc0562bed30af66b54299e416141675ffc545903804ac376c96a62fe068,0.12648885120870546,0.03974423601361195,0.08674461519509351,classifier_256_elu,15
EEGConformer,OpenBMI_MI,0,0,COMPLETE,cc650b3011d1f05b208cc93fbebf98ab89bc1749213f02afb8667177212859f1,cee6edec269b727f9d7ced232b8769fdda772457625ebf29de6300167f3e4987,f4db8aa0feb8eaf7d9d9cae6b55db56631c45f185d871a3964f627eb1efa9148,726edcc0562bed30af66b54299e416141675ffc545903804ac376c96a62fe068,0.05256555419327924,-0.006297606878383703,0.058863161071662944,classifier_256_elu,32
EEGConformer,OpenBMI_MI,0,0,COMPLETE,cc650b3011d1f05b208cc93fbebf98ab89bc1749213f02afb8667177212859f1,cee6edec269b727f9d7ced232b8769fdda772457625ebf29de6300167f3e4987,f4db8aa0feb8eaf7d9d9cae6b55db56631c45f185d871a3964f627eb1efa9148,726edcc0562bed30af66b54299e416141675ffc545903804ac376c96a62fe068,0.10075283021433279,0.02693104260022665,0.07382178761410614,classifier_256_elu,33
EEGConformer,OpenBMI_MI,0,0,COMPLETE,cc650b3011d1f05b208cc93fbebf98ab89bc1749213f02afb8667177212859f1,cee6edec269b727f9d7ced232b8769fdda772457625ebf29de6300167f3e4987,f4db8aa0feb8eaf7d9d9cae6b55db56631c45f185d871a3964f627eb1efa9148,726edcc0562bed30af66b54299e416141675ffc545903804ac376c96a62fe068,0.15602545358706266,0.04094825437565419,0.11507719921140847,classifier_256_elu,38
EEGConformer,OpenBMI_MI,0,0,COMPLETE,cc650b3011d1f05b208cc93fbebf98ab89bc1749213f02afb8667177212859f1,cee6edec269b727f9d7ced232b8769fdda772457625ebf29de6300167f3e4987,f4db8aa0feb8eaf7d9d9cae6b55db56631c45f185d871a3964f627eb1efa9148,726edcc0562bed30af66b54299e416141675ffc545903804ac376c96a62fe068,0.07522405654890463,0.001157701502497735,0.07406635504640689,classifier_256_elu,47
EEGConformer,OpenBMI_MI,0,0,COMPLETE,cc650b3011d1f05b208cc93fbebf98ab89bc1749213f02afb8667177212859f1,cee6edec269b727f9d7ced232b8769fdda772457625ebf29de6300167f3e4987,f4db8aa0feb8eaf7d9d9cae6b55db56631c45f185d871a3964f627eb1efa9148,726edcc0562bed30af66b54299e416141675ffc545903804ac376c96a62fe068,1.0141585304879186e-07,-1.0227196081680207e-08,1.1164304913047207e-07,classifier_32_elu,3
EEGConformer,OpenBMI_MI,0,0,COMPLETE,cc650b3011d1f05b208cc93fbebf98ab89bc1749213f02afb8667177212859f1,cee6edec269b727f9d7ced232b8769fdda772457625ebf29de6300167f3e4987,f4db8aa0feb8eaf7d9d9cae6b55db56631c45f185d871a3964f627eb1efa9148,726edcc0562bed30af66b54299e416141675ffc545903804ac376c96a62fe068,1.18867282239421e-07,-3.068158708569024e-08,1.4954886932511124e-07,classifier_32_elu,5
EEGConformer,OpenBMI_MI,0,0,COMPLETE,cc650b3011d1f05b208cc93fbebf98ab89bc1749213f02afb8667177212859f1,cee6edec269b727f9d7ced232b8769fdda772457625ebf29de6300167f3e4987,f4db8aa0feb8eaf7d9d9cae6b55db56631c45f185d871a3964f627eb1efa9148,726edcc0562bed30af66b54299e416141675ffc545903804ac376c96a62fe068,1.8439246085577565e-07,-1.2749419990853995e-08,1.9714188084662965e-07,classifier_32_elu,6
EEGConformer,OpenBMI_MI,0,0,COMPLETE,cc650b3011d1f05b208cc93fbebf98ab89bc1749213f02afb8667177212859f1,cee6edec269b727f9d7ced232b8769fdda772457625ebf29de6300167f3e4987,f4db8aa0feb8eaf7d9d9cae6b55db56631c45f185d871a3964f627eb1efa9148,726edcc0562bed30af66b54299e416141675ffc545903804ac376c96a62fe068,5.136646963332936e-08,-7.725385583468026e-08,1.2862032546800962e-07,classifier_32_elu,15
EEGConformer,OpenBMI_MI,0,0,COMPLETE,cc650b3011d1f05b208cc93fbebf98ab89bc1749213f02afb8667177212859f1,cee6edec269b727f9d7ced232b8769fdda772457625ebf29de6300167f3e4987,f4db8aa0feb8eaf7d9d9cae6b55db56631c45f185d871a3964f627eb1efa9148,726edcc0562bed30af66b54299e416141675ffc545903804ac376c96a62fe068,1.3697725487205048e-07,-2.5182741048013224e-08,1.621599959200637e-07,classifier_32_elu,32
EEGConformer,OpenBMI_MI,0,0,COMPLETE,cc650b3011d1f05b208cc93fbebf98ab89bc1749213f02afb8667177212859f1,cee6edec269b727f9d7ced232b8769fdda772457625ebf29de6300167f3e4987,f4db8aa0feb8eaf7d9d9cae6b55db56631c45f185d871a3964f627eb1efa9148,726edcc0562bed30af66b54299e416141675ffc545903804ac376c96a62fe068,1.3302598844688873e-07,8.801447209938473e-09,1.2422454123695026e-07,classifier_32_elu,33
EEGConformer,OpenBMI_MI,0,0,COMPLETE,cc650b3011d1f05b208cc93fbebf98ab89bc1749213f02afb8667177212859f1,cee6edec269b727f9d7ced232b8769fdda772457625ebf29de6300167f3e4987,f4db8aa0feb8eaf7d9d9cae6b55db56631c45f185d871a3964f627eb1efa9148,726edcc0562bed30af66b54299e416141675ffc545903804ac376c96a62fe068,1.4356269745219308e-07,2.445175379006681e-08,1.1911094366212627e-07,classifier_32_elu,38
EEGConformer,OpenBMI_MI,0,0,COMPLETE,cc650b3011d1f05b208cc93fbebf98ab89bc1749213f02afb8667177212859f1,cee6edec269b727f9d7ced232b8769fdda772457625ebf29de6300167f3e4987,f4db8aa0feb8eaf7d9d9cae6b55db56631c45f185d871a3964f627eb1efa9148,726edcc0562bed30af66b54299e416141675ffc545903804ac376c96a62fe068,5.465919317160228e-08,-5.959827776014227e-09,6.061902094761651e-08,classifier_32_elu,47
EEGConformer,OpenBMI_MI,1,0,COMPLETE,38b50eed3b72893c0868bcc86ab55cb249d76fa0a32a375b352d6dbb37768a3e,742e9affd197484466bda0bb2e2718322983a1dfc1736f85f5088470bf57a177,84b96651efea4c5f357b4f570fb71a0bd566ca90813fa0197d20a19b96e57e43,726edcc0562bed30af66b54299e416141675ffc545903804ac376c96a62fe068,0.16133823059499264,-0.19106668402291688,0.3524049146179095,patch_tokenizer,2
EEGConformer,OpenBMI_MI,1,0,COMPLETE,38b50eed3b72893c0868bcc86ab55cb249d76fa0a32a375b352d6dbb37768a3e,742e9affd197484466bda0bb2e2718322983a1dfc1736f85f5088470bf57a177,84b96651efea4c5f357b4f570fb71a0bd566ca90813fa0197d20a19b96e57e43,726edcc0562bed30af66b54299e416141675ffc545903804ac376c96a62fe068,0.4000902436673641,-0.12166894108100679,0.5217591847483709,patch_tokenizer,14
EEGConformer,OpenBMI_MI,1,0,COMPLETE,38b50eed3b72893c0868bcc86ab55cb249d76fa0a32a375b352d6dbb37768a3e,742e9affd197484466bda0bb2e2718322983a1dfc1736f85f5088470bf57a177,84b96651efea4c5f357b4f570fb71a0bd566ca90813fa0197d20a19b96e57e43,726edcc0562bed30af66b54299e416141675ffc545903804ac376c96a62fe068,0.6038717022165656,0.02059564640832834,0.5832760558082373,patch_tokenizer,26
EEGConformer,OpenBMI_MI,1,0,COMPLETE,38b50eed3b72893c0868bcc86ab55cb249d76fa0a32a375b352d6dbb37768a3e,742e9affd197484466bda0bb2e2718322983a1dfc1736f85f5088470bf57a177,84b96651efea4c5f357b4f570fb71a0bd566ca90813fa0197d20a19b96e57e43,726edcc0562bed30af66b54299e416141675ffc545903804ac376c96a62fe068,0.6280829776078463,0.036979014015814715,0.5911039635920315,patch_tokenizer,28
EEGConformer,OpenBMI_MI,1,0,COMPLETE,38b50eed3b72893c0868bcc86ab55cb249d76fa0a32a375b352d6dbb37768a3e,742e9affd197484466bda0bb2e2718322983a1dfc1736f85f5088470bf57a177,84b96651efea4c5f357b4f570fb71a0bd566ca90813fa0197d20a19b96e57e43,726edcc0562bed30af66b54299e416141675ffc545903804ac376c96a62fe068,0.5470579117536545,0.12601682615495519,0.4210410855986993,patch_tokenizer,31
EEGConformer,OpenBMI_MI,1,0,COMPLETE,38b50eed3b72893c0868bcc86ab55cb249d76fa0a32a375b352d6dbb37768a3e,742e9affd197484466bda0bb2e2718322983a1dfc1736f85f5088470bf57a177,84b96651efea4c5f357b4f570fb71a0bd566ca90813fa0197d20a19b96e57e43,726edcc0562bed30af66b54299e416141675ffc545903804ac376c96a62fe068,0.801884301006794,-0.034976027554585065,0.836860328561379,patch_tokenizer,35
EEGConformer,OpenBMI_MI,1,0,COMPLETE,38b50eed3b72893c0868bcc86ab55cb249d76fa0a32a375b352d6dbb37768a3e,742e9affd197484466bda0bb2e2718322983a1dfc1736f85f5088470bf57a177,84b96651efea4c5f357b4f570fb71a0bd566ca90813fa0197d20a19b96e57e43,726edcc0562bed30af66b54299e416141675ffc545903804ac376c96a62fe068,0.3094206294044852,-0.05703924071247457,0.3664598701169598,patch_tokenizer,40
EEGConformer,OpenBMI_MI,1,0,COMPLETE,38b50eed3b72893c0868bcc86ab55cb249d76fa0a32a375b352d6dbb37768a3e,742e9affd197484466bda0bb2e2718322983a1dfc1736f85f5088470bf57a177,84b96651efea4c5f357b4f570fb71a0bd566ca90813fa0197d20a19b96e57e43,726edcc0562bed30af66b54299e416141675ffc545903804ac376c96a62fe068,0.5319901779294014,0.0894984092825325,0.4424917686468689,patch_tokenizer,43
EEGConformer,OpenBMI_MI,1,0,COMPLETE,38b50eed3b72893c0868bcc86ab55cb249d76fa0a32a375b352d6dbb37768a3e,742e9affd197484466bda0bb2e2718322983a1dfc1736f85f5088470bf57a177,84b96651efea4c5f357b4f570fb71a0bd566ca90813fa0197d20a19b96e57e43,726edcc0562bed30af66b54299e416141675ffc545903804ac376c96a62fe068,0.17322295205667615,-0.03384228464143235,0.2070652366981085,conformer_block2,2
EEGConformer,OpenBMI_MI,1,0,COMPLETE,38b50eed3b72893c0868bcc86ab55cb249d76fa0a32a375b352d6dbb37768a3e,742e9affd197484466bda0bb2e2718322983a1dfc1736f85f5088470bf57a177,84b96651efea4c5f357b4f570fb71a0bd566ca90813fa0197d20a19b96e57e43,726edcc0562bed30af66b54299e416141675ffc545903804ac376c96a62fe068,0.45584546821191907,0.1406777688812872,0.3151676993306319,conformer_block2,14
EEGConformer,OpenBMI_MI,1,0,COMPLETE,38b50eed3b72893c0868bcc86ab55cb249d76fa0a32a375b352d6dbb37768a3e,742e9affd197484466bda0bb2e2718322983a1dfc1736f85f5088470bf57a177,84b96651efea4c5f357b4f570fb71a0bd566ca90813fa0197d20a19b96e57e43,726edcc0562bed30af66b54299e416141675ffc545903804ac376c96a62fe068,0.40316633880138397,-0.0010111432835419043,0.4041774820849259,conformer_block2,26
EEGConformer,OpenBMI_MI,1,0,COMPLETE,38b50eed3b72893c0868bcc86ab55cb249d76fa0a32a375b352d6dbb37768a3e,742e9affd197484466bda0bb2e2718322983a1dfc1736f85f5088470bf57a177,84b96651efea4c5f357b4f570fb71a0bd566ca90813fa0197d20a19b96e57e43,726edcc0562bed30af66b54299e416141675ffc545903804ac376c96a62fe068,0.22708878479897976,-0.03381039923930074,0.2608991840382805,conformer_block2,28
EEGConformer,OpenBMI_MI,1,0,COMPLETE,38b50eed3b72893c0868bcc86ab55cb249d76fa0a32a375b352d6dbb37768a3e,742e9affd197484466bda0bb2e2718322983a1dfc1736f85f5088470bf57a177,84b96651efea4c5f357b4f570fb71a0bd566ca90813fa0197d20a19b96e57e43,726edcc0562bed30af66b54299e416141675ffc545903804ac376c96a62fe068,0.399352690204978,0.1347156027440542,0.2646370874609238,conformer_block2,31
EEGConformer,OpenBMI_MI,1,0,COMPLETE,38b50eed3b72893c0868bcc86ab55cb249d76fa0a32a375b352d6dbb37768a3e,742e9affd197484466bda0bb2e2718322983a1dfc1736f85f5088470bf57a177,84b96651efea4c5f357b4f570fb71a0bd566ca90813fa0197d20a19b96e57e43,726edcc0562bed30af66b54299e416141675ffc545903804ac376c96a62fe068,0.39889966137707233,-0.025326342509724764,0.4242260038867971,conformer_block2,35
EEGConformer,OpenBMI_MI,1,0,COMPLETE,38b50eed3b72893c0868bcc86ab55cb249d76fa0a32a375b352d6dbb37768a3e,742e9affd197484466bda0bb2e2718322983a1dfc1736f85f5088470bf57a177,84b96651efea4c5f357b4f570fb71a0bd566ca90813fa0197d20a19b96e57e43,726edcc0562bed30af66b54299e416141675ffc545903804ac376c96a62fe068,0.22162885527359322,0.024646366482493243,0.19698248879109997,conformer_block2,40
EEGConformer,OpenBMI_MI,1,0,COMPLETE,38b50eed3b72893c0868bcc86ab55cb249d76fa0a32a375b352d6dbb37768a3e,742e9affd197484466bda0bb2e2718322983a1dfc1736f85f5088470bf57a177,84b96651efea4c5f357b4f570fb71a0bd566ca90813fa0197d20a19b96e57e43,726edcc0562bed30af66b54299e416141675ffc545903804ac376c96a62fe068,0.3410257587675005,0.07147060752620749,0.26955515124129303,conformer_block2,43
EEGConformer,OpenBMI_MI,1,0,COMPLETE,38b50eed3b72893c0868bcc86ab55cb249d76fa0a32a375b352d6dbb37768a3e,742e9affd197484466bda0bb2e2718322983a1dfc1736f85f5088470bf57a177,84b96651efea4c5f357b4f570fb71a0bd566ca90813fa0197d20a19b96e57e43,726edcc0562bed30af66b54299e416141675ffc545903804ac376c96a62fe068,0.25252408703090623,0.04616118223035301,0.20636290480055322,conformer_block4,2
EEGConformer,OpenBMI_MI,1,0,COMPLETE,38b50eed3b72893c0868bcc86ab55cb249d76fa0a32a375b352d6dbb37768a3e,742e9affd197484466bda0bb2e2718322983a1dfc1736f85f5088470bf57a177,84b96651efea4c5f357b4f570fb71a0bd566ca90813fa0197d20a19b96e57e43,726edcc0562bed30af66b54299e416141675ffc545903804ac376c96a62fe068,0.17996057751588523,-0.05396772137133665,0.23392829888722189,conformer_block4,14
EEGConformer,OpenBMI_MI,1,0,COMPLETE,38b50eed3b72893c0868bcc86ab55cb249d76fa0a32a375b352d6dbb37768a3e,742e9affd197484466bda0bb2e2718322983a1dfc1736f85f5088470bf57a177,84b96651efea4c5f357b4f570fb71a0bd566ca90813fa0197d20a19b96e57e43,726edcc0562bed30af66b54299e416141675ffc545903804ac376c96a62fe068,0.3219601083546877,0.011185883892321724,0.31077422446236597,conformer_block4,26
EEGConformer,OpenBMI_MI,1,0,COMPLETE,38b50eed3b72893c0868bcc86ab55cb249d76fa0a32a375b352d6dbb37768a3e,742e9affd197484466bda0bb2e2718322983a1dfc1736f85f5088470bf57a177,84b96651efea4c5f357b4f570fb71a0bd566ca90813fa0197d20a19b96e57e43,726edcc0562bed30af66b54299e416141675ffc545903804ac376c96a62fe068,0.19410060840891674,-0.00014767093646697593,0.19424827934538372,conformer_block4,28
EEGConformer,OpenBMI_MI,1,0,COMPLETE,38b50eed3b72893c0868bcc86ab55cb249d76fa0a32a375b352d6dbb37768a3e,742e9affd197484466bda0bb2e2718322983a1dfc1736f85f5088470bf57a177,84b96651efea4c5f357b4f570fb71a0bd566ca90813fa0197d20a19b96e57e43,726edcc0562bed30af66b54299e416141675ffc545903804ac376c96a62fe068,0.3508475401904434,0.12436550113328848,0.22648203905715492,conformer_block4,31
EEGConformer,OpenBMI_MI,1,0,COMPLETE,38b50eed3b72893c0868bcc86ab55cb249d76fa0a32a375b352d6dbb37768a3e,742e9affd197484466bda0bb2e2718322983a1dfc1736f85f5088470bf57a177,84b96651efea4c5f357b4f570fb71a0bd566ca90813fa0197d20a19b96e57e43,726edcc0562bed30af66b54299e416141675ffc545903804ac376c96a62fe068,0.3016277067363262,-0.04009242167368937,0.3417201284100156,conformer_block4,35
EEGConformer,OpenBMI_MI,1,0,COMPLETE,38b50eed3b72893c0868bcc86ab55cb249d76fa0a32a375b352d6dbb37768a3e,742e9affd197484466bda0bb2e2718322983a1dfc1736f85f5088470bf57a177,84b96651efea4c5f357b4f570fb71a0bd566ca90813fa0197d20a19b96e57e43,726edcc0562bed30af66b54299e416141675ffc545903804ac376c96a62fe068,0.2405182186048478,0.08370612392342536,0.15681209468142243,conformer_block4,40
EEGConformer,OpenBMI_MI,1,0,COMPLETE,38b50eed3b72893c0868bcc86ab55cb249d76fa0a32a375b352d6dbb37768a3e,742e9affd197484466bda0bb2e2718322983a1dfc1736f85f5088470bf57a177,84b96651efea4c5f357b4f570fb71a0bd566ca90813fa0197d20a19b96e57e43,726edcc0562bed30af66b54299e416141675ffc545903804ac376c96a62fe068,0.24459553509950638,0.026853317682061978,0.2177422174174444,conformer_block4,43
EEGConformer,OpenBMI_MI,1,0,COMPLETE,38b50eed3b72893c0868bcc86ab55cb249d76fa0a32a375b352d6dbb37768a3e,742e9affd197484466bda0bb2e2718322983a1dfc1736f85f5088470bf57a177,84b96651efea4c5f357b4f570fb71a0bd566ca90813fa0197d20a19b96e57e43,726edcc0562bed30af66b54299e416141675ffc545903804ac376c96a62fe068,0.09157780790701509,-0.022419871952279208,0.11399767985929429,conformer_block6,2
EEGConformer,OpenBMI_MI,1,0,COMPLETE,38b50eed3b72893c0868bcc86ab55cb249d76fa0a32a375b352d6dbb37768a3e,742e9affd197484466bda0bb2e2718322983a1dfc1736f85f5088470bf57a177,84b96651efea4c5f357b4f570fb71a0bd566ca90813fa0197d20a19b96e57e43,726edcc0562bed30af66b54299e416141675ffc545903804ac376c96a62fe068,0.1735775658453349,0.016800639897537634,0.15677692594779727,conformer_block6,14
EEGConformer,OpenBMI_MI,1,0,COMPLETE,38b50eed3b72893c0868bcc86ab55cb249d76fa0a32a375b352d6dbb37768a3e,742e9affd197484466bda0bb2e2718322983a1dfc1736f85f5088470bf57a177,84b96651efea4c5f357b4f570fb71a0bd566ca90813fa0197d20a19b96e57e43,726edcc0562bed30af66b54299e416141675ffc545903804ac376c96a62fe068,0.2163469053193694,-0.01559524238604354,0.23194214770541294,conformer_block6,26
EEGConformer,OpenBMI_MI,1,0,COMPLETE,38b50eed3b72893c0868bcc86ab55cb249d76fa0a32a375b352d6dbb37768a3e,742e9affd197484466bda0bb2e2718322983a1dfc1736f85f5088470bf57a177,84b96651efea4c5f357b4f570fb71a0bd566ca90813fa0197d20a19b96e57e43,726edcc0562bed30af66b54299e416141675ffc545903804ac376c96a62fe068,0.23033756017684937,0.07488116925069335,0.155456390926156,conformer_block6,28
EEGConformer,OpenBMI_MI,1,0,COMPLETE,38b50eed3b72893c0868bcc86ab55cb249d76fa0a32a375b352d6dbb37768a3e,742e9affd197484466bda0bb2e2718322983a1dfc1736f85f5088470bf57a177,84b96651efea4c5f357b4f570fb71a0bd566ca90813fa0197d20a19b96e57e43,726edcc0562bed30af66b54299e416141675ffc545903804ac376c96a62fe068,0.31600373052060604,0.15026128819100448,0.16574244232960156,conformer_block6,31
EEGConformer,OpenBMI_MI,1,0,COMPLETE,38b50eed3b72893c0868bcc86ab55cb249d76fa0a32a375b352d6dbb37768a3e,742e9affd197484466bda0bb2e2718322983a1dfc1736f85f5088470bf57a177,84b96651efea4c5f357b4f570fb71a0bd566ca90813fa0197d20a19b96e57e43,726edcc0562bed30af66b54299e416141675ffc545903804ac376c96a62fe068,0.09535895096996683,-0.06249427025615206,0.1578532212261189,conformer_block6,35
EEGConformer,OpenBMI_MI,1,0,COMPLETE,38b50eed3b72893c0868bcc86ab55cb249d76fa0a32a375b352d6dbb37768a3e,742e9affd197484466bda0bb2e2718322983a1dfc1736f85f5088470bf57a177,84b96651efea4c5f357b4f570fb71a0bd566ca90813fa0197d20a19b96e57e43,726edcc0562bed30af66b54299e416141675ffc545903804ac376c96a62fe068,0.26725498074665666,0.10056378330420557,0.1666911974424511,conformer_block6,40
EEGConformer,OpenBMI_MI,1,0,COMPLETE,38b50eed3b72893c0868bcc86ab55cb249d76fa0a32a375b352d6dbb37768a3e,742e9affd197484466bda0bb2e2718322983a1dfc1736f85f5088470bf57a177,84b96651efea4c5f357b4f570fb71a0bd566ca90813fa0197d20a19b96e57e43,726edcc0562bed30af66b54299e416141675ffc545903804ac376c96a62fe068,0.28326325630769134,0.046239375194491006,0.23702388111320033,conformer_block6,43
EEGConformer,OpenBMI_MI,1,0,COMPLETE,38b50eed3b72893c0868bcc86ab55cb249d76fa0a32a375b352d6dbb37768a3e,742e9affd197484466bda0bb2e2718322983a1dfc1736f85f5088470bf57a177,84b96651efea4c5f357b4f570fb71a0bd566ca90813fa0197d20a19b96e57e43,726edcc0562bed30af66b54299e416141675ffc545903804ac376c96a62fe068,0.029974051692988724,-0.006813835098182605,0.03678788679117133,classifier_256_elu,2
EEGConformer,OpenBMI_MI,1,0,COMPLETE,38b50eed3b72893c0868bcc86ab55cb249d76fa0a32a375b352d6dbb37768a3e,742e9affd197484466bda0bb2e2718322983a1dfc1736f85f5088470bf57a177,84b96651efea4c5f357b4f570fb71a0bd566ca90813fa0197d20a19b96e57e43,726edcc0562bed30af66b54299e416141675ffc545903804ac376c96a62fe068,0.03369335847673938,0.006401617730161888,0.02729174074657749,classifier_256_elu,14
EEGConformer,OpenBMI_MI,1,0,COMPLETE,38b50eed3b72893c0868bcc86ab55cb249d76fa0a32a375b352d6dbb37768a3e,742e9affd197484466bda0bb2e2718322983a1dfc1736f85f5088470bf57a177,84b96651efea4c5f357b4f570fb71a0bd566ca90813fa0197d20a19b96e57e43,726edcc0562bed30af66b54299e416141675ffc545903804ac376c96a62fe068,0.10785560961812735,0.019215223387254815,0.08864038623087253,classifier_256_elu,26
EEGConformer,OpenBMI_MI,1,0,COMPLETE,38b50eed3b72893c0868bcc86ab55cb249d76fa0a32a375b352d6dbb37768a3e,742e9affd197484466bda0bb2e2718322983a1dfc1736f85f5088470bf57a177,84b96651efea4c5f357b4f570fb71a0bd566ca90813fa0197d20a19b96e57e43,726edcc0562bed30af66b54299e416141675ffc545903804ac376c96a62fe068,0.03979532473931613,-0.0054561595451195904,0.04525148428443572,classifier_256_elu,28
EEGConformer,OpenBMI_MI,1,0,COMPLETE,38b50eed3b72893c0868bcc86ab55cb249d76fa0a32a375b352d6dbb37768a3e,742e9affd197484466bda0bb2e2718322983a1dfc1736f85f5088470bf57a177,84b96651efea4c5f357b4f570fb71a0bd566ca90813fa0197d20a19b96e57e43,726edcc0562bed30af66b54299e416141675ffc545903804ac376c96a62fe068,0.038799115689471364,-0.006135059797329631,0.044934175486800995,classifier_256_elu,31
EEGConformer,OpenBMI_MI,1,0,COMPLETE,38b50eed3b72893c0868bcc86ab55cb249d76fa0a32a375b352d6dbb37768a3e,742e9affd197484466bda0bb2e2718322983a1dfc1736f85f5088470bf57a177,84b96651efea4c5f357b4f570fb71a0bd566ca90813fa0197d20a19b96e57e43,726edcc0562bed30af66b54299e416141675ffc545903804ac376c96a62fe068,0.05191316486161668,-0.015561278304517145,0.06747444316613382,classifier_256_elu,35
EEGConformer,OpenBMI_MI,1,0,COMPLETE,38b50eed3b72893c0868bcc86ab55cb249d76fa0a32a375b352d6dbb37768a3e,742e9affd197484466bda0bb2e2718322983a1dfc1736f85f5088470bf57a177,84b96651efea4c5f357b4f570fb71a0bd566ca90813fa0197d20a19b96e57e43,726edcc0562bed30af66b54299e416141675ffc545903804ac376c96a62fe068,0.03024458122672513,-0.008077960936839192,0.03832254216356432,classifier_256_elu,40
EEGConformer,OpenBMI_MI,1,0,COMPLETE,38b50eed3b72893c0868bcc86ab55cb249d76fa0a32a375b352d6dbb37768a3e,742e9affd197484466bda0bb2e2718322983a1dfc1736f85f5088470bf57a177,84b96651efea4c5f357b4f570fb71a0bd566ca90813fa0197d20a19b96e57e43,726edcc0562bed30af66b54299e416141675ffc545903804ac376c96a62fe068,0.048254100140184164,-0.004260297368459759,0.05251439750864392,classifier_256_elu,43
EEGConformer,OpenBMI_MI,1,0,COMPLETE,38b50eed3b72893c0868bcc86ab55cb249d76fa0a32a375b352d6dbb37768a3e,742e9affd197484466bda0bb2e2718322983a1dfc1736f85f5088470bf57a177,84b96651efea4c5f357b4f570fb71a0bd566ca90813fa0197d20a19b96e57e43,726edcc0562bed30af66b54299e416141675ffc545903804ac376c96a62fe068,1.3566016643373757e-07,3.5021396482259876e-08,1.006387699514777e-07,classifier_32_elu,2
EEGConformer,OpenBMI_MI,1,0,COMPLETE,38b50eed3b72893c0868bcc86ab55cb249d76fa0a32a375b352d6dbb37768a3e,742e9affd197484466bda0bb2e2718322983a1dfc1736f85f5088470bf57a177,84b96651efea4c5f357b4f570fb71a0bd566ca90813fa0197d20a19b96e57e43,726edcc0562bed30af66b54299e416141675ffc545903804ac376c96a62fe068,8.561078501667652e-08,1.3434307591930766e-08,7.217647742474575e-08,classifier_32_elu,14
EEGConformer,OpenBMI_MI,1,0,COMPLETE,38b50eed3b72893c0868bcc86ab55cb249d76fa0a32a375b352d6dbb37768a3e,742e9affd197484466bda0bb2e2718322983a1dfc1736f85f5088470bf57a177,84b96651efea4c5f357b4f570fb71a0bd566ca90813fa0197d20a19b96e57e43,726edcc0562bed30af66b54299e416141675ffc545903804ac376c96a62fe068,1.0273294059892635e-07,1.236087940170716e-08,9.037206119721919e-08,classifier_32_elu,26
EEGConformer,OpenBMI_MI,1,0,COMPLETE,38b50eed3b72893c0868bcc86ab55cb249d76fa0a32a375b352d6dbb37768a3e,742e9affd197484466bda0bb2e2718322983a1dfc1736f85f5088470bf57a177,84b96651efea4c5f357b4f570fb71a0bd566ca90813fa0197d20a19b96e57e43,726edcc0562bed30af66b54299e416141675ffc545903804ac376c96a62fe068,5.9269004704098904e-08,2.670397882820196e-09,5.659860682127871e-08,classifier_32_elu,28
EEGConformer,OpenBMI_MI,1,0,COMPLETE,38b50eed3b72893c0868bcc86ab55cb249d76fa0a32a375b352d6dbb37768a3e,742e9affd197484466bda0bb2e2718322983a1dfc1736f85f5088470bf57a177,84b96651efea4c5f357b4f570fb71a0bd566ca90813fa0197d20a19b96e57e43,726edcc0562bed30af66b54299e416141675ffc545903804ac376c96a62fe068,8.297660625267156e-08,-8.956211894339806e-10,8.387222744210554e-08,classifier_32_elu,31
EEGConformer,OpenBMI_MI,1,0,COMPLETE,38b50eed3b72893c0868bcc86ab55cb249d76fa0a32a375b352d6dbb37768a3e,742e9affd197484466bda0bb2e2718322983a1dfc1736f85f5088470bf57a177,84b96651efea4c5f357b4f570fb71a0bd566ca90813fa0197d20a19b96e57e43,726edcc0562bed30af66b54299e416141675ffc545903804ac376c96a62fe068,1.5409941145350103e-07,-5.03128111839501e-09,1.5913069257189604e-07,classifier_32_elu,35
EEGConformer,OpenBMI_MI,1,0,COMPLETE,38b50eed3b72893c0868bcc86ab55cb249d76fa0a32a375b352d6dbb37768a3e,742e9affd197484466bda0bb2e2718322983a1dfc1736f85f5088470bf57a177,84b96651efea4c5f357b4f570fb71a0bd566ca90813fa0197d20a19b96e57e43,726edcc0562bed30af66b54299e416141675ffc545903804ac376c96a62fe068,3.95126696917103e-08,-2.9726698794751984e-08,6.923936848646228e-08,classifier_32_elu,40
EEGConformer,OpenBMI_MI,1,0,COMPLETE,38b50eed3b72893c0868bcc86ab55cb249d76fa0a32a375b352d6dbb37768a3e,742e9affd197484466bda0bb2e2718322983a1dfc1736f85f5088470bf57a177,84b96651efea4c5f357b4f570fb71a0bd566ca90813fa0197d20a19b96e57e43,726edcc0562bed30af66b54299e416141675ffc545903804ac376c96a62fe068,6.190318269094774e-08,4.715178540948271e-09,5.7188004149999473e-08,classifier_32_elu,43
EEGConformer,OpenBMI_MI,2,0,COMPLETE,a5a0a2eafbba9b026c6368c26c3f3f7021adc2daca0091dd43662c3447374c34,8d1945adbfa1b522ddfb472870fb65a1de1bccddb40f394717aeea185b625474,044835f1d4a669221e644dabd8aefb873f76c599239218fc87aac834d339e398,726edcc0562bed30af66b54299e416141675ffc545903804ac376c96a62fe068,1.1004921700805426,0.28233591430966043,0.8181562557708821,patch_tokenizer,1
EEGConformer,OpenBMI_MI,2,0,COMPLETE,a5a0a2eafbba9b026c6368c26c3f3f7021adc2daca0091dd43662c3447374c34,8d1945adbfa1b522ddfb472870fb65a1de1bccddb40f394717aeea185b625474,044835f1d4a669221e644dabd8aefb873f76c599239218fc87aac834d339e398,726edcc0562bed30af66b54299e416141675ffc545903804ac376c96a62fe068,0.5853554988279939,-0.1343452921856806,0.7197007910136745,patch_tokenizer,8
EEGConformer,OpenBMI_MI,2,0,COMPLETE,a5a0a2eafbba9b026c6368c26c3f3f7021adc2daca0091dd43662c3447374c34,8d1945adbfa1b522ddfb472870fb65a1de1bccddb40f394717aeea185b625474,044835f1d4a669221e644dabd8aefb873f76c599239218fc87aac834d339e398,726edcc0562bed30af66b54299e416141675ffc545903804ac376c96a62fe068,0.8961617811582983,0.1421163201446507,0.7540454610136476,patch_tokenizer,11
EEGConformer,OpenBMI_MI,2,0,COMPLETE,a5a0a2eafbba9b026c6368c26c3f3f7021adc2daca0091dd43662c3447374c34,8d1945adbfa1b522ddfb472870fb65a1de1bccddb40f394717aeea185b625474,044835f1d4a669221e644dabd8aefb873f76c599239218fc87aac834d339e398,726edcc0562bed30af66b54299e416141675ffc545903804ac376c96a62fe068,0.9550568074919283,0.11029575700777061,0.8447610504841577,patch_tokenizer,23
EEGConformer,OpenBMI_MI,2,0,COMPLETE,a5a0a2eafbba9b026c6368c26c3f3f7021adc2daca0091dd43662c3447374c34,8d1945adbfa1b522ddfb472870fb65a1de1bccddb40f394717aeea185b625474,044835f1d4a669221e644dabd8aefb873f76c599239218fc87aac834d339e398,726edcc0562bed30af66b54299e416141675ffc545903804ac376c96a62fe068,0.4666802817955613,-0.0788715172227239,0.5455517990182852,patch_tokenizer,30
EEGConformer,OpenBMI_MI,2,0,COMPLETE,a5a0a2eafbba9b026c6368c26c3f3f7021adc2daca0091dd43662c3447374c34,8d1945adbfa1b522ddfb472870fb65a1de1bccddb40f394717aeea185b625474,044835f1d4a669221e644dabd8aefb873f76c599239218fc87aac834d339e398,726edcc0562bed30af66b54299e416141675ffc545903804ac376c96a62fe068,0.698566285893321,-0.10504041786600282,0.8036067037593239,patch_tokenizer,48
EEGConformer,OpenBMI_MI,2,0,COMPLETE,a5a0a2eafbba9b026c6368c26c3f3f7021adc2daca0091dd43662c3447374c34,8d1945adbfa1b522ddfb472870fb65a1de1bccddb40f394717aeea185b625474,044835f1d4a669221e644dabd8aefb873f76c599239218fc87aac834d339e398,726edcc0562bed30af66b54299e416141675ffc545903804ac376c96a62fe068,0.8813870996236801,0.28503192714051695,0.5963551724831632,patch_tokenizer,50
EEGConformer,OpenBMI_MI,2,0,COMPLETE,a5a0a2eafbba9b026c6368c26c3f3f7021adc2daca0091dd43662c3447374c34,8d1945adbfa1b522ddfb472870fb65a1de1bccddb40f394717aeea185b625474,044835f1d4a669221e644dabd8aefb873f76c599239218fc87aac834d339e398,726edcc0562bed30af66b54299e416141675ffc545903804ac376c96a62fe068,0.827479631640017,0.18345831971004367,0.6440213119299734,patch_tokenizer,52
EEGConformer,OpenBMI_MI,2,0,COMPLETE,a5a0a2eafbba9b026c6368c26c3f3f7021adc2daca0091dd43662c3447374c34,8d1945adbfa1b522ddfb472870fb65a1de1bccddb40f394717aeea185b625474,044835f1d4a669221e644dabd8aefb873f76c599239218fc87aac834d339e398,726edcc0562bed30af66b54299e416141675ffc545903804ac376c96a62fe068,0.48542421543970704,0.05786214530126016,0.4275620701384469,conformer_block2,1
EEGConformer,OpenBMI_MI,2,0,COMPLETE,a5a0a2eafbba9b026c6368c26c3f3f7021adc2daca0091dd43662c3447374c34,8d1945adbfa1b522ddfb472870fb65a1de1bccddb40f394717aeea185b625474,044835f1d4a669221e644dabd8aefb873f76c599239218fc87aac834d339e398,726edcc0562bed30af66b54299e416141675ffc545903804ac376c96a62fe068,0.47637942619621754,0.20197835033647155,0.274401075859746,conformer_block2,8
EEGConformer,OpenBMI_MI,2,0,COMPLETE,a5a0a2eafbba9b026c6368c26c3f3f7021adc2daca0091dd43662c3447374c34,8d1945adbfa1b522ddfb472870fb65a1de1bccddb40f394717aeea185b625474,044835f1d4a669221e644dabd8aefb873f76c599239218fc87aac834d339e398,726edcc0562bed30af66b54299e416141675ffc545903804ac376c96a62fe068,0.40511408308520913,-0.010765179703048466,0.4158792627882576,conformer_block2,11
EEGConformer,OpenBMI_MI,2,0,COMPLETE,a5a0a2eafbba9b026c6368c26c3f3f7021adc2daca0091dd43662c3447374c34,8d1945adbfa1b522ddfb472870fb65a1de1bccddb40f394717aeea185b625474,044835f1d4a669221e644dabd8aefb873f76c599239218fc87aac834d339e398,726edcc0562bed30af66b54299e416141675ffc545903804ac376c96a62fe068,0.5633266735821962,0.13717350162150976,0.42615317196068647,conformer_block2,23
EEGConformer,OpenBMI_MI,2,0,COMPLETE,a5a0a2eafbba9b026c6368c26c3f3f7021adc2daca0091dd43662c3447374c34,8d1945adbfa1b522ddfb472870fb65a1de1bccddb40f394717aeea185b625474,044835f1d4a669221e644dabd8aefb873f76c599239218fc87aac834d339e398,726edcc0562bed30af66b54299e416141675ffc545903804ac376c96a62fe068,0.3576710126362741,0.02522827941375,0.3324427332225241,conformer_block2,30
EEGConformer,OpenBMI_MI,2,0,COMPLETE,a5a0a2eafbba9b026c6368c26c3f3f7021adc2daca0091dd43662c3447374c34,8d1945adbfa1b522ddfb472870fb65a1de1bccddb40f394717aeea185b625474,044835f1d4a669221e644dabd8aefb873f76c599239218fc87aac834d339e398,726edcc0562bed30af66b54299e416141675ffc545903804ac376c96a62fe068,0.23835714859887958,-0.051128211959808156,0.28948536055868773,conformer_block2,48
EEGConformer,OpenBMI_MI,2,0,COMPLETE,a5a0a2eafbba9b026c6368c26c3f3f7021adc2daca0091dd43662c3447374c34,8d1945adbfa1b522ddfb472870fb65a1de1bccddb40f394717aeea185b625474,044835f1d4a669221e644dabd8aefb873f76c599239218fc87aac834d339e398,726edcc0562bed30af66b54299e416141675ffc545903804ac376c96a62fe068,0.514305281220004,0.0823968050167605,0.43190847620324346,conformer_block2,50
EEGConformer,OpenBMI_MI,2,0,COMPLETE,a5a0a2eafbba9b026c6368c26c3f3f7021adc2daca0091dd43662c3447374c34,8d1945adbfa1b522ddfb472870fb65a1de1bccddb40f394717aeea185b625474,044835f1d4a669221e644dabd8aefb873f76c599239218fc87aac834d339e398,726edcc0562bed30af66b54299e416141675ffc545903804ac376c96a62fe068,0.6018396969884634,0.24418693882125353,0.35765275816720987,conformer_block2,52
EEGConformer,OpenBMI_MI,2,0,COMPLETE,a5a0a2eafbba9b026c6368c26c3f3f7021adc2daca0091dd43662c3447374c34,8d1945adbfa1b522ddfb472870fb65a1de1bccddb40f394717aeea185b625474,044835f1d4a669221e644dabd8aefb873f76c599239218fc87aac834d339e398,726edcc0562bed30af66b54299e416141675ffc545903804ac376c96a62fe068,0.3697435457870597,0.06367695225781062,0.3060665935292491,conformer_block4,1
EEGConformer,OpenBMI_MI,2,0,COMPLETE,a5a0a2eafbba9b026c6368c26c3f3f7021adc2daca0091dd43662c3447374c34,8d1945adbfa1b522ddfb472870fb65a1de1bccddb40f394717aeea185b625474,044835f1d4a669221e644dabd8aefb873f76c599239218fc87aac834d339e398,726edcc0562bed30af66b54299e416141675ffc545903804ac376c96a62fe068,0.34924183087423444,0.1150837990106629,0.23415803186357154,conformer_block4,8
EEGConformer,OpenBMI_MI,2,0,COMPLETE,a5a0a2eafbba9b026c6368c26c3f3f7021adc2daca0091dd43662c3447374c34,8d1945adbfa1b522ddfb472870fb65a1de1bccddb40f394717aeea185b625474,044835f1d4a669221e644dabd8aefb873f76c599239218fc87aac834d339e398,726edcc0562bed30af66b54299e416141675ffc545903804ac376c96a62fe068,0.21851546713151038,-0.07740048995274262,0.295915957084253,conformer_block4,11
EEGConformer,OpenBMI_MI,2,0,COMPLETE,a5a0a2eafbba9b026c6368c26c3f3f7021adc2daca0091dd43662c3447374c34,8d1945adbfa1b522ddfb472870fb65a1de1bccddb40f394717aeea185b625474,044835f1d4a669221e644dabd8aefb873f76c599239218fc87aac834d339e398,726edcc0562bed30af66b54299e416141675ffc545903804ac376c96a62fe068,0.3280002464307472,0.10435120040208859,0.22364904602865862,conformer_block4,23
EEGConformer,OpenBMI_MI,2,0,COMPLETE,a5a0a2eafbba9b026c6368c26c3f3f7021adc2daca0091dd43662c3447374c34,8d1945adbfa1b522ddfb472870fb65a1de1bccddb40f394717aeea185b625474,044835f1d4a669221e644dabd8aefb873f76c599239218fc87aac834d339e398,726edcc0562bed30af66b54299e416141675ffc545903804ac376c96a62fe068,0.3290930399671197,0.08746837716571462,0.24162466280140507,conformer_block4,30
EEGConformer,OpenBMI_MI,2,0,COMPLETE,a5a0a2eafbba9b026c6368c26c3f3f7021adc2daca0091dd43662c3447374c34,8d1945adbfa1b522ddfb472870fb65a1de1bccddb40f394717aeea185b625474,044835f1d4a669221e644dabd8aefb873f76c599239218fc87aac834d339e398,726edcc0562bed30af66b54299e416141675ffc545903804ac376c96a62fe068,0.25548125337809324,0.027219402137125148,0.2282618512409681,conformer_block4,48
EEGConformer,OpenBMI_MI,2,0,COMPLETE,a5a0a2eafbba9b026c6368c26c3f3f7021adc2daca0091dd43662c3447374c34,8d1945adbfa1b522ddfb472870fb65a1de1bccddb40f394717aeea185b625474,044835f1d4a669221e644dabd8aefb873f76c599239218fc87aac834d339e398,726edcc0562bed30af66b54299e416141675ffc545903804ac376c96a62fe068,0.14040248654782772,-0.022553572463075405,0.16295605901090313,conformer_block4,50
EEGConformer,OpenBMI_MI,2,0,COMPLETE,a5a0a2eafbba9b026c6368c26c3f3f7021adc2daca0091dd43662c3447374c34,8d1945adbfa1b522ddfb472870fb65a1de1bccddb40f394717aeea185b625474,044835f1d4a669221e644dabd8aefb873f76c599239218fc87aac834d339e398,726edcc0562bed30af66b54299e416141675ffc545903804ac376c96a62fe068,0.3659899579361081,0.11666312573641335,0.24932683219969476,conformer_block4,52
EEGConformer,OpenBMI_MI,2,0,COMPLETE,a5a0a2eafbba9b026c6368c26c3f3f7021adc2daca0091dd43662c3447374c34,8d1945adbfa1b522ddfb472870fb65a1de1bccddb40f394717aeea185b625474,044835f1d4a669221e644dabd8aefb873f76c599239218fc87aac834d339e398,726edcc0562bed30af66b54299e416141675ffc545903804ac376c96a62fe068,0.27794503048062325,0.07596032537687278,0.20198470510375047,conformer_block6,1
EEGConformer,OpenBMI_MI,2,0,COMPLETE,a5a0a2eafbba9b026c6368c26c3f3f7021adc2daca0091dd43662c3447374c34,8d1945adbfa1b522ddfb472870fb65a1de1bccddb40f394717aeea185b625474,044835f1d4a669221e644dabd8aefb873f76c599239218fc87aac834d339e398,726edcc0562bed30af66b54299e416141675ffc545903804ac376c96a62fe068,0.1359305261867121,-0.03109144803289382,0.1670219742196059,conformer_block6,8
EEGConformer,OpenBMI_MI,2,0,COMPLETE,a5a0a2eafbba9b026c6368c26c3f3f7021adc2daca0091dd43662c3447374c34,8d1945adbfa1b522ddfb472870fb65a1de1bccddb40f394717aeea185b625474,044835f1d4a669221e644dabd8aefb873f76c599239218fc87aac834d339e398,726edcc0562bed30af66b54299e416141675ffc545903804ac376c96a62fe068,0.6003092722967267,0.3686398830368489,0.2316693892598778,conformer_block6,11
EEGConformer,OpenBMI_MI,2,0,COMPLETE,a5a0a2eafbba9b026c6368c26c3f3f7021adc2daca0091dd43662c3447374c34,8d1945adbfa1b522ddfb472870fb65a1de1bccddb40f394717aeea185b625474,044835f1d4a669221e644dabd8aefb873f76c599239218fc87aac834d339e398,726edcc0562bed30af66b54299e416141675ffc545903804ac376c96a62fe068,0.1569400654407218,-0.05193508380049025,0.20887514924121206,conformer_block6,23
EEGConformer,OpenBMI_MI,2,0,COMPLETE,a5a0a2eafbba9b026c6368c26c3f3f7021adc2daca0091dd43662c3447374c34,8d1945adbfa1b522ddfb472870fb65a1de1bccddb40f394717aeea185b625474,044835f1d4a669221e644dabd8aefb873f76c599239218fc87aac834d339e398,726edcc0562bed30af66b54299e416141675ffc545903804ac376c96a62fe068,0.33981019974453375,0.12815233444380283,0.2116578653007309,conformer_block6,30
EEGConformer,OpenBMI_MI,2,0,COMPLETE,a5a0a2eafbba9b026c6368c26c3f3f7021adc2daca0091dd43662c3447374c34,8d1945adbfa1b522ddfb472870fb65a1de1bccddb40f394717aeea185b625474,044835f1d4a669221e644dabd8aefb873f76c599239218fc87aac834d339e398,726edcc0562bed30af66b54299e416141675ffc545903804ac376c96a62fe068,0.26616576057858765,0.0917810024749815,0.17438475810360615,conformer_block6,48
EEGConformer,OpenBMI_MI,2,0,COMPLETE,a5a0a2eafbba9b026c6368c26c3f3f7021adc2daca0091dd43662c3447374c34,8d1945adbfa1b522ddfb472870fb65a1de1bccddb40f394717aeea185b625474,044835f1d4a669221e644dabd8aefb873f76c599239218fc87aac834d339e398,726edcc0562bed30af66b54299e416141675ffc545903804ac376c96a62fe068,0.1196065372787416,-0.06452040067510098,0.18412693795384258,conformer_block6,50
EEGConformer,OpenBMI_MI,2,0,COMPLETE,a5a0a2eafbba9b026c6368c26c3f3f7021adc2daca0091dd43662c3447374c34,8d1945adbfa1b522ddfb472870fb65a1de1bccddb40f394717aeea185b625474,044835f1d4a669221e644dabd8aefb873f76c599239218fc87aac834d339e398,726edcc0562bed30af66b54299e416141675ffc545903804ac376c96a62fe068,0.31557711539790034,-0.010296764466472708,0.32587387986437305,conformer_block6,52
EEGConformer,OpenBMI_MI,2,0,COMPLETE,a5a0a2eafbba9b026c6368c26c3f3f7021adc2daca0091dd43662c3447374c34,8d1945adbfa1b522ddfb472870fb65a1de1bccddb40f394717aeea185b625474,044835f1d4a669221e644dabd8aefb873f76c599239218fc87aac834d339e398,726edcc0562bed30af66b54299e416141675ffc545903804ac376c96a62fe068,0.05585276671627071,0.011255734656888311,0.0445970320593824,classifier_256_elu,1
EEGConformer,OpenBMI_MI,2,0,COMPLETE,a5a0a2eafbba9b026c6368c26c3f3f7021adc2daca0091dd43662c3447374c34,8d1945adbfa1b522ddfb472870fb65a1de1bccddb40f394717aeea185b625474,044835f1d4a669221e644dabd8aefb873f76c599239218fc87aac834d339e398,726edcc0562bed30af66b54299e416141675ffc545903804ac376c96a62fe068,0.024898016090446617,-0.013740558479958052,0.03863857457040467,classifier_256_elu,8
EEGConformer,OpenBMI_MI,2,0,COMPLETE,a5a0a2eafbba9b026c6368c26c3f3f7021adc2daca0091dd43662c3447374c34,8d1945adbfa1b522ddfb472870fb65a1de1bccddb40f394717aeea185b625474,044835f1d4a669221e644dabd8aefb873f76c599239218fc87aac834d339e398,726edcc0562bed30af66b54299e416141675ffc545903804ac376c96a62fe068,0.08235123590566218,0.01044955218856558,0.0719016837170966,classifier_256_elu,11
EEGConformer,OpenBMI_MI,2,0,COMPLETE,a5a0a2eafbba9b026c6368c26c3f3f7021adc2daca0091dd43662c3447374c34,8d1945adbfa1b522ddfb472870fb65a1de1bccddb40f394717aeea185b625474,044835f1d4a669221e644dabd8aefb873f76c599239218fc87aac834d339e398,726edcc0562bed30af66b54299e416141675ffc545903804ac376c96a62fe068,0.11186513840220869,0.06009053200797098,0.051774606394237706,classifier_256_elu,23
EEGConformer,OpenBMI_MI,2,0,COMPLETE,a5a0a2eafbba9b026c6368c26c3f3f7021adc2daca0091dd43662c3447374c34,8d1945adbfa1b522ddfb472870fb65a1de1bccddb40f394717aeea185b625474,044835f1d4a669221e644dabd8aefb873f76c599239218fc87aac834d339e398,726edcc0562bed30af66b54299e416141675ffc545903804ac376c96a62fe068,0.03997658391017467,-0.0022883147029006054,0.04226489861307527,classifier_256_elu,30
EEGConformer,OpenBMI_MI,2,0,COMPLETE,a5a0a2eafbba9b026c6368c26c3f3f7021adc2daca0091dd43662c3447374c34,8d1945adbfa1b522ddfb472870fb65a1de1bccddb40f394717aeea185b625474,044835f1d4a669221e644dabd8aefb873f76c599239218fc87aac834d339e398,726edcc0562bed30af66b54299e416141675ffc545903804ac376c96a62fe068,0.032072406571387546,-0.011267055483026527,0.04333946205441407,classifier_256_elu,48
EEGConformer,OpenBMI_MI,2,0,COMPLETE,a5a0a2eafbba9b026c6368c26c3f3f7021adc2daca0091dd43662c3447374c34,8d1945adbfa1b522ddfb472870fb65a1de1bccddb40f394717aeea185b625474,044835f1d4a669221e644dabd8aefb873f76c599239218fc87aac834d339e398,726edcc0562bed30af66b54299e416141675ffc545903804ac376c96a62fe068,0.06608434618101455,0.018277377795056962,0.04780696838595759,classifier_256_elu,50
EEGConformer,OpenBMI_MI,2,0,COMPLETE,a5a0a2eafbba9b026c6368c26c3f3f7021adc2daca0091dd43662c3447374c34,8d1945adbfa1b522ddfb472870fb65a1de1bccddb40f394717aeea185b625474,044835f1d4a669221e644dabd8aefb873f76c599239218fc87aac834d339e398,726edcc0562bed30af66b54299e416141675ffc545903804ac376c96a62fe068,0.03900857137341518,-0.008361845697727403,0.04737041707114258,classifier_256_elu,52
EEGConformer,OpenBMI_MI,2,0,COMPLETE,a5a0a2eafbba9b026c6368c26c3f3f7021adc2daca0091dd43662c3447374c34,8d1945adbfa1b522ddfb472870fb65a1de1bccddb40f394717aeea185b625474,044835f1d4a669221e644dabd8aefb873f76c599239218fc87aac834d339e398,726edcc0562bed30af66b54299e416141675ffc545903804ac376c96a62fe068,5.5976281387870586e-08,-3.838655936005964e-08,9.436284074793022e-08,classifier_32_elu,1
EEGConformer,OpenBMI_MI,2,0,COMPLETE,a5a0a2eafbba9b026c6368c26c3f3f7021adc2daca0091dd43662c3447374c34,8d1945adbfa1b522ddfb472870fb65a1de1bccddb40f394717aeea185b625474,044835f1d4a669221e644dabd8aefb873f76c599239218fc87aac834d339e398,726edcc0562bed30af66b54299e416141675ffc545903804ac376c96a62fe068,8.165951759231405e-08,2.0612443407674885e-09,7.959827325154656e-08,classifier_32_elu,8
EEGConformer,OpenBMI_MI,2,0,COMPLETE,a5a0a2eafbba9b026c6368c26c3f3f7021adc2daca0091dd43662c3447374c34,8d1945adbfa1b522ddfb472870fb65a1de1bccddb40f394717aeea185b625474,044835f1d4a669221e644dabd8aefb873f76c599239218fc87aac834d339e398,726edcc0562bed30af66b54299e416141675ffc545903804ac376c96a62fe068,6.91471719882486e-08,-2.6776419155827287e-08,9.592359114407589e-08,classifier_32_elu,11
EEGConformer,OpenBMI_MI,2,0,COMPLETE,a5a0a2eafbba9b026c6368c26c3f3f7021adc2daca0091dd43662c3447374c34,8d1945adbfa1b522ddfb472870fb65a1de1bccddb40f394717aeea185b625474,044835f1d4a669221e644dabd8aefb873f76c599239218fc87aac834d339e398,726edcc0562bed30af66b54299e416141675ffc545903804ac376c96a62fe068,1.0273294170914937e-07,-4.425418462794539e-09,1.0715836017194391e-07,classifier_32_elu,23
EEGConformer,OpenBMI_MI,2,0,COMPLETE,a5a0a2eafbba9b026c6368c26c3f3f7021adc2daca0091dd43662c3447374c34,8d1945adbfa1b522ddfb472870fb65a1de1bccddb40f394717aeea185b625474,044835f1d4a669221e644dabd8aefb873f76c599239218fc87aac834d339e398,726edcc0562bed30af66b54299e416141675ffc545903804ac376c96a62fe068,7.046426114820648e-08,-2.1962458922053506e-08,9.242672007025998e-08,classifier_32_elu,30
EEGConformer,OpenBMI_MI,2,0,COMPLETE,a5a0a2eafbba9b026c6368c26c3f3f7021adc2daca0091dd43662c3447374c34,8d1945adbfa1b522ddfb472870fb65a1de1bccddb40f394717aeea185b625474,044835f1d4a669221e644dabd8aefb873f76c599239218fc87aac834d339e398,726edcc0562bed30af66b54299e416141675ffc545903804ac376c96a62fe068,4.214684734549223e-08,-3.663153795629981e-08,7.877838530179204e-08,classifier_32_elu,48
EEGConformer,OpenBMI_MI,2,0,COMPLETE,a5a0a2eafbba9b026c6368c26c3f3f7021adc2daca0091dd43662c3447374c34,8d1945adbfa1b522ddfb472870fb65a1de1bccddb40f394717aeea185b625474,044835f1d4a669221e644dabd8aefb873f76c599239218fc87aac834d339e398,726edcc0562bed30af66b54299e416141675ffc545903804ac376c96a62fe068,3.0951591956096536e-08,-2.791240791916172e-08,5.8863999875258255e-08,classifier_32_elu,50
EEGConformer,OpenBMI_MI,2,0,COMPLETE,a5a0a2eafbba9b026c6368c26c3f3f7021adc2daca0091dd43662c3447374c34,8d1945adbfa1b522ddfb472870fb65a1de1bccddb40f394717aeea185b625474,044835f1d4a669221e644dabd8aefb873f76c599239218fc87aac834d339e398,726edcc0562bed30af66b54299e416141675ffc545903804ac376c96a62fe068,1.2512345293202998e-07,-3.8854126060972044e-08,1.6397757899300202e-07,classifier_32_elu,52
EEGConformer,OpenBMI_MI,3,0,COMPLETE,ee78fd8820d87c3a5caf05e5c7f49c30de7646cb6def3fa53b2f4856bdde570a,c358cff6c10b43c6fd49642f24cf246d7d3fd9e64d021ae70cc133572b32d005,79f7780a055ca52a8363692742247412d7a60d4ac610bc4cad1e31b0fca288ee,726edcc0562bed30af66b54299e416141675ffc545903804ac376c96a62fe068,1.5393652394413948,0.06510138834259127,1.4742638510988035,patch_tokenizer,10
EEGConformer,OpenBMI_MI,3,0,COMPLETE,ee78fd8820d87c3a5caf05e5c7f49c30de7646cb6def3fa53b2f4856bdde570a,c358cff6c10b43c6fd49642f24cf246d7d3fd9e64d021ae70cc133572b32d005,79f7780a055ca52a8363692742247412d7a60d4ac610bc4cad1e31b0fca288ee,726edcc0562bed30af66b54299e416141675ffc545903804ac376c96a62fe068,1.8670053258538246,0.23114589301763777,1.6358594328361868,patch_tokenizer,16
EEGConformer,OpenBMI_MI,3,0,COMPLETE,ee78fd8820d87c3a5caf05e5c7f49c30de7646cb6def3fa53b2f4856bdde570a,c358cff6c10b43c6fd49642f24cf246d7d3fd9e64d021ae70cc133572b32d005,79f7780a055ca52a8363692742247412d7a60d4ac610bc4cad1e31b0fca288ee,726edcc0562bed30af66b54299e416141675ffc545903804ac376c96a62fe068,1.2006090003997087,0.16890899090853062,1.0317000094911781,patch_tokenizer,19
EEGConformer,OpenBMI_MI,3,0,COMPLETE,ee78fd8820d87c3a5caf05e5c7f49c30de7646cb6def3fa53b2f4856bdde570a,c358cff6c10b43c6fd49642f24cf246d7d3fd9e64d021ae70cc133572b32d005,79f7780a055ca52a8363692742247412d7a60d4ac610bc4cad1e31b0fca288ee,726edcc0562bed30af66b54299e416141675ffc545903804ac376c96a62fe068,1.116300594061613,-0.5181454590802606,1.6344460531418736,patch_tokenizer,22
EEGConformer,OpenBMI_MI,3,0,COMPLETE,ee78fd8820d87c3a5caf05e5c7f49c30de7646cb6def3fa53b2f4856bdde570a,c358cff6c10b43c6fd49642f24cf246d7d3fd9e64d021ae70cc133572b32d005,79f7780a055ca52a8363692742247412d7a60d4ac610bc4cad1e31b0fca288ee,726edcc0562bed30af66b54299e416141675ffc545903804ac376c96a62fe068,2.273168880492449,0.3202594542193402,1.9529094262731086,patch_tokenizer,27
EEGConformer,OpenBMI_MI,3,0,COMPLETE,ee78fd8820d87c3a5caf05e5c7f49c30de7646cb6def3fa53b2f4856bdde570a,c358cff6c10b43c6fd49642f24cf246d7d3fd9e64d021ae70cc133572b32d005,79f7780a055ca52a8363692742247412d7a60d4ac610bc4cad1e31b0fca288ee,726edcc0562bed30af66b54299e416141675ffc545903804ac376c96a62fe068,1.1110821217298508,-0.05407546978611211,1.1651575915159629,patch_tokenizer,34
EEGConformer,OpenBMI_MI,3,0,COMPLETE,ee78fd8820d87c3a5caf05e5c7f49c30de7646cb6def3fa53b2f4856bdde570a,c358cff6c10b43c6fd49642f24cf246d7d3fd9e64d021ae70cc133572b32d005,79f7780a055ca52a8363692742247412d7a60d4ac610bc4cad1e31b0fca288ee,726edcc0562bed30af66b54299e416141675ffc545903804ac376c96a62fe068,0.9726767931133509,-0.0009713584872952374,0.9736481516006461,patch_tokenizer,45
EEGConformer,OpenBMI_MI,3,0,COMPLETE,ee78fd8820d87c3a5caf05e5c7f49c30de7646cb6def3fa53b2f4856bdde570a,c358cff6c10b43c6fd49642f24cf246d7d3fd9e64d021ae70cc133572b32d005,79f7780a055ca52a8363692742247412d7a60d4ac610bc4cad1e31b0fca288ee,726edcc0562bed30af66b54299e416141675ffc545903804ac376c96a62fe068,0.8976863021962345,-0.503605011079926,1.4012913132761604,patch_tokenizer,49
EEGConformer,OpenBMI_MI,3,0,COMPLETE,ee78fd8820d87c3a5caf05e5c7f49c30de7646cb6def3fa53b2f4856bdde570a,c358cff6c10b43c6fd49642f24cf246d7d3fd9e64d021ae70cc133572b32d005,79f7780a055ca52a8363692742247412d7a60d4ac610bc4cad1e31b0fca288ee,726edcc0562bed30af66b54299e416141675ffc545903804ac376c96a62fe068,0.8478892017155886,0.07217872109442391,0.7757104806211647,conformer_block2,10
EEGConformer,OpenBMI_MI,3,0,COMPLETE,ee78fd8820d87c3a5caf05e5c7f49c30de7646cb6def3fa53b2f4856bdde570a,c358cff6c10b43c6fd49642f24cf246d7d3fd9e64d021ae70cc133572b32d005,79f7780a055ca52a8363692742247412d7a60d4ac610bc4cad1e31b0fca288ee,726edcc0562bed30af66b54299e416141675ffc545903804ac376c96a62fe068,0.4835102343931794,-0.29154641880217236,0.7750566531953518,conformer_block2,16
EEGConformer,OpenBMI_MI,3,0,COMPLETE,ee78fd8820d87c3a5caf05e5c7f49c30de7646cb6def3fa53b2f4856bdde570a,c358cff6c10b43c6fd49642f24cf246d7d3fd9e64d021ae70cc133572b32d005,79f7780a055ca52a8363692742247412d7a60d4ac610bc4cad1e31b0fca288ee,726edcc0562bed30af66b54299e416141675ffc545903804ac376c96a62fe068,0.3289896296337247,0.005156780901525049,0.32383284873219964,conformer_block2,19
EEGConformer,OpenBMI_MI,3,0,COMPLETE,ee78fd8820d87c3a5caf05e5c7f49c30de7646cb6def3fa53b2f4856bdde570a,c358cff6c10b43c6fd49642f24cf246d7d3fd9e64d021ae70cc133572b32d005,79f7780a055ca52a8363692742247412d7a60d4ac610bc4cad1e31b0fca288ee,726edcc0562bed30af66b54299e416141675ffc545903804ac376c96a62fe068,1.144249115139246,0.24132442220070516,0.9029246929385408,conformer_block2,22
EEGConformer,OpenBMI_MI,3,0,COMPLETE,ee78fd8820d87c3a5caf05e5c7f49c30de7646cb6def3fa53b2f4856bdde570a,c358cff6c10b43c6fd49642f24cf246d7d3fd9e64d021ae70cc133572b32d005,79f7780a055ca52a8363692742247412d7a60d4ac610bc4cad1e31b0fca288ee,726edcc0562bed30af66b54299e416141675ffc545903804ac376c96a62fe068,0.7681557610630989,0.043728665419548673,0.7244270956435502,conformer_block2,27
EEGConformer,OpenBMI_MI,3,0,COMPLETE,ee78fd8820d87c3a5caf05e5c7f49c30de7646cb6def3fa53b2f4856bdde570a,c358cff6c10b43c6fd49642f24cf246d7d3fd9e64d021ae70cc133572b32d005,79f7780a055ca52a8363692742247412d7a60d4ac610bc4cad1e31b0fca288ee,726edcc0562bed30af66b54299e416141675ffc545903804ac376c96a62fe068,0.1899810498532588,-0.2230459305788554,0.4130269804321142,conformer_block2,34
EEGConformer,OpenBMI_MI,3,0,COMPLETE,ee78fd8820d87c3a5caf05e5c7f49c30de7646cb6def3fa53b2f4856bdde570a,c358cff6c10b43c6fd49642f24cf246d7d3fd9e64d021ae70cc133572b32d005,79f7780a055ca52a8363692742247412d7a60d4ac610bc4cad1e31b0fca288ee,726edcc0562bed30af66b54299e416141675ffc545903804ac376c96a62fe068,0.1601089883770328,-0.03201132857884659,0.1921203169558794,conformer_block2,45
EEGConformer,OpenBMI_MI,3,0,COMPLETE,ee78fd8820d87c3a5caf05e5c7f49c30de7646cb6def3fa53b2f4856bdde570a,c358cff6c10b43c6fd49642f24cf246d7d3fd9e64d021ae70cc133572b32d005,79f7780a055ca52a8363692742247412d7a60d4ac610bc4cad1e31b0fca288ee,726edcc0562bed30af66b54299e416141675ffc545903804ac376c96a62fe068,0.5499045797623694,-0.038572306838323134,0.5884768866006925,conformer_block2,49
EEGConformer,OpenBMI_MI,3,0,COMPLETE,ee78fd8820d87c3a5caf05e5c7f49c30de7646cb6def3fa53b2f4856bdde570a,c358cff6c10b43c6fd49642f24cf246d7d3fd9e64d021ae70cc133572b32d005,79f7780a055ca52a8363692742247412d7a60d4ac610bc4cad1e31b0fca288ee,726edcc0562bed30af66b54299e416141675ffc545903804ac376c96a62fe068,0.2875330144306645,-0.05911701853990964,0.3466500329705741,conformer_block4,10
EEGConformer,OpenBMI_MI,3,0,COMPLETE,ee78fd8820d87c3a5caf05e5c7f49c30de7646cb6def3fa53b2f4856bdde570a,c358cff6c10b43c6fd49642f24cf246d7d3fd9e64d021ae70cc133572b32d005,79f7780a055ca52a8363692742247412d7a60d4ac610bc4cad1e31b0fca288ee,726edcc0562bed30af66b54299e416141675ffc545903804ac376c96a62fe068,0.32610124174971133,-0.22932370620401343,0.5554249479537248,conformer_block4,16
EEGConformer,OpenBMI_MI,3,0,COMPLETE,ee78fd8820d87c3a5caf05e5c7f49c30de7646cb6def3fa53b2f4856bdde570a,c358cff6c10b43c6fd49642f24cf246d7d3fd9e64d021ae70cc133572b32d005,79f7780a055ca52a8363692742247412d7a60d4ac610bc4cad1e31b0fca288ee,726edcc0562bed30af66b54299e416141675ffc545903804ac376c96a62fe068,0.1724485782906413,-0.12238705884246881,0.2948356371331101,conformer_block4,19
EEGConformer,OpenBMI_MI,3,0,COMPLETE,ee78fd8820d87c3a5caf05e5c7f49c30de7646cb6def3fa53b2f4856bdde570a,c358cff6c10b43c6fd49642f24cf246d7d3fd9e64d021ae70cc133572b32d005,79f7780a055ca52a8363692742247412d7a60d4ac610bc4cad1e31b0fca288ee,726edcc0562bed30af66b54299e416141675ffc545903804ac376c96a62fe068,0.22298390185460448,-0.3022807663986168,0.5252646682532213,conformer_block4,22
EEGConformer,OpenBMI_MI,3,0,COMPLETE,ee78fd8820d87c3a5caf05e5c7f49c30de7646cb6def3fa53b2f4856bdde570a,c358cff6c10b43c6fd49642f24cf246d7d3fd9e64d021ae70cc133572b32d005,79f7780a055ca52a8363692742247412d7a60d4ac610bc4cad1e31b0fca288ee,726edcc0562bed30af66b54299e416141675ffc545903804ac376c96a62fe068,0.6462888022651896,0.11720210832738298,0.5290866939378066,conformer_block4,27
EEGConformer,OpenBMI_MI,3,0,COMPLETE,ee78fd8820d87c3a5caf05e5c7f49c30de7646cb6def3fa53b2f4856bdde570a,c358cff6c10b43c6fd49642f24cf246d7d3fd9e64d021ae70cc133572b32d005,79f7780a055ca52a8363692742247412d7a60d4ac610bc4cad1e31b0fca288ee,726edcc0562bed30af66b54299e416141675ffc545903804ac376c96a62fe068,0.3606288363225758,0.009165490783962005,0.3514633455386138,conformer_block4,34
EEGConformer,OpenBMI_MI,3,0,COMPLETE,ee78fd8820d87c3a5caf05e5c7f49c30de7646cb6def3fa53b2f4856bdde570a,c358cff6c10b43c6fd49642f24cf246d7d3fd9e64d021ae70cc133572b32d005,79f7780a055ca52a8363692742247412d7a60d4ac610bc4cad1e31b0fca288ee,726edcc0562bed30af66b54299e416141675ffc545903804ac376c96a62fe068,0.14383460395038128,-0.0667366505645259,0.21057125451490719,conformer_block4,45
EEGConformer,OpenBMI_MI,3,0,COMPLETE,ee78fd8820d87c3a5caf05e5c7f49c30de7646cb6def3fa53b2f4856bdde570a,c358cff6c10b43c6fd49642f24cf246d7d3fd9e64d021ae70cc133572b32d005,79f7780a055ca52a8363692742247412d7a60d4ac610bc4cad1e31b0fca288ee,726edcc0562bed30af66b54299e416141675ffc545903804ac376c96a62fe068,0.40977934817783535,0.022692955757120215,0.38708639242071513,conformer_block4,49
EEGConformer,OpenBMI_MI,3,0,COMPLETE,ee78fd8820d87c3a5caf05e5c7f49c30de7646cb6def3fa53b2f4856bdde570a,c358cff6c10b43c6fd49642f24cf246d7d3fd9e64d021ae70cc133572b32d005,79f7780a055ca52a8363692742247412d7a60d4ac610bc4cad1e31b0fca288ee,726edcc0562bed30af66b54299e416141675ffc545903804ac376c96a62fe068,0.8175776423886418,0.2627030393757014,0.5548746030129404,conformer_block6,10
EEGConformer,OpenBMI_MI,3,0,COMPLETE,ee78fd8820d87c3a5caf05e5c7f49c30de7646cb6def3fa53b2f4856bdde570a,c358cff6c10b43c6fd49642f24cf246d7d3fd9e64d021ae70cc133572b32d005,79f7780a055ca52a8363692742247412d7a60d4ac610bc4cad1e31b0fca288ee,726edcc0562bed30af66b54299e416141675ffc545903804ac376c96a62fe068,0.3572641406208277,-0.11387359542291958,0.47113773604374726,conformer_block6,16
EEGConformer,OpenBMI_MI,3,0,COMPLETE,ee78fd8820d87c3a5caf05e5c7f49c30de7646cb6def3fa53b2f4856bdde570a,c358cff6c10b43c6fd49642f24cf246d7d3fd9e64d021ae70cc133572b32d005,79f7780a055ca52a8363692742247412d7a60d4ac610bc4cad1e31b0fca288ee,726edcc0562bed30af66b54299e416141675ffc545903804ac376c96a62fe068,0.4449895537109114,-0.04710215053797584,0.49209170424888726,conformer_block6,19
EEGConformer,OpenBMI_MI,3,0,COMPLETE,ee78fd8820d87c3a5caf05e5c7f49c30de7646cb6def3fa53b2f4856bdde570a,c358cff6c10b43c6fd49642f24cf246d7d3fd9e64d021ae70cc133572b32d005,79f7780a055ca52a8363692742247412d7a60d4ac610bc4cad1e31b0fca288ee,726edcc0562bed30af66b54299e416141675ffc545903804ac376c96a62fe068,0.507389449281618,0.025159945518098525,0.4822295037635195,conformer_block6,22
EEGConformer,OpenBMI_MI,3,0,COMPLETE,ee78fd8820d87c3a5caf05e5c7f49c30de7646cb6def3fa53b2f4856bdde570a,c358cff6c10b43c6fd49642f24cf246d7d3fd9e64d021ae70cc133572b32d005,79f7780a055ca52a8363692742247412d7a60d4ac610bc4cad1e31b0fca288ee,726edcc0562bed30af66b54299e416141675ffc545903804ac376c96a62fe068,0.31121891364455223,-0.15161842176287904,0.46283733540743127,conformer_block6,27
EEGConformer,OpenBMI_MI,3,0,COMPLETE,ee78fd8820d87c3a5caf05e5c7f49c30de7646cb6def3fa53b2f4856bdde570a,c358cff6c10b43c6fd49642f24cf246d7d3fd9e64d021ae70cc133572b32d005,79f7780a055ca52a8363692742247412d7a60d4ac610bc4cad1e31b0fca288ee,726edcc0562bed30af66b54299e416141675ffc545903804ac376c96a62fe068,0.32918676920235157,-0.038463519776087196,0.36765028897843877,conformer_block6,34
EEGConformer,OpenBMI_MI,3,0,COMPLETE,ee78fd8820d87c3a5caf05e5c7f49c30de7646cb6def3fa53b2f4856bdde570a,c358cff6c10b43c6fd49642f24cf246d7d3fd9e64d021ae70cc133572b32d005,79f7780a055ca52a8363692742247412d7a60d4ac610bc4cad1e31b0fca288ee,726edcc0562bed30af66b54299e416141675ffc545903804ac376c96a62fe068,0.2146362296771258,0.0010119992673526257,0.21362423040977319,conformer_block6,45
EEGConformer,OpenBMI_MI,3,0,COMPLETE,ee78fd8820d87c3a5caf05e5c7f49c30de7646cb6def3fa53b2f4856bdde570a,c358cff6c10b43c6fd49642f24cf246d7d3fd9e64d021ae70cc133572b32d005,79f7780a055ca52a8363692742247412d7a60d4ac610bc4cad1e31b0fca288ee,726edcc0562bed30af66b54299e416141675ffc545903804ac376c96a62fe068,0.7880517710000277,0.10015861649095315,0.6878931545090745,conformer_block6,49
EEGConformer,OpenBMI_MI,3,0,COMPLETE,ee78fd8820d87c3a5caf05e5c7f49c30de7646cb6def3fa53b2f4856bdde570a,c358cff6c10b43c6fd49642f24cf246d7d3fd9e64d021ae70cc133572b32d005,79f7780a055ca52a8363692742247412d7a60d4ac610bc4cad1e31b0fca288ee,726edcc0562bed30af66b54299e416141675ffc545903804ac376c96a62fe068,0.0456296494230628,-0.03158369778587257,0.07721334720893537,classifier_256_elu,10
EEGConformer,OpenBMI_MI,3,0,COMPLETE,ee78fd8820d87c3a5caf05e5c7f49c30de7646cb6def3fa53b2f4856bdde570a,c358cff6c10b43c6fd49642f24cf246d7d3fd9e64d021ae70cc133572b32d005,79f7780a055ca52a8363692742247412d7a60d4ac610bc4cad1e31b0fca288ee,726edcc0562bed30af66b54299e416141675ffc545903804ac376c96a62fe068,0.11092570330947638,-0.028972775922975424,0.1398984792324518,classifier_256_elu,16
EEGConformer,OpenBMI_MI,3,0,COMPLETE,ee78fd8820d87c3a5caf05e5c7f49c30de7646cb6def3fa53b2f4856bdde570a,c358cff6c10b43c6fd49642f24cf246d7d3fd9e64d021ae70cc133572b32d005,79f7780a055ca52a8363692742247412d7a60d4ac610bc4cad1e31b0fca288ee,726edcc0562bed30af66b54299e416141675ffc545903804ac376c96a62fe068,0.0323833418515278,-0.030693622574386834,0.06307696442591464,classifier_256_elu,19
EEGConformer,OpenBMI_MI,3,0,COMPLETE,ee78fd8820d87c3a5caf05e5c7f49c30de7646cb6def3fa53b2f4856bdde570a,c358cff6c10b43c6fd49642f24cf246d7d3fd9e64d021ae70cc133572b32d005,79f7780a055ca52a8363692742247412d7a60d4ac610bc4cad1e31b0fca288ee,726edcc0562bed30af66b54299e416141675ffc545903804ac376c96a62fe068,0.0719044673096505,-0.020745431306154388,0.09264989861580489,classifier_256_elu,22
EEGConformer,OpenBMI_MI,3,0,COMPLETE,ee78fd8820d87c3a5caf05e5c7f49c30de7646cb6def3fa53b2f4856bdde570a,c358cff6c10b43c6fd49642f24cf246d7d3fd9e64d021ae70cc133572b32d005,79f7780a055ca52a8363692742247412d7a60d4ac610bc4cad1e31b0fca288ee,726edcc0562bed30af66b54299e416141675ffc545903804ac376c96a62fe068,0.13230201858095825,-0.027271076649692527,0.15957309523065077,classifier_256_elu,27
EEGConformer,OpenBMI_MI,3,0,COMPLETE,ee78fd8820d87c3a5caf05e5c7f49c30de7646cb6def3fa53b2f4856bdde570a,c358cff6c10b43c6fd49642f24cf246d7d3fd9e64d021ae70cc133572b32d005,79f7780a055ca52a8363692742247412d7a60d4ac610bc4cad1e31b0fca288ee,726edcc0562bed30af66b54299e416141675ffc545903804ac376c96a62fe068,0.16521730832755566,0.007522506566815523,0.15769480176074013,classifier_256_elu,34
EEGConformer,OpenBMI_MI,3,0,COMPLETE,ee78fd8820d87c3a5caf05e5c7f49c30de7646cb6def3fa53b2f4856bdde570a,c358cff6c10b43c6fd49642f24cf246d7d3fd9e64d021ae70cc133572b32d005,79f7780a055ca52a8363692742247412d7a60d4ac610bc4cad1e31b0fca288ee,726edcc0562bed30af66b54299e416141675ffc545903804ac376c96a62fe068,0.06472908685100265,0.01508091191970834,0.04964817493129431,classifier_256_elu,45
EEGConformer,OpenBMI_MI,3,0,COMPLETE,ee78fd8820d87c3a5caf05e5c7f49c30de7646cb6def3fa53b2f4856bdde570a,c358cff6c10b43c6fd49642f24cf246d7d3fd9e64d021ae70cc133572b32d005,79f7780a055ca52a8363692742247412d7a60d4ac610bc4cad1e31b0fca288ee,726edcc0562bed30af66b54299e416141675ffc545903804ac376c96a62fe068,0.12223276979057118,-0.03412746436253655,0.15636023415310774,classifier_256_elu,49
EEGConformer,OpenBMI_MI,3,0,COMPLETE,ee78fd8820d87c3a5caf05e5c7f49c30de7646cb6def3fa53b2f4856bdde570a,c358cff6c10b43c6fd49642f24cf246d7d3fd9e64d021ae70cc133572b32d005,79f7780a055ca52a8363692742247412d7a60d4ac610bc4cad1e31b0fca288ee,726edcc0562bed30af66b54299e416141675ffc545903804ac376c96a62fe068,1.4751396681944584e-07,-6.077048539943064e-08,2.0828445221887648e-07,classifier_32_elu,10
EEGConformer,OpenBMI_MI,3,0,COMPLETE,ee78fd8820d87c3a5caf05e5c7f49c30de7646cb6def3fa53b2f4856bdde570a,c358cff6c10b43c6fd49642f24cf246d7d3fd9e64d021ae70cc133572b32d005,79f7780a055ca52a8363692742247412d7a60d4ac610bc4cad1e31b0fca288ee,726edcc0562bed30af66b54299e416141675ffc545903804ac376c96a62fe068,1.5014814458425008e-07,-8.634835542364881e-08,2.364965000078989e-07,classifier_32_elu,16
EEGConformer,OpenBMI_MI,3,0,COMPLETE,ee78fd8820d87c3a5caf05e5c7f49c30de7646cb6def3fa53b2f4856bdde570a,c358cff6c10b43c6fd49642f24cf246d7d3fd9e64d021ae70cc133572b32d005,79f7780a055ca52a8363692742247412d7a60d4ac610bc4cad1e31b0fca288ee,726edcc0562bed30af66b54299e416141675ffc545903804ac376c96a62fe068,1.2973326590781653e-07,-4.553834809239987e-09,1.3428710071705652e-07,classifier_32_elu,19
EEGConformer,OpenBMI_MI,3,0,COMPLETE,ee78fd8820d87c3a5caf05e5c7f49c30de7646cb6def3fa53b2f4856bdde570a,c358cff6c10b43c6fd49642f24cf246d7d3fd9e64d021ae70cc133572b32d005,79f7780a055ca52a8363692742247412d7a60d4ac610bc4cad1e31b0fca288ee,726edcc0562bed30af66b54299e416141675ffc545903804ac376c96a62fe068,1.5541650366657223e-07,-7.507404105044922e-09,1.6292390777161715e-07,classifier_32_elu,22
EEGConformer,OpenBMI_MI,3,0,COMPLETE,ee78fd8820d87c3a5caf05e5c7f49c30de7646cb6def3fa53b2f4856bdde570a,c358cff6c10b43c6fd49642f24cf246d7d3fd9e64d021ae70cc133572b32d005,79f7780a055ca52a8363692742247412d7a60d4ac610bc4cad1e31b0fca288ee,726edcc0562bed30af66b54299e416141675ffc545903804ac376c96a62fe068,1.804411963735042e-07,-1.2756004024727644e-08,1.9319720039823184e-07,classifier_32_elu,27
EEGConformer,OpenBMI_MI,3,0,COMPLETE,ee78fd8820d87c3a5caf05e5c7f49c30de7646cb6def3fa53b2f4856bdde570a,c358cff6c10b43c6fd49642f24cf246d7d3fd9e64d021ae70cc133572b32d005,79f7780a055ca52a8363692742247412d7a60d4ac610bc4cad1e31b0fca288ee,726edcc0562bed30af66b54299e416141675ffc545903804ac376c96a62fe068,1.975633487916184e-07,-1.153769937589644e-08,2.0910104816751485e-07,classifier_32_elu,34
EEGConformer,OpenBMI_MI,3,0,COMPLETE,ee78fd8820d87c3a5caf05e5c7f49c30de7646cb6def3fa53b2f4856bdde570a,c358cff6c10b43c6fd49642f24cf246d7d3fd9e64d021ae70cc133572b32d005,79f7780a055ca52a8363692742247412d7a60d4ac610bc4cad1e31b0fca288ee,726edcc0562bed30af66b54299e416141675ffc545903804ac376c96a62fe068,6.256172624397038e-08,-1.511359746908525e-08,7.767532371305563e-08,classifier_32_elu,45
EEGConformer,OpenBMI_MI,3,0,COMPLETE,ee78fd8820d87c3a5caf05e5c7f49c30de7646cb6def3fa53b2f4856bdde570a,c358cff6c10b43c6fd49642f24cf246d7d3fd9e64d021ae70cc133572b32d005,79f7780a055ca52a8363692742247412d7a60d4ac610bc4cad1e31b0fca288ee,726edcc0562bed30af66b54299e416141675ffc545903804ac376c96a62fe068,8.824496189330233e-08,-5.78333786083185e-08,1.4607834050162083e-07,classifier_32_elu,49
EEGConformer,OpenBMI_MI,4,0,COMPLETE,8ee4853ad1850a57ef7ba3c6091f132fe2ab4c169efa140810e39cd20076f77b,0f8964a6d58441a9c14f33713f363bb9db20006d22481a3cb07d9ecd43b8d910,1b3f965dedfe4442b0e1d7810d28fc4e6349f88739fd774ad1ba1681985df07f,726edcc0562bed30af66b54299e416141675ffc545903804ac376c96a62fe068,1.1568446680903435,0.3680011665396159,0.7888435015507276,patch_tokenizer,7
EEGConformer,OpenBMI_MI,4,0,COMPLETE,8ee4853ad1850a57ef7ba3c6091f132fe2ab4c169efa140810e39cd20076f77b,0f8964a6d58441a9c14f33713f363bb9db20006d22481a3cb07d9ecd43b8d910,1b3f965dedfe4442b0e1d7810d28fc4e6349f88739fd774ad1ba1681985df07f,726edcc0562bed30af66b54299e416141675ffc545903804ac376c96a62fe068,0.783320777118206,-0.22680969762208414,1.0101304747402902,patch_tokenizer,9
EEGConformer,OpenBMI_MI,4,0,COMPLETE,8ee4853ad1850a57ef7ba3c6091f132fe2ab4c169efa140810e39cd20076f77b,0f8964a6d58441a9c14f33713f363bb9db20006d22481a3cb07d9ecd43b8d910,1b3f965dedfe4442b0e1d7810d28fc4e6349f88739fd774ad1ba1681985df07f,726edcc0562bed30af66b54299e416141675ffc545903804ac376c96a62fe068,0.5823127143085003,-0.19340639634909162,0.7757191106575919,patch_tokenizer,20
EEGConformer,OpenBMI_MI,4,0,COMPLETE,8ee4853ad1850a57ef7ba3c6091f132fe2ab4c169efa140810e39cd20076f77b,0f8964a6d58441a9c14f33713f363bb9db20006d22481a3cb07d9ecd43b8d910,1b3f965dedfe4442b0e1d7810d28fc4e6349f88739fd774ad1ba1681985df07f,726edcc0562bed30af66b54299e416141675ffc545903804ac376c96a62fe068,1.2995678409934044,0.15533564482683682,1.1442321961665676,patch_tokenizer,21
EEGConformer,OpenBMI_MI,4,0,COMPLETE,8ee4853ad1850a57ef7ba3c6091f132fe2ab4c169efa140810e39cd20076f77b,0f8964a6d58441a9c14f33713f363bb9db20006d22481a3cb07d9ecd43b8d910,1b3f965dedfe4442b0e1d7810d28fc4e6349f88739fd774ad1ba1681985df07f,726edcc0562bed30af66b54299e416141675ffc545903804ac376c96a62fe068,0.7941316054202616,-0.02017378573058526,0.8143053911508469,patch_tokenizer,41
EEGConformer,OpenBMI_MI,4,0,COMPLETE,8ee4853ad1850a57ef7ba3c6091f132fe2ab4c169efa140810e39cd20076f77b,0f8964a6d58441a9c14f33713f363bb9db20006d22481a3cb07d9ecd43b8d910,1b3f965dedfe4442b0e1d7810d28fc4e6349f88739fd774ad1ba1681985df07f,726edcc0562bed30af66b54299e416141675ffc545903804ac376c96a62fe068,0.5367566784843802,-0.23800139207800386,0.7747580705623841,patch_tokenizer,44
EEGConformer,OpenBMI_MI,4,0,COMPLETE,8ee4853ad1850a57ef7ba3c6091f132fe2ab4c169efa140810e39cd20076f77b,0f8964a6d58441a9c14f33713f363bb9db20006d22481a3cb07d9ecd43b8d910,1b3f965dedfe4442b0e1d7810d28fc4e6349f88739fd774ad1ba1681985df07f,726edcc0562bed30af66b54299e416141675ffc545903804ac376c96a62fe068,0.9258223219076172,-0.03210536780185069,0.9579276897094678,patch_tokenizer,46
EEGConformer,OpenBMI_MI,4,0,COMPLETE,8ee4853ad1850a57ef7ba3c6091f132fe2ab4c169efa140810e39cd20076f77b,0f8964a6d58441a9c14f33713f363bb9db20006d22481a3cb07d9ecd43b8d910,1b3f965dedfe4442b0e1d7810d28fc4e6349f88739fd774ad1ba1681985df07f,726edcc0562bed30af66b54299e416141675ffc545903804ac376c96a62fe068,1.0610422249883413,0.013818883591738995,1.0472233413966023,patch_tokenizer,53
EEGConformer,OpenBMI_MI,4,0,COMPLETE,8ee4853ad1850a57ef7ba3c6091f132fe2ab4c169efa140810e39cd20076f77b,0f8964a6d58441a9c14f33713f363bb9db20006d22481a3cb07d9ecd43b8d910,1b3f965dedfe4442b0e1d7810d28fc4e6349f88739fd774ad1ba1681985df07f,726edcc0562bed30af66b54299e416141675ffc545903804ac376c96a62fe068,0.559823433868587,0.17138744394957028,0.38843598991901673,conformer_block2,7
EEGConformer,OpenBMI_MI,4,0,COMPLETE,8ee4853ad1850a57ef7ba3c6091f132fe2ab4c169efa140810e39cd20076f77b,0f8964a6d58441a9c14f33713f363bb9db20006d22481a3cb07d9ecd43b8d910,1b3f965dedfe4442b0e1d7810d28fc4e6349f88739fd774ad1ba1681985df07f,726edcc0562bed30af66b54299e416141675ffc545903804ac376c96a62fe068,0.2553185704164207,-0.05014884599229846,0.30546741640871916,conformer_block2,9
EEGConformer,OpenBMI_MI,4,0,COMPLETE,8ee4853ad1850a57ef7ba3c6091f132fe2ab4c169efa140810e39cd20076f77b,0f8964a6d58441a9c14f33713f363bb9db20006d22481a3cb07d9ecd43b8d910,1b3f965dedfe4442b0e1d7810d28fc4e6349f88739fd774ad1ba1681985df07f,726edcc0562bed30af66b54299e416141675ffc545903804ac376c96a62fe068,0.2518910423386842,-0.05358527286149184,0.30547631520017604,conformer_block2,20
EEGConformer,OpenBMI_MI,4,0,COMPLETE,8ee4853ad1850a57ef7ba3c6091f132fe2ab4c169efa140810e39cd20076f77b,0f8964a6d58441a9c14f33713f363bb9db20006d22481a3cb07d9ecd43b8d910,1b3f965dedfe4442b0e1d7810d28fc4e6349f88739fd774ad1ba1681985df07f,726edcc0562bed30af66b54299e416141675ffc545903804ac376c96a62fe068,1.7205503955483437,0.650629577418149,1.0699208181301947,conformer_block2,21
EEGConformer,OpenBMI_MI,4,0,COMPLETE,8ee4853ad1850a57ef7ba3c6091f132fe2ab4c169efa140810e39cd20076f77b,0f8964a6d58441a9c14f33713f363bb9db20006d22481a3cb07d9ecd43b8d910,1b3f965dedfe4442b0e1d7810d28fc4e6349f88739fd774ad1ba1681985df07f,726edcc0562bed30af66b54299e416141675ffc545903804ac376c96a62fe068,0.24447768740355968,-0.12015883354695689,0.3646365209505166,conformer_block2,41
EEGConformer,OpenBMI_MI,4,0,COMPLETE,8ee4853ad1850a57ef7ba3c6091f132fe2ab4c169efa140810e39cd20076f77b,0f8964a6d58441a9c14f33713f363bb9db20006d22481a3cb07d9ecd43b8d910,1b3f965dedfe4442b0e1d7810d28fc4e6349f88739fd774ad1ba1681985df07f,726edcc0562bed30af66b54299e416141675ffc545903804ac376c96a62fe068,0.11809014063328505,-0.0417591887247363,0.15984932935802135,conformer_block2,44
EEGConformer,OpenBMI_MI,4,0,COMPLETE,8ee4853ad1850a57ef7ba3c6091f132fe2ab4c169efa140810e39cd20076f77b,0f8964a6d58441a9c14f33713f363bb9db20006d22481a3cb07d9ecd43b8d910,1b3f965dedfe4442b0e1d7810d28fc4e6349f88739fd774ad1ba1681985df07f,726edcc0562bed30af66b54299e416141675ffc545903804ac376c96a62fe068,0.24933223682455719,-0.016450058211394225,0.2657822950359514,conformer_block2,46
EEGConformer,OpenBMI_MI,4,0,COMPLETE,8ee4853ad1850a57ef7ba3c6091f132fe2ab4c169efa140810e39cd20076f77b,0f8964a6d58441a9c14f33713f363bb9db20006d22481a3cb07d9ecd43b8d910,1b3f965dedfe4442b0e1d7810d28fc4e6349f88739fd774ad1ba1681985df07f,726edcc0562bed30af66b54299e416141675ffc545903804ac376c96a62fe068,0.7744423653930426,0.1789790232197993,0.5954633421732433,conformer_block2,53
EEGConformer,OpenBMI_MI,4,0,COMPLETE,8ee4853ad1850a57ef7ba3c6091f132fe2ab4c169efa140810e39cd20076f77b,0f8964a6d58441a9c14f33713f363bb9db20006d22481a3cb07d9ecd43b8d910,1b3f965dedfe4442b0e1d7810d28fc4e6349f88739fd774ad1ba1681985df07f,726edcc0562bed30af66b54299e416141675ffc545903804ac376c96a62fe068,0.5359816830605268,0.16507726554604235,0.3709044175144845,conformer_block4,7
EEGConformer,OpenBMI_MI,4,0,COMPLETE,8ee4853ad1850a57ef7ba3c6091f132fe2ab4c169efa140810e39cd20076f77b,0f8964a6d58441a9c14f33713f363bb9db20006d22481a3cb07d9ecd43b8d910,1b3f965dedfe4442b0e1d7810d28fc4e6349f88739fd774ad1ba1681985df07f,726edcc0562bed30af66b54299e416141675ffc545903804ac376c96a62fe068,0.4086607226636261,0.17377406152590993,0.23488666113771614,conformer_block4,9
EEGConformer,OpenBMI_MI,4,0,COMPLETE,8ee4853ad1850a57ef7ba3c6091f132fe2ab4c169efa140810e39cd20076f77b,0f8964a6d58441a9c14f33713f363bb9db20006d22481a3cb07d9ecd43b8d910,1b3f965dedfe4442b0e1d7810d28fc4e6349f88739fd774ad1ba1681985df07f,726edcc0562bed30af66b54299e416141675ffc545903804ac376c96a62fe068,0.2746179336681962,-0.27840202200175557,0.5530199556699518,conformer_block4,20
EEGConformer,OpenBMI_MI,4,0,COMPLETE,8ee4853ad1850a57ef7ba3c6091f132fe2ab4c169efa140810e39cd20076f77b,0f8964a6d58441a9c14f33713f363bb9db20006d22481a3cb07d9ecd43b8d910,1b3f965dedfe4442b0e1d7810d28fc4e6349f88739fd774ad1ba1681985df07f,726edcc0562bed30af66b54299e416141675ffc545903804ac376c96a62fe068,1.423054076731205,0.6600729178238544,0.7629811589073506,conformer_block4,21
EEGConformer,OpenBMI_MI,4,0,COMPLETE,8ee4853ad1850a57ef7ba3c6091f132fe2ab4c169efa140810e39cd20076f77b,0f8964a6d58441a9c14f33713f363bb9db20006d22481a3cb07d9ecd43b8d910,1b3f965dedfe4442b0e1d7810d28fc4e6349f88739fd774ad1ba1681985df07f,726edcc0562bed30af66b54299e416141675ffc545903804ac376c96a62fe068,0.387100831605494,0.11439494811296752,0.2727058834925265,conformer_block4,41
EEGConformer,OpenBMI_MI,4,0,COMPLETE,8ee4853ad1850a57ef7ba3c6091f132fe2ab4c169efa140810e39cd20076f77b,0f8964a6d58441a9c14f33713f363bb9db20006d22481a3cb07d9ecd43b8d910,1b3f965dedfe4442b0e1d7810d28fc4e6349f88739fd774ad1ba1681985df07f,726edcc0562bed30af66b54299e416141675ffc545903804ac376c96a62fe068,0.26864164182916284,0.061788328440138124,0.2068533133890247,conformer_block4,44
EEGConformer,OpenBMI_MI,4,0,COMPLETE,8ee4853ad1850a57ef7ba3c6091f132fe2ab4c169efa140810e39cd20076f77b,0f8964a6d58441a9c14f33713f363bb9db20006d22481a3cb07d9ecd43b8d910,1b3f965dedfe4442b0e1d7810d28fc4e6349f88739fd774ad1ba1681985df07f,726edcc0562bed30af66b54299e416141675ffc545903804ac376c96a62fe068,0.42499738349579275,0.10081770935474199,0.32417967414105076,conformer_block4,46
EEGConformer,OpenBMI_MI,4,0,COMPLETE,8ee4853ad1850a57ef7ba3c6091f132fe2ab4c169efa140810e39cd20076f77b,0f8964a6d58441a9c14f33713f363bb9db20006d22481a3cb07d9ecd43b8d910,1b3f965dedfe4442b0e1d7810d28fc4e6349f88739fd774ad1ba1681985df07f,726edcc0562bed30af66b54299e416141675ffc545903804ac376c96a62fe068,0.22173365100752562,0.014035016629140945,0.20769863437838468,conformer_block4,53
EEGConformer,OpenBMI_MI,4,0,COMPLETE,8ee4853ad1850a57ef7ba3c6091f132fe2ab4c169efa140810e39cd20076f77b,0f8964a6d58441a9c14f33713f363bb9db20006d22481a3cb07d9ecd43b8d910,1b3f965dedfe4442b0e1d7810d28fc4e6349f88739fd774ad1ba1681985df07f,726edcc0562bed30af66b54299e416141675ffc545903804ac376c96a62fe068,0.17928002099506557,-0.018420839604405048,0.19770086059947062,conformer_block6,7
EEGConformer,OpenBMI_MI,4,0,COMPLETE,8ee4853ad1850a57ef7ba3c6091f132fe2ab4c169efa140810e39cd20076f77b,0f8964a6d58441a9c14f33713f363bb9db20006d22481a3cb07d9ecd43b8d910,1b3f965dedfe4442b0e1d7810d28fc4e6349f88739fd774ad1ba1681985df07f,726edcc0562bed30af66b54299e416141675ffc545903804ac376c96a62fe068,0.23935062321834266,0.03592347094338039,0.20342715227496228,conformer_block6,9
EEGConformer,OpenBMI_MI,4,0,COMPLETE,8ee4853ad1850a57ef7ba3c6091f132fe2ab4c169efa140810e39cd20076f77b,0f8964a6d58441a9c14f33713f363bb9db20006d22481a3cb07d9ecd43b8d910,1b3f965dedfe4442b0e1d7810d28fc4e6349f88739fd774ad1ba1681985df07f,726edcc0562bed30af66b54299e416141675ffc545903804ac376c96a62fe068,0.40093223509393283,0.08910676033457432,0.3118254747593585,conformer_block6,20
EEGConformer,OpenBMI_MI,4,0,COMPLETE,8ee4853ad1850a57ef7ba3c6091f132fe2ab4c169efa140810e39cd20076f77b,0f8964a6d58441a9c14f33713f363bb9db20006d22481a3cb07d9ecd43b8d910,1b3f965dedfe4442b0e1d7810d28fc4e6349f88739fd774ad1ba1681985df07f,726edcc0562bed30af66b54299e416141675ffc545903804ac376c96a62fe068,1.0641169492155313,0.4816037307229999,0.5825132184925315,conformer_block6,21
EEGConformer,OpenBMI_MI,4,0,COMPLETE,8ee4853ad1850a57ef7ba3c6091f132fe2ab4c169efa140810e39cd20076f77b,0f8964a6d58441a9c14f33713f363bb9db20006d22481a3cb07d9ecd43b8d910,1b3f965dedfe4442b0e1d7810d28fc4e6349f88739fd774ad1ba1681985df07f,726edcc0562bed30af66b54299e416141675ffc545903804ac376c96a62fe068,0.14870851300656796,-0.09349513984081567,0.24220365284738363,conformer_block6,41
EEGConformer,OpenBMI_MI,4,0,COMPLETE,8ee4853ad1850a57ef7ba3c6091f132fe2ab4c169efa140810e39cd20076f77b,0f8964a6d58441a9c14f33713f363bb9db20006d22481a3cb07d9ecd43b8d910,1b3f965dedfe4442b0e1d7810d28fc4e6349f88739fd774ad1ba1681985df07f,726edcc0562bed30af66b54299e416141675ffc545903804ac376c96a62fe068,0.4281212141504511,0.13477933235392586,0.29334188179652526,conformer_block6,44
EEGConformer,OpenBMI_MI,4,0,COMPLETE,8ee4853ad1850a57ef7ba3c6091f132fe2ab4c169efa140810e39cd20076f77b,0f8964a6d58441a9c14f33713f363bb9db20006d22481a3cb07d9ecd43b8d910,1b3f965dedfe4442b0e1d7810d28fc4e6349f88739fd774ad1ba1681985df07f,726edcc0562bed30af66b54299e416141675ffc545903804ac376c96a62fe068,0.1724003527779132,-0.02393876140866269,0.1963391141865759,conformer_block6,46
EEGConformer,OpenBMI_MI,4,0,COMPLETE,8ee4853ad1850a57ef7ba3c6091f132fe2ab4c169efa140810e39cd20076f77b,0f8964a6d58441a9c14f33713f363bb9db20006d22481a3cb07d9ecd43b8d910,1b3f965dedfe4442b0e1d7810d28fc4e6349f88739fd774ad1ba1681985df07f,726edcc0562bed30af66b54299e416141675ffc545903804ac376c96a62fe068,0.3095587783609517,0.016749909406280516,0.2928088689546712,conformer_block6,53
EEGConformer,OpenBMI_MI,4,0,COMPLETE,8ee4853ad1850a57ef7ba3c6091f132fe2ab4c169efa140810e39cd20076f77b,0f8964a6d58441a9c14f33713f363bb9db20006d22481a3cb07d9ecd43b8d910,1b3f965dedfe4442b0e1d7810d28fc4e6349f88739fd774ad1ba1681985df07f,726edcc0562bed30af66b54299e416141675ffc545903804ac376c96a62fe068,0.07018324872478843,0.0012152089432493074,0.06896803978153912,classifier_256_elu,7
EEGConformer,OpenBMI_MI,4,0,COMPLETE,8ee4853ad1850a57ef7ba3c6091f132fe2ab4c169efa140810e39cd20076f77b,0f8964a6d58441a9c14f33713f363bb9db20006d22481a3cb07d9ecd43b8d910,1b3f965dedfe4442b0e1d7810d28fc4e6349f88739fd774ad1ba1681985df07f,726edcc0562bed30af66b54299e416141675ffc545903804ac376c96a62fe068,0.12105885735945776,0.04760747315631704,0.07345138420314072,classifier_256_elu,9
EEGConformer,OpenBMI_MI,4,0,COMPLETE,8ee4853ad1850a57ef7ba3c6091f132fe2ab4c169efa140810e39cd20076f77b,0f8964a6d58441a9c14f33713f363bb9db20006d22481a3cb07d9ecd43b8d910,1b3f965dedfe4442b0e1d7810d28fc4e6349f88739fd774ad1ba1681985df07f,726edcc0562bed30af66b54299e416141675ffc545903804ac376c96a62fe068,0.16910532442852855,0.0100712358475539,0.15903408858097465,classifier_256_elu,20
EEGConformer,OpenBMI_MI,4,0,COMPLETE,8ee4853ad1850a57ef7ba3c6091f132fe2ab4c169efa140810e39cd20076f77b,0f8964a6d58441a9c14f33713f363bb9db20006d22481a3cb07d9ecd43b8d910,1b3f965dedfe4442b0e1d7810d28fc4e6349f88739fd774ad1ba1681985df07f,726edcc0562bed30af66b54299e416141675ffc545903804ac376c96a62fe068,0.31000244012102485,0.11224220306172356,0.1977602370593013,classifier_256_elu,21
EEGConformer,OpenBMI_MI,4,0,COMPLETE,8ee4853ad1850a57ef7ba3c6091f132fe2ab4c169efa140810e39cd20076f77b,0f8964a6d58441a9c14f33713f363bb9db20006d22481a3cb07d9ecd43b8d910,1b3f965dedfe4442b0e1d7810d28fc4e6349f88739fd774ad1ba1681985df07f,726edcc0562bed30af66b54299e416141675ffc545903804ac376c96a62fe068,0.17903167940676212,0.06797944664946044,0.11105223275730168,classifier_256_elu,41
EEGConformer,OpenBMI_MI,4,0,COMPLETE,8ee4853ad1850a57ef7ba3c6091f132fe2ab4c169efa140810e39cd20076f77b,0f8964a6d58441a9c14f33713f363bb9db20006d22481a3cb07d9ecd43b8d910,1b3f965dedfe4442b0e1d7810d28fc4e6349f88739fd774ad1ba1681985df07f,726edcc0562bed30af66b54299e416141675ffc545903804ac376c96a62fe068,0.1208466297830455,0.039691542153202586,0.08115508762984291,classifier_256_elu,44
EEGConformer,OpenBMI_MI,4,0,COMPLETE,8ee4853ad1850a57ef7ba3c6091f132fe2ab4c169efa140810e39cd20076f77b,0f8964a6d58441a9c14f33713f363bb9db20006d22481a3cb07d9ecd43b8d910,1b3f965dedfe4442b0e1d7810d28fc4e6349f88739fd774ad1ba1681985df07f,726edcc0562bed30af66b54299e416141675ffc545903804ac376c96a62fe068,0.06173438528639963,0.02120619590785964,0.04052818937853999,classifier_256_elu,46
EEGConformer,OpenBMI_MI,4,0,COMPLETE,8ee4853ad1850a57ef7ba3c6091f132fe2ab4c169efa140810e39cd20076f77b,0f8964a6d58441a9c14f33713f363bb9db20006d22481a3cb07d9ecd43b8d910,1b3f965dedfe4442b0e1d7810d28fc4e6349f88739fd774ad1ba1681985df07f,726edcc0562bed30af66b54299e416141675ffc545903804ac376c96a62fe068,0.08140190393896773,0.011141761409635367,0.07026014252933237,classifier_256_elu,53
EEGConformer,OpenBMI_MI,4,0,COMPLETE,8ee4853ad1850a57ef7ba3c6091f132fe2ab4c169efa140810e39cd20076f77b,0f8964a6d58441a9c14f33713f363bb9db20006d22481a3cb07d9ecd43b8d910,1b3f965dedfe4442b0e1d7810d28fc4e6349f88739fd774ad1ba1681985df07f,726edcc0562bed30af66b54299e416141675ffc545903804ac376c96a62fe068,7.836679410955227e-08,4.8666429974808464e-09,7.350015111207143e-08,classifier_32_elu,7
EEGConformer,OpenBMI_MI,4,0,COMPLETE,8ee4853ad1850a57ef7ba3c6091f132fe2ab4c169efa140810e39cd20076f77b,0f8964a6d58441a9c14f33713f363bb9db20006d22481a3cb07d9ecd43b8d910,1b3f965dedfe4442b0e1d7810d28fc4e6349f88739fd774ad1ba1681985df07f,726edcc0562bed30af66b54299e416141675ffc545903804ac376c96a62fe068,2.0810005940674614e-07,2.700032359692627e-08,1.8109973580981987e-07,classifier_32_elu,9
EEGConformer,OpenBMI_MI,4,0,COMPLETE,8ee4853ad1850a57ef7ba3c6091f132fe2ab4c169efa140810e39cd20076f77b,0f8964a6d58441a9c14f33713f363bb9db20006d22481a3cb07d9ecd43b8d910,1b3f965dedfe4442b0e1d7810d28fc4e6349f88739fd774ad1ba1681985df07f,726edcc0562bed30af66b54299e416141675ffc545903804ac376c96a62fe068,1.1524528487072416e-07,-4.280539466883227e-08,1.5805067953955643e-07,classifier_32_elu,20
EEGConformer,OpenBMI_MI,4,0,COMPLETE,8ee4853ad1850a57ef7ba3c6091f132fe2ab4c169efa140810e39cd20076f77b,0f8964a6d58441a9c14f33713f363bb9db20006d22481a3cb07d9ecd43b8d910,1b3f965dedfe4442b0e1d7810d28fc4e6349f88739fd774ad1ba1681985df07f,726edcc0562bed30af66b54299e416141675ffc545903804ac376c96a62fe068,1.7385574579975582e-07,1.6753370628563864e-08,1.5710237517119196e-07,classifier_32_elu,21
EEGConformer,OpenBMI_MI,4,0,COMPLETE,8ee4853ad1850a57ef7ba3c6091f132fe2ab4c169efa140810e39cd20076f77b,0f8964a6d58441a9c14f33713f363bb9db20006d22481a3cb07d9ecd43b8d910,1b3f965dedfe4442b0e1d7810d28fc4e6349f88739fd774ad1ba1681985df07f,726edcc0562bed30af66b54299e416141675ffc545903804ac376c96a62fe068,1.2644054403487814e-07,1.1524529930362346e-08,1.149160141045158e-07,classifier_32_elu,41
EEGConformer,OpenBMI_MI,4,0,COMPLETE,8ee4853ad1850a57ef7ba3c6091f132fe2ab4c169efa140810e39cd20076f77b,0f8964a6d58441a9c14f33713f363bb9db20006d22481a3cb07d9ecd43b8d910,1b3f965dedfe4442b0e1d7810d28fc4e6349f88739fd774ad1ba1681985df07f,726edcc0562bed30af66b54299e416141675ffc545903804ac376c96a62fe068,2.7395450485911965e-07,2.8396432361077483e-08,2.4555807249804217e-07,classifier_32_elu,44
EEGConformer,OpenBMI_MI,4,0,COMPLETE,8ee4853ad1850a57ef7ba3c6091f132fe2ab4c169efa140810e39cd20076f77b,0f8964a6d58441a9c14f33713f363bb9db20006d22481a3cb07d9ecd43b8d910,1b3f965dedfe4442b0e1d7810d28fc4e6349f88739fd774ad1ba1681985df07f,726edcc0562bed30af66b54299e416141675ffc545903804ac376c96a62fe068,2.7658869039548506e-07,9.66743348107535e-08,1.7991435558473156e-07,classifier_32_elu,46
EEGConformer,OpenBMI_MI,4,0,COMPLETE,8ee4853ad1850a57ef7ba3c6091f132fe2ab4c169efa140810e39cd20076f77b,0f8964a6d58441a9c14f33713f363bb9db20006d22481a3cb07d9ecd43b8d910,1b3f965dedfe4442b0e1d7810d28fc4e6349f88739fd774ad1ba1681985df07f,726edcc0562bed30af66b54299e416141675ffc545903804ac376c96a62fe068,1.3170890178493266e-07,-1.290745526016946e-09,1.329996473109496e-07,classifier_32_elu,53
EEGConformer,OpenBMI_SSVEP,0,0,COMPLETE,ed322e47fbd576ca0f782cc16a4255edbb8b2268683ca14865318fa15f64b400,650e6c449ac8304d5d31661652a67853fa3a03cfef87b9d5c94b9b5352aa01d6,3951691b75431b5038b511d76cedadab2e4d51d083c274f1d05dd793cbf93b68,d1ef45b998b0dfe0acaad75dc1eb1b02f571c4314484bbd442ac3d55cd2de5a0,4.318018240854144,0.9764322878032301,3.341585953050914,patch_tokenizer,3
EEGConformer,OpenBMI_SSVEP,0,0,COMPLETE,ed322e47fbd576ca0f782cc16a4255edbb8b2268683ca14865318fa15f64b400,650e6c449ac8304d5d31661652a67853fa3a03cfef87b9d5c94b9b5352aa01d6,3951691b75431b5038b511d76cedadab2e4d51d083c274f1d05dd793cbf93b68,d1ef45b998b0dfe0acaad75dc1eb1b02f571c4314484bbd442ac3d55cd2de5a0,4.9091083742678165,0.479614878939465,4.429493495328352,patch_tokenizer,5
EEGConformer,OpenBMI_SSVEP,0,0,COMPLETE,ed322e47fbd576ca0f782cc16a4255edbb8b2268683ca14865318fa15f64b400,650e6c449ac8304d5d31661652a67853fa3a03cfef87b9d5c94b9b5352aa01d6,3951691b75431b5038b511d76cedadab2e4d51d083c274f1d05dd793cbf93b68,d1ef45b998b0dfe0acaad75dc1eb1b02f571c4314484bbd442ac3d55cd2de5a0,2.6339114668468633,-0.22161691452376564,2.855528381370629,patch_tokenizer,6
EEGConformer,OpenBMI_SSVEP,0,0,COMPLETE,ed322e47fbd576ca0f782cc16a4255edbb8b2268683ca14865318fa15f64b400,650e6c449ac8304d5d31661652a67853fa3a03cfef87b9d5c94b9b5352aa01d6,3951691b75431b5038b511d76cedadab2e4d51d083c274f1d05dd793cbf93b68,d1ef45b998b0dfe0acaad75dc1eb1b02f571c4314484bbd442ac3d55cd2de5a0,3.1514361730466285,0.4310534989290553,2.720382674117573,patch_tokenizer,15
EEGConformer,OpenBMI_SSVEP,0,0,COMPLETE,ed322e47fbd576ca0f782cc16a4255edbb8b2268683ca14865318fa15f64b400,650e6c449ac8304d5d31661652a67853fa3a03cfef87b9d5c94b9b5352aa01d6,3951691b75431b5038b511d76cedadab2e4d51d083c274f1d05dd793cbf93b68,d1ef45b998b0dfe0acaad75dc1eb1b02f571c4314484bbd442ac3d55cd2de5a0,2.6589592583477497,0.09918601513219372,2.559773243215556,patch_tokenizer,32
EEGConformer,OpenBMI_SSVEP,0,0,COMPLETE,ed322e47fbd576ca0f782cc16a4255edbb8b2268683ca14865318fa15f64b400,650e6c449ac8304d5d31661652a67853fa3a03cfef87b9d5c94b9b5352aa01d6,3951691b75431b5038b511d76cedadab2e4d51d083c274f1d05dd793cbf93b68,d1ef45b998b0dfe0acaad75dc1eb1b02f571c4314484bbd442ac3d55cd2de5a0,3.814933326716224,0.4524520762381141,3.36248125047811,patch_tokenizer,33
EEGConformer,OpenBMI_SSVEP,0,0,COMPLETE,ed322e47fbd576ca0f782cc16a4255edbb8b2268683ca14865318fa15f64b400,650e6c449ac8304d5d31661652a67853fa3a03cfef87b9d5c94b9b5352aa01d6,3951691b75431b5038b511d76cedadab2e4d51d083c274f1d05dd793cbf93b68,d1ef45b998b0dfe0acaad75dc1eb1b02f571c4314484bbd442ac3d55cd2de5a0,3.4870746936649084,-0.1272119202588997,3.614286613923808,patch_tokenizer,38
EEGConformer,OpenBMI_SSVEP,0,0,COMPLETE,ed322e47fbd576ca0f782cc16a4255edbb8b2268683ca14865318fa15f64b400,650e6c449ac8304d5d31661652a67853fa3a03cfef87b9d5c94b9b5352aa01d6,3951691b75431b5038b511d76cedadab2e4d51d083c274f1d05dd793cbf93b68,d1ef45b998b0dfe0acaad75dc1eb1b02f571c4314484bbd442ac3d55cd2de5a0,4.164687127495806,0.2781603383071105,3.886526789188695,patch_tokenizer,47
EEGConformer,OpenBMI_SSVEP,0,0,COMPLETE,ed322e47fbd576ca0f782cc16a4255edbb8b2268683ca14865318fa15f64b400,650e6c449ac8304d5d31661652a67853fa3a03cfef87b9d5c94b9b5352aa01d6,3951691b75431b5038b511d76cedadab2e4d51d083c274f1d05dd793cbf93b68,d1ef45b998b0dfe0acaad75dc1eb1b02f571c4314484bbd442ac3d55cd2de5a0,2.6852872061232724,0.4305856613050367,2.2547015448182357,conformer_block2,3
EEGConformer,OpenBMI_SSVEP,0,0,COMPLETE,ed322e47fbd576ca0f782cc16a4255edbb8b2268683ca14865318fa15f64b400,650e6c449ac8304d5d31661652a67853fa3a03cfef87b9d5c94b9b5352aa01d6,3951691b75431b5038b511d76cedadab2e4d51d083c274f1d05dd793cbf93b68,d1ef45b998b0dfe0acaad75dc1eb1b02f571c4314484bbd442ac3d55cd2de5a0,2.27637738113602,0.3895542590913832,1.886823122044637,conformer_block2,5
EEGConformer,OpenBMI_SSVEP,0,0,COMPLETE,ed322e47fbd576ca0f782cc16a4255edbb8b2268683ca14865318fa15f64b400,650e6c449ac8304d5d31661652a67853fa3a03cfef87b9d5c94b9b5352aa01d6,3951691b75431b5038b511d76cedadab2e4d51d083c274f1d05dd793cbf93b68,d1ef45b998b0dfe0acaad75dc1eb1b02f571c4314484bbd442ac3d55cd2de5a0,1.7142571615986526,0.2081437057986235,1.506113455800029,conformer_block2,6
EEGConformer,OpenBMI_SSVEP,0,0,COMPLETE,ed322e47fbd576ca0f782cc16a4255edbb8b2268683ca14865318fa15f64b400,650e6c449ac8304d5d31661652a67853fa3a03cfef87b9d5c94b9b5352aa01d6,3951691b75431b5038b511d76cedadab2e4d51d083c274f1d05dd793cbf93b68,d1ef45b998b0dfe0acaad75dc1eb1b02f571c4314484bbd442ac3d55cd2de5a0,1.579381709297498,0.22540890628239119,1.3539728030151068,conformer_block2,15
EEGConformer,OpenBMI_SSVEP,0,0,COMPLETE,ed322e47fbd576ca0f782cc16a4255edbb8b2268683ca14865318fa15f64b400,650e6c449ac8304d5d31661652a67853fa3a03cfef87b9d5c94b9b5352aa01d6,3951691b75431b5038b511d76cedadab2e4d51d083c274f1d05dd793cbf93b68,d1ef45b998b0dfe0acaad75dc1eb1b02f571c4314484bbd442ac3d55cd2de5a0,1.1667222447382908,0.34972162565429876,0.817000619083992,conformer_block2,32
EEGConformer,OpenBMI_SSVEP,0,0,COMPLETE,ed322e47fbd576ca0f782cc16a4255edbb8b2268683ca14865318fa15f64b400,650e6c449ac8304d5d31661652a67853fa3a03cfef87b9d5c94b9b5352aa01d6,3951691b75431b5038b511d76cedadab2e4d51d083c274f1d05dd793cbf93b68,d1ef45b998b0dfe0acaad75dc1eb1b02f571c4314484bbd442ac3d55cd2de5a0,1.7036829971087475,-0.08851746529398974,1.7922004624027372,conformer_block2,33
EEGConformer,OpenBMI_SSVEP,0,0,COMPLETE,ed322e47fbd576ca0f782cc16a4255edbb8b2268683ca14865318fa15f64b400,650e6c449ac8304d5d31661652a67853fa3a03cfef87b9d5c94b9b5352aa01d6,3951691b75431b5038b511d76cedadab2e4d51d083c274f1d05dd793cbf93b68,d1ef45b998b0dfe0acaad75dc1eb1b02f571c4314484bbd442ac3d55cd2de5a0,1.6581897962217529,0.14679743170000914,1.5113923645217437,conformer_block2,38
EEGConformer,OpenBMI_SSVEP,0,0,COMPLETE,ed322e47fbd576ca0f782cc16a4255edbb8b2268683ca14865318fa15f64b400,650e6c449ac8304d5d31661652a67853fa3a03cfef87b9d5c94b9b5352aa01d6,3951691b75431b5038b511d76cedadab2e4d51d083c274f1d05dd793cbf93b68,d1ef45b998b0dfe0acaad75dc1eb1b02f571c4314484bbd442ac3d55cd2de5a0,1.9879786033804219,0.32658423252811186,1.66139437085231,conformer_block2,47
EEGConformer,OpenBMI_SSVEP,0,0,COMPLETE,ed322e47fbd576ca0f782cc16a4255edbb8b2268683ca14865318fa15f64b400,650e6c449ac8304d5d31661652a67853fa3a03cfef87b9d5c94b9b5352aa01d6,3951691b75431b5038b511d76cedadab2e4d51d083c274f1d05dd793cbf93b68,d1ef45b998b0dfe0acaad75dc1eb1b02f571c4314484bbd442ac3d55cd2de5a0,1.914953346985082,0.035442028879188126,1.8795113181058938,conformer_block4,3
EEGConformer,OpenBMI_SSVEP,0,0,COMPLETE,ed322e47fbd576ca0f782cc16a4255edbb8b2268683ca14865318fa15f64b400,650e6c449ac8304d5d31661652a67853fa3a03cfef87b9d5c94b9b5352aa01d6,3951691b75431b5038b511d76cedadab2e4d51d083c274f1d05dd793cbf93b68,d1ef45b998b0dfe0acaad75dc1eb1b02f571c4314484bbd442ac3d55cd2de5a0,2.2984643671661615,-0.06687226797648105,2.3653366351426426,conformer_block4,5
EEGConformer,OpenBMI_SSVEP,0,0,COMPLETE,ed322e47fbd576ca0f782cc16a4255edbb8b2268683ca14865318fa15f64b400,650e6c449ac8304d5d31661652a67853fa3a03cfef87b9d5c94b9b5352aa01d6,3951691b75431b5038b511d76cedadab2e4d51d083c274f1d05dd793cbf93b68,d1ef45b998b0dfe0acaad75dc1eb1b02f571c4314484bbd442ac3d55cd2de5a0,1.7013132910554607,0.2680716054907919,1.4332416855646688,conformer_block4,6
EEGConformer,OpenBMI_SSVEP,0,0,COMPLETE,ed322e47fbd576ca0f782cc16a4255edbb8b2268683ca14865318fa15f64b400,650e6c449ac8304d5d31661652a67853fa3a03cfef87b9d5c94b9b5352aa01d6,3951691b75431b5038b511d76cedadab2e4d51d083c274f1d05dd793cbf93b68,d1ef45b998b0dfe0acaad75dc1eb1b02f571c4314484bbd442ac3d55cd2de5a0,1.5410872464999557,0.00937329548333432,1.5317139510166213,conformer_block4,15
EEGConformer,OpenBMI_SSVEP,0,0,COMPLETE,ed322e47fbd576ca0f782cc16a4255edbb8b2268683ca14865318fa15f64b400,650e6c449ac8304d5d31661652a67853fa3a03cfef87b9d5c94b9b5352aa01d6,3951691b75431b5038b511d76cedadab2e4d51d083c274f1d05dd793cbf93b68,d1ef45b998b0dfe0acaad75dc1eb1b02f571c4314484bbd442ac3d55cd2de5a0,1.2123482377889256,0.1976246089014848,1.0147236288874408,conformer_block4,32
EEGConformer,OpenBMI_SSVEP,0,0,COMPLETE,ed322e47fbd576ca0f782cc16a4255edbb8b2268683ca14865318fa15f64b400,650e6c449ac8304d5d31661652a67853fa3a03cfef87b9d5c94b9b5352aa01d6,3951691b75431b5038b511d76cedadab2e4d51d083c274f1d05dd793cbf93b68,d1ef45b998b0dfe0acaad75dc1eb1b02f571c4314484bbd442ac3d55cd2de5a0,1.5663465093821287,-0.1538395813025999,1.7201860906847286,conformer_block4,33
EEGConformer,OpenBMI_SSVEP,0,0,COMPLETE,ed322e47fbd576ca0f782cc16a4255edbb8b2268683ca14865318fa15f64b400,650e6c449ac8304d5d31661652a67853fa3a03cfef87b9d5c94b9b5352aa01d6,3951691b75431b5038b511d76cedadab2e4d51d083c274f1d05dd793cbf93b68,d1ef45b998b0dfe0acaad75dc1eb1b02f571c4314484bbd442ac3d55cd2de5a0,1.4516673736895125,-0.1528426775340146,1.604510051223527,conformer_block4,38
EEGConformer,OpenBMI_SSVEP,0,0,COMPLETE,ed322e47fbd576ca0f782cc16a4255edbb8b2268683ca14865318fa15f64b400,650e6c449ac8304d5d31661652a67853fa3a03cfef87b9d5c94b9b5352aa01d6,3951691b75431b5038b511d76cedadab2e4d51d083c274f1d05dd793cbf93b68,d1ef45b998b0dfe0acaad75dc1eb1b02f571c4314484bbd442ac3d55cd2de5a0,1.743219459739824,-0.03162708861617536,1.7748465483559994,conformer_block4,47
EEGConformer,OpenBMI_SSVEP,0,0,COMPLETE,ed322e47fbd576ca0f782cc16a4255edbb8b2268683ca14865318fa15f64b400,650e6c449ac8304d5d31661652a67853fa3a03cfef87b9d5c94b9b5352aa01d6,3951691b75431b5038b511d76cedadab2e4d51d083c274f1d05dd793cbf93b68,d1ef45b998b0dfe0acaad75dc1eb1b02f571c4314484bbd442ac3d55cd2de5a0,2.5248039293413362,0.36827358896184403,2.156530340379492,conformer_block6,3
EEGConformer,OpenBMI_SSVEP,0,0,COMPLETE,ed322e47fbd576ca0f782cc16a4255edbb8b2268683ca14865318fa15f64b400,650e6c449ac8304d5d31661652a67853fa3a03cfef87b9d5c94b9b5352aa01d6,3951691b75431b5038b511d76cedadab2e4d51d083c274f1d05dd793cbf93b68,d1ef45b998b0dfe0acaad75dc1eb1b02f571c4314484bbd442ac3d55cd2de5a0,2.1542144203558564,0.11613542994038006,2.0380789904154764,conformer_block6,5
EEGConformer,OpenBMI_SSVEP,0,0,COMPLETE,ed322e47fbd576ca0f782cc16a4255edbb8b2268683ca14865318fa15f64b400,650e6c449ac8304d5d31661652a67853fa3a03cfef87b9d5c94b9b5352aa01d6,3951691b75431b5038b511d76cedadab2e4d51d083c274f1d05dd793cbf93b68,d1ef45b998b0dfe0acaad75dc1eb1b02f571c4314484bbd442ac3d55cd2de5a0,2.2633125907741487,0.5353273681104957,1.727985222663653,conformer_block6,6
EEGConformer,OpenBMI_SSVEP,0,0,COMPLETE,ed322e47fbd576ca0f782cc16a4255edbb8b2268683ca14865318fa15f64b400,650e6c449ac8304d5d31661652a67853fa3a03cfef87b9d5c94b9b5352aa01d6,3951691b75431b5038b511d76cedadab2e4d51d083c274f1d05dd793cbf93b68,d1ef45b998b0dfe0acaad75dc1eb1b02f571c4314484bbd442ac3d55cd2de5a0,1.6707765981554985,-0.10544836890418074,1.7762249670596792,conformer_block6,15
EEGConformer,OpenBMI_SSVEP,0,0,COMPLETE,ed322e47fbd576ca0f782cc16a4255edbb8b2268683ca14865318fa15f64b400,650e6c449ac8304d5d31661652a67853fa3a03cfef87b9d5c94b9b5352aa01d6,3951691b75431b5038b511d76cedadab2e4d51d083c274f1d05dd793cbf93b68,d1ef45b998b0dfe0acaad75dc1eb1b02f571c4314484bbd442ac3d55cd2de5a0,1.1567240317041676,0.1806294225154368,0.9760946091887308,conformer_block6,32
EEGConformer,OpenBMI_SSVEP,0,0,COMPLETE,ed322e47fbd576ca0f782cc16a4255edbb8b2268683ca14865318fa15f64b400,650e6c449ac8304d5d31661652a67853fa3a03cfef87b9d5c94b9b5352aa01d6,3951691b75431b5038b511d76cedadab2e4d51d083c274f1d05dd793cbf93b68,d1ef45b998b0dfe0acaad75dc1eb1b02f571c4314484bbd442ac3d55cd2de5a0,1.6302640068655212,-0.20407737855217456,1.8343413854176958,conformer_block6,33
EEGConformer,OpenBMI_SSVEP,0,0,COMPLETE,ed322e47fbd576ca0f782cc16a4255edbb8b2268683ca14865318fa15f64b400,650e6c449ac8304d5d31661652a67853fa3a03cfef87b9d5c94b9b5352aa01d6,3951691b75431b5038b511d76cedadab2e4d51d083c274f1d05dd793cbf93b68,d1ef45b998b0dfe0acaad75dc1eb1b02f571c4314484bbd442ac3d55cd2de5a0,1.5987918462293844,-0.2873716195214846,1.886163465750869,conformer_block6,38
EEGConformer,OpenBMI_SSVEP,0,0,COMPLETE,ed322e47fbd576ca0f782cc16a4255edbb8b2268683ca14865318fa15f64b400,650e6c449ac8304d5d31661652a67853fa3a03cfef87b9d5c94b9b5352aa01d6,3951691b75431b5038b511d76cedadab2e4d51d083c274f1d05dd793cbf93b68,d1ef45b998b0dfe0acaad75dc1eb1b02f571c4314484bbd442ac3d55cd2de5a0,1.964954932841162,0.08310192682120654,1.8818530060199554,conformer_block6,47
EEGConformer,OpenBMI_SSVEP,0,0,COMPLETE,ed322e47fbd576ca0f782cc16a4255edbb8b2268683ca14865318fa15f64b400,650e6c449ac8304d5d31661652a67853fa3a03cfef87b9d5c94b9b5352aa01d6,3951691b75431b5038b511d76cedadab2e4d51d083c274f1d05dd793cbf93b68,d1ef45b998b0dfe0acaad75dc1eb1b02f571c4314484bbd442ac3d55cd2de5a0,0.98471599817276,0.2246518060744468,0.7600641920983132,classifier_256_elu,3
EEGConformer,OpenBMI_SSVEP,0,0,COMPLETE,ed322e47fbd576ca0f782cc16a4255edbb8b2268683ca14865318fa15f64b400,650e6c449ac8304d5d31661652a67853fa3a03cfef87b9d5c94b9b5352aa01d6,3951691b75431b5038b511d76cedadab2e4d51d083c274f1d05dd793cbf93b68,d1ef45b998b0dfe0acaad75dc1eb1b02f571c4314484bbd442ac3d55cd2de5a0,1.0281053815657895,0.2190335984683286,0.8090717830974609,classifier_256_elu,5
EEGConformer,OpenBMI_SSVEP,0,0,COMPLETE,ed322e47fbd576ca0f782cc16a4255edbb8b2268683ca14865318fa15f64b400,650e6c449ac8304d5d31661652a67853fa3a03cfef87b9d5c94b9b5352aa01d6,3951691b75431b5038b511d76cedadab2e4d51d083c274f1d05dd793cbf93b68,d1ef45b998b0dfe0acaad75dc1eb1b02f571c4314484bbd442ac3d55cd2de5a0,0.6156095550007498,0.17976073246817892,0.43584882253257085,classifier_256_elu,6
EEGConformer,OpenBMI_SSVEP,0,0,COMPLETE,ed322e47fbd576ca0f782cc16a4255edbb8b2268683ca14865318fa15f64b400,650e6c449ac8304d5d31661652a67853fa3a03cfef87b9d5c94b9b5352aa01d6,3951691b75431b5038b511d76cedadab2e4d51d083c274f1d05dd793cbf93b68,d1ef45b998b0dfe0acaad75dc1eb1b02f571c4314484bbd442ac3d55cd2de5a0,0.5251981106897196,0.12378924734299906,0.4014088633467205,classifier_256_elu,15
EEGConformer,OpenBMI_SSVEP,0,0,COMPLETE,ed322e47fbd576ca0f782cc16a4255edbb8b2268683ca14865318fa15f64b400,650e6c449ac8304d5d31661652a67853fa3a03cfef87b9d5c94b9b5352aa01d6,3951691b75431b5038b511d76cedadab2e4d51d083c274f1d05dd793cbf93b68,d1ef45b998b0dfe0acaad75dc1eb1b02f571c4314484bbd442ac3d55cd2de5a0,0.49444290848138434,0.1587539538033403,0.33568895467804405,classifier_256_elu,32
EEGConformer,OpenBMI_SSVEP,0,0,COMPLETE,ed322e47fbd576ca0f782cc16a4255edbb8b2268683ca14865318fa15f64b400,650e6c449ac8304d5d31661652a67853fa3a03cfef87b9d5c94b9b5352aa01d6,3951691b75431b5038b511d76cedadab2e4d51d083c274f1d05dd793cbf93b68,d1ef45b998b0dfe0acaad75dc1eb1b02f571c4314484bbd442ac3d55cd2de5a0,0.6574423100876933,0.02860312130321596,0.6288391887844773,classifier_256_elu,33
EEGConformer,OpenBMI_SSVEP,0,0,COMPLETE,ed322e47fbd576ca0f782cc16a4255edbb8b2268683ca14865318fa15f64b400,650e6c449ac8304d5d31661652a67853fa3a03cfef87b9d5c94b9b5352aa01d6,3951691b75431b5038b511d76cedadab2e4d51d083c274f1d05dd793cbf93b68,d1ef45b998b0dfe0acaad75dc1eb1b02f571c4314484bbd442ac3d55cd2de5a0,0.9184375065378845,0.25423450247811463,0.6642030040597698,classifier_256_elu,38
EEGConformer,OpenBMI_SSVEP,0,0,COMPLETE,ed322e47fbd576ca0f782cc16a4255edbb8b2268683ca14865318fa15f64b400,650e6c449ac8304d5d31661652a67853fa3a03cfef87b9d5c94b9b5352aa01d6,3951691b75431b5038b511d76cedadab2e4d51d083c274f1d05dd793cbf93b68,d1ef45b998b0dfe0acaad75dc1eb1b02f571c4314484bbd442ac3d55cd2de5a0,0.769976106666339,0.03164288791430114,0.7383332187520378,classifier_256_elu,47
EEGConformer,OpenBMI_SSVEP,0,0,COMPLETE,ed322e47fbd576ca0f782cc16a4255edbb8b2268683ca14865318fa15f64b400,650e6c449ac8304d5d31661652a67853fa3a03cfef87b9d5c94b9b5352aa01d6,3951691b75431b5038b511d76cedadab2e4d51d083c274f1d05dd793cbf93b68,d1ef45b998b0dfe0acaad75dc1eb1b02f571c4314484bbd442ac3d55cd2de5a0,1.1910625090649773e-06,4.02616185442758e-08,1.1508008905207015e-06,classifier_32_elu,3
EEGConformer,OpenBMI_SSVEP,0,0,COMPLETE,ed322e47fbd576ca0f782cc16a4255edbb8b2268683ca14865318fa15f64b400,650e6c449ac8304d5d31661652a67853fa3a03cfef87b9d5c94b9b5352aa01d6,3951691b75431b5038b511d76cedadab2e4d51d083c274f1d05dd793cbf93b68,d1ef45b998b0dfe0acaad75dc1eb1b02f571c4314484bbd442ac3d55cd2de5a0,1.0540456592729914e-06,-1.1704864357827326e-07,1.1710943028512647e-06,classifier_32_elu,5
EEGConformer,OpenBMI_SSVEP,0,0,COMPLETE,ed322e47fbd576ca0f782cc16a4255edbb8b2268683ca14865318fa15f64b400,650e6c449ac8304d5d31661652a67853fa3a03cfef87b9d5c94b9b5352aa01d6,3951691b75431b5038b511d76cedadab2e4d51d083c274f1d05dd793cbf93b68,d1ef45b998b0dfe0acaad75dc1eb1b02f571c4314484bbd442ac3d55cd2de5a0,8.256471447272892e-07,-9.162182787717883e-08,9.17268972604468e-07,classifier_32_elu,6
EEGConformer,OpenBMI_SSVEP,0,0,COMPLETE,ed322e47fbd576ca0f782cc16a4255edbb8b2268683ca14865318fa15f64b400,650e6c449ac8304d5d31661652a67853fa3a03cfef87b9d5c94b9b5352aa01d6,3951691b75431b5038b511d76cedadab2e4d51d083c274f1d05dd793cbf93b68,d1ef45b998b0dfe0acaad75dc1eb1b02f571c4314484bbd442ac3d55cd2de5a0,9.181473097363835e-07,-2.3690573769015902e-08,9.418378835053994e-07,classifier_32_elu,15
EEGConformer,OpenBMI_SSVEP,0,0,COMPLETE,ed322e47fbd576ca0f782cc16a4255edbb8b2268683ca14865318fa15f64b400,650e6c449ac8304d5d31661652a67853fa3a03cfef87b9d5c94b9b5352aa01d6,3951691b75431b5038b511d76cedadab2e4d51d083c274f1d05dd793cbf93b68,d1ef45b998b0dfe0acaad75dc1eb1b02f571c4314484bbd442ac3d55cd2de5a0,8.489096057218148e-07,8.3789401942915e-08,7.651202037788998e-07,classifier_32_elu,32
EEGConformer,OpenBMI_SSVEP,0,0,COMPLETE,ed322e47fbd576ca0f782cc16a4255edbb8b2268683ca14865318fa15f64b400,650e6c449ac8304d5d31661652a67853fa3a03cfef87b9d5c94b9b5352aa01d6,3951691b75431b5038b511d76cedadab2e4d51d083c274f1d05dd793cbf93b68,d1ef45b998b0dfe0acaad75dc1eb1b02f571c4314484bbd442ac3d55cd2de5a0,1.0637848957273377e-06,1.4705516703609243e-08,1.0490793790237285e-06,classifier_32_elu,33
EEGConformer,OpenBMI_SSVEP,0,0,COMPLETE,ed322e47fbd576ca0f782cc16a4255edbb8b2268683ca14865318fa15f64b400,650e6c449ac8304d5d31661652a67853fa3a03cfef87b9d5c94b9b5352aa01d6,3951691b75431b5038b511d76cedadab2e4d51d083c274f1d05dd793cbf93b68,d1ef45b998b0dfe0acaad75dc1eb1b02f571c4314484bbd442ac3d55cd2de5a0,8.786377912646989e-07,-1.7011753651689016e-08,8.956495449163879e-07,classifier_32_elu,38
EEGConformer,OpenBMI_SSVEP,0,0,COMPLETE,ed322e47fbd576ca0f782cc16a4255edbb8b2268683ca14865318fa15f64b400,650e6c449ac8304d5d31661652a67853fa3a03cfef87b9d5c94b9b5352aa01d6,3951691b75431b5038b511d76cedadab2e4d51d083c274f1d05dd793cbf93b68,d1ef45b998b0dfe0acaad75dc1eb1b02f571c4314484bbd442ac3d55cd2de5a0,9.154746238119552e-07,-1.096019709989728e-09,9.165706435219449e-07,classifier_32_elu,47
EEGConformer,OpenBMI_SSVEP,1,0,COMPLETE,32f75fd16bbe0eff08e3188a355638875f14106e7890072708a0f26b07796e2f,35a0bc31934e50b19b1cf630e5c05b97d523f86ab6f4bd277f4c873515fcbd6c,45b404367edefc61877303399d207b9311409c274c5865cf16e71bd99e40805c,d1ef45b998b0dfe0acaad75dc1eb1b02f571c4314484bbd442ac3d55cd2de5a0,2.1841899876793227,0.2628219346857319,1.9213680529935908,patch_tokenizer,2
EEGConformer,OpenBMI_SSVEP,1,0,COMPLETE,32f75fd16bbe0eff08e3188a355638875f14106e7890072708a0f26b07796e2f,35a0bc31934e50b19b1cf630e5c05b97d523f86ab6f4bd277f4c873515fcbd6c,45b404367edefc61877303399d207b9311409c274c5865cf16e71bd99e40805c,d1ef45b998b0dfe0acaad75dc1eb1b02f571c4314484bbd442ac3d55cd2de5a0,1.6065400121733546,-0.030792531918656607,1.6373325440920112,patch_tokenizer,14
EEGConformer,OpenBMI_SSVEP,1,0,COMPLETE,32f75fd16bbe0eff08e3188a355638875f14106e7890072708a0f26b07796e2f,35a0bc31934e50b19b1cf630e5c05b97d523f86ab6f4bd277f4c873515fcbd6c,45b404367edefc61877303399d207b9311409c274c5865cf16e71bd99e40805c,d1ef45b998b0dfe0acaad75dc1eb1b02f571c4314484bbd442ac3d55cd2de5a0,2.206414269283414,-0.19652697326770685,2.4029412425511207,patch_tokenizer,26
EEGConformer,OpenBMI_SSVEP,1,0,COMPLETE,32f75fd16bbe0eff08e3188a355638875f14106e7890072708a0f26b07796e2f,35a0bc31934e50b19b1cf630e5c05b97d523f86ab6f4bd277f4c873515fcbd6c,45b404367edefc61877303399d207b9311409c274c5865cf16e71bd99e40805c,d1ef45b998b0dfe0acaad75dc1eb1b02f571c4314484bbd442ac3d55cd2de5a0,1.8782352109750111,-0.017510356397445914,1.895745567372457,patch_tokenizer,28
EEGConformer,OpenBMI_SSVEP,1,0,COMPLETE,32f75fd16bbe0eff08e3188a355638875f14106e7890072708a0f26b07796e2f,35a0bc31934e50b19b1cf630e5c05b97d523f86ab6f4bd277f4c873515fcbd6c,45b404367edefc61877303399d207b9311409c274c5865cf16e71bd99e40805c,d1ef45b998b0dfe0acaad75dc1eb1b02f571c4314484bbd442ac3d55cd2de5a0,2.8841746371860304,0.6399490111880004,2.24422562599803,patch_tokenizer,31
EEGConformer,OpenBMI_SSVEP,1,0,COMPLETE,32f75fd16bbe0eff08e3188a355638875f14106e7890072708a0f26b07796e2f,35a0bc31934e50b19b1cf630e5c05b97d523f86ab6f4bd277f4c873515fcbd6c,45b404367edefc61877303399d207b9311409c274c5865cf16e71bd99e40805c,d1ef45b998b0dfe0acaad75dc1eb1b02f571c4314484bbd442ac3d55cd2de5a0,0.9059245368310561,-0.00825636611126046,0.9141809029423166,patch_tokenizer,35
EEGConformer,OpenBMI_SSVEP,1,0,COMPLETE,32f75fd16bbe0eff08e3188a355638875f14106e7890072708a0f26b07796e2f,35a0bc31934e50b19b1cf630e5c05b97d523f86ab6f4bd277f4c873515fcbd6c,45b404367edefc61877303399d207b9311409c274c5865cf16e71bd99e40805c,d1ef45b998b0dfe0acaad75dc1eb1b02f571c4314484bbd442ac3d55cd2de5a0,2.2873306212325892,0.32086752141437813,1.966463099818211,patch_tokenizer,40
EEGConformer,OpenBMI_SSVEP,1,0,COMPLETE,32f75fd16bbe0eff08e3188a355638875f14106e7890072708a0f26b07796e2f,35a0bc31934e50b19b1cf630e5c05b97d523f86ab6f4bd277f4c873515fcbd6c,45b404367edefc61877303399d207b9311409c274c5865cf16e71bd99e40805c,d1ef45b998b0dfe0acaad75dc1eb1b02f571c4314484bbd442ac3d55cd2de5a0,4.344088243941466,0.6446274431771606,3.6994608007643057,patch_tokenizer,43
EEGConformer,OpenBMI_SSVEP,1,0,COMPLETE,32f75fd16bbe0eff08e3188a355638875f14106e7890072708a0f26b07796e2f,35a0bc31934e50b19b1cf630e5c05b97d523f86ab6f4bd277f4c873515fcbd6c,45b404367edefc61877303399d207b9311409c274c5865cf16e71bd99e40805c,d1ef45b998b0dfe0acaad75dc1eb1b02f571c4314484bbd442ac3d55cd2de5a0,1.2807704803223412,0.3721926498203538,0.9085778305019874,conformer_block2,2
EEGConformer,OpenBMI_SSVEP,1,0,COMPLETE,32f75fd16bbe0eff08e3188a355638875f14106e7890072708a0f26b07796e2f,35a0bc31934e50b19b1cf630e5c05b97d523f86ab6f4bd277f4c873515fcbd6c,45b404367edefc61877303399d207b9311409c274c5865cf16e71bd99e40805c,d1ef45b998b0dfe0acaad75dc1eb1b02f571c4314484bbd442ac3d55cd2de5a0,0.832323563285172,0.12524171796860162,0.7070818453165704,conformer_block2,14
EEGConformer,OpenBMI_SSVEP,1,0,COMPLETE,32f75fd16bbe0eff08e3188a355638875f14106e7890072708a0f26b07796e2f,35a0bc31934e50b19b1cf630e5c05b97d523f86ab6f4bd277f4c873515fcbd6c,45b404367edefc61877303399d207b9311409c274c5865cf16e71bd99e40805c,d1ef45b998b0dfe0acaad75dc1eb1b02f571c4314484bbd442ac3d55cd2de5a0,1.4541436977063615,0.1824868110497484,1.2716568866566131,conformer_block2,26
EEGConformer,OpenBMI_SSVEP,1,0,COMPLETE,32f75fd16bbe0eff08e3188a355638875f14106e7890072708a0f26b07796e2f,35a0bc31934e50b19b1cf630e5c05b97d523f86ab6f4bd277f4c873515fcbd6c,45b404367edefc61877303399d207b9311409c274c5865cf16e71bd99e40805c,d1ef45b998b0dfe0acaad75dc1eb1b02f571c4314484bbd442ac3d55cd2de5a0,1.4035845436155796,0.2622029973504443,1.1413815462651353,conformer_block2,28
EEGConformer,OpenBMI_SSVEP,1,0,COMPLETE,32f75fd16bbe0eff08e3188a355638875f14106e7890072708a0f26b07796e2f,35a0bc31934e50b19b1cf630e5c05b97d523f86ab6f4bd277f4c873515fcbd6c,45b404367edefc61877303399d207b9311409c274c5865cf16e71bd99e40805c,d1ef45b998b0dfe0acaad75dc1eb1b02f571c4314484bbd442ac3d55cd2de5a0,1.6609305604360998,0.5395271243469326,1.1214034360891671,conformer_block2,31
EEGConformer,OpenBMI_SSVEP,1,0,COMPLETE,32f75fd16bbe0eff08e3188a355638875f14106e7890072708a0f26b07796e2f,35a0bc31934e50b19b1cf630e5c05b97d523f86ab6f4bd277f4c873515fcbd6c,45b404367edefc61877303399d207b9311409c274c5865cf16e71bd99e40805c,d1ef45b998b0dfe0acaad75dc1eb1b02f571c4314484bbd442ac3d55cd2de5a0,0.3239332449156791,-0.04548677454557043,0.3694200194612495,conformer_block2,35
EEGConformer,OpenBMI_SSVEP,1,0,COMPLETE,32f75fd16bbe0eff08e3188a355638875f14106e7890072708a0f26b07796e2f,35a0bc31934e50b19b1cf630e5c05b97d523f86ab6f4bd277f4c873515fcbd6c,45b404367edefc61877303399d207b9311409c274c5865cf16e71bd99e40805c,d1ef45b998b0dfe0acaad75dc1eb1b02f571c4314484bbd442ac3d55cd2de5a0,1.1567778919513028,0.14841149561378808,1.0083663963375147,conformer_block2,40
EEGConformer,OpenBMI_SSVEP,1,0,COMPLETE,32f75fd16bbe0eff08e3188a355638875f14106e7890072708a0f26b07796e2f,35a0bc31934e50b19b1cf630e5c05b97d523f86ab6f4bd277f4c873515fcbd6c,45b404367edefc61877303399d207b9311409c274c5865cf16e71bd99e40805c,d1ef45b998b0dfe0acaad75dc1eb1b02f571c4314484bbd442ac3d55cd2de5a0,2.1469397793213525,0.34731167896961157,1.799628100351741,conformer_block2,43
EEGConformer,OpenBMI_SSVEP,1,0,COMPLETE,32f75fd16bbe0eff08e3188a355638875f14106e7890072708a0f26b07796e2f,35a0bc31934e50b19b1cf630e5c05b97d523f86ab6f4bd277f4c873515fcbd6c,45b404367edefc61877303399d207b9311409c274c5865cf16e71bd99e40805c,d1ef45b998b0dfe0acaad75dc1eb1b02f571c4314484bbd442ac3d55cd2de5a0,0.6921101879949371,0.09133760049706319,0.6007725874978739,conformer_block4,2
EEGConformer,OpenBMI_SSVEP,1,0,COMPLETE,32f75fd16bbe0eff08e3188a355638875f14106e7890072708a0f26b07796e2f,35a0bc31934e50b19b1cf630e5c05b97d523f86ab6f4bd277f4c873515fcbd6c,45b404367edefc61877303399d207b9311409c274c5865cf16e71bd99e40805c,d1ef45b998b0dfe0acaad75dc1eb1b02f571c4314484bbd442ac3d55cd2de5a0,0.7839183222192029,0.062174380600917956,0.7217439416182849,conformer_block4,14
EEGConformer,OpenBMI_SSVEP,1,0,COMPLETE,32f75fd16bbe0eff08e3188a355638875f14106e7890072708a0f26b07796e2f,35a0bc31934e50b19b1cf630e5c05b97d523f86ab6f4bd277f4c873515fcbd6c,45b404367edefc61877303399d207b9311409c274c5865cf16e71bd99e40805c,d1ef45b998b0dfe0acaad75dc1eb1b02f571c4314484bbd442ac3d55cd2de5a0,1.1133341615398724,0.07947895758261425,1.0338552039572582,conformer_block4,26
EEGConformer,OpenBMI_SSVEP,1,0,COMPLETE,32f75fd16bbe0eff08e3188a355638875f14106e7890072708a0f26b07796e2f,35a0bc31934e50b19b1cf630e5c05b97d523f86ab6f4bd277f4c873515fcbd6c,45b404367edefc61877303399d207b9311409c274c5865cf16e71bd99e40805c,d1ef45b998b0dfe0acaad75dc1eb1b02f571c4314484bbd442ac3d55cd2de5a0,1.1655314918607473,0.2034282646332093,0.962103227227538,conformer_block4,28
EEGConformer,OpenBMI_SSVEP,1,0,COMPLETE,32f75fd16bbe0eff08e3188a355638875f14106e7890072708a0f26b07796e2f,35a0bc31934e50b19b1cf630e5c05b97d523f86ab6f4bd277f4c873515fcbd6c,45b404367edefc61877303399d207b9311409c274c5865cf16e71bd99e40805c,d1ef45b998b0dfe0acaad75dc1eb1b02f571c4314484bbd442ac3d55cd2de5a0,1.3902207943998899,0.5579769168683563,0.8322438775315336,conformer_block4,31
EEGConformer,OpenBMI_SSVEP,1,0,COMPLETE,32f75fd16bbe0eff08e3188a355638875f14106e7890072708a0f26b07796e2f,35a0bc31934e50b19b1cf630e5c05b97d523f86ab6f4bd277f4c873515fcbd6c,45b404367edefc61877303399d207b9311409c274c5865cf16e71bd99e40805c,d1ef45b998b0dfe0acaad75dc1eb1b02f571c4314484bbd442ac3d55cd2de5a0,0.4901632312685251,0.09288523805405324,0.3972779932144719,conformer_block4,35
EEGConformer,OpenBMI_SSVEP,1,0,COMPLETE,32f75fd16bbe0eff08e3188a355638875f14106e7890072708a0f26b07796e2f,35a0bc31934e50b19b1cf630e5c05b97d523f86ab6f4bd277f4c873515fcbd6c,45b404367edefc61877303399d207b9311409c274c5865cf16e71bd99e40805c,d1ef45b998b0dfe0acaad75dc1eb1b02f571c4314484bbd442ac3d55cd2de5a0,1.2693264593059819,0.2537456449031985,1.0155808144027834,conformer_block4,40
EEGConformer,OpenBMI_SSVEP,1,0,COMPLETE,32f75fd16bbe0eff08e3188a355638875f14106e7890072708a0f26b07796e2f,35a0bc31934e50b19b1cf630e5c05b97d523f86ab6f4bd277f4c873515fcbd6c,45b404367edefc61877303399d207b9311409c274c5865cf16e71bd99e40805c,d1ef45b998b0dfe0acaad75dc1eb1b02f571c4314484bbd442ac3d55cd2de5a0,1.8980587429056566,0.4492897669400555,1.448768975965601,conformer_block4,43
EEGConformer,OpenBMI_SSVEP,1,0,COMPLETE,32f75fd16bbe0eff08e3188a355638875f14106e7890072708a0f26b07796e2f,35a0bc31934e50b19b1cf630e5c05b97d523f86ab6f4bd277f4c873515fcbd6c,45b404367edefc61877303399d207b9311409c274c5865cf16e71bd99e40805c,d1ef45b998b0dfe0acaad75dc1eb1b02f571c4314484bbd442ac3d55cd2de5a0,0.7694581467658281,0.08092737294539487,0.6885307738204333,conformer_block6,2
EEGConformer,OpenBMI_SSVEP,1,0,COMPLETE,32f75fd16bbe0eff08e3188a355638875f14106e7890072708a0f26b07796e2f,35a0bc31934e50b19b1cf630e5c05b97d523f86ab6f4bd277f4c873515fcbd6c,45b404367edefc61877303399d207b9311409c274c5865cf16e71bd99e40805c,d1ef45b998b0dfe0acaad75dc1eb1b02f571c4314484bbd442ac3d55cd2de5a0,0.7203437858261168,0.07408279679929053,0.6462609890268263,conformer_block6,14
EEGConformer,OpenBMI_SSVEP,1,0,COMPLETE,32f75fd16bbe0eff08e3188a355638875f14106e7890072708a0f26b07796e2f,35a0bc31934e50b19b1cf630e5c05b97d523f86ab6f4bd277f4c873515fcbd6c,45b404367edefc61877303399d207b9311409c274c5865cf16e71bd99e40805c,d1ef45b998b0dfe0acaad75dc1eb1b02f571c4314484bbd442ac3d55cd2de5a0,1.0344094393464427,0.05449185694024594,0.9799175824061968,conformer_block6,26
EEGConformer,OpenBMI_SSVEP,1,0,COMPLETE,32f75fd16bbe0eff08e3188a355638875f14106e7890072708a0f26b07796e2f,35a0bc31934e50b19b1cf630e5c05b97d523f86ab6f4bd277f4c873515fcbd6c,45b404367edefc61877303399d207b9311409c274c5865cf16e71bd99e40805c,d1ef45b998b0dfe0acaad75dc1eb1b02f571c4314484bbd442ac3d55cd2de5a0,1.0974535405014951,0.12561534910191152,0.9718381913995836,conformer_block6,28
EEGConformer,OpenBMI_SSVEP,1,0,COMPLETE,32f75fd16bbe0eff08e3188a355638875f14106e7890072708a0f26b07796e2f,35a0bc31934e50b19b1cf630e5c05b97d523f86ab6f4bd277f4c873515fcbd6c,45b404367edefc61877303399d207b9311409c274c5865cf16e71bd99e40805c,d1ef45b998b0dfe0acaad75dc1eb1b02f571c4314484bbd442ac3d55cd2de5a0,1.3674237517019112,0.38634656725179706,0.9810771844501142,conformer_block6,31
EEGConformer,OpenBMI_SSVEP,1,0,COMPLETE,32f75fd16bbe0eff08e3188a355638875f14106e7890072708a0f26b07796e2f,35a0bc31934e50b19b1cf630e5c05b97d523f86ab6f4bd277f4c873515fcbd6c,45b404367edefc61877303399d207b9311409c274c5865cf16e71bd99e40805c,d1ef45b998b0dfe0acaad75dc1eb1b02f571c4314484bbd442ac3d55cd2de5a0,0.514378426266679,0.06983847742740185,0.4445399488392771,conformer_block6,35
EEGConformer,OpenBMI_SSVEP,1,0,COMPLETE,32f75fd16bbe0eff08e3188a355638875f14106e7890072708a0f26b07796e2f,35a0bc31934e50b19b1cf630e5c05b97d523f86ab6f4bd277f4c873515fcbd6c,45b404367edefc61877303399d207b9311409c274c5865cf16e71bd99e40805c,d1ef45b998b0dfe0acaad75dc1eb1b02f571c4314484bbd442ac3d55cd2de5a0,1.0622413673748572,0.11716126403771321,0.945080103337144,conformer_block6,40
EEGConformer,OpenBMI_SSVEP,1,0,COMPLETE,32f75fd16bbe0eff08e3188a355638875f14106e7890072708a0f26b07796e2f,35a0bc31934e50b19b1cf630e5c05b97d523f86ab6f4bd277f4c873515fcbd6c,45b404367edefc61877303399d207b9311409c274c5865cf16e71bd99e40805c,d1ef45b998b0dfe0acaad75dc1eb1b02f571c4314484bbd442ac3d55cd2de5a0,1.7258531193559368,0.22151201680962296,1.5043411025463138,conformer_block6,43
EEGConformer,OpenBMI_SSVEP,1,0,COMPLETE,32f75fd16bbe0eff08e3188a355638875f14106e7890072708a0f26b07796e2f,35a0bc31934e50b19b1cf630e5c05b97d523f86ab6f4bd277f4c873515fcbd6c,45b404367edefc61877303399d207b9311409c274c5865cf16e71bd99e40805c,d1ef45b998b0dfe0acaad75dc1eb1b02f571c4314484bbd442ac3d55cd2de5a0,0.3302591082950433,0.050174655608085816,0.2800844526869575,classifier_256_elu,2
EEGConformer,OpenBMI_SSVEP,1,0,COMPLETE,32f75fd16bbe0eff08e3188a355638875f14106e7890072708a0f26b07796e2f,35a0bc31934e50b19b1cf630e5c05b97d523f86ab6f4bd277f4c873515fcbd6c,45b404367edefc61877303399d207b9311409c274c5865cf16e71bd99e40805c,d1ef45b998b0dfe0acaad75dc1eb1b02f571c4314484bbd442ac3d55cd2de5a0,0.24110390762022385,0.028772388859700487,0.21233151876052336,classifier_256_elu,14
EEGConformer,OpenBMI_SSVEP,1,0,COMPLETE,32f75fd16bbe0eff08e3188a355638875f14106e7890072708a0f26b07796e2f,35a0bc31934e50b19b1cf630e5c05b97d523f86ab6f4bd277f4c873515fcbd6c,45b404367edefc61877303399d207b9311409c274c5865cf16e71bd99e40805c,d1ef45b998b0dfe0acaad75dc1eb1b02f571c4314484bbd442ac3d55cd2de5a0,0.3124071581599613,-0.05014481254426456,0.36255197070422585,classifier_256_elu,26
EEGConformer,OpenBMI_SSVEP,1,0,COMPLETE,32f75fd16bbe0eff08e3188a355638875f14106e7890072708a0f26b07796e2f,35a0bc31934e50b19b1cf630e5c05b97d523f86ab6f4bd277f4c873515fcbd6c,45b404367edefc61877303399d207b9311409c274c5865cf16e71bd99e40805c,d1ef45b998b0dfe0acaad75dc1eb1b02f571c4314484bbd442ac3d55cd2de5a0,0.4340252427694698,0.05570040472220472,0.3783248380472651,classifier_256_elu,28
EEGConformer,OpenBMI_SSVEP,1,0,COMPLETE,32f75fd16bbe0eff08e3188a355638875f14106e7890072708a0f26b07796e2f,35a0bc31934e50b19b1cf630e5c05b97d523f86ab6f4bd277f4c873515fcbd6c,45b404367edefc61877303399d207b9311409c274c5865cf16e71bd99e40805c,d1ef45b998b0dfe0acaad75dc1eb1b02f571c4314484bbd442ac3d55cd2de5a0,0.8133920473046601,0.2696420958050779,0.5437499514995822,classifier_256_elu,31
EEGConformer,OpenBMI_SSVEP,1,0,COMPLETE,32f75fd16bbe0eff08e3188a355638875f14106e7890072708a0f26b07796e2f,35a0bc31934e50b19b1cf630e5c05b97d523f86ab6f4bd277f4c873515fcbd6c,45b404367edefc61877303399d207b9311409c274c5865cf16e71bd99e40805c,d1ef45b998b0dfe0acaad75dc1eb1b02f571c4314484bbd442ac3d55cd2de5a0,0.09953364741522819,0.0056471422126378595,0.09388650520259033,classifier_256_elu,35
EEGConformer,OpenBMI_SSVEP,1,0,COMPLETE,32f75fd16bbe0eff08e3188a355638875f14106e7890072708a0f26b07796e2f,35a0bc31934e50b19b1cf630e5c05b97d523f86ab6f4bd277f4c873515fcbd6c,45b404367edefc61877303399d207b9311409c274c5865cf16e71bd99e40805c,d1ef45b998b0dfe0acaad75dc1eb1b02f571c4314484bbd442ac3d55cd2de5a0,0.4580898416461423,0.10743327897895755,0.35065656266718476,classifier_256_elu,40
EEGConformer,OpenBMI_SSVEP,1,0,COMPLETE,32f75fd16bbe0eff08e3188a355638875f14106e7890072708a0f26b07796e2f,35a0bc31934e50b19b1cf630e5c05b97d523f86ab6f4bd277f4c873515fcbd6c,45b404367edefc61877303399d207b9311409c274c5865cf16e71bd99e40805c,d1ef45b998b0dfe0acaad75dc1eb1b02f571c4314484bbd442ac3d55cd2de5a0,1.183032122751077,0.35813046677843274,0.8249016559726442,classifier_256_elu,43
EEGConformer,OpenBMI_SSVEP,1,0,COMPLETE,32f75fd16bbe0eff08e3188a355638875f14106e7890072708a0f26b07796e2f,35a0bc31934e50b19b1cf630e5c05b97d523f86ab6f4bd277f4c873515fcbd6c,45b404367edefc61877303399d207b9311409c274c5865cf16e71bd99e40805c,d1ef45b998b0dfe0acaad75dc1eb1b02f571c4314484bbd442ac3d55cd2de5a0,3.910166820701259e-07,-6.787752978187905e-08,4.5889421185200496e-07,classifier_32_elu,2
EEGConformer,OpenBMI_SSVEP,1,0,COMPLETE,32f75fd16bbe0eff08e3188a355638875f14106e7890072708a0f26b07796e2f,35a0bc31934e50b19b1cf630e5c05b97d523f86ab6f4bd277f4c873515fcbd6c,45b404367edefc61877303399d207b9311409c274c5865cf16e71bd99e40805c,d1ef45b998b0dfe0acaad75dc1eb1b02f571c4314484bbd442ac3d55cd2de5a0,4.3623145185023304e-07,1.540744319628029e-08,4.2082400865395275e-07,classifier_32_elu,14
EEGConformer,OpenBMI_SSVEP,1,0,COMPLETE,32f75fd16bbe0eff08e3188a355638875f14106e7890072708a0f26b07796e2f,35a0bc31934e50b19b1cf630e5c05b97d523f86ab6f4bd277f4c873515fcbd6c,45b404367edefc61877303399d207b9311409c274c5865cf16e71bd99e40805c,d1ef45b998b0dfe0acaad75dc1eb1b02f571c4314484bbd442ac3d55cd2de5a0,3.777360696825364e-07,-2.3178201620047982e-08,4.009142713025844e-07,classifier_32_elu,26
EEGConformer,OpenBMI_SSVEP,1,0,COMPLETE,32f75fd16bbe0eff08e3188a355638875f14106e7890072708a0f26b07796e2f,35a0bc31934e50b19b1cf630e5c05b97d523f86ab6f4bd277f4c873515fcbd6c,45b404367edefc61877303399d207b9311409c274c5865cf16e71bd99e40805c,d1ef45b998b0dfe0acaad75dc1eb1b02f571c4314484bbd442ac3d55cd2de5a0,4.5720797381409994e-07,1.7917005843785296e-08,4.3929096797031465e-07,classifier_32_elu,28
EEGConformer,OpenBMI_SSVEP,1,0,COMPLETE,32f75fd16bbe0eff08e3188a355638875f14106e7890072708a0f26b07796e2f,35a0bc31934e50b19b1cf630e5c05b97d523f86ab6f4bd277f4c873515fcbd6c,45b404367edefc61877303399d207b9311409c274c5865cf16e71bd99e40805c,d1ef45b998b0dfe0acaad75dc1eb1b02f571c4314484bbd442ac3d55cd2de5a0,6.861127967994207e-07,5.991613559297445e-08,6.261966612064463e-07,classifier_32_elu,31
EEGConformer,OpenBMI_SSVEP,1,0,COMPLETE,32f75fd16bbe0eff08e3188a355638875f14106e7890072708a0f26b07796e2f,35a0bc31934e50b19b1cf630e5c05b97d523f86ab6f4bd277f4c873515fcbd6c,45b404367edefc61877303399d207b9311409c274c5865cf16e71bd99e40805c,d1ef45b998b0dfe0acaad75dc1eb1b02f571c4314484bbd442ac3d55cd2de5a0,5.114795261403534e-07,-1.4844940452701786e-07,6.599289306673713e-07,classifier_32_elu,35
EEGConformer,OpenBMI_SSVEP,1,0,COMPLETE,32f75fd16bbe0eff08e3188a355638875f14106e7890072708a0f26b07796e2f,35a0bc31934e50b19b1cf630e5c05b97d523f86ab6f4bd277f4c873515fcbd6c,45b404367edefc61877303399d207b9311409c274c5865cf16e71bd99e40805c,d1ef45b998b0dfe0acaad75dc1eb1b02f571c4314484bbd442ac3d55cd2de5a0,4.109437634625124e-07,-8.028380687474862e-09,4.1897214414998724e-07,classifier_32_elu,40
EEGConformer,OpenBMI_SSVEP,1,0,COMPLETE,32f75fd16bbe0eff08e3188a355638875f14106e7890072708a0f26b07796e2f,35a0bc31934e50b19b1cf630e5c05b97d523f86ab6f4bd277f4c873515fcbd6c,45b404367edefc61877303399d207b9311409c274c5865cf16e71bd99e40805c,d1ef45b998b0dfe0acaad75dc1eb1b02f571c4314484bbd442ac3d55cd2de5a0,6.124136312142999e-07,-2.9328199976548934e-08,6.417418311908489e-07,classifier_32_elu,43
EEGConformer,OpenBMI_SSVEP,2,0,COMPLETE,b3f95a55bf72ebb6e60bab30891cd9766e80a824713c2b64e697652c3a114955,99604a1d36cc4b2b248492b55396d3f1dd984fd57b04b280de8ce2c55cd193af,ab44d7e870b03c5212e68a78fe24308b5139f7cc0c24345d2de5a3952aa11212,d1ef45b998b0dfe0acaad75dc1eb1b02f571c4314484bbd442ac3d55cd2de5a0,5.134551138927539,0.8894392787851393,4.2451118601424,patch_tokenizer,1
EEGConformer,OpenBMI_SSVEP,2,0,COMPLETE,b3f95a55bf72ebb6e60bab30891cd9766e80a824713c2b64e697652c3a114955,99604a1d36cc4b2b248492b55396d3f1dd984fd57b04b280de8ce2c55cd193af,ab44d7e870b03c5212e68a78fe24308b5139f7cc0c24345d2de5a3952aa11212,d1ef45b998b0dfe0acaad75dc1eb1b02f571c4314484bbd442ac3d55cd2de5a0,4.089953793212771,0.8161366133710057,3.2738171798417657,patch_tokenizer,8
EEGConformer,OpenBMI_SSVEP,2,0,COMPLETE,b3f95a55bf72ebb6e60bab30891cd9766e80a824713c2b64e697652c3a114955,99604a1d36cc4b2b248492b55396d3f1dd984fd57b04b280de8ce2c55cd193af,ab44d7e870b03c5212e68a78fe24308b5139f7cc0c24345d2de5a3952aa11212,d1ef45b998b0dfe0acaad75dc1eb1b02f571c4314484bbd442ac3d55cd2de5a0,9.770859037836393,3.8318115045673533,5.93904753326904,patch_tokenizer,11
EEGConformer,OpenBMI_SSVEP,2,0,COMPLETE,b3f95a55bf72ebb6e60bab30891cd9766e80a824713c2b64e697652c3a114955,99604a1d36cc4b2b248492b55396d3f1dd984fd57b04b280de8ce2c55cd193af,ab44d7e870b03c5212e68a78fe24308b5139f7cc0c24345d2de5a3952aa11212,d1ef45b998b0dfe0acaad75dc1eb1b02f571c4314484bbd442ac3d55cd2de5a0,2.619507549330592,0.19284730840940068,2.4266602409211915,patch_tokenizer,23
EEGConformer,OpenBMI_SSVEP,2,0,COMPLETE,b3f95a55bf72ebb6e60bab30891cd9766e80a824713c2b64e697652c3a114955,99604a1d36cc4b2b248492b55396d3f1dd984fd57b04b280de8ce2c55cd193af,ab44d7e870b03c5212e68a78fe24308b5139f7cc0c24345d2de5a3952aa11212,d1ef45b998b0dfe0acaad75dc1eb1b02f571c4314484bbd442ac3d55cd2de5a0,8.580786985034743,2.1693256987150127,6.411461286319731,patch_tokenizer,30
EEGConformer,OpenBMI_SSVEP,2,0,COMPLETE,b3f95a55bf72ebb6e60bab30891cd9766e80a824713c2b64e697652c3a114955,99604a1d36cc4b2b248492b55396d3f1dd984fd57b04b280de8ce2c55cd193af,ab44d7e870b03c5212e68a78fe24308b5139f7cc0c24345d2de5a3952aa11212,d1ef45b998b0dfe0acaad75dc1eb1b02f571c4314484bbd442ac3d55cd2de5a0,7.2367086584369344,2.091423149897407,5.145285508539527,patch_tokenizer,48
EEGConformer,OpenBMI_SSVEP,2,0,COMPLETE,b3f95a55bf72ebb6e60bab30891cd9766e80a824713c2b64e697652c3a114955,99604a1d36cc4b2b248492b55396d3f1dd984fd57b04b280de8ce2c55cd193af,ab44d7e870b03c5212e68a78fe24308b5139f7cc0c24345d2de5a3952aa11212,d1ef45b998b0dfe0acaad75dc1eb1b02f571c4314484bbd442ac3d55cd2de5a0,4.448859329024951,0.46818728978202406,3.980672039242927,patch_tokenizer,50
EEGConformer,OpenBMI_SSVEP,2,0,COMPLETE,b3f95a55bf72ebb6e60bab30891cd9766e80a824713c2b64e697652c3a114955,99604a1d36cc4b2b248492b55396d3f1dd984fd57b04b280de8ce2c55cd193af,ab44d7e870b03c5212e68a78fe24308b5139f7cc0c24345d2de5a3952aa11212,d1ef45b998b0dfe0acaad75dc1eb1b02f571c4314484bbd442ac3d55cd2de5a0,4.6011559292674065,0.6894464826391782,3.9117094466282283,patch_tokenizer,52
EEGConformer,OpenBMI_SSVEP,2,0,COMPLETE,b3f95a55bf72ebb6e60bab30891cd9766e80a824713c2b64e697652c3a114955,99604a1d36cc4b2b248492b55396d3f1dd984fd57b04b280de8ce2c55cd193af,ab44d7e870b03c5212e68a78fe24308b5139f7cc0c24345d2de5a3952aa11212,d1ef45b998b0dfe0acaad75dc1eb1b02f571c4314484bbd442ac3d55cd2de5a0,2.754862086226543,0.518353672801362,2.236508413425181,conformer_block2,1
EEGConformer,OpenBMI_SSVEP,2,0,COMPLETE,b3f95a55bf72ebb6e60bab30891cd9766e80a824713c2b64e697652c3a114955,99604a1d36cc4b2b248492b55396d3f1dd984fd57b04b280de8ce2c55cd193af,ab44d7e870b03c5212e68a78fe24308b5139f7cc0c24345d2de5a3952aa11212,d1ef45b998b0dfe0acaad75dc1eb1b02f571c4314484bbd442ac3d55cd2de5a0,2.6880302683760724,0.6170409731233186,2.0709892952527538,conformer_block2,8
EEGConformer,OpenBMI_SSVEP,2,0,COMPLETE,b3f95a55bf72ebb6e60bab30891cd9766e80a824713c2b64e697652c3a114955,99604a1d36cc4b2b248492b55396d3f1dd984fd57b04b280de8ce2c55cd193af,ab44d7e870b03c5212e68a78fe24308b5139f7cc0c24345d2de5a3952aa11212,d1ef45b998b0dfe0acaad75dc1eb1b02f571c4314484bbd442ac3d55cd2de5a0,5.661967891578873,1.5132923163725849,4.148675575206288,conformer_block2,11
EEGConformer,OpenBMI_SSVEP,2,0,COMPLETE,b3f95a55bf72ebb6e60bab30891cd9766e80a824713c2b64e697652c3a114955,99604a1d36cc4b2b248492b55396d3f1dd984fd57b04b280de8ce2c55cd193af,ab44d7e870b03c5212e68a78fe24308b5139f7cc0c24345d2de5a3952aa11212,d1ef45b998b0dfe0acaad75dc1eb1b02f571c4314484bbd442ac3d55cd2de5a0,1.1882422774409254,0.23564106843531274,0.9526012090056126,conformer_block2,23
EEGConformer,OpenBMI_SSVEP,2,0,COMPLETE,b3f95a55bf72ebb6e60bab30891cd9766e80a824713c2b64e697652c3a114955,99604a1d36cc4b2b248492b55396d3f1dd984fd57b04b280de8ce2c55cd193af,ab44d7e870b03c5212e68a78fe24308b5139f7cc0c24345d2de5a3952aa11212,d1ef45b998b0dfe0acaad75dc1eb1b02f571c4314484bbd442ac3d55cd2de5a0,4.1239463947713375,1.1928698204541193,2.9310765743172182,conformer_block2,30
EEGConformer,OpenBMI_SSVEP,2,0,COMPLETE,b3f95a55bf72ebb6e60bab30891cd9766e80a824713c2b64e697652c3a114955,99604a1d36cc4b2b248492b55396d3f1dd984fd57b04b280de8ce2c55cd193af,ab44d7e870b03c5212e68a78fe24308b5139f7cc0c24345d2de5a3952aa11212,d1ef45b998b0dfe0acaad75dc1eb1b02f571c4314484bbd442ac3d55cd2de5a0,3.541882701218128,0.29960254748662285,3.2422801537315054,conformer_block2,48
EEGConformer,OpenBMI_SSVEP,2,0,COMPLETE,b3f95a55bf72ebb6e60bab30891cd9766e80a824713c2b64e697652c3a114955,99604a1d36cc4b2b248492b55396d3f1dd984fd57b04b280de8ce2c55cd193af,ab44d7e870b03c5212e68a78fe24308b5139f7cc0c24345d2de5a3952aa11212,d1ef45b998b0dfe0acaad75dc1eb1b02f571c4314484bbd442ac3d55cd2de5a0,3.4677875945344567,0.8442841245660873,2.6235034699683695,conformer_block2,50
EEGConformer,OpenBMI_SSVEP,2,0,COMPLETE,b3f95a55bf72ebb6e60bab30891cd9766e80a824713c2b64e697652c3a114955,99604a1d36cc4b2b248492b55396d3f1dd984fd57b04b280de8ce2c55cd193af,ab44d7e870b03c5212e68a78fe24308b5139f7cc0c24345d2de5a3952aa11212,d1ef45b998b0dfe0acaad75dc1eb1b02f571c4314484bbd442ac3d55cd2de5a0,3.017543070639173,0.5193660699335547,2.4981770007056183,conformer_block2,52
EEGConformer,OpenBMI_SSVEP,2,0,COMPLETE,b3f95a55bf72ebb6e60bab30891cd9766e80a824713c2b64e697652c3a114955,99604a1d36cc4b2b248492b55396d3f1dd984fd57b04b280de8ce2c55cd193af,ab44d7e870b03c5212e68a78fe24308b5139f7cc0c24345d2de5a3952aa11212,d1ef45b998b0dfe0acaad75dc1eb1b02f571c4314484bbd442ac3d55cd2de5a0,2.6757110846228898,0.48296300479560195,2.192748079827288,conformer_block4,1
EEGConformer,OpenBMI_SSVEP,2,0,COMPLETE,b3f95a55bf72ebb6e60bab30891cd9766e80a824713c2b64e697652c3a114955,99604a1d36cc4b2b248492b55396d3f1dd984fd57b04b280de8ce2c55cd193af,ab44d7e870b03c5212e68a78fe24308b5139f7cc0c24345d2de5a3952aa11212,d1ef45b998b0dfe0acaad75dc1eb1b02f571c4314484bbd442ac3d55cd2de5a0,2.581185683608055,0.6389174692406474,1.9422682143674077,conformer_block4,8
EEGConformer,OpenBMI_SSVEP,2,0,COMPLETE,b3f95a55bf72ebb6e60bab30891cd9766e80a824713c2b64e697652c3a114955,99604a1d36cc4b2b248492b55396d3f1dd984fd57b04b280de8ce2c55cd193af,ab44d7e870b03c5212e68a78fe24308b5139f7cc0c24345d2de5a3952aa11212,d1ef45b998b0dfe0acaad75dc1eb1b02f571c4314484bbd442ac3d55cd2de5a0,5.153750939915578,1.0034700743198242,4.150280865595754,conformer_block4,11
EEGConformer,OpenBMI_SSVEP,2,0,COMPLETE,b3f95a55bf72ebb6e60bab30891cd9766e80a824713c2b64e697652c3a114955,99604a1d36cc4b2b248492b55396d3f1dd984fd57b04b280de8ce2c55cd193af,ab44d7e870b03c5212e68a78fe24308b5139f7cc0c24345d2de5a3952aa11212,d1ef45b998b0dfe0acaad75dc1eb1b02f571c4314484bbd442ac3d55cd2de5a0,0.7912420937791467,-0.0037695794975541874,0.7950116732767009,conformer_block4,23
EEGConformer,OpenBMI_SSVEP,2,0,COMPLETE,b3f95a55bf72ebb6e60bab30891cd9766e80a824713c2b64e697652c3a114955,99604a1d36cc4b2b248492b55396d3f1dd984fd57b04b280de8ce2c55cd193af,ab44d7e870b03c5212e68a78fe24308b5139f7cc0c24345d2de5a3952aa11212,d1ef45b998b0dfe0acaad75dc1eb1b02f571c4314484bbd442ac3d55cd2de5a0,3.5992544243733087,0.6662516820252247,2.933002742348084,conformer_block4,30
EEGConformer,OpenBMI_SSVEP,2,0,COMPLETE,b3f95a55bf72ebb6e60bab30891cd9766e80a824713c2b64e697652c3a114955,99604a1d36cc4b2b248492b55396d3f1dd984fd57b04b280de8ce2c55cd193af,ab44d7e870b03c5212e68a78fe24308b5139f7cc0c24345d2de5a3952aa11212,d1ef45b998b0dfe0acaad75dc1eb1b02f571c4314484bbd442ac3d55cd2de5a0,3.448604341596365,0.3443371877334225,3.1042671538629425,conformer_block4,48
EEGConformer,OpenBMI_SSVEP,2,0,COMPLETE,b3f95a55bf72ebb6e60bab30891cd9766e80a824713c2b64e697652c3a114955,99604a1d36cc4b2b248492b55396d3f1dd984fd57b04b280de8ce2c55cd193af,ab44d7e870b03c5212e68a78fe24308b5139f7cc0c24345d2de5a3952aa11212,d1ef45b998b0dfe0acaad75dc1eb1b02f571c4314484bbd442ac3d55cd2de5a0,2.8701273736854396,0.48653428979062774,2.383593083894812,conformer_block4,50
EEGConformer,OpenBMI_SSVEP,2,0,COMPLETE,b3f95a55bf72ebb6e60bab30891cd9766e80a824713c2b64e697652c3a114955,99604a1d36cc4b2b248492b55396d3f1dd984fd57b04b280de8ce2c55cd193af,ab44d7e870b03c5212e68a78fe24308b5139f7cc0c24345d2de5a3952aa11212,d1ef45b998b0dfe0acaad75dc1eb1b02f571c4314484bbd442ac3d55cd2de5a0,2.2231992506422102,0.4134763237470176,1.8097229268951927,conformer_block4,52
EEGConformer,OpenBMI_SSVEP,2,0,COMPLETE,b3f95a55bf72ebb6e60bab30891cd9766e80a824713c2b64e697652c3a114955,99604a1d36cc4b2b248492b55396d3f1dd984fd57b04b280de8ce2c55cd193af,ab44d7e870b03c5212e68a78fe24308b5139f7cc0c24345d2de5a3952aa11212,d1ef45b998b0dfe0acaad75dc1eb1b02f571c4314484bbd442ac3d55cd2de5a0,2.560125577573975,0.38457918091056253,2.1755463966634125,conformer_block6,1
EEGConformer,OpenBMI_SSVEP,2,0,COMPLETE,b3f95a55bf72ebb6e60bab30891cd9766e80a824713c2b64e697652c3a114955,99604a1d36cc4b2b248492b55396d3f1dd984fd57b04b280de8ce2c55cd193af,ab44d7e870b03c5212e68a78fe24308b5139f7cc0c24345d2de5a3952aa11212,d1ef45b998b0dfe0acaad75dc1eb1b02f571c4314484bbd442ac3d55cd2de5a0,2.1376427530000606,0.4344490479037628,1.7031937050962977,conformer_block6,8
EEGConformer,OpenBMI_SSVEP,2,0,COMPLETE,b3f95a55bf72ebb6e60bab30891cd9766e80a824713c2b64e697652c3a114955,99604a1d36cc4b2b248492b55396d3f1dd984fd57b04b280de8ce2c55cd193af,ab44d7e870b03c5212e68a78fe24308b5139f7cc0c24345d2de5a3952aa11212,d1ef45b998b0dfe0acaad75dc1eb1b02f571c4314484bbd442ac3d55cd2de5a0,4.272082466632128,0.5218946504274697,3.750187816204658,conformer_block6,11
EEGConformer,OpenBMI_SSVEP,2,0,COMPLETE,b3f95a55bf72ebb6e60bab30891cd9766e80a824713c2b64e697652c3a114955,99604a1d36cc4b2b248492b55396d3f1dd984fd57b04b280de8ce2c55cd193af,ab44d7e870b03c5212e68a78fe24308b5139f7cc0c24345d2de5a3952aa11212,d1ef45b998b0dfe0acaad75dc1eb1b02f571c4314484bbd442ac3d55cd2de5a0,1.2077804614479344,0.14350504259249042,1.064275418855444,conformer_block6,23
EEGConformer,OpenBMI_SSVEP,2,0,COMPLETE,b3f95a55bf72ebb6e60bab30891cd9766e80a824713c2b64e697652c3a114955,99604a1d36cc4b2b248492b55396d3f1dd984fd57b04b280de8ce2c55cd193af,ab44d7e870b03c5212e68a78fe24308b5139f7cc0c24345d2de5a3952aa11212,d1ef45b998b0dfe0acaad75dc1eb1b02f571c4314484bbd442ac3d55cd2de5a0,2.96822925315549,0.23059535171099332,2.7376339014444966,conformer_block6,30
EEGConformer,OpenBMI_SSVEP,2,0,COMPLETE,b3f95a55bf72ebb6e60bab30891cd9766e80a824713c2b64e697652c3a114955,99604a1d36cc4b2b248492b55396d3f1dd984fd57b04b280de8ce2c55cd193af,ab44d7e870b03c5212e68a78fe24308b5139f7cc0c24345d2de5a3952aa11212,d1ef45b998b0dfe0acaad75dc1eb1b02f571c4314484bbd442ac3d55cd2de5a0,3.5538286517063775,0.4421039955186039,3.1117246561877736,conformer_block6,48
EEGConformer,OpenBMI_SSVEP,2,0,COMPLETE,b3f95a55bf72ebb6e60bab30891cd9766e80a824713c2b64e697652c3a114955,99604a1d36cc4b2b248492b55396d3f1dd984fd57b04b280de8ce2c55cd193af,ab44d7e870b03c5212e68a78fe24308b5139f7cc0c24345d2de5a3952aa11212,d1ef45b998b0dfe0acaad75dc1eb1b02f571c4314484bbd442ac3d55cd2de5a0,2.4365403509388366,0.3450551513654254,2.091485199573411,conformer_block6,50
EEGConformer,OpenBMI_SSVEP,2,0,COMPLETE,b3f95a55bf72ebb6e60bab30891cd9766e80a824713c2b64e697652c3a114955,99604a1d36cc4b2b248492b55396d3f1dd984fd57b04b280de8ce2c55cd193af,ab44d7e870b03c5212e68a78fe24308b5139f7cc0c24345d2de5a3952aa11212,d1ef45b998b0dfe0acaad75dc1eb1b02f571c4314484bbd442ac3d55cd2de5a0,1.7659939262084663,0.03475538775635245,1.7312385384521138,conformer_block6,52
EEGConformer,OpenBMI_SSVEP,2,0,COMPLETE,b3f95a55bf72ebb6e60bab30891cd9766e80a824713c2b64e697652c3a114955,99604a1d36cc4b2b248492b55396d3f1dd984fd57b04b280de8ce2c55cd193af,ab44d7e870b03c5212e68a78fe24308b5139f7cc0c24345d2de5a3952aa11212,d1ef45b998b0dfe0acaad75dc1eb1b02f571c4314484bbd442ac3d55cd2de5a0,0.9721477497369051,0.31823367645396505,0.65391407328294,classifier_256_elu,1
EEGConformer,OpenBMI_SSVEP,2,0,COMPLETE,b3f95a55bf72ebb6e60bab30891cd9766e80a824713c2b64e697652c3a114955,99604a1d36cc4b2b248492b55396d3f1dd984fd57b04b280de8ce2c55cd193af,ab44d7e870b03c5212e68a78fe24308b5139f7cc0c24345d2de5a3952aa11212,d1ef45b998b0dfe0acaad75dc1eb1b02f571c4314484bbd442ac3d55cd2de5a0,0.9852844209720691,0.2052873752198261,0.779997045752243,classifier_256_elu,8
EEGConformer,OpenBMI_SSVEP,2,0,COMPLETE,b3f95a55bf72ebb6e60bab30891cd9766e80a824713c2b64e697652c3a114955,99604a1d36cc4b2b248492b55396d3f1dd984fd57b04b280de8ce2c55cd193af,ab44d7e870b03c5212e68a78fe24308b5139f7cc0c24345d2de5a3952aa11212,d1ef45b998b0dfe0acaad75dc1eb1b02f571c4314484bbd442ac3d55cd2de5a0,2.401258014763395,0.5655349572236683,1.8357230575397265,classifier_256_elu,11
EEGConformer,OpenBMI_SSVEP,2,0,COMPLETE,b3f95a55bf72ebb6e60bab30891cd9766e80a824713c2b64e697652c3a114955,99604a1d36cc4b2b248492b55396d3f1dd984fd57b04b280de8ce2c55cd193af,ab44d7e870b03c5212e68a78fe24308b5139f7cc0c24345d2de5a3952aa11212,d1ef45b998b0dfe0acaad75dc1eb1b02f571c4314484bbd442ac3d55cd2de5a0,0.49747168458998203,0.1837830391062501,0.31368864548373193,classifier_256_elu,23
EEGConformer,OpenBMI_SSVEP,2,0,COMPLETE,b3f95a55bf72ebb6e60bab30891cd9766e80a824713c2b64e697652c3a114955,99604a1d36cc4b2b248492b55396d3f1dd984fd57b04b280de8ce2c55cd193af,ab44d7e870b03c5212e68a78fe24308b5139f7cc0c24345d2de5a3952aa11212,d1ef45b998b0dfe0acaad75dc1eb1b02f571c4314484bbd442ac3d55cd2de5a0,1.4899816834367812,0.29615269293348945,1.1938289905032917,classifier_256_elu,30
EEGConformer,OpenBMI_SSVEP,2,0,COMPLETE,b3f95a55bf72ebb6e60bab30891cd9766e80a824713c2b64e697652c3a114955,99604a1d36cc4b2b248492b55396d3f1dd984fd57b04b280de8ce2c55cd193af,ab44d7e870b03c5212e68a78fe24308b5139f7cc0c24345d2de5a3952aa11212,d1ef45b998b0dfe0acaad75dc1eb1b02f571c4314484bbd442ac3d55cd2de5a0,2.4379359781742096,0.6899162882783763,1.7480196898958333,classifier_256_elu,48
EEGConformer,OpenBMI_SSVEP,2,0,COMPLETE,b3f95a55bf72ebb6e60bab30891cd9766e80a824713c2b64e697652c3a114955,99604a1d36cc4b2b248492b55396d3f1dd984fd57b04b280de8ce2c55cd193af,ab44d7e870b03c5212e68a78fe24308b5139f7cc0c24345d2de5a3952aa11212,d1ef45b998b0dfe0acaad75dc1eb1b02f571c4314484bbd442ac3d55cd2de5a0,1.1803138537410025,0.21016581704568404,0.9701480366953185,classifier_256_elu,50
EEGConformer,OpenBMI_SSVEP,2,0,COMPLETE,b3f95a55bf72ebb6e60bab30891cd9766e80a824713c2b64e697652c3a114955,99604a1d36cc4b2b248492b55396d3f1dd984fd57b04b280de8ce2c55cd193af,ab44d7e870b03c5212e68a78fe24308b5139f7cc0c24345d2de5a3952aa11212,d1ef45b998b0dfe0acaad75dc1eb1b02f571c4314484bbd442ac3d55cd2de5a0,0.8762572533451021,0.24585004900135887,0.6304072043437432,classifier_256_elu,52
EEGConformer,OpenBMI_SSVEP,2,0,COMPLETE,b3f95a55bf72ebb6e60bab30891cd9766e80a824713c2b64e697652c3a114955,99604a1d36cc4b2b248492b55396d3f1dd984fd57b04b280de8ce2c55cd193af,ab44d7e870b03c5212e68a78fe24308b5139f7cc0c24345d2de5a3952aa11212,d1ef45b998b0dfe0acaad75dc1eb1b02f571c4314484bbd442ac3d55cd2de5a0,1.0498936555691785e-06,-7.357549388631406e-09,1.0572512049578099e-06,classifier_32_elu,1
EEGConformer,OpenBMI_SSVEP,2,0,COMPLETE,b3f95a55bf72ebb6e60bab30891cd9766e80a824713c2b64e697652c3a114955,99604a1d36cc4b2b248492b55396d3f1dd984fd57b04b280de8ce2c55cd193af,ab44d7e870b03c5212e68a78fe24308b5139f7cc0c24345d2de5a3952aa11212,d1ef45b998b0dfe0acaad75dc1eb1b02f571c4314484bbd442ac3d55cd2de5a0,9.936766793098666e-07,-1.585789960086462e-08,1.0095345789107312e-06,classifier_32_elu,8
EEGConformer,OpenBMI_SSVEP,2,0,COMPLETE,b3f95a55bf72ebb6e60bab30891cd9766e80a824713c2b64e697652c3a114955,99604a1d36cc4b2b248492b55396d3f1dd984fd57b04b280de8ce2c55cd193af,ab44d7e870b03c5212e68a78fe24308b5139f7cc0c24345d2de5a3952aa11212,d1ef45b998b0dfe0acaad75dc1eb1b02f571c4314484bbd442ac3d55cd2de5a0,1.6474320509255829e-06,2.7532510681142744e-08,1.6198995402444401e-06,classifier_32_elu,11
EEGConformer,OpenBMI_SSVEP,2,0,COMPLETE,b3f95a55bf72ebb6e60bab30891cd9766e80a824713c2b64e697652c3a114955,99604a1d36cc4b2b248492b55396d3f1dd984fd57b04b280de8ce2c55cd193af,ab44d7e870b03c5212e68a78fe24308b5139f7cc0c24345d2de5a3952aa11212,d1ef45b998b0dfe0acaad75dc1eb1b02f571c4314484bbd442ac3d55cd2de5a0,9.249371745549221e-07,-5.354103862117044e-08,9.784782131760925e-07,classifier_32_elu,23
EEGConformer,OpenBMI_SSVEP,2,0,COMPLETE,b3f95a55bf72ebb6e60bab30891cd9766e80a824713c2b64e697652c3a114955,99604a1d36cc4b2b248492b55396d3f1dd984fd57b04b280de8ce2c55cd193af,ab44d7e870b03c5212e68a78fe24308b5139f7cc0c24345d2de5a3952aa11212,d1ef45b998b0dfe0acaad75dc1eb1b02f571c4314484bbd442ac3d55cd2de5a0,1.2926268665817513e-06,-4.969536991694658e-08,1.3423222364986979e-06,classifier_32_elu,30
EEGConformer,OpenBMI_SSVEP,2,0,COMPLETE,b3f95a55bf72ebb6e60bab30891cd9766e80a824713c2b64e697652c3a114955,99604a1d36cc4b2b248492b55396d3f1dd984fd57b04b280de8ce2c55cd193af,ab44d7e870b03c5212e68a78fe24308b5139f7cc0c24345d2de5a3952aa11212,d1ef45b998b0dfe0acaad75dc1eb1b02f571c4314484bbd442ac3d55cd2de5a0,1.8003570213901792e-06,1.0865881396796903e-07,1.6916982074222101e-06,classifier_32_elu,48
EEGConformer,OpenBMI_SSVEP,2,0,COMPLETE,b3f95a55bf72ebb6e60bab30891cd9766e80a824713c2b64e697652c3a114955,99604a1d36cc4b2b248492b55396d3f1dd984fd57b04b280de8ce2c55cd193af,ab44d7e870b03c5212e68a78fe24308b5139f7cc0c24345d2de5a3952aa11212,d1ef45b998b0dfe0acaad75dc1eb1b02f571c4314484bbd442ac3d55cd2de5a0,1.148542395264703e-06,-2.8860396465252926e-09,1.1514284349112282e-06,classifier_32_elu,50
EEGConformer,OpenBMI_SSVEP,2,0,COMPLETE,b3f95a55bf72ebb6e60bab30891cd9766e80a824713c2b64e697652c3a114955,99604a1d36cc4b2b248492b55396d3f1dd984fd57b04b280de8ce2c55cd193af,ab44d7e870b03c5212e68a78fe24308b5139f7cc0c24345d2de5a3952aa11212,d1ef45b998b0dfe0acaad75dc1eb1b02f571c4314484bbd442ac3d55cd2de5a0,9.976244248477428e-07,-4.6013787302623484e-08,1.0436382121503663e-06,classifier_32_elu,52
EEGConformer,OpenBMI_SSVEP,3,0,COMPLETE,8f2fc67d712feb757b872fc8c6175b50ad1671bb1d3e5d185d099740466418ff,1efc60bdab3e7b22bb9e4b462e35f23d85b4502ef3676055777afc5dc309ab28,bb7d4c64c799fdb38614b04ec8aba62d94a2e401fa8ea3dbce5e1e23894b2651,d1ef45b998b0dfe0acaad75dc1eb1b02f571c4314484bbd442ac3d55cd2de5a0,2.4846402754386268,0.007764146349703793,2.476876129088923,patch_tokenizer,10
EEGConformer,OpenBMI_SSVEP,3,0,COMPLETE,8f2fc67d712feb757b872fc8c6175b50ad1671bb1d3e5d185d099740466418ff,1efc60bdab3e7b22bb9e4b462e35f23d85b4502ef3676055777afc5dc309ab28,bb7d4c64c799fdb38614b04ec8aba62d94a2e401fa8ea3dbce5e1e23894b2651,d1ef45b998b0dfe0acaad75dc1eb1b02f571c4314484bbd442ac3d55cd2de5a0,3.3868829794228077,-0.07869409088511015,3.465577070307918,patch_tokenizer,16
EEGConformer,OpenBMI_SSVEP,3,0,COMPLETE,8f2fc67d712feb757b872fc8c6175b50ad1671bb1d3e5d185d099740466418ff,1efc60bdab3e7b22bb9e4b462e35f23d85b4502ef3676055777afc5dc309ab28,bb7d4c64c799fdb38614b04ec8aba62d94a2e401fa8ea3dbce5e1e23894b2651,d1ef45b998b0dfe0acaad75dc1eb1b02f571c4314484bbd442ac3d55cd2de5a0,1.747228325655063,-0.10145433319422104,1.848682658849284,patch_tokenizer,19
EEGConformer,OpenBMI_SSVEP,3,0,COMPLETE,8f2fc67d712feb757b872fc8c6175b50ad1671bb1d3e5d185d099740466418ff,1efc60bdab3e7b22bb9e4b462e35f23d85b4502ef3676055777afc5dc309ab28,bb7d4c64c799fdb38614b04ec8aba62d94a2e401fa8ea3dbce5e1e23894b2651,d1ef45b998b0dfe0acaad75dc1eb1b02f571c4314484bbd442ac3d55cd2de5a0,1.8706345157697797,0.01893645935691901,1.8516980564128607,patch_tokenizer,22
EEGConformer,OpenBMI_SSVEP,3,0,COMPLETE,8f2fc67d712feb757b872fc8c6175b50ad1671bb1d3e5d185d099740466418ff,1efc60bdab3e7b22bb9e4b462e35f23d85b4502ef3676055777afc5dc309ab28,bb7d4c64c799fdb38614b04ec8aba62d94a2e401fa8ea3dbce5e1e23894b2651,d1ef45b998b0dfe0acaad75dc1eb1b02f571c4314484bbd442ac3d55cd2de5a0,3.362540267407894,-0.03231182363194662,3.3948520910398408,patch_tokenizer,27
EEGConformer,OpenBMI_SSVEP,3,0,COMPLETE,8f2fc67d712feb757b872fc8c6175b50ad1671bb1d3e5d185d099740466418ff,1efc60bdab3e7b22bb9e4b462e35f23d85b4502ef3676055777afc5dc309ab28,bb7d4c64c799fdb38614b04ec8aba62d94a2e401fa8ea3dbce5e1e23894b2651,d1ef45b998b0dfe0acaad75dc1eb1b02f571c4314484bbd442ac3d55cd2de5a0,2.3011804098884263,-0.003892560498788722,2.305072970387215,patch_tokenizer,34
EEGConformer,OpenBMI_SSVEP,3,0,COMPLETE,8f2fc67d712feb757b872fc8c6175b50ad1671bb1d3e5d185d099740466418ff,1efc60bdab3e7b22bb9e4b462e35f23d85b4502ef3676055777afc5dc309ab28,bb7d4c64c799fdb38614b04ec8aba62d94a2e401fa8ea3dbce5e1e23894b2651,d1ef45b998b0dfe0acaad75dc1eb1b02f571c4314484bbd442ac3d55cd2de5a0,2.084877842105925,-0.008103617408778074,2.092981459514703,patch_tokenizer,45
EEGConformer,OpenBMI_SSVEP,3,0,COMPLETE,8f2fc67d712feb757b872fc8c6175b50ad1671bb1d3e5d185d099740466418ff,1efc60bdab3e7b22bb9e4b462e35f23d85b4502ef3676055777afc5dc309ab28,bb7d4c64c799fdb38614b04ec8aba62d94a2e401fa8ea3dbce5e1e23894b2651,d1ef45b998b0dfe0acaad75dc1eb1b02f571c4314484bbd442ac3d55cd2de5a0,3.151248744378487,0.20991270989489985,2.9413360344835873,patch_tokenizer,49
EEGConformer,OpenBMI_SSVEP,3,0,COMPLETE,8f2fc67d712feb757b872fc8c6175b50ad1671bb1d3e5d185d099740466418ff,1efc60bdab3e7b22bb9e4b462e35f23d85b4502ef3676055777afc5dc309ab28,bb7d4c64c799fdb38614b04ec8aba62d94a2e401fa8ea3dbce5e1e23894b2651,d1ef45b998b0dfe0acaad75dc1eb1b02f571c4314484bbd442ac3d55cd2de5a0,1.7553761377930641,0.06471183288143956,1.6906643049116246,conformer_block2,10
EEGConformer,OpenBMI_SSVEP,3,0,COMPLETE,8f2fc67d712feb757b872fc8c6175b50ad1671bb1d3e5d185d099740466418ff,1efc60bdab3e7b22bb9e4b462e35f23d85b4502ef3676055777afc5dc309ab28,bb7d4c64c799fdb38614b04ec8aba62d94a2e401fa8ea3dbce5e1e23894b2651,d1ef45b998b0dfe0acaad75dc1eb1b02f571c4314484bbd442ac3d55cd2de5a0,3.3470141595850387,0.35246713730040913,2.9945470222846295,conformer_block2,16
EEGConformer,OpenBMI_SSVEP,3,0,COMPLETE,8f2fc67d712feb757b872fc8c6175b50ad1671bb1d3e5d185d099740466418ff,1efc60bdab3e7b22bb9e4b462e35f23d85b4502ef3676055777afc5dc309ab28,bb7d4c64c799fdb38614b04ec8aba62d94a2e401fa8ea3dbce5e1e23894b2651,d1ef45b998b0dfe0acaad75dc1eb1b02f571c4314484bbd442ac3d55cd2de5a0,1.3694437434896827,0.027938308130639466,1.3415054353590432,conformer_block2,19
EEGConformer,OpenBMI_SSVEP,3,0,COMPLETE,8f2fc67d712feb757b872fc8c6175b50ad1671bb1d3e5d185d099740466418ff,1efc60bdab3e7b22bb9e4b462e35f23d85b4502ef3676055777afc5dc309ab28,bb7d4c64c799fdb38614b04ec8aba62d94a2e401fa8ea3dbce5e1e23894b2651,d1ef45b998b0dfe0acaad75dc1eb1b02f571c4314484bbd442ac3d55cd2de5a0,1.556682422136267,0.08650049816040939,1.4701819239758576,conformer_block2,22
EEGConformer,OpenBMI_SSVEP,3,0,COMPLETE,8f2fc67d712feb757b872fc8c6175b50ad1671bb1d3e5d185d099740466418ff,1efc60bdab3e7b22bb9e4b462e35f23d85b4502ef3676055777afc5dc309ab28,bb7d4c64c799fdb38614b04ec8aba62d94a2e401fa8ea3dbce5e1e23894b2651,d1ef45b998b0dfe0acaad75dc1eb1b02f571c4314484bbd442ac3d55cd2de5a0,3.21345342323184,0.36669817101831237,2.8467552522135278,conformer_block2,27
EEGConformer,OpenBMI_SSVEP,3,0,COMPLETE,8f2fc67d712feb757b872fc8c6175b50ad1671bb1d3e5d185d099740466418ff,1efc60bdab3e7b22bb9e4b462e35f23d85b4502ef3676055777afc5dc309ab28,bb7d4c64c799fdb38614b04ec8aba62d94a2e401fa8ea3dbce5e1e23894b2651,d1ef45b998b0dfe0acaad75dc1eb1b02f571c4314484bbd442ac3d55cd2de5a0,1.4039967836191256,0.038897951124235775,1.3650988324948898,conformer_block2,34
EEGConformer,OpenBMI_SSVEP,3,0,COMPLETE,8f2fc67d712feb757b872fc8c6175b50ad1671bb1d3e5d185d099740466418ff,1efc60bdab3e7b22bb9e4b462e35f23d85b4502ef3676055777afc5dc309ab28,bb7d4c64c799fdb38614b04ec8aba62d94a2e401fa8ea3dbce5e1e23894b2651,d1ef45b998b0dfe0acaad75dc1eb1b02f571c4314484bbd442ac3d55cd2de5a0,1.9191735338730116,0.10840253954753298,1.8107709943254786,conformer_block2,45
EEGConformer,OpenBMI_SSVEP,3,0,COMPLETE,8f2fc67d712feb757b872fc8c6175b50ad1671bb1d3e5d185d099740466418ff,1efc60bdab3e7b22bb9e4b462e35f23d85b4502ef3676055777afc5dc309ab28,bb7d4c64c799fdb38614b04ec8aba62d94a2e401fa8ea3dbce5e1e23894b2651,d1ef45b998b0dfe0acaad75dc1eb1b02f571c4314484bbd442ac3d55cd2de5a0,1.6817198215673368,0.05416629943841422,1.6275535221289226,conformer_block2,49
EEGConformer,OpenBMI_SSVEP,3,0,COMPLETE,8f2fc67d712feb757b872fc8c6175b50ad1671bb1d3e5d185d099740466418ff,1efc60bdab3e7b22bb9e4b462e35f23d85b4502ef3676055777afc5dc309ab28,bb7d4c64c799fdb38614b04ec8aba62d94a2e401fa8ea3dbce5e1e23894b2651,d1ef45b998b0dfe0acaad75dc1eb1b02f571c4314484bbd442ac3d55cd2de5a0,1.6445738626644015,0.009373302302944087,1.6352005603614574,conformer_block4,10
EEGConformer,OpenBMI_SSVEP,3,0,COMPLETE,8f2fc67d712feb757b872fc8c6175b50ad1671bb1d3e5d185d099740466418ff,1efc60bdab3e7b22bb9e4b462e35f23d85b4502ef3676055777afc5dc309ab28,bb7d4c64c799fdb38614b04ec8aba62d94a2e401fa8ea3dbce5e1e23894b2651,d1ef45b998b0dfe0acaad75dc1eb1b02f571c4314484bbd442ac3d55cd2de5a0,2.3608760591596365,0.09932676619694858,2.261549292962688,conformer_block4,16
EEGConformer,OpenBMI_SSVEP,3,0,COMPLETE,8f2fc67d712feb757b872fc8c6175b50ad1671bb1d3e5d185d099740466418ff,1efc60bdab3e7b22bb9e4b462e35f23d85b4502ef3676055777afc5dc309ab28,bb7d4c64c799fdb38614b04ec8aba62d94a2e401fa8ea3dbce5e1e23894b2651,d1ef45b998b0dfe0acaad75dc1eb1b02f571c4314484bbd442ac3d55cd2de5a0,0.9220216370498141,-0.01599114283686498,0.9380127798866791,conformer_block4,19
EEGConformer,OpenBMI_SSVEP,3,0,COMPLETE,8f2fc67d712feb757b872fc8c6175b50ad1671bb1d3e5d185d099740466418ff,1efc60bdab3e7b22bb9e4b462e35f23d85b4502ef3676055777afc5dc309ab28,bb7d4c64c799fdb38614b04ec8aba62d94a2e401fa8ea3dbce5e1e23894b2651,d1ef45b998b0dfe0acaad75dc1eb1b02f571c4314484bbd442ac3d55cd2de5a0,1.1219468178848426,0.11170693065039794,1.0102398872344447,conformer_block4,22
EEGConformer,OpenBMI_SSVEP,3,0,COMPLETE,8f2fc67d712feb757b872fc8c6175b50ad1671bb1d3e5d185d099740466418ff,1efc60bdab3e7b22bb9e4b462e35f23d85b4502ef3676055777afc5dc309ab28,bb7d4c64c799fdb38614b04ec8aba62d94a2e401fa8ea3dbce5e1e23894b2651,d1ef45b998b0dfe0acaad75dc1eb1b02f571c4314484bbd442ac3d55cd2de5a0,2.2147851462165513,0.17632603667986846,2.038459109536683,conformer_block4,27
EEGConformer,OpenBMI_SSVEP,3,0,COMPLETE,8f2fc67d712feb757b872fc8c6175b50ad1671bb1d3e5d185d099740466418ff,1efc60bdab3e7b22bb9e4b462e35f23d85b4502ef3676055777afc5dc309ab28,bb7d4c64c799fdb38614b04ec8aba62d94a2e401fa8ea3dbce5e1e23894b2651,d1ef45b998b0dfe0acaad75dc1eb1b02f571c4314484bbd442ac3d55cd2de5a0,1.036208093787233,0.0022999880470646605,1.0339081057401684,conformer_block4,34
EEGConformer,OpenBMI_SSVEP,3,0,COMPLETE,8f2fc67d712feb757b872fc8c6175b50ad1671bb1d3e5d185d099740466418ff,1efc60bdab3e7b22bb9e4b462e35f23d85b4502ef3676055777afc5dc309ab28,bb7d4c64c799fdb38614b04ec8aba62d94a2e401fa8ea3dbce5e1e23894b2651,d1ef45b998b0dfe0acaad75dc1eb1b02f571c4314484bbd442ac3d55cd2de5a0,1.5049764743695657,0.07745584505299763,1.427520629316568,conformer_block4,45
EEGConformer,OpenBMI_SSVEP,3,0,COMPLETE,8f2fc67d712feb757b872fc8c6175b50ad1671bb1d3e5d185d099740466418ff,1efc60bdab3e7b22bb9e4b462e35f23d85b4502ef3676055777afc5dc309ab28,bb7d4c64c799fdb38614b04ec8aba62d94a2e401fa8ea3dbce5e1e23894b2651,d1ef45b998b0dfe0acaad75dc1eb1b02f571c4314484bbd442ac3d55cd2de5a0,1.2288609392320116,0.043282109039137096,1.1855788301928745,conformer_block4,49
EEGConformer,OpenBMI_SSVEP,3,0,COMPLETE,8f2fc67d712feb757b872fc8c6175b50ad1671bb1d3e5d185d099740466418ff,1efc60bdab3e7b22bb9e4b462e35f23d85b4502ef3676055777afc5dc309ab28,bb7d4c64c799fdb38614b04ec8aba62d94a2e401fa8ea3dbce5e1e23894b2651,d1ef45b998b0dfe0acaad75dc1eb1b02f571c4314484bbd442ac3d55cd2de5a0,1.5489938685204834,0.056260244041720364,1.492733624478763,conformer_block6,10
EEGConformer,OpenBMI_SSVEP,3,0,COMPLETE,8f2fc67d712feb757b872fc8c6175b50ad1671bb1d3e5d185d099740466418ff,1efc60bdab3e7b22bb9e4b462e35f23d85b4502ef3676055777afc5dc309ab28,bb7d4c64c799fdb38614b04ec8aba62d94a2e401fa8ea3dbce5e1e23894b2651,d1ef45b998b0dfe0acaad75dc1eb1b02f571c4314484bbd442ac3d55cd2de5a0,2.2672942485660315,-0.011349136984596608,2.278643385550628,conformer_block6,16
EEGConformer,OpenBMI_SSVEP,3,0,COMPLETE,8f2fc67d712feb757b872fc8c6175b50ad1671bb1d3e5d185d099740466418ff,1efc60bdab3e7b22bb9e4b462e35f23d85b4502ef3676055777afc5dc309ab28,bb7d4c64c799fdb38614b04ec8aba62d94a2e401fa8ea3dbce5e1e23894b2651,d1ef45b998b0dfe0acaad75dc1eb1b02f571c4314484bbd442ac3d55cd2de5a0,0.9730174788273871,-0.08859080632062,1.061608285148007,conformer_block6,19
EEGConformer,OpenBMI_SSVEP,3,0,COMPLETE,8f2fc67d712feb757b872fc8c6175b50ad1671bb1d3e5d185d099740466418ff,1efc60bdab3e7b22bb9e4b462e35f23d85b4502ef3676055777afc5dc309ab28,bb7d4c64c799fdb38614b04ec8aba62d94a2e401fa8ea3dbce5e1e23894b2651,d1ef45b998b0dfe0acaad75dc1eb1b02f571c4314484bbd442ac3d55cd2de5a0,1.0683431134869654,-0.06401917619281461,1.13236228967978,conformer_block6,22
EEGConformer,OpenBMI_SSVEP,3,0,COMPLETE,8f2fc67d712feb757b872fc8c6175b50ad1671bb1d3e5d185d099740466418ff,1efc60bdab3e7b22bb9e4b462e35f23d85b4502ef3676055777afc5dc309ab28,bb7d4c64c799fdb38614b04ec8aba62d94a2e401fa8ea3dbce5e1e23894b2651,d1ef45b998b0dfe0acaad75dc1eb1b02f571c4314484bbd442ac3d55cd2de5a0,1.9407588963707287,-0.06054055208961162,2.0012994484603404,conformer_block6,27
EEGConformer,OpenBMI_SSVEP,3,0,COMPLETE,8f2fc67d712feb757b872fc8c6175b50ad1671bb1d3e5d185d099740466418ff,1efc60bdab3e7b22bb9e4b462e35f23d85b4502ef3676055777afc5dc309ab28,bb7d4c64c799fdb38614b04ec8aba62d94a2e401fa8ea3dbce5e1e23894b2651,d1ef45b998b0dfe0acaad75dc1eb1b02f571c4314484bbd442ac3d55cd2de5a0,1.1109601743519306,-0.07519577328658977,1.1861559476385204,conformer_block6,34
EEGConformer,OpenBMI_SSVEP,3,0,COMPLETE,8f2fc67d712feb757b872fc8c6175b50ad1671bb1d3e5d185d099740466418ff,1efc60bdab3e7b22bb9e4b462e35f23d85b4502ef3676055777afc5dc309ab28,bb7d4c64c799fdb38614b04ec8aba62d94a2e401fa8ea3dbce5e1e23894b2651,d1ef45b998b0dfe0acaad75dc1eb1b02f571c4314484bbd442ac3d55cd2de5a0,1.6655484444151323,0.18565659131544332,1.479891853099689,conformer_block6,45
EEGConformer,OpenBMI_SSVEP,3,0,COMPLETE,8f2fc67d712feb757b872fc8c6175b50ad1671bb1d3e5d185d099740466418ff,1efc60bdab3e7b22bb9e4b462e35f23d85b4502ef3676055777afc5dc309ab28,bb7d4c64c799fdb38614b04ec8aba62d94a2e401fa8ea3dbce5e1e23894b2651,d1ef45b998b0dfe0acaad75dc1eb1b02f571c4314484bbd442ac3d55cd2de5a0,1.3864420351261895,0.11180885493212078,1.2746331801940687,conformer_block6,49
EEGConformer,OpenBMI_SSVEP,3,0,COMPLETE,8f2fc67d712feb757b872fc8c6175b50ad1671bb1d3e5d185d099740466418ff,1efc60bdab3e7b22bb9e4b462e35f23d85b4502ef3676055777afc5dc309ab28,bb7d4c64c799fdb38614b04ec8aba62d94a2e401fa8ea3dbce5e1e23894b2651,d1ef45b998b0dfe0acaad75dc1eb1b02f571c4314484bbd442ac3d55cd2de5a0,1.0935977784295876,0.20129338305171884,0.8923043953778688,classifier_256_elu,10
EEGConformer,OpenBMI_SSVEP,3,0,COMPLETE,8f2fc67d712feb757b872fc8c6175b50ad1671bb1d3e5d185d099740466418ff,1efc60bdab3e7b22bb9e4b462e35f23d85b4502ef3676055777afc5dc309ab28,bb7d4c64c799fdb38614b04ec8aba62d94a2e401fa8ea3dbce5e1e23894b2651,d1ef45b998b0dfe0acaad75dc1eb1b02f571c4314484bbd442ac3d55cd2de5a0,1.7982158918554585,0.2699316933269922,1.5282841985284663,classifier_256_elu,16
EEGConformer,OpenBMI_SSVEP,3,0,COMPLETE,8f2fc67d712feb757b872fc8c6175b50ad1671bb1d3e5d185d099740466418ff,1efc60bdab3e7b22bb9e4b462e35f23d85b4502ef3676055777afc5dc309ab28,bb7d4c64c799fdb38614b04ec8aba62d94a2e401fa8ea3dbce5e1e23894b2651,d1ef45b998b0dfe0acaad75dc1eb1b02f571c4314484bbd442ac3d55cd2de5a0,0.42912263702601194,0.028500699363066817,0.4006219376629451,classifier_256_elu,19
EEGConformer,OpenBMI_SSVEP,3,0,COMPLETE,8f2fc67d712feb757b872fc8c6175b50ad1671bb1d3e5d185d099740466418ff,1efc60bdab3e7b22bb9e4b462e35f23d85b4502ef3676055777afc5dc309ab28,bb7d4c64c799fdb38614b04ec8aba62d94a2e401fa8ea3dbce5e1e23894b2651,d1ef45b998b0dfe0acaad75dc1eb1b02f571c4314484bbd442ac3d55cd2de5a0,0.41600192431360483,0.0425806421447002,0.37342128216890463,classifier_256_elu,22
EEGConformer,OpenBMI_SSVEP,3,0,COMPLETE,8f2fc67d712feb757b872fc8c6175b50ad1671bb1d3e5d185d099740466418ff,1efc60bdab3e7b22bb9e4b462e35f23d85b4502ef3676055777afc5dc309ab28,bb7d4c64c799fdb38614b04ec8aba62d94a2e401fa8ea3dbce5e1e23894b2651,d1ef45b998b0dfe0acaad75dc1eb1b02f571c4314484bbd442ac3d55cd2de5a0,1.6474565536094208,0.3796691099406839,1.2677874436687369,classifier_256_elu,27
EEGConformer,OpenBMI_SSVEP,3,0,COMPLETE,8f2fc67d712feb757b872fc8c6175b50ad1671bb1d3e5d185d099740466418ff,1efc60bdab3e7b22bb9e4b462e35f23d85b4502ef3676055777afc5dc309ab28,bb7d4c64c799fdb38614b04ec8aba62d94a2e401fa8ea3dbce5e1e23894b2651,d1ef45b998b0dfe0acaad75dc1eb1b02f571c4314484bbd442ac3d55cd2de5a0,0.49486631046359736,0.058793607505698064,0.4360727029578993,classifier_256_elu,34
EEGConformer,OpenBMI_SSVEP,3,0,COMPLETE,8f2fc67d712feb757b872fc8c6175b50ad1671bb1d3e5d185d099740466418ff,1efc60bdab3e7b22bb9e4b462e35f23d85b4502ef3676055777afc5dc309ab28,bb7d4c64c799fdb38614b04ec8aba62d94a2e401fa8ea3dbce5e1e23894b2651,d1ef45b998b0dfe0acaad75dc1eb1b02f571c4314484bbd442ac3d55cd2de5a0,0.9572316816581102,0.15729434587248137,0.7999373357856289,classifier_256_elu,45
EEGConformer,OpenBMI_SSVEP,3,0,COMPLETE,8f2fc67d712feb757b872fc8c6175b50ad1671bb1d3e5d185d099740466418ff,1efc60bdab3e7b22bb9e4b462e35f23d85b4502ef3676055777afc5dc309ab28,bb7d4c64c799fdb38614b04ec8aba62d94a2e401fa8ea3dbce5e1e23894b2651,d1ef45b998b0dfe0acaad75dc1eb1b02f571c4314484bbd442ac3d55cd2de5a0,0.579086863125364,0.0826124367465188,0.49647442637884515,classifier_256_elu,49
EEGConformer,OpenBMI_SSVEP,3,0,COMPLETE,8f2fc67d712feb757b872fc8c6175b50ad1671bb1d3e5d185d099740466418ff,1efc60bdab3e7b22bb9e4b462e35f23d85b4502ef3676055777afc5dc309ab28,bb7d4c64c799fdb38614b04ec8aba62d94a2e401fa8ea3dbce5e1e23894b2651,d1ef45b998b0dfe0acaad75dc1eb1b02f571c4314484bbd442ac3d55cd2de5a0,5.514923883490989e-07,-9.066387117839811e-08,6.42156259527497e-07,classifier_32_elu,10
EEGConformer,OpenBMI_SSVEP,3,0,COMPLETE,8f2fc67d712feb757b872fc8c6175b50ad1671bb1d3e5d185d099740466418ff,1efc60bdab3e7b22bb9e4b462e35f23d85b4502ef3676055777afc5dc309ab28,bb7d4c64c799fdb38614b04ec8aba62d94a2e401fa8ea3dbce5e1e23894b2651,d1ef45b998b0dfe0acaad75dc1eb1b02f571c4314484bbd442ac3d55cd2de5a0,9.170233520687058e-07,-1.0707291264548219e-07,1.024096264714188e-06,classifier_32_elu,16
EEGConformer,OpenBMI_SSVEP,3,0,COMPLETE,8f2fc67d712feb757b872fc8c6175b50ad1671bb1d3e5d185d099740466418ff,1efc60bdab3e7b22bb9e4b462e35f23d85b4502ef3676055777afc5dc309ab28,bb7d4c64c799fdb38614b04ec8aba62d94a2e401fa8ea3dbce5e1e23894b2651,d1ef45b998b0dfe0acaad75dc1eb1b02f571c4314484bbd442ac3d55cd2de5a0,5.243283103991322e-07,1.6743224332908378e-08,5.075850860662238e-07,classifier_32_elu,19
EEGConformer,OpenBMI_SSVEP,3,0,COMPLETE,8f2fc67d712feb757b872fc8c6175b50ad1671bb1d3e5d185d099740466418ff,1efc60bdab3e7b22bb9e4b462e35f23d85b4502ef3676055777afc5dc309ab28,bb7d4c64c799fdb38614b04ec8aba62d94a2e401fa8ea3dbce5e1e23894b2651,d1ef45b998b0dfe0acaad75dc1eb1b02f571c4314484bbd442ac3d55cd2de5a0,5.916898052256888e-07,1.6057973722949455e-08,5.756318315027394e-07,classifier_32_elu,22
EEGConformer,OpenBMI_SSVEP,3,0,COMPLETE,8f2fc67d712feb757b872fc8c6175b50ad1671bb1d3e5d185d099740466418ff,1efc60bdab3e7b22bb9e4b462e35f23d85b4502ef3676055777afc5dc309ab28,bb7d4c64c799fdb38614b04ec8aba62d94a2e401fa8ea3dbce5e1e23894b2651,d1ef45b998b0dfe0acaad75dc1eb1b02f571c4314484bbd442ac3d55cd2de5a0,7.448832795020621e-07,-4.668007958841289e-08,7.91563359090475e-07,classifier_32_elu,27
EEGConformer,OpenBMI_SSVEP,3,0,COMPLETE,8f2fc67d712feb757b872fc8c6175b50ad1671bb1d3e5d185d099740466418ff,1efc60bdab3e7b22bb9e4b462e35f23d85b4502ef3676055777afc5dc309ab28,bb7d4c64c799fdb38614b04ec8aba62d94a2e401fa8ea3dbce5e1e23894b2651,d1ef45b998b0dfe0acaad75dc1eb1b02f571c4314484bbd442ac3d55cd2de5a0,4.2666885961365847e-07,-1.2598518954742786e-08,4.3926737856840125e-07,classifier_32_elu,34
EEGConformer,OpenBMI_SSVEP,3,0,COMPLETE,8f2fc67d712feb757b872fc8c6175b50ad1671bb1d3e5d185d099740466418ff,1efc60bdab3e7b22bb9e4b462e35f23d85b4502ef3676055777afc5dc309ab28,bb7d4c64c799fdb38614b04ec8aba62d94a2e401fa8ea3dbce5e1e23894b2651,d1ef45b998b0dfe0acaad75dc1eb1b02f571c4314484bbd442ac3d55cd2de5a0,6.506690872024971e-07,3.218582764197244e-09,6.474505044382998e-07,classifier_32_elu,45
EEGConformer,OpenBMI_SSVEP,3,0,COMPLETE,8f2fc67d712feb757b872fc8c6175b50ad1671bb1d3e5d185d099740466418ff,1efc60bdab3e7b22bb9e4b462e35f23d85b4502ef3676055777afc5dc309ab28,bb7d4c64c799fdb38614b04ec8aba62d94a2e401fa8ea3dbce5e1e23894b2651,d1ef45b998b0dfe0acaad75dc1eb1b02f571c4314484bbd442ac3d55cd2de5a0,5.72122157797376e-07,-2.3121491519173565e-08,5.952436493165495e-07,classifier_32_elu,49
EEGConformer,OpenBMI_SSVEP,4,0,COMPLETE,0983ae1b20b62337dddd631620ae2e5ef4fda69cb170ffb8fa5a6b5e559d8cff,fa3f34a657c72f65f3d5570524b9f795725364dcfd33f8922ad18ec712fc7b2f,eec62521ecc39de4c17f57e729b6babe554a621ff353e8aa87a3bee08821dd8d,d1ef45b998b0dfe0acaad75dc1eb1b02f571c4314484bbd442ac3d55cd2de5a0,6.125222002466519,1.631344391472327,4.4938776109941925,patch_tokenizer,7
EEGConformer,OpenBMI_SSVEP,4,0,COMPLETE,0983ae1b20b62337dddd631620ae2e5ef4fda69cb170ffb8fa5a6b5e559d8cff,fa3f34a657c72f65f3d5570524b9f795725364dcfd33f8922ad18ec712fc7b2f,eec62521ecc39de4c17f57e729b6babe554a621ff353e8aa87a3bee08821dd8d,d1ef45b998b0dfe0acaad75dc1eb1b02f571c4314484bbd442ac3d55cd2de5a0,4.0917522969345255,0.5467881612836694,3.544964135650856,patch_tokenizer,9
EEGConformer,OpenBMI_SSVEP,4,0,COMPLETE,0983ae1b20b62337dddd631620ae2e5ef4fda69cb170ffb8fa5a6b5e559d8cff,fa3f34a657c72f65f3d5570524b9f795725364dcfd33f8922ad18ec712fc7b2f,eec62521ecc39de4c17f57e729b6babe554a621ff353e8aa87a3bee08821dd8d,d1ef45b998b0dfe0acaad75dc1eb1b02f571c4314484bbd442ac3d55cd2de5a0,3.7136776434878507,0.4875786587658033,3.2260989847220474,patch_tokenizer,20
EEGConformer,OpenBMI_SSVEP,4,0,COMPLETE,0983ae1b20b62337dddd631620ae2e5ef4fda69cb170ffb8fa5a6b5e559d8cff,fa3f34a657c72f65f3d5570524b9f795725364dcfd33f8922ad18ec712fc7b2f,eec62521ecc39de4c17f57e729b6babe554a621ff353e8aa87a3bee08821dd8d,d1ef45b998b0dfe0acaad75dc1eb1b02f571c4314484bbd442ac3d55cd2de5a0,5.5542701339970035,1.8901356203714386,3.664134513625565,patch_tokenizer,21
EEGConformer,OpenBMI_SSVEP,4,0,COMPLETE,0983ae1b20b62337dddd631620ae2e5ef4fda69cb170ffb8fa5a6b5e559d8cff,fa3f34a657c72f65f3d5570524b9f795725364dcfd33f8922ad18ec712fc7b2f,eec62521ecc39de4c17f57e729b6babe554a621ff353e8aa87a3bee08821dd8d,d1ef45b998b0dfe0acaad75dc1eb1b02f571c4314484bbd442ac3d55cd2de5a0,5.255839401235183,0.8397531757884034,4.416086225446779,patch_tokenizer,41
EEGConformer,OpenBMI_SSVEP,4,0,COMPLETE,0983ae1b20b62337dddd631620ae2e5ef4fda69cb170ffb8fa5a6b5e559d8cff,fa3f34a657c72f65f3d5570524b9f795725364dcfd33f8922ad18ec712fc7b2f,eec62521ecc39de4c17f57e729b6babe554a621ff353e8aa87a3bee08821dd8d,d1ef45b998b0dfe0acaad75dc1eb1b02f571c4314484bbd442ac3d55cd2de5a0,6.475866600871086,1.518629567731793,4.957237033139293,patch_tokenizer,44
EEGConformer,OpenBMI_SSVEP,4,0,COMPLETE,0983ae1b20b62337dddd631620ae2e5ef4fda69cb170ffb8fa5a6b5e559d8cff,fa3f34a657c72f65f3d5570524b9f795725364dcfd33f8922ad18ec712fc7b2f,eec62521ecc39de4c17f57e729b6babe554a621ff353e8aa87a3bee08821dd8d,d1ef45b998b0dfe0acaad75dc1eb1b02f571c4314484bbd442ac3d55cd2de5a0,4.638094016661246,1.0210738134120283,3.617020203249218,patch_tokenizer,46
EEGConformer,OpenBMI_SSVEP,4,0,COMPLETE,0983ae1b20b62337dddd631620ae2e5ef4fda69cb170ffb8fa5a6b5e559d8cff,fa3f34a657c72f65f3d5570524b9f795725364dcfd33f8922ad18ec712fc7b2f,eec62521ecc39de4c17f57e729b6babe554a621ff353e8aa87a3bee08821dd8d,d1ef45b998b0dfe0acaad75dc1eb1b02f571c4314484bbd442ac3d55cd2de5a0,7.025016923745473,2.0852013539553917,4.939815569790081,patch_tokenizer,53
EEGConformer,OpenBMI_SSVEP,4,0,COMPLETE,0983ae1b20b62337dddd631620ae2e5ef4fda69cb170ffb8fa5a6b5e559d8cff,fa3f34a657c72f65f3d5570524b9f795725364dcfd33f8922ad18ec712fc7b2f,eec62521ecc39de4c17f57e729b6babe554a621ff353e8aa87a3bee08821dd8d,d1ef45b998b0dfe0acaad75dc1eb1b02f571c4314484bbd442ac3d55cd2de5a0,4.295976058890422,1.0300206622066126,3.2659553966838093,conformer_block2,7
EEGConformer,OpenBMI_SSVEP,4,0,COMPLETE,0983ae1b20b62337dddd631620ae2e5ef4fda69cb170ffb8fa5a6b5e559d8cff,fa3f34a657c72f65f3d5570524b9f795725364dcfd33f8922ad18ec712fc7b2f,eec62521ecc39de4c17f57e729b6babe554a621ff353e8aa87a3bee08821dd8d,d1ef45b998b0dfe0acaad75dc1eb1b02f571c4314484bbd442ac3d55cd2de5a0,1.6463664527982473,0.021997669771856687,1.6243687830263907,conformer_block2,9
EEGConformer,OpenBMI_SSVEP,4,0,COMPLETE,0983ae1b20b62337dddd631620ae2e5ef4fda69cb170ffb8fa5a6b5e559d8cff,fa3f34a657c72f65f3d5570524b9f795725364dcfd33f8922ad18ec712fc7b2f,eec62521ecc39de4c17f57e729b6babe554a621ff353e8aa87a3bee08821dd8d,d1ef45b998b0dfe0acaad75dc1eb1b02f571c4314484bbd442ac3d55cd2de5a0,2.0152380540966988,0.2892068973393176,1.7260311567573812,conformer_block2,20
EEGConformer,OpenBMI_SSVEP,4,0,COMPLETE,0983ae1b20b62337dddd631620ae2e5ef4fda69cb170ffb8fa5a6b5e559d8cff,fa3f34a657c72f65f3d5570524b9f795725364dcfd33f8922ad18ec712fc7b2f,eec62521ecc39de4c17f57e729b6babe554a621ff353e8aa87a3bee08821dd8d,d1ef45b998b0dfe0acaad75dc1eb1b02f571c4314484bbd442ac3d55cd2de5a0,2.8666706699877977,0.3181338541473573,2.5485368158404405,conformer_block2,21
EEGConformer,OpenBMI_SSVEP,4,0,COMPLETE,0983ae1b20b62337dddd631620ae2e5ef4fda69cb170ffb8fa5a6b5e559d8cff,fa3f34a657c72f65f3d5570524b9f795725364dcfd33f8922ad18ec712fc7b2f,eec62521ecc39de4c17f57e729b6babe554a621ff353e8aa87a3bee08821dd8d,d1ef45b998b0dfe0acaad75dc1eb1b02f571c4314484bbd442ac3d55cd2de5a0,3.1106619176765284,0.40199683937282993,2.7086650783036985,conformer_block2,41
EEGConformer,OpenBMI_SSVEP,4,0,COMPLETE,0983ae1b20b62337dddd631620ae2e5ef4fda69cb170ffb8fa5a6b5e559d8cff,fa3f34a657c72f65f3d5570524b9f795725364dcfd33f8922ad18ec712fc7b2f,eec62521ecc39de4c17f57e729b6babe554a621ff353e8aa87a3bee08821dd8d,d1ef45b998b0dfe0acaad75dc1eb1b02f571c4314484bbd442ac3d55cd2de5a0,3.6788797502716384,0.7794760234879012,2.899403726783737,conformer_block2,44
EEGConformer,OpenBMI_SSVEP,4,0,COMPLETE,0983ae1b20b62337dddd631620ae2e5ef4fda69cb170ffb8fa5a6b5e559d8cff,fa3f34a657c72f65f3d5570524b9f795725364dcfd33f8922ad18ec712fc7b2f,eec62521ecc39de4c17f57e729b6babe554a621ff353e8aa87a3bee08821dd8d,d1ef45b998b0dfe0acaad75dc1eb1b02f571c4314484bbd442ac3d55cd2de5a0,1.8099061138927937,0.14247854526930848,1.6674275686234852,conformer_block2,46
EEGConformer,OpenBMI_SSVEP,4,0,COMPLETE,0983ae1b20b62337dddd631620ae2e5ef4fda69cb170ffb8fa5a6b5e559d8cff,fa3f34a657c72f65f3d5570524b9f795725364dcfd33f8922ad18ec712fc7b2f,eec62521ecc39de4c17f57e729b6babe554a621ff353e8aa87a3bee08821dd8d,d1ef45b998b0dfe0acaad75dc1eb1b02f571c4314484bbd442ac3d55cd2de5a0,3.246907914057374,0.6260160247219027,2.6208918893354713,conformer_block2,53
EEGConformer,OpenBMI_SSVEP,4,0,COMPLETE,0983ae1b20b62337dddd631620ae2e5ef4fda69cb170ffb8fa5a6b5e559d8cff,fa3f34a657c72f65f3d5570524b9f795725364dcfd33f8922ad18ec712fc7b2f,eec62521ecc39de4c17f57e729b6babe554a621ff353e8aa87a3bee08821dd8d,d1ef45b998b0dfe0acaad75dc1eb1b02f571c4314484bbd442ac3d55cd2de5a0,3.88297983383139,0.8585044056844588,3.024475428146931,conformer_block4,7
EEGConformer,OpenBMI_SSVEP,4,0,COMPLETE,0983ae1b20b62337dddd631620ae2e5ef4fda69cb170ffb8fa5a6b5e559d8cff,fa3f34a657c72f65f3d5570524b9f795725364dcfd33f8922ad18ec712fc7b2f,eec62521ecc39de4c17f57e729b6babe554a621ff353e8aa87a3bee08821dd8d,d1ef45b998b0dfe0acaad75dc1eb1b02f571c4314484bbd442ac3d55cd2de5a0,1.8719171341508627,0.2618906605080702,1.6100264736427925,conformer_block4,9
EEGConformer,OpenBMI_SSVEP,4,0,COMPLETE,0983ae1b20b62337dddd631620ae2e5ef4fda69cb170ffb8fa5a6b5e559d8cff,fa3f34a657c72f65f3d5570524b9f795725364dcfd33f8922ad18ec712fc7b2f,eec62521ecc39de4c17f57e729b6babe554a621ff353e8aa87a3bee08821dd8d,d1ef45b998b0dfe0acaad75dc1eb1b02f571c4314484bbd442ac3d55cd2de5a0,1.5886362132926781,-0.04275590550620123,1.6313921187988794,conformer_block4,20
EEGConformer,OpenBMI_SSVEP,4,0,COMPLETE,0983ae1b20b62337dddd631620ae2e5ef4fda69cb170ffb8fa5a6b5e559d8cff,fa3f34a657c72f65f3d5570524b9f795725364dcfd33f8922ad18ec712fc7b2f,eec62521ecc39de4c17f57e729b6babe554a621ff353e8aa87a3bee08821dd8d,d1ef45b998b0dfe0acaad75dc1eb1b02f571c4314484bbd442ac3d55cd2de5a0,2.975561372935772,0.5906362892039279,2.384925083731844,conformer_block4,21
EEGConformer,OpenBMI_SSVEP,4,0,COMPLETE,0983ae1b20b62337dddd631620ae2e5ef4fda69cb170ffb8fa5a6b5e559d8cff,fa3f34a657c72f65f3d5570524b9f795725364dcfd33f8922ad18ec712fc7b2f,eec62521ecc39de4c17f57e729b6babe554a621ff353e8aa87a3bee08821dd8d,d1ef45b998b0dfe0acaad75dc1eb1b02f571c4314484bbd442ac3d55cd2de5a0,3.0837567932903767,0.5445097292494028,2.539247064040974,conformer_block4,41
EEGConformer,OpenBMI_SSVEP,4,0,COMPLETE,0983ae1b20b62337dddd631620ae2e5ef4fda69cb170ffb8fa5a6b5e559d8cff,fa3f34a657c72f65f3d5570524b9f795725364dcfd33f8922ad18ec712fc7b2f,eec62521ecc39de4c17f57e729b6babe554a621ff353e8aa87a3bee08821dd8d,d1ef45b998b0dfe0acaad75dc1eb1b02f571c4314484bbd442ac3d55cd2de5a0,2.9967581232388816,0.33999204216253354,2.656766081076348,conformer_block4,44
EEGConformer,OpenBMI_SSVEP,4,0,COMPLETE,0983ae1b20b62337dddd631620ae2e5ef4fda69cb170ffb8fa5a6b5e559d8cff,fa3f34a657c72f65f3d5570524b9f795725364dcfd33f8922ad18ec712fc7b2f,eec62521ecc39de4c17f57e729b6babe554a621ff353e8aa87a3bee08821dd8d,d1ef45b998b0dfe0acaad75dc1eb1b02f571c4314484bbd442ac3d55cd2de5a0,1.93940172282358,0.23340439175837657,1.7059973310652035,conformer_block4,46
EEGConformer,OpenBMI_SSVEP,4,0,COMPLETE,0983ae1b20b62337dddd631620ae2e5ef4fda69cb170ffb8fa5a6b5e559d8cff,fa3f34a657c72f65f3d5570524b9f795725364dcfd33f8922ad18ec712fc7b2f,eec62521ecc39de4c17f57e729b6babe554a621ff353e8aa87a3bee08821dd8d,d1ef45b998b0dfe0acaad75dc1eb1b02f571c4314484bbd442ac3d55cd2de5a0,3.0874232115844884,0.6821817948777844,2.405241416706704,conformer_block4,53
EEGConformer,OpenBMI_SSVEP,4,0,COMPLETE,0983ae1b20b62337dddd631620ae2e5ef4fda69cb170ffb8fa5a6b5e559d8cff,fa3f34a657c72f65f3d5570524b9f795725364dcfd33f8922ad18ec712fc7b2f,eec62521ecc39de4c17f57e729b6babe554a621ff353e8aa87a3bee08821dd8d,d1ef45b998b0dfe0acaad75dc1eb1b02f571c4314484bbd442ac3d55cd2de5a0,3.722354688992103,0.5385788561458087,3.1837758328462944,conformer_block6,7
EEGConformer,OpenBMI_SSVEP,4,0,COMPLETE,0983ae1b20b62337dddd631620ae2e5ef4fda69cb170ffb8fa5a6b5e559d8cff,fa3f34a657c72f65f3d5570524b9f795725364dcfd33f8922ad18ec712fc7b2f,eec62521ecc39de4c17f57e729b6babe554a621ff353e8aa87a3bee08821dd8d,d1ef45b998b0dfe0acaad75dc1eb1b02f571c4314484bbd442ac3d55cd2de5a0,1.758731388176481,-0.13325540052882068,1.8919867887053017,conformer_block6,9
EEGConformer,OpenBMI_SSVEP,4,0,COMPLETE,0983ae1b20b62337dddd631620ae2e5ef4fda69cb170ffb8fa5a6b5e559d8cff,fa3f34a657c72f65f3d5570524b9f795725364dcfd33f8922ad18ec712fc7b2f,eec62521ecc39de4c17f57e729b6babe554a621ff353e8aa87a3bee08821dd8d,d1ef45b998b0dfe0acaad75dc1eb1b02f571c4314484bbd442ac3d55cd2de5a0,2.0436708365256586,0.3536818517798863,1.6899889847457723,conformer_block6,20
EEGConformer,OpenBMI_SSVEP,4,0,COMPLETE,0983ae1b20b62337dddd631620ae2e5ef4fda69cb170ffb8fa5a6b5e559d8cff,fa3f34a657c72f65f3d5570524b9f795725364dcfd33f8922ad18ec712fc7b2f,eec62521ecc39de4c17f57e729b6babe554a621ff353e8aa87a3bee08821dd8d,d1ef45b998b0dfe0acaad75dc1eb1b02f571c4314484bbd442ac3d55cd2de5a0,2.8479966052497425,0.4397858252446163,2.4082107800051262,conformer_block6,21
EEGConformer,OpenBMI_SSVEP,4,0,COMPLETE,0983ae1b20b62337dddd631620ae2e5ef4fda69cb170ffb8fa5a6b5e559d8cff,fa3f34a657c72f65f3d5570524b9f795725364dcfd33f8922ad18ec712fc7b2f,eec62521ecc39de4c17f57e729b6babe554a621ff353e8aa87a3bee08821dd8d,d1ef45b998b0dfe0acaad75dc1eb1b02f571c4314484bbd442ac3d55cd2de5a0,2.822798532123367,0.166328896579798,2.656469635543569,conformer_block6,41
EEGConformer,OpenBMI_SSVEP,4,0,COMPLETE,0983ae1b20b62337dddd631620ae2e5ef4fda69cb170ffb8fa5a6b5e559d8cff,fa3f34a657c72f65f3d5570524b9f795725364dcfd33f8922ad18ec712fc7b2f,eec62521ecc39de4c17f57e729b6babe554a621ff353e8aa87a3bee08821dd8d,d1ef45b998b0dfe0acaad75dc1eb1b02f571c4314484bbd442ac3d55cd2de5a0,3.2541617453098297,0.3754824414577649,2.878679303852065,conformer_block6,44
EEGConformer,OpenBMI_SSVEP,4,0,COMPLETE,0983ae1b20b62337dddd631620ae2e5ef4fda69cb170ffb8fa5a6b5e559d8cff,fa3f34a657c72f65f3d5570524b9f795725364dcfd33f8922ad18ec712fc7b2f,eec62521ecc39de4c17f57e729b6babe554a621ff353e8aa87a3bee08821dd8d,d1ef45b998b0dfe0acaad75dc1eb1b02f571c4314484bbd442ac3d55cd2de5a0,1.8310292532357078,0.3021907370188275,1.5288385162168803,conformer_block6,46
EEGConformer,OpenBMI_SSVEP,4,0,COMPLETE,0983ae1b20b62337dddd631620ae2e5ef4fda69cb170ffb8fa5a6b5e559d8cff,fa3f34a657c72f65f3d5570524b9f795725364dcfd33f8922ad18ec712fc7b2f,eec62521ecc39de4c17f57e729b6babe554a621ff353e8aa87a3bee08821dd8d,d1ef45b998b0dfe0acaad75dc1eb1b02f571c4314484bbd442ac3d55cd2de5a0,2.464797154068947,0.3428028189468506,2.1219943351220962,conformer_block6,53
EEGConformer,OpenBMI_SSVEP,4,0,COMPLETE,0983ae1b20b62337dddd631620ae2e5ef4fda69cb170ffb8fa5a6b5e559d8cff,fa3f34a657c72f65f3d5570524b9f795725364dcfd33f8922ad18ec712fc7b2f,eec62521ecc39de4c17f57e729b6babe554a621ff353e8aa87a3bee08821dd8d,d1ef45b998b0dfe0acaad75dc1eb1b02f571c4314484bbd442ac3d55cd2de5a0,1.2735708179728438,0.2707559382315956,1.0028148797412482,classifier_256_elu,7
EEGConformer,OpenBMI_SSVEP,4,0,COMPLETE,0983ae1b20b62337dddd631620ae2e5ef4fda69cb170ffb8fa5a6b5e559d8cff,fa3f34a657c72f65f3d5570524b9f795725364dcfd33f8922ad18ec712fc7b2f,eec62521ecc39de4c17f57e729b6babe554a621ff353e8aa87a3bee08821dd8d,d1ef45b998b0dfe0acaad75dc1eb1b02f571c4314484bbd442ac3d55cd2de5a0,0.6082196438995501,-0.11724058449714592,0.725460228396696,classifier_256_elu,9
EEGConformer,OpenBMI_SSVEP,4,0,COMPLETE,0983ae1b20b62337dddd631620ae2e5ef4fda69cb170ffb8fa5a6b5e559d8cff,fa3f34a657c72f65f3d5570524b9f795725364dcfd33f8922ad18ec712fc7b2f,eec62521ecc39de4c17f57e729b6babe554a621ff353e8aa87a3bee08821dd8d,d1ef45b998b0dfe0acaad75dc1eb1b02f571c4314484bbd442ac3d55cd2de5a0,0.7367636685376056,0.05019190890035441,0.6865717596372511,classifier_256_elu,20
EEGConformer,OpenBMI_SSVEP,4,0,COMPLETE,0983ae1b20b62337dddd631620ae2e5ef4fda69cb170ffb8fa5a6b5e559d8cff,fa3f34a657c72f65f3d5570524b9f795725364dcfd33f8922ad18ec712fc7b2f,eec62521ecc39de4c17f57e729b6babe554a621ff353e8aa87a3bee08821dd8d,d1ef45b998b0dfe0acaad75dc1eb1b02f571c4314484bbd442ac3d55cd2de5a0,1.0836991295218468,-0.1606284230611832,1.24432755258303,classifier_256_elu,21
EEGConformer,OpenBMI_SSVEP,4,0,COMPLETE,0983ae1b20b62337dddd631620ae2e5ef4fda69cb170ffb8fa5a6b5e559d8cff,fa3f34a657c72f65f3d5570524b9f795725364dcfd33f8922ad18ec712fc7b2f,eec62521ecc39de4c17f57e729b6babe554a621ff353e8aa87a3bee08821dd8d,d1ef45b998b0dfe0acaad75dc1eb1b02f571c4314484bbd442ac3d55cd2de5a0,1.0244937188302476,-0.03802567518597555,1.0625193940162232,classifier_256_elu,41
EEGConformer,OpenBMI_SSVEP,4,0,COMPLETE,0983ae1b20b62337dddd631620ae2e5ef4fda69cb170ffb8fa5a6b5e559d8cff,fa3f34a657c72f65f3d5570524b9f795725364dcfd33f8922ad18ec712fc7b2f,eec62521ecc39de4c17f57e729b6babe554a621ff353e8aa87a3bee08821dd8d,d1ef45b998b0dfe0acaad75dc1eb1b02f571c4314484bbd442ac3d55cd2de5a0,1.5063447952270508,0.07668791647146755,1.4296568787555832,classifier_256_elu,44
EEGConformer,OpenBMI_SSVEP,4,0,COMPLETE,0983ae1b20b62337dddd631620ae2e5ef4fda69cb170ffb8fa5a6b5e559d8cff,fa3f34a657c72f65f3d5570524b9f795725364dcfd33f8922ad18ec712fc7b2f,eec62521ecc39de4c17f57e729b6babe554a621ff353e8aa87a3bee08821dd8d,d1ef45b998b0dfe0acaad75dc1eb1b02f571c4314484bbd442ac3d55cd2de5a0,0.5527231298619881,0.0811470404943006,0.4715760893676875,classifier_256_elu,46
EEGConformer,OpenBMI_SSVEP,4,0,COMPLETE,0983ae1b20b62337dddd631620ae2e5ef4fda69cb170ffb8fa5a6b5e559d8cff,fa3f34a657c72f65f3d5570524b9f795725364dcfd33f8922ad18ec712fc7b2f,eec62521ecc39de4c17f57e729b6babe554a621ff353e8aa87a3bee08821dd8d,d1ef45b998b0dfe0acaad75dc1eb1b02f571c4314484bbd442ac3d55cd2de5a0,1.155583546186487,0.09680970823130353,1.0587738379551834,classifier_256_elu,53
EEGConformer,OpenBMI_SSVEP,4,0,COMPLETE,0983ae1b20b62337dddd631620ae2e5ef4fda69cb170ffb8fa5a6b5e559d8cff,fa3f34a657c72f65f3d5570524b9f795725364dcfd33f8922ad18ec712fc7b2f,eec62521ecc39de4c17f57e729b6babe554a621ff353e8aa87a3bee08821dd8d,d1ef45b998b0dfe0acaad75dc1eb1b02f571c4314484bbd442ac3d55cd2de5a0,1.291759650949113e-06,7.269477938276505e-08,1.2190648715663479e-06,classifier_32_elu,7
EEGConformer,OpenBMI_SSVEP,4,0,COMPLETE,0983ae1b20b62337dddd631620ae2e5ef4fda69cb170ffb8fa5a6b5e559d8cff,fa3f34a657c72f65f3d5570524b9f795725364dcfd33f8922ad18ec712fc7b2f,eec62521ecc39de4c17f57e729b6babe554a621ff353e8aa87a3bee08821dd8d,d1ef45b998b0dfe0acaad75dc1eb1b02f571c4314484bbd442ac3d55cd2de5a0,8.540428707200695e-07,2.6943240910570426e-09,8.513485466290124e-07,classifier_32_elu,9
EEGConformer,OpenBMI_SSVEP,4,0,COMPLETE,0983ae1b20b62337dddd631620ae2e5ef4fda69cb170ffb8fa5a6b5e559d8cff,fa3f34a657c72f65f3d5570524b9f795725364dcfd33f8922ad18ec712fc7b2f,eec62521ecc39de4c17f57e729b6babe554a621ff353e8aa87a3bee08821dd8d,d1ef45b998b0dfe0acaad75dc1eb1b02f571c4314484bbd442ac3d55cd2de5a0,8.282147458219905e-07,-2.525184558492084e-09,8.307399303804826e-07,classifier_32_elu,20
EEGConformer,OpenBMI_SSVEP,4,0,COMPLETE,0983ae1b20b62337dddd631620ae2e5ef4fda69cb170ffb8fa5a6b5e559d8cff,fa3f34a657c72f65f3d5570524b9f795725364dcfd33f8922ad18ec712fc7b2f,eec62521ecc39de4c17f57e729b6babe554a621ff353e8aa87a3bee08821dd8d,d1ef45b998b0dfe0acaad75dc1eb1b02f571c4314484bbd442ac3d55cd2de5a0,1.3973455198860545e-06,-1.2452205876497156e-07,1.521867578651026e-06,classifier_32_elu,21
EEGConformer,OpenBMI_SSVEP,4,0,COMPLETE,0983ae1b20b62337dddd631620ae2e5ef4fda69cb170ffb8fa5a6b5e559d8cff,fa3f34a657c72f65f3d5570524b9f795725364dcfd33f8922ad18ec712fc7b2f,eec62521ecc39de4c17f57e729b6babe554a621ff353e8aa87a3bee08821dd8d,d1ef45b998b0dfe0acaad75dc1eb1b02f571c4314484bbd442ac3d55cd2de5a0,1.1668609346537906e-06,-1.6276338509239394e-07,1.3296243197461845e-06,classifier_32_elu,41
EEGConformer,OpenBMI_SSVEP,4,0,COMPLETE,0983ae1b20b62337dddd631620ae2e5ef4fda69cb170ffb8fa5a6b5e559d8cff,fa3f34a657c72f65f3d5570524b9f795725364dcfd33f8922ad18ec712fc7b2f,eec62521ecc39de4c17f57e729b6babe554a621ff353e8aa87a3bee08821dd8d,d1ef45b998b0dfe0acaad75dc1eb1b02f571c4314484bbd442ac3d55cd2de5a0,1.4652931756842236e-06,-4.792342768844547e-08,1.513216603372669e-06,classifier_32_elu,44
EEGConformer,OpenBMI_SSVEP,4,0,COMPLETE,0983ae1b20b62337dddd631620ae2e5ef4fda69cb170ffb8fa5a6b5e559d8cff,fa3f34a657c72f65f3d5570524b9f795725364dcfd33f8922ad18ec712fc7b2f,eec62521ecc39de4c17f57e729b6babe554a621ff353e8aa87a3bee08821dd8d,d1ef45b998b0dfe0acaad75dc1eb1b02f571c4314484bbd442ac3d55cd2de5a0,7.124852491694847e-07,-8.506215344909303e-08,7.975474026185778e-07,classifier_32_elu,46
EEGConformer,OpenBMI_SSVEP,4,0,COMPLETE,0983ae1b20b62337dddd631620ae2e5ef4fda69cb170ffb8fa5a6b5e559d8cff,fa3f34a657c72f65f3d5570524b9f795725364dcfd33f8922ad18ec712fc7b2f,eec62521ecc39de4c17f57e729b6babe554a621ff353e8aa87a3bee08821dd8d,d1ef45b998b0dfe0acaad75dc1eb1b02f571c4314484bbd442ac3d55cd2de5a0,1.1977617995206913e-06,5.0352088597863834e-08,1.1474097109228274e-06,classifier_32_elu,53
FBCNet,OpenBMI_MI,0,0,COMPLETE,5d63a62ad4a4221b3375918d1946c4c500180c9488a034dc1f10641ff677c01c,ddc2e07ebabab4f49752d9da11ed3de092ebbee82690e823afeb0c23ee769073,a660fdd13093bc12bd5adc55d041b3e6f96eef2f894bbc4acb9d6a2d56405c29,726edcc0562bed30af66b54299e416141675ffc545903804ac376c96a62fe068,0.040891239303164184,-0.0032709501306180735,0.04416218943378226,grouped_spatial,3
FBCNet,OpenBMI_MI,0,0,COMPLETE,5d63a62ad4a4221b3375918d1946c4c500180c9488a034dc1f10641ff677c01c,ddc2e07ebabab4f49752d9da11ed3de092ebbee82690e823afeb0c23ee769073,a660fdd13093bc12bd5adc55d041b3e6f96eef2f894bbc4acb9d6a2d56405c29,726edcc0562bed30af66b54299e416141675ffc545903804ac376c96a62fe068,0.04868409573100507,0.004911987638327557,0.043772108092677516,grouped_spatial,5
FBCNet,OpenBMI_MI,0,0,COMPLETE,5d63a62ad4a4221b3375918d1946c4c500180c9488a034dc1f10641ff677c01c,ddc2e07ebabab4f49752d9da11ed3de092ebbee82690e823afeb0c23ee769073,a660fdd13093bc12bd5adc55d041b3e6f96eef2f894bbc4acb9d6a2d56405c29,726edcc0562bed30af66b54299e416141675ffc545903804ac376c96a62fe068,0.045913237147033215,-0.002900771948679902,0.048814009095713116,grouped_spatial,6
FBCNet,OpenBMI_MI,0,0,COMPLETE,5d63a62ad4a4221b3375918d1946c4c500180c9488a034dc1f10641ff677c01c,ddc2e07ebabab4f49752d9da11ed3de092ebbee82690e823afeb0c23ee769073,a660fdd13093bc12bd5adc55d041b3e6f96eef2f894bbc4acb9d6a2d56405c29,726edcc0562bed30af66b54299e416141675ffc545903804ac376c96a62fe068,0.03130529465852305,-0.003925822830824474,0.03523111748934753,grouped_spatial,15
FBCNet,OpenBMI_MI,0,0,COMPLETE,5d63a62ad4a4221b3375918d1946c4c500180c9488a034dc1f10641ff677c01c,ddc2e07ebabab4f49752d9da11ed3de092ebbee82690e823afeb0c23ee769073,a660fdd13093bc12bd5adc55d041b3e6f96eef2f894bbc4acb9d6a2d56405c29,726edcc0562bed30af66b54299e416141675ffc545903804ac376c96a62fe068,0.07474245570483617,0.027971266539389035,0.04677118916544714,grouped_spatial,32
FBCNet,OpenBMI_MI,0,0,COMPLETE,5d63a62ad4a4221b3375918d1946c4c500180c9488a034dc1f10641ff677c01c,ddc2e07ebabab4f49752d9da11ed3de092ebbee82690e823afeb0c23ee769073,a660fdd13093bc12bd5adc55d041b3e6f96eef2f894bbc4acb9d6a2d56405c29,726edcc0562bed30af66b54299e416141675ffc545903804ac376c96a62fe068,0.07656613574363291,0.01614940020310314,0.06041673554052977,grouped_spatial,33
FBCNet,OpenBMI_MI,0,0,COMPLETE,5d63a62ad4a4221b3375918d1946c4c500180c9488a034dc1f10641ff677c01c,ddc2e07ebabab4f49752d9da11ed3de092ebbee82690e823afeb0c23ee769073,a660fdd13093bc12bd5adc55d041b3e6f96eef2f894bbc4acb9d6a2d56405c29,726edcc0562bed30af66b54299e416141675ffc545903804ac376c96a62fe068,0.03765273725730367,0.0012439867885950667,0.0364087504687086,grouped_spatial,38
FBCNet,OpenBMI_MI,0,0,COMPLETE,5d63a62ad4a4221b3375918d1946c4c500180c9488a034dc1f10641ff677c01c,ddc2e07ebabab4f49752d9da11ed3de092ebbee82690e823afeb0c23ee769073,a660fdd13093bc12bd5adc55d041b3e6f96eef2f894bbc4acb9d6a2d56405c29,726edcc0562bed30af66b54299e416141675ffc545903804ac376c96a62fe068,0.11279398179613054,0.025904196721749026,0.08688978507438151,grouped_spatial,47
FBCNet,OpenBMI_MI,0,0,COMPLETE,5d63a62ad4a4221b3375918d1946c4c500180c9488a034dc1f10641ff677c01c,ddc2e07ebabab4f49752d9da11ed3de092ebbee82690e823afeb0c23ee769073,a660fdd13093bc12bd5adc55d041b3e6f96eef2f894bbc4acb9d6a2d56405c29,726edcc0562bed30af66b54299e416141675ffc545903804ac376c96a62fe068,0.058753558434545994,0.01089134067088253,0.047862217763663464,batch_norm,3
FBCNet,OpenBMI_MI,0,0,COMPLETE,5d63a62ad4a4221b3375918d1946c4c500180c9488a034dc1f10641ff677c01c,ddc2e07ebabab4f49752d9da11ed3de092ebbee82690e823afeb0c23ee769073,a660fdd13093bc12bd5adc55d041b3e6f96eef2f894bbc4acb9d6a2d56405c29,726edcc0562bed30af66b54299e416141675ffc545903804ac376c96a62fe068,0.055408659205568256,0.00919475351717438,0.046213905688393876,batch_norm,5
FBCNet,OpenBMI_MI,0,0,COMPLETE,5d63a62ad4a4221b3375918d1946c4c500180c9488a034dc1f10641ff677c01c,ddc2e07ebabab4f49752d9da11ed3de092ebbee82690e823afeb0c23ee769073,a660fdd13093bc12bd5adc55d041b3e6f96eef2f894bbc4acb9d6a2d56405c29,726edcc0562bed30af66b54299e416141675ffc545903804ac376c96a62fe068,0.059660697588697076,0.014040844876726626,0.04561985271197045,batch_norm,6
FBCNet,OpenBMI_MI,0,0,COMPLETE,5d63a62ad4a4221b3375918d1946c4c500180c9488a034dc1f10641ff677c01c,ddc2e07ebabab4f49752d9da11ed3de092ebbee82690e823afeb0c23ee769073,a660fdd13093bc12bd5adc55d041b3e6f96eef2f894bbc4acb9d6a2d56405c29,726edcc0562bed30af66b54299e416141675ffc545903804ac376c96a62fe068,0.06165036326274276,0.0002734806212356458,0.06137688264150711,batch_norm,15
FBCNet,OpenBMI_MI,0,0,COMPLETE,5d63a62ad4a4221b3375918d1946c4c500180c9488a034dc1f10641ff677c01c,ddc2e07ebabab4f49752d9da11ed3de092ebbee82690e823afeb0c23ee769073,a660fdd13093bc12bd5adc55d041b3e6f96eef2f894bbc4acb9d6a2d56405c29,726edcc0562bed30af66b54299e416141675ffc545903804ac376c96a62fe068,0.046779025928117335,0.010999748230224211,0.03577927769789312,batch_norm,32
FBCNet,OpenBMI_MI,0,0,COMPLETE,5d63a62ad4a4221b3375918d1946c4c500180c9488a034dc1f10641ff677c01c,ddc2e07ebabab4f49752d9da11ed3de092ebbee82690e823afeb0c23ee769073,a660fdd13093bc12bd5adc55d041b3e6f96eef2f894bbc4acb9d6a2d56405c29,726edcc0562bed30af66b54299e416141675ffc545903804ac376c96a62fe068,0.04317514691501856,-0.016810385325344443,0.059985532240363,batch_norm,33
FBCNet,OpenBMI_MI,0,0,COMPLETE,5d63a62ad4a4221b3375918d1946c4c500180c9488a034dc1f10641ff677c01c,ddc2e07ebabab4f49752d9da11ed3de092ebbee82690e823afeb0c23ee769073,a660fdd13093bc12bd5adc55d041b3e6f96eef2f894bbc4acb9d6a2d56405c29,726edcc0562bed30af66b54299e416141675ffc545903804ac376c96a62fe068,0.023487250815378502,-0.019527188734937223,0.043014439550315725,batch_norm,38
FBCNet,OpenBMI_MI,0,0,COMPLETE,5d63a62ad4a4221b3375918d1946c4c500180c9488a034dc1f10641ff677c01c,ddc2e07ebabab4f49752d9da11ed3de092ebbee82690e823afeb0c23ee769073,a660fdd13093bc12bd5adc55d041b3e6f96eef2f894bbc4acb9d6a2d56405c29,726edcc0562bed30af66b54299e416141675ffc545903804ac376c96a62fe068,0.08725354715716094,-0.024691625607503057,0.111945172764664,batch_norm,47
FBCNet,OpenBMI_MI,0,0,COMPLETE,5d63a62ad4a4221b3375918d1946c4c500180c9488a034dc1f10641ff677c01c,ddc2e07ebabab4f49752d9da11ed3de092ebbee82690e823afeb0c23ee769073,a660fdd13093bc12bd5adc55d041b3e6f96eef2f894bbc4acb9d6a2d56405c29,726edcc0562bed30af66b54299e416141675ffc545903804ac376c96a62fe068,0.03934839414432645,0.01147000812368141,0.02787838602064504,swish_gate,3
FBCNet,OpenBMI_MI,0,0,COMPLETE,5d63a62ad4a4221b3375918d1946c4c500180c9488a034dc1f10641ff677c01c,ddc2e07ebabab4f49752d9da11ed3de092ebbee82690e823afeb0c23ee769073,a660fdd13093bc12bd5adc55d041b3e6f96eef2f894bbc4acb9d6a2d56405c29,726edcc0562bed30af66b54299e416141675ffc545903804ac376c96a62fe068,0.02353268474325887,-0.007973896882012922,0.03150658162527179,swish_gate,5
FBCNet,OpenBMI_MI,0,0,COMPLETE,5d63a62ad4a4221b3375918d1946c4c500180c9488a034dc1f10641ff677c01c,ddc2e07ebabab4f49752d9da11ed3de092ebbee82690e823afeb0c23ee769073,a660fdd13093bc12bd5adc55d041b3e6f96eef2f894bbc4acb9d6a2d56405c29,726edcc0562bed30af66b54299e416141675ffc545903804ac376c96a62fe068,0.022389858262613416,-0.00972274438332079,0.032112602645934206,swish_gate,6
FBCNet,OpenBMI_MI,0,0,COMPLETE,5d63a62ad4a4221b3375918d1946c4c500180c9488a034dc1f10641ff677c01c,ddc2e07ebabab4f49752d9da11ed3de092ebbee82690e823afeb0c23ee769073,a660fdd13093bc12bd5adc55d041b3e6f96eef2f894bbc4acb9d6a2d56405c29,726edcc0562bed30af66b54299e416141675ffc545903804ac376c96a62fe068,0.04607963527087122,0.011954359834526258,0.034125275436344964,swish_gate,15
FBCNet,OpenBMI_MI,0,0,COMPLETE,5d63a62ad4a4221b3375918d1946c4c500180c9488a034dc1f10641ff677c01c,ddc2e07ebabab4f49752d9da11ed3de092ebbee82690e823afeb0c23ee769073,a660fdd13093bc12bd5adc55d041b3e6f96eef2f894bbc4acb9d6a2d56405c29,726edcc0562bed30af66b54299e416141675ffc545903804ac376c96a62fe068,0.028148396442702506,0.0010822652855449616,0.027066131157157544,swish_gate,32
FBCNet,OpenBMI_MI,0,0,COMPLETE,5d63a62ad4a4221b3375918d1946c4c500180c9488a034dc1f10641ff677c01c,ddc2e07ebabab4f49752d9da11ed3de092ebbee82690e823afeb0c23ee769073,a660fdd13093bc12bd5adc55d041b3e6f96eef2f894bbc4acb9d6a2d56405c29,726edcc0562bed30af66b54299e416141675ffc545903804ac376c96a62fe068,0.0441943216137588,0.00921321014462137,0.03498111146913743,swish_gate,33
FBCNet,OpenBMI_MI,0,0,COMPLETE,5d63a62ad4a4221b3375918d1946c4c500180c9488a034dc1f10641ff677c01c,ddc2e07ebabab4f49752d9da11ed3de092ebbee82690e823afeb0c23ee769073,a660fdd13093bc12bd5adc55d041b3e6f96eef2f894bbc4acb9d6a2d56405c29,726edcc0562bed30af66b54299e416141675ffc545903804ac376c96a62fe068,0.02437123394338414,0.0024023184855286664,0.021968915457855474,swish_gate,38
FBCNet,OpenBMI_MI,0,0,COMPLETE,5d63a62ad4a4221b3375918d1946c4c500180c9488a034dc1f10641ff677c01c,ddc2e07ebabab4f49752d9da11ed3de092ebbee82690e823afeb0c23ee769073,a660fdd13093bc12bd5adc55d041b3e6f96eef2f894bbc4acb9d6a2d56405c29,726edcc0562bed30af66b54299e416141675ffc545903804ac376c96a62fe068,0.03870711731724441,-0.02351131544985037,0.06221843276709478,swish_gate,47
FBCNet,OpenBMI_MI,0,0,COMPLETE,5d63a62ad4a4221b3375918d1946c4c500180c9488a034dc1f10641ff677c01c,ddc2e07ebabab4f49752d9da11ed3de092ebbee82690e823afeb0c23ee769073,a660fdd13093bc12bd5adc55d041b3e6f96eef2f894bbc4acb9d6a2d56405c29,726edcc0562bed30af66b54299e416141675ffc545903804ac376c96a62fe068,1.9451740845106542,0.1368519924671272,1.808322092043527,segmented_variance,3
FBCNet,OpenBMI_MI,0,0,COMPLETE,5d63a62ad4a4221b3375918d1946c4c500180c9488a034dc1f10641ff677c01c,ddc2e07ebabab4f49752d9da11ed3de092ebbee82690e823afeb0c23ee769073,a660fdd13093bc12bd5adc55d041b3e6f96eef2f894bbc4acb9d6a2d56405c29,726edcc0562bed30af66b54299e416141675ffc545903804ac376c96a62fe068,1.8487832751125097,0.5102916849070607,1.338491590205449,segmented_variance,5
FBCNet,OpenBMI_MI,0,0,COMPLETE,5d63a62ad4a4221b3375918d1946c4c500180c9488a034dc1f10641ff677c01c,ddc2e07ebabab4f49752d9da11ed3de092ebbee82690e823afeb0c23ee769073,a660fdd13093bc12bd5adc55d041b3e6f96eef2f894bbc4acb9d6a2d56405c29,726edcc0562bed30af66b54299e416141675ffc545903804ac376c96a62fe068,1.6012776423012838,-0.43228363254966107,2.033561274850945,segmented_variance,6
FBCNet,OpenBMI_MI,0,0,COMPLETE,5d63a62ad4a4221b3375918d1946c4c500180c9488a034dc1f10641ff677c01c,ddc2e07ebabab4f49752d9da11ed3de092ebbee82690e823afeb0c23ee769073,a660fdd13093bc12bd5adc55d041b3e6f96eef2f894bbc4acb9d6a2d56405c29,726edcc0562bed30af66b54299e416141675ffc545903804ac376c96a62fe068,0.19979123369557783,-0.8316347909255273,1.031426024621105,segmented_variance,15
FBCNet,OpenBMI_MI,0,0,COMPLETE,5d63a62ad4a4221b3375918d1946c4c500180c9488a034dc1f10641ff677c01c,ddc2e07ebabab4f49752d9da11ed3de092ebbee82690e823afeb0c23ee769073,a660fdd13093bc12bd5adc55d041b3e6f96eef2f894bbc4acb9d6a2d56405c29,726edcc0562bed30af66b54299e416141675ffc545903804ac376c96a62fe068,0.6292551085352898,-0.6380803005308553,1.267335409066145,segmented_variance,32
FBCNet,OpenBMI_MI,0,0,COMPLETE,5d63a62ad4a4221b3375918d1946c4c500180c9488a034dc1f10641ff677c01c,ddc2e07ebabab4f49752d9da11ed3de092ebbee82690e823afeb0c23ee769073,a660fdd13093bc12bd5adc55d041b3e6f96eef2f894bbc4acb9d6a2d56405c29,726edcc0562bed30af66b54299e416141675ffc545903804ac376c96a62fe068,2.1050029676407576,0.694800973458332,1.4102019941824255,segmented_variance,33
FBCNet,OpenBMI_MI,0,0,COMPLETE,5d63a62ad4a4221b3375918d1946c4c500180c9488a034dc1f10641ff677c01c,ddc2e07ebabab4f49752d9da11ed3de092ebbee82690e823afeb0c23ee769073,a660fdd13093bc12bd5adc55d041b3e6f96eef2f894bbc4acb9d6a2d56405c29,726edcc0562bed30af66b54299e416141675ffc545903804ac376c96a62fe068,0.10855053838349704,-0.2577407624771149,0.36629130086061196,segmented_variance,38
FBCNet,OpenBMI_MI,0,0,COMPLETE,5d63a62ad4a4221b3375918d1946c4c500180c9488a034dc1f10641ff677c01c,ddc2e07ebabab4f49752d9da11ed3de092ebbee82690e823afeb0c23ee769073,a660fdd13093bc12bd5adc55d041b3e6f96eef2f894bbc4acb9d6a2d56405c29,726edcc0562bed30af66b54299e416141675ffc545903804ac376c96a62fe068,1.8949531018733978,-1.0377041206264401,2.932657222499838,segmented_variance,47
FBCNet,OpenBMI_MI,0,0,COMPLETE,5d63a62ad4a4221b3375918d1946c4c500180c9488a034dc1f10641ff677c01c,ddc2e07ebabab4f49752d9da11ed3de092ebbee82690e823afeb0c23ee769073,a660fdd13093bc12bd5adc55d041b3e6f96eef2f894bbc4acb9d6a2d56405c29,726edcc0562bed30af66b54299e416141675ffc545903804ac376c96a62fe068,1.6858739160241498e-07,1.828777989765217e-08,1.502996117047628e-07,log_variance_flatten,3
FBCNet,OpenBMI_MI,0,0,COMPLETE,5d63a62ad4a4221b3375918d1946c4c500180c9488a034dc1f10641ff677c01c,ddc2e07ebabab4f49752d9da11ed3de092ebbee82690e823afeb0c23ee769073,a660fdd13093bc12bd5adc55d041b3e6f96eef2f894bbc4acb9d6a2d56405c29,726edcc0562bed30af66b54299e416141675ffc545903804ac376c96a62fe068,1.3566016576760376e-07,-1.7398747345076502e-08,1.5305891311268026e-07,log_variance_flatten,5
FBCNet,OpenBMI_MI,0,0,COMPLETE,5d63a62ad4a4221b3375918d1946c4c500180c9488a034dc1f10641ff677c01c,ddc2e07ebabab4f49752d9da11ed3de092ebbee82690e823afeb0c23ee769073,a660fdd13093bc12bd5adc55d041b3e6f96eef2f894bbc4acb9d6a2d56405c29,726edcc0562bed30af66b54299e416141675ffc545903804ac376c96a62fe068,1.4356270161552942e-07,-1.1899899309275603e-08,1.5546260092480502e-07,log_variance_flatten,6
FBCNet,OpenBMI_MI,0,0,COMPLETE,5d63a62ad4a4221b3375918d1946c4c500180c9488a034dc1f10641ff677c01c,ddc2e07ebabab4f49752d9da11ed3de092ebbee82690e823afeb0c23ee769073,a660fdd13093bc12bd5adc55d041b3e6f96eef2f894bbc4acb9d6a2d56405c29,726edcc0562bed30af66b54299e416141675ffc545903804ac376c96a62fe068,1.3220280958847752e-07,-4.9734927971001316e-08,1.8193773755947884e-07,log_variance_flatten,15
FBCNet,OpenBMI_MI,0,0,COMPLETE,5d63a62ad4a4221b3375918d1946c4c500180c9488a034dc1f10641ff677c01c,ddc2e07ebabab4f49752d9da11ed3de092ebbee82690e823afeb0c23ee769073,a660fdd13093bc12bd5adc55d041b3e6f96eef2f894bbc4acb9d6a2d56405c29,726edcc0562bed30af66b54299e416141675ffc545903804ac376c96a62fe068,1.6792884993677148e-07,-4.9555472196316496e-08,2.1748432213308798e-07,log_variance_flatten,32
FBCNet,OpenBMI_MI,0,0,COMPLETE,5d63a62ad4a4221b3375918d1946c4c500180c9488a034dc1f10641ff677c01c,ddc2e07ebabab4f49752d9da11ed3de092ebbee82690e823afeb0c23ee769073,a660fdd13093bc12bd5adc55d041b3e6f96eef2f894bbc4acb9d6a2d56405c29,726edcc0562bed30af66b54299e416141675ffc545903804ac376c96a62fe068,1.132696523242771e-07,-8.692787561992432e-08,2.0019752794420143e-07,log_variance_flatten,33
FBCNet,OpenBMI_MI,0,0,COMPLETE,5d63a62ad4a4221b3375918d1946c4c500180c9488a034dc1f10641ff677c01c,ddc2e07ebabab4f49752d9da11ed3de092ebbee82690e823afeb0c23ee769073,a660fdd13093bc12bd5adc55d041b3e6f96eef2f894bbc4acb9d6a2d56405c29,726edcc0562bed30af66b54299e416141675ffc545903804ac376c96a62fe068,1.9295353936854553e-07,-5.722751979519992e-09,1.9867629134806553e-07,log_variance_flatten,38
FBCNet,OpenBMI_MI,0,0,COMPLETE,5d63a62ad4a4221b3375918d1946c4c500180c9488a034dc1f10641ff677c01c,ddc2e07ebabab4f49752d9da11ed3de092ebbee82690e823afeb0c23ee769073,a660fdd13093bc12bd5adc55d041b3e6f96eef2f894bbc4acb9d6a2d56405c29,726edcc0562bed30af66b54299e416141675ffc545903804ac376c96a62fe068,2.397101999118689e-07,4.135660333082222e-09,2.355745395787867e-07,log_variance_flatten,47
FBCNet,OpenBMI_MI,1,0,COMPLETE,00ad7b9183d522cb29294a8662d7d1071b4a840f7ca6a2893a763e55e2f7cfbd,2fc86b4fbc87ea07ee6263a2af1fc89ea5612c39e51bc6e469318103d9441751,5358b31646866019795fe36490c079bb30fcb076d54bc631cacd9c150f4cbc40,726edcc0562bed30af66b54299e416141675ffc545903804ac376c96a62fe068,0.03613145704730414,-0.010767197519076038,0.04689865456638018,grouped_spatial,2
FBCNet,OpenBMI_MI,1,0,COMPLETE,00ad7b9183d522cb29294a8662d7d1071b4a840f7ca6a2893a763e55e2f7cfbd,2fc86b4fbc87ea07ee6263a2af1fc89ea5612c39e51bc6e469318103d9441751,5358b31646866019795fe36490c079bb30fcb076d54bc631cacd9c150f4cbc40,726edcc0562bed30af66b54299e416141675ffc545903804ac376c96a62fe068,0.045553687057690695,0.00025631589148815415,0.04529737116620254,grouped_spatial,14
FBCNet,OpenBMI_MI,1,0,COMPLETE,00ad7b9183d522cb29294a8662d7d1071b4a840f7ca6a2893a763e55e2f7cfbd,2fc86b4fbc87ea07ee6263a2af1fc89ea5612c39e51bc6e469318103d9441751,5358b31646866019795fe36490c079bb30fcb076d54bc631cacd9c150f4cbc40,726edcc0562bed30af66b54299e416141675ffc545903804ac376c96a62fe068,0.05754747160244733,-0.01441917813878206,0.07196664974122939,grouped_spatial,26
FBCNet,OpenBMI_MI,1,0,COMPLETE,00ad7b9183d522cb29294a8662d7d1071b4a840f7ca6a2893a763e55e2f7cfbd,2fc86b4fbc87ea07ee6263a2af1fc89ea5612c39e51bc6e469318103d9441751,5358b31646866019795fe36490c079bb30fcb076d54bc631cacd9c150f4cbc40,726edcc0562bed30af66b54299e416141675ffc545903804ac376c96a62fe068,0.03837680141441524,-0.022480868676789216,0.060857670091204456,grouped_spatial,28
FBCNet,OpenBMI_MI,1,0,COMPLETE,00ad7b9183d522cb29294a8662d7d1071b4a840f7ca6a2893a763e55e2f7cfbd,2fc86b4fbc87ea07ee6263a2af1fc89ea5612c39e51bc6e469318103d9441751,5358b31646866019795fe36490c079bb30fcb076d54bc631cacd9c150f4cbc40,726edcc0562bed30af66b54299e416141675ffc545903804ac376c96a62fe068,0.03369164315517992,-0.01178381924047471,0.04547546239565463,grouped_spatial,31
FBCNet,OpenBMI_MI,1,0,COMPLETE,00ad7b9183d522cb29294a8662d7d1071b4a840f7ca6a2893a763e55e2f7cfbd,2fc86b4fbc87ea07ee6263a2af1fc89ea5612c39e51bc6e469318103d9441751,5358b31646866019795fe36490c079bb30fcb076d54bc631cacd9c150f4cbc40,726edcc0562bed30af66b54299e416141675ffc545903804ac376c96a62fe068,0.05606538848951459,0.007453031855766311,0.04861235663374828,grouped_spatial,35
FBCNet,OpenBMI_MI,1,0,COMPLETE,00ad7b9183d522cb29294a8662d7d1071b4a840f7ca6a2893a763e55e2f7cfbd,2fc86b4fbc87ea07ee6263a2af1fc89ea5612c39e51bc6e469318103d9441751,5358b31646866019795fe36490c079bb30fcb076d54bc631cacd9c150f4cbc40,726edcc0562bed30af66b54299e416141675ffc545903804ac376c96a62fe068,0.022813395262346603,-0.019204466632422736,0.04201786189476934,grouped_spatial,40
FBCNet,OpenBMI_MI,1,0,COMPLETE,00ad7b9183d522cb29294a8662d7d1071b4a840f7ca6a2893a763e55e2f7cfbd,2fc86b4fbc87ea07ee6263a2af1fc89ea5612c39e51bc6e469318103d9441751,5358b31646866019795fe36490c079bb30fcb076d54bc631cacd9c150f4cbc40,726edcc0562bed30af66b54299e416141675ffc545903804ac376c96a62fe068,0.04485169181134552,-0.006089538927326429,0.05094123073867195,grouped_spatial,43
FBCNet,OpenBMI_MI,1,0,COMPLETE,00ad7b9183d522cb29294a8662d7d1071b4a840f7ca6a2893a763e55e2f7cfbd,2fc86b4fbc87ea07ee6263a2af1fc89ea5612c39e51bc6e469318103d9441751,5358b31646866019795fe36490c079bb30fcb076d54bc631cacd9c150f4cbc40,726edcc0562bed30af66b54299e416141675ffc545903804ac376c96a62fe068,0.06396324433444533,0.005460924024249608,0.05850232031019573,batch_norm,2
FBCNet,OpenBMI_MI,1,0,COMPLETE,00ad7b9183d522cb29294a8662d7d1071b4a840f7ca6a2893a763e55e2f7cfbd,2fc86b4fbc87ea07ee6263a2af1fc89ea5612c39e51bc6e469318103d9441751,5358b31646866019795fe36490c079bb30fcb076d54bc631cacd9c150f4cbc40,726edcc0562bed30af66b54299e416141675ffc545903804ac376c96a62fe068,0.06123227428179234,0.01620220533961174,0.045030068942180604,batch_norm,14
FBCNet,OpenBMI_MI,1,0,COMPLETE,00ad7b9183d522cb29294a8662d7d1071b4a840f7ca6a2893a763e55e2f7cfbd,2fc86b4fbc87ea07ee6263a2af1fc89ea5612c39e51bc6e469318103d9441751,5358b31646866019795fe36490c079bb30fcb076d54bc631cacd9c150f4cbc40,726edcc0562bed30af66b54299e416141675ffc545903804ac376c96a62fe068,0.043244460015557706,-0.018659358344229986,0.06190381835978769,batch_norm,26
FBCNet,OpenBMI_MI,1,0,COMPLETE,00ad7b9183d522cb29294a8662d7d1071b4a840f7ca6a2893a763e55e2f7cfbd,2fc86b4fbc87ea07ee6263a2af1fc89ea5612c39e51bc6e469318103d9441751,5358b31646866019795fe36490c079bb30fcb076d54bc631cacd9c150f4cbc40,726edcc0562bed30af66b54299e416141675ffc545903804ac376c96a62fe068,0.03209340461762622,-0.03358209157975579,0.06567549619738201,batch_norm,28
FBCNet,OpenBMI_MI,1,0,COMPLETE,00ad7b9183d522cb29294a8662d7d1071b4a840f7ca6a2893a763e55e2f7cfbd,2fc86b4fbc87ea07ee6263a2af1fc89ea5612c39e51bc6e469318103d9441751,5358b31646866019795fe36490c079bb30fcb076d54bc631cacd9c150f4cbc40,726edcc0562bed30af66b54299e416141675ffc545903804ac376c96a62fe068,0.04073937062639743,-0.007963583820510392,0.04870295444690782,batch_norm,31
FBCNet,OpenBMI_MI,1,0,COMPLETE,00ad7b9183d522cb29294a8662d7d1071b4a840f7ca6a2893a763e55e2f7cfbd,2fc86b4fbc87ea07ee6263a2af1fc89ea5612c39e51bc6e469318103d9441751,5358b31646866019795fe36490c079bb30fcb076d54bc631cacd9c150f4cbc40,726edcc0562bed30af66b54299e416141675ffc545903804ac376c96a62fe068,0.0418680002912879,-0.004623595584915846,0.046491595876203745,batch_norm,35
FBCNet,OpenBMI_MI,1,0,COMPLETE,00ad7b9183d522cb29294a8662d7d1071b4a840f7ca6a2893a763e55e2f7cfbd,2fc86b4fbc87ea07ee6263a2af1fc89ea5612c39e51bc6e469318103d9441751,5358b31646866019795fe36490c079bb30fcb076d54bc631cacd9c150f4cbc40,726edcc0562bed30af66b54299e416141675ffc545903804ac376c96a62fe068,0.06491855357307941,0.009510912349260249,0.05540764122381916,batch_norm,40
FBCNet,OpenBMI_MI,1,0,COMPLETE,00ad7b9183d522cb29294a8662d7d1071b4a840f7ca6a2893a763e55e2f7cfbd,2fc86b4fbc87ea07ee6263a2af1fc89ea5612c39e51bc6e469318103d9441751,5358b31646866019795fe36490c079bb30fcb076d54bc631cacd9c150f4cbc40,726edcc0562bed30af66b54299e416141675ffc545903804ac376c96a62fe068,0.03383302531437948,-0.015030480409841403,0.048863505724220886,batch_norm,43
FBCNet,OpenBMI_MI,1,0,COMPLETE,00ad7b9183d522cb29294a8662d7d1071b4a840f7ca6a2893a763e55e2f7cfbd,2fc86b4fbc87ea07ee6263a2af1fc89ea5612c39e51bc6e469318103d9441751,5358b31646866019795fe36490c079bb30fcb076d54bc631cacd9c150f4cbc40,726edcc0562bed30af66b54299e416141675ffc545903804ac376c96a62fe068,0.018821251287590712,-0.004525140091739103,0.023346391379329815,swish_gate,2
FBCNet,OpenBMI_MI,1,0,COMPLETE,00ad7b9183d522cb29294a8662d7d1071b4a840f7ca6a2893a763e55e2f7cfbd,2fc86b4fbc87ea07ee6263a2af1fc89ea5612c39e51bc6e469318103d9441751,5358b31646866019795fe36490c079bb30fcb076d54bc631cacd9c150f4cbc40,726edcc0562bed30af66b54299e416141675ffc545903804ac376c96a62fe068,0.02418116382250446,-0.016925563827244333,0.04110672764974879,swish_gate,14
FBCNet,OpenBMI_MI,1,0,COMPLETE,00ad7b9183d522cb29294a8662d7d1071b4a840f7ca6a2893a763e55e2f7cfbd,2fc86b4fbc87ea07ee6263a2af1fc89ea5612c39e51bc6e469318103d9441751,5358b31646866019795fe36490c079bb30fcb076d54bc631cacd9c150f4cbc40,726edcc0562bed30af66b54299e416141675ffc545903804ac376c96a62fe068,0.02598494992707856,-0.022181027761844233,0.04816597768892279,swish_gate,26
FBCNet,OpenBMI_MI,1,0,COMPLETE,00ad7b9183d522cb29294a8662d7d1071b4a840f7ca6a2893a763e55e2f7cfbd,2fc86b4fbc87ea07ee6263a2af1fc89ea5612c39e51bc6e469318103d9441751,5358b31646866019795fe36490c079bb30fcb076d54bc631cacd9c150f4cbc40,726edcc0562bed30af66b54299e416141675ffc545903804ac376c96a62fe068,0.044371435016728356,-5.362458946361892e-06,0.04437679747567472,swish_gate,28
FBCNet,OpenBMI_MI,1,0,COMPLETE,00ad7b9183d522cb29294a8662d7d1071b4a840f7ca6a2893a763e55e2f7cfbd,2fc86b4fbc87ea07ee6263a2af1fc89ea5612c39e51bc6e469318103d9441751,5358b31646866019795fe36490c079bb30fcb076d54bc631cacd9c150f4cbc40,726edcc0562bed30af66b54299e416141675ffc545903804ac376c96a62fe068,0.027411904651671648,0.0011084148171084975,0.02630348983456315,swish_gate,31
FBCNet,OpenBMI_MI,1,0,COMPLETE,00ad7b9183d522cb29294a8662d7d1071b4a840f7ca6a2893a763e55e2f7cfbd,2fc86b4fbc87ea07ee6263a2af1fc89ea5612c39e51bc6e469318103d9441751,5358b31646866019795fe36490c079bb30fcb076d54bc631cacd9c150f4cbc40,726edcc0562bed30af66b54299e416141675ffc545903804ac376c96a62fe068,0.05044901883229613,0.024123128969670234,0.0263258898626259,swish_gate,35
FBCNet,OpenBMI_MI,1,0,COMPLETE,00ad7b9183d522cb29294a8662d7d1071b4a840f7ca6a2893a763e55e2f7cfbd,2fc86b4fbc87ea07ee6263a2af1fc89ea5612c39e51bc6e469318103d9441751,5358b31646866019795fe36490c079bb30fcb076d54bc631cacd9c150f4cbc40,726edcc0562bed30af66b54299e416141675ffc545903804ac376c96a62fe068,0.047355711460113525,0.01923239519991853,0.028123316260194996,swish_gate,40
FBCNet,OpenBMI_MI,1,0,COMPLETE,00ad7b9183d522cb29294a8662d7d1071b4a840f7ca6a2893a763e55e2f7cfbd,2fc86b4fbc87ea07ee6263a2af1fc89ea5612c39e51bc6e469318103d9441751,5358b31646866019795fe36490c079bb30fcb076d54bc631cacd9c150f4cbc40,726edcc0562bed30af66b54299e416141675ffc545903804ac376c96a62fe068,0.021106656873598695,0.001333633152489709,0.019773023721108986,swish_gate,43
FBCNet,OpenBMI_MI,1,0,COMPLETE,00ad7b9183d522cb29294a8662d7d1071b4a840f7ca6a2893a763e55e2f7cfbd,2fc86b4fbc87ea07ee6263a2af1fc89ea5612c39e51bc6e469318103d9441751,5358b31646866019795fe36490c079bb30fcb076d54bc631cacd9c150f4cbc40,726edcc0562bed30af66b54299e416141675ffc545903804ac376c96a62fe068,0.7933015106245875,-0.3319461371997021,1.1252476478242897,segmented_variance,2
FBCNet,OpenBMI_MI,1,0,COMPLETE,00ad7b9183d522cb29294a8662d7d1071b4a840f7ca6a2893a763e55e2f7cfbd,2fc86b4fbc87ea07ee6263a2af1fc89ea5612c39e51bc6e469318103d9441751,5358b31646866019795fe36490c079bb30fcb076d54bc631cacd9c150f4cbc40,726edcc0562bed30af66b54299e416141675ffc545903804ac376c96a62fe068,2.113181672990322,0.2643350748188822,1.84884659817144,segmented_variance,14
FBCNet,OpenBMI_MI,1,0,COMPLETE,00ad7b9183d522cb29294a8662d7d1071b4a840f7ca6a2893a763e55e2f7cfbd,2fc86b4fbc87ea07ee6263a2af1fc89ea5612c39e51bc6e469318103d9441751,5358b31646866019795fe36490c079bb30fcb076d54bc631cacd9c150f4cbc40,726edcc0562bed30af66b54299e416141675ffc545903804ac376c96a62fe068,4.798452869057655,2.2748889178873286,2.5235639511703267,segmented_variance,26
FBCNet,OpenBMI_MI,1,0,COMPLETE,00ad7b9183d522cb29294a8662d7d1071b4a840f7ca6a2893a763e55e2f7cfbd,2fc86b4fbc87ea07ee6263a2af1fc89ea5612c39e51bc6e469318103d9441751,5358b31646866019795fe36490c079bb30fcb076d54bc631cacd9c150f4cbc40,726edcc0562bed30af66b54299e416141675ffc545903804ac376c96a62fe068,1.5213743671774864,0.281707011964172,1.2396673552133144,segmented_variance,28
FBCNet,OpenBMI_MI,1,0,COMPLETE,00ad7b9183d522cb29294a8662d7d1071b4a840f7ca6a2893a763e55e2f7cfbd,2fc86b4fbc87ea07ee6263a2af1fc89ea5612c39e51bc6e469318103d9441751,5358b31646866019795fe36490c079bb30fcb076d54bc631cacd9c150f4cbc40,726edcc0562bed30af66b54299e416141675ffc545903804ac376c96a62fe068,2.2133078426122665,0.8167288133301189,1.3965790292821476,segmented_variance,31
FBCNet,OpenBMI_MI,1,0,COMPLETE,00ad7b9183d522cb29294a8662d7d1071b4a840f7ca6a2893a763e55e2f7cfbd,2fc86b4fbc87ea07ee6263a2af1fc89ea5612c39e51bc6e469318103d9441751,5358b31646866019795fe36490c079bb30fcb076d54bc631cacd9c150f4cbc40,726edcc0562bed30af66b54299e416141675ffc545903804ac376c96a62fe068,2.535287633538246,0.794584325311007,1.7407033082272392,segmented_variance,35
FBCNet,OpenBMI_MI,1,0,COMPLETE,00ad7b9183d522cb29294a8662d7d1071b4a840f7ca6a2893a763e55e2f7cfbd,2fc86b4fbc87ea07ee6263a2af1fc89ea5612c39e51bc6e469318103d9441751,5358b31646866019795fe36490c079bb30fcb076d54bc631cacd9c150f4cbc40,726edcc0562bed30af66b54299e416141675ffc545903804ac376c96a62fe068,2.032827250659466,-0.1992690329649487,2.2320962836244145,segmented_variance,40
FBCNet,OpenBMI_MI,1,0,COMPLETE,00ad7b9183d522cb29294a8662d7d1071b4a840f7ca6a2893a763e55e2f7cfbd,2fc86b4fbc87ea07ee6263a2af1fc89ea5612c39e51bc6e469318103d9441751,5358b31646866019795fe36490c079bb30fcb076d54bc631cacd9c150f4cbc40,726edcc0562bed30af66b54299e416141675ffc545903804ac376c96a62fe068,1.8018515333533287,0.7472457253249012,1.0546058080284275,segmented_variance,43
FBCNet,OpenBMI_MI,1,0,COMPLETE,00ad7b9183d522cb29294a8662d7d1071b4a840f7ca6a2893a763e55e2f7cfbd,2fc86b4fbc87ea07ee6263a2af1fc89ea5612c39e51bc6e469318103d9441751,5358b31646866019795fe36490c079bb30fcb076d54bc631cacd9c150f4cbc40,726edcc0562bed30af66b54299e416141675ffc545903804ac376c96a62fe068,2.395455629411458e-07,1.6949288040718503e-08,2.2259627490042732e-07,log_variance_flatten,2
FBCNet,OpenBMI_MI,1,0,COMPLETE,00ad7b9183d522cb29294a8662d7d1071b4a840f7ca6a2893a763e55e2f7cfbd,2fc86b4fbc87ea07ee6263a2af1fc89ea5612c39e51bc6e469318103d9441751,5358b31646866019795fe36490c079bb30fcb076d54bc631cacd9c150f4cbc40,726edcc0562bed30af66b54299e416141675ffc545903804ac376c96a62fe068,1.7714847100336328e-07,-7.928876880614063e-09,1.8507734788397735e-07,log_variance_flatten,14
FBCNet,OpenBMI_MI,1,0,COMPLETE,00ad7b9183d522cb29294a8662d7d1071b4a840f7ca6a2893a763e55e2f7cfbd,2fc86b4fbc87ea07ee6263a2af1fc89ea5612c39e51bc6e469318103d9441751,5358b31646866019795fe36490c079bb30fcb076d54bc631cacd9c150f4cbc40,726edcc0562bed30af66b54299e416141675ffc545903804ac376c96a62fe068,2.1567332542105078e-07,3.264405135122717e-08,1.830292740698236e-07,log_variance_flatten,26
FBCNet,OpenBMI_MI,1,0,COMPLETE,00ad7b9183d522cb29294a8662d7d1071b4a840f7ca6a2893a763e55e2f7cfbd,2fc86b4fbc87ea07ee6263a2af1fc89ea5612c39e51bc6e469318103d9441751,5358b31646866019795fe36490c079bb30fcb076d54bc631cacd9c150f4cbc40,726edcc0562bed30af66b54299e416141675ffc545903804ac376c96a62fe068,2.3444184260590362e-07,-2.7909118094915355e-08,2.6235096070081897e-07,log_variance_flatten,28
FBCNet,OpenBMI_MI,1,0,COMPLETE,00ad7b9183d522cb29294a8662d7d1071b4a840f7ca6a2893a763e55e2f7cfbd,2fc86b4fbc87ea07ee6263a2af1fc89ea5612c39e51bc6e469318103d9441751,5358b31646866019795fe36490c079bb30fcb076d54bc631cacd9c150f4cbc40,726edcc0562bed30af66b54299e416141675ffc545903804ac376c96a62fe068,2.8449123146145894e-07,3.491603549732323e-08,2.495751959641357e-07,log_variance_flatten,31
FBCNet,OpenBMI_MI,1,0,COMPLETE,00ad7b9183d522cb29294a8662d7d1071b4a840f7ca6a2893a763e55e2f7cfbd,2fc86b4fbc87ea07ee6263a2af1fc89ea5612c39e51bc6e469318103d9441751,5358b31646866019795fe36490c079bb30fcb076d54bc631cacd9c150f4cbc40,726edcc0562bed30af66b54299e416141675ffc545903804ac376c96a62fe068,1.7253865980393357e-07,-9.878164997090224e-10,1.735264763036426e-07,log_variance_flatten,35
FBCNet,OpenBMI_MI,1,0,COMPLETE,00ad7b9183d522cb29294a8662d7d1071b4a840f7ca6a2893a763e55e2f7cfbd,2fc86b4fbc87ea07ee6263a2af1fc89ea5612c39e51bc6e469318103d9441751,5358b31646866019795fe36490c079bb30fcb076d54bc631cacd9c150f4cbc40,726edcc0562bed30af66b54299e416141675ffc545903804ac376c96a62fe068,1.4800787750957056e-07,-6.296014771589587e-08,2.1096802522546643e-07,log_variance_flatten,40
FBCNet,OpenBMI_MI,1,0,COMPLETE,00ad7b9183d522cb29294a8662d7d1071b4a840f7ca6a2893a763e55e2f7cfbd,2fc86b4fbc87ea07ee6263a2af1fc89ea5612c39e51bc6e469318103d9441751,5358b31646866019795fe36490c079bb30fcb076d54bc631cacd9c150f4cbc40,726edcc0562bed30af66b54299e416141675ffc545903804ac376c96a62fe068,1.5805068054319804e-07,-6.163975911910314e-09,1.6421465645510836e-07,log_variance_flatten,43
FBCNet,OpenBMI_MI,2,0,COMPLETE,42a7277dbe16002f9ff2f79bb6185521a9d836fe936adb98e9b7d0e53f794c32,a161c0d909abccb983153a002ee992e59443b341ee17c3079e8ed80555bd64f6,359f0e58a457da7631799f5cd89c0041f7e63f751bcd27cf29f07e2c0fec2f5f,726edcc0562bed30af66b54299e416141675ffc545903804ac376c96a62fe068,0.09710553335025907,-0.005211514256752703,0.10231704760701177,grouped_spatial,1
FBCNet,OpenBMI_MI,2,0,COMPLETE,42a7277dbe16002f9ff2f79bb6185521a9d836fe936adb98e9b7d0e53f794c32,a161c0d909abccb983153a002ee992e59443b341ee17c3079e8ed80555bd64f6,359f0e58a457da7631799f5cd89c0041f7e63f751bcd27cf29f07e2c0fec2f5f,726edcc0562bed30af66b54299e416141675ffc545903804ac376c96a62fe068,0.09069369814824313,-0.008043568841476376,0.0987372669897195,grouped_spatial,8
FBCNet,OpenBMI_MI,2,0,COMPLETE,42a7277dbe16002f9ff2f79bb6185521a9d836fe936adb98e9b7d0e53f794c32,a161c0d909abccb983153a002ee992e59443b341ee17c3079e8ed80555bd64f6,359f0e58a457da7631799f5cd89c0041f7e63f751bcd27cf29f07e2c0fec2f5f,726edcc0562bed30af66b54299e416141675ffc545903804ac376c96a62fe068,0.04706804594025016,-0.043570160127637786,0.09063820606788794,grouped_spatial,11
FBCNet,OpenBMI_MI,2,0,COMPLETE,42a7277dbe16002f9ff2f79bb6185521a9d836fe936adb98e9b7d0e53f794c32,a161c0d909abccb983153a002ee992e59443b341ee17c3079e8ed80555bd64f6,359f0e58a457da7631799f5cd89c0041f7e63f751bcd27cf29f07e2c0fec2f5f,726edcc0562bed30af66b54299e416141675ffc545903804ac376c96a62fe068,0.06254570395685732,0.002301377918111032,0.06024432603874629,grouped_spatial,23
FBCNet,OpenBMI_MI,2,0,COMPLETE,42a7277dbe16002f9ff2f79bb6185521a9d836fe936adb98e9b7d0e53f794c32,a161c0d909abccb983153a002ee992e59443b341ee17c3079e8ed80555bd64f6,359f0e58a457da7631799f5cd89c0041f7e63f751bcd27cf29f07e2c0fec2f5f,726edcc0562bed30af66b54299e416141675ffc545903804ac376c96a62fe068,0.10798217821866274,0.005276438530218003,0.10270573968844474,grouped_spatial,30
FBCNet,OpenBMI_MI,2,0,COMPLETE,42a7277dbe16002f9ff2f79bb6185521a9d836fe936adb98e9b7d0e53f794c32,a161c0d909abccb983153a002ee992e59443b341ee17c3079e8ed80555bd64f6,359f0e58a457da7631799f5cd89c0041f7e63f751bcd27cf29f07e2c0fec2f5f,726edcc0562bed30af66b54299e416141675ffc545903804ac376c96a62fe068,0.13298345485236496,0.0036863229040136614,0.1292971319483513,grouped_spatial,48
FBCNet,OpenBMI_MI,2,0,COMPLETE,42a7277dbe16002f9ff2f79bb6185521a9d836fe936adb98e9b7d0e53f794c32,a161c0d909abccb983153a002ee992e59443b341ee17c3079e8ed80555bd64f6,359f0e58a457da7631799f5cd89c0041f7e63f751bcd27cf29f07e2c0fec2f5f,726edcc0562bed30af66b54299e416141675ffc545903804ac376c96a62fe068,0.11206847906578332,0.020735632734713363,0.09133284633106996,grouped_spatial,50
FBCNet,OpenBMI_MI,2,0,COMPLETE,42a7277dbe16002f9ff2f79bb6185521a9d836fe936adb98e9b7d0e53f794c32,a161c0d909abccb983153a002ee992e59443b341ee17c3079e8ed80555bd64f6,359f0e58a457da7631799f5cd89c0041f7e63f751bcd27cf29f07e2c0fec2f5f,726edcc0562bed30af66b54299e416141675ffc545903804ac376c96a62fe068,0.0874397496227175,-0.008014995222692958,0.09545474484541046,grouped_spatial,52
FBCNet,OpenBMI_MI,2,0,COMPLETE,42a7277dbe16002f9ff2f79bb6185521a9d836fe936adb98e9b7d0e53f794c32,a161c0d909abccb983153a002ee992e59443b341ee17c3079e8ed80555bd64f6,359f0e58a457da7631799f5cd89c0041f7e63f751bcd27cf29f07e2c0fec2f5f,726edcc0562bed30af66b54299e416141675ffc545903804ac376c96a62fe068,0.11706439265981317,0.00352330193012676,0.1135410907296864,batch_norm,1
FBCNet,OpenBMI_MI,2,0,COMPLETE,42a7277dbe16002f9ff2f79bb6185521a9d836fe936adb98e9b7d0e53f794c32,a161c0d909abccb983153a002ee992e59443b341ee17c3079e8ed80555bd64f6,359f0e58a457da7631799f5cd89c0041f7e63f751bcd27cf29f07e2c0fec2f5f,726edcc0562bed30af66b54299e416141675ffc545903804ac376c96a62fe068,0.13922806968912482,0.027733045628083347,0.11149502406104148,batch_norm,8
FBCNet,OpenBMI_MI,2,0,COMPLETE,42a7277dbe16002f9ff2f79bb6185521a9d836fe936adb98e9b7d0e53f794c32,a161c0d909abccb983153a002ee992e59443b341ee17c3079e8ed80555bd64f6,359f0e58a457da7631799f5cd89c0041f7e63f751bcd27cf29f07e2c0fec2f5f,726edcc0562bed30af66b54299e416141675ffc545903804ac376c96a62fe068,0.10450645064702258,-0.003765619646801499,0.10827207029382407,batch_norm,11
FBCNet,OpenBMI_MI,2,0,COMPLETE,42a7277dbe16002f9ff2f79bb6185521a9d836fe936adb98e9b7d0e53f794c32,a161c0d909abccb983153a002ee992e59443b341ee17c3079e8ed80555bd64f6,359f0e58a457da7631799f5cd89c0041f7e63f751bcd27cf29f07e2c0fec2f5f,726edcc0562bed30af66b54299e416141675ffc545903804ac376c96a62fe068,0.1027092831209302,0.004126321189542065,0.09858296193138813,batch_norm,23
FBCNet,OpenBMI_MI,2,0,COMPLETE,42a7277dbe16002f9ff2f79bb6185521a9d836fe936adb98e9b7d0e53f794c32,a161c0d909abccb983153a002ee992e59443b341ee17c3079e8ed80555bd64f6,359f0e58a457da7631799f5cd89c0041f7e63f751bcd27cf29f07e2c0fec2f5f,726edcc0562bed30af66b54299e416141675ffc545903804ac376c96a62fe068,0.07834343961440027,0.0045050321169219365,0.07383840749747833,batch_norm,30
FBCNet,OpenBMI_MI,2,0,COMPLETE,42a7277dbe16002f9ff2f79bb6185521a9d836fe936adb98e9b7d0e53f794c32,a161c0d909abccb983153a002ee992e59443b341ee17c3079e8ed80555bd64f6,359f0e58a457da7631799f5cd89c0041f7e63f751bcd27cf29f07e2c0fec2f5f,726edcc0562bed30af66b54299e416141675ffc545903804ac376c96a62fe068,0.10674410010688007,0.019626533653940903,0.08711756645293917,batch_norm,48
FBCNet,OpenBMI_MI,2,0,COMPLETE,42a7277dbe16002f9ff2f79bb6185521a9d836fe936adb98e9b7d0e53f794c32,a161c0d909abccb983153a002ee992e59443b341ee17c3079e8ed80555bd64f6,359f0e58a457da7631799f5cd89c0041f7e63f751bcd27cf29f07e2c0fec2f5f,726edcc0562bed30af66b54299e416141675ffc545903804ac376c96a62fe068,0.09753335663117468,0.0034548577292480287,0.09407849890192665,batch_norm,50
FBCNet,OpenBMI_MI,2,0,COMPLETE,42a7277dbe16002f9ff2f79bb6185521a9d836fe936adb98e9b7d0e53f794c32,a161c0d909abccb983153a002ee992e59443b341ee17c3079e8ed80555bd64f6,359f0e58a457da7631799f5cd89c0041f7e63f751bcd27cf29f07e2c0fec2f5f,726edcc0562bed30af66b54299e416141675ffc545903804ac376c96a62fe068,0.09313566755736247,0.009916557789692887,0.08321910976766958,batch_norm,52
FBCNet,OpenBMI_MI,2,0,COMPLETE,42a7277dbe16002f9ff2f79bb6185521a9d836fe936adb98e9b7d0e53f794c32,a161c0d909abccb983153a002ee992e59443b341ee17c3079e8ed80555bd64f6,359f0e58a457da7631799f5cd89c0041f7e63f751bcd27cf29f07e2c0fec2f5f,726edcc0562bed30af66b54299e416141675ffc545903804ac376c96a62fe068,0.03732935413427185,-0.012513372999619604,0.04984272713389146,swish_gate,1
FBCNet,OpenBMI_MI,2,0,COMPLETE,42a7277dbe16002f9ff2f79bb6185521a9d836fe936adb98e9b7d0e53f794c32,a161c0d909abccb983153a002ee992e59443b341ee17c3079e8ed80555bd64f6,359f0e58a457da7631799f5cd89c0041f7e63f751bcd27cf29f07e2c0fec2f5f,726edcc0562bed30af66b54299e416141675ffc545903804ac376c96a62fe068,0.06932914163917303,0.009196379741752025,0.060132761897421005,swish_gate,8
FBCNet,OpenBMI_MI,2,0,COMPLETE,42a7277dbe16002f9ff2f79bb6185521a9d836fe936adb98e9b7d0e53f794c32,a161c0d909abccb983153a002ee992e59443b341ee17c3079e8ed80555bd64f6,359f0e58a457da7631799f5cd89c0041f7e63f751bcd27cf29f07e2c0fec2f5f,726edcc0562bed30af66b54299e416141675ffc545903804ac376c96a62fe068,0.11858194193337113,0.04151952108518345,0.07706242084818768,swish_gate,11
FBCNet,OpenBMI_MI,2,0,COMPLETE,42a7277dbe16002f9ff2f79bb6185521a9d836fe936adb98e9b7d0e53f794c32,a161c0d909abccb983153a002ee992e59443b341ee17c3079e8ed80555bd64f6,359f0e58a457da7631799f5cd89c0041f7e63f751bcd27cf29f07e2c0fec2f5f,726edcc0562bed30af66b54299e416141675ffc545903804ac376c96a62fe068,0.05906443134881556,0.020431674153887795,0.038632757194927765,swish_gate,23
FBCNet,OpenBMI_MI,2,0,COMPLETE,42a7277dbe16002f9ff2f79bb6185521a9d836fe936adb98e9b7d0e53f794c32,a161c0d909abccb983153a002ee992e59443b341ee17c3079e8ed80555bd64f6,359f0e58a457da7631799f5cd89c0041f7e63f751bcd27cf29f07e2c0fec2f5f,726edcc0562bed30af66b54299e416141675ffc545903804ac376c96a62fe068,0.040570138255134225,-0.009125590181048436,0.04969572843618266,swish_gate,30
FBCNet,OpenBMI_MI,2,0,COMPLETE,42a7277dbe16002f9ff2f79bb6185521a9d836fe936adb98e9b7d0e53f794c32,a161c0d909abccb983153a002ee992e59443b341ee17c3079e8ed80555bd64f6,359f0e58a457da7631799f5cd89c0041f7e63f751bcd27cf29f07e2c0fec2f5f,726edcc0562bed30af66b54299e416141675ffc545903804ac376c96a62fe068,0.0690403135959059,0.01537010708138041,0.05367020651452549,swish_gate,48
FBCNet,OpenBMI_MI,2,0,COMPLETE,42a7277dbe16002f9ff2f79bb6185521a9d836fe936adb98e9b7d0e53f794c32,a161c0d909abccb983153a002ee992e59443b341ee17c3079e8ed80555bd64f6,359f0e58a457da7631799f5cd89c0041f7e63f751bcd27cf29f07e2c0fec2f5f,726edcc0562bed30af66b54299e416141675ffc545903804ac376c96a62fe068,0.05203229995095171,0.0012217932801831949,0.050810506670768515,swish_gate,50
FBCNet,OpenBMI_MI,2,0,COMPLETE,42a7277dbe16002f9ff2f79bb6185521a9d836fe936adb98e9b7d0e53f794c32,a161c0d909abccb983153a002ee992e59443b341ee17c3079e8ed80555bd64f6,359f0e58a457da7631799f5cd89c0041f7e63f751bcd27cf29f07e2c0fec2f5f,726edcc0562bed30af66b54299e416141675ffc545903804ac376c96a62fe068,0.024306911858730018,-0.02362400750260349,0.04793091936133351,swish_gate,52
FBCNet,OpenBMI_MI,2,0,COMPLETE,42a7277dbe16002f9ff2f79bb6185521a9d836fe936adb98e9b7d0e53f794c32,a161c0d909abccb983153a002ee992e59443b341ee17c3079e8ed80555bd64f6,359f0e58a457da7631799f5cd89c0041f7e63f751bcd27cf29f07e2c0fec2f5f,726edcc0562bed30af66b54299e416141675ffc545903804ac376c96a62fe068,6.542338967323303,2.942667056042701,3.5996719112806024,segmented_variance,1
FBCNet,OpenBMI_MI,2,0,COMPLETE,42a7277dbe16002f9ff2f79bb6185521a9d836fe936adb98e9b7d0e53f794c32,a161c0d909abccb983153a002ee992e59443b341ee17c3079e8ed80555bd64f6,359f0e58a457da7631799f5cd89c0041f7e63f751bcd27cf29f07e2c0fec2f5f,726edcc0562bed30af66b54299e416141675ffc545903804ac376c96a62fe068,4.75770391523838,2.2346998865960632,2.523004028642317,segmented_variance,8
FBCNet,OpenBMI_MI,2,0,COMPLETE,42a7277dbe16002f9ff2f79bb6185521a9d836fe936adb98e9b7d0e53f794c32,a161c0d909abccb983153a002ee992e59443b341ee17c3079e8ed80555bd64f6,359f0e58a457da7631799f5cd89c0041f7e63f751bcd27cf29f07e2c0fec2f5f,726edcc0562bed30af66b54299e416141675ffc545903804ac376c96a62fe068,1.7656138390302658,-0.3128772282993304,2.078491067329596,segmented_variance,11
FBCNet,OpenBMI_MI,2,0,COMPLETE,42a7277dbe16002f9ff2f79bb6185521a9d836fe936adb98e9b7d0e53f794c32,a161c0d909abccb983153a002ee992e59443b341ee17c3079e8ed80555bd64f6,359f0e58a457da7631799f5cd89c0041f7e63f751bcd27cf29f07e2c0fec2f5f,726edcc0562bed30af66b54299e416141675ffc545903804ac376c96a62fe068,3.785577617585659,1.090226797819196,2.695350819766463,segmented_variance,23
FBCNet,OpenBMI_MI,2,0,COMPLETE,42a7277dbe16002f9ff2f79bb6185521a9d836fe936adb98e9b7d0e53f794c32,a161c0d909abccb983153a002ee992e59443b341ee17c3079e8ed80555bd64f6,359f0e58a457da7631799f5cd89c0041f7e63f751bcd27cf29f07e2c0fec2f5f,726edcc0562bed30af66b54299e416141675ffc545903804ac376c96a62fe068,1.2615288011729717,-0.1051977253041696,1.3667265264771413,segmented_variance,30
FBCNet,OpenBMI_MI,2,0,COMPLETE,42a7277dbe16002f9ff2f79bb6185521a9d836fe936adb98e9b7d0e53f794c32,a161c0d909abccb983153a002ee992e59443b341ee17c3079e8ed80555bd64f6,359f0e58a457da7631799f5cd89c0041f7e63f751bcd27cf29f07e2c0fec2f5f,726edcc0562bed30af66b54299e416141675ffc545903804ac376c96a62fe068,2.842204660177231,0.0319877883345181,2.8102168718427127,segmented_variance,48
FBCNet,OpenBMI_MI,2,0,COMPLETE,42a7277dbe16002f9ff2f79bb6185521a9d836fe936adb98e9b7d0e53f794c32,a161c0d909abccb983153a002ee992e59443b341ee17c3079e8ed80555bd64f6,359f0e58a457da7631799f5cd89c0041f7e63f751bcd27cf29f07e2c0fec2f5f,726edcc0562bed30af66b54299e416141675ffc545903804ac376c96a62fe068,1.5625946559011936,0.05807161139557149,1.5045230445056221,segmented_variance,50
FBCNet,OpenBMI_MI,2,0,COMPLETE,42a7277dbe16002f9ff2f79bb6185521a9d836fe936adb98e9b7d0e53f794c32,a161c0d909abccb983153a002ee992e59443b341ee17c3079e8ed80555bd64f6,359f0e58a457da7631799f5cd89c0041f7e63f751bcd27cf29f07e2c0fec2f5f,726edcc0562bed30af66b54299e416141675ffc545903804ac376c96a62fe068,2.38026762381196,-0.4572849636455065,2.8375525874574667,segmented_variance,52
FBCNet,OpenBMI_MI,2,0,COMPLETE,42a7277dbe16002f9ff2f79bb6185521a9d836fe936adb98e9b7d0e53f794c32,a161c0d909abccb983153a002ee992e59443b341ee17c3079e8ed80555bd64f6,359f0e58a457da7631799f5cd89c0041f7e63f751bcd27cf29f07e2c0fec2f5f,726edcc0562bed30af66b54299e416141675ffc545903804ac376c96a62fe068,2.0530124622553103e-07,2.0576220110535274e-08,1.8472502611499576e-07,log_variance_flatten,1
FBCNet,OpenBMI_MI,2,0,COMPLETE,42a7277dbe16002f9ff2f79bb6185521a9d836fe936adb98e9b7d0e53f794c32,a161c0d909abccb983153a002ee992e59443b341ee17c3079e8ed80555bd64f6,359f0e58a457da7631799f5cd89c0041f7e63f751bcd27cf29f07e2c0fec2f5f,726edcc0562bed30af66b54299e416141675ffc545903804ac376c96a62fe068,1.3763580319903213e-07,1.949291925151808e-08,1.1814288394751404e-07,log_variance_flatten,8
FBCNet,OpenBMI_MI,2,0,COMPLETE,42a7277dbe16002f9ff2f79bb6185521a9d836fe936adb98e9b7d0e53f794c32,a161c0d909abccb983153a002ee992e59443b341ee17c3079e8ed80555bd64f6,359f0e58a457da7631799f5cd89c0041f7e63f751bcd27cf29f07e2c0fec2f5f,726edcc0562bed30af66b54299e416141675ffc545903804ac376c96a62fe068,3.0704637499212595e-07,9.045931868012502e-08,2.1658705631200093e-07,log_variance_flatten,11
FBCNet,OpenBMI_MI,2,0,COMPLETE,42a7277dbe16002f9ff2f79bb6185521a9d836fe936adb98e9b7d0e53f794c32,a161c0d909abccb983153a002ee992e59443b341ee17c3079e8ed80555bd64f6,359f0e58a457da7631799f5cd89c0041f7e63f751bcd27cf29f07e2c0fec2f5f,726edcc0562bed30af66b54299e416141675ffc545903804ac376c96a62fe068,1.6792884860450386e-07,-2.0223902039151476e-08,1.8815275064365533e-07,log_variance_flatten,23
FBCNet,OpenBMI_MI,2,0,COMPLETE,42a7277dbe16002f9ff2f79bb6185521a9d836fe936adb98e9b7d0e53f794c32,a161c0d909abccb983153a002ee992e59443b341ee17c3079e8ed80555bd64f6,359f0e58a457da7631799f5cd89c0041f7e63f751bcd27cf29f07e2c0fec2f5f,726edcc0562bed30af66b54299e416141675ffc545903804ac376c96a62fe068,2.1682578044135425e-07,2.2143561060894428e-08,1.9468221938045983e-07,log_variance_flatten,30
FBCNet,OpenBMI_MI,2,0,COMPLETE,42a7277dbe16002f9ff2f79bb6185521a9d836fe936adb98e9b7d0e53f794c32,a161c0d909abccb983153a002ee992e59443b341ee17c3079e8ed80555bd64f6,359f0e58a457da7631799f5cd89c0041f7e63f751bcd27cf29f07e2c0fec2f5f,726edcc0562bed30af66b54299e416141675ffc545903804ac376c96a62fe068,1.0454394028247549e-07,-6.83717373356485e-08,1.72915677618124e-07,log_variance_flatten,48
FBCNet,OpenBMI_MI,2,0,COMPLETE,42a7277dbe16002f9ff2f79bb6185521a9d836fe936adb98e9b7d0e53f794c32,a161c0d909abccb983153a002ee992e59443b341ee17c3079e8ed80555bd64f6,359f0e58a457da7631799f5cd89c0041f7e63f751bcd27cf29f07e2c0fec2f5f,726edcc0562bed30af66b54299e416141675ffc545903804ac376c96a62fe068,2.45637102658236e-07,5.259795227752218e-08,1.9303915038071383e-07,log_variance_flatten,50
FBCNet,OpenBMI_MI,2,0,COMPLETE,42a7277dbe16002f9ff2f79bb6185521a9d836fe936adb98e9b7d0e53f794c32,a161c0d909abccb983153a002ee992e59443b341ee17c3079e8ed80555bd64f6,359f0e58a457da7631799f5cd89c0041f7e63f751bcd27cf29f07e2c0fec2f5f,726edcc0562bed30af66b54299e416141675ffc545903804ac376c96a62fe068,1.521237775192752e-07,2.0368778675949872e-08,1.3175499884332532e-07,log_variance_flatten,52
FBCNet,OpenBMI_MI,3,0,COMPLETE,8c47a60b9e1a0508f35982630bd3202f7f62a71ff48d2079c563e5bb4f6856cd,d4df33d370a5f45991bf0138ef30ac183902c48401356dbe7c47a71cd8f74da6,b061f816c0e75b93309b913e1c7c6805cab1c3cefc19f10c428f973602fd45b6,726edcc0562bed30af66b54299e416141675ffc545903804ac376c96a62fe068,0.05543714202940464,-0.0032662385537264513,0.05870338058313109,grouped_spatial,10
FBCNet,OpenBMI_MI,3,0,COMPLETE,8c47a60b9e1a0508f35982630bd3202f7f62a71ff48d2079c563e5bb4f6856cd,d4df33d370a5f45991bf0138ef30ac183902c48401356dbe7c47a71cd8f74da6,b061f816c0e75b93309b913e1c7c6805cab1c3cefc19f10c428f973602fd45b6,726edcc0562bed30af66b54299e416141675ffc545903804ac376c96a62fe068,0.054166244124644436,-0.0009777979487068933,0.05514404207335133,grouped_spatial,16
FBCNet,OpenBMI_MI,3,0,COMPLETE,8c47a60b9e1a0508f35982630bd3202f7f62a71ff48d2079c563e5bb4f6856cd,d4df33d370a5f45991bf0138ef30ac183902c48401356dbe7c47a71cd8f74da6,b061f816c0e75b93309b913e1c7c6805cab1c3cefc19f10c428f973602fd45b6,726edcc0562bed30af66b54299e416141675ffc545903804ac376c96a62fe068,0.05452287441585213,0.012333964451956947,0.04218890996389518,grouped_spatial,19
FBCNet,OpenBMI_MI,3,0,COMPLETE,8c47a60b9e1a0508f35982630bd3202f7f62a71ff48d2079c563e5bb4f6856cd,d4df33d370a5f45991bf0138ef30ac183902c48401356dbe7c47a71cd8f74da6,b061f816c0e75b93309b913e1c7c6805cab1c3cefc19f10c428f973602fd45b6,726edcc0562bed30af66b54299e416141675ffc545903804ac376c96a62fe068,0.03156666728318669,-0.022188730658763235,0.053755397941949924,grouped_spatial,22
FBCNet,OpenBMI_MI,3,0,COMPLETE,8c47a60b9e1a0508f35982630bd3202f7f62a71ff48d2079c563e5bb4f6856cd,d4df33d370a5f45991bf0138ef30ac183902c48401356dbe7c47a71cd8f74da6,b061f816c0e75b93309b913e1c7c6805cab1c3cefc19f10c428f973602fd45b6,726edcc0562bed30af66b54299e416141675ffc545903804ac376c96a62fe068,0.06736354570602998,0.013028626790495539,0.05433491891553444,grouped_spatial,27
FBCNet,OpenBMI_MI,3,0,COMPLETE,8c47a60b9e1a0508f35982630bd3202f7f62a71ff48d2079c563e5bb4f6856cd,d4df33d370a5f45991bf0138ef30ac183902c48401356dbe7c47a71cd8f74da6,b061f816c0e75b93309b913e1c7c6805cab1c3cefc19f10c428f973602fd45b6,726edcc0562bed30af66b54299e416141675ffc545903804ac376c96a62fe068,0.06284801114816219,0.006779630876226295,0.05606838027193589,grouped_spatial,34
FBCNet,OpenBMI_MI,3,0,COMPLETE,8c47a60b9e1a0508f35982630bd3202f7f62a71ff48d2079c563e5bb4f6856cd,d4df33d370a5f45991bf0138ef30ac183902c48401356dbe7c47a71cd8f74da6,b061f816c0e75b93309b913e1c7c6805cab1c3cefc19f10c428f973602fd45b6,726edcc0562bed30af66b54299e416141675ffc545903804ac376c96a62fe068,0.06538732297485694,0.004749332823619168,0.060637990151237775,grouped_spatial,45
FBCNet,OpenBMI_MI,3,0,COMPLETE,8c47a60b9e1a0508f35982630bd3202f7f62a71ff48d2079c563e5bb4f6856cd,d4df33d370a5f45991bf0138ef30ac183902c48401356dbe7c47a71cd8f74da6,b061f816c0e75b93309b913e1c7c6805cab1c3cefc19f10c428f973602fd45b6,726edcc0562bed30af66b54299e416141675ffc545903804ac376c96a62fe068,0.04082246994948946,-0.01327437458899567,0.05409684453848513,grouped_spatial,49
FBCNet,OpenBMI_MI,3,0,COMPLETE,8c47a60b9e1a0508f35982630bd3202f7f62a71ff48d2079c563e5bb4f6856cd,d4df33d370a5f45991bf0138ef30ac183902c48401356dbe7c47a71cd8f74da6,b061f816c0e75b93309b913e1c7c6805cab1c3cefc19f10c428f973602fd45b6,726edcc0562bed30af66b54299e416141675ffc545903804ac376c96a62fe068,0.049845923465909436,0.0012034493427745471,0.04864247412313489,batch_norm,10
FBCNet,OpenBMI_MI,3,0,COMPLETE,8c47a60b9e1a0508f35982630bd3202f7f62a71ff48d2079c563e5bb4f6856cd,d4df33d370a5f45991bf0138ef30ac183902c48401356dbe7c47a71cd8f74da6,b061f816c0e75b93309b913e1c7c6805cab1c3cefc19f10c428f973602fd45b6,726edcc0562bed30af66b54299e416141675ffc545903804ac376c96a62fe068,0.08121747500263155,0.008524779453797468,0.07269269554883408,batch_norm,16
FBCNet,OpenBMI_MI,3,0,COMPLETE,8c47a60b9e1a0508f35982630bd3202f7f62a71ff48d2079c563e5bb4f6856cd,d4df33d370a5f45991bf0138ef30ac183902c48401356dbe7c47a71cd8f74da6,b061f816c0e75b93309b913e1c7c6805cab1c3cefc19f10c428f973602fd45b6,726edcc0562bed30af66b54299e416141675ffc545903804ac376c96a62fe068,0.08459928014781326,0.03198684207744918,0.05261243807036408,batch_norm,19
FBCNet,OpenBMI_MI,3,0,COMPLETE,8c47a60b9e1a0508f35982630bd3202f7f62a71ff48d2079c563e5bb4f6856cd,d4df33d370a5f45991bf0138ef30ac183902c48401356dbe7c47a71cd8f74da6,b061f816c0e75b93309b913e1c7c6805cab1c3cefc19f10c428f973602fd45b6,726edcc0562bed30af66b54299e416141675ffc545903804ac376c96a62fe068,0.045332403387874365,-0.005557582476176319,0.050889985864050684,batch_norm,22
FBCNet,OpenBMI_MI,3,0,COMPLETE,8c47a60b9e1a0508f35982630bd3202f7f62a71ff48d2079c563e5bb4f6856cd,d4df33d370a5f45991bf0138ef30ac183902c48401356dbe7c47a71cd8f74da6,b061f816c0e75b93309b913e1c7c6805cab1c3cefc19f10c428f973602fd45b6,726edcc0562bed30af66b54299e416141675ffc545903804ac376c96a62fe068,0.07591196767316433,0.02129262142748871,0.05461934624567562,batch_norm,27
FBCNet,OpenBMI_MI,3,0,COMPLETE,8c47a60b9e1a0508f35982630bd3202f7f62a71ff48d2079c563e5bb4f6856cd,d4df33d370a5f45991bf0138ef30ac183902c48401356dbe7c47a71cd8f74da6,b061f816c0e75b93309b913e1c7c6805cab1c3cefc19f10c428f973602fd45b6,726edcc0562bed30af66b54299e416141675ffc545903804ac376c96a62fe068,0.08293046080507338,0.03113227246351926,0.05179818834155412,batch_norm,34
FBCNet,OpenBMI_MI,3,0,COMPLETE,8c47a60b9e1a0508f35982630bd3202f7f62a71ff48d2079c563e5bb4f6856cd,d4df33d370a5f45991bf0138ef30ac183902c48401356dbe7c47a71cd8f74da6,b061f816c0e75b93309b913e1c7c6805cab1c3cefc19f10c428f973602fd45b6,726edcc0562bed30af66b54299e416141675ffc545903804ac376c96a62fe068,0.05651621270226315,0.007444448432529498,0.04907176426973365,batch_norm,45
FBCNet,OpenBMI_MI,3,0,COMPLETE,8c47a60b9e1a0508f35982630bd3202f7f62a71ff48d2079c563e5bb4f6856cd,d4df33d370a5f45991bf0138ef30ac183902c48401356dbe7c47a71cd8f74da6,b061f816c0e75b93309b913e1c7c6805cab1c3cefc19f10c428f973602fd45b6,726edcc0562bed30af66b54299e416141675ffc545903804ac376c96a62fe068,0.0733337379351724,0.01932475447605611,0.05400898345911628,batch_norm,49
FBCNet,OpenBMI_MI,3,0,COMPLETE,8c47a60b9e1a0508f35982630bd3202f7f62a71ff48d2079c563e5bb4f6856cd,d4df33d370a5f45991bf0138ef30ac183902c48401356dbe7c47a71cd8f74da6,b061f816c0e75b93309b913e1c7c6805cab1c3cefc19f10c428f973602fd45b6,726edcc0562bed30af66b54299e416141675ffc545903804ac376c96a62fe068,0.037836304400116205,0.010331776804177933,0.027504527595938272,swish_gate,10
FBCNet,OpenBMI_MI,3,0,COMPLETE,8c47a60b9e1a0508f35982630bd3202f7f62a71ff48d2079c563e5bb4f6856cd,d4df33d370a5f45991bf0138ef30ac183902c48401356dbe7c47a71cd8f74da6,b061f816c0e75b93309b913e1c7c6805cab1c3cefc19f10c428f973602fd45b6,726edcc0562bed30af66b54299e416141675ffc545903804ac376c96a62fe068,0.04054565913975239,0.0031615206492153908,0.037384138490537,swish_gate,16
FBCNet,OpenBMI_MI,3,0,COMPLETE,8c47a60b9e1a0508f35982630bd3202f7f62a71ff48d2079c563e5bb4f6856cd,d4df33d370a5f45991bf0138ef30ac183902c48401356dbe7c47a71cd8f74da6,b061f816c0e75b93309b913e1c7c6805cab1c3cefc19f10c428f973602fd45b6,726edcc0562bed30af66b54299e416141675ffc545903804ac376c96a62fe068,0.021695091672881972,0.002963432035692222,0.01873165963718975,swish_gate,19
FBCNet,OpenBMI_MI,3,0,COMPLETE,8c47a60b9e1a0508f35982630bd3202f7f62a71ff48d2079c563e5bb4f6856cd,d4df33d370a5f45991bf0138ef30ac183902c48401356dbe7c47a71cd8f74da6,b061f816c0e75b93309b913e1c7c6805cab1c3cefc19f10c428f973602fd45b6,726edcc0562bed30af66b54299e416141675ffc545903804ac376c96a62fe068,0.019593296805396676,-0.011663967881086139,0.031257264686482815,swish_gate,22
FBCNet,OpenBMI_MI,3,0,COMPLETE,8c47a60b9e1a0508f35982630bd3202f7f62a71ff48d2079c563e5bb4f6856cd,d4df33d370a5f45991bf0138ef30ac183902c48401356dbe7c47a71cd8f74da6,b061f816c0e75b93309b913e1c7c6805cab1c3cefc19f10c428f973602fd45b6,726edcc0562bed30af66b54299e416141675ffc545903804ac376c96a62fe068,0.03671067295363173,0.006445485939283343,0.030265187014348386,swish_gate,27
FBCNet,OpenBMI_MI,3,0,COMPLETE,8c47a60b9e1a0508f35982630bd3202f7f62a71ff48d2079c563e5bb4f6856cd,d4df33d370a5f45991bf0138ef30ac183902c48401356dbe7c47a71cd8f74da6,b061f816c0e75b93309b913e1c7c6805cab1c3cefc19f10c428f973602fd45b6,726edcc0562bed30af66b54299e416141675ffc545903804ac376c96a62fe068,0.05082208209205419,0.010187711553953704,0.040634370538100484,swish_gate,34
FBCNet,OpenBMI_MI,3,0,COMPLETE,8c47a60b9e1a0508f35982630bd3202f7f62a71ff48d2079c563e5bb4f6856cd,d4df33d370a5f45991bf0138ef30ac183902c48401356dbe7c47a71cd8f74da6,b061f816c0e75b93309b913e1c7c6805cab1c3cefc19f10c428f973602fd45b6,726edcc0562bed30af66b54299e416141675ffc545903804ac376c96a62fe068,0.022444306552642956,-0.004332083853992117,0.026776390406635073,swish_gate,45
FBCNet,OpenBMI_MI,3,0,COMPLETE,8c47a60b9e1a0508f35982630bd3202f7f62a71ff48d2079c563e5bb4f6856cd,d4df33d370a5f45991bf0138ef30ac183902c48401356dbe7c47a71cd8f74da6,b061f816c0e75b93309b913e1c7c6805cab1c3cefc19f10c428f973602fd45b6,726edcc0562bed30af66b54299e416141675ffc545903804ac376c96a62fe068,0.032943195023108274,0.004319589494955665,0.02862360552815261,swish_gate,49
FBCNet,OpenBMI_MI,3,0,COMPLETE,8c47a60b9e1a0508f35982630bd3202f7f62a71ff48d2079c563e5bb4f6856cd,d4df33d370a5f45991bf0138ef30ac183902c48401356dbe7c47a71cd8f74da6,b061f816c0e75b93309b913e1c7c6805cab1c3cefc19f10c428f973602fd45b6,726edcc0562bed30af66b54299e416141675ffc545903804ac376c96a62fe068,0.854509879660327,-0.5839052643379545,1.4384151439982815,segmented_variance,10
FBCNet,OpenBMI_MI,3,0,COMPLETE,8c47a60b9e1a0508f35982630bd3202f7f62a71ff48d2079c563e5bb4f6856cd,d4df33d370a5f45991bf0138ef30ac183902c48401356dbe7c47a71cd8f74da6,b061f816c0e75b93309b913e1c7c6805cab1c3cefc19f10c428f973602fd45b6,726edcc0562bed30af66b54299e416141675ffc545903804ac376c96a62fe068,0.4323728719027713,-0.9241157162847231,1.3564885881874944,segmented_variance,16
FBCNet,OpenBMI_MI,3,0,COMPLETE,8c47a60b9e1a0508f35982630bd3202f7f62a71ff48d2079c563e5bb4f6856cd,d4df33d370a5f45991bf0138ef30ac183902c48401356dbe7c47a71cd8f74da6,b061f816c0e75b93309b913e1c7c6805cab1c3cefc19f10c428f973602fd45b6,726edcc0562bed30af66b54299e416141675ffc545903804ac376c96a62fe068,1.00038724206388,-0.34380519744474447,1.3441924395086244,segmented_variance,19
FBCNet,OpenBMI_MI,3,0,COMPLETE,8c47a60b9e1a0508f35982630bd3202f7f62a71ff48d2079c563e5bb4f6856cd,d4df33d370a5f45991bf0138ef30ac183902c48401356dbe7c47a71cd8f74da6,b061f816c0e75b93309b913e1c7c6805cab1c3cefc19f10c428f973602fd45b6,726edcc0562bed30af66b54299e416141675ffc545903804ac376c96a62fe068,1.2346603696059901,0.29462035669295805,0.9400400129130321,segmented_variance,22
FBCNet,OpenBMI_MI,3,0,COMPLETE,8c47a60b9e1a0508f35982630bd3202f7f62a71ff48d2079c563e5bb4f6856cd,d4df33d370a5f45991bf0138ef30ac183902c48401356dbe7c47a71cd8f74da6,b061f816c0e75b93309b913e1c7c6805cab1c3cefc19f10c428f973602fd45b6,726edcc0562bed30af66b54299e416141675ffc545903804ac376c96a62fe068,0.6691879793070257,-0.6549495429360832,1.3241375222431089,segmented_variance,27
FBCNet,OpenBMI_MI,3,0,COMPLETE,8c47a60b9e1a0508f35982630bd3202f7f62a71ff48d2079c563e5bb4f6856cd,d4df33d370a5f45991bf0138ef30ac183902c48401356dbe7c47a71cd8f74da6,b061f816c0e75b93309b913e1c7c6805cab1c3cefc19f10c428f973602fd45b6,726edcc0562bed30af66b54299e416141675ffc545903804ac376c96a62fe068,1.0694075021892786,-0.3015576924660126,1.3709651946552912,segmented_variance,34
FBCNet,OpenBMI_MI,3,0,COMPLETE,8c47a60b9e1a0508f35982630bd3202f7f62a71ff48d2079c563e5bb4f6856cd,d4df33d370a5f45991bf0138ef30ac183902c48401356dbe7c47a71cd8f74da6,b061f816c0e75b93309b913e1c7c6805cab1c3cefc19f10c428f973602fd45b6,726edcc0562bed30af66b54299e416141675ffc545903804ac376c96a62fe068,1.509318821132183,0.055325180415839004,1.453993640716344,segmented_variance,45
FBCNet,OpenBMI_MI,3,0,COMPLETE,8c47a60b9e1a0508f35982630bd3202f7f62a71ff48d2079c563e5bb4f6856cd,d4df33d370a5f45991bf0138ef30ac183902c48401356dbe7c47a71cd8f74da6,b061f816c0e75b93309b913e1c7c6805cab1c3cefc19f10c428f973602fd45b6,726edcc0562bed30af66b54299e416141675ffc545903804ac376c96a62fe068,1.3660462007392198,0.4645071449627721,0.9015390557764477,segmented_variance,49
FBCNet,OpenBMI_MI,3,0,COMPLETE,8c47a60b9e1a0508f35982630bd3202f7f62a71ff48d2079c563e5bb4f6856cd,d4df33d370a5f45991bf0138ef30ac183902c48401356dbe7c47a71cd8f74da6,b061f816c0e75b93309b913e1c7c6805cab1c3cefc19f10c428f973602fd45b6,726edcc0562bed30af66b54299e416141675ffc545903804ac376c96a62fe068,2.3312475661008136e-07,8.269343584721421e-08,1.5043132076286715e-07,log_variance_flatten,10
FBCNet,OpenBMI_MI,3,0,COMPLETE,8c47a60b9e1a0508f35982630bd3202f7f62a71ff48d2079c563e5bb4f6856cd,d4df33d370a5f45991bf0138ef30ac183902c48401356dbe7c47a71cd8f74da6,b061f816c0e75b93309b913e1c7c6805cab1c3cefc19f10c428f973602fd45b6,726edcc0562bed30af66b54299e416141675ffc545903804ac376c96a62fe068,1.527823214608759e-07,-9.577212974315464e-08,2.4855445120403053e-07,log_variance_flatten,16
FBCNet,OpenBMI_MI,3,0,COMPLETE,8c47a60b9e1a0508f35982630bd3202f7f62a71ff48d2079c563e5bb4f6856cd,d4df33d370a5f45991bf0138ef30ac183902c48401356dbe7c47a71cd8f74da6,b061f816c0e75b93309b913e1c7c6805cab1c3cefc19f10c428f973602fd45b6,726edcc0562bed30af66b54299e416141675ffc545903804ac376c96a62fe068,2.0480734153061064e-07,3.787948062883296e-08,1.6692786090177769e-07,log_variance_flatten,19
FBCNet,OpenBMI_MI,3,0,COMPLETE,8c47a60b9e1a0508f35982630bd3202f7f62a71ff48d2079c563e5bb4f6856cd,d4df33d370a5f45991bf0138ef30ac183902c48401356dbe7c47a71cd8f74da6,b061f816c0e75b93309b913e1c7c6805cab1c3cefc19f10c428f973602fd45b6,726edcc0562bed30af66b54299e416141675ffc545903804ac376c96a62fe068,1.6002631564315806e-07,2.231807416042119e-08,1.3770824148273687e-07,log_variance_flatten,22
FBCNet,OpenBMI_MI,3,0,COMPLETE,8c47a60b9e1a0508f35982630bd3202f7f62a71ff48d2079c563e5bb4f6856cd,d4df33d370a5f45991bf0138ef30ac183902c48401356dbe7c47a71cd8f74da6,b061f816c0e75b93309b913e1c7c6805cab1c3cefc19f10c428f973602fd45b6,726edcc0562bed30af66b54299e416141675ffc545903804ac376c96a62fe068,2.1731969024330056e-07,1.873559555554128e-08,1.9858409468775928e-07,log_variance_flatten,27
FBCNet,OpenBMI_MI,3,0,COMPLETE,8c47a60b9e1a0508f35982630bd3202f7f62a71ff48d2079c563e5bb4f6856cd,d4df33d370a5f45991bf0138ef30ac183902c48401356dbe7c47a71cd8f74da6,b061f816c0e75b93309b913e1c7c6805cab1c3cefc19f10c428f973602fd45b6,726edcc0562bed30af66b54299e416141675ffc545903804ac376c96a62fe068,1.4356270305881935e-07,-2.1270986095833765e-08,1.6483368915465312e-07,log_variance_flatten,34
FBCNet,OpenBMI_MI,3,0,COMPLETE,8c47a60b9e1a0508f35982630bd3202f7f62a71ff48d2079c563e5bb4f6856cd,d4df33d370a5f45991bf0138ef30ac183902c48401356dbe7c47a71cd8f74da6,b061f816c0e75b93309b913e1c7c6805cab1c3cefc19f10c428f973602fd45b6,726edcc0562bed30af66b54299e416141675ffc545903804ac376c96a62fe068,2.094171547284418e-07,-5.5963110369150496e-08,2.653802650975923e-07,log_variance_flatten,45
FBCNet,OpenBMI_MI,3,0,COMPLETE,8c47a60b9e1a0508f35982630bd3202f7f62a71ff48d2079c563e5bb4f6856cd,d4df33d370a5f45991bf0138ef30ac183902c48401356dbe7c47a71cd8f74da6,b061f816c0e75b93309b913e1c7c6805cab1c3cefc19f10c428f973602fd45b6,726edcc0562bed30af66b54299e416141675ffc545903804ac376c96a62fe068,6.58544494491764e-08,-1.316825594654958e-07,1.975370089146722e-07,log_variance_flatten,49
FBCNet,OpenBMI_SSVEP,0,0,COMPLETE,940d8a3571b0761b40070e37f40b814d735a6a635eeb8f9d5e6fb1264f4da126,4146d199ff3c4f1bb6d436aedff6e0f979129bd9a7fdb85b1097f954a6980d2f,3753f973372e50340da16fd97186e9f2249cc0ef1972e5c44e46b61274c021ce,d1ef45b998b0dfe0acaad75dc1eb1b02f571c4314484bbd442ac3d55cd2de5a0,1.4851240675585966,0.9469582292165919,0.5381658383420047,grouped_spatial,3
FBCNet,OpenBMI_SSVEP,0,0,COMPLETE,940d8a3571b0761b40070e37f40b814d735a6a635eeb8f9d5e6fb1264f4da126,4146d199ff3c4f1bb6d436aedff6e0f979129bd9a7fdb85b1097f954a6980d2f,3753f973372e50340da16fd97186e9f2249cc0ef1972e5c44e46b61274c021ce,d1ef45b998b0dfe0acaad75dc1eb1b02f571c4314484bbd442ac3d55cd2de5a0,1.6381735632506509,1.0002787053665574,0.6378948578840936,grouped_spatial,5
FBCNet,OpenBMI_SSVEP,0,0,COMPLETE,940d8a3571b0761b40070e37f40b814d735a6a635eeb8f9d5e6fb1264f4da126,4146d199ff3c4f1bb6d436aedff6e0f979129bd9a7fdb85b1097f954a6980d2f,3753f973372e50340da16fd97186e9f2249cc0ef1972e5c44e46b61274c021ce,d1ef45b998b0dfe0acaad75dc1eb1b02f571c4314484bbd442ac3d55cd2de5a0,1.552679531276226,0.9838231879026474,0.5688563433735786,grouped_spatial,6
FBCNet,OpenBMI_SSVEP,0,0,COMPLETE,940d8a3571b0761b40070e37f40b814d735a6a635eeb8f9d5e6fb1264f4da126,4146d199ff3c4f1bb6d436aedff6e0f979129bd9a7fdb85b1097f954a6980d2f,3753f973372e50340da16fd97186e9f2249cc0ef1972e5c44e46b61274c021ce,d1ef45b998b0dfe0acaad75dc1eb1b02f571c4314484bbd442ac3d55cd2de5a0,0.3857412578848501,0.17499152071415056,0.21074973717069953,grouped_spatial,15
FBCNet,OpenBMI_SSVEP,0,0,COMPLETE,940d8a3571b0761b40070e37f40b814d735a6a635eeb8f9d5e6fb1264f4da126,4146d199ff3c4f1bb6d436aedff6e0f979129bd9a7fdb85b1097f954a6980d2f,3753f973372e50340da16fd97186e9f2249cc0ef1972e5c44e46b61274c021ce,d1ef45b998b0dfe0acaad75dc1eb1b02f571c4314484bbd442ac3d55cd2de5a0,0.6106231476490697,0.28414274235542203,0.32648040529364764,grouped_spatial,32
FBCNet,OpenBMI_SSVEP,0,0,COMPLETE,940d8a3571b0761b40070e37f40b814d735a6a635eeb8f9d5e6fb1264f4da126,4146d199ff3c4f1bb6d436aedff6e0f979129bd9a7fdb85b1097f954a6980d2f,3753f973372e50340da16fd97186e9f2249cc0ef1972e5c44e46b61274c021ce,d1ef45b998b0dfe0acaad75dc1eb1b02f571c4314484bbd442ac3d55cd2de5a0,1.015064820336799,0.5222266922324588,0.4928381281043402,grouped_spatial,33
FBCNet,OpenBMI_SSVEP,0,0,COMPLETE,940d8a3571b0761b40070e37f40b814d735a6a635eeb8f9d5e6fb1264f4da126,4146d199ff3c4f1bb6d436aedff6e0f979129bd9a7fdb85b1097f954a6980d2f,3753f973372e50340da16fd97186e9f2249cc0ef1972e5c44e46b61274c021ce,d1ef45b998b0dfe0acaad75dc1eb1b02f571c4314484bbd442ac3d55cd2de5a0,0.8924734243191779,0.537063198123263,0.3554102261959149,grouped_spatial,38
FBCNet,OpenBMI_SSVEP,0,0,COMPLETE,940d8a3571b0761b40070e37f40b814d735a6a635eeb8f9d5e6fb1264f4da126,4146d199ff3c4f1bb6d436aedff6e0f979129bd9a7fdb85b1097f954a6980d2f,3753f973372e50340da16fd97186e9f2249cc0ef1972e5c44e46b61274c021ce,d1ef45b998b0dfe0acaad75dc1eb1b02f571c4314484bbd442ac3d55cd2de5a0,1.6406250124176343,0.9842270763850924,0.6563979360325418,grouped_spatial,47
FBCNet,OpenBMI_SSVEP,0,0,COMPLETE,940d8a3571b0761b40070e37f40b814d735a6a635eeb8f9d5e6fb1264f4da126,4146d199ff3c4f1bb6d436aedff6e0f979129bd9a7fdb85b1097f954a6980d2f,3753f973372e50340da16fd97186e9f2249cc0ef1972e5c44e46b61274c021ce,d1ef45b998b0dfe0acaad75dc1eb1b02f571c4314484bbd442ac3d55cd2de5a0,1.4863156567638118,0.9219230598443633,0.5643925969194485,batch_norm,3
FBCNet,OpenBMI_SSVEP,0,0,COMPLETE,940d8a3571b0761b40070e37f40b814d735a6a635eeb8f9d5e6fb1264f4da126,4146d199ff3c4f1bb6d436aedff6e0f979129bd9a7fdb85b1097f954a6980d2f,3753f973372e50340da16fd97186e9f2249cc0ef1972e5c44e46b61274c021ce,d1ef45b998b0dfe0acaad75dc1eb1b02f571c4314484bbd442ac3d55cd2de5a0,1.5900069468965132,0.9306046974587175,0.6594022494377957,batch_norm,5
FBCNet,OpenBMI_SSVEP,0,0,COMPLETE,940d8a3571b0761b40070e37f40b814d735a6a635eeb8f9d5e6fb1264f4da126,4146d199ff3c4f1bb6d436aedff6e0f979129bd9a7fdb85b1097f954a6980d2f,3753f973372e50340da16fd97186e9f2249cc0ef1972e5c44e46b61274c021ce,d1ef45b998b0dfe0acaad75dc1eb1b02f571c4314484bbd442ac3d55cd2de5a0,1.3416886708388727,0.8079609673020121,0.5337277035368606,batch_norm,6
FBCNet,OpenBMI_SSVEP,0,0,COMPLETE,940d8a3571b0761b40070e37f40b814d735a6a635eeb8f9d5e6fb1264f4da126,4146d199ff3c4f1bb6d436aedff6e0f979129bd9a7fdb85b1097f954a6980d2f,3753f973372e50340da16fd97186e9f2249cc0ef1972e5c44e46b61274c021ce,d1ef45b998b0dfe0acaad75dc1eb1b02f571c4314484bbd442ac3d55cd2de5a0,0.3079191595315933,0.12004330225948553,0.1878758572721078,batch_norm,15
FBCNet,OpenBMI_SSVEP,0,0,COMPLETE,940d8a3571b0761b40070e37f40b814d735a6a635eeb8f9d5e6fb1264f4da126,4146d199ff3c4f1bb6d436aedff6e0f979129bd9a7fdb85b1097f954a6980d2f,3753f973372e50340da16fd97186e9f2249cc0ef1972e5c44e46b61274c021ce,d1ef45b998b0dfe0acaad75dc1eb1b02f571c4314484bbd442ac3d55cd2de5a0,0.7010792776321372,0.33815117069781986,0.3629281069343173,batch_norm,32
FBCNet,OpenBMI_SSVEP,0,0,COMPLETE,940d8a3571b0761b40070e37f40b814d735a6a635eeb8f9d5e6fb1264f4da126,4146d199ff3c4f1bb6d436aedff6e0f979129bd9a7fdb85b1097f954a6980d2f,3753f973372e50340da16fd97186e9f2249cc0ef1972e5c44e46b61274c021ce,d1ef45b998b0dfe0acaad75dc1eb1b02f571c4314484bbd442ac3d55cd2de5a0,1.068516860716045,0.5677006791634873,0.5008161815525576,batch_norm,33
FBCNet,OpenBMI_SSVEP,0,0,COMPLETE,940d8a3571b0761b40070e37f40b814d735a6a635eeb8f9d5e6fb1264f4da126,4146d199ff3c4f1bb6d436aedff6e0f979129bd9a7fdb85b1097f954a6980d2f,3753f973372e50340da16fd97186e9f2249cc0ef1972e5c44e46b61274c021ce,d1ef45b998b0dfe0acaad75dc1eb1b02f571c4314484bbd442ac3d55cd2de5a0,1.0469633831332128,0.6490124262306685,0.3979509569025443,batch_norm,38
FBCNet,OpenBMI_SSVEP,0,0,COMPLETE,940d8a3571b0761b40070e37f40b814d735a6a635eeb8f9d5e6fb1264f4da126,4146d199ff3c4f1bb6d436aedff6e0f979129bd9a7fdb85b1097f954a6980d2f,3753f973372e50340da16fd97186e9f2249cc0ef1972e5c44e46b61274c021ce,d1ef45b998b0dfe0acaad75dc1eb1b02f571c4314484bbd442ac3d55cd2de5a0,1.486011492088437,0.8253539983977681,0.660657493690669,batch_norm,47
FBCNet,OpenBMI_SSVEP,0,0,COMPLETE,940d8a3571b0761b40070e37f40b814d735a6a635eeb8f9d5e6fb1264f4da126,4146d199ff3c4f1bb6d436aedff6e0f979129bd9a7fdb85b1097f954a6980d2f,3753f973372e50340da16fd97186e9f2249cc0ef1972e5c44e46b61274c021ce,d1ef45b998b0dfe0acaad75dc1eb1b02f571c4314484bbd442ac3d55cd2de5a0,1.7224331522981327,1.0462600207461703,0.6761731315519622,swish_gate,3
FBCNet,OpenBMI_SSVEP,0,0,COMPLETE,940d8a3571b0761b40070e37f40b814d735a6a635eeb8f9d5e6fb1264f4da126,4146d199ff3c4f1bb6d436aedff6e0f979129bd9a7fdb85b1097f954a6980d2f,3753f973372e50340da16fd97186e9f2249cc0ef1972e5c44e46b61274c021ce,d1ef45b998b0dfe0acaad75dc1eb1b02f571c4314484bbd442ac3d55cd2de5a0,1.626340577378869,0.9658896871887069,0.6604508901901621,swish_gate,5
FBCNet,OpenBMI_SSVEP,0,0,COMPLETE,940d8a3571b0761b40070e37f40b814d735a6a635eeb8f9d5e6fb1264f4da126,4146d199ff3c4f1bb6d436aedff6e0f979129bd9a7fdb85b1097f954a6980d2f,3753f973372e50340da16fd97186e9f2249cc0ef1972e5c44e46b61274c021ce,d1ef45b998b0dfe0acaad75dc1eb1b02f571c4314484bbd442ac3d55cd2de5a0,1.2401341977529228,0.7433050648094892,0.49682913294343356,swish_gate,6
FBCNet,OpenBMI_SSVEP,0,0,COMPLETE,940d8a3571b0761b40070e37f40b814d735a6a635eeb8f9d5e6fb1264f4da126,4146d199ff3c4f1bb6d436aedff6e0f979129bd9a7fdb85b1097f954a6980d2f,3753f973372e50340da16fd97186e9f2249cc0ef1972e5c44e46b61274c021ce,d1ef45b998b0dfe0acaad75dc1eb1b02f571c4314484bbd442ac3d55cd2de5a0,0.24413710518274456,0.08159775068968883,0.16253935449305573,swish_gate,15
FBCNet,OpenBMI_SSVEP,0,0,COMPLETE,940d8a3571b0761b40070e37f40b814d735a6a635eeb8f9d5e6fb1264f4da126,4146d199ff3c4f1bb6d436aedff6e0f979129bd9a7fdb85b1097f954a6980d2f,3753f973372e50340da16fd97186e9f2249cc0ef1972e5c44e46b61274c021ce,d1ef45b998b0dfe0acaad75dc1eb1b02f571c4314484bbd442ac3d55cd2de5a0,0.739019228455921,0.2775171820256705,0.46150204643025056,swish_gate,32
FBCNet,OpenBMI_SSVEP,0,0,COMPLETE,940d8a3571b0761b40070e37f40b814d735a6a635eeb8f9d5e6fb1264f4da126,4146d199ff3c4f1bb6d436aedff6e0f979129bd9a7fdb85b1097f954a6980d2f,3753f973372e50340da16fd97186e9f2249cc0ef1972e5c44e46b61274c021ce,d1ef45b998b0dfe0acaad75dc1eb1b02f571c4314484bbd442ac3d55cd2de5a0,0.8583249971270561,0.4138964977594636,0.44442849936759254,swish_gate,33
FBCNet,OpenBMI_SSVEP,0,0,COMPLETE,940d8a3571b0761b40070e37f40b814d735a6a635eeb8f9d5e6fb1264f4da126,4146d199ff3c4f1bb6d436aedff6e0f979129bd9a7fdb85b1097f954a6980d2f,3753f973372e50340da16fd97186e9f2249cc0ef1972e5c44e46b61274c021ce,d1ef45b998b0dfe0acaad75dc1eb1b02f571c4314484bbd442ac3d55cd2de5a0,0.8825660573008159,0.5077695171254648,0.3747965401753512,swish_gate,38
FBCNet,OpenBMI_SSVEP,0,0,COMPLETE,940d8a3571b0761b40070e37f40b814d735a6a635eeb8f9d5e6fb1264f4da126,4146d199ff3c4f1bb6d436aedff6e0f979129bd9a7fdb85b1097f954a6980d2f,3753f973372e50340da16fd97186e9f2249cc0ef1972e5c44e46b61274c021ce,d1ef45b998b0dfe0acaad75dc1eb1b02f571c4314484bbd442ac3d55cd2de5a0,1.5098471057911713,0.7992628474292967,0.7105842583618747,swish_gate,47
FBCNet,OpenBMI_SSVEP,0,0,COMPLETE,940d8a3571b0761b40070e37f40b814d735a6a635eeb8f9d5e6fb1264f4da126,4146d199ff3c4f1bb6d436aedff6e0f979129bd9a7fdb85b1097f954a6980d2f,3753f973372e50340da16fd97186e9f2249cc0ef1972e5c44e46b61274c021ce,d1ef45b998b0dfe0acaad75dc1eb1b02f571c4314484bbd442ac3d55cd2de5a0,10.618099001546701,2.946528330777463,7.671570670769238,segmented_variance,3
FBCNet,OpenBMI_SSVEP,0,0,COMPLETE,940d8a3571b0761b40070e37f40b814d735a6a635eeb8f9d5e6fb1264f4da126,4146d199ff3c4f1bb6d436aedff6e0f979129bd9a7fdb85b1097f954a6980d2f,3753f973372e50340da16fd97186e9f2249cc0ef1972e5c44e46b61274c021ce,d1ef45b998b0dfe0acaad75dc1eb1b02f571c4314484bbd442ac3d55cd2de5a0,10.787932438155016,1.9256027426562898,8.862329695498726,segmented_variance,5
FBCNet,OpenBMI_SSVEP,0,0,COMPLETE,940d8a3571b0761b40070e37f40b814d735a6a635eeb8f9d5e6fb1264f4da126,4146d199ff3c4f1bb6d436aedff6e0f979129bd9a7fdb85b1097f954a6980d2f,3753f973372e50340da16fd97186e9f2249cc0ef1972e5c44e46b61274c021ce,d1ef45b998b0dfe0acaad75dc1eb1b02f571c4314484bbd442ac3d55cd2de5a0,7.507611508170764,1.153580240709708,6.354031267461056,segmented_variance,6
FBCNet,OpenBMI_SSVEP,0,0,COMPLETE,940d8a3571b0761b40070e37f40b814d735a6a635eeb8f9d5e6fb1264f4da126,4146d199ff3c4f1bb6d436aedff6e0f979129bd9a7fdb85b1097f954a6980d2f,3753f973372e50340da16fd97186e9f2249cc0ef1972e5c44e46b61274c021ce,d1ef45b998b0dfe0acaad75dc1eb1b02f571c4314484bbd442ac3d55cd2de5a0,4.390005630751451,1.04564052489819,3.3443651058532606,segmented_variance,15
FBCNet,OpenBMI_SSVEP,0,0,COMPLETE,940d8a3571b0761b40070e37f40b814d735a6a635eeb8f9d5e6fb1264f4da126,4146d199ff3c4f1bb6d436aedff6e0f979129bd9a7fdb85b1097f954a6980d2f,3753f973372e50340da16fd97186e9f2249cc0ef1972e5c44e46b61274c021ce,d1ef45b998b0dfe0acaad75dc1eb1b02f571c4314484bbd442ac3d55cd2de5a0,6.28878985842069,1.478014688946617,4.810775169474073,segmented_variance,32
FBCNet,OpenBMI_SSVEP,0,0,COMPLETE,940d8a3571b0761b40070e37f40b814d735a6a635eeb8f9d5e6fb1264f4da126,4146d199ff3c4f1bb6d436aedff6e0f979129bd9a7fdb85b1097f954a6980d2f,3753f973372e50340da16fd97186e9f2249cc0ef1972e5c44e46b61274c021ce,d1ef45b998b0dfe0acaad75dc1eb1b02f571c4314484bbd442ac3d55cd2de5a0,6.9609373187025385,-1.017909371871502,7.9788466905740405,segmented_variance,33
FBCNet,OpenBMI_SSVEP,0,0,COMPLETE,940d8a3571b0761b40070e37f40b814d735a6a635eeb8f9d5e6fb1264f4da126,4146d199ff3c4f1bb6d436aedff6e0f979129bd9a7fdb85b1097f954a6980d2f,3753f973372e50340da16fd97186e9f2249cc0ef1972e5c44e46b61274c021ce,d1ef45b998b0dfe0acaad75dc1eb1b02f571c4314484bbd442ac3d55cd2de5a0,7.006372841695945,2.0594329235372912,4.9469399181586535,segmented_variance,38
FBCNet,OpenBMI_SSVEP,0,0,COMPLETE,940d8a3571b0761b40070e37f40b814d735a6a635eeb8f9d5e6fb1264f4da126,4146d199ff3c4f1bb6d436aedff6e0f979129bd9a7fdb85b1097f954a6980d2f,3753f973372e50340da16fd97186e9f2249cc0ef1972e5c44e46b61274c021ce,d1ef45b998b0dfe0acaad75dc1eb1b02f571c4314484bbd442ac3d55cd2de5a0,10.278995335102081,3.035948184284691,7.24304715081739,segmented_variance,47
FBCNet,OpenBMI_SSVEP,0,0,COMPLETE,940d8a3571b0761b40070e37f40b814d735a6a635eeb8f9d5e6fb1264f4da126,4146d199ff3c4f1bb6d436aedff6e0f979129bd9a7fdb85b1097f954a6980d2f,3753f973372e50340da16fd97186e9f2249cc0ef1972e5c44e46b61274c021ce,d1ef45b998b0dfe0acaad75dc1eb1b02f571c4314484bbd442ac3d55cd2de5a0,5.213136597959078e-07,1.1467866296207128e-08,5.098457934997007e-07,log_variance_flatten,3
FBCNet,OpenBMI_SSVEP,0,0,COMPLETE,940d8a3571b0761b40070e37f40b814d735a6a635eeb8f9d5e6fb1264f4da126,4146d199ff3c4f1bb6d436aedff6e0f979129bd9a7fdb85b1097f954a6980d2f,3753f973372e50340da16fd97186e9f2249cc0ef1972e5c44e46b61274c021ce,d1ef45b998b0dfe0acaad75dc1eb1b02f571c4314484bbd442ac3d55cd2de5a0,6.03258330252506e-07,3.670459115275491e-08,5.665537390997511e-07,log_variance_flatten,5
FBCNet,OpenBMI_SSVEP,0,0,COMPLETE,940d8a3571b0761b40070e37f40b814d735a6a635eeb8f9d5e6fb1264f4da126,4146d199ff3c4f1bb6d436aedff6e0f979129bd9a7fdb85b1097f954a6980d2f,3753f973372e50340da16fd97186e9f2249cc0ef1972e5c44e46b61274c021ce,d1ef45b998b0dfe0acaad75dc1eb1b02f571c4314484bbd442ac3d55cd2de5a0,6.585179462466803e-07,9.236313153045591e-08,5.661548147162243e-07,log_variance_flatten,6
FBCNet,OpenBMI_SSVEP,0,0,COMPLETE,940d8a3571b0761b40070e37f40b814d735a6a635eeb8f9d5e6fb1264f4da126,4146d199ff3c4f1bb6d436aedff6e0f979129bd9a7fdb85b1097f954a6980d2f,3753f973372e50340da16fd97186e9f2249cc0ef1972e5c44e46b61274c021ce,d1ef45b998b0dfe0acaad75dc1eb1b02f571c4314484bbd442ac3d55cd2de5a0,3.79391224806606e-07,8.33221030079505e-09,3.710590145058109e-07,log_variance_flatten,15
FBCNet,OpenBMI_SSVEP,0,0,COMPLETE,940d8a3571b0761b40070e37f40b814d735a6a635eeb8f9d5e6fb1264f4da126,4146d199ff3c4f1bb6d436aedff6e0f979129bd9a7fdb85b1097f954a6980d2f,3753f973372e50340da16fd97186e9f2249cc0ef1972e5c44e46b61274c021ce,d1ef45b998b0dfe0acaad75dc1eb1b02f571c4314484bbd442ac3d55cd2de5a0,4.2999151321036305e-07,6.1217636399639e-08,3.6877387681072405e-07,log_variance_flatten,32
FBCNet,OpenBMI_SSVEP,0,0,COMPLETE,940d8a3571b0761b40070e37f40b814d735a6a635eeb8f9d5e6fb1264f4da126,4146d199ff3c4f1bb6d436aedff6e0f979129bd9a7fdb85b1097f954a6980d2f,3753f973372e50340da16fd97186e9f2249cc0ef1972e5c44e46b61274c021ce,d1ef45b998b0dfe0acaad75dc1eb1b02f571c4314484bbd442ac3d55cd2de5a0,7.12845606839115e-07,5.8086488945452384e-08,6.547591178936626e-07,log_variance_flatten,33
FBCNet,OpenBMI_SSVEP,0,0,COMPLETE,940d8a3571b0761b40070e37f40b814d735a6a635eeb8f9d5e6fb1264f4da126,4146d199ff3c4f1bb6d436aedff6e0f979129bd9a7fdb85b1097f954a6980d2f,3753f973372e50340da16fd97186e9f2249cc0ef1972e5c44e46b61274c021ce,d1ef45b998b0dfe0acaad75dc1eb1b02f571c4314484bbd442ac3d55cd2de5a0,4.773340674576095e-07,5.103452641412193e-09,4.7223061481619734e-07,log_variance_flatten,38
FBCNet,OpenBMI_SSVEP,0,0,COMPLETE,940d8a3571b0761b40070e37f40b814d735a6a635eeb8f9d5e6fb1264f4da126,4146d199ff3c4f1bb6d436aedff6e0f979129bd9a7fdb85b1097f954a6980d2f,3753f973372e50340da16fd97186e9f2249cc0ef1972e5c44e46b61274c021ce,d1ef45b998b0dfe0acaad75dc1eb1b02f571c4314484bbd442ac3d55cd2de5a0,6.470989077911327e-07,5.676404834324227e-08,5.903348594478904e-07,log_variance_flatten,47
FBCNet,OpenBMI_SSVEP,1,0,COMPLETE,fbf3e0a2fd674dcd12c4778ec354e898abd4613328abf4aef3eb58086d400243,bdecc9c2d6d05eead756e3550f9197dff5692e462846ef1f52289891d321eae6,4cd41a13dab7831f545f875eea708c080ade102e64483f40b7a1d89aa09c9d8a,d1ef45b998b0dfe0acaad75dc1eb1b02f571c4314484bbd442ac3d55cd2de5a0,1.3056634583820899,0.4074884256126823,0.8981750327694076,grouped_spatial,2
FBCNet,OpenBMI_SSVEP,1,0,COMPLETE,fbf3e0a2fd674dcd12c4778ec354e898abd4613328abf4aef3eb58086d400243,bdecc9c2d6d05eead756e3550f9197dff5692e462846ef1f52289891d321eae6,4cd41a13dab7831f545f875eea708c080ade102e64483f40b7a1d89aa09c9d8a,d1ef45b998b0dfe0acaad75dc1eb1b02f571c4314484bbd442ac3d55cd2de5a0,0.7623017082611719,0.16366589640092555,0.5986358118602464,grouped_spatial,14
FBCNet,OpenBMI_SSVEP,1,0,COMPLETE,fbf3e0a2fd674dcd12c4778ec354e898abd4613328abf4aef3eb58086d400243,bdecc9c2d6d05eead756e3550f9197dff5692e462846ef1f52289891d321eae6,4cd41a13dab7831f545f875eea708c080ade102e64483f40b7a1d89aa09c9d8a,d1ef45b998b0dfe0acaad75dc1eb1b02f571c4314484bbd442ac3d55cd2de5a0,1.0710591695581873,0.37778596346693416,0.6932732060912531,grouped_spatial,26
FBCNet,OpenBMI_SSVEP,1,0,COMPLETE,fbf3e0a2fd674dcd12c4778ec354e898abd4613328abf4aef3eb58086d400243,bdecc9c2d6d05eead756e3550f9197dff5692e462846ef1f52289891d321eae6,4cd41a13dab7831f545f875eea708c080ade102e64483f40b7a1d89aa09c9d8a,d1ef45b998b0dfe0acaad75dc1eb1b02f571c4314484bbd442ac3d55cd2de5a0,0.8403237216795484,0.17958071054851932,0.6607430111310291,grouped_spatial,28
FBCNet,OpenBMI_SSVEP,1,0,COMPLETE,fbf3e0a2fd674dcd12c4778ec354e898abd4613328abf4aef3eb58086d400243,bdecc9c2d6d05eead756e3550f9197dff5692e462846ef1f52289891d321eae6,4cd41a13dab7831f545f875eea708c080ade102e64483f40b7a1d89aa09c9d8a,d1ef45b998b0dfe0acaad75dc1eb1b02f571c4314484bbd442ac3d55cd2de5a0,2.234592300529281,0.9035340839643808,1.3310582165649003,grouped_spatial,31
FBCNet,OpenBMI_SSVEP,1,0,COMPLETE,fbf3e0a2fd674dcd12c4778ec354e898abd4613328abf4aef3eb58086d400243,bdecc9c2d6d05eead756e3550f9197dff5692e462846ef1f52289891d321eae6,4cd41a13dab7831f545f875eea708c080ade102e64483f40b7a1d89aa09c9d8a,d1ef45b998b0dfe0acaad75dc1eb1b02f571c4314484bbd442ac3d55cd2de5a0,0.6213945252820849,0.09788118477949559,0.5235133405025894,grouped_spatial,35
FBCNet,OpenBMI_SSVEP,1,0,COMPLETE,fbf3e0a2fd674dcd12c4778ec354e898abd4613328abf4aef3eb58086d400243,bdecc9c2d6d05eead756e3550f9197dff5692e462846ef1f52289891d321eae6,4cd41a13dab7831f545f875eea708c080ade102e64483f40b7a1d89aa09c9d8a,d1ef45b998b0dfe0acaad75dc1eb1b02f571c4314484bbd442ac3d55cd2de5a0,0.9587193963428339,0.3467981210983514,0.6119212752444825,grouped_spatial,40
FBCNet,OpenBMI_SSVEP,1,0,COMPLETE,fbf3e0a2fd674dcd12c4778ec354e898abd4613328abf4aef3eb58086d400243,bdecc9c2d6d05eead756e3550f9197dff5692e462846ef1f52289891d321eae6,4cd41a13dab7831f545f875eea708c080ade102e64483f40b7a1d89aa09c9d8a,d1ef45b998b0dfe0acaad75dc1eb1b02f571c4314484bbd442ac3d55cd2de5a0,2.109313360104958,0.7860656711005141,1.323247689004444,grouped_spatial,43
FBCNet,OpenBMI_SSVEP,1,0,COMPLETE,fbf3e0a2fd674dcd12c4778ec354e898abd4613328abf4aef3eb58086d400243,bdecc9c2d6d05eead756e3550f9197dff5692e462846ef1f52289891d321eae6,4cd41a13dab7831f545f875eea708c080ade102e64483f40b7a1d89aa09c9d8a,d1ef45b998b0dfe0acaad75dc1eb1b02f571c4314484bbd442ac3d55cd2de5a0,1.3353390678142507,0.4100703136991555,0.9252687541150952,batch_norm,2
FBCNet,OpenBMI_SSVEP,1,0,COMPLETE,fbf3e0a2fd674dcd12c4778ec354e898abd4613328abf4aef3eb58086d400243,bdecc9c2d6d05eead756e3550f9197dff5692e462846ef1f52289891d321eae6,4cd41a13dab7831f545f875eea708c080ade102e64483f40b7a1d89aa09c9d8a,d1ef45b998b0dfe0acaad75dc1eb1b02f571c4314484bbd442ac3d55cd2de5a0,0.682842426157246,0.08916904355748556,0.5936733825997604,batch_norm,14
FBCNet,OpenBMI_SSVEP,1,0,COMPLETE,fbf3e0a2fd674dcd12c4778ec354e898abd4613328abf4aef3eb58086d400243,bdecc9c2d6d05eead756e3550f9197dff5692e462846ef1f52289891d321eae6,4cd41a13dab7831f545f875eea708c080ade102e64483f40b7a1d89aa09c9d8a,d1ef45b998b0dfe0acaad75dc1eb1b02f571c4314484bbd442ac3d55cd2de5a0,1.0012088442842166,0.3368614658096343,0.6643473784745824,batch_norm,26
FBCNet,OpenBMI_SSVEP,1,0,COMPLETE,fbf3e0a2fd674dcd12c4778ec354e898abd4613328abf4aef3eb58086d400243,bdecc9c2d6d05eead756e3550f9197dff5692e462846ef1f52289891d321eae6,4cd41a13dab7831f545f875eea708c080ade102e64483f40b7a1d89aa09c9d8a,d1ef45b998b0dfe0acaad75dc1eb1b02f571c4314484bbd442ac3d55cd2de5a0,0.7915193301935991,0.19695411446252065,0.5945652157310785,batch_norm,28
FBCNet,OpenBMI_SSVEP,1,0,COMPLETE,fbf3e0a2fd674dcd12c4778ec354e898abd4613328abf4aef3eb58086d400243,bdecc9c2d6d05eead756e3550f9197dff5692e462846ef1f52289891d321eae6,4cd41a13dab7831f545f875eea708c080ade102e64483f40b7a1d89aa09c9d8a,d1ef45b998b0dfe0acaad75dc1eb1b02f571c4314484bbd442ac3d55cd2de5a0,2.2538028036554656,0.9234932213536622,1.3303095823018034,batch_norm,31
FBCNet,OpenBMI_SSVEP,1,0,COMPLETE,fbf3e0a2fd674dcd12c4778ec354e898abd4613328abf4aef3eb58086d400243,bdecc9c2d6d05eead756e3550f9197dff5692e462846ef1f52289891d321eae6,4cd41a13dab7831f545f875eea708c080ade102e64483f40b7a1d89aa09c9d8a,d1ef45b998b0dfe0acaad75dc1eb1b02f571c4314484bbd442ac3d55cd2de5a0,0.6309009424100319,0.11875462889904143,0.5121463135109905,batch_norm,35
FBCNet,OpenBMI_SSVEP,1,0,COMPLETE,fbf3e0a2fd674dcd12c4778ec354e898abd4613328abf4aef3eb58086d400243,bdecc9c2d6d05eead756e3550f9197dff5692e462846ef1f52289891d321eae6,4cd41a13dab7831f545f875eea708c080ade102e64483f40b7a1d89aa09c9d8a,d1ef45b998b0dfe0acaad75dc1eb1b02f571c4314484bbd442ac3d55cd2de5a0,0.8959742778291305,0.2613455985137261,0.6346286793154045,batch_norm,40
FBCNet,OpenBMI_SSVEP,1,0,COMPLETE,fbf3e0a2fd674dcd12c4778ec354e898abd4613328abf4aef3eb58086d400243,bdecc9c2d6d05eead756e3550f9197dff5692e462846ef1f52289891d321eae6,4cd41a13dab7831f545f875eea708c080ade102e64483f40b7a1d89aa09c9d8a,d1ef45b998b0dfe0acaad75dc1eb1b02f571c4314484bbd442ac3d55cd2de5a0,2.3249859598775706,0.8884323292419627,1.436553630635608,batch_norm,43
FBCNet,OpenBMI_SSVEP,1,0,COMPLETE,fbf3e0a2fd674dcd12c4778ec354e898abd4613328abf4aef3eb58086d400243,bdecc9c2d6d05eead756e3550f9197dff5692e462846ef1f52289891d321eae6,4cd41a13dab7831f545f875eea708c080ade102e64483f40b7a1d89aa09c9d8a,d1ef45b998b0dfe0acaad75dc1eb1b02f571c4314484bbd442ac3d55cd2de5a0,1.0967043278117974,0.33311488126559796,0.7635894465461994,swish_gate,2
FBCNet,OpenBMI_SSVEP,1,0,COMPLETE,fbf3e0a2fd674dcd12c4778ec354e898abd4613328abf4aef3eb58086d400243,bdecc9c2d6d05eead756e3550f9197dff5692e462846ef1f52289891d321eae6,4cd41a13dab7831f545f875eea708c080ade102e64483f40b7a1d89aa09c9d8a,d1ef45b998b0dfe0acaad75dc1eb1b02f571c4314484bbd442ac3d55cd2de5a0,0.7637816711018482,-0.01081532488809911,0.7745969959899474,swish_gate,14
FBCNet,OpenBMI_SSVEP,1,0,COMPLETE,fbf3e0a2fd674dcd12c4778ec354e898abd4613328abf4aef3eb58086d400243,bdecc9c2d6d05eead756e3550f9197dff5692e462846ef1f52289891d321eae6,4cd41a13dab7831f545f875eea708c080ade102e64483f40b7a1d89aa09c9d8a,d1ef45b998b0dfe0acaad75dc1eb1b02f571c4314484bbd442ac3d55cd2de5a0,0.8012087292348345,0.2899488434030597,0.5112598858317748,swish_gate,26
FBCNet,OpenBMI_SSVEP,1,0,COMPLETE,fbf3e0a2fd674dcd12c4778ec354e898abd4613328abf4aef3eb58086d400243,bdecc9c2d6d05eead756e3550f9197dff5692e462846ef1f52289891d321eae6,4cd41a13dab7831f545f875eea708c080ade102e64483f40b7a1d89aa09c9d8a,d1ef45b998b0dfe0acaad75dc1eb1b02f571c4314484bbd442ac3d55cd2de5a0,0.7379391137510538,0.20937706677165502,0.5285620469793988,swish_gate,28
FBCNet,OpenBMI_SSVEP,1,0,COMPLETE,fbf3e0a2fd674dcd12c4778ec354e898abd4613328abf4aef3eb58086d400243,bdecc9c2d6d05eead756e3550f9197dff5692e462846ef1f52289891d321eae6,4cd41a13dab7831f545f875eea708c080ade102e64483f40b7a1d89aa09c9d8a,d1ef45b998b0dfe0acaad75dc1eb1b02f571c4314484bbd442ac3d55cd2de5a0,2.080018289387226,0.9287498512433376,1.1512684381438885,swish_gate,31
FBCNet,OpenBMI_SSVEP,1,0,COMPLETE,fbf3e0a2fd674dcd12c4778ec354e898abd4613328abf4aef3eb58086d400243,bdecc9c2d6d05eead756e3550f9197dff5692e462846ef1f52289891d321eae6,4cd41a13dab7831f545f875eea708c080ade102e64483f40b7a1d89aa09c9d8a,d1ef45b998b0dfe0acaad75dc1eb1b02f571c4314484bbd442ac3d55cd2de5a0,0.4712090233030419,-0.0044122205606739184,0.4756212438637158,swish_gate,35
FBCNet,OpenBMI_SSVEP,1,0,COMPLETE,fbf3e0a2fd674dcd12c4778ec354e898abd4613328abf4aef3eb58086d400243,bdecc9c2d6d05eead756e3550f9197dff5692e462846ef1f52289891d321eae6,4cd41a13dab7831f545f875eea708c080ade102e64483f40b7a1d89aa09c9d8a,d1ef45b998b0dfe0acaad75dc1eb1b02f571c4314484bbd442ac3d55cd2de5a0,0.8713330080111822,0.21230551265490538,0.6590274953562768,swish_gate,40
FBCNet,OpenBMI_SSVEP,1,0,COMPLETE,fbf3e0a2fd674dcd12c4778ec354e898abd4613328abf4aef3eb58086d400243,bdecc9c2d6d05eead756e3550f9197dff5692e462846ef1f52289891d321eae6,4cd41a13dab7831f545f875eea708c080ade102e64483f40b7a1d89aa09c9d8a,d1ef45b998b0dfe0acaad75dc1eb1b02f571c4314484bbd442ac3d55cd2de5a0,2.123599272221327,0.8216738301273048,1.301925442094022,swish_gate,43
FBCNet,OpenBMI_SSVEP,1,0,COMPLETE,fbf3e0a2fd674dcd12c4778ec354e898abd4613328abf4aef3eb58086d400243,bdecc9c2d6d05eead756e3550f9197dff5692e462846ef1f52289891d321eae6,4cd41a13dab7831f545f875eea708c080ade102e64483f40b7a1d89aa09c9d8a,d1ef45b998b0dfe0acaad75dc1eb1b02f571c4314484bbd442ac3d55cd2de5a0,9.224691068132719,2.0517160225845883,7.172975045548131,segmented_variance,2
FBCNet,OpenBMI_SSVEP,1,0,COMPLETE,fbf3e0a2fd674dcd12c4778ec354e898abd4613328abf4aef3eb58086d400243,bdecc9c2d6d05eead756e3550f9197dff5692e462846ef1f52289891d321eae6,4cd41a13dab7831f545f875eea708c080ade102e64483f40b7a1d89aa09c9d8a,d1ef45b998b0dfe0acaad75dc1eb1b02f571c4314484bbd442ac3d55cd2de5a0,7.9688955321908,0.3833407145428156,7.585554817647984,segmented_variance,14
FBCNet,OpenBMI_SSVEP,1,0,COMPLETE,fbf3e0a2fd674dcd12c4778ec354e898abd4613328abf4aef3eb58086d400243,bdecc9c2d6d05eead756e3550f9197dff5692e462846ef1f52289891d321eae6,4cd41a13dab7831f545f875eea708c080ade102e64483f40b7a1d89aa09c9d8a,d1ef45b998b0dfe0acaad75dc1eb1b02f571c4314484bbd442ac3d55cd2de5a0,7.6121393491824465,1.9862733066609728,5.625866042521474,segmented_variance,26
FBCNet,OpenBMI_SSVEP,1,0,COMPLETE,fbf3e0a2fd674dcd12c4778ec354e898abd4613328abf4aef3eb58086d400243,bdecc9c2d6d05eead756e3550f9197dff5692e462846ef1f52289891d321eae6,4cd41a13dab7831f545f875eea708c080ade102e64483f40b7a1d89aa09c9d8a,d1ef45b998b0dfe0acaad75dc1eb1b02f571c4314484bbd442ac3d55cd2de5a0,7.1102970478435354,1.1921439985961975,5.918153049247338,segmented_variance,28
FBCNet,OpenBMI_SSVEP,1,0,COMPLETE,fbf3e0a2fd674dcd12c4778ec354e898abd4613328abf4aef3eb58086d400243,bdecc9c2d6d05eead756e3550f9197dff5692e462846ef1f52289891d321eae6,4cd41a13dab7831f545f875eea708c080ade102e64483f40b7a1d89aa09c9d8a,d1ef45b998b0dfe0acaad75dc1eb1b02f571c4314484bbd442ac3d55cd2de5a0,13.164338392515978,4.286426337690406,8.877912054825572,segmented_variance,31
FBCNet,OpenBMI_SSVEP,1,0,COMPLETE,fbf3e0a2fd674dcd12c4778ec354e898abd4613328abf4aef3eb58086d400243,bdecc9c2d6d05eead756e3550f9197dff5692e462846ef1f52289891d321eae6,4cd41a13dab7831f545f875eea708c080ade102e64483f40b7a1d89aa09c9d8a,d1ef45b998b0dfe0acaad75dc1eb1b02f571c4314484bbd442ac3d55cd2de5a0,7.153758893410365,-0.3358711399386314,7.4896300333489965,segmented_variance,35
FBCNet,OpenBMI_SSVEP,1,0,COMPLETE,fbf3e0a2fd674dcd12c4778ec354e898abd4613328abf4aef3eb58086d400243,bdecc9c2d6d05eead756e3550f9197dff5692e462846ef1f52289891d321eae6,4cd41a13dab7831f545f875eea708c080ade102e64483f40b7a1d89aa09c9d8a,d1ef45b998b0dfe0acaad75dc1eb1b02f571c4314484bbd442ac3d55cd2de5a0,9.52159875134627,1.8627444450557231,7.6588543062905465,segmented_variance,40
FBCNet,OpenBMI_SSVEP,1,0,COMPLETE,fbf3e0a2fd674dcd12c4778ec354e898abd4613328abf4aef3eb58086d400243,bdecc9c2d6d05eead756e3550f9197dff5692e462846ef1f52289891d321eae6,4cd41a13dab7831f545f875eea708c080ade102e64483f40b7a1d89aa09c9d8a,d1ef45b998b0dfe0acaad75dc1eb1b02f571c4314484bbd442ac3d55cd2de5a0,19.573229998350143,6.194611163859568,13.378618834490576,segmented_variance,43
FBCNet,OpenBMI_SSVEP,1,0,COMPLETE,fbf3e0a2fd674dcd12c4778ec354e898abd4613328abf4aef3eb58086d400243,bdecc9c2d6d05eead756e3550f9197dff5692e462846ef1f52289891d321eae6,4cd41a13dab7831f545f875eea708c080ade102e64483f40b7a1d89aa09c9d8a,d1ef45b998b0dfe0acaad75dc1eb1b02f571c4314484bbd442ac3d55cd2de5a0,6.4973360647258e-07,7.728496039508905e-08,5.72448646077491e-07,log_variance_flatten,2
FBCNet,OpenBMI_SSVEP,1,0,COMPLETE,fbf3e0a2fd674dcd12c4778ec354e898abd4613328abf4aef3eb58086d400243,bdecc9c2d6d05eead756e3550f9197dff5692e462846ef1f52289891d321eae6,4cd41a13dab7831f545f875eea708c080ade102e64483f40b7a1d89aa09c9d8a,d1ef45b998b0dfe0acaad75dc1eb1b02f571c4314484bbd442ac3d55cd2de5a0,5.572406625020676e-07,-4.775141958698012e-10,5.577181766979374e-07,log_variance_flatten,14
FBCNet,OpenBMI_SSVEP,1,0,COMPLETE,fbf3e0a2fd674dcd12c4778ec354e898abd4613328abf4aef3eb58086d400243,bdecc9c2d6d05eead756e3550f9197dff5692e462846ef1f52289891d321eae6,4cd41a13dab7831f545f875eea708c080ade102e64483f40b7a1d89aa09c9d8a,d1ef45b998b0dfe0acaad75dc1eb1b02f571c4314484bbd442ac3d55cd2de5a0,6.173377724572049e-07,-9.661310927204122e-09,6.26999083384409e-07,log_variance_flatten,26
FBCNet,OpenBMI_SSVEP,1,0,COMPLETE,fbf3e0a2fd674dcd12c4778ec354e898abd4613328abf4aef3eb58086d400243,bdecc9c2d6d05eead756e3550f9197dff5692e462846ef1f52289891d321eae6,4cd41a13dab7831f545f875eea708c080ade102e64483f40b7a1d89aa09c9d8a,d1ef45b998b0dfe0acaad75dc1eb1b02f571c4314484bbd442ac3d55cd2de5a0,5.993679916826977e-07,3.100106345447589e-08,5.683669282282218e-07,log_variance_flatten,28
FBCNet,OpenBMI_SSVEP,1,0,COMPLETE,fbf3e0a2fd674dcd12c4778ec354e898abd4613328abf4aef3eb58086d400243,bdecc9c2d6d05eead756e3550f9197dff5692e462846ef1f52289891d321eae6,4cd41a13dab7831f545f875eea708c080ade102e64483f40b7a1d89aa09c9d8a,d1ef45b998b0dfe0acaad75dc1eb1b02f571c4314484bbd442ac3d55cd2de5a0,9.947932859688535e-07,1.3575303625742055e-07,8.59040249711433e-07,log_variance_flatten,31
FBCNet,OpenBMI_SSVEP,1,0,COMPLETE,fbf3e0a2fd674dcd12c4778ec354e898abd4613328abf4aef3eb58086d400243,bdecc9c2d6d05eead756e3550f9197dff5692e462846ef1f52289891d321eae6,4cd41a13dab7831f545f875eea708c080ade102e64483f40b7a1d89aa09c9d8a,d1ef45b998b0dfe0acaad75dc1eb1b02f571c4314484bbd442ac3d55cd2de5a0,4.537651675147932e-07,3.240649073532612e-08,4.2135867677946706e-07,log_variance_flatten,35
FBCNet,OpenBMI_SSVEP,1,0,COMPLETE,fbf3e0a2fd674dcd12c4778ec354e898abd4613328abf4aef3eb58086d400243,bdecc9c2d6d05eead756e3550f9197dff5692e462846ef1f52289891d321eae6,4cd41a13dab7831f545f875eea708c080ade102e64483f40b7a1d89aa09c9d8a,d1ef45b998b0dfe0acaad75dc1eb1b02f571c4314484bbd442ac3d55cd2de5a0,4.375258318608151e-07,2.4746241593653817e-08,4.127795902671613e-07,log_variance_flatten,40
FBCNet,OpenBMI_SSVEP,1,0,COMPLETE,fbf3e0a2fd674dcd12c4778ec354e898abd4613328abf4aef3eb58086d400243,bdecc9c2d6d05eead756e3550f9197dff5692e462846ef1f52289891d321eae6,4cd41a13dab7831f545f875eea708c080ade102e64483f40b7a1d89aa09c9d8a,d1ef45b998b0dfe0acaad75dc1eb1b02f571c4314484bbd442ac3d55cd2de5a0,7.940656375401053e-07,2.8529100381350878e-08,7.655365371587544e-07,log_variance_flatten,43
FBCNet,OpenBMI_SSVEP,2,0,COMPLETE,1e76fb805ac34d9b98f5923843e040deadfebb4667f244ac72a78365289e03c7,d33c111e427b272165e4c22b2d65555fa33832a5326cd4dbdd457a294c6f9810,5123125cbe859867e6bdf6ab7954c6d2a61133892735c77144638fef6d87fe65,d1ef45b998b0dfe0acaad75dc1eb1b02f571c4314484bbd442ac3d55cd2de5a0,1.0127940500775974,0.3518735833208,0.6609204667567974,grouped_spatial,1
FBCNet,OpenBMI_SSVEP,2,0,COMPLETE,1e76fb805ac34d9b98f5923843e040deadfebb4667f244ac72a78365289e03c7,d33c111e427b272165e4c22b2d65555fa33832a5326cd4dbdd457a294c6f9810,5123125cbe859867e6bdf6ab7954c6d2a61133892735c77144638fef6d87fe65,d1ef45b998b0dfe0acaad75dc1eb1b02f571c4314484bbd442ac3d55cd2de5a0,1.0899568777531385,0.3597096318363523,0.7302472459167862,grouped_spatial,8
FBCNet,OpenBMI_SSVEP,2,0,COMPLETE,1e76fb805ac34d9b98f5923843e040deadfebb4667f244ac72a78365289e03c7,d33c111e427b272165e4c22b2d65555fa33832a5326cd4dbdd457a294c6f9810,5123125cbe859867e6bdf6ab7954c6d2a61133892735c77144638fef6d87fe65,d1ef45b998b0dfe0acaad75dc1eb1b02f571c4314484bbd442ac3d55cd2de5a0,3.4346483324964843,1.9254502434609457,1.5091980890355385,grouped_spatial,11
FBCNet,OpenBMI_SSVEP,2,0,COMPLETE,1e76fb805ac34d9b98f5923843e040deadfebb4667f244ac72a78365289e03c7,d33c111e427b272165e4c22b2d65555fa33832a5326cd4dbdd457a294c6f9810,5123125cbe859867e6bdf6ab7954c6d2a61133892735c77144638fef6d87fe65,d1ef45b998b0dfe0acaad75dc1eb1b02f571c4314484bbd442ac3d55cd2de5a0,0.42628063214942813,0.06836375921790028,0.35791687293152785,grouped_spatial,23
FBCNet,OpenBMI_SSVEP,2,0,COMPLETE,1e76fb805ac34d9b98f5923843e040deadfebb4667f244ac72a78365289e03c7,d33c111e427b272165e4c22b2d65555fa33832a5326cd4dbdd457a294c6f9810,5123125cbe859867e6bdf6ab7954c6d2a61133892735c77144638fef6d87fe65,d1ef45b998b0dfe0acaad75dc1eb1b02f571c4314484bbd442ac3d55cd2de5a0,1.911708972727259,0.9357035537269742,0.9760054190002847,grouped_spatial,30
FBCNet,OpenBMI_SSVEP,2,0,COMPLETE,1e76fb805ac34d9b98f5923843e040deadfebb4667f244ac72a78365289e03c7,d33c111e427b272165e4c22b2d65555fa33832a5326cd4dbdd457a294c6f9810,5123125cbe859867e6bdf6ab7954c6d2a61133892735c77144638fef6d87fe65,d1ef45b998b0dfe0acaad75dc1eb1b02f571c4314484bbd442ac3d55cd2de5a0,1.672135607029001,0.8462640157871648,0.8258715912418362,grouped_spatial,48
FBCNet,OpenBMI_SSVEP,2,0,COMPLETE,1e76fb805ac34d9b98f5923843e040deadfebb4667f244ac72a78365289e03c7,d33c111e427b272165e4c22b2d65555fa33832a5326cd4dbdd457a294c6f9810,5123125cbe859867e6bdf6ab7954c6d2a61133892735c77144638fef6d87fe65,d1ef45b998b0dfe0acaad75dc1eb1b02f571c4314484bbd442ac3d55cd2de5a0,0.86426357490321,0.34026811254385403,0.523995462359356,grouped_spatial,50
FBCNet,OpenBMI_SSVEP,2,0,COMPLETE,1e76fb805ac34d9b98f5923843e040deadfebb4667f244ac72a78365289e03c7,d33c111e427b272165e4c22b2d65555fa33832a5326cd4dbdd457a294c6f9810,5123125cbe859867e6bdf6ab7954c6d2a61133892735c77144638fef6d87fe65,d1ef45b998b0dfe0acaad75dc1eb1b02f571c4314484bbd442ac3d55cd2de5a0,1.1753829618295033,0.4799591547794019,0.6954238070501014,grouped_spatial,52
FBCNet,OpenBMI_SSVEP,2,0,COMPLETE,1e76fb805ac34d9b98f5923843e040deadfebb4667f244ac72a78365289e03c7,d33c111e427b272165e4c22b2d65555fa33832a5326cd4dbdd457a294c6f9810,5123125cbe859867e6bdf6ab7954c6d2a61133892735c77144638fef6d87fe65,d1ef45b998b0dfe0acaad75dc1eb1b02f571c4314484bbd442ac3d55cd2de5a0,1.0524427638544391,0.3779109240020626,0.6745318398523765,batch_norm,1
FBCNet,OpenBMI_SSVEP,2,0,COMPLETE,1e76fb805ac34d9b98f5923843e040deadfebb4667f244ac72a78365289e03c7,d33c111e427b272165e4c22b2d65555fa33832a5326cd4dbdd457a294c6f9810,5123125cbe859867e6bdf6ab7954c6d2a61133892735c77144638fef6d87fe65,d1ef45b998b0dfe0acaad75dc1eb1b02f571c4314484bbd442ac3d55cd2de5a0,1.042843211752673,0.33917312430722335,0.7036700874454496,batch_norm,8
FBCNet,OpenBMI_SSVEP,2,0,COMPLETE,1e76fb805ac34d9b98f5923843e040deadfebb4667f244ac72a78365289e03c7,d33c111e427b272165e4c22b2d65555fa33832a5326cd4dbdd457a294c6f9810,5123125cbe859867e6bdf6ab7954c6d2a61133892735c77144638fef6d87fe65,d1ef45b998b0dfe0acaad75dc1eb1b02f571c4314484bbd442ac3d55cd2de5a0,3.207106627523899,1.7161426518675098,1.4909639756563893,batch_norm,11
FBCNet,OpenBMI_SSVEP,2,0,COMPLETE,1e76fb805ac34d9b98f5923843e040deadfebb4667f244ac72a78365289e03c7,d33c111e427b272165e4c22b2d65555fa33832a5326cd4dbdd457a294c6f9810,5123125cbe859867e6bdf6ab7954c6d2a61133892735c77144638fef6d87fe65,d1ef45b998b0dfe0acaad75dc1eb1b02f571c4314484bbd442ac3d55cd2de5a0,0.5494256112724543,0.1651819807993402,0.38424363047311405,batch_norm,23
FBCNet,OpenBMI_SSVEP,2,0,COMPLETE,1e76fb805ac34d9b98f5923843e040deadfebb4667f244ac72a78365289e03c7,d33c111e427b272165e4c22b2d65555fa33832a5326cd4dbdd457a294c6f9810,5123125cbe859867e6bdf6ab7954c6d2a61133892735c77144638fef6d87fe65,d1ef45b998b0dfe0acaad75dc1eb1b02f571c4314484bbd442ac3d55cd2de5a0,2.1847062769035497,1.0334447736750976,1.151261503228452,batch_norm,30
FBCNet,OpenBMI_SSVEP,2,0,COMPLETE,1e76fb805ac34d9b98f5923843e040deadfebb4667f244ac72a78365289e03c7,d33c111e427b272165e4c22b2d65555fa33832a5326cd4dbdd457a294c6f9810,5123125cbe859867e6bdf6ab7954c6d2a61133892735c77144638fef6d87fe65,d1ef45b998b0dfe0acaad75dc1eb1b02f571c4314484bbd442ac3d55cd2de5a0,1.9737487190092604,1.0382093378494028,0.9355393811598575,batch_norm,48
FBCNet,OpenBMI_SSVEP,2,0,COMPLETE,1e76fb805ac34d9b98f5923843e040deadfebb4667f244ac72a78365289e03c7,d33c111e427b272165e4c22b2d65555fa33832a5326cd4dbdd457a294c6f9810,5123125cbe859867e6bdf6ab7954c6d2a61133892735c77144638fef6d87fe65,d1ef45b998b0dfe0acaad75dc1eb1b02f571c4314484bbd442ac3d55cd2de5a0,0.8374516422239443,0.2850612714779952,0.5523903707459491,batch_norm,50
FBCNet,OpenBMI_SSVEP,2,0,COMPLETE,1e76fb805ac34d9b98f5923843e040deadfebb4667f244ac72a78365289e03c7,d33c111e427b272165e4c22b2d65555fa33832a5326cd4dbdd457a294c6f9810,5123125cbe859867e6bdf6ab7954c6d2a61133892735c77144638fef6d87fe65,d1ef45b998b0dfe0acaad75dc1eb1b02f571c4314484bbd442ac3d55cd2de5a0,0.9383929402877887,0.37099701953702613,0.5673959207507626,batch_norm,52
FBCNet,OpenBMI_SSVEP,2,0,COMPLETE,1e76fb805ac34d9b98f5923843e040deadfebb4667f244ac72a78365289e03c7,d33c111e427b272165e4c22b2d65555fa33832a5326cd4dbdd457a294c6f9810,5123125cbe859867e6bdf6ab7954c6d2a61133892735c77144638fef6d87fe65,d1ef45b998b0dfe0acaad75dc1eb1b02f571c4314484bbd442ac3d55cd2de5a0,1.0846863379701972,0.46130142426389886,0.6233849137062983,swish_gate,1
FBCNet,OpenBMI_SSVEP,2,0,COMPLETE,1e76fb805ac34d9b98f5923843e040deadfebb4667f244ac72a78365289e03c7,d33c111e427b272165e4c22b2d65555fa33832a5326cd4dbdd457a294c6f9810,5123125cbe859867e6bdf6ab7954c6d2a61133892735c77144638fef6d87fe65,d1ef45b998b0dfe0acaad75dc1eb1b02f571c4314484bbd442ac3d55cd2de5a0,0.9375146819899479,0.3641444310056977,0.5733702509842502,swish_gate,8
FBCNet,OpenBMI_SSVEP,2,0,COMPLETE,1e76fb805ac34d9b98f5923843e040deadfebb4667f244ac72a78365289e03c7,d33c111e427b272165e4c22b2d65555fa33832a5326cd4dbdd457a294c6f9810,5123125cbe859867e6bdf6ab7954c6d2a61133892735c77144638fef6d87fe65,d1ef45b998b0dfe0acaad75dc1eb1b02f571c4314484bbd442ac3d55cd2de5a0,2.726645744095246,1.441182659282349,1.285463084812897,swish_gate,11
FBCNet,OpenBMI_SSVEP,2,0,COMPLETE,1e76fb805ac34d9b98f5923843e040deadfebb4667f244ac72a78365289e03c7,d33c111e427b272165e4c22b2d65555fa33832a5326cd4dbdd457a294c6f9810,5123125cbe859867e6bdf6ab7954c6d2a61133892735c77144638fef6d87fe65,d1ef45b998b0dfe0acaad75dc1eb1b02f571c4314484bbd442ac3d55cd2de5a0,0.3883234675352772,0.13239403928421473,0.25592942825106246,swish_gate,23
FBCNet,OpenBMI_SSVEP,2,0,COMPLETE,1e76fb805ac34d9b98f5923843e040deadfebb4667f244ac72a78365289e03c7,d33c111e427b272165e4c22b2d65555fa33832a5326cd4dbdd457a294c6f9810,5123125cbe859867e6bdf6ab7954c6d2a61133892735c77144638fef6d87fe65,d1ef45b998b0dfe0acaad75dc1eb1b02f571c4314484bbd442ac3d55cd2de5a0,1.6212173293655117,0.27911717293298954,1.3421001564325221,swish_gate,30
FBCNet,OpenBMI_SSVEP,2,0,COMPLETE,1e76fb805ac34d9b98f5923843e040deadfebb4667f244ac72a78365289e03c7,d33c111e427b272165e4c22b2d65555fa33832a5326cd4dbdd457a294c6f9810,5123125cbe859867e6bdf6ab7954c6d2a61133892735c77144638fef6d87fe65,d1ef45b998b0dfe0acaad75dc1eb1b02f571c4314484bbd442ac3d55cd2de5a0,1.860263324342668,0.9363589139080917,0.9239044104345764,swish_gate,48
FBCNet,OpenBMI_SSVEP,2,0,COMPLETE,1e76fb805ac34d9b98f5923843e040deadfebb4667f244ac72a78365289e03c7,d33c111e427b272165e4c22b2d65555fa33832a5326cd4dbdd457a294c6f9810,5123125cbe859867e6bdf6ab7954c6d2a61133892735c77144638fef6d87fe65,d1ef45b998b0dfe0acaad75dc1eb1b02f571c4314484bbd442ac3d55cd2de5a0,0.7726733580542108,0.299964048670081,0.4727093093841298,swish_gate,50
FBCNet,OpenBMI_SSVEP,2,0,COMPLETE,1e76fb805ac34d9b98f5923843e040deadfebb4667f244ac72a78365289e03c7,d33c111e427b272165e4c22b2d65555fa33832a5326cd4dbdd457a294c6f9810,5123125cbe859867e6bdf6ab7954c6d2a61133892735c77144638fef6d87fe65,d1ef45b998b0dfe0acaad75dc1eb1b02f571c4314484bbd442ac3d55cd2de5a0,1.0761585279057424,0.5233526659584216,0.5528058619473208,swish_gate,52
FBCNet,OpenBMI_SSVEP,2,0,COMPLETE,1e76fb805ac34d9b98f5923843e040deadfebb4667f244ac72a78365289e03c7,d33c111e427b272165e4c22b2d65555fa33832a5326cd4dbdd457a294c6f9810,5123125cbe859867e6bdf6ab7954c6d2a61133892735c77144638fef6d87fe65,d1ef45b998b0dfe0acaad75dc1eb1b02f571c4314484bbd442ac3d55cd2de5a0,7.712683260440826,0.8276478555736446,6.885035404867182,segmented_variance,1
FBCNet,OpenBMI_SSVEP,2,0,COMPLETE,1e76fb805ac34d9b98f5923843e040deadfebb4667f244ac72a78365289e03c7,d33c111e427b272165e4c22b2d65555fa33832a5326cd4dbdd457a294c6f9810,5123125cbe859867e6bdf6ab7954c6d2a61133892735c77144638fef6d87fe65,d1ef45b998b0dfe0acaad75dc1eb1b02f571c4314484bbd442ac3d55cd2de5a0,7.403437282890081,1.8537633188332734,5.549673964056808,segmented_variance,8
FBCNet,OpenBMI_SSVEP,2,0,COMPLETE,1e76fb805ac34d9b98f5923843e040deadfebb4667f244ac72a78365289e03c7,d33c111e427b272165e4c22b2d65555fa33832a5326cd4dbdd457a294c6f9810,5123125cbe859867e6bdf6ab7954c6d2a61133892735c77144638fef6d87fe65,d1ef45b998b0dfe0acaad75dc1eb1b02f571c4314484bbd442ac3d55cd2de5a0,15.526505395770073,5.5855588116248445,9.940946584145228,segmented_variance,11
FBCNet,OpenBMI_SSVEP,2,0,COMPLETE,1e76fb805ac34d9b98f5923843e040deadfebb4667f244ac72a78365289e03c7,d33c111e427b272165e4c22b2d65555fa33832a5326cd4dbdd457a294c6f9810,5123125cbe859867e6bdf6ab7954c6d2a61133892735c77144638fef6d87fe65,d1ef45b998b0dfe0acaad75dc1eb1b02f571c4314484bbd442ac3d55cd2de5a0,6.276907581835985,-0.34695363835431614,6.623861220190301,segmented_variance,23
FBCNet,OpenBMI_SSVEP,2,0,COMPLETE,1e76fb805ac34d9b98f5923843e040deadfebb4667f244ac72a78365289e03c7,d33c111e427b272165e4c22b2d65555fa33832a5326cd4dbdd457a294c6f9810,5123125cbe859867e6bdf6ab7954c6d2a61133892735c77144638fef6d87fe65,d1ef45b998b0dfe0acaad75dc1eb1b02f571c4314484bbd442ac3d55cd2de5a0,9.622076882670322,0.08337257778893026,9.538704304881392,segmented_variance,30
FBCNet,OpenBMI_SSVEP,2,0,COMPLETE,1e76fb805ac34d9b98f5923843e040deadfebb4667f244ac72a78365289e03c7,d33c111e427b272165e4c22b2d65555fa33832a5326cd4dbdd457a294c6f9810,5123125cbe859867e6bdf6ab7954c6d2a61133892735c77144638fef6d87fe65,d1ef45b998b0dfe0acaad75dc1eb1b02f571c4314484bbd442ac3d55cd2de5a0,14.072085996468862,3.9026789291451376,10.169407067323725,segmented_variance,48
FBCNet,OpenBMI_SSVEP,2,0,COMPLETE,1e76fb805ac34d9b98f5923843e040deadfebb4667f244ac72a78365289e03c7,d33c111e427b272165e4c22b2d65555fa33832a5326cd4dbdd457a294c6f9810,5123125cbe859867e6bdf6ab7954c6d2a61133892735c77144638fef6d87fe65,d1ef45b998b0dfe0acaad75dc1eb1b02f571c4314484bbd442ac3d55cd2de5a0,5.949273989846309,0.8433685829490418,5.105905406897267,segmented_variance,50
FBCNet,OpenBMI_SSVEP,2,0,COMPLETE,1e76fb805ac34d9b98f5923843e040deadfebb4667f244ac72a78365289e03c7,d33c111e427b272165e4c22b2d65555fa33832a5326cd4dbdd457a294c6f9810,5123125cbe859867e6bdf6ab7954c6d2a61133892735c77144638fef6d87fe65,d1ef45b998b0dfe0acaad75dc1eb1b02f571c4314484bbd442ac3d55cd2de5a0,7.161178914209207,1.3668672026817994,5.794311711527407,segmented_variance,52
FBCNet,OpenBMI_SSVEP,2,0,COMPLETE,1e76fb805ac34d9b98f5923843e040deadfebb4667f244ac72a78365289e03c7,d33c111e427b272165e4c22b2d65555fa33832a5326cd4dbdd457a294c6f9810,5123125cbe859867e6bdf6ab7954c6d2a61133892735c77144638fef6d87fe65,d1ef45b998b0dfe0acaad75dc1eb1b02f571c4314484bbd442ac3d55cd2de5a0,5.121064810727679e-07,1.9096996584089318e-08,4.930094844886786e-07,log_variance_flatten,1
FBCNet,OpenBMI_SSVEP,2,0,COMPLETE,1e76fb805ac34d9b98f5923843e040deadfebb4667f244ac72a78365289e03c7,d33c111e427b272165e4c22b2d65555fa33832a5326cd4dbdd457a294c6f9810,5123125cbe859867e6bdf6ab7954c6d2a61133892735c77144638fef6d87fe65,d1ef45b998b0dfe0acaad75dc1eb1b02f571c4314484bbd442ac3d55cd2de5a0,4.299753613897413e-07,2.325671429252262e-08,4.067186470972187e-07,log_variance_flatten,8
FBCNet,OpenBMI_SSVEP,2,0,COMPLETE,1e76fb805ac34d9b98f5923843e040deadfebb4667f244ac72a78365289e03c7,d33c111e427b272165e4c22b2d65555fa33832a5326cd4dbdd457a294c6f9810,5123125cbe859867e6bdf6ab7954c6d2a61133892735c77144638fef6d87fe65,d1ef45b998b0dfe0acaad75dc1eb1b02f571c4314484bbd442ac3d55cd2de5a0,8.772691657554788e-07,5.8352920910831516e-08,8.189162448446472e-07,log_variance_flatten,11
FBCNet,OpenBMI_SSVEP,2,0,COMPLETE,1e76fb805ac34d9b98f5923843e040deadfebb4667f244ac72a78365289e03c7,d33c111e427b272165e4c22b2d65555fa33832a5326cd4dbdd457a294c6f9810,5123125cbe859867e6bdf6ab7954c6d2a61133892735c77144638fef6d87fe65,d1ef45b998b0dfe0acaad75dc1eb1b02f571c4314484bbd442ac3d55cd2de5a0,4.835171806642317e-07,-7.030364878590881e-09,4.905475455428225e-07,log_variance_flatten,23
FBCNet,OpenBMI_SSVEP,2,0,COMPLETE,1e76fb805ac34d9b98f5923843e040deadfebb4667f244ac72a78365289e03c7,d33c111e427b272165e4c22b2d65555fa33832a5326cd4dbdd457a294c6f9810,5123125cbe859867e6bdf6ab7954c6d2a61133892735c77144638fef6d87fe65,d1ef45b998b0dfe0acaad75dc1eb1b02f571c4314484bbd442ac3d55cd2de5a0,5.636844620700762e-07,4.509299169952458e-08,5.185914703705516e-07,log_variance_flatten,30
FBCNet,OpenBMI_SSVEP,2,0,COMPLETE,1e76fb805ac34d9b98f5923843e040deadfebb4667f244ac72a78365289e03c7,d33c111e427b272165e4c22b2d65555fa33832a5326cd4dbdd457a294c6f9810,5123125cbe859867e6bdf6ab7954c6d2a61133892735c77144638fef6d87fe65,d1ef45b998b0dfe0acaad75dc1eb1b02f571c4314484bbd442ac3d55cd2de5a0,6.926776533096776e-07,1.493912906639734e-08,6.777385242432802e-07,log_variance_flatten,48
FBCNet,OpenBMI_SSVEP,2,0,COMPLETE,1e76fb805ac34d9b98f5923843e040deadfebb4667f244ac72a78365289e03c7,d33c111e427b272165e4c22b2d65555fa33832a5326cd4dbdd457a294c6f9810,5123125cbe859867e6bdf6ab7954c6d2a61133892735c77144638fef6d87fe65,d1ef45b998b0dfe0acaad75dc1eb1b02f571c4314484bbd442ac3d55cd2de5a0,5.567642884507507e-07,1.028036438810431e-08,5.464839240626463e-07,log_variance_flatten,50
FBCNet,OpenBMI_SSVEP,2,0,COMPLETE,1e76fb805ac34d9b98f5923843e040deadfebb4667f244ac72a78365289e03c7,d33c111e427b272165e4c22b2d65555fa33832a5326cd4dbdd457a294c6f9810,5123125cbe859867e6bdf6ab7954c6d2a61133892735c77144638fef6d87fe65,d1ef45b998b0dfe0acaad75dc1eb1b02f571c4314484bbd442ac3d55cd2de5a0,4.469532210264286e-07,2.088512597059337e-08,4.260680950558352e-07,log_variance_flatten,52
FBCNet,OpenBMI_SSVEP,3,0,COMPLETE,5751369f8c080b81e938e9a69b5a0490a349d954dfb5db7a57af0b2546d39f60,e76ef2642ad0088e04ea9d32627c43677b98cdad6048471ae8482ade8930a9fe,064669a838321e2f859ac62b1b3e74d1dd5d949c1392cbf49fe57a25a975c013,d1ef45b998b0dfe0acaad75dc1eb1b02f571c4314484bbd442ac3d55cd2de5a0,1.2652663731326659,0.5153915559985518,0.7498748171341141,grouped_spatial,10
FBCNet,OpenBMI_SSVEP,3,0,COMPLETE,5751369f8c080b81e938e9a69b5a0490a349d954dfb5db7a57af0b2546d39f60,e76ef2642ad0088e04ea9d32627c43677b98cdad6048471ae8482ade8930a9fe,064669a838321e2f859ac62b1b3e74d1dd5d949c1392cbf49fe57a25a975c013,d1ef45b998b0dfe0acaad75dc1eb1b02f571c4314484bbd442ac3d55cd2de5a0,1.6270011868327856,0.621592157050812,1.0054090297819736,grouped_spatial,16
FBCNet,OpenBMI_SSVEP,3,0,COMPLETE,5751369f8c080b81e938e9a69b5a0490a349d954dfb5db7a57af0b2546d39f60,e76ef2642ad0088e04ea9d32627c43677b98cdad6048471ae8482ade8930a9fe,064669a838321e2f859ac62b1b3e74d1dd5d949c1392cbf49fe57a25a975c013,d1ef45b998b0dfe0acaad75dc1eb1b02f571c4314484bbd442ac3d55cd2de5a0,0.7811545366421342,0.23197690955790073,0.5491776270842335,grouped_spatial,19
FBCNet,OpenBMI_SSVEP,3,0,COMPLETE,5751369f8c080b81e938e9a69b5a0490a349d954dfb5db7a57af0b2546d39f60,e76ef2642ad0088e04ea9d32627c43677b98cdad6048471ae8482ade8930a9fe,064669a838321e2f859ac62b1b3e74d1dd5d949c1392cbf49fe57a25a975c013,d1ef45b998b0dfe0acaad75dc1eb1b02f571c4314484bbd442ac3d55cd2de5a0,0.7262476381535331,0.19220422115914204,0.5340434169943911,grouped_spatial,22
FBCNet,OpenBMI_SSVEP,3,0,COMPLETE,5751369f8c080b81e938e9a69b5a0490a349d954dfb5db7a57af0b2546d39f60,e76ef2642ad0088e04ea9d32627c43677b98cdad6048471ae8482ade8930a9fe,064669a838321e2f859ac62b1b3e74d1dd5d949c1392cbf49fe57a25a975c013,d1ef45b998b0dfe0acaad75dc1eb1b02f571c4314484bbd442ac3d55cd2de5a0,2.219958607107401,0.9322750553100678,1.287683551797333,grouped_spatial,27
FBCNet,OpenBMI_SSVEP,3,0,COMPLETE,5751369f8c080b81e938e9a69b5a0490a349d954dfb5db7a57af0b2546d39f60,e76ef2642ad0088e04ea9d32627c43677b98cdad6048471ae8482ade8930a9fe,064669a838321e2f859ac62b1b3e74d1dd5d949c1392cbf49fe57a25a975c013,d1ef45b998b0dfe0acaad75dc1eb1b02f571c4314484bbd442ac3d55cd2de5a0,0.7618029799001912,0.16477682694365892,0.5970261529565323,grouped_spatial,34
FBCNet,OpenBMI_SSVEP,3,0,COMPLETE,5751369f8c080b81e938e9a69b5a0490a349d954dfb5db7a57af0b2546d39f60,e76ef2642ad0088e04ea9d32627c43677b98cdad6048471ae8482ade8930a9fe,064669a838321e2f859ac62b1b3e74d1dd5d949c1392cbf49fe57a25a975c013,d1ef45b998b0dfe0acaad75dc1eb1b02f571c4314484bbd442ac3d55cd2de5a0,1.1447385813420017,0.4318042420983933,0.7129343392436084,grouped_spatial,45
FBCNet,OpenBMI_SSVEP,3,0,COMPLETE,5751369f8c080b81e938e9a69b5a0490a349d954dfb5db7a57af0b2546d39f60,e76ef2642ad0088e04ea9d32627c43677b98cdad6048471ae8482ade8930a9fe,064669a838321e2f859ac62b1b3e74d1dd5d949c1392cbf49fe57a25a975c013,d1ef45b998b0dfe0acaad75dc1eb1b02f571c4314484bbd442ac3d55cd2de5a0,0.8620277805409083,0.2847933081223163,0.577234472418592,grouped_spatial,49
FBCNet,OpenBMI_SSVEP,3,0,COMPLETE,5751369f8c080b81e938e9a69b5a0490a349d954dfb5db7a57af0b2546d39f60,e76ef2642ad0088e04ea9d32627c43677b98cdad6048471ae8482ade8930a9fe,064669a838321e2f859ac62b1b3e74d1dd5d949c1392cbf49fe57a25a975c013,d1ef45b998b0dfe0acaad75dc1eb1b02f571c4314484bbd442ac3d55cd2de5a0,1.4437789109845955,0.586765025764859,0.8570138852197365,batch_norm,10
FBCNet,OpenBMI_SSVEP,3,0,COMPLETE,5751369f8c080b81e938e9a69b5a0490a349d954dfb5db7a57af0b2546d39f60,e76ef2642ad0088e04ea9d32627c43677b98cdad6048471ae8482ade8930a9fe,064669a838321e2f859ac62b1b3e74d1dd5d949c1392cbf49fe57a25a975c013,d1ef45b998b0dfe0acaad75dc1eb1b02f571c4314484bbd442ac3d55cd2de5a0,1.7525045685470104,0.7343215512674457,1.0181830172795647,batch_norm,16
FBCNet,OpenBMI_SSVEP,3,0,COMPLETE,5751369f8c080b81e938e9a69b5a0490a349d954dfb5db7a57af0b2546d39f60,e76ef2642ad0088e04ea9d32627c43677b98cdad6048471ae8482ade8930a9fe,064669a838321e2f859ac62b1b3e74d1dd5d949c1392cbf49fe57a25a975c013,d1ef45b998b0dfe0acaad75dc1eb1b02f571c4314484bbd442ac3d55cd2de5a0,0.7135152405438324,0.13355432842625303,0.5799609121175794,batch_norm,19
FBCNet,OpenBMI_SSVEP,3,0,COMPLETE,5751369f8c080b81e938e9a69b5a0490a349d954dfb5db7a57af0b2546d39f60,e76ef2642ad0088e04ea9d32627c43677b98cdad6048471ae8482ade8930a9fe,064669a838321e2f859ac62b1b3e74d1dd5d949c1392cbf49fe57a25a975c013,d1ef45b998b0dfe0acaad75dc1eb1b02f571c4314484bbd442ac3d55cd2de5a0,0.7948745490672687,0.24354638666923467,0.5513281623980341,batch_norm,22
FBCNet,OpenBMI_SSVEP,3,0,COMPLETE,5751369f8c080b81e938e9a69b5a0490a349d954dfb5db7a57af0b2546d39f60,e76ef2642ad0088e04ea9d32627c43677b98cdad6048471ae8482ade8930a9fe,064669a838321e2f859ac62b1b3e74d1dd5d949c1392cbf49fe57a25a975c013,d1ef45b998b0dfe0acaad75dc1eb1b02f571c4314484bbd442ac3d55cd2de5a0,2.1486782810340324,0.8995795818565724,1.24909869917746,batch_norm,27
FBCNet,OpenBMI_SSVEP,3,0,COMPLETE,5751369f8c080b81e938e9a69b5a0490a349d954dfb5db7a57af0b2546d39f60,e76ef2642ad0088e04ea9d32627c43677b98cdad6048471ae8482ade8930a9fe,064669a838321e2f859ac62b1b3e74d1dd5d949c1392cbf49fe57a25a975c013,d1ef45b998b0dfe0acaad75dc1eb1b02f571c4314484bbd442ac3d55cd2de5a0,0.7129665402074655,0.12882330731023106,0.5841432328972345,batch_norm,34
FBCNet,OpenBMI_SSVEP,3,0,COMPLETE,5751369f8c080b81e938e9a69b5a0490a349d954dfb5db7a57af0b2546d39f60,e76ef2642ad0088e04ea9d32627c43677b98cdad6048471ae8482ade8930a9fe,064669a838321e2f859ac62b1b3e74d1dd5d949c1392cbf49fe57a25a975c013,d1ef45b998b0dfe0acaad75dc1eb1b02f571c4314484bbd442ac3d55cd2de5a0,1.2820446562642853,0.465321866675125,0.8167227895891603,batch_norm,45
FBCNet,OpenBMI_SSVEP,3,0,COMPLETE,5751369f8c080b81e938e9a69b5a0490a349d954dfb5db7a57af0b2546d39f60,e76ef2642ad0088e04ea9d32627c43677b98cdad6048471ae8482ade8930a9fe,064669a838321e2f859ac62b1b3e74d1dd5d949c1392cbf49fe57a25a975c013,d1ef45b998b0dfe0acaad75dc1eb1b02f571c4314484bbd442ac3d55cd2de5a0,1.0229654125869274,0.36414122205867894,0.6588241905282485,batch_norm,49
FBCNet,OpenBMI_SSVEP,3,0,COMPLETE,5751369f8c080b81e938e9a69b5a0490a349d954dfb5db7a57af0b2546d39f60,e76ef2642ad0088e04ea9d32627c43677b98cdad6048471ae8482ade8930a9fe,064669a838321e2f859ac62b1b3e74d1dd5d949c1392cbf49fe57a25a975c013,d1ef45b998b0dfe0acaad75dc1eb1b02f571c4314484bbd442ac3d55cd2de5a0,1.2272732878724735,0.5139628717916398,0.7133104160808337,swish_gate,10
FBCNet,OpenBMI_SSVEP,3,0,COMPLETE,5751369f8c080b81e938e9a69b5a0490a349d954dfb5db7a57af0b2546d39f60,e76ef2642ad0088e04ea9d32627c43677b98cdad6048471ae8482ade8930a9fe,064669a838321e2f859ac62b1b3e74d1dd5d949c1392cbf49fe57a25a975c013,d1ef45b998b0dfe0acaad75dc1eb1b02f571c4314484bbd442ac3d55cd2de5a0,1.5556330581506093,0.6946836947773891,0.8609493633732201,swish_gate,16
FBCNet,OpenBMI_SSVEP,3,0,COMPLETE,5751369f8c080b81e938e9a69b5a0490a349d954dfb5db7a57af0b2546d39f60,e76ef2642ad0088e04ea9d32627c43677b98cdad6048471ae8482ade8930a9fe,064669a838321e2f859ac62b1b3e74d1dd5d949c1392cbf49fe57a25a975c013,d1ef45b998b0dfe0acaad75dc1eb1b02f571c4314484bbd442ac3d55cd2de5a0,0.7308914450307687,0.16552064232178976,0.565370802708979,swish_gate,19
FBCNet,OpenBMI_SSVEP,3,0,COMPLETE,5751369f8c080b81e938e9a69b5a0490a349d954dfb5db7a57af0b2546d39f60,e76ef2642ad0088e04ea9d32627c43677b98cdad6048471ae8482ade8930a9fe,064669a838321e2f859ac62b1b3e74d1dd5d949c1392cbf49fe57a25a975c013,d1ef45b998b0dfe0acaad75dc1eb1b02f571c4314484bbd442ac3d55cd2de5a0,0.6406663462209204,0.14788507475061718,0.49278127147030326,swish_gate,22
FBCNet,OpenBMI_SSVEP,3,0,COMPLETE,5751369f8c080b81e938e9a69b5a0490a349d954dfb5db7a57af0b2546d39f60,e76ef2642ad0088e04ea9d32627c43677b98cdad6048471ae8482ade8930a9fe,064669a838321e2f859ac62b1b3e74d1dd5d949c1392cbf49fe57a25a975c013,d1ef45b998b0dfe0acaad75dc1eb1b02f571c4314484bbd442ac3d55cd2de5a0,2.192324820905924,0.9441393223552341,1.2481854985506897,swish_gate,27
FBCNet,OpenBMI_SSVEP,3,0,COMPLETE,5751369f8c080b81e938e9a69b5a0490a349d954dfb5db7a57af0b2546d39f60,e76ef2642ad0088e04ea9d32627c43677b98cdad6048471ae8482ade8930a9fe,064669a838321e2f859ac62b1b3e74d1dd5d949c1392cbf49fe57a25a975c013,d1ef45b998b0dfe0acaad75dc1eb1b02f571c4314484bbd442ac3d55cd2de5a0,0.6044311473766962,0.06688269472545161,0.5375484526512446,swish_gate,34
FBCNet,OpenBMI_SSVEP,3,0,COMPLETE,5751369f8c080b81e938e9a69b5a0490a349d954dfb5db7a57af0b2546d39f60,e76ef2642ad0088e04ea9d32627c43677b98cdad6048471ae8482ade8930a9fe,064669a838321e2f859ac62b1b3e74d1dd5d949c1392cbf49fe57a25a975c013,d1ef45b998b0dfe0acaad75dc1eb1b02f571c4314484bbd442ac3d55cd2de5a0,1.0454056275387604,0.39920542549574733,0.6462002020430131,swish_gate,45
FBCNet,OpenBMI_SSVEP,3,0,COMPLETE,5751369f8c080b81e938e9a69b5a0490a349d954dfb5db7a57af0b2546d39f60,e76ef2642ad0088e04ea9d32627c43677b98cdad6048471ae8482ade8930a9fe,064669a838321e2f859ac62b1b3e74d1dd5d949c1392cbf49fe57a25a975c013,d1ef45b998b0dfe0acaad75dc1eb1b02f571c4314484bbd442ac3d55cd2de5a0,0.7856183207283417,0.21181979293876785,0.5737985277895739,swish_gate,49
FBCNet,OpenBMI_SSVEP,3,0,COMPLETE,5751369f8c080b81e938e9a69b5a0490a349d954dfb5db7a57af0b2546d39f60,e76ef2642ad0088e04ea9d32627c43677b98cdad6048471ae8482ade8930a9fe,064669a838321e2f859ac62b1b3e74d1dd5d949c1392cbf49fe57a25a975c013,d1ef45b998b0dfe0acaad75dc1eb1b02f571c4314484bbd442ac3d55cd2de5a0,15.667708267768225,5.603564741592855,10.06414352617537,segmented_variance,10
FBCNet,OpenBMI_SSVEP,3,0,COMPLETE,5751369f8c080b81e938e9a69b5a0490a349d954dfb5db7a57af0b2546d39f60,e76ef2642ad0088e04ea9d32627c43677b98cdad6048471ae8482ade8930a9fe,064669a838321e2f859ac62b1b3e74d1dd5d949c1392cbf49fe57a25a975c013,d1ef45b998b0dfe0acaad75dc1eb1b02f571c4314484bbd442ac3d55cd2de5a0,16.407504650453728,7.3308815418245885,9.07662310862914,segmented_variance,16
FBCNet,OpenBMI_SSVEP,3,0,COMPLETE,5751369f8c080b81e938e9a69b5a0490a349d954dfb5db7a57af0b2546d39f60,e76ef2642ad0088e04ea9d32627c43677b98cdad6048471ae8482ade8930a9fe,064669a838321e2f859ac62b1b3e74d1dd5d949c1392cbf49fe57a25a975c013,d1ef45b998b0dfe0acaad75dc1eb1b02f571c4314484bbd442ac3d55cd2de5a0,9.874151890476545,0.7405174767443299,9.133634413732215,segmented_variance,19
FBCNet,OpenBMI_SSVEP,3,0,COMPLETE,5751369f8c080b81e938e9a69b5a0490a349d954dfb5db7a57af0b2546d39f60,e76ef2642ad0088e04ea9d32627c43677b98cdad6048471ae8482ade8930a9fe,064669a838321e2f859ac62b1b3e74d1dd5d949c1392cbf49fe57a25a975c013,d1ef45b998b0dfe0acaad75dc1eb1b02f571c4314484bbd442ac3d55cd2de5a0,7.681964832047622,1.0964411323765901,6.585523699671032,segmented_variance,22
FBCNet,OpenBMI_SSVEP,3,0,COMPLETE,5751369f8c080b81e938e9a69b5a0490a349d954dfb5db7a57af0b2546d39f60,e76ef2642ad0088e04ea9d32627c43677b98cdad6048471ae8482ade8930a9fe,064669a838321e2f859ac62b1b3e74d1dd5d949c1392cbf49fe57a25a975c013,d1ef45b998b0dfe0acaad75dc1eb1b02f571c4314484bbd442ac3d55cd2de5a0,12.458389888207117,4.549547436814755,7.9088424513923625,segmented_variance,27
FBCNet,OpenBMI_SSVEP,3,0,COMPLETE,5751369f8c080b81e938e9a69b5a0490a349d954dfb5db7a57af0b2546d39f60,e76ef2642ad0088e04ea9d32627c43677b98cdad6048471ae8482ade8930a9fe,064669a838321e2f859ac62b1b3e74d1dd5d949c1392cbf49fe57a25a975c013,d1ef45b998b0dfe0acaad75dc1eb1b02f571c4314484bbd442ac3d55cd2de5a0,7.783229860166709,1.1919309312601882,6.591298928906521,segmented_variance,34
FBCNet,OpenBMI_SSVEP,3,0,COMPLETE,5751369f8c080b81e938e9a69b5a0490a349d954dfb5db7a57af0b2546d39f60,e76ef2642ad0088e04ea9d32627c43677b98cdad6048471ae8482ade8930a9fe,064669a838321e2f859ac62b1b3e74d1dd5d949c1392cbf49fe57a25a975c013,d1ef45b998b0dfe0acaad75dc1eb1b02f571c4314484bbd442ac3d55cd2de5a0,7.982413928955793,0.894971992873276,7.087441936082517,segmented_variance,45
FBCNet,OpenBMI_SSVEP,3,0,COMPLETE,5751369f8c080b81e938e9a69b5a0490a349d954dfb5db7a57af0b2546d39f60,e76ef2642ad0088e04ea9d32627c43677b98cdad6048471ae8482ade8930a9fe,064669a838321e2f859ac62b1b3e74d1dd5d949c1392cbf49fe57a25a975c013,d1ef45b998b0dfe0acaad75dc1eb1b02f571c4314484bbd442ac3d55cd2de5a0,7.659366192917029,0.8117974771807601,6.847568715736269,segmented_variance,49
FBCNet,OpenBMI_SSVEP,3,0,COMPLETE,5751369f8c080b81e938e9a69b5a0490a349d954dfb5db7a57af0b2546d39f60,e76ef2642ad0088e04ea9d32627c43677b98cdad6048471ae8482ade8930a9fe,064669a838321e2f859ac62b1b3e74d1dd5d949c1392cbf49fe57a25a975c013,d1ef45b998b0dfe0acaad75dc1eb1b02f571c4314484bbd442ac3d55cd2de5a0,6.231398539391364e-07,3.639220788109742e-08,5.86747646058039e-07,log_variance_flatten,10
FBCNet,OpenBMI_SSVEP,3,0,COMPLETE,5751369f8c080b81e938e9a69b5a0490a349d954dfb5db7a57af0b2546d39f60,e76ef2642ad0088e04ea9d32627c43677b98cdad6048471ae8482ade8930a9fe,064669a838321e2f859ac62b1b3e74d1dd5d949c1392cbf49fe57a25a975c013,d1ef45b998b0dfe0acaad75dc1eb1b02f571c4314484bbd442ac3d55cd2de5a0,7.293617061421287e-07,1.2118140403730957e-08,7.172435657383977e-07,log_variance_flatten,16
FBCNet,OpenBMI_SSVEP,3,0,COMPLETE,5751369f8c080b81e938e9a69b5a0490a349d954dfb5db7a57af0b2546d39f60,e76ef2642ad0088e04ea9d32627c43677b98cdad6048471ae8482ade8930a9fe,064669a838321e2f859ac62b1b3e74d1dd5d949c1392cbf49fe57a25a975c013,d1ef45b998b0dfe0acaad75dc1eb1b02f571c4314484bbd442ac3d55cd2de5a0,4.991725057005662e-07,-1.6455044723103502e-09,5.008180101728765e-07,log_variance_flatten,19
FBCNet,OpenBMI_SSVEP,3,0,COMPLETE,5751369f8c080b81e938e9a69b5a0490a349d954dfb5db7a57af0b2546d39f60,e76ef2642ad0088e04ea9d32627c43677b98cdad6048471ae8482ade8930a9fe,064669a838321e2f859ac62b1b3e74d1dd5d949c1392cbf49fe57a25a975c013,d1ef45b998b0dfe0acaad75dc1eb1b02f571c4314484bbd442ac3d55cd2de5a0,4.760565956255884e-07,2.458310423669733e-08,4.5147349138889105e-07,log_variance_flatten,22
FBCNet,OpenBMI_SSVEP,3,0,COMPLETE,5751369f8c080b81e938e9a69b5a0490a349d954dfb5db7a57af0b2546d39f60,e76ef2642ad0088e04ea9d32627c43677b98cdad6048471ae8482ade8930a9fe,064669a838321e2f859ac62b1b3e74d1dd5d949c1392cbf49fe57a25a975c013,d1ef45b998b0dfe0acaad75dc1eb1b02f571c4314484bbd442ac3d55cd2de5a0,8.369888634026287e-07,-3.2234110983371845e-08,8.692229743860005e-07,log_variance_flatten,27
FBCNet,OpenBMI_SSVEP,3,0,COMPLETE,5751369f8c080b81e938e9a69b5a0490a349d954dfb5db7a57af0b2546d39f60,e76ef2642ad0088e04ea9d32627c43677b98cdad6048471ae8482ade8930a9fe,064669a838321e2f859ac62b1b3e74d1dd5d949c1392cbf49fe57a25a975c013,d1ef45b998b0dfe0acaad75dc1eb1b02f571c4314484bbd442ac3d55cd2de5a0,5.011177187282575e-07,-1.1096408144197493e-10,5.012286828096995e-07,log_variance_flatten,34
FBCNet,OpenBMI_SSVEP,3,0,COMPLETE,5751369f8c080b81e938e9a69b5a0490a349d954dfb5db7a57af0b2546d39f60,e76ef2642ad0088e04ea9d32627c43677b98cdad6048471ae8482ade8930a9fe,064669a838321e2f859ac62b1b3e74d1dd5d949c1392cbf49fe57a25a975c013,d1ef45b998b0dfe0acaad75dc1eb1b02f571c4314484bbd442ac3d55cd2de5a0,5.012998035939612e-07,-6.953448304073791e-08,5.708342866346991e-07,log_variance_flatten,45
FBCNet,OpenBMI_SSVEP,3,0,COMPLETE,5751369f8c080b81e938e9a69b5a0490a349d954dfb5db7a57af0b2546d39f60,e76ef2642ad0088e04ea9d32627c43677b98cdad6048471ae8482ade8930a9fe,064669a838321e2f859ac62b1b3e74d1dd5d949c1392cbf49fe57a25a975c013,d1ef45b998b0dfe0acaad75dc1eb1b02f571c4314484bbd442ac3d55cd2de5a0,6.30182871293646e-07,7.58024083328628e-08,5.543804629607832e-07,log_variance_flatten,49
FBCNet,OpenBMI_SSVEP,4,0,COMPLETE,8bd111fd7213f9ee971ff9d6dd720c7eb60407a477c1a01b39efad5d5a9c4d56,ec4ebad11ab3e505aa0b684a79dbf2ac6880b96f5f80191d6fc0697774f7bff3,706696f5a7300bc0e27885accf0b05176650b95baf9c4436669cb5e130e62b1e,d1ef45b998b0dfe0acaad75dc1eb1b02f571c4314484bbd442ac3d55cd2de5a0,1.0038293558172882,0.5701072476501577,0.4337221081671304,grouped_spatial,7
FBCNet,OpenBMI_SSVEP,4,0,COMPLETE,8bd111fd7213f9ee971ff9d6dd720c7eb60407a477c1a01b39efad5d5a9c4d56,ec4ebad11ab3e505aa0b684a79dbf2ac6880b96f5f80191d6fc0697774f7bff3,706696f5a7300bc0e27885accf0b05176650b95baf9c4436669cb5e130e62b1e,d1ef45b998b0dfe0acaad75dc1eb1b02f571c4314484bbd442ac3d55cd2de5a0,0.9361716893812021,0.5059548524252993,0.43021683695590285,grouped_spatial,9
FBCNet,OpenBMI_SSVEP,4,0,COMPLETE,8bd111fd7213f9ee971ff9d6dd720c7eb60407a477c1a01b39efad5d5a9c4d56,ec4ebad11ab3e505aa0b684a79dbf2ac6880b96f5f80191d6fc0697774f7bff3,706696f5a7300bc0e27885accf0b05176650b95baf9c4436669cb5e130e62b1e,d1ef45b998b0dfe0acaad75dc1eb1b02f571c4314484bbd442ac3d55cd2de5a0,0.9459022347194453,0.4732559450911746,0.47264628962827077,grouped_spatial,20
FBCNet,OpenBMI_SSVEP,4,0,COMPLETE,8bd111fd7213f9ee971ff9d6dd720c7eb60407a477c1a01b39efad5d5a9c4d56,ec4ebad11ab3e505aa0b684a79dbf2ac6880b96f5f80191d6fc0697774f7bff3,706696f5a7300bc0e27885accf0b05176650b95baf9c4436669cb5e130e62b1e,d1ef45b998b0dfe0acaad75dc1eb1b02f571c4314484bbd442ac3d55cd2de5a0,2.1150043808544674,1.334885422340594,0.7801189585138734,grouped_spatial,21
FBCNet,OpenBMI_SSVEP,4,0,COMPLETE,8bd111fd7213f9ee971ff9d6dd720c7eb60407a477c1a01b39efad5d5a9c4d56,ec4ebad11ab3e505aa0b684a79dbf2ac6880b96f5f80191d6fc0697774f7bff3,706696f5a7300bc0e27885accf0b05176650b95baf9c4436669cb5e130e62b1e,d1ef45b998b0dfe0acaad75dc1eb1b02f571c4314484bbd442ac3d55cd2de5a0,1.525748916901648,0.8861907914744612,0.6395581254271868,grouped_spatial,41
FBCNet,OpenBMI_SSVEP,4,0,COMPLETE,8bd111fd7213f9ee971ff9d6dd720c7eb60407a477c1a01b39efad5d5a9c4d56,ec4ebad11ab3e505aa0b684a79dbf2ac6880b96f5f80191d6fc0697774f7bff3,706696f5a7300bc0e27885accf0b05176650b95baf9c4436669cb5e130e62b1e,d1ef45b998b0dfe0acaad75dc1eb1b02f571c4314484bbd442ac3d55cd2de5a0,2.646906786908706,1.7102530023820388,0.9366537845266673,grouped_spatial,44
FBCNet,OpenBMI_SSVEP,4,0,COMPLETE,8bd111fd7213f9ee971ff9d6dd720c7eb60407a477c1a01b39efad5d5a9c4d56,ec4ebad11ab3e505aa0b684a79dbf2ac6880b96f5f80191d6fc0697774f7bff3,706696f5a7300bc0e27885accf0b05176650b95baf9c4436669cb5e130e62b1e,d1ef45b998b0dfe0acaad75dc1eb1b02f571c4314484bbd442ac3d55cd2de5a0,0.772114849028488,0.312934328626725,0.45918052040176305,grouped_spatial,46
FBCNet,OpenBMI_SSVEP,4,0,COMPLETE,8bd111fd7213f9ee971ff9d6dd720c7eb60407a477c1a01b39efad5d5a9c4d56,ec4ebad11ab3e505aa0b684a79dbf2ac6880b96f5f80191d6fc0697774f7bff3,706696f5a7300bc0e27885accf0b05176650b95baf9c4436669cb5e130e62b1e,d1ef45b998b0dfe0acaad75dc1eb1b02f571c4314484bbd442ac3d55cd2de5a0,1.3345829956233501,0.8213492186691534,0.5132337769541967,grouped_spatial,53
FBCNet,OpenBMI_SSVEP,4,0,COMPLETE,8bd111fd7213f9ee971ff9d6dd720c7eb60407a477c1a01b39efad5d5a9c4d56,ec4ebad11ab3e505aa0b684a79dbf2ac6880b96f5f80191d6fc0697774f7bff3,706696f5a7300bc0e27885accf0b05176650b95baf9c4436669cb5e130e62b1e,d1ef45b998b0dfe0acaad75dc1eb1b02f571c4314484bbd442ac3d55cd2de5a0,1.0398669969290495,0.5756794076327545,0.464187589296295,batch_norm,7
FBCNet,OpenBMI_SSVEP,4,0,COMPLETE,8bd111fd7213f9ee971ff9d6dd720c7eb60407a477c1a01b39efad5d5a9c4d56,ec4ebad11ab3e505aa0b684a79dbf2ac6880b96f5f80191d6fc0697774f7bff3,706696f5a7300bc0e27885accf0b05176650b95baf9c4436669cb5e130e62b1e,d1ef45b998b0dfe0acaad75dc1eb1b02f571c4314484bbd442ac3d55cd2de5a0,0.8303828915425887,0.435089970737851,0.3952929208047377,batch_norm,9
FBCNet,OpenBMI_SSVEP,4,0,COMPLETE,8bd111fd7213f9ee971ff9d6dd720c7eb60407a477c1a01b39efad5d5a9c4d56,ec4ebad11ab3e505aa0b684a79dbf2ac6880b96f5f80191d6fc0697774f7bff3,706696f5a7300bc0e27885accf0b05176650b95baf9c4436669cb5e130e62b1e,d1ef45b998b0dfe0acaad75dc1eb1b02f571c4314484bbd442ac3d55cd2de5a0,0.9640473946928978,0.49668435400836947,0.46736304068452833,batch_norm,20
FBCNet,OpenBMI_SSVEP,4,0,COMPLETE,8bd111fd7213f9ee971ff9d6dd720c7eb60407a477c1a01b39efad5d5a9c4d56,ec4ebad11ab3e505aa0b684a79dbf2ac6880b96f5f80191d6fc0697774f7bff3,706696f5a7300bc0e27885accf0b05176650b95baf9c4436669cb5e130e62b1e,d1ef45b998b0dfe0acaad75dc1eb1b02f571c4314484bbd442ac3d55cd2de5a0,1.9211669911940892,1.1507288267919404,0.7704381644021487,batch_norm,21
FBCNet,OpenBMI_SSVEP,4,0,COMPLETE,8bd111fd7213f9ee971ff9d6dd720c7eb60407a477c1a01b39efad5d5a9c4d56,ec4ebad11ab3e505aa0b684a79dbf2ac6880b96f5f80191d6fc0697774f7bff3,706696f5a7300bc0e27885accf0b05176650b95baf9c4436669cb5e130e62b1e,d1ef45b998b0dfe0acaad75dc1eb1b02f571c4314484bbd442ac3d55cd2de5a0,1.152172014117241,0.666415837300883,0.48575617681635785,batch_norm,41
FBCNet,OpenBMI_SSVEP,4,0,COMPLETE,8bd111fd7213f9ee971ff9d6dd720c7eb60407a477c1a01b39efad5d5a9c4d56,ec4ebad11ab3e505aa0b684a79dbf2ac6880b96f5f80191d6fc0697774f7bff3,706696f5a7300bc0e27885accf0b05176650b95baf9c4436669cb5e130e62b1e,d1ef45b998b0dfe0acaad75dc1eb1b02f571c4314484bbd442ac3d55cd2de5a0,2.423004830876986,1.5373054437641986,0.8856993871127875,batch_norm,44
FBCNet,OpenBMI_SSVEP,4,0,COMPLETE,8bd111fd7213f9ee971ff9d6dd720c7eb60407a477c1a01b39efad5d5a9c4d56,ec4ebad11ab3e505aa0b684a79dbf2ac6880b96f5f80191d6fc0697774f7bff3,706696f5a7300bc0e27885accf0b05176650b95baf9c4436669cb5e130e62b1e,d1ef45b998b0dfe0acaad75dc1eb1b02f571c4314484bbd442ac3d55cd2de5a0,0.9163436215991775,0.4190759467283109,0.4972676748708666,batch_norm,46
FBCNet,OpenBMI_SSVEP,4,0,COMPLETE,8bd111fd7213f9ee971ff9d6dd720c7eb60407a477c1a01b39efad5d5a9c4d56,ec4ebad11ab3e505aa0b684a79dbf2ac6880b96f5f80191d6fc0697774f7bff3,706696f5a7300bc0e27885accf0b05176650b95baf9c4436669cb5e130e62b1e,d1ef45b998b0dfe0acaad75dc1eb1b02f571c4314484bbd442ac3d55cd2de5a0,1.3090600582460563,0.73416193431903,0.5748981239270263,batch_norm,53
FBCNet,OpenBMI_SSVEP,4,0,COMPLETE,8bd111fd7213f9ee971ff9d6dd720c7eb60407a477c1a01b39efad5d5a9c4d56,ec4ebad11ab3e505aa0b684a79dbf2ac6880b96f5f80191d6fc0697774f7bff3,706696f5a7300bc0e27885accf0b05176650b95baf9c4436669cb5e130e62b1e,d1ef45b998b0dfe0acaad75dc1eb1b02f571c4314484bbd442ac3d55cd2de5a0,0.7820015968754888,0.4315871647820556,0.35041443209343315,swish_gate,7
FBCNet,OpenBMI_SSVEP,4,0,COMPLETE,8bd111fd7213f9ee971ff9d6dd720c7eb60407a477c1a01b39efad5d5a9c4d56,ec4ebad11ab3e505aa0b684a79dbf2ac6880b96f5f80191d6fc0697774f7bff3,706696f5a7300bc0e27885accf0b05176650b95baf9c4436669cb5e130e62b1e,d1ef45b998b0dfe0acaad75dc1eb1b02f571c4314484bbd442ac3d55cd2de5a0,0.8313511157563577,0.46485287711308043,0.36649823864327724,swish_gate,9
FBCNet,OpenBMI_SSVEP,4,0,COMPLETE,8bd111fd7213f9ee971ff9d6dd720c7eb60407a477c1a01b39efad5d5a9c4d56,ec4ebad11ab3e505aa0b684a79dbf2ac6880b96f5f80191d6fc0697774f7bff3,706696f5a7300bc0e27885accf0b05176650b95baf9c4436669cb5e130e62b1e,d1ef45b998b0dfe0acaad75dc1eb1b02f571c4314484bbd442ac3d55cd2de5a0,0.7485261582769454,0.3661272125802741,0.38239894569667127,swish_gate,20
FBCNet,OpenBMI_SSVEP,4,0,COMPLETE,8bd111fd7213f9ee971ff9d6dd720c7eb60407a477c1a01b39efad5d5a9c4d56,ec4ebad11ab3e505aa0b684a79dbf2ac6880b96f5f80191d6fc0697774f7bff3,706696f5a7300bc0e27885accf0b05176650b95baf9c4436669cb5e130e62b1e,d1ef45b998b0dfe0acaad75dc1eb1b02f571c4314484bbd442ac3d55cd2de5a0,1.73997937515378,0.9713253111603748,0.7686540639934052,swish_gate,21
FBCNet,OpenBMI_SSVEP,4,0,COMPLETE,8bd111fd7213f9ee971ff9d6dd720c7eb60407a477c1a01b39efad5d5a9c4d56,ec4ebad11ab3e505aa0b684a79dbf2ac6880b96f5f80191d6fc0697774f7bff3,706696f5a7300bc0e27885accf0b05176650b95baf9c4436669cb5e130e62b1e,d1ef45b998b0dfe0acaad75dc1eb1b02f571c4314484bbd442ac3d55cd2de5a0,1.2991353531057637,0.7536965373965602,0.5454388157092035,swish_gate,41
FBCNet,OpenBMI_SSVEP,4,0,COMPLETE,8bd111fd7213f9ee971ff9d6dd720c7eb60407a477c1a01b39efad5d5a9c4d56,ec4ebad11ab3e505aa0b684a79dbf2ac6880b96f5f80191d6fc0697774f7bff3,706696f5a7300bc0e27885accf0b05176650b95baf9c4436669cb5e130e62b1e,d1ef45b998b0dfe0acaad75dc1eb1b02f571c4314484bbd442ac3d55cd2de5a0,1.920824371278286,1.1283379698793095,0.7924864013989764,swish_gate,44
FBCNet,OpenBMI_SSVEP,4,0,COMPLETE,8bd111fd7213f9ee971ff9d6dd720c7eb60407a477c1a01b39efad5d5a9c4d56,ec4ebad11ab3e505aa0b684a79dbf2ac6880b96f5f80191d6fc0697774f7bff3,706696f5a7300bc0e27885accf0b05176650b95baf9c4436669cb5e130e62b1e,d1ef45b998b0dfe0acaad75dc1eb1b02f571c4314484bbd442ac3d55cd2de5a0,0.7643915013565371,0.38232262919501714,0.38206887216151997,swish_gate,46
FBCNet,OpenBMI_SSVEP,4,0,COMPLETE,8bd111fd7213f9ee971ff9d6dd720c7eb60407a477c1a01b39efad5d5a9c4d56,ec4ebad11ab3e505aa0b684a79dbf2ac6880b96f5f80191d6fc0697774f7bff3,706696f5a7300bc0e27885accf0b05176650b95baf9c4436669cb5e130e62b1e,d1ef45b998b0dfe0acaad75dc1eb1b02f571c4314484bbd442ac3d55cd2de5a0,1.2314411103725433,0.7023743385549944,0.5290667718175489,swish_gate,53
FBCNet,OpenBMI_SSVEP,4,0,COMPLETE,8bd111fd7213f9ee971ff9d6dd720c7eb60407a477c1a01b39efad5d5a9c4d56,ec4ebad11ab3e505aa0b684a79dbf2ac6880b96f5f80191d6fc0697774f7bff3,706696f5a7300bc0e27885accf0b05176650b95baf9c4436669cb5e130e62b1e,d1ef45b998b0dfe0acaad75dc1eb1b02f571c4314484bbd442ac3d55cd2de5a0,8.68783621241649,3.799014613387797,4.888821599028693,segmented_variance,7
FBCNet,OpenBMI_SSVEP,4,0,COMPLETE,8bd111fd7213f9ee971ff9d6dd720c7eb60407a477c1a01b39efad5d5a9c4d56,ec4ebad11ab3e505aa0b684a79dbf2ac6880b96f5f80191d6fc0697774f7bff3,706696f5a7300bc0e27885accf0b05176650b95baf9c4436669cb5e130e62b1e,d1ef45b998b0dfe0acaad75dc1eb1b02f571c4314484bbd442ac3d55cd2de5a0,7.722924128174782,3.4040450539222604,4.318879074252521,segmented_variance,9
FBCNet,OpenBMI_SSVEP,4,0,COMPLETE,8bd111fd7213f9ee971ff9d6dd720c7eb60407a477c1a01b39efad5d5a9c4d56,ec4ebad11ab3e505aa0b684a79dbf2ac6880b96f5f80191d6fc0697774f7bff3,706696f5a7300bc0e27885accf0b05176650b95baf9c4436669cb5e130e62b1e,d1ef45b998b0dfe0acaad75dc1eb1b02f571c4314484bbd442ac3d55cd2de5a0,6.973615667472283,2.5623351003823336,4.41128056708995,segmented_variance,20
FBCNet,OpenBMI_SSVEP,4,0,COMPLETE,8bd111fd7213f9ee971ff9d6dd720c7eb60407a477c1a01b39efad5d5a9c4d56,ec4ebad11ab3e505aa0b684a79dbf2ac6880b96f5f80191d6fc0697774f7bff3,706696f5a7300bc0e27885accf0b05176650b95baf9c4436669cb5e130e62b1e,d1ef45b998b0dfe0acaad75dc1eb1b02f571c4314484bbd442ac3d55cd2de5a0,13.523223906755447,4.788553221318869,8.734670685436578,segmented_variance,21
FBCNet,OpenBMI_SSVEP,4,0,COMPLETE,8bd111fd7213f9ee971ff9d6dd720c7eb60407a477c1a01b39efad5d5a9c4d56,ec4ebad11ab3e505aa0b684a79dbf2ac6880b96f5f80191d6fc0697774f7bff3,706696f5a7300bc0e27885accf0b05176650b95baf9c4436669cb5e130e62b1e,d1ef45b998b0dfe0acaad75dc1eb1b02f571c4314484bbd442ac3d55cd2de5a0,7.048947975039482,2.524292002826308,4.524655972213174,segmented_variance,41
FBCNet,OpenBMI_SSVEP,4,0,COMPLETE,8bd111fd7213f9ee971ff9d6dd720c7eb60407a477c1a01b39efad5d5a9c4d56,ec4ebad11ab3e505aa0b684a79dbf2ac6880b96f5f80191d6fc0697774f7bff3,706696f5a7300bc0e27885accf0b05176650b95baf9c4436669cb5e130e62b1e,d1ef45b998b0dfe0acaad75dc1eb1b02f571c4314484bbd442ac3d55cd2de5a0,14.858305434385935,7.921223732526412,6.9370817018595226,segmented_variance,44
FBCNet,OpenBMI_SSVEP,4,0,COMPLETE,8bd111fd7213f9ee971ff9d6dd720c7eb60407a477c1a01b39efad5d5a9c4d56,ec4ebad11ab3e505aa0b684a79dbf2ac6880b96f5f80191d6fc0697774f7bff3,706696f5a7300bc0e27885accf0b05176650b95baf9c4436669cb5e130e62b1e,d1ef45b998b0dfe0acaad75dc1eb1b02f571c4314484bbd442ac3d55cd2de5a0,5.034388747066259,0.5548981695932653,4.479490577472994,segmented_variance,46
FBCNet,OpenBMI_SSVEP,4,0,COMPLETE,8bd111fd7213f9ee971ff9d6dd720c7eb60407a477c1a01b39efad5d5a9c4d56,ec4ebad11ab3e505aa0b684a79dbf2ac6880b96f5f80191d6fc0697774f7bff3,706696f5a7300bc0e27885accf0b05176650b95baf9c4436669cb5e130e62b1e,d1ef45b998b0dfe0acaad75dc1eb1b02f571c4314484bbd442ac3d55cd2de5a0,6.221208384881417,1.5882066271283355,4.633001757753082,segmented_variance,53
FBCNet,OpenBMI_SSVEP,4,0,COMPLETE,8bd111fd7213f9ee971ff9d6dd720c7eb60407a477c1a01b39efad5d5a9c4d56,ec4ebad11ab3e505aa0b684a79dbf2ac6880b96f5f80191d6fc0697774f7bff3,706696f5a7300bc0e27885accf0b05176650b95baf9c4436669cb5e130e62b1e,d1ef45b998b0dfe0acaad75dc1eb1b02f571c4314484bbd442ac3d55cd2de5a0,6.327390374612681e-07,3.1539205446555086e-08,6.01199832014713e-07,log_variance_flatten,7
FBCNet,OpenBMI_SSVEP,4,0,COMPLETE,8bd111fd7213f9ee971ff9d6dd720c7eb60407a477c1a01b39efad5d5a9c4d56,ec4ebad11ab3e505aa0b684a79dbf2ac6880b96f5f80191d6fc0697774f7bff3,706696f5a7300bc0e27885accf0b05176650b95baf9c4436669cb5e130e62b1e,d1ef45b998b0dfe0acaad75dc1eb1b02f571c4314484bbd442ac3d55cd2de5a0,5.710322978913496e-07,-4.87738644180021e-08,6.198061623093517e-07,log_variance_flatten,9
FBCNet,OpenBMI_SSVEP,4,0,COMPLETE,8bd111fd7213f9ee971ff9d6dd720c7eb60407a477c1a01b39efad5d5a9c4d56,ec4ebad11ab3e505aa0b684a79dbf2ac6880b96f5f80191d6fc0697774f7bff3,706696f5a7300bc0e27885accf0b05176650b95baf9c4436669cb5e130e62b1e,d1ef45b998b0dfe0acaad75dc1eb1b02f571c4314484bbd442ac3d55cd2de5a0,5.178837467016232e-07,-1.1741939753839964e-08,5.296256864554631e-07,log_variance_flatten,20
FBCNet,OpenBMI_SSVEP,4,0,COMPLETE,8bd111fd7213f9ee971ff9d6dd720c7eb60407a477c1a01b39efad5d5a9c4d56,ec4ebad11ab3e505aa0b684a79dbf2ac6880b96f5f80191d6fc0697774f7bff3,706696f5a7300bc0e27885accf0b05176650b95baf9c4436669cb5e130e62b1e,d1ef45b998b0dfe0acaad75dc1eb1b02f571c4314484bbd442ac3d55cd2de5a0,7.453831972388988e-07,-7.977634008208639e-09,7.533608312471074e-07,log_variance_flatten,21
FBCNet,OpenBMI_SSVEP,4,0,COMPLETE,8bd111fd7213f9ee971ff9d6dd720c7eb60407a477c1a01b39efad5d5a9c4d56,ec4ebad11ab3e505aa0b684a79dbf2ac6880b96f5f80191d6fc0697774f7bff3,706696f5a7300bc0e27885accf0b05176650b95baf9c4436669cb5e130e62b1e,d1ef45b998b0dfe0acaad75dc1eb1b02f571c4314484bbd442ac3d55cd2de5a0,7.291227805220993e-07,1.0980362628772461e-08,7.181424178933269e-07,log_variance_flatten,41
FBCNet,OpenBMI_SSVEP,4,0,COMPLETE,8bd111fd7213f9ee971ff9d6dd720c7eb60407a477c1a01b39efad5d5a9c4d56,ec4ebad11ab3e505aa0b684a79dbf2ac6880b96f5f80191d6fc0697774f7bff3,706696f5a7300bc0e27885accf0b05176650b95baf9c4436669cb5e130e62b1e,d1ef45b998b0dfe0acaad75dc1eb1b02f571c4314484bbd442ac3d55cd2de5a0,7.763641418634393e-07,2.452202626124222e-08,7.51842115602197e-07,log_variance_flatten,44
FBCNet,OpenBMI_SSVEP,4,0,COMPLETE,8bd111fd7213f9ee971ff9d6dd720c7eb60407a477c1a01b39efad5d5a9c4d56,ec4ebad11ab3e505aa0b684a79dbf2ac6880b96f5f80191d6fc0697774f7bff3,706696f5a7300bc0e27885accf0b05176650b95baf9c4436669cb5e130e62b1e,d1ef45b998b0dfe0acaad75dc1eb1b02f571c4314484bbd442ac3d55cd2de5a0,4.359599422206391e-07,1.1355541386833424e-08,4.246044008338057e-07,log_variance_flatten,46
FBCNet,OpenBMI_SSVEP,4,0,COMPLETE,8bd111fd7213f9ee971ff9d6dd720c7eb60407a477c1a01b39efad5d5a9c4d56,ec4ebad11ab3e505aa0b684a79dbf2ac6880b96f5f80191d6fc0697774f7bff3,706696f5a7300bc0e27885accf0b05176650b95baf9c4436669cb5e130e62b1e,d1ef45b998b0dfe0acaad75dc1eb1b02f571c4314484bbd442ac3d55cd2de5a0,5.437081648610823e-07,-3.159523715323686e-08,5.753034020143192e-07,log_variance_flatten,53
