P_t,U_t,D_t,I_t,history_BA_t,history_loss_t,coordinate_drift_t,protected_contribution_t,identity_contribution_t,G_surrogate_t,subject_id,source_fold,checkpoint,step
0.0,0.0,0.0,0.0,0.8999999999999999,0.23101771148818456,0.0,0.0,0.0,0.0,1,0,t0,0
0.5903799968528753,-0.010000000000000009,0.01,0.005144899173236707,0.8999999999999999,0.228127602665825,0.012093443331075019,0.026382833523355426,0.016326756347183863,0.0009973945995392364,1,0,t1,1
0.5868418965904818,0.0,0.0,0.009982255771496596,0.9099999999999999,0.22537476978805032,0.023893318464036913,0.05175185435773861,0.03197300896120733,0.0019178270605832992,1,0,t2,2
0.583420730841113,0.0,0.0,0.014538719306552051,0.9099999999999999,0.22274842601691452,0.03541593796713504,0.07617467815036881,0.04698410383334018,0.002769161754434063,1,0,t3,3
0.5801109846302016,0.0,0.0,0.018838413929451094,0.9099999999999999,0.22023896785710767,0.046676173688669075,0.09971268522415692,0.06140124268051777,0.0035582904186966247,1,0,t4,4
0.5769074356697852,0.0,0.0,0.02290261592246925,0.9099999999999999,0.2178378117195322,0.05768762579353741,0.12242175438980787,0.07526197144607043,0.004291274065044842,1,0,final,5
0.0,0.0,0.0,0.0,0.8200000000000001,0.36324301786487107,0.0,0.0,0.0,0.0,10,0,t0,0
0.9562863463821552,0.010000000000000009,0.01,0.05250148235194889,0.8300000000000001,0.34787246416046114,0.028185375151099364,0.10881440573746189,0.10949375439692902,0.013533839430839245,10,0,t1,1
0.9533487927569915,0.010000000000000009,0.01,0.09797505624803445,0.8300000000000001,0.3359723952454214,0.05295903358850246,0.20290077154527605,0.2041876377091578,0.02376797167451561,10,0,t2,2
0.9501099663595766,0.010000000000000009,0.01,0.13709870360265528,0.8400000000000001,0.3266275671788622,0.07486342739741016,0.28441583622854155,0.2862048195868214,0.031589880140695414,10,0,t3,3
0.9465805831315256,0.030000000000000027,0.03,0.17059605798382446,0.8600000000000001,0.3191654409581646,0.09436407200788935,0.3552362112953875,0.3573963882643957,0.037649524023142256,10,0,t4,4
0.9427778788451082,0.030000000000000027,0.03,0.19908476467897845,0.8600000000000001,0.3130941725013501,0.11185666125944303,0.4169792367275827,0.4193612430854569,0.042420390039930256,10,0,final,5
0.0,0.0,0.0,0.0,0.8,0.5104627791552021,0.0,0.0,0.0,0.0,11,0,t0,0
0.9322105985838114,0.0,0.0,0.041477033841838255,0.8,0.4935527133580058,0.02887850355228281,0.09729782651294294,0.09666181319948632,0.013861307880722429,11,0,t1,1
0.9300170627914924,0.019999999999999907,0.02,0.08106731567259175,0.82,0.4790709162257488,0.05561373363957108,0.18649568637873223,0.1851435274038379,0.025501569195049312,11,0,t2,2
0.9276992455982443,0.019999999999999907,0.02,0.11842630979974121,0.82,0.46668501524071093,0.08033706212154361,0.2680179931760254,0.265884301311946,0.03523703782074317,11,0,t3,3
0.9252570550770698,0.019999999999999907,0.02,0.1536082017108872,0.82,0.4560962743170407,0.10318202661269649,0.34230906912718784,0.33934071171219776,0.04335118072999422,11,0,t4,4
0.9226913916172933,0.020000000000000018,0.04,0.18637423433697373,0.8200000000000001,0.44703865161017275,0.1242830355123084,0.4098272659429092,0.40598097916507936,0.05009560745777086,11,0,final,5
0.0,0.0,0.0,0.0,0.75,0.46545897358490596,0.0,0.0,0.0,0.0,14,0,t0,0
0.6526790126990941,0.0,0.0,0.007545342497158907,0.75,0.4617835715756113,0.01336933142725168,0.02527180299328759,0.017430279292400114,0.0014759691532448271,14,0,t1,1
0.6460636481763145,0.0,0.0,0.014776705832640792,0.75,0.4583414280085773,0.02631419826253105,0.0492705125757983,0.033903761186254516,0.002788895276090886,14,0,t2,2
0.6393757519179066,0.0,0.0,0.02170865931580967,0.75,0.4551120491658196,0.038856795444361054,0.07204423023572688,0.049465920032657255,0.0039550931395661015,14,0,t3,3
0.6326237728553741,0.010000000000000009,0.01,0.028343587695279938,0.76,0.4520767145537603,0.051018419733813554,0.0936403665009298,0.06416048991721549,0.004989426581915646,14,0,t4,4
0.625816302075735,0.010000000000000009,0.01,0.03468314298616492,0.76,0.44921833411823964,0.06281948762931307,0.11410559938766611,0.07802954425583719,0.005905422576424679,14,0,final,5
0.0,0.0,0.0,0.0,0.98,0.056088847591547676,0.0,0.0,0.0,0.0,15,0,t0,0
0.8500144779572114,0.0,0.0,0.00310822257994289,0.98,0.055445924876388476,0.005490370416325853,0.02085593382572691,0.01420434718766876,0.0004319018319477591,15,0,t1,1
0.8487043732466446,0.0,0.0,0.006137475760599849,0.98,0.05481930033025777,0.010908768535435024,0.04132856929962428,0.02817639343635878,0.000849710219241781,15,0,t2,2
0.8474121039635909,0.0,0.0,0.009091468296420243,0.98,0.0542082175367016,0.016257649085926272,0.06143254006684602,0.041924623730777065,0.0012541609502385656,15,0,t3,3
0.8461378252263391,0.0,0.0,0.01197366363118294,0.98,0.053611971441274345,0.021539330629490316,0.08118168028450311,0.05545706031099785,0.0016459390158049328,15,0,t4,4
0.844881388906829,0.0,0.0,0.014787300366228913,0.98,0.05302990397895886,0.02675600526979115,0.1005890813874036,0.06878129556002345,0.0020256829297441367,15,0,final,5
0.0,0.0,0.0,0.0,0.89,0.3083562533492657,0.0,0.0,0.0,0.0,16,0,t0,0
0.7153736150413255,0.0,0.0,0.005150715053450652,0.89,0.30451643542949247,0.013961417822528388,0.022985810571055795,0.014223922704842675,0.0019517771908197368,16,0,t1,1
0.7137366162419324,0.0,0.0,0.010082217108535066,0.89,0.3009037373025967,0.02749767375696358,0.04502752325462859,0.028023039773863206,0.0037560972774379753,16,0,t2,2
0.7121709898738438,0.0,0.0,0.014817254823299512,0.89,0.2974967829844015,0.04063595318481226,0.06620098575067666,0.0414269263663956,0.005429198310825223,16,0,t3,3
0.7106724337853578,0.0,0.0,0.019369383980783528,0.89,0.2942767834099887,0.05340103004903322,0.0865744204069413,0.05446147855954155,0.006985171697293124,16,0,t4,4
0.7092367808658183,0.0,0.0,0.023751765728134155,0.89,0.291227173375138,0.0658155210040622,0.10620925559141871,0.06714948090393605,0.008436279203754948,16,0,final,5
0.0,0.0,0.0,0.0,0.76,0.63365234109601,0.0,0.0,0.0,0.0,19,0,t0,0
0.9358480956035827,0.0,0.0,0.04113158622659275,0.76,0.5976927603294023,0.041173829732737866,0.1775219045425144,0.13969006886780994,0.029070590168218335,19,0,t1,1
0.9348357299990677,0.0,0.0,0.08496450073190115,0.76,0.5643907961225333,0.08082021384133874,0.3480796985896083,0.27379236777299465,0.05570987676343031,19,0,t2,2
0.9336470621068026,0.0,0.0,0.13142440085022536,0.76,0.5338713983204153,0.11879190000479127,0.5108633280766888,0.40169543435015714,0.07979837047243332,19,0,t3,3
0.932263848505291,0.0,0.0,0.18033272066617578,0.76,0.506213578761291,0.15494905183501262,0.6650809466048111,0.5228071520287532,0.10126160155856123,19,0,t4,4
0.9306677831071949,0.020000000000000018,0.02,0.2312993715227978,0.78,0.48144014673514834,0.18916641280088103,0.8099961916645886,0.6365829299528137,0.12007995492093548,19,0,final,5
0.0,0.0,0.0,0.0,0.86,0.33212241127785097,0.0,0.0,0.0,0.0,2,0,t0,0
0.9058843261865579,0.0,0.0,0.01991476598319534,0.86,0.327272204423702,0.01555769580663436,0.048390761198963406,0.04647210104276733,0.0037810775938411645,2,0,t1,1
0.9007264192522365,-0.009999999999999898,0.01,0.03772332819942054,0.8500000000000001,0.32312734667109777,0.029931929127875113,0.09189970050277424,0.08812264616704359,0.006907287847004229,2,0,t2,2
0.8954516648219982,-0.009999999999999898,0.01,0.0536130416961096,0.8500000000000001,0.31955398035600663,0.043261982057010415,0.13106583984924294,0.12545700954173444,0.009507232540026611,2,0,t3,3
0.8900850425659599,-0.019999999999999907,0.02,0.06778480347349303,0.8400000000000001,0.31644361463475945,0.05567356055424333,0.16638259996284352,0.15893922861933119,0.011684720298464124,2,0,t4,4
0.8846514489215183,-0.039999999999999925,0.04,0.08035267610426865,0.8300000000000001,0.3137087643942205,0.06727918279372254,0.19829792792649018,0.18899214468343903,0.013523079580567421,2,0,final,5
0.0,0.0,0.0,0.0,0.86,0.26751995283707797,0.0,0.0,0.0,0.0,20,0,t0,0
0.7917641760771513,0.0,0.0,0.005544460900256783,0.86,0.2647016412809486,0.01193107077231049,0.018785801487342654,0.01821775061733418,0.0017604212766159089,20,0,t1,1
0.790291371901384,0.0,0.0,0.010910639953289466,0.86,0.26199952823883177,0.023612759205864597,0.03699172681632391,0.03582766262676674,0.0034309771416225487,20,0,t2,2
0.7888242501719882,0.0,0.0,0.016102117113270004,0.86,0.25940763959363516,0.03505236881920253,0.054636219735795036,0.052844876352415956,0.005016813582004065,20,0,t3,3
0.787363885306782,0.0,0.0,0.021121054127429345,0.86,0.2569202336606957,0.04625719719988178,0.07173793184857968,0.06928503923922395,0.006522857935280901,20,0,t4,4
0.7859111785644262,0.010000000000000009,0.01,0.0259669388029487,0.87,0.254531807007393,0.057234507440365394,0.08831561874280179,0.08516419323626064,0.007953814711519291,20,0,final,5
0.0,0.0,0.0,0.0,0.97,0.08875721394983002,0.0,0.0,0.0,0.0,21,0,t0,0
0.8524223072040846,0.020000000000000018,0.02,0.007206477017983075,0.99,0.08606555558202887,0.011541743974380774,0.03956379947031234,0.032339767382749816,0.0018849170638643026,21,0,t1,1
0.8516338459275468,0.020000000000000018,0.02,0.013949893853241663,0.99,0.08358788527360361,0.022611713585364863,0.07735717199575398,0.063185293004862,0.003596393637315759,21,0,t2,2
0.8508590603679993,0.0,0.0,0.02027878394979154,0.99,0.0812997191303421,0.033246633362334584,0.11352801661206671,0.09265973904145705,0.005155436459763421,21,0,t3,3
0.8500966989446241,0.0,0.0,0.02623396945308995,0.99,0.0791801109118827,0.043479209689743,0.14820687799245577,0.12087207205953411,0.006579918644668961,21,0,t4,4
0.8493455712143505,0.0,0.0,0.03185274432187567,0.99,0.07721103672752049,0.05333870236426959,0.18150954146284606,0.14791915524347127,0.007885136206864998,21,0,final,5
0.0,0.0,0.0,0.0,0.84,0.3792355836839979,0.0,0.0,0.0,0.0,22,0,t0,0
0.7740062769224155,0.0,0.0,0.013618950186348728,0.84,0.3727218938139,0.017850275642807396,0.03845370251798897,0.03440844210884493,0.0036869631140135084,22,0,t1,1
0.7659332748855167,1.1102230246251565e-16,0.02,0.02610068768378582,0.8400000000000001,0.3667530139726113,0.03493607927767567,0.07393991254289131,0.06591260058295469,0.006909543477843838,22,0,t2,2
0.7579877559893279,1.1102230246251565e-16,0.02,0.03754166674130078,0.8400000000000001,0.36125665561945175,0.05132486584186438,0.10672472742774906,0.09477304892148151,0.009737441500819677,22,0,t3,3
0.7501833590066463,0.01000000000000012,0.03,0.048013217920366794,0.8500000000000001,0.3561716400901425,0.0670773355295386,0.13705041271786791,0.12122825044746473,0.01222927797861506,22,0,t4,4
0.7425316552002809,0.02000000000000013,0.04,0.05759161826276674,0.8600000000000001,0.35144611073925336,0.08224807678528584,0.1651373476266664,0.14549614431567498,0.014434389583413643,22,0,final,5
0.0,0.0,0.0,0.0,0.87,0.31274902620588185,0.0,0.0,0.0,0.0,23,0,t0,0
0.5826110151425982,-0.010000000000000009,0.01,0.003872681776718397,0.86,0.3100368581332429,0.011688017853157182,0.0167733352224984,0.010997032767772636,0.000898581316533642,23,0,t1,1
0.5773334378651044,0.010000000000000009,0.01,0.007480371160844552,0.87,0.30748293945546,0.023029995562555215,0.03265084911969879,0.02136072793065084,0.0017022348938260934,23,0,t2,2
0.572194627145951,0.010000000000000009,0.01,0.010847424988107953,0.87,0.3050712348309332,0.03405029861556524,0.047701160834742455,0.03114422370311578,0.0024229735584059275,23,0,t3,3
0.5671915689262452,0.010000000000000009,0.01,0.013998594010815182,0.87,0.30278782131271087,0.044770898928721506,0.06198629962699007,0.0403953471614351,0.003071085019258235,23,0,t4,4
0.5623210223495514,0.0,0.0,0.01695144424320115,0.87,0.3006205658907699,0.0552116519063437,0.07556245054814906,0.04915721402914836,0.003655405716488369,23,0,final,5
0.0,0.0,0.0,0.0,0.8400000000000001,0.3000718981685627,0.0,0.0,0.0,0.0,26,0,t0,0
0.8590297307577867,0.010000000000000009,0.01,0.012881486450403067,0.8500000000000001,0.2927546389480167,0.019096690397101924,0.05547009359020014,0.04919736597051208,0.005244494205274897,26,0,t1,1
0.8573832154014931,0.009999999999999898,0.01,0.025460316636448224,0.86,0.28600888256229856,0.03743608928864618,0.10851390393215295,0.09615267680143104,0.009999345675133275,26,0,t2,2
0.8556447485143471,0.009999999999999898,0.01,0.03769915660720554,0.86,0.2797974308311697,0.05503581414030876,0.15913639554303508,0.14088221245868043,0.014297796280446307,26,0,t3,3
0.8538154343544112,0.009999999999999898,0.01,0.04957912593435187,0.86,0.27408309695161714,0.0719160518142702,0.20735435501038657,0.1834121765775458,0.018173112513349854,26,0,t4,4
0.8518966537897218,0.019999999999999907,0.02,0.06104024071065853,0.87,0.2688292237969122,0.0880991246267474,0.2531954618739892,0.2237777859035347,0.021658099984421697,26,0,final,5
0.0,0.0,0.0,0.0,0.97,0.12173008009124495,0.0,0.0,0.0,0.0,27,0,t0,0
0.9013075088568566,0.0,0.0,0.011151033184667248,0.97,0.1187613630221667,0.012269660085192619,0.045543118786162434,0.03896289594168346,0.002388253610592639,27,0,t1,1
0.8997466590958998,0.0,0.0,0.021561789419134034,0.97,0.11601721008156021,0.024062336990422633,0.08922247019571503,0.07630465757958142,0.004571097608396718,27,0,t2,2
0.8982231941277707,0.0,0.0,0.03131262429445206,0.97,0.11347000073257309,0.03542003077085366,0.13119919926995713,0.11216739359160835,0.006574658215236548,27,0,t3,3
0.8967355113023572,0.0,0.0,0.04047320516348789,0.97,0.1110965410479999,0.046379480419689006,0.1716144113005389,0.14667546928563993,0.008420816843170226,27,0,t4,4
0.8952819942608921,0.0,0.0,0.04910665731049,0.97,0.10887721790315386,0.05697298284331857,0.21059230386533997,0.17993827181120992,0.010128027616577384,27,0,final,5
0.0,0.0,0.0,0.0,0.99,0.06894275384006776,0.0,0.0,0.0,0.0,28,0,t0,0
0.9216287947578434,0.0,0.0,0.0070663853332727415,0.99,0.06740057432986671,0.00879687279880459,0.03803232314001501,0.03073716589119969,0.00129096505244998,28,0,t1,1
0.920944993704683,0.0,0.0,0.013764943899509538,0.99,0.06595145893952786,0.017320812892431058,0.07477510511960545,0.06038189854205243,0.002496033064241898,28,0,t2,2
0.9202728210414295,0.0,0.0,0.020126382858893083,0.99,0.06458674689142223,0.02558934000602112,0.11031265584933898,0.0890053122467561,0.003623428291336453,28,0,t3,3
0.9196120938151043,0.0,0.0,0.02617797515005056,0.99,0.063298813042481,0.03361839148154544,0.14472162280174586,0.1166720998005274,0.004680378090537382,28,0,t4,4
0.9189624700452985,0.0,0.0,0.03194403180137845,0.99,0.06208092169285401,0.04142249673172575,0.17807186366980035,0.1434412542651275,0.005673254968514868,28,0,final,5
0.0,0.0,0.0,0.0,0.97,0.14566329162986177,0.0,0.0,0.0,0.0,3,0,t0,0
0.9077685182737593,0.0,0.0,0.007682962455083856,0.97,0.14267836344309914,0.012239134474589323,0.03859283943619345,0.0278006701789703,0.002417832041409246,3,0,t1,1
0.9066634281015016,0.0,0.0,0.01491014579161922,0.97,0.1398945225830478,0.02405828884540413,0.07596458872188742,0.054406722759217666,0.004653308265965966,3,0,t2,2
0.9055650983439724,0.0,0.0,0.021718891311037554,0.97,0.13729070885412048,0.035487353555260136,0.112201223252426,0.07990167543231644,0.006726138049656438,3,0,t3,3
0.9044740649621699,0.0,0.0,0.0281426602072099,0.97,0.13484850744484483,0.04655359711118257,0.14738031024135295,0.1043618394731634,0.008653518345287464,3,0,t4,4
0.9033907160557185,0.0,0.0,0.034211527269748944,0.97,0.13255178525925038,0.05728191050031459,0.1815719520346564,0.12785700265506042,0.010450482689725704,3,0,final,5
0.0,0.0,0.0,0.0,0.89,0.2411810590168705,0.0,0.0,0.0,0.0,30,0,t0,0
0.6974331238418564,-0.010000000000000009,0.01,0.005606755428112409,0.88,0.23757311903215342,0.013521607570338514,0.029345685504668702,0.01880127256823015,0.0017259102461043285,30,0,t1,1
0.6913476617430763,0.0,0.02,0.010885688087796781,0.89,0.23420217632276497,0.026583261889021444,0.056987482116101836,0.03665755123174128,0.0032688285231156633,30,0,t2,2
0.6854545126231557,0.0,0.02,0.0158698779427993,0.89,0.23104074389473872,0.039222436995260686,0.08307426305030223,0.053654839345013104,0.0046536745466523866,30,0,t3,3
0.6797529247815778,0.010000000000000009,0.03,0.020590303728029707,0.9,0.22806533219051364,0.05147261126153053,0.10774018113433176,0.0698695145955498,0.005901580065281742,30,0,t4,4
0.6742412896461388,0.020000000000000018,0.04,0.02506559213276599,0.91,0.225255801749992,0.0633637375520911,0.13110631685091326,0.08536955347656525,0.007030512077450257,30,0,final,5
0.0,0.0,0.0,0.0,0.94,0.1683627082836739,0.0,0.0,0.0,0.0,31,0,t0,0
0.8718092079096249,0.0,0.0,0.004269345163615472,0.94,0.16616929818309056,0.010487734315537275,0.028926401722387914,0.015213192707078846,0.0016463606621298643,31,0,t1,1
0.8703237829949362,0.0,0.0,0.008321295132292005,0.94,0.1640804215758282,0.02072240420608195,0.05700288084366042,0.02986504982304011,0.0031992228757473096,31,0,t2,2
0.8688587957409423,0.0,0.0,0.012171249708493188,0.94,0.16208815735102983,0.030717044965529055,0.08427557255946928,0.043988834528520704,0.004666046924440365,31,0,t3,3
0.8674140382025755,0.0,0.0,0.01583636109136093,0.94,0.16018534354552535,0.04048378090876731,0.11078713020770159,0.05761537834063591,0.00605356228302012,31,0,t4,4
0.8659891427351558,0.010000000000000009,0.01,0.019325444700684268,0.95,0.1583654925974935,0.05003390256570021,0.1365770519693513,0.07077328900236582,0.007367850171929757,31,0,final,5
0.0,0.0,0.0,0.0,0.87,0.39951498047316397,0.0,0.0,0.0,0.0,32,0,t0,0
0.7888760552132137,0.010000000000000009,0.01,0.023429937054835533,0.88,0.38117699889040957,0.03017837595193302,0.08116935508630459,0.07417047438787894,0.010903677464039363,32,0,t1,1
0.7852980637888983,0.010000000000000009,0.01,0.04611156628630961,0.88,0.3647748242765278,0.05874177934754834,0.15717127960761745,0.14322935464020764,0.0203124424011486,32,0,t2,2
0.7815296166009681,0.020000000000000018,0.02,0.06785254997901753,0.89,0.3501659381380496,0.08571270173559382,0.22793736188496455,0.20715513540155325,0.028349986502080926,32,0,t3,3
0.7775743307305504,0.020000000000000018,0.02,0.08847549531974416,0.89,0.33719959212074757,0.11112693436793655,0.2934589432851923,0.2659813738132267,0.035146776057906615,32,0,t4,4
0.7734393496832876,0.020000000000000018,0.02,0.10790997674024952,0.89,0.32572074475391044,0.13503305668184282,0.35378822593952336,0.3197972100656198,0.04083644540776127,32,0,final,5
0.0,0.0,0.0,0.0,0.95,0.1212258678552872,0.0,0.0,0.0,0.0,33,0,t0,0
0.7891594854235587,0.0,0.0,0.0027662906360519366,0.95,0.1194553313995408,0.00926487334212911,0.018978246247310603,0.012204934165113026,0.0010540736338501,33,0,t1,1
0.7880232296801145,0.0,0.0,0.005417520333926653,0.95,0.1177535785471422,0.018348729165276755,0.03742633261228147,0.024025025812713898,0.002055873780918302,33,0,t2,2
0.7869090971796545,0.0,0.0,0.007961583812005804,0.95,0.11611638125825728,0.027259219095680923,0.05537649246217179,0.03548328397804279,0.0030089648485943227,33,0,t3,3
0.7858164883411713,0.0,0.0,0.010405779315351422,0.95,0.11453986298726468,0.03600349811164147,0.07285844974447783,0.04660085321892856,0.003916599882146224,33,0,t4,4
0.7847446768160034,0.0,0.0,0.01275828270750344,0.95,0.11302046205599608,0.04458826725928923,0.08989965504306242,0.05739719851674275,0.0047817538771581375,33,0,final,5
0.0,0.0,0.0,0.0,0.85,0.4210893784413978,0.0,0.0,0.0,0.0,34,0,t0,0
0.9219183035821947,0.0,0.02,0.05713268416947999,0.85,0.4057500261140373,0.028223925030688293,0.0952679139137974,0.09183115547103642,0.012559512225982727,34,0,t1,1
0.9168508167586438,0.0,0.04,0.10367813889595781,0.85,0.39380093148621376,0.05304673195642199,0.175881824146592,0.16791694979511865,0.021988671385089087,34,0,t2,2
0.911391693331244,-0.010000000000000009,0.03,0.14116472740659272,0.85,0.38422675324982053,0.07513982654146686,0.24455462414488705,0.2312385021644685,0.029252863495581927,34,0,t3,3
0.9056288401008162,-0.010000000000000009,0.03,0.17162186607858243,0.85,0.37632997207041174,0.09505213879052186,0.30355722145759795,0.28430821662702704,0.03501194645279482,34,0,t4,4
0.8996494101714474,-0.009999999999999898,0.05,0.19619064202855746,0.8500000000000001,0.36963554482973393,0.11322219446266986,0.35474828488182897,0.32919461565966757,0.03971245671071172,34,0,final,5
0.0,0.0,0.0,0.0,0.98,0.04442861372297039,0.0,0.0,0.0,0.0,35,0,t0,0
0.8324010903685606,0.0,0.0,0.0015182886624294004,0.98,0.04387527537042071,0.005261741737898,0.020732344574292044,0.008287937932219441,0.0003797629658137125,35,0,t1,1
0.8317075640817521,0.0,0.0,0.002967337443630386,0.98,0.04333898174149829,0.010441723327342538,0.040976755987192914,0.01629875929764928,0.0007455303368316124,35,0,t2,2
0.8310360567786382,0.0,0.0,0.00435186645273583,0.98,0.042818792729703355,0.015543176952969742,0.060755346776601854,0.02404610847195979,0.0010981459132764562,35,0,t3,3
0.8303860965333767,0.0,0.0,0.005675448169055647,0.98,0.04231384152242257,0.020569132089101348,0.08008881599221764,0.03154274192933385,0.001438385069547618,35,0,t4,4
0.8297569400466281,0.0,0.0,0.006941487541732018,0.98,0.04182332738759176,0.025522432404958665,0.0989965666880518,0.03880060251233774,0.001766961609477459,35,0,final,5
0.0,0.0,0.0,0.0,0.86,0.28100258024568536,0.0,0.0,0.0,0.0,38,0,t0,0
0.9111509847716134,0.0,0.0,0.01087420182626686,0.86,0.2776637436423186,0.012721203329673773,0.032450224978785885,0.02850546585705715,0.0026125160553808757,38,0,t1,1
0.9084848381563142,0.0,0.0,0.020957768760999047,0.86,0.2746114097387976,0.024878705495888796,0.06308822409506101,0.05521637443041118,0.004960098592069528,38,0,t2,2
0.9058151527935794,0.010000000000000009,0.03,0.03032051553484488,0.87,0.27180956392252753,0.03651973843163452,0.09206649908525003,0.08027898648659136,0.007077319399400761,38,0,t3,3
0.903145525239068,0.010000000000000009,0.03,0.03899158950217377,0.87,0.2692273972545166,0.047686939440693785,0.11952333574290289,0.10382668614844731,0.008993681068905524,38,0,t4,4
0.9004791827334832,0.020000000000000018,0.04,0.04704198060572769,0.88,0.266838487477499,0.05841883832724608,0.14558422944629315,0.1259812134784648,0.010734420059354155,38,0,final,5
0.0,0.0,0.0,0.0,0.86,0.33253214630670747,0.0,0.0,0.0,0.0,40,0,t0,0
0.7228544934101486,0.010000000000000009,0.01,0.012472777987165938,0.87,0.3273575156351951,0.01561282460741287,0.030890370484996398,0.03202581350964236,0.0024530204653654963,40,0,t1,1
0.7161962474466602,0.020000000000000018,0.02,0.024074907429867686,0.88,0.3226169657796212,0.030551170559710055,0.05971018692493978,0.06209950147627652,0.004587269072770683,40,0,t2,2
0.7096201626766706,0.029999999999999916,0.03,0.0348495013025879,0.8999999999999999,0.3182563039798124,0.04487129349697926,0.08662962790081147,0.09038313632992358,0.00644892094317101,40,0,t3,3
0.7031351507968187,0.029999999999999916,0.03,0.044859819394410146,0.8999999999999999,0.3142290396010981,0.058624166693679196,0.11180444530155108,0.11702457913747281,0.008077182827159357,40,0,t4,4
0.6967490597030792,0.019999999999999907,0.04,0.054173804579060264,0.8899999999999999,0.3104952226517802,0.07185597770871789,0.13537719916786325,0.14215873285043326,0.009505375662898552,40,0,final,5
0.0,0.0,0.0,0.0,0.8200000000000001,0.35528142445649014,0.0,0.0,0.0,0.0,41,0,t0,0
0.8713207961474708,0.0,0.0,0.014515491460713766,0.8200000000000001,0.3531005595893947,0.010538935129599575,0.02915109398312808,0.02669729379081462,0.0016238518064238816,41,0,t1,1
0.8655617412497651,0.010000000000000009,0.03,0.02645138707077074,0.8300000000000001,0.35113850991557327,0.02050268413211677,0.05463727539420762,0.0495754356354011,0.003044038310540842,41,0,t2,2
0.8603175640521301,0.010000000000000009,0.03,0.036337688718194254,0.8300000000000001,0.3493347545267211,0.030021116703401428,0.07727467771044692,0.06945924488385276,0.0043188170783673985,41,0,t3,3
0.8555411331514274,0.010000000000000009,0.03,0.04462042109575223,0.8300000000000001,0.347649415121137,0.03918889430653334,0.09769254219699866,0.08699291056892342,0.005486314636844569,41,0,t4,4
0.8511807367668909,0.010000000000000009,0.03,0.05176375257781725,0.8300000000000001,0.3460558698970118,0.04807506312663036,0.11637399194274986,0.10267812797236071,0.0065717825828324195,41,0,final,5
0.0,0.0,0.0,0.0,0.97,0.08869712028904203,0.0,0.0,0.0,0.0,43,0,t0,0
0.8254480403748499,0.0,0.0,0.004121872386020969,0.97,0.08771394608074523,0.0070286643538205636,0.026559881489866814,0.016220861936830526,0.000665406845519495,43,0,t1,1
0.823463973017776,0.0,0.0,0.00806112693545854,0.97,0.08676484565006282,0.013932838975587995,0.052408370691755614,0.03194241072389727,0.001301087796876807,43,0,t2,2
0.8215221064276973,0.0,0.0,0.01183035845298412,0.97,0.08584754438722422,0.020718660280399755,0.0775823298525505,0.047191797286411485,0.0019092125978816543,43,0,t3,3
0.8196212750831886,0.0,0.0,0.01544100616642839,0.97,0.08495998184485902,0.02739179894456557,0.10211590312497615,0.06199413797853355,0.002491741102436204,43,0,t4,4
0.8177601527329315,0.0,0.0,0.018903485659682213,0.97,0.08410028664999783,0.03395750563909791,0.1260407767540638,0.07637271065472238,0.0030504481038344244,43,0,final,5
0.0,0.0,0.0,0.0,0.9199999999999999,0.13556558073599073,0.0,0.0,0.0,0.0,44,0,t0,0
0.8133459304387503,0.0,0.0,0.006422228154095133,0.9199999999999999,0.13261991521799776,0.012122839520181313,0.03194241733451939,0.025676134616154027,0.0019120179736301923,44,0,t1,1
0.8117563247314783,0.0,0.0,0.012517021452274492,0.9199999999999999,0.129815598746937,0.023948870777210193,0.06277359418452057,0.05046818775683096,0.003708776048261586,44,0,t2,2
0.8101886434407558,0.0,0.0,0.01831286166600829,0.9199999999999999,0.1271423633670983,0.03549278739758832,0.09256502092686808,0.07443280362015381,0.005399381004618509,44,0,t3,3
0.8086422257521052,0.0,0.0,0.02383397207877816,0.9199999999999999,0.12459096411462897,0.04676811998971504,0.1213816260746529,0.0976214325401663,0.006992003036877109,44,0,t4,4
0.8071163646379436,0.0,0.0,0.02910199992684115,0.9199999999999999,0.1221530471552629,0.057787366973324296,0.14928256192856673,0.12008095438043372,0.008493998290365373,44,0,final,5
0.0,0.0,0.0,0.0,0.9299999999999999,0.2142268953005177,0.0,0.0,0.0,0.0,45,0,t0,0
0.9294954115815394,0.0,0.0,0.014400370423500711,0.9299999999999999,0.2104771954613759,0.013789923022691523,0.047288053773859556,0.04091941324151527,0.0032199387266105273,45,0,t1,1
0.9281835566343395,0.0,0.0,0.027797963025491878,0.9299999999999999,0.20698203889360725,0.027098482260198536,0.09268580456067103,0.08025235644005214,0.006197572220116715,45,0,t2,2
0.9268947049102183,0.0,0.0,0.040303495712171455,0.9299999999999999,0.20371385209417092,0.03996257892252994,0.13633740150201812,0.11811912659916106,0.008959756459658852,45,0,t3,3
0.9256273881132329,0.0,0.0,0.052011426163247755,0.9299999999999999,0.2006490239291797,0.052414937050688754,0.17837074769565833,0.1546264321825527,0.011529454542745149,45,0,t4,4
0.9243801816197585,0.010000000000000009,0.01,0.06299583932629203,0.94,0.19776720337913695,0.06448472443038836,0.21889991588850047,0.18986942819103045,0.0139264297720329,45,0,final,5
0.0,0.0,0.0,0.0,0.8300000000000001,0.439071180222809,0.0,0.0,0.0,0.0,46,0,t0,0
0.6420851045893949,0.0,0.0,0.009558357823666102,0.8300000000000001,0.43575290908220743,0.01297173803407418,0.023529396070780067,0.0204329392001386,0.001347957054879223,46,0,t1,1
0.6347489001990121,0.0,0.0,0.01832365687429946,0.8300000000000001,0.43261389443966475,0.025578269045339046,0.045217075784006314,0.0389555776791079,0.0025584526819373843,46,0,t2,2
0.6277366964171642,0.0,0.0,0.02636676202246344,0.8300000000000001,0.42963140140411143,0.03785326125692801,0.06524008937289094,0.05576087169942244,0.003652469641883871,46,0,t3,3
0.6210393651455579,0.0,0.0,0.03375030183419977,0.8300000000000001,0.4267865125575727,0.04982626295139105,0.08375888346129218,0.07102402592104765,0.004647299893481505,46,0,t4,4
0.6146457555289607,0.0,0.0,0.040532925068580264,0.8300000000000001,0.42406345728775535,0.061523187264754566,0.10091860347465974,0.08490388927022553,0.005557201003862811,46,0,final,5
0.0,0.0,0.0,0.0,0.96,0.1246487762352606,0.0,0.0,0.0,0.0,47,0,t0,0
0.8452585317319485,0.0,0.0,0.004184348106710032,0.96,0.1227145640224898,0.009863306560157804,0.034326121277556666,0.015627638870734692,0.0013634427650518893,47,0,t1,1
0.8436585315388763,0.0,0.0,0.00814573632648441,0.96,0.12089071639207452,0.019436711997179383,0.0674857804738675,0.03070907729620885,0.0026320094429572727,47,0,t2,2
0.8420904971524241,0.0,0.0,0.011904677302742514,0.96,0.11916745869605726,0.02873804960494179,0.09955604375401961,0.045285114027923346,0.003814668822788428,47,0,t3,3
0.8405528655528811,0.0,0.0,0.015479188984078362,0.96,0.11753616492101991,0.037783513802451374,0.1306066213239467,0.059392357103679586,0.004919305495508355,47,0,t4,4
0.8390440392026289,0.0,0.0,0.0188851632800058,0.96,0.11598919063810396,0.04658785923307624,0.1607007659940878,0.0730637513524458,0.005952879765453625,47,0,final,5
0.0,0.0,0.0,0.0,0.81,0.43452891310041225,0.0,0.0,0.0,0.0,48,0,t0,0
0.6681887211097923,0.010000000000000009,0.01,0.004969801489594479,0.8200000000000001,0.43168926197194313,0.011932627668669479,0.01702204721474819,0.012437128844779672,0.0012531236050772332,48,0,t1,1
0.666143950734099,0.030000000000000027,0.03,0.009836949232672585,0.8400000000000001,0.428967109452831,0.02361300525545651,0.033590155325116784,0.024596070255537835,0.0024384949970792658,48,0,t2,2
0.6641310497221747,0.020000000000000018,0.02,0.014602984137988993,0.8400000000000001,0.4263529968864338,0.035055637714566504,0.049736083606343774,0.0364972066288197,0.003562491413388491,48,0,t3,3
0.6621476994237097,0.029999999999999916,0.03,0.0192732413409275,0.85,0.42383852037294245,0.04627379216365537,0.06548802455259244,0.048158454278591584,0.00463070570537405,48,0,t4,4
0.6601915644117462,0.029999999999999916,0.03,0.02385160998163797,0.85,0.4214161995152744,0.057279608034841334,0.08087097311128956,0.05959554028482768,0.0056480500545165735,48,0,final,5
0.0,0.0,0.0,0.0,0.84,0.27410032572847975,0.0,0.0,0.0,0.0,49,0,t0,0
0.9041351311168645,0.010000000000000009,0.01,0.009765150993371928,0.85,0.2679817589298803,0.017099734881066454,0.036918615647414825,0.03230162919983591,0.004662373371851214,49,0,t1,1
0.9024975510839351,-0.010000000000000009,0.01,0.01902816735114084,0.84,0.26233782251064924,0.03352204721870049,0.07218421464925126,0.06314160062885031,0.008903710315674107,49,0,t2,2
0.9008279976328721,0.020000000000000018,0.04,0.027805979195573493,0.87,0.2571250261771013,0.049303207609123524,0.10589538993268682,0.09260203176479793,0.012764184851441263,49,0,t3,3
0.8991270518182329,0.020000000000000018,0.04,0.03610828125187164,0.87,0.25230416986281423,0.0644773998209317,0.13814349930734998,0.12075958174779812,0.016279927602408928,49,0,t4,4
0.8973952650234704,0.020000000000000018,0.04,0.04398160723905274,0.87,0.24783987820856312,0.07907687411054254,0.16901337879296716,0.14768593559284754,0.019483470508065204,49,0,final,5
0.0,0.0,0.0,0.0,0.97,0.08579050103919339,0.0,0.0,0.0,0.0,5,0,t0,0
0.8523070895799386,0.0,0.0,0.004354922395159744,0.98,0.08450270500293286,0.007993198105368865,0.029726785667079324,0.01673920819377348,0.0009173961800908598,5,0,t1,1
0.8512812165470037,0.0,0.0,0.00853110329368183,0.98,0.08326340113964775,0.01583170465053172,0.058716128067374466,0.03306090884018797,0.0017942727453728324,5,0,t2,2
0.8502902114917137,0.0,0.0,0.01254079999920311,0.98,0.08206944117518003,0.023522800626009675,0.08700752893247636,0.04898671077947224,0.002633513289119885,5,0,t3,3
0.8493326804848067,0.0,0.0,0.016395116185295995,0.98,0.08091796884241612,0.031073216229032623,0.11463741475836806,0.06453657176038201,0.003437721799578325,5,0,t4,4
0.8484071187720509,0.0,0.0,0.02010303883074583,0.99,0.07980638528217156,0.03848918666134369,0.1416394452075956,0.07972896429971608,0.0042092564252954184,5,0,final,5
0.0,0.0,0.0,0.0,0.59,1.0364100527902491,0.0,0.0,0.0,0.0,50,0,t0,0
0.9460519577405442,0.020000000000000018,0.02,0.05963550979983404,0.61,0.9730287049692676,0.05579304694398574,0.19363487347767488,0.1421273747260132,0.054210466164710036,50,0,t1,1
0.9455058745252714,0.020000000000000018,0.02,0.12564431790900463,0.61,0.9158929313618411,0.10887875303073513,0.37732548258890264,0.2764575726584265,0.10268337896175961,50,0,t2,2
0.9448651075977403,0.0,0.04,0.19830197800744678,0.6,0.8651116423991771,0.15902728913306918,0.5501662572804261,0.4024102657433168,0.14532608464719932,50,0,t3,3
0.9441205009719578,-0.010000000000000009,0.05,0.2771900177639341,0.59,0.8206386486284138,0.20604171366089022,0.7113738395390119,0.5194980040008387,0.18219536427267347,50,0,t4,4
0.9432636371604154,-0.020000000000000018,0.04,0.3626441713339687,0.59,0.782262839007183,0.2497733545787123,0.8603464778147195,0.6273658411390987,0.21350585831923818,50,0,final,5
0.0,0.0,0.0,0.0,0.88,0.2313858687672417,0.0,0.0,0.0,0.0,52,0,t0,0
0.8128585263456651,0.0,0.0,0.004642689839794485,0.88,0.2283579252535636,0.012388805768776353,0.027152691527346062,0.015173443265441261,0.0019895752686134305,52,0,t1,1
0.8101948759670259,0.0,0.0,0.009035710691383847,0.88,0.2254958439152453,0.024429859702314302,0.053302971625486535,0.029669200769037896,0.0038380161700221627,52,0,t2,2
0.8075541857562936,0.0,0.0,0.013199640938151604,0.88,0.22278643652518665,0.03614122369662453,0.07851121677449664,0.0435355741650588,0.005557476172126652,52,0,t3,3
0.8049359104106381,0.0,0.0,0.017152845903798012,0.88,0.22021779359939406,0.04753972842167944,0.10283290251320042,0.05681654314403636,0.0071588865078302255,52,0,t4,4
0.8023394646615987,0.0,0.0,0.020911765718133614,0.88,0.21777913752163286,0.058641081838409645,0.126319113904727,0.06955223413360238,0.008652099695541982,52,0,final,5
0.0,0.0,0.0,0.0,0.89,0.2754935747447218,0.0,0.0,0.0,0.0,53,0,t0,0
0.658268866629334,0.010000000000000009,0.01,0.0022399310434787862,0.9,0.2735189667936881,0.009936181232682235,0.013925610141055608,0.007349423277993903,0.000842942366588384,53,0,t1,1
0.6555468293228564,0.0,0.0,0.004428373045803969,0.9,0.2716126578707938,0.019698563728035343,0.02740060469679047,0.014564150234852021,0.001640217798869359,53,0,t2,2
0.6528545846594815,0.0,0.0,0.006569151711642031,0.9,0.2697706617508364,0.029294055257444315,0.04044822758092163,0.02165395606695839,0.002394977077113447,53,0,t3,3
0.6501913879717148,0.0,0.0,0.008664707716430157,0.9,0.2679892814428155,0.03872920507387293,0.05308998803060216,0.02862739490084061,0.003110119055073468,53,0,t4,4
0.647556470415675,0.0,0.0,0.010722363479085223,0.9,0.26626508354992384,0.04801022916241637,0.0653458323791281,0.035491967263139336,0.003788314883327093,53,0,final,5
0.0,0.0,0.0,0.0,0.98,0.06831446041081955,0.0,0.0,0.0,0.0,6,0,t0,0
0.7319546264250619,0.0,0.0,0.0030281332733320464,0.98,0.06724776073617608,0.007284201955671019,0.025577009102103674,0.013212530807381597,0.0005622239329485385,6,0,t1,1
0.7298915040247478,0.0,0.0,0.005926479415092605,0.98,0.06621429229275118,0.014452365023223432,0.05048955582367367,0.026019555607502416,0.0011003811019871385,6,0,t2,2
0.7278913281566138,0.0,0.0,0.008703774767426845,0.98,0.06521215370199543,0.02150934031830433,0.07477171099891848,0.038443317466585906,0.0016161704346715072,6,0,t3,3
0.7259519907127525,0.0,0.0,0.01136799244090579,0.98,0.06423961149683656,0.028459619121785643,0.09845512201951011,0.050504461999335185,0.0021111302610090504,6,0,t4,4
0.724071300663738,0.0,0.0,0.013926425355448477,0.98,0.06329508120356994,0.03530736763050934,0.12156923613204043,0.06222218499344745,0.002586656706168672,6,0,final,5
0.0,0.0,0.0,0.0,0.9099999999999999,0.2686715248554278,0.0,0.0,0.0,0.0,7,0,t0,0
0.8480924240831624,0.010000000000000009,0.01,0.012188594815198869,0.9199999999999999,0.26301935581175395,0.0166743667584406,0.03752118151853687,0.0311739139563674,0.003854115072070008,7,0,t1,1
0.845630518265261,0.0,0.0,0.023016863415996555,0.9199999999999999,0.257952763012728,0.03245590330185227,0.0723672753779597,0.05923762320566748,0.007225604764973248,7,0,t2,2
0.8431646755103804,0.0,0.0,0.0326323405722613,0.9199999999999999,0.253380740016195,0.047438305753896834,0.10483460571702838,0.08450489776106408,0.010194060975105279,7,0,t3,3
0.8407002314030839,0.0,0.0,0.04116546717478118,0.9199999999999999,0.24922861330822305,0.06170381526505605,0.1351843652141993,0.10725689729075762,0.012824383053096355,7,0,t4,4
0.8382418658948285,0.0,0.0,0.048731821090313765,0.9199999999999999,0.24543488614932296,0.07532467867057144,0.1636467734607154,0.12774558151888876,0.015169665334284543,7,0,final,5
0.0,0.0,0.0,0.0,0.86,0.3081325476302845,0.0,0.0,0.0,0.0,8,0,t0,0
0.7713731800531909,0.0,0.0,0.022125536116729703,0.87,0.3006735218947821,0.019653092524183055,0.05722566473845296,0.05642724532573219,0.0042305925173729,8,0,t1,1
0.760851177615004,0.0,0.0,0.0408519079822062,0.87,0.29461298988328755,0.037337006714716695,0.1058711450455946,0.10426935063895415,0.007340776654750414,8,0,t2,2
0.7502247657686434,0.0,0.0,0.056620027084055446,0.87,0.2896033260680718,0.053362589514840506,0.14713542490223344,0.14471217426668317,0.009634886703085377,8,0,t3,3
0.7395883221019931,0.010000000000000009,0.01,0.06980940868132124,0.88,0.28538457673664175,0.06799708921770689,0.18207225217930692,0.17879513413148923,0.011337199664859632,8,0,t4,4
0.7290314808701346,0.010000000000000009,0.01,0.08074723875023464,0.88,0.2817630868879891,0.0814682968316544,0.211601425698649,0.20742368153794005,0.012611945422851378,8,0,final,5
0.0,0.0,0.0,0.0,0.97,0.13326383463571834,0.0,0.0,0.0,0.0,9,0,t0,0
0.885762171889406,0.0,0.0,0.00842672605410125,0.97,0.13090379787661513,0.010939409805714883,0.040524518378270404,0.028568255740268583,0.0018439391331421529,9,0,t1,1
0.8844229751895732,0.0,0.0,0.016363198492193982,0.97,0.12867983258268378,0.021555776927566044,0.07971584939834069,0.05613304530774105,0.0035651997196044505,9,0,t2,2
0.8831099061007232,0.0,0.0,0.023855603934526574,0.97,0.12657876866179052,0.031871543813087995,0.11766925321917332,0.08276637442519502,0.005176122533766203,9,0,t3,3
0.88182192233056,0.0,0.0,0.03094424561987593,0.97,0.12458912716311502,0.041906884508737655,0.15447008343236593,0.10853278511891148,0.0066874379579244525,9,0,t4,4
0.8805579287448825,0.0,0.0,0.03766447098493777,0.97,0.12270085662992707,0.05167999703920651,0.1901950999961267,0.1334903431441859,0.008108519483450219,9,0,final,5
0.0,0.0,0.0,0.0,0.87,0.32511296449832483,0.0,0.0,0.0,0.0,1,1,t0,0
0.8493320078361969,0.0,0.0,0.016783188971916767,0.87,0.31571754660462004,0.021200145699566877,0.053661339433379314,0.05203577480589316,0.0062828694666370866,1,1,t1,1
0.8472511707136546,0.0,0.0,0.032674896103668756,0.87,0.3071797749149729,0.041408268725757834,0.10403379548538633,0.10065236335896444,0.011870282554912848,1,1,t2,2
0.8450841570165841,0.0,0.0,0.04767814793611989,0.87,0.29941444868152467,0.06067520907137775,0.15123897545693327,0.14598078312911122,0.016835600871547063,1,1,t3,3
0.842837311927321,0.0,0.0,0.06180054605297932,0.87,0.2923425607985942,0.07905202030532155,0.19540782811797427,0.18815930885095367,0.021246881493225733,1,1,t4,4
0.8405174349085902,0.0,0.0,0.07505462410857372,0.87,0.28589117679178233,0.09658978366088009,0.23667956186328287,0.2273328023044694,0.025166907631385294,1,1,final,5
0.0,0.0,0.0,0.0,0.6699999999999999,0.7266949129247634,0.0,0.0,0.0,0.0,10,1,t0,0
0.8675420187302137,0.0,0.0,0.07723055905139291,0.67,0.6562340944386811,0.05948754555255478,0.20658066281250012,0.22247012506164832,0.050526094013369494,10,1,t1,1
0.8694643008659984,0.029999999999999916,0.03,0.1555186160213246,0.7,0.5973950205173005,0.11392622829193558,0.39740015155607766,0.42583286224352346,0.09196564222017745,10,1,t2,2
0.8712920129671035,0.029999999999999916,0.03,0.23370320982624468,0.7,0.5488222165412344,0.16344095575780013,0.5723404153371646,0.6103915362041334,0.12541252069249798,10,1,t3,3
0.8730004545862989,0.07999999999999996,0.08,0.3104439055913144,0.75,0.509137699482993,0.20822401073799124,0.7315722727592074,0.7767387265684037,0.1519898198017885,10,1,t4,4
0.87456676192603,0.08999999999999997,0.09,0.38236206314472526,0.77,0.47700060514571807,0.24852558292410834,0.8755300686713,0.9257165069151438,0.1727956079108155,10,1,final,5
0.0,0.0,0.0,0.0,0.74,0.5084216489522143,0.0,0.0,0.0,0.0,11,1,t0,0
0.9264136250097564,0.040000000000000036,0.06,0.04760826110414335,0.79,0.4830157721030092,0.035232026810766856,0.10398331554634169,0.1045059859237848,0.020207908603701086,11,1,t1,1
0.9245100557098491,0.040000000000000036,0.06,0.09217774495543979,0.79,0.4617749642595091,0.06743891670424403,0.1981144244063214,0.19941365622695834,0.036691300203853305,11,1,t2,2
0.922509907930571,0.06000000000000005,0.08,0.13361168483038283,0.81,0.44399116461639837,0.09688693225100237,0.28317165770056235,0.2854224464716058,0.050111712717933965,11,1,t3,3
0.9204159570138527,0.05999999999999994,0.08,0.1717629013202515,0.82,0.429060519454177,0.12383397436835385,0.35992191711165544,0.3632344435357884,0.0610305737331554,11,1,t4,4
0.9182314396298348,0.06999999999999995,0.09,0.20680398752607693,0.83,0.41647472464894697,0.14852514344471238,0.4291049270610378,0.43353734727661636,0.06991786861408295,11,1,final,5
0.0,0.0,0.0,0.0,0.87,0.3289469372785211,0.0,0.0,0.0,0.0,14,1,t0,0
0.9085194804395073,0.0,0.0,0.015709572890032567,0.87,0.3237724088950732,0.015985266882905903,0.04388881650234464,0.036797327204983625,0.004044286084123161,14,1,t1,1
0.9046557508308557,0.0,0.0,0.029894145765991014,0.87,0.31925588097464463,0.030916169202930964,0.08433181471764255,0.07049293962680608,0.007486929588567726,14,1,t2,2
0.9007092996441148,0.010000000000000009,0.01,0.042715720245720894,0.88,0.31528577976141003,0.04490739600293813,0.12168372608176094,0.10140178393167822,0.010433759696690192,14,1,t3,3
0.8966901923910798,0.010000000000000009,0.01,0.054323968347009415,0.88,0.31177136344061873,0.05805986680830828,0.1562573317256634,0.12980214810262705,0.012970591774430607,14,1,t4,4
0.8926084334220957,-0.010000000000000009,0.03,0.06483882784972232,0.86,0.3086385546783811,0.07046251779694543,0.1883290649712821,0.15594048664301755,0.015167256555359943,14,1,final,5
0.0,0.0,0.0,0.0,0.98,0.05424485551160228,0.0,0.0,0.0,0.0,15,1,t0,0
0.6702963869912645,0.0,0.0,0.003694554150425409,0.98,0.05357476741673838,0.005741768628423772,0.01895635353881391,0.01619220702608367,0.0002927412362465631,15,1,t1,1
0.6688007993091966,0.0,0.0,0.007282418429690952,0.98,0.05292569987014687,0.011389616567535748,0.037464093368770574,0.03206726953389581,0.0005727553040103112,15,1,t2,2
0.6673614325346642,0.0,0.0,0.0107694644030463,0.98,0.052296521128706204,0.016947116798197808,0.05554468448185362,0.04763934913025782,0.0008409420535551992,15,1,t3,3
0.6659765841860126,0.0,0.0,0.01416111049600242,0.98,0.05168618810371158,0.02241761608341096,0.07321819014143895,0.06292167987484498,0.0010981222515363612,15,1,t4,4
0.6646444057326486,0.0,0.0,0.01746236590996391,0.98,0.05109373738575743,0.02780425451871172,0.09050338831279132,0.07792664655662536,0.001345045863843132,15,1,final,5
0.0,0.0,0.0,0.0,0.78,0.48398886810180947,0.0,0.0,0.0,0.0,16,1,t0,0
0.6100199306975564,0.0,0.0,0.009959082373631205,0.78,0.47764482475090636,0.017921936861752853,0.028599447289176162,0.02486380121080428,0.002343205887684663,16,1,t1,1
0.6075689201852968,0.0,0.0,0.01978084568386081,0.78,0.4716462228916618,0.03534934517458056,0.05606780325606541,0.04896391682031065,0.004512233808370847,16,1,t2,2
0.60504037046072,0.0,0.0,0.029450843109099546,0.78,0.46597474579739645,0.05229289225591365,0.08241945156829619,0.0723000295411455,0.006516291220622306,16,1,t3,3
0.6024373229443541,0.010000000000000009,0.01,0.03895456237129385,0.79,0.4606120023036012,0.0687644555829177,0.10767226426174623,0.09487495632428,0.008364885030519242,16,1,t4,4
0.5997632855697618,0.010000000000000009,0.01,0.048240867804888794,0.79,0.45553970579684433,0.08477698303226737,0.13184737552260728,0.11669448595458518,0.010067684699794688,16,1,final,5
0.0,0.0,0.0,0.0,0.8,0.43311042575976477,0.0,0.0,0.0,0.0,19,1,t0,0
0.7891271586171948,0.020000000000000018,0.02,0.01905032278669284,0.8200000000000001,0.41093862216110044,0.03208818191732456,0.057311826441637584,0.07142445440323639,0.012488123736645651,19,1,t1,1
0.7887598795708773,0.020000000000000018,0.02,0.03785226670327671,0.8300000000000001,0.3904759269742983,0.06291269992763393,0.11264978018421543,0.1403618117884019,0.023832034157325266,19,1,t2,2
0.7883289033123445,0.020000000000000018,0.02,0.05633687647706237,0.8400000000000001,0.37161698264577325,0.09250103305269994,0.16599104001837892,0.20680071235529118,0.034103454883413487,19,1,t3,3
0.7878393399197821,0.020000000000000018,0.02,0.07447043299206203,0.8400000000000001,0.35425990736670065,0.12088187581689698,0.21731838046752458,0.2707366471035533,0.04337270249048969,19,1,t4,4
0.7872959978888002,0.020000000000000018,0.02,0.09223620669853948,0.8400000000000001,0.33830629927529005,0.14808512786621694,0.2666211242648436,0.33217261994107866,0.05170848948008061,19,1,final,5
0.0,0.0,0.0,0.0,0.9199999999999999,0.2170151433723948,0.0,0.0,0.0,0.0,2,1,t0,0
0.7883428744115997,0.0,0.0,0.01763399690575275,0.9199999999999999,0.2110654110384414,0.01746884466679797,0.04978484282942386,0.05049634716522492,0.0035710551065399887,2,1,t1,1
0.7863287940260587,0.0,0.0,0.03296865239216262,0.9199999999999999,0.20606492841591256,0.03346446923056282,0.09487485963750443,0.09591867852482013,0.006459900910453065,2,1,t2,2
0.7844290944238921,0.010000000000000009,0.01,0.04640855675019761,0.9299999999999999,0.20180176931928684,0.048210706754236714,0.13596998401465288,0.13701068923763474,0.00883151670494281,2,1,t3,3
0.7826397596217558,0.010000000000000009,0.01,0.05825971735161931,0.9299999999999999,0.19811860357603817,0.06188993061366483,0.17364074711646263,0.17438044855891222,0.010806500561932608,2,1,t4,4
0.7809567144854267,0.010000000000000009,0.01,0.06880722776964197,0.9299999999999999,0.19489698448554021,0.07465215028762603,0.20835696449583835,0.20853021524955132,0.012474192509554755,2,1,final,5
0.0,0.0,0.0,0.0,0.88,0.2803024360641685,0.0,0.0,0.0,0.0,20,1,t0,0
0.7328818798703229,0.0,0.0,0.0004746940583355909,0.88,0.27779715932805427,0.011062555388795513,0.01350655751827064,0.0017621088207923708,0.0013031649051918892,20,1,t1,1
0.732117320902898,0.0,0.0,0.0009540804674997472,0.88,0.275357937934988,0.021973497286264663,0.026813278024347968,0.003537923320708655,0.002563497796364278,20,1,t2,2
0.7313448374574318,0.0,0.0,0.0014370521562815932,0.88,0.2729822948799926,0.03273639402079405,0.03992139868504442,0.005322437181549534,0.003782694541373144,20,1,t3,3
0.7305650748312634,0.0,0.0,0.001922161262644705,0.88,0.2706678723441628,0.04335469543240851,0.05283221126494116,0.007110788433360974,0.004962371511642916,20,1,t4,4
0.7297785323232885,0.0,0.0,0.0024077083413694593,0.88,0.2684124251298249,0.0538317366377949,0.06554706469192555,0.008898306784105973,0.0061040697683949485,20,1,final,5
0.0,0.0,0.0,0.0,0.99,0.06702314508408436,0.0,0.0,0.0,0.0,21,1,t0,0
0.7057582674921081,0.0,0.0,0.0074877481514214845,0.99,0.06424309121211282,0.01179719555880599,0.034064377504143435,0.037811037063014766,0.0013356875276245156,21,1,t1,1
0.703880296500309,0.0,0.0,0.014497909421807682,0.99,0.06171529345154406,0.023042360895102112,0.06641770468413308,0.07371562646542744,0.0025107569317720096,21,1,t2,2
0.7020756580227907,0.0,0.0,0.02107641968866871,0.99,0.059407888606087075,0.03378222684139112,0.0972196689611382,0.10787649852226913,0.0035482647457851235,21,1,t3,3
0.7003397414755964,0.0,0.0,0.027263299335072332,0.99,0.05729392421257154,0.04405828359628497,0.1266104799012958,0.14043792931099722,0.004467451715516178,21,1,t4,4
0.6986684039365617,0.0,0.0,0.03309358662714084,0.99,0.05535048620072451,0.053907483400415936,0.15471374547338104,0.17152827795952674,0.0052844547944348105,21,1,final,5
0.0,0.0,0.0,0.0,0.8300000000000001,0.33509712073079934,0.0,0.0,0.0,0.0,22,1,t0,0
0.698162876228007,0.010000000000000009,0.01,0.016306385077767917,0.8500000000000001,0.327678054753061,0.019432934033093086,0.037311469251281065,0.0452690545065602,0.0035109387667535685,22,1,t1,1
0.6945126325160846,0.0,0.0,0.030776209897777324,0.86,0.3210952928937736,0.037723073918714295,0.07111574154901969,0.08547295803150644,0.00648965040099192,22,1,t2,2
0.690900819427483,-0.010000000000000009,0.03,0.04358349310300905,0.85,0.3152040487290154,0.05500061872443637,0.10180783248766374,0.12116619870285537,0.009040342569489823,22,1,t3,3
0.6873402753397418,-0.010000000000000009,0.03,0.054886556109711174,0.85,0.3098865404636336,0.07138179593893644,0.12974505250486504,0.15285298341718745,0.011246724634769167,22,1,t4,4
0.6838426235219469,0.0,0.04,0.06486589893834926,0.86,0.30504736581513614,0.0869693667691438,0.15524823564186224,0.18098832394277092,0.013175630281428152,22,1,final,5
0.0,0.0,0.0,0.0,0.9,0.2571326073746268,0.0,0.0,0.0,0.0,23,1,t0,0
0.7599900620176769,0.0,0.0,0.006946689446785168,0.9,0.25410859517986,0.012387042132324371,0.025219383912158257,0.01978109227280703,0.00173833751606578,23,1,t1,1
0.7585739757982944,0.0,0.0,0.01354423568855727,0.9,0.25125919159160454,0.02440895167304077,0.049547230974802486,0.03884364636810225,0.003355070574829644,23,1,t2,2
0.7571863895010834,0.0,0.0,0.019819139584173827,0.9,0.24857078455497894,0.03608390486583966,0.07303283250599288,0.05722922508177574,0.004860713185397825,23,1,t3,3
0.7558252435091036,0.010000000000000009,0.01,0.025784704510638638,0.91,0.24603099160318004,0.047428999912150605,0.09572186897311574,0.07497615167552646,0.00626474662450055,23,1,t4,4
0.7544885643003233,0.019999999999999907,0.02,0.03146134336206073,0.9199999999999999,0.2436285361348296,0.05846032939245406,0.1176567396805721,0.09211982400794654,0.007575732290370452,23,1,final,5
0.0,0.0,0.0,0.0,0.88,0.25921839620142206,0.0,0.0,0.0,0.0,26,1,t0,0
0.6674171784182327,0.0,0.0,0.00534783638529539,0.88,0.2555041236138961,0.01361516187258542,0.022754926959768326,0.018341302690535483,0.0016317262100815633,26,1,t1,1
0.6657479139605719,0.0,0.0,0.010622919268182382,0.88,0.25191726662249087,0.026995779170306627,0.04492544949272595,0.03626609829088928,0.003188614888574526,26,1,t2,2
0.6640478689238595,0.0,0.0,0.015819782140429693,0.88,0.2484543444461132,0.04014393961830419,0.06650871075762145,0.053766648371133416,0.004672822223122652,26,1,t3,3
0.6623180715137624,0.0,0.0,0.02093320612851165,0.88,0.2451118797846315,0.05306183870034989,0.0875029150934694,0.07083638706241274,0.0060865294260532,26,1,t4,4
0.6605595318304832,0.0,0.0,0.025958239807271778,0.88,0.2418863980172331,0.06575178838370334,0.10790733339892178,0.08746990040227959,0.007431941417465282,26,1,final,5
0.0,0.0,0.0,0.0,0.9099999999999999,0.2261602408189501,0.0,0.0,0.0,0.0,27,1,t0,0
0.8641056300914502,0.0,0.0,0.021467532282117285,0.9099999999999999,0.21406809387033754,0.024553871085336524,0.07048987964565577,0.06648763707858886,0.008576957570752608,27,1,t1,1
0.8625529012244633,0.030000000000000027,0.03,0.04059922937841771,0.94,0.20370942625297397,0.047263738567408224,0.13540962911218624,0.12756401911033177,0.015750837881031904,27,1,t2,2
0.8610115800903384,0.030000000000000027,0.03,0.057688081144260536,0.94,0.19476193962645702,0.06835498891639903,0.1954495721504533,0.1838895469770756,0.021796751818024374,27,1,t3,3
0.8594825410712937,0.030000000000000027,0.03,0.07303848701863405,0.94,0.18697299833762468,0.08801846043687597,0.25119222063602625,0.23602413704525588,0.026928623426533377,27,1,t4,4
0.8579668340319843,0.020000000000000018,0.02,0.08686946385416677,0.9299999999999999,0.18014267139248058,0.10641674040247595,0.303132408228498,0.28444550947160546,0.03131437076104121,27,1,final,5
0.0,0.0,0.0,0.0,0.98,0.07383266061677042,0.0,0.0,0.0,0.0,28,1,t0,0
0.7174197341132098,0.0,0.0,0.004427750206242014,0.98,0.07253445107854306,0.008088159924043613,0.02496427918624414,0.01961478634049003,0.0006663189024954663,28,1,t1,1
0.7173663766229569,0.0,0.0,0.008710455325071743,0.98,0.07128428124141195,0.01602418970341233,0.04943329479018941,0.03880899412431433,0.0013065030262029709,28,1,t2,2
0.717345054239417,0.0,0.0,0.012856283050180667,0.98,0.07007958929825917,0.023813437350723193,0.07342921127195294,0.05760155632697978,0.0019222042735598938,28,1,t3,3
0.7173538577853366,0.0,0.0,0.016872770629630787,0.98,0.06891798941047375,0.03146097907188676,0.09697274420945223,0.0760101948328648,0.002514937902196007,28,1,t4,4
0.7173908287983661,0.010000000000000009,0.01,0.02076636635806608,0.99,0.0677972566037014,0.03897163858113776,0.12008327955049813,0.0940515191024528,0.0030860960304804758,28,1,final,5
0.0,0.0,0.0,0.0,0.97,0.12667266113701534,0.0,0.0,0.0,0.0,3,1,t0,0
0.8511018499369689,0.0,0.0,0.0060059667933825165,0.97,0.12443393300011416,0.010619271964429196,0.03049659015931021,0.02567559914923961,0.0015967527824341243,3,1,t1,1
0.8497186723021586,0.0,0.0,0.011715168543341132,0.97,0.12235031814270358,0.020863451551031184,0.059943626829852686,0.05033962894747513,0.003063976306870053,3,1,t2,2
0.8483667802743128,0.0,0.0,0.017152534759248262,0.97,0.1204061654647251,0.030757381940060648,0.0884162937591207,0.07406352814881163,0.00441568871918159,3,1,t3,3
0.8470457192568623,0.0,0.0,0.022347598911933938,0.97,0.11858764637015702,0.040323986574039426,0.11598315468359413,0.0969127894511704,0.005664212594890153,3,1,t4,4
0.8457548564128752,0.0,0.0,0.027315737300706126,0.97,0.11688252607894462,0.049584422727048445,0.1427067801399181,0.11894749291810285,0.006820392744487355,3,1,final,5
0.0,0.0,0.0,0.0,0.9299999999999999,0.21740249821638813,0.0,0.0,0.0,0.0,30,1,t0,0
0.5446030886467893,0.0,0.0,0.006424648448854354,0.9299999999999999,0.21569855371649377,0.009264941072748356,0.018404104517688376,0.020945354376273834,0.000500762962194895,30,1,t1,1
0.541652893714812,0.0,0.0,0.012577632252299775,0.9299999999999999,0.21405241944460002,0.018368195299976964,0.03617828263039411,0.04123434895217171,0.0009717225259616158,30,1,t2,2
0.5387769534328822,0.0,0.0,0.018477660298695752,0.9299999999999999,0.21245993684435516,0.027318364187080613,0.05335767837645558,0.0609026677057329,0.0014155659109957308,30,1,t3,3
0.5359729372957305,0.0,0.0,0.024141707295908244,0.9299999999999999,0.2109173647222144,0.03612336992607748,0.06997479488538849,0.07998335642172542,0.0018346889792366927,30,1,t4,4
0.5332385405476429,0.0,0.0,0.0295852138723647,0.9299999999999999,0.2094213292160942,0.04479052055825639,0.08605974876463562,0.09850706903418135,0.002231233087320872,30,1,final,5
0.0,0.0,0.0,0.0,0.9099999999999999,0.22091434856297815,0.0,0.0,0.0,0.0,31,1,t0,0
0.7597698054859456,0.0,0.0,0.008567297762909317,0.9099999999999999,0.21639162821655727,0.01491502369100881,0.03503219675087972,0.02871729346871707,0.002500939357643339,31,1,t1,1
0.7562821953391416,0.0,0.0,0.016619949803384704,0.9099999999999999,0.21218884075899996,0.02929610258822876,0.06839517090874458,0.05605839829592843,0.0047655715018325995,31,1,t2,2
0.7528318109317766,0.0,0.0,0.024199918360529815,0.9099999999999999,0.20827563855730746,0.043175332901455976,0.10020223357426677,0.0821139940367961,0.006819008085098777,31,1,t3,3
0.7494186839390082,0.0,0.0,0.03134452527336592,0.9099999999999999,0.20462508945537955,0.056582299221253664,0.13055670407907885,0.10696698953135379,0.008683383861976396,31,1,t4,4
0.7460428572362608,0.010000000000000009,0.01,0.038080007919721506,0.9199999999999999,0.2012132197559443,0.06954434360942176,0.15955306452942772,0.13069341749742677,0.010378266245674728,31,1,final,5
0.0,0.0,0.0,0.0,0.99,0.08492266862725051,0.0,0.0,0.0,0.0,32,1,t0,0
0.7415918883982309,0.0,0.0,0.008845664234798148,0.99,0.08265576938934763,0.01072727543540911,0.032329368480088536,0.03557518496579312,0.0012374482960529343,32,1,t1,1
0.7411523201659531,0.0,0.0,0.017227150632297242,0.99,0.08052948732180737,0.0211137049549515,0.06361996012167637,0.06991953452388745,0.0023820386489414175,32,1,t2,2
0.7407377389287287,0.0,0.0,0.025185555705706887,0.99,0.07853008001789163,0.03118254011746063,0.09394588161307126,0.10312167817093318,0.0034437991929029965,32,1,t3,3
0.7403468048712646,0.0,0.0,0.03275697697905654,0.99,0.07664560557740407,0.04095463958003157,0.12337342392198992,0.1352609953132507,0.004431371274250695,32,1,t4,4
0.7399781538845716,0.0,0.0,0.03997327336210914,0.99,0.07486563321371945,0.05044878883217806,0.1519621171119438,0.1664088501432674,0.005352239414617113,32,1,final,5
0.0,0.0,0.0,0.0,0.98,0.05805324734533085,0.0,0.0,0.0,0.0,33,1,t0,0
0.8730245691797373,0.0,0.0,0.0035489634629366036,0.98,0.05752111453095281,0.005174363010356445,0.021035437732993635,0.015601949361258766,0.00040435254645732055,33,1,t1,1
0.8722331428029385,0.0,0.0,0.006989835851733396,0.98,0.05700479788817481,0.010270679183889941,0.04166330903466628,0.03087861985710563,0.0007946182213895703,33,1,t2,2
0.8714523033289687,0.010000000000000009,0.01,0.01032766729105762,0.99,0.056503497067340674,0.015291744383035672,0.06189914190945785,0.045843022821241745,0.0011715511401678008,33,1,t3,3
0.8706821072363766,0.0,0.0,0.013567301265743346,0.99,0.05601646771634931,0.020240199288589788,0.08175758979224702,0.060507423945523164,0.001535851431426781,33,1,t4,4
0.8699222929438363,0.0,0.0,0.016713708876617883,0.99,0.05554301651822458,0.02511854098185577,0.10125249639981376,0.07488339879280852,0.0018881700731363804,33,1,final,5
0.0,0.0,0.0,0.0,0.87,0.3733938831243666,0.0,0.0,0.0,0.0,34,1,t0,0
0.5667167022615964,0.0,0.0,0.016512374874059862,0.86,0.36687320378899535,0.018317290598031447,0.021306591642159048,0.030172665899850504,0.0021115991408270363,34,1,t1,1
0.574030255900132,0.009999999999999898,0.01,0.028916790228921883,0.86,0.3610045958860173,0.03560975177764669,0.04192678056916964,0.0540992120721793,0.004092734502771145,34,1,t2,2
0.5800487807141805,0.0,0.0,0.038872995848252385,0.86,0.3556176759185695,0.052109834836153196,0.06202003249035313,0.07401847597753147,0.005967814183631459,34,1,t3,3
0.585003191486314,0.0,0.0,0.047458663542513824,0.86,0.3506128779266737,0.06796514139273548,0.08165159561550081,0.09142041322423326,0.007747694905728464,34,1,t4,4
0.5890965244278773,0.009999999999999898,0.01,0.05509102652851672,0.86,0.34592802196002814,0.08327222479449124,0.10084463497859339,0.10726935767100655,0.009438285963399684,34,1,final,5
0.0,0.0,0.0,0.0,0.99,0.06673218333978102,0.0,0.0,0.0,0.0,35,1,t0,0
0.8028581252983671,0.0,0.0,0.00492564162022264,0.99,0.06532243919317773,0.008430682211239706,0.03281908514062973,0.021605494152306396,0.00089307496184729,35,1,t1,1
0.8018702042923541,0.0,0.0,0.009499811381505184,0.99,0.06401561779959705,0.0165459387761787,0.06405571852860936,0.04203405461572988,0.0017082873662555842,35,1,t2,2
0.8009255111185134,0.0,0.0,0.013757728651206887,0.99,0.06280016402782115,0.024370255589189056,0.09383430743345197,0.06137866317091395,0.0024551108539892647,35,1,t3,3
0.8000215175983053,0.0,0.0,0.01772994091293712,0.99,0.0616661515395223,0.03192551227051642,0.12226564997377971,0.079722130211415,0.003141621906215551,35,1,t4,4
0.7991557672077655,0.0,0.0,0.021443089056711384,0.99,0.060605008347999326,0.03923133795136181,0.14944884282443116,0.09713852154079028,0.003774742045199439,35,1,final,5
0.0,0.0,0.0,0.0,0.8999999999999999,0.284800886888463,0.0,0.0,0.0,0.0,38,1,t0,0
0.7391305483374074,0.0,0.0,0.013414736350852356,0.8999999999999999,0.27797475435443886,0.018201394249682663,0.03957625113720055,0.0374665883012725,0.0035015599996344182,38,1,t1,1
0.738310208516345,0.010000000000000009,0.01,0.025819814425288246,0.9099999999999999,0.2718702636430441,0.03540227250684664,0.07678029301134674,0.07258762144786945,0.006592969109911917,38,1,t2,2
0.7375713073748613,0.010000000000000009,0.01,0.037301547885178594,0.9099999999999999,0.2663904106541451,0.051686966211548724,0.11182664310994134,0.10555587660457427,0.009334699393826307,38,1,t3,3
0.736904678832774,0.020000000000000018,0.02,0.0479553998873423,0.9099999999999999,0.26145286846112614,0.06713136985723052,0.14490590280998578,0.13654508192670356,0.011777152585350226,38,1,t4,4
0.7363018486674475,0.020000000000000018,0.02,0.0578535065805633,0.9099999999999999,0.2569874870341065,0.08180400741311838,0.17618803434069724,0.16571234631867704,0.0139625406661269,38,1,final,5
0.0,0.0,0.0,0.0,0.9199999999999999,0.21616187959247019,0.0,0.0,0.0,0.0,40,1,t0,0
0.7991080661268486,0.0,0.0,0.013408139103314018,0.9199999999999999,0.2110989592601014,0.015994079275361745,0.03866846671160575,0.03916033370537489,0.0031797500060501693,40,1,t1,1
0.7980996830380354,-0.009999999999999898,0.01,0.02588618441399924,0.91,0.20645229773380874,0.03131371775857274,0.07550516924649396,0.07641498181606628,0.006059414274191988,40,1,t2,2
0.7971544095267166,0.010000000000000009,0.01,0.03752077700899536,0.92,0.20217263655770562,0.04601179472255298,0.11066733961102697,0.11191975722925515,0.008677289141690414,40,1,t3,3
0.7962652642824339,0.010000000000000009,0.01,0.04839304748665141,0.92,0.19821761040841074,0.060136083782576885,0.14429518426209667,0.14581471403098611,0.011065959293787314,40,1,t4,4
0.7954259358345592,1.1102230246251565e-16,0.02,0.05857723107934086,0.92,0.19455067036852794,0.07372981151360611,0.17651402716280465,0.17822599251601035,0.013253241824726453,40,1,final,5
0.0,0.0,0.0,0.0,0.79,0.42569891899585577,0.0,0.0,0.0,0.0,41,1,t0,0
0.9475570986017776,0.020000000000000018,0.04,0.06754534550590693,0.81,0.4076764262023242,0.03051764651594386,0.11868988538445259,0.11653279094162837,0.015298616397081521,41,1,t1,1
0.9443508547783971,0.020000000000000018,0.06,0.12481095033723458,0.81,0.394550062722123,0.0565277975319928,0.21856718834222919,0.21449455066973125,0.0260420971325937,41,1,t2,2
0.9407622004409816,0.010000000000000009,0.05,0.17298260182708236,0.81,0.3848728397013561,0.07880410475119663,0.30267371805538307,0.2968676973800055,0.033613969804542954,41,1,t3,3
0.936796229275894,0.020000000000000018,0.06,0.21334473096460752,0.8300000000000001,0.3776247635617763,0.09800004536441266,0.37359641605905924,0.3661979644729964,0.038983686424148234,41,1,t4,4
0.93246456595726,0.010000000000000009,0.05,0.24660361521730362,0.8300000000000001,0.3720904117005976,0.11466202994445572,0.4335127585344024,0.4246344540410877,0.04282642254766433,41,1,final,5
0.0,0.0,0.0,0.0,0.98,0.10722554744429572,0.0,0.0,0.0,0.0,43,1,t0,0
0.7660128406509974,0.0,0.0,0.005899056639765244,0.98,0.10612935585207467,0.007392261389385738,0.027691392208911363,0.0234839645512869,0.000632550235951504,43,1,t1,1
0.7627275083567066,0.0,0.0,0.011552813644461327,0.98,0.10507337429423266,0.014643756430987243,0.05458724214353105,0.04630146414326911,0.0012313148578663863,43,1,t2,2
0.7595075322184069,0.0,0.0,0.016978518577891476,0.98,0.10405466280126313,0.02176214965422714,0.08073131380925587,0.0684897428037332,0.0017991239122983615,43,1,t3,3
0.7563515116411322,0.0,0.0,0.022191781121102986,0.98,0.10307058103993788,0.028754478620049314,0.10616396360179448,0.09008312181735799,0.0023385118235093177,43,1,t4,4
0.7532579069349099,0.0,0.0,0.027206767553746125,0.98,0.10211875089711472,0.03562721886104456,0.13092248519762947,0.11111329694422505,0.0028517544885181267,43,1,final,5
0.0,0.0,0.0,0.0,0.9299999999999999,0.1315382663425807,0.0,0.0,0.0,0.0,44,1,t0,0
0.7963641888751899,0.0,0.0,0.003550188351746417,0.9299999999999999,0.12977416559422622,0.009412598013949709,0.017777124215233135,0.015477148988535697,0.0011132151850480054,44,1,t1,1
0.796302160171377,0.0,0.0,0.006989850455580196,0.9299999999999999,0.12806322576186283,0.018680952456470012,0.03520278709684691,0.030617113845787323,0.002188866192269129,44,1,t2,2
0.7962441010952055,0.0,0.0,0.010325617771996384,0.9299999999999999,0.12640304978183634,0.027809440140809192,0.05229441147028428,0.045436864389518335,0.003228790657032715,44,1,t3,3
0.79619001926309,0.0,0.0,0.013563585740375321,0.9299999999999999,0.12479139533803502,0.03680221084936014,0.06906818968608293,0.05995217152818683,0.004234700931360941,44,1,t4,4
0.7961397715110955,0.0,0.0,0.016709366272425148,0.9299999999999999,0.12322616074430064,0.0456632061405269,0.08553919199442088,0.0741777122553499,0.005208195934847684,44,1,final,5
0.0,0.0,0.0,0.0,0.86,0.2991992639669224,0.0,0.0,0.0,0.0,45,1,t0,0
0.6730464498985583,0.0,0.0,0.00886812408443275,0.86,0.29632886004010195,0.012047923912826518,0.020574152791002335,0.02378197935101044,0.0012901695858185125,45,1,t1,1
0.6709065998659796,0.0,0.0,0.017180900192530255,0.86,0.29358925087605525,0.023813978414097128,0.040212527992640315,0.04641380328081109,0.002496932347820058,45,1,t2,2
0.6688810430138972,0.010000000000000009,0.01,0.02500191432747093,0.88,0.29096788401062257,0.03531847972507066,0.05901705905600258,0.06802082964446428,0.0036299077105561017,45,1,t3,3
0.6669556166854115,0.010000000000000009,0.01,0.03237815658169629,0.88,0.2884542515999427,0.04657892174863998,0.07707351569166396,0.08871004044861772,0.004696996161733524,45,1,t4,4
0.6651182420314367,0.010000000000000009,0.01,0.03936113053158824,0.88,0.2860394532595295,0.05761049498501807,0.09445441954543961,0.10857310685797085,0.0057047657354065695,45,1,final,5
0.0,0.0,0.0,0.0,0.83,0.41784399586811616,0.0,0.0,0.0,0.0,46,1,t0,0
0.639033113200103,0.0,0.0,0.012053850423319584,0.83,0.413341449508251,0.015128099795481957,0.026907997809055378,0.030172934554723703,0.0018150754885198905,46,1,t1,1
0.6340392375874342,0.0,0.0,0.023141034900369308,0.83,0.40911840664767696,0.029761233813546097,0.05178946834584609,0.05773180912801307,0.003449796074862288,46,1,t2,2
0.6293301003993416,-0.010000000000000009,0.01,0.03336102270863674,0.82,0.4051370596021461,0.04394836529725843,0.0748790476079811,0.08297134301064656,0.004934305651887572,46,1,t3,3
0.6248882937459689,-0.010000000000000009,0.01,0.04280630417519761,0.82,0.40136698982306107,0.05773106360756872,0.09638107122976401,0.10615149384708418,0.0062924130663637445,46,1,t4,4
0.6206955680212737,-0.010000000000000009,0.01,0.05156783103704676,0.82,0.3977835974788422,0.07114464736351246,0.11647314561990751,0.12750141267491877,0.0075429694673250225,46,1,final,5
0.0,0.0,0.0,0.0,0.97,0.11961513651545705,0.0,0.0,0.0,0.0,47,1,t0,0
0.8208890470802119,0.0,0.0,0.006261772882719756,0.97,0.11710610958158502,0.011302044710902535,0.03446486725644813,0.027008171257618334,0.0016727347110948865,47,1,t1,1
0.8187125555680778,0.0,0.0,0.012032334781741425,0.97,0.11479821434615566,0.0221367752917723,0.06712250344187573,0.052419670790885074,0.003179932043736247,47,1,t2,2
0.8165916800315783,0.0,0.0,0.017367237905404363,0.97,0.11266576828656243,0.03254601822777561,0.09813608249309451,0.07637839611974671,0.0045442384096041205,47,1,t3,3
0.8145253858079362,0.0,0.0,0.02231676350563807,0.97,0.11068722921515664,0.042566501021079346,0.12764895310455232,0.09901130964190194,0.005784541292575052,47,1,t4,4
0.8125124600876703,0.0,0.0,0.0269216397510083,0.97,0.10884441582697842,0.05223060792127836,0.1557875957575817,0.12043088989906346,0.006916688469357168,47,1,final,5
0.0,0.0,0.0,0.0,0.74,0.5834242006932401,0.0,0.0,0.0,0.0,48,1,t0,0
0.753293921749951,0.0,0.0,0.010519706523225578,0.74,0.5789233216302698,0.015041089622671746,0.030914780522312994,0.025078838456495726,0.002544956458846892,48,1,t1,1
0.7528598722798674,0.010000000000000009,0.01,0.021114622272175882,0.75,0.5745733234822379,0.02982955065922973,0.06124319566894838,0.04972755266481137,0.004999604342847741,48,1,t2,2
0.7523511570227909,-0.010000000000000009,0.01,0.0317724070140532,0.74,0.5703697454817457,0.04436785158471083,0.09098019701889073,0.07394019751889522,0.007365095956609724,48,1,t3,3
0.7517680315166017,-0.020000000000000018,0.02,0.04248114548482559,0.74,0.5663081518517183,0.058658593865647486,0.1201215220071799,0.09771138599799316,0.009642735559401983,48,1,t4,4
0.7511107284623239,-0.020000000000000018,0.02,0.05323377725403402,0.74,0.5623841359419957,0.0727045109793991,0.1486636951111769,0.12103630491145044,0.011833968844275677,48,1,final,5
0.0,0.0,0.0,0.0,0.9199999999999999,0.21690024127749324,0.0,0.0,0.0,0.0,49,1,t0,0
0.7559807467866507,0.0,0.0,0.012888691448520912,0.9299999999999999,0.21102308286383653,0.016841097962635488,0.039224369484321994,0.04202197228174055,0.0031505079750944742,49,1,t1,1
0.7547378767227816,0.0,0.0,0.02484275959034252,0.9299999999999999,0.20560164150399626,0.03301307543177216,0.07649187605698689,0.08195061725090652,0.005999241880190881,49,1,t2,2
0.7535498038209958,0.0,0.0,0.035966385880074676,0.9299999999999999,0.200585477506033,0.04856538653662867,0.11196964389563921,0.11995915093543004,0.008583198551938398,49,1,t3,3
0.7524098048739061,0.0,0.0,0.04634873034273176,0.9299999999999999,0.19593092523450434,0.06354273409177928,0.14580628560173836,0.15620243851123553,0.010933992987474966,49,1,t4,4
0.7513118990336082,0.0,0.0,0.056066555298501214,0.9299999999999999,0.19160003653345567,0.07798563107826938,0.17813438343920868,0.19081935814401754,0.013078757144884878,49,1,final,5
0.0,0.0,0.0,0.0,0.97,0.12859798361784092,0.0,0.0,0.0,0.0,5,1,t0,0
0.86402729505848,0.0,0.0,0.0069164744557619175,0.97,0.12560145456202715,0.012351864709621956,0.04074247325360302,0.023788184284721122,0.002217493820587918,5,1,t1,1
0.8627235865243795,0.0,0.0,0.013340672187858896,0.97,0.12285062916935895,0.024182208210583315,0.07941706529739594,0.046429469689119984,0.004225665151060834,5,1,t2,2
0.861447770170094,0.0,0.0,0.019328511529319446,0.97,0.12031458962704297,0.03553652987667168,0.11620388629554429,0.06802441073070023,0.006052117412991331,5,1,t3,3
0.8601981481807619,0.0,0.0,0.024927444411821313,0.97,0.11796726756098655,0.04645497943972636,0.15126158165861717,0.08866120993738821,0.007720015190966739,5,1,t4,4
0.8589731257406376,0.0,0.0,0.03017802308373623,0.97,0.11578655186934375,0.05697313452727443,0.18473053727773614,0.10841762743950643,0.009248914614480602,5,1,final,5
0.0,0.0,0.0,0.0,0.71,0.5536071949974481,0.0,0.0,0.0,0.0,50,1,t0,0
0.9142161283107945,0.010000000000000009,0.01,0.02775568270780845,0.72,0.5416362545467941,0.024049202498122556,0.0580311693102456,0.05088224711776665,0.00929819793966491,50,1,t1,1
0.9118846865428151,0.010000000000000009,0.01,0.053905552424441554,0.73,0.5311014094788833,0.046612887424145634,0.11171379650366367,0.0978878602771907,0.017321467809068736,50,1,t2,2
0.90942401416601,0.020000000000000018,0.04,0.07837209380929282,0.74,0.521796675560922,0.06781373861537753,0.161385488238418,0.1413095444575925,0.024260233983345092,50,1,t3,3
0.9068390689702911,0.020000000000000018,0.04,0.10120849062713869,0.74,0.5135448924228277,0.0877666966498445,0.20736326981911132,0.18142269422042465,0.030277905657432602,50,1,t4,4
0.9041354502558818,0.030000000000000027,0.05,0.12252329234747192,0.75,0.5061942314105465,0.10657883940926752,0.24994330531562178,0.21848509812154715,0.03551416108812944,50,1,final,5
0.0,0.0,0.0,0.0,0.8899999999999999,0.2045939822503831,0.0,0.0,0.0,0.0,52,1,t0,0
0.797639183769296,0.0,0.0,0.00518895696326522,0.8999999999999999,0.2010403622353488,0.012964554748545567,0.027117170703016384,0.02001601197942114,0.0020947076713954127,52,1,t1,1
0.7967500277668317,0.0,0.02,0.010081395133051117,0.8999999999999999,0.19769033139389589,0.025549635903272624,0.05318688863954942,0.03912862072080529,0.004041740181467163,52,1,t2,2
0.795886865214748,0.0,0.02,0.0147013051447833,0.8999999999999999,0.1945258643031918,0.03777827520017577,0.07828311231133393,0.05740142244703335,0.005855498941340909,52,1,t3,3
0.7950477448902468,0.010000000000000009,0.03,0.019071641831030155,0.9099999999999999,0.19153093279883462,0.04967164180712044,0.10247296436375287,0.07489240756864929,0.007548691855025297,52,1,t4,4
0.7942307914182671,0.010000000000000009,0.03,0.02321311846064215,0.9199999999999999,0.18869124814694704,0.061249222047919834,0.12581748212157112,0.0916545484574984,0.009132561474419265,52,1,final,5
0.0,0.0,0.0,0.0,0.94,0.1617232675338738,0.0,0.0,0.0,0.0,53,1,t0,0
0.7345290597564361,0.0,0.0,0.0072959351155153455,0.94,0.1594895462271944,0.010526763149525858,0.03122377220150772,0.02535680022186603,0.0011744409904924091,53,1,t1,1
0.7314168424148164,0.0,0.0,0.014212941740350132,0.94,0.1573605420303475,0.020800835310934847,0.061318704444289475,0.04982619592540581,0.0022714058447489416,53,1,t2,2
0.7283939202493128,0.0,0.0,0.0207858181400207,0.94,0.15532746291695668,0.030837522979227264,0.09035773529680653,0.07346650637706738,0.0032985068548403718,53,1,t3,3
0.7254568693453325,0.0,0.0,0.027041769288621825,0.94,0.15338250410279602,0.04065078886055706,0.11840738508442447,0.09633082777184382,0.004262445810752857,53,1,t4,4
0.7226023537887857,0.0,0.0,0.033005926194822295,0.94,0.15151871326259347,0.050253402197516235,0.14552847833095295,0.1184676271214387,0.005169142113700093,53,1,final,5
0.0,0.0,0.0,0.0,0.98,0.08332657919331586,0.0,0.0,0.0,0.0,6,1,t0,0
0.6530418883550131,0.0,0.0,0.0019333663614222276,0.98,0.08240405729238634,0.00680271092445756,0.016867690816114243,0.008375531911604946,0.00039052079642129534,6,1,t1,1
0.6512876136514475,0.0,0.0,0.0037784956817625785,0.98,0.0815037012477382,0.013522616022229353,0.03330076330628329,0.016440589515320642,0.0007662545959977174,6,1,t2,2
0.6495842899641696,0.0,0.0,0.005540883728194999,0.98,0.08062431556175681,0.020163084051230813,0.04932068586549146,0.024211738673340987,0.0011282008504795715,6,1,t3,3
0.6479305170717421,0.0,0.0,0.007225612903910233,0.98,0.07976480931499369,0.02672723239126886,0.06494758498064367,0.031704534463687546,0.00147726818714293,6,1,t4,4
0.6463247687350901,0.0,0.0,0.00883739132628228,0.98,0.07892418536935553,0.03321794850237133,0.08020035316558799,0.03893360120791399,0.001814283980439299,6,1,final,5
0.0,0.0,0.0,0.0,0.8999999999999999,0.24142809875376853,0.0,0.0,0.0,0.0,7,1,t0,0
0.5928048362144305,0.0,0.0,0.010498686321634124,0.9099999999999999,0.23694750545329224,0.014898371127694392,0.028770648930561336,0.03298909783477444,0.0014846858354740922,7,1,t1,1
0.5882121022618007,0.0,0.0,0.019889331785406465,0.9099999999999999,0.23292675320420697,0.02900270591283142,0.05535283552622879,0.06298126336875833,0.0027395548091779243,7,1,t2,2
0.583886071041554,-0.010000000000000009,0.01,0.028301267403508152,0.8999999999999999,0.22929140019244015,0.04240200325057241,0.08001033965371719,0.09029573036460269,0.00381061258160742,7,1,t3,3
0.5798141492497726,-0.010000000000000009,0.01,0.03584322644247517,0.8999999999999999,0.2259811060501722,0.05517331032601844,0.10297040524776933,0.11521205220618937,0.00473404453978174,7,1,t4,4
0.5759838058127214,-0.010000000000000009,0.01,0.04261537381456078,0.8999999999999999,0.2229466731023272,0.06738353867447873,0.12442952734321334,0.13797604205077238,0.005538440897717822,7,1,final,5
0.0,0.0,0.0,0.0,0.89,0.28011398103846813,0.0,0.0,0.0,0.0,8,1,t0,0
0.6566443611265181,0.010000000000000009,0.01,0.02295674892911682,0.9,0.27221728615847834,0.02035521793064,0.05415273028662725,0.06501220440734509,0.0032142138249185437,8,1,t1,1
0.6421481344324708,0.0,0.0,0.041836788058350186,0.9,0.26583974336546196,0.038589250351316134,0.0990764266458663,0.11886865861378311,0.005405071120380522,8,1,t2,2
0.6278299024255829,0.0,0.0,0.057256724348978924,0.9,0.26056432918015393,0.05508607767261949,0.13629756797473425,0.1633174152234005,0.006899450875881452,8,1,t3,3
0.6138624478027658,0.0,0.0,0.06975965355023345,0.9,0.25609201271547277,0.07016685657729593,0.16713341679241825,0.19987346223823427,0.007925167465059446,8,1,t4,4
0.6003930725602361,0.0,0.0,0.07981788721651498,0.9,0.2522097788059541,0.08409644560005552,0.1927086050463049,0.2298359890707289,0.008638906417921366,8,1,final,5
0.0,0.0,0.0,0.0,0.96,0.13674147223510547,0.0,0.0,0.0,0.0,9,1,t0,0
0.7602845225909559,0.0,0.0,0.006694449253729723,0.96,0.13471927417025703,0.010137408015991112,0.028533870384910547,0.024655519406417532,0.0011641200417962239,9,1,t1,1
0.7611917104236607,0.0,0.0,0.01302121083879119,0.96,0.13282521601112895,0.019944729221953592,0.056105356115403765,0.048368149270576234,0.0022491312032346944,9,1,t2,2
0.762075405261828,0.0,0.0,0.019014233579335335,0.96,0.1310459306519422,0.029446036863375546,0.08278660024359279,0.07121109456811921,0.003263683896966796,9,1,t3,3
0.7629343739153024,0.0,0.0,0.024704754452623004,0.96,0.12936984779139976,0.038662957326917304,0.10864200043999117,0.09324973977580628,0.004215199090182864,9,1,t4,4
0.7637675730415071,0.010000000000000009,0.01,0.030118652539261128,0.97,0.12778690725896863,0.047614979810632826,0.1337292487292243,0.11454267834133347,0.005110074994501668,9,1,final,5
0.0,0.0,0.0,0.0,0.94,0.20159690618560167,0.0,0.0,0.0,0.0,1,2,t0,0
0.5203262089442103,0.0,0.0,0.0022924551370109183,0.94,0.19948359005863703,0.01017912204020804,0.013937808021767792,0.008389578064263471,0.000549460817155123,1,2,t1,1
0.5183012124486468,0.0,0.0,0.004427238236950519,0.94,0.19745671381835397,0.020148803162749196,0.027486386909390734,0.016317201386726928,0.0010621911590497912,1,2,t2,2
0.5163623356002248,0.0,0.0,0.006416673623338001,0.94,0.19550893035730565,0.02992213451773533,0.04067630106090986,0.023823589191039246,0.0015422607811379219,1,2,t3,3
0.5145046539911616,0.0,0.0,0.008278000959189057,0.94,0.19363374023090696,0.039511039699930035,0.05353500035786943,0.03094610683681871,0.001993198879076119,1,2,t4,4
0.5127233359779064,0.0,0.0,0.010019093317791043,0.94,0.1918253808961069,0.048926389754145254,0.06608714422602546,0.037719003818942956,0.0024180707279146674,1,2,final,5
0.0,0.0,0.0,0.0,0.89,0.2602437775935709,0.0,0.0,0.0,0.0,10,2,t0,0
0.8446478958290954,0.010000000000000009,0.01,0.011181075368831044,0.9,0.2557582464618337,0.015096994000969487,0.03797182177879128,0.030721530895531184,0.0031454544641195126,10,2,t1,1
0.8410390690229818,0.0,0.0,0.021250862340818442,0.9,0.25169237413072876,0.02946467028059502,0.07350829773171842,0.058993775041089935,0.005925839842664926,10,2,t2,2
0.8374693113806377,0.0,0.0,0.03033282071343851,0.9,0.2479821453461682,0.04317987788002495,0.10686317317561717,0.08508130081475304,0.00839997307757323,10,2,t3,3
0.8339428333946781,0.0,0.0,0.038534892357498615,0.9,0.24457508311731027,0.056309732659725935,0.1382594290794037,0.1092181251634946,0.010615856491950265,10,2,t4,4
0.8304631895918687,0.0,0.0,0.045951748637289305,0.9,0.24142797709100422,0.06891295549679918,0.16789336392762233,0.131611481841843,0.01261283152514675,10,2,final,5
0.0,0.0,0.0,0.0,0.8300000000000001,0.36194293653224585,0.0,0.0,0.0,0.0,11,2,t0,0
0.9339120835614582,0.009999999999999898,0.01,0.023712414096975793,0.84,0.3479036820564201,0.026004158699722165,0.072009248095249,0.06422064226808191,0.011361291784408478,11,2,t1,1
0.9323527008396769,0.0,0.0,0.04601691114136987,0.84,0.33553935224042214,0.050403072390973656,0.13930075625951308,0.12412645386302802,0.021198595322382496,11,2,t2,2
0.9307160931800861,0.010000000000000009,0.01,0.06696106405855799,0.85,0.32463874859734,0.07330552729450002,0.20217223669978862,0.1799953262501648,0.029710878389430817,11,2,t3,3
0.9290020893972069,0.040000000000000036,0.04,0.0864083094244867,0.88,0.31501584024429335,0.09481506764839305,0.26090871707491753,0.23209256166241016,0.03707293482902618,11,2,t4,4
0.9272108883098743,0.050000000000000044,0.05,0.10449667351630536,0.89,0.30650724711803196,0.11502980824557299,0.3157818653444803,0.2806701986481655,0.04343785207488132,11,2,final,5
0.0,0.0,0.0,0.0,0.9,0.2653679409887675,0.0,0.0,0.0,0.0,14,2,t0,0
0.7754786933270673,0.019999999999999907,0.02,0.004082934086296914,0.9199999999999999,0.2622118895195591,0.012555646202930126,0.02562902503006146,0.011135302489444441,0.0018622803748327144,14,2,t1,1
0.7720637323444082,0.010000000000000009,0.01,0.008017475099498295,0.9199999999999999,0.2592064544747501,0.024809666483244733,0.05044335287096851,0.02204629037491027,0.0036009730046882016,14,2,t2,2
0.7687039566866452,0.010000000000000009,0.01,0.01181552676247167,0.9199999999999999,0.2563391886037385,0.03677931027125447,0.07449100708392875,0.03274709501784255,0.005227701904078286,14,2,t3,3
0.7654000037908327,0.010000000000000009,0.01,0.015486743431090116,0.9199999999999999,0.2535989390695741,0.048480534829548616,0.097816505498641,0.043250591616761855,0.0067528448497189975,14,2,t4,4
0.7621522293003534,0.010000000000000009,0.01,0.01903850283814698,0.9199999999999999,0.25097569718955837,0.05992811053046223,0.12046114903390003,0.053568519749175376,0.008185678938961494,14,2,final,5
0.0,0.0,0.0,0.0,0.97,0.0573796836620827,0.0,0.0,0.0,0.0,15,2,t0,0
0.8286090266519812,0.0,0.0,0.001623957264298958,0.97,0.0567586825331033,0.005370230693031996,0.018636895876019008,0.008158419188030643,0.0003925336733313703,15,2,t1,1
0.8278112758335981,0.0,0.0,0.003207320138680751,0.97,0.05615333852821572,0.010670152124638375,0.03696504795729555,0.016178675343822876,0.0007724445314811132,15,2,t2,2
0.8270257533104775,0.0,0.0,0.004751780178463921,0.97,0.05556296951998751,0.015901971363500095,0.05499500748265468,0.024065317948756278,0.0011403390896371352,15,2,t3,3
0.8262525306617405,0.0,0.0,0.006258931700845882,0.97,0.054986935555749045,0.021067786092944168,0.07273680118008168,0.03182268182607422,0.0014967848710018966,15,2,t4,4
0.8254913833390903,0.0,0.0,0.007730278900763921,0.97,0.05442463557813296,0.026169591694508526,0.0901999649982534,0.039454900386033005,0.0018423134957999618,15,2,final,5
0.0,0.0,0.0,0.0,0.87,0.3098158514326936,0.0,0.0,0.0,0.0,16,2,t0,0
0.621239112978663,0.0,0.0,0.003644925179083381,0.87,0.3065415496924931,0.012846479064255397,0.012891093114574814,0.011484586189612553,0.0012607426620803719,16,2,t1,1
0.6208004343132082,0.010000000000000009,0.01,0.007194086291538294,0.88,0.3033734825408986,0.02548189352521984,0.025504009669737652,0.02271729521227913,0.0024737540478642073,16,2,t2,2
0.6203745520450917,0.020000000000000018,0.02,0.01064717967607485,0.89,0.3003071596970793,0.037911566391008636,0.03784922731806851,0.03370549641243187,0.0036413429652576434,16,2,t3,3
0.6199606730048451,0.020000000000000018,0.02,0.01400280941268985,0.9,0.29733829963680236,0.050140685462326966,0.04993673103634443,0.04445634600922311,0.004765683951250321,16,2,t4,4
0.6195579390609691,0.010000000000000009,0.01,0.01726587692590773,0.9,0.29446281963018706,0.06217430523099864,0.06177603821586925,0.05497679008928565,0.005848825988168493,16,2,final,5
0.0,0.0,0.0,0.0,0.8999999999999999,0.21738382152263486,0.0,0.0,0.0,0.0,19,2,t0,0
0.648808809434411,0.0,0.0,0.0031639813247462366,0.9099999999999999,0.21447924038791188,0.01117251578862829,0.01343713254356787,0.013147482162211675,0.0010346442353224572,19,2,t1,1
0.6470640853016311,0.010000000000000009,0.01,0.006255791527302913,0.9299999999999999,0.21167264833464658,0.022146523499529846,0.026541492897352796,0.026005164266172522,0.0020141627459588085,19,2,t2,2
0.6453331575714469,0.010000000000000009,0.01,0.009276663234523372,0.9299999999999999,0.2089595302910107,0.03292778737158029,0.03932305918924971,0.03858535805448816,0.0029416824208628733,19,2,t3,3
0.6436161326997776,0.010000000000000009,0.01,0.012230134116638699,0.9299999999999999,0.20633563229951343,0.04352183462871558,0.05179142473775313,0.050899772663570236,0.003820131660964038,19,2,t4,4
0.6419130006044277,0.010000000000000009,0.01,0.015118934983426468,0.9299999999999999,0.20379694323106473,0.053933967830735674,0.06395583090969328,0.06295954330407712,0.004652254940320344,19,2,final,5
0.0,0.0,0.0,0.0,0.9299999999999999,0.20575460594025224,0.0,0.0,0.0,0.0,2,2,t0,0
0.8810774740531909,0.0,0.0,0.008175043486588695,0.94,0.20235592501587926,0.01308271970316503,0.0375134691526053,0.025509149719624674,0.0025645346586958273,2,2,t1,1
0.8786389571730032,0.0,0.0,0.015567565887347272,0.94,0.19932253563095836,0.025442338674202647,0.0727926689297567,0.0490447259239977,0.004809656470311924,2,2,t2,2
0.8761943329948856,0.010000000000000009,0.01,0.02226017411213572,0.95,0.19659969627176524,0.03714998639933633,0.10605329037259495,0.07079440797543608,0.006785409196399778,2,2,t3,3
0.8737465804908964,0.020000000000000018,0.02,0.02832206555006988,0.96,0.19414207142506384,0.04826846708862672,0.1374857153576263,0.09092561376244712,0.008533063438487976,2,2,t4,4
0.8712984718503191,0.030000000000000027,0.03,0.033826135765236354,0.97,0.19191194791078622,0.05885336976510718,0.1672584494334832,0.10958801434938656,0.01008680070806281,2,2,final,5
0.0,0.0,0.0,0.0,0.9299999999999999,0.20351215391364913,0.0,0.0,0.0,0.0,20,2,t0,0
0.7080660083063027,0.0,0.0,0.001815612702294225,0.9299999999999999,0.20186621236850472,0.009051787033766568,0.01641519412670711,0.00666670343531871,0.0008121812933440109,20,2,t1,1
0.7068098562125071,0.0,0.0,0.0035950189338843238,0.9299999999999999,0.2002719932268045,0.017959858587608443,0.0325087999773391,0.013255451609849055,0.0015906128183898194,20,2,t2,2
0.7055629346799217,0.0,0.0,0.005339672798591548,0.9299999999999999,0.1987268544939786,0.026729203218777524,0.04829303000815023,0.019768507810532798,0.002337207221660309,20,2,t3,3
0.7043252928791158,0.0,0.0,0.00705094177295634,0.9299999999999999,0.19722832032755844,0.035364588498926715,0.06377948637898516,0.02620803074048825,0.0030537497132184233,20,2,t4,4
0.7030968338502023,0.0,0.0,0.008730113326215518,0.9299999999999999,0.1957740692376002,0.043870571931200746,0.0789791974764272,0.032576080941882975,0.0037419075649385847,20,2,final,5
0.0,0.0,0.0,0.0,0.99,0.03166288464414991,0.0,0.0,0.0,0.0,21,2,t0,0
0.891523017424421,0.0,0.0,0.0012133230569619192,0.99,0.03131705499923722,0.004148897612612647,0.014362581624319408,0.006534832677024939,0.00027148646510846697,21,2,t1,1
0.8912878814190024,0.0,0.0,0.002399875612202019,0.99,0.03098022239506662,0.008243662285902122,0.028526991542117814,0.012944892860951488,0.0005351428655671689,21,2,t2,2
0.8910550371426346,0.0,0.0,0.0035607972615576476,0.99,0.030652001272081585,0.012285896687356369,0.04249938950816561,0.01923466347472551,0.0007913192463959925,21,2,t3,3
0.8908249398333463,0.0,0.0,0.004696933119874678,0.99,0.030332028776520727,0.016277130258327444,0.05628564431223447,0.02540841105941102,0.001040344574643963,21,2,t4,4
0.8905976214465642,0.0,0.0,0.0058091450302578465,0.99,0.03001996309076491,0.020218823632788124,0.06989135177767798,0.03147019878848378,0.0012825283115716311,21,2,final,5
0.0,0.0,0.0,0.0,0.72,0.7396754208088945,0.0,0.0,0.0,0.0,22,2,t0,0
0.922602144737912,0.020000000000000018,0.04,0.031087911428993396,0.74,0.7004551547625549,0.04391294074222644,0.15917550269066336,0.09470345146756395,0.03169578202214851,22,2,t1,1
0.9214632255926652,0.030000000000000027,0.05,0.0625842295934016,0.75,0.6657783294022073,0.08524447000676437,0.3089545879362844,0.1831578604348548,0.05932680049523886,22,2,t2,2
0.9202307635732977,0.020000000000000018,0.06,0.09426775695429045,0.74,0.63530441580592,0.12401275256747213,0.4492732527404027,0.26544007908398726,0.08321968416839565,22,2,t3,3
0.9188968314423207,0.030000000000000027,0.07,0.12582605000573854,0.76,0.608665552386647,0.16026334810144088,0.5801725482742268,0.3416931954072491,0.10372534419175605,22,2,t4,4
0.9174528553034215,0.050000000000000044,0.09,0.15664367568532794,0.78,0.5854833480084625,0.19406480992634362,0.7017871005294549,0.4121137104843729,0.12120290882763984,22,2,final,5
0.0,0.0,0.0,0.0,0.91,0.24627690109291583,0.0,0.0,0.0,0.0,23,2,t0,0
0.6725793076814081,0.0,0.0,0.001047599196591193,0.91,0.24469116714873615,0.008936290411392824,0.017133216154358984,0.0035803917065226334,0.0007108300275568413,23,2,t1,1
0.6701348199478105,0.0,0.0,0.002052734239229188,0.91,0.24316914602621914,0.01768947068936628,0.03373469063912127,0.007047649642207984,0.0013798930648852847,23,2,t2,2
0.6677198278732158,0.0,0.0,0.0030177812090862585,0.91,0.24170689783000154,0.026267106171655487,0.04982876415563238,0.010406795713922315,0.0020102005400323697,23,2,t3,3
0.6653335162121718,0.010000000000000009,0.01,0.003944166171743194,0.92,0.2403007828085903,0.034676354914918744,0.06543829262508301,0.013662513887185777,0.0026045124418196397,23,2,t4,4
0.6629749857794064,0.0,0.0,0.004834132580826312,0.92,0.23894743454848458,0.042923994743743844,0.08058476060345796,0.016819182241353807,0.0031653613013797877,23,2,final,5
0.0,0.0,0.0,0.0,0.75,0.754941820556261,0.0,0.0,0.0,0.0,26,2,t0,0
0.9428276471752084,0.0,0.0,0.026725958353642963,0.75,0.7116408187971074,0.04627628803563672,0.16956498075420093,0.09707464599548075,0.03740322856136369,26,2,t1,1
0.9427445315589447,0.020000000000000018,0.02,0.05470357289185171,0.77,0.6711556673429003,0.09106399208825858,0.3340694494668138,0.19069123815753555,0.07223848308252256,26,2,t2,2
0.9425757923284197,0.040000000000000036,0.04,0.08380185292541201,0.79,0.6335597578439516,0.13426323646095303,0.49302335091780997,0.2806555180553543,0.10442941636329328,26,2,t3,3
0.9423135833778424,0.050000000000000044,0.05,0.11376832174231463,0.8,0.5989053424208765,0.1757749225020289,0.6459339339200032,0.3667797914170568,0.13392085400256426,26,2,t4,4
0.9419499575610314,0.020000000000000018,0.04,0.14452565721484678,0.79,0.5672192831091785,0.21550265884861816,0.7923152121818804,0.448886310612763,0.16068298882845689,26,2,final,5
0.0,0.0,0.0,0.0,0.95,0.12687959297234297,0.0,0.0,0.0,0.0,27,2,t0,0
0.8982429818189507,0.0,0.0,0.004243456920170344,0.95,0.12406468606479942,0.011926200396002425,0.04281903299663949,0.01630901516745669,0.0022473654393292963,27,2,t1,1
0.8972160766897952,0.0,0.0,0.008194237343390337,0.95,0.12143997611402076,0.023440935847556313,0.08411480491773506,0.031867050775617634,0.004323864074490494,27,2,t2,2
0.8962008139353579,0.0,0.0,0.011881325094815355,0.95,0.11898617978534078,0.03457271444247645,0.12399339375453894,0.046731339824718054,0.006247472295536335,27,2,t3,3
0.8951966144895013,0.010000000000000009,0.01,0.01532438188978467,0.96,0.11668650487938997,0.0453472643495179,0.162550234053521,0.06095335571552707,0.008033803092809683,27,2,t4,4
0.8942028334658173,0.010000000000000009,0.01,0.018548298246530807,0.96,0.11452626308619437,0.055787884710423126,0.19987150261903688,0.07457953756825346,0.009696477173733564,27,2,final,5
0.0,0.0,0.0,0.0,0.97,0.04735003568775852,0.0,0.0,0.0,0.0,28,2,t0,0
0.817424522806539,0.010000000000000009,0.01,0.0013280047083721468,0.98,0.046208298468048775,0.00751958882395044,0.021886371185181733,0.007495533298898848,0.0007445083520982443,28,2,t1,1
0.8175460126685947,0.0,0.0,0.002625291063928781,0.98,0.0451178534029078,0.014867822019227098,0.043367533523192434,0.014867161982483659,0.0014508515728762772,28,2,t2,2
0.8176761112851361,0.0,0.0,0.0038933457340721137,0.98,0.044076136487656556,0.022049401949543957,0.06445762539797052,0.022120236544338204,0.0021210931018292717,28,2,t3,3
0.8178143753888029,0.0,0.0,0.005133545017966506,0.98,0.043080681141242555,0.029069026483936146,0.08517022745043383,0.02925978198681445,0.002757210579636196,28,2,t4,4
0.8179601787495724,0.0,0.0,0.006347164651129376,0.98,0.04212912011915804,0.03593137239331556,0.10551838260076567,0.03629051893206829,0.003361094883019819,28,2,final,5
0.0,0.0,0.0,0.0,0.99,0.06292171072224013,0.0,0.0,0.0,0.0,3,2,t0,0
0.7472376305513978,0.0,0.0,0.0011174861034333114,0.99,0.062383867455596057,0.00517065305539059,0.016857424871051862,0.005717353614747417,0.0002963212291531153,3,2,t1,1
0.7465495410459934,0.0,0.0,0.002213567235009393,0.99,0.06185754936577122,0.010285541499459273,0.033517600635610455,0.011366138241191412,0.0005845455392084128,3,2,t2,2
0.7458675787767647,0.0,0.0,0.0032889309045261487,0.99,0.061342348556108414,0.015346026705118108,0.04998562574434957,0.01694806663558215,0.0008649960138607318,3,2,t3,3
0.7451919878963,0.0,0.0,0.004344233438722984,0.99,0.060837875801954364,0.020353424054909832,0.06626640221056802,0.022464787548749386,0.0011379801174719872,3,2,t4,4
0.744522730923816,0.0,0.0,0.005380101784844677,0.99,0.06034375954847762,0.025309004800070565,0.08236464559257957,0.02791788880134819,0.0014037905695786362,3,2,final,5
0.0,0.0,0.0,0.0,0.9199999999999999,0.20906670844270955,0.0,0.0,0.0,0.0,30,2,t0,0
0.7040701288547772,0.010000000000000009,0.01,0.003905398064327643,0.9299999999999999,0.20657257018266817,0.011198164315505094,0.014821026782019152,0.016509666855413177,0.0012294141421908267,30,2,t1,1
0.7030510797762894,0.010000000000000009,0.01,0.007734935923419299,0.9299999999999999,0.20415352491828184,0.022225772927335744,0.02935341712258197,0.0326756298718771,0.0024098781733687402,30,2,t2,2
0.7020232998638621,0.010000000000000009,0.01,0.011490151060710309,0.9299999999999999,0.20180632886995342,0.03308748450368998,0.04360320841461558,0.04850571218616158,0.0035436625288485513,30,2,t3,3
0.7009872919569379,0.010000000000000009,0.01,0.015172516713463959,0.9299999999999999,0.1995279038263127,0.04378780952307591,0.05757624959900093,0.06400752814729163,0.0046329200694882056,30,2,t4,4
0.6999434296137368,0.010000000000000009,0.01,0.018783444137321647,0.9299999999999999,0.19731532945966018,0.054331110910743184,0.0712782116420204,0.07918848001605983,0.005679691556402522,30,2,final,5
0.0,0.0,0.0,0.0,0.94,0.1606260251907389,0.0,0.0,0.0,0.0,31,2,t0,0
0.7337191179296874,0.0,0.0,0.0021339987970656078,0.94,0.15794952540267213,0.011597514861807623,0.023354058103950446,0.008929375095842972,0.001421826789326175,31,2,t1,1
0.7331700858531192,0.0,0.0,0.004188763432929616,0.94,0.15541623768439455,0.02288002843513803,0.045936469326187265,0.01761337968273704,0.0027534386647077858,31,2,t2,2
0.732646110422527,0.0,0.0,0.006169669450862489,0.94,0.15301533493127614,0.03386307091412187,0.0677905749444279,0.026062553833796777,0.0040023757203921095,31,2,t3,3
0.7321458461102766,0.0,0.0,0.00808014895302872,0.94,0.150736973217037,0.0445611912269283,0.08895653592375324,0.03428692324742815,0.005175440279347521,31,2,t4,4
0.7316679284314925,0.0,0.0,0.009923772868831464,0.94,0.14857218847322992,0.05498803296449284,0.10947161794887204,0.042296032035719994,0.006278779373084992,31,2,final,5
0.0,0.0,0.0,0.0,0.99,0.05223521135212002,0.0,0.0,0.0,0.0,32,2,t0,0
0.8621310827937354,0.0,0.0,0.0039033105140482654,1.0,0.051290691474715044,0.006900853454015225,0.028048540201935913,0.019529045940090795,0.0006981182732391372,32,2,t1,1
0.8622216967061499,0.0,0.0,0.007659974551947242,1.0,0.05038957190301027,0.01364083123233032,0.055488111144974255,0.03856358372810818,0.0013615686705862884,32,2,t2,2
0.8623116285335679,0.0,0.0,0.011278989895170103,1.0,0.0495287633735074,0.020227794470741352,0.08234854283744107,0.057128412951724314,0.0019929182861203806,32,2,t3,3
0.8624008924842338,0.0,0.0,0.014768596124992765,1.0,0.04870546566480995,0.026669041529707747,0.1086574342694689,0.07524653229065059,0.002594486917147018,32,2,t4,4
0.8624892949256652,0.0,0.0,0.018136355476748155,1.0,0.04791713450827363,0.03297136064146888,0.1344403721247705,0.0929393091708788,0.00316837604919476,32,2,final,5
0.0,0.0,0.0,0.0,0.98,0.04012270277106231,0.0,0.0,0.0,0.0,33,2,t0,0
0.7520971281863887,0.0,0.0,0.0019901764084504373,0.98,0.03969045407497862,0.004571417317879049,0.016664033853959086,0.010664425479934372,0.00023464383065735506,33,2,t1,1
0.7513747475431416,0.0,0.0,0.0039447921631146545,0.98,0.0392674187687262,0.009093463260905993,0.033104303499850246,0.021206288368248047,0.0004628548001966576,33,2,t2,2
0.750665757798769,0.0,0.0,0.005864981182064113,0.98,0.038853286410265205,0.01356729099874919,0.049327152563400846,0.031628525120818866,0.0006848873555525686,33,2,t3,3
0.7499702258111389,0.0,0.0,0.007751824153674135,0.98,0.03844776157954489,0.017994008668109948,0.06533866216523493,0.04193395871904823,0.0009009825784921308,33,2,t4,4
0.7492879022478972,0.0,0.0,0.00960635179149665,0.98,0.038050562930939974,0.022374681801850985,0.08114466504322099,0.052125304691987166,0.0011113690594702977,33,2,final,5
0.0,0.0,0.0,0.0,0.65,0.7203945237335283,0.0,0.0,0.0,0.0,34,2,t0,0
0.7770788626727665,-0.010000000000000009,0.01,0.01533563159874323,0.64,0.7048522697227149,0.028184745765046752,0.0523805932023388,0.028386977280194143,0.009329742642678607,34,2,t1,1
0.7758246741181188,-0.010000000000000009,0.01,0.03014392386110298,0.64,0.6906225630871132,0.05514150395629723,0.10197479761305656,0.05482250101995914,0.017733565228176262,34,2,t2,2
0.7743795174751534,-0.020000000000000018,0.02,0.044460385416038264,0.63,0.6775792653281192,0.08093143536291862,0.1489073348289164,0.07946974419187802,0.025295486422949764,34,2,t3,3
0.7727550235106485,-0.030000000000000027,0.03,0.058242566968179636,0.62,0.6656073965530613,0.10561467840170435,0.19330162820618219,0.10247887272793961,0.032094282160996634,34,2,t4,4
0.770962961180996,-0.020000000000000018,0.04,0.07153865397361972,0.63,0.6546023320028811,0.12925012190257518,0.23527954991841793,0.12398809503285219,0.03820339134414297,34,2,final,5
0.0,0.0,0.0,0.0,0.99,0.04649200177179948,0.0,0.0,0.0,0.0,35,2,t0,0
0.746056245462666,0.0,0.0,0.00029535716485146044,0.99,0.04626641872472467,0.0033611160151248444,0.005220979142384675,0.0019402048356212535,0.0001253823051524383,35,2,t1,1
0.7457755455227433,0.0,0.0,0.0005902710835006134,0.99,0.046042627618692204,0.006708778794730813,0.010378426362413587,0.0038804254996592466,0.00024942399728549586,35,2,t2,2
0.7454971039892893,0.0,0.0,0.0008847312321470214,0.99,0.04582059691657023,0.010043164028711861,0.015473910351824705,0.005820599711399781,0.00037215210362460255,35,2,t3,3
0.7452214057833582,0.0,0.0,0.0011787587359914746,0.99,0.045600296146026266,0.013364442199053056,0.020508955982006152,0.007760663433089564,0.0004935926930663415,35,2,t4,4
0.7449484946399509,0.0,0.0,0.001472420870519953,0.99,0.04538169585486775,0.016672778761782484,0.025485045777185963,0.009700551042860543,0.0006137709177187478,35,2,final,5
0.0,0.0,0.0,0.0,0.86,0.33005864129686824,0.0,0.0,0.0,0.0,38,2,t0,0
0.7822872499031904,0.0,0.0,0.0078083845121601535,0.86,0.32426692450979727,0.016328305225219556,0.030571054823533107,0.025205702388771102,0.0031625181621106058,38,2,t1,1
0.7800293810711871,0.0,0.0,0.015201892664497181,0.86,0.3189440863738305,0.03197146344471449,0.05942017817470764,0.04911232816209696,0.0059888545051561826,38,2,t2,2
0.7778326825503669,0.0,0.0,0.022209788595419368,0.86,0.31404533151003045,0.046967176560230896,0.08665440794422155,0.07179975181163567,0.008515853055792943,38,2,t3,3
0.775695145423429,0.0,0.02,0.02884168096904618,0.86,0.30953032577433026,0.06135110930242874,0.11237422179728805,0.09334294666147487,0.010776315841160788,38,2,t4,4
0.7736145573037226,-0.010000000000000009,0.03,0.035117398114168474,0.86,0.305362725999258,0.07515702466367763,0.1366740017895864,0.11381226284986488,0.012799457730532926,38,2,final,5
0.0,0.0,0.0,0.0,0.8999999999999999,0.2275144579485051,0.0,0.0,0.0,0.0,40,2,t0,0
0.7259027984566899,0.0,0.0,0.004431740474840205,0.9099999999999999,0.22392121033506868,0.013353626430437993,0.026035777056820027,0.014521169920432245,0.0018494885707385222,40,2,t1,1
0.7243709077107625,0.010000000000000009,0.01,0.008692859621720993,0.9199999999999999,0.22048984083935033,0.026402199258253392,0.051360949806621724,0.028676977505138354,0.00359271094977745,40,2,t2,2
0.7228750634931886,0.010000000000000009,0.01,0.012791510612410968,0.9199999999999999,0.2172100123797321,0.039158356014458065,0.0760111636502743,0.042484191411729696,0.005237560055361468,40,2,t3,3
0.7214143875624828,0.0,0.0,0.01673834489011928,0.9199999999999999,0.21407217242186038,0.051634090927842206,0.10001985413118221,0.055958600425280704,0.006791263337665693,40,2,t4,4
0.7199879049689621,0.0,0.0,0.020542367794569017,0.9199999999999999,0.2110674858297464,0.06384079222978138,0.12341840341007991,0.06911507760745883,0.008260443927909505,40,2,final,5
0.0,0.0,0.0,0.0,0.8999999999999999,0.2723713880828381,0.0,0.0,0.0,0.0,41,2,t0,0
0.791297741654903,0.0,0.0,0.008747935724531556,0.8999999999999999,0.2694140199310042,0.012212089852940502,0.029782866884789167,0.01906456707505521,0.0018081603059134088,41,2,t1,1
0.7877536725830668,-0.010000000000000009,0.01,0.016032789486144353,0.8899999999999999,0.26669985228367765,0.023898584885823304,0.05724304900064643,0.03552255615485425,0.003425198534553031,41,2,t2,2
0.7845949563146851,0.0,0.02,0.022081355433063207,0.8999999999999999,0.2641809715256819,0.035140218016184756,0.08277530637946069,0.04977924291436931,0.0048932322109959125,41,2,t3,3
0.7817823034896711,0.0,0.02,0.027082178934406433,0.8999999999999999,0.2618214576771829,0.04600200701190073,0.10670384907561789,0.0621787937674823,0.0062433280969400595,41,2,t4,4
0.7792775663301194,0.0,0.02,0.031200994673375726,0.8999999999999999,0.25959417797359824,0.05653638953095414,0.1292943247780886,0.07301357743868214,0.007498530218782662,41,2,final,5
0.0,0.0,0.0,0.0,0.97,0.09249419467620448,0.0,0.0,0.0,0.0,43,2,t0,0
0.8870078932009932,0.0,0.0,0.0014623183081328636,0.97,0.09136805140564933,0.007528676505173659,0.02273080804935821,0.007286934447838414,0.0008845170638484279,43,2,t1,1
0.8862934115511034,0.0,0.0,0.0028840620922320516,0.97,0.09027258792483475,0.01495350318844031,0.04505852094620924,0.014438224261765557,0.0017411306813715222,43,2,t2,2
0.8855884615876517,0.0,0.0,0.004266992320705253,0.97,0.08920643910995685,0.022277696646272986,0.06699886580289816,0.021458463817291138,0.0025711576622961946,43,2,t3,3
0.8848930729202291,0.0,0.0,0.005612755150421625,0.97,0.08816832995693805,0.029504298766757635,0.08856668846617564,0.02835197890563075,0.0033758263578596015,43,2,t4,4
0.88420705127813,0.0,0.0,0.006922891767982327,0.97,0.08715706773376433,0.03663618990966631,0.1097760168657385,0.03512284827923774,0.00415628438928442,43,2,final,5
0.0,0.0,0.0,0.0,0.9199999999999999,0.19069845553492648,0.0,0.0,0.0,0.0,44,2,t0,0
0.7611882729611132,0.0,0.0,0.005029920344184461,0.9199999999999999,0.18702100180282638,0.013126310959079998,0.02248967063560989,0.023759080310407403,0.0019802373290593034,44,2,t1,1
0.7605221619115516,0.0,0.0,0.01000862863674525,0.9199999999999999,0.1834447902920978,0.026067096911603166,0.044595919179411914,0.04718909400510199,0.0038967392917874932,44,2,t2,2
0.759843409992012,0.0,0.0,0.01493697439674146,0.9199999999999999,0.17996770182278796,0.038823584818255374,0.066317107001564,0.0702980704228426,0.005750808047995271,44,2,t3,3
0.7591524277051193,0.0,0.0,0.019815721266226816,0.9199999999999999,0.17658759127004842,0.05139710710961164,0.08765207001721924,0.09309383283791126,0.007543778588819883,44,2,t4,4
0.7584495316561218,0.0,0.0,0.024645554331822056,0.9199999999999999,0.17330229054834403,0.06378910153463951,0.10860012206037799,0.1155840040143733,0.009277016283302492,44,2,final,5
0.0,0.0,0.0,0.0,0.95,0.18314398470513327,0.0,0.0,0.0,0.0,45,2,t0,0
0.8047433962706086,0.0,0.0,0.004236860199517913,0.95,0.18178521167633985,0.008213093496792898,0.022247935658385187,0.015177262686661626,0.0008593645511357773,45,2,t1,1
0.8015201976491194,0.0,0.0,0.008265847458591826,0.95,0.18048672036752939,0.016242636174593192,0.04381737934868398,0.029785993710654546,0.0016659843346376046,45,2,t2,2
0.7983473550169625,0.0,0.0,0.012101738497394024,0.95,0.17924363918103017,0.024099096167057476,0.06474707461627745,0.0438640175419935,0.002424485917321667,45,2,t3,3
0.7952237409255862,0.0,0.0,0.0157580121267393,0.95,0.17805163017713077,0.031792063628489554,0.08507256014718255,0.0574459626510047,0.0031389767940183666,45,2,t4,4
0.7921480422350144,0.0,0.0,0.019246984866502507,0.95,0.1769068189473254,0.03933034221663879,0.10482649882891318,0.07056356978624632,0.00381311413380947,45,2,final,5
0.0,0.0,0.0,0.0,0.8,0.43626940998071806,0.0,0.0,0.0,0.0,46,2,t0,0
0.8641731305972565,0.0,0.0,0.02434090249132121,0.8,0.42844251689842894,0.019510565015267066,0.061980799836731236,0.05819553407754549,0.005416464212350258,46,2,t1,1
0.858768572993801,0.010000000000000009,0.01,0.04672997070629312,0.81,0.42168213971343693,0.037626717236800264,0.11815430197395263,0.11056208739262109,0.009914943742442617,46,2,t2,2
0.8532713314914442,0.0,0.0,0.06726345141359637,0.81,0.41581002736540185,0.05448591134292194,0.16903787629500597,0.15761682486253845,0.01365930319479991,46,2,t3,3
0.847693988559229,0.010000000000000009,0.01,0.08604089404737439,0.8200000000000001,0.41067771174209744,0.0702141039779909,0.21511068615449486,0.19983965658720093,0.016785035982192387,46,2,t4,4
0.8420500634434728,0.010000000000000009,0.01,0.10311064306612622,0.8200000000000001,0.4061618089548104,0.08492629725059331,0.256815222448559,0.2376745033246734,0.019403857779718592,46,2,final,5
0.0,0.0,0.0,0.0,0.97,0.10898801536044564,0.0,0.0,0.0,0.0,47,2,t0,0
0.7459613545069056,0.0,0.0,0.0019204208083682481,0.97,0.10588257289569773,0.012558953365523835,0.031677397029653484,0.008609004116439441,0.001714462035870376,47,2,t1,1
0.7442977417657982,0.0,0.0,0.0037194126703045138,0.97,0.10297448137774493,0.02470942349672248,0.06213772485179148,0.01680095209230171,0.003289679650179067,47,2,t2,2
0.7426712365623392,0.0,0.0,0.005407439868581638,0.97,0.10024604065336071,0.03647559401001194,0.0914629446426233,0.024604475348017817,0.004739593732376091,47,2,t3,3
0.7410811700157347,0.0,0.0,0.006993874053049754,0.97,0.09768148369988652,0.04787979491136586,0.11972802917336252,0.03204600694767426,0.00607653269592906,47,2,t4,4
0.7395268063373756,0.0,0.0,0.008487129790813862,0.97,0.09526673858897076,0.058942659779548365,0.14700166241096274,0.03914996357018007,0.007311419010651118,47,2,final,5
0.0,0.0,0.0,0.0,0.8200000000000001,0.38754719127803927,0.0,0.0,0.0,0.0,48,2,t0,0
0.7917699607924641,0.0,0.0,0.009875445594712581,0.8200000000000001,0.3817088750171149,0.016730801017044328,0.03496434921910369,0.029580508517662547,0.0034193433751151803,48,2,t1,1
0.7890072047326787,0.0,0.0,0.01944553415013851,0.8200000000000001,0.37629463245190475,0.03285135673738625,0.06833443713755524,0.057924270959922995,0.006521034498024658,48,2,t2,2
0.7861820382158051,0.0,0.0,0.028711906027480236,0.8200000000000001,0.3712717794757835,0.0483856348556179,0.10015839204719672,0.08507185187969983,0.009331529954068718,48,2,t3,3
0.7832982942035396,0.0,0.0,0.03767666452022562,0.8200000000000001,0.3666096946066848,0.06335736983790188,0.13048531693998272,0.11106380105090093,0.011875597185305065,48,2,t4,4
0.7803598282196998,0.0,0.02,0.04632684529603909,0.8200000000000001,0.36227976683974605,0.07778998097566565,0.15936499628965178,0.13594050910843936,0.014176347263237021,48,2,final,5
0.0,0.0,0.0,0.0,0.97,0.14669235772368425,0.0,0.0,0.0,0.0,49,2,t0,0
0.8773787999443068,0.0,0.0,0.003279237197092502,0.97,0.1438636738796168,0.011869191652126734,0.03451507459509213,0.01204838177336978,0.0021307699373042666,49,2,t1,1
0.8763630045264839,0.0,0.0,0.0064055201557950804,0.97,0.14119262747027284,0.02340244052136863,0.06796971435144533,0.023756999884886842,0.004124928789209503,49,2,t2,2
0.8753628125897062,0.0,0.0,0.009390701177312909,0.97,0.13866599533076515,0.034618952432427214,0.10042854108867932,0.03514539703949385,0.005994517506916125,49,2,t3,3
0.8743776828568013,0.0,0.0,0.012245364604294479,0.97,0.13627199209906188,0.045536335364201035,0.13195055318577292,0.04623154219382317,0.007750237965600093,49,2,t4,4
0.873406987051186,0.010000000000000009,0.01,0.014975866975137636,0.98,0.13400008074394343,0.05617077076901708,0.16258974589947497,0.05703199338676183,0.009401631854421666,49,2,final,5
0.0,0.0,0.0,0.0,0.98,0.06740465051378157,0.0,0.0,0.0,0.0,5,2,t0,0
0.892058761451729,0.0,0.0,0.0011334828611978495,0.98,0.06650594320536245,0.006729176771144939,0.021577478687050115,0.005438338014228778,0.0007141354765394792,5,2,t1,1
0.8920057917884605,0.0,0.0,0.0022333410587571613,0.98,0.0656345289866463,0.013354918213400119,0.04279071461192682,0.010765547545848249,0.0014045573772440145,5,2,t2,2
0.8919558797583426,0.0,0.0,0.0033012059442436327,0.98,0.06478919604147905,0.0198802630206743,0.06365269832974617,0.015985942984958663,0.002072362903677863,5,2,t3,3
0.891909080890916,0.0,0.0,0.004338603178186548,0.98,0.06396880350291013,0.026308115603137925,0.08417574068355131,0.021103612797498363,0.0027185830965537477,5,2,t4,4
0.8918652053729857,0.0,0.0,0.0053469612765793826,0.98,0.06317227610613836,0.03264125469272898,0.10437151950529033,0.026122435130199302,0.0033441879330140117,5,2,final,5
0.0,0.0,0.0,0.0,0.67,0.5406159255755043,0.0,0.0,0.0,0.0,50,2,t0,0
0.8815913858012777,-0.010000000000000009,0.01,0.030088609009871314,0.66,0.5231440437075533,0.029031171145796206,0.07378842961675709,0.06411109989345251,0.01251469923009274,50,2,t1,1
0.8777270373082854,-1.1102230246251565e-16,0.02,0.05863425245317405,0.6699999999999999,0.5079973474123625,0.056063302591090505,0.141628860482669,0.12307951953644714,0.023013366781659106,50,2,t2,2
0.8737097240514277,0.009999999999999898,0.03,0.08551411286052843,0.6799999999999999,0.4948595002535061,0.08123188767593321,0.20389946377442048,0.1772222795726701,0.03178912218246999,50,2,t3,3
0.8695456105774673,0.009999999999999898,0.05,0.11062581091474102,0.6799999999999999,0.48344669599193185,0.1046737459976186,0.2609834809412,0.22686308239209554,0.03910343560344248,50,2,t4,4
0.8652417081542901,0.019999999999999907,0.06,0.1339586672242842,0.69,0.4735080199445938,0.12652402561159867,0.3132607644115069,0.2723246483537857,0.04518602747732747,50,2,final,5
0.0,0.0,0.0,0.0,0.9199999999999999,0.24004604220342435,0.0,0.0,0.0,0.0,52,2,t0,0
0.5873704625464627,0.0,0.0,0.0034855901011076502,0.9199999999999999,0.2381360606774037,0.009673998254485817,0.013745199134825158,0.01373749904700452,0.0006374340607593065,52,2,t1,1
0.5835760454954066,0.0,0.0,0.006881499228893552,0.9199999999999999,0.23627028797052618,0.019236410122402212,0.027091494400356356,0.02716625292782305,0.0012435686963009895,52,2,t2,2
0.5798485971208175,0.0,0.0,0.010191678719548408,0.9199999999999999,0.23444642995893467,0.028691481513569764,0.040056655318263315,0.0402980008196534,0.0018205328692912637,52,2,t3,3
0.5761872364687404,0.0,0.0,0.013419826800523829,0.9199999999999999,0.2326623744051402,0.03804318180815759,0.052657475829964634,0.05314387480921668,0.002370281642100791,52,2,t4,4
0.5725909330503237,0.010000000000000009,0.01,0.016568519038656714,0.9299999999999999,0.2309161745144719,0.047295223461808034,0.06490983707962632,0.0657144364551856,0.002894611866578467,52,2,final,5
0.0,0.0,0.0,0.0,0.9299999999999999,0.17759767933558862,0.0,0.0,0.0,0.0,53,2,t0,0
0.7401309605686581,0.0,0.0,0.0026525675005527097,0.9299999999999999,0.1758679178541876,0.0093412597212788,0.022483814831972388,0.010049272608243533,0.0009416329482324071,53,2,t1,1
0.7379616508594712,0.0,0.0,0.00519783089236427,0.9299999999999999,0.17420639153579964,0.01849451493515428,0.04432017955069355,0.019811612924690688,0.0018317297509183594,53,2,t2,2
0.7358240272590075,0.0,0.0,0.007642651806083066,0.9299999999999999,0.17260842910460955,0.027468917268436328,0.06554201903439,0.029301306417131582,0.0026742388029977193,53,2,t3,3
0.7337173688571593,0.0,0.0,0.009993313995763078,0.9299999999999999,0.17106977213981484,0.03627301128358166,0.08617997975853633,0.03853169547078108,0.0034727402903157456,53,2,t4,4
0.7316408510079008,0.0,0.0,0.012255583394333863,0.9299999999999999,0.1695865315817468,0.044914784192529464,0.10626262865451436,0.04751525679823107,0.004230486321655874,53,2,final,5
0.0,0.0,0.0,0.0,0.97,0.08312866335328772,0.0,0.0,0.0,0.0,6,2,t0,0
0.7562654922019506,0.0,0.0,0.0018519154958164898,0.97,0.08165707361269801,0.00846161034307078,0.01874366984974506,0.009628239671511225,0.0008084528856429629,6,2,t1,1
0.7557355771137836,0.0,0.0,0.003646874163282589,0.97,0.0802389259869755,0.016769139356877672,0.03711111129864158,0.019026100754688243,0.0015808268745149956,6,2,t2,2
0.7552178840663278,0.0,0.0,0.005387048863526625,0.97,0.07887146247992627,0.02492775886560761,0.05512010060457518,0.028200490935707697,0.002319198528628247,6,2,t3,3
0.7547117978140377,0.0,0.0,0.00707447786437921,0.97,0.07755211891728349,0.03294235424443162,0.07278721379047157,0.03715800112364466,0.003025486971501623,6,2,t4,4
0.7542165862948754,0.0,0.0,0.008711077031022658,0.97,0.07627850716309306,0.04081754726695788,0.09012792926111907,0.04590492836938481,0.003701469130972454,6,2,final,5
0.0,0.0,0.0,0.0,0.76,0.6694515570513311,0.0,0.0,0.0,0.0,7,2,t0,0
0.9249257113287987,-0.010000000000000009,0.03,0.03384038514416196,0.75,0.6306397882054298,0.04381604153059024,0.17565575210433718,0.10413177401288849,0.03172496324610008,7,2,t1,1
0.9235052288230786,-0.010000000000000009,0.03,0.06859440714274645,0.75,0.5964082655684886,0.08505461031788789,0.3405779200008195,0.20142348442250058,0.059275887892995205,7,2,t2,2
0.9218836470874163,0.010000000000000009,0.03,0.10391294844993677,0.76,0.5666792908034539,0.12356417434325179,0.49404344185242516,0.29158119226407897,0.08273623827758869,7,2,t3,3
0.9200417092958492,-0.010000000000000009,0.03,0.13934798847861624,0.75,0.5412675218219474,0.15923068305329924,0.6354874416326048,0.37439662668100004,0.10229303475440932,7,2,t4,4
0.9179616945252305,0.010000000000000009,0.05,0.1743257626736944,0.77,0.5198824266051801,0.191990541874872,0.76455929566109,0.4497769906812495,0.11823323486575399,7,2,final,5
0.0,0.0,0.0,0.0,0.8899999999999999,0.23171833605464115,0.0,0.0,0.0,0.0,8,2,t0,0
0.7633192841802215,0.0,0.0,0.019892752085889663,0.8899999999999999,0.22448813925801997,0.01932017535676246,0.0569254801052413,0.060516389738799886,0.004024511374504991,8,2,t1,1
0.7579086065662504,0.0,0.0,0.03723466100683368,0.8899999999999999,0.2186081168155279,0.03673137883869215,0.10665418029005436,0.11344828709151628,0.007060909187628944,8,2,t2,2
0.7524272711103509,0.0,0.0,0.05232980614990691,0.8899999999999999,0.21377801693824877,0.05249096631026175,0.15009979440166696,0.1597318936562175,0.009351040302699287,8,2,t3,3
0.7469106632088165,0.010000000000000009,0.01,0.0654254453880795,0.8999999999999999,0.20976692880962672,0.06682199000752326,0.1880638570093378,0.20018875061206828,0.011078285216413797,8,2,t4,4
0.7413929322414401,0.030000000000000027,0.03,0.07670676532941587,0.9199999999999999,0.20639708278796,0.07991740836237696,0.22124860189613182,0.23553877002981577,0.012381557715824415,8,2,final,5
0.0,0.0,0.0,0.0,0.94,0.11906732062044692,0.0,0.0,0.0,0.0,9,2,t0,0
0.7453464381444809,0.0,0.0,0.0016591788037686123,0.94,0.1177317914971906,0.00813253016655684,0.017051130501087027,0.007333472348742225,0.0007245642659715334,9,2,t1,1
0.7443480965981961,0.0,0.0,0.0032524216233557465,0.94,0.11644633825672926,0.016112694141751902,0.03376275258674098,0.014433417462885683,0.0014140496607151776,9,2,t2,2
0.74336786331959,0.0,0.0,0.004782902609055662,0.94,0.11520800061322564,0.02394656411507843,0.05015063949763574,0.021310661325124085,0.002070780663281549,9,2,t3,3
0.7424053218736597,0.010000000000000009,0.01,0.006252874326725853,0.95,0.11401403890641407,0.03163988300396531,0.06622956133494746,0.027975464885342027,0.002696896995566911,9,2,t4,4
0.7414599009013537,0.010000000000000009,0.01,0.007665175816550403,0.95,0.1128619147026201,0.03919808666941962,0.08201336052080334,0.034437558481558245,0.0032943705374223475,9,2,final,5
0.0,0.0,0.0,0.0,0.8999999999999999,0.22424502044011493,0.0,0.0,0.0,0.0,1,3,t0,0
0.7341902742365305,0.0,0.0,0.0031387166368775457,0.8999999999999999,0.22111881342926304,0.012384618856311114,0.01782411379314733,0.012040002890500601,0.0016274568401156708,1,3,t1,1
0.7324480923281047,0.0,0.0,0.00616526826524942,0.8999999999999999,0.218118981979842,0.02450786233641653,0.03511252746063917,0.023684307310493247,0.0031633108568585033,1,3,t2,2
0.7307178321552277,0.010000000000000009,0.01,0.009085772854036072,0.9099999999999999,0.21523830913554742,0.03637916882167451,0.05188892649758904,0.034950195345962574,0.004613613421051932,1,3,t3,3
0.728999934024631,0.010000000000000009,0.01,0.011900961277895509,0.9099999999999999,0.21247005456727647,0.04800760187458882,0.06817588223073533,0.04585417532487847,0.00598398858872079,1,3,t4,4
0.727294671937305,0.010000000000000009,0.01,0.014617016880982771,0.8999999999999999,0.20980792201746007,0.059401861614139566,0.08399489867896685,0.05641200413863768,0.007279662933107972,1,3,final,5
0.0,0.0,0.0,0.0,0.91,0.2178078438159683,0.0,0.0,0.0,0.0,10,3,t0,0
0.5706894910581827,0.0,0.0,0.006262914516424451,0.91,0.21528897240467829,0.011312643979938843,0.017208360026367553,0.020277583192720335,0.0008088539217391832,10,3,t1,1
0.5672792959848161,0.0,0.0,0.012156580736643939,0.91,0.21292545942683594,0.022265198456888714,0.03365762453470085,0.03944799267795984,0.0015379599527259313,10,3,t2,2
0.5639774964640601,0.010000000000000009,0.01,0.017704837147879553,0.92,0.21070033865518845,0.03288441031795063,0.04940810266082362,0.05758877392196837,0.0021980855299004176,10,3,t3,3
0.5607846374782797,0.010000000000000009,0.01,0.02293208282084291,0.92,0.20859873250778183,0.04319488565970458,0.06451534819767427,0.07477195417180865,0.0027985441264343214,10,3,t4,4
0.5577007931652066,0.010000000000000009,0.01,0.027861233844247275,0.92,0.20660758790710998,0.05321924817770125,0.07903050201900855,0.09106444719519519,0.0033473905338984866,10,3,final,5
0.0,0.0,0.0,0.0,0.8200000000000001,0.3782478648690266,0.0,0.0,0.0,0.0,11,3,t0,0
0.8913632834007893,0.0,0.0,0.02916148490112211,0.8200000000000001,0.36761607368512045,0.022957951873023415,0.0694893727050643,0.06687618507243157,0.007933273275680164,11,3,t1,1
0.8869728513593542,0.020000000000000018,0.02,0.05582749865637977,0.8400000000000001,0.3586576765308391,0.04402892692848823,0.13236367837938395,0.12720765254614136,0.014375560841893564,11,3,t2,2
0.8823025477033486,0.020000000000000018,0.02,0.08007093193133029,0.8400000000000001,0.3510794874158143,0.06339640187412961,0.18918940349578858,0.18158379451521964,0.01960005487224059,11,3,t3,3
0.8773623916774799,0.030000000000000027,0.03,0.10209208711674514,0.8500000000000001,0.3446370009112809,0.08123114110864861,0.24050137863364252,0.23055549955935997,0.023833798554548813,11,3,t4,4
0.8721650328797426,0.030000000000000027,0.03,0.1220385637331799,0.8500000000000001,0.3391273727623417,0.09769100569926117,0.28680079554027266,0.27463433671739,0.027264376541403734,11,3,final,5
0.0,0.0,0.0,0.0,0.83,0.3756552341242405,0.0,0.0,0.0,0.0,14,3,t0,0
0.7443551802727926,0.010000000000000009,0.03,0.004845976181591017,0.84,0.3714400121234803,0.01461089811806773,0.022893914992964077,0.015140596272578572,0.0023180841081097414,14,3,t1,1
0.7409869678888551,0.0,0.02,0.009516700594976137,0.85,0.36743664737512693,0.028846691141492086,0.04489028713775892,0.029717102879115716,0.004466541613734942,14,3,t2,2
0.7376407053546327,0.010000000000000009,0.03,0.01401406711037027,0.86,0.36362985211042176,0.04272443086392022,0.06603095998855582,0.043753304590842694,0.006459096086418925,14,3,t3,3
0.7343170943688809,0.010000000000000009,0.03,0.01834667465530428,0.86,0.3600055728998709,0.056260341181486734,0.08635573635371774,0.0572719243473624,0.008308297727157798,14,3,t4,4
0.7310166370581684,0.010000000000000009,0.03,0.022522319762807747,0.86,0.3565508931287689,0.06946984263977067,0.10590244717176706,0.07029465662413753,0.010025620243392375,14,3,final,5
0.0,0.0,0.0,0.0,0.99,0.04653405938892415,0.0,0.0,0.0,0.0,15,3,t0,0
0.8868209163905842,0.0,0.0,0.001614675944075611,0.99,0.04596573495211821,0.005150160977252606,0.01600585769611486,0.008720996018605074,0.0004132152319739693,15,3,t1,1
0.8864443198797181,0.0,0.0,0.003189631667838737,0.99,0.045414444552681475,0.010220807249252886,0.03172816816681638,0.017287835488462445,0.0008120235267288362,15,3,t2,2
0.8860693637132687,0.0,0.0,0.004726570395298539,0.99,0.044879377567632085,0.01521456510530083,0.04717710822750022,0.025705561145469305,0.0011971530608611905,15,3,t3,3
0.8856964627728211,0.0,0.0,0.0062270023723440876,0.99,0.04435977467682583,0.020133933777096373,0.06236234155771428,0.0339789786119554,0.0015692846806030433,15,3,t4,4
0.8853256913293245,0.0,0.0,0.007692376302922982,0.99,0.043854923882207214,0.024981293368481417,0.07729305172748978,0.04211267094291984,0.00192905563010954,15,3,final,5
0.0,0.0,0.0,0.0,0.88,0.27483803046487454,0.0,0.0,0.0,0.0,16,3,t0,0
0.5292915520922065,0.0,0.0,0.002335345505994779,0.9,0.27180247710268646,0.01235864093426445,0.013842453977403132,0.007915488158641994,0.0008426949765828473,16,3,t1,1
0.526176655031839,0.0,0.0,0.004579927728814845,0.9,0.2688621746516552,0.02452093609195924,0.027287983241910636,0.015567510751857501,0.0016374503285380149,16,3,t2,2
0.5231249444674227,0.0,0.0,0.006737270198556632,0.9,0.26601237342718054,0.03649335567541134,0.04035508163012662,0.02296614735785838,0.002387768119697653,16,3,t3,3
0.5201365769174948,0.0,0.0,0.008813304505515299,0.9,0.26324862293854334,0.048282089165396384,0.05306152055296929,0.030121095478005264,0.0030968948821354925,16,3,t4,4
0.5172115190443319,0.010000000000000009,0.01,0.01080986303506055,0.91,0.2605667516746877,0.059893056725350544,0.0654243642623933,0.03704167994681736,0.0037678395883896654,16,3,final,5
0.0,0.0,0.0,0.0,0.9,0.18098778262762855,0.0,0.0,0.0,0.0,19,3,t0,0
0.784392868469384,0.0,0.0,0.005211310349222954,0.9099999999999999,0.17579870168061623,0.015761202463860757,0.028985137880503293,0.021151603147267994,0.002985237001220664,19,3,t1,1
0.7825400546039519,0.010000000000000009,0.01,0.010159427198621533,0.9199999999999999,0.17093631848494764,0.03101637237875978,0.05688563844871852,0.041394772057205514,0.005726066597065538,19,3,t2,2
0.7807008054886282,0.010000000000000009,0.01,0.01486130116532889,0.9199999999999999,0.16637594427597635,0.045787875410014535,0.08376188789171297,0.06078020414225451,0.008243125309438964,19,3,t3,3
0.7788759021921685,0.0,0.0,0.019332659411924226,0.9199999999999999,0.1620947944421097,0.06009724423729807,0.1096710047171592,0.07935568655206739,0.010555346628199597,19,3,t4,4
0.7770660284658435,0.0,0.0,0.023588024526269544,0.9199999999999999,0.15807186029618642,0.0739651698376447,0.13466698663820714,0.09716624399108696,0.012680084391685026,19,3,final,5
0.0,0.0,0.0,0.0,0.94,0.20554381227499008,0.0,0.0,0.0,0.0,2,3,t0,0
0.7549916957935388,0.0,0.0,0.003591843456253142,0.94,0.20387278567715425,0.009152301501318088,0.018752362670762412,0.009889512415028707,0.00094303351380845,2,3,t1,1
0.7532108903254889,0.0,0.0,0.006995190863059499,0.94,0.20225816343781564,0.018148461896795042,0.03703037399963506,0.01938780734963752,0.0018430334024274464,2,3,t2,2
0.7514862093290627,0.0,0.0,0.010225418576964093,0.94,0.2006964200364946,0.02699547713685211,0.0548599755620975,0.02852443019708744,0.0027031099672460146,2,3,t3,3
0.7498147828970947,0.0,0.0,0.01329639246753456,0.94,0.1991843589411314,0.03569981677537386,0.07226496719273992,0.03732620941105667,0.0035260613592923984,2,3,t4,4
0.7481937935977757,0.0,0.0,0.016220633462401688,0.94,0.19771907203424133,0.04426747886969655,0.08926723541462438,0.0458175322325791,0.004314413343680434,2,3,final,5
0.0,0.0,0.0,0.0,0.81,0.38536794833750065,0.0,0.0,0.0,0.0,20,3,t0,0
0.8142875487765737,0.010000000000000009,0.01,0.004211071090124422,0.8200000000000001,0.38023123550284366,0.016054531984489074,0.037274462197824966,0.015174344791071282,0.003352797025074794,20,3,t1,1
0.8116868789689204,0.010000000000000009,0.01,0.008335161406145172,0.8300000000000001,0.3753767905556802,0.03166021471479164,0.07331495691626091,0.02978019079160138,0.006465730034793948,20,3,t2,2
0.8090129992776067,0.020000000000000018,0.04,0.012363412865371131,0.8300000000000001,0.37078969101155534,0.04682717027012753,0.10813491456036213,0.04383102044535,0.009352381981603708,20,3,t3,3
0.8062680113188639,0.020000000000000018,0.04,0.016294292850708485,0.8300000000000001,0.3664550758586331,0.0615664455799024,0.14175086212015398,0.057341254644488526,0.012026278111685329,20,3,t4,4
0.8034541661465884,0.020000000000000018,0.04,0.02012895881783855,0.8300000000000001,0.36235827998646153,0.07588986575554496,0.17418211838058362,0.07032610235760363,0.014500758980741046,20,3,final,5
0.0,0.0,0.0,0.0,0.94,0.17870048044078618,0.0,0.0,0.0,0.0,21,3,t0,0
0.7066328238978974,0.0,0.0,0.010212764032208816,0.94,0.1710059516569206,0.019373176711048,0.035451578069075,0.04470235990325141,0.0036324227632584527,21,3,t1,1
0.7072023357909516,0.0,0.0,0.020047899445026537,0.94,0.16395046942414968,0.03792324350235258,0.06951157735296384,0.08747664300782194,0.006901199094272337,21,3,t2,2
0.7077806501556273,0.0,0.0,0.029517957170611436,0.94,0.1574744785249853,0.05569392667805518,0.102229641238144,0.12840210164903185,0.0098433394913304,21,3,t3,3
0.70836728939394,0.0,0.0,0.038634309825367974,0.94,0.1515246852555747,0.07272600861750907,0.13365290349958095,0.1675543750546299,0.012491767802646048,21,3,t4,4
0.7089618185606659,0.010000000000000009,0.01,0.04739534291622322,0.95,0.14605332869954354,0.08905751729640254,0.1638262938142736,0.20500547936225838,0.014875820820002938,21,3,final,5
0.0,0.0,0.0,0.0,0.85,0.2993467839948508,0.0,0.0,0.0,0.0,22,3,t0,0
0.7668124428435766,0.0,0.02,0.005927296907314268,0.85,0.2940975521194076,0.01628632301642221,0.02671292272331737,0.019914456379759044,0.0030524851865454394,22,3,t1,1
0.7650291550633327,0.010000000000000009,0.01,0.011519554865467768,0.85,0.28915512198624205,0.03208814859656352,0.052211471206245696,0.03874856491367107,0.005876685674172433,22,3,t2,2
0.7632852430863174,0.010000000000000009,0.01,0.016804160963936568,0.85,0.2844925583592949,0.04743276365259498,0.07657879607690933,0.05657875234882974,0.008495078005892776,22,3,t3,3
0.7615795142069477,0.020000000000000018,0.02,0.021794964316733723,0.86,0.2800859880550418,0.062345263096816574,0.09989143177460967,0.07347606533341285,0.010927434384239154,22,3,t4,4
0.7599106512545011,0.020000000000000018,0.02,0.026518185626522844,0.86,0.2759141961272469,0.07684876017336925,0.12221987281144933,0.08950651451249815,0.013191188216853444,22,3,final,5
0.0,0.0,0.0,0.0,0.8600000000000001,0.31761143358286503,0.0,0.0,0.0,0.0,23,3,t0,0
0.7346632882769248,0.0,0.0,0.009396544967752277,0.8600000000000001,0.3125837348188656,0.015754635462384724,0.027387864770037205,0.027254131854580997,0.002596704253674531,23,3,t1,1
0.7315473236300463,0.0,0.0,0.018228030521256097,0.8600000000000001,0.30796257783303715,0.030861165744214995,0.05321268949903592,0.05300355412363554,0.00491476134947566,23,3,t2,2
0.7284655639166361,0.009999999999999898,0.01,0.026533465890774918,0.87,0.3037042693290609,0.04536215975155954,0.07758006143451426,0.07735142434539963,0.006988139697002738,23,3,t3,3
0.7254197764445376,0.019999999999999907,0.02,0.034336850328485484,0.88,0.2997700733287062,0.05929747040459938,0.10058883628165587,0.1003938693735549,0.008846671326781796,23,3,t4,4
0.7224115462171034,0.019999999999999907,0.02,0.04166218638506715,0.88,0.29612564945642306,0.07270437431365379,0.12233149370328103,0.12222040039201282,0.010516544634473712,23,3,final,5
0.0,0.0,0.0,0.0,0.9,0.24046669074969018,0.0,0.0,0.0,0.0,26,3,t0,0
0.6209189289057043,0.0,0.0,0.003792034391483599,0.9,0.23738405585515318,0.012117070943722465,0.017374112990943973,0.017895567505950102,0.0011155691795539935,26,3,t1,1
0.6194106257230945,0.0,0.0,0.00750478867122848,0.9,0.23440158362507924,0.02403509342204355,0.03438149598227594,0.035331125024650155,0.0021756115316553803,26,3,t2,2
0.6179234935781053,0.0,0.0,0.011139963551189166,0.9,0.2315150225875093,0.035758974080769376,0.051025902898416214,0.05232055136239815,0.003183102946003824,26,3,t3,3
0.6164568352737289,0.0,0.0,0.01469983529021312,0.9,0.22872034506336605,0.04729345543411482,0.06731093453407702,0.06887729912119271,0.004140836234329037,26,3,t4,4
0.6150098600253902,0.0,0.0,0.018186489920490816,0.9,0.22601373388511217,0.058643120076467645,0.08324007355224128,0.08501439558793143,0.0050514334280721,26,3,final,5
0.0,0.0,0.0,0.0,0.9199999999999999,0.20827755621974892,0.0,0.0,0.0,0.0,27,3,t0,0
0.7096544769030533,0.0,0.0,0.006120935499350116,0.9199999999999999,0.20416565770009032,0.01436310608794328,0.032059584625660144,0.018487966020112198,0.0020376570355016,27,3,t1,1
0.707584567715715,0.0,0.0,0.011909277826689465,0.9199999999999999,0.20027569264316503,0.02833128529479636,0.06307873055357112,0.03629416788854921,0.003933035730575907,27,3,t2,2
0.7055678211948234,0.010000000000000009,0.01,0.017387019277091048,0.9299999999999999,0.1965892353956797,0.0419268188235728,0.09312186078581547,0.05346713248266033,0.00569994091057327,27,3,t3,3
0.7036016282335471,0.020000000000000018,0.02,0.022577614145409337,0.94,0.19308987850785903,0.05517013396029939,0.12224757977505157,0.07005053519406648,0.007350535861085805,27,3,t4,4
0.7016835246812924,0.010000000000000009,0.01,0.02750808995974213,0.94,0.18976295785808672,0.06808001147480093,0.15050936307520785,0.08608379606155286,0.008895577045188896,27,3,final,5
0.0,0.0,0.0,0.0,0.96,0.13156962410527862,0.0,0.0,0.0,0.0,28,3,t0,0
0.7611197559676816,0.0,0.0,0.0019394702804372732,0.96,0.1287945175859272,0.011634659276544938,0.017833881954299087,0.010439987270936448,0.001552528048154006,28,3,t1,1
0.7604130277390229,0.0,0.0,0.003843940334364803,0.96,0.1260970152240966,0.023104418095577287,0.03537309044683427,0.020698048291674345,0.0030484664987742716,28,3,t2,2
0.7597114376481192,0.0,0.0,0.005713003974511744,0.96,0.12347747344272529,0.03440596773044715,0.052615260792273744,0.030772523108028964,0.004487794033624662,28,3,t3,3
0.7590151490551063,0.0,0.0,0.007546251584291068,0.96,0.12093609964916568,0.04553616057677675,0.06955837385094374,0.040661840485771684,0.005870606887648261,28,3,t4,4
0.7583242012754734,0.0,0.0,0.009343281762494963,0.96,0.11847293375962424,0.05649205876970949,0.08620083780747596,0.050364564093172255,0.0071971326571576705,28,3,final,5
0.0,0.0,0.0,0.0,0.99,0.06920022945081189,0.0,0.0,0.0,0.0,3,3,t0,0
0.8489393303538343,0.0,0.0,0.0015252575331955024,0.99,0.06829703538431639,0.0067179878562246016,0.02294531452630085,0.007253939993479136,0.0006435671089701084,3,3,t1,1
0.8479068016604787,0.0,0.0,0.0030002827116922784,0.99,0.06742361404687479,0.013324216076273283,0.045465483807562185,0.014342923438803223,0.0012615760368786116,3,3,t2,2
0.8468881009660884,0.0,0.0,0.004427590099496133,0.99,0.06657831077715985,0.019823049666433463,0.06757710664346987,0.021273549927702966,0.001855558640675048,3,3,t3,3
0.8458833968768052,0.0,0.0,0.005809526110726558,0.99,0.06575959448064984,0.02621860306685044,0.08929585419708382,0.02805205679730135,0.0024269296897013043,3,3,t4,4
0.8448926047009997,0.0,0.0,0.0071482829914556525,0.99,0.06496604652482868,0.03251475796687286,0.11063653621889467,0.03468434402948935,0.0029769974732667126,3,3,final,5
0.0,0.0,0.0,0.0,0.9299999999999999,0.20502280099542824,0.0,0.0,0.0,0.0,30,3,t0,0
0.8448577607840071,0.0,0.0,0.003053402307915712,0.9299999999999999,0.20227836275740402,0.011766906714847543,0.025367551129972854,0.011693196401754183,0.0019503996135918633,30,3,t1,1
0.843075469879377,0.0,0.0,0.0059969623495527554,0.9299999999999999,0.1996463203217327,0.0232878530035512,0.049998799135856684,0.02305454105217028,0.0038022837685406374,30,3,t2,2
0.8413091649466963,0.010000000000000009,0.01,0.008835968895895923,0.94,0.1971192248611779,0.03457401568505686,0.07393125316020072,0.03409937083074607,0.005562664317031396,30,3,t3,3
0.8395589372934801,0.010000000000000009,0.01,0.011576304719240439,0.94,0.1946902779079896,0.04563583763728091,0.09719986410694503,0.04484205888662774,0.007237928214608558,30,3,t4,4
0.8378247214627487,0.0,0.0,0.014223542932334337,0.94,0.19235326320536902,0.05648308701241818,0.11983723294875206,0.05529608844435216,0.00883390358318123,30,3,final,5
0.0,0.0,0.0,0.0,0.97,0.17266259538350912,0.0,0.0,0.0,0.0,31,3,t0,0
0.831051176568546,0.0,0.0,0.004170712937188438,0.97,0.17039027313544824,0.010620352928245778,0.024208990909320945,0.015562706113347473,0.0015338899899131342,31,3,t1,1
0.8299570875488348,0.0,0.0,0.008159616381784399,0.97,0.16822200836325235,0.020995662000201396,0.047832962049629155,0.030659887244951237,0.0029830876119918137,31,3,t2,2
0.8288800857015339,0.0,0.0,0.011978945587413258,0.97,0.16614995815950148,0.031138660300108055,0.07090210280283128,0.04531943066333964,0.004354403107469235,31,3,t3,3
0.8278196065671891,0.010000000000000009,0.01,0.01563915993694776,0.98,0.16416705264917836,0.04106114636030736,0.09344427870988006,0.059567069357645754,0.005653952052287581,31,3,t4,4
0.826774975640105,0.010000000000000009,0.01,0.019151570892008193,0.98,0.1622669048995127,0.050774067443574836,0.11548525358408847,0.0734265725438264,0.006887238148918506,31,3,final,5
0.0,0.0,0.0,0.0,0.99,0.05359477092106848,0.0,0.0,0.0,0.0,32,3,t0,0
0.8147376282046305,0.0,0.0,0.0029192695041385316,0.99,0.05235175854000565,0.007921811249807424,0.02361356495667614,0.014740403504874783,0.0008185039404585703,32,3,t1,1
0.8149427740039363,0.0,0.0,0.005723588378287036,0.99,0.05117579165632595,0.015625930036985723,0.04664581949511518,0.02906254169612219,0.0015874140879141574,32,3,t2,2
0.8151471066160881,0.0,0.0,0.008420193507066439,0.99,0.050061627592088834,0.023123760536309632,0.06912748943349883,0.04298831608869538,0.002310851318000795,32,3,t3,3
0.8153505843894604,0.0,0.0,0.01101571433616114,0.99,0.04900453327898163,0.030425906018639728,0.09108699952961717,0.05653807953162647,0.0029925195800001164,32,3,t4,4
0.8155529989471073,0.010000000000000009,0.01,0.013515994391268155,1.0,0.04800022759289292,0.03754223637438653,0.11255068600074011,0.06973076824587264,0.003635754466592464,32,3,final,5
0.0,0.0,0.0,0.0,0.99,0.06112637803826226,0.0,0.0,0.0,0.0,33,3,t0,0
0.8252278646542124,0.0,0.0,0.002084303194482162,0.99,0.06022495822800274,0.0065521913009923315,0.017983408575560852,0.01236579959256824,0.0005786679863479527,33,3,t1,1
0.824542345910889,0.0,0.0,0.004117105428696996,0.99,0.0593505229470314,0.013005261750873394,0.03563461990808605,0.02451013585125487,0.0011359518758078044,33,3,t2,2
0.8238689335186986,0.0,0.0,0.006100621093568042,0.99,0.0585018050955781,0.01936242929842308,0.052966183994535294,0.03644081578151861,0.00167294977279301,33,3,t3,3
0.8232076186610895,0.0,0.0,0.008036929653425265,0.99,0.05767761952572098,0.025626746963418285,0.06998998582503847,0.048165238338690505,0.00219068583098507,33,3,t4,4
0.8225581548383807,0.0,0.0,0.009927985957428869,0.99,0.05687685646024805,0.03180111373512795,0.086717290406347,0.059690421448917744,0.0026901163327775132,33,3,final,5
0.0,0.0,0.0,0.0,0.79,0.3928914276858062,0.0,0.0,0.0,0.0,34,3,t0,0
0.7426736226834681,0.0,0.0,0.03475852348642954,0.8,0.372055859154556,0.032429474164951816,0.06821498657205904,0.07348355397006548,0.010834366968362985,34,3,t1,1
0.7400136572737334,0.030000000000000027,0.03,0.0657995678199489,0.8300000000000001,0.35468708747889444,0.06200939183019848,0.12945865794993705,0.13938680792962305,0.01935099812051877,34,3,t2,2
0.7372708117196156,0.040000000000000036,0.04,0.09326491864196458,0.8400000000000001,0.3400826743931574,0.08909765541396204,0.1845289599820706,0.1985305008582852,0.026064349166958378,34,3,t3,3
0.7344621697041452,0.050000000000000044,0.05,0.11750018541170412,0.8600000000000001,0.32768860175012426,0.1140097927605685,0.23414113929874264,0.2516582105578379,0.03137474608870883,34,3,t4,4
0.7316048483834449,0.020000000000000018,0.04,0.13878052897401177,0.8500000000000001,0.3170696466614925,0.13702044925101384,0.2789287255747634,0.2994344980778565,0.0355921166416544,34,3,final,5
0.0,0.0,0.0,0.0,0.98,0.05406915586211089,0.0,0.0,0.0,0.0,35,3,t0,0
0.6968327037223945,0.0,0.0,0.000619732573938914,0.98,0.05370651987845598,0.004230321556603052,0.005995314313468114,0.003940016152612568,0.00017323692045961847,35,3,t1,1
0.696253641112157,0.0,0.0,0.001234981843769495,0.98,0.05334677436018141,0.008443939520330287,0.011923463824299886,0.007849548579396095,0.0003443886102545632,35,3,t2,2
0.6956728040520398,0.0,0.0,0.0018457077701611385,0.98,0.05298991851777807,0.012640780819087913,0.017784416610973686,0.011728537227784996,0.0005134595490146263,35,3,t3,3
0.6950906398289738,0.0,0.0,0.0024518713403860254,0.98,0.05263595105655293,0.01682077435823589,0.023578155991209417,0.015576926886909584,0.0006804546410808729,35,3,t4,4
0.6945072671572106,0.0,0.0,0.003053434595983083,0.98,0.05228487016950953,0.020983851101161348,0.029304680652239182,0.019394667265234977,0.0008453792185410189,35,3,final,5
0.0,0.0,0.0,0.0,0.76,0.5764164305301976,0.0,0.0,0.0,0.0,38,3,t0,0
0.7643704595465348,0.0,0.0,0.008497086068046056,0.77,0.5646287894048627,0.02330727683532043,0.05690211911370986,0.026265006463567827,0.006227662131594203,38,3,t1,1
0.762483349790497,0.010000000000000009,0.01,0.016931772305079456,0.78,0.5534318707402669,0.046016893379015086,0.11186272499912857,0.05143551742177615,0.012031352324424982,38,3,t2,2
0.7605281337088194,0.010000000000000009,0.01,0.02528265146362072,0.78,0.5428077717032985,0.06812927446618558,0.16486916315711383,0.07552498284481281,0.017425327217467923,38,3,t3,3
0.7585047472031307,0.010000000000000009,0.01,0.033538868867784594,0.78,0.5327374214795746,0.0896462629450325,0.215913781143572,0.0985484132779396,0.022424884852887628,38,3,t4,4
0.7564133735039567,0.010000000000000009,0.01,0.041686450619466874,0.78,0.5232006763051564,0.11057118364242165,0.2649942138057298,0.12052252633653965,0.027046270399424532,38,3,final,5
0.0,0.0,0.0,0.0,0.92,0.21568636541615444,0.0,0.0,0.0,0.0,40,3,t0,0
0.8343170377351967,0.0,0.0,0.003354912331690194,0.92,0.21302152885817122,0.01161384891255234,0.027656865204312462,0.011169617589324153,0.0018458046873013334,40,3,t1,1
0.8316755485460068,0.0,0.0,0.0065294431120922125,0.92,0.21048943450559848,0.022930475093497042,0.054400717932435935,0.02187013662946142,0.003573233963908795,40,3,t2,2
0.8290559572079673,0.0,0.0,0.0095371190357546,0.92,0.20807884746117405,0.033967472514024356,0.08028518996177555,0.03213236132876856,0.005192918192225809,40,3,t3,3
0.826458840511494,0.0,0.0,0.01239018742367709,0.92,0.20577973892429974,0.04474104574695681,0.1053597555703394,0.041984726227734276,0.006714329244954853,40,3,t4,4
0.823884559692486,0.0,0.0,0.015099762366710437,0.92,0.2035831382091448,0.05526613492523292,0.12967010945719604,0.05145349333643242,0.008145923766589125,40,3,final,5
0.0,0.0,0.0,0.0,0.7,0.5322215597990272,0.0,0.0,0.0,0.0,41,3,t0,0
0.8875994567080333,0.030000000000000027,0.03,0.07514676671293986,0.73,0.5030492512229857,0.03907924085807983,0.14225950185198186,0.13596672196226398,0.021680420091748198,41,3,t1,1
0.8873448557872642,0.030000000000000027,0.03,0.1411949638324497,0.76,0.48250768376430697,0.07187427734009158,0.2602651225276302,0.2479610302932588,0.03617931526398943,41,3,t2,2
0.8870292710494445,0.050000000000000044,0.05,0.19727625872729426,0.78,0.46803723825038457,0.09934181562505477,0.35747763974746577,0.3395657915023047,0.045763267519329576,41,3,t3,3
0.8866367923754712,0.06000000000000005,0.06,0.243968605983142,0.79,0.4577478864830783,0.12238029716496152,0.4371811883894698,0.4141045651346661,0.05208197655482105,41,3,t4,4
0.8861518158354076,0.06000000000000005,0.06,0.2826563320773198,0.79,0.4502944211239295,0.1417947120311688,0.5023416938434222,0.47453076143880113,0.05628760807202904,41,3,final,5
0.0,0.0,0.0,0.0,0.99,0.07418129719951891,0.0,0.0,0.0,0.0,43,3,t0,0
0.8573915994626383,0.0,0.0,0.0021884217473924607,0.99,0.07329715519220703,0.006626290182656539,0.022555116757325265,0.010223033878478987,0.000638985813666948,43,3,t1,1
0.8566588702244914,0.0,0.0,0.004314943093289166,0.99,0.07244204008007418,0.013142971648796985,0.04471141258689772,0.020260475604066148,0.0012537178252635395,43,3,t2,2
0.8559362470306002,0.0,0.0,0.006382487924058392,0.99,0.07161445178640682,0.019553941075753326,0.06648367026731099,0.030118988059912113,0.001845539141136207,43,3,t3,3
0.8552237915118788,0.0,0.0,0.008393789194388632,0.99,0.07081299246464087,0.025862892403591794,0.08788586826440326,0.03980488985382921,0.002415698118851936,43,3,t4,4
0.854521317312151,0.0,0.0,0.01035140475927063,0.99,0.07003635793300066,0.03207333064560037,0.10893123759078328,0.049324178655292344,0.0029653564531414295,43,3,final,5
0.0,0.0,0.0,0.0,0.94,0.14012542396016858,0.0,0.0,0.0,0.0,44,3,t0,0
0.8709463317026519,0.0,0.0,0.004012576596232581,0.94,0.13780923956897428,0.010506626387378676,0.01985811537959407,0.0192004799621966,0.0016536030772581478,44,3,t1,1
0.8696245252621564,0.0,0.0,0.007917906498653461,0.94,0.1355824615943192,0.020808272895285033,0.03926397587057199,0.037958875543458406,0.003229321733721535,44,3,t2,2
0.8682960987953677,0.0,0.0,0.011719761938009138,0.94,0.13344091679111342,0.030910462105628676,0.05823123626379401,0.0562870066055826,0.004731060206489418,44,3,t3,3
0.8669615323907546,0.0,0.0,0.01542145148153892,0.94,0.13138063475564604,0.040818576020305815,0.07677313346755406,0.07419641041978163,0.006162527848137256,44,3,t4,4
0.865621143911304,0.0,0.0,0.01902563882589419,0.94,0.12939783736577096,0.05053786053415039,0.09490250430692719,0.09169834824081766,0.007527249277625742,44,3,final,5
0.0,0.0,0.0,0.0,0.9299999999999999,0.20174417225856292,0.0,0.0,0.0,0.0,45,3,t0,0
0.91452838344346,0.0,0.0,0.011903559284724951,0.9299999999999999,0.19718613308557184,0.015032427738115292,0.042730952373692,0.038770391649615744,0.003662702741879992,45,3,t1,1
0.9119595521364053,0.0,0.0,0.022737271908273012,0.9299999999999999,0.19307580767224009,0.02930477371946337,0.08265744799062405,0.0746216253756126,0.006912462119556317,45,3,t2,2
0.909390464225484,0.0,0.0,0.03260837076221457,0.9299999999999999,0.1893487445192642,0.04289019155514896,0.12005185509044407,0.10782503280911475,0.009810751085750247,45,3,t3,3
0.9068267698342203,0.010000000000000009,0.01,0.04160340809869079,0.94,0.18595132115791438,0.05585335576280695,0.1551565189945004,0.13862357883367513,0.012408593792154199,45,3,t4,4
0.9042734493367047,0.010000000000000009,0.01,0.04982230806400588,0.94,0.1828387427946719,0.06825155852305799,0.18818745803043277,0.16723523046389355,0.01474850659978641,45,3,final,5
0.0,0.0,0.0,0.0,0.7,0.7853883287572163,0.0,0.0,0.0,0.0,46,3,t0,0
0.8528632770433604,0.0,0.0,0.006711473385704236,0.7,0.7704853415409882,0.02689585074557078,0.06093293990782389,0.02036982690204293,0.01043974585190588,46,3,t1,1
0.8528557875349985,0.0,0.0,0.013539077062480634,0.7,0.7560166193821639,0.05340392475656969,0.12088104614236655,0.040161611294986646,0.020558317080072386,46,3,t2,2
0.8528296895917634,0.0,0.0,0.0204802134714189,0.7,0.741990260661876,0.07950964563561712,0.1798006473923293,0.059373608376055716,0.030347047219207113,46,3,t3,3
0.8527836928198747,0.0,0.0,0.027531214767045658,0.7,0.728413319339128,0.10519867646011942,0.23764829140918467,0.07800406468461016,0.039798190852370574,46,3,t4,4
0.8527163757942184,0.0,0.0,0.03468730283074418,0.7,0.7152916517528775,0.1304570595611219,0.29438116496682165,0.09605142633853567,0.04890506599747069,46,3,final,5
0.0,0.0,0.0,0.0,0.98,0.07491069164681571,0.0,0.0,0.0,0.0,47,3,t0,0
0.7615795947526901,0.0,0.0,0.002049287354489024,0.98,0.07393981795992807,0.006987193734731096,0.020653503082432117,0.010075481970990568,0.0005585239040512835,47,3,t1,1
0.7589468464138162,0.0,0.0,0.004026920220217786,0.98,0.07300276192450776,0.013850838687187167,0.04076311136868721,0.01986342378953571,0.0010885777178476358,47,3,t2,2
0.7563563362630277,0.0,0.0,0.0059369954390776,0.98,0.07209733425745846,0.020596666052469872,0.060355132654267354,0.029378067901837914,0.0015922245072370056,47,3,t3,3
0.7538076763154101,0.0,0.0,0.007783101206763974,0.98,0.07122154611121678,0.02722998756676331,0.0794540965359203,0.038632669796957377,0.002071335295276089,47,3,t4,4
0.7513002546642633,0.0,0.0,0.00956860633843844,0.98,0.07037358676167715,0.033755733743077436,0.09808290860198024,0.04763958369246276,0.002527610469549718,47,3,final,5
0.0,0.0,0.0,0.0,0.82,0.401009398912654,0.0,0.0,0.0,0.0,48,3,t0,0
0.5289940923978224,0.0,0.0,0.006946944384574391,0.83,0.39445739990450107,0.01759166545898259,0.021589865156600944,0.019545265630499912,0.00167528525215066,48,3,t1,1
0.5284651635564023,0.010000000000000009,0.01,0.013601863904816975,0.84,0.3884528924966285,0.03443760553281336,0.042065421425860325,0.03798957927921807,0.0031698964962286746,48,3,t2,2
0.5279167049917445,0.010000000000000009,0.01,0.01994939673955446,0.85,0.3829502818892425,0.050566819093155004,0.061465805858015074,0.05537497532761704,0.0045001541461627825,48,3,t3,3
0.5273491474820833,0.0,0.0,0.02599838017162075,0.85,0.3779061642242593,0.06600940695554139,0.07983220468596326,0.07174531664793464,0.005681738075761167,48,3,t4,4
0.5267628565021754,0.0,0.0,0.031754666056044815,0.85,0.3732795533856037,0.08079621674546739,0.09720732654969758,0.08714577583208111,0.0067295410533843025,48,3,final,5
0.0,0.0,0.0,0.0,0.97,0.15635269252020134,0.0,0.0,0.0,0.0,49,3,t0,0
0.8851906489128303,0.0,0.0,0.0030991425966747843,0.97,0.15403970102865583,0.010803622457077265,0.029587406523861496,0.011365400644433,0.0018040627027707812,49,3,t1,1
0.8846863155329205,0.0,0.0,0.006083115715178016,0.97,0.1518326004528745,0.02135592317232435,0.05840816740302911,0.022499484337144767,0.0035165848186791138,49,3,t2,2
0.884194927820947,0.0,0.0,0.008959728147185717,0.97,0.14972429647621033,0.031668139050616655,0.08649945021262749,0.03341352346723551,0.005144021996154324,49,3,t3,3
0.8837160119732816,0.0,0.0,0.011736061971908834,0.97,0.1477083093054899,0.04175077264241016,0.113895817764839,0.04411796954968742,0.006692254173871315,49,3,t4,4
0.8832489655328511,-0.010000000000000009,0.01,0.014418478828880215,0.96,0.1457787073281261,0.051613658288454344,0.1406294678683964,0.0546225310972599,0.008166648708255675,49,3,final,5
0.0,0.0,0.0,0.0,0.99,0.07686086255206404,0.0,0.0,0.0,0.0,5,3,t0,0
0.7449072069143962,0.0,0.0,0.0013105578523089595,0.99,0.07622554401458859,0.005639032579852282,0.01641537917735361,0.006171416508342929,0.0003495282139167888,5,3,t1,1
0.7431682263941074,0.0,0.0,0.002590825397174287,0.99,0.07560564153802007,0.011209392237876032,0.03255315088497206,0.012244939582650306,0.0006867086961363233,5,3,t2,2
0.7414517392100243,0.0,0.0,0.003842482463530747,0.99,0.07500043172194479,0.016713404035221445,0.048422828968945626,0.01822391623538553,0.0010121958268883013,5,3,t3,3
0.7397577702732955,0.0,0.0,0.005066812154099638,0.99,0.07440923705171554,0.02215327900242629,0.06403347515722438,0.024111539609718628,0.001326601052497406,5,3,t4,4
0.7380860846353495,0.0,0.0,0.0062647731250353505,0.99,0.07383142241949256,0.027531121011317612,0.0793937267758531,0.029910857709692328,0.0016304961929649586,5,3,final,5
0.0,0.0,0.0,0.0,0.6699999999999999,0.5379220725763512,0.0,0.0,0.0,0.0,50,3,t0,0
0.8854791629548601,-0.010000000000000009,0.01,0.04437246705806723,0.6599999999999999,0.5210546398163631,0.028961994873631255,0.07647056650431572,0.07999570453793979,0.012430621689751842,50,3,t1,1
0.884323130331453,0.010000000000000009,0.03,0.08535564466467307,0.6799999999999999,0.5070288170600254,0.05537842503744629,0.14531339629072743,0.15177283996457397,0.022497080764807498,50,3,t2,2
0.8830911727870047,0.040000000000000036,0.04,0.12277249408308197,0.7,0.4953265704123029,0.07950005546296236,0.20725440346505639,0.2161057399927563,0.030653698782515004,50,3,t3,3
0.8817792841832537,0.050000000000000044,0.05,0.15668431534201885,0.71,0.485517068506504,0.10156300735591366,0.2629787682159371,0.27372663880605963,0.037275708289593146,50,3,t4,4
0.880384719444248,0.050000000000000044,0.05,0.1872499336654945,0.72,0.4772456839256832,0.12178637929103187,0.31312407075963583,0.32531805546565173,0.04266957693436474,50,3,final,5
0.0,0.0,0.0,0.0,0.9299999999999999,0.19471244264016227,0.0,0.0,0.0,0.0,52,3,t0,0
0.6018462622825386,0.0,0.0,0.0012445057116549094,0.9299999999999999,0.19361090325433605,0.007424855492689834,0.008763898475435532,0.004977759114813946,0.00039646543245008825,52,3,t1,1
0.6008232343981159,0.0,0.0,0.0024867172141331186,0.9299999999999999,0.19253022854122553,0.014778189374247628,0.017369256228765333,0.009964907354975803,0.0007821699172562147,52,3,t2,2
0.5998151482720517,0.0,0.0,0.0037263891198816533,0.9299999999999999,0.19146964833917693,0.022061890968093467,0.025822492666045888,0.014959644107188634,0.0011576091564980684,52,3,t3,3
0.5988216026861034,0.0,0.0,0.004963287272708657,0.9299999999999999,0.190428437512911,0.02927775925302607,0.03412967407011749,0.01996025390673577,0.0015232459833968703,52,3,t4,4
0.597842063081799,0.0,0.0,0.006197210272539225,0.9299999999999999,0.18940591260057726,0.03642750842430121,0.04229653568705694,0.024965102450010043,0.001879512999233307,52,3,final,5
0.0,0.0,0.0,0.0,0.96,0.11441779845507463,0.0,0.0,0.0,0.0,53,3,t0,0
0.8559619494299574,0.0,0.0,0.0017246592699650923,0.96,0.11295233553040471,0.008599583014447803,0.025157615799682117,0.007552744589394442,0.001070487810561238,53,3,t1,1
0.8545542640568661,0.010000000000000009,0.01,0.0033896886114051297,0.97,0.11154217092746005,0.017034007498291627,0.04972646643585376,0.014933855507165581,0.0020918735262996924,53,3,t2,2
0.8531551729018383,0.010000000000000009,0.01,0.004997834825546822,0.97,0.11018390015141057,0.025310281975038443,0.07373246345870181,0.02215025505463464,0.003067392301075597,53,3,t3,3
0.8517649034524669,0.010000000000000009,0.01,0.006552316463061071,0.97,0.10887438492329787,0.033435012631927476,0.09719996095728708,0.02920850827874285,0.004000022716167645,53,3,t4,4
0.850383503220477,0.010000000000000009,0.01,0.008055957416549906,0.97,0.10761072854796819,0.041414432012683605,0.1201518762869886,0.03611484640508421,0.0048925107322293215,53,3,final,5
0.0,0.0,0.0,0.0,0.99,0.043463155893189234,0.0,0.0,0.0,0.0,6,3,t0,0
0.8947700453485349,0.0,0.0,0.0016430514182440396,0.99,0.04285254600531309,0.005549181242304899,0.02463340948456792,0.008340135644271886,0.0004878550690922273,6,3,t1,1
0.89395697872659,0.0,0.0,0.0032360523100746397,0.99,0.04226336108929066,0.010999617588493518,0.04877545411001705,0.01650628811278882,0.0009561535771908658,6,3,t2,2
0.8931559517284399,0.0,0.0,0.004781528868153277,0.99,0.04169440886415944,0.01635511716728199,0.07244599335711377,0.024505418521069147,0.0014060386206689243,6,3,t3,3
0.8923669923369575,0.0,0.0,0.006281829316786175,0.99,0.041144586419763825,0.021619266302703315,0.09566370255351653,0.03234407585868288,0.0018385658545946523,6,3,t4,4
0.8915898255612335,0.0,0.0,0.007739139879345384,0.99,0.040612871861846866,0.02679544666426698,0.11844616533802159,0.04002842925605633,0.0022547117419629142,6,3,final,5
0.0,0.0,0.0,0.0,0.9299999999999999,0.19346378281250884,0.0,0.0,0.0,0.0,7,3,t0,0
0.6998761066896969,0.0,0.0,0.003067829270863094,0.9299999999999999,0.1923179421774461,0.007597965104994556,0.014706811735891608,0.010316158931585249,0.0005561149786653952,7,3,t1,1
0.6980706942545312,0.010000000000000009,0.01,0.005982874538603607,0.94,0.19121978422076347,0.015035560392796299,0.028992180166232725,0.020220712247089052,0.0010801863747826879,7,3,t2,2
0.6962790848788531,0.010000000000000009,0.01,0.00875484421324885,0.94,0.19016502551565945,0.022323343585251544,0.04288085167861866,0.029740248436029588,0.0015752845570374818,7,3,t3,3
0.6945025873662511,0.010000000000000009,0.01,0.01139367754393098,0.94,0.18914987699202407,0.029470949345842472,0.056395587105434186,0.03889926689828366,0.0020441215529616863,7,3,t4,4
0.6927422248547987,0.010000000000000009,0.01,0.013908201177866108,0.94,0.18817097848001904,0.03648718322897167,0.06955735950991408,0.04772037068562952,0.002489098988850691,7,3,final,5
0.0,0.0,0.0,0.0,0.9099999999999999,0.16618739583533737,0.0,0.0,0.0,0.0,8,3,t0,0
0.5920766282855373,0.0,0.0,0.004727785544670406,0.9099999999999999,0.1630552264029502,0.012625811425380011,0.018941106251646272,0.01769947320298392,0.0010722453682860678,8,3,t1,1
0.588232832110982,0.010000000000000009,0.01,0.008997468430784849,0.9199999999999999,0.1601741637092422,0.024726768644774584,0.03639075835047998,0.03379934037491448,0.0020074857038495098,8,3,t2,2
0.5846116204587228,0.010000000000000009,0.01,0.012855555325566887,0.9199999999999999,0.1575080363929552,0.03635632950958637,0.05252124463194034,0.04848198252138019,0.0028299812345740916,8,3,t3,3
0.5812069897255335,0.020000000000000018,0.02,0.016363180470829804,0.9299999999999999,0.1550269522775114,0.04756136034909692,0.06748568343668732,0.061910435494311224,0.0035593635225208975,8,3,t4,4
0.5780116060905935,0.020000000000000018,0.02,0.019546563200655034,0.94,0.1527061321877569,0.058382967222759805,0.08142002819747968,0.07423038124009854,0.004211539579209944,8,3,final,5
0.0,0.0,0.0,0.0,0.84,0.2511723145435922,0.0,0.0,0.0,0.0,9,3,t0,0
0.8296100609550041,0.0,0.0,0.0066057194397268594,0.84,0.24540502622643653,0.01655825458926318,0.029364985861951135,0.027668666637167726,0.0036943830795675148,9,3,t1,1
0.8290532033984386,0.010000000000000009,0.01,0.012981178520772435,0.85,0.24000457015247062,0.03258126370437795,0.057694996550069017,0.054310317561263886,0.0071129156378479386,9,3,t2,2
0.8284868105634534,0.010000000000000009,0.01,0.01913108175322671,0.85,0.2349472858902663,0.04808594471344278,0.08502553149773877,0.07995645214482026,0.010274583860663322,9,3,t3,3
0.8279103714419923,0.020000000000000018,0.02,0.025051461147756932,0.87,0.23021041133537176,0.06308964603791585,0.11139241256885987,0.10463928301991715,0.013197613040736994,9,3,t4,4
0.8273233149447802,0.039999999999999925,0.04,0.030739866526186696,0.8899999999999999,0.22577216308409834,0.07761000782598296,0.1368315777096592,0.1283914911987258,0.015899401886417308,9,3,final,5
0.0,0.0,0.0,0.0,0.99,0.09597633299658717,0.0,0.0,0.0,0.0,1,4,t0,0
0.9118051935760948,0.0,0.0,0.008975233493862965,0.99,0.09363691783537317,0.01091355503312088,0.04302726378554373,0.0397481751184941,0.0018835305720742712,1,4,t1,1
0.9078328644506428,0.0,0.0,0.01692472269760397,0.99,0.09165307910913467,0.020947847524486283,0.08168617761433374,0.07521113824119649,0.0034373206455236144,1,4,t2,2
0.9038308262844359,0.0,0.0,0.023971774039925838,0.99,0.08995149317971818,0.030220194422534603,0.1165215096564514,0.10688859817322273,0.004731729213919941,1,4,t3,3
0.8998201829605857,0.0,0.0,0.030224033820318585,0.99,0.0884748105245661,0.03883236398984688,0.1480106860019931,0.13521966892082457,0.005821571180929089,1,4,t4,4
0.8958210910273919,0.0,0.0,0.03577560527760642,0.99,0.08717809098896359,0.04687253265223154,0.1765720677875793,0.16059039207132375,0.006749612300174346,1,4,final,5
0.0,0.0,0.0,0.0,0.92,0.19334740990083635,0.0,0.0,0.0,0.0,10,4,t0,0
0.754243122890864,0.0,0.0,0.018112782904129234,0.92,0.19041461111400657,0.01246769523466949,0.05169182866168081,0.05521463274162524,0.0015721270956441658,10,4,t1,1
0.7326355979496907,0.0,0.0,0.031817141095371815,0.92,0.18814853038605428,0.023312120334317718,0.09067402323690898,0.09752399076574533,0.002592551191886616,10,4,t2,2
0.7123570464863005,0.009999999999999898,0.01,0.042160021486022624,0.9299999999999999,0.1862869505700847,0.033006475220184336,0.12007355196840007,0.1300049427183751,0.0032975741074940945,10,4,t3,3
0.6937948397905371,0.009999999999999898,0.01,0.04996895142732478,0.9299999999999999,0.18467604155488784,0.04189025826925132,0.14227436453509615,0.15499701374129304,0.003822294850875735,10,4,t4,4
0.6771595347536274,0.009999999999999898,0.01,0.05584050724676457,0.9299999999999999,0.1832250678419557,0.05020400246645589,0.1590962958316601,0.17428138502653615,0.0042437487854028455,10,4,final,5
0.0,0.0,0.0,0.0,0.6799999999999999,0.6148102675332598,0.0,0.0,0.0,0.0,11,4,t0,0
0.6786660609751225,0.010000000000000009,0.01,0.020466131399031712,0.69,0.6072283246177044,0.01854822428273415,0.024302076810885975,0.03077673467982304,0.003018524995185845,11,4,t1,1
0.6761336074340576,0.010000000000000009,0.01,0.03995211639734205,0.69,0.6004574583873213,0.036083970328995435,0.04696971231479444,0.059279902673223646,0.005576589136494614,11,4,t2,2
0.6735573296336268,0.010000000000000009,0.01,0.0584445622602466,0.7,0.5944034685217697,0.05267079686695822,0.06809925523214198,0.08564806058006881,0.007735636288979664,11,4,t3,3
0.6709399254753572,0.010000000000000009,0.01,0.07595195742401299,0.7,0.5889823782587011,0.06836955486787345,0.08778324641215264,0.11001399444244492,0.009549937062698577,11,4,t4,4
0.6682841816307782,0.040000000000000036,0.04,0.09242380412642619,0.74,0.5841195509831629,0.08323826214602885,0.10611020874555192,0.1325044422324184,0.011067239225148628,11,4,final,5
0.0,0.0,0.0,0.0,0.98,0.07352924152641957,0.0,0.0,0.0,0.0,14,4,t0,0
0.8096742760468264,0.0,0.0,0.0012288717173807521,0.98,0.07292227004100274,0.00549545749488286,0.00977875587797868,0.005668871113670006,0.0003918590856420573,14,4,t1,1
0.8098346513706711,0.0,0.0,0.002410958499502045,0.98,0.07233437782401705,0.010904196188180103,0.019396535265119925,0.011150691683437583,0.0007698078402706976,14,4,t2,2
0.8099968483677424,0.0,0.0,0.003548122419342537,0.98,0.07176458533328627,0.016229220649422664,0.028859792666156233,0.016452493931928845,0.0011346155610888892,14,4,t3,3
0.81016106420549,0.0,0.0,0.0046421406514282814,0.98,0.07121197526860655,0.021473401710956914,0.03817466572087563,0.021581016475061176,0.0014870004578625279,14,4,t4,4
0.8103272113548059,0.0,0.0,0.00569470989538923,0.98,0.07067568810018277,0.026639483171323277,0.04734699187525897,0.026542717988288257,0.0018276334263633842,14,4,final,5
0.0,0.0,0.0,0.0,1.0,0.0271457849928401,0.0,0.0,0.0,0.0,15,4,t0,0
0.8171878551975459,0.0,0.0,0.00039720759728710086,1.0,0.027020002899203303,0.0024445056674091167,0.006134165357053436,0.002294752428457399,7.943966775025846e-05,15,4,t1,1
0.8172115891600563,0.0,0.0,0.000788389063601123,1.0,0.026895991476505166,0.004871971475461379,0.012232078140624113,0.00456006846724374,0.00015760178363794994,15,4,t2,2
0.817234443344925,0.0,0.0,0.0011736563408521884,1.0,0.026773709890752968,0.0072826654875774435,0.01829427115295764,0.00679643995448051,0.00023451798393022555,15,4,t3,3
0.8172572409324717,0.0,0.0,0.0015531188229844217,1.0,0.026653118538690037,0.009676849790787772,0.024321265064435257,0.00900434853319848,0.00031021890634613455,15,4,t4,4
0.8172801391548916,0.0,0.0,0.0019268834258886701,1.0,0.026534179003753905,0.012054780658389493,0.030313568763764644,0.01118426590557126,0.0003847342269420531,15,4,final,5
0.0,0.0,0.0,0.0,0.98,0.09268635903699428,0.0,0.0,0.0,0.0,16,4,t0,0
0.7641493692151183,0.0,0.0,0.0013810876212380474,0.98,0.09040067045436777,0.010781993576884306,0.02388538311779177,0.006466405951184889,0.0013191946866041582,16,4,t1,1
0.7614370865620556,0.0,0.0,0.002686592769311462,0.98,0.08828690189279899,0.021148006544448546,0.04664168706050649,0.012628628604322517,0.0025083541379326973,16,4,t2,2
0.7587581716400496,0.0,0.0,0.003921578158189367,0.98,0.08632602335223324,0.031128477883687788,0.06835317631361441,0.01850736549588349,0.0035834189279988216,16,4,t3,3
0.7561147185341259,0.0,0.0,0.005091178711158375,0.98,0.0845014393014222,0.0407512661065503,0.08909695786604195,0.0241217523770291,0.00455819792837775,16,4,t4,4
0.753508491749055,0.0,0.0,0.006204552995882917,0.98,0.08279864896916704,0.050041887516521416,0.10894366205146243,0.029489497503554823,0.005444672380697749,16,4,final,5
0.0,0.0,0.0,0.0,0.96,0.10291946600926064,0.0,0.0,0.0,0.0,19,4,t0,0
0.8403399417062021,0.0,0.0,0.0028514705532917614,0.97,0.1015831048094591,0.008068607410548882,0.01628068480676436,0.014265689763550084,0.0009034474508601842,19,4,t1,1
0.84005854701304,0.0,0.0,0.005593040864232526,0.97,0.10031626389069603,0.015926539059886533,0.032116647304060164,0.02803134587718581,0.0017524770255103739,19,4,t2,2
0.839771178970915,0.010000000000000009,0.01,0.008229080585849983,0.98,0.09911385256462299,0.023583698992184318,0.047528517170210026,0.04131832986354849,0.0025513102542430444,19,4,t3,3
0.8394782131418275,0.010000000000000009,0.01,0.01076408631110312,0.98,0.09797120487473798,0.031049455379439168,0.06253581421268946,0.05414693083968853,0.0033038064366928688,19,4,t4,4
0.8391798385510324,0.010000000000000009,0.01,0.013202951811114775,0.98,0.09688404120180383,0.038332671032765726,0.0771570130671679,0.06653642402318409,0.0040134960173683065,19,4,final,5
0.0,0.0,0.0,0.0,0.96,0.19256163472374058,0.0,0.0,0.0,0.0,2,4,t0,0
0.7253495607819834,0.0,0.0,0.01179648754790588,0.96,0.18757376104663648,0.015387061318976847,0.02235241111516059,0.030772708568865756,0.002407194537947299,2,4,t1,1
0.7243544437503562,0.0,0.0,0.02283042942355686,0.96,0.18300734817205364,0.03011500799423171,0.04357905089722803,0.05994917478687699,0.004551262941999257,2,4,t2,2
0.7233818535346707,0.0,0.0,0.03316163566339629,0.96,0.17881553918680942,0.04423059619868746,0.06375983895341884,0.08763525087242481,0.006464925726416854,2,4,t3,3
0.722431363723279,0.0,0.0,0.042844080808350386,0.96,0.17495741984675592,0.05777663892199687,0.08296803862030837,0.11392825554578095,0.008176480055685748,2,4,t4,4
0.7215024919413484,0.0,0.0,0.05192659624844592,0.96,0.17139718677207683,0.07079238190501058,0.10127089318515531,0.13891776995250557,0.009710446172595782,2,4,final,5
0.0,0.0,0.0,0.0,0.97,0.08486242191865043,0.0,0.0,0.0,0.0,20,4,t0,0
0.5288987623841362,0.0,0.0,0.0008966967054955938,0.97,0.08405609323337614,0.00635910734359499,0.0096118706996423,0.004695618843800625,0.0002236476966361728,20,4,t1,1
0.5277239420540306,0.0,0.0,0.0017585586517145885,0.97,0.08326889890385938,0.012641137879156277,0.019056029209188297,0.009233890090064915,0.00043861375831857896,20,4,t2,2
0.5265740221158514,0.0,0.0,0.0025869156400994005,0.97,0.08250009391889467,0.01884811134867813,0.02833795757367129,0.013620322373018193,0.0006453599989303532,20,4,t3,3
0.5254486381633947,0.0,0.0,0.0033830401040568308,0.97,0.08174897135908356,0.02498197429864448,0.037462919894546406,0.01786021005191875,0.0008443200235788845,20,4,t4,4
0.5243472758244773,0.0,0.0,0.0041481500891714625,0.97,0.0810148601060377,0.031044603216614394,0.04643597237541507,0.021958643171571007,0.0010359011311515537,20,4,final,5
0.0,0.0,0.0,0.0,0.99,0.025426834518357082,0.0,0.0,0.0,0.0,21,4,t0,0
0.7751817643137663,0.0,0.0,0.002258695480638649,0.99,0.0248737831034946,0.005224442636557202,0.011580581842285963,0.016471371277119992,0.000324048454900798,21,4,t1,1
0.7752822301888017,0.0,0.0,0.004470275352636925,0.99,0.02434053090578358,0.010354628302242552,0.02294447399459598,0.03260333307368443,0.0006345848574866413,21,4,t2,2
0.7753697954353268,0.0,0.0,0.006635866105936346,0.99,0.023826313785952045,0.015392510416520802,0.034095436609771816,0.04840387199677878,0.0009321368299487487,21,4,t3,3
0.7754451215150399,0.0,0.0,0.008756548687814152,0.99,0.023330403557120728,0.020339975808790735,0.04503712265968631,0.06388068356233154,0.0012172083125137657,21,4,t4,4
0.7755085823325835,0.0,0.0,0.010833362029649504,0.99,0.022852105222306116,0.025198850941603297,0.05577309176142163,0.07904119355188095,0.0014902814514401626,21,4,final,5
0.0,0.0,0.0,0.0,0.94,0.16869695496186626,0.0,0.0,0.0,0.0,22,4,t0,0
0.9270596588441365,0.0,0.0,0.04508332595488807,0.94,0.15442318048793463,0.02792504631776514,0.15496745918582805,0.15605414261542216,0.011923504072247737,22,4,t1,1
0.9229419032531253,0.020000000000000018,0.02,0.08088685718395465,0.96,0.14500441042907916,0.050552213875552206,0.2771637860140824,0.27920801804456874,0.019384898736116124,22,4,t2,2
0.9184548052571386,0.030000000000000027,0.03,0.10895095541579405,0.97,0.13864067719946838,0.06904534152808692,0.3733698235849206,0.376205268947129,0.024089859012967202,22,4,t3,3
0.9136589372439886,0.040000000000000036,0.04,0.13075730738647373,0.98,0.13419678540997884,0.08433513621118097,0.4490665491286124,0.4524855634187333,0.027103828515400663,22,4,t4,4
0.9086226225064462,0.040000000000000036,0.04,0.14765102101175684,0.98,0.1309607388318001,0.09715959411989061,0.5086497797335592,0.5124052858797368,0.02908681152891357,22,4,final,5
0.0,0.0,0.0,0.0,0.74,0.5816154590864304,0.0,0.0,0.0,0.0,23,4,t0,0
0.4934369247230912,0.0,0.0,0.011186652306343397,0.74,0.5627532228101244,0.03008255443605021,0.03388305266902348,0.04241029837913469,0.00427133016488912,23,4,t1,1
0.49338361113817925,0.010000000000000009,0.01,0.022086080770530477,0.76,0.5454039335597204,0.05893137795508831,0.06638260000202507,0.08304177531516033,0.008117835757878611,23,4,t2,2
0.49341816693391355,0.0,0.0,0.032652787169828223,0.77,0.5294400548652537,0.0865983974097847,0.09756204677182476,0.12195590091926152,0.01158594564135218,23,4,t3,3
0.4935264498215971,0.020000000000000018,0.02,0.04286314214133233,0.79,0.5147407769575708,0.11313717256034381,0.12748230621374812,0.1592159359683943,0.014717597118229508,23,4,t4,4
0.4936965880824286,0.020000000000000018,0.02,0.052714620653365574,0.8,0.501192727680889,0.13860210570127354,0.15620245277947717,0.19488655844982902,0.01755067122658638,23,4,final,5
0.0,0.0,0.0,0.0,0.95,0.11937942209140256,0.0,0.0,0.0,0.0,26,4,t0,0
0.588697322596053,0.0,0.0,0.0010947720535284674,0.95,0.11759115541680644,0.009500017206427624,0.012008149580588594,0.005397131013508066,0.0006149771690315692,26,4,t1,1
0.5881425970133636,0.0,0.0,0.002144418482392301,0.95,0.11587845873898622,0.018795268018924144,0.023708891003048783,0.010599968528241722,0.0011956093660883405,26,4,t2,2
0.5876064887160649,0.0,0.0,0.0031526022423405938,0.95,0.11423630352399147,0.027895086759107037,0.03511943894507237,0.015621038593584838,0.0017445835275569505,26,4,t3,3
0.5870883647761496,0.0,0.0,0.004121212723024358,0.95,0.11266010395944201,0.036808186384720575,0.046255712305466705,0.020471797293797823,0.0022643257411146256,26,4,t4,4
0.5865875019387168,0.0,0.0,0.005052369799741269,0.95,0.11114567025046879,0.04554270873567336,0.057132444568557754,0.02516273240888532,0.0027570306019050472,26,4,final,5
0.0,0.0,0.0,0.0,0.9099999999999999,0.27598198332580826,0.0,0.0,0.0,0.0,27,4,t0,0
0.747172603657148,0.010000000000000009,0.01,0.014100584688649035,0.9199999999999999,0.2721223333541881,0.013532994354152937,0.019340000308573073,0.02740339483339468,0.001973173231827552,27,4,t1,1
0.7471534374278457,0.0,0.0,0.027322101174236436,0.9199999999999999,0.26862229204237753,0.026430587736525152,0.037660387189798195,0.05326845669458503,0.0037232719755901367,27,4,t2,2
0.7471339332941607,0.010000000000000009,0.01,0.039712082557643996,0.9299999999999999,0.265440028498544,0.038737700316206165,0.05502936543008823,0.07769301970360155,0.005278731791396318,27,4,t3,3
0.7471133390971728,0.0,0.0,0.051326414277255365,0.9299999999999999,0.2625388201045454,0.05049608447750292,0.07151045150846264,0.10076837831428216,0.006664331835997961,27,4,t4,4
0.7470908943196424,0.0,0.0,0.06221900591516952,0.9299999999999999,0.25988641747206764,0.061744529461173814,0.08716278498443047,0.12257970741063164,0.00790166553944538,27,4,final,5
0.0,0.0,0.0,0.0,0.99,0.025520788348187915,0.0,0.0,0.0,0.0,28,4,t0,0
0.7259088457894616,0.0,0.0,0.0003967722877220631,0.99,0.025376047675039624,0.002613101764628984,0.005040281379049799,0.0028612391067652926,7.158255820921555e-05,28,4,t1,1
0.7258942929265025,0.0,0.0,0.0007897634403682262,0.99,0.02523339576569143,0.005207312313350233,0.010049259729032292,0.005698731180706296,0.00014189474775706465,28,4,t2,2
0.7258774339185473,0.0,0.0,0.0011790174124055046,0.99,0.025092790518616008,0.007782874783565689,0.015027315829865554,0.008512731190999889,0.00021096365743348763,28,4,t3,3
0.7258589619522228,0.0,0.0,0.00156457758344688,0.99,0.024954190756779453,0.010340029286689695,0.019974825489026547,0.011303491244379271,0.0002788157692128132,28,4,t4,4
0.7258390176522711,0.0,0.0,0.0019464867618490251,0.99,0.024817556212301882,0.01287901288875176,0.024892159557057734,0.014071260581458385,0.00034547696841012374,28,4,final,5
0.0,0.0,0.0,0.0,0.8200000000000001,0.3940704731817393,0.0,0.0,0.0,0.0,3,4,t0,0
0.8795336332639964,0.020000000000000018,0.02,0.04249515490595524,0.8400000000000001,0.3832288218962755,0.02423431228187121,0.13129154658737893,0.13126468716809597,0.007963105093584388,3,4,t1,1
0.8632866910721059,0.0,0.02,0.07545127122255918,0.8300000000000001,0.37596007122008074,0.04388682465555927,0.2321925437283362,0.23207152045301285,0.012658667411630298,3,4,t2,2
0.8450623176813998,-0.010000000000000009,0.03,0.1009394666486605,0.8200000000000001,0.37077954302946914,0.06019723194244196,0.30990690072440674,0.30958012545303487,0.015492918352654317,3,4,t3,3
0.8252323588045215,-1.1102230246251565e-16,0.04,0.12068496605350294,0.83,0.3668237478967138,0.07410363972444688,0.3699800418607787,0.3693166478807755,0.017274825352592393,3,4,t4,4
0.8042539722086769,-1.1102230246251565e-16,0.04,0.13603897984330662,0.83,0.36359242477667075,0.08630575360440888,0.41665780415043346,0.41552003378513275,0.018466164239355654,3,4,final,5
0.0,0.0,0.0,0.0,0.8500000000000001,0.45291169143715304,0.0,0.0,0.0,0.0,30,4,t0,0
0.680458997412388,0.0,0.0,0.0039001304757326645,0.8500000000000001,0.4489355213955012,0.013949175164110195,0.020424101474034218,0.014631588427864368,0.0017586329683357826,30,4,t1,1
0.6793931417683969,0.0,0.0,0.007628947767032443,0.8500000000000001,0.4451933024792855,0.027474637104267816,0.03994915137911221,0.028596492381103747,0.003382422986546174,30,4,t2,2
0.6783113829746077,0.0,0.0,0.011200210223525128,0.8500000000000001,0.44165276886594007,0.040620671564378895,0.05867781447340862,0.041949971095536776,0.004891662449851009,30,4,t3,3
0.6772169649445999,0.010000000000000009,0.01,0.014624864998142731,0.8600000000000001,0.438287142149446,0.05342591962083869,0.07669931932810765,0.054741381295520544,0.006303056441422372,30,4,t4,4
0.6761128716129775,0.010000000000000009,0.01,0.017913826676897667,0.8600000000000001,0.43507414669864053,0.06592407380455181,0.09409109065888749,0.0670148189802561,0.007630387081886458,30,4,final,5
0.0,0.0,0.0,0.0,0.8400000000000001,0.37616479606328695,0.0,0.0,0.0,0.0,31,4,t0,0
0.7508621513997289,0.0,0.0,0.005142573194166696,0.8400000000000001,0.3745866972520898,0.008667399125892495,0.014612545356063768,0.013714818477902327,0.0008301440723237352,31,4,t1,1
0.7477700814979976,-0.010000000000000009,0.01,0.010094458315412561,0.8300000000000001,0.3730829510183118,0.01713632311769004,0.028724285324138392,0.02685220488554762,0.0016026665735726642,31,4,t2,2
0.7446462961036567,-0.010000000000000009,0.01,0.014860691073296382,0.8300000000000001,0.3716480404207093,0.02541616508349704,0.04235365304907911,0.03943507722820788,0.002322162057334043,31,4,t3,3
0.7414941796151613,-0.010000000000000009,0.01,0.019447581508958894,0.8300000000000001,0.3702768622822469,0.03351593287434162,0.05551853656775631,0.05148560255163942,0.002992882124927654,31,4,t4,4
0.738316951927821,0.0,0.02,0.023860676434348194,0.8400000000000001,0.36896469891441197,0.041444256659832805,0.0682362835499202,0.06302520974301765,0.003618758168136671,31,4,final,5
0.0,0.0,0.0,0.0,1.0,0.003769224211347664,0.0,0.0,0.0,0.0,32,4,t0,0
0.7064825878052143,0.0,0.0,4.469836899171127e-05,1.0,0.0037593247010462762,0.0007017687074313085,0.002152135595911529,0.0004178654030790081,4.906910812520725e-06,32,4,t1,1
0.7065312989289927,0.0,0.0,8.921132628445574e-05,1.0,0.003749480094299631,0.0014015873114813216,0.0042987066035993175,0.0008343841394297182,9.782248273312779e-06,32,4,t2,2
0.7065765459912433,0.0,0.0,0.00013354013148138193,1.0,0.0037396899282299357,0.002099466865661899,0.006439743510673623,0.001249564298365575,1.4626299042928663e-05,32,4,t3,3
0.706620842629806,0.0,0.0,0.00017768603220052697,1.0,0.003729953745175707,0.0027954183295366393,0.00857527655034304,0.001663413898082566,1.9439346393425663e-05,32,4,t4,4
0.7066646920099756,0.0,0.0,0.0002216502642218653,1.0,0.003720271092618341,0.0034894525697803467,0.01070533570425174,0.002075940886483881,2.4221670257713098e-05,32,4,final,5
0.0,0.0,0.0,0.0,1.0,0.0066489184421176534,0.0,0.0,0.0,0.0,33,4,t0,0
0.743388309541544,0.0,0.0,5.7893186125621896e-05,1.0,0.00662072601494274,0.0011850608349470478,0.0023306286131521206,0.00048274170862499106,1.546473832133438e-05,33,4,t1,1
0.7435565921988714,0.0,0.0,0.00011550762087608228,1.0,0.006592845134139566,0.0023635636377756734,0.004652979281924997,0.0009634272043833772,3.0737543889852725e-05,33,4,t2,2
0.743722224008518,0.0,0.0,0.00017284595497819486,1.0,0.006565270526410946,0.0035355827314401474,0.006967137858637658,0.0014420770910335385,4.582189986565045e-05,33,4,t3,3
0.743886770419032,0.0,0.0,0.00022991079877288968,1.0,0.0065379970331864885,0.004701191263360605,0.009273188793467821,0.0019187116380042888,6.0721209929192645e-05,33,4,t4,4
0.7440505460803161,0.0,0.0,0.00028670472307764706,1.0,0.006511019607645862,0.0058604612283271644,0.011571215163644209,0.0023933507877314138,7.543880041633796e-05,33,4,final,5
0.0,0.0,0.0,0.0,0.8999999999999999,0.2846426584951201,0.0,0.0,0.0,0.0,34,4,t0,0
0.8123623802920227,0.010000000000000009,0.01,0.02484561852503916,0.9099999999999999,0.2803835662612665,0.015043474112428725,0.053138832699450814,0.05158687631609621,0.002705585585575543,34,4,t1,1
0.7954138174212803,0.010000000000000009,0.01,0.04183464427083679,0.9099999999999999,0.27697723366228444,0.028253758822804044,0.09111637405552422,0.08739356467604473,0.004662962928315584,34,4,t2,2
0.7814099776308627,0.020000000000000018,0.02,0.05368910385452889,0.9199999999999999,0.27402324830479663,0.04036743293839114,0.11968731549084081,0.11287363489842993,0.006247795871952122,34,4,t3,3
0.7699706559159776,0.020000000000000018,0.04,0.06215688222452091,0.9199999999999999,0.27134469749868045,0.05178571040684612,0.14245059535502155,0.1315480849759494,0.0076215898877904364,34,4,t4,4
0.7605960515645632,0.020000000000000018,0.04,0.06839660750126977,0.9199999999999999,0.2688590801514136,0.06272520927794122,0.16162373437594318,0.14569503848288312,0.008856664620451427,34,4,final,5
0.0,0.0,0.0,0.0,1.0,0.010175860083301404,0.0,0.0,0.0,0.0,35,4,t0,0
0.739768064586135,0.0,0.0,5.829859455207037e-05,1.0,0.010129827455690618,0.0015176265144175197,0.004123753320486193,0.0004061220770961475,2.5112926410091746e-05,35,4,t1,1
0.7397902158095627,0.0,0.0,0.00011533012246440527,1.0,0.010084291038638829,0.003027068314270212,0.008226308781412462,0.0008055586998358047,4.990205152037401e-05,35,4,t2,2
0.7398102352954047,0.0,0.0,0.00017112002102534046,1.0,0.010039242036873964,0.004528425297240177,0.012307907575552952,0.0011984444188301606,7.437347491658086e-05,35,4,t3,3
0.7398293467768643,0.0,0.0,0.00022571796118904083,1.0,0.009994671872079794,0.0060217954550970945,0.016368786548962903,0.0015849108088980676,9.853314083541759e-05,35,4,t4,4
0.7398478016051301,0.0,0.0,0.0002791520412049186,1.0,0.009950572176105345,0.007507274922464247,0.02040917830827361,0.0019650865491653608,0.0001223868431388178,35,4,final,5
0.0,0.0,0.0,0.0,0.9099999999999999,0.282230958925287,0.0,0.0,0.0,0.0,38,4,t0,0
0.8277839492383875,0.0,0.0,0.00821185150596472,0.9099999999999999,0.2772858719975667,0.01516169308128285,0.02440697492132904,0.019829107630946533,0.003071309351129592,38,4,t1,1
0.8282203258447404,0.0,0.0,0.015932773064653457,0.9099999999999999,0.27271194056242637,0.029751428559807672,0.047867635149504775,0.03857522596271373,0.005883555734122081,38,4,t2,2
0.8286345285198469,0.0,0.0,0.023194471884462577,0.9099999999999999,0.268473462313194,0.04380334901226073,0.07043727250035761,0.05630635606377498,0.00846303727420833,38,4,t3,3
0.8290269114280171,0.0,0.0,0.0300263705412278,0.9099999999999999,0.26453858423720505,0.05734926866670688,0.09216747802926216,0.07308585841724288,0.010833116751540861,38,4,t4,4
0.829397780960029,0.0,0.0,0.03645577847418751,0.9099999999999999,0.26087886576596714,0.07041882223790172,0.11310637542029324,0.08897275506566169,0.013014563935941359,38,4,final,5
0.0,0.0,0.0,0.0,0.97,0.14530457905521005,0.0,0.0,0.0,0.0,40,4,t0,0
0.8026889287187291,0.0,0.0,0.0015365622346022133,0.97,0.14406909217060662,0.007889104767463429,0.014094867843497198,0.004266839930955356,0.0007935219864021736,40,4,t1,1
0.8029374713418813,0.0,0.0,0.002986932815302593,0.97,0.14287347682407897,0.015649301642505064,0.02795666459797091,0.008346072684356812,0.0015583595576250664,40,4,t2,2
0.8031705100424701,0.0,0.0,0.00435693721315564,0.97,0.14171532265663161,0.023286240183314075,0.04159503526702521,0.012248539676313511,0.002296281601291278,40,4,t3,3
0.8033890915530284,0.0,0.0,0.005651929929964793,0.97,0.14059242762578905,0.030805180483998922,0.05501898987471571,0.01598432072171244,0.003008902726845286,40,4,t4,4
0.8035940157560396,0.0,0.0,0.006876839430243503,0.97,0.13950277558338514,0.038211027740221476,0.06823695859208533,0.019562797612078655,0.0036977000597039344,40,4,final,5
0.0,0.0,0.0,0.0,0.8600000000000001,0.3745389313988668,0.0,0.0,0.0,0.0,41,4,t0,0
0.667601125906392,0.0,0.0,0.00847204106090921,0.8600000000000001,0.372787547616153,0.009232670016672745,0.007463323789033497,0.00990069515777089,0.0007448728801777715,41,4,t1,1
0.6684680768474747,-1.1102230246251565e-16,0.02,0.016093283946000052,0.86,0.37113227157295214,0.01821704807131965,0.014536270471062977,0.018895120264011658,0.0014454894883346725,41,4,t2,2
0.6693243711160274,0.0,0.0,0.022931682073121455,0.86,0.3695598416532321,0.026979124232721263,0.0212636210800828,0.02706149185665041,0.002108821784233439,41,4,t3,3
0.6701662105151548,0.010000000000000009,0.01,0.029057902828598978,0.87,0.36805913247966865,0.03554179882856347,0.027685453868608392,0.034471153696635365,0.0027406018156453382,41,4,t4,4
0.670990284240762,0.0,0.0,0.0345387954541633,0.87,0.3666208017386552,0.043925229667103445,0.03383755141686411,0.041189175632650954,0.0033455395416096545,41,4,final,5
0.0,0.0,0.0,0.0,1.0,0.03228955366421435,0.0,0.0,0.0,0.0,43,4,t0,0
0.722744921893014,0.0,0.0,0.00041189358955442083,1.0,0.031978366698517016,0.003952091473236869,0.007957630232013305,0.0028271274762663805,0.00016227700552508273,43,4,t1,1
0.7231716242043313,0.0,0.0,0.0008179425166088365,1.0,0.03167415177714914,0.007859674138049935,0.01583725313898933,0.005621794564523762,0.00032116159762731605,43,4,t2,2
0.723601354759065,0.0,0.0,0.0012182887491073325,1.0,0.03137669260976826,0.011723627121727627,0.023640514550387678,0.008384723107565958,0.00047676405509734093,43,4,t3,3
0.7240341788494299,0.0,0.0,0.001613069254151441,1.0,0.031085780640688235,0.01554480971478076,0.031369009718073944,0.011116610878391624,0.0006291897848451737,43,4,t4,4
0.7244698172052488,0.0,0.0,0.0020024162196981845,1.0,0.030801214757369424,0.019324061770465265,0.03902428529380187,0.013818132589194102,0.0007785395895518743,43,4,final,5
0.0,0.0,0.0,0.0,0.97,0.12254990479161199,0.0,0.0,0.0,0.0,44,4,t0,0
0.7987325367120613,0.0,0.0,0.004130164374769761,0.97,0.12112975914674502,0.00818885215823303,0.015418050695672017,0.015375231439601204,0.0008389959642855077,44,4,t1,1
0.7985735101398099,0.0,0.0,0.008094727993828384,0.97,0.1197874046500814,0.01615348639511004,0.030393984872846544,0.03021967756749139,0.001623285793772633,44,4,t2,2
0.7984205075818501,0.0,0.0,0.011901306271604005,0.97,0.11851730625553034,0.023903812078901382,0.04494736844704047,0.04455493657238812,0.002357111106325957,44,4,t3,3
0.7982736045980732,0.0,0.0,0.015557083595323725,0.97,0.11731437142519585,0.031449231294481406,0.05909675280495236,0.058401545722360296,0.003044357583837226,44,4,t4,4
0.7981326942271343,0.0,0.0,0.019068843502129083,0.97,0.11617391112354389,0.03879866872623747,0.07285973652814103,0.07177904361956018,0.003688587374157934,44,4,final,5
0.0,0.0,0.0,0.0,0.96,0.19551638882899702,0.0,0.0,0.0,0.0,45,4,t0,0
0.6562952959194724,0.0,0.0,0.004231549740876851,0.96,0.1938750340124295,0.00876068455860757,0.010662004606173201,0.012425340446861822,0.0006441118386797673,45,4,t1,1
0.6555626389517798,0.0,0.0,0.008228108831615694,0.96,0.1923350195939888,0.0172522657978848,0.020941412313623644,0.024239328343798987,0.0012353901020218383,45,4,t2,2
0.6548480396853618,0.0,0.0,0.012002932274623566,0.96,0.19088744692412546,0.025490048596972424,0.030860514664736834,0.03547259701822534,0.0017791613225388025,45,4,t3,3
0.6541514603897421,0.0,0.0,0.015568422529169856,0.96,0.18952427766410734,0.033488400334439325,0.040440247789240893,0.04615407190856879,0.002280194285012499,45,4,t4,4
0.6534727029139475,0.0,0.0,0.018936193857510324,0.96,0.18823824518170926,0.041260810769003994,0.04970027838612613,0.05631107645766141,0.0027427605608347505,45,4,final,5
0.0,0.0,0.0,0.0,0.86,0.3425503500360515,0.0,0.0,0.0,0.0,46,4,t0,0
0.8859060313855476,-0.010000000000000009,0.01,0.044465440234766264,0.86,0.33076385622474347,0.024952162181124633,0.11605614807846946,0.11932401086324995,0.008790694571621016,46,4,t1,1
0.8780051182264822,-0.009999999999999898,0.03,0.0801312036867305,0.8600000000000001,0.3222993765033281,0.04596808080554856,0.20879846006381933,0.21385267861242768,0.014644794843910902,46,4,t2,2
0.8695792059345938,0.0,0.04,0.10850540649504553,0.87,0.31597774519401356,0.06394857126962195,0.28300814719870165,0.2886475814273394,0.018648483236181568,46,4,t3,3
0.8607652481096225,0.0,0.06,0.1309077424924842,0.87,0.31104843679474414,0.07960223262033074,0.3425291003214195,0.34776815925438925,0.021484567968820756,46,4,t4,4
0.8517031654774625,0.0,0.08,0.1484741673616939,0.87,0.30703446834805065,0.0934801030871145,0.39042828087244796,0.3944487907931633,0.023580265300891634,46,4,final,5
0.0,0.0,0.0,0.0,0.96,0.13234362557054044,0.0,0.0,0.0,0.0,47,4,t0,0
0.8817863230330212,0.010000000000000009,0.01,0.018567425608318346,0.97,0.12199168643659528,0.023016632676912167,0.09009987728030028,0.09461469528820186,0.007788009280757263,47,4,t1,1
0.8810594154999657,0.010000000000000009,0.01,0.03541771417057221,0.97,0.11336822027282853,0.044003522845210356,0.17194907611328283,0.18053004287205923,0.014114545755285646,47,4,t2,2
0.8802545792916869,0.0,0.0,0.0507535646843059,0.97,0.10612833913043261,0.0632125033500665,0.2465229577595027,0.2587807164577356,0.01928311720856417,47,4,t3,3
0.8793800010677093,0.0,0.0,0.06474894461756062,0.97,0.10000375159910015,0.08085887654954792,0.314661487120629,0.33025713192853434,0.02352843144935618,47,4,t4,4
0.8784426917715729,0.010000000000000009,0.01,0.07752259855861457,0.98,0.09478448001886737,0.09712702197230451,0.3770886966433107,0.3957261665692087,0.027033017234457696,47,4,final,5
0.0,0.0,0.0,0.0,0.97,0.11144646706767833,0.0,0.0,0.0,0.0,48,4,t0,0
0.7045466347627569,0.0,0.0,0.0009513643276398706,0.97,0.10976248120144785,0.009230578433494778,0.01662536051706614,0.004492532819871877,0.0008316102238735412,48,4,t1,1
0.7036047080748172,0.0,0.0,0.001862445378500452,0.97,0.10815722416081058,0.018239918489210985,0.03280722652229313,0.008845139267183161,0.0016145298919763157,48,4,t2,2
0.7027060009052934,0.0,0.0,0.002736220858033896,0.97,0.10662459700962153,0.02703971797134241,0.04857310309185263,0.013069804220992272,0.002353207930171422,48,4,t3,3
0.7018488001327049,0.0,0.0,0.003575410468873518,0.97,0.105159091466265,0.035640906339974625,0.06394838448361494,0.017177327187336677,0.0030516176742550333,48,4,t4,4
0.7010313069510509,0.0,0.0,0.0043824995978810795,0.97,0.103755729242551,0.04405368879737216,0.07895651017228174,0.021177427070378584,0.003713309102800766,48,4,final,5
0.0,0.0,0.0,0.0,0.77,0.4674337384008795,0.0,0.0,0.0,0.0,49,4,t0,0
0.8276014204466166,0.0,0.0,0.016386074750141085,0.77,0.4557361732787617,0.022872540065385197,0.04637356889611827,0.0465280920639506,0.006987273129880567,49,4,t1,1
0.8272550506963838,0.020000000000000018,0.02,0.032447708479965066,0.79,0.44486113103046687,0.0449292836818831,0.0910569642782307,0.09120436458457486,0.013378074187681943,49,4,t2,2
0.8268820419645753,0.020000000000000018,0.02,0.048146521691770035,0.79,0.43475761618430875,0.06619151692106447,0.1340869004236758,0.1340815731167924,0.01921217887255372,49,4,t3,3
0.8264812522948726,0.020000000000000018,0.02,0.06348750523769063,0.79,0.42537689350481145,0.0866806414504065,0.17550076304805667,0.1752122030168472,0.02452756506622794,49,4,t4,4
0.8260515753447485,0.010000000000000009,0.01,0.07846535613786546,0.79,0.4166724406507646,0.10641816516905446,0.21533659011853887,0.21464844928744503,0.02936045054427472,49,4,final,5
0.0,0.0,0.0,0.0,0.99,0.04066947115719491,0.0,0.0,0.0,0.0,5,4,t0,0
0.8116935827469071,0.0,0.0,0.0011213597860882342,0.99,0.040360658334182564,0.003799922869132906,0.008305362216290533,0.006332785094149439,0.0001888028083822102,5,4,t1,1
0.8113060520871385,0.0,0.0,0.0022231697098296244,0.99,0.040058488112391266,0.007558970540975699,0.016509151359634953,0.012572694687161769,0.0003725503049359924,5,4,t2,2
0.810919552943267,0.0,0.0,0.0033059742022401428,0.99,0.03976271063421888,0.011278233796185887,0.02461403147665532,0.018722072915882324,0.000551447433513666,5,4,t3,3
0.8105346579685778,0.0,0.0,0.00437029700948208,0.99,0.03947308866372484,0.014958761131134337,0.032622569066675745,0.02478318274309781,0.0007256884859894314,5,4,t4,4
0.8101515128749585,0.0,0.0,0.00541664218643841,0.99,0.03918939682564807,0.018601560752353804,0.04053723757125155,0.030758209513104526,0.0008954577550075449,5,4,final,5
0.0,0.0,0.0,0.0,0.8500000000000001,0.3061880763653587,0.0,0.0,0.0,0.0,50,4,t0,0
0.6961431385256877,-0.010000000000000009,0.01,0.020066192098795725,0.8400000000000001,0.3008032465365567,0.016319188330860757,0.028058609426160924,0.038667907047752095,0.0024323998597091667,50,4,t1,1
0.6922298066493426,0.010000000000000009,0.01,0.03809672388270038,0.8500000000000001,0.2961270723464143,0.031525479999896105,0.053348403849282265,0.07360734080032481,0.004418318369760421,50,4,t2,2
0.688379728830578,0.019999999999999907,0.02,0.054257066911231305,0.87,0.29203329335657285,0.045745913241976875,0.07615968219098189,0.10519734023205765,0.00604849574480798,50,4,t3,3
0.6846070313842214,0.030000000000000027,0.03,0.06869646050825604,0.89,0.2884193488753493,0.05909329398101494,0.09675311617653194,0.13377783642783292,0.007395494131118008,50,4,t4,4
0.6809244247881354,0.030000000000000027,0.03,0.08157247690893395,0.89,0.2852018720669598,0.07166760814497347,0.1153626037266923,0.15965350892878183,0.00851728759842929,50,4,final,5
0.0,0.0,0.0,0.0,0.98,0.09508784440818917,0.0,0.0,0.0,0.0,52,4,t0,0
0.780426162848585,0.0,0.0,0.0013148103187438666,0.98,0.09370995432557998,0.00832439348941614,0.016794296487064906,0.007877553704702691,0.0008362883717165787,52,4,t1,1
0.779596793663432,0.0,0.0,0.0026021181153416013,0.98,0.09236872590800094,0.016536788629427188,0.033318519541713984,0.015608819740894671,0.0016443562554878388,52,4,t2,2
0.7787795076604168,0.0,0.0,0.0038626980901228466,0.98,0.09106287149792922,0.024639581478427038,0.04958058826043248,0.02319831688258443,0.002425327620019624,52,4,t3,3
0.777974023611746,0.0,0.0,0.005097290357248359,0.98,0.08979116223060121,0.03263508641093083,0.0655880618716367,0.03065036560661456,0.0031802703706216018,52,4,t4,4
0.7771798966714143,0.0,0.0,0.006307466429124748,0.98,0.0885524245107456,0.04052554050846267,0.08134816096077227,0.037969098259167555,0.003910199905490408,52,4,final,5
0.0,0.0,0.0,0.0,0.97,0.07238563158846484,0.0,0.0,0.0,0.0,53,4,t0,0
0.5196575416750406,0.0,0.0,0.0011088728461472114,0.97,0.07141162427451678,0.006999497378702418,0.009038511538246771,0.006413738827415579,0.00026204314377431537,53,4,t1,1
0.5193523698311185,0.0,0.0,0.0021991259068135423,0.97,0.07046340978909671,0.013905423185407776,0.01796643085781981,0.012737314608819321,0.0005153108746883128,53,4,t2,2
0.5190561315931357,0.0,0.0,0.0032708658867186312,0.97,0.06954004930756269,0.020719954897791888,0.026786610502990596,0.018971944419224583,0.0007601841238758789,53,4,t3,3
0.5187687926825924,0.0,0.0,0.004323744869222461,0.98,0.06864064987082102,0.02744518949041413,0.03550180705938301,0.025118799113172167,0.0009970227660972275,53,4,t4,4
0.5184901828977688,0.0,0.0,0.00535819419458257,0.98,0.06776436090513109,0.03408314936826237,0.04411468890010277,0.031179022464116093,0.0012261673543055712,53,4,final,5
0.0,0.0,0.0,0.0,1.0,0.031324900504084124,0.0,0.0,0.0,0.0,6,4,t0,0
0.8235372254845518,0.0,0.0,0.0006924023417386946,1.0,0.03101980938551781,0.003896297415888979,0.009602509592000097,0.004898513481593015,0.00020392363788669654,6,4,t1,1
0.8228560243423017,0.0,0.0,0.0013702861712399463,1.0,0.030723366070397294,0.007736306924980772,0.019066436063209367,0.009708345761624016,0.00040070968541051216,6,4,t2,2
0.822179842061408,0.0,0.0,0.0020341065793982238,1.0,0.030435181621162145,0.011521747248316075,0.028396191326323615,0.014432201644624805,0.0005907033244348867,6,4,t3,3
0.8215091790043835,0.0,0.0,0.0026843011431149804,1.0,0.030154888539065124,0.015254271883061388,0.037596005437816514,0.019072683116794352,0.0007742300130903559,6,4,t4,4
0.8208441137740699,0.0,0.0,0.0033212906509918084,1.0,0.029882139474044812,0.018935471540965393,0.04666993469876617,0.0236322934535273,0.0009515967039752035,6,4,final,5
0.0,0.0,0.0,0.0,0.99,0.07691681860610684,0.0,0.0,0.0,0.0,7,4,t0,0
0.8408140444754637,0.0,0.0,0.007005119389108178,0.99,0.07495790878297469,0.009887229655434348,0.033093415999565064,0.033064427401504726,0.001334352317568413,7,4,t1,1
0.837380253229137,0.0,0.0,0.013471538943206938,0.99,0.07319127928651466,0.019269882291240957,0.0641036971165361,0.06384976919440842,0.0025049773740969256,7,4,t2,2
0.8339515370686226,0.0,0.0,0.01945011072191288,0.99,0.07158961276363791,0.028196079649743307,0.0932198864335301,0.09255544639018876,0.003536572087631945,7,4,t3,3
0.8305322760665907,0.0,0.0,0.02498560001919004,0.99,0.07013013206121071,0.03670831564975534,0.12060964189991612,0.11935878708396469,0.004449634738359853,7,4,t4,4
0.8271266089045637,0.0,0.0,0.03011760758864069,0.99,0.06879374511655037,0.044844251973798537,0.14642227678106587,0.14441814141781223,0.005261265692287825,7,4,final,5
0.0,0.0,0.0,0.0,0.72,0.7429416911747304,0.0,0.0,0.0,0.0,8,4,t0,0
0.902589462045641,-0.010000000000000009,0.05,0.17289116997530465,0.71,0.6322746441248996,0.07825062277779901,0.47435751400993953,0.5166178189190689,0.08648952003259214,8,4,t1,1
0.8995465565736164,0.010000000000000009,0.05,0.3239628277252767,0.73,0.5668968250652414,0.13877450316238613,0.8351335077075295,0.9062790256737772,0.13332402453285042,8,4,t2,2
0.8960835552235117,0.030000000000000027,0.11,0.44219980942956305,0.75,0.5303280540619861,0.18396480241246968,1.0974795918946967,1.1865768369358471,0.15597326787171417,8,4,t3,3
0.8921493661423495,0.020000000000000018,0.12,0.5283410225788397,0.75,0.5100950094947581,0.21704456267988392,1.2816135175383243,1.380330752843905,0.16580859295024086,8,4,t4,4
0.887731836604432,0.030000000000000027,0.13,0.5888662683756949,0.76,0.4984020821110805,0.24119879189947366,1.4074222981145574,1.509696922646941,0.1696504418844319,8,4,final,5
0.0,0.0,0.0,0.0,0.99,0.10575131047429652,0.0,0.0,0.0,0.0,9,4,t0,0
0.7126339324339925,0.0,0.0,0.0026358751509304268,0.99,0.10495048441576835,0.006214327022476566,0.011443547367555209,0.010443855957863948,0.0003849090681570938,9,4,t1,1
0.7097554869506432,0.0,0.0,0.005133764779265374,0.99,0.10418263863033221,0.012300083613483113,0.022463338033709018,0.020389757993172844,0.0007453335171519748,9,4,t2,2
0.7069228143763037,0.0,0.0,0.0075027163793079145,0.99,0.10344462805779502,0.018266534644734576,0.03308754687101233,0.029869441820566042,0.0010839052471139504,9,4,t3,3
0.7041390811495019,0.0,0.0,0.009751125575565078,0.99,0.10273368563812219,0.02412210322324828,0.04334228843686889,0.03891243951408354,0.0014029391994583723,9,4,t4,4
0.701406781406766,0.0,0.0,0.011886786914102774,0.99,0.10204737364175556,0.029874448439413153,0.053251773618970974,0.047546242507572584,0.0017044735027682834,9,4,final,5
