setting_id,layer,source_subject,class_label,method,independent_probe_BA,clean_accuracy,transported_accuracy,accuracy_change,true_log_probability_change,mean_perturbation_norm,pair_count,fold_count
OPENBMI_MI_EEGCONFORMER,final_embedding,1,0,no_transport,0.7762500000000001,0.715,0.715,0.0,5.840738520854084e-18,0.0,92,4
OPENBMI_MI_EEGCONFORMER,final_embedding,1,0,norm_matched_random,0.7762500000000001,0.715,0.7221739130434782,0.007173913043478281,-0.018212810204148108,0.6591016921709292,92,4
OPENBMI_MI_EEGCONFORMER,final_embedding,1,0,same_class_mixup,0.7762500000000001,0.715,0.9110869565217391,0.19608695652173908,0.278014572174333,4.214682767119638,92,4
OPENBMI_MI_EEGCONFORMER,final_embedding,1,0,scst,0.7762500000000001,0.715,0.7382608695652174,0.023260869565217383,0.026887757280398286,0.6591016921709292,92,4
OPENBMI_MI_EEGCONFORMER,final_embedding,1,0,unconditional_subject_transport,0.7762500000000001,0.715,0.732608695652174,0.01760869565217391,0.01908341300150637,0.625828330226516,92,4
OPENBMI_MI_EEGCONFORMER,final_embedding,1,1,no_transport,0.7762500000000001,0.93,0.93,0.0,-1.3274405729213828e-19,0.0,92,4
OPENBMI_MI_EEGCONFORMER,final_embedding,1,1,norm_matched_random,0.7762500000000001,0.93,0.9217391304347826,-0.008260869565217401,-0.011267375680033992,0.7929501220873076,92,4
OPENBMI_MI_EEGCONFORMER,final_embedding,1,1,same_class_mixup,0.7762500000000001,0.93,0.9856521739130434,0.05565217391304343,0.058624869982736014,4.040214295659143,92,4
OPENBMI_MI_EEGCONFORMER,final_embedding,1,1,scst,0.7762500000000001,0.93,0.9278260869565217,-0.0021739130434782618,-0.0011646378885696795,0.7929501220873076,92,4
OPENBMI_MI_EEGCONFORMER,final_embedding,1,1,unconditional_subject_transport,0.7762500000000001,0.93,0.9289130434782608,-0.0010869565217391304,-0.004482763444358417,0.7246433002861055,92,4
OPENBMI_MI_EEGCONFORMER,final_embedding,2,0,no_transport,0.75375,0.8799999999999999,0.8799999999999999,0.0,-9.955804296910374e-18,0.0,46,2
OPENBMI_MI_EEGCONFORMER,final_embedding,2,0,norm_matched_random,0.75375,0.8799999999999999,0.8573913043478261,-0.022608695652173903,-0.017004238393017724,0.9398989947864628,46,2
OPENBMI_MI_EEGCONFORMER,final_embedding,2,0,same_class_mixup,0.75375,0.8799999999999999,0.972608695652174,0.09260869565217383,0.058142049910626416,3.6671320920472668,46,2
OPENBMI_MI_EEGCONFORMER,final_embedding,2,0,scst,0.75375,0.8799999999999999,0.8804347826086957,0.0004347826086956521,0.0034786441930813004,0.9398989947864628,46,2
OPENBMI_MI_EEGCONFORMER,final_embedding,2,0,unconditional_subject_transport,0.75375,0.8799999999999999,0.8782608695652173,-0.0017391304347826088,-0.0031598745768321736,0.9198502748558838,46,2
OPENBMI_MI_EEGCONFORMER,final_embedding,2,1,no_transport,0.75375,0.7899999999999999,0.7899999999999999,0.0,1.5929286875056591e-18,0.0,46,2
OPENBMI_MI_EEGCONFORMER,final_embedding,2,1,norm_matched_random,0.75375,0.7899999999999999,0.7830434782608696,-0.006956521739130426,-0.010244380407756826,0.9805740488028427,46,2
OPENBMI_MI_EEGCONFORMER,final_embedding,2,1,same_class_mixup,0.75375,0.7899999999999999,0.97,0.18,0.19197179540449022,3.872307743235038,46,2
OPENBMI_MI_EEGCONFORMER,final_embedding,2,1,scst,0.75375,0.7899999999999999,0.8047826086956522,0.014782608695652183,0.011468260461176044,0.9805740488028426,46,2
OPENBMI_MI_EEGCONFORMER,final_embedding,2,1,unconditional_subject_transport,0.75375,0.7899999999999999,0.7995652173913044,0.009565217391304353,0.005295515448503677,0.8762505209788245,46,2
OPENBMI_MI_EEGCONFORMER,final_embedding,3,0,no_transport,0.7687499999999999,0.9733333333333333,0.9733333333333333,0.0,-8.849603819475906e-20,0.0,69,3
OPENBMI_MI_EEGCONFORMER,final_embedding,3,0,norm_matched_random,0.7687499999999999,0.9733333333333333,0.9689855072463768,-0.004347826086956522,-0.005220530023696957,0.8464585985751398,69,3
OPENBMI_MI_EEGCONFORMER,final_embedding,3,0,same_class_mixup,0.7687499999999999,0.9733333333333333,0.986376811594203,0.013043478260869566,-0.02747750198388116,4.265715486679446,69,3
OPENBMI_MI_EEGCONFORMER,final_embedding,3,0,scst,0.7687499999999999,0.9733333333333333,0.9710144927536232,-0.002318840579710145,-0.0058155679269111145,0.8464585985751398,69,3
OPENBMI_MI_EEGCONFORMER,final_embedding,3,0,unconditional_subject_transport,0.7687499999999999,0.9733333333333333,0.9733333333333333,0.0,-0.0017526524808750231,0.8197374931718753,69,3
OPENBMI_MI_EEGCONFORMER,final_embedding,3,1,no_transport,0.7687499999999999,0.9733333333333333,0.9733333333333333,0.0,-1.504432649310901e-18,0.0,69,3
OPENBMI_MI_EEGCONFORMER,final_embedding,3,1,norm_matched_random,0.7687499999999999,0.9733333333333333,0.9733333333333333,0.0,-0.002748867985099958,0.7873135098793708,69,3
OPENBMI_MI_EEGCONFORMER,final_embedding,3,1,same_class_mixup,0.7687499999999999,0.9733333333333333,0.9846376811594203,0.011304347826086957,0.02898868267007025,4.338722507274384,69,3
OPENBMI_MI_EEGCONFORMER,final_embedding,3,1,scst,0.7687499999999999,0.9733333333333333,0.9733333333333333,0.0,-0.0011432509111466258,0.7873135098793708,69,3
OPENBMI_MI_EEGCONFORMER,final_embedding,3,1,unconditional_subject_transport,0.7687499999999999,0.9733333333333333,0.9733333333333333,0.0,0.0003849795064773411,0.7085112971520361,69,3
OPENBMI_MI_EEGCONFORMER,final_embedding,5,0,no_transport,0.7762500000000001,0.8700000000000001,0.8700000000000001,0.0,1.327440572921383e-19,0.0,92,4
OPENBMI_MI_EEGCONFORMER,final_embedding,5,0,norm_matched_random,0.7762500000000001,0.8700000000000001,0.8743478260869565,0.004347826086956497,0.002315454745766657,0.6806181355550048,92,4
OPENBMI_MI_EEGCONFORMER,final_embedding,5,0,same_class_mixup,0.7762500000000001,0.8700000000000001,0.9693478260869565,0.09934782608695643,0.08545270291483517,4.1687326349929785,92,4
OPENBMI_MI_EEGCONFORMER,final_embedding,5,0,scst,0.7762500000000001,0.8700000000000001,0.8667391304347826,-0.0032608695652173946,-0.013144450489367313,0.6806181355550048,92,4
OPENBMI_MI_EEGCONFORMER,final_embedding,5,0,unconditional_subject_transport,0.7762500000000001,0.8700000000000001,0.875,0.004999999999999984,-0.00209934691656166,0.6825028965735223,92,4
OPENBMI_MI_EEGCONFORMER,final_embedding,5,1,no_transport,0.7762500000000001,0.93,0.93,0.0,1.6593007161517288e-18,0.0,92,4
OPENBMI_MI_EEGCONFORMER,final_embedding,5,1,norm_matched_random,0.7762500000000001,0.93,0.9167391304347826,-0.013260869565217383,-0.022851557088349232,0.693966005779038,92,4
OPENBMI_MI_EEGCONFORMER,final_embedding,5,1,same_class_mixup,0.7762500000000001,0.93,0.9832608695652173,0.05326086956521737,0.08254318470989966,4.460252085285072,92,4
OPENBMI_MI_EEGCONFORMER,final_embedding,5,1,scst,0.7762500000000001,0.93,0.93,0.0,-0.005911127338653106,0.693966005779038,92,4
OPENBMI_MI_EEGCONFORMER,final_embedding,5,1,unconditional_subject_transport,0.7762500000000001,0.93,0.93,0.0,0.000515058198476252,0.5858321296362761,92,4
OPENBMI_MI_EEGCONFORMER,final_embedding,6,0,no_transport,0.7904166666666667,0.9533333333333334,0.9533333333333334,0.0,4.3363058715431836e-18,0.0,69,3
OPENBMI_MI_EEGCONFORMER,final_embedding,6,0,norm_matched_random,0.7904166666666667,0.9533333333333334,0.9428985507246377,-0.010434782608695651,-0.007999320775304667,0.8475525492241236,69,3
OPENBMI_MI_EEGCONFORMER,final_embedding,6,0,same_class_mixup,0.7904166666666667,0.9533333333333334,0.976231884057971,0.022898550724637663,0.03527194350787721,3.8794646476091295,69,3
OPENBMI_MI_EEGCONFORMER,final_embedding,6,0,scst,0.7904166666666667,0.9533333333333334,0.9504347826086956,-0.002898550724637681,-0.013562815236993975,0.8475525492241236,69,3
OPENBMI_MI_EEGCONFORMER,final_embedding,6,0,unconditional_subject_transport,0.7904166666666667,0.9533333333333334,0.9527536231884057,-0.0005797101449275362,-0.0023287085057938205,0.751905926665379,69,3
OPENBMI_MI_EEGCONFORMER,final_embedding,6,1,no_transport,0.7904166666666667,0.9866666666666667,0.9866666666666667,0.0,0.0,0.0,69,3
OPENBMI_MI_EEGCONFORMER,final_embedding,6,1,norm_matched_random,0.7904166666666667,0.9866666666666667,0.9843478260869566,-0.0023188405797101436,-0.005480210027709588,0.8649629013865899,69,3
OPENBMI_MI_EEGCONFORMER,final_embedding,6,1,same_class_mixup,0.7904166666666667,0.9866666666666667,0.9991304347826087,0.012463768115942029,0.001096508935093102,3.8539057083971233,69,3
OPENBMI_MI_EEGCONFORMER,final_embedding,6,1,scst,0.7904166666666667,0.9866666666666667,0.9866666666666667,0.0,-0.006513019789176015,0.8649629013865899,69,3
OPENBMI_MI_EEGCONFORMER,final_embedding,6,1,unconditional_subject_transport,0.7904166666666667,0.9866666666666667,0.9866666666666667,0.0,0.0008547636687028725,0.7513409406334046,69,3
OPENBMI_MI_EEGCONFORMER,final_embedding,7,0,no_transport,0.7762500000000001,0.8699999999999999,0.8699999999999999,0.0,9.955804296910373e-19,0.0,92,4
OPENBMI_MI_EEGCONFORMER,final_embedding,7,0,norm_matched_random,0.7762500000000001,0.8699999999999999,0.8532608695652174,-0.01673913043478259,-0.004696755073492494,0.8590969612264538,92,4
OPENBMI_MI_EEGCONFORMER,final_embedding,7,0,same_class_mixup,0.7762500000000001,0.8699999999999999,0.9697826086956521,0.09978260869565217,0.08898454049305986,4.030971475628999,92,4
OPENBMI_MI_EEGCONFORMER,final_embedding,7,0,scst,0.7762500000000001,0.8699999999999999,0.8684782608695651,-0.0015217391304347774,0.0006201559168186237,0.8590969612264538,92,4
OPENBMI_MI_EEGCONFORMER,final_embedding,7,0,unconditional_subject_transport,0.7762500000000001,0.8699999999999999,0.8717391304347827,0.001739130434782611,0.0032273266001389043,0.8144664858045014,92,4
OPENBMI_MI_EEGCONFORMER,final_embedding,7,1,no_transport,0.7762500000000001,0.93,0.93,0.0,-4.380553890640564e-18,0.0,92,4
OPENBMI_MI_EEGCONFORMER,final_embedding,7,1,norm_matched_random,0.7762500000000001,0.93,0.9228260869565218,-0.00717391304347826,-0.009450809927748383,0.6235060861351687,92,4
OPENBMI_MI_EEGCONFORMER,final_embedding,7,1,same_class_mixup,0.7762500000000001,0.93,0.9771739130434783,0.04717391304347822,0.09158761916038392,4.460784636840745,92,4
OPENBMI_MI_EEGCONFORMER,final_embedding,7,1,scst,0.7762500000000001,0.93,0.9289130434782608,-0.0010869565217391304,-0.002236826464567376,0.6235060861351687,92,4
OPENBMI_MI_EEGCONFORMER,final_embedding,7,1,unconditional_subject_transport,0.7762500000000001,0.93,0.9295652173913043,-0.0004347826086956522,-0.0008443455243733115,0.57720104302232,92,4
OPENBMI_MI_EEGCONFORMER,final_embedding,8,0,no_transport,0.7829166666666667,0.6533333333333333,0.6533333333333333,0.0,8.849603819475887e-19,0.0,69,3
OPENBMI_MI_EEGCONFORMER,final_embedding,8,0,norm_matched_random,0.7829166666666667,0.6533333333333333,0.6272463768115942,-0.026086956521739108,-0.02666204533064084,1.1471453508001341,69,3
OPENBMI_MI_EEGCONFORMER,final_embedding,8,0,same_class_mixup,0.7829166666666667,0.6533333333333333,0.8797101449275362,0.2263768115942029,0.39885968396342725,4.199612439430257,69,3
OPENBMI_MI_EEGCONFORMER,final_embedding,8,0,scst,0.7829166666666667,0.6533333333333333,0.6817391304347826,0.028405797101449276,0.06265436477036034,1.1471453508001341,69,3
OPENBMI_MI_EEGCONFORMER,final_embedding,8,0,unconditional_subject_transport,0.7829166666666667,0.6533333333333333,0.6718840579710145,0.018550724637681155,0.04764385957740981,1.0676528914112227,69,3
OPENBMI_MI_EEGCONFORMER,final_embedding,8,1,no_transport,0.7829166666666667,0.9533333333333334,0.9533333333333334,0.0,-2.6548811458427653e-18,0.0,69,3
OPENBMI_MI_EEGCONFORMER,final_embedding,8,1,norm_matched_random,0.7829166666666667,0.9533333333333334,0.9486956521739129,-0.004637681159420289,-0.0038679774791136987,0.869127386211629,69,3
OPENBMI_MI_EEGCONFORMER,final_embedding,8,1,same_class_mixup,0.7829166666666667,0.9533333333333334,0.9930434782608695,0.0397101449275362,0.06115221762785743,4.302372901722444,69,3
OPENBMI_MI_EEGCONFORMER,final_embedding,8,1,scst,0.7829166666666667,0.9533333333333334,0.9466666666666665,-0.006666666666666667,-0.008880121803571197,0.869127386211629,69,3
OPENBMI_MI_EEGCONFORMER,final_embedding,8,1,unconditional_subject_transport,0.7829166666666667,0.9533333333333334,0.9463768115942028,-0.006956521739130434,-0.012050454304925929,0.8503647702610166,69,3
OPENBMI_MI_EEGCONFORMER,final_embedding,9,0,no_transport,0.7706249999999999,0.78,0.78,0.0,4.0486937474102184e-18,0.0,92,4
OPENBMI_MI_EEGCONFORMER,final_embedding,9,0,norm_matched_random,0.7706249999999999,0.78,0.7497826086956522,-0.030217391304347817,-0.023807544777543037,1.0393149725025759,92,4
OPENBMI_MI_EEGCONFORMER,final_embedding,9,0,same_class_mixup,0.7706249999999999,0.78,0.9430434782608696,0.16304347826086954,0.2510597894334924,3.6656610615813543,92,4
OPENBMI_MI_EEGCONFORMER,final_embedding,9,0,scst,0.7706249999999999,0.78,0.8063043478260871,0.026304347826086955,0.03360945007895034,1.0393149725025759,92,4
OPENBMI_MI_EEGCONFORMER,final_embedding,9,0,unconditional_subject_transport,0.7706249999999999,0.78,0.7989130434782609,0.01891304347826087,0.023804090369506613,1.0049771605946742,92,4
OPENBMI_MI_EEGCONFORMER,final_embedding,9,1,no_transport,0.7706249999999999,0.875,0.875,0.0,-1.8916028164129707e-18,0.0,92,4
OPENBMI_MI_EEGCONFORMER,final_embedding,9,1,norm_matched_random,0.7706249999999999,0.875,0.8673913043478261,-0.007608695652173919,-0.0019979532101875026,1.0815250449219789,92,4
OPENBMI_MI_EEGCONFORMER,final_embedding,9,1,same_class_mixup,0.7706249999999999,0.875,0.9880434782608696,0.11304347826086955,0.11157719398008296,3.773268256002566,92,4
OPENBMI_MI_EEGCONFORMER,final_embedding,9,1,scst,0.7706249999999999,0.875,0.8806521739130434,0.005652173913043459,0.006497165922856379,1.0815250449219789,92,4
OPENBMI_MI_EEGCONFORMER,final_embedding,9,1,unconditional_subject_transport,0.7706249999999999,0.875,0.8791304347826087,0.00413043478260868,0.002007319444076184,0.9914621720131774,92,4
OPENBMI_MI_EEGCONFORMER,final_embedding,10,0,no_transport,0.7554166666666667,0.78,0.78,0.0,-8.849603819475886e-20,0.0,69,3
OPENBMI_MI_EEGCONFORMER,final_embedding,10,0,norm_matched_random,0.7554166666666667,0.78,0.7423188405797101,-0.03768115942028984,-0.031986914005346034,1.3050286639126352,69,3
OPENBMI_MI_EEGCONFORMER,final_embedding,10,0,same_class_mixup,0.7554166666666667,0.78,0.9449275362318841,0.16492753623188405,0.17812350080474862,4.167307758998546,69,3
OPENBMI_MI_EEGCONFORMER,final_embedding,10,0,scst,0.7554166666666667,0.78,0.8014492753623188,0.021449275362318842,0.03300363032257572,1.3050286639126352,69,3
OPENBMI_MI_EEGCONFORMER,final_embedding,10,0,unconditional_subject_transport,0.7554166666666667,0.78,0.7915942028985506,0.011594202898550728,0.01862733225063367,1.2610105586516986,69,3
OPENBMI_MI_EEGCONFORMER,final_embedding,10,1,no_transport,0.7554166666666667,0.86,0.86,0.0,4.247809833348425e-18,0.0,69,3
OPENBMI_MI_EEGCONFORMER,final_embedding,10,1,norm_matched_random,0.7554166666666667,0.86,0.8136231884057971,-0.046376811594202885,-0.05438903189296683,1.2285964409041152,69,3
OPENBMI_MI_EEGCONFORMER,final_embedding,10,1,same_class_mixup,0.7554166666666667,0.86,0.9875362318840579,0.1275362318840579,0.16404392490040529,4.3292961195864725,69,3
OPENBMI_MI_EEGCONFORMER,final_embedding,10,1,scst,0.7554166666666667,0.86,0.8643478260869565,0.004347826086956524,0.004184303716850627,1.2285964409041152,69,3
OPENBMI_MI_EEGCONFORMER,final_embedding,10,1,unconditional_subject_transport,0.7554166666666667,0.86,0.8591304347826088,-0.0008695652173912941,-0.005764118828818681,1.1231274703510752,69,3
OPENBMI_MI_EEGCONFORMER,final_embedding,11,0,no_transport,0.79875,0.75,0.75,0.0,-2.1239049166742124e-18,0.0,46,2
OPENBMI_MI_EEGCONFORMER,final_embedding,11,0,norm_matched_random,0.79875,0.75,0.7913043478260869,0.04130434782608693,0.017229167215212095,0.9093310325161492,46,2
OPENBMI_MI_EEGCONFORMER,final_embedding,11,0,same_class_mixup,0.79875,0.75,0.9391304347826087,0.18913043478260863,0.1681517440391203,4.174204298689249,46,2
OPENBMI_MI_EEGCONFORMER,final_embedding,11,0,scst,0.79875,0.75,0.831304347826087,0.0813043478260869,0.05524396995715315,0.9093310325161492,46,2
OPENBMI_MI_EEGCONFORMER,final_embedding,11,0,unconditional_subject_transport,0.79875,0.75,0.7630434782608696,0.01304347826086954,-0.0016770788122746625,0.8534064948127381,46,2
OPENBMI_MI_EEGCONFORMER,final_embedding,11,1,no_transport,0.79875,0.71,0.71,0.0,-2.1239049166742124e-18,0.0,46,2
OPENBMI_MI_EEGCONFORMER,final_embedding,11,1,norm_matched_random,0.79875,0.71,0.688695652173913,-0.02130434782608693,0.005773646644703337,0.9572039218184549,46,2
OPENBMI_MI_EEGCONFORMER,final_embedding,11,1,same_class_mixup,0.79875,0.71,0.8978260869565217,0.18782608695652175,0.42970879874774537,4.474730345281636,46,2
OPENBMI_MI_EEGCONFORMER,final_embedding,11,1,scst,0.79875,0.71,0.7291304347826086,0.0191304347826087,0.04244471127920554,0.9572039218184549,46,2
OPENBMI_MI_EEGCONFORMER,final_embedding,11,1,unconditional_subject_transport,0.79875,0.71,0.7082608695652174,-0.001739130434782591,0.0023570773783467454,0.8492595452075136,46,2
OPENBMI_MI_EEGCONFORMER,final_embedding,14,0,no_transport,0.76,0.77,0.77,0.0,1.858416802089936e-18,0.0,92,4
OPENBMI_MI_EEGCONFORMER,final_embedding,14,0,norm_matched_random,0.76,0.77,0.7491304347826088,-0.020869565217391296,-0.028772007408612226,0.8049001803129031,92,4
OPENBMI_MI_EEGCONFORMER,final_embedding,14,0,same_class_mixup,0.76,0.77,0.9356521739130435,0.16565217391304343,0.17190092701619375,3.8946121393518105,92,4
OPENBMI_MI_EEGCONFORMER,final_embedding,14,0,scst,0.76,0.77,0.7928260869565217,0.022826086956521725,0.03443875292768123,0.8049001803129032,92,4
OPENBMI_MI_EEGCONFORMER,final_embedding,14,0,unconditional_subject_transport,0.76,0.77,0.773695652173913,0.003695652173913032,0.007911311298045566,0.7750767139440056,92,4
OPENBMI_MI_EEGCONFORMER,final_embedding,14,1,no_transport,0.76,0.865,0.865,0.0,-1.3274405729213832e-18,0.0,92,4
OPENBMI_MI_EEGCONFORMER,final_embedding,14,1,norm_matched_random,0.76,0.865,0.8341304347826086,-0.030869565217391294,-0.021852333443504842,0.9455136100216859,92,4
OPENBMI_MI_EEGCONFORMER,final_embedding,14,1,same_class_mixup,0.76,0.865,0.9804347826086957,0.11543478260869562,0.1456993440297796,3.98645630036335,92,4
OPENBMI_MI_EEGCONFORMER,final_embedding,14,1,scst,0.76,0.865,0.8686956521739131,0.0036956521739130426,0.02503041236645277,0.9455136100216859,92,4
OPENBMI_MI_EEGCONFORMER,final_embedding,14,1,unconditional_subject_transport,0.76,0.865,0.8660869565217391,0.0010869565217391304,0.005220330960629254,0.8519134281163174,92,4
OPENBMI_MI_EEGCONFORMER,final_embedding,15,0,no_transport,0.7625,0.8899999999999999,0.8899999999999999,0.0,-2.6548811458427665e-18,0.0,46,2
OPENBMI_MI_EEGCONFORMER,final_embedding,15,0,norm_matched_random,0.7625,0.8899999999999999,0.8813043478260869,-0.008695652173913042,-0.0066899456822831745,0.6302176908145274,46,2
OPENBMI_MI_EEGCONFORMER,final_embedding,15,0,same_class_mixup,0.7625,0.8899999999999999,0.937391304347826,0.04739130434782602,0.09617151580182536,4.298619223936881,46,2
OPENBMI_MI_EEGCONFORMER,final_embedding,15,0,scst,0.7625,0.8899999999999999,0.8895652173913043,-0.0004347826086956522,-0.01967689156772518,0.6302176908145275,46,2
OPENBMI_MI_EEGCONFORMER,final_embedding,15,0,unconditional_subject_transport,0.7625,0.8899999999999999,0.8899999999999999,0.0,0.004249432357442924,0.5761205064285123,46,2
OPENBMI_MI_EEGCONFORMER,final_embedding,15,1,no_transport,0.7625,0.97,0.97,0.0,-1.0619524583371058e-18,0.0,46,2
OPENBMI_MI_EEGCONFORMER,final_embedding,15,1,norm_matched_random,0.7625,0.97,0.9665217391304348,-0.0034782608695652023,-0.0008403957707518477,0.8036292476755792,46,2
OPENBMI_MI_EEGCONFORMER,final_embedding,15,1,same_class_mixup,0.7625,0.97,1.0,0.03,0.020840880415833884,3.969802102860985,46,2
OPENBMI_MI_EEGCONFORMER,final_embedding,15,1,scst,0.7625,0.97,0.9634782608695652,-0.0065217391304347545,-0.015528362640545771,0.8036292476755792,46,2
OPENBMI_MI_EEGCONFORMER,final_embedding,15,1,unconditional_subject_transport,0.7625,0.97,0.9695652173913044,-0.0004347826086956522,-0.0023115778856411633,0.6709336212057141,46,2
OPENBMI_MI_EEGCONFORMER,final_embedding,16,0,no_transport,0.7670833333333333,0.9866666666666667,0.9866666666666667,0.0,-7.079683055580708e-19,0.0,69,3
OPENBMI_MI_EEGCONFORMER,final_embedding,16,0,norm_matched_random,0.7670833333333333,0.9866666666666667,0.9831884057971015,-0.003478260869565213,-0.01882449629460018,0.6908984122427402,69,3
OPENBMI_MI_EEGCONFORMER,final_embedding,16,0,same_class_mixup,0.7670833333333333,0.9866666666666667,0.9997101449275363,0.013043478260869566,-0.0198588759202971,4.159486151212529,69,3
OPENBMI_MI_EEGCONFORMER,final_embedding,16,0,scst,0.7670833333333333,0.9866666666666667,0.9921739130434781,0.0055072463768115944,0.006124474816152115,0.6908984122427402,69,3
OPENBMI_MI_EEGCONFORMER,final_embedding,16,0,unconditional_subject_transport,0.7670833333333333,0.9866666666666667,0.9904347826086957,0.0037681159420289855,0.0007926901261577973,0.6524239199912696,69,3
OPENBMI_MI_EEGCONFORMER,final_embedding,16,1,no_transport,0.7670833333333333,0.9733333333333333,0.9733333333333333,0.0,0.0,0.0,69,3
OPENBMI_MI_EEGCONFORMER,final_embedding,16,1,norm_matched_random,0.7670833333333333,0.9733333333333333,0.9672463768115941,-0.006086956521739126,-0.005525427784031715,1.0240932718977782,69,3
OPENBMI_MI_EEGCONFORMER,final_embedding,16,1,same_class_mixup,0.7670833333333333,0.9733333333333333,0.9910144927536231,0.017681159420289857,0.017191597988467977,4.2262355594828005,69,3
OPENBMI_MI_EEGCONFORMER,final_embedding,16,1,scst,0.7670833333333333,0.9733333333333333,0.9742028985507246,0.0008695652173913043,0.007729856276610321,1.0240932718977782,69,3
OPENBMI_MI_EEGCONFORMER,final_embedding,16,1,unconditional_subject_transport,0.7670833333333333,0.9733333333333333,0.973623188405797,0.0002898550724637681,5.798332907649102e-05,0.9816900086254579,69,3
OPENBMI_MI_EEGCONFORMER,final_embedding,19,0,no_transport,0.7337499999999999,0.8600000000000001,0.8600000000000001,0.0,-2.6548811458427665e-18,0.0,23,1
OPENBMI_MI_EEGCONFORMER,final_embedding,19,0,norm_matched_random,0.7337499999999999,0.8600000000000001,0.8582608695652173,-0.0017391304347826049,0.012101211404309111,1.1043234221982043,23,1
OPENBMI_MI_EEGCONFORMER,final_embedding,19,0,same_class_mixup,0.7337499999999999,0.8600000000000001,0.9782608695652174,0.11826086956521738,0.0789252435220068,3.424554073539112,23,1
OPENBMI_MI_EEGCONFORMER,final_embedding,19,0,scst,0.7337499999999999,0.8600000000000001,0.8573913043478261,-0.002608695652173913,-0.022503258729532273,1.1043234221982043,23,1
OPENBMI_MI_EEGCONFORMER,final_embedding,19,0,unconditional_subject_transport,0.7337499999999999,0.8600000000000001,0.8600000000000001,0.0,-0.009741121387274836,1.0871898902976642,23,1
OPENBMI_MI_EEGCONFORMER,final_embedding,19,1,no_transport,0.7337499999999999,0.8799999999999999,0.8799999999999999,0.0,-2.389393031258489e-18,0.0,23,1
OPENBMI_MI_EEGCONFORMER,final_embedding,19,1,norm_matched_random,0.7337499999999999,0.8799999999999999,0.8634782608695651,-0.0165217391304348,-0.0232365663826488,1.19534180085349,23,1
OPENBMI_MI_EEGCONFORMER,final_embedding,19,1,same_class_mixup,0.7337499999999999,0.8799999999999999,0.988695652173913,0.108695652173913,0.07683804394017478,3.6465779960237383,23,1
OPENBMI_MI_EEGCONFORMER,final_embedding,19,1,scst,0.7337499999999999,0.8799999999999999,0.8834782608695653,0.003478260869565218,-0.0028861459863746565,1.1953418008534897,23,1
OPENBMI_MI_EEGCONFORMER,final_embedding,19,1,unconditional_subject_transport,0.7337499999999999,0.8799999999999999,0.8939130434782608,0.01391304347826087,0.006024546190907569,1.062974497072659,23,1
OPENBMI_MI_EEGCONFORMER,final_embedding,20,0,no_transport,0.7745833333333333,0.9066666666666667,0.9066666666666667,0.0,5.5752504062698085e-18,0.0,69,3
OPENBMI_MI_EEGCONFORMER,final_embedding,20,0,norm_matched_random,0.7745833333333333,0.9066666666666667,0.9023188405797101,-0.00434782608695652,-0.010925631022321617,0.6611650469734495,69,3
OPENBMI_MI_EEGCONFORMER,final_embedding,20,0,same_class_mixup,0.7745833333333333,0.9066666666666667,0.9794202898550725,0.07275362318840578,0.038164364233747645,3.960948493114112,69,3
OPENBMI_MI_EEGCONFORMER,final_embedding,20,0,scst,0.7745833333333333,0.9066666666666667,0.9078260869565218,0.0011594202898550724,0.0012186981236160899,0.6611650469734495,69,3
OPENBMI_MI_EEGCONFORMER,final_embedding,20,0,unconditional_subject_transport,0.7745833333333333,0.9066666666666667,0.9072463768115943,0.0005797101449275362,0.0016698089919796185,0.622523377382118,69,3
OPENBMI_MI_EEGCONFORMER,final_embedding,20,1,no_transport,0.7745833333333333,0.9266666666666666,0.9266666666666666,0.0,-4.60179398612746e-18,0.0,69,3
OPENBMI_MI_EEGCONFORMER,final_embedding,20,1,norm_matched_random,0.7745833333333333,0.9266666666666666,0.9205797101449276,-0.00608695652173913,-0.009909075663108138,0.707497054177131,69,3
OPENBMI_MI_EEGCONFORMER,final_embedding,20,1,same_class_mixup,0.7745833333333333,0.9266666666666666,0.9779710144927537,0.051304347826086893,0.07427795850859527,3.916869993127514,69,3
OPENBMI_MI_EEGCONFORMER,final_embedding,20,1,scst,0.7745833333333333,0.9266666666666666,0.9263768115942029,-0.0002898550724637681,0.00013657410396403696,0.707497054177131,69,3
OPENBMI_MI_EEGCONFORMER,final_embedding,20,1,unconditional_subject_transport,0.7745833333333333,0.9266666666666666,0.9266666666666666,0.0,0.00023029388188765005,0.6628678539020207,69,3
OPENBMI_MI_EEGCONFORMER,final_embedding,21,0,no_transport,0.7554166666666667,1.0,1.0,0.0,-2.2124009548689716e-18,0.0,69,3
OPENBMI_MI_EEGCONFORMER,final_embedding,21,0,norm_matched_random,0.7554166666666667,1.0,0.9956521739130435,-0.00434782608695652,-0.026260868193712622,1.590931610691015,69,3
OPENBMI_MI_EEGCONFORMER,final_embedding,21,0,same_class_mixup,0.7554166666666667,1.0,1.0,0.0,-0.05611989791074423,3.533129116111032,69,3
OPENBMI_MI_EEGCONFORMER,final_embedding,21,0,scst,0.7554166666666667,1.0,1.0,0.0,-0.023690007888449736,1.590931610691015,69,3
OPENBMI_MI_EEGCONFORMER,final_embedding,21,0,unconditional_subject_transport,0.7554166666666667,1.0,1.0,0.0,-0.0034657081053855836,1.5279532712273194,69,3
OPENBMI_MI_EEGCONFORMER,final_embedding,21,1,no_transport,0.7554166666666667,0.9866666666666667,0.9866666666666667,0.0,3.89382568056939e-18,0.0,69,3
OPENBMI_MI_EEGCONFORMER,final_embedding,21,1,norm_matched_random,0.7554166666666667,0.9866666666666667,0.9797101449275362,-0.006956521739130429,-0.02548386981310007,1.6992472048103628,69,3
OPENBMI_MI_EEGCONFORMER,final_embedding,21,1,same_class_mixup,0.7554166666666667,0.9866666666666667,0.997391304347826,0.010724637681159421,-0.013407619252615388,4.007351035688673,69,3
OPENBMI_MI_EEGCONFORMER,final_embedding,21,1,scst,0.7554166666666667,0.9866666666666667,0.9852173913043479,-0.0014492753623188406,-0.010681048149117248,1.6992472048103626,69,3
OPENBMI_MI_EEGCONFORMER,final_embedding,21,1,unconditional_subject_transport,0.7554166666666667,0.9866666666666667,0.9866666666666667,0.0,0.0018961477581712618,1.4345372787453456,69,3
OPENBMI_MI_EEGCONFORMER,final_embedding,22,0,no_transport,0.7829166666666667,0.7466666666666667,0.7466666666666667,0.0,1.2743429500045276e-17,0.0,69,3
OPENBMI_MI_EEGCONFORMER,final_embedding,22,0,norm_matched_random,0.7829166666666667,0.7466666666666667,0.7260869565217392,-0.020579710144927522,-0.02313975004087563,0.7054953661729094,69,3
OPENBMI_MI_EEGCONFORMER,final_embedding,22,0,same_class_mixup,0.7829166666666667,0.7466666666666667,0.8944927536231884,0.1478260869565217,0.2972502827253987,4.408579183404211,69,3
OPENBMI_MI_EEGCONFORMER,final_embedding,22,0,scst,0.7829166666666667,0.7466666666666667,0.7495652173913043,0.002898550724637681,0.007417728948480155,0.7054953661729094,69,3
OPENBMI_MI_EEGCONFORMER,final_embedding,22,0,unconditional_subject_transport,0.7829166666666667,0.7466666666666667,0.7460869565217391,-0.0005797101449275362,0.004075670702517044,0.691351304968143,69,3
OPENBMI_MI_EEGCONFORMER,final_embedding,22,1,no_transport,0.7829166666666667,0.9,0.9,0.0,-2.3451450121611097e-18,0.0,69,3
OPENBMI_MI_EEGCONFORMER,final_embedding,22,1,norm_matched_random,0.7829166666666667,0.9,0.8973913043478261,-0.0026086956521739085,-0.007475428242782832,0.4868413258854933,69,3
OPENBMI_MI_EEGCONFORMER,final_embedding,22,1,same_class_mixup,0.7829166666666667,0.9,0.9802898550724638,0.08028985507246376,0.11072705729967786,4.545013533299477,69,3
OPENBMI_MI_EEGCONFORMER,final_embedding,22,1,scst,0.7829166666666667,0.9,0.9,0.0,-0.0018433472696533098,0.4868413258854933,69,3
OPENBMI_MI_EEGCONFORMER,final_embedding,22,1,unconditional_subject_transport,0.7829166666666667,0.9,0.9,0.0,-0.003522657353920395,0.45921333906474027,69,3
OPENBMI_MI_EEGCONFORMER,final_embedding,23,0,no_transport,0.7762500000000001,0.675,0.675,0.0,1.7256727447977978e-18,0.0,92,4
OPENBMI_MI_EEGCONFORMER,final_embedding,23,0,norm_matched_random,0.7762500000000001,0.675,0.6639130434782609,-0.011086956521739145,-0.006065262653514175,0.9808440878395686,92,4
OPENBMI_MI_EEGCONFORMER,final_embedding,23,0,same_class_mixup,0.7762500000000001,0.675,0.9330434782608696,0.2580434782608695,0.3175195272659893,3.817935564717721,92,4
OPENBMI_MI_EEGCONFORMER,final_embedding,23,0,scst,0.7762500000000001,0.675,0.691304347826087,0.016304347826086946,0.031087862014125858,0.9808440878395686,92,4
OPENBMI_MI_EEGCONFORMER,final_embedding,23,0,unconditional_subject_transport,0.7762500000000001,0.675,0.6782608695652174,0.0032608695652173833,0.01955165787053865,0.9174099802635839,92,4
OPENBMI_MI_EEGCONFORMER,final_embedding,23,1,no_transport,0.7762500000000001,0.96,0.96,0.0,3.318601432303442e-20,0.0,92,4
OPENBMI_MI_EEGCONFORMER,final_embedding,23,1,norm_matched_random,0.7762500000000001,0.96,0.9536956521739129,-0.006304347826086968,-0.004881371347044675,1.189711442861269,92,4
OPENBMI_MI_EEGCONFORMER,final_embedding,23,1,same_class_mixup,0.7762500000000001,0.96,0.9954347826086957,0.03543478260869563,0.023092495857635068,3.634464357548767,92,4
OPENBMI_MI_EEGCONFORMER,final_embedding,23,1,scst,0.7762500000000001,0.96,0.9610869565217391,0.0010869565217391294,-0.0038390404870076063,1.189711442861269,92,4
OPENBMI_MI_EEGCONFORMER,final_embedding,23,1,unconditional_subject_transport,0.7762500000000001,0.96,0.9608695652173914,0.0008695652173913044,-0.006968214838897446,1.116418386745623,92,4
OPENBMI_MI_EEGCONFORMER,final_embedding,26,0,no_transport,0.7745833333333333,0.8866666666666667,0.8866666666666667,0.0,-1.486733441671949e-17,0.0,69,3
OPENBMI_MI_EEGCONFORMER,final_embedding,26,0,norm_matched_random,0.7745833333333333,0.8866666666666667,0.8782608695652174,-0.008405797101449272,-0.005183713923450026,0.7004925329401693,69,3
OPENBMI_MI_EEGCONFORMER,final_embedding,26,0,same_class_mixup,0.7745833333333333,0.8866666666666667,0.9805797101449275,0.09391304347826081,0.07600571365051784,3.921596982937321,69,3
OPENBMI_MI_EEGCONFORMER,final_embedding,26,0,scst,0.7745833333333333,0.8866666666666667,0.8840579710144928,-0.002608695652173913,-0.011538394746814147,0.7004925329401693,69,3
OPENBMI_MI_EEGCONFORMER,final_embedding,26,0,unconditional_subject_transport,0.7745833333333333,0.8866666666666667,0.8837681159420291,-0.002898550724637681,-0.01708568677708181,0.6652814176292339,69,3
OPENBMI_MI_EEGCONFORMER,final_embedding,26,1,no_transport,0.7745833333333333,0.94,0.94,0.0,7.964643437528297e-19,0.0,69,3
OPENBMI_MI_EEGCONFORMER,final_embedding,26,1,norm_matched_random,0.7745833333333333,0.94,0.9133333333333333,-0.026666666666666658,-0.029607214470724424,0.7078067251906804,69,3
OPENBMI_MI_EEGCONFORMER,final_embedding,26,1,same_class_mixup,0.7745833333333333,0.94,0.9965217391304348,0.056521739130434755,0.040669260673914666,4.0289285607094385,69,3
OPENBMI_MI_EEGCONFORMER,final_embedding,26,1,scst,0.7745833333333333,0.94,0.9455072463768115,0.005507246376811583,0.016578426092857482,0.7078067251906804,69,3
OPENBMI_MI_EEGCONFORMER,final_embedding,26,1,unconditional_subject_transport,0.7745833333333333,0.94,0.9417391304347826,0.0017391304347826014,0.013091592026063007,0.6440270080544148,69,3
OPENBMI_MI_EEGCONFORMER,final_embedding,27,0,no_transport,0.7904166666666667,0.9466666666666665,0.9466666666666665,0.0,1.8141687829925568e-18,0.0,69,3
OPENBMI_MI_EEGCONFORMER,final_embedding,27,0,norm_matched_random,0.7904166666666667,0.9466666666666665,0.9342028985507246,-0.012463768115942022,-0.017117290914397544,0.8949783133752222,69,3
OPENBMI_MI_EEGCONFORMER,final_embedding,27,0,same_class_mixup,0.7904166666666667,0.9466666666666665,0.986376811594203,0.039710144927536196,0.024737345426976788,3.7205730655115343,69,3
OPENBMI_MI_EEGCONFORMER,final_embedding,27,0,scst,0.7904166666666667,0.9466666666666665,0.9457971014492754,-0.0008695652173913043,0.000999150064122741,0.8949783133752222,69,3
OPENBMI_MI_EEGCONFORMER,final_embedding,27,0,unconditional_subject_transport,0.7904166666666667,0.9466666666666665,0.9449275362318841,-0.0017391304347826085,-0.007005225542196326,0.8308334333193123,69,3
OPENBMI_MI_EEGCONFORMER,final_embedding,27,1,no_transport,0.7904166666666667,0.88,0.88,0.0,0.0,0.0,69,3
OPENBMI_MI_EEGCONFORMER,final_embedding,27,1,norm_matched_random,0.7904166666666667,0.88,0.8657971014492752,-0.01420289855072462,-0.021185208316058215,0.6881011790572312,69,3
OPENBMI_MI_EEGCONFORMER,final_embedding,27,1,same_class_mixup,0.7904166666666667,0.88,0.978840579710145,0.09884057971014493,0.12778216365827982,4.083869389979917,69,3
OPENBMI_MI_EEGCONFORMER,final_embedding,27,1,scst,0.7904166666666667,0.88,0.8863768115942029,0.0063768115942029,0.012089555491976956,0.6881011790572311,69,3
OPENBMI_MI_EEGCONFORMER,final_embedding,27,1,unconditional_subject_transport,0.7904166666666667,0.88,0.8857971014492754,0.005797101449275364,0.0054986002864318585,0.6500153817330925,69,3
OPENBMI_MI_EEGCONFORMER,final_embedding,28,0,no_transport,0.7806249999999999,0.9400000000000001,0.9400000000000001,0.0,5.309762291685532e-19,0.0,92,4
OPENBMI_MI_EEGCONFORMER,final_embedding,28,0,norm_matched_random,0.7806249999999999,0.9400000000000001,0.9206521739130435,-0.019347826086956506,-0.022566766657562708,0.9923088614635788,92,4
OPENBMI_MI_EEGCONFORMER,final_embedding,28,0,same_class_mixup,0.7806249999999999,0.9400000000000001,0.9852173913043478,0.04521739130434783,0.050892609995605326,3.6447310332908134,92,4
OPENBMI_MI_EEGCONFORMER,final_embedding,28,0,scst,0.7806249999999999,0.9400000000000001,0.9260869565217391,-0.013913043478260848,-0.029104653859061764,0.9923088614635788,92,4
OPENBMI_MI_EEGCONFORMER,final_embedding,28,0,unconditional_subject_transport,0.7806249999999999,0.9400000000000001,0.938695652173913,-0.001304347826086951,0.003990156627945797,0.8911060903310946,92,4
OPENBMI_MI_EEGCONFORMER,final_embedding,28,1,no_transport,0.7806249999999999,0.975,0.975,0.0,2.9867412890731113e-19,0.0,92,4
OPENBMI_MI_EEGCONFORMER,final_embedding,28,1,norm_matched_random,0.7806249999999999,0.975,0.9708695652173912,-0.0041304347826086945,-0.007919809988610966,0.9640789526675606,92,4
OPENBMI_MI_EEGCONFORMER,final_embedding,28,1,same_class_mixup,0.7806249999999999,0.975,0.9980434782608695,0.023043478260869565,0.01821566134541758,3.692549802122977,92,4
OPENBMI_MI_EEGCONFORMER,final_embedding,28,1,scst,0.7806249999999999,0.975,0.9706521739130435,-0.004347826086956522,-0.014485016615500926,0.9640789526675606,92,4
OPENBMI_MI_EEGCONFORMER,final_embedding,28,1,unconditional_subject_transport,0.7806249999999999,0.975,0.9734782608695652,-0.0015217391304347828,-0.0020094378936856587,0.8289404034098525,92,4
OPENBMI_MI_EEGCONFORMER,final_embedding,30,0,no_transport,0.7806249999999999,0.825,0.825,0.0,3.716833604179872e-18,0.0,92,4
OPENBMI_MI_EEGCONFORMER,final_embedding,30,0,norm_matched_random,0.7806249999999999,0.825,0.7956521739130435,-0.02934782608695651,-0.04019448552849634,0.7222047459037096,92,4
OPENBMI_MI_EEGCONFORMER,final_embedding,30,0,same_class_mixup,0.7806249999999999,0.825,0.9626086956521739,0.13760869565217387,0.09995491949888179,4.295476548811159,92,4
OPENBMI_MI_EEGCONFORMER,final_embedding,30,0,scst,0.7806249999999999,0.825,0.8291304347826087,0.004130434782608699,0.004522892812602919,0.7222047459037096,92,4
OPENBMI_MI_EEGCONFORMER,final_embedding,30,0,unconditional_subject_transport,0.7806249999999999,0.825,0.8217391304347825,-0.0032608695652173838,-0.00566165754802603,0.7208276267980851,92,4
OPENBMI_MI_EEGCONFORMER,final_embedding,30,1,no_transport,0.7806249999999999,0.835,0.835,0.0,-2.1239049166742124e-18,0.0,92,4
OPENBMI_MI_EEGCONFORMER,final_embedding,30,1,norm_matched_random,0.7806249999999999,0.835,0.8156521739130436,-0.019347826086956513,-0.020311571399806067,0.8552520266085695,92,4
OPENBMI_MI_EEGCONFORMER,final_embedding,30,1,same_class_mixup,0.7806249999999999,0.835,0.9704347826086956,0.13543478260869563,0.1782874256962538,4.318305885114167,92,4
OPENBMI_MI_EEGCONFORMER,final_embedding,30,1,scst,0.7806249999999999,0.835,0.842391304347826,0.007391304347826066,0.010548142754118367,0.8552520266085695,92,4
OPENBMI_MI_EEGCONFORMER,final_embedding,30,1,unconditional_subject_transport,0.7806249999999999,0.835,0.8393478260869565,0.004347826086956506,0.004277404608659924,0.7819995021364471,92,4
OPENBMI_MI_EEGCONFORMER,final_embedding,31,0,no_transport,0.7706249999999999,0.9400000000000001,0.9400000000000001,0.0,3.9823217187641486e-18,0.0,92,4
OPENBMI_MI_EEGCONFORMER,final_embedding,31,0,norm_matched_random,0.7706249999999999,0.9400000000000001,0.9308695652173913,-0.009130434782608679,-0.011163432456383177,0.6094028378842825,92,4
OPENBMI_MI_EEGCONFORMER,final_embedding,31,0,same_class_mixup,0.7706249999999999,0.9400000000000001,0.9936956521739131,0.05369565217391304,0.0271933608023036,4.145328142428425,92,4
OPENBMI_MI_EEGCONFORMER,final_embedding,31,0,scst,0.7706249999999999,0.9400000000000001,0.9419565217391304,0.0019565217391304393,0.001335705637191136,0.6094028378842826,92,4
OPENBMI_MI_EEGCONFORMER,final_embedding,31,0,unconditional_subject_transport,0.7706249999999999,0.9400000000000001,0.9426086956521739,0.0026086956521739154,0.0032985062489954142,0.5629093313015104,92,4
OPENBMI_MI_EEGCONFORMER,final_embedding,31,1,no_transport,0.7706249999999999,0.7899999999999999,0.7899999999999999,0.0,-5.309762291685531e-18,0.0,92,4
OPENBMI_MI_EEGCONFORMER,final_embedding,31,1,norm_matched_random,0.7706249999999999,0.7899999999999999,0.7606521739130435,-0.029347826086956505,-0.029255354768329682,0.7800725040558933,92,4
OPENBMI_MI_EEGCONFORMER,final_embedding,31,1,same_class_mixup,0.7706249999999999,0.7899999999999999,0.9441304347826087,0.15413043478260868,0.27678372465610024,4.114017412941511,92,4
OPENBMI_MI_EEGCONFORMER,final_embedding,31,1,scst,0.7706249999999999,0.7899999999999999,0.7847826086956522,-0.005217391304347816,-0.007973148887716967,0.7800725040558933,92,4
OPENBMI_MI_EEGCONFORMER,final_embedding,31,1,unconditional_subject_transport,0.7706249999999999,0.7899999999999999,0.7908695652173914,0.000869565217391314,-0.004191385737755901,0.7147942643846887,92,4
OPENBMI_MI_EEGCONFORMER,final_embedding,32,0,no_transport,0.7745833333333333,0.9133333333333333,0.9133333333333333,0.0,-2.30089699306373e-18,0.0,69,3
OPENBMI_MI_EEGCONFORMER,final_embedding,32,0,norm_matched_random,0.7745833333333333,0.9133333333333333,0.8997101449275362,-0.013623188405797093,-0.006326420956110695,0.7581012161008656,69,3
OPENBMI_MI_EEGCONFORMER,final_embedding,32,0,same_class_mixup,0.7745833333333333,0.9133333333333333,0.9884057971014493,0.07507246376811591,0.045195973109950424,4.292149942073232,69,3
OPENBMI_MI_EEGCONFORMER,final_embedding,32,0,scst,0.7745833333333333,0.9133333333333333,0.9130434782608695,-0.0002898550724637681,-0.007216272032133933,0.7581012161008656,69,3
OPENBMI_MI_EEGCONFORMER,final_embedding,32,0,unconditional_subject_transport,0.7745833333333333,0.9133333333333333,0.9133333333333333,0.0,0.004588150079407511,0.7078652291887828,69,3
OPENBMI_MI_EEGCONFORMER,final_embedding,32,1,no_transport,0.7745833333333333,0.9466666666666665,0.9466666666666665,0.0,-2.964617279524422e-18,0.0,69,3
OPENBMI_MI_EEGCONFORMER,final_embedding,32,1,norm_matched_random,0.7745833333333333,0.9466666666666665,0.9350724637681159,-0.011594202898550713,-0.021710974274804264,0.9921805078660936,69,3
OPENBMI_MI_EEGCONFORMER,final_embedding,32,1,same_class_mixup,0.7745833333333333,0.9466666666666665,0.9826086956521739,0.035942028985507225,0.0480849491979035,4.3924104447129215,69,3
OPENBMI_MI_EEGCONFORMER,final_embedding,32,1,scst,0.7745833333333333,0.9466666666666665,0.9443478260869564,-0.002318840579710145,-0.011282872446622027,0.9921805078660936,69,3
OPENBMI_MI_EEGCONFORMER,final_embedding,32,1,unconditional_subject_transport,0.7745833333333333,0.9466666666666665,0.9466666666666665,0.0,-0.00345444825522891,0.8576652551575796,69,3
OPENBMI_MI_EEGCONFORMER,final_embedding,33,0,no_transport,0.7670833333333333,0.9133333333333333,0.9133333333333333,0.0,-8.849603819475886e-20,0.0,69,3
OPENBMI_MI_EEGCONFORMER,final_embedding,33,0,norm_matched_random,0.7670833333333333,0.9133333333333333,0.9063768115942029,-0.006956521739130415,-0.011357444466077712,0.9153216395843116,69,3
OPENBMI_MI_EEGCONFORMER,final_embedding,33,0,same_class_mixup,0.7670833333333333,0.9133333333333333,0.9875362318840579,0.07420289855072464,0.032976775780059725,4.047773699629689,69,3
OPENBMI_MI_EEGCONFORMER,final_embedding,33,0,scst,0.7670833333333333,0.9133333333333333,0.9101449275362319,-0.003188405797101436,-0.011513205775362339,0.9153216395843116,69,3
OPENBMI_MI_EEGCONFORMER,final_embedding,33,0,unconditional_subject_transport,0.7670833333333333,0.9133333333333333,0.9217391304347825,0.008405797101449276,0.011315098737614169,0.8318900935624534,69,3
OPENBMI_MI_EEGCONFORMER,final_embedding,33,1,no_transport,0.7670833333333333,0.9800000000000001,0.9800000000000001,0.0,-1.4601846302135212e-18,0.0,69,3
OPENBMI_MI_EEGCONFORMER,final_embedding,33,1,norm_matched_random,0.7670833333333333,0.9800000000000001,0.9759420289855073,-0.004057971014492752,-0.006195233178027514,1.0950701492318164,69,3
OPENBMI_MI_EEGCONFORMER,final_embedding,33,1,same_class_mixup,0.7670833333333333,0.9800000000000001,0.9971014492753623,0.017101449275362317,-0.013046383963598219,3.9479307959955974,69,3
OPENBMI_MI_EEGCONFORMER,final_embedding,33,1,scst,0.7670833333333333,0.9800000000000001,0.973623188405797,-0.006376811594202898,-0.01569782371231776,1.0950701492318164,69,3
OPENBMI_MI_EEGCONFORMER,final_embedding,33,1,unconditional_subject_transport,0.7670833333333333,0.9800000000000001,0.9765217391304347,-0.003478260869565217,-0.004861297930014113,0.8993862790897801,69,3
OPENBMI_MI_EEGCONFORMER,final_embedding,34,0,no_transport,0.7662500000000001,0.93,0.93,0.0,-3.716833604179872e-18,0.0,46,2
OPENBMI_MI_EEGCONFORMER,final_embedding,34,0,norm_matched_random,0.7662500000000001,0.93,0.93,-4.827056628805028e-18,-0.005542042242494658,0.45704231162875614,46,2
OPENBMI_MI_EEGCONFORMER,final_embedding,34,0,same_class_mixup,0.7662500000000001,0.93,0.9843478260869566,0.054347826086956486,0.026059747983248085,4.523662461206859,46,2
OPENBMI_MI_EEGCONFORMER,final_embedding,34,0,scst,0.7662500000000001,0.93,0.9295652173913043,-0.0004347826086956522,-0.011110584762304846,0.45704231162875614,46,2
OPENBMI_MI_EEGCONFORMER,final_embedding,34,0,unconditional_subject_transport,0.7662500000000001,0.93,0.9295652173913043,-0.0004347826086956522,-0.01747386683819312,0.4178928677097485,46,2
OPENBMI_MI_EEGCONFORMER,final_embedding,34,1,no_transport,0.7662500000000001,0.8099999999999999,0.8099999999999999,0.0,-7.433667208359745e-18,0.0,46,2
OPENBMI_MI_EEGCONFORMER,final_embedding,34,1,norm_matched_random,0.7662500000000001,0.8099999999999999,0.7930434782608695,-0.01695652173913043,-0.02254734110053386,0.4383607946704265,46,2
OPENBMI_MI_EEGCONFORMER,final_embedding,34,1,same_class_mixup,0.7662500000000001,0.8099999999999999,0.9534782608695652,0.14347826086956517,0.2647416882609296,4.701790384989505,46,2
OPENBMI_MI_EEGCONFORMER,final_embedding,34,1,scst,0.7662500000000001,0.8099999999999999,0.8147826086956521,0.004782608695652174,0.014892727632615484,0.4383607946704266,46,2
OPENBMI_MI_EEGCONFORMER,final_embedding,34,1,unconditional_subject_transport,0.7662500000000001,0.8099999999999999,0.8143478260869565,0.004347826086956522,0.011446181669810146,0.3986349854967624,46,2
OPENBMI_MI_EEGCONFORMER,final_embedding,35,0,no_transport,0.7762500000000001,0.9850000000000001,0.9850000000000001,0.0,-1.2610685442753138e-18,0.0,92,4
OPENBMI_MI_EEGCONFORMER,final_embedding,35,0,norm_matched_random,0.7762500000000001,0.9850000000000001,0.9793478260869565,-0.005652173913043476,-0.013357084233153538,0.5896920288642346,92,4
OPENBMI_MI_EEGCONFORMER,final_embedding,35,0,same_class_mixup,0.7762500000000001,0.9850000000000001,0.9980434782608695,0.013043478260869565,-0.02712127774383299,5.1240572219789895,92,4
OPENBMI_MI_EEGCONFORMER,final_embedding,35,0,scst,0.7762500000000001,0.9850000000000001,0.9850000000000001,0.0,-0.009494019330064352,0.5896920288642346,92,4
OPENBMI_MI_EEGCONFORMER,final_embedding,35,0,unconditional_subject_transport,0.7762500000000001,0.9850000000000001,0.9850000000000001,0.0,-0.0016012271148150856,0.5182475222531587,92,4
OPENBMI_MI_EEGCONFORMER,final_embedding,35,1,no_transport,0.7762500000000001,0.97,0.97,0.0,7.300923151067607e-19,0.0,92,4
OPENBMI_MI_EEGCONFORMER,final_embedding,35,1,norm_matched_random,0.7762500000000001,0.97,0.9639130434782608,-0.006086956521739123,-0.010331598375228348,0.8321856998386729,92,4
OPENBMI_MI_EEGCONFORMER,final_embedding,35,1,same_class_mixup,0.7762500000000001,0.97,0.9991304347826088,0.029130434782608697,0.02425757318723898,5.15045081967246,92,4
OPENBMI_MI_EEGCONFORMER,final_embedding,35,1,scst,0.7762500000000001,0.97,0.9680434782608696,-0.001956521739130425,-0.0082213008155104,0.8321856998386729,92,4
OPENBMI_MI_EEGCONFORMER,final_embedding,35,1,unconditional_subject_transport,0.7762500000000001,0.97,0.97,0.0,0.0024139008053190815,0.6927228665493892,92,4
OPENBMI_MI_EEGCONFORMER,final_embedding,38,0,no_transport,0.81625,0.96,0.96,0.0,0.0,0.0,23,1
OPENBMI_MI_EEGCONFORMER,final_embedding,38,0,norm_matched_random,0.81625,0.96,0.957391304347826,-0.002608695652173913,-0.0026460203523658255,0.8102580913295357,23,1
OPENBMI_MI_EEGCONFORMER,final_embedding,38,0,same_class_mixup,0.81625,0.96,0.9956521739130434,0.03565217391304348,0.028184886953098214,3.793397105041369,23,1
OPENBMI_MI_EEGCONFORMER,final_embedding,38,0,scst,0.81625,0.96,0.96,0.0,-0.005393810416597435,0.8102580913295357,23,1
OPENBMI_MI_EEGCONFORMER,final_embedding,38,0,unconditional_subject_transport,0.81625,0.96,0.96,0.0,-0.008458446659662944,0.7645060543769339,23,1
OPENBMI_MI_EEGCONFORMER,final_embedding,38,1,no_transport,0.81625,0.74,0.74,0.0,1.2743429500045273e-17,0.0,23,1
OPENBMI_MI_EEGCONFORMER,final_embedding,38,1,norm_matched_random,0.81625,0.74,0.7417391304347826,0.0017391304347826049,0.0041546401840723115,1.0087589021993266,23,1
OPENBMI_MI_EEGCONFORMER,final_embedding,38,1,same_class_mixup,0.81625,0.74,0.9495652173913044,0.20956521739130432,0.22038254607420785,3.7592758200685967,23,1
OPENBMI_MI_EEGCONFORMER,final_embedding,38,1,scst,0.81625,0.74,0.7617391304347826,0.021739130434782598,0.05102023958150039,1.0087589021993266,23,1
OPENBMI_MI_EEGCONFORMER,final_embedding,38,1,unconditional_subject_transport,0.81625,0.74,0.748695652173913,0.008695652173913044,0.03463354281273134,0.9153099714339028,23,1
OPENBMI_MI_EEGCONFORMER,final_embedding,40,0,no_transport,0.7687499999999999,0.8666666666666666,0.8666666666666666,0.0,3.1858573750113186e-18,0.0,69,3
OPENBMI_MI_EEGCONFORMER,final_embedding,40,0,norm_matched_random,0.7687499999999999,0.8666666666666666,0.837391304347826,-0.029275362318840575,-0.0402685904971329,0.9523993280032215,69,3
OPENBMI_MI_EEGCONFORMER,final_embedding,40,0,same_class_mixup,0.7687499999999999,0.8666666666666666,0.976231884057971,0.1095652173913043,0.09178093184155019,3.9395761605238837,69,3
OPENBMI_MI_EEGCONFORMER,final_embedding,40,0,scst,0.7687499999999999,0.8666666666666666,0.8895652173913043,0.022898550724637676,0.018913845657902807,0.9523993280032215,69,3
OPENBMI_MI_EEGCONFORMER,final_embedding,40,0,unconditional_subject_transport,0.7687499999999999,0.8666666666666666,0.8753623188405797,0.008695652173913038,-0.002192137630369259,0.907506235786648,69,3
OPENBMI_MI_EEGCONFORMER,final_embedding,40,1,no_transport,0.7687499999999999,0.9466666666666665,0.9466666666666665,0.0,1.0265540430592028e-17,0.0,69,3
OPENBMI_MI_EEGCONFORMER,final_embedding,40,1,norm_matched_random,0.7687499999999999,0.9466666666666665,0.9292753623188407,-0.017391304347826077,-0.014428944902048296,0.9070140783703652,69,3
OPENBMI_MI_EEGCONFORMER,final_embedding,40,1,same_class_mixup,0.7687499999999999,0.9466666666666665,0.9994202898550724,0.05275362318840577,0.08551303505554889,4.067129734365399,69,3
OPENBMI_MI_EEGCONFORMER,final_embedding,40,1,scst,0.7687499999999999,0.9466666666666665,0.9510144927536233,0.004347826086956522,0.009103448122774365,0.9070140783703651,69,3
OPENBMI_MI_EEGCONFORMER,final_embedding,40,1,unconditional_subject_transport,0.7687499999999999,0.9466666666666665,0.9486956521739129,0.002028985507246377,1.7763461986353686e-05,0.8374730330320804,69,3
OPENBMI_MI_EEGCONFORMER,final_embedding,41,0,no_transport,0.7687499999999999,0.8899999999999999,0.8899999999999999,0.0,3.384973460949526e-18,0.0,92,4
OPENBMI_MI_EEGCONFORMER,final_embedding,41,0,norm_matched_random,0.7687499999999999,0.8899999999999999,0.8508695652173913,-0.03913043478260869,-0.0350677157121266,0.8885238769305899,92,4
OPENBMI_MI_EEGCONFORMER,final_embedding,41,0,same_class_mixup,0.7687499999999999,0.8899999999999999,0.9878260869565217,0.09782608695652166,0.07338914329724626,4.1129049101614745,92,4
OPENBMI_MI_EEGCONFORMER,final_embedding,41,0,scst,0.7687499999999999,0.8899999999999999,0.898913043478261,0.00891304347826087,0.021304410718964047,0.8885238769305899,92,4
OPENBMI_MI_EEGCONFORMER,final_embedding,41,0,unconditional_subject_transport,0.7687499999999999,0.8899999999999999,0.8852173913043478,-0.0047826086956521685,-0.001056394765949311,0.8057860188313993,92,4
OPENBMI_MI_EEGCONFORMER,final_embedding,41,1,no_transport,0.7687499999999999,0.7549999999999999,0.7549999999999999,0.0,0.0,0.0,92,4
OPENBMI_MI_EEGCONFORMER,final_embedding,41,1,norm_matched_random,0.7687499999999999,0.7549999999999999,0.7517391304347826,-0.003260869565217377,-0.011915893118359517,0.885303384801498,92,4
OPENBMI_MI_EEGCONFORMER,final_embedding,41,1,same_class_mixup,0.7687499999999999,0.7549999999999999,0.9639130434782608,0.20891304347826087,0.22194339458780898,4.091470124864515,92,4
OPENBMI_MI_EEGCONFORMER,final_embedding,41,1,scst,0.7687499999999999,0.7549999999999999,0.7876086956521738,0.0326086956521739,0.03441038459960432,0.885303384801498,92,4
OPENBMI_MI_EEGCONFORMER,final_embedding,41,1,unconditional_subject_transport,0.7687499999999999,0.7549999999999999,0.7689130434782608,0.01391304347826086,0.006917659017803206,0.8588336047031412,92,4
OPENBMI_MI_EEGCONFORMER,final_embedding,43,0,no_transport,0.7687499999999999,0.8600000000000001,0.8600000000000001,0.0,-5.840738520854085e-18,0.0,69,3
OPENBMI_MI_EEGCONFORMER,final_embedding,43,0,norm_matched_random,0.7687499999999999,0.8600000000000001,0.8382608695652174,-0.02173913043478263,-0.010906677617775683,1.0046601788567953,69,3
OPENBMI_MI_EEGCONFORMER,final_embedding,43,0,same_class_mixup,0.7687499999999999,0.8600000000000001,0.9791304347826087,0.1191304347826086,0.08244620281660804,3.4919859621394704,69,3
OPENBMI_MI_EEGCONFORMER,final_embedding,43,0,scst,0.7687499999999999,0.8600000000000001,0.8640579710144927,0.004057971014492735,0.010272655228548911,1.0046601788567955,69,3
OPENBMI_MI_EEGCONFORMER,final_embedding,43,0,unconditional_subject_transport,0.7687499999999999,0.8600000000000001,0.8646376811594203,0.004637681159420268,0.009448978985163024,0.9531982085879588,69,3
OPENBMI_MI_EEGCONFORMER,final_embedding,43,1,no_transport,0.7687499999999999,0.9866666666666667,0.9866666666666667,0.0,-1.4380606206648315e-18,0.0,69,3
OPENBMI_MI_EEGCONFORMER,final_embedding,43,1,norm_matched_random,0.7687499999999999,0.9866666666666667,0.9840579710144929,-0.00260869565217391,-0.018640948581804713,1.0393688361210323,69,3
OPENBMI_MI_EEGCONFORMER,final_embedding,43,1,same_class_mixup,0.7687499999999999,0.9866666666666667,1.0,0.013333333333333334,0.0045959801873236865,3.459345002128865,69,3
OPENBMI_MI_EEGCONFORMER,final_embedding,43,1,scst,0.7687499999999999,0.9866666666666667,0.9881159420289855,0.0014492753623188406,-0.003710899315055493,1.0393688361210323,69,3
OPENBMI_MI_EEGCONFORMER,final_embedding,43,1,unconditional_subject_transport,0.7687499999999999,0.9866666666666667,0.9872463768115942,0.0005797101449275362,-0.0038606064848997956,0.9536517289812213,69,3
OPENBMI_MI_EEGCONFORMER,final_embedding,44,0,no_transport,0.7775,0.8600000000000001,0.8600000000000001,0.0,-1.3274405729213832e-18,0.0,46,2
OPENBMI_MI_EEGCONFORMER,final_embedding,44,0,norm_matched_random,0.7775,0.8600000000000001,0.822608695652174,-0.03739130434782605,-0.040156767219716345,0.9519664183428749,46,2
OPENBMI_MI_EEGCONFORMER,final_embedding,44,0,same_class_mixup,0.7775,0.8600000000000001,0.9478260869565218,0.0878260869565217,0.09596337102054199,3.501969895200063,46,2
OPENBMI_MI_EEGCONFORMER,final_embedding,44,0,scst,0.7775,0.8600000000000001,0.85,-0.009999999999999969,-0.0038292159738277636,0.9519664183428749,46,2
OPENBMI_MI_EEGCONFORMER,final_embedding,44,0,unconditional_subject_transport,0.7775,0.8600000000000001,0.8565217391304347,-0.003478260869565201,-0.0013252126379330773,0.8930448462895468,46,2
OPENBMI_MI_EEGCONFORMER,final_embedding,44,1,no_transport,0.7775,1.0,1.0,0.0,0.0,0.0,46,2
OPENBMI_MI_EEGCONFORMER,final_embedding,44,1,norm_matched_random,0.7775,1.0,0.9956521739130434,-0.0043478260869565175,-0.019483890676764638,1.1368764750793432,46,2
OPENBMI_MI_EEGCONFORMER,final_embedding,44,1,same_class_mixup,0.7775,1.0,1.0,0.0,-0.01601887235794755,3.3493523399890845,46,2
OPENBMI_MI_EEGCONFORMER,final_embedding,44,1,scst,0.7775,1.0,1.0,0.0,-0.0005592745466467393,1.1368764750793432,46,2
OPENBMI_MI_EEGCONFORMER,final_embedding,44,1,unconditional_subject_transport,0.7775,1.0,1.0,0.0,0.0003482350082436386,1.0185944775877502,46,2
OPENBMI_MI_EEGCONFORMER,final_embedding,45,0,no_transport,0.7425,0.93,0.93,0.0,-2.6548811458427657e-18,0.0,46,2
OPENBMI_MI_EEGCONFORMER,final_embedding,45,0,norm_matched_random,0.7425,0.93,0.9117391304347826,-0.01826086956521738,-0.012048578923315257,1.1264777635223597,46,2
OPENBMI_MI_EEGCONFORMER,final_embedding,45,0,same_class_mixup,0.7425,0.93,0.9934782608695653,0.06347826086956516,0.044166530049207224,3.8259734017386817,46,2
OPENBMI_MI_EEGCONFORMER,final_embedding,45,0,scst,0.7425,0.93,0.9221739130434783,-0.007826086956521722,-0.008510867891244845,1.1264777635223597,46,2
OPENBMI_MI_EEGCONFORMER,final_embedding,45,0,unconditional_subject_transport,0.7425,0.93,0.9256521739130434,-0.0043478260869565105,-0.004844511233793987,1.0181532255996593,46,2
OPENBMI_MI_EEGCONFORMER,final_embedding,45,1,no_transport,0.7425,0.91,0.91,0.0,0.0,0.0,46,2
OPENBMI_MI_EEGCONFORMER,final_embedding,45,1,norm_matched_random,0.7425,0.91,0.8930434782608695,-0.016956521739130447,-0.03416911483538896,1.0789158357801667,46,2
OPENBMI_MI_EEGCONFORMER,final_embedding,45,1,same_class_mixup,0.7425,0.91,0.9969565217391304,0.08695652173913034,0.06379007641519559,3.82791054777011,46,2
OPENBMI_MI_EEGCONFORMER,final_embedding,45,1,scst,0.7425,0.91,0.9065217391304349,-0.003478260869565222,-0.0014209950792632548,1.0789158357801667,46,2
OPENBMI_MI_EEGCONFORMER,final_embedding,45,1,unconditional_subject_transport,0.7425,0.91,0.9086956521739131,-0.0013043478260869564,0.0018394486122423088,1.0404091442151606,46,2
OPENBMI_MI_EEGCONFORMER,final_embedding,46,0,no_transport,0.7670833333333333,0.7733333333333333,0.7733333333333333,0.0,3.362849451400837e-18,0.0,69,3
OPENBMI_MI_EEGCONFORMER,final_embedding,46,0,norm_matched_random,0.7670833333333333,0.7733333333333333,0.7356521739130435,-0.037681159420289864,-0.018324318765171748,0.9671515620230516,69,3
OPENBMI_MI_EEGCONFORMER,final_embedding,46,0,same_class_mixup,0.7670833333333333,0.7733333333333333,0.9402898550724637,0.16695652173913036,0.2206918217130951,4.061119120018162,69,3
OPENBMI_MI_EEGCONFORMER,final_embedding,46,0,scst,0.7670833333333333,0.7733333333333333,0.7956521739130435,0.02231884057971014,0.050630550422939354,0.9671515620230516,69,3
OPENBMI_MI_EEGCONFORMER,final_embedding,46,0,unconditional_subject_transport,0.7670833333333333,0.7733333333333333,0.7866666666666667,0.013333333333333334,0.020999517157620714,0.8859356009943036,69,3
OPENBMI_MI_EEGCONFORMER,final_embedding,46,1,no_transport,0.7670833333333333,0.86,0.86,0.0,-7.079683055580708e-19,0.0,69,3
OPENBMI_MI_EEGCONFORMER,final_embedding,46,1,norm_matched_random,0.7670833333333333,0.86,0.8440579710144928,-0.01594202898550724,-0.018224470672342962,0.9687663205864377,69,3
OPENBMI_MI_EEGCONFORMER,final_embedding,46,1,same_class_mixup,0.7670833333333333,0.86,0.9944927536231885,0.13449275362318838,0.13080004814308502,4.078875928606234,69,3
OPENBMI_MI_EEGCONFORMER,final_embedding,46,1,scst,0.7670833333333333,0.86,0.8831884057971015,0.023188405797101446,0.023068407854376846,0.9687663205864377,69,3
OPENBMI_MI_EEGCONFORMER,final_embedding,46,1,unconditional_subject_transport,0.7670833333333333,0.86,0.8484057971014493,-0.011594202898550697,-0.009659888407063577,0.8443253540797911,69,3
OPENBMI_MI_EEGCONFORMER,final_embedding,47,0,no_transport,0.7425,0.73,0.73,0.0,1.0088548354202509e-17,0.0,46,2
OPENBMI_MI_EEGCONFORMER,final_embedding,47,0,norm_matched_random,0.7425,0.73,0.7130434782608696,-0.016956521739130433,-0.024092954542500388,0.9897568021244479,46,2
OPENBMI_MI_EEGCONFORMER,final_embedding,47,0,same_class_mixup,0.7425,0.73,0.948695652173913,0.218695652173913,0.18996566893111289,4.293125775271682,46,2
OPENBMI_MI_EEGCONFORMER,final_embedding,47,0,scst,0.7425,0.73,0.74,0.009999999999999976,-0.007913048280481118,0.9897568021244479,46,2
OPENBMI_MI_EEGCONFORMER,final_embedding,47,0,unconditional_subject_transport,0.7425,0.73,0.7343478260869566,0.004347826086956499,-0.009346901518007246,0.9458465329344371,46,2
OPENBMI_MI_EEGCONFORMER,final_embedding,47,1,no_transport,0.7425,0.9400000000000001,0.9400000000000001,0.0,-2.1239049166742124e-18,0.0,46,2
OPENBMI_MI_EEGCONFORMER,final_embedding,47,1,norm_matched_random,0.7425,0.9400000000000001,0.9147826086956521,-0.025217391304347823,-0.031701407359331205,1.1000126450131151,46,2
OPENBMI_MI_EEGCONFORMER,final_embedding,47,1,same_class_mixup,0.7425,0.9400000000000001,0.9965217391304348,0.056521739130434734,0.06038446562735366,4.227767170364112,46,2
OPENBMI_MI_EEGCONFORMER,final_embedding,47,1,scst,0.7425,0.9400000000000001,0.937391304347826,-0.002608695652173913,0.009489369158225385,1.1000126450131151,46,2
OPENBMI_MI_EEGCONFORMER,final_embedding,47,1,unconditional_subject_transport,0.7425,0.9400000000000001,0.9395652173913043,-0.0004347826086956522,0.009651994436034091,1.0384172441037798,46,2
OPENBMI_MI_EEGCONFORMER,final_embedding,48,0,no_transport,0.76,0.715,0.715,0.0,-8.230131552112573e-18,0.0,92,4
OPENBMI_MI_EEGCONFORMER,final_embedding,48,0,norm_matched_random,0.76,0.715,0.6571739130434783,-0.05782608695652172,-0.07086670250624419,1.2998903431600146,92,4
OPENBMI_MI_EEGCONFORMER,final_embedding,48,0,same_class_mixup,0.76,0.715,0.9167391304347826,0.2017391304347826,0.2081465617931164,4.205916140400505,92,4
OPENBMI_MI_EEGCONFORMER,final_embedding,48,0,scst,0.76,0.715,0.7334782608695652,0.018478260869565222,0.022192104775177423,1.2998903431600146,92,4
OPENBMI_MI_EEGCONFORMER,final_embedding,48,0,unconditional_subject_transport,0.76,0.715,0.7043478260869565,-0.010652173913043466,-0.01788316737019138,1.2656694293520783,92,4
OPENBMI_MI_EEGCONFORMER,final_embedding,48,1,no_transport,0.76,0.76,0.76,0.0,2.1239049166742124e-18,0.0,92,4
OPENBMI_MI_EEGCONFORMER,final_embedding,48,1,norm_matched_random,0.76,0.76,0.7428260869565217,-0.01717391304347825,-0.05032299406484693,1.4842892174453441,92,4
OPENBMI_MI_EEGCONFORMER,final_embedding,48,1,same_class_mixup,0.76,0.76,0.9869565217391304,0.22695652173913042,0.20990414486389658,4.1732913674425,92,4
OPENBMI_MI_EEGCONFORMER,final_embedding,48,1,scst,0.76,0.76,0.841304347826087,0.08130434782608695,0.06849379817083695,1.4842892174453441,92,4
OPENBMI_MI_EEGCONFORMER,final_embedding,48,1,unconditional_subject_transport,0.76,0.76,0.8041304347826087,0.0441304347826087,0.03283028951491716,1.3494206244388438,92,4
OPENBMI_MI_EEGCONFORMER,final_embedding,49,0,no_transport,0.7745833333333333,0.94,0.94,0.0,-3.539841527790355e-18,0.0,69,3
OPENBMI_MI_EEGCONFORMER,final_embedding,49,0,norm_matched_random,0.7745833333333333,0.94,0.9150724637681159,-0.02492753623188408,-0.020724828129194055,0.9186648960507314,69,3
OPENBMI_MI_EEGCONFORMER,final_embedding,49,0,same_class_mixup,0.7745833333333333,0.94,0.9866666666666667,0.046666666666666606,0.03638347315698375,3.4657604764830627,69,3
OPENBMI_MI_EEGCONFORMER,final_embedding,49,0,scst,0.7745833333333333,0.94,0.9414492753623187,0.0014492753623188187,0.0022286526840114176,0.9186648960507314,69,3
OPENBMI_MI_EEGCONFORMER,final_embedding,49,0,unconditional_subject_transport,0.7745833333333333,0.94,0.94,-1.6039906922800043e-17,-0.0023717525669326505,0.8502990179665159,69,3
OPENBMI_MI_EEGCONFORMER,final_embedding,49,1,no_transport,0.7745833333333333,0.9266666666666666,0.9266666666666666,0.0,-5.132770215296013e-18,0.0,69,3
OPENBMI_MI_EEGCONFORMER,final_embedding,49,1,norm_matched_random,0.7745833333333333,0.9266666666666666,0.9165217391304348,-0.010144927536231866,-0.006369763486565776,0.836651039042743,69,3
OPENBMI_MI_EEGCONFORMER,final_embedding,49,1,same_class_mixup,0.7745833333333333,0.9266666666666666,0.9953623188405798,0.068695652173913,0.05493644525374698,3.7614161561950166,69,3
OPENBMI_MI_EEGCONFORMER,final_embedding,49,1,scst,0.7745833333333333,0.9266666666666666,0.9278260869565217,0.0011594202898550798,0.006167139535961954,0.836651039042743,69,3
OPENBMI_MI_EEGCONFORMER,final_embedding,49,1,unconditional_subject_transport,0.7745833333333333,0.9266666666666666,0.9263768115942029,-0.0002898550724637594,0.0032590070351517257,0.7684162104078253,69,3
OPENBMI_MI_EEGCONFORMER,final_embedding,50,0,no_transport,0.7625,0.97,0.97,0.0,-1.3274405729213832e-18,0.0,46,2
OPENBMI_MI_EEGCONFORMER,final_embedding,50,0,norm_matched_random,0.7625,0.97,0.96,-0.009999999999999992,-0.0018833673981095522,0.26015761284547645,46,2
OPENBMI_MI_EEGCONFORMER,final_embedding,50,0,same_class_mixup,0.7625,0.97,0.9934782608695653,0.02347826086956522,0.049955759923104075,4.8213820250854384,46,2
OPENBMI_MI_EEGCONFORMER,final_embedding,50,0,scst,0.7625,0.97,0.9682608695652174,-0.0017391304347826088,0.002882875438718612,0.26015761284547645,46,2
OPENBMI_MI_EEGCONFORMER,final_embedding,50,0,unconditional_subject_transport,0.7625,0.97,0.9608695652173912,-0.009130434782608695,-0.0044710329814850805,0.23490750657168472,46,2
OPENBMI_MI_EEGCONFORMER,final_embedding,50,1,no_transport,0.7625,0.9400000000000001,0.9400000000000001,0.0,-3.318601432303453e-19,0.0,46,2
OPENBMI_MI_EEGCONFORMER,final_embedding,50,1,norm_matched_random,0.7625,0.9400000000000001,0.9208695652173913,-0.019130434782608695,-0.017753729746964843,0.44422003221099615,46,2
OPENBMI_MI_EEGCONFORMER,final_embedding,50,1,same_class_mixup,0.7625,0.9400000000000001,1.0,0.05999999999999995,0.06644706408968704,4.170839839254628,46,2
OPENBMI_MI_EEGCONFORMER,final_embedding,50,1,scst,0.7625,0.9400000000000001,0.9400000000000001,0.0,0.013025078935728119,0.44422003221099615,46,2
OPENBMI_MI_EEGCONFORMER,final_embedding,50,1,unconditional_subject_transport,0.7625,0.9400000000000001,0.9400000000000001,0.0,0.004720771938248741,0.4025484585768485,46,2
OPENBMI_MI_EEGCONFORMER,final_embedding,52,0,no_transport,0.7687499999999999,0.7466666666666667,0.7466666666666667,0.0,1.769920763895175e-19,0.0,69,3
OPENBMI_MI_EEGCONFORMER,final_embedding,52,0,norm_matched_random,0.7687499999999999,0.7466666666666667,0.741159420289855,-0.0055072463768115944,-0.019385146938122377,1.0382836841623018,69,3
OPENBMI_MI_EEGCONFORMER,final_embedding,52,0,same_class_mixup,0.7687499999999999,0.7466666666666667,0.9466666666666665,0.19999999999999996,0.15816324456898956,4.194799831783198,69,3
OPENBMI_MI_EEGCONFORMER,final_embedding,52,0,scst,0.7687499999999999,0.7466666666666667,0.7684057971014492,0.021739130434782587,0.011389442133669521,1.0382836841623018,69,3
OPENBMI_MI_EEGCONFORMER,final_embedding,52,0,unconditional_subject_transport,0.7687499999999999,0.7466666666666667,0.7655072463768116,0.01884057971014491,0.0061755672385492896,0.9865786940663022,69,3
OPENBMI_MI_EEGCONFORMER,final_embedding,52,1,no_transport,0.7687499999999999,0.8733333333333333,0.8733333333333333,0.0,0.0,0.0,69,3
OPENBMI_MI_EEGCONFORMER,final_embedding,52,1,norm_matched_random,0.7687499999999999,0.8733333333333333,0.852463768115942,-0.0208695652173913,-0.03122626639437432,1.129932554834207,69,3
OPENBMI_MI_EEGCONFORMER,final_embedding,52,1,same_class_mixup,0.7687499999999999,0.8733333333333333,0.9797101449275362,0.10637681159420284,0.14691190017996336,4.064596634545708,69,3
OPENBMI_MI_EEGCONFORMER,final_embedding,52,1,scst,0.7687499999999999,0.8733333333333333,0.8718840579710144,-0.0014492753623188406,-0.002745864905296491,1.129932554834207,69,3
OPENBMI_MI_EEGCONFORMER,final_embedding,52,1,unconditional_subject_transport,0.7687499999999999,0.8733333333333333,0.8727536231884058,-0.0005797101449275362,-0.0036230129789073524,1.0718266604399511,69,3
OPENBMI_MI_EEGCONFORMER,final_embedding,53,0,no_transport,0.7670833333333333,0.8133333333333332,0.8133333333333332,0.0,-1.5929286875056593e-18,0.0,69,3
OPENBMI_MI_EEGCONFORMER,final_embedding,53,0,norm_matched_random,0.7670833333333333,0.8133333333333332,0.7753623188405797,-0.03797101449275362,-0.009294638177013991,1.0367611858189936,69,3
OPENBMI_MI_EEGCONFORMER,final_embedding,53,0,same_class_mixup,0.7670833333333333,0.8133333333333332,0.9759420289855073,0.16260869565217387,0.1834734648248223,3.9566276091866173,69,3
OPENBMI_MI_EEGCONFORMER,final_embedding,53,0,scst,0.7670833333333333,0.8133333333333332,0.8289855072463768,0.015652173913043466,0.03750734597488916,1.0367611858189936,69,3
OPENBMI_MI_EEGCONFORMER,final_embedding,53,0,unconditional_subject_transport,0.7670833333333333,0.8133333333333332,0.8263768115942028,0.01304347826086955,0.030712425646132788,0.9325003287032266,69,3
OPENBMI_MI_EEGCONFORMER,final_embedding,53,1,no_transport,0.7670833333333333,0.8466666666666667,0.8466666666666667,0.0,4.070817756958907e-18,0.0,69,3
OPENBMI_MI_EEGCONFORMER,final_embedding,53,1,norm_matched_random,0.7670833333333333,0.8466666666666667,0.8179710144927536,-0.028695652173913032,-0.017285505807197198,0.8892012577738718,69,3
OPENBMI_MI_EEGCONFORMER,final_embedding,53,1,same_class_mixup,0.7670833333333333,0.8466666666666667,0.9791304347826087,0.13246376811594202,0.1425532240181194,3.901577372543326,69,3
OPENBMI_MI_EEGCONFORMER,final_embedding,53,1,scst,0.7670833333333333,0.8466666666666667,0.8356521739130435,-0.011014492753623166,-0.014268058582455601,0.8892012577738719,69,3
OPENBMI_MI_EEGCONFORMER,final_embedding,53,1,unconditional_subject_transport,0.7670833333333333,0.8466666666666667,0.828695652173913,-0.017971014492753606,-0.019874648544163653,0.858788778641685,69,3
OPENBMI_MI_EEGNET,final_embedding,1,0,no_transport,0.748125,0.625,0.625,0.0,7.964643437528296e-19,0.0,92,4
OPENBMI_MI_EEGNET,final_embedding,1,0,norm_matched_random,0.748125,0.625,0.625,0.0,7.964643437528296e-19,0.0,92,4
OPENBMI_MI_EEGNET,final_embedding,1,0,same_class_mixup,0.748125,0.625,0.8397826086956522,0.2147826086956521,0.31188528388258663,4.107196043654381,92,4
OPENBMI_MI_EEGNET,final_embedding,1,0,scst,0.748125,0.625,0.625,0.0,7.964643437528296e-19,0.0,92,4
OPENBMI_MI_EEGNET,final_embedding,1,0,unconditional_subject_transport,0.748125,0.625,0.625,0.0,7.964643437528296e-19,0.0,92,4
OPENBMI_MI_EEGNET,final_embedding,1,1,no_transport,0.748125,0.785,0.785,0.0,-6.63720286460692e-20,0.0,92,4
OPENBMI_MI_EEGNET,final_embedding,1,1,norm_matched_random,0.748125,0.785,0.785,0.0,-6.63720286460692e-20,0.0,92,4
OPENBMI_MI_EEGNET,final_embedding,1,1,same_class_mixup,0.748125,0.785,0.9410869565217391,0.1560869565217391,0.1695761323170615,3.9144401585801596,92,4
OPENBMI_MI_EEGNET,final_embedding,1,1,scst,0.748125,0.785,0.785,0.0,-6.63720286460692e-20,0.0,92,4
OPENBMI_MI_EEGNET,final_embedding,1,1,unconditional_subject_transport,0.748125,0.785,0.785,0.0,-6.63720286460692e-20,0.0,92,4
OPENBMI_MI_EEGNET,final_embedding,2,0,no_transport,0.7418750000000002,0.67,0.67,0.0,1.3274405729213832e-18,0.0,46,2
OPENBMI_MI_EEGNET,final_embedding,2,0,norm_matched_random,0.7418750000000002,0.67,0.67,0.0,1.3274405729213832e-18,0.0,46,2
OPENBMI_MI_EEGNET,final_embedding,2,0,same_class_mixup,0.7418750000000002,0.67,0.8582608695652173,0.18826086956521734,0.23928093738974443,3.98623242196271,46,2
OPENBMI_MI_EEGNET,final_embedding,2,0,scst,0.7418750000000002,0.67,0.67,0.0,1.3274405729213832e-18,0.0,46,2
OPENBMI_MI_EEGNET,final_embedding,2,0,unconditional_subject_transport,0.7418750000000002,0.67,0.67,0.0,1.3274405729213832e-18,0.0,46,2
OPENBMI_MI_EEGNET,final_embedding,2,1,no_transport,0.7418750000000002,0.8799999999999999,0.8799999999999999,0.0,0.0,0.0,46,2
OPENBMI_MI_EEGNET,final_embedding,2,1,norm_matched_random,0.7418750000000002,0.8799999999999999,0.8799999999999999,0.0,0.0,0.0,46,2
OPENBMI_MI_EEGNET,final_embedding,2,1,same_class_mixup,0.7418750000000002,0.8799999999999999,0.9669565217391304,0.08695652173913036,0.12154012808884124,3.780495517322149,46,2
OPENBMI_MI_EEGNET,final_embedding,2,1,scst,0.7418750000000002,0.8799999999999999,0.8799999999999999,0.0,0.0,0.0,46,2
OPENBMI_MI_EEGNET,final_embedding,2,1,unconditional_subject_transport,0.7418750000000002,0.8799999999999999,0.8799999999999999,0.0,0.0,0.0,46,2
OPENBMI_MI_EEGNET,final_embedding,3,0,no_transport,0.7366666666666667,0.7733333333333333,0.7733333333333333,0.0,-2.4778890694532474e-18,0.0,69,3
OPENBMI_MI_EEGNET,final_embedding,3,0,norm_matched_random,0.7366666666666667,0.7733333333333333,0.7733333333333333,0.0,-2.4778890694532474e-18,0.0,69,3
OPENBMI_MI_EEGNET,final_embedding,3,0,same_class_mixup,0.7366666666666667,0.7733333333333333,0.878840579710145,0.10550724637681157,0.09494257674984341,3.9923693431540785,69,3
OPENBMI_MI_EEGNET,final_embedding,3,0,scst,0.7366666666666667,0.7733333333333333,0.7733333333333333,0.0,-2.4778890694532474e-18,0.0,69,3
OPENBMI_MI_EEGNET,final_embedding,3,0,unconditional_subject_transport,0.7366666666666667,0.7733333333333333,0.7733333333333333,0.0,-2.4778890694532474e-18,0.0,69,3
OPENBMI_MI_EEGNET,final_embedding,3,1,no_transport,0.7366666666666667,0.94,0.94,0.0,7.9646434375283e-19,0.0,69,3
OPENBMI_MI_EEGNET,final_embedding,3,1,norm_matched_random,0.7366666666666667,0.94,0.94,0.0,7.9646434375283e-19,0.0,69,3
OPENBMI_MI_EEGNET,final_embedding,3,1,same_class_mixup,0.7366666666666667,0.94,0.9930434782608695,0.05304347826086953,0.01626975070545937,3.6912769882487764,69,3
OPENBMI_MI_EEGNET,final_embedding,3,1,scst,0.7366666666666667,0.94,0.94,0.0,7.9646434375283e-19,0.0,69,3
OPENBMI_MI_EEGNET,final_embedding,3,1,unconditional_subject_transport,0.7366666666666667,0.94,0.94,0.0,7.9646434375283e-19,0.0,69,3
OPENBMI_MI_EEGNET,final_embedding,5,0,no_transport,0.748125,0.785,0.785,0.0,-4.247809833348425e-18,0.0,92,4
OPENBMI_MI_EEGNET,final_embedding,5,0,norm_matched_random,0.748125,0.785,0.785,0.0,-4.247809833348425e-18,0.0,92,4
OPENBMI_MI_EEGNET,final_embedding,5,0,same_class_mixup,0.748125,0.785,0.9191304347826087,0.13413043478260867,0.1364284493676421,4.133782840892677,92,4
OPENBMI_MI_EEGNET,final_embedding,5,0,scst,0.748125,0.785,0.785,0.0,-4.247809833348425e-18,0.0,92,4
OPENBMI_MI_EEGNET,final_embedding,5,0,unconditional_subject_transport,0.748125,0.785,0.785,0.0,-4.247809833348425e-18,0.0,92,4
OPENBMI_MI_EEGNET,final_embedding,5,1,no_transport,0.748125,0.725,0.725,0.0,-5.309762291685531e-19,0.0,92,4
OPENBMI_MI_EEGNET,final_embedding,5,1,norm_matched_random,0.748125,0.725,0.725,0.0,-5.309762291685531e-19,0.0,92,4
OPENBMI_MI_EEGNET,final_embedding,5,1,same_class_mixup,0.748125,0.725,0.9293478260869565,0.20434782608695648,0.22827738654423205,4.126731453479326,92,4
OPENBMI_MI_EEGNET,final_embedding,5,1,scst,0.748125,0.725,0.725,0.0,-5.309762291685531e-19,0.0,92,4
OPENBMI_MI_EEGNET,final_embedding,5,1,unconditional_subject_transport,0.748125,0.725,0.725,0.0,-5.309762291685531e-19,0.0,92,4
OPENBMI_MI_EEGNET,final_embedding,6,0,no_transport,0.7491666666666668,0.9199999999999999,0.9199999999999999,0.0,0.0,0.0,69,3
OPENBMI_MI_EEGNET,final_embedding,6,0,norm_matched_random,0.7491666666666668,0.9199999999999999,0.9199999999999999,0.0,0.0,0.0,69,3
OPENBMI_MI_EEGNET,final_embedding,6,0,same_class_mixup,0.7491666666666668,0.9199999999999999,0.9713043478260869,0.051304347826086893,-0.00939024416509352,3.8615657878718292,69,3
OPENBMI_MI_EEGNET,final_embedding,6,0,scst,0.7491666666666668,0.9199999999999999,0.9199999999999999,0.0,0.0,0.0,69,3
OPENBMI_MI_EEGNET,final_embedding,6,0,unconditional_subject_transport,0.7491666666666668,0.9199999999999999,0.9199999999999999,0.0,0.0,0.0,69,3
OPENBMI_MI_EEGNET,final_embedding,6,1,no_transport,0.7491666666666668,0.96,0.96,0.0,-2.477889069453248e-18,0.0,69,3
OPENBMI_MI_EEGNET,final_embedding,6,1,norm_matched_random,0.7491666666666668,0.96,0.96,0.0,-2.477889069453248e-18,0.0,69,3
OPENBMI_MI_EEGNET,final_embedding,6,1,same_class_mixup,0.7491666666666668,0.96,0.9936231884057971,0.0336231884057971,-0.01419232633624506,3.8307417980171103,69,3
OPENBMI_MI_EEGNET,final_embedding,6,1,scst,0.7491666666666668,0.96,0.96,0.0,-2.477889069453248e-18,0.0,69,3
OPENBMI_MI_EEGNET,final_embedding,6,1,unconditional_subject_transport,0.7491666666666668,0.96,0.96,0.0,-2.477889069453248e-18,0.0,69,3
OPENBMI_MI_EEGNET,final_embedding,7,0,no_transport,0.748125,0.7999999999999999,0.7999999999999999,0.0,2.1239049166742124e-18,0.0,92,4
OPENBMI_MI_EEGNET,final_embedding,7,0,norm_matched_random,0.748125,0.7999999999999999,0.7999999999999999,0.0,2.1239049166742124e-18,0.0,92,4
OPENBMI_MI_EEGNET,final_embedding,7,0,same_class_mixup,0.748125,0.7999999999999999,0.9158695652173914,0.1158695652173913,0.13696423513086595,4.0504979504637175,92,4
OPENBMI_MI_EEGNET,final_embedding,7,0,scst,0.748125,0.7999999999999999,0.7999999999999999,0.0,2.1239049166742124e-18,0.0,92,4
OPENBMI_MI_EEGNET,final_embedding,7,0,unconditional_subject_transport,0.748125,0.7999999999999999,0.7999999999999999,0.0,2.1239049166742124e-18,0.0,92,4
OPENBMI_MI_EEGNET,final_embedding,7,1,no_transport,0.748125,0.725,0.725,0.0,4.513297947932701e-18,0.0,92,4
OPENBMI_MI_EEGNET,final_embedding,7,1,norm_matched_random,0.748125,0.725,0.725,0.0,4.513297947932701e-18,0.0,92,4
OPENBMI_MI_EEGNET,final_embedding,7,1,same_class_mixup,0.748125,0.725,0.9393478260869565,0.21434782608695646,0.21728047618138271,4.1118356055514775,92,4
OPENBMI_MI_EEGNET,final_embedding,7,1,scst,0.748125,0.725,0.725,0.0,4.513297947932701e-18,0.0,92,4
OPENBMI_MI_EEGNET,final_embedding,7,1,unconditional_subject_transport,0.748125,0.725,0.725,0.0,4.513297947932701e-18,0.0,92,4
OPENBMI_MI_EEGNET,final_embedding,8,0,no_transport,0.7491666666666668,0.5866666666666667,0.5866666666666667,0.0,2.8318732222322836e-18,0.0,69,3
OPENBMI_MI_EEGNET,final_embedding,8,0,norm_matched_random,0.7491666666666668,0.5866666666666667,0.5866666666666667,0.0,2.8318732222322836e-18,0.0,69,3
OPENBMI_MI_EEGNET,final_embedding,8,0,same_class_mixup,0.7491666666666668,0.5866666666666667,0.8159420289855072,0.22927536231884058,0.25619719708682026,4.1846720286555446,69,3
OPENBMI_MI_EEGNET,final_embedding,8,0,scst,0.7491666666666668,0.5866666666666667,0.5866666666666667,0.0,2.8318732222322836e-18,0.0,69,3
OPENBMI_MI_EEGNET,final_embedding,8,0,unconditional_subject_transport,0.7491666666666668,0.5866666666666667,0.5866666666666667,0.0,2.8318732222322836e-18,0.0,69,3
OPENBMI_MI_EEGNET,final_embedding,8,1,no_transport,0.7491666666666668,0.9,0.9,0.0,-3.6283375659851136e-18,0.0,69,3
OPENBMI_MI_EEGNET,final_embedding,8,1,norm_matched_random,0.7491666666666668,0.9,0.9,0.0,-3.6283375659851136e-18,0.0,69,3
OPENBMI_MI_EEGNET,final_embedding,8,1,same_class_mixup,0.7491666666666668,0.9,0.9823188405797102,0.08231884057971012,0.04629834695941912,3.9806068358521967,69,3
OPENBMI_MI_EEGNET,final_embedding,8,1,scst,0.7491666666666668,0.9,0.9,0.0,-3.6283375659851136e-18,0.0,69,3
OPENBMI_MI_EEGNET,final_embedding,8,1,unconditional_subject_transport,0.7491666666666668,0.9,0.9,0.0,-3.6283375659851136e-18,0.0,69,3
OPENBMI_MI_EEGNET,final_embedding,9,0,no_transport,0.748125,0.585,0.585,0.0,6.238970692730499e-18,0.0,92,4
OPENBMI_MI_EEGNET,final_embedding,9,0,norm_matched_random,0.748125,0.585,0.585,0.0,6.238970692730499e-18,0.0,92,4
OPENBMI_MI_EEGNET,final_embedding,9,0,same_class_mixup,0.748125,0.585,0.8171739130434783,0.23217391304347826,0.3310989618625744,4.177696306833208,92,4
OPENBMI_MI_EEGNET,final_embedding,9,0,scst,0.748125,0.585,0.585,0.0,6.238970692730499e-18,0.0,92,4
OPENBMI_MI_EEGNET,final_embedding,9,0,unconditional_subject_transport,0.748125,0.585,0.585,0.0,6.238970692730499e-18,0.0,92,4
OPENBMI_MI_EEGNET,final_embedding,9,1,no_transport,0.748125,0.73,0.73,0.0,1.59292868750566e-18,0.0,92,4
OPENBMI_MI_EEGNET,final_embedding,9,1,norm_matched_random,0.748125,0.73,0.73,0.0,1.59292868750566e-18,0.0,92,4
OPENBMI_MI_EEGNET,final_embedding,9,1,same_class_mixup,0.748125,0.73,0.9365217391304348,0.20652173913043476,0.20633187644398068,4.0774078628376484,92,4
OPENBMI_MI_EEGNET,final_embedding,9,1,scst,0.748125,0.73,0.73,0.0,1.59292868750566e-18,0.0,92,4
OPENBMI_MI_EEGNET,final_embedding,9,1,unconditional_subject_transport,0.748125,0.73,0.73,0.0,1.59292868750566e-18,0.0,92,4
OPENBMI_MI_EEGNET,final_embedding,10,0,no_transport,0.73875,0.6066666666666667,0.6066666666666667,0.0,2.8318732222322836e-18,0.0,69,3
OPENBMI_MI_EEGNET,final_embedding,10,0,norm_matched_random,0.73875,0.6066666666666667,0.6066666666666667,0.0,2.8318732222322836e-18,0.0,69,3
OPENBMI_MI_EEGNET,final_embedding,10,0,same_class_mixup,0.73875,0.6066666666666667,0.8486956521739131,0.2420289855072463,0.2342825395432053,3.9822489398549057,69,3
OPENBMI_MI_EEGNET,final_embedding,10,0,scst,0.73875,0.6066666666666667,0.6066666666666667,0.0,2.8318732222322836e-18,0.0,69,3
OPENBMI_MI_EEGNET,final_embedding,10,0,unconditional_subject_transport,0.73875,0.6066666666666667,0.6066666666666667,0.0,2.8318732222322836e-18,0.0,69,3
OPENBMI_MI_EEGNET,final_embedding,10,1,no_transport,0.73875,0.8133333333333332,0.8133333333333332,0.0,0.0,0.0,69,3
OPENBMI_MI_EEGNET,final_embedding,10,1,norm_matched_random,0.73875,0.8133333333333332,0.8133333333333332,0.0,0.0,0.0,69,3
OPENBMI_MI_EEGNET,final_embedding,10,1,same_class_mixup,0.73875,0.8133333333333332,0.9800000000000001,0.16666666666666663,0.12767480427426586,3.8860878890858217,69,3
OPENBMI_MI_EEGNET,final_embedding,10,1,scst,0.73875,0.8133333333333332,0.8133333333333332,0.0,0.0,0.0,69,3
OPENBMI_MI_EEGNET,final_embedding,10,1,unconditional_subject_transport,0.73875,0.8133333333333332,0.8133333333333332,0.0,0.0,0.0,69,3
OPENBMI_MI_EEGNET,final_embedding,11,0,no_transport,0.754375,0.83,0.83,0.0,1.1946965156292445e-18,0.0,46,2
OPENBMI_MI_EEGNET,final_embedding,11,0,norm_matched_random,0.754375,0.83,0.83,0.0,1.1946965156292445e-18,0.0,46,2
OPENBMI_MI_EEGNET,final_embedding,11,0,same_class_mixup,0.754375,0.83,0.9426086956521739,0.11260869565217385,0.08147118855190791,3.997626002709749,46,2
OPENBMI_MI_EEGNET,final_embedding,11,0,scst,0.754375,0.83,0.83,0.0,1.1946965156292445e-18,0.0,46,2
OPENBMI_MI_EEGNET,final_embedding,11,0,unconditional_subject_transport,0.754375,0.83,0.83,0.0,1.1946965156292445e-18,0.0,46,2
OPENBMI_MI_EEGNET,final_embedding,11,1,no_transport,0.754375,0.7100000000000001,0.7100000000000001,0.0,-2.389393031258489e-18,0.0,46,2
OPENBMI_MI_EEGNET,final_embedding,11,1,norm_matched_random,0.754375,0.7100000000000001,0.7100000000000001,0.0,-2.389393031258489e-18,0.0,46,2
OPENBMI_MI_EEGNET,final_embedding,11,1,same_class_mixup,0.754375,0.7100000000000001,0.946086956521739,0.23608695652173908,0.19953991988585015,3.9914510839557353,46,2
OPENBMI_MI_EEGNET,final_embedding,11,1,scst,0.754375,0.7100000000000001,0.7100000000000001,0.0,-2.389393031258489e-18,0.0,46,2
OPENBMI_MI_EEGNET,final_embedding,11,1,unconditional_subject_transport,0.754375,0.7100000000000001,0.7100000000000001,0.0,-2.389393031258489e-18,0.0,46,2
OPENBMI_MI_EEGNET,final_embedding,14,0,no_transport,0.73875,0.61,0.61,0.0,-7.964643437528296e-19,0.0,92,4
OPENBMI_MI_EEGNET,final_embedding,14,0,norm_matched_random,0.73875,0.61,0.61,0.0,-7.964643437528296e-19,0.0,92,4
OPENBMI_MI_EEGNET,final_embedding,14,0,same_class_mixup,0.73875,0.61,0.8245652173913044,0.21456521739130432,0.26012026782349645,4.1610811637864025,92,4
OPENBMI_MI_EEGNET,final_embedding,14,0,scst,0.73875,0.61,0.61,0.0,-7.964643437528296e-19,0.0,92,4
OPENBMI_MI_EEGNET,final_embedding,14,0,unconditional_subject_transport,0.73875,0.61,0.61,0.0,-7.964643437528296e-19,0.0,92,4
OPENBMI_MI_EEGNET,final_embedding,14,1,no_transport,0.73875,0.8450000000000001,0.8450000000000001,0.0,5.309762291685531e-19,0.0,92,4
OPENBMI_MI_EEGNET,final_embedding,14,1,norm_matched_random,0.73875,0.8450000000000001,0.8450000000000001,0.0,5.309762291685531e-19,0.0,92,4
OPENBMI_MI_EEGNET,final_embedding,14,1,same_class_mixup,0.73875,0.8450000000000001,0.9617391304347827,0.11673913043478251,0.11796365553274145,3.8943167295948853,92,4
OPENBMI_MI_EEGNET,final_embedding,14,1,scst,0.73875,0.8450000000000001,0.8450000000000001,0.0,5.309762291685531e-19,0.0,92,4
OPENBMI_MI_EEGNET,final_embedding,14,1,unconditional_subject_transport,0.73875,0.8450000000000001,0.8450000000000001,0.0,5.309762291685531e-19,0.0,92,4
OPENBMI_MI_EEGNET,final_embedding,15,0,no_transport,0.73875,0.73,0.73,0.0,-1.3274405729213832e-18,0.0,46,2
OPENBMI_MI_EEGNET,final_embedding,15,0,norm_matched_random,0.73875,0.73,0.73,0.0,-1.3274405729213832e-18,0.0,46,2
OPENBMI_MI_EEGNET,final_embedding,15,0,same_class_mixup,0.73875,0.73,0.8726086956521739,0.14260869565217382,0.11524173824494667,4.027011740624471,46,2
OPENBMI_MI_EEGNET,final_embedding,15,0,scst,0.73875,0.73,0.73,0.0,-1.3274405729213832e-18,0.0,46,2
OPENBMI_MI_EEGNET,final_embedding,15,0,unconditional_subject_transport,0.73875,0.73,0.73,0.0,-1.3274405729213832e-18,0.0,46,2
OPENBMI_MI_EEGNET,final_embedding,15,1,no_transport,0.73875,0.9400000000000001,0.9400000000000001,0.0,0.0,0.0,46,2
OPENBMI_MI_EEGNET,final_embedding,15,1,norm_matched_random,0.73875,0.9400000000000001,0.9400000000000001,0.0,0.0,0.0,46,2
OPENBMI_MI_EEGNET,final_embedding,15,1,same_class_mixup,0.73875,0.9400000000000001,0.998695652173913,0.058695652173912996,0.04843261959573277,4.060492987071142,46,2
OPENBMI_MI_EEGNET,final_embedding,15,1,scst,0.73875,0.9400000000000001,0.9400000000000001,0.0,0.0,0.0,46,2
OPENBMI_MI_EEGNET,final_embedding,15,1,unconditional_subject_transport,0.73875,0.9400000000000001,0.9400000000000001,0.0,0.0,0.0,46,2
OPENBMI_MI_EEGNET,final_embedding,16,0,no_transport,0.7533333333333334,0.8333333333333334,0.8333333333333334,0.0,3.805329642374631e-18,0.0,69,3
OPENBMI_MI_EEGNET,final_embedding,16,0,norm_matched_random,0.7533333333333334,0.8333333333333334,0.8333333333333334,0.0,3.805329642374631e-18,0.0,69,3
OPENBMI_MI_EEGNET,final_embedding,16,0,same_class_mixup,0.7533333333333334,0.8333333333333334,0.9466666666666665,0.11333333333333329,0.0779024468182848,3.885811895034739,69,3
OPENBMI_MI_EEGNET,final_embedding,16,0,scst,0.7533333333333334,0.8333333333333334,0.8333333333333334,0.0,3.805329642374631e-18,0.0,69,3
OPENBMI_MI_EEGNET,final_embedding,16,0,unconditional_subject_transport,0.7533333333333334,0.8333333333333334,0.8333333333333334,0.0,3.805329642374631e-18,0.0,69,3
OPENBMI_MI_EEGNET,final_embedding,16,1,no_transport,0.7533333333333334,0.8666666666666667,0.8666666666666667,0.0,-1.5044326493109004e-18,0.0,69,3
OPENBMI_MI_EEGNET,final_embedding,16,1,norm_matched_random,0.7533333333333334,0.8666666666666667,0.8666666666666667,0.0,-1.5044326493109004e-18,0.0,69,3
OPENBMI_MI_EEGNET,final_embedding,16,1,same_class_mixup,0.7533333333333334,0.8666666666666667,0.9747826086956523,0.10811594202898545,0.06400677346981708,3.9554326503721513,69,3
OPENBMI_MI_EEGNET,final_embedding,16,1,scst,0.7533333333333334,0.8666666666666667,0.8666666666666667,0.0,-1.5044326493109004e-18,0.0,69,3
OPENBMI_MI_EEGNET,final_embedding,16,1,unconditional_subject_transport,0.7533333333333334,0.8666666666666667,0.8666666666666667,0.0,-1.5044326493109004e-18,0.0,69,3
OPENBMI_MI_EEGNET,final_embedding,19,0,no_transport,0.7450000000000001,0.8799999999999999,0.8799999999999999,0.0,0.0,0.0,23,1
OPENBMI_MI_EEGNET,final_embedding,19,0,norm_matched_random,0.7450000000000001,0.8799999999999999,0.8799999999999999,0.0,0.0,0.0,23,1
OPENBMI_MI_EEGNET,final_embedding,19,0,same_class_mixup,0.7450000000000001,0.8799999999999999,0.9530434782608694,0.0730434782608695,0.10041360759543318,4.080629023154271,23,1
OPENBMI_MI_EEGNET,final_embedding,19,0,scst,0.7450000000000001,0.8799999999999999,0.8799999999999999,0.0,0.0,0.0,23,1
OPENBMI_MI_EEGNET,final_embedding,19,0,unconditional_subject_transport,0.7450000000000001,0.8799999999999999,0.8799999999999999,0.0,0.0,0.0,23,1
OPENBMI_MI_EEGNET,final_embedding,19,1,no_transport,0.7450000000000001,0.64,0.64,0.0,0.0,0.0,23,1
OPENBMI_MI_EEGNET,final_embedding,19,1,norm_matched_random,0.7450000000000001,0.64,0.64,0.0,0.0,0.0,23,1
OPENBMI_MI_EEGNET,final_embedding,19,1,same_class_mixup,0.7450000000000001,0.64,0.8895652173913043,0.24956521739130427,0.3077508439867665,3.9697684892228717,23,1
OPENBMI_MI_EEGNET,final_embedding,19,1,scst,0.7450000000000001,0.64,0.64,0.0,0.0,0.0,23,1
OPENBMI_MI_EEGNET,final_embedding,19,1,unconditional_subject_transport,0.7450000000000001,0.64,0.64,0.0,0.0,0.0,23,1
OPENBMI_MI_EEGNET,final_embedding,20,0,no_transport,0.7533333333333334,0.84,0.84,0.0,0.0,0.0,69,3
OPENBMI_MI_EEGNET,final_embedding,20,0,norm_matched_random,0.7533333333333334,0.84,0.84,0.0,0.0,0.0,69,3
OPENBMI_MI_EEGNET,final_embedding,20,0,same_class_mixup,0.7533333333333334,0.84,0.9646376811594203,0.12463768115942028,0.07227581936886834,3.9994727546435485,69,3
OPENBMI_MI_EEGNET,final_embedding,20,0,scst,0.7533333333333334,0.84,0.84,0.0,0.0,0.0,69,3
OPENBMI_MI_EEGNET,final_embedding,20,0,unconditional_subject_transport,0.7533333333333334,0.84,0.84,0.0,0.0,0.0,69,3
OPENBMI_MI_EEGNET,final_embedding,20,1,no_transport,0.7533333333333334,0.9199999999999999,0.9199999999999999,0.0,-2.8318732222322832e-18,0.0,69,3
OPENBMI_MI_EEGNET,final_embedding,20,1,norm_matched_random,0.7533333333333334,0.9199999999999999,0.9199999999999999,0.0,-2.8318732222322832e-18,0.0,69,3
OPENBMI_MI_EEGNET,final_embedding,20,1,same_class_mixup,0.7533333333333334,0.9199999999999999,0.9785507246376811,0.05855072463768111,0.05676122373834708,3.8324173312332923,69,3
OPENBMI_MI_EEGNET,final_embedding,20,1,scst,0.7533333333333334,0.9199999999999999,0.9199999999999999,0.0,-2.8318732222322832e-18,0.0,69,3
OPENBMI_MI_EEGNET,final_embedding,20,1,unconditional_subject_transport,0.7533333333333334,0.9199999999999999,0.9199999999999999,0.0,-2.8318732222322832e-18,0.0,69,3
OPENBMI_MI_EEGNET,final_embedding,21,0,no_transport,0.73875,0.82,0.82,0.0,0.0,0.0,69,3
OPENBMI_MI_EEGNET,final_embedding,21,0,norm_matched_random,0.73875,0.82,0.82,0.0,0.0,0.0,69,3
OPENBMI_MI_EEGNET,final_embedding,21,0,same_class_mixup,0.73875,0.82,0.928695652173913,0.108695652173913,0.06934774231310863,4.0868086423304835,69,3
OPENBMI_MI_EEGNET,final_embedding,21,0,scst,0.73875,0.82,0.82,0.0,0.0,0.0,69,3
OPENBMI_MI_EEGNET,final_embedding,21,0,unconditional_subject_transport,0.73875,0.82,0.82,0.0,0.0,0.0,69,3
OPENBMI_MI_EEGNET,final_embedding,21,1,no_transport,0.73875,0.8933333333333333,0.8933333333333333,0.0,1.0619524583371062e-18,0.0,69,3
OPENBMI_MI_EEGNET,final_embedding,21,1,norm_matched_random,0.73875,0.8933333333333333,0.8933333333333333,0.0,1.0619524583371062e-18,0.0,69,3
OPENBMI_MI_EEGNET,final_embedding,21,1,same_class_mixup,0.73875,0.8933333333333333,0.9797101449275362,0.0863768115942028,0.07259867878083279,4.022006613882405,69,3
OPENBMI_MI_EEGNET,final_embedding,21,1,scst,0.73875,0.8933333333333333,0.8933333333333333,0.0,1.0619524583371062e-18,0.0,69,3
OPENBMI_MI_EEGNET,final_embedding,21,1,unconditional_subject_transport,0.73875,0.8933333333333333,0.8933333333333333,0.0,1.0619524583371062e-18,0.0,69,3
OPENBMI_MI_EEGNET,final_embedding,22,0,no_transport,0.7491666666666668,0.6466666666666667,0.6466666666666667,0.0,-4.247809833348426e-18,0.0,69,3
OPENBMI_MI_EEGNET,final_embedding,22,0,norm_matched_random,0.7491666666666668,0.6466666666666667,0.6466666666666667,0.0,-4.247809833348426e-18,0.0,69,3
OPENBMI_MI_EEGNET,final_embedding,22,0,same_class_mixup,0.7491666666666668,0.6466666666666667,0.8437681159420289,0.19710144927536227,0.21839157908321497,4.06929280732738,69,3
OPENBMI_MI_EEGNET,final_embedding,22,0,scst,0.7491666666666668,0.6466666666666667,0.6466666666666667,0.0,-4.247809833348426e-18,0.0,69,3
OPENBMI_MI_EEGNET,final_embedding,22,0,unconditional_subject_transport,0.7491666666666668,0.6466666666666667,0.6466666666666667,0.0,-4.247809833348426e-18,0.0,69,3
OPENBMI_MI_EEGNET,final_embedding,22,1,no_transport,0.7491666666666668,0.8266666666666667,0.8266666666666667,0.0,0.0,0.0,69,3
OPENBMI_MI_EEGNET,final_embedding,22,1,norm_matched_random,0.7491666666666668,0.8266666666666667,0.8266666666666667,0.0,0.0,0.0,69,3
OPENBMI_MI_EEGNET,final_embedding,22,1,same_class_mixup,0.7491666666666668,0.8266666666666667,0.9692753623188405,0.14260869565217385,0.1358250192825608,4.109026878174521,69,3
OPENBMI_MI_EEGNET,final_embedding,22,1,scst,0.7491666666666668,0.8266666666666667,0.8266666666666667,0.0,0.0,0.0,69,3
OPENBMI_MI_EEGNET,final_embedding,22,1,unconditional_subject_transport,0.7491666666666668,0.8266666666666667,0.8266666666666667,0.0,0.0,0.0,69,3
OPENBMI_MI_EEGNET,final_embedding,23,0,no_transport,0.748125,0.605,0.605,0.0,1.5929286875056591e-18,0.0,92,4
OPENBMI_MI_EEGNET,final_embedding,23,0,norm_matched_random,0.748125,0.605,0.605,0.0,1.5929286875056591e-18,0.0,92,4
OPENBMI_MI_EEGNET,final_embedding,23,0,same_class_mixup,0.748125,0.605,0.8515217391304348,0.24652173913043474,0.30590734827793314,4.198781436814974,92,4
OPENBMI_MI_EEGNET,final_embedding,23,0,scst,0.748125,0.605,0.605,0.0,1.5929286875056591e-18,0.0,92,4
OPENBMI_MI_EEGNET,final_embedding,23,0,unconditional_subject_transport,0.748125,0.605,0.605,0.0,1.5929286875056591e-18,0.0,92,4
OPENBMI_MI_EEGNET,final_embedding,23,1,no_transport,0.748125,0.83,0.83,0.0,-1.7256727447977976e-18,0.0,92,4
OPENBMI_MI_EEGNET,final_embedding,23,1,norm_matched_random,0.748125,0.83,0.83,0.0,-1.7256727447977976e-18,0.0,92,4
OPENBMI_MI_EEGNET,final_embedding,23,1,same_class_mixup,0.748125,0.83,0.9669565217391304,0.13695652173913037,0.1495519530821912,3.954496332053735,92,4
OPENBMI_MI_EEGNET,final_embedding,23,1,scst,0.748125,0.83,0.83,0.0,-1.7256727447977976e-18,0.0,92,4
OPENBMI_MI_EEGNET,final_embedding,23,1,unconditional_subject_transport,0.748125,0.83,0.83,0.0,-1.7256727447977976e-18,0.0,92,4
OPENBMI_MI_EEGNET,final_embedding,26,0,no_transport,0.7533333333333334,0.8466666666666667,0.8466666666666667,0.0,-1.4159366111161416e-17,0.0,69,3
OPENBMI_MI_EEGNET,final_embedding,26,0,norm_matched_random,0.7533333333333334,0.8466666666666667,0.8466666666666667,0.0,-1.4159366111161416e-17,0.0,69,3
OPENBMI_MI_EEGNET,final_embedding,26,0,same_class_mixup,0.7533333333333334,0.8466666666666667,0.9568115942028985,0.11014492753623184,0.06955328456548095,3.934492429739465,69,3
OPENBMI_MI_EEGNET,final_embedding,26,0,scst,0.7533333333333334,0.8466666666666667,0.8466666666666667,0.0,-1.4159366111161416e-17,0.0,69,3
OPENBMI_MI_EEGNET,final_embedding,26,0,unconditional_subject_transport,0.7533333333333334,0.8466666666666667,0.8466666666666667,0.0,-1.4159366111161416e-17,0.0,69,3
OPENBMI_MI_EEGNET,final_embedding,26,1,no_transport,0.7533333333333334,0.9133333333333333,0.9133333333333333,0.0,-1.3274405729213827e-18,0.0,69,3
OPENBMI_MI_EEGNET,final_embedding,26,1,norm_matched_random,0.7533333333333334,0.9133333333333333,0.9133333333333333,0.0,-1.3274405729213827e-18,0.0,69,3
OPENBMI_MI_EEGNET,final_embedding,26,1,same_class_mixup,0.7533333333333334,0.9133333333333333,0.9718840579710145,0.05855072463768111,0.055210494218343995,3.8195220422166356,69,3
OPENBMI_MI_EEGNET,final_embedding,26,1,scst,0.7533333333333334,0.9133333333333333,0.9133333333333333,0.0,-1.3274405729213827e-18,0.0,69,3
OPENBMI_MI_EEGNET,final_embedding,26,1,unconditional_subject_transport,0.7533333333333334,0.9133333333333333,0.9133333333333333,0.0,-1.3274405729213827e-18,0.0,69,3
OPENBMI_MI_EEGNET,final_embedding,27,0,no_transport,0.7491666666666668,0.8933333333333333,0.8933333333333333,0.0,-1.4159366111161422e-18,0.0,69,3
OPENBMI_MI_EEGNET,final_embedding,27,0,norm_matched_random,0.7491666666666668,0.8933333333333333,0.8933333333333333,0.0,-1.4159366111161422e-18,0.0,69,3
OPENBMI_MI_EEGNET,final_embedding,27,0,same_class_mixup,0.7491666666666668,0.8933333333333333,0.951304347826087,0.05797101449275359,0.03540123589483494,4.09027727725154,69,3
OPENBMI_MI_EEGNET,final_embedding,27,0,scst,0.7491666666666668,0.8933333333333333,0.8933333333333333,0.0,-1.4159366111161422e-18,0.0,69,3
OPENBMI_MI_EEGNET,final_embedding,27,0,unconditional_subject_transport,0.7491666666666668,0.8933333333333333,0.8933333333333333,0.0,-1.4159366111161422e-18,0.0,69,3
OPENBMI_MI_EEGNET,final_embedding,27,1,no_transport,0.7491666666666668,0.9733333333333333,0.9733333333333333,0.0,0.0,0.0,69,3
OPENBMI_MI_EEGNET,final_embedding,27,1,norm_matched_random,0.7491666666666668,0.9733333333333333,0.9733333333333333,0.0,0.0,0.0,69,3
OPENBMI_MI_EEGNET,final_embedding,27,1,same_class_mixup,0.7491666666666668,0.9733333333333333,0.9901449275362317,0.01681159420289855,-0.014873744172451684,3.6607355326709317,69,3
OPENBMI_MI_EEGNET,final_embedding,27,1,scst,0.7491666666666668,0.9733333333333333,0.9733333333333333,0.0,0.0,0.0,69,3
OPENBMI_MI_EEGNET,final_embedding,27,1,unconditional_subject_transport,0.7491666666666668,0.9733333333333333,0.9733333333333333,0.0,0.0,0.0,69,3
OPENBMI_MI_EEGNET,final_embedding,28,0,no_transport,0.7465625,0.8,0.8,0.0,5.973482578146224e-19,0.0,92,4
OPENBMI_MI_EEGNET,final_embedding,28,0,norm_matched_random,0.7465625,0.8,0.8,0.0,5.973482578146224e-19,0.0,92,4
OPENBMI_MI_EEGNET,final_embedding,28,0,same_class_mixup,0.7465625,0.8,0.9119565217391304,0.11195652173913039,0.08819948369334617,4.156963426314325,92,4
OPENBMI_MI_EEGNET,final_embedding,28,0,scst,0.7465625,0.8,0.8,0.0,5.973482578146224e-19,0.0,92,4
OPENBMI_MI_EEGNET,final_embedding,28,0,unconditional_subject_transport,0.7465625,0.8,0.8,0.0,5.973482578146224e-19,0.0,92,4
OPENBMI_MI_EEGNET,final_embedding,28,1,no_transport,0.7465625,0.895,0.895,0.0,1.1946965156292445e-18,0.0,92,4
OPENBMI_MI_EEGNET,final_embedding,28,1,norm_matched_random,0.7465625,0.895,0.895,0.0,1.1946965156292445e-18,0.0,92,4
OPENBMI_MI_EEGNET,final_embedding,28,1,same_class_mixup,0.7465625,0.895,0.9769565217391304,0.08195652173913036,0.05653510728513287,4.003779962933691,92,4
OPENBMI_MI_EEGNET,final_embedding,28,1,scst,0.7465625,0.895,0.895,0.0,1.1946965156292445e-18,0.0,92,4
OPENBMI_MI_EEGNET,final_embedding,28,1,unconditional_subject_transport,0.7465625,0.895,0.895,0.0,1.1946965156292445e-18,0.0,92,4
OPENBMI_MI_EEGNET,final_embedding,30,0,no_transport,0.7465625,0.725,0.725,0.0,2.2566489739663513e-18,0.0,92,4
OPENBMI_MI_EEGNET,final_embedding,30,0,norm_matched_random,0.7465625,0.725,0.725,0.0,2.2566489739663513e-18,0.0,92,4
OPENBMI_MI_EEGNET,final_embedding,30,0,same_class_mixup,0.7465625,0.725,0.8786956521739131,0.153695652173913,0.15535143963207937,4.120487833450897,92,4
OPENBMI_MI_EEGNET,final_embedding,30,0,scst,0.7465625,0.725,0.725,0.0,2.2566489739663513e-18,0.0,92,4
OPENBMI_MI_EEGNET,final_embedding,30,0,unconditional_subject_transport,0.7465625,0.725,0.725,0.0,2.2566489739663513e-18,0.0,92,4
OPENBMI_MI_EEGNET,final_embedding,30,1,no_transport,0.7465625,0.715,0.715,0.0,0.0,0.0,92,4
OPENBMI_MI_EEGNET,final_embedding,30,1,norm_matched_random,0.7465625,0.715,0.715,0.0,0.0,0.0,92,4
OPENBMI_MI_EEGNET,final_embedding,30,1,same_class_mixup,0.7465625,0.715,0.9526086956521739,0.23760869565217388,0.21738637641914033,4.195692276017702,92,4
OPENBMI_MI_EEGNET,final_embedding,30,1,scst,0.7465625,0.715,0.715,0.0,0.0,0.0,92,4
OPENBMI_MI_EEGNET,final_embedding,30,1,unconditional_subject_transport,0.7465625,0.715,0.715,0.0,0.0,0.0,92,4
OPENBMI_MI_EEGNET,final_embedding,31,0,no_transport,0.748125,0.915,0.915,0.0,2.6548811458427655e-19,0.0,92,4
OPENBMI_MI_EEGNET,final_embedding,31,0,norm_matched_random,0.748125,0.915,0.915,0.0,2.6548811458427655e-19,0.0,92,4
OPENBMI_MI_EEGNET,final_embedding,31,0,same_class_mixup,0.748125,0.915,0.9732608695652173,0.058260869565217324,0.01613964183558118,4.086146058356222,92,4
OPENBMI_MI_EEGNET,final_embedding,31,0,scst,0.748125,0.915,0.915,0.0,2.6548811458427655e-19,0.0,92,4
OPENBMI_MI_EEGNET,final_embedding,31,0,unconditional_subject_transport,0.748125,0.915,0.915,0.0,2.6548811458427655e-19,0.0,92,4
OPENBMI_MI_EEGNET,final_embedding,31,1,no_transport,0.748125,0.865,0.865,0.0,0.0,0.0,92,4
OPENBMI_MI_EEGNET,final_embedding,31,1,norm_matched_random,0.748125,0.865,0.865,0.0,0.0,0.0,92,4
OPENBMI_MI_EEGNET,final_embedding,31,1,same_class_mixup,0.748125,0.865,0.9763043478260869,0.11130434782608692,0.08599394852788907,4.05404255794479,92,4
OPENBMI_MI_EEGNET,final_embedding,31,1,scst,0.748125,0.865,0.865,0.0,0.0,0.0,92,4
OPENBMI_MI_EEGNET,final_embedding,31,1,unconditional_subject_transport,0.748125,0.865,0.865,0.0,0.0,0.0,92,4
OPENBMI_MI_EEGNET,final_embedding,32,0,no_transport,0.7533333333333334,0.68,0.68,0.0,3.539841527790355e-18,0.0,69,3
OPENBMI_MI_EEGNET,final_embedding,32,0,norm_matched_random,0.7533333333333334,0.68,0.68,0.0,3.539841527790355e-18,0.0,69,3
OPENBMI_MI_EEGNET,final_embedding,32,0,same_class_mixup,0.7533333333333334,0.68,0.8765217391304347,0.19652173913043477,0.2715184997089788,4.162738454144216,69,3
OPENBMI_MI_EEGNET,final_embedding,32,0,scst,0.7533333333333334,0.68,0.68,0.0,3.539841527790355e-18,0.0,69,3
OPENBMI_MI_EEGNET,final_embedding,32,0,unconditional_subject_transport,0.7533333333333334,0.68,0.68,0.0,3.539841527790355e-18,0.0,69,3
OPENBMI_MI_EEGNET,final_embedding,32,1,no_transport,0.7533333333333334,0.76,0.76,0.0,-1.946912840284695e-18,0.0,69,3
OPENBMI_MI_EEGNET,final_embedding,32,1,norm_matched_random,0.7533333333333334,0.76,0.76,0.0,-1.946912840284695e-18,0.0,69,3
OPENBMI_MI_EEGNET,final_embedding,32,1,same_class_mixup,0.7533333333333334,0.76,0.9440579710144927,0.1840579710144927,0.19012094462123152,4.001494811170616,69,3
OPENBMI_MI_EEGNET,final_embedding,32,1,scst,0.7533333333333334,0.76,0.76,0.0,-1.946912840284695e-18,0.0,69,3
OPENBMI_MI_EEGNET,final_embedding,32,1,unconditional_subject_transport,0.7533333333333334,0.76,0.76,0.0,-1.946912840284695e-18,0.0,69,3
OPENBMI_MI_EEGNET,final_embedding,33,0,no_transport,0.7533333333333334,0.8866666666666667,0.8866666666666667,0.0,-1.946912840284695e-18,0.0,69,3
OPENBMI_MI_EEGNET,final_embedding,33,0,norm_matched_random,0.7533333333333334,0.8866666666666667,0.8866666666666667,0.0,-1.946912840284695e-18,0.0,69,3
OPENBMI_MI_EEGNET,final_embedding,33,0,same_class_mixup,0.7533333333333334,0.8866666666666667,0.9414492753623187,0.05478260869565212,0.07849542896677075,4.015498752238664,69,3
OPENBMI_MI_EEGNET,final_embedding,33,0,scst,0.7533333333333334,0.8866666666666667,0.8866666666666667,0.0,-1.946912840284695e-18,0.0,69,3
OPENBMI_MI_EEGNET,final_embedding,33,0,unconditional_subject_transport,0.7533333333333334,0.8866666666666667,0.8866666666666667,0.0,-1.946912840284695e-18,0.0,69,3
OPENBMI_MI_EEGNET,final_embedding,33,1,no_transport,0.7533333333333334,0.8066666666666666,0.8066666666666666,0.0,0.0,0.0,69,3
OPENBMI_MI_EEGNET,final_embedding,33,1,norm_matched_random,0.7533333333333334,0.8066666666666666,0.8066666666666666,0.0,0.0,0.0,69,3
OPENBMI_MI_EEGNET,final_embedding,33,1,same_class_mixup,0.7533333333333334,0.8066666666666666,0.9594202898550726,0.15275362318840577,0.1341036504901327,4.042607080098091,69,3
OPENBMI_MI_EEGNET,final_embedding,33,1,scst,0.7533333333333334,0.8066666666666666,0.8066666666666666,0.0,0.0,0.0,69,3
OPENBMI_MI_EEGNET,final_embedding,33,1,unconditional_subject_transport,0.7533333333333334,0.8066666666666666,0.8066666666666666,0.0,0.0,0.0,69,3
OPENBMI_MI_EEGNET,final_embedding,34,0,no_transport,0.7356250000000001,0.76,0.76,0.0,5.3097622916855314e-18,0.0,46,2
OPENBMI_MI_EEGNET,final_embedding,34,0,norm_matched_random,0.7356250000000001,0.76,0.76,0.0,5.3097622916855314e-18,0.0,46,2
OPENBMI_MI_EEGNET,final_embedding,34,0,same_class_mixup,0.7356250000000001,0.76,0.9013043478260869,0.1413043478260869,0.09312653527696416,3.8654309762432084,46,2
OPENBMI_MI_EEGNET,final_embedding,34,0,scst,0.7356250000000001,0.76,0.76,0.0,5.3097622916855314e-18,0.0,46,2
OPENBMI_MI_EEGNET,final_embedding,34,0,unconditional_subject_transport,0.7356250000000001,0.76,0.76,0.0,5.3097622916855314e-18,0.0,46,2
OPENBMI_MI_EEGNET,final_embedding,34,1,no_transport,0.7356250000000001,0.65,0.65,0.0,-8.49561966669685e-18,0.0,46,2
OPENBMI_MI_EEGNET,final_embedding,34,1,norm_matched_random,0.7356250000000001,0.65,0.65,0.0,-8.49561966669685e-18,0.0,46,2
OPENBMI_MI_EEGNET,final_embedding,34,1,same_class_mixup,0.7356250000000001,0.65,0.9060869565217391,0.25608695652173913,0.2943162020221794,4.069360531553724,46,2
OPENBMI_MI_EEGNET,final_embedding,34,1,scst,0.7356250000000001,0.65,0.65,0.0,-8.49561966669685e-18,0.0,46,2
OPENBMI_MI_EEGNET,final_embedding,34,1,unconditional_subject_transport,0.7356250000000001,0.65,0.65,0.0,-8.49561966669685e-18,0.0,46,2
OPENBMI_MI_EEGNET,final_embedding,35,0,no_transport,0.748125,0.915,0.915,0.0,4.513297947932701e-18,0.0,92,4
OPENBMI_MI_EEGNET,final_embedding,35,0,norm_matched_random,0.748125,0.915,0.915,0.0,4.513297947932701e-18,0.0,92,4
OPENBMI_MI_EEGNET,final_embedding,35,0,same_class_mixup,0.748125,0.915,0.9591304347826086,0.04413043478260864,0.034549319440337935,3.8420280638673607,92,4
OPENBMI_MI_EEGNET,final_embedding,35,0,scst,0.748125,0.915,0.915,0.0,4.513297947932701e-18,0.0,92,4
OPENBMI_MI_EEGNET,final_embedding,35,0,unconditional_subject_transport,0.748125,0.915,0.915,0.0,4.513297947932701e-18,0.0,92,4
OPENBMI_MI_EEGNET,final_embedding,35,1,no_transport,0.748125,0.83,0.83,0.0,-2.389393031258489e-18,0.0,92,4
OPENBMI_MI_EEGNET,final_embedding,35,1,norm_matched_random,0.748125,0.83,0.83,0.0,-2.389393031258489e-18,0.0,92,4
OPENBMI_MI_EEGNET,final_embedding,35,1,same_class_mixup,0.748125,0.83,0.9404347826086956,0.11043478260869562,0.1266861269015614,3.869240802806808,92,4
OPENBMI_MI_EEGNET,final_embedding,35,1,scst,0.748125,0.83,0.83,0.0,-2.389393031258489e-18,0.0,92,4
OPENBMI_MI_EEGNET,final_embedding,35,1,unconditional_subject_transport,0.748125,0.83,0.83,0.0,-2.389393031258489e-18,0.0,92,4
OPENBMI_MI_EEGNET,final_embedding,38,0,no_transport,0.7762500000000001,0.9,0.9,0.0,0.0,0.0,23,1
OPENBMI_MI_EEGNET,final_embedding,38,0,norm_matched_random,0.7762500000000001,0.9,0.9,0.0,0.0,0.0,23,1
OPENBMI_MI_EEGNET,final_embedding,38,0,same_class_mixup,0.7762500000000001,0.9,0.9765217391304348,0.0765217391304347,0.04572159441053185,4.012612234115755,23,1
OPENBMI_MI_EEGNET,final_embedding,38,0,scst,0.7762500000000001,0.9,0.9,0.0,0.0,0.0,23,1
OPENBMI_MI_EEGNET,final_embedding,38,0,unconditional_subject_transport,0.7762500000000001,0.9,0.9,0.0,0.0,0.0,23,1
OPENBMI_MI_EEGNET,final_embedding,38,1,no_transport,0.7762500000000001,0.64,0.64,0.0,0.0,0.0,23,1
OPENBMI_MI_EEGNET,final_embedding,38,1,norm_matched_random,0.7762500000000001,0.64,0.64,0.0,0.0,0.0,23,1
OPENBMI_MI_EEGNET,final_embedding,38,1,same_class_mixup,0.7762500000000001,0.64,0.8860869565217391,0.24608695652173906,0.31334185177569274,4.299594053396213,23,1
OPENBMI_MI_EEGNET,final_embedding,38,1,scst,0.7762500000000001,0.64,0.64,0.0,0.0,0.0,23,1
OPENBMI_MI_EEGNET,final_embedding,38,1,unconditional_subject_transport,0.7762500000000001,0.64,0.64,0.0,0.0,0.0,23,1
OPENBMI_MI_EEGNET,final_embedding,40,0,no_transport,0.7366666666666667,0.8,0.8,0.0,-1.0619524583371062e-18,0.0,69,3
OPENBMI_MI_EEGNET,final_embedding,40,0,norm_matched_random,0.7366666666666667,0.8,0.8,0.0,-1.0619524583371062e-18,0.0,69,3
OPENBMI_MI_EEGNET,final_embedding,40,0,same_class_mixup,0.7366666666666667,0.8,0.903768115942029,0.10376811594202894,0.0719324776357036,4.028236942260708,69,3
OPENBMI_MI_EEGNET,final_embedding,40,0,scst,0.7366666666666667,0.8,0.8,0.0,-1.0619524583371062e-18,0.0,69,3
OPENBMI_MI_EEGNET,final_embedding,40,0,unconditional_subject_transport,0.7366666666666667,0.8,0.8,0.0,-1.0619524583371062e-18,0.0,69,3
OPENBMI_MI_EEGNET,final_embedding,40,1,no_transport,0.7366666666666667,0.82,0.82,0.0,-2.831873222232283e-18,0.0,69,3
OPENBMI_MI_EEGNET,final_embedding,40,1,norm_matched_random,0.7366666666666667,0.82,0.82,0.0,-2.831873222232283e-18,0.0,69,3
OPENBMI_MI_EEGNET,final_embedding,40,1,same_class_mixup,0.7366666666666667,0.82,0.9681159420289854,0.14811594202898548,0.13399031369744788,4.070365660181011,69,3
OPENBMI_MI_EEGNET,final_embedding,40,1,scst,0.7366666666666667,0.82,0.82,0.0,-2.831873222232283e-18,0.0,69,3
OPENBMI_MI_EEGNET,final_embedding,40,1,unconditional_subject_transport,0.7366666666666667,0.82,0.82,0.0,-2.831873222232283e-18,0.0,69,3
OPENBMI_MI_EEGNET,final_embedding,41,0,no_transport,0.7496875,0.68,0.68,0.0,-2.65488114584277e-19,0.0,92,4
OPENBMI_MI_EEGNET,final_embedding,41,0,norm_matched_random,0.7496875,0.68,0.68,0.0,-2.65488114584277e-19,0.0,92,4
OPENBMI_MI_EEGNET,final_embedding,41,0,same_class_mixup,0.7496875,0.68,0.8676086956521738,0.1876086956521739,0.2549126021567385,4.114859285998683,92,4
OPENBMI_MI_EEGNET,final_embedding,41,0,scst,0.7496875,0.68,0.68,0.0,-2.65488114584277e-19,0.0,92,4
OPENBMI_MI_EEGNET,final_embedding,41,0,unconditional_subject_transport,0.7496875,0.68,0.68,0.0,-2.65488114584277e-19,0.0,92,4
OPENBMI_MI_EEGNET,final_embedding,41,1,no_transport,0.7496875,0.805,0.805,0.0,0.0,0.0,92,4
OPENBMI_MI_EEGNET,final_embedding,41,1,norm_matched_random,0.7496875,0.805,0.805,0.0,0.0,0.0,92,4
OPENBMI_MI_EEGNET,final_embedding,41,1,same_class_mixup,0.7496875,0.805,0.9723913043478261,0.16739130434782604,0.12204656277719449,4.08203977383044,92,4
OPENBMI_MI_EEGNET,final_embedding,41,1,scst,0.7496875,0.805,0.805,0.0,0.0,0.0,92,4
OPENBMI_MI_EEGNET,final_embedding,41,1,unconditional_subject_transport,0.7496875,0.805,0.805,0.0,0.0,0.0,92,4
OPENBMI_MI_EEGNET,final_embedding,43,0,no_transport,0.7366666666666667,0.7866666666666667,0.7866666666666667,0.0,-2.4778890694532486e-18,0.0,69,3
OPENBMI_MI_EEGNET,final_embedding,43,0,norm_matched_random,0.7366666666666667,0.7866666666666667,0.7866666666666667,0.0,-2.4778890694532486e-18,0.0,69,3
OPENBMI_MI_EEGNET,final_embedding,43,0,same_class_mixup,0.7366666666666667,0.7866666666666667,0.903768115942029,0.1171014492753623,0.07089741547271948,3.991026872988062,69,3
OPENBMI_MI_EEGNET,final_embedding,43,0,scst,0.7366666666666667,0.7866666666666667,0.7866666666666667,0.0,-2.4778890694532486e-18,0.0,69,3
OPENBMI_MI_EEGNET,final_embedding,43,0,unconditional_subject_transport,0.7366666666666667,0.7866666666666667,0.7866666666666667,0.0,-2.4778890694532486e-18,0.0,69,3
OPENBMI_MI_EEGNET,final_embedding,43,1,no_transport,0.7366666666666667,0.8866666666666667,0.8866666666666667,0.0,2.8318732222322832e-18,0.0,69,3
OPENBMI_MI_EEGNET,final_embedding,43,1,norm_matched_random,0.7366666666666667,0.8866666666666667,0.8866666666666667,0.0,2.8318732222322832e-18,0.0,69,3
OPENBMI_MI_EEGNET,final_embedding,43,1,same_class_mixup,0.7366666666666667,0.8866666666666667,0.9852173913043479,0.09855072463768115,0.06938311965671291,3.865070420640117,69,3
OPENBMI_MI_EEGNET,final_embedding,43,1,scst,0.7366666666666667,0.8866666666666667,0.8866666666666667,0.0,2.8318732222322832e-18,0.0,69,3
OPENBMI_MI_EEGNET,final_embedding,43,1,unconditional_subject_transport,0.7366666666666667,0.8866666666666667,0.8866666666666667,0.0,2.8318732222322832e-18,0.0,69,3
OPENBMI_MI_EEGNET,final_embedding,44,0,no_transport,0.7356250000000001,0.57,0.57,0.0,4.64604200522484e-18,0.0,46,2
OPENBMI_MI_EEGNET,final_embedding,44,0,norm_matched_random,0.7356250000000001,0.57,0.57,0.0,4.64604200522484e-18,0.0,46,2
OPENBMI_MI_EEGNET,final_embedding,44,0,same_class_mixup,0.7356250000000001,0.57,0.783913043478261,0.21391304347826082,0.2989284716514265,4.162075862098527,46,2
OPENBMI_MI_EEGNET,final_embedding,44,0,scst,0.7356250000000001,0.57,0.57,0.0,4.64604200522484e-18,0.0,46,2
OPENBMI_MI_EEGNET,final_embedding,44,0,unconditional_subject_transport,0.7356250000000001,0.57,0.57,0.0,4.64604200522484e-18,0.0,46,2
OPENBMI_MI_EEGNET,final_embedding,44,1,no_transport,0.7356250000000001,0.8799999999999999,0.8799999999999999,0.0,-1.5929286875056591e-18,0.0,46,2
OPENBMI_MI_EEGNET,final_embedding,44,1,norm_matched_random,0.7356250000000001,0.8799999999999999,0.8799999999999999,0.0,-1.5929286875056591e-18,0.0,46,2
OPENBMI_MI_EEGNET,final_embedding,44,1,same_class_mixup,0.7356250000000001,0.8799999999999999,0.9908695652173912,0.11086956521739126,0.07552117953387953,3.893776272245115,46,2
OPENBMI_MI_EEGNET,final_embedding,44,1,scst,0.7356250000000001,0.8799999999999999,0.8799999999999999,0.0,-1.5929286875056591e-18,0.0,46,2
OPENBMI_MI_EEGNET,final_embedding,44,1,unconditional_subject_transport,0.7356250000000001,0.8799999999999999,0.8799999999999999,0.0,-1.5929286875056591e-18,0.0,46,2
OPENBMI_MI_EEGNET,final_embedding,45,0,no_transport,0.7418750000000002,0.82,0.82,0.0,0.0,0.0,46,2
OPENBMI_MI_EEGNET,final_embedding,45,0,norm_matched_random,0.7418750000000002,0.82,0.82,0.0,0.0,0.0,46,2
OPENBMI_MI_EEGNET,final_embedding,45,0,same_class_mixup,0.7418750000000002,0.82,0.9130434782608695,0.09304347826086957,0.07499319281132479,4.072010473995767,46,2
OPENBMI_MI_EEGNET,final_embedding,45,0,scst,0.7418750000000002,0.82,0.82,0.0,0.0,0.0,46,2
OPENBMI_MI_EEGNET,final_embedding,45,0,unconditional_subject_transport,0.7418750000000002,0.82,0.82,0.0,0.0,0.0,46,2
OPENBMI_MI_EEGNET,final_embedding,45,1,no_transport,0.7418750000000002,0.75,0.75,0.0,-4.513297947932701e-18,0.0,46,2
OPENBMI_MI_EEGNET,final_embedding,45,1,norm_matched_random,0.7418750000000002,0.75,0.75,0.0,-4.513297947932701e-18,0.0,46,2
OPENBMI_MI_EEGNET,final_embedding,45,1,same_class_mixup,0.7418750000000002,0.75,0.9513043478260869,0.20130434782608692,0.19523950137505233,3.9486478750025533,46,2
OPENBMI_MI_EEGNET,final_embedding,45,1,scst,0.7418750000000002,0.75,0.75,0.0,-4.513297947932701e-18,0.0,46,2
OPENBMI_MI_EEGNET,final_embedding,45,1,unconditional_subject_transport,0.7418750000000002,0.75,0.75,0.0,-4.513297947932701e-18,0.0,46,2
OPENBMI_MI_EEGNET,final_embedding,46,0,no_transport,0.7533333333333334,0.5933333333333333,0.5933333333333333,0.0,-1.4159366111161416e-18,0.0,69,3
OPENBMI_MI_EEGNET,final_embedding,46,0,norm_matched_random,0.7533333333333334,0.5933333333333333,0.5933333333333333,0.0,-1.4159366111161416e-18,0.0,69,3
OPENBMI_MI_EEGNET,final_embedding,46,0,same_class_mixup,0.7533333333333334,0.5933333333333333,0.8049275362318841,0.2115942028985507,0.32913976465498807,4.042118567192946,69,3
OPENBMI_MI_EEGNET,final_embedding,46,0,scst,0.7533333333333334,0.5933333333333333,0.5933333333333333,0.0,-1.4159366111161416e-18,0.0,69,3
OPENBMI_MI_EEGNET,final_embedding,46,0,unconditional_subject_transport,0.7533333333333334,0.5933333333333333,0.5933333333333333,0.0,-1.4159366111161416e-18,0.0,69,3
OPENBMI_MI_EEGNET,final_embedding,46,1,no_transport,0.7533333333333334,0.8333333333333334,0.8333333333333334,0.0,1.4159366111161416e-18,0.0,69,3
OPENBMI_MI_EEGNET,final_embedding,46,1,norm_matched_random,0.7533333333333334,0.8333333333333334,0.8333333333333334,0.0,1.4159366111161416e-18,0.0,69,3
OPENBMI_MI_EEGNET,final_embedding,46,1,same_class_mixup,0.7533333333333334,0.8333333333333334,0.9486956521739129,0.11536231884057967,0.13195621061395874,4.00387368457525,69,3
OPENBMI_MI_EEGNET,final_embedding,46,1,scst,0.7533333333333334,0.8333333333333334,0.8333333333333334,0.0,1.4159366111161416e-18,0.0,69,3
OPENBMI_MI_EEGNET,final_embedding,46,1,unconditional_subject_transport,0.7533333333333334,0.8333333333333334,0.8333333333333334,0.0,1.4159366111161416e-18,0.0,69,3
OPENBMI_MI_EEGNET,final_embedding,47,0,no_transport,0.7418750000000002,0.73,0.73,0.0,-2.1239049166742124e-18,0.0,46,2
OPENBMI_MI_EEGNET,final_embedding,47,0,norm_matched_random,0.7418750000000002,0.73,0.73,0.0,-2.1239049166742124e-18,0.0,46,2
OPENBMI_MI_EEGNET,final_embedding,47,0,same_class_mixup,0.7418750000000002,0.73,0.8869565217391304,0.15695652173913033,0.13015868745348688,4.08941407539145,46,2
OPENBMI_MI_EEGNET,final_embedding,47,0,scst,0.7418750000000002,0.73,0.73,0.0,-2.1239049166742124e-18,0.0,46,2
OPENBMI_MI_EEGNET,final_embedding,47,0,unconditional_subject_transport,0.7418750000000002,0.73,0.73,0.0,-2.1239049166742124e-18,0.0,46,2
OPENBMI_MI_EEGNET,final_embedding,47,1,no_transport,0.7418750000000002,0.95,0.95,0.0,0.0,0.0,46,2
OPENBMI_MI_EEGNET,final_embedding,47,1,norm_matched_random,0.7418750000000002,0.95,0.95,0.0,0.0,0.0,46,2
OPENBMI_MI_EEGNET,final_embedding,47,1,same_class_mixup,0.7418750000000002,0.95,0.9982608695652174,0.0482608695652174,0.0030868570220560455,4.058395261257046,46,2
OPENBMI_MI_EEGNET,final_embedding,47,1,scst,0.7418750000000002,0.95,0.95,0.0,0.0,0.0,46,2
OPENBMI_MI_EEGNET,final_embedding,47,1,unconditional_subject_transport,0.7418750000000002,0.95,0.95,0.0,0.0,0.0,46,2
OPENBMI_MI_EEGNET,final_embedding,48,0,no_transport,0.73875,0.6449999999999999,0.6449999999999999,0.0,-2.123904916674213e-18,0.0,92,4
OPENBMI_MI_EEGNET,final_embedding,48,0,norm_matched_random,0.73875,0.6449999999999999,0.6449999999999999,0.0,-2.123904916674213e-18,0.0,92,4
OPENBMI_MI_EEGNET,final_embedding,48,0,same_class_mixup,0.73875,0.6449999999999999,0.8319565217391305,0.18695652173913044,0.22932762935420287,4.146830917027256,92,4
OPENBMI_MI_EEGNET,final_embedding,48,0,scst,0.73875,0.6449999999999999,0.6449999999999999,0.0,-2.123904916674213e-18,0.0,92,4
OPENBMI_MI_EEGNET,final_embedding,48,0,unconditional_subject_transport,0.73875,0.6449999999999999,0.6449999999999999,0.0,-2.123904916674213e-18,0.0,92,4
OPENBMI_MI_EEGNET,final_embedding,48,1,no_transport,0.73875,0.775,0.775,0.0,2.7212531744888348e-18,0.0,92,4
OPENBMI_MI_EEGNET,final_embedding,48,1,norm_matched_random,0.73875,0.775,0.775,0.0,2.7212531744888348e-18,0.0,92,4
OPENBMI_MI_EEGNET,final_embedding,48,1,same_class_mixup,0.73875,0.775,0.9643478260869565,0.1893478260869565,0.16111928897323083,4.087664916155722,92,4
OPENBMI_MI_EEGNET,final_embedding,48,1,scst,0.73875,0.775,0.775,0.0,2.7212531744888348e-18,0.0,92,4
OPENBMI_MI_EEGNET,final_embedding,48,1,unconditional_subject_transport,0.73875,0.775,0.775,0.0,2.7212531744888348e-18,0.0,92,4
OPENBMI_MI_EEGNET,final_embedding,49,0,no_transport,0.7533333333333334,0.8333333333333334,0.8333333333333334,0.0,0.0,0.0,69,3
OPENBMI_MI_EEGNET,final_embedding,49,0,norm_matched_random,0.7533333333333334,0.8333333333333334,0.8333333333333334,0.0,0.0,0.0,69,3
OPENBMI_MI_EEGNET,final_embedding,49,0,same_class_mixup,0.7533333333333334,0.8333333333333334,0.9359420289855073,0.10260869565217386,0.10249303696896053,4.09534870081238,69,3
OPENBMI_MI_EEGNET,final_embedding,49,0,scst,0.7533333333333334,0.8333333333333334,0.8333333333333334,0.0,0.0,0.0,69,3
OPENBMI_MI_EEGNET,final_embedding,49,0,unconditional_subject_transport,0.7533333333333334,0.8333333333333334,0.8333333333333334,0.0,0.0,0.0,69,3
OPENBMI_MI_EEGNET,final_embedding,49,1,no_transport,0.7533333333333334,0.8266666666666667,0.8266666666666667,0.0,0.0,0.0,69,3
OPENBMI_MI_EEGNET,final_embedding,49,1,norm_matched_random,0.7533333333333334,0.8266666666666667,0.8266666666666667,0.0,0.0,0.0,69,3
OPENBMI_MI_EEGNET,final_embedding,49,1,same_class_mixup,0.7533333333333334,0.8266666666666667,0.9553623188405798,0.12869565217391302,0.12323685468618745,3.991583853866103,69,3
OPENBMI_MI_EEGNET,final_embedding,49,1,scst,0.7533333333333334,0.8266666666666667,0.8266666666666667,0.0,0.0,0.0,69,3
OPENBMI_MI_EEGNET,final_embedding,49,1,unconditional_subject_transport,0.7533333333333334,0.8266666666666667,0.8266666666666667,0.0,0.0,0.0,69,3
OPENBMI_MI_EEGNET,final_embedding,50,0,no_transport,0.73875,0.5,0.5,0.0,-1.1946965156292445e-18,0.0,46,2
OPENBMI_MI_EEGNET,final_embedding,50,0,norm_matched_random,0.73875,0.5,0.5,0.0,-1.1946965156292445e-18,0.0,46,2
OPENBMI_MI_EEGNET,final_embedding,50,0,same_class_mixup,0.73875,0.5,0.7556521739130434,0.25565217391304346,0.28798492684166754,4.095050383774971,46,2
OPENBMI_MI_EEGNET,final_embedding,50,0,scst,0.73875,0.5,0.5,0.0,-1.1946965156292445e-18,0.0,46,2
OPENBMI_MI_EEGNET,final_embedding,50,0,unconditional_subject_transport,0.73875,0.5,0.5,0.0,-1.1946965156292445e-18,0.0,46,2
OPENBMI_MI_EEGNET,final_embedding,50,1,no_transport,0.73875,0.67,0.67,0.0,7.964643437528297e-18,0.0,46,2
OPENBMI_MI_EEGNET,final_embedding,50,1,norm_matched_random,0.73875,0.67,0.67,0.0,7.964643437528297e-18,0.0,46,2
OPENBMI_MI_EEGNET,final_embedding,50,1,same_class_mixup,0.73875,0.67,0.9378260869565217,0.26782608695652177,0.27114973336739284,3.9940860928367794,46,2
OPENBMI_MI_EEGNET,final_embedding,50,1,scst,0.73875,0.67,0.67,0.0,7.964643437528297e-18,0.0,46,2
OPENBMI_MI_EEGNET,final_embedding,50,1,unconditional_subject_transport,0.73875,0.67,0.67,0.0,7.964643437528297e-18,0.0,46,2
OPENBMI_MI_EEGNET,final_embedding,52,0,no_transport,0.7366666666666667,0.7733333333333333,0.7733333333333333,0.0,4.247809833348425e-18,0.0,69,3
OPENBMI_MI_EEGNET,final_embedding,52,0,norm_matched_random,0.7366666666666667,0.7733333333333333,0.7733333333333333,0.0,4.247809833348425e-18,0.0,69,3
OPENBMI_MI_EEGNET,final_embedding,52,0,same_class_mixup,0.7366666666666667,0.7733333333333333,0.8994202898550725,0.12608695652173912,0.08260962620314229,3.9823998616975675,69,3
OPENBMI_MI_EEGNET,final_embedding,52,0,scst,0.7366666666666667,0.7733333333333333,0.7733333333333333,0.0,4.247809833348425e-18,0.0,69,3
OPENBMI_MI_EEGNET,final_embedding,52,0,unconditional_subject_transport,0.7366666666666667,0.7733333333333333,0.7733333333333333,0.0,4.247809833348425e-18,0.0,69,3
OPENBMI_MI_EEGNET,final_embedding,52,1,no_transport,0.7366666666666667,0.82,0.82,0.0,1.8141687829925568e-18,0.0,69,3
OPENBMI_MI_EEGNET,final_embedding,52,1,norm_matched_random,0.7366666666666667,0.82,0.82,0.0,1.8141687829925568e-18,0.0,69,3
OPENBMI_MI_EEGNET,final_embedding,52,1,same_class_mixup,0.7366666666666667,0.82,0.9672463768115941,0.14724637681159414,0.1529871751427345,3.92647603245237,69,3
OPENBMI_MI_EEGNET,final_embedding,52,1,scst,0.7366666666666667,0.82,0.82,0.0,1.8141687829925568e-18,0.0,69,3
OPENBMI_MI_EEGNET,final_embedding,52,1,unconditional_subject_transport,0.7366666666666667,0.82,0.82,0.0,1.8141687829925568e-18,0.0,69,3
OPENBMI_MI_EEGNET,final_embedding,53,0,no_transport,0.7533333333333334,0.7466666666666667,0.7466666666666667,0.0,-1.946912840284695e-18,0.0,69,3
OPENBMI_MI_EEGNET,final_embedding,53,0,norm_matched_random,0.7533333333333334,0.7466666666666667,0.7466666666666667,0.0,-1.946912840284695e-18,0.0,69,3
OPENBMI_MI_EEGNET,final_embedding,53,0,same_class_mixup,0.7533333333333334,0.7466666666666667,0.9069565217391304,0.1602898550724637,0.17193666015792558,4.050294257652735,69,3
OPENBMI_MI_EEGNET,final_embedding,53,0,scst,0.7533333333333334,0.7466666666666667,0.7466666666666667,0.0,-1.946912840284695e-18,0.0,69,3
OPENBMI_MI_EEGNET,final_embedding,53,0,unconditional_subject_transport,0.7533333333333334,0.7466666666666667,0.7466666666666667,0.0,-1.946912840284695e-18,0.0,69,3
OPENBMI_MI_EEGNET,final_embedding,53,1,no_transport,0.7533333333333334,0.8466666666666667,0.8466666666666667,0.0,2.2234629596433164e-18,0.0,69,3
OPENBMI_MI_EEGNET,final_embedding,53,1,norm_matched_random,0.7533333333333334,0.8466666666666667,0.8466666666666667,0.0,2.2234629596433164e-18,0.0,69,3
OPENBMI_MI_EEGNET,final_embedding,53,1,same_class_mixup,0.7533333333333334,0.8466666666666667,0.9559420289855072,0.10927536231884054,0.11079840992668716,3.965764236103889,69,3
OPENBMI_MI_EEGNET,final_embedding,53,1,scst,0.7533333333333334,0.8466666666666667,0.8466666666666667,0.0,2.2234629596433164e-18,0.0,69,3
OPENBMI_MI_EEGNET,final_embedding,53,1,unconditional_subject_transport,0.7533333333333334,0.8466666666666667,0.8466666666666667,0.0,2.2234629596433164e-18,0.0,69,3
WBCIC_MI_EEGCONFORMER,final_embedding,1,0,no_transport,0.7786446599916562,0.9833333333333333,0.9833333333333333,0.0,0.0,0.0,72,3
WBCIC_MI_EEGCONFORMER,final_embedding,1,0,norm_matched_random,0.7786446599916562,0.9833333333333333,0.9645833333333333,-0.018749999999999985,-0.015305908879612938,0.2659581307397525,72,3
WBCIC_MI_EEGCONFORMER,final_embedding,1,0,same_class_mixup,0.7786446599916562,0.9833333333333333,0.9966666666666667,0.013333333333333332,-0.01355330100713272,4.010494064273335,72,3
WBCIC_MI_EEGCONFORMER,final_embedding,1,0,scst,0.7786446599916562,0.9833333333333333,0.9820833333333332,-0.0012499999999999957,0.0003004849346636149,0.2659581307397525,72,3
WBCIC_MI_EEGCONFORMER,final_embedding,1,0,unconditional_subject_transport,0.7786446599916562,0.9833333333333333,0.9818055555555555,-0.0015277777777777779,-0.001246438311501641,0.23878378472984124,72,3
WBCIC_MI_EEGCONFORMER,final_embedding,1,1,no_transport,0.7786446599916562,0.9233333333333333,0.9233333333333333,0.0,0.0,0.0,72,3
WBCIC_MI_EEGCONFORMER,final_embedding,1,1,norm_matched_random,0.7786446599916562,0.9233333333333333,0.9145833333333334,-0.008750000000000029,-0.0034391475958498573,0.24173111045743761,72,3
WBCIC_MI_EEGCONFORMER,final_embedding,1,1,same_class_mixup,0.7786446599916562,0.9233333333333333,0.9888888888888889,0.06555555555555546,0.053268652423647395,3.65114432999912,72,3
WBCIC_MI_EEGCONFORMER,final_embedding,1,1,scst,0.7786446599916562,0.9233333333333333,0.9223611111111111,-0.0009722222222222678,0.0023856902276798873,0.24173111045743767,72,3
WBCIC_MI_EEGCONFORMER,final_embedding,1,1,unconditional_subject_transport,0.7786446599916562,0.9233333333333333,0.9244444444444445,0.0011111111111110777,0.0013349568177965763,0.2034044948100677,72,3
WBCIC_MI_EEGCONFORMER,final_embedding,2,0,no_transport,0.7987742404923213,0.4588732394366197,0.4588732394366197,0.0,0.0,0.0,71,3
WBCIC_MI_EEGCONFORMER,final_embedding,2,0,norm_matched_random,0.7987742404923213,0.4588732394366197,0.47,0.011126760563380262,-0.04114108265506174,0.5409719270427719,71,3
WBCIC_MI_EEGCONFORMER,final_embedding,2,0,same_class_mixup,0.7987742404923213,0.4588732394366197,0.8809859154929577,0.42211267605633795,0.45747239698587516,3.9570203280643046,71,3
WBCIC_MI_EEGCONFORMER,final_embedding,2,0,scst,0.7987742404923213,0.4588732394366197,0.532394366197183,0.07352112676056333,0.036831034203262315,0.5409719270427719,71,3
WBCIC_MI_EEGCONFORMER,final_embedding,2,0,unconditional_subject_transport,0.7987742404923213,0.4588732394366197,0.4573239436619718,-0.0015492957746479075,-0.004305266998380583,0.4802744279317629,71,3
WBCIC_MI_EEGCONFORMER,final_embedding,2,1,no_transport,0.7987742404923213,0.7346478873239437,0.7346478873239437,0.0,0.0,0.0,71,3
WBCIC_MI_EEGCONFORMER,final_embedding,2,1,norm_matched_random,0.7987742404923213,0.7346478873239437,0.711549295774648,-0.023098591549295795,-0.00070878605140853,0.616638395925684,71,3
WBCIC_MI_EEGCONFORMER,final_embedding,2,1,same_class_mixup,0.7987742404923213,0.7346478873239437,0.9480281690140845,0.21338028169014078,0.29307561559910106,3.9712549968016724,71,3
WBCIC_MI_EEGCONFORMER,final_embedding,2,1,scst,0.7987742404923213,0.7346478873239437,0.7730985915492958,0.038450704225352086,0.03862753645427161,0.616638395925684,71,3
WBCIC_MI_EEGCONFORMER,final_embedding,2,1,unconditional_subject_transport,0.7987742404923213,0.7346478873239437,0.7430985915492957,0.008450704225352101,0.004524417484346876,0.5035950682511139,71,3
WBCIC_MI_EEGCONFORMER,final_embedding,3,0,no_transport,0.7786446599916562,0.9433333333333334,0.9433333333333334,0.0,0.0,0.0,72,3
WBCIC_MI_EEGCONFORMER,final_embedding,3,0,norm_matched_random,0.7786446599916562,0.9433333333333334,0.9358333333333333,-0.007499999999999989,-0.004702647907792307,0.20319631630593846,72,3
WBCIC_MI_EEGCONFORMER,final_embedding,3,0,same_class_mixup,0.7786446599916562,0.9433333333333334,0.98875,0.04541666666666663,0.029496003651923494,4.212683763498437,72,3
WBCIC_MI_EEGCONFORMER,final_embedding,3,0,scst,0.7786446599916562,0.9433333333333334,0.94,-0.003333333333333326,-0.006542327862505071,0.20319631630593846,72,3
WBCIC_MI_EEGCONFORMER,final_embedding,3,0,unconditional_subject_transport,0.7786446599916562,0.9433333333333334,0.9425,-0.0008333333333333333,-0.000552364179620349,0.17532294741391585,72,3
WBCIC_MI_EEGCONFORMER,final_embedding,3,1,no_transport,0.7786446599916562,0.9199999999999999,0.9199999999999999,0.0,0.0,0.0,72,3
WBCIC_MI_EEGCONFORMER,final_embedding,3,1,norm_matched_random,0.7786446599916562,0.9199999999999999,0.9115277777777777,-0.008472222222222232,-0.012770476717725125,0.2697964277140791,72,3
WBCIC_MI_EEGCONFORMER,final_embedding,3,1,same_class_mixup,0.7786446599916562,0.9199999999999999,0.9809722222222221,0.06097222222222216,0.04425598619403193,3.9027598235796868,72,3
WBCIC_MI_EEGCONFORMER,final_embedding,3,1,scst,0.7786446599916562,0.9199999999999999,0.9199999999999999,0.0,-0.002076103784596361,0.2697964277140791,72,3
WBCIC_MI_EEGCONFORMER,final_embedding,3,1,unconditional_subject_transport,0.7786446599916562,0.9199999999999999,0.9199999999999999,0.0,0.0009294200261369549,0.2536687250552973,72,3
WBCIC_MI_EEGCONFORMER,final_embedding,5,0,no_transport,0.7786446599916562,0.88,0.88,0.0,0.0,0.0,72,3
WBCIC_MI_EEGCONFORMER,final_embedding,5,0,norm_matched_random,0.7786446599916562,0.88,0.87,-0.009999999999999997,-0.008875437559417042,0.19572625170351188,72,3
WBCIC_MI_EEGCONFORMER,final_embedding,5,0,same_class_mixup,0.7786446599916562,0.88,0.9761111111111112,0.09611111111111108,0.0748409855739441,3.937104644166967,72,3
WBCIC_MI_EEGCONFORMER,final_embedding,5,0,scst,0.7786446599916562,0.88,0.8780555555555556,-0.0019444444444444427,-0.0007046726746849931,0.19572625170351188,72,3
WBCIC_MI_EEGCONFORMER,final_embedding,5,0,unconditional_subject_transport,0.7786446599916562,0.88,0.8890277777777779,0.009027777777777779,0.004088283597033072,0.168781398768487,72,3
WBCIC_MI_EEGCONFORMER,final_embedding,5,1,no_transport,0.7786446599916562,0.9333333333333333,0.9333333333333333,0.0,0.0,0.0,72,3
WBCIC_MI_EEGCONFORMER,final_embedding,5,1,norm_matched_random,0.7786446599916562,0.9333333333333333,0.9312499999999999,-0.002083333333333318,-0.0011483316643124716,0.24998205364959755,72,3
WBCIC_MI_EEGCONFORMER,final_embedding,5,1,same_class_mixup,0.7786446599916562,0.9333333333333333,0.9879166666666666,0.0545833333333333,0.023551474443711244,3.669546414233866,72,3
WBCIC_MI_EEGCONFORMER,final_embedding,5,1,scst,0.7786446599916562,0.9333333333333333,0.9323611111111111,-0.0009722222222222194,-0.003587126532802123,0.2499820536495976,72,3
WBCIC_MI_EEGCONFORMER,final_embedding,5,1,unconditional_subject_transport,0.7786446599916562,0.9333333333333333,0.9336111111111111,0.0002777777777777778,-0.0010442839446020446,0.205896135450656,72,3
WBCIC_MI_EEGCONFORMER,final_embedding,6,0,no_transport,0.7771329365079365,0.8365714285714285,0.8365714285714285,0.0,0.0,0.0,70,3
WBCIC_MI_EEGCONFORMER,final_embedding,6,0,norm_matched_random,0.7771329365079365,0.8365714285714285,0.8477142857142856,0.011142857142857168,-0.0002596249730294603,0.41504958412258725,70,3
WBCIC_MI_EEGCONFORMER,final_embedding,6,0,same_class_mixup,0.7771329365079365,0.8365714285714285,0.9681428571428571,0.1315714285714286,0.07852753855681378,4.30439295553534,70,3
WBCIC_MI_EEGCONFORMER,final_embedding,6,0,scst,0.7771329365079365,0.8365714285714285,0.8291428571428572,-0.007428571428571384,-0.012623345683765186,0.41504958412258725,70,3
WBCIC_MI_EEGCONFORMER,final_embedding,6,0,unconditional_subject_transport,0.7771329365079365,0.8365714285714285,0.8362857142857143,-0.00028571428571428574,-0.00066344955252104,0.3175777891809304,70,3
WBCIC_MI_EEGCONFORMER,final_embedding,6,1,no_transport,0.7771329365079365,0.94,0.94,0.0,0.0,0.0,70,3
WBCIC_MI_EEGCONFORMER,final_embedding,6,1,norm_matched_random,0.7771329365079365,0.94,0.9381428571428572,-0.0018571428571428456,-5.649979513498899e-05,0.470447895315656,70,3
WBCIC_MI_EEGCONFORMER,final_embedding,6,1,same_class_mixup,0.7771329365079365,0.94,0.9835714285714285,0.04357142857142855,0.02738321224770413,3.868649793528754,70,3
WBCIC_MI_EEGCONFORMER,final_embedding,6,1,scst,0.7771329365079365,0.94,0.9247142857142858,-0.01528571428571427,-0.013998326240571811,0.470447895315656,70,3
WBCIC_MI_EEGCONFORMER,final_embedding,6,1,unconditional_subject_transport,0.7771329365079365,0.94,0.9388571428571428,-0.001142857142857143,-0.0007748726898405976,0.4421787511096141,70,3
WBCIC_MI_EEGCONFORMER,final_embedding,7,0,no_transport,0.7707115628690793,0.7897183098591549,0.7897183098591549,0.0,0.0,0.0,71,3
WBCIC_MI_EEGCONFORMER,final_embedding,7,0,norm_matched_random,0.7707115628690793,0.7897183098591549,0.7890140845070422,-0.0007042253521127125,-0.006369830577557727,0.2913123558206832,71,3
WBCIC_MI_EEGCONFORMER,final_embedding,7,0,same_class_mixup,0.7707115628690793,0.7897183098591549,0.9702816901408451,0.18056338028169006,0.1388610034155294,3.8413654870901954,71,3
WBCIC_MI_EEGCONFORMER,final_embedding,7,0,scst,0.7707115628690793,0.7897183098591549,0.785774647887324,-0.003943661971831008,-0.007345790446993444,0.2913123558206832,71,3
WBCIC_MI_EEGCONFORMER,final_embedding,7,0,unconditional_subject_transport,0.7707115628690793,0.7897183098591549,0.7869014084507043,-0.0028169014084507126,-0.0029487999942757327,0.24022991549720335,71,3
WBCIC_MI_EEGCONFORMER,final_embedding,7,1,no_transport,0.7707115628690793,0.734225352112676,0.734225352112676,0.0,0.0,0.0,71,3
WBCIC_MI_EEGCONFORMER,final_embedding,7,1,norm_matched_random,0.7707115628690793,0.734225352112676,0.719718309859155,-0.014507042253521108,-0.008051205481342548,0.34959743794611214,71,3
WBCIC_MI_EEGCONFORMER,final_embedding,7,1,same_class_mixup,0.7707115628690793,0.734225352112676,0.9380281690140845,0.20380281690140845,0.18935311427539722,3.6854950011783822,71,3
WBCIC_MI_EEGCONFORMER,final_embedding,7,1,scst,0.7707115628690793,0.734225352112676,0.7247887323943663,-0.009436619718309829,-0.00287699646696535,0.34959743794611214,71,3
WBCIC_MI_EEGCONFORMER,final_embedding,7,1,unconditional_subject_transport,0.7707115628690793,0.734225352112676,0.7353521126760564,0.0011267605633802818,0.0014370131291755197,0.30780060135609383,71,3
WBCIC_MI_EEGCONFORMER,final_embedding,9,0,no_transport,0.7579992873035739,0.7022857142857143,0.7022857142857143,0.0,0.0,0.0,70,3
WBCIC_MI_EEGCONFORMER,final_embedding,9,0,norm_matched_random,0.7579992873035739,0.7022857142857143,0.7051428571428572,0.0028571428571428606,-0.005730903457925564,0.5357633879235485,70,3
WBCIC_MI_EEGCONFORMER,final_embedding,9,0,same_class_mixup,0.7579992873035739,0.7022857142857143,0.9445714285714286,0.2422857142857143,0.22515244079384103,3.722189216564261,70,3
WBCIC_MI_EEGCONFORMER,final_embedding,9,0,scst,0.7579992873035739,0.7022857142857143,0.7515714285714286,0.04928571428571427,0.02716086352663873,0.5357633879235485,70,3
WBCIC_MI_EEGCONFORMER,final_embedding,9,0,unconditional_subject_transport,0.7579992873035739,0.7022857142857143,0.6784285714285715,-0.02385714285714285,-0.011369219146702702,0.4864771640450387,70,3
WBCIC_MI_EEGCONFORMER,final_embedding,9,1,no_transport,0.7579992873035739,0.7644285714285713,0.7644285714285713,0.0,0.0,0.0,70,3
WBCIC_MI_EEGCONFORMER,final_embedding,9,1,norm_matched_random,0.7579992873035739,0.7644285714285713,0.7477142857142858,-0.016714285714285685,0.0025005559768800536,0.6821335920753329,70,3
WBCIC_MI_EEGCONFORMER,final_embedding,9,1,same_class_mixup,0.7579992873035739,0.7644285714285713,0.9512857142857143,0.18685714285714286,0.2254574488667379,3.9047938027631615,70,3
WBCIC_MI_EEGCONFORMER,final_embedding,9,1,scst,0.7579992873035739,0.7644285714285713,0.8062857142857143,0.04185714285714286,0.04631140414065849,0.6821335920753328,70,3
WBCIC_MI_EEGCONFORMER,final_embedding,9,1,unconditional_subject_transport,0.7579992873035739,0.7644285714285713,0.7744285714285715,0.010000000000000002,0.010891270921168475,0.5528860687219432,70,3
WBCIC_MI_EEGCONFORMER,final_embedding,11,0,no_transport,0.7987742404923213,0.7188732394366197,0.7188732394366197,0.0,0.0,0.0,71,3
WBCIC_MI_EEGCONFORMER,final_embedding,11,0,norm_matched_random,0.7987742404923213,0.7188732394366197,0.7152112676056338,-0.003661971830985931,-0.008500053117642929,0.3140865739174238,71,3
WBCIC_MI_EEGCONFORMER,final_embedding,11,0,same_class_mixup,0.7987742404923213,0.7188732394366197,0.9442253521126761,0.2253521126760563,0.2094070806201752,3.7343472252495413,71,3
WBCIC_MI_EEGCONFORMER,final_embedding,11,0,scst,0.7987742404923213,0.7188732394366197,0.7156338028169015,-0.0032394366197183258,-0.009118331720797698,0.3140865739174238,71,3
WBCIC_MI_EEGCONFORMER,final_embedding,11,0,unconditional_subject_transport,0.7987742404923213,0.7188732394366197,0.7257746478873239,0.006901408450704203,0.004346863397608603,0.25903285471046006,71,3
WBCIC_MI_EEGCONFORMER,final_embedding,11,1,no_transport,0.7987742404923213,0.9005633802816903,0.9005633802816903,0.0,0.0,0.0,71,3
WBCIC_MI_EEGCONFORMER,final_embedding,11,1,norm_matched_random,0.7987742404923213,0.9005633802816903,0.8946478873239437,-0.005915492957746503,-0.004583373197917415,0.425207614184268,71,3
WBCIC_MI_EEGCONFORMER,final_embedding,11,1,same_class_mixup,0.7987742404923213,0.9005633802816903,0.9773239436619718,0.07676056338028162,0.11390857597848499,3.73008976009834,71,3
WBCIC_MI_EEGCONFORMER,final_embedding,11,1,scst,0.7987742404923213,0.9005633802816903,0.8908450704225352,-0.009718309859154941,-0.010072992320700488,0.425207614184268,71,3
WBCIC_MI_EEGCONFORMER,final_embedding,11,1,unconditional_subject_transport,0.7987742404923213,0.9005633802816903,0.8909859154929577,-0.009577464788732408,-0.0030652764251292873,0.3618908878574607,71,3
WBCIC_MI_EEGCONFORMER,final_embedding,12,0,no_transport,0.7707115628690793,0.6552112676056338,0.6552112676056338,0.0,0.0,0.0,71,3
WBCIC_MI_EEGCONFORMER,final_embedding,12,0,norm_matched_random,0.7707115628690793,0.6552112676056338,0.5573239436619718,-0.09788732394366195,-0.09381269123865213,0.8701187187695265,71,3
WBCIC_MI_EEGCONFORMER,final_embedding,12,0,same_class_mixup,0.7707115628690793,0.6552112676056338,0.9295774647887324,0.27436619718309857,0.34351667968739674,3.81824414788456,71,3
WBCIC_MI_EEGCONFORMER,final_embedding,12,0,scst,0.7707115628690793,0.6552112676056338,0.7497183098591549,0.0945070422535211,0.08850741632369605,0.8701187187695265,71,3
WBCIC_MI_EEGCONFORMER,final_embedding,12,0,unconditional_subject_transport,0.7707115628690793,0.6552112676056338,0.6445070422535211,-0.010704225352112663,0.002111531363235876,0.7204612675513934,71,3
WBCIC_MI_EEGCONFORMER,final_embedding,12,1,no_transport,0.7707115628690793,0.5981690140845071,0.5981690140845071,0.0,0.0,0.0,71,3
WBCIC_MI_EEGCONFORMER,final_embedding,12,1,norm_matched_random,0.7707115628690793,0.5981690140845071,0.572112676056338,-0.026056338028168976,-0.05933750314421369,0.7330996805538381,71,3
WBCIC_MI_EEGCONFORMER,final_embedding,12,1,same_class_mixup,0.7707115628690793,0.5981690140845071,0.9174647887323943,0.31929577464788733,0.3163092759888304,3.706565699851587,71,3
WBCIC_MI_EEGCONFORMER,final_embedding,12,1,scst,0.7707115628690793,0.5981690140845071,0.7102816901408451,0.11211267605633803,0.07224548211298211,0.7330996805538381,71,3
WBCIC_MI_EEGCONFORMER,final_embedding,12,1,unconditional_subject_transport,0.7707115628690793,0.5981690140845071,0.5992957746478873,0.0011267605633802971,-0.0003947267132548394,0.6054352205850835,71,3
WBCIC_MI_EEGCONFORMER,final_embedding,13,0,no_transport,0.7987742404923213,0.6508450704225353,0.6508450704225353,0.0,0.0,0.0,71,3
WBCIC_MI_EEGCONFORMER,final_embedding,13,0,norm_matched_random,0.7987742404923213,0.6508450704225353,0.6398591549295775,-0.010985915492957736,-0.04485427427806988,0.5057445452323781,71,3
WBCIC_MI_EEGCONFORMER,final_embedding,13,0,same_class_mixup,0.7987742404923213,0.6508450704225353,0.9338028169014084,0.28295774647887323,0.30138604668047503,3.7837017814602736,71,3
WBCIC_MI_EEGCONFORMER,final_embedding,13,0,scst,0.7987742404923213,0.6508450704225353,0.6185915492957746,-0.032253521126760554,-0.026631792174109593,0.5057445452323781,71,3
WBCIC_MI_EEGCONFORMER,final_embedding,13,0,unconditional_subject_transport,0.7987742404923213,0.6508450704225353,0.6550704225352112,0.004225352112676045,0.002580954244826739,0.42754936556717105,71,3
WBCIC_MI_EEGCONFORMER,final_embedding,13,1,no_transport,0.7987742404923213,0.6623943661971831,0.6623943661971831,0.0,0.0,0.0,71,3
WBCIC_MI_EEGCONFORMER,final_embedding,13,1,norm_matched_random,0.7987742404923213,0.6623943661971831,0.6159154929577464,-0.04647887323943661,-0.02078563926189043,0.5346369086155196,71,3
WBCIC_MI_EEGCONFORMER,final_embedding,13,1,same_class_mixup,0.7987742404923213,0.6623943661971831,0.951549295774648,0.2891549295774648,0.33550329746132085,3.94867461479305,71,3
WBCIC_MI_EEGCONFORMER,final_embedding,13,1,scst,0.7987742404923213,0.6623943661971831,0.6138028169014085,-0.048591549295774625,-0.03423306131295384,0.5346369086155196,71,3
WBCIC_MI_EEGCONFORMER,final_embedding,13,1,unconditional_subject_transport,0.7987742404923213,0.6623943661971831,0.6608450704225353,-0.0015492957746478834,-0.001256045049366897,0.43631580410636034,71,3
WBCIC_MI_EEGCONFORMER,final_embedding,14,0,no_transport,0.7707115628690793,0.6976056338028169,0.6976056338028169,0.0,0.0,0.0,71,3
WBCIC_MI_EEGCONFORMER,final_embedding,14,0,norm_matched_random,0.7707115628690793,0.6976056338028169,0.6197183098591549,-0.077887323943662,-0.07368519604881853,0.9225053571155597,71,3
WBCIC_MI_EEGCONFORMER,final_embedding,14,0,same_class_mixup,0.7707115628690793,0.6976056338028169,0.9659154929577465,0.2683098591549295,0.27109694657793026,3.824482946619865,71,3
WBCIC_MI_EEGCONFORMER,final_embedding,14,0,scst,0.7707115628690793,0.6976056338028169,0.813661971830986,0.11605633802816896,0.08557591260455875,0.9225053571155597,71,3
WBCIC_MI_EEGCONFORMER,final_embedding,14,0,unconditional_subject_transport,0.7707115628690793,0.6976056338028169,0.7021126760563381,0.004507042253521099,0.001030206186118447,0.7559927698928458,71,3
WBCIC_MI_EEGCONFORMER,final_embedding,14,1,no_transport,0.7707115628690793,0.355774647887324,0.355774647887324,0.0,0.0,0.0,71,3
WBCIC_MI_EEGCONFORMER,final_embedding,14,1,norm_matched_random,0.7707115628690793,0.355774647887324,0.43352112676056337,0.07774647887323943,0.029536153355154027,0.9313280726478192,71,3
WBCIC_MI_EEGCONFORMER,final_embedding,14,1,same_class_mixup,0.7707115628690793,0.355774647887324,0.9004225352112676,0.5446478873239436,0.43717834721507604,3.74159801388013,71,3
WBCIC_MI_EEGCONFORMER,final_embedding,14,1,scst,0.7707115628690793,0.355774647887324,0.5405633802816902,0.18478873239436616,0.10809318747048548,0.9313280726478192,71,3
WBCIC_MI_EEGCONFORMER,final_embedding,14,1,unconditional_subject_transport,0.7707115628690793,0.355774647887324,0.3453521126760563,-0.010422535211267608,-0.0030083335903685108,0.7672785959426203,71,3
WBCIC_MI_EEGCONFORMER,final_embedding,16,0,no_transport,0.7786446599916562,0.6466666666666667,0.6466666666666667,0.0,0.0,0.0,72,3
WBCIC_MI_EEGCONFORMER,final_embedding,16,0,norm_matched_random,0.7786446599916562,0.6466666666666667,0.6023611111111111,-0.04430555555555554,-0.04889023072829612,1.127613490640536,72,3
WBCIC_MI_EEGCONFORMER,final_embedding,16,0,same_class_mixup,0.7786446599916562,0.6466666666666667,0.9483333333333334,0.30166666666666664,0.2567193933021291,3.7951338810854502,72,3
WBCIC_MI_EEGCONFORMER,final_embedding,16,0,scst,0.7786446599916562,0.6466666666666667,0.7929166666666666,0.14625,0.08785731140399945,1.127613490640536,72,3
WBCIC_MI_EEGCONFORMER,final_embedding,16,0,unconditional_subject_transport,0.7786446599916562,0.6466666666666667,0.6034722222222223,-0.04319444444444439,-0.02098609650477452,0.9738355443221463,72,3
WBCIC_MI_EEGCONFORMER,final_embedding,16,1,no_transport,0.7786446599916562,0.5933333333333333,0.5933333333333333,0.0,0.0,0.0,72,3
WBCIC_MI_EEGCONFORMER,final_embedding,16,1,norm_matched_random,0.7786446599916562,0.5933333333333333,0.5258333333333334,-0.06749999999999998,-0.09075480618119579,0.9308327199429868,72,3
WBCIC_MI_EEGCONFORMER,final_embedding,16,1,same_class_mixup,0.7786446599916562,0.5933333333333333,0.9370833333333333,0.34375,0.3502654143988292,3.8560084686642018,72,3
WBCIC_MI_EEGCONFORMER,final_embedding,16,1,scst,0.7786446599916562,0.5933333333333333,0.7061111111111111,0.11277777777777774,0.0957475200304355,0.9308327199429868,72,3
WBCIC_MI_EEGCONFORMER,final_embedding,16,1,unconditional_subject_transport,0.7786446599916562,0.5933333333333333,0.6119444444444445,0.018611111111111092,0.015553954164092172,0.7499663329785484,72,3
WBCIC_MI_EEGCONFORMER,final_embedding,17,0,no_transport,0.7707115628690793,0.8528169014084508,0.8528169014084508,0.0,0.0,0.0,71,3
WBCIC_MI_EEGCONFORMER,final_embedding,17,0,norm_matched_random,0.7707115628690793,0.8528169014084508,0.8270422535211267,-0.025774647887323955,-0.03130977379959725,0.36018665292806196,71,3
WBCIC_MI_EEGCONFORMER,final_embedding,17,0,same_class_mixup,0.7707115628690793,0.8528169014084508,0.9745070422535211,0.12169014084507035,0.11720276070996152,3.880778269976741,71,3
WBCIC_MI_EEGCONFORMER,final_embedding,17,0,scst,0.7707115628690793,0.8528169014084508,0.8640845070422536,0.011267605633802793,0.010914432974772688,0.36018665292806196,71,3
WBCIC_MI_EEGCONFORMER,final_embedding,17,0,unconditional_subject_transport,0.7707115628690793,0.8528169014084508,0.8436619718309859,-0.009154929577464787,-0.0025935832675585122,0.302547701193665,71,3
WBCIC_MI_EEGCONFORMER,final_embedding,17,1,no_transport,0.7707115628690793,0.8376056338028169,0.8376056338028169,0.0,0.0,0.0,71,3
WBCIC_MI_EEGCONFORMER,final_embedding,17,1,norm_matched_random,0.7707115628690793,0.8376056338028169,0.8347887323943662,-0.0028169014084506944,-0.010221943053852404,0.34793909328541484,71,3
WBCIC_MI_EEGCONFORMER,final_embedding,17,1,same_class_mixup,0.7707115628690793,0.8376056338028169,0.9576056338028168,0.11999999999999994,0.11976070736828152,3.592106348864102,71,3
WBCIC_MI_EEGCONFORMER,final_embedding,17,1,scst,0.7707115628690793,0.8376056338028169,0.854225352112676,0.016619718309859158,0.010929170997518273,0.3479390932854148,71,3
WBCIC_MI_EEGCONFORMER,final_embedding,17,1,unconditional_subject_transport,0.7707115628690793,0.8376056338028169,0.8391549295774647,0.0015492957746478875,-0.00012328030518543573,0.30545823774841313,71,3
WBCIC_MI_EEGCONFORMER,final_embedding,18,0,no_transport,0.7987742404923213,0.729718309859155,0.729718309859155,0.0,0.0,0.0,71,3
WBCIC_MI_EEGCONFORMER,final_embedding,18,0,norm_matched_random,0.7987742404923213,0.729718309859155,0.6857746478873239,-0.04394366197183096,-0.04887115123094792,0.6882551282099324,71,3
WBCIC_MI_EEGCONFORMER,final_embedding,18,0,same_class_mixup,0.7987742404923213,0.729718309859155,0.9538028169014084,0.2240845070422535,0.22014249695490015,3.617576299195268,71,3
WBCIC_MI_EEGCONFORMER,final_embedding,18,0,scst,0.7987742404923213,0.729718309859155,0.8215492957746479,0.09183098591549295,0.06602331383592597,0.6882551282099325,71,3
WBCIC_MI_EEGCONFORMER,final_embedding,18,0,unconditional_subject_transport,0.7987742404923213,0.729718309859155,0.7140845070422536,-0.01563380281690139,-0.005910796336262886,0.5989864771388053,71,3
WBCIC_MI_EEGCONFORMER,final_embedding,18,1,no_transport,0.7987742404923213,0.7343661971830986,0.7343661971830986,0.0,0.0,0.0,71,3
WBCIC_MI_EEGCONFORMER,final_embedding,18,1,norm_matched_random,0.7987742404923213,0.7343661971830986,0.7161971830985916,-0.01816901408450702,-0.013590097099267133,0.819969321374951,71,3
WBCIC_MI_EEGCONFORMER,final_embedding,18,1,same_class_mixup,0.7987742404923213,0.7343661971830986,0.9625352112676057,0.22816901408450704,0.23838066614648318,3.708690377363787,71,3
WBCIC_MI_EEGCONFORMER,final_embedding,18,1,scst,0.7987742404923213,0.7343661971830986,0.8349295774647888,0.10056338028169014,0.0844560465430282,0.819969321374951,71,3
WBCIC_MI_EEGCONFORMER,final_embedding,18,1,unconditional_subject_transport,0.7987742404923213,0.7343661971830986,0.7508450704225352,0.016478873239436614,0.008066461048665274,0.6485557186206697,71,3
WBCIC_MI_EEGCONFORMER,final_embedding,19,0,no_transport,0.7786446599916562,0.9433333333333334,0.9433333333333334,0.0,0.0,0.0,72,3
WBCIC_MI_EEGCONFORMER,final_embedding,19,0,norm_matched_random,0.7786446599916562,0.9433333333333334,0.942361111111111,-0.0009722222222221658,-0.0022099010042124266,0.1565798632887585,72,3
WBCIC_MI_EEGCONFORMER,final_embedding,19,0,same_class_mixup,0.7786446599916562,0.9433333333333334,0.98875,0.04541666666666667,0.0035873985221525928,4.023306520284335,72,3
WBCIC_MI_EEGCONFORMER,final_embedding,19,0,scst,0.7786446599916562,0.9433333333333334,0.9527777777777777,0.00944444444444446,0.0070223965346805466,0.1565798632887585,72,3
WBCIC_MI_EEGCONFORMER,final_embedding,19,0,unconditional_subject_transport,0.7786446599916562,0.9433333333333334,0.9415277777777776,-0.0018055555555555364,-0.001313593951516469,0.13851311710097336,72,3
WBCIC_MI_EEGCONFORMER,final_embedding,19,1,no_transport,0.7786446599916562,0.9700000000000001,0.9700000000000001,0.0,0.0,0.0,72,3
WBCIC_MI_EEGCONFORMER,final_embedding,19,1,norm_matched_random,0.7786446599916562,0.9700000000000001,0.9648611111111111,-0.005138888888888873,-0.0048346514473322595,0.31014882340256716,72,3
WBCIC_MI_EEGCONFORMER,final_embedding,19,1,same_class_mixup,0.7786446599916562,0.9700000000000001,0.9943055555555556,0.02430555555555556,-0.012418400395801799,3.76431785276011,72,3
WBCIC_MI_EEGCONFORMER,final_embedding,19,1,scst,0.7786446599916562,0.9700000000000001,0.9715277777777778,0.0015277777777777833,0.004178693457475764,0.31014882340256716,72,3
WBCIC_MI_EEGCONFORMER,final_embedding,19,1,unconditional_subject_transport,0.7786446599916562,0.9700000000000001,0.9700000000000001,0.0,0.0005235222236233965,0.2588164628680188,72,3
WBCIC_MI_EEGCONFORMER,final_embedding,21,0,no_transport,0.7786446599916562,0.8999999999999999,0.8999999999999999,0.0,0.0,0.0,72,3
WBCIC_MI_EEGCONFORMER,final_embedding,21,0,norm_matched_random,0.7786446599916562,0.8999999999999999,0.8944444444444445,-0.005555555555555546,-0.005147891467785552,0.18238976746091326,72,3
WBCIC_MI_EEGCONFORMER,final_embedding,21,0,same_class_mixup,0.7786446599916562,0.8999999999999999,0.9774999999999999,0.07749999999999999,0.06167316784608418,4.055018707049394,72,3
WBCIC_MI_EEGCONFORMER,final_embedding,21,0,scst,0.7786446599916562,0.8999999999999999,0.8909722222222223,-0.009027777777777773,-0.006690976949449038,0.18238976746091326,72,3
WBCIC_MI_EEGCONFORMER,final_embedding,21,0,unconditional_subject_transport,0.7786446599916562,0.8999999999999999,0.8968055555555554,-0.0031944444444444446,-0.0017846933235376842,0.15260791853592212,72,3
WBCIC_MI_EEGCONFORMER,final_embedding,21,1,no_transport,0.7786446599916562,0.87,0.87,0.0,0.0,0.0,72,3
WBCIC_MI_EEGCONFORMER,final_embedding,21,1,norm_matched_random,0.7786446599916562,0.87,0.8630555555555556,-0.006944444444444437,-0.007845690754808345,0.2743150236586925,72,3
WBCIC_MI_EEGCONFORMER,final_embedding,21,1,same_class_mixup,0.7786446599916562,0.87,0.9773611111111111,0.10736111111111107,0.08388424076021032,3.647706306459334,72,3
WBCIC_MI_EEGCONFORMER,final_embedding,21,1,scst,0.7786446599916562,0.87,0.8636111111111111,-0.006388888888888871,-0.00438455042945322,0.27431502365869254,72,3
WBCIC_MI_EEGCONFORMER,final_embedding,21,1,unconditional_subject_transport,0.7786446599916562,0.87,0.8751388888888889,0.005138888888888889,0.0014799617606477008,0.23976159636175712,72,3
WBCIC_MI_EEGCONFORMER,final_embedding,22,0,no_transport,0.7579992873035739,0.9034285714285715,0.9034285714285715,0.0,0.0,0.0,70,3
WBCIC_MI_EEGCONFORMER,final_embedding,22,0,norm_matched_random,0.7579992873035739,0.9034285714285715,0.8502857142857143,-0.05314285714285715,-0.027962188521929367,0.5337084135222836,70,3
WBCIC_MI_EEGCONFORMER,final_embedding,22,0,same_class_mixup,0.7579992873035739,0.9034285714285715,0.983,0.07957142857142847,0.10207715437492049,3.625101087648988,70,3
WBCIC_MI_EEGCONFORMER,final_embedding,22,0,scst,0.7579992873035739,0.9034285714285715,0.9205714285714285,0.017142857142857133,0.036939937012715626,0.5337084135222836,70,3
WBCIC_MI_EEGCONFORMER,final_embedding,22,0,unconditional_subject_transport,0.7579992873035739,0.9034285714285715,0.911,0.007571428571428572,0.009823717385118141,0.46946068939844454,70,3
WBCIC_MI_EEGCONFORMER,final_embedding,22,1,no_transport,0.7579992873035739,0.8604285714285714,0.8604285714285714,0.0,0.0,0.0,70,3
WBCIC_MI_EEGCONFORMER,final_embedding,22,1,norm_matched_random,0.7579992873035739,0.8604285714285714,0.8421428571428572,-0.018285714285714308,-0.012789012795995288,0.814382072049603,70,3
WBCIC_MI_EEGCONFORMER,final_embedding,22,1,same_class_mixup,0.7579992873035739,0.8604285714285714,0.9711428571428572,0.11071428571428563,0.1303180979078215,3.749277526523669,70,3
WBCIC_MI_EEGCONFORMER,final_embedding,22,1,scst,0.7579992873035739,0.8604285714285714,0.8824285714285715,0.021999999999999978,0.02531155161404247,0.814382072049603,70,3
WBCIC_MI_EEGCONFORMER,final_embedding,22,1,unconditional_subject_transport,0.7579992873035739,0.8604285714285714,0.8211428571428571,-0.03928571428571428,-0.014361814832158707,0.736300336578345,70,3
WBCIC_MI_EEGCONFORMER,final_embedding,23,0,no_transport,0.7771329365079365,0.9597142857142856,0.9597142857142856,0.0,0.0,0.0,70,3
WBCIC_MI_EEGCONFORMER,final_embedding,23,0,norm_matched_random,0.7771329365079365,0.9597142857142856,0.9581428571428571,-0.0015714285714285535,0.0007336907380390169,0.37114388892110245,70,3
WBCIC_MI_EEGCONFORMER,final_embedding,23,0,same_class_mixup,0.7771329365079365,0.9597142857142856,0.9938571428571428,0.03414285714285714,0.005467428460181818,3.722277432856221,70,3
WBCIC_MI_EEGCONFORMER,final_embedding,23,0,scst,0.7771329365079365,0.9597142857142856,0.9431428571428571,-0.016571428571428536,-0.011133495033262024,0.37114388892110245,70,3
WBCIC_MI_EEGCONFORMER,final_embedding,23,0,unconditional_subject_transport,0.7771329365079365,0.9597142857142856,0.9611428571428572,0.0014285714285714388,0.002195060191930399,0.3319167802022897,70,3
WBCIC_MI_EEGCONFORMER,final_embedding,23,1,no_transport,0.7771329365079365,0.9667142857142857,0.9667142857142857,0.0,0.0,0.0,70,3
WBCIC_MI_EEGCONFORMER,final_embedding,23,1,norm_matched_random,0.7771329365079365,0.9667142857142857,0.9552857142857144,-0.011428571428571406,-0.0046959364340654125,0.7696397473027764,70,3
WBCIC_MI_EEGCONFORMER,final_embedding,23,1,same_class_mixup,0.7771329365079365,0.9667142857142857,0.9921428571428572,0.025428571428571432,0.011866524078012726,3.549969100146557,70,3
WBCIC_MI_EEGCONFORMER,final_embedding,23,1,scst,0.7771329365079365,0.9667142857142857,0.942,-0.024714285714285678,-0.02152530557727161,0.7696397473027764,70,3
WBCIC_MI_EEGCONFORMER,final_embedding,23,1,unconditional_subject_transport,0.7771329365079365,0.9667142857142857,0.9637142857142856,-0.0029999999999999988,-0.0034485554235769425,0.5824759127016376,70,3
WBCIC_MI_EEGCONFORMER,final_embedding,24,0,no_transport,0.7771329365079365,0.9418470418470418,0.9418470418470418,0.0,-3.6847228811513137e-19,0.0,70,3
WBCIC_MI_EEGCONFORMER,final_embedding,24,0,norm_matched_random,0.7771329365079365,0.9418470418470418,0.9386724386724385,-0.0031746031746031672,-0.007776357334981234,0.23517394670172917,70,3
WBCIC_MI_EEGCONFORMER,final_embedding,24,0,same_class_mixup,0.7771329365079365,0.9418470418470418,0.9823953823953825,0.04054834054834054,0.037776816275368726,3.915976853730998,70,3
WBCIC_MI_EEGCONFORMER,final_embedding,24,0,scst,0.7771329365079365,0.9418470418470418,0.9339105339105339,-0.007936507936507924,-0.00851474008499473,0.23517394670172917,70,3
WBCIC_MI_EEGCONFORMER,final_embedding,24,0,unconditional_subject_transport,0.7771329365079365,0.9418470418470418,0.9425685425685426,0.0007215007215007114,0.002476733256422581,0.19339216045520766,70,3
WBCIC_MI_EEGCONFORMER,final_embedding,24,1,no_transport,0.7771329365079365,0.9471428571428571,0.9471428571428571,0.0,0.0,0.0,70,3
WBCIC_MI_EEGCONFORMER,final_embedding,24,1,norm_matched_random,0.7771329365079365,0.9471428571428571,0.9445714285714286,-0.002571428571428567,-0.00046479720833164304,0.5316596903646584,70,3
WBCIC_MI_EEGCONFORMER,final_embedding,24,1,same_class_mixup,0.7771329365079365,0.9471428571428571,0.9812857142857142,0.03414285714285712,0.03210710849137016,3.766774779803285,70,3
WBCIC_MI_EEGCONFORMER,final_embedding,24,1,scst,0.7771329365079365,0.9471428571428571,0.937,-0.010142857142857129,-0.011122252615741544,0.5316596903646584,70,3
WBCIC_MI_EEGCONFORMER,final_embedding,24,1,unconditional_subject_transport,0.7771329365079365,0.9471428571428571,0.9470000000000001,-0.00014285714285714287,-0.0014425345751665816,0.4165348528671599,70,3
WBCIC_MI_EEGCONFORMER,final_embedding,25,0,no_transport,0.7579992873035739,0.9359999999999999,0.9359999999999999,0.0,0.0,0.0,70,3
WBCIC_MI_EEGCONFORMER,final_embedding,25,0,norm_matched_random,0.7579992873035739,0.9359999999999999,0.9314285714285715,-0.004571428571428572,-0.0025947521923424034,0.19922882358213947,70,3
WBCIC_MI_EEGCONFORMER,final_embedding,25,0,same_class_mixup,0.7579992873035739,0.9359999999999999,0.9741428571428571,0.038142857142857124,0.04360311938328788,4.358576152226505,70,3
WBCIC_MI_EEGCONFORMER,final_embedding,25,0,scst,0.7579992873035739,0.9359999999999999,0.9298571428571429,-0.006142857142857143,-0.003041593556182852,0.19922882358213947,70,3
WBCIC_MI_EEGCONFORMER,final_embedding,25,0,unconditional_subject_transport,0.7579992873035739,0.9359999999999999,0.9358571428571429,-0.00014285714285714287,0.00043847413972727213,0.17231078062858848,70,3
WBCIC_MI_EEGCONFORMER,final_embedding,25,1,no_transport,0.7579992873035739,0.8974285714285715,0.8974285714285715,0.0,0.0,0.0,70,3
WBCIC_MI_EEGCONFORMER,final_embedding,25,1,norm_matched_random,0.7579992873035739,0.8974285714285715,0.8951428571428571,-0.002285714285714286,-0.0021024148718409054,0.7894311253262173,70,3
WBCIC_MI_EEGCONFORMER,final_embedding,25,1,same_class_mixup,0.7579992873035739,0.8974285714285715,0.9677142857142856,0.07028571428571426,0.08975236619653908,4.09016531629229,70,3
WBCIC_MI_EEGCONFORMER,final_embedding,25,1,scst,0.7579992873035739,0.8974285714285715,0.8889999999999999,-0.008428571428571424,-0.015345087563634152,0.7894311253262173,70,3
WBCIC_MI_EEGCONFORMER,final_embedding,25,1,unconditional_subject_transport,0.7579992873035739,0.8974285714285715,0.8945714285714286,-0.002857142857142857,-0.0023290097538414107,0.6032759581876738,70,3
WBCIC_MI_EEGCONFORMER,final_embedding,26,0,no_transport,0.7579992873035739,0.893,0.893,0.0,0.0,0.0,70,3
WBCIC_MI_EEGCONFORMER,final_embedding,26,0,norm_matched_random,0.7579992873035739,0.893,0.8777142857142857,-0.01528571428571429,-0.004454814206809539,0.2752876204777719,70,3
WBCIC_MI_EEGCONFORMER,final_embedding,26,0,same_class_mixup,0.7579992873035739,0.893,0.9718571428571429,0.0788571428571428,0.09346121201714973,3.8540028953693075,70,3
WBCIC_MI_EEGCONFORMER,final_embedding,26,0,scst,0.7579992873035739,0.893,0.871,-0.021999999999999995,-0.009088041720020612,0.2752876204777719,70,3
WBCIC_MI_EEGCONFORMER,final_embedding,26,0,unconditional_subject_transport,0.7579992873035739,0.893,0.8927142857142858,-0.0002857142857142844,-0.00012726337150469896,0.25630677804364255,70,3
WBCIC_MI_EEGCONFORMER,final_embedding,26,1,no_transport,0.7579992873035739,0.8772857142857142,0.8772857142857142,0.0,0.0,0.0,70,3
WBCIC_MI_EEGCONFORMER,final_embedding,26,1,norm_matched_random,0.7579992873035739,0.8772857142857142,0.8734285714285714,-0.0038571428571428615,-0.011555077586611076,0.6453795187570831,70,3
WBCIC_MI_EEGCONFORMER,final_embedding,26,1,same_class_mixup,0.7579992873035739,0.8772857142857142,0.9779999999999999,0.10071428571428565,0.07673095789720016,3.7801615511461057,70,3
WBCIC_MI_EEGCONFORMER,final_embedding,26,1,scst,0.7579992873035739,0.8772857142857142,0.8704285714285714,-0.006857142857142848,-0.0090113076525198,0.6453795187570831,70,3
WBCIC_MI_EEGCONFORMER,final_embedding,26,1,unconditional_subject_transport,0.7579992873035739,0.8772857142857142,0.8741428571428571,-0.0031428571428571204,-0.0005981119560874013,0.5219698336717052,70,3
WBCIC_MI_EEGCONFORMER,final_embedding,27,0,no_transport,0.7987742404923213,0.5567605633802817,0.5567605633802817,0.0,0.0,0.0,71,3
WBCIC_MI_EEGCONFORMER,final_embedding,27,0,norm_matched_random,0.7987742404923213,0.5567605633802817,0.5409859154929578,-0.015774647887323957,-0.08333892246737186,1.1546827465594414,71,3
WBCIC_MI_EEGCONFORMER,final_embedding,27,0,same_class_mixup,0.7987742404923213,0.5567605633802817,0.9312676056338028,0.37450704225352105,0.36394752330263463,3.810133816247821,71,3
WBCIC_MI_EEGCONFORMER,final_embedding,27,0,scst,0.7987742404923213,0.5567605633802817,0.7105633802816902,0.15380281690140843,0.10304716107230094,1.1546827465594414,71,3
WBCIC_MI_EEGCONFORMER,final_embedding,27,0,unconditional_subject_transport,0.7987742404923213,0.5567605633802817,0.5045070422535212,-0.052253521126760544,-0.029135328188376188,0.9948337192795649,71,3
WBCIC_MI_EEGCONFORMER,final_embedding,27,1,no_transport,0.7987742404923213,0.603943661971831,0.603943661971831,0.0,0.0,0.0,71,3
WBCIC_MI_EEGCONFORMER,final_embedding,27,1,norm_matched_random,0.7987742404923213,0.603943661971831,0.5776056338028168,-0.026338028169014083,-0.03512644345129876,1.1922095377587698,71,3
WBCIC_MI_EEGCONFORMER,final_embedding,27,1,same_class_mixup,0.7987742404923213,0.603943661971831,0.9488732394366198,0.3449295774647887,0.3640524225259974,3.912629832760567,71,3
WBCIC_MI_EEGCONFORMER,final_embedding,27,1,scst,0.7987742404923213,0.603943661971831,0.7732394366197183,0.16929577464788728,0.14904892087239346,1.1922095377587698,71,3
WBCIC_MI_EEGCONFORMER,final_embedding,27,1,unconditional_subject_transport,0.7987742404923213,0.603943661971831,0.6426760563380282,0.03873239436619716,0.02652463954428619,0.9429347997434729,71,3
WBCIC_MI_EEGCONFORMER,final_embedding,28,0,no_transport,0.7786446599916562,0.62,0.62,0.0,0.0,0.0,72,3
WBCIC_MI_EEGCONFORMER,final_embedding,28,0,norm_matched_random,0.7786446599916562,0.62,0.6731944444444444,0.05319444444444444,-0.0006769219866339866,0.5667278446492523,72,3
WBCIC_MI_EEGCONFORMER,final_embedding,28,0,same_class_mixup,0.7786446599916562,0.62,0.9455555555555555,0.3255555555555556,0.22917268816119213,4.036924832806606,72,3
WBCIC_MI_EEGCONFORMER,final_embedding,28,0,scst,0.7786446599916562,0.62,0.6873611111111111,0.06736111111111108,0.023748135478728352,0.5667278446492523,72,3
WBCIC_MI_EEGCONFORMER,final_embedding,28,0,unconditional_subject_transport,0.7786446599916562,0.62,0.7131944444444445,0.09319444444444441,0.035441928704532805,0.48057104122007654,72,3
WBCIC_MI_EEGCONFORMER,final_embedding,28,1,no_transport,0.7786446599916562,0.89,0.89,0.0,0.0,0.0,72,3
WBCIC_MI_EEGCONFORMER,final_embedding,28,1,norm_matched_random,0.7786446599916562,0.89,0.8863888888888889,-0.0036111111111111096,-0.0021331689396652496,0.2889091482254835,72,3
WBCIC_MI_EEGCONFORMER,final_embedding,28,1,same_class_mixup,0.7786446599916562,0.89,0.9801388888888888,0.09013888888888882,0.08875294049599879,4.01758617826255,72,3
WBCIC_MI_EEGCONFORMER,final_embedding,28,1,scst,0.7786446599916562,0.89,0.8833333333333333,-0.006666666666666666,-0.007508060244810478,0.2889091482254835,72,3
WBCIC_MI_EEGCONFORMER,final_embedding,28,1,unconditional_subject_transport,0.7786446599916562,0.89,0.8883333333333333,-0.0016666666666666666,-0.004973596942168473,0.25404375467405194,72,3
WBCIC_MI_EEGCONFORMER,final_embedding,29,0,no_transport,0.7579992873035739,0.953,0.953,0.0,0.0,0.0,70,3
WBCIC_MI_EEGCONFORMER,final_embedding,29,0,norm_matched_random,0.7579992873035739,0.953,0.952,-0.001,-0.0010106524271197158,0.030229482955082414,70,3
WBCIC_MI_EEGCONFORMER,final_embedding,29,0,same_class_mixup,0.7579992873035739,0.953,0.9825714285714285,0.029571428571428544,0.02763066420194288,4.43672571523542,70,3
WBCIC_MI_EEGCONFORMER,final_embedding,29,0,scst,0.7579992873035739,0.953,0.9547142857142857,0.0017142857142857142,0.0016864115929197513,0.030229482955082414,70,3
WBCIC_MI_EEGCONFORMER,final_embedding,29,0,unconditional_subject_transport,0.7579992873035739,0.953,0.9528571428571428,-0.00014285714285714287,-0.00012123535328047077,0.026833512073368065,70,3
WBCIC_MI_EEGCONFORMER,final_embedding,29,1,no_transport,0.7579992873035739,0.9702857142857143,0.9702857142857143,0.0,0.0,0.0,70,3
WBCIC_MI_EEGCONFORMER,final_embedding,29,1,norm_matched_random,0.7579992873035739,0.9702857142857143,0.9701428571428571,-0.00014285714285714287,-0.0008582865562487958,0.2055598000827016,70,3
WBCIC_MI_EEGCONFORMER,final_embedding,29,1,same_class_mixup,0.7579992873035739,0.9702857142857143,0.9914285714285715,0.021142857142857144,0.0026438340561254405,4.378649959084815,70,3
WBCIC_MI_EEGCONFORMER,final_embedding,29,1,scst,0.7579992873035739,0.9702857142857143,0.9704285714285713,0.00014285714285714287,0.0023680254322970455,0.2055598000827016,70,3
WBCIC_MI_EEGCONFORMER,final_embedding,29,1,unconditional_subject_transport,0.7579992873035739,0.9702857142857143,0.9699999999999999,-0.00028571428571428574,2.2320263550777915e-05,0.16920551112102372,70,3
WBCIC_MI_EEGCONFORMER,final_embedding,30,0,no_transport,0.7771329365079365,0.9287142857142858,0.9287142857142858,0.0,0.0,0.0,70,3
WBCIC_MI_EEGCONFORMER,final_embedding,30,0,norm_matched_random,0.7771329365079365,0.9287142857142858,0.931142857142857,0.0024285714285714383,-0.012704248585198911,0.29507281896729476,70,3
WBCIC_MI_EEGCONFORMER,final_embedding,30,0,same_class_mixup,0.7771329365079365,0.9287142857142858,0.9847142857142858,0.056,0.031249628787856393,4.375763308235849,70,3
WBCIC_MI_EEGCONFORMER,final_embedding,30,0,scst,0.7771329365079365,0.9287142857142858,0.923,-0.005714285714285703,-0.008827655368122207,0.29507281896729476,70,3
WBCIC_MI_EEGCONFORMER,final_embedding,30,0,unconditional_subject_transport,0.7771329365079365,0.9287142857142858,0.937142857142857,0.008428571428571428,0.0013034988319733452,0.23174908610294065,70,3
WBCIC_MI_EEGCONFORMER,final_embedding,30,1,no_transport,0.7771329365079365,0.9834285714285714,0.9834285714285714,0.0,0.0,0.0,70,3
WBCIC_MI_EEGCONFORMER,final_embedding,30,1,norm_matched_random,0.7771329365079365,0.9834285714285714,0.9821428571428571,-0.0012857142857142856,-0.0014935786968139858,0.5662726553523055,70,3
WBCIC_MI_EEGCONFORMER,final_embedding,30,1,same_class_mixup,0.7771329365079365,0.9834285714285714,0.9938571428571428,0.010428571428571428,-0.016919891810122326,4.065499520617786,70,3
WBCIC_MI_EEGCONFORMER,final_embedding,30,1,scst,0.7771329365079365,0.9834285714285714,0.9832857142857142,-0.00014285714285714287,-0.0017885193257645422,0.5662726553523055,70,3
WBCIC_MI_EEGCONFORMER,final_embedding,30,1,unconditional_subject_transport,0.7771329365079365,0.9834285714285714,0.9834285714285714,0.0,-0.0001618686301971507,0.5116394150420256,70,3
WBCIC_MI_EEGCONFORMER,final_embedding,31,0,no_transport,0.7771329365079365,0.6674285714285714,0.6674285714285714,0.0,0.0,0.0,70,3
WBCIC_MI_EEGCONFORMER,final_embedding,31,0,norm_matched_random,0.7771329365079365,0.6674285714285714,0.6721428571428572,0.004714285714285703,-0.001682726786464041,0.17198483092788044,70,3
WBCIC_MI_EEGCONFORMER,final_embedding,31,0,same_class_mixup,0.7771329365079365,0.6674285714285714,0.9417142857142857,0.2742857142857143,0.2964571058125369,4.170152279164838,70,3
WBCIC_MI_EEGCONFORMER,final_embedding,31,0,scst,0.7771329365079365,0.6674285714285714,0.6781428571428572,0.010714285714285695,0.00789948019121339,0.17198483092788044,70,3
WBCIC_MI_EEGCONFORMER,final_embedding,31,0,unconditional_subject_transport,0.7771329365079365,0.6674285714285714,0.6637142857142857,-0.003714285714285719,-0.002020974715307252,0.14548764093198566,70,3
WBCIC_MI_EEGCONFORMER,final_embedding,31,1,no_transport,0.7771329365079365,0.5495714285714286,0.5495714285714286,0.0,0.0,0.0,70,3
WBCIC_MI_EEGCONFORMER,final_embedding,31,1,norm_matched_random,0.7771329365079365,0.5495714285714286,0.5497142857142857,0.00014285714285715607,0.0010084178428392218,0.23627944806109258,70,3
WBCIC_MI_EEGCONFORMER,final_embedding,31,1,same_class_mixup,0.7771329365079365,0.5495714285714286,0.924,0.37442857142857144,0.3246114641681851,4.35932338488149,70,3
WBCIC_MI_EEGCONFORMER,final_embedding,31,1,scst,0.7771329365079365,0.5495714285714286,0.5755714285714285,0.026000000000000016,0.01761528161236584,0.23627944806109258,70,3
WBCIC_MI_EEGCONFORMER,final_embedding,31,1,unconditional_subject_transport,0.7771329365079365,0.5495714285714286,0.5658571428571428,0.01628571428571429,0.007970941754497913,0.19950445598597522,70,3
WBCIC_MI_EEGCONFORMER,final_embedding,32,0,no_transport,0.7707115628690793,0.5547019490681462,0.5547019490681462,0.0,4.548929166197825e-18,0.0,71,3
WBCIC_MI_EEGCONFORMER,final_embedding,32,0,norm_matched_random,0.7707115628690793,0.5547019490681462,0.5475885616730687,-0.007113387395077548,-0.019600395176781808,0.6000968041965064,71,3
WBCIC_MI_EEGCONFORMER,final_embedding,32,0,same_class_mixup,0.7707115628690793,0.5547019490681462,0.9351259069568928,0.3804239578887466,0.3435627293312752,3.9541961153537346,71,3
WBCIC_MI_EEGCONFORMER,final_embedding,32,0,scst,0.7707115628690793,0.5547019490681462,0.6332337459098022,0.07853179684165597,0.0549954773253017,0.6000968041965064,71,3
WBCIC_MI_EEGCONFORMER,final_embedding,32,0,unconditional_subject_transport,0.7707115628690793,0.5547019490681462,0.5551287523118509,0.00042680324370464225,-0.0010211637009203255,0.5362911869291201,71,3
WBCIC_MI_EEGCONFORMER,final_embedding,32,1,no_transport,0.7707115628690793,0.6309859154929577,0.6309859154929577,0.0,0.0,0.0,71,3
WBCIC_MI_EEGCONFORMER,final_embedding,32,1,norm_matched_random,0.7707115628690793,0.6309859154929577,0.6050704225352113,-0.025915492957746474,-0.042880746197637015,0.577129267713658,71,3
WBCIC_MI_EEGCONFORMER,final_embedding,32,1,same_class_mixup,0.7707115628690793,0.6309859154929577,0.934225352112676,0.30323943661971825,0.2920663322307334,3.8773967891533627,71,3
WBCIC_MI_EEGCONFORMER,final_embedding,32,1,scst,0.7707115628690793,0.6309859154929577,0.6954929577464788,0.0645070422535211,0.046190442700620386,0.577129267713658,71,3
WBCIC_MI_EEGCONFORMER,final_embedding,32,1,unconditional_subject_transport,0.7707115628690793,0.6309859154929577,0.6335211267605634,0.00253521126760561,0.0018068487731269383,0.4646754735193828,71,3
WBCIC_MI_EEGCONFORMER,final_embedding,33,0,no_transport,0.7786446599916562,0.9300000000000002,0.9300000000000002,0.0,0.0,0.0,72,3
WBCIC_MI_EEGCONFORMER,final_embedding,33,0,norm_matched_random,0.7786446599916562,0.9300000000000002,0.9234722222222221,-0.00652777777777779,-0.0012225015690981668,0.25332414672822734,72,3
WBCIC_MI_EEGCONFORMER,final_embedding,33,0,same_class_mixup,0.7786446599916562,0.9300000000000002,0.9880555555555556,0.05805555555555549,0.03342409501487885,3.932009499281955,72,3
WBCIC_MI_EEGCONFORMER,final_embedding,33,0,scst,0.7786446599916562,0.9300000000000002,0.9190277777777778,-0.010972222222222223,-0.00821741798730182,0.25332414672822734,72,3
WBCIC_MI_EEGCONFORMER,final_embedding,33,0,unconditional_subject_transport,0.7786446599916562,0.9300000000000002,0.9320833333333334,0.0020833333333333307,0.003070649423904753,0.23966278103280925,72,3
WBCIC_MI_EEGCONFORMER,final_embedding,33,1,no_transport,0.7786446599916562,0.9733333333333333,0.9733333333333333,0.0,0.0,0.0,72,3
WBCIC_MI_EEGCONFORMER,final_embedding,33,1,norm_matched_random,0.7786446599916562,0.9733333333333333,0.9713888888888889,-0.0019444444444444446,-0.006438977276054889,0.4422800308607817,72,3
WBCIC_MI_EEGCONFORMER,final_embedding,33,1,same_class_mixup,0.7786446599916562,0.9733333333333333,0.9930555555555556,0.01972222222222222,-0.0010662482058206068,4.002758194789489,72,3
WBCIC_MI_EEGCONFORMER,final_embedding,33,1,scst,0.7786446599916562,0.9733333333333333,0.9718055555555556,-0.0015277777777777779,-0.005908226841252388,0.4422800308607817,72,3
WBCIC_MI_EEGCONFORMER,final_embedding,33,1,unconditional_subject_transport,0.7786446599916562,0.9733333333333333,0.9733333333333333,0.0,-0.0006412483970174464,0.34217688416590203,72,3
WBCIC_MI_EEGCONFORMER,final_embedding,34,0,no_transport,0.7579992873035739,0.5134285714285713,0.5134285714285713,0.0,0.0,0.0,70,3
WBCIC_MI_EEGCONFORMER,final_embedding,34,0,norm_matched_random,0.7579992873035739,0.5134285714285713,0.5028571428571429,-0.010571428571428556,-0.015202080606767684,0.873034816574318,70,3
WBCIC_MI_EEGCONFORMER,final_embedding,34,0,same_class_mixup,0.7579992873035739,0.5134285714285713,0.9142857142857143,0.4008571428571428,0.39158021900071355,3.891899323706276,70,3
WBCIC_MI_EEGCONFORMER,final_embedding,34,0,scst,0.7579992873035739,0.5134285714285713,0.6482857142857144,0.13485714285714284,0.08172775068783619,0.873034816574318,70,3
WBCIC_MI_EEGCONFORMER,final_embedding,34,0,unconditional_subject_transport,0.7579992873035739,0.5134285714285713,0.48928571428571427,-0.024142857142857136,-0.012778654137416443,0.8129507287300828,70,3
WBCIC_MI_EEGCONFORMER,final_embedding,34,1,no_transport,0.7579992873035739,0.5272857142857144,0.5272857142857144,0.0,0.0,0.0,70,3
WBCIC_MI_EEGCONFORMER,final_embedding,34,1,norm_matched_random,0.7579992873035739,0.5272857142857144,0.49357142857142855,-0.033714285714285745,-0.10916537946431036,1.1914258228670433,70,3
WBCIC_MI_EEGCONFORMER,final_embedding,34,1,same_class_mixup,0.7579992873035739,0.5272857142857144,0.9372857142857143,0.4099999999999999,0.4070988614120014,4.095062942494416,70,3
WBCIC_MI_EEGCONFORMER,final_embedding,34,1,scst,0.7579992873035739,0.5272857142857144,0.7242857142857143,0.19699999999999993,0.12534156639313,1.1914258228670433,70,3
WBCIC_MI_EEGCONFORMER,final_embedding,34,1,unconditional_subject_transport,0.7579992873035739,0.5272857142857144,0.5524285714285715,0.02514285714285712,0.015533489917446585,0.9524883698922025,70,3
WBCIC_MI_EEGCONFORMER,final_embedding,35,0,no_transport,0.7579992873035739,0.9865714285714287,0.9865714285714287,0.0,0.0,0.0,70,3
WBCIC_MI_EEGCONFORMER,final_embedding,35,0,norm_matched_random,0.7579992873035739,0.9865714285714287,0.9824285714285713,-0.004142857142857143,-0.003581556375035363,0.8473996246728903,70,3
WBCIC_MI_EEGCONFORMER,final_embedding,35,0,same_class_mixup,0.7579992873035739,0.9865714285714287,0.9958571428571428,0.009285714285714286,-0.022827811475921774,4.106685905885918,70,3
WBCIC_MI_EEGCONFORMER,final_embedding,35,0,scst,0.7579992873035739,0.9865714285714287,0.9754285714285714,-0.011142857142857144,-0.011014019582025521,0.8473996246728902,70,3
WBCIC_MI_EEGCONFORMER,final_embedding,35,0,unconditional_subject_transport,0.7579992873035739,0.9865714285714287,0.9865714285714287,0.0,-0.00012921728976942988,0.6546258651785098,70,3
WBCIC_MI_EEGCONFORMER,final_embedding,35,1,no_transport,0.7579992873035739,0.9768571428571428,0.9768571428571428,0.0,0.0,0.0,70,3
WBCIC_MI_EEGCONFORMER,final_embedding,35,1,norm_matched_random,0.7579992873035739,0.9768571428571428,0.9731428571428572,-0.0037142857142857095,-0.005078914128077779,1.2676783624854064,70,3
WBCIC_MI_EEGCONFORMER,final_embedding,35,1,same_class_mixup,0.7579992873035739,0.9768571428571428,0.9932857142857143,0.016428571428571428,0.0006381955719835975,3.618487980297853,70,3
WBCIC_MI_EEGCONFORMER,final_embedding,35,1,scst,0.7579992873035739,0.9768571428571428,0.9622857142857143,-0.01457142857142856,-0.0189629456808538,1.2676783624854064,70,3
WBCIC_MI_EEGCONFORMER,final_embedding,35,1,unconditional_subject_transport,0.7579992873035739,0.9768571428571428,0.9768571428571428,0.0,0.00013021265881253672,1.1419638659406115,70,3
WBCIC_MI_EEGCONFORMER,final_embedding,36,0,no_transport,0.7987742404923213,0.9495774647887324,0.9495774647887324,0.0,0.0,0.0,71,3
WBCIC_MI_EEGCONFORMER,final_embedding,36,0,norm_matched_random,0.7987742404923213,0.9495774647887324,0.9414084507042254,-0.008169014084507039,-0.00337660696193466,0.24798060445692155,71,3
WBCIC_MI_EEGCONFORMER,final_embedding,36,0,same_class_mixup,0.7987742404923213,0.9495774647887324,0.9902816901408451,0.04070422535211265,0.0192849169518159,4.197780221586884,71,3
WBCIC_MI_EEGCONFORMER,final_embedding,36,0,scst,0.7987742404923213,0.9495774647887324,0.9332394366197184,-0.01633802816901407,-0.009395508529003432,0.24798060445692155,71,3
WBCIC_MI_EEGCONFORMER,final_embedding,36,0,unconditional_subject_transport,0.7987742404923213,0.9495774647887324,0.9447887323943662,-0.004788732394366197,-0.000931809557073138,0.21754603554938562,71,3
WBCIC_MI_EEGCONFORMER,final_embedding,36,1,no_transport,0.7987742404923213,0.9536619718309858,0.9536619718309858,0.0,0.0,0.0,71,3
WBCIC_MI_EEGCONFORMER,final_embedding,36,1,norm_matched_random,0.7987742404923213,0.9536619718309858,0.96,0.0063380281690140735,0.002536637100758362,0.6466389301066333,71,3
WBCIC_MI_EEGCONFORMER,final_embedding,36,1,same_class_mixup,0.7987742404923213,0.9536619718309858,0.9950704225352114,0.04140845070422532,0.014754092344955894,3.8784829148580964,71,3
WBCIC_MI_EEGCONFORMER,final_embedding,36,1,scst,0.7987742404923213,0.9536619718309858,0.9504225352112676,-0.0032394366197183084,-0.0077337936594595305,0.6466389301066333,71,3
WBCIC_MI_EEGCONFORMER,final_embedding,36,1,unconditional_subject_transport,0.7987742404923213,0.9536619718309858,0.9583098591549296,0.004647887323943654,0.001304811453878239,0.5232609101467023,71,3
WBCIC_MI_EEGCONFORMER,final_embedding,37,0,no_transport,0.7786446599916562,0.8833333333333333,0.8833333333333333,0.0,0.0,0.0,72,3
WBCIC_MI_EEGCONFORMER,final_embedding,37,0,norm_matched_random,0.7786446599916562,0.8833333333333333,0.8713888888888889,-0.01194444444444444,-0.0043876524726773995,0.23790825878605645,72,3
WBCIC_MI_EEGCONFORMER,final_embedding,37,0,same_class_mixup,0.7786446599916562,0.8833333333333333,0.9754166666666667,0.09208333333333327,0.0725085952710612,4.303877865890376,72,3
WBCIC_MI_EEGCONFORMER,final_embedding,37,0,scst,0.7786446599916562,0.8833333333333333,0.8929166666666668,0.009583333333333336,0.006393071773194817,0.23790825878605645,72,3
WBCIC_MI_EEGCONFORMER,final_embedding,37,0,unconditional_subject_transport,0.7786446599916562,0.8833333333333333,0.8922222222222221,0.008888888888888889,0.0051690339839936365,0.1974241239471042,72,3
WBCIC_MI_EEGCONFORMER,final_embedding,37,1,no_transport,0.7786446599916562,0.9066666666666667,0.9066666666666667,0.0,0.0,0.0,72,3
WBCIC_MI_EEGCONFORMER,final_embedding,37,1,norm_matched_random,0.7786446599916562,0.9066666666666667,0.9052777777777778,-0.0013888888888888957,-0.0026302745009665453,0.27451891237774856,72,3
WBCIC_MI_EEGCONFORMER,final_embedding,37,1,same_class_mixup,0.7786446599916562,0.9066666666666667,0.983611111111111,0.07694444444444434,0.04420049487218662,4.320670589249888,72,3
WBCIC_MI_EEGCONFORMER,final_embedding,37,1,scst,0.7786446599916562,0.9066666666666667,0.9080555555555555,0.0013888888888888861,-0.001893649546276908,0.27451891237774856,72,3
WBCIC_MI_EEGCONFORMER,final_embedding,37,1,unconditional_subject_transport,0.7786446599916562,0.9066666666666667,0.9083333333333334,0.0016666666666666668,-0.00011790978581277481,0.25533938489465446,72,3
WBCIC_MI_EEGCONFORMER,final_embedding,38,0,no_transport,0.7771329365079365,0.8828571428571428,0.8828571428571428,0.0,0.0,0.0,70,3
WBCIC_MI_EEGCONFORMER,final_embedding,38,0,norm_matched_random,0.7771329365079365,0.8828571428571428,0.8654285714285714,-0.01742857142857143,-0.026046669290984953,0.5802137050581458,70,3
WBCIC_MI_EEGCONFORMER,final_embedding,38,0,same_class_mixup,0.7771329365079365,0.8828571428571428,0.9765714285714285,0.09371428571428564,0.08059897598435849,3.845235613382151,70,3
WBCIC_MI_EEGCONFORMER,final_embedding,38,0,scst,0.7771329365079365,0.8828571428571428,0.9,0.01714285714285713,0.024732011405577514,0.5802137050581458,70,3
WBCIC_MI_EEGCONFORMER,final_embedding,38,0,unconditional_subject_transport,0.7771329365079365,0.8828571428571428,0.8697142857142858,-0.01314285714285714,-0.0011450309509566199,0.5529900678555385,70,3
WBCIC_MI_EEGCONFORMER,final_embedding,38,1,no_transport,0.7771329365079365,0.7764285714285715,0.7764285714285715,0.0,0.0,0.0,70,3
WBCIC_MI_EEGCONFORMER,final_embedding,38,1,norm_matched_random,0.7771329365079365,0.7764285714285715,0.7558571428571428,-0.020571428571428563,-0.07696916034524232,1.1649543196499614,70,3
WBCIC_MI_EEGCONFORMER,final_embedding,38,1,same_class_mixup,0.7771329365079365,0.7764285714285715,0.958857142857143,0.1824285714285714,0.15251414641547367,3.577511227709881,70,3
WBCIC_MI_EEGCONFORMER,final_embedding,38,1,scst,0.7771329365079365,0.7764285714285715,0.8350000000000001,0.058571428571428566,0.03237666600373719,1.1649543196499614,70,3
WBCIC_MI_EEGCONFORMER,final_embedding,38,1,unconditional_subject_transport,0.7771329365079365,0.7764285714285715,0.7614285714285713,-0.015000000000000006,-0.029782145187024354,1.0711975310511628,70,3
WBCIC_MI_EEGCONFORMER,final_embedding,41,0,no_transport,0.7771329365079365,0.8111428571428572,0.8111428571428572,0.0,0.0,0.0,70,3
WBCIC_MI_EEGCONFORMER,final_embedding,41,0,norm_matched_random,0.7771329365079365,0.8111428571428572,0.8094285714285714,-0.0017142857142857586,-0.0016283350066894054,0.151546619972178,70,3
WBCIC_MI_EEGCONFORMER,final_embedding,41,0,same_class_mixup,0.7771329365079365,0.8111428571428572,0.9715714285714286,0.16042857142857136,0.13627778366250073,4.275033277848446,70,3
WBCIC_MI_EEGCONFORMER,final_embedding,41,0,scst,0.7771329365079365,0.8111428571428572,0.8047142857142857,-0.006428571428571447,-0.00283334226055062,0.151546619972178,70,3
WBCIC_MI_EEGCONFORMER,final_embedding,41,0,unconditional_subject_transport,0.7771329365079365,0.8111428571428572,0.8088571428571428,-0.0022857142857143,-0.0005917202630124986,0.12494940599208407,70,3
WBCIC_MI_EEGCONFORMER,final_embedding,41,1,no_transport,0.7771329365079365,0.7115714285714285,0.7115714285714285,0.0,0.0,0.0,70,3
WBCIC_MI_EEGCONFORMER,final_embedding,41,1,norm_matched_random,0.7771329365079365,0.7115714285714285,0.7024285714285714,-0.009142857142857128,-0.015284841498574377,0.3621731141872682,70,3
WBCIC_MI_EEGCONFORMER,final_embedding,41,1,same_class_mixup,0.7771329365079365,0.7115714285714285,0.9474285714285713,0.23585714285714288,0.17276677928159961,4.052613469619401,70,3
WBCIC_MI_EEGCONFORMER,final_embedding,41,1,scst,0.7771329365079365,0.7115714285714285,0.7061428571428572,-0.005428571428571403,-0.0072770331704167844,0.3621731141872682,70,3
WBCIC_MI_EEGCONFORMER,final_embedding,41,1,unconditional_subject_transport,0.7771329365079365,0.7115714285714285,0.716,0.004428571428571443,0.002277458545683298,0.32205067698367346,70,3
WBCIC_MI_EEGCONFORMER,final_embedding,42,0,no_transport,0.7771329365079365,0.8625714285714287,0.8625714285714287,0.0,0.0,0.0,70,3
WBCIC_MI_EEGCONFORMER,final_embedding,42,0,norm_matched_random,0.7771329365079365,0.8625714285714287,0.8427142857142857,-0.01985714285714288,-0.021347651805046167,0.4155740365412659,70,3
WBCIC_MI_EEGCONFORMER,final_embedding,42,0,same_class_mixup,0.7771329365079365,0.8625714285714287,0.9754285714285714,0.11285714285714278,0.12341090125203645,3.617606373304022,70,3
WBCIC_MI_EEGCONFORMER,final_embedding,42,0,scst,0.7771329365079365,0.8625714285714287,0.866,0.0034285714285714037,0.0020104863897126473,0.4155740365412659,70,3
WBCIC_MI_EEGCONFORMER,final_embedding,42,0,unconditional_subject_transport,0.7771329365079365,0.8625714285714287,0.8435714285714285,-0.019000000000000006,-0.012817419830195737,0.3840030964285319,70,3
WBCIC_MI_EEGCONFORMER,final_embedding,42,1,no_transport,0.7771329365079365,0.7368571428571429,0.7368571428571429,0.0,0.0,0.0,70,3
WBCIC_MI_EEGCONFORMER,final_embedding,42,1,norm_matched_random,0.7771329365079365,0.7368571428571429,0.7522857142857143,0.015428571428571408,-0.003631751618479575,0.6267884528385822,70,3
WBCIC_MI_EEGCONFORMER,final_embedding,42,1,same_class_mixup,0.7771329365079365,0.7368571428571429,0.944,0.20714285714285707,0.1888185184793171,3.672019350132465,70,3
WBCIC_MI_EEGCONFORMER,final_embedding,42,1,scst,0.7771329365079365,0.7368571428571429,0.786,0.04914285714285711,0.03506333992185582,0.6267884528385822,70,3
WBCIC_MI_EEGCONFORMER,final_embedding,42,1,unconditional_subject_transport,0.7771329365079365,0.7368571428571429,0.7681428571428571,0.03128571428571423,0.019235436353140713,0.5147515952360638,70,3
WBCIC_MI_EEGCONFORMER,final_embedding,44,0,no_transport,0.7987742404923213,0.8294366197183098,0.8294366197183098,0.0,0.0,0.0,71,3
WBCIC_MI_EEGCONFORMER,final_embedding,44,0,norm_matched_random,0.7987742404923213,0.8294366197183098,0.8292957746478874,-0.00014084507042252728,-0.01806174741821389,0.2905848841120572,71,3
WBCIC_MI_EEGCONFORMER,final_embedding,44,0,same_class_mixup,0.7987742404923213,0.8294366197183098,0.9684507042253522,0.13901408450704222,0.1036416222652339,3.659346585927648,71,3
WBCIC_MI_EEGCONFORMER,final_embedding,44,0,scst,0.7987742404923213,0.8294366197183098,0.8781690140845071,0.048732394366197154,0.028474953636237556,0.2905848841120572,71,3
WBCIC_MI_EEGCONFORMER,final_embedding,44,0,unconditional_subject_transport,0.7987742404923213,0.8294366197183098,0.8412676056338028,0.011830985915492935,0.00474356015343907,0.24623102605409106,71,3
WBCIC_MI_EEGCONFORMER,final_embedding,44,1,no_transport,0.7987742404923213,0.8584507042253522,0.8584507042253522,0.0,0.0,0.0,71,3
WBCIC_MI_EEGCONFORMER,final_embedding,44,1,norm_matched_random,0.7987742404923213,0.8584507042253522,0.8166197183098592,-0.04183098591549297,-0.03411308460022676,0.668089512763399,71,3
WBCIC_MI_EEGCONFORMER,final_embedding,44,1,same_class_mixup,0.7987742404923213,0.8584507042253522,0.971830985915493,0.11338028169014078,0.17509633393733,3.6371154759567426,71,3
WBCIC_MI_EEGCONFORMER,final_embedding,44,1,scst,0.7987742404923213,0.8584507042253522,0.8791549295774648,0.020704225352112648,0.043096230196782714,0.668089512763399,71,3
WBCIC_MI_EEGCONFORMER,final_embedding,44,1,unconditional_subject_transport,0.7987742404923213,0.8584507042253522,0.8445070422535211,-0.013943661971830983,-0.0032222620602263153,0.5561569352589838,71,3
WBCIC_MI_EEGCONFORMER,final_embedding,45,0,no_transport,0.7987742404923213,0.885774647887324,0.885774647887324,0.0,0.0,0.0,71,3
WBCIC_MI_EEGCONFORMER,final_embedding,45,0,norm_matched_random,0.7987742404923213,0.885774647887324,0.8915492957746478,0.00577464788732396,-0.0014176889147566446,0.20865685410354406,71,3
WBCIC_MI_EEGCONFORMER,final_embedding,45,0,same_class_mixup,0.7987742404923213,0.885774647887324,0.9764788732394366,0.09070422535211267,0.0652592849776538,3.937247107925626,71,3
WBCIC_MI_EEGCONFORMER,final_embedding,45,0,scst,0.7987742404923213,0.885774647887324,0.874225352112676,-0.011549295774647859,-0.013361829569125643,0.20865685410354406,71,3
WBCIC_MI_EEGCONFORMER,final_embedding,45,0,unconditional_subject_transport,0.7987742404923213,0.885774647887324,0.8861971830985915,0.00042253521126760707,-0.0009681757202703015,0.1765957497030737,71,3
WBCIC_MI_EEGCONFORMER,final_embedding,45,1,no_transport,0.7987742404923213,0.8711267605633803,0.8711267605633803,0.0,0.0,0.0,71,3
WBCIC_MI_EEGCONFORMER,final_embedding,45,1,norm_matched_random,0.7987742404923213,0.8711267605633803,0.8649295774647887,-0.006197183098591545,-0.01514168323879332,0.4759565712818286,71,3
WBCIC_MI_EEGCONFORMER,final_embedding,45,1,same_class_mixup,0.7987742404923213,0.8711267605633803,0.9719718309859156,0.10084507042253518,0.12587176612457637,3.886634045589868,71,3
WBCIC_MI_EEGCONFORMER,final_embedding,45,1,scst,0.7987742404923213,0.8711267605633803,0.8545070422535211,-0.01661971830985914,-0.0217291343138346,0.4759565712818286,71,3
WBCIC_MI_EEGCONFORMER,final_embedding,45,1,unconditional_subject_transport,0.7987742404923213,0.8711267605633803,0.875774647887324,0.004647887323943657,0.00040471310420900786,0.38937523137827,71,3
WBCIC_MI_EEGCONFORMER,final_embedding,47,0,no_transport,0.7707115628690793,0.8990140845070422,0.8990140845070422,0.0,0.0,0.0,71,3
WBCIC_MI_EEGCONFORMER,final_embedding,47,0,norm_matched_random,0.7707115628690793,0.8990140845070422,0.8970422535211268,-0.00197183098591549,0.004014086269893372,0.3182697983959066,71,3
WBCIC_MI_EEGCONFORMER,final_embedding,47,0,same_class_mixup,0.7707115628690793,0.8990140845070422,0.9719718309859156,0.07295774647887324,0.08112652866536973,4.120887738460997,71,3
WBCIC_MI_EEGCONFORMER,final_embedding,47,0,scst,0.7707115628690793,0.8990140845070422,0.8828169014084507,-0.01619718309859153,-0.007192443386609466,0.3182697983959066,71,3
WBCIC_MI_EEGCONFORMER,final_embedding,47,0,unconditional_subject_transport,0.7707115628690793,0.8990140845070422,0.8949295774647887,-0.004084507042253519,-0.0025716917359013664,0.27759730887618134,71,3
WBCIC_MI_EEGCONFORMER,final_embedding,47,1,no_transport,0.7707115628690793,0.9035211267605635,0.9035211267605635,0.0,0.0,0.0,71,3
WBCIC_MI_EEGCONFORMER,final_embedding,47,1,norm_matched_random,0.7707115628690793,0.9035211267605635,0.9064788732394367,0.002957746478873241,0.001972332185197666,0.25978253771006743,71,3
WBCIC_MI_EEGCONFORMER,final_embedding,47,1,same_class_mixup,0.7707115628690793,0.9035211267605635,0.9745070422535211,0.07098591549295766,0.06270430622270567,3.9201072848843106,71,3
WBCIC_MI_EEGCONFORMER,final_embedding,47,1,scst,0.7707115628690793,0.9035211267605635,0.9047887323943661,0.0012676056338028169,-0.00220169817800879,0.25978253771006743,71,3
WBCIC_MI_EEGCONFORMER,final_embedding,47,1,unconditional_subject_transport,0.7707115628690793,0.9035211267605635,0.9050704225352113,0.0015492957746478873,0.002147928725357758,0.2353799173976505,71,3
WBCIC_MI_EEGCONFORMER,final_embedding,48,0,no_transport,0.7707115628690793,0.8930985915492958,0.8930985915492958,0.0,0.0,0.0,71,3
WBCIC_MI_EEGCONFORMER,final_embedding,48,0,norm_matched_random,0.7707115628690793,0.8930985915492958,0.8832394366197184,-0.009859154929577476,-0.007028651517016907,0.20127804080078368,71,3
WBCIC_MI_EEGCONFORMER,final_embedding,48,0,same_class_mixup,0.7707115628690793,0.8930985915492958,0.9729577464788732,0.07985915492957739,0.08762711258433979,3.9805373094114795,71,3
WBCIC_MI_EEGCONFORMER,final_embedding,48,0,scst,0.7707115628690793,0.8930985915492958,0.8801408450704226,-0.012957746478873242,-0.008681111578658926,0.20127804080078365,71,3
WBCIC_MI_EEGCONFORMER,final_embedding,48,0,unconditional_subject_transport,0.7707115628690793,0.8930985915492958,0.8907042253521127,-0.0023943661971830986,-0.0006075485538738638,0.16523438690927197,71,3
WBCIC_MI_EEGCONFORMER,final_embedding,48,1,no_transport,0.7707115628690793,0.8840845070422536,0.8840845070422536,0.0,0.0,0.0,71,3
WBCIC_MI_EEGCONFORMER,final_embedding,48,1,norm_matched_random,0.7707115628690793,0.8840845070422536,0.875774647887324,-0.008309859154929584,-0.004915159150289941,0.265087801378482,71,3
WBCIC_MI_EEGCONFORMER,final_embedding,48,1,same_class_mixup,0.7707115628690793,0.8840845070422536,0.9749295774647887,0.09084507042253516,0.07380600088747043,3.591702341049768,71,3
WBCIC_MI_EEGCONFORMER,final_embedding,48,1,scst,0.7707115628690793,0.8840845070422536,0.867605633802817,-0.016478873239436607,-0.009814859989396674,0.265087801378482,71,3
WBCIC_MI_EEGCONFORMER,final_embedding,48,1,unconditional_subject_transport,0.7707115628690793,0.8840845070422536,0.8828169014084507,-0.0012676056338028156,-0.0008770748270639021,0.22000823068204314,71,3
WBCIC_MI_EEGCONFORMER,final_embedding,49,0,no_transport,0.7579992873035739,0.9169999999999999,0.9169999999999999,0.0,0.0,0.0,70,3
WBCIC_MI_EEGCONFORMER,final_embedding,49,0,norm_matched_random,0.7579992873035739,0.9169999999999999,0.9085714285714286,-0.008428571428571424,-0.003494953216911357,0.16819614104763997,70,3
WBCIC_MI_EEGCONFORMER,final_embedding,49,0,same_class_mixup,0.7579992873035739,0.9169999999999999,0.9805714285714285,0.06357142857142851,0.06570945377711342,4.191389928380273,70,3
WBCIC_MI_EEGCONFORMER,final_embedding,49,0,scst,0.7579992873035739,0.9169999999999999,0.916142857142857,-0.000857142857142857,0.0005334941130433562,0.16819614104763997,70,3
WBCIC_MI_EEGCONFORMER,final_embedding,49,0,unconditional_subject_transport,0.7579992873035739,0.9169999999999999,0.918142857142857,0.001142857142857143,0.0021763854009448753,0.13907533670157665,70,3
WBCIC_MI_EEGCONFORMER,final_embedding,49,1,no_transport,0.7579992873035739,0.9301428571428572,0.9301428571428572,0.0,0.0,0.0,70,3
WBCIC_MI_EEGCONFORMER,final_embedding,49,1,norm_matched_random,0.7579992873035739,0.9301428571428572,0.9251428571428573,-0.0049999999999999906,-0.01138691405590295,0.6169803098928948,70,3
WBCIC_MI_EEGCONFORMER,final_embedding,49,1,same_class_mixup,0.7579992873035739,0.9301428571428572,0.9882857142857142,0.05814285714285711,0.028861791983948986,3.976074555207432,70,3
WBCIC_MI_EEGCONFORMER,final_embedding,49,1,scst,0.7579992873035739,0.9301428571428572,0.9298571428571429,-0.00028571428571428574,-0.005969518031342701,0.6169803098928948,70,3
WBCIC_MI_EEGCONFORMER,final_embedding,49,1,unconditional_subject_transport,0.7579992873035739,0.9301428571428572,0.9292857142857143,-0.0008571428571428571,-0.001396436741806202,0.5689814507007475,70,3
WBCIC_MI_EEGCONFORMER,final_embedding,50,0,no_transport,0.7707115628690793,0.9764788732394366,0.9764788732394366,0.0,0.0,0.0,71,3
WBCIC_MI_EEGCONFORMER,final_embedding,50,0,norm_matched_random,0.7707115628690793,0.9764788732394366,0.9742253521126761,-0.002253521126760559,-0.0033560190007053074,0.4134289657159262,71,3
WBCIC_MI_EEGCONFORMER,final_embedding,50,0,same_class_mixup,0.7707115628690793,0.9764788732394366,0.995492957746479,0.019014084507042256,-0.01950283806264098,4.4331722794819575,71,3
WBCIC_MI_EEGCONFORMER,final_embedding,50,0,scst,0.7707115628690793,0.9764788732394366,0.971549295774648,-0.004929577464788733,-0.00921643987577971,0.4134289657159262,71,3
WBCIC_MI_EEGCONFORMER,final_embedding,50,0,unconditional_subject_transport,0.7707115628690793,0.9764788732394366,0.9759154929577464,-0.0005633802816901409,-0.0006767670297419663,0.3271232527253617,71,3
WBCIC_MI_EEGCONFORMER,final_embedding,50,1,no_transport,0.7707115628690793,0.9366197183098591,0.9366197183098591,0.0,0.0,0.0,71,3
WBCIC_MI_EEGCONFORMER,final_embedding,50,1,norm_matched_random,0.7707115628690793,0.9366197183098591,0.9325352112676055,-0.004084507042253513,-0.01042764982403124,0.3839565463158331,71,3
WBCIC_MI_EEGCONFORMER,final_embedding,50,1,same_class_mixup,0.7707115628690793,0.9366197183098591,0.9852112676056338,0.04859154929577462,0.010446010769693682,4.001670696291292,71,3
WBCIC_MI_EEGCONFORMER,final_embedding,50,1,scst,0.7707115628690793,0.9366197183098591,0.9304225352112676,-0.006197183098591525,-0.010304822164589047,0.38395654631583315,71,3
WBCIC_MI_EEGCONFORMER,final_embedding,50,1,unconditional_subject_transport,0.7707115628690793,0.9366197183098591,0.9380281690140845,0.0014084507042253535,0.0010738538315959072,0.33162115649765067,71,3
WBCIC_MI_EEGNET,final_embedding,1,0,no_transport,0.7742881727158948,0.9866666666666666,0.9866666666666666,0.0,0.0,0.0,72,3
WBCIC_MI_EEGNET,final_embedding,1,0,norm_matched_random,0.7742881727158948,0.9866666666666666,0.9866666666666666,0.0,-1.843779958136575e-05,0.009355489142845853,72,3
WBCIC_MI_EEGNET,final_embedding,1,0,same_class_mixup,0.7742881727158948,0.9866666666666666,0.9984722222222222,0.011805555555555555,-0.027230460109764595,2.254658441105441,72,3
WBCIC_MI_EEGNET,final_embedding,1,0,scst,0.7742881727158948,0.9866666666666666,0.9866666666666666,0.0,-0.00017898001071203794,0.009355489142845853,72,3
WBCIC_MI_EEGNET,final_embedding,1,0,unconditional_subject_transport,0.7742881727158948,0.9866666666666666,0.9866666666666666,0.0,-0.000288406343919255,0.008660830981473825,72,3
WBCIC_MI_EEGNET,final_embedding,1,1,no_transport,0.7742881727158948,0.9133333333333334,0.9133333333333334,0.0,0.0,0.0,72,3
WBCIC_MI_EEGNET,final_embedding,1,1,norm_matched_random,0.7742881727158948,0.9133333333333334,0.9140277777777778,0.0006944444444444445,-0.0007650262170156952,0.016267733290556134,72,3
WBCIC_MI_EEGNET,final_embedding,1,1,same_class_mixup,0.7742881727158948,0.9133333333333334,0.9812500000000001,0.06791666666666661,0.05910976606560817,2.3512483938797932,72,3
WBCIC_MI_EEGNET,final_embedding,1,1,scst,0.7742881727158948,0.9133333333333334,0.9163888888888889,0.0030555555555555557,0.0013767212617068847,0.01626773329055613,72,3
WBCIC_MI_EEGNET,final_embedding,1,1,unconditional_subject_transport,0.7742881727158948,0.9133333333333334,0.9155555555555556,0.0022222222222222222,0.0007616656182395092,0.012542053042932759,72,3
WBCIC_MI_EEGNET,final_embedding,2,0,no_transport,0.7968603066039122,0.5928169014084508,0.5928169014084508,0.0,0.0,0.0,71,3
WBCIC_MI_EEGNET,final_embedding,2,0,norm_matched_random,0.7968603066039122,0.5928169014084508,0.5985915492957746,0.005774647887323938,-0.0008987795770085014,0.052505489679355,71,3
WBCIC_MI_EEGNET,final_embedding,2,0,same_class_mixup,0.7968603066039122,0.5928169014084508,0.8985915492957746,0.3057746478873239,0.35465811577663425,2.5958159345358016,71,3
WBCIC_MI_EEGNET,final_embedding,2,0,scst,0.7968603066039122,0.5928169014084508,0.6101408450704225,0.017323943661971816,0.007722026659531464,0.052505489679355,71,3
WBCIC_MI_EEGNET,final_embedding,2,0,unconditional_subject_transport,0.7968603066039122,0.5928169014084508,0.5930985915492958,0.00028169014084507044,-0.0019298323577535352,0.04141611343650107,71,3
WBCIC_MI_EEGNET,final_embedding,2,1,no_transport,0.7968603066039122,0.59,0.59,0.0,0.0,0.0,71,3
WBCIC_MI_EEGNET,final_embedding,2,1,norm_matched_random,0.7968603066039122,0.59,0.5854929577464789,-0.004507042253521118,-0.004978123979966972,0.12236319248188116,71,3
WBCIC_MI_EEGNET,final_embedding,2,1,same_class_mixup,0.7968603066039122,0.59,0.9153521126760563,0.3253521126760563,0.3280012585943679,2.625560832980913,71,3
WBCIC_MI_EEGNET,final_embedding,2,1,scst,0.7968603066039122,0.59,0.622394366197183,0.03239436619718311,0.020797116942307542,0.12236319248188116,71,3
WBCIC_MI_EEGNET,final_embedding,2,1,unconditional_subject_transport,0.7968603066039122,0.59,0.5964788732394366,0.00647887323943662,0.00381208613859642,0.08988174044646657,71,3
WBCIC_MI_EEGNET,final_embedding,3,0,no_transport,0.7742881727158948,0.9199999999999999,0.9199999999999999,0.0,0.0,0.0,72,3
WBCIC_MI_EEGNET,final_embedding,3,0,norm_matched_random,0.7742881727158948,0.9199999999999999,0.9199999999999999,0.0,7.12780223976675e-06,0.0018512374941583264,72,3
WBCIC_MI_EEGNET,final_embedding,3,0,same_class_mixup,0.7742881727158948,0.9199999999999999,0.9812500000000001,0.06124999999999994,0.03809168437422372,2.678669147194691,72,3
WBCIC_MI_EEGNET,final_embedding,3,0,scst,0.7742881727158948,0.9199999999999999,0.9199999999999999,0.0,-0.00013664173697294256,0.0018512374941583264,72,3
WBCIC_MI_EEGNET,final_embedding,3,0,unconditional_subject_transport,0.7742881727158948,0.9199999999999999,0.9199999999999999,0.0,2.1224587829315076e-05,0.0014721018829780513,72,3
WBCIC_MI_EEGNET,final_embedding,3,1,no_transport,0.7742881727158948,0.9566666666666666,0.9566666666666666,0.0,0.0,0.0,72,3
WBCIC_MI_EEGNET,final_embedding,3,1,norm_matched_random,0.7742881727158948,0.9566666666666666,0.9566666666666666,0.0,0.0,0.0,72,3
WBCIC_MI_EEGNET,final_embedding,3,1,same_class_mixup,0.7742881727158948,0.9566666666666666,0.9912500000000001,0.034583333333333334,0.010246509468834429,2.9443653254180955,72,3
WBCIC_MI_EEGNET,final_embedding,3,1,scst,0.7742881727158948,0.9566666666666666,0.9566666666666666,0.0,0.0,0.0,72,3
WBCIC_MI_EEGNET,final_embedding,3,1,unconditional_subject_transport,0.7742881727158948,0.9566666666666666,0.9566666666666666,0.0,0.0,0.0,72,3
WBCIC_MI_EEGNET,final_embedding,5,0,no_transport,0.7742881727158948,0.9099999999999999,0.9099999999999999,0.0,0.0,0.0,72,3
WBCIC_MI_EEGNET,final_embedding,5,0,norm_matched_random,0.7742881727158948,0.9099999999999999,0.9097222222222222,-0.0002777777777777778,-3.8511480555440335e-05,0.0012802987745671238,72,3
WBCIC_MI_EEGNET,final_embedding,5,0,same_class_mixup,0.7742881727158948,0.9099999999999999,0.9830555555555556,0.07305555555555546,0.02879687765293877,2.5120333715834406,72,3
WBCIC_MI_EEGNET,final_embedding,5,0,scst,0.7742881727158948,0.9099999999999999,0.9099999999999999,0.0,4.95528992416179e-05,0.0012802987745671238,72,3
WBCIC_MI_EEGNET,final_embedding,5,0,unconditional_subject_transport,0.7742881727158948,0.9099999999999999,0.9099999999999999,0.0,2.0251629045377968e-05,0.0011440560583003347,72,3
WBCIC_MI_EEGNET,final_embedding,5,1,no_transport,0.7742881727158948,0.9500000000000001,0.9500000000000001,0.0,0.0,0.0,72,3
WBCIC_MI_EEGNET,final_embedding,5,1,norm_matched_random,0.7742881727158948,0.9500000000000001,0.9494444444444444,-0.0005555555555555556,-3.319943866721313e-05,0.004057237289952148,72,3
WBCIC_MI_EEGNET,final_embedding,5,1,same_class_mixup,0.7742881727158948,0.9500000000000001,0.9898611111111111,0.03986111111111108,0.01782572448970782,2.6762204393748696,72,3
WBCIC_MI_EEGNET,final_embedding,5,1,scst,0.7742881727158948,0.9500000000000001,0.9484722222222223,-0.0015277777777777779,-0.0002857934504122111,0.004057237289952148,72,3
WBCIC_MI_EEGNET,final_embedding,5,1,unconditional_subject_transport,0.7742881727158948,0.9500000000000001,0.9495833333333334,-0.00041666666666666664,-0.00010042923575689794,0.003115301623063447,72,3
WBCIC_MI_EEGNET,final_embedding,6,0,no_transport,0.7766011904761905,0.82,0.82,0.0,0.0,0.0,70,3
WBCIC_MI_EEGNET,final_embedding,6,0,norm_matched_random,0.7766011904761905,0.82,0.8194285714285714,-0.0005714285714285715,0.0003225310225296029,0.011905415895058587,70,3
WBCIC_MI_EEGNET,final_embedding,6,0,same_class_mixup,0.7766011904761905,0.82,0.9485714285714286,0.12857142857142856,0.09835364190527654,2.841977606103819,70,3
WBCIC_MI_EEGNET,final_embedding,6,0,scst,0.7766011904761905,0.82,0.8167142857142857,-0.0032857142857142855,-0.0013221910573603319,0.011905415895058589,70,3
WBCIC_MI_EEGNET,final_embedding,6,0,unconditional_subject_transport,0.7766011904761905,0.82,0.82,0.0,4.829924983265199e-05,0.00939757640553087,70,3
WBCIC_MI_EEGNET,final_embedding,6,1,no_transport,0.7766011904761905,0.91,0.91,0.0,0.0,0.0,70,3
WBCIC_MI_EEGNET,final_embedding,6,1,norm_matched_random,0.7766011904761905,0.91,0.9098571428571429,-0.00014285714285714287,-5.758584450261355e-05,0.08614593744014658,70,3
WBCIC_MI_EEGNET,final_embedding,6,1,same_class_mixup,0.7766011904761905,0.91,0.9772857142857142,0.0672857142857142,0.0400714245532504,2.6142664600136043,70,3
WBCIC_MI_EEGNET,final_embedding,6,1,scst,0.7766011904761905,0.91,0.907,-0.003,-0.0049989715311418515,0.08614593744014658,70,3
WBCIC_MI_EEGNET,final_embedding,6,1,unconditional_subject_transport,0.7766011904761905,0.91,0.9085714285714286,-0.0014285714285714286,-0.00011166885044289929,0.07922642541305877,70,3
WBCIC_MI_EEGNET,final_embedding,7,0,no_transport,0.7708637777856123,0.7667605633802816,0.7667605633802816,0.0,0.0,0.0,71,3
WBCIC_MI_EEGNET,final_embedding,7,0,norm_matched_random,0.7708637777856123,0.7667605633802816,0.7667605633802816,0.0,1.2309155850709642e-05,0.0035712779872206692,71,3
WBCIC_MI_EEGNET,final_embedding,7,0,same_class_mixup,0.7708637777856123,0.7667605633802816,0.9459154929577465,0.1791549295774647,0.12089308751854658,2.5686630860559867,71,3
WBCIC_MI_EEGNET,final_embedding,7,0,scst,0.7708637777856123,0.7667605633802816,0.7667605633802816,0.0,6.582901415265952e-05,0.0035712779872206692,71,3
WBCIC_MI_EEGNET,final_embedding,7,0,unconditional_subject_transport,0.7708637777856123,0.7667605633802816,0.7667605633802816,0.0,1.4969297579010868e-05,0.0028966436649257143,71,3
WBCIC_MI_EEGNET,final_embedding,7,1,no_transport,0.7708637777856123,0.72,0.72,0.0,0.0,0.0,71,3
WBCIC_MI_EEGNET,final_embedding,7,1,norm_matched_random,0.7708637777856123,0.72,0.7188732394366197,-0.0011267605633802818,-0.00018144713081924183,0.00864415360397709,71,3
WBCIC_MI_EEGNET,final_embedding,7,1,same_class_mixup,0.7708637777856123,0.72,0.9422535211267606,0.22225352112676056,0.16560221311969664,2.5340277411556533,71,3
WBCIC_MI_EEGNET,final_embedding,7,1,scst,0.7708637777856123,0.72,0.7194366197183099,-0.000563380281690141,0.00043282070229882114,0.00864415360397709,71,3
WBCIC_MI_EEGNET,final_embedding,7,1,unconditional_subject_transport,0.7708637777856123,0.72,0.718169014084507,-0.0018309859154929577,-2.510863516419054e-05,0.006723688815454268,71,3
WBCIC_MI_EEGNET,final_embedding,9,0,no_transport,0.7568321935157041,0.717,0.717,0.0,0.0,0.0,70,3
WBCIC_MI_EEGNET,final_embedding,9,0,norm_matched_random,0.7568321935157041,0.717,0.7172857142857143,0.00028571428571428574,0.0003188787622366406,0.018626206890449158,70,3
WBCIC_MI_EEGNET,final_embedding,9,0,same_class_mixup,0.7568321935157041,0.717,0.9381428571428572,0.2211428571428571,0.20834837656939,2.7452161208975823,70,3
WBCIC_MI_EEGNET,final_embedding,9,0,scst,0.7568321935157041,0.717,0.7207142857142856,0.0037142857142857142,0.0024238913160128683,0.018626206890449155,70,3
WBCIC_MI_EEGNET,final_embedding,9,0,unconditional_subject_transport,0.7568321935157041,0.717,0.717,0.0,-0.0007121716401152429,0.014487833050935997,70,3
WBCIC_MI_EEGNET,final_embedding,9,1,no_transport,0.7568321935157041,0.697,0.697,0.0,0.0,0.0,70,3
WBCIC_MI_EEGNET,final_embedding,9,1,norm_matched_random,0.7568321935157041,0.697,0.6972857142857143,0.0002857142857142901,0.0002591261894432256,0.07322034542823273,70,3
WBCIC_MI_EEGNET,final_embedding,9,1,same_class_mixup,0.7568321935157041,0.697,0.9222857142857143,0.22528571428571426,0.25155214017775884,2.7184445831945583,70,3
WBCIC_MI_EEGNET,final_embedding,9,1,scst,0.7568321935157041,0.697,0.7118571428571429,0.014857142857142864,0.012342365555031308,0.07322034542823273,70,3
WBCIC_MI_EEGNET,final_embedding,9,1,unconditional_subject_transport,0.7568321935157041,0.697,0.698,0.001,0.002914199874013243,0.05385618865649086,70,3
WBCIC_MI_EEGNET,final_embedding,11,0,no_transport,0.7968603066039122,0.7829577464788733,0.7829577464788733,0.0,0.0,0.0,71,3
WBCIC_MI_EEGNET,final_embedding,11,0,norm_matched_random,0.7968603066039122,0.7829577464788733,0.7856338028169014,0.002676056338028152,0.0007181404058564217,0.03104231264106543,71,3
WBCIC_MI_EEGNET,final_embedding,11,0,same_class_mixup,0.7968603066039122,0.7829577464788733,0.9536619718309858,0.1707042253521126,0.16047790546848326,2.460502177309193,71,3
WBCIC_MI_EEGNET,final_embedding,11,0,scst,0.7968603066039122,0.7829577464788733,0.7856338028169014,0.00267605633802815,0.0011432562914541686,0.03104231264106543,71,3
WBCIC_MI_EEGNET,final_embedding,11,0,unconditional_subject_transport,0.7968603066039122,0.7829577464788733,0.7883098591549296,0.005352112676056312,0.0013679820780094416,0.0246807181496828,71,3
WBCIC_MI_EEGNET,final_embedding,11,1,no_transport,0.7968603066039122,0.9032394366197183,0.9032394366197183,0.0,0.0,0.0,71,3
WBCIC_MI_EEGNET,final_embedding,11,1,norm_matched_random,0.7968603066039122,0.9032394366197183,0.9009859154929577,-0.002253521126760565,0.00019198629280108167,0.06311643487114113,71,3
WBCIC_MI_EEGNET,final_embedding,11,1,same_class_mixup,0.7968603066039122,0.9032394366197183,0.9722535211267606,0.06901408450704219,0.10086108787045799,2.6863443178096063,71,3
WBCIC_MI_EEGNET,final_embedding,11,1,scst,0.7968603066039122,0.9032394366197183,0.8952112676056339,-0.008028169014084508,-0.00457396149905602,0.06311643487114112,71,3
WBCIC_MI_EEGNET,final_embedding,11,1,unconditional_subject_transport,0.7968603066039122,0.9032394366197183,0.9007042253521127,-0.0025352112676056337,-0.0021505766716339745,0.05369909564388695,71,3
WBCIC_MI_EEGNET,final_embedding,12,0,no_transport,0.7708637777856123,0.596338028169014,0.596338028169014,0.0,0.0,0.0,71,3
WBCIC_MI_EEGNET,final_embedding,12,0,norm_matched_random,0.7708637777856123,0.596338028169014,0.5977464788732394,0.0014084507042253535,0.0003076100779717099,0.019436035093766273,71,3
WBCIC_MI_EEGNET,final_embedding,12,0,same_class_mixup,0.7708637777856123,0.596338028169014,0.8926760563380282,0.29633802816901406,0.3085690828283023,2.417203636295427,71,3
WBCIC_MI_EEGNET,final_embedding,12,0,scst,0.7708637777856123,0.596338028169014,0.6019718309859156,0.005633802816901409,0.00253444606314317,0.019436035093766273,71,3
WBCIC_MI_EEGNET,final_embedding,12,0,unconditional_subject_transport,0.7708637777856123,0.596338028169014,0.5966197183098592,0.00028169014084507044,-0.00036556304736713204,0.01478059774776664,71,3
WBCIC_MI_EEGNET,final_embedding,12,1,no_transport,0.7708637777856123,0.5461971830985916,0.5461971830985916,0.0,0.0,0.0,71,3
WBCIC_MI_EEGNET,final_embedding,12,1,norm_matched_random,0.7708637777856123,0.5461971830985916,0.5469014084507042,0.0007042253521126761,-0.00047771603441662514,0.03249401272551573,71,3
WBCIC_MI_EEGNET,final_embedding,12,1,same_class_mixup,0.7708637777856123,0.5461971830985916,0.9081690140845071,0.3619718309859155,0.34005760374988325,2.494733337743167,71,3
WBCIC_MI_EEGNET,final_embedding,12,1,scst,0.7708637777856123,0.5461971830985916,0.5570422535211267,0.01084507042253521,0.005761704034534207,0.03249401272551573,71,3
WBCIC_MI_EEGNET,final_embedding,12,1,unconditional_subject_transport,0.7708637777856123,0.5461971830985916,0.5481690140845069,0.0019718309859154933,0.0006677341681644391,0.02077956655945027,71,3
WBCIC_MI_EEGNET,final_embedding,13,0,no_transport,0.7968603066039122,0.6625352112676056,0.6625352112676056,0.0,0.0,0.0,71,3
WBCIC_MI_EEGNET,final_embedding,13,0,norm_matched_random,0.7968603066039122,0.6625352112676056,0.6571830985915493,-0.0053521126760563255,-0.0020441002910306055,0.09978641313262776,71,3
WBCIC_MI_EEGNET,final_embedding,13,0,same_class_mixup,0.7968603066039122,0.6625352112676056,0.9305633802816901,0.2680281690140845,0.2920646636114491,2.264485505699449,71,3
WBCIC_MI_EEGNET,final_embedding,13,0,scst,0.7968603066039122,0.6625352112676056,0.659718309859155,-0.0028169014084506974,0.002441278875006562,0.09978641313262775,71,3
WBCIC_MI_EEGNET,final_embedding,13,0,unconditional_subject_transport,0.7968603066039122,0.6625352112676056,0.6670422535211268,0.004507042253521127,0.0044859568742587185,0.07876178696530102,71,3
WBCIC_MI_EEGNET,final_embedding,13,1,no_transport,0.7968603066039122,0.5342253521126761,0.5342253521126761,0.0,0.0,0.0,71,3
WBCIC_MI_EEGNET,final_embedding,13,1,norm_matched_random,0.7968603066039122,0.5342253521126761,0.5338028169014084,-0.00042253521126758685,-0.0020216418035405,0.16634553888775647,71,3
WBCIC_MI_EEGNET,final_embedding,13,1,same_class_mixup,0.7968603066039122,0.5342253521126761,0.9194366197183099,0.3852112676056338,0.396693805421907,2.5377299834597684,71,3
WBCIC_MI_EEGNET,final_embedding,13,1,scst,0.7968603066039122,0.5342253521126761,0.5176056338028169,-0.016619718309859137,-0.023086216598982325,0.16634553888775647,71,3
WBCIC_MI_EEGNET,final_embedding,13,1,unconditional_subject_transport,0.7968603066039122,0.5342253521126761,0.5226760563380282,-0.011549295774647873,-0.009129707605525596,0.13215650133317455,71,3
WBCIC_MI_EEGNET,final_embedding,14,0,no_transport,0.7708637777856123,0.5954929577464789,0.5954929577464789,0.0,0.0,0.0,71,3
WBCIC_MI_EEGNET,final_embedding,14,0,norm_matched_random,0.7708637777856123,0.5954929577464789,0.593943661971831,-0.0015492957746478986,-0.0003533888181845674,0.051683413211783984,71,3
WBCIC_MI_EEGNET,final_embedding,14,0,same_class_mixup,0.7708637777856123,0.5954929577464789,0.9087323943661971,0.31323943661971826,0.28144967225603346,2.2894842296319413,71,3
WBCIC_MI_EEGNET,final_embedding,14,0,scst,0.7708637777856123,0.5954929577464789,0.6029577464788732,0.0074647887323943275,0.006826588520244358,0.051683413211783984,71,3
WBCIC_MI_EEGNET,final_embedding,14,0,unconditional_subject_transport,0.7708637777856123,0.5954929577464789,0.5938028169014085,-0.0016901408450704224,-0.001827585444981167,0.03753487635334305,71,3
WBCIC_MI_EEGNET,final_embedding,14,1,no_transport,0.7708637777856123,0.3867605633802817,0.3867605633802817,0.0,0.0,0.0,71,3
WBCIC_MI_EEGNET,final_embedding,14,1,norm_matched_random,0.7708637777856123,0.3867605633802817,0.39323943661971833,0.0064788732394365995,0.002640176799587207,0.048629195870317,71,3
WBCIC_MI_EEGNET,final_embedding,14,1,same_class_mixup,0.7708637777856123,0.3867605633802817,0.8992957746478873,0.5125352112676056,0.40829350388663377,2.455548698429935,71,3
WBCIC_MI_EEGNET,final_embedding,14,1,scst,0.7708637777856123,0.3867605633802817,0.4123943661971831,0.02563380281690137,0.010841091756251633,0.048629195870317,71,3
WBCIC_MI_EEGNET,final_embedding,14,1,unconditional_subject_transport,0.7708637777856123,0.3867605633802817,0.3915492957746479,0.004788732394366183,0.0019070012099795025,0.031328121282900065,71,3
WBCIC_MI_EEGNET,final_embedding,16,0,no_transport,0.7742881727158948,0.6233333333333333,0.6233333333333333,0.0,0.0,0.0,72,3
WBCIC_MI_EEGNET,final_embedding,16,0,norm_matched_random,0.7742881727158948,0.6233333333333333,0.6233333333333333,9.685539407537172e-18,-0.0002361974537996265,0.008112945697469372,72,3
WBCIC_MI_EEGNET,final_embedding,16,0,same_class_mixup,0.7742881727158948,0.6233333333333333,0.9215277777777777,0.29819444444444443,0.2549392407272256,2.461093981555117,72,3
WBCIC_MI_EEGNET,final_embedding,16,0,scst,0.7742881727158948,0.6233333333333333,0.6263888888888888,0.0030555555555555557,0.0012428862046259764,0.008112945697469374,72,3
WBCIC_MI_EEGNET,final_embedding,16,0,unconditional_subject_transport,0.7742881727158948,0.6233333333333333,0.6233333333333333,0.0,-0.00021731117116190147,0.005988002781551925,72,3
WBCIC_MI_EEGNET,final_embedding,16,1,no_transport,0.7742881727158948,0.54,0.54,0.0,0.0,0.0,72,3
WBCIC_MI_EEGNET,final_embedding,16,1,norm_matched_random,0.7742881727158948,0.54,0.5398611111111111,-0.00013888888888888612,0.00010662483782499309,0.0032256932905816707,72,3
WBCIC_MI_EEGNET,final_embedding,16,1,same_class_mixup,0.7742881727158948,0.54,0.9158333333333333,0.3758333333333333,0.34403413791219806,2.673004388544377,72,3
WBCIC_MI_EEGNET,final_embedding,16,1,scst,0.7742881727158948,0.54,0.5402777777777777,0.0002777777777777778,0.0006890286149356978,0.0032256932905816707,72,3
WBCIC_MI_EEGNET,final_embedding,16,1,unconditional_subject_transport,0.7742881727158948,0.54,0.54,0.0,9.045828870126837e-05,0.0020895933341051765,72,3
WBCIC_MI_EEGNET,final_embedding,17,0,no_transport,0.7708637777856123,0.8901408450704226,0.8901408450704226,0.0,0.0,0.0,71,3
WBCIC_MI_EEGNET,final_embedding,17,0,norm_matched_random,0.7708637777856123,0.8901408450704226,0.8884507042253521,-0.0016901408450704224,0.0005426112661657324,0.018169162841926923,71,3
WBCIC_MI_EEGNET,final_embedding,17,0,same_class_mixup,0.7708637777856123,0.8901408450704226,0.9736619718309859,0.08352112676056332,0.05914105385203177,2.544587774152744,71,3
WBCIC_MI_EEGNET,final_embedding,17,0,scst,0.7708637777856123,0.8901408450704226,0.8885915492957747,-0.0015492957746478873,0.0013409272214632351,0.018169162841926923,71,3
WBCIC_MI_EEGNET,final_embedding,17,0,unconditional_subject_transport,0.7708637777856123,0.8901408450704226,0.8887323943661972,-0.0014084507042253522,-0.0001965849192463831,0.014033516125601752,71,3
WBCIC_MI_EEGNET,final_embedding,17,1,no_transport,0.7708637777856123,0.79,0.79,0.0,0.0,0.0,71,3
WBCIC_MI_EEGNET,final_embedding,17,1,norm_matched_random,0.7708637777856123,0.79,0.7871830985915493,-0.0028169014084507044,-0.00034774524147881345,0.012391736995035582,71,3
WBCIC_MI_EEGNET,final_embedding,17,1,same_class_mixup,0.7708637777856123,0.79,0.9525352112676055,0.16253521126760553,0.1377307763978355,2.425562249274275,71,3
WBCIC_MI_EEGNET,final_embedding,17,1,scst,0.7708637777856123,0.79,0.79,0.0,0.001215266506229393,0.01239173699503558,71,3
WBCIC_MI_EEGNET,final_embedding,17,1,unconditional_subject_transport,0.7708637777856123,0.79,0.7890140845070422,-0.0009859154929577466,0.00016921341271440327,0.008536036709811776,71,3
WBCIC_MI_EEGNET,final_embedding,18,0,no_transport,0.7968603066039122,0.7495774647887323,0.7495774647887323,0.0,0.0,0.0,71,3
WBCIC_MI_EEGNET,final_embedding,18,0,norm_matched_random,0.7968603066039122,0.7495774647887323,0.7504225352112677,0.0008450704225352112,0.0007062312366085276,0.040236940759911716,71,3
WBCIC_MI_EEGNET,final_embedding,18,0,same_class_mixup,0.7968603066039122,0.7495774647887323,0.9425352112676056,0.19295774647887318,0.19217414259910046,2.4980928703748586,71,3
WBCIC_MI_EEGNET,final_embedding,18,0,scst,0.7968603066039122,0.7495774647887323,0.7566197183098592,0.007042253521126759,0.006281790536905199,0.040236940759911716,71,3
WBCIC_MI_EEGNET,final_embedding,18,0,unconditional_subject_transport,0.7968603066039122,0.7495774647887323,0.7487323943661971,-0.0008450704225352112,-0.0005640966140234855,0.027439000814804104,71,3
WBCIC_MI_EEGNET,final_embedding,18,1,no_transport,0.7968603066039122,0.6766197183098591,0.6766197183098591,0.0,0.0,0.0,71,3
WBCIC_MI_EEGNET,final_embedding,18,1,norm_matched_random,0.7968603066039122,0.6766197183098591,0.6747887323943662,-0.0018309859154929567,-0.0018752493292417834,0.13115696699570595,71,3
WBCIC_MI_EEGNET,final_embedding,18,1,same_class_mixup,0.7968603066039122,0.6766197183098591,0.9278873239436619,0.25126760563380274,0.2913717229588756,2.596443629336878,71,3
WBCIC_MI_EEGNET,final_embedding,18,1,scst,0.7968603066039122,0.6766197183098591,0.7025352112676057,0.025915492957746457,0.02506712633102629,0.13115696699570595,71,3
WBCIC_MI_EEGNET,final_embedding,18,1,unconditional_subject_transport,0.7968603066039122,0.6766197183098591,0.6774647887323944,0.0008450704225351916,0.0018125414629963628,0.09267656987224458,71,3
WBCIC_MI_EEGNET,final_embedding,19,0,no_transport,0.7742881727158948,0.9166666666666666,0.9166666666666666,0.0,0.0,0.0,72,3
WBCIC_MI_EEGNET,final_embedding,19,0,norm_matched_random,0.7742881727158948,0.9166666666666666,0.9169444444444443,0.0002777777777777778,3.7929315027488886e-05,0.0009325082591095541,72,3
WBCIC_MI_EEGNET,final_embedding,19,0,same_class_mixup,0.7742881727158948,0.9166666666666666,0.983611111111111,0.06694444444444435,-0.00044540511038780134,2.61567637554128,72,3
WBCIC_MI_EEGNET,final_embedding,19,0,scst,0.7742881727158948,0.9166666666666666,0.917638888888889,0.0009722222222222223,0.00017270683624306528,0.0009325082591095541,72,3
WBCIC_MI_EEGNET,final_embedding,19,0,unconditional_subject_transport,0.7742881727158948,0.9166666666666666,0.9166666666666666,0.0,-3.5870615538597354e-05,0.0007453574751258431,72,3
WBCIC_MI_EEGNET,final_embedding,19,1,no_transport,0.7742881727158948,0.9666666666666666,0.9666666666666666,0.0,0.0,0.0,72,3
WBCIC_MI_EEGNET,final_embedding,19,1,norm_matched_random,0.7742881727158948,0.9666666666666666,0.9668055555555556,0.0001388888888888889,0.00010776513644959306,0.0027477619444057277,72,3
WBCIC_MI_EEGNET,final_embedding,19,1,same_class_mixup,0.7742881727158948,0.9666666666666666,0.9938888888888889,0.02722222222222222,-0.015779751751663303,3.040703281394124,72,3
WBCIC_MI_EEGNET,final_embedding,19,1,scst,0.7742881727158948,0.9666666666666666,0.9669444444444445,0.0002777777777777778,0.0005329727134443402,0.0027477619444057277,72,3
WBCIC_MI_EEGNET,final_embedding,19,1,unconditional_subject_transport,0.7742881727158948,0.9666666666666666,0.9666666666666666,0.0,0.00011609917073844477,0.0019377226521016498,72,3
WBCIC_MI_EEGNET,final_embedding,21,0,no_transport,0.7742881727158948,0.8266666666666667,0.8266666666666667,0.0,0.0,0.0,72,3
WBCIC_MI_EEGNET,final_embedding,21,0,norm_matched_random,0.7742881727158948,0.8266666666666667,0.8266666666666667,0.0,5.966555292736958e-07,0.0018839491104396889,72,3
WBCIC_MI_EEGNET,final_embedding,21,0,same_class_mixup,0.7742881727158948,0.8266666666666667,0.9456944444444445,0.11902777777777773,0.11457284476718518,2.682063360104167,72,3
WBCIC_MI_EEGNET,final_embedding,21,0,scst,0.7742881727158948,0.8266666666666667,0.82625,-0.00041666666666666664,-3.314030413876496e-05,0.0018839491104396904,72,3
WBCIC_MI_EEGNET,final_embedding,21,0,unconditional_subject_transport,0.7742881727158948,0.8266666666666667,0.8266666666666667,0.0,-4.4327138657923215e-05,0.0016673878195378057,72,3
WBCIC_MI_EEGNET,final_embedding,21,1,no_transport,0.7742881727158948,0.9166666666666666,0.9166666666666666,0.0,0.0,0.0,72,3
WBCIC_MI_EEGNET,final_embedding,21,1,norm_matched_random,0.7742881727158948,0.9166666666666666,0.9170833333333334,0.0004166666666666667,-0.00038056799554786507,0.006444243931762831,72,3
WBCIC_MI_EEGNET,final_embedding,21,1,same_class_mixup,0.7742881727158948,0.9166666666666666,0.9815277777777778,0.06486111111111106,0.05860963978868916,2.6053032164652388,72,3
WBCIC_MI_EEGNET,final_embedding,21,1,scst,0.7742881727158948,0.9166666666666666,0.9205555555555556,0.003888888888888889,0.0002176565415080625,0.006444243931762832,72,3
WBCIC_MI_EEGNET,final_embedding,21,1,unconditional_subject_transport,0.7742881727158948,0.9166666666666666,0.9193055555555555,0.002638888888888889,0.000143945648862016,0.00525798357859968,72,3
WBCIC_MI_EEGNET,final_embedding,22,0,no_transport,0.7568321935157041,0.8862857142857142,0.8862857142857142,0.0,0.0,0.0,70,3
WBCIC_MI_EEGNET,final_embedding,22,0,norm_matched_random,0.7568321935157041,0.8862857142857142,0.885,-0.0012857142857142856,-0.0002021064740949416,0.014014985760562936,70,3
WBCIC_MI_EEGNET,final_embedding,22,0,same_class_mixup,0.7568321935157041,0.8862857142857142,0.9788571428571428,0.09257142857142853,0.08121641856624935,2.5868002930559086,70,3
WBCIC_MI_EEGNET,final_embedding,22,0,scst,0.7568321935157041,0.8862857142857142,0.8861428571428571,-0.00014285714285714287,0.0014978231166653173,0.014014985760562936,70,3
WBCIC_MI_EEGNET,final_embedding,22,0,unconditional_subject_transport,0.7568321935157041,0.8862857142857142,0.8844285714285715,-0.0018571428571428571,-0.00031044846390157526,0.01137092268562299,70,3
WBCIC_MI_EEGNET,final_embedding,22,1,no_transport,0.7568321935157041,0.8162857142857143,0.8162857142857143,0.0,0.0,0.0,70,3
WBCIC_MI_EEGNET,final_embedding,22,1,norm_matched_random,0.7568321935157041,0.8162857142857143,0.8111428571428572,-0.00514285714285713,-0.0011668825253325957,0.09202607432386951,70,3
WBCIC_MI_EEGNET,final_embedding,22,1,same_class_mixup,0.7568321935157041,0.8162857142857143,0.9677142857142856,0.15142857142857138,0.1274608793214201,2.60195154157523,70,3
WBCIC_MI_EEGNET,final_embedding,22,1,scst,0.7568321935157041,0.8162857142857143,0.8258571428571428,0.009571428571428574,0.012231823510495737,0.09202607432386951,70,3
WBCIC_MI_EEGNET,final_embedding,22,1,unconditional_subject_transport,0.7568321935157041,0.8162857142857143,0.8162857142857143,0.0,0.0020514452900981073,0.06522932026055545,70,3
WBCIC_MI_EEGNET,final_embedding,23,0,no_transport,0.7766011904761905,0.9699999999999999,0.9699999999999999,0.0,0.0,0.0,70,3
WBCIC_MI_EEGNET,final_embedding,23,0,norm_matched_random,0.7766011904761905,0.9699999999999999,0.9711428571428572,0.001142857142857143,-3.058449206400471e-05,0.016076610784532878,70,3
WBCIC_MI_EEGNET,final_embedding,23,0,same_class_mixup,0.7766011904761905,0.9699999999999999,0.9944285714285714,0.024428571428571428,-0.009346028577620158,2.6862616007859246,70,3
WBCIC_MI_EEGNET,final_embedding,23,0,scst,0.7766011904761905,0.9699999999999999,0.9685714285714285,-0.0014285714285714286,-0.0012996979175322035,0.016076610784532878,70,3
WBCIC_MI_EEGNET,final_embedding,23,0,unconditional_subject_transport,0.7766011904761905,0.9699999999999999,0.973,0.003,0.0005571502133529165,0.013357301496001329,70,3
WBCIC_MI_EEGNET,final_embedding,23,1,no_transport,0.7766011904761905,0.9601428571428571,0.9601428571428571,0.0,0.0,0.0,70,3
WBCIC_MI_EEGNET,final_embedding,23,1,norm_matched_random,0.7766011904761905,0.9601428571428571,0.9582857142857143,-0.0018571428571428556,-0.0016600508273401243,0.0896283098346243,70,3
WBCIC_MI_EEGNET,final_embedding,23,1,same_class_mixup,0.7766011904761905,0.9601428571428571,0.9925714285714287,0.03242857142857143,0.0046897737443052975,2.5348181257447973,70,3
WBCIC_MI_EEGNET,final_embedding,23,1,scst,0.7766011904761905,0.9601428571428571,0.9505714285714285,-0.009571428571428557,-0.008741836397063378,0.0896283098346243,70,3
WBCIC_MI_EEGNET,final_embedding,23,1,unconditional_subject_transport,0.7766011904761905,0.9601428571428571,0.9591428571428572,-0.001,-0.001545308462243713,0.06317949206359526,70,3
WBCIC_MI_EEGNET,final_embedding,24,0,no_transport,0.7766011904761905,0.9326118326118326,0.9326118326118326,0.0,2.8035934965281647e-20,0.0,70,3
WBCIC_MI_EEGNET,final_embedding,24,0,norm_matched_random,0.7766011904761905,0.9326118326118326,0.9323232323232322,-0.0002886002886002929,0.0001773057225613579,0.008808232176160549,70,3
WBCIC_MI_EEGNET,final_embedding,24,0,same_class_mixup,0.7766011904761905,0.9326118326118326,0.9803751803751805,0.047763347763347716,0.03881054371273534,2.7127053519226005,70,3
WBCIC_MI_EEGNET,final_embedding,24,0,scst,0.7766011904761905,0.9326118326118326,0.9304473304473303,-0.002164502164502166,-0.0014719236320401728,0.008808232176160549,70,3
WBCIC_MI_EEGNET,final_embedding,24,0,unconditional_subject_transport,0.7766011904761905,0.9326118326118326,0.9326118326118326,0.0,3.3939064845806074e-05,0.006654113446655782,70,3
WBCIC_MI_EEGNET,final_embedding,24,1,no_transport,0.7766011904761905,0.8968571428571429,0.8968571428571429,0.0,0.0,0.0,70,3
WBCIC_MI_EEGNET,final_embedding,24,1,norm_matched_random,0.7766011904761905,0.8968571428571429,0.8962857142857144,-0.0005714285714285714,5.008871363071715e-05,0.05444676774254263,70,3
WBCIC_MI_EEGNET,final_embedding,24,1,same_class_mixup,0.7766011904761905,0.8968571428571429,0.9718571428571429,0.07499999999999993,0.06617368401415746,2.6550823150349117,70,3
WBCIC_MI_EEGNET,final_embedding,24,1,scst,0.7766011904761905,0.8968571428571429,0.8911428571428571,-0.005714285714285713,-0.004240841864087393,0.05444676774254263,70,3
WBCIC_MI_EEGNET,final_embedding,24,1,unconditional_subject_transport,0.7766011904761905,0.8968571428571429,0.8962857142857144,-0.0005714285714285715,-0.0001345847779027,0.04510017604347332,70,3
WBCIC_MI_EEGNET,final_embedding,25,0,no_transport,0.7568321935157041,0.9198571428571428,0.9198571428571428,0.0,0.0,0.0,70,3
WBCIC_MI_EEGNET,final_embedding,25,0,norm_matched_random,0.7568321935157041,0.9198571428571428,0.9198571428571428,0.0,0.0,0.0,70,3
WBCIC_MI_EEGNET,final_embedding,25,0,same_class_mixup,0.7568321935157041,0.9198571428571428,0.9785714285714285,0.058714285714285656,0.034397874684868414,3.045978197494574,70,3
WBCIC_MI_EEGNET,final_embedding,25,0,scst,0.7568321935157041,0.9198571428571428,0.9198571428571428,0.0,0.0,0.0,70,3
WBCIC_MI_EEGNET,final_embedding,25,0,unconditional_subject_transport,0.7568321935157041,0.9198571428571428,0.9198571428571428,0.0,0.0,0.0,70,3
WBCIC_MI_EEGNET,final_embedding,25,1,no_transport,0.7568321935157041,0.9372857142857143,0.9372857142857143,0.0,0.0,0.0,70,3
WBCIC_MI_EEGNET,final_embedding,25,1,norm_matched_random,0.7568321935157041,0.9372857142857143,0.9384285714285714,0.001142857142857143,-0.0002800267904740128,0.056786874682981194,70,3
WBCIC_MI_EEGNET,final_embedding,25,1,same_class_mixup,0.7568321935157041,0.9372857142857143,0.9890000000000001,0.05171428571428571,0.01645259660982611,2.7518837024664964,70,3
WBCIC_MI_EEGNET,final_embedding,25,1,scst,0.7568321935157041,0.9372857142857143,0.9352857142857143,-0.002,-0.004121394999522682,0.056786874682981194,70,3
WBCIC_MI_EEGNET,final_embedding,25,1,unconditional_subject_transport,0.7568321935157041,0.9372857142857143,0.9372857142857143,0.0,-0.0006354694199446586,0.03600997546921495,70,3
WBCIC_MI_EEGNET,final_embedding,26,0,no_transport,0.7568321935157041,0.9064285714285715,0.9064285714285715,0.0,0.0,0.0,70,3
WBCIC_MI_EEGNET,final_embedding,26,0,norm_matched_random,0.7568321935157041,0.9064285714285715,0.9061428571428571,-0.00028571428571428574,-0.00012999110915155206,0.005405833832092801,70,3
WBCIC_MI_EEGNET,final_embedding,26,0,same_class_mixup,0.7568321935157041,0.9064285714285715,0.9767142857142858,0.0702857142857142,0.05271307826766818,2.8285083666924073,70,3
WBCIC_MI_EEGNET,final_embedding,26,0,scst,0.7568321935157041,0.9064285714285715,0.905,-0.0014285714285714286,-0.0002408555414687357,0.005405833832092801,70,3
WBCIC_MI_EEGNET,final_embedding,26,0,unconditional_subject_transport,0.7568321935157041,0.9064285714285715,0.9064285714285715,0.0,0.00030130991653765424,0.00433936774522874,70,3
WBCIC_MI_EEGNET,final_embedding,26,1,no_transport,0.7568321935157041,0.8737142857142857,0.8737142857142857,0.0,0.0,0.0,70,3
WBCIC_MI_EEGNET,final_embedding,26,1,norm_matched_random,0.7568321935157041,0.8737142857142857,0.876,0.002285714285714286,0.0013124500955923742,0.03235043132131622,70,3
WBCIC_MI_EEGNET,final_embedding,26,1,same_class_mixup,0.7568321935157041,0.8737142857142857,0.9714285714285714,0.09771428571428566,0.07759534225407634,2.7936723155413947,70,3
WBCIC_MI_EEGNET,final_embedding,26,1,scst,0.7568321935157041,0.8737142857142857,0.8665714285714285,-0.007142857142857142,-0.005512049771517087,0.03235043132131622,70,3
WBCIC_MI_EEGNET,final_embedding,26,1,unconditional_subject_transport,0.7568321935157041,0.8737142857142857,0.8697142857142858,-0.004,-0.0015667950479706827,0.023172383218811512,70,3
WBCIC_MI_EEGNET,final_embedding,27,0,no_transport,0.7968603066039122,0.5130985915492958,0.5130985915492958,0.0,0.0,0.0,71,3
WBCIC_MI_EEGNET,final_embedding,27,0,norm_matched_random,0.7968603066039122,0.5130985915492958,0.5212676056338028,0.008169014084507027,0.0036639229649053145,0.15985573864933705,71,3
WBCIC_MI_EEGNET,final_embedding,27,0,same_class_mixup,0.7968603066039122,0.5130985915492958,0.9111267605633803,0.3980281690140845,0.3798017477742902,2.443244259184583,71,3
WBCIC_MI_EEGNET,final_embedding,27,0,scst,0.7968603066039122,0.5130985915492958,0.5505633802816902,0.037464788732394345,0.028840146726363626,0.15985573864933705,71,3
WBCIC_MI_EEGNET,final_embedding,27,0,unconditional_subject_transport,0.7968603066039122,0.5130985915492958,0.5114084507042254,-0.0016901408450704224,-0.0015825133922490252,0.12422884106462552,71,3
WBCIC_MI_EEGNET,final_embedding,27,1,no_transport,0.7968603066039122,0.5501408450704226,0.5501408450704226,0.0,0.0,0.0,71,3
WBCIC_MI_EEGNET,final_embedding,27,1,norm_matched_random,0.7968603066039122,0.5501408450704226,0.543661971830986,-0.006478873239436632,-0.009547051852984824,0.26529946847223407,71,3
WBCIC_MI_EEGNET,final_embedding,27,1,same_class_mixup,0.7968603066039122,0.5501408450704226,0.9285915492957747,0.3784507042253521,0.34108772069712956,2.5353487459394493,71,3
WBCIC_MI_EEGNET,final_embedding,27,1,scst,0.7968603066039122,0.5501408450704226,0.6140845070422536,0.06394366197183098,0.050794996458870145,0.26529946847223407,71,3
WBCIC_MI_EEGNET,final_embedding,27,1,unconditional_subject_transport,0.7968603066039122,0.5501408450704226,0.5526760563380282,0.002535211267605625,0.00245497906757234,0.219559694220377,71,3
WBCIC_MI_EEGNET,final_embedding,28,0,no_transport,0.7742881727158948,0.67,0.67,0.0,0.0,0.0,72,3
WBCIC_MI_EEGNET,final_embedding,28,0,norm_matched_random,0.7742881727158948,0.67,0.6693055555555555,-0.0006944444444444431,-0.00031658414536569156,0.005623858506553815,72,3
WBCIC_MI_EEGNET,final_embedding,28,0,same_class_mixup,0.7742881727158948,0.67,0.9254166666666666,0.2554166666666666,0.22502129338751498,2.6276042923623013,72,3
WBCIC_MI_EEGNET,final_embedding,28,0,scst,0.7742881727158948,0.67,0.6709722222222223,0.0009722222222222223,0.00037712540364139723,0.005623858506553815,72,3
WBCIC_MI_EEGNET,final_embedding,28,0,unconditional_subject_transport,0.7742881727158948,0.67,0.6705555555555556,0.0005555555555555556,0.00031798832347018267,0.004514052863597375,72,3
WBCIC_MI_EEGNET,final_embedding,28,1,no_transport,0.7742881727158948,0.8433333333333333,0.8433333333333333,0.0,0.0,0.0,72,3
WBCIC_MI_EEGNET,final_embedding,28,1,norm_matched_random,0.7742881727158948,0.8433333333333333,0.8433333333333333,0.0,0.0,0.0,72,3
WBCIC_MI_EEGNET,final_embedding,28,1,same_class_mixup,0.7742881727158948,0.8433333333333333,0.9651388888888888,0.12180555555555556,0.08904633065561746,2.9173591013460425,72,3
WBCIC_MI_EEGNET,final_embedding,28,1,scst,0.7742881727158948,0.8433333333333333,0.8433333333333333,0.0,0.0,0.0,72,3
WBCIC_MI_EEGNET,final_embedding,28,1,unconditional_subject_transport,0.7742881727158948,0.8433333333333333,0.8433333333333333,0.0,0.0,0.0,72,3
WBCIC_MI_EEGNET,final_embedding,29,0,no_transport,0.7568321935157041,0.9169999999999999,0.9169999999999999,0.0,0.0,0.0,70,3
WBCIC_MI_EEGNET,final_embedding,29,0,norm_matched_random,0.7568321935157041,0.9169999999999999,0.9169999999999999,0.0,-9.940036542714287e-06,0.00024637248877591576,70,3
WBCIC_MI_EEGNET,final_embedding,29,0,same_class_mixup,0.7568321935157041,0.9169999999999999,0.985,0.06799999999999999,0.02702726019834591,2.7932292693277714,70,3
WBCIC_MI_EEGNET,final_embedding,29,0,scst,0.7568321935157041,0.9169999999999999,0.9169999999999999,0.0,4.7886335560014285e-06,0.00024637248877591576,70,3
WBCIC_MI_EEGNET,final_embedding,29,0,unconditional_subject_transport,0.7568321935157041,0.9169999999999999,0.9169999999999999,0.0,-6.327144133408184e-07,0.00020690724000308714,70,3
WBCIC_MI_EEGNET,final_embedding,29,1,no_transport,0.7568321935157041,0.9532857142857143,0.9532857142857143,0.0,0.0,0.0,70,3
WBCIC_MI_EEGNET,final_embedding,29,1,norm_matched_random,0.7568321935157041,0.9532857142857143,0.953,-0.00028571428571428574,-5.777479788324894e-05,0.006986260952178454,70,3
WBCIC_MI_EEGNET,final_embedding,29,1,same_class_mixup,0.7568321935157041,0.9532857142857143,0.9907142857142857,0.03742857142857143,0.01125539838012806,2.998062447445295,70,3
WBCIC_MI_EEGNET,final_embedding,29,1,scst,0.7568321935157041,0.9532857142857143,0.9532857142857143,0.0,0.0005956168152193189,0.006986260952178454,70,3
WBCIC_MI_EEGNET,final_embedding,29,1,unconditional_subject_transport,0.7568321935157041,0.9532857142857143,0.9532857142857143,0.0,6.03367530877438e-05,0.005046150301042729,70,3
WBCIC_MI_EEGNET,final_embedding,30,0,no_transport,0.7766011904761905,0.9164285714285715,0.9164285714285715,0.0,0.0,0.0,70,3
WBCIC_MI_EEGNET,final_embedding,30,0,norm_matched_random,0.7766011904761905,0.9164285714285715,0.9164285714285715,0.0,2.2348935294489725e-06,0.00022612866416586,70,3
WBCIC_MI_EEGNET,final_embedding,30,0,same_class_mixup,0.7766011904761905,0.9164285714285715,0.9784285714285713,0.061999999999999944,0.02461726178622556,2.9457867647412215,70,3
WBCIC_MI_EEGNET,final_embedding,30,0,scst,0.7766011904761905,0.9164285714285715,0.9164285714285715,0.0,-2.6987876362815715e-05,0.00022612866416586,70,3
WBCIC_MI_EEGNET,final_embedding,30,0,unconditional_subject_transport,0.7766011904761905,0.9164285714285715,0.9164285714285715,0.0,-3.022674616545941e-06,0.00018642641731823713,70,3
WBCIC_MI_EEGNET,final_embedding,30,1,no_transport,0.7766011904761905,0.9864285714285714,0.9864285714285714,0.0,0.0,0.0,70,3
WBCIC_MI_EEGNET,final_embedding,30,1,norm_matched_random,0.7766011904761905,0.9864285714285714,0.9864285714285714,0.0,-6.953346297729931e-07,0.008870648076143758,70,3
WBCIC_MI_EEGNET,final_embedding,30,1,same_class_mixup,0.7766011904761905,0.9864285714285714,0.9971428571428571,0.010714285714285714,-0.027046755172040988,2.9771630786786636,70,3
WBCIC_MI_EEGNET,final_embedding,30,1,scst,0.7766011904761905,0.9864285714285714,0.9864285714285714,0.0,-4.056584604477492e-05,0.00887064807614376,70,3
WBCIC_MI_EEGNET,final_embedding,30,1,unconditional_subject_transport,0.7766011904761905,0.9864285714285714,0.9864285714285714,0.0,1.9937709398563753e-06,0.007070001426944835,70,3
WBCIC_MI_EEGNET,final_embedding,31,0,no_transport,0.7766011904761905,0.5767142857142856,0.5767142857142856,0.0,0.0,0.0,70,3
WBCIC_MI_EEGNET,final_embedding,31,0,norm_matched_random,0.7766011904761905,0.5767142857142856,0.5717142857142857,-0.004999999999999999,-0.0029314731210125437,0.16232863751712603,70,3
WBCIC_MI_EEGNET,final_embedding,31,0,same_class_mixup,0.7766011904761905,0.5767142857142856,0.899,0.3222857142857143,0.3186048168946391,2.5290723490824987,70,3
WBCIC_MI_EEGNET,final_embedding,31,0,scst,0.7766011904761905,0.5767142857142856,0.5931428571428572,0.016428571428571435,0.015460973645122028,0.16232863751712603,70,3
WBCIC_MI_EEGNET,final_embedding,31,0,unconditional_subject_transport,0.7766011904761905,0.5767142857142856,0.5832857142857143,0.006571428571428572,0.004217787612398369,0.13115838726186746,70,3
WBCIC_MI_EEGNET,final_embedding,31,1,no_transport,0.7766011904761905,0.6397142857142857,0.6397142857142857,0.0,0.0,0.0,70,3
WBCIC_MI_EEGNET,final_embedding,31,1,norm_matched_random,0.7766011904761905,0.6397142857142857,0.6548571428571429,0.015142857142857137,0.005850908637112844,0.20755839245486696,70,3
WBCIC_MI_EEGNET,final_embedding,31,1,same_class_mixup,0.7766011904761905,0.6397142857142857,0.937142857142857,0.2974285714285714,0.27190011779369083,2.47121409673985,70,3
WBCIC_MI_EEGNET,final_embedding,31,1,scst,0.7766011904761905,0.6397142857142857,0.6572857142857143,0.017571428571428564,0.00675102577360685,0.20755839245486696,70,3
WBCIC_MI_EEGNET,final_embedding,31,1,unconditional_subject_transport,0.7766011904761905,0.6397142857142857,0.6327142857142857,-0.007,-0.006315982946604706,0.18492943288829114,70,3
WBCIC_MI_EEGNET,final_embedding,32,0,no_transport,0.7708637777856123,0.5147247119078106,0.5147247119078106,0.0,0.0,0.0,71,3
WBCIC_MI_EEGNET,final_embedding,32,0,norm_matched_random,0.7708637777856123,0.5147247119078106,0.514582444159909,-0.0001422677479015507,-0.0003061865295820294,0.007412858720702751,71,3
WBCIC_MI_EEGNET,final_embedding,32,0,same_class_mixup,0.7708637777856123,0.5147247119078106,0.8770806658130602,0.36235595390524966,0.3558738671559382,2.7605675228283904,71,3
WBCIC_MI_EEGNET,final_embedding,32,0,scst,0.7708637777856123,0.5147247119078106,0.5167164603784322,0.001991748470621704,0.0012062215805288639,0.007412858720702751,71,3
WBCIC_MI_EEGNET,final_embedding,32,0,unconditional_subject_transport,0.7708637777856123,0.5147247119078106,0.5147247119078106,0.0,-0.0001144012193615616,0.005411288036256056,71,3
WBCIC_MI_EEGNET,final_embedding,32,1,no_transport,0.7708637777856123,0.6170422535211267,0.6170422535211267,0.0,0.0,0.0,71,3
WBCIC_MI_EEGNET,final_embedding,32,1,norm_matched_random,0.7708637777856123,0.6170422535211267,0.6180281690140845,0.0009859154929577466,-0.00031308710233774313,0.011861054379286936,71,3
WBCIC_MI_EEGNET,final_embedding,32,1,same_class_mixup,0.7708637777856123,0.6170422535211267,0.913943661971831,0.2969014084507042,0.31305707714040765,2.929000248489134,71,3
WBCIC_MI_EEGNET,final_embedding,32,1,scst,0.7708637777856123,0.6170422535211267,0.6216901408450705,0.0046478873239436625,0.0017959416834447395,0.011861054379286936,71,3
WBCIC_MI_EEGNET,final_embedding,32,1,unconditional_subject_transport,0.7708637777856123,0.6170422535211267,0.6170422535211267,0.0,0.0001172521668562765,0.008089117009640956,71,3
WBCIC_MI_EEGNET,final_embedding,33,0,no_transport,0.7742881727158948,0.94,0.94,0.0,0.0,0.0,72,3
WBCIC_MI_EEGNET,final_embedding,33,0,norm_matched_random,0.7742881727158948,0.94,0.9401388888888889,0.0001388888888888889,7.101175473846796e-05,0.0017539360050239099,72,3
WBCIC_MI_EEGNET,final_embedding,33,0,same_class_mixup,0.7742881727158948,0.94,0.9869444444444445,0.046944444444444414,0.02352252714287844,2.169854962300465,72,3
WBCIC_MI_EEGNET,final_embedding,33,0,scst,0.7742881727158948,0.94,0.9401388888888889,0.0001388888888888889,-0.00012126012372436116,0.0017539360050239099,72,3
WBCIC_MI_EEGNET,final_embedding,33,0,unconditional_subject_transport,0.7742881727158948,0.94,0.94,0.0,3.2518058883672836e-05,0.001536646095150757,72,3
WBCIC_MI_EEGNET,final_embedding,33,1,no_transport,0.7742881727158948,0.9466666666666667,0.9466666666666667,0.0,0.0,0.0,72,3
WBCIC_MI_EEGNET,final_embedding,33,1,norm_matched_random,0.7742881727158948,0.9466666666666667,0.9466666666666667,0.0,2.3108827554978533e-06,0.0020741312185667913,72,3
WBCIC_MI_EEGNET,final_embedding,33,1,same_class_mixup,0.7742881727158948,0.9466666666666667,0.9895833333333334,0.04291666666666667,0.006716525813730352,2.492593871768506,72,3
WBCIC_MI_EEGNET,final_embedding,33,1,scst,0.7742881727158948,0.9466666666666667,0.9466666666666667,0.0,-0.00018918978691181515,0.0020741312185667913,72,3
WBCIC_MI_EEGNET,final_embedding,33,1,unconditional_subject_transport,0.7742881727158948,0.9466666666666667,0.9466666666666667,0.0,-2.3938817716255084e-05,0.0014469470254564736,72,3
WBCIC_MI_EEGNET,final_embedding,34,0,no_transport,0.7568321935157041,0.4777142857142857,0.4777142857142857,0.0,0.0,0.0,70,3
WBCIC_MI_EEGNET,final_embedding,34,0,norm_matched_random,0.7568321935157041,0.4777142857142857,0.4798571428571429,0.0021428571428571417,-0.0036020452645586804,0.2779638888697429,70,3
WBCIC_MI_EEGNET,final_embedding,34,0,same_class_mixup,0.7568321935157041,0.4777142857142857,0.9208571428571428,0.44314285714285706,0.37823930430768105,2.327140386041087,70,3
WBCIC_MI_EEGNET,final_embedding,34,0,scst,0.7568321935157041,0.4777142857142857,0.5784285714285714,0.10071428571428571,0.06427361179840091,0.2779638888697429,70,3
WBCIC_MI_EEGNET,final_embedding,34,0,unconditional_subject_transport,0.7568321935157041,0.4777142857142857,0.473,-0.004714285714285711,-0.0012220482040579837,0.20164819335024625,70,3
WBCIC_MI_EEGNET,final_embedding,34,1,no_transport,0.7568321935157041,0.42957142857142855,0.42957142857142855,0.0,0.0,0.0,70,3
WBCIC_MI_EEGNET,final_embedding,34,1,norm_matched_random,0.7568321935157041,0.42957142857142855,0.43014285714285716,0.0005714285714285599,0.0005017257338985712,0.29361200186575753,70,3
WBCIC_MI_EEGNET,final_embedding,34,1,same_class_mixup,0.7568321935157041,0.42957142857142855,0.9162857142857143,0.4867142857142857,0.4182971850595899,2.4191377246034698,70,3
WBCIC_MI_EEGNET,final_embedding,34,1,scst,0.7568321935157041,0.42957142857142855,0.5272857142857142,0.09771428571428567,0.06324660002432796,0.29361200186575753,70,3
WBCIC_MI_EEGNET,final_embedding,34,1,unconditional_subject_transport,0.7568321935157041,0.42957142857142855,0.43,0.00042857142857141966,0.0010868455550584319,0.21555520113747564,70,3
WBCIC_MI_EEGNET,final_embedding,35,0,no_transport,0.7568321935157041,0.9834285714285714,0.9834285714285714,0.0,0.0,0.0,70,3
WBCIC_MI_EEGNET,final_embedding,35,0,norm_matched_random,0.7568321935157041,0.9834285714285714,0.9837142857142857,0.00028571428571428574,1.705873225375572e-05,0.017351615923374253,70,3
WBCIC_MI_EEGNET,final_embedding,35,0,same_class_mixup,0.7568321935157041,0.9834285714285714,0.9914285714285715,0.008,-0.017487987544999296,2.819964079993424,70,3
WBCIC_MI_EEGNET,final_embedding,35,0,scst,0.7568321935157041,0.9834285714285714,0.9832857142857142,-0.00014285714285714287,-0.0029085262926432614,0.017351615923374253,70,3
WBCIC_MI_EEGNET,final_embedding,35,0,unconditional_subject_transport,0.7568321935157041,0.9834285714285714,0.9834285714285714,0.0,2.3043695580850303e-05,0.011669198119293414,70,3
WBCIC_MI_EEGNET,final_embedding,35,1,no_transport,0.7568321935157041,0.9631428571428572,0.9631428571428572,0.0,0.0,0.0,70,3
WBCIC_MI_EEGNET,final_embedding,35,1,norm_matched_random,0.7568321935157041,0.9631428571428572,0.963,-0.00014285714285714287,-0.00046461361660119285,0.1645013349180515,70,3
WBCIC_MI_EEGNET,final_embedding,35,1,same_class_mixup,0.7568321935157041,0.9631428571428572,0.9877142857142858,0.02457142857142857,0.0014514909032476387,2.6596325904960363,70,3
WBCIC_MI_EEGNET,final_embedding,35,1,scst,0.7568321935157041,0.9631428571428572,0.9587142857142857,-0.004428571428571428,-0.0042054321730897485,0.16450133491805147,70,3
WBCIC_MI_EEGNET,final_embedding,35,1,unconditional_subject_transport,0.7568321935157041,0.9631428571428572,0.9631428571428572,0.0,-4.681530729578424e-05,0.11787808848530289,70,3
WBCIC_MI_EEGNET,final_embedding,36,0,no_transport,0.7968603066039122,0.9432394366197183,0.9432394366197183,0.0,0.0,0.0,71,3
WBCIC_MI_EEGNET,final_embedding,36,0,norm_matched_random,0.7968603066039122,0.9432394366197183,0.9443661971830986,0.0011267605633802818,0.00019044646749907844,0.00799164072526871,71,3
WBCIC_MI_EEGNET,final_embedding,36,0,same_class_mixup,0.7968603066039122,0.9432394366197183,0.9877464788732394,0.04450704225352113,0.007021629013078682,2.8090203115435455,71,3
WBCIC_MI_EEGNET,final_embedding,36,0,scst,0.7968603066039122,0.9432394366197183,0.9418309859154929,-0.0014084507042253522,-0.0005448390999217474,0.00799164072526871,71,3
WBCIC_MI_EEGNET,final_embedding,36,0,unconditional_subject_transport,0.7968603066039122,0.9432394366197183,0.9426760563380281,-0.0005633802816901409,-8.688687583425695e-05,0.00706524906123583,71,3
WBCIC_MI_EEGNET,final_embedding,36,1,no_transport,0.7968603066039122,0.9364788732394366,0.9364788732394366,0.0,0.0,0.0,71,3
WBCIC_MI_EEGNET,final_embedding,36,1,norm_matched_random,0.7968603066039122,0.9364788732394366,0.9367605633802818,0.00028169014084507185,0.00020123616748207604,0.09929052772644378,71,3
WBCIC_MI_EEGNET,final_embedding,36,1,same_class_mixup,0.7968603066039122,0.9364788732394366,0.9874647887323944,0.05098591549295772,0.01929871961950347,2.7188236539305373,71,3
WBCIC_MI_EEGNET,final_embedding,36,1,scst,0.7968603066039122,0.9364788732394366,0.929718309859155,-0.006760563380281674,-0.00509626327394996,0.09929052772644378,71,3
WBCIC_MI_EEGNET,final_embedding,36,1,unconditional_subject_transport,0.7968603066039122,0.9364788732394366,0.9374647887323944,0.0009859154929577466,0.00045707932141561124,0.07344187832577255,71,3
WBCIC_MI_EEGNET,final_embedding,37,0,no_transport,0.7742881727158948,0.8533333333333333,0.8533333333333333,0.0,0.0,0.0,72,3
WBCIC_MI_EEGNET,final_embedding,37,0,norm_matched_random,0.7742881727158948,0.8533333333333333,0.8527777777777777,-0.0005555555555555556,-2.0845739378493975e-05,0.0014300153815493195,72,3
WBCIC_MI_EEGNET,final_embedding,37,0,same_class_mixup,0.7742881727158948,0.8533333333333333,0.9502777777777778,0.09694444444444439,0.09541736954712525,2.806975490650039,72,3
WBCIC_MI_EEGNET,final_embedding,37,0,scst,0.7742881727158948,0.8533333333333333,0.8533333333333333,0.0,0.00015411667030134428,0.0014300153815493195,72,3
WBCIC_MI_EEGNET,final_embedding,37,0,unconditional_subject_transport,0.7742881727158948,0.8533333333333333,0.8533333333333333,0.0,9.064835634532131e-05,0.0010551475702627793,72,3
WBCIC_MI_EEGNET,final_embedding,37,1,no_transport,0.7742881727158948,0.9033333333333334,0.9033333333333334,0.0,0.0,0.0,72,3
WBCIC_MI_EEGNET,final_embedding,37,1,norm_matched_random,0.7742881727158948,0.9033333333333334,0.9033333333333334,0.0,8.950099942003601e-07,0.00017351282101015834,72,3
WBCIC_MI_EEGNET,final_embedding,37,1,same_class_mixup,0.7742881727158948,0.9033333333333334,0.9797222222222223,0.07638888888888881,0.04061663483927965,3.027291139701812,72,3
WBCIC_MI_EEGNET,final_embedding,37,1,scst,0.7742881727158948,0.9033333333333334,0.9033333333333334,0.0,-1.4139658976387499e-05,0.00017351282101015834,72,3
WBCIC_MI_EEGNET,final_embedding,37,1,unconditional_subject_transport,0.7742881727158948,0.9033333333333334,0.9033333333333334,0.0,-3.143485694226389e-06,0.00016707439949510138,72,3
WBCIC_MI_EEGNET,final_embedding,38,0,no_transport,0.7766011904761905,0.8798571428571429,0.8798571428571429,0.0,0.0,0.0,70,3
WBCIC_MI_EEGNET,final_embedding,38,0,norm_matched_random,0.7766011904761905,0.8798571428571429,0.8805714285714286,0.0007142857142857142,-0.00039733108977554324,0.04792360016293419,70,3
WBCIC_MI_EEGNET,final_embedding,38,0,same_class_mixup,0.7766011904761905,0.8798571428571429,0.967,0.08714285714285709,0.08660291601143238,2.5421903879067425,70,3
WBCIC_MI_EEGNET,final_embedding,38,0,scst,0.7766011904761905,0.8798571428571429,0.8891428571428571,0.009285714285714286,0.00473279082845055,0.04792360016293419,70,3
WBCIC_MI_EEGNET,final_embedding,38,0,unconditional_subject_transport,0.7766011904761905,0.8798571428571429,0.8798571428571429,0.0,-0.0005803667668335819,0.042415271133772754,70,3
WBCIC_MI_EEGNET,final_embedding,38,1,no_transport,0.7766011904761905,0.7764285714285715,0.7764285714285715,0.0,0.0,0.0,70,3
WBCIC_MI_EEGNET,final_embedding,38,1,norm_matched_random,0.7766011904761905,0.7764285714285715,0.765,-0.011428571428571439,-0.008371831552943895,0.23084467545289453,70,3
WBCIC_MI_EEGNET,final_embedding,38,1,same_class_mixup,0.7766011904761905,0.7764285714285715,0.9591428571428572,0.18271428571428566,0.16607886033652813,2.366673724834694,70,3
WBCIC_MI_EEGNET,final_embedding,38,1,scst,0.7766011904761905,0.7764285714285715,0.8001428571428572,0.023714285714285684,0.02806366905157061,0.23084467545289453,70,3
WBCIC_MI_EEGNET,final_embedding,38,1,unconditional_subject_transport,0.7766011904761905,0.7764285714285715,0.7771428571428571,0.0007142857142856986,0.003270591946636146,0.2037571560041725,70,3
WBCIC_MI_EEGNET,final_embedding,41,0,no_transport,0.7766011904761905,0.7792857142857144,0.7792857142857144,0.0,0.0,0.0,70,3
WBCIC_MI_EEGNET,final_embedding,41,0,norm_matched_random,0.7766011904761905,0.7792857142857144,0.7808571428571429,0.0015714285714285613,0.0003233826979576535,0.0500092490262877,70,3
WBCIC_MI_EEGNET,final_embedding,41,0,same_class_mixup,0.7766011904761905,0.7792857142857144,0.9461428571428572,0.16685714285714282,0.14686625319241461,2.757129152149793,70,3
WBCIC_MI_EEGNET,final_embedding,41,0,scst,0.7766011904761905,0.7792857142857144,0.7651428571428571,-0.014142857142857146,-0.00839037133932229,0.0500092490262877,70,3
WBCIC_MI_EEGNET,final_embedding,41,0,unconditional_subject_transport,0.7766011904761905,0.7792857142857144,0.7761428571428571,-0.003142857142857143,-0.0010880369491048244,0.037622729910646746,70,3
WBCIC_MI_EEGNET,final_embedding,41,1,no_transport,0.7766011904761905,0.8140000000000001,0.8140000000000001,0.0,0.0,0.0,70,3
WBCIC_MI_EEGNET,final_embedding,41,1,norm_matched_random,0.7766011904761905,0.8140000000000001,0.8075714285714286,-0.0064285714285714415,-0.00027384036862160266,0.1025351827790372,70,3
WBCIC_MI_EEGNET,final_embedding,41,1,same_class_mixup,0.7766011904761905,0.8140000000000001,0.9667142857142857,0.15271428571428566,0.13036476458738372,2.605807992316233,70,3
WBCIC_MI_EEGNET,final_embedding,41,1,scst,0.7766011904761905,0.8140000000000001,0.7852857142857143,-0.028714285714285737,-0.017768216940225543,0.10253518277903721,70,3
WBCIC_MI_EEGNET,final_embedding,41,1,unconditional_subject_transport,0.7766011904761905,0.8140000000000001,0.8128571428571428,-0.0011428571428571573,0.0020237795536055384,0.08271791568155726,70,3
WBCIC_MI_EEGNET,final_embedding,42,0,no_transport,0.7766011904761905,0.8161428571428571,0.8161428571428571,0.0,0.0,0.0,70,3
WBCIC_MI_EEGNET,final_embedding,42,0,norm_matched_random,0.7766011904761905,0.8161428571428571,0.8165714285714285,0.0004285714285714387,-0.0010032799817400744,0.04563674969590138,70,3
WBCIC_MI_EEGNET,final_embedding,42,0,same_class_mixup,0.7766011904761905,0.8161428571428571,0.9657142857142856,0.14957142857142855,0.09196277442365113,2.51586969738153,70,3
WBCIC_MI_EEGNET,final_embedding,42,0,scst,0.7766011904761905,0.8161428571428571,0.818,0.0018571428571428719,-7.370989833686152e-05,0.04563674969590138,70,3
WBCIC_MI_EEGNET,final_embedding,42,0,unconditional_subject_transport,0.7766011904761905,0.8161428571428571,0.8147142857142857,-0.00142857142857142,-0.0016888867972697826,0.0408687373737633,70,3
WBCIC_MI_EEGNET,final_embedding,42,1,no_transport,0.7766011904761905,0.7465714285714286,0.7465714285714286,0.0,0.0,0.0,70,3
WBCIC_MI_EEGNET,final_embedding,42,1,norm_matched_random,0.7766011904761905,0.7465714285714286,0.746,-0.0005714285714285714,-0.001347454459258953,0.08525145975396821,70,3
WBCIC_MI_EEGNET,final_embedding,42,1,same_class_mixup,0.7766011904761905,0.7465714285714286,0.9484285714285714,0.20185714285714285,0.17617256296942196,2.5975400319444786,70,3
WBCIC_MI_EEGNET,final_embedding,42,1,scst,0.7766011904761905,0.7465714285714286,0.7584285714285715,0.011857142857142863,0.0016813460415050336,0.08525145975396821,70,3
WBCIC_MI_EEGNET,final_embedding,42,1,unconditional_subject_transport,0.7766011904761905,0.7465714285714286,0.7495714285714286,0.003,0.0023361332226797837,0.06873240880444771,70,3
WBCIC_MI_EEGNET,final_embedding,44,0,no_transport,0.7968603066039122,0.8904225352112676,0.8904225352112676,0.0,0.0,0.0,71,3
WBCIC_MI_EEGNET,final_embedding,44,0,norm_matched_random,0.7968603066039122,0.8904225352112676,0.8933802816901408,0.00295774647887324,2.8072969664473324e-05,0.018040549335206706,71,3
WBCIC_MI_EEGNET,final_embedding,44,0,same_class_mixup,0.7968603066039122,0.8904225352112676,0.9729577464788732,0.08253521126760557,0.07558878676808167,2.6547293953240825,71,3
WBCIC_MI_EEGNET,final_embedding,44,0,scst,0.7968603066039122,0.8904225352112676,0.9011267605633804,0.010704225352112675,0.0037926668018752026,0.018040549335206702,71,3
WBCIC_MI_EEGNET,final_embedding,44,0,unconditional_subject_transport,0.7968603066039122,0.8904225352112676,0.8909859154929577,0.0005633802816901409,-0.00014225219912744505,0.012834049640340567,71,3
WBCIC_MI_EEGNET,final_embedding,44,1,no_transport,0.7968603066039122,0.7761971830985915,0.7761971830985915,0.0,0.0,0.0,71,3
WBCIC_MI_EEGNET,final_embedding,44,1,norm_matched_random,0.7968603066039122,0.7761971830985915,0.7729577464788733,-0.0032394366197183166,-0.0017972855616851383,0.11328726709006817,71,3
WBCIC_MI_EEGNET,final_embedding,44,1,same_class_mixup,0.7968603066039122,0.7761971830985915,0.9391549295774647,0.16295774647887318,0.2062125888952709,2.6409988683593446,71,3
WBCIC_MI_EEGNET,final_embedding,44,1,scst,0.7968603066039122,0.7761971830985915,0.7907042253521127,0.014507042253521103,0.018778407244196944,0.11328726709006817,71,3
WBCIC_MI_EEGNET,final_embedding,44,1,unconditional_subject_transport,0.7968603066039122,0.7761971830985915,0.7763380281690141,0.0001408450704225296,0.0007008872734127004,0.08282379805421179,71,3
WBCIC_MI_EEGNET,final_embedding,45,0,no_transport,0.7968603066039122,0.9332394366197184,0.9332394366197184,0.0,0.0,0.0,71,3
WBCIC_MI_EEGNET,final_embedding,45,0,norm_matched_random,0.7968603066039122,0.9332394366197184,0.9333802816901408,0.00014084507042253522,3.173668296916332e-05,0.009953612583315492,71,3
WBCIC_MI_EEGNET,final_embedding,45,0,same_class_mixup,0.7968603066039122,0.9332394366197184,0.9857746478873238,0.05253521126760557,0.03877952854242054,2.689424532493475,71,3
WBCIC_MI_EEGNET,final_embedding,45,0,scst,0.7968603066039122,0.9332394366197184,0.9321126760563381,-0.0011267605633802646,-0.0010256242598631086,0.009953612583315492,71,3
WBCIC_MI_EEGNET,final_embedding,45,0,unconditional_subject_transport,0.7968603066039122,0.9332394366197184,0.9332394366197184,0.0,-3.3300113951488344e-05,0.007897949227919242,71,3
WBCIC_MI_EEGNET,final_embedding,45,1,no_transport,0.7968603066039122,0.8129577464788732,0.8129577464788732,0.0,0.0,0.0,71,3
WBCIC_MI_EEGNET,final_embedding,45,1,norm_matched_random,0.7968603066039122,0.8129577464788732,0.815492957746479,0.0025352112676056424,0.00039685544497543675,0.08744584673784273,71,3
WBCIC_MI_EEGNET,final_embedding,45,1,same_class_mixup,0.7968603066039122,0.8129577464788732,0.9573239436619718,0.1443661971830985,0.14718566769724487,2.829214906651047,71,3
WBCIC_MI_EEGNET,final_embedding,45,1,scst,0.7968603066039122,0.8129577464788732,0.7991549295774648,-0.013802816901408438,-0.012274756155972934,0.08744584673784273,71,3
WBCIC_MI_EEGNET,final_embedding,45,1,unconditional_subject_transport,0.7968603066039122,0.8129577464788732,0.8150704225352113,0.002112676056338028,0.0002524844670363817,0.06724365974713348,71,3
WBCIC_MI_EEGNET,final_embedding,47,0,no_transport,0.7708637777856123,0.9135211267605634,0.9135211267605634,0.0,0.0,0.0,71,3
WBCIC_MI_EEGNET,final_embedding,47,0,norm_matched_random,0.7708637777856123,0.9135211267605634,0.9132394366197184,-0.00028169014084507044,5.922456767284804e-06,0.004157523814018867,71,3
WBCIC_MI_EEGNET,final_embedding,47,0,same_class_mixup,0.7708637777856123,0.9135211267605634,0.9785915492957747,0.06507042253521118,0.03418994952198061,2.3906131492255334,71,3
WBCIC_MI_EEGNET,final_embedding,47,0,scst,0.7708637777856123,0.9135211267605634,0.9135211267605634,0.0,-0.00011745205008928543,0.004157523814018867,71,3
WBCIC_MI_EEGNET,final_embedding,47,0,unconditional_subject_transport,0.7708637777856123,0.9135211267605634,0.9135211267605634,0.0,-9.880390211032231e-05,0.0035301875653198644,71,3
WBCIC_MI_EEGNET,final_embedding,47,1,no_transport,0.7708637777856123,0.8702816901408451,0.8702816901408451,0.0,0.0,0.0,71,3
WBCIC_MI_EEGNET,final_embedding,47,1,norm_matched_random,0.7708637777856123,0.8702816901408451,0.8704225352112676,0.00014084507042253522,1.1220445293090694e-05,0.0027368258724397056,71,3
WBCIC_MI_EEGNET,final_embedding,47,1,same_class_mixup,0.7708637777856123,0.8702816901408451,0.9716901408450703,0.10140845070422531,0.06699090830362073,2.543100893770042,71,3
WBCIC_MI_EEGNET,final_embedding,47,1,scst,0.7708637777856123,0.8702816901408451,0.8715492957746479,0.0012676056338028169,0.0002273995668543493,0.0027368258724397056,71,3
WBCIC_MI_EEGNET,final_embedding,47,1,unconditional_subject_transport,0.7708637777856123,0.8702816901408451,0.8709859154929577,0.0007042253521126761,0.0001516483772208758,0.002290761949343014,71,3
WBCIC_MI_EEGNET,final_embedding,48,0,no_transport,0.7708637777856123,0.8759154929577465,0.8759154929577465,0.0,0.0,0.0,71,3
WBCIC_MI_EEGNET,final_embedding,48,0,norm_matched_random,0.7708637777856123,0.8759154929577465,0.8759154929577465,0.0,0.0,0.0,71,3
WBCIC_MI_EEGNET,final_embedding,48,0,same_class_mixup,0.7708637777856123,0.8759154929577465,0.95943661971831,0.08352112676056331,0.07496310393273549,2.9212733805471816,71,3
WBCIC_MI_EEGNET,final_embedding,48,0,scst,0.7708637777856123,0.8759154929577465,0.8759154929577465,0.0,0.0,0.0,71,3
WBCIC_MI_EEGNET,final_embedding,48,0,unconditional_subject_transport,0.7708637777856123,0.8759154929577465,0.8759154929577465,0.0,0.0,0.0,71,3
WBCIC_MI_EEGNET,final_embedding,48,1,no_transport,0.7708637777856123,0.9063380281690142,0.9063380281690142,0.0,0.0,0.0,71,3
WBCIC_MI_EEGNET,final_embedding,48,1,norm_matched_random,0.7708637777856123,0.9063380281690142,0.9063380281690142,0.0,-1.5390545855949508e-05,0.0007431111216470986,71,3
WBCIC_MI_EEGNET,final_embedding,48,1,same_class_mixup,0.7708637777856123,0.9063380281690142,0.9811267605633802,0.0747887323943661,0.06133455009805812,2.74348101227453,71,3
WBCIC_MI_EEGNET,final_embedding,48,1,scst,0.7708637777856123,0.9063380281690142,0.9064788732394367,0.00014084507042253522,-3.417516172219432e-05,0.0007431111216470986,71,3
WBCIC_MI_EEGNET,final_embedding,48,1,unconditional_subject_transport,0.7708637777856123,0.9063380281690142,0.9063380281690142,0.0,-2.7203885598411658e-05,0.0006329032597752859,71,3
WBCIC_MI_EEGNET,final_embedding,49,0,no_transport,0.7568321935157041,0.9165714285714285,0.9165714285714285,0.0,0.0,0.0,70,3
WBCIC_MI_EEGNET,final_embedding,49,0,norm_matched_random,0.7568321935157041,0.9165714285714285,0.9165714285714285,0.0,0.0,0.0,70,3
WBCIC_MI_EEGNET,final_embedding,49,0,same_class_mixup,0.7568321935157041,0.9165714285714285,0.9782857142857143,0.06171428571428565,0.03291060844105626,3.3019839428302196,70,3
WBCIC_MI_EEGNET,final_embedding,49,0,scst,0.7568321935157041,0.9165714285714285,0.9165714285714285,0.0,0.0,0.0,70,3
WBCIC_MI_EEGNET,final_embedding,49,0,unconditional_subject_transport,0.7568321935157041,0.9165714285714285,0.9165714285714285,0.0,0.0,0.0,70,3
WBCIC_MI_EEGNET,final_embedding,49,1,no_transport,0.7568321935157041,0.92,0.92,0.0,0.0,0.0,70,3
WBCIC_MI_EEGNET,final_embedding,49,1,norm_matched_random,0.7568321935157041,0.92,0.9191428571428572,-0.0008571428571428571,-6.975697458492509e-05,0.002803136432644163,70,3
WBCIC_MI_EEGNET,final_embedding,49,1,same_class_mixup,0.7568321935157041,0.92,0.9774285714285714,0.057428571428571384,0.04211281931703239,3.298164583644214,70,3
WBCIC_MI_EEGNET,final_embedding,49,1,scst,0.7568321935157041,0.92,0.9184285714285715,-0.0015714285714285715,-0.0003026827749438368,0.002803136432644163,70,3
WBCIC_MI_EEGNET,final_embedding,49,1,unconditional_subject_transport,0.7568321935157041,0.92,0.92,0.0,-2.5072988820588693e-05,0.00255061387817431,70,3
WBCIC_MI_EEGNET,final_embedding,50,0,no_transport,0.7708637777856123,0.9667605633802817,0.9667605633802817,0.0,0.0,0.0,71,3
WBCIC_MI_EEGNET,final_embedding,50,0,norm_matched_random,0.7708637777856123,0.9667605633802817,0.9669014084507042,0.00014084507042253522,-8.52698108600314e-05,0.0032329390570678676,71,3
WBCIC_MI_EEGNET,final_embedding,50,0,same_class_mixup,0.7708637777856123,0.9667605633802817,0.9933802816901408,0.026619718309859153,-0.03643809055667982,2.6465371191778044,71,3
WBCIC_MI_EEGNET,final_embedding,50,0,scst,0.7708637777856123,0.9667605633802817,0.9667605633802817,0.0,-0.00025925332471162676,0.0032329390570678676,71,3
WBCIC_MI_EEGNET,final_embedding,50,0,unconditional_subject_transport,0.7708637777856123,0.9667605633802817,0.9667605633802817,0.0,-1.8672486718906718e-05,0.002361792110943431,71,3
WBCIC_MI_EEGNET,final_embedding,50,1,no_transport,0.7708637777856123,0.9298591549295774,0.9298591549295774,0.0,0.0,0.0,71,3
WBCIC_MI_EEGNET,final_embedding,50,1,norm_matched_random,0.7708637777856123,0.9298591549295774,0.9298591549295774,0.0,-3.660571214953424e-05,0.0011741703819011153,71,3
WBCIC_MI_EEGNET,final_embedding,50,1,same_class_mixup,0.7708637777856123,0.9298591549295774,0.9870422535211267,0.05718309859154924,0.002776306148401384,2.698466255106136,71,3
WBCIC_MI_EEGNET,final_embedding,50,1,scst,0.7708637777856123,0.9298591549295774,0.9298591549295774,0.0,1.1356852356609242e-06,0.0011741703819011153,71,3
WBCIC_MI_EEGNET,final_embedding,50,1,unconditional_subject_transport,0.7708637777856123,0.9298591549295774,0.9298591549295774,0.0,1.0033070079152193e-05,0.0008454713101882845,71,3
