dataset,fold,subject_id,session,label,purpose,row_index,trial_uid
OpenBMI,0,1,2,withheld_until_outcome_lock,query,107,1-2-mi-1train-00007
OpenBMI,0,1,2,withheld_until_outcome_lock,query,108,1-2-mi-1train-00008
OpenBMI,0,1,2,withheld_until_outcome_lock,query,109,1-2-mi-1train-00009
OpenBMI,0,1,2,withheld_until_outcome_lock,query,114,1-2-mi-1train-00014
OpenBMI,0,1,2,withheld_until_outcome_lock,query,115,1-2-mi-1train-00015
OpenBMI,0,1,2,withheld_until_outcome_lock,query,117,1-2-mi-1train-00017
OpenBMI,0,1,2,withheld_until_outcome_lock,query,120,1-2-mi-1train-00020
OpenBMI,0,1,2,withheld_until_outcome_lock,query,122,1-2-mi-1train-00022
OpenBMI,0,1,2,withheld_until_outcome_lock,query,123,1-2-mi-1train-00023
OpenBMI,0,1,2,withheld_until_outcome_lock,query,126,1-2-mi-1train-00026
OpenBMI,0,1,2,withheld_until_outcome_lock,query,127,1-2-mi-1train-00027
OpenBMI,0,1,2,withheld_until_outcome_lock,query,130,1-2-mi-1train-00030
OpenBMI,0,1,2,withheld_until_outcome_lock,query,131,1-2-mi-1train-00031
OpenBMI,0,1,2,withheld_until_outcome_lock,query,135,1-2-mi-1train-00035
OpenBMI,0,1,2,withheld_until_outcome_lock,query,136,1-2-mi-1train-00036
OpenBMI,0,1,2,withheld_until_outcome_lock,query,137,1-2-mi-1train-00037
OpenBMI,0,1,2,withheld_until_outcome_lock,query,138,1-2-mi-1train-00038
OpenBMI,0,1,2,withheld_until_outcome_lock,query,139,1-2-mi-1train-00039
OpenBMI,0,1,2,withheld_until_outcome_lock,query,141,1-2-mi-1train-00041
OpenBMI,0,1,2,withheld_until_outcome_lock,query,142,1-2-mi-1train-00042
OpenBMI,0,1,2,withheld_until_outcome_lock,query,144,1-2-mi-1train-00044
OpenBMI,0,1,2,withheld_until_outcome_lock,query,145,1-2-mi-1train-00045
OpenBMI,0,1,2,withheld_until_outcome_lock,query,148,1-2-mi-1train-00048
OpenBMI,0,1,2,withheld_until_outcome_lock,query,149,1-2-mi-1train-00049
OpenBMI,0,1,2,withheld_until_outcome_lock,query,150,1-2-mi-1train-00050
OpenBMI,0,1,2,withheld_until_outcome_lock,query,162,1-2-mi-1train-00062
OpenBMI,0,1,2,withheld_until_outcome_lock,query,172,1-2-mi-1train-00072
OpenBMI,0,1,2,withheld_until_outcome_lock,query,174,1-2-mi-1train-00074
OpenBMI,0,1,2,withheld_until_outcome_lock,query,178,1-2-mi-1train-00078
OpenBMI,0,1,2,withheld_until_outcome_lock,query,180,1-2-mi-1train-00080
OpenBMI,0,1,2,withheld_until_outcome_lock,query,183,1-2-mi-1train-00083
OpenBMI,0,1,2,withheld_until_outcome_lock,query,184,1-2-mi-1train-00084
OpenBMI,0,1,2,withheld_until_outcome_lock,query,189,1-2-mi-1train-00089
OpenBMI,0,1,2,withheld_until_outcome_lock,query,191,1-2-mi-1train-00091
OpenBMI,0,1,2,withheld_until_outcome_lock,query,193,1-2-mi-1train-00093
OpenBMI,0,1,2,withheld_until_outcome_lock,query,197,1-2-mi-1train-00097
OpenBMI,0,10,2,withheld_until_outcome_lock,query,301,10-2-mi-1train-00001
OpenBMI,0,10,2,withheld_until_outcome_lock,query,305,10-2-mi-1train-00005
OpenBMI,0,10,2,withheld_until_outcome_lock,query,307,10-2-mi-1train-00007
OpenBMI,0,10,2,withheld_until_outcome_lock,query,308,10-2-mi-1train-00008
OpenBMI,0,10,2,withheld_until_outcome_lock,query,311,10-2-mi-1train-00011
OpenBMI,0,10,2,withheld_until_outcome_lock,query,312,10-2-mi-1train-00012
OpenBMI,0,10,2,withheld_until_outcome_lock,query,315,10-2-mi-1train-00015
OpenBMI,0,10,2,withheld_until_outcome_lock,query,318,10-2-mi-1train-00018
OpenBMI,0,10,2,withheld_until_outcome_lock,query,320,10-2-mi-1train-00020
OpenBMI,0,10,2,withheld_until_outcome_lock,query,324,10-2-mi-1train-00024
OpenBMI,0,10,2,withheld_until_outcome_lock,query,328,10-2-mi-1train-00028
OpenBMI,0,10,2,withheld_until_outcome_lock,query,331,10-2-mi-1train-00031
OpenBMI,0,10,2,withheld_until_outcome_lock,query,335,10-2-mi-1train-00035
OpenBMI,0,10,2,withheld_until_outcome_lock,query,339,10-2-mi-1train-00039
OpenBMI,0,10,2,withheld_until_outcome_lock,query,340,10-2-mi-1train-00040
OpenBMI,0,10,2,withheld_until_outcome_lock,query,341,10-2-mi-1train-00041
OpenBMI,0,10,2,withheld_until_outcome_lock,query,347,10-2-mi-1train-00047
OpenBMI,0,10,2,withheld_until_outcome_lock,query,348,10-2-mi-1train-00048
OpenBMI,0,10,2,withheld_until_outcome_lock,query,352,10-2-mi-1train-00052
OpenBMI,0,10,2,withheld_until_outcome_lock,query,359,10-2-mi-1train-00059
OpenBMI,0,10,2,withheld_until_outcome_lock,query,364,10-2-mi-1train-00064
OpenBMI,0,10,2,withheld_until_outcome_lock,query,366,10-2-mi-1train-00066
OpenBMI,0,10,2,withheld_until_outcome_lock,query,370,10-2-mi-1train-00070
OpenBMI,0,10,2,withheld_until_outcome_lock,query,371,10-2-mi-1train-00071
OpenBMI,0,10,2,withheld_until_outcome_lock,query,372,10-2-mi-1train-00072
OpenBMI,0,10,2,withheld_until_outcome_lock,query,374,10-2-mi-1train-00074
OpenBMI,0,10,2,withheld_until_outcome_lock,query,375,10-2-mi-1train-00075
OpenBMI,0,10,2,withheld_until_outcome_lock,query,376,10-2-mi-1train-00076
OpenBMI,0,10,2,withheld_until_outcome_lock,query,377,10-2-mi-1train-00077
OpenBMI,0,10,2,withheld_until_outcome_lock,query,378,10-2-mi-1train-00078
OpenBMI,0,10,2,withheld_until_outcome_lock,query,379,10-2-mi-1train-00079
OpenBMI,0,10,2,withheld_until_outcome_lock,query,381,10-2-mi-1train-00081
OpenBMI,0,10,2,withheld_until_outcome_lock,query,382,10-2-mi-1train-00082
OpenBMI,0,10,2,withheld_until_outcome_lock,query,388,10-2-mi-1train-00088
OpenBMI,0,10,2,withheld_until_outcome_lock,query,389,10-2-mi-1train-00089
OpenBMI,0,10,2,withheld_until_outcome_lock,query,394,10-2-mi-1train-00094
OpenBMI,0,17,2,withheld_until_outcome_lock,query,1300,17-2-mi-1train-00000
OpenBMI,0,17,2,withheld_until_outcome_lock,query,1303,17-2-mi-1train-00003
OpenBMI,0,17,2,withheld_until_outcome_lock,query,1307,17-2-mi-1train-00007
OpenBMI,0,17,2,withheld_until_outcome_lock,query,1310,17-2-mi-1train-00010
OpenBMI,0,17,2,withheld_until_outcome_lock,query,1311,17-2-mi-1train-00011
OpenBMI,0,17,2,withheld_until_outcome_lock,query,1314,17-2-mi-1train-00014
OpenBMI,0,17,2,withheld_until_outcome_lock,query,1318,17-2-mi-1train-00018
OpenBMI,0,17,2,withheld_until_outcome_lock,query,1323,17-2-mi-1train-00023
OpenBMI,0,17,2,withheld_until_outcome_lock,query,1324,17-2-mi-1train-00024
OpenBMI,0,17,2,withheld_until_outcome_lock,query,1327,17-2-mi-1train-00027
OpenBMI,0,17,2,withheld_until_outcome_lock,query,1328,17-2-mi-1train-00028
OpenBMI,0,17,2,withheld_until_outcome_lock,query,1329,17-2-mi-1train-00029
OpenBMI,0,17,2,withheld_until_outcome_lock,query,1332,17-2-mi-1train-00032
OpenBMI,0,17,2,withheld_until_outcome_lock,query,1333,17-2-mi-1train-00033
OpenBMI,0,17,2,withheld_until_outcome_lock,query,1337,17-2-mi-1train-00037
OpenBMI,0,17,2,withheld_until_outcome_lock,query,1341,17-2-mi-1train-00041
OpenBMI,0,17,2,withheld_until_outcome_lock,query,1344,17-2-mi-1train-00044
OpenBMI,0,17,2,withheld_until_outcome_lock,query,1348,17-2-mi-1train-00048
OpenBMI,0,17,2,withheld_until_outcome_lock,query,1351,17-2-mi-1train-00051
OpenBMI,0,17,2,withheld_until_outcome_lock,query,1352,17-2-mi-1train-00052
OpenBMI,0,17,2,withheld_until_outcome_lock,query,1353,17-2-mi-1train-00053
OpenBMI,0,17,2,withheld_until_outcome_lock,query,1354,17-2-mi-1train-00054
OpenBMI,0,17,2,withheld_until_outcome_lock,query,1357,17-2-mi-1train-00057
OpenBMI,0,17,2,withheld_until_outcome_lock,query,1366,17-2-mi-1train-00066
OpenBMI,0,17,2,withheld_until_outcome_lock,query,1372,17-2-mi-1train-00072
OpenBMI,0,17,2,withheld_until_outcome_lock,query,1374,17-2-mi-1train-00074
OpenBMI,0,17,2,withheld_until_outcome_lock,query,1376,17-2-mi-1train-00076
OpenBMI,0,17,2,withheld_until_outcome_lock,query,1377,17-2-mi-1train-00077
OpenBMI,0,17,2,withheld_until_outcome_lock,query,1380,17-2-mi-1train-00080
OpenBMI,0,17,2,withheld_until_outcome_lock,query,1384,17-2-mi-1train-00084
OpenBMI,0,17,2,withheld_until_outcome_lock,query,1385,17-2-mi-1train-00085
OpenBMI,0,17,2,withheld_until_outcome_lock,query,1386,17-2-mi-1train-00086
OpenBMI,0,17,2,withheld_until_outcome_lock,query,1387,17-2-mi-1train-00087
OpenBMI,0,17,2,withheld_until_outcome_lock,query,1390,17-2-mi-1train-00090
OpenBMI,0,17,2,withheld_until_outcome_lock,query,1391,17-2-mi-1train-00091
OpenBMI,0,17,2,withheld_until_outcome_lock,query,1392,17-2-mi-1train-00092
OpenBMI,0,28,2,withheld_until_outcome_lock,query,3300,28-2-mi-1train-00000
OpenBMI,0,28,2,withheld_until_outcome_lock,query,3301,28-2-mi-1train-00001
OpenBMI,0,28,2,withheld_until_outcome_lock,query,3302,28-2-mi-1train-00002
OpenBMI,0,28,2,withheld_until_outcome_lock,query,3303,28-2-mi-1train-00003
OpenBMI,0,28,2,withheld_until_outcome_lock,query,3304,28-2-mi-1train-00004
OpenBMI,0,28,2,withheld_until_outcome_lock,query,3305,28-2-mi-1train-00005
OpenBMI,0,28,2,withheld_until_outcome_lock,query,3306,28-2-mi-1train-00006
OpenBMI,0,28,2,withheld_until_outcome_lock,query,3311,28-2-mi-1train-00011
OpenBMI,0,28,2,withheld_until_outcome_lock,query,3312,28-2-mi-1train-00012
OpenBMI,0,28,2,withheld_until_outcome_lock,query,3313,28-2-mi-1train-00013
OpenBMI,0,28,2,withheld_until_outcome_lock,query,3314,28-2-mi-1train-00014
OpenBMI,0,28,2,withheld_until_outcome_lock,query,3321,28-2-mi-1train-00021
OpenBMI,0,28,2,withheld_until_outcome_lock,query,3326,28-2-mi-1train-00026
OpenBMI,0,28,2,withheld_until_outcome_lock,query,3330,28-2-mi-1train-00030
OpenBMI,0,28,2,withheld_until_outcome_lock,query,3335,28-2-mi-1train-00035
OpenBMI,0,28,2,withheld_until_outcome_lock,query,3336,28-2-mi-1train-00036
OpenBMI,0,28,2,withheld_until_outcome_lock,query,3339,28-2-mi-1train-00039
OpenBMI,0,28,2,withheld_until_outcome_lock,query,3341,28-2-mi-1train-00041
OpenBMI,0,28,2,withheld_until_outcome_lock,query,3342,28-2-mi-1train-00042
OpenBMI,0,28,2,withheld_until_outcome_lock,query,3343,28-2-mi-1train-00043
OpenBMI,0,28,2,withheld_until_outcome_lock,query,3351,28-2-mi-1train-00051
OpenBMI,0,28,2,withheld_until_outcome_lock,query,3353,28-2-mi-1train-00053
OpenBMI,0,28,2,withheld_until_outcome_lock,query,3356,28-2-mi-1train-00056
OpenBMI,0,28,2,withheld_until_outcome_lock,query,3364,28-2-mi-1train-00064
OpenBMI,0,28,2,withheld_until_outcome_lock,query,3366,28-2-mi-1train-00066
OpenBMI,0,28,2,withheld_until_outcome_lock,query,3370,28-2-mi-1train-00070
OpenBMI,0,28,2,withheld_until_outcome_lock,query,3371,28-2-mi-1train-00071
OpenBMI,0,28,2,withheld_until_outcome_lock,query,3373,28-2-mi-1train-00073
OpenBMI,0,28,2,withheld_until_outcome_lock,query,3375,28-2-mi-1train-00075
OpenBMI,0,28,2,withheld_until_outcome_lock,query,3377,28-2-mi-1train-00077
OpenBMI,0,28,2,withheld_until_outcome_lock,query,3378,28-2-mi-1train-00078
OpenBMI,0,28,2,withheld_until_outcome_lock,query,3379,28-2-mi-1train-00079
OpenBMI,0,28,2,withheld_until_outcome_lock,query,3386,28-2-mi-1train-00086
OpenBMI,0,28,2,withheld_until_outcome_lock,query,3390,28-2-mi-1train-00090
OpenBMI,0,28,2,withheld_until_outcome_lock,query,3395,28-2-mi-1train-00095
OpenBMI,0,28,2,withheld_until_outcome_lock,query,3398,28-2-mi-1train-00098
OpenBMI,0,3,2,withheld_until_outcome_lock,query,3703,3-2-mi-1train-00003
OpenBMI,0,3,2,withheld_until_outcome_lock,query,3705,3-2-mi-1train-00005
OpenBMI,0,3,2,withheld_until_outcome_lock,query,3713,3-2-mi-1train-00013
OpenBMI,0,3,2,withheld_until_outcome_lock,query,3715,3-2-mi-1train-00015
OpenBMI,0,3,2,withheld_until_outcome_lock,query,3716,3-2-mi-1train-00016
OpenBMI,0,3,2,withheld_until_outcome_lock,query,3717,3-2-mi-1train-00017
OpenBMI,0,3,2,withheld_until_outcome_lock,query,3719,3-2-mi-1train-00019
OpenBMI,0,3,2,withheld_until_outcome_lock,query,3722,3-2-mi-1train-00022
OpenBMI,0,3,2,withheld_until_outcome_lock,query,3724,3-2-mi-1train-00024
OpenBMI,0,3,2,withheld_until_outcome_lock,query,3730,3-2-mi-1train-00030
OpenBMI,0,3,2,withheld_until_outcome_lock,query,3733,3-2-mi-1train-00033
OpenBMI,0,3,2,withheld_until_outcome_lock,query,3742,3-2-mi-1train-00042
OpenBMI,0,3,2,withheld_until_outcome_lock,query,3743,3-2-mi-1train-00043
OpenBMI,0,3,2,withheld_until_outcome_lock,query,3745,3-2-mi-1train-00045
OpenBMI,0,3,2,withheld_until_outcome_lock,query,3749,3-2-mi-1train-00049
OpenBMI,0,3,2,withheld_until_outcome_lock,query,3750,3-2-mi-1train-00050
OpenBMI,0,3,2,withheld_until_outcome_lock,query,3752,3-2-mi-1train-00052
OpenBMI,0,3,2,withheld_until_outcome_lock,query,3756,3-2-mi-1train-00056
OpenBMI,0,3,2,withheld_until_outcome_lock,query,3760,3-2-mi-1train-00060
OpenBMI,0,3,2,withheld_until_outcome_lock,query,3763,3-2-mi-1train-00063
OpenBMI,0,3,2,withheld_until_outcome_lock,query,3768,3-2-mi-1train-00068
OpenBMI,0,3,2,withheld_until_outcome_lock,query,3769,3-2-mi-1train-00069
OpenBMI,0,3,2,withheld_until_outcome_lock,query,3772,3-2-mi-1train-00072
OpenBMI,0,3,2,withheld_until_outcome_lock,query,3775,3-2-mi-1train-00075
OpenBMI,0,3,2,withheld_until_outcome_lock,query,3776,3-2-mi-1train-00076
OpenBMI,0,3,2,withheld_until_outcome_lock,query,3778,3-2-mi-1train-00078
OpenBMI,0,3,2,withheld_until_outcome_lock,query,3782,3-2-mi-1train-00082
OpenBMI,0,3,2,withheld_until_outcome_lock,query,3783,3-2-mi-1train-00083
OpenBMI,0,3,2,withheld_until_outcome_lock,query,3784,3-2-mi-1train-00084
OpenBMI,0,3,2,withheld_until_outcome_lock,query,3786,3-2-mi-1train-00086
OpenBMI,0,3,2,withheld_until_outcome_lock,query,3790,3-2-mi-1train-00090
OpenBMI,0,3,2,withheld_until_outcome_lock,query,3792,3-2-mi-1train-00092
OpenBMI,0,3,2,withheld_until_outcome_lock,query,3795,3-2-mi-1train-00095
OpenBMI,0,3,2,withheld_until_outcome_lock,query,3797,3-2-mi-1train-00097
OpenBMI,0,3,2,withheld_until_outcome_lock,query,3798,3-2-mi-1train-00098
OpenBMI,0,3,2,withheld_until_outcome_lock,query,3799,3-2-mi-1train-00099
OpenBMI,0,45,2,withheld_until_outcome_lock,query,6305,45-2-mi-1train-00005
OpenBMI,0,45,2,withheld_until_outcome_lock,query,6311,45-2-mi-1train-00011
OpenBMI,0,45,2,withheld_until_outcome_lock,query,6312,45-2-mi-1train-00012
OpenBMI,0,45,2,withheld_until_outcome_lock,query,6313,45-2-mi-1train-00013
OpenBMI,0,45,2,withheld_until_outcome_lock,query,6316,45-2-mi-1train-00016
OpenBMI,0,45,2,withheld_until_outcome_lock,query,6318,45-2-mi-1train-00018
OpenBMI,0,45,2,withheld_until_outcome_lock,query,6321,45-2-mi-1train-00021
OpenBMI,0,45,2,withheld_until_outcome_lock,query,6322,45-2-mi-1train-00022
OpenBMI,0,45,2,withheld_until_outcome_lock,query,6325,45-2-mi-1train-00025
OpenBMI,0,45,2,withheld_until_outcome_lock,query,6328,45-2-mi-1train-00028
OpenBMI,0,45,2,withheld_until_outcome_lock,query,6332,45-2-mi-1train-00032
OpenBMI,0,45,2,withheld_until_outcome_lock,query,6335,45-2-mi-1train-00035
OpenBMI,0,45,2,withheld_until_outcome_lock,query,6338,45-2-mi-1train-00038
OpenBMI,0,45,2,withheld_until_outcome_lock,query,6340,45-2-mi-1train-00040
OpenBMI,0,45,2,withheld_until_outcome_lock,query,6343,45-2-mi-1train-00043
OpenBMI,0,45,2,withheld_until_outcome_lock,query,6346,45-2-mi-1train-00046
OpenBMI,0,45,2,withheld_until_outcome_lock,query,6347,45-2-mi-1train-00047
OpenBMI,0,45,2,withheld_until_outcome_lock,query,6351,45-2-mi-1train-00051
OpenBMI,0,45,2,withheld_until_outcome_lock,query,6353,45-2-mi-1train-00053
OpenBMI,0,45,2,withheld_until_outcome_lock,query,6355,45-2-mi-1train-00055
OpenBMI,0,45,2,withheld_until_outcome_lock,query,6357,45-2-mi-1train-00057
OpenBMI,0,45,2,withheld_until_outcome_lock,query,6358,45-2-mi-1train-00058
OpenBMI,0,45,2,withheld_until_outcome_lock,query,6364,45-2-mi-1train-00064
OpenBMI,0,45,2,withheld_until_outcome_lock,query,6366,45-2-mi-1train-00066
OpenBMI,0,45,2,withheld_until_outcome_lock,query,6367,45-2-mi-1train-00067
OpenBMI,0,45,2,withheld_until_outcome_lock,query,6369,45-2-mi-1train-00069
OpenBMI,0,45,2,withheld_until_outcome_lock,query,6371,45-2-mi-1train-00071
OpenBMI,0,45,2,withheld_until_outcome_lock,query,6372,45-2-mi-1train-00072
OpenBMI,0,45,2,withheld_until_outcome_lock,query,6381,45-2-mi-1train-00081
OpenBMI,0,45,2,withheld_until_outcome_lock,query,6384,45-2-mi-1train-00084
OpenBMI,0,45,2,withheld_until_outcome_lock,query,6385,45-2-mi-1train-00085
OpenBMI,0,45,2,withheld_until_outcome_lock,query,6387,45-2-mi-1train-00087
OpenBMI,0,45,2,withheld_until_outcome_lock,query,6388,45-2-mi-1train-00088
OpenBMI,0,45,2,withheld_until_outcome_lock,query,6392,45-2-mi-1train-00092
OpenBMI,0,45,2,withheld_until_outcome_lock,query,6393,45-2-mi-1train-00093
OpenBMI,0,45,2,withheld_until_outcome_lock,query,6399,45-2-mi-1train-00099
OpenBMI,0,48,2,withheld_until_outcome_lock,query,6700,48-2-mi-1train-00000
OpenBMI,0,48,2,withheld_until_outcome_lock,query,6702,48-2-mi-1train-00002
OpenBMI,0,48,2,withheld_until_outcome_lock,query,6711,48-2-mi-1train-00011
OpenBMI,0,48,2,withheld_until_outcome_lock,query,6713,48-2-mi-1train-00013
OpenBMI,0,48,2,withheld_until_outcome_lock,query,6721,48-2-mi-1train-00021
OpenBMI,0,48,2,withheld_until_outcome_lock,query,6722,48-2-mi-1train-00022
OpenBMI,0,48,2,withheld_until_outcome_lock,query,6724,48-2-mi-1train-00024
OpenBMI,0,48,2,withheld_until_outcome_lock,query,6728,48-2-mi-1train-00028
OpenBMI,0,48,2,withheld_until_outcome_lock,query,6730,48-2-mi-1train-00030
OpenBMI,0,48,2,withheld_until_outcome_lock,query,6732,48-2-mi-1train-00032
OpenBMI,0,48,2,withheld_until_outcome_lock,query,6736,48-2-mi-1train-00036
OpenBMI,0,48,2,withheld_until_outcome_lock,query,6738,48-2-mi-1train-00038
OpenBMI,0,48,2,withheld_until_outcome_lock,query,6741,48-2-mi-1train-00041
OpenBMI,0,48,2,withheld_until_outcome_lock,query,6742,48-2-mi-1train-00042
OpenBMI,0,48,2,withheld_until_outcome_lock,query,6743,48-2-mi-1train-00043
OpenBMI,0,48,2,withheld_until_outcome_lock,query,6744,48-2-mi-1train-00044
OpenBMI,0,48,2,withheld_until_outcome_lock,query,6745,48-2-mi-1train-00045
OpenBMI,0,48,2,withheld_until_outcome_lock,query,6749,48-2-mi-1train-00049
OpenBMI,0,48,2,withheld_until_outcome_lock,query,6752,48-2-mi-1train-00052
OpenBMI,0,48,2,withheld_until_outcome_lock,query,6757,48-2-mi-1train-00057
OpenBMI,0,48,2,withheld_until_outcome_lock,query,6762,48-2-mi-1train-00062
OpenBMI,0,48,2,withheld_until_outcome_lock,query,6763,48-2-mi-1train-00063
OpenBMI,0,48,2,withheld_until_outcome_lock,query,6764,48-2-mi-1train-00064
OpenBMI,0,48,2,withheld_until_outcome_lock,query,6765,48-2-mi-1train-00065
OpenBMI,0,48,2,withheld_until_outcome_lock,query,6766,48-2-mi-1train-00066
OpenBMI,0,48,2,withheld_until_outcome_lock,query,6767,48-2-mi-1train-00067
OpenBMI,0,48,2,withheld_until_outcome_lock,query,6770,48-2-mi-1train-00070
OpenBMI,0,48,2,withheld_until_outcome_lock,query,6774,48-2-mi-1train-00074
OpenBMI,0,48,2,withheld_until_outcome_lock,query,6775,48-2-mi-1train-00075
OpenBMI,0,48,2,withheld_until_outcome_lock,query,6778,48-2-mi-1train-00078
OpenBMI,0,48,2,withheld_until_outcome_lock,query,6780,48-2-mi-1train-00080
OpenBMI,0,48,2,withheld_until_outcome_lock,query,6782,48-2-mi-1train-00082
OpenBMI,0,48,2,withheld_until_outcome_lock,query,6787,48-2-mi-1train-00087
OpenBMI,0,48,2,withheld_until_outcome_lock,query,6788,48-2-mi-1train-00088
OpenBMI,0,48,2,withheld_until_outcome_lock,query,6791,48-2-mi-1train-00091
OpenBMI,0,48,2,withheld_until_outcome_lock,query,6793,48-2-mi-1train-00093
OpenBMI,0,54,2,withheld_until_outcome_lock,query,7701,54-2-mi-1train-00001
OpenBMI,0,54,2,withheld_until_outcome_lock,query,7709,54-2-mi-1train-00009
OpenBMI,0,54,2,withheld_until_outcome_lock,query,7710,54-2-mi-1train-00010
OpenBMI,0,54,2,withheld_until_outcome_lock,query,7712,54-2-mi-1train-00012
OpenBMI,0,54,2,withheld_until_outcome_lock,query,7713,54-2-mi-1train-00013
OpenBMI,0,54,2,withheld_until_outcome_lock,query,7714,54-2-mi-1train-00014
OpenBMI,0,54,2,withheld_until_outcome_lock,query,7715,54-2-mi-1train-00015
OpenBMI,0,54,2,withheld_until_outcome_lock,query,7725,54-2-mi-1train-00025
OpenBMI,0,54,2,withheld_until_outcome_lock,query,7729,54-2-mi-1train-00029
OpenBMI,0,54,2,withheld_until_outcome_lock,query,7737,54-2-mi-1train-00037
OpenBMI,0,54,2,withheld_until_outcome_lock,query,7739,54-2-mi-1train-00039
OpenBMI,0,54,2,withheld_until_outcome_lock,query,7741,54-2-mi-1train-00041
OpenBMI,0,54,2,withheld_until_outcome_lock,query,7742,54-2-mi-1train-00042
OpenBMI,0,54,2,withheld_until_outcome_lock,query,7743,54-2-mi-1train-00043
OpenBMI,0,54,2,withheld_until_outcome_lock,query,7745,54-2-mi-1train-00045
OpenBMI,0,54,2,withheld_until_outcome_lock,query,7748,54-2-mi-1train-00048
OpenBMI,0,54,2,withheld_until_outcome_lock,query,7750,54-2-mi-1train-00050
OpenBMI,0,54,2,withheld_until_outcome_lock,query,7757,54-2-mi-1train-00057
OpenBMI,0,54,2,withheld_until_outcome_lock,query,7758,54-2-mi-1train-00058
OpenBMI,0,54,2,withheld_until_outcome_lock,query,7762,54-2-mi-1train-00062
OpenBMI,0,54,2,withheld_until_outcome_lock,query,7766,54-2-mi-1train-00066
OpenBMI,0,54,2,withheld_until_outcome_lock,query,7770,54-2-mi-1train-00070
OpenBMI,0,54,2,withheld_until_outcome_lock,query,7773,54-2-mi-1train-00073
OpenBMI,0,54,2,withheld_until_outcome_lock,query,7775,54-2-mi-1train-00075
OpenBMI,0,54,2,withheld_until_outcome_lock,query,7781,54-2-mi-1train-00081
OpenBMI,0,54,2,withheld_until_outcome_lock,query,7784,54-2-mi-1train-00084
OpenBMI,0,54,2,withheld_until_outcome_lock,query,7785,54-2-mi-1train-00085
OpenBMI,0,54,2,withheld_until_outcome_lock,query,7786,54-2-mi-1train-00086
OpenBMI,0,54,2,withheld_until_outcome_lock,query,7787,54-2-mi-1train-00087
OpenBMI,0,54,2,withheld_until_outcome_lock,query,7790,54-2-mi-1train-00090
OpenBMI,0,54,2,withheld_until_outcome_lock,query,7791,54-2-mi-1train-00091
OpenBMI,0,54,2,withheld_until_outcome_lock,query,7792,54-2-mi-1train-00092
OpenBMI,0,54,2,withheld_until_outcome_lock,query,7795,54-2-mi-1train-00095
OpenBMI,0,54,2,withheld_until_outcome_lock,query,7796,54-2-mi-1train-00096
OpenBMI,0,54,2,withheld_until_outcome_lock,query,7798,54-2-mi-1train-00098
OpenBMI,0,54,2,withheld_until_outcome_lock,query,7799,54-2-mi-1train-00099
OpenBMI,0,6,2,withheld_until_outcome_lock,query,7910,6-2-mi-1train-00010
OpenBMI,0,6,2,withheld_until_outcome_lock,query,7912,6-2-mi-1train-00012
OpenBMI,0,6,2,withheld_until_outcome_lock,query,7915,6-2-mi-1train-00015
OpenBMI,0,6,2,withheld_until_outcome_lock,query,7916,6-2-mi-1train-00016
OpenBMI,0,6,2,withheld_until_outcome_lock,query,7917,6-2-mi-1train-00017
OpenBMI,0,6,2,withheld_until_outcome_lock,query,7918,6-2-mi-1train-00018
OpenBMI,0,6,2,withheld_until_outcome_lock,query,7928,6-2-mi-1train-00028
OpenBMI,0,6,2,withheld_until_outcome_lock,query,7933,6-2-mi-1train-00033
OpenBMI,0,6,2,withheld_until_outcome_lock,query,7935,6-2-mi-1train-00035
OpenBMI,0,6,2,withheld_until_outcome_lock,query,7937,6-2-mi-1train-00037
OpenBMI,0,6,2,withheld_until_outcome_lock,query,7938,6-2-mi-1train-00038
OpenBMI,0,6,2,withheld_until_outcome_lock,query,7941,6-2-mi-1train-00041
OpenBMI,0,6,2,withheld_until_outcome_lock,query,7942,6-2-mi-1train-00042
OpenBMI,0,6,2,withheld_until_outcome_lock,query,7951,6-2-mi-1train-00051
OpenBMI,0,6,2,withheld_until_outcome_lock,query,7954,6-2-mi-1train-00054
OpenBMI,0,6,2,withheld_until_outcome_lock,query,7955,6-2-mi-1train-00055
OpenBMI,0,6,2,withheld_until_outcome_lock,query,7957,6-2-mi-1train-00057
OpenBMI,0,6,2,withheld_until_outcome_lock,query,7958,6-2-mi-1train-00058
OpenBMI,0,6,2,withheld_until_outcome_lock,query,7961,6-2-mi-1train-00061
OpenBMI,0,6,2,withheld_until_outcome_lock,query,7964,6-2-mi-1train-00064
OpenBMI,0,6,2,withheld_until_outcome_lock,query,7965,6-2-mi-1train-00065
OpenBMI,0,6,2,withheld_until_outcome_lock,query,7968,6-2-mi-1train-00068
OpenBMI,0,6,2,withheld_until_outcome_lock,query,7969,6-2-mi-1train-00069
OpenBMI,0,6,2,withheld_until_outcome_lock,query,7972,6-2-mi-1train-00072
OpenBMI,0,6,2,withheld_until_outcome_lock,query,7973,6-2-mi-1train-00073
OpenBMI,0,6,2,withheld_until_outcome_lock,query,7974,6-2-mi-1train-00074
OpenBMI,0,6,2,withheld_until_outcome_lock,query,7981,6-2-mi-1train-00081
OpenBMI,0,6,2,withheld_until_outcome_lock,query,7982,6-2-mi-1train-00082
OpenBMI,0,6,2,withheld_until_outcome_lock,query,7985,6-2-mi-1train-00085
OpenBMI,0,6,2,withheld_until_outcome_lock,query,7988,6-2-mi-1train-00088
OpenBMI,0,6,2,withheld_until_outcome_lock,query,7989,6-2-mi-1train-00089
OpenBMI,0,6,2,withheld_until_outcome_lock,query,7992,6-2-mi-1train-00092
OpenBMI,0,6,2,withheld_until_outcome_lock,query,7996,6-2-mi-1train-00096
OpenBMI,0,6,2,withheld_until_outcome_lock,query,7997,6-2-mi-1train-00097
OpenBMI,0,6,2,withheld_until_outcome_lock,query,7998,6-2-mi-1train-00098
OpenBMI,0,6,2,withheld_until_outcome_lock,query,7999,6-2-mi-1train-00099
OpenBMI,1,11,2,withheld_until_outcome_lock,query,101,11-2-mi-1train-00001
OpenBMI,1,11,2,withheld_until_outcome_lock,query,104,11-2-mi-1train-00004
OpenBMI,1,11,2,withheld_until_outcome_lock,query,105,11-2-mi-1train-00005
OpenBMI,1,11,2,withheld_until_outcome_lock,query,111,11-2-mi-1train-00011
OpenBMI,1,11,2,withheld_until_outcome_lock,query,116,11-2-mi-1train-00016
OpenBMI,1,11,2,withheld_until_outcome_lock,query,118,11-2-mi-1train-00018
OpenBMI,1,11,2,withheld_until_outcome_lock,query,125,11-2-mi-1train-00025
OpenBMI,1,11,2,withheld_until_outcome_lock,query,126,11-2-mi-1train-00026
OpenBMI,1,11,2,withheld_until_outcome_lock,query,127,11-2-mi-1train-00027
OpenBMI,1,11,2,withheld_until_outcome_lock,query,128,11-2-mi-1train-00028
OpenBMI,1,11,2,withheld_until_outcome_lock,query,130,11-2-mi-1train-00030
OpenBMI,1,11,2,withheld_until_outcome_lock,query,132,11-2-mi-1train-00032
OpenBMI,1,11,2,withheld_until_outcome_lock,query,133,11-2-mi-1train-00033
OpenBMI,1,11,2,withheld_until_outcome_lock,query,134,11-2-mi-1train-00034
OpenBMI,1,11,2,withheld_until_outcome_lock,query,136,11-2-mi-1train-00036
OpenBMI,1,11,2,withheld_until_outcome_lock,query,138,11-2-mi-1train-00038
OpenBMI,1,11,2,withheld_until_outcome_lock,query,139,11-2-mi-1train-00039
OpenBMI,1,11,2,withheld_until_outcome_lock,query,142,11-2-mi-1train-00042
OpenBMI,1,11,2,withheld_until_outcome_lock,query,145,11-2-mi-1train-00045
OpenBMI,1,11,2,withheld_until_outcome_lock,query,148,11-2-mi-1train-00048
OpenBMI,1,11,2,withheld_until_outcome_lock,query,152,11-2-mi-1train-00052
OpenBMI,1,11,2,withheld_until_outcome_lock,query,158,11-2-mi-1train-00058
OpenBMI,1,11,2,withheld_until_outcome_lock,query,164,11-2-mi-1train-00064
OpenBMI,1,11,2,withheld_until_outcome_lock,query,169,11-2-mi-1train-00069
OpenBMI,1,11,2,withheld_until_outcome_lock,query,170,11-2-mi-1train-00070
OpenBMI,1,11,2,withheld_until_outcome_lock,query,171,11-2-mi-1train-00071
OpenBMI,1,11,2,withheld_until_outcome_lock,query,172,11-2-mi-1train-00072
OpenBMI,1,11,2,withheld_until_outcome_lock,query,177,11-2-mi-1train-00077
OpenBMI,1,11,2,withheld_until_outcome_lock,query,179,11-2-mi-1train-00079
OpenBMI,1,11,2,withheld_until_outcome_lock,query,187,11-2-mi-1train-00087
OpenBMI,1,11,2,withheld_until_outcome_lock,query,188,11-2-mi-1train-00088
OpenBMI,1,11,2,withheld_until_outcome_lock,query,191,11-2-mi-1train-00091
OpenBMI,1,11,2,withheld_until_outcome_lock,query,192,11-2-mi-1train-00092
OpenBMI,1,11,2,withheld_until_outcome_lock,query,194,11-2-mi-1train-00094
OpenBMI,1,11,2,withheld_until_outcome_lock,query,197,11-2-mi-1train-00097
OpenBMI,1,11,2,withheld_until_outcome_lock,query,199,11-2-mi-1train-00099
OpenBMI,1,17,2,withheld_until_outcome_lock,query,1102,17-2-mi-1train-00002
OpenBMI,1,17,2,withheld_until_outcome_lock,query,1104,17-2-mi-1train-00004
OpenBMI,1,17,2,withheld_until_outcome_lock,query,1106,17-2-mi-1train-00006
OpenBMI,1,17,2,withheld_until_outcome_lock,query,1109,17-2-mi-1train-00009
OpenBMI,1,17,2,withheld_until_outcome_lock,query,1110,17-2-mi-1train-00010
OpenBMI,1,17,2,withheld_until_outcome_lock,query,1113,17-2-mi-1train-00013
OpenBMI,1,17,2,withheld_until_outcome_lock,query,1114,17-2-mi-1train-00014
OpenBMI,1,17,2,withheld_until_outcome_lock,query,1115,17-2-mi-1train-00015
OpenBMI,1,17,2,withheld_until_outcome_lock,query,1116,17-2-mi-1train-00016
OpenBMI,1,17,2,withheld_until_outcome_lock,query,1118,17-2-mi-1train-00018
OpenBMI,1,17,2,withheld_until_outcome_lock,query,1120,17-2-mi-1train-00020
OpenBMI,1,17,2,withheld_until_outcome_lock,query,1123,17-2-mi-1train-00023
OpenBMI,1,17,2,withheld_until_outcome_lock,query,1129,17-2-mi-1train-00029
OpenBMI,1,17,2,withheld_until_outcome_lock,query,1130,17-2-mi-1train-00030
OpenBMI,1,17,2,withheld_until_outcome_lock,query,1136,17-2-mi-1train-00036
OpenBMI,1,17,2,withheld_until_outcome_lock,query,1138,17-2-mi-1train-00038
OpenBMI,1,17,2,withheld_until_outcome_lock,query,1144,17-2-mi-1train-00044
OpenBMI,1,17,2,withheld_until_outcome_lock,query,1148,17-2-mi-1train-00048
OpenBMI,1,17,2,withheld_until_outcome_lock,query,1150,17-2-mi-1train-00050
OpenBMI,1,17,2,withheld_until_outcome_lock,query,1152,17-2-mi-1train-00052
OpenBMI,1,17,2,withheld_until_outcome_lock,query,1154,17-2-mi-1train-00054
OpenBMI,1,17,2,withheld_until_outcome_lock,query,1155,17-2-mi-1train-00055
OpenBMI,1,17,2,withheld_until_outcome_lock,query,1159,17-2-mi-1train-00059
OpenBMI,1,17,2,withheld_until_outcome_lock,query,1160,17-2-mi-1train-00060
OpenBMI,1,17,2,withheld_until_outcome_lock,query,1168,17-2-mi-1train-00068
OpenBMI,1,17,2,withheld_until_outcome_lock,query,1171,17-2-mi-1train-00071
OpenBMI,1,17,2,withheld_until_outcome_lock,query,1174,17-2-mi-1train-00074
OpenBMI,1,17,2,withheld_until_outcome_lock,query,1179,17-2-mi-1train-00079
OpenBMI,1,17,2,withheld_until_outcome_lock,query,1184,17-2-mi-1train-00084
OpenBMI,1,17,2,withheld_until_outcome_lock,query,1187,17-2-mi-1train-00087
OpenBMI,1,17,2,withheld_until_outcome_lock,query,1189,17-2-mi-1train-00089
OpenBMI,1,17,2,withheld_until_outcome_lock,query,1190,17-2-mi-1train-00090
OpenBMI,1,17,2,withheld_until_outcome_lock,query,1191,17-2-mi-1train-00091
OpenBMI,1,17,2,withheld_until_outcome_lock,query,1192,17-2-mi-1train-00092
OpenBMI,1,17,2,withheld_until_outcome_lock,query,1196,17-2-mi-1train-00096
OpenBMI,1,17,2,withheld_until_outcome_lock,query,1197,17-2-mi-1train-00097
OpenBMI,1,19,2,withheld_until_outcome_lock,query,1502,19-2-mi-1train-00002
OpenBMI,1,19,2,withheld_until_outcome_lock,query,1503,19-2-mi-1train-00003
OpenBMI,1,19,2,withheld_until_outcome_lock,query,1504,19-2-mi-1train-00004
OpenBMI,1,19,2,withheld_until_outcome_lock,query,1507,19-2-mi-1train-00007
OpenBMI,1,19,2,withheld_until_outcome_lock,query,1508,19-2-mi-1train-00008
OpenBMI,1,19,2,withheld_until_outcome_lock,query,1522,19-2-mi-1train-00022
OpenBMI,1,19,2,withheld_until_outcome_lock,query,1524,19-2-mi-1train-00024
OpenBMI,1,19,2,withheld_until_outcome_lock,query,1528,19-2-mi-1train-00028
OpenBMI,1,19,2,withheld_until_outcome_lock,query,1529,19-2-mi-1train-00029
OpenBMI,1,19,2,withheld_until_outcome_lock,query,1530,19-2-mi-1train-00030
OpenBMI,1,19,2,withheld_until_outcome_lock,query,1533,19-2-mi-1train-00033
OpenBMI,1,19,2,withheld_until_outcome_lock,query,1535,19-2-mi-1train-00035
OpenBMI,1,19,2,withheld_until_outcome_lock,query,1537,19-2-mi-1train-00037
OpenBMI,1,19,2,withheld_until_outcome_lock,query,1540,19-2-mi-1train-00040
OpenBMI,1,19,2,withheld_until_outcome_lock,query,1542,19-2-mi-1train-00042
OpenBMI,1,19,2,withheld_until_outcome_lock,query,1543,19-2-mi-1train-00043
OpenBMI,1,19,2,withheld_until_outcome_lock,query,1546,19-2-mi-1train-00046
OpenBMI,1,19,2,withheld_until_outcome_lock,query,1552,19-2-mi-1train-00052
OpenBMI,1,19,2,withheld_until_outcome_lock,query,1555,19-2-mi-1train-00055
OpenBMI,1,19,2,withheld_until_outcome_lock,query,1557,19-2-mi-1train-00057
OpenBMI,1,19,2,withheld_until_outcome_lock,query,1558,19-2-mi-1train-00058
OpenBMI,1,19,2,withheld_until_outcome_lock,query,1559,19-2-mi-1train-00059
OpenBMI,1,19,2,withheld_until_outcome_lock,query,1560,19-2-mi-1train-00060
OpenBMI,1,19,2,withheld_until_outcome_lock,query,1565,19-2-mi-1train-00065
OpenBMI,1,19,2,withheld_until_outcome_lock,query,1567,19-2-mi-1train-00067
OpenBMI,1,19,2,withheld_until_outcome_lock,query,1570,19-2-mi-1train-00070
OpenBMI,1,19,2,withheld_until_outcome_lock,query,1573,19-2-mi-1train-00073
OpenBMI,1,19,2,withheld_until_outcome_lock,query,1575,19-2-mi-1train-00075
OpenBMI,1,19,2,withheld_until_outcome_lock,query,1580,19-2-mi-1train-00080
OpenBMI,1,19,2,withheld_until_outcome_lock,query,1582,19-2-mi-1train-00082
OpenBMI,1,19,2,withheld_until_outcome_lock,query,1585,19-2-mi-1train-00085
OpenBMI,1,19,2,withheld_until_outcome_lock,query,1586,19-2-mi-1train-00086
OpenBMI,1,19,2,withheld_until_outcome_lock,query,1587,19-2-mi-1train-00087
OpenBMI,1,19,2,withheld_until_outcome_lock,query,1588,19-2-mi-1train-00088
OpenBMI,1,19,2,withheld_until_outcome_lock,query,1595,19-2-mi-1train-00095
OpenBMI,1,19,2,withheld_until_outcome_lock,query,1596,19-2-mi-1train-00096
OpenBMI,1,22,2,withheld_until_outcome_lock,query,2301,22-2-mi-1train-00001
OpenBMI,1,22,2,withheld_until_outcome_lock,query,2303,22-2-mi-1train-00003
OpenBMI,1,22,2,withheld_until_outcome_lock,query,2305,22-2-mi-1train-00005
OpenBMI,1,22,2,withheld_until_outcome_lock,query,2309,22-2-mi-1train-00009
OpenBMI,1,22,2,withheld_until_outcome_lock,query,2313,22-2-mi-1train-00013
OpenBMI,1,22,2,withheld_until_outcome_lock,query,2314,22-2-mi-1train-00014
OpenBMI,1,22,2,withheld_until_outcome_lock,query,2317,22-2-mi-1train-00017
OpenBMI,1,22,2,withheld_until_outcome_lock,query,2323,22-2-mi-1train-00023
OpenBMI,1,22,2,withheld_until_outcome_lock,query,2324,22-2-mi-1train-00024
OpenBMI,1,22,2,withheld_until_outcome_lock,query,2325,22-2-mi-1train-00025
OpenBMI,1,22,2,withheld_until_outcome_lock,query,2326,22-2-mi-1train-00026
OpenBMI,1,22,2,withheld_until_outcome_lock,query,2329,22-2-mi-1train-00029
OpenBMI,1,22,2,withheld_until_outcome_lock,query,2331,22-2-mi-1train-00031
OpenBMI,1,22,2,withheld_until_outcome_lock,query,2335,22-2-mi-1train-00035
OpenBMI,1,22,2,withheld_until_outcome_lock,query,2338,22-2-mi-1train-00038
OpenBMI,1,22,2,withheld_until_outcome_lock,query,2340,22-2-mi-1train-00040
OpenBMI,1,22,2,withheld_until_outcome_lock,query,2345,22-2-mi-1train-00045
OpenBMI,1,22,2,withheld_until_outcome_lock,query,2346,22-2-mi-1train-00046
OpenBMI,1,22,2,withheld_until_outcome_lock,query,2348,22-2-mi-1train-00048
OpenBMI,1,22,2,withheld_until_outcome_lock,query,2352,22-2-mi-1train-00052
OpenBMI,1,22,2,withheld_until_outcome_lock,query,2353,22-2-mi-1train-00053
OpenBMI,1,22,2,withheld_until_outcome_lock,query,2356,22-2-mi-1train-00056
OpenBMI,1,22,2,withheld_until_outcome_lock,query,2361,22-2-mi-1train-00061
OpenBMI,1,22,2,withheld_until_outcome_lock,query,2364,22-2-mi-1train-00064
OpenBMI,1,22,2,withheld_until_outcome_lock,query,2369,22-2-mi-1train-00069
OpenBMI,1,22,2,withheld_until_outcome_lock,query,2370,22-2-mi-1train-00070
OpenBMI,1,22,2,withheld_until_outcome_lock,query,2374,22-2-mi-1train-00074
OpenBMI,1,22,2,withheld_until_outcome_lock,query,2375,22-2-mi-1train-00075
OpenBMI,1,22,2,withheld_until_outcome_lock,query,2377,22-2-mi-1train-00077
OpenBMI,1,22,2,withheld_until_outcome_lock,query,2379,22-2-mi-1train-00079
OpenBMI,1,22,2,withheld_until_outcome_lock,query,2383,22-2-mi-1train-00083
OpenBMI,1,22,2,withheld_until_outcome_lock,query,2386,22-2-mi-1train-00086
OpenBMI,1,22,2,withheld_until_outcome_lock,query,2392,22-2-mi-1train-00092
OpenBMI,1,22,2,withheld_until_outcome_lock,query,2393,22-2-mi-1train-00093
OpenBMI,1,22,2,withheld_until_outcome_lock,query,2395,22-2-mi-1train-00095
OpenBMI,1,22,2,withheld_until_outcome_lock,query,2397,22-2-mi-1train-00097
OpenBMI,1,3,2,withheld_until_outcome_lock,query,3703,3-2-mi-1train-00003
OpenBMI,1,3,2,withheld_until_outcome_lock,query,3708,3-2-mi-1train-00008
OpenBMI,1,3,2,withheld_until_outcome_lock,query,3711,3-2-mi-1train-00011
OpenBMI,1,3,2,withheld_until_outcome_lock,query,3713,3-2-mi-1train-00013
OpenBMI,1,3,2,withheld_until_outcome_lock,query,3714,3-2-mi-1train-00014
OpenBMI,1,3,2,withheld_until_outcome_lock,query,3717,3-2-mi-1train-00017
OpenBMI,1,3,2,withheld_until_outcome_lock,query,3719,3-2-mi-1train-00019
OpenBMI,1,3,2,withheld_until_outcome_lock,query,3723,3-2-mi-1train-00023
OpenBMI,1,3,2,withheld_until_outcome_lock,query,3727,3-2-mi-1train-00027
OpenBMI,1,3,2,withheld_until_outcome_lock,query,3734,3-2-mi-1train-00034
OpenBMI,1,3,2,withheld_until_outcome_lock,query,3735,3-2-mi-1train-00035
OpenBMI,1,3,2,withheld_until_outcome_lock,query,3736,3-2-mi-1train-00036
OpenBMI,1,3,2,withheld_until_outcome_lock,query,3737,3-2-mi-1train-00037
OpenBMI,1,3,2,withheld_until_outcome_lock,query,3741,3-2-mi-1train-00041
OpenBMI,1,3,2,withheld_until_outcome_lock,query,3742,3-2-mi-1train-00042
OpenBMI,1,3,2,withheld_until_outcome_lock,query,3743,3-2-mi-1train-00043
OpenBMI,1,3,2,withheld_until_outcome_lock,query,3745,3-2-mi-1train-00045
OpenBMI,1,3,2,withheld_until_outcome_lock,query,3749,3-2-mi-1train-00049
OpenBMI,1,3,2,withheld_until_outcome_lock,query,3751,3-2-mi-1train-00051
OpenBMI,1,3,2,withheld_until_outcome_lock,query,3754,3-2-mi-1train-00054
OpenBMI,1,3,2,withheld_until_outcome_lock,query,3757,3-2-mi-1train-00057
OpenBMI,1,3,2,withheld_until_outcome_lock,query,3761,3-2-mi-1train-00061
OpenBMI,1,3,2,withheld_until_outcome_lock,query,3763,3-2-mi-1train-00063
OpenBMI,1,3,2,withheld_until_outcome_lock,query,3769,3-2-mi-1train-00069
OpenBMI,1,3,2,withheld_until_outcome_lock,query,3774,3-2-mi-1train-00074
OpenBMI,1,3,2,withheld_until_outcome_lock,query,3776,3-2-mi-1train-00076
OpenBMI,1,3,2,withheld_until_outcome_lock,query,3777,3-2-mi-1train-00077
OpenBMI,1,3,2,withheld_until_outcome_lock,query,3778,3-2-mi-1train-00078
OpenBMI,1,3,2,withheld_until_outcome_lock,query,3779,3-2-mi-1train-00079
OpenBMI,1,3,2,withheld_until_outcome_lock,query,3781,3-2-mi-1train-00081
OpenBMI,1,3,2,withheld_until_outcome_lock,query,3784,3-2-mi-1train-00084
OpenBMI,1,3,2,withheld_until_outcome_lock,query,3785,3-2-mi-1train-00085
OpenBMI,1,3,2,withheld_until_outcome_lock,query,3787,3-2-mi-1train-00087
OpenBMI,1,3,2,withheld_until_outcome_lock,query,3788,3-2-mi-1train-00088
OpenBMI,1,3,2,withheld_until_outcome_lock,query,3789,3-2-mi-1train-00089
OpenBMI,1,3,2,withheld_until_outcome_lock,query,3796,3-2-mi-1train-00096
OpenBMI,1,38,2,withheld_until_outcome_lock,query,5305,38-2-mi-1train-00005
OpenBMI,1,38,2,withheld_until_outcome_lock,query,5308,38-2-mi-1train-00008
OpenBMI,1,38,2,withheld_until_outcome_lock,query,5312,38-2-mi-1train-00012
OpenBMI,1,38,2,withheld_until_outcome_lock,query,5313,38-2-mi-1train-00013
OpenBMI,1,38,2,withheld_until_outcome_lock,query,5315,38-2-mi-1train-00015
OpenBMI,1,38,2,withheld_until_outcome_lock,query,5316,38-2-mi-1train-00016
OpenBMI,1,38,2,withheld_until_outcome_lock,query,5318,38-2-mi-1train-00018
OpenBMI,1,38,2,withheld_until_outcome_lock,query,5323,38-2-mi-1train-00023
OpenBMI,1,38,2,withheld_until_outcome_lock,query,5326,38-2-mi-1train-00026
OpenBMI,1,38,2,withheld_until_outcome_lock,query,5327,38-2-mi-1train-00027
OpenBMI,1,38,2,withheld_until_outcome_lock,query,5331,38-2-mi-1train-00031
OpenBMI,1,38,2,withheld_until_outcome_lock,query,5334,38-2-mi-1train-00034
OpenBMI,1,38,2,withheld_until_outcome_lock,query,5337,38-2-mi-1train-00037
OpenBMI,1,38,2,withheld_until_outcome_lock,query,5338,38-2-mi-1train-00038
OpenBMI,1,38,2,withheld_until_outcome_lock,query,5340,38-2-mi-1train-00040
OpenBMI,1,38,2,withheld_until_outcome_lock,query,5342,38-2-mi-1train-00042
OpenBMI,1,38,2,withheld_until_outcome_lock,query,5343,38-2-mi-1train-00043
OpenBMI,1,38,2,withheld_until_outcome_lock,query,5346,38-2-mi-1train-00046
OpenBMI,1,38,2,withheld_until_outcome_lock,query,5351,38-2-mi-1train-00051
OpenBMI,1,38,2,withheld_until_outcome_lock,query,5355,38-2-mi-1train-00055
OpenBMI,1,38,2,withheld_until_outcome_lock,query,5357,38-2-mi-1train-00057
OpenBMI,1,38,2,withheld_until_outcome_lock,query,5358,38-2-mi-1train-00058
OpenBMI,1,38,2,withheld_until_outcome_lock,query,5359,38-2-mi-1train-00059
OpenBMI,1,38,2,withheld_until_outcome_lock,query,5361,38-2-mi-1train-00061
OpenBMI,1,38,2,withheld_until_outcome_lock,query,5362,38-2-mi-1train-00062
OpenBMI,1,38,2,withheld_until_outcome_lock,query,5367,38-2-mi-1train-00067
OpenBMI,1,38,2,withheld_until_outcome_lock,query,5368,38-2-mi-1train-00068
OpenBMI,1,38,2,withheld_until_outcome_lock,query,5370,38-2-mi-1train-00070
OpenBMI,1,38,2,withheld_until_outcome_lock,query,5371,38-2-mi-1train-00071
OpenBMI,1,38,2,withheld_until_outcome_lock,query,5373,38-2-mi-1train-00073
OpenBMI,1,38,2,withheld_until_outcome_lock,query,5380,38-2-mi-1train-00080
OpenBMI,1,38,2,withheld_until_outcome_lock,query,5384,38-2-mi-1train-00084
OpenBMI,1,38,2,withheld_until_outcome_lock,query,5389,38-2-mi-1train-00089
OpenBMI,1,38,2,withheld_until_outcome_lock,query,5394,38-2-mi-1train-00094
OpenBMI,1,38,2,withheld_until_outcome_lock,query,5395,38-2-mi-1train-00095
OpenBMI,1,38,2,withheld_until_outcome_lock,query,5396,38-2-mi-1train-00096
OpenBMI,1,40,2,withheld_until_outcome_lock,query,5902,40-2-mi-1train-00002
OpenBMI,1,40,2,withheld_until_outcome_lock,query,5903,40-2-mi-1train-00003
OpenBMI,1,40,2,withheld_until_outcome_lock,query,5905,40-2-mi-1train-00005
OpenBMI,1,40,2,withheld_until_outcome_lock,query,5908,40-2-mi-1train-00008
OpenBMI,1,40,2,withheld_until_outcome_lock,query,5909,40-2-mi-1train-00009
OpenBMI,1,40,2,withheld_until_outcome_lock,query,5910,40-2-mi-1train-00010
OpenBMI,1,40,2,withheld_until_outcome_lock,query,5912,40-2-mi-1train-00012
OpenBMI,1,40,2,withheld_until_outcome_lock,query,5917,40-2-mi-1train-00017
OpenBMI,1,40,2,withheld_until_outcome_lock,query,5919,40-2-mi-1train-00019
OpenBMI,1,40,2,withheld_until_outcome_lock,query,5923,40-2-mi-1train-00023
OpenBMI,1,40,2,withheld_until_outcome_lock,query,5931,40-2-mi-1train-00031
OpenBMI,1,40,2,withheld_until_outcome_lock,query,5937,40-2-mi-1train-00037
OpenBMI,1,40,2,withheld_until_outcome_lock,query,5939,40-2-mi-1train-00039
OpenBMI,1,40,2,withheld_until_outcome_lock,query,5942,40-2-mi-1train-00042
OpenBMI,1,40,2,withheld_until_outcome_lock,query,5949,40-2-mi-1train-00049
OpenBMI,1,40,2,withheld_until_outcome_lock,query,5950,40-2-mi-1train-00050
OpenBMI,1,40,2,withheld_until_outcome_lock,query,5951,40-2-mi-1train-00051
OpenBMI,1,40,2,withheld_until_outcome_lock,query,5952,40-2-mi-1train-00052
OpenBMI,1,40,2,withheld_until_outcome_lock,query,5953,40-2-mi-1train-00053
OpenBMI,1,40,2,withheld_until_outcome_lock,query,5954,40-2-mi-1train-00054
OpenBMI,1,40,2,withheld_until_outcome_lock,query,5956,40-2-mi-1train-00056
OpenBMI,1,40,2,withheld_until_outcome_lock,query,5957,40-2-mi-1train-00057
OpenBMI,1,40,2,withheld_until_outcome_lock,query,5958,40-2-mi-1train-00058
OpenBMI,1,40,2,withheld_until_outcome_lock,query,5973,40-2-mi-1train-00073
OpenBMI,1,40,2,withheld_until_outcome_lock,query,5974,40-2-mi-1train-00074
OpenBMI,1,40,2,withheld_until_outcome_lock,query,5976,40-2-mi-1train-00076
OpenBMI,1,40,2,withheld_until_outcome_lock,query,5978,40-2-mi-1train-00078
OpenBMI,1,40,2,withheld_until_outcome_lock,query,5979,40-2-mi-1train-00079
OpenBMI,1,40,2,withheld_until_outcome_lock,query,5981,40-2-mi-1train-00081
OpenBMI,1,40,2,withheld_until_outcome_lock,query,5982,40-2-mi-1train-00082
OpenBMI,1,40,2,withheld_until_outcome_lock,query,5984,40-2-mi-1train-00084
OpenBMI,1,40,2,withheld_until_outcome_lock,query,5985,40-2-mi-1train-00085
OpenBMI,1,40,2,withheld_until_outcome_lock,query,5986,40-2-mi-1train-00086
OpenBMI,1,40,2,withheld_until_outcome_lock,query,5990,40-2-mi-1train-00090
OpenBMI,1,40,2,withheld_until_outcome_lock,query,5998,40-2-mi-1train-00098
OpenBMI,1,40,2,withheld_until_outcome_lock,query,5999,40-2-mi-1train-00099
OpenBMI,1,50,2,withheld_until_outcome_lock,query,7107,50-2-mi-1train-00007
OpenBMI,1,50,2,withheld_until_outcome_lock,query,7109,50-2-mi-1train-00009
OpenBMI,1,50,2,withheld_until_outcome_lock,query,7110,50-2-mi-1train-00010
OpenBMI,1,50,2,withheld_until_outcome_lock,query,7120,50-2-mi-1train-00020
OpenBMI,1,50,2,withheld_until_outcome_lock,query,7129,50-2-mi-1train-00029
OpenBMI,1,50,2,withheld_until_outcome_lock,query,7130,50-2-mi-1train-00030
OpenBMI,1,50,2,withheld_until_outcome_lock,query,7131,50-2-mi-1train-00031
OpenBMI,1,50,2,withheld_until_outcome_lock,query,7133,50-2-mi-1train-00033
OpenBMI,1,50,2,withheld_until_outcome_lock,query,7135,50-2-mi-1train-00035
OpenBMI,1,50,2,withheld_until_outcome_lock,query,7136,50-2-mi-1train-00036
OpenBMI,1,50,2,withheld_until_outcome_lock,query,7138,50-2-mi-1train-00038
OpenBMI,1,50,2,withheld_until_outcome_lock,query,7139,50-2-mi-1train-00039
OpenBMI,1,50,2,withheld_until_outcome_lock,query,7141,50-2-mi-1train-00041
OpenBMI,1,50,2,withheld_until_outcome_lock,query,7142,50-2-mi-1train-00042
OpenBMI,1,50,2,withheld_until_outcome_lock,query,7143,50-2-mi-1train-00043
OpenBMI,1,50,2,withheld_until_outcome_lock,query,7146,50-2-mi-1train-00046
OpenBMI,1,50,2,withheld_until_outcome_lock,query,7149,50-2-mi-1train-00049
OpenBMI,1,50,2,withheld_until_outcome_lock,query,7151,50-2-mi-1train-00051
OpenBMI,1,50,2,withheld_until_outcome_lock,query,7152,50-2-mi-1train-00052
OpenBMI,1,50,2,withheld_until_outcome_lock,query,7156,50-2-mi-1train-00056
OpenBMI,1,50,2,withheld_until_outcome_lock,query,7157,50-2-mi-1train-00057
OpenBMI,1,50,2,withheld_until_outcome_lock,query,7159,50-2-mi-1train-00059
OpenBMI,1,50,2,withheld_until_outcome_lock,query,7160,50-2-mi-1train-00060
OpenBMI,1,50,2,withheld_until_outcome_lock,query,7161,50-2-mi-1train-00061
OpenBMI,1,50,2,withheld_until_outcome_lock,query,7162,50-2-mi-1train-00062
OpenBMI,1,50,2,withheld_until_outcome_lock,query,7164,50-2-mi-1train-00064
OpenBMI,1,50,2,withheld_until_outcome_lock,query,7166,50-2-mi-1train-00066
OpenBMI,1,50,2,withheld_until_outcome_lock,query,7168,50-2-mi-1train-00068
OpenBMI,1,50,2,withheld_until_outcome_lock,query,7169,50-2-mi-1train-00069
OpenBMI,1,50,2,withheld_until_outcome_lock,query,7170,50-2-mi-1train-00070
OpenBMI,1,50,2,withheld_until_outcome_lock,query,7174,50-2-mi-1train-00074
OpenBMI,1,50,2,withheld_until_outcome_lock,query,7187,50-2-mi-1train-00087
OpenBMI,1,50,2,withheld_until_outcome_lock,query,7189,50-2-mi-1train-00089
OpenBMI,1,50,2,withheld_until_outcome_lock,query,7190,50-2-mi-1train-00090
OpenBMI,1,50,2,withheld_until_outcome_lock,query,7194,50-2-mi-1train-00094
OpenBMI,1,50,2,withheld_until_outcome_lock,query,7196,50-2-mi-1train-00096
OpenBMI,1,7,2,withheld_until_outcome_lock,query,8102,7-2-mi-1train-00002
OpenBMI,1,7,2,withheld_until_outcome_lock,query,8105,7-2-mi-1train-00005
OpenBMI,1,7,2,withheld_until_outcome_lock,query,8106,7-2-mi-1train-00006
OpenBMI,1,7,2,withheld_until_outcome_lock,query,8114,7-2-mi-1train-00014
OpenBMI,1,7,2,withheld_until_outcome_lock,query,8115,7-2-mi-1train-00015
OpenBMI,1,7,2,withheld_until_outcome_lock,query,8118,7-2-mi-1train-00018
OpenBMI,1,7,2,withheld_until_outcome_lock,query,8120,7-2-mi-1train-00020
OpenBMI,1,7,2,withheld_until_outcome_lock,query,8122,7-2-mi-1train-00022
OpenBMI,1,7,2,withheld_until_outcome_lock,query,8123,7-2-mi-1train-00023
OpenBMI,1,7,2,withheld_until_outcome_lock,query,8124,7-2-mi-1train-00024
OpenBMI,1,7,2,withheld_until_outcome_lock,query,8131,7-2-mi-1train-00031
OpenBMI,1,7,2,withheld_until_outcome_lock,query,8132,7-2-mi-1train-00032
OpenBMI,1,7,2,withheld_until_outcome_lock,query,8133,7-2-mi-1train-00033
OpenBMI,1,7,2,withheld_until_outcome_lock,query,8138,7-2-mi-1train-00038
OpenBMI,1,7,2,withheld_until_outcome_lock,query,8141,7-2-mi-1train-00041
OpenBMI,1,7,2,withheld_until_outcome_lock,query,8143,7-2-mi-1train-00043
OpenBMI,1,7,2,withheld_until_outcome_lock,query,8147,7-2-mi-1train-00047
OpenBMI,1,7,2,withheld_until_outcome_lock,query,8149,7-2-mi-1train-00049
OpenBMI,1,7,2,withheld_until_outcome_lock,query,8152,7-2-mi-1train-00052
OpenBMI,1,7,2,withheld_until_outcome_lock,query,8154,7-2-mi-1train-00054
OpenBMI,1,7,2,withheld_until_outcome_lock,query,8157,7-2-mi-1train-00057
OpenBMI,1,7,2,withheld_until_outcome_lock,query,8159,7-2-mi-1train-00059
OpenBMI,1,7,2,withheld_until_outcome_lock,query,8162,7-2-mi-1train-00062
OpenBMI,1,7,2,withheld_until_outcome_lock,query,8164,7-2-mi-1train-00064
OpenBMI,1,7,2,withheld_until_outcome_lock,query,8165,7-2-mi-1train-00065
OpenBMI,1,7,2,withheld_until_outcome_lock,query,8169,7-2-mi-1train-00069
OpenBMI,1,7,2,withheld_until_outcome_lock,query,8176,7-2-mi-1train-00076
OpenBMI,1,7,2,withheld_until_outcome_lock,query,8178,7-2-mi-1train-00078
OpenBMI,1,7,2,withheld_until_outcome_lock,query,8180,7-2-mi-1train-00080
OpenBMI,1,7,2,withheld_until_outcome_lock,query,8181,7-2-mi-1train-00081
OpenBMI,1,7,2,withheld_until_outcome_lock,query,8183,7-2-mi-1train-00083
OpenBMI,1,7,2,withheld_until_outcome_lock,query,8189,7-2-mi-1train-00089
OpenBMI,1,7,2,withheld_until_outcome_lock,query,8190,7-2-mi-1train-00090
OpenBMI,1,7,2,withheld_until_outcome_lock,query,8193,7-2-mi-1train-00093
OpenBMI,1,7,2,withheld_until_outcome_lock,query,8194,7-2-mi-1train-00094
OpenBMI,1,7,2,withheld_until_outcome_lock,query,8195,7-2-mi-1train-00095
OpenBMI,2,14,2,withheld_until_outcome_lock,query,1102,14-2-mi-1train-00002
OpenBMI,2,14,2,withheld_until_outcome_lock,query,1108,14-2-mi-1train-00008
OpenBMI,2,14,2,withheld_until_outcome_lock,query,1111,14-2-mi-1train-00011
OpenBMI,2,14,2,withheld_until_outcome_lock,query,1112,14-2-mi-1train-00012
OpenBMI,2,14,2,withheld_until_outcome_lock,query,1113,14-2-mi-1train-00013
OpenBMI,2,14,2,withheld_until_outcome_lock,query,1116,14-2-mi-1train-00016
OpenBMI,2,14,2,withheld_until_outcome_lock,query,1118,14-2-mi-1train-00018
OpenBMI,2,14,2,withheld_until_outcome_lock,query,1119,14-2-mi-1train-00019
OpenBMI,2,14,2,withheld_until_outcome_lock,query,1121,14-2-mi-1train-00021
OpenBMI,2,14,2,withheld_until_outcome_lock,query,1126,14-2-mi-1train-00026
OpenBMI,2,14,2,withheld_until_outcome_lock,query,1127,14-2-mi-1train-00027
OpenBMI,2,14,2,withheld_until_outcome_lock,query,1131,14-2-mi-1train-00031
OpenBMI,2,14,2,withheld_until_outcome_lock,query,1133,14-2-mi-1train-00033
OpenBMI,2,14,2,withheld_until_outcome_lock,query,1135,14-2-mi-1train-00035
OpenBMI,2,14,2,withheld_until_outcome_lock,query,1142,14-2-mi-1train-00042
OpenBMI,2,14,2,withheld_until_outcome_lock,query,1145,14-2-mi-1train-00045
OpenBMI,2,14,2,withheld_until_outcome_lock,query,1154,14-2-mi-1train-00054
OpenBMI,2,14,2,withheld_until_outcome_lock,query,1157,14-2-mi-1train-00057
OpenBMI,2,14,2,withheld_until_outcome_lock,query,1158,14-2-mi-1train-00058
OpenBMI,2,14,2,withheld_until_outcome_lock,query,1159,14-2-mi-1train-00059
OpenBMI,2,14,2,withheld_until_outcome_lock,query,1160,14-2-mi-1train-00060
OpenBMI,2,14,2,withheld_until_outcome_lock,query,1162,14-2-mi-1train-00062
OpenBMI,2,14,2,withheld_until_outcome_lock,query,1163,14-2-mi-1train-00063
OpenBMI,2,14,2,withheld_until_outcome_lock,query,1166,14-2-mi-1train-00066
OpenBMI,2,14,2,withheld_until_outcome_lock,query,1169,14-2-mi-1train-00069
OpenBMI,2,14,2,withheld_until_outcome_lock,query,1170,14-2-mi-1train-00070
OpenBMI,2,14,2,withheld_until_outcome_lock,query,1171,14-2-mi-1train-00071
OpenBMI,2,14,2,withheld_until_outcome_lock,query,1172,14-2-mi-1train-00072
OpenBMI,2,14,2,withheld_until_outcome_lock,query,1173,14-2-mi-1train-00073
OpenBMI,2,14,2,withheld_until_outcome_lock,query,1174,14-2-mi-1train-00074
OpenBMI,2,14,2,withheld_until_outcome_lock,query,1182,14-2-mi-1train-00082
OpenBMI,2,14,2,withheld_until_outcome_lock,query,1183,14-2-mi-1train-00083
OpenBMI,2,14,2,withheld_until_outcome_lock,query,1184,14-2-mi-1train-00084
OpenBMI,2,14,2,withheld_until_outcome_lock,query,1189,14-2-mi-1train-00089
OpenBMI,2,14,2,withheld_until_outcome_lock,query,1192,14-2-mi-1train-00092
OpenBMI,2,14,2,withheld_until_outcome_lock,query,1193,14-2-mi-1train-00093
OpenBMI,2,16,2,withheld_until_outcome_lock,query,1500,16-2-mi-1train-00000
OpenBMI,2,16,2,withheld_until_outcome_lock,query,1502,16-2-mi-1train-00002
OpenBMI,2,16,2,withheld_until_outcome_lock,query,1508,16-2-mi-1train-00008
OpenBMI,2,16,2,withheld_until_outcome_lock,query,1512,16-2-mi-1train-00012
OpenBMI,2,16,2,withheld_until_outcome_lock,query,1521,16-2-mi-1train-00021
OpenBMI,2,16,2,withheld_until_outcome_lock,query,1528,16-2-mi-1train-00028
OpenBMI,2,16,2,withheld_until_outcome_lock,query,1531,16-2-mi-1train-00031
OpenBMI,2,16,2,withheld_until_outcome_lock,query,1532,16-2-mi-1train-00032
OpenBMI,2,16,2,withheld_until_outcome_lock,query,1534,16-2-mi-1train-00034
OpenBMI,2,16,2,withheld_until_outcome_lock,query,1537,16-2-mi-1train-00037
OpenBMI,2,16,2,withheld_until_outcome_lock,query,1541,16-2-mi-1train-00041
OpenBMI,2,16,2,withheld_until_outcome_lock,query,1542,16-2-mi-1train-00042
OpenBMI,2,16,2,withheld_until_outcome_lock,query,1544,16-2-mi-1train-00044
OpenBMI,2,16,2,withheld_until_outcome_lock,query,1547,16-2-mi-1train-00047
OpenBMI,2,16,2,withheld_until_outcome_lock,query,1549,16-2-mi-1train-00049
OpenBMI,2,16,2,withheld_until_outcome_lock,query,1550,16-2-mi-1train-00050
OpenBMI,2,16,2,withheld_until_outcome_lock,query,1554,16-2-mi-1train-00054
OpenBMI,2,16,2,withheld_until_outcome_lock,query,1555,16-2-mi-1train-00055
OpenBMI,2,16,2,withheld_until_outcome_lock,query,1557,16-2-mi-1train-00057
OpenBMI,2,16,2,withheld_until_outcome_lock,query,1559,16-2-mi-1train-00059
OpenBMI,2,16,2,withheld_until_outcome_lock,query,1561,16-2-mi-1train-00061
OpenBMI,2,16,2,withheld_until_outcome_lock,query,1565,16-2-mi-1train-00065
OpenBMI,2,16,2,withheld_until_outcome_lock,query,1567,16-2-mi-1train-00067
OpenBMI,2,16,2,withheld_until_outcome_lock,query,1569,16-2-mi-1train-00069
OpenBMI,2,16,2,withheld_until_outcome_lock,query,1572,16-2-mi-1train-00072
OpenBMI,2,16,2,withheld_until_outcome_lock,query,1574,16-2-mi-1train-00074
OpenBMI,2,16,2,withheld_until_outcome_lock,query,1575,16-2-mi-1train-00075
OpenBMI,2,16,2,withheld_until_outcome_lock,query,1579,16-2-mi-1train-00079
OpenBMI,2,16,2,withheld_until_outcome_lock,query,1582,16-2-mi-1train-00082
OpenBMI,2,16,2,withheld_until_outcome_lock,query,1587,16-2-mi-1train-00087
OpenBMI,2,16,2,withheld_until_outcome_lock,query,1589,16-2-mi-1train-00089
OpenBMI,2,16,2,withheld_until_outcome_lock,query,1594,16-2-mi-1train-00094
OpenBMI,2,16,2,withheld_until_outcome_lock,query,1595,16-2-mi-1train-00095
OpenBMI,2,16,2,withheld_until_outcome_lock,query,1596,16-2-mi-1train-00096
OpenBMI,2,16,2,withheld_until_outcome_lock,query,1598,16-2-mi-1train-00098
OpenBMI,2,16,2,withheld_until_outcome_lock,query,1599,16-2-mi-1train-00099
OpenBMI,2,17,2,withheld_until_outcome_lock,query,1702,17-2-mi-1train-00002
OpenBMI,2,17,2,withheld_until_outcome_lock,query,1703,17-2-mi-1train-00003
OpenBMI,2,17,2,withheld_until_outcome_lock,query,1712,17-2-mi-1train-00012
OpenBMI,2,17,2,withheld_until_outcome_lock,query,1717,17-2-mi-1train-00017
OpenBMI,2,17,2,withheld_until_outcome_lock,query,1719,17-2-mi-1train-00019
OpenBMI,2,17,2,withheld_until_outcome_lock,query,1725,17-2-mi-1train-00025
OpenBMI,2,17,2,withheld_until_outcome_lock,query,1726,17-2-mi-1train-00026
OpenBMI,2,17,2,withheld_until_outcome_lock,query,1734,17-2-mi-1train-00034
OpenBMI,2,17,2,withheld_until_outcome_lock,query,1735,17-2-mi-1train-00035
OpenBMI,2,17,2,withheld_until_outcome_lock,query,1737,17-2-mi-1train-00037
OpenBMI,2,17,2,withheld_until_outcome_lock,query,1744,17-2-mi-1train-00044
OpenBMI,2,17,2,withheld_until_outcome_lock,query,1747,17-2-mi-1train-00047
OpenBMI,2,17,2,withheld_until_outcome_lock,query,1749,17-2-mi-1train-00049
OpenBMI,2,17,2,withheld_until_outcome_lock,query,1750,17-2-mi-1train-00050
OpenBMI,2,17,2,withheld_until_outcome_lock,query,1754,17-2-mi-1train-00054
OpenBMI,2,17,2,withheld_until_outcome_lock,query,1755,17-2-mi-1train-00055
OpenBMI,2,17,2,withheld_until_outcome_lock,query,1759,17-2-mi-1train-00059
OpenBMI,2,17,2,withheld_until_outcome_lock,query,1762,17-2-mi-1train-00062
OpenBMI,2,17,2,withheld_until_outcome_lock,query,1763,17-2-mi-1train-00063
OpenBMI,2,17,2,withheld_until_outcome_lock,query,1766,17-2-mi-1train-00066
OpenBMI,2,17,2,withheld_until_outcome_lock,query,1767,17-2-mi-1train-00067
OpenBMI,2,17,2,withheld_until_outcome_lock,query,1768,17-2-mi-1train-00068
OpenBMI,2,17,2,withheld_until_outcome_lock,query,1769,17-2-mi-1train-00069
OpenBMI,2,17,2,withheld_until_outcome_lock,query,1771,17-2-mi-1train-00071
OpenBMI,2,17,2,withheld_until_outcome_lock,query,1772,17-2-mi-1train-00072
OpenBMI,2,17,2,withheld_until_outcome_lock,query,1774,17-2-mi-1train-00074
OpenBMI,2,17,2,withheld_until_outcome_lock,query,1775,17-2-mi-1train-00075
OpenBMI,2,17,2,withheld_until_outcome_lock,query,1778,17-2-mi-1train-00078
OpenBMI,2,17,2,withheld_until_outcome_lock,query,1784,17-2-mi-1train-00084
OpenBMI,2,17,2,withheld_until_outcome_lock,query,1785,17-2-mi-1train-00085
OpenBMI,2,17,2,withheld_until_outcome_lock,query,1786,17-2-mi-1train-00086
OpenBMI,2,17,2,withheld_until_outcome_lock,query,1787,17-2-mi-1train-00087
OpenBMI,2,17,2,withheld_until_outcome_lock,query,1789,17-2-mi-1train-00089
OpenBMI,2,17,2,withheld_until_outcome_lock,query,1793,17-2-mi-1train-00093
OpenBMI,2,17,2,withheld_until_outcome_lock,query,1795,17-2-mi-1train-00095
OpenBMI,2,17,2,withheld_until_outcome_lock,query,1798,17-2-mi-1train-00098
OpenBMI,2,25,2,withheld_until_outcome_lock,query,3101,25-2-mi-1train-00001
OpenBMI,2,25,2,withheld_until_outcome_lock,query,3102,25-2-mi-1train-00002
OpenBMI,2,25,2,withheld_until_outcome_lock,query,3103,25-2-mi-1train-00003
OpenBMI,2,25,2,withheld_until_outcome_lock,query,3104,25-2-mi-1train-00004
OpenBMI,2,25,2,withheld_until_outcome_lock,query,3112,25-2-mi-1train-00012
OpenBMI,2,25,2,withheld_until_outcome_lock,query,3113,25-2-mi-1train-00013
OpenBMI,2,25,2,withheld_until_outcome_lock,query,3116,25-2-mi-1train-00016
OpenBMI,2,25,2,withheld_until_outcome_lock,query,3119,25-2-mi-1train-00019
OpenBMI,2,25,2,withheld_until_outcome_lock,query,3120,25-2-mi-1train-00020
OpenBMI,2,25,2,withheld_until_outcome_lock,query,3121,25-2-mi-1train-00021
OpenBMI,2,25,2,withheld_until_outcome_lock,query,3122,25-2-mi-1train-00022
OpenBMI,2,25,2,withheld_until_outcome_lock,query,3132,25-2-mi-1train-00032
OpenBMI,2,25,2,withheld_until_outcome_lock,query,3135,25-2-mi-1train-00035
OpenBMI,2,25,2,withheld_until_outcome_lock,query,3145,25-2-mi-1train-00045
OpenBMI,2,25,2,withheld_until_outcome_lock,query,3148,25-2-mi-1train-00048
OpenBMI,2,25,2,withheld_until_outcome_lock,query,3149,25-2-mi-1train-00049
OpenBMI,2,25,2,withheld_until_outcome_lock,query,3150,25-2-mi-1train-00050
OpenBMI,2,25,2,withheld_until_outcome_lock,query,3154,25-2-mi-1train-00054
OpenBMI,2,25,2,withheld_until_outcome_lock,query,3156,25-2-mi-1train-00056
OpenBMI,2,25,2,withheld_until_outcome_lock,query,3157,25-2-mi-1train-00057
OpenBMI,2,25,2,withheld_until_outcome_lock,query,3158,25-2-mi-1train-00058
OpenBMI,2,25,2,withheld_until_outcome_lock,query,3159,25-2-mi-1train-00059
OpenBMI,2,25,2,withheld_until_outcome_lock,query,3160,25-2-mi-1train-00060
OpenBMI,2,25,2,withheld_until_outcome_lock,query,3161,25-2-mi-1train-00061
OpenBMI,2,25,2,withheld_until_outcome_lock,query,3163,25-2-mi-1train-00063
OpenBMI,2,25,2,withheld_until_outcome_lock,query,3164,25-2-mi-1train-00064
OpenBMI,2,25,2,withheld_until_outcome_lock,query,3165,25-2-mi-1train-00065
OpenBMI,2,25,2,withheld_until_outcome_lock,query,3167,25-2-mi-1train-00067
OpenBMI,2,25,2,withheld_until_outcome_lock,query,3177,25-2-mi-1train-00077
OpenBMI,2,25,2,withheld_until_outcome_lock,query,3183,25-2-mi-1train-00083
OpenBMI,2,25,2,withheld_until_outcome_lock,query,3187,25-2-mi-1train-00087
OpenBMI,2,25,2,withheld_until_outcome_lock,query,3189,25-2-mi-1train-00089
OpenBMI,2,25,2,withheld_until_outcome_lock,query,3190,25-2-mi-1train-00090
OpenBMI,2,25,2,withheld_until_outcome_lock,query,3191,25-2-mi-1train-00091
OpenBMI,2,25,2,withheld_until_outcome_lock,query,3192,25-2-mi-1train-00092
OpenBMI,2,25,2,withheld_until_outcome_lock,query,3194,25-2-mi-1train-00094
OpenBMI,2,30,2,withheld_until_outcome_lock,query,3901,30-2-mi-1train-00001
OpenBMI,2,30,2,withheld_until_outcome_lock,query,3904,30-2-mi-1train-00004
OpenBMI,2,30,2,withheld_until_outcome_lock,query,3907,30-2-mi-1train-00007
OpenBMI,2,30,2,withheld_until_outcome_lock,query,3908,30-2-mi-1train-00008
OpenBMI,2,30,2,withheld_until_outcome_lock,query,3918,30-2-mi-1train-00018
OpenBMI,2,30,2,withheld_until_outcome_lock,query,3919,30-2-mi-1train-00019
OpenBMI,2,30,2,withheld_until_outcome_lock,query,3921,30-2-mi-1train-00021
OpenBMI,2,30,2,withheld_until_outcome_lock,query,3923,30-2-mi-1train-00023
OpenBMI,2,30,2,withheld_until_outcome_lock,query,3926,30-2-mi-1train-00026
OpenBMI,2,30,2,withheld_until_outcome_lock,query,3927,30-2-mi-1train-00027
OpenBMI,2,30,2,withheld_until_outcome_lock,query,3937,30-2-mi-1train-00037
OpenBMI,2,30,2,withheld_until_outcome_lock,query,3938,30-2-mi-1train-00038
OpenBMI,2,30,2,withheld_until_outcome_lock,query,3941,30-2-mi-1train-00041
OpenBMI,2,30,2,withheld_until_outcome_lock,query,3942,30-2-mi-1train-00042
OpenBMI,2,30,2,withheld_until_outcome_lock,query,3943,30-2-mi-1train-00043
OpenBMI,2,30,2,withheld_until_outcome_lock,query,3945,30-2-mi-1train-00045
OpenBMI,2,30,2,withheld_until_outcome_lock,query,3947,30-2-mi-1train-00047
OpenBMI,2,30,2,withheld_until_outcome_lock,query,3948,30-2-mi-1train-00048
OpenBMI,2,30,2,withheld_until_outcome_lock,query,3949,30-2-mi-1train-00049
OpenBMI,2,30,2,withheld_until_outcome_lock,query,3955,30-2-mi-1train-00055
OpenBMI,2,30,2,withheld_until_outcome_lock,query,3956,30-2-mi-1train-00056
OpenBMI,2,30,2,withheld_until_outcome_lock,query,3958,30-2-mi-1train-00058
OpenBMI,2,30,2,withheld_until_outcome_lock,query,3960,30-2-mi-1train-00060
OpenBMI,2,30,2,withheld_until_outcome_lock,query,3963,30-2-mi-1train-00063
OpenBMI,2,30,2,withheld_until_outcome_lock,query,3965,30-2-mi-1train-00065
OpenBMI,2,30,2,withheld_until_outcome_lock,query,3967,30-2-mi-1train-00067
OpenBMI,2,30,2,withheld_until_outcome_lock,query,3970,30-2-mi-1train-00070
OpenBMI,2,30,2,withheld_until_outcome_lock,query,3974,30-2-mi-1train-00074
OpenBMI,2,30,2,withheld_until_outcome_lock,query,3975,30-2-mi-1train-00075
OpenBMI,2,30,2,withheld_until_outcome_lock,query,3981,30-2-mi-1train-00081
OpenBMI,2,30,2,withheld_until_outcome_lock,query,3985,30-2-mi-1train-00085
OpenBMI,2,30,2,withheld_until_outcome_lock,query,3988,30-2-mi-1train-00088
OpenBMI,2,30,2,withheld_until_outcome_lock,query,3989,30-2-mi-1train-00089
OpenBMI,2,30,2,withheld_until_outcome_lock,query,3992,30-2-mi-1train-00092
OpenBMI,2,30,2,withheld_until_outcome_lock,query,3993,30-2-mi-1train-00093
OpenBMI,2,30,2,withheld_until_outcome_lock,query,3997,30-2-mi-1train-00097
OpenBMI,2,49,2,withheld_until_outcome_lock,query,7300,49-2-mi-1train-00000
OpenBMI,2,49,2,withheld_until_outcome_lock,query,7302,49-2-mi-1train-00002
OpenBMI,2,49,2,withheld_until_outcome_lock,query,7304,49-2-mi-1train-00004
OpenBMI,2,49,2,withheld_until_outcome_lock,query,7305,49-2-mi-1train-00005
OpenBMI,2,49,2,withheld_until_outcome_lock,query,7306,49-2-mi-1train-00006
OpenBMI,2,49,2,withheld_until_outcome_lock,query,7308,49-2-mi-1train-00008
OpenBMI,2,49,2,withheld_until_outcome_lock,query,7309,49-2-mi-1train-00009
OpenBMI,2,49,2,withheld_until_outcome_lock,query,7310,49-2-mi-1train-00010
OpenBMI,2,49,2,withheld_until_outcome_lock,query,7313,49-2-mi-1train-00013
OpenBMI,2,49,2,withheld_until_outcome_lock,query,7314,49-2-mi-1train-00014
OpenBMI,2,49,2,withheld_until_outcome_lock,query,7319,49-2-mi-1train-00019
OpenBMI,2,49,2,withheld_until_outcome_lock,query,7321,49-2-mi-1train-00021
OpenBMI,2,49,2,withheld_until_outcome_lock,query,7324,49-2-mi-1train-00024
OpenBMI,2,49,2,withheld_until_outcome_lock,query,7334,49-2-mi-1train-00034
OpenBMI,2,49,2,withheld_until_outcome_lock,query,7338,49-2-mi-1train-00038
OpenBMI,2,49,2,withheld_until_outcome_lock,query,7340,49-2-mi-1train-00040
OpenBMI,2,49,2,withheld_until_outcome_lock,query,7342,49-2-mi-1train-00042
OpenBMI,2,49,2,withheld_until_outcome_lock,query,7347,49-2-mi-1train-00047
OpenBMI,2,49,2,withheld_until_outcome_lock,query,7350,49-2-mi-1train-00050
OpenBMI,2,49,2,withheld_until_outcome_lock,query,7355,49-2-mi-1train-00055
OpenBMI,2,49,2,withheld_until_outcome_lock,query,7357,49-2-mi-1train-00057
OpenBMI,2,49,2,withheld_until_outcome_lock,query,7364,49-2-mi-1train-00064
OpenBMI,2,49,2,withheld_until_outcome_lock,query,7365,49-2-mi-1train-00065
OpenBMI,2,49,2,withheld_until_outcome_lock,query,7372,49-2-mi-1train-00072
OpenBMI,2,49,2,withheld_until_outcome_lock,query,7375,49-2-mi-1train-00075
OpenBMI,2,49,2,withheld_until_outcome_lock,query,7376,49-2-mi-1train-00076
OpenBMI,2,49,2,withheld_until_outcome_lock,query,7377,49-2-mi-1train-00077
OpenBMI,2,49,2,withheld_until_outcome_lock,query,7381,49-2-mi-1train-00081
OpenBMI,2,49,2,withheld_until_outcome_lock,query,7383,49-2-mi-1train-00083
OpenBMI,2,49,2,withheld_until_outcome_lock,query,7385,49-2-mi-1train-00085
OpenBMI,2,49,2,withheld_until_outcome_lock,query,7386,49-2-mi-1train-00086
OpenBMI,2,49,2,withheld_until_outcome_lock,query,7387,49-2-mi-1train-00087
OpenBMI,2,49,2,withheld_until_outcome_lock,query,7389,49-2-mi-1train-00089
OpenBMI,2,49,2,withheld_until_outcome_lock,query,7394,49-2-mi-1train-00094
OpenBMI,2,49,2,withheld_until_outcome_lock,query,7395,49-2-mi-1train-00095
OpenBMI,2,49,2,withheld_until_outcome_lock,query,7396,49-2-mi-1train-00096
OpenBMI,2,5,2,withheld_until_outcome_lock,query,7500,5-2-mi-1train-00000
OpenBMI,2,5,2,withheld_until_outcome_lock,query,7509,5-2-mi-1train-00009
OpenBMI,2,5,2,withheld_until_outcome_lock,query,7510,5-2-mi-1train-00010
OpenBMI,2,5,2,withheld_until_outcome_lock,query,7511,5-2-mi-1train-00011
OpenBMI,2,5,2,withheld_until_outcome_lock,query,7512,5-2-mi-1train-00012
OpenBMI,2,5,2,withheld_until_outcome_lock,query,7513,5-2-mi-1train-00013
OpenBMI,2,5,2,withheld_until_outcome_lock,query,7515,5-2-mi-1train-00015
OpenBMI,2,5,2,withheld_until_outcome_lock,query,7516,5-2-mi-1train-00016
OpenBMI,2,5,2,withheld_until_outcome_lock,query,7518,5-2-mi-1train-00018
OpenBMI,2,5,2,withheld_until_outcome_lock,query,7520,5-2-mi-1train-00020
OpenBMI,2,5,2,withheld_until_outcome_lock,query,7522,5-2-mi-1train-00022
OpenBMI,2,5,2,withheld_until_outcome_lock,query,7527,5-2-mi-1train-00027
OpenBMI,2,5,2,withheld_until_outcome_lock,query,7530,5-2-mi-1train-00030
OpenBMI,2,5,2,withheld_until_outcome_lock,query,7536,5-2-mi-1train-00036
OpenBMI,2,5,2,withheld_until_outcome_lock,query,7539,5-2-mi-1train-00039
OpenBMI,2,5,2,withheld_until_outcome_lock,query,7541,5-2-mi-1train-00041
OpenBMI,2,5,2,withheld_until_outcome_lock,query,7542,5-2-mi-1train-00042
OpenBMI,2,5,2,withheld_until_outcome_lock,query,7549,5-2-mi-1train-00049
OpenBMI,2,5,2,withheld_until_outcome_lock,query,7552,5-2-mi-1train-00052
OpenBMI,2,5,2,withheld_until_outcome_lock,query,7553,5-2-mi-1train-00053
OpenBMI,2,5,2,withheld_until_outcome_lock,query,7554,5-2-mi-1train-00054
OpenBMI,2,5,2,withheld_until_outcome_lock,query,7557,5-2-mi-1train-00057
OpenBMI,2,5,2,withheld_until_outcome_lock,query,7563,5-2-mi-1train-00063
OpenBMI,2,5,2,withheld_until_outcome_lock,query,7565,5-2-mi-1train-00065
OpenBMI,2,5,2,withheld_until_outcome_lock,query,7566,5-2-mi-1train-00066
OpenBMI,2,5,2,withheld_until_outcome_lock,query,7571,5-2-mi-1train-00071
OpenBMI,2,5,2,withheld_until_outcome_lock,query,7572,5-2-mi-1train-00072
OpenBMI,2,5,2,withheld_until_outcome_lock,query,7576,5-2-mi-1train-00076
OpenBMI,2,5,2,withheld_until_outcome_lock,query,7582,5-2-mi-1train-00082
OpenBMI,2,5,2,withheld_until_outcome_lock,query,7586,5-2-mi-1train-00086
OpenBMI,2,5,2,withheld_until_outcome_lock,query,7589,5-2-mi-1train-00089
OpenBMI,2,5,2,withheld_until_outcome_lock,query,7590,5-2-mi-1train-00090
OpenBMI,2,5,2,withheld_until_outcome_lock,query,7592,5-2-mi-1train-00092
OpenBMI,2,5,2,withheld_until_outcome_lock,query,7593,5-2-mi-1train-00093
OpenBMI,2,5,2,withheld_until_outcome_lock,query,7596,5-2-mi-1train-00096
OpenBMI,2,5,2,withheld_until_outcome_lock,query,7599,5-2-mi-1train-00099
OpenBMI,2,6,2,withheld_until_outcome_lock,query,8100,6-2-mi-1train-00000
OpenBMI,2,6,2,withheld_until_outcome_lock,query,8101,6-2-mi-1train-00001
OpenBMI,2,6,2,withheld_until_outcome_lock,query,8104,6-2-mi-1train-00004
OpenBMI,2,6,2,withheld_until_outcome_lock,query,8106,6-2-mi-1train-00006
OpenBMI,2,6,2,withheld_until_outcome_lock,query,8113,6-2-mi-1train-00013
OpenBMI,2,6,2,withheld_until_outcome_lock,query,8117,6-2-mi-1train-00017
OpenBMI,2,6,2,withheld_until_outcome_lock,query,8119,6-2-mi-1train-00019
OpenBMI,2,6,2,withheld_until_outcome_lock,query,8129,6-2-mi-1train-00029
OpenBMI,2,6,2,withheld_until_outcome_lock,query,8131,6-2-mi-1train-00031
OpenBMI,2,6,2,withheld_until_outcome_lock,query,8132,6-2-mi-1train-00032
OpenBMI,2,6,2,withheld_until_outcome_lock,query,8134,6-2-mi-1train-00034
OpenBMI,2,6,2,withheld_until_outcome_lock,query,8141,6-2-mi-1train-00041
OpenBMI,2,6,2,withheld_until_outcome_lock,query,8144,6-2-mi-1train-00044
OpenBMI,2,6,2,withheld_until_outcome_lock,query,8146,6-2-mi-1train-00046
OpenBMI,2,6,2,withheld_until_outcome_lock,query,8147,6-2-mi-1train-00047
OpenBMI,2,6,2,withheld_until_outcome_lock,query,8149,6-2-mi-1train-00049
OpenBMI,2,6,2,withheld_until_outcome_lock,query,8150,6-2-mi-1train-00050
OpenBMI,2,6,2,withheld_until_outcome_lock,query,8151,6-2-mi-1train-00051
OpenBMI,2,6,2,withheld_until_outcome_lock,query,8152,6-2-mi-1train-00052
OpenBMI,2,6,2,withheld_until_outcome_lock,query,8153,6-2-mi-1train-00053
OpenBMI,2,6,2,withheld_until_outcome_lock,query,8154,6-2-mi-1train-00054
OpenBMI,2,6,2,withheld_until_outcome_lock,query,8156,6-2-mi-1train-00056
OpenBMI,2,6,2,withheld_until_outcome_lock,query,8157,6-2-mi-1train-00057
OpenBMI,2,6,2,withheld_until_outcome_lock,query,8160,6-2-mi-1train-00060
OpenBMI,2,6,2,withheld_until_outcome_lock,query,8161,6-2-mi-1train-00061
OpenBMI,2,6,2,withheld_until_outcome_lock,query,8165,6-2-mi-1train-00065
OpenBMI,2,6,2,withheld_until_outcome_lock,query,8167,6-2-mi-1train-00067
OpenBMI,2,6,2,withheld_until_outcome_lock,query,8168,6-2-mi-1train-00068
OpenBMI,2,6,2,withheld_until_outcome_lock,query,8169,6-2-mi-1train-00069
OpenBMI,2,6,2,withheld_until_outcome_lock,query,8172,6-2-mi-1train-00072
OpenBMI,2,6,2,withheld_until_outcome_lock,query,8177,6-2-mi-1train-00077
OpenBMI,2,6,2,withheld_until_outcome_lock,query,8185,6-2-mi-1train-00085
OpenBMI,2,6,2,withheld_until_outcome_lock,query,8190,6-2-mi-1train-00090
OpenBMI,2,6,2,withheld_until_outcome_lock,query,8195,6-2-mi-1train-00095
OpenBMI,2,6,2,withheld_until_outcome_lock,query,8196,6-2-mi-1train-00096
OpenBMI,2,6,2,withheld_until_outcome_lock,query,8197,6-2-mi-1train-00097
OpenBMI,2,9,2,withheld_until_outcome_lock,query,8501,9-2-mi-1train-00001
OpenBMI,2,9,2,withheld_until_outcome_lock,query,8506,9-2-mi-1train-00006
OpenBMI,2,9,2,withheld_until_outcome_lock,query,8513,9-2-mi-1train-00013
OpenBMI,2,9,2,withheld_until_outcome_lock,query,8518,9-2-mi-1train-00018
OpenBMI,2,9,2,withheld_until_outcome_lock,query,8524,9-2-mi-1train-00024
OpenBMI,2,9,2,withheld_until_outcome_lock,query,8525,9-2-mi-1train-00025
OpenBMI,2,9,2,withheld_until_outcome_lock,query,8526,9-2-mi-1train-00026
OpenBMI,2,9,2,withheld_until_outcome_lock,query,8529,9-2-mi-1train-00029
OpenBMI,2,9,2,withheld_until_outcome_lock,query,8533,9-2-mi-1train-00033
OpenBMI,2,9,2,withheld_until_outcome_lock,query,8536,9-2-mi-1train-00036
OpenBMI,2,9,2,withheld_until_outcome_lock,query,8538,9-2-mi-1train-00038
OpenBMI,2,9,2,withheld_until_outcome_lock,query,8540,9-2-mi-1train-00040
OpenBMI,2,9,2,withheld_until_outcome_lock,query,8544,9-2-mi-1train-00044
OpenBMI,2,9,2,withheld_until_outcome_lock,query,8548,9-2-mi-1train-00048
OpenBMI,2,9,2,withheld_until_outcome_lock,query,8549,9-2-mi-1train-00049
OpenBMI,2,9,2,withheld_until_outcome_lock,query,8552,9-2-mi-1train-00052
OpenBMI,2,9,2,withheld_until_outcome_lock,query,8554,9-2-mi-1train-00054
OpenBMI,2,9,2,withheld_until_outcome_lock,query,8555,9-2-mi-1train-00055
OpenBMI,2,9,2,withheld_until_outcome_lock,query,8556,9-2-mi-1train-00056
OpenBMI,2,9,2,withheld_until_outcome_lock,query,8559,9-2-mi-1train-00059
OpenBMI,2,9,2,withheld_until_outcome_lock,query,8560,9-2-mi-1train-00060
OpenBMI,2,9,2,withheld_until_outcome_lock,query,8564,9-2-mi-1train-00064
OpenBMI,2,9,2,withheld_until_outcome_lock,query,8567,9-2-mi-1train-00067
OpenBMI,2,9,2,withheld_until_outcome_lock,query,8569,9-2-mi-1train-00069
OpenBMI,2,9,2,withheld_until_outcome_lock,query,8571,9-2-mi-1train-00071
OpenBMI,2,9,2,withheld_until_outcome_lock,query,8572,9-2-mi-1train-00072
OpenBMI,2,9,2,withheld_until_outcome_lock,query,8573,9-2-mi-1train-00073
OpenBMI,2,9,2,withheld_until_outcome_lock,query,8581,9-2-mi-1train-00081
OpenBMI,2,9,2,withheld_until_outcome_lock,query,8582,9-2-mi-1train-00082
OpenBMI,2,9,2,withheld_until_outcome_lock,query,8584,9-2-mi-1train-00084
OpenBMI,2,9,2,withheld_until_outcome_lock,query,8585,9-2-mi-1train-00085
OpenBMI,2,9,2,withheld_until_outcome_lock,query,8586,9-2-mi-1train-00086
OpenBMI,2,9,2,withheld_until_outcome_lock,query,8588,9-2-mi-1train-00088
OpenBMI,2,9,2,withheld_until_outcome_lock,query,8592,9-2-mi-1train-00092
OpenBMI,2,9,2,withheld_until_outcome_lock,query,8594,9-2-mi-1train-00094
OpenBMI,2,9,2,withheld_until_outcome_lock,query,8599,9-2-mi-1train-00099
OpenBMI,3,16,2,withheld_until_outcome_lock,query,1310,16-2-mi-1train-00010
OpenBMI,3,16,2,withheld_until_outcome_lock,query,1313,16-2-mi-1train-00013
OpenBMI,3,16,2,withheld_until_outcome_lock,query,1314,16-2-mi-1train-00014
OpenBMI,3,16,2,withheld_until_outcome_lock,query,1315,16-2-mi-1train-00015
OpenBMI,3,16,2,withheld_until_outcome_lock,query,1317,16-2-mi-1train-00017
OpenBMI,3,16,2,withheld_until_outcome_lock,query,1319,16-2-mi-1train-00019
OpenBMI,3,16,2,withheld_until_outcome_lock,query,1320,16-2-mi-1train-00020
OpenBMI,3,16,2,withheld_until_outcome_lock,query,1327,16-2-mi-1train-00027
OpenBMI,3,16,2,withheld_until_outcome_lock,query,1328,16-2-mi-1train-00028
OpenBMI,3,16,2,withheld_until_outcome_lock,query,1332,16-2-mi-1train-00032
OpenBMI,3,16,2,withheld_until_outcome_lock,query,1333,16-2-mi-1train-00033
OpenBMI,3,16,2,withheld_until_outcome_lock,query,1334,16-2-mi-1train-00034
OpenBMI,3,16,2,withheld_until_outcome_lock,query,1335,16-2-mi-1train-00035
OpenBMI,3,16,2,withheld_until_outcome_lock,query,1340,16-2-mi-1train-00040
OpenBMI,3,16,2,withheld_until_outcome_lock,query,1351,16-2-mi-1train-00051
OpenBMI,3,16,2,withheld_until_outcome_lock,query,1352,16-2-mi-1train-00052
OpenBMI,3,16,2,withheld_until_outcome_lock,query,1354,16-2-mi-1train-00054
OpenBMI,3,16,2,withheld_until_outcome_lock,query,1358,16-2-mi-1train-00058
OpenBMI,3,16,2,withheld_until_outcome_lock,query,1359,16-2-mi-1train-00059
OpenBMI,3,16,2,withheld_until_outcome_lock,query,1361,16-2-mi-1train-00061
OpenBMI,3,16,2,withheld_until_outcome_lock,query,1362,16-2-mi-1train-00062
OpenBMI,3,16,2,withheld_until_outcome_lock,query,1364,16-2-mi-1train-00064
OpenBMI,3,16,2,withheld_until_outcome_lock,query,1366,16-2-mi-1train-00066
OpenBMI,3,16,2,withheld_until_outcome_lock,query,1369,16-2-mi-1train-00069
OpenBMI,3,16,2,withheld_until_outcome_lock,query,1373,16-2-mi-1train-00073
OpenBMI,3,16,2,withheld_until_outcome_lock,query,1375,16-2-mi-1train-00075
OpenBMI,3,16,2,withheld_until_outcome_lock,query,1376,16-2-mi-1train-00076
OpenBMI,3,16,2,withheld_until_outcome_lock,query,1380,16-2-mi-1train-00080
OpenBMI,3,16,2,withheld_until_outcome_lock,query,1381,16-2-mi-1train-00081
OpenBMI,3,16,2,withheld_until_outcome_lock,query,1382,16-2-mi-1train-00082
OpenBMI,3,16,2,withheld_until_outcome_lock,query,1390,16-2-mi-1train-00090
OpenBMI,3,16,2,withheld_until_outcome_lock,query,1392,16-2-mi-1train-00092
OpenBMI,3,16,2,withheld_until_outcome_lock,query,1395,16-2-mi-1train-00095
OpenBMI,3,16,2,withheld_until_outcome_lock,query,1396,16-2-mi-1train-00096
OpenBMI,3,16,2,withheld_until_outcome_lock,query,1398,16-2-mi-1train-00098
OpenBMI,3,16,2,withheld_until_outcome_lock,query,1399,16-2-mi-1train-00099
OpenBMI,3,22,2,withheld_until_outcome_lock,query,2100,22-2-mi-1train-00000
OpenBMI,3,22,2,withheld_until_outcome_lock,query,2103,22-2-mi-1train-00003
OpenBMI,3,22,2,withheld_until_outcome_lock,query,2105,22-2-mi-1train-00005
OpenBMI,3,22,2,withheld_until_outcome_lock,query,2113,22-2-mi-1train-00013
OpenBMI,3,22,2,withheld_until_outcome_lock,query,2119,22-2-mi-1train-00019
OpenBMI,3,22,2,withheld_until_outcome_lock,query,2121,22-2-mi-1train-00021
OpenBMI,3,22,2,withheld_until_outcome_lock,query,2125,22-2-mi-1train-00025
OpenBMI,3,22,2,withheld_until_outcome_lock,query,2127,22-2-mi-1train-00027
OpenBMI,3,22,2,withheld_until_outcome_lock,query,2129,22-2-mi-1train-00029
OpenBMI,3,22,2,withheld_until_outcome_lock,query,2130,22-2-mi-1train-00030
OpenBMI,3,22,2,withheld_until_outcome_lock,query,2134,22-2-mi-1train-00034
OpenBMI,3,22,2,withheld_until_outcome_lock,query,2139,22-2-mi-1train-00039
OpenBMI,3,22,2,withheld_until_outcome_lock,query,2142,22-2-mi-1train-00042
OpenBMI,3,22,2,withheld_until_outcome_lock,query,2144,22-2-mi-1train-00044
OpenBMI,3,22,2,withheld_until_outcome_lock,query,2145,22-2-mi-1train-00045
OpenBMI,3,22,2,withheld_until_outcome_lock,query,2148,22-2-mi-1train-00048
OpenBMI,3,22,2,withheld_until_outcome_lock,query,2149,22-2-mi-1train-00049
OpenBMI,3,22,2,withheld_until_outcome_lock,query,2150,22-2-mi-1train-00050
OpenBMI,3,22,2,withheld_until_outcome_lock,query,2152,22-2-mi-1train-00052
OpenBMI,3,22,2,withheld_until_outcome_lock,query,2153,22-2-mi-1train-00053
OpenBMI,3,22,2,withheld_until_outcome_lock,query,2160,22-2-mi-1train-00060
OpenBMI,3,22,2,withheld_until_outcome_lock,query,2161,22-2-mi-1train-00061
OpenBMI,3,22,2,withheld_until_outcome_lock,query,2163,22-2-mi-1train-00063
OpenBMI,3,22,2,withheld_until_outcome_lock,query,2164,22-2-mi-1train-00064
OpenBMI,3,22,2,withheld_until_outcome_lock,query,2165,22-2-mi-1train-00065
OpenBMI,3,22,2,withheld_until_outcome_lock,query,2167,22-2-mi-1train-00067
OpenBMI,3,22,2,withheld_until_outcome_lock,query,2168,22-2-mi-1train-00068
OpenBMI,3,22,2,withheld_until_outcome_lock,query,2170,22-2-mi-1train-00070
OpenBMI,3,22,2,withheld_until_outcome_lock,query,2178,22-2-mi-1train-00078
OpenBMI,3,22,2,withheld_until_outcome_lock,query,2181,22-2-mi-1train-00081
OpenBMI,3,22,2,withheld_until_outcome_lock,query,2182,22-2-mi-1train-00082
OpenBMI,3,22,2,withheld_until_outcome_lock,query,2183,22-2-mi-1train-00083
OpenBMI,3,22,2,withheld_until_outcome_lock,query,2184,22-2-mi-1train-00084
OpenBMI,3,22,2,withheld_until_outcome_lock,query,2185,22-2-mi-1train-00085
OpenBMI,3,22,2,withheld_until_outcome_lock,query,2188,22-2-mi-1train-00088
OpenBMI,3,22,2,withheld_until_outcome_lock,query,2197,22-2-mi-1train-00097
OpenBMI,3,23,2,withheld_until_outcome_lock,query,2301,23-2-mi-1train-00001
OpenBMI,3,23,2,withheld_until_outcome_lock,query,2303,23-2-mi-1train-00003
OpenBMI,3,23,2,withheld_until_outcome_lock,query,2305,23-2-mi-1train-00005
OpenBMI,3,23,2,withheld_until_outcome_lock,query,2309,23-2-mi-1train-00009
OpenBMI,3,23,2,withheld_until_outcome_lock,query,2310,23-2-mi-1train-00010
OpenBMI,3,23,2,withheld_until_outcome_lock,query,2315,23-2-mi-1train-00015
OpenBMI,3,23,2,withheld_until_outcome_lock,query,2316,23-2-mi-1train-00016
OpenBMI,3,23,2,withheld_until_outcome_lock,query,2318,23-2-mi-1train-00018
OpenBMI,3,23,2,withheld_until_outcome_lock,query,2323,23-2-mi-1train-00023
OpenBMI,3,23,2,withheld_until_outcome_lock,query,2324,23-2-mi-1train-00024
OpenBMI,3,23,2,withheld_until_outcome_lock,query,2325,23-2-mi-1train-00025
OpenBMI,3,23,2,withheld_until_outcome_lock,query,2327,23-2-mi-1train-00027
OpenBMI,3,23,2,withheld_until_outcome_lock,query,2328,23-2-mi-1train-00028
OpenBMI,3,23,2,withheld_until_outcome_lock,query,2331,23-2-mi-1train-00031
OpenBMI,3,23,2,withheld_until_outcome_lock,query,2334,23-2-mi-1train-00034
OpenBMI,3,23,2,withheld_until_outcome_lock,query,2336,23-2-mi-1train-00036
OpenBMI,3,23,2,withheld_until_outcome_lock,query,2338,23-2-mi-1train-00038
OpenBMI,3,23,2,withheld_until_outcome_lock,query,2340,23-2-mi-1train-00040
OpenBMI,3,23,2,withheld_until_outcome_lock,query,2343,23-2-mi-1train-00043
OpenBMI,3,23,2,withheld_until_outcome_lock,query,2344,23-2-mi-1train-00044
OpenBMI,3,23,2,withheld_until_outcome_lock,query,2345,23-2-mi-1train-00045
OpenBMI,3,23,2,withheld_until_outcome_lock,query,2346,23-2-mi-1train-00046
OpenBMI,3,23,2,withheld_until_outcome_lock,query,2348,23-2-mi-1train-00048
OpenBMI,3,23,2,withheld_until_outcome_lock,query,2352,23-2-mi-1train-00052
OpenBMI,3,23,2,withheld_until_outcome_lock,query,2363,23-2-mi-1train-00063
OpenBMI,3,23,2,withheld_until_outcome_lock,query,2364,23-2-mi-1train-00064
OpenBMI,3,23,2,withheld_until_outcome_lock,query,2365,23-2-mi-1train-00065
OpenBMI,3,23,2,withheld_until_outcome_lock,query,2373,23-2-mi-1train-00073
OpenBMI,3,23,2,withheld_until_outcome_lock,query,2375,23-2-mi-1train-00075
OpenBMI,3,23,2,withheld_until_outcome_lock,query,2379,23-2-mi-1train-00079
OpenBMI,3,23,2,withheld_until_outcome_lock,query,2382,23-2-mi-1train-00082
OpenBMI,3,23,2,withheld_until_outcome_lock,query,2384,23-2-mi-1train-00084
OpenBMI,3,23,2,withheld_until_outcome_lock,query,2386,23-2-mi-1train-00086
OpenBMI,3,23,2,withheld_until_outcome_lock,query,2387,23-2-mi-1train-00087
OpenBMI,3,23,2,withheld_until_outcome_lock,query,2391,23-2-mi-1train-00091
OpenBMI,3,23,2,withheld_until_outcome_lock,query,2397,23-2-mi-1train-00097
OpenBMI,3,31,2,withheld_until_outcome_lock,query,3502,31-2-mi-1train-00002
OpenBMI,3,31,2,withheld_until_outcome_lock,query,3503,31-2-mi-1train-00003
OpenBMI,3,31,2,withheld_until_outcome_lock,query,3504,31-2-mi-1train-00004
OpenBMI,3,31,2,withheld_until_outcome_lock,query,3508,31-2-mi-1train-00008
OpenBMI,3,31,2,withheld_until_outcome_lock,query,3512,31-2-mi-1train-00012
OpenBMI,3,31,2,withheld_until_outcome_lock,query,3514,31-2-mi-1train-00014
OpenBMI,3,31,2,withheld_until_outcome_lock,query,3515,31-2-mi-1train-00015
OpenBMI,3,31,2,withheld_until_outcome_lock,query,3520,31-2-mi-1train-00020
OpenBMI,3,31,2,withheld_until_outcome_lock,query,3521,31-2-mi-1train-00021
OpenBMI,3,31,2,withheld_until_outcome_lock,query,3524,31-2-mi-1train-00024
OpenBMI,3,31,2,withheld_until_outcome_lock,query,3525,31-2-mi-1train-00025
OpenBMI,3,31,2,withheld_until_outcome_lock,query,3528,31-2-mi-1train-00028
OpenBMI,3,31,2,withheld_until_outcome_lock,query,3530,31-2-mi-1train-00030
OpenBMI,3,31,2,withheld_until_outcome_lock,query,3531,31-2-mi-1train-00031
OpenBMI,3,31,2,withheld_until_outcome_lock,query,3532,31-2-mi-1train-00032
OpenBMI,3,31,2,withheld_until_outcome_lock,query,3533,31-2-mi-1train-00033
OpenBMI,3,31,2,withheld_until_outcome_lock,query,3534,31-2-mi-1train-00034
OpenBMI,3,31,2,withheld_until_outcome_lock,query,3537,31-2-mi-1train-00037
OpenBMI,3,31,2,withheld_until_outcome_lock,query,3541,31-2-mi-1train-00041
OpenBMI,3,31,2,withheld_until_outcome_lock,query,3547,31-2-mi-1train-00047
OpenBMI,3,31,2,withheld_until_outcome_lock,query,3552,31-2-mi-1train-00052
OpenBMI,3,31,2,withheld_until_outcome_lock,query,3556,31-2-mi-1train-00056
OpenBMI,3,31,2,withheld_until_outcome_lock,query,3559,31-2-mi-1train-00059
OpenBMI,3,31,2,withheld_until_outcome_lock,query,3560,31-2-mi-1train-00060
OpenBMI,3,31,2,withheld_until_outcome_lock,query,3565,31-2-mi-1train-00065
OpenBMI,3,31,2,withheld_until_outcome_lock,query,3568,31-2-mi-1train-00068
OpenBMI,3,31,2,withheld_until_outcome_lock,query,3570,31-2-mi-1train-00070
OpenBMI,3,31,2,withheld_until_outcome_lock,query,3571,31-2-mi-1train-00071
OpenBMI,3,31,2,withheld_until_outcome_lock,query,3580,31-2-mi-1train-00080
OpenBMI,3,31,2,withheld_until_outcome_lock,query,3581,31-2-mi-1train-00081
OpenBMI,3,31,2,withheld_until_outcome_lock,query,3586,31-2-mi-1train-00086
OpenBMI,3,31,2,withheld_until_outcome_lock,query,3590,31-2-mi-1train-00090
OpenBMI,3,31,2,withheld_until_outcome_lock,query,3591,31-2-mi-1train-00091
OpenBMI,3,31,2,withheld_until_outcome_lock,query,3596,31-2-mi-1train-00096
OpenBMI,3,31,2,withheld_until_outcome_lock,query,3598,31-2-mi-1train-00098
OpenBMI,3,31,2,withheld_until_outcome_lock,query,3599,31-2-mi-1train-00099
OpenBMI,3,35,2,withheld_until_outcome_lock,query,4301,35-2-mi-1train-00001
OpenBMI,3,35,2,withheld_until_outcome_lock,query,4302,35-2-mi-1train-00002
OpenBMI,3,35,2,withheld_until_outcome_lock,query,4304,35-2-mi-1train-00004
OpenBMI,3,35,2,withheld_until_outcome_lock,query,4307,35-2-mi-1train-00007
OpenBMI,3,35,2,withheld_until_outcome_lock,query,4309,35-2-mi-1train-00009
OpenBMI,3,35,2,withheld_until_outcome_lock,query,4310,35-2-mi-1train-00010
OpenBMI,3,35,2,withheld_until_outcome_lock,query,4311,35-2-mi-1train-00011
OpenBMI,3,35,2,withheld_until_outcome_lock,query,4313,35-2-mi-1train-00013
OpenBMI,3,35,2,withheld_until_outcome_lock,query,4319,35-2-mi-1train-00019
OpenBMI,3,35,2,withheld_until_outcome_lock,query,4320,35-2-mi-1train-00020
OpenBMI,3,35,2,withheld_until_outcome_lock,query,4323,35-2-mi-1train-00023
OpenBMI,3,35,2,withheld_until_outcome_lock,query,4324,35-2-mi-1train-00024
OpenBMI,3,35,2,withheld_until_outcome_lock,query,4327,35-2-mi-1train-00027
OpenBMI,3,35,2,withheld_until_outcome_lock,query,4328,35-2-mi-1train-00028
OpenBMI,3,35,2,withheld_until_outcome_lock,query,4330,35-2-mi-1train-00030
OpenBMI,3,35,2,withheld_until_outcome_lock,query,4333,35-2-mi-1train-00033
OpenBMI,3,35,2,withheld_until_outcome_lock,query,4334,35-2-mi-1train-00034
OpenBMI,3,35,2,withheld_until_outcome_lock,query,4339,35-2-mi-1train-00039
OpenBMI,3,35,2,withheld_until_outcome_lock,query,4347,35-2-mi-1train-00047
OpenBMI,3,35,2,withheld_until_outcome_lock,query,4350,35-2-mi-1train-00050
OpenBMI,3,35,2,withheld_until_outcome_lock,query,4352,35-2-mi-1train-00052
OpenBMI,3,35,2,withheld_until_outcome_lock,query,4359,35-2-mi-1train-00059
OpenBMI,3,35,2,withheld_until_outcome_lock,query,4362,35-2-mi-1train-00062
OpenBMI,3,35,2,withheld_until_outcome_lock,query,4363,35-2-mi-1train-00063
OpenBMI,3,35,2,withheld_until_outcome_lock,query,4366,35-2-mi-1train-00066
OpenBMI,3,35,2,withheld_until_outcome_lock,query,4368,35-2-mi-1train-00068
OpenBMI,3,35,2,withheld_until_outcome_lock,query,4370,35-2-mi-1train-00070
OpenBMI,3,35,2,withheld_until_outcome_lock,query,4373,35-2-mi-1train-00073
OpenBMI,3,35,2,withheld_until_outcome_lock,query,4374,35-2-mi-1train-00074
OpenBMI,3,35,2,withheld_until_outcome_lock,query,4377,35-2-mi-1train-00077
OpenBMI,3,35,2,withheld_until_outcome_lock,query,4382,35-2-mi-1train-00082
OpenBMI,3,35,2,withheld_until_outcome_lock,query,4383,35-2-mi-1train-00083
OpenBMI,3,35,2,withheld_until_outcome_lock,query,4384,35-2-mi-1train-00084
OpenBMI,3,35,2,withheld_until_outcome_lock,query,4388,35-2-mi-1train-00088
OpenBMI,3,35,2,withheld_until_outcome_lock,query,4395,35-2-mi-1train-00095
OpenBMI,3,35,2,withheld_until_outcome_lock,query,4396,35-2-mi-1train-00096
OpenBMI,3,36,2,withheld_until_outcome_lock,query,4505,36-2-mi-1train-00005
OpenBMI,3,36,2,withheld_until_outcome_lock,query,4509,36-2-mi-1train-00009
OpenBMI,3,36,2,withheld_until_outcome_lock,query,4512,36-2-mi-1train-00012
OpenBMI,3,36,2,withheld_until_outcome_lock,query,4515,36-2-mi-1train-00015
OpenBMI,3,36,2,withheld_until_outcome_lock,query,4517,36-2-mi-1train-00017
OpenBMI,3,36,2,withheld_until_outcome_lock,query,4520,36-2-mi-1train-00020
OpenBMI,3,36,2,withheld_until_outcome_lock,query,4521,36-2-mi-1train-00021
OpenBMI,3,36,2,withheld_until_outcome_lock,query,4522,36-2-mi-1train-00022
OpenBMI,3,36,2,withheld_until_outcome_lock,query,4526,36-2-mi-1train-00026
OpenBMI,3,36,2,withheld_until_outcome_lock,query,4529,36-2-mi-1train-00029
OpenBMI,3,36,2,withheld_until_outcome_lock,query,4530,36-2-mi-1train-00030
OpenBMI,3,36,2,withheld_until_outcome_lock,query,4534,36-2-mi-1train-00034
OpenBMI,3,36,2,withheld_until_outcome_lock,query,4537,36-2-mi-1train-00037
OpenBMI,3,36,2,withheld_until_outcome_lock,query,4540,36-2-mi-1train-00040
OpenBMI,3,36,2,withheld_until_outcome_lock,query,4543,36-2-mi-1train-00043
OpenBMI,3,36,2,withheld_until_outcome_lock,query,4544,36-2-mi-1train-00044
OpenBMI,3,36,2,withheld_until_outcome_lock,query,4545,36-2-mi-1train-00045
OpenBMI,3,36,2,withheld_until_outcome_lock,query,4547,36-2-mi-1train-00047
OpenBMI,3,36,2,withheld_until_outcome_lock,query,4554,36-2-mi-1train-00054
OpenBMI,3,36,2,withheld_until_outcome_lock,query,4556,36-2-mi-1train-00056
OpenBMI,3,36,2,withheld_until_outcome_lock,query,4559,36-2-mi-1train-00059
OpenBMI,3,36,2,withheld_until_outcome_lock,query,4561,36-2-mi-1train-00061
OpenBMI,3,36,2,withheld_until_outcome_lock,query,4564,36-2-mi-1train-00064
OpenBMI,3,36,2,withheld_until_outcome_lock,query,4565,36-2-mi-1train-00065
OpenBMI,3,36,2,withheld_until_outcome_lock,query,4567,36-2-mi-1train-00067
OpenBMI,3,36,2,withheld_until_outcome_lock,query,4568,36-2-mi-1train-00068
OpenBMI,3,36,2,withheld_until_outcome_lock,query,4570,36-2-mi-1train-00070
OpenBMI,3,36,2,withheld_until_outcome_lock,query,4574,36-2-mi-1train-00074
OpenBMI,3,36,2,withheld_until_outcome_lock,query,4579,36-2-mi-1train-00079
OpenBMI,3,36,2,withheld_until_outcome_lock,query,4580,36-2-mi-1train-00080
OpenBMI,3,36,2,withheld_until_outcome_lock,query,4587,36-2-mi-1train-00087
OpenBMI,3,36,2,withheld_until_outcome_lock,query,4590,36-2-mi-1train-00090
OpenBMI,3,36,2,withheld_until_outcome_lock,query,4591,36-2-mi-1train-00091
OpenBMI,3,36,2,withheld_until_outcome_lock,query,4595,36-2-mi-1train-00095
OpenBMI,3,36,2,withheld_until_outcome_lock,query,4597,36-2-mi-1train-00097
OpenBMI,3,36,2,withheld_until_outcome_lock,query,4599,36-2-mi-1train-00099
OpenBMI,3,43,2,withheld_until_outcome_lock,query,5703,43-2-mi-1train-00003
OpenBMI,3,43,2,withheld_until_outcome_lock,query,5706,43-2-mi-1train-00006
OpenBMI,3,43,2,withheld_until_outcome_lock,query,5707,43-2-mi-1train-00007
OpenBMI,3,43,2,withheld_until_outcome_lock,query,5710,43-2-mi-1train-00010
OpenBMI,3,43,2,withheld_until_outcome_lock,query,5712,43-2-mi-1train-00012
OpenBMI,3,43,2,withheld_until_outcome_lock,query,5713,43-2-mi-1train-00013
OpenBMI,3,43,2,withheld_until_outcome_lock,query,5718,43-2-mi-1train-00018
OpenBMI,3,43,2,withheld_until_outcome_lock,query,5719,43-2-mi-1train-00019
OpenBMI,3,43,2,withheld_until_outcome_lock,query,5721,43-2-mi-1train-00021
OpenBMI,3,43,2,withheld_until_outcome_lock,query,5727,43-2-mi-1train-00027
OpenBMI,3,43,2,withheld_until_outcome_lock,query,5729,43-2-mi-1train-00029
OpenBMI,3,43,2,withheld_until_outcome_lock,query,5730,43-2-mi-1train-00030
OpenBMI,3,43,2,withheld_until_outcome_lock,query,5731,43-2-mi-1train-00031
OpenBMI,3,43,2,withheld_until_outcome_lock,query,5733,43-2-mi-1train-00033
OpenBMI,3,43,2,withheld_until_outcome_lock,query,5734,43-2-mi-1train-00034
OpenBMI,3,43,2,withheld_until_outcome_lock,query,5736,43-2-mi-1train-00036
OpenBMI,3,43,2,withheld_until_outcome_lock,query,5738,43-2-mi-1train-00038
OpenBMI,3,43,2,withheld_until_outcome_lock,query,5746,43-2-mi-1train-00046
OpenBMI,3,43,2,withheld_until_outcome_lock,query,5749,43-2-mi-1train-00049
OpenBMI,3,43,2,withheld_until_outcome_lock,query,5756,43-2-mi-1train-00056
OpenBMI,3,43,2,withheld_until_outcome_lock,query,5761,43-2-mi-1train-00061
OpenBMI,3,43,2,withheld_until_outcome_lock,query,5763,43-2-mi-1train-00063
OpenBMI,3,43,2,withheld_until_outcome_lock,query,5764,43-2-mi-1train-00064
OpenBMI,3,43,2,withheld_until_outcome_lock,query,5767,43-2-mi-1train-00067
OpenBMI,3,43,2,withheld_until_outcome_lock,query,5768,43-2-mi-1train-00068
OpenBMI,3,43,2,withheld_until_outcome_lock,query,5770,43-2-mi-1train-00070
OpenBMI,3,43,2,withheld_until_outcome_lock,query,5771,43-2-mi-1train-00071
OpenBMI,3,43,2,withheld_until_outcome_lock,query,5772,43-2-mi-1train-00072
OpenBMI,3,43,2,withheld_until_outcome_lock,query,5776,43-2-mi-1train-00076
OpenBMI,3,43,2,withheld_until_outcome_lock,query,5777,43-2-mi-1train-00077
OpenBMI,3,43,2,withheld_until_outcome_lock,query,5780,43-2-mi-1train-00080
OpenBMI,3,43,2,withheld_until_outcome_lock,query,5785,43-2-mi-1train-00085
OpenBMI,3,43,2,withheld_until_outcome_lock,query,5786,43-2-mi-1train-00086
OpenBMI,3,43,2,withheld_until_outcome_lock,query,5788,43-2-mi-1train-00088
OpenBMI,3,43,2,withheld_until_outcome_lock,query,5789,43-2-mi-1train-00089
OpenBMI,3,43,2,withheld_until_outcome_lock,query,5790,43-2-mi-1train-00090
OpenBMI,3,51,2,withheld_until_outcome_lock,query,7301,51-2-mi-1train-00001
OpenBMI,3,51,2,withheld_until_outcome_lock,query,7302,51-2-mi-1train-00002
OpenBMI,3,51,2,withheld_until_outcome_lock,query,7303,51-2-mi-1train-00003
OpenBMI,3,51,2,withheld_until_outcome_lock,query,7308,51-2-mi-1train-00008
OpenBMI,3,51,2,withheld_until_outcome_lock,query,7310,51-2-mi-1train-00010
OpenBMI,3,51,2,withheld_until_outcome_lock,query,7312,51-2-mi-1train-00012
OpenBMI,3,51,2,withheld_until_outcome_lock,query,7315,51-2-mi-1train-00015
OpenBMI,3,51,2,withheld_until_outcome_lock,query,7319,51-2-mi-1train-00019
OpenBMI,3,51,2,withheld_until_outcome_lock,query,7321,51-2-mi-1train-00021
OpenBMI,3,51,2,withheld_until_outcome_lock,query,7322,51-2-mi-1train-00022
OpenBMI,3,51,2,withheld_until_outcome_lock,query,7323,51-2-mi-1train-00023
OpenBMI,3,51,2,withheld_until_outcome_lock,query,7326,51-2-mi-1train-00026
OpenBMI,3,51,2,withheld_until_outcome_lock,query,7328,51-2-mi-1train-00028
OpenBMI,3,51,2,withheld_until_outcome_lock,query,7332,51-2-mi-1train-00032
OpenBMI,3,51,2,withheld_until_outcome_lock,query,7337,51-2-mi-1train-00037
OpenBMI,3,51,2,withheld_until_outcome_lock,query,7339,51-2-mi-1train-00039
OpenBMI,3,51,2,withheld_until_outcome_lock,query,7342,51-2-mi-1train-00042
OpenBMI,3,51,2,withheld_until_outcome_lock,query,7345,51-2-mi-1train-00045
OpenBMI,3,51,2,withheld_until_outcome_lock,query,7351,51-2-mi-1train-00051
OpenBMI,3,51,2,withheld_until_outcome_lock,query,7353,51-2-mi-1train-00053
OpenBMI,3,51,2,withheld_until_outcome_lock,query,7354,51-2-mi-1train-00054
OpenBMI,3,51,2,withheld_until_outcome_lock,query,7355,51-2-mi-1train-00055
OpenBMI,3,51,2,withheld_until_outcome_lock,query,7357,51-2-mi-1train-00057
OpenBMI,3,51,2,withheld_until_outcome_lock,query,7365,51-2-mi-1train-00065
OpenBMI,3,51,2,withheld_until_outcome_lock,query,7367,51-2-mi-1train-00067
OpenBMI,3,51,2,withheld_until_outcome_lock,query,7373,51-2-mi-1train-00073
OpenBMI,3,51,2,withheld_until_outcome_lock,query,7376,51-2-mi-1train-00076
OpenBMI,3,51,2,withheld_until_outcome_lock,query,7378,51-2-mi-1train-00078
OpenBMI,3,51,2,withheld_until_outcome_lock,query,7379,51-2-mi-1train-00079
OpenBMI,3,51,2,withheld_until_outcome_lock,query,7382,51-2-mi-1train-00082
OpenBMI,3,51,2,withheld_until_outcome_lock,query,7384,51-2-mi-1train-00084
OpenBMI,3,51,2,withheld_until_outcome_lock,query,7386,51-2-mi-1train-00086
OpenBMI,3,51,2,withheld_until_outcome_lock,query,7388,51-2-mi-1train-00088
OpenBMI,3,51,2,withheld_until_outcome_lock,query,7389,51-2-mi-1train-00089
OpenBMI,3,51,2,withheld_until_outcome_lock,query,7397,51-2-mi-1train-00097
OpenBMI,3,51,2,withheld_until_outcome_lock,query,7398,51-2-mi-1train-00098
OpenBMI,3,52,2,withheld_until_outcome_lock,query,7503,52-2-mi-1train-00003
OpenBMI,3,52,2,withheld_until_outcome_lock,query,7504,52-2-mi-1train-00004
OpenBMI,3,52,2,withheld_until_outcome_lock,query,7505,52-2-mi-1train-00005
OpenBMI,3,52,2,withheld_until_outcome_lock,query,7508,52-2-mi-1train-00008
OpenBMI,3,52,2,withheld_until_outcome_lock,query,7510,52-2-mi-1train-00010
OpenBMI,3,52,2,withheld_until_outcome_lock,query,7513,52-2-mi-1train-00013
OpenBMI,3,52,2,withheld_until_outcome_lock,query,7519,52-2-mi-1train-00019
OpenBMI,3,52,2,withheld_until_outcome_lock,query,7525,52-2-mi-1train-00025
OpenBMI,3,52,2,withheld_until_outcome_lock,query,7535,52-2-mi-1train-00035
OpenBMI,3,52,2,withheld_until_outcome_lock,query,7541,52-2-mi-1train-00041
OpenBMI,3,52,2,withheld_until_outcome_lock,query,7543,52-2-mi-1train-00043
OpenBMI,3,52,2,withheld_until_outcome_lock,query,7544,52-2-mi-1train-00044
OpenBMI,3,52,2,withheld_until_outcome_lock,query,7545,52-2-mi-1train-00045
OpenBMI,3,52,2,withheld_until_outcome_lock,query,7547,52-2-mi-1train-00047
OpenBMI,3,52,2,withheld_until_outcome_lock,query,7549,52-2-mi-1train-00049
OpenBMI,3,52,2,withheld_until_outcome_lock,query,7554,52-2-mi-1train-00054
OpenBMI,3,52,2,withheld_until_outcome_lock,query,7557,52-2-mi-1train-00057
OpenBMI,3,52,2,withheld_until_outcome_lock,query,7561,52-2-mi-1train-00061
OpenBMI,3,52,2,withheld_until_outcome_lock,query,7562,52-2-mi-1train-00062
OpenBMI,3,52,2,withheld_until_outcome_lock,query,7564,52-2-mi-1train-00064
OpenBMI,3,52,2,withheld_until_outcome_lock,query,7566,52-2-mi-1train-00066
OpenBMI,3,52,2,withheld_until_outcome_lock,query,7567,52-2-mi-1train-00067
OpenBMI,3,52,2,withheld_until_outcome_lock,query,7569,52-2-mi-1train-00069
OpenBMI,3,52,2,withheld_until_outcome_lock,query,7570,52-2-mi-1train-00070
OpenBMI,3,52,2,withheld_until_outcome_lock,query,7572,52-2-mi-1train-00072
OpenBMI,3,52,2,withheld_until_outcome_lock,query,7573,52-2-mi-1train-00073
OpenBMI,3,52,2,withheld_until_outcome_lock,query,7575,52-2-mi-1train-00075
OpenBMI,3,52,2,withheld_until_outcome_lock,query,7578,52-2-mi-1train-00078
OpenBMI,3,52,2,withheld_until_outcome_lock,query,7581,52-2-mi-1train-00081
OpenBMI,3,52,2,withheld_until_outcome_lock,query,7582,52-2-mi-1train-00082
OpenBMI,3,52,2,withheld_until_outcome_lock,query,7584,52-2-mi-1train-00084
OpenBMI,3,52,2,withheld_until_outcome_lock,query,7587,52-2-mi-1train-00087
OpenBMI,3,52,2,withheld_until_outcome_lock,query,7591,52-2-mi-1train-00091
OpenBMI,3,52,2,withheld_until_outcome_lock,query,7594,52-2-mi-1train-00094
OpenBMI,3,52,2,withheld_until_outcome_lock,query,7595,52-2-mi-1train-00095
OpenBMI,3,52,2,withheld_until_outcome_lock,query,7598,52-2-mi-1train-00098
OpenBMI,4,24,2,withheld_until_outcome_lock,query,2706,24-2-mi-1train-00006
OpenBMI,4,24,2,withheld_until_outcome_lock,query,2710,24-2-mi-1train-00010
OpenBMI,4,24,2,withheld_until_outcome_lock,query,2711,24-2-mi-1train-00011
OpenBMI,4,24,2,withheld_until_outcome_lock,query,2714,24-2-mi-1train-00014
OpenBMI,4,24,2,withheld_until_outcome_lock,query,2720,24-2-mi-1train-00020
OpenBMI,4,24,2,withheld_until_outcome_lock,query,2728,24-2-mi-1train-00028
OpenBMI,4,24,2,withheld_until_outcome_lock,query,2729,24-2-mi-1train-00029
OpenBMI,4,24,2,withheld_until_outcome_lock,query,2732,24-2-mi-1train-00032
OpenBMI,4,24,2,withheld_until_outcome_lock,query,2733,24-2-mi-1train-00033
OpenBMI,4,24,2,withheld_until_outcome_lock,query,2734,24-2-mi-1train-00034
OpenBMI,4,24,2,withheld_until_outcome_lock,query,2735,24-2-mi-1train-00035
OpenBMI,4,24,2,withheld_until_outcome_lock,query,2736,24-2-mi-1train-00036
OpenBMI,4,24,2,withheld_until_outcome_lock,query,2741,24-2-mi-1train-00041
OpenBMI,4,24,2,withheld_until_outcome_lock,query,2743,24-2-mi-1train-00043
OpenBMI,4,24,2,withheld_until_outcome_lock,query,2744,24-2-mi-1train-00044
OpenBMI,4,24,2,withheld_until_outcome_lock,query,2746,24-2-mi-1train-00046
OpenBMI,4,24,2,withheld_until_outcome_lock,query,2749,24-2-mi-1train-00049
OpenBMI,4,24,2,withheld_until_outcome_lock,query,2754,24-2-mi-1train-00054
OpenBMI,4,24,2,withheld_until_outcome_lock,query,2761,24-2-mi-1train-00061
OpenBMI,4,24,2,withheld_until_outcome_lock,query,2767,24-2-mi-1train-00067
OpenBMI,4,24,2,withheld_until_outcome_lock,query,2770,24-2-mi-1train-00070
OpenBMI,4,24,2,withheld_until_outcome_lock,query,2775,24-2-mi-1train-00075
OpenBMI,4,24,2,withheld_until_outcome_lock,query,2778,24-2-mi-1train-00078
OpenBMI,4,24,2,withheld_until_outcome_lock,query,2780,24-2-mi-1train-00080
OpenBMI,4,24,2,withheld_until_outcome_lock,query,2781,24-2-mi-1train-00081
OpenBMI,4,24,2,withheld_until_outcome_lock,query,2782,24-2-mi-1train-00082
OpenBMI,4,24,2,withheld_until_outcome_lock,query,2783,24-2-mi-1train-00083
OpenBMI,4,24,2,withheld_until_outcome_lock,query,2786,24-2-mi-1train-00086
OpenBMI,4,24,2,withheld_until_outcome_lock,query,2787,24-2-mi-1train-00087
OpenBMI,4,24,2,withheld_until_outcome_lock,query,2788,24-2-mi-1train-00088
OpenBMI,4,24,2,withheld_until_outcome_lock,query,2789,24-2-mi-1train-00089
OpenBMI,4,24,2,withheld_until_outcome_lock,query,2790,24-2-mi-1train-00090
OpenBMI,4,24,2,withheld_until_outcome_lock,query,2792,24-2-mi-1train-00092
OpenBMI,4,24,2,withheld_until_outcome_lock,query,2794,24-2-mi-1train-00094
OpenBMI,4,24,2,withheld_until_outcome_lock,query,2796,24-2-mi-1train-00096
OpenBMI,4,24,2,withheld_until_outcome_lock,query,2797,24-2-mi-1train-00097
OpenBMI,4,28,2,withheld_until_outcome_lock,query,3506,28-2-mi-1train-00006
OpenBMI,4,28,2,withheld_until_outcome_lock,query,3511,28-2-mi-1train-00011
OpenBMI,4,28,2,withheld_until_outcome_lock,query,3512,28-2-mi-1train-00012
OpenBMI,4,28,2,withheld_until_outcome_lock,query,3513,28-2-mi-1train-00013
OpenBMI,4,28,2,withheld_until_outcome_lock,query,3514,28-2-mi-1train-00014
OpenBMI,4,28,2,withheld_until_outcome_lock,query,3515,28-2-mi-1train-00015
OpenBMI,4,28,2,withheld_until_outcome_lock,query,3517,28-2-mi-1train-00017
OpenBMI,4,28,2,withheld_until_outcome_lock,query,3522,28-2-mi-1train-00022
OpenBMI,4,28,2,withheld_until_outcome_lock,query,3530,28-2-mi-1train-00030
OpenBMI,4,28,2,withheld_until_outcome_lock,query,3531,28-2-mi-1train-00031
OpenBMI,4,28,2,withheld_until_outcome_lock,query,3532,28-2-mi-1train-00032
OpenBMI,4,28,2,withheld_until_outcome_lock,query,3538,28-2-mi-1train-00038
OpenBMI,4,28,2,withheld_until_outcome_lock,query,3543,28-2-mi-1train-00043
OpenBMI,4,28,2,withheld_until_outcome_lock,query,3557,28-2-mi-1train-00057
OpenBMI,4,28,2,withheld_until_outcome_lock,query,3558,28-2-mi-1train-00058
OpenBMI,4,28,2,withheld_until_outcome_lock,query,3560,28-2-mi-1train-00060
OpenBMI,4,28,2,withheld_until_outcome_lock,query,3562,28-2-mi-1train-00062
OpenBMI,4,28,2,withheld_until_outcome_lock,query,3564,28-2-mi-1train-00064
OpenBMI,4,28,2,withheld_until_outcome_lock,query,3565,28-2-mi-1train-00065
OpenBMI,4,28,2,withheld_until_outcome_lock,query,3567,28-2-mi-1train-00067
OpenBMI,4,28,2,withheld_until_outcome_lock,query,3570,28-2-mi-1train-00070
OpenBMI,4,28,2,withheld_until_outcome_lock,query,3571,28-2-mi-1train-00071
OpenBMI,4,28,2,withheld_until_outcome_lock,query,3572,28-2-mi-1train-00072
OpenBMI,4,28,2,withheld_until_outcome_lock,query,3578,28-2-mi-1train-00078
OpenBMI,4,28,2,withheld_until_outcome_lock,query,3579,28-2-mi-1train-00079
OpenBMI,4,28,2,withheld_until_outcome_lock,query,3581,28-2-mi-1train-00081
OpenBMI,4,28,2,withheld_until_outcome_lock,query,3586,28-2-mi-1train-00086
OpenBMI,4,28,2,withheld_until_outcome_lock,query,3589,28-2-mi-1train-00089
OpenBMI,4,28,2,withheld_until_outcome_lock,query,3590,28-2-mi-1train-00090
OpenBMI,4,28,2,withheld_until_outcome_lock,query,3593,28-2-mi-1train-00093
OpenBMI,4,28,2,withheld_until_outcome_lock,query,3594,28-2-mi-1train-00094
OpenBMI,4,28,2,withheld_until_outcome_lock,query,3595,28-2-mi-1train-00095
OpenBMI,4,28,2,withheld_until_outcome_lock,query,3596,28-2-mi-1train-00096
OpenBMI,4,28,2,withheld_until_outcome_lock,query,3597,28-2-mi-1train-00097
OpenBMI,4,28,2,withheld_until_outcome_lock,query,3598,28-2-mi-1train-00098
OpenBMI,4,28,2,withheld_until_outcome_lock,query,3599,28-2-mi-1train-00099
OpenBMI,4,32,2,withheld_until_outcome_lock,query,3905,32-2-mi-1train-00005
OpenBMI,4,32,2,withheld_until_outcome_lock,query,3917,32-2-mi-1train-00017
OpenBMI,4,32,2,withheld_until_outcome_lock,query,3921,32-2-mi-1train-00021
OpenBMI,4,32,2,withheld_until_outcome_lock,query,3923,32-2-mi-1train-00023
OpenBMI,4,32,2,withheld_until_outcome_lock,query,3924,32-2-mi-1train-00024
OpenBMI,4,32,2,withheld_until_outcome_lock,query,3926,32-2-mi-1train-00026
OpenBMI,4,32,2,withheld_until_outcome_lock,query,3927,32-2-mi-1train-00027
OpenBMI,4,32,2,withheld_until_outcome_lock,query,3928,32-2-mi-1train-00028
OpenBMI,4,32,2,withheld_until_outcome_lock,query,3937,32-2-mi-1train-00037
OpenBMI,4,32,2,withheld_until_outcome_lock,query,3938,32-2-mi-1train-00038
OpenBMI,4,32,2,withheld_until_outcome_lock,query,3939,32-2-mi-1train-00039
OpenBMI,4,32,2,withheld_until_outcome_lock,query,3941,32-2-mi-1train-00041
OpenBMI,4,32,2,withheld_until_outcome_lock,query,3943,32-2-mi-1train-00043
OpenBMI,4,32,2,withheld_until_outcome_lock,query,3944,32-2-mi-1train-00044
OpenBMI,4,32,2,withheld_until_outcome_lock,query,3948,32-2-mi-1train-00048
OpenBMI,4,32,2,withheld_until_outcome_lock,query,3952,32-2-mi-1train-00052
OpenBMI,4,32,2,withheld_until_outcome_lock,query,3955,32-2-mi-1train-00055
OpenBMI,4,32,2,withheld_until_outcome_lock,query,3959,32-2-mi-1train-00059
OpenBMI,4,32,2,withheld_until_outcome_lock,query,3964,32-2-mi-1train-00064
OpenBMI,4,32,2,withheld_until_outcome_lock,query,3967,32-2-mi-1train-00067
OpenBMI,4,32,2,withheld_until_outcome_lock,query,3970,32-2-mi-1train-00070
OpenBMI,4,32,2,withheld_until_outcome_lock,query,3971,32-2-mi-1train-00071
OpenBMI,4,32,2,withheld_until_outcome_lock,query,3972,32-2-mi-1train-00072
OpenBMI,4,32,2,withheld_until_outcome_lock,query,3973,32-2-mi-1train-00073
OpenBMI,4,32,2,withheld_until_outcome_lock,query,3974,32-2-mi-1train-00074
OpenBMI,4,32,2,withheld_until_outcome_lock,query,3975,32-2-mi-1train-00075
OpenBMI,4,32,2,withheld_until_outcome_lock,query,3976,32-2-mi-1train-00076
OpenBMI,4,32,2,withheld_until_outcome_lock,query,3980,32-2-mi-1train-00080
OpenBMI,4,32,2,withheld_until_outcome_lock,query,3983,32-2-mi-1train-00083
OpenBMI,4,32,2,withheld_until_outcome_lock,query,3984,32-2-mi-1train-00084
OpenBMI,4,32,2,withheld_until_outcome_lock,query,3985,32-2-mi-1train-00085
OpenBMI,4,32,2,withheld_until_outcome_lock,query,3986,32-2-mi-1train-00086
OpenBMI,4,32,2,withheld_until_outcome_lock,query,3989,32-2-mi-1train-00089
OpenBMI,4,32,2,withheld_until_outcome_lock,query,3991,32-2-mi-1train-00091
OpenBMI,4,32,2,withheld_until_outcome_lock,query,3992,32-2-mi-1train-00092
OpenBMI,4,32,2,withheld_until_outcome_lock,query,3993,32-2-mi-1train-00093
OpenBMI,4,40,2,withheld_until_outcome_lock,query,5301,40-2-mi-1train-00001
OpenBMI,4,40,2,withheld_until_outcome_lock,query,5306,40-2-mi-1train-00006
OpenBMI,4,40,2,withheld_until_outcome_lock,query,5308,40-2-mi-1train-00008
OpenBMI,4,40,2,withheld_until_outcome_lock,query,5310,40-2-mi-1train-00010
OpenBMI,4,40,2,withheld_until_outcome_lock,query,5311,40-2-mi-1train-00011
OpenBMI,4,40,2,withheld_until_outcome_lock,query,5313,40-2-mi-1train-00013
OpenBMI,4,40,2,withheld_until_outcome_lock,query,5318,40-2-mi-1train-00018
OpenBMI,4,40,2,withheld_until_outcome_lock,query,5322,40-2-mi-1train-00022
OpenBMI,4,40,2,withheld_until_outcome_lock,query,5324,40-2-mi-1train-00024
OpenBMI,4,40,2,withheld_until_outcome_lock,query,5328,40-2-mi-1train-00028
OpenBMI,4,40,2,withheld_until_outcome_lock,query,5330,40-2-mi-1train-00030
OpenBMI,4,40,2,withheld_until_outcome_lock,query,5333,40-2-mi-1train-00033
OpenBMI,4,40,2,withheld_until_outcome_lock,query,5334,40-2-mi-1train-00034
OpenBMI,4,40,2,withheld_until_outcome_lock,query,5339,40-2-mi-1train-00039
OpenBMI,4,40,2,withheld_until_outcome_lock,query,5341,40-2-mi-1train-00041
OpenBMI,4,40,2,withheld_until_outcome_lock,query,5343,40-2-mi-1train-00043
OpenBMI,4,40,2,withheld_until_outcome_lock,query,5345,40-2-mi-1train-00045
OpenBMI,4,40,2,withheld_until_outcome_lock,query,5346,40-2-mi-1train-00046
OpenBMI,4,40,2,withheld_until_outcome_lock,query,5347,40-2-mi-1train-00047
OpenBMI,4,40,2,withheld_until_outcome_lock,query,5358,40-2-mi-1train-00058
OpenBMI,4,40,2,withheld_until_outcome_lock,query,5361,40-2-mi-1train-00061
OpenBMI,4,40,2,withheld_until_outcome_lock,query,5366,40-2-mi-1train-00066
OpenBMI,4,40,2,withheld_until_outcome_lock,query,5370,40-2-mi-1train-00070
OpenBMI,4,40,2,withheld_until_outcome_lock,query,5373,40-2-mi-1train-00073
OpenBMI,4,40,2,withheld_until_outcome_lock,query,5375,40-2-mi-1train-00075
OpenBMI,4,40,2,withheld_until_outcome_lock,query,5377,40-2-mi-1train-00077
OpenBMI,4,40,2,withheld_until_outcome_lock,query,5378,40-2-mi-1train-00078
OpenBMI,4,40,2,withheld_until_outcome_lock,query,5381,40-2-mi-1train-00081
OpenBMI,4,40,2,withheld_until_outcome_lock,query,5382,40-2-mi-1train-00082
OpenBMI,4,40,2,withheld_until_outcome_lock,query,5384,40-2-mi-1train-00084
OpenBMI,4,40,2,withheld_until_outcome_lock,query,5387,40-2-mi-1train-00087
OpenBMI,4,40,2,withheld_until_outcome_lock,query,5389,40-2-mi-1train-00089
OpenBMI,4,40,2,withheld_until_outcome_lock,query,5391,40-2-mi-1train-00091
OpenBMI,4,40,2,withheld_until_outcome_lock,query,5394,40-2-mi-1train-00094
OpenBMI,4,40,2,withheld_until_outcome_lock,query,5396,40-2-mi-1train-00096
OpenBMI,4,40,2,withheld_until_outcome_lock,query,5398,40-2-mi-1train-00098
OpenBMI,4,41,2,withheld_until_outcome_lock,query,5502,41-2-mi-1train-00002
OpenBMI,4,41,2,withheld_until_outcome_lock,query,5504,41-2-mi-1train-00004
OpenBMI,4,41,2,withheld_until_outcome_lock,query,5507,41-2-mi-1train-00007
OpenBMI,4,41,2,withheld_until_outcome_lock,query,5512,41-2-mi-1train-00012
OpenBMI,4,41,2,withheld_until_outcome_lock,query,5513,41-2-mi-1train-00013
OpenBMI,4,41,2,withheld_until_outcome_lock,query,5514,41-2-mi-1train-00014
OpenBMI,4,41,2,withheld_until_outcome_lock,query,5516,41-2-mi-1train-00016
OpenBMI,4,41,2,withheld_until_outcome_lock,query,5517,41-2-mi-1train-00017
OpenBMI,4,41,2,withheld_until_outcome_lock,query,5522,41-2-mi-1train-00022
OpenBMI,4,41,2,withheld_until_outcome_lock,query,5525,41-2-mi-1train-00025
OpenBMI,4,41,2,withheld_until_outcome_lock,query,5528,41-2-mi-1train-00028
OpenBMI,4,41,2,withheld_until_outcome_lock,query,5533,41-2-mi-1train-00033
OpenBMI,4,41,2,withheld_until_outcome_lock,query,5537,41-2-mi-1train-00037
OpenBMI,4,41,2,withheld_until_outcome_lock,query,5538,41-2-mi-1train-00038
OpenBMI,4,41,2,withheld_until_outcome_lock,query,5541,41-2-mi-1train-00041
OpenBMI,4,41,2,withheld_until_outcome_lock,query,5543,41-2-mi-1train-00043
OpenBMI,4,41,2,withheld_until_outcome_lock,query,5547,41-2-mi-1train-00047
OpenBMI,4,41,2,withheld_until_outcome_lock,query,5554,41-2-mi-1train-00054
OpenBMI,4,41,2,withheld_until_outcome_lock,query,5557,41-2-mi-1train-00057
OpenBMI,4,41,2,withheld_until_outcome_lock,query,5558,41-2-mi-1train-00058
OpenBMI,4,41,2,withheld_until_outcome_lock,query,5561,41-2-mi-1train-00061
OpenBMI,4,41,2,withheld_until_outcome_lock,query,5563,41-2-mi-1train-00063
OpenBMI,4,41,2,withheld_until_outcome_lock,query,5572,41-2-mi-1train-00072
OpenBMI,4,41,2,withheld_until_outcome_lock,query,5576,41-2-mi-1train-00076
OpenBMI,4,41,2,withheld_until_outcome_lock,query,5577,41-2-mi-1train-00077
OpenBMI,4,41,2,withheld_until_outcome_lock,query,5580,41-2-mi-1train-00080
OpenBMI,4,41,2,withheld_until_outcome_lock,query,5586,41-2-mi-1train-00086
OpenBMI,4,41,2,withheld_until_outcome_lock,query,5587,41-2-mi-1train-00087
OpenBMI,4,41,2,withheld_until_outcome_lock,query,5588,41-2-mi-1train-00088
OpenBMI,4,41,2,withheld_until_outcome_lock,query,5589,41-2-mi-1train-00089
OpenBMI,4,41,2,withheld_until_outcome_lock,query,5590,41-2-mi-1train-00090
OpenBMI,4,41,2,withheld_until_outcome_lock,query,5591,41-2-mi-1train-00091
OpenBMI,4,41,2,withheld_until_outcome_lock,query,5592,41-2-mi-1train-00092
OpenBMI,4,41,2,withheld_until_outcome_lock,query,5593,41-2-mi-1train-00093
OpenBMI,4,41,2,withheld_until_outcome_lock,query,5595,41-2-mi-1train-00095
OpenBMI,4,41,2,withheld_until_outcome_lock,query,5596,41-2-mi-1train-00096
OpenBMI,4,46,2,withheld_until_outcome_lock,query,6501,46-2-mi-1train-00001
OpenBMI,4,46,2,withheld_until_outcome_lock,query,6504,46-2-mi-1train-00004
OpenBMI,4,46,2,withheld_until_outcome_lock,query,6509,46-2-mi-1train-00009
OpenBMI,4,46,2,withheld_until_outcome_lock,query,6517,46-2-mi-1train-00017
OpenBMI,4,46,2,withheld_until_outcome_lock,query,6518,46-2-mi-1train-00018
OpenBMI,4,46,2,withheld_until_outcome_lock,query,6519,46-2-mi-1train-00019
OpenBMI,4,46,2,withheld_until_outcome_lock,query,6523,46-2-mi-1train-00023
OpenBMI,4,46,2,withheld_until_outcome_lock,query,6528,46-2-mi-1train-00028
OpenBMI,4,46,2,withheld_until_outcome_lock,query,6529,46-2-mi-1train-00029
OpenBMI,4,46,2,withheld_until_outcome_lock,query,6531,46-2-mi-1train-00031
OpenBMI,4,46,2,withheld_until_outcome_lock,query,6535,46-2-mi-1train-00035
OpenBMI,4,46,2,withheld_until_outcome_lock,query,6538,46-2-mi-1train-00038
OpenBMI,4,46,2,withheld_until_outcome_lock,query,6540,46-2-mi-1train-00040
OpenBMI,4,46,2,withheld_until_outcome_lock,query,6541,46-2-mi-1train-00041
OpenBMI,4,46,2,withheld_until_outcome_lock,query,6542,46-2-mi-1train-00042
OpenBMI,4,46,2,withheld_until_outcome_lock,query,6543,46-2-mi-1train-00043
OpenBMI,4,46,2,withheld_until_outcome_lock,query,6544,46-2-mi-1train-00044
OpenBMI,4,46,2,withheld_until_outcome_lock,query,6545,46-2-mi-1train-00045
OpenBMI,4,46,2,withheld_until_outcome_lock,query,6547,46-2-mi-1train-00047
OpenBMI,4,46,2,withheld_until_outcome_lock,query,6551,46-2-mi-1train-00051
OpenBMI,4,46,2,withheld_until_outcome_lock,query,6554,46-2-mi-1train-00054
OpenBMI,4,46,2,withheld_until_outcome_lock,query,6561,46-2-mi-1train-00061
OpenBMI,4,46,2,withheld_until_outcome_lock,query,6562,46-2-mi-1train-00062
OpenBMI,4,46,2,withheld_until_outcome_lock,query,6566,46-2-mi-1train-00066
OpenBMI,4,46,2,withheld_until_outcome_lock,query,6567,46-2-mi-1train-00067
OpenBMI,4,46,2,withheld_until_outcome_lock,query,6568,46-2-mi-1train-00068
OpenBMI,4,46,2,withheld_until_outcome_lock,query,6575,46-2-mi-1train-00075
OpenBMI,4,46,2,withheld_until_outcome_lock,query,6576,46-2-mi-1train-00076
OpenBMI,4,46,2,withheld_until_outcome_lock,query,6578,46-2-mi-1train-00078
OpenBMI,4,46,2,withheld_until_outcome_lock,query,6579,46-2-mi-1train-00079
OpenBMI,4,46,2,withheld_until_outcome_lock,query,6583,46-2-mi-1train-00083
OpenBMI,4,46,2,withheld_until_outcome_lock,query,6586,46-2-mi-1train-00086
OpenBMI,4,46,2,withheld_until_outcome_lock,query,6588,46-2-mi-1train-00088
OpenBMI,4,46,2,withheld_until_outcome_lock,query,6589,46-2-mi-1train-00089
OpenBMI,4,46,2,withheld_until_outcome_lock,query,6594,46-2-mi-1train-00094
OpenBMI,4,46,2,withheld_until_outcome_lock,query,6599,46-2-mi-1train-00099
OpenBMI,4,47,2,withheld_until_outcome_lock,query,6702,47-2-mi-1train-00002
OpenBMI,4,47,2,withheld_until_outcome_lock,query,6703,47-2-mi-1train-00003
OpenBMI,4,47,2,withheld_until_outcome_lock,query,6704,47-2-mi-1train-00004
OpenBMI,4,47,2,withheld_until_outcome_lock,query,6706,47-2-mi-1train-00006
OpenBMI,4,47,2,withheld_until_outcome_lock,query,6708,47-2-mi-1train-00008
OpenBMI,4,47,2,withheld_until_outcome_lock,query,6711,47-2-mi-1train-00011
OpenBMI,4,47,2,withheld_until_outcome_lock,query,6721,47-2-mi-1train-00021
OpenBMI,4,47,2,withheld_until_outcome_lock,query,6725,47-2-mi-1train-00025
OpenBMI,4,47,2,withheld_until_outcome_lock,query,6729,47-2-mi-1train-00029
OpenBMI,4,47,2,withheld_until_outcome_lock,query,6731,47-2-mi-1train-00031
OpenBMI,4,47,2,withheld_until_outcome_lock,query,6734,47-2-mi-1train-00034
OpenBMI,4,47,2,withheld_until_outcome_lock,query,6735,47-2-mi-1train-00035
OpenBMI,4,47,2,withheld_until_outcome_lock,query,6736,47-2-mi-1train-00036
OpenBMI,4,47,2,withheld_until_outcome_lock,query,6742,47-2-mi-1train-00042
OpenBMI,4,47,2,withheld_until_outcome_lock,query,6746,47-2-mi-1train-00046
OpenBMI,4,47,2,withheld_until_outcome_lock,query,6747,47-2-mi-1train-00047
OpenBMI,4,47,2,withheld_until_outcome_lock,query,6748,47-2-mi-1train-00048
OpenBMI,4,47,2,withheld_until_outcome_lock,query,6749,47-2-mi-1train-00049
OpenBMI,4,47,2,withheld_until_outcome_lock,query,6752,47-2-mi-1train-00052
OpenBMI,4,47,2,withheld_until_outcome_lock,query,6755,47-2-mi-1train-00055
OpenBMI,4,47,2,withheld_until_outcome_lock,query,6756,47-2-mi-1train-00056
OpenBMI,4,47,2,withheld_until_outcome_lock,query,6760,47-2-mi-1train-00060
OpenBMI,4,47,2,withheld_until_outcome_lock,query,6762,47-2-mi-1train-00062
OpenBMI,4,47,2,withheld_until_outcome_lock,query,6764,47-2-mi-1train-00064
OpenBMI,4,47,2,withheld_until_outcome_lock,query,6771,47-2-mi-1train-00071
OpenBMI,4,47,2,withheld_until_outcome_lock,query,6775,47-2-mi-1train-00075
OpenBMI,4,47,2,withheld_until_outcome_lock,query,6777,47-2-mi-1train-00077
OpenBMI,4,47,2,withheld_until_outcome_lock,query,6780,47-2-mi-1train-00080
OpenBMI,4,47,2,withheld_until_outcome_lock,query,6781,47-2-mi-1train-00081
OpenBMI,4,47,2,withheld_until_outcome_lock,query,6783,47-2-mi-1train-00083
OpenBMI,4,47,2,withheld_until_outcome_lock,query,6791,47-2-mi-1train-00091
OpenBMI,4,47,2,withheld_until_outcome_lock,query,6792,47-2-mi-1train-00092
OpenBMI,4,47,2,withheld_until_outcome_lock,query,6793,47-2-mi-1train-00093
OpenBMI,4,47,2,withheld_until_outcome_lock,query,6794,47-2-mi-1train-00094
OpenBMI,4,47,2,withheld_until_outcome_lock,query,6798,47-2-mi-1train-00098
OpenBMI,4,47,2,withheld_until_outcome_lock,query,6799,47-2-mi-1train-00099
OpenBMI,4,53,2,withheld_until_outcome_lock,query,7901,53-2-mi-1train-00001
OpenBMI,4,53,2,withheld_until_outcome_lock,query,7902,53-2-mi-1train-00002
OpenBMI,4,53,2,withheld_until_outcome_lock,query,7903,53-2-mi-1train-00003
OpenBMI,4,53,2,withheld_until_outcome_lock,query,7905,53-2-mi-1train-00005
OpenBMI,4,53,2,withheld_until_outcome_lock,query,7907,53-2-mi-1train-00007
OpenBMI,4,53,2,withheld_until_outcome_lock,query,7909,53-2-mi-1train-00009
OpenBMI,4,53,2,withheld_until_outcome_lock,query,7910,53-2-mi-1train-00010
OpenBMI,4,53,2,withheld_until_outcome_lock,query,7916,53-2-mi-1train-00016
OpenBMI,4,53,2,withheld_until_outcome_lock,query,7920,53-2-mi-1train-00020
OpenBMI,4,53,2,withheld_until_outcome_lock,query,7921,53-2-mi-1train-00021
OpenBMI,4,53,2,withheld_until_outcome_lock,query,7924,53-2-mi-1train-00024
OpenBMI,4,53,2,withheld_until_outcome_lock,query,7925,53-2-mi-1train-00025
OpenBMI,4,53,2,withheld_until_outcome_lock,query,7926,53-2-mi-1train-00026
OpenBMI,4,53,2,withheld_until_outcome_lock,query,7928,53-2-mi-1train-00028
OpenBMI,4,53,2,withheld_until_outcome_lock,query,7930,53-2-mi-1train-00030
OpenBMI,4,53,2,withheld_until_outcome_lock,query,7935,53-2-mi-1train-00035
OpenBMI,4,53,2,withheld_until_outcome_lock,query,7936,53-2-mi-1train-00036
OpenBMI,4,53,2,withheld_until_outcome_lock,query,7938,53-2-mi-1train-00038
OpenBMI,4,53,2,withheld_until_outcome_lock,query,7939,53-2-mi-1train-00039
OpenBMI,4,53,2,withheld_until_outcome_lock,query,7944,53-2-mi-1train-00044
OpenBMI,4,53,2,withheld_until_outcome_lock,query,7951,53-2-mi-1train-00051
OpenBMI,4,53,2,withheld_until_outcome_lock,query,7953,53-2-mi-1train-00053
OpenBMI,4,53,2,withheld_until_outcome_lock,query,7960,53-2-mi-1train-00060
OpenBMI,4,53,2,withheld_until_outcome_lock,query,7962,53-2-mi-1train-00062
OpenBMI,4,53,2,withheld_until_outcome_lock,query,7963,53-2-mi-1train-00063
OpenBMI,4,53,2,withheld_until_outcome_lock,query,7966,53-2-mi-1train-00066
OpenBMI,4,53,2,withheld_until_outcome_lock,query,7967,53-2-mi-1train-00067
OpenBMI,4,53,2,withheld_until_outcome_lock,query,7970,53-2-mi-1train-00070
OpenBMI,4,53,2,withheld_until_outcome_lock,query,7971,53-2-mi-1train-00071
OpenBMI,4,53,2,withheld_until_outcome_lock,query,7977,53-2-mi-1train-00077
OpenBMI,4,53,2,withheld_until_outcome_lock,query,7983,53-2-mi-1train-00083
OpenBMI,4,53,2,withheld_until_outcome_lock,query,7989,53-2-mi-1train-00089
OpenBMI,4,53,2,withheld_until_outcome_lock,query,7993,53-2-mi-1train-00093
OpenBMI,4,53,2,withheld_until_outcome_lock,query,7995,53-2-mi-1train-00095
OpenBMI,4,53,2,withheld_until_outcome_lock,query,7996,53-2-mi-1train-00096
OpenBMI,4,53,2,withheld_until_outcome_lock,query,7998,53-2-mi-1train-00098
OpenBMI,4,9,2,withheld_until_outcome_lock,query,8701,9-2-mi-1train-00001
OpenBMI,4,9,2,withheld_until_outcome_lock,query,8702,9-2-mi-1train-00002
OpenBMI,4,9,2,withheld_until_outcome_lock,query,8707,9-2-mi-1train-00007
OpenBMI,4,9,2,withheld_until_outcome_lock,query,8710,9-2-mi-1train-00010
OpenBMI,4,9,2,withheld_until_outcome_lock,query,8712,9-2-mi-1train-00012
OpenBMI,4,9,2,withheld_until_outcome_lock,query,8713,9-2-mi-1train-00013
OpenBMI,4,9,2,withheld_until_outcome_lock,query,8718,9-2-mi-1train-00018
OpenBMI,4,9,2,withheld_until_outcome_lock,query,8725,9-2-mi-1train-00025
OpenBMI,4,9,2,withheld_until_outcome_lock,query,8728,9-2-mi-1train-00028
OpenBMI,4,9,2,withheld_until_outcome_lock,query,8729,9-2-mi-1train-00029
OpenBMI,4,9,2,withheld_until_outcome_lock,query,8730,9-2-mi-1train-00030
OpenBMI,4,9,2,withheld_until_outcome_lock,query,8732,9-2-mi-1train-00032
OpenBMI,4,9,2,withheld_until_outcome_lock,query,8745,9-2-mi-1train-00045
OpenBMI,4,9,2,withheld_until_outcome_lock,query,8748,9-2-mi-1train-00048
OpenBMI,4,9,2,withheld_until_outcome_lock,query,8750,9-2-mi-1train-00050
OpenBMI,4,9,2,withheld_until_outcome_lock,query,8753,9-2-mi-1train-00053
OpenBMI,4,9,2,withheld_until_outcome_lock,query,8756,9-2-mi-1train-00056
OpenBMI,4,9,2,withheld_until_outcome_lock,query,8757,9-2-mi-1train-00057
OpenBMI,4,9,2,withheld_until_outcome_lock,query,8758,9-2-mi-1train-00058
OpenBMI,4,9,2,withheld_until_outcome_lock,query,8763,9-2-mi-1train-00063
OpenBMI,4,9,2,withheld_until_outcome_lock,query,8766,9-2-mi-1train-00066
OpenBMI,4,9,2,withheld_until_outcome_lock,query,8768,9-2-mi-1train-00068
OpenBMI,4,9,2,withheld_until_outcome_lock,query,8770,9-2-mi-1train-00070
OpenBMI,4,9,2,withheld_until_outcome_lock,query,8772,9-2-mi-1train-00072
OpenBMI,4,9,2,withheld_until_outcome_lock,query,8773,9-2-mi-1train-00073
OpenBMI,4,9,2,withheld_until_outcome_lock,query,8774,9-2-mi-1train-00074
OpenBMI,4,9,2,withheld_until_outcome_lock,query,8777,9-2-mi-1train-00077
OpenBMI,4,9,2,withheld_until_outcome_lock,query,8778,9-2-mi-1train-00078
OpenBMI,4,9,2,withheld_until_outcome_lock,query,8781,9-2-mi-1train-00081
OpenBMI,4,9,2,withheld_until_outcome_lock,query,8784,9-2-mi-1train-00084
OpenBMI,4,9,2,withheld_until_outcome_lock,query,8787,9-2-mi-1train-00087
OpenBMI,4,9,2,withheld_until_outcome_lock,query,8788,9-2-mi-1train-00088
OpenBMI,4,9,2,withheld_until_outcome_lock,query,8791,9-2-mi-1train-00091
OpenBMI,4,9,2,withheld_until_outcome_lock,query,8795,9-2-mi-1train-00095
OpenBMI,4,9,2,withheld_until_outcome_lock,query,8796,9-2-mi-1train-00096
OpenBMI,4,9,2,withheld_until_outcome_lock,query,8799,9-2-mi-1train-00099
WBCIC,0,11,2,withheld_until_outcome_lock,query,400,wbcic-11-S3-00000
WBCIC,0,11,2,withheld_until_outcome_lock,query,401,wbcic-11-S3-00001
WBCIC,0,11,2,withheld_until_outcome_lock,query,402,wbcic-11-S3-00002
WBCIC,0,11,2,withheld_until_outcome_lock,query,403,wbcic-11-S3-00003
WBCIC,0,11,2,withheld_until_outcome_lock,query,404,wbcic-11-S3-00004
WBCIC,0,11,2,withheld_until_outcome_lock,query,405,wbcic-11-S3-00005
WBCIC,0,11,2,withheld_until_outcome_lock,query,406,wbcic-11-S3-00006
WBCIC,0,11,2,withheld_until_outcome_lock,query,407,wbcic-11-S3-00007
WBCIC,0,11,2,withheld_until_outcome_lock,query,408,wbcic-11-S3-00008
WBCIC,0,11,2,withheld_until_outcome_lock,query,409,wbcic-11-S3-00009
WBCIC,0,11,2,withheld_until_outcome_lock,query,410,wbcic-11-S3-00010
WBCIC,0,11,2,withheld_until_outcome_lock,query,411,wbcic-11-S3-00011
WBCIC,0,11,2,withheld_until_outcome_lock,query,412,wbcic-11-S3-00012
WBCIC,0,11,2,withheld_until_outcome_lock,query,413,wbcic-11-S3-00013
WBCIC,0,11,2,withheld_until_outcome_lock,query,414,wbcic-11-S3-00014
WBCIC,0,11,2,withheld_until_outcome_lock,query,415,wbcic-11-S3-00015
WBCIC,0,11,2,withheld_until_outcome_lock,query,416,wbcic-11-S3-00016
WBCIC,0,11,2,withheld_until_outcome_lock,query,417,wbcic-11-S3-00017
WBCIC,0,11,2,withheld_until_outcome_lock,query,418,wbcic-11-S3-00018
WBCIC,0,11,2,withheld_until_outcome_lock,query,419,wbcic-11-S3-00019
WBCIC,0,11,2,withheld_until_outcome_lock,query,420,wbcic-11-S3-00020
WBCIC,0,11,2,withheld_until_outcome_lock,query,421,wbcic-11-S3-00021
WBCIC,0,11,2,withheld_until_outcome_lock,query,422,wbcic-11-S3-00022
WBCIC,0,11,2,withheld_until_outcome_lock,query,423,wbcic-11-S3-00023
WBCIC,0,11,2,withheld_until_outcome_lock,query,424,wbcic-11-S3-00024
WBCIC,0,11,2,withheld_until_outcome_lock,query,425,wbcic-11-S3-00025
WBCIC,0,11,2,withheld_until_outcome_lock,query,426,wbcic-11-S3-00026
WBCIC,0,11,2,withheld_until_outcome_lock,query,427,wbcic-11-S3-00027
WBCIC,0,11,2,withheld_until_outcome_lock,query,428,wbcic-11-S3-00028
WBCIC,0,11,2,withheld_until_outcome_lock,query,429,wbcic-11-S3-00029
WBCIC,0,11,2,withheld_until_outcome_lock,query,430,wbcic-11-S3-00030
WBCIC,0,11,2,withheld_until_outcome_lock,query,431,wbcic-11-S3-00031
WBCIC,0,11,2,withheld_until_outcome_lock,query,432,wbcic-11-S3-00032
WBCIC,0,11,2,withheld_until_outcome_lock,query,433,wbcic-11-S3-00033
WBCIC,0,11,2,withheld_until_outcome_lock,query,434,wbcic-11-S3-00034
WBCIC,0,11,2,withheld_until_outcome_lock,query,435,wbcic-11-S3-00035
WBCIC,0,11,2,withheld_until_outcome_lock,query,436,wbcic-11-S3-00036
WBCIC,0,11,2,withheld_until_outcome_lock,query,437,wbcic-11-S3-00037
WBCIC,0,11,2,withheld_until_outcome_lock,query,438,wbcic-11-S3-00038
WBCIC,0,11,2,withheld_until_outcome_lock,query,439,wbcic-11-S3-00039
WBCIC,0,11,2,withheld_until_outcome_lock,query,440,wbcic-11-S3-00040
WBCIC,0,11,2,withheld_until_outcome_lock,query,441,wbcic-11-S3-00041
WBCIC,0,11,2,withheld_until_outcome_lock,query,442,wbcic-11-S3-00042
WBCIC,0,11,2,withheld_until_outcome_lock,query,443,wbcic-11-S3-00043
WBCIC,0,11,2,withheld_until_outcome_lock,query,444,wbcic-11-S3-00044
WBCIC,0,11,2,withheld_until_outcome_lock,query,445,wbcic-11-S3-00045
WBCIC,0,11,2,withheld_until_outcome_lock,query,446,wbcic-11-S3-00046
WBCIC,0,11,2,withheld_until_outcome_lock,query,447,wbcic-11-S3-00047
WBCIC,0,11,2,withheld_until_outcome_lock,query,448,wbcic-11-S3-00048
WBCIC,0,11,2,withheld_until_outcome_lock,query,449,wbcic-11-S3-00049
WBCIC,0,11,2,withheld_until_outcome_lock,query,450,wbcic-11-S3-00050
WBCIC,0,11,2,withheld_until_outcome_lock,query,451,wbcic-11-S3-00051
WBCIC,0,11,2,withheld_until_outcome_lock,query,452,wbcic-11-S3-00052
WBCIC,0,11,2,withheld_until_outcome_lock,query,453,wbcic-11-S3-00053
WBCIC,0,11,2,withheld_until_outcome_lock,query,454,wbcic-11-S3-00054
WBCIC,0,11,2,withheld_until_outcome_lock,query,455,wbcic-11-S3-00055
WBCIC,0,11,2,withheld_until_outcome_lock,query,456,wbcic-11-S3-00056
WBCIC,0,11,2,withheld_until_outcome_lock,query,457,wbcic-11-S3-00057
WBCIC,0,11,2,withheld_until_outcome_lock,query,458,wbcic-11-S3-00058
WBCIC,0,11,2,withheld_until_outcome_lock,query,459,wbcic-11-S3-00059
WBCIC,0,11,2,withheld_until_outcome_lock,query,460,wbcic-11-S3-00060
WBCIC,0,11,2,withheld_until_outcome_lock,query,461,wbcic-11-S3-00061
WBCIC,0,11,2,withheld_until_outcome_lock,query,462,wbcic-11-S3-00062
WBCIC,0,11,2,withheld_until_outcome_lock,query,463,wbcic-11-S3-00063
WBCIC,0,11,2,withheld_until_outcome_lock,query,464,wbcic-11-S3-00064
WBCIC,0,11,2,withheld_until_outcome_lock,query,465,wbcic-11-S3-00065
WBCIC,0,11,2,withheld_until_outcome_lock,query,466,wbcic-11-S3-00066
WBCIC,0,11,2,withheld_until_outcome_lock,query,467,wbcic-11-S3-00067
WBCIC,0,11,2,withheld_until_outcome_lock,query,468,wbcic-11-S3-00068
WBCIC,0,11,2,withheld_until_outcome_lock,query,469,wbcic-11-S3-00069
WBCIC,0,11,2,withheld_until_outcome_lock,query,470,wbcic-11-S3-00070
WBCIC,0,11,2,withheld_until_outcome_lock,query,471,wbcic-11-S3-00071
WBCIC,0,11,2,withheld_until_outcome_lock,query,472,wbcic-11-S3-00072
WBCIC,0,11,2,withheld_until_outcome_lock,query,473,wbcic-11-S3-00073
WBCIC,0,11,2,withheld_until_outcome_lock,query,474,wbcic-11-S3-00074
WBCIC,0,11,2,withheld_until_outcome_lock,query,475,wbcic-11-S3-00075
WBCIC,0,11,2,withheld_until_outcome_lock,query,476,wbcic-11-S3-00076
WBCIC,0,11,2,withheld_until_outcome_lock,query,477,wbcic-11-S3-00077
WBCIC,0,11,2,withheld_until_outcome_lock,query,478,wbcic-11-S3-00078
WBCIC,0,11,2,withheld_until_outcome_lock,query,479,wbcic-11-S3-00079
WBCIC,0,11,2,withheld_until_outcome_lock,query,480,wbcic-11-S3-00080
WBCIC,0,11,2,withheld_until_outcome_lock,query,481,wbcic-11-S3-00081
WBCIC,0,11,2,withheld_until_outcome_lock,query,482,wbcic-11-S3-00082
WBCIC,0,11,2,withheld_until_outcome_lock,query,483,wbcic-11-S3-00083
WBCIC,0,11,2,withheld_until_outcome_lock,query,484,wbcic-11-S3-00084
WBCIC,0,11,2,withheld_until_outcome_lock,query,485,wbcic-11-S3-00085
WBCIC,0,11,2,withheld_until_outcome_lock,query,486,wbcic-11-S3-00086
WBCIC,0,11,2,withheld_until_outcome_lock,query,487,wbcic-11-S3-00087
WBCIC,0,11,2,withheld_until_outcome_lock,query,488,wbcic-11-S3-00088
WBCIC,0,11,2,withheld_until_outcome_lock,query,489,wbcic-11-S3-00089
WBCIC,0,11,2,withheld_until_outcome_lock,query,490,wbcic-11-S3-00090
WBCIC,0,11,2,withheld_until_outcome_lock,query,491,wbcic-11-S3-00091
WBCIC,0,11,2,withheld_until_outcome_lock,query,492,wbcic-11-S3-00092
WBCIC,0,11,2,withheld_until_outcome_lock,query,493,wbcic-11-S3-00093
WBCIC,0,11,2,withheld_until_outcome_lock,query,494,wbcic-11-S3-00094
WBCIC,0,11,2,withheld_until_outcome_lock,query,495,wbcic-11-S3-00095
WBCIC,0,11,2,withheld_until_outcome_lock,query,496,wbcic-11-S3-00096
WBCIC,0,11,2,withheld_until_outcome_lock,query,497,wbcic-11-S3-00097
WBCIC,0,11,2,withheld_until_outcome_lock,query,498,wbcic-11-S3-00098
WBCIC,0,11,2,withheld_until_outcome_lock,query,499,wbcic-11-S3-00099
WBCIC,0,11,2,withheld_until_outcome_lock,query,500,wbcic-11-S3-00100
WBCIC,0,11,2,withheld_until_outcome_lock,query,501,wbcic-11-S3-00101
WBCIC,0,11,2,withheld_until_outcome_lock,query,502,wbcic-11-S3-00102
WBCIC,0,11,2,withheld_until_outcome_lock,query,503,wbcic-11-S3-00103
WBCIC,0,11,2,withheld_until_outcome_lock,query,504,wbcic-11-S3-00104
WBCIC,0,11,2,withheld_until_outcome_lock,query,505,wbcic-11-S3-00105
WBCIC,0,11,2,withheld_until_outcome_lock,query,506,wbcic-11-S3-00106
WBCIC,0,11,2,withheld_until_outcome_lock,query,507,wbcic-11-S3-00107
WBCIC,0,11,2,withheld_until_outcome_lock,query,508,wbcic-11-S3-00108
WBCIC,0,11,2,withheld_until_outcome_lock,query,509,wbcic-11-S3-00109
WBCIC,0,11,2,withheld_until_outcome_lock,query,510,wbcic-11-S3-00110
WBCIC,0,11,2,withheld_until_outcome_lock,query,511,wbcic-11-S3-00111
WBCIC,0,11,2,withheld_until_outcome_lock,query,512,wbcic-11-S3-00112
WBCIC,0,11,2,withheld_until_outcome_lock,query,513,wbcic-11-S3-00113
WBCIC,0,11,2,withheld_until_outcome_lock,query,514,wbcic-11-S3-00114
WBCIC,0,11,2,withheld_until_outcome_lock,query,515,wbcic-11-S3-00115
WBCIC,0,11,2,withheld_until_outcome_lock,query,516,wbcic-11-S3-00116
WBCIC,0,11,2,withheld_until_outcome_lock,query,517,wbcic-11-S3-00117
WBCIC,0,11,2,withheld_until_outcome_lock,query,518,wbcic-11-S3-00118
WBCIC,0,11,2,withheld_until_outcome_lock,query,519,wbcic-11-S3-00119
WBCIC,0,11,2,withheld_until_outcome_lock,query,520,wbcic-11-S3-00120
WBCIC,0,11,2,withheld_until_outcome_lock,query,521,wbcic-11-S3-00121
WBCIC,0,11,2,withheld_until_outcome_lock,query,522,wbcic-11-S3-00122
WBCIC,0,11,2,withheld_until_outcome_lock,query,523,wbcic-11-S3-00123
WBCIC,0,11,2,withheld_until_outcome_lock,query,524,wbcic-11-S3-00124
WBCIC,0,11,2,withheld_until_outcome_lock,query,525,wbcic-11-S3-00125
WBCIC,0,11,2,withheld_until_outcome_lock,query,526,wbcic-11-S3-00126
WBCIC,0,11,2,withheld_until_outcome_lock,query,527,wbcic-11-S3-00127
WBCIC,0,11,2,withheld_until_outcome_lock,query,528,wbcic-11-S3-00128
WBCIC,0,11,2,withheld_until_outcome_lock,query,529,wbcic-11-S3-00129
WBCIC,0,11,2,withheld_until_outcome_lock,query,530,wbcic-11-S3-00130
WBCIC,0,11,2,withheld_until_outcome_lock,query,531,wbcic-11-S3-00131
WBCIC,0,11,2,withheld_until_outcome_lock,query,532,wbcic-11-S3-00132
WBCIC,0,11,2,withheld_until_outcome_lock,query,533,wbcic-11-S3-00133
WBCIC,0,11,2,withheld_until_outcome_lock,query,534,wbcic-11-S3-00134
WBCIC,0,11,2,withheld_until_outcome_lock,query,535,wbcic-11-S3-00135
WBCIC,0,11,2,withheld_until_outcome_lock,query,536,wbcic-11-S3-00136
WBCIC,0,11,2,withheld_until_outcome_lock,query,537,wbcic-11-S3-00137
WBCIC,0,11,2,withheld_until_outcome_lock,query,538,wbcic-11-S3-00138
WBCIC,0,11,2,withheld_until_outcome_lock,query,539,wbcic-11-S3-00139
WBCIC,0,11,2,withheld_until_outcome_lock,query,540,wbcic-11-S3-00140
WBCIC,0,11,2,withheld_until_outcome_lock,query,541,wbcic-11-S3-00141
WBCIC,0,11,2,withheld_until_outcome_lock,query,542,wbcic-11-S3-00142
WBCIC,0,11,2,withheld_until_outcome_lock,query,543,wbcic-11-S3-00143
WBCIC,0,11,2,withheld_until_outcome_lock,query,544,wbcic-11-S3-00144
WBCIC,0,11,2,withheld_until_outcome_lock,query,545,wbcic-11-S3-00145
WBCIC,0,11,2,withheld_until_outcome_lock,query,546,wbcic-11-S3-00146
WBCIC,0,11,2,withheld_until_outcome_lock,query,547,wbcic-11-S3-00147
WBCIC,0,11,2,withheld_until_outcome_lock,query,548,wbcic-11-S3-00148
WBCIC,0,11,2,withheld_until_outcome_lock,query,549,wbcic-11-S3-00149
WBCIC,0,11,2,withheld_until_outcome_lock,query,550,wbcic-11-S3-00150
WBCIC,0,11,2,withheld_until_outcome_lock,query,551,wbcic-11-S3-00151
WBCIC,0,11,2,withheld_until_outcome_lock,query,552,wbcic-11-S3-00152
WBCIC,0,11,2,withheld_until_outcome_lock,query,553,wbcic-11-S3-00153
WBCIC,0,11,2,withheld_until_outcome_lock,query,554,wbcic-11-S3-00154
WBCIC,0,11,2,withheld_until_outcome_lock,query,555,wbcic-11-S3-00155
WBCIC,0,11,2,withheld_until_outcome_lock,query,556,wbcic-11-S3-00156
WBCIC,0,11,2,withheld_until_outcome_lock,query,557,wbcic-11-S3-00157
WBCIC,0,11,2,withheld_until_outcome_lock,query,558,wbcic-11-S3-00158
WBCIC,0,11,2,withheld_until_outcome_lock,query,559,wbcic-11-S3-00159
WBCIC,0,11,2,withheld_until_outcome_lock,query,560,wbcic-11-S3-00160
WBCIC,0,11,2,withheld_until_outcome_lock,query,561,wbcic-11-S3-00161
WBCIC,0,11,2,withheld_until_outcome_lock,query,562,wbcic-11-S3-00162
WBCIC,0,11,2,withheld_until_outcome_lock,query,563,wbcic-11-S3-00163
WBCIC,0,11,2,withheld_until_outcome_lock,query,564,wbcic-11-S3-00164
WBCIC,0,11,2,withheld_until_outcome_lock,query,565,wbcic-11-S3-00165
WBCIC,0,11,2,withheld_until_outcome_lock,query,566,wbcic-11-S3-00166
WBCIC,0,11,2,withheld_until_outcome_lock,query,567,wbcic-11-S3-00167
WBCIC,0,11,2,withheld_until_outcome_lock,query,568,wbcic-11-S3-00168
WBCIC,0,11,2,withheld_until_outcome_lock,query,569,wbcic-11-S3-00169
WBCIC,0,11,2,withheld_until_outcome_lock,query,570,wbcic-11-S3-00170
WBCIC,0,11,2,withheld_until_outcome_lock,query,571,wbcic-11-S3-00171
WBCIC,0,11,2,withheld_until_outcome_lock,query,572,wbcic-11-S3-00172
WBCIC,0,11,2,withheld_until_outcome_lock,query,573,wbcic-11-S3-00173
WBCIC,0,11,2,withheld_until_outcome_lock,query,574,wbcic-11-S3-00174
WBCIC,0,11,2,withheld_until_outcome_lock,query,575,wbcic-11-S3-00175
WBCIC,0,11,2,withheld_until_outcome_lock,query,576,wbcic-11-S3-00176
WBCIC,0,11,2,withheld_until_outcome_lock,query,577,wbcic-11-S3-00177
WBCIC,0,11,2,withheld_until_outcome_lock,query,578,wbcic-11-S3-00178
WBCIC,0,11,2,withheld_until_outcome_lock,query,579,wbcic-11-S3-00179
WBCIC,0,11,2,withheld_until_outcome_lock,query,580,wbcic-11-S3-00180
WBCIC,0,11,2,withheld_until_outcome_lock,query,581,wbcic-11-S3-00181
WBCIC,0,11,2,withheld_until_outcome_lock,query,582,wbcic-11-S3-00182
WBCIC,0,11,2,withheld_until_outcome_lock,query,583,wbcic-11-S3-00183
WBCIC,0,11,2,withheld_until_outcome_lock,query,584,wbcic-11-S3-00184
WBCIC,0,11,2,withheld_until_outcome_lock,query,585,wbcic-11-S3-00185
WBCIC,0,11,2,withheld_until_outcome_lock,query,586,wbcic-11-S3-00186
WBCIC,0,11,2,withheld_until_outcome_lock,query,587,wbcic-11-S3-00187
WBCIC,0,11,2,withheld_until_outcome_lock,query,588,wbcic-11-S3-00188
WBCIC,0,11,2,withheld_until_outcome_lock,query,589,wbcic-11-S3-00189
WBCIC,0,11,2,withheld_until_outcome_lock,query,590,wbcic-11-S3-00190
WBCIC,0,11,2,withheld_until_outcome_lock,query,591,wbcic-11-S3-00191
WBCIC,0,11,2,withheld_until_outcome_lock,query,592,wbcic-11-S3-00192
WBCIC,0,11,2,withheld_until_outcome_lock,query,593,wbcic-11-S3-00193
WBCIC,0,11,2,withheld_until_outcome_lock,query,594,wbcic-11-S3-00194
WBCIC,0,11,2,withheld_until_outcome_lock,query,595,wbcic-11-S3-00195
WBCIC,0,11,2,withheld_until_outcome_lock,query,596,wbcic-11-S3-00196
WBCIC,0,11,2,withheld_until_outcome_lock,query,597,wbcic-11-S3-00197
WBCIC,0,11,2,withheld_until_outcome_lock,query,598,wbcic-11-S3-00198
WBCIC,0,11,2,withheld_until_outcome_lock,query,599,wbcic-11-S3-00199
WBCIC,0,13,2,withheld_until_outcome_lock,query,1600,wbcic-13-S3-00000
WBCIC,0,13,2,withheld_until_outcome_lock,query,1601,wbcic-13-S3-00001
WBCIC,0,13,2,withheld_until_outcome_lock,query,1602,wbcic-13-S3-00002
WBCIC,0,13,2,withheld_until_outcome_lock,query,1603,wbcic-13-S3-00003
WBCIC,0,13,2,withheld_until_outcome_lock,query,1604,wbcic-13-S3-00004
WBCIC,0,13,2,withheld_until_outcome_lock,query,1605,wbcic-13-S3-00005
WBCIC,0,13,2,withheld_until_outcome_lock,query,1606,wbcic-13-S3-00006
WBCIC,0,13,2,withheld_until_outcome_lock,query,1607,wbcic-13-S3-00007
WBCIC,0,13,2,withheld_until_outcome_lock,query,1608,wbcic-13-S3-00008
WBCIC,0,13,2,withheld_until_outcome_lock,query,1609,wbcic-13-S3-00009
WBCIC,0,13,2,withheld_until_outcome_lock,query,1610,wbcic-13-S3-00010
WBCIC,0,13,2,withheld_until_outcome_lock,query,1611,wbcic-13-S3-00011
WBCIC,0,13,2,withheld_until_outcome_lock,query,1612,wbcic-13-S3-00012
WBCIC,0,13,2,withheld_until_outcome_lock,query,1613,wbcic-13-S3-00013
WBCIC,0,13,2,withheld_until_outcome_lock,query,1614,wbcic-13-S3-00014
WBCIC,0,13,2,withheld_until_outcome_lock,query,1615,wbcic-13-S3-00015
WBCIC,0,13,2,withheld_until_outcome_lock,query,1616,wbcic-13-S3-00016
WBCIC,0,13,2,withheld_until_outcome_lock,query,1617,wbcic-13-S3-00017
WBCIC,0,13,2,withheld_until_outcome_lock,query,1618,wbcic-13-S3-00018
WBCIC,0,13,2,withheld_until_outcome_lock,query,1619,wbcic-13-S3-00019
WBCIC,0,13,2,withheld_until_outcome_lock,query,1620,wbcic-13-S3-00020
WBCIC,0,13,2,withheld_until_outcome_lock,query,1621,wbcic-13-S3-00021
WBCIC,0,13,2,withheld_until_outcome_lock,query,1622,wbcic-13-S3-00022
WBCIC,0,13,2,withheld_until_outcome_lock,query,1623,wbcic-13-S3-00023
WBCIC,0,13,2,withheld_until_outcome_lock,query,1624,wbcic-13-S3-00024
WBCIC,0,13,2,withheld_until_outcome_lock,query,1625,wbcic-13-S3-00025
WBCIC,0,13,2,withheld_until_outcome_lock,query,1626,wbcic-13-S3-00026
WBCIC,0,13,2,withheld_until_outcome_lock,query,1627,wbcic-13-S3-00027
WBCIC,0,13,2,withheld_until_outcome_lock,query,1628,wbcic-13-S3-00028
WBCIC,0,13,2,withheld_until_outcome_lock,query,1629,wbcic-13-S3-00029
WBCIC,0,13,2,withheld_until_outcome_lock,query,1630,wbcic-13-S3-00030
WBCIC,0,13,2,withheld_until_outcome_lock,query,1631,wbcic-13-S3-00031
WBCIC,0,13,2,withheld_until_outcome_lock,query,1632,wbcic-13-S3-00032
WBCIC,0,13,2,withheld_until_outcome_lock,query,1633,wbcic-13-S3-00033
WBCIC,0,13,2,withheld_until_outcome_lock,query,1634,wbcic-13-S3-00034
WBCIC,0,13,2,withheld_until_outcome_lock,query,1635,wbcic-13-S3-00035
WBCIC,0,13,2,withheld_until_outcome_lock,query,1636,wbcic-13-S3-00036
WBCIC,0,13,2,withheld_until_outcome_lock,query,1637,wbcic-13-S3-00037
WBCIC,0,13,2,withheld_until_outcome_lock,query,1638,wbcic-13-S3-00038
WBCIC,0,13,2,withheld_until_outcome_lock,query,1639,wbcic-13-S3-00039
WBCIC,0,13,2,withheld_until_outcome_lock,query,1640,wbcic-13-S3-00040
WBCIC,0,13,2,withheld_until_outcome_lock,query,1641,wbcic-13-S3-00041
WBCIC,0,13,2,withheld_until_outcome_lock,query,1642,wbcic-13-S3-00042
WBCIC,0,13,2,withheld_until_outcome_lock,query,1643,wbcic-13-S3-00043
WBCIC,0,13,2,withheld_until_outcome_lock,query,1644,wbcic-13-S3-00044
WBCIC,0,13,2,withheld_until_outcome_lock,query,1645,wbcic-13-S3-00045
WBCIC,0,13,2,withheld_until_outcome_lock,query,1646,wbcic-13-S3-00046
WBCIC,0,13,2,withheld_until_outcome_lock,query,1647,wbcic-13-S3-00047
WBCIC,0,13,2,withheld_until_outcome_lock,query,1648,wbcic-13-S3-00048
WBCIC,0,13,2,withheld_until_outcome_lock,query,1649,wbcic-13-S3-00049
WBCIC,0,13,2,withheld_until_outcome_lock,query,1650,wbcic-13-S3-00050
WBCIC,0,13,2,withheld_until_outcome_lock,query,1651,wbcic-13-S3-00051
WBCIC,0,13,2,withheld_until_outcome_lock,query,1652,wbcic-13-S3-00052
WBCIC,0,13,2,withheld_until_outcome_lock,query,1653,wbcic-13-S3-00053
WBCIC,0,13,2,withheld_until_outcome_lock,query,1654,wbcic-13-S3-00054
WBCIC,0,13,2,withheld_until_outcome_lock,query,1655,wbcic-13-S3-00055
WBCIC,0,13,2,withheld_until_outcome_lock,query,1656,wbcic-13-S3-00056
WBCIC,0,13,2,withheld_until_outcome_lock,query,1657,wbcic-13-S3-00057
WBCIC,0,13,2,withheld_until_outcome_lock,query,1658,wbcic-13-S3-00058
WBCIC,0,13,2,withheld_until_outcome_lock,query,1659,wbcic-13-S3-00059
WBCIC,0,13,2,withheld_until_outcome_lock,query,1660,wbcic-13-S3-00060
WBCIC,0,13,2,withheld_until_outcome_lock,query,1661,wbcic-13-S3-00061
WBCIC,0,13,2,withheld_until_outcome_lock,query,1662,wbcic-13-S3-00062
WBCIC,0,13,2,withheld_until_outcome_lock,query,1663,wbcic-13-S3-00063
WBCIC,0,13,2,withheld_until_outcome_lock,query,1664,wbcic-13-S3-00064
WBCIC,0,13,2,withheld_until_outcome_lock,query,1665,wbcic-13-S3-00065
WBCIC,0,13,2,withheld_until_outcome_lock,query,1666,wbcic-13-S3-00066
WBCIC,0,13,2,withheld_until_outcome_lock,query,1667,wbcic-13-S3-00067
WBCIC,0,13,2,withheld_until_outcome_lock,query,1668,wbcic-13-S3-00068
WBCIC,0,13,2,withheld_until_outcome_lock,query,1669,wbcic-13-S3-00069
WBCIC,0,13,2,withheld_until_outcome_lock,query,1670,wbcic-13-S3-00070
WBCIC,0,13,2,withheld_until_outcome_lock,query,1671,wbcic-13-S3-00071
WBCIC,0,13,2,withheld_until_outcome_lock,query,1672,wbcic-13-S3-00072
WBCIC,0,13,2,withheld_until_outcome_lock,query,1673,wbcic-13-S3-00073
WBCIC,0,13,2,withheld_until_outcome_lock,query,1674,wbcic-13-S3-00074
WBCIC,0,13,2,withheld_until_outcome_lock,query,1675,wbcic-13-S3-00075
WBCIC,0,13,2,withheld_until_outcome_lock,query,1676,wbcic-13-S3-00076
WBCIC,0,13,2,withheld_until_outcome_lock,query,1677,wbcic-13-S3-00077
WBCIC,0,13,2,withheld_until_outcome_lock,query,1678,wbcic-13-S3-00078
WBCIC,0,13,2,withheld_until_outcome_lock,query,1679,wbcic-13-S3-00079
WBCIC,0,13,2,withheld_until_outcome_lock,query,1680,wbcic-13-S3-00080
WBCIC,0,13,2,withheld_until_outcome_lock,query,1681,wbcic-13-S3-00081
WBCIC,0,13,2,withheld_until_outcome_lock,query,1682,wbcic-13-S3-00082
WBCIC,0,13,2,withheld_until_outcome_lock,query,1683,wbcic-13-S3-00083
WBCIC,0,13,2,withheld_until_outcome_lock,query,1684,wbcic-13-S3-00084
WBCIC,0,13,2,withheld_until_outcome_lock,query,1685,wbcic-13-S3-00085
WBCIC,0,13,2,withheld_until_outcome_lock,query,1686,wbcic-13-S3-00086
WBCIC,0,13,2,withheld_until_outcome_lock,query,1687,wbcic-13-S3-00087
WBCIC,0,13,2,withheld_until_outcome_lock,query,1688,wbcic-13-S3-00088
WBCIC,0,13,2,withheld_until_outcome_lock,query,1689,wbcic-13-S3-00089
WBCIC,0,13,2,withheld_until_outcome_lock,query,1690,wbcic-13-S3-00090
WBCIC,0,13,2,withheld_until_outcome_lock,query,1691,wbcic-13-S3-00091
WBCIC,0,13,2,withheld_until_outcome_lock,query,1692,wbcic-13-S3-00092
WBCIC,0,13,2,withheld_until_outcome_lock,query,1693,wbcic-13-S3-00093
WBCIC,0,13,2,withheld_until_outcome_lock,query,1694,wbcic-13-S3-00094
WBCIC,0,13,2,withheld_until_outcome_lock,query,1695,wbcic-13-S3-00095
WBCIC,0,13,2,withheld_until_outcome_lock,query,1696,wbcic-13-S3-00096
WBCIC,0,13,2,withheld_until_outcome_lock,query,1697,wbcic-13-S3-00097
WBCIC,0,13,2,withheld_until_outcome_lock,query,1698,wbcic-13-S3-00098
WBCIC,0,13,2,withheld_until_outcome_lock,query,1699,wbcic-13-S3-00099
WBCIC,0,13,2,withheld_until_outcome_lock,query,1700,wbcic-13-S3-00100
WBCIC,0,13,2,withheld_until_outcome_lock,query,1701,wbcic-13-S3-00101
WBCIC,0,13,2,withheld_until_outcome_lock,query,1702,wbcic-13-S3-00102
WBCIC,0,13,2,withheld_until_outcome_lock,query,1703,wbcic-13-S3-00103
WBCIC,0,13,2,withheld_until_outcome_lock,query,1704,wbcic-13-S3-00104
WBCIC,0,13,2,withheld_until_outcome_lock,query,1705,wbcic-13-S3-00105
WBCIC,0,13,2,withheld_until_outcome_lock,query,1706,wbcic-13-S3-00106
WBCIC,0,13,2,withheld_until_outcome_lock,query,1707,wbcic-13-S3-00107
WBCIC,0,13,2,withheld_until_outcome_lock,query,1708,wbcic-13-S3-00108
WBCIC,0,13,2,withheld_until_outcome_lock,query,1709,wbcic-13-S3-00109
WBCIC,0,13,2,withheld_until_outcome_lock,query,1710,wbcic-13-S3-00110
WBCIC,0,13,2,withheld_until_outcome_lock,query,1711,wbcic-13-S3-00111
WBCIC,0,13,2,withheld_until_outcome_lock,query,1712,wbcic-13-S3-00112
WBCIC,0,13,2,withheld_until_outcome_lock,query,1713,wbcic-13-S3-00113
WBCIC,0,13,2,withheld_until_outcome_lock,query,1714,wbcic-13-S3-00114
WBCIC,0,13,2,withheld_until_outcome_lock,query,1715,wbcic-13-S3-00115
WBCIC,0,13,2,withheld_until_outcome_lock,query,1716,wbcic-13-S3-00116
WBCIC,0,13,2,withheld_until_outcome_lock,query,1717,wbcic-13-S3-00117
WBCIC,0,13,2,withheld_until_outcome_lock,query,1718,wbcic-13-S3-00118
WBCIC,0,13,2,withheld_until_outcome_lock,query,1719,wbcic-13-S3-00119
WBCIC,0,13,2,withheld_until_outcome_lock,query,1720,wbcic-13-S3-00120
WBCIC,0,13,2,withheld_until_outcome_lock,query,1721,wbcic-13-S3-00121
WBCIC,0,13,2,withheld_until_outcome_lock,query,1722,wbcic-13-S3-00122
WBCIC,0,13,2,withheld_until_outcome_lock,query,1723,wbcic-13-S3-00123
WBCIC,0,13,2,withheld_until_outcome_lock,query,1724,wbcic-13-S3-00124
WBCIC,0,13,2,withheld_until_outcome_lock,query,1725,wbcic-13-S3-00125
WBCIC,0,13,2,withheld_until_outcome_lock,query,1726,wbcic-13-S3-00126
WBCIC,0,13,2,withheld_until_outcome_lock,query,1727,wbcic-13-S3-00127
WBCIC,0,13,2,withheld_until_outcome_lock,query,1728,wbcic-13-S3-00128
WBCIC,0,13,2,withheld_until_outcome_lock,query,1729,wbcic-13-S3-00129
WBCIC,0,13,2,withheld_until_outcome_lock,query,1730,wbcic-13-S3-00130
WBCIC,0,13,2,withheld_until_outcome_lock,query,1731,wbcic-13-S3-00131
WBCIC,0,13,2,withheld_until_outcome_lock,query,1732,wbcic-13-S3-00132
WBCIC,0,13,2,withheld_until_outcome_lock,query,1733,wbcic-13-S3-00133
WBCIC,0,13,2,withheld_until_outcome_lock,query,1734,wbcic-13-S3-00134
WBCIC,0,13,2,withheld_until_outcome_lock,query,1735,wbcic-13-S3-00135
WBCIC,0,13,2,withheld_until_outcome_lock,query,1736,wbcic-13-S3-00136
WBCIC,0,13,2,withheld_until_outcome_lock,query,1737,wbcic-13-S3-00137
WBCIC,0,13,2,withheld_until_outcome_lock,query,1738,wbcic-13-S3-00138
WBCIC,0,13,2,withheld_until_outcome_lock,query,1739,wbcic-13-S3-00139
WBCIC,0,13,2,withheld_until_outcome_lock,query,1740,wbcic-13-S3-00140
WBCIC,0,13,2,withheld_until_outcome_lock,query,1741,wbcic-13-S3-00141
WBCIC,0,13,2,withheld_until_outcome_lock,query,1742,wbcic-13-S3-00142
WBCIC,0,13,2,withheld_until_outcome_lock,query,1743,wbcic-13-S3-00143
WBCIC,0,13,2,withheld_until_outcome_lock,query,1744,wbcic-13-S3-00144
WBCIC,0,13,2,withheld_until_outcome_lock,query,1745,wbcic-13-S3-00145
WBCIC,0,13,2,withheld_until_outcome_lock,query,1746,wbcic-13-S3-00146
WBCIC,0,13,2,withheld_until_outcome_lock,query,1747,wbcic-13-S3-00147
WBCIC,0,13,2,withheld_until_outcome_lock,query,1748,wbcic-13-S3-00148
WBCIC,0,13,2,withheld_until_outcome_lock,query,1749,wbcic-13-S3-00149
WBCIC,0,13,2,withheld_until_outcome_lock,query,1750,wbcic-13-S3-00150
WBCIC,0,13,2,withheld_until_outcome_lock,query,1751,wbcic-13-S3-00151
WBCIC,0,13,2,withheld_until_outcome_lock,query,1752,wbcic-13-S3-00152
WBCIC,0,13,2,withheld_until_outcome_lock,query,1753,wbcic-13-S3-00153
WBCIC,0,13,2,withheld_until_outcome_lock,query,1754,wbcic-13-S3-00154
WBCIC,0,13,2,withheld_until_outcome_lock,query,1755,wbcic-13-S3-00155
WBCIC,0,13,2,withheld_until_outcome_lock,query,1756,wbcic-13-S3-00156
WBCIC,0,13,2,withheld_until_outcome_lock,query,1757,wbcic-13-S3-00157
WBCIC,0,13,2,withheld_until_outcome_lock,query,1758,wbcic-13-S3-00158
WBCIC,0,13,2,withheld_until_outcome_lock,query,1759,wbcic-13-S3-00159
WBCIC,0,13,2,withheld_until_outcome_lock,query,1760,wbcic-13-S3-00160
WBCIC,0,13,2,withheld_until_outcome_lock,query,1761,wbcic-13-S3-00161
WBCIC,0,13,2,withheld_until_outcome_lock,query,1762,wbcic-13-S3-00162
WBCIC,0,13,2,withheld_until_outcome_lock,query,1763,wbcic-13-S3-00163
WBCIC,0,13,2,withheld_until_outcome_lock,query,1764,wbcic-13-S3-00164
WBCIC,0,13,2,withheld_until_outcome_lock,query,1765,wbcic-13-S3-00165
WBCIC,0,13,2,withheld_until_outcome_lock,query,1766,wbcic-13-S3-00166
WBCIC,0,13,2,withheld_until_outcome_lock,query,1767,wbcic-13-S3-00167
WBCIC,0,13,2,withheld_until_outcome_lock,query,1768,wbcic-13-S3-00168
WBCIC,0,13,2,withheld_until_outcome_lock,query,1769,wbcic-13-S3-00169
WBCIC,0,13,2,withheld_until_outcome_lock,query,1770,wbcic-13-S3-00170
WBCIC,0,13,2,withheld_until_outcome_lock,query,1771,wbcic-13-S3-00171
WBCIC,0,13,2,withheld_until_outcome_lock,query,1772,wbcic-13-S3-00172
WBCIC,0,13,2,withheld_until_outcome_lock,query,1773,wbcic-13-S3-00173
WBCIC,0,13,2,withheld_until_outcome_lock,query,1774,wbcic-13-S3-00174
WBCIC,0,13,2,withheld_until_outcome_lock,query,1775,wbcic-13-S3-00175
WBCIC,0,13,2,withheld_until_outcome_lock,query,1776,wbcic-13-S3-00176
WBCIC,0,13,2,withheld_until_outcome_lock,query,1777,wbcic-13-S3-00177
WBCIC,0,13,2,withheld_until_outcome_lock,query,1778,wbcic-13-S3-00178
WBCIC,0,13,2,withheld_until_outcome_lock,query,1779,wbcic-13-S3-00179
WBCIC,0,13,2,withheld_until_outcome_lock,query,1780,wbcic-13-S3-00180
WBCIC,0,13,2,withheld_until_outcome_lock,query,1781,wbcic-13-S3-00181
WBCIC,0,13,2,withheld_until_outcome_lock,query,1782,wbcic-13-S3-00182
WBCIC,0,13,2,withheld_until_outcome_lock,query,1783,wbcic-13-S3-00183
WBCIC,0,13,2,withheld_until_outcome_lock,query,1784,wbcic-13-S3-00184
WBCIC,0,13,2,withheld_until_outcome_lock,query,1785,wbcic-13-S3-00185
WBCIC,0,13,2,withheld_until_outcome_lock,query,1786,wbcic-13-S3-00186
WBCIC,0,13,2,withheld_until_outcome_lock,query,1787,wbcic-13-S3-00187
WBCIC,0,13,2,withheld_until_outcome_lock,query,1788,wbcic-13-S3-00188
WBCIC,0,13,2,withheld_until_outcome_lock,query,1789,wbcic-13-S3-00189
WBCIC,0,13,2,withheld_until_outcome_lock,query,1790,wbcic-13-S3-00190
WBCIC,0,13,2,withheld_until_outcome_lock,query,1791,wbcic-13-S3-00191
WBCIC,0,13,2,withheld_until_outcome_lock,query,1792,wbcic-13-S3-00192
WBCIC,0,13,2,withheld_until_outcome_lock,query,1793,wbcic-13-S3-00193
WBCIC,0,13,2,withheld_until_outcome_lock,query,1794,wbcic-13-S3-00194
WBCIC,0,13,2,withheld_until_outcome_lock,query,1795,wbcic-13-S3-00195
WBCIC,0,13,2,withheld_until_outcome_lock,query,1796,wbcic-13-S3-00196
WBCIC,0,13,2,withheld_until_outcome_lock,query,1797,wbcic-13-S3-00197
WBCIC,0,13,2,withheld_until_outcome_lock,query,1798,wbcic-13-S3-00198
WBCIC,0,13,2,withheld_until_outcome_lock,query,1799,wbcic-13-S3-00199
WBCIC,0,18,2,withheld_until_outcome_lock,query,3400,wbcic-18-S3-00000
WBCIC,0,18,2,withheld_until_outcome_lock,query,3401,wbcic-18-S3-00001
WBCIC,0,18,2,withheld_until_outcome_lock,query,3402,wbcic-18-S3-00002
WBCIC,0,18,2,withheld_until_outcome_lock,query,3403,wbcic-18-S3-00003
WBCIC,0,18,2,withheld_until_outcome_lock,query,3404,wbcic-18-S3-00004
WBCIC,0,18,2,withheld_until_outcome_lock,query,3405,wbcic-18-S3-00005
WBCIC,0,18,2,withheld_until_outcome_lock,query,3406,wbcic-18-S3-00006
WBCIC,0,18,2,withheld_until_outcome_lock,query,3407,wbcic-18-S3-00007
WBCIC,0,18,2,withheld_until_outcome_lock,query,3408,wbcic-18-S3-00008
WBCIC,0,18,2,withheld_until_outcome_lock,query,3409,wbcic-18-S3-00009
WBCIC,0,18,2,withheld_until_outcome_lock,query,3410,wbcic-18-S3-00010
WBCIC,0,18,2,withheld_until_outcome_lock,query,3411,wbcic-18-S3-00011
WBCIC,0,18,2,withheld_until_outcome_lock,query,3412,wbcic-18-S3-00012
WBCIC,0,18,2,withheld_until_outcome_lock,query,3413,wbcic-18-S3-00013
WBCIC,0,18,2,withheld_until_outcome_lock,query,3414,wbcic-18-S3-00014
WBCIC,0,18,2,withheld_until_outcome_lock,query,3415,wbcic-18-S3-00015
WBCIC,0,18,2,withheld_until_outcome_lock,query,3416,wbcic-18-S3-00016
WBCIC,0,18,2,withheld_until_outcome_lock,query,3417,wbcic-18-S3-00017
WBCIC,0,18,2,withheld_until_outcome_lock,query,3418,wbcic-18-S3-00018
WBCIC,0,18,2,withheld_until_outcome_lock,query,3419,wbcic-18-S3-00019
WBCIC,0,18,2,withheld_until_outcome_lock,query,3420,wbcic-18-S3-00020
WBCIC,0,18,2,withheld_until_outcome_lock,query,3421,wbcic-18-S3-00021
WBCIC,0,18,2,withheld_until_outcome_lock,query,3422,wbcic-18-S3-00022
WBCIC,0,18,2,withheld_until_outcome_lock,query,3423,wbcic-18-S3-00023
WBCIC,0,18,2,withheld_until_outcome_lock,query,3424,wbcic-18-S3-00024
WBCIC,0,18,2,withheld_until_outcome_lock,query,3425,wbcic-18-S3-00025
WBCIC,0,18,2,withheld_until_outcome_lock,query,3426,wbcic-18-S3-00026
WBCIC,0,18,2,withheld_until_outcome_lock,query,3427,wbcic-18-S3-00027
WBCIC,0,18,2,withheld_until_outcome_lock,query,3428,wbcic-18-S3-00028
WBCIC,0,18,2,withheld_until_outcome_lock,query,3429,wbcic-18-S3-00029
WBCIC,0,18,2,withheld_until_outcome_lock,query,3430,wbcic-18-S3-00030
WBCIC,0,18,2,withheld_until_outcome_lock,query,3431,wbcic-18-S3-00031
WBCIC,0,18,2,withheld_until_outcome_lock,query,3432,wbcic-18-S3-00032
WBCIC,0,18,2,withheld_until_outcome_lock,query,3433,wbcic-18-S3-00033
WBCIC,0,18,2,withheld_until_outcome_lock,query,3434,wbcic-18-S3-00034
WBCIC,0,18,2,withheld_until_outcome_lock,query,3435,wbcic-18-S3-00035
WBCIC,0,18,2,withheld_until_outcome_lock,query,3436,wbcic-18-S3-00036
WBCIC,0,18,2,withheld_until_outcome_lock,query,3437,wbcic-18-S3-00037
WBCIC,0,18,2,withheld_until_outcome_lock,query,3438,wbcic-18-S3-00038
WBCIC,0,18,2,withheld_until_outcome_lock,query,3439,wbcic-18-S3-00039
WBCIC,0,18,2,withheld_until_outcome_lock,query,3440,wbcic-18-S3-00040
WBCIC,0,18,2,withheld_until_outcome_lock,query,3441,wbcic-18-S3-00041
WBCIC,0,18,2,withheld_until_outcome_lock,query,3442,wbcic-18-S3-00042
WBCIC,0,18,2,withheld_until_outcome_lock,query,3443,wbcic-18-S3-00043
WBCIC,0,18,2,withheld_until_outcome_lock,query,3444,wbcic-18-S3-00044
WBCIC,0,18,2,withheld_until_outcome_lock,query,3445,wbcic-18-S3-00045
WBCIC,0,18,2,withheld_until_outcome_lock,query,3446,wbcic-18-S3-00046
WBCIC,0,18,2,withheld_until_outcome_lock,query,3447,wbcic-18-S3-00047
WBCIC,0,18,2,withheld_until_outcome_lock,query,3448,wbcic-18-S3-00048
WBCIC,0,18,2,withheld_until_outcome_lock,query,3449,wbcic-18-S3-00049
WBCIC,0,18,2,withheld_until_outcome_lock,query,3450,wbcic-18-S3-00050
WBCIC,0,18,2,withheld_until_outcome_lock,query,3451,wbcic-18-S3-00051
WBCIC,0,18,2,withheld_until_outcome_lock,query,3452,wbcic-18-S3-00052
WBCIC,0,18,2,withheld_until_outcome_lock,query,3453,wbcic-18-S3-00053
WBCIC,0,18,2,withheld_until_outcome_lock,query,3454,wbcic-18-S3-00054
WBCIC,0,18,2,withheld_until_outcome_lock,query,3455,wbcic-18-S3-00055
WBCIC,0,18,2,withheld_until_outcome_lock,query,3456,wbcic-18-S3-00056
WBCIC,0,18,2,withheld_until_outcome_lock,query,3457,wbcic-18-S3-00057
WBCIC,0,18,2,withheld_until_outcome_lock,query,3458,wbcic-18-S3-00058
WBCIC,0,18,2,withheld_until_outcome_lock,query,3459,wbcic-18-S3-00059
WBCIC,0,18,2,withheld_until_outcome_lock,query,3460,wbcic-18-S3-00060
WBCIC,0,18,2,withheld_until_outcome_lock,query,3461,wbcic-18-S3-00061
WBCIC,0,18,2,withheld_until_outcome_lock,query,3462,wbcic-18-S3-00062
WBCIC,0,18,2,withheld_until_outcome_lock,query,3463,wbcic-18-S3-00063
WBCIC,0,18,2,withheld_until_outcome_lock,query,3464,wbcic-18-S3-00064
WBCIC,0,18,2,withheld_until_outcome_lock,query,3465,wbcic-18-S3-00065
WBCIC,0,18,2,withheld_until_outcome_lock,query,3466,wbcic-18-S3-00066
WBCIC,0,18,2,withheld_until_outcome_lock,query,3467,wbcic-18-S3-00067
WBCIC,0,18,2,withheld_until_outcome_lock,query,3468,wbcic-18-S3-00068
WBCIC,0,18,2,withheld_until_outcome_lock,query,3469,wbcic-18-S3-00069
WBCIC,0,18,2,withheld_until_outcome_lock,query,3470,wbcic-18-S3-00070
WBCIC,0,18,2,withheld_until_outcome_lock,query,3471,wbcic-18-S3-00071
WBCIC,0,18,2,withheld_until_outcome_lock,query,3472,wbcic-18-S3-00072
WBCIC,0,18,2,withheld_until_outcome_lock,query,3473,wbcic-18-S3-00073
WBCIC,0,18,2,withheld_until_outcome_lock,query,3474,wbcic-18-S3-00074
WBCIC,0,18,2,withheld_until_outcome_lock,query,3475,wbcic-18-S3-00075
WBCIC,0,18,2,withheld_until_outcome_lock,query,3476,wbcic-18-S3-00076
WBCIC,0,18,2,withheld_until_outcome_lock,query,3477,wbcic-18-S3-00077
WBCIC,0,18,2,withheld_until_outcome_lock,query,3478,wbcic-18-S3-00078
WBCIC,0,18,2,withheld_until_outcome_lock,query,3479,wbcic-18-S3-00079
WBCIC,0,18,2,withheld_until_outcome_lock,query,3480,wbcic-18-S3-00080
WBCIC,0,18,2,withheld_until_outcome_lock,query,3481,wbcic-18-S3-00081
WBCIC,0,18,2,withheld_until_outcome_lock,query,3482,wbcic-18-S3-00082
WBCIC,0,18,2,withheld_until_outcome_lock,query,3483,wbcic-18-S3-00083
WBCIC,0,18,2,withheld_until_outcome_lock,query,3484,wbcic-18-S3-00084
WBCIC,0,18,2,withheld_until_outcome_lock,query,3485,wbcic-18-S3-00085
WBCIC,0,18,2,withheld_until_outcome_lock,query,3486,wbcic-18-S3-00086
WBCIC,0,18,2,withheld_until_outcome_lock,query,3487,wbcic-18-S3-00087
WBCIC,0,18,2,withheld_until_outcome_lock,query,3488,wbcic-18-S3-00088
WBCIC,0,18,2,withheld_until_outcome_lock,query,3489,wbcic-18-S3-00089
WBCIC,0,18,2,withheld_until_outcome_lock,query,3490,wbcic-18-S3-00090
WBCIC,0,18,2,withheld_until_outcome_lock,query,3491,wbcic-18-S3-00091
WBCIC,0,18,2,withheld_until_outcome_lock,query,3492,wbcic-18-S3-00092
WBCIC,0,18,2,withheld_until_outcome_lock,query,3493,wbcic-18-S3-00093
WBCIC,0,18,2,withheld_until_outcome_lock,query,3494,wbcic-18-S3-00094
WBCIC,0,18,2,withheld_until_outcome_lock,query,3495,wbcic-18-S3-00095
WBCIC,0,18,2,withheld_until_outcome_lock,query,3496,wbcic-18-S3-00096
WBCIC,0,18,2,withheld_until_outcome_lock,query,3497,wbcic-18-S3-00097
WBCIC,0,18,2,withheld_until_outcome_lock,query,3498,wbcic-18-S3-00098
WBCIC,0,18,2,withheld_until_outcome_lock,query,3499,wbcic-18-S3-00099
WBCIC,0,18,2,withheld_until_outcome_lock,query,3500,wbcic-18-S3-00100
WBCIC,0,18,2,withheld_until_outcome_lock,query,3501,wbcic-18-S3-00101
WBCIC,0,18,2,withheld_until_outcome_lock,query,3502,wbcic-18-S3-00102
WBCIC,0,18,2,withheld_until_outcome_lock,query,3503,wbcic-18-S3-00103
WBCIC,0,18,2,withheld_until_outcome_lock,query,3504,wbcic-18-S3-00104
WBCIC,0,18,2,withheld_until_outcome_lock,query,3505,wbcic-18-S3-00105
WBCIC,0,18,2,withheld_until_outcome_lock,query,3506,wbcic-18-S3-00106
WBCIC,0,18,2,withheld_until_outcome_lock,query,3507,wbcic-18-S3-00107
WBCIC,0,18,2,withheld_until_outcome_lock,query,3508,wbcic-18-S3-00108
WBCIC,0,18,2,withheld_until_outcome_lock,query,3509,wbcic-18-S3-00109
WBCIC,0,18,2,withheld_until_outcome_lock,query,3510,wbcic-18-S3-00110
WBCIC,0,18,2,withheld_until_outcome_lock,query,3511,wbcic-18-S3-00111
WBCIC,0,18,2,withheld_until_outcome_lock,query,3512,wbcic-18-S3-00112
WBCIC,0,18,2,withheld_until_outcome_lock,query,3513,wbcic-18-S3-00113
WBCIC,0,18,2,withheld_until_outcome_lock,query,3514,wbcic-18-S3-00114
WBCIC,0,18,2,withheld_until_outcome_lock,query,3515,wbcic-18-S3-00115
WBCIC,0,18,2,withheld_until_outcome_lock,query,3516,wbcic-18-S3-00116
WBCIC,0,18,2,withheld_until_outcome_lock,query,3517,wbcic-18-S3-00117
WBCIC,0,18,2,withheld_until_outcome_lock,query,3518,wbcic-18-S3-00118
WBCIC,0,18,2,withheld_until_outcome_lock,query,3519,wbcic-18-S3-00119
WBCIC,0,18,2,withheld_until_outcome_lock,query,3520,wbcic-18-S3-00120
WBCIC,0,18,2,withheld_until_outcome_lock,query,3521,wbcic-18-S3-00121
WBCIC,0,18,2,withheld_until_outcome_lock,query,3522,wbcic-18-S3-00122
WBCIC,0,18,2,withheld_until_outcome_lock,query,3523,wbcic-18-S3-00123
WBCIC,0,18,2,withheld_until_outcome_lock,query,3524,wbcic-18-S3-00124
WBCIC,0,18,2,withheld_until_outcome_lock,query,3525,wbcic-18-S3-00125
WBCIC,0,18,2,withheld_until_outcome_lock,query,3526,wbcic-18-S3-00126
WBCIC,0,18,2,withheld_until_outcome_lock,query,3527,wbcic-18-S3-00127
WBCIC,0,18,2,withheld_until_outcome_lock,query,3528,wbcic-18-S3-00128
WBCIC,0,18,2,withheld_until_outcome_lock,query,3529,wbcic-18-S3-00129
WBCIC,0,18,2,withheld_until_outcome_lock,query,3530,wbcic-18-S3-00130
WBCIC,0,18,2,withheld_until_outcome_lock,query,3531,wbcic-18-S3-00131
WBCIC,0,18,2,withheld_until_outcome_lock,query,3532,wbcic-18-S3-00132
WBCIC,0,18,2,withheld_until_outcome_lock,query,3533,wbcic-18-S3-00133
WBCIC,0,18,2,withheld_until_outcome_lock,query,3534,wbcic-18-S3-00134
WBCIC,0,18,2,withheld_until_outcome_lock,query,3535,wbcic-18-S3-00135
WBCIC,0,18,2,withheld_until_outcome_lock,query,3536,wbcic-18-S3-00136
WBCIC,0,18,2,withheld_until_outcome_lock,query,3537,wbcic-18-S3-00137
WBCIC,0,18,2,withheld_until_outcome_lock,query,3538,wbcic-18-S3-00138
WBCIC,0,18,2,withheld_until_outcome_lock,query,3539,wbcic-18-S3-00139
WBCIC,0,18,2,withheld_until_outcome_lock,query,3540,wbcic-18-S3-00140
WBCIC,0,18,2,withheld_until_outcome_lock,query,3541,wbcic-18-S3-00141
WBCIC,0,18,2,withheld_until_outcome_lock,query,3542,wbcic-18-S3-00142
WBCIC,0,18,2,withheld_until_outcome_lock,query,3543,wbcic-18-S3-00143
WBCIC,0,18,2,withheld_until_outcome_lock,query,3544,wbcic-18-S3-00144
WBCIC,0,18,2,withheld_until_outcome_lock,query,3545,wbcic-18-S3-00145
WBCIC,0,18,2,withheld_until_outcome_lock,query,3546,wbcic-18-S3-00146
WBCIC,0,18,2,withheld_until_outcome_lock,query,3547,wbcic-18-S3-00147
WBCIC,0,18,2,withheld_until_outcome_lock,query,3548,wbcic-18-S3-00148
WBCIC,0,18,2,withheld_until_outcome_lock,query,3549,wbcic-18-S3-00149
WBCIC,0,18,2,withheld_until_outcome_lock,query,3550,wbcic-18-S3-00150
WBCIC,0,18,2,withheld_until_outcome_lock,query,3551,wbcic-18-S3-00151
WBCIC,0,18,2,withheld_until_outcome_lock,query,3552,wbcic-18-S3-00152
WBCIC,0,18,2,withheld_until_outcome_lock,query,3553,wbcic-18-S3-00153
WBCIC,0,18,2,withheld_until_outcome_lock,query,3554,wbcic-18-S3-00154
WBCIC,0,18,2,withheld_until_outcome_lock,query,3555,wbcic-18-S3-00155
WBCIC,0,18,2,withheld_until_outcome_lock,query,3556,wbcic-18-S3-00156
WBCIC,0,18,2,withheld_until_outcome_lock,query,3557,wbcic-18-S3-00157
WBCIC,0,18,2,withheld_until_outcome_lock,query,3558,wbcic-18-S3-00158
WBCIC,0,18,2,withheld_until_outcome_lock,query,3559,wbcic-18-S3-00159
WBCIC,0,18,2,withheld_until_outcome_lock,query,3560,wbcic-18-S3-00160
WBCIC,0,18,2,withheld_until_outcome_lock,query,3561,wbcic-18-S3-00161
WBCIC,0,18,2,withheld_until_outcome_lock,query,3562,wbcic-18-S3-00162
WBCIC,0,18,2,withheld_until_outcome_lock,query,3563,wbcic-18-S3-00163
WBCIC,0,18,2,withheld_until_outcome_lock,query,3564,wbcic-18-S3-00164
WBCIC,0,18,2,withheld_until_outcome_lock,query,3565,wbcic-18-S3-00165
WBCIC,0,18,2,withheld_until_outcome_lock,query,3566,wbcic-18-S3-00166
WBCIC,0,18,2,withheld_until_outcome_lock,query,3567,wbcic-18-S3-00167
WBCIC,0,18,2,withheld_until_outcome_lock,query,3568,wbcic-18-S3-00168
WBCIC,0,18,2,withheld_until_outcome_lock,query,3569,wbcic-18-S3-00169
WBCIC,0,18,2,withheld_until_outcome_lock,query,3570,wbcic-18-S3-00170
WBCIC,0,18,2,withheld_until_outcome_lock,query,3571,wbcic-18-S3-00171
WBCIC,0,18,2,withheld_until_outcome_lock,query,3572,wbcic-18-S3-00172
WBCIC,0,18,2,withheld_until_outcome_lock,query,3573,wbcic-18-S3-00173
WBCIC,0,18,2,withheld_until_outcome_lock,query,3574,wbcic-18-S3-00174
WBCIC,0,18,2,withheld_until_outcome_lock,query,3575,wbcic-18-S3-00175
WBCIC,0,18,2,withheld_until_outcome_lock,query,3576,wbcic-18-S3-00176
WBCIC,0,18,2,withheld_until_outcome_lock,query,3577,wbcic-18-S3-00177
WBCIC,0,18,2,withheld_until_outcome_lock,query,3578,wbcic-18-S3-00178
WBCIC,0,18,2,withheld_until_outcome_lock,query,3579,wbcic-18-S3-00179
WBCIC,0,18,2,withheld_until_outcome_lock,query,3580,wbcic-18-S3-00180
WBCIC,0,18,2,withheld_until_outcome_lock,query,3581,wbcic-18-S3-00181
WBCIC,0,18,2,withheld_until_outcome_lock,query,3582,wbcic-18-S3-00182
WBCIC,0,18,2,withheld_until_outcome_lock,query,3583,wbcic-18-S3-00183
WBCIC,0,18,2,withheld_until_outcome_lock,query,3584,wbcic-18-S3-00184
WBCIC,0,18,2,withheld_until_outcome_lock,query,3585,wbcic-18-S3-00185
WBCIC,0,18,2,withheld_until_outcome_lock,query,3586,wbcic-18-S3-00186
WBCIC,0,18,2,withheld_until_outcome_lock,query,3587,wbcic-18-S3-00187
WBCIC,0,18,2,withheld_until_outcome_lock,query,3588,wbcic-18-S3-00188
WBCIC,0,18,2,withheld_until_outcome_lock,query,3589,wbcic-18-S3-00189
WBCIC,0,18,2,withheld_until_outcome_lock,query,3590,wbcic-18-S3-00190
WBCIC,0,18,2,withheld_until_outcome_lock,query,3591,wbcic-18-S3-00191
WBCIC,0,18,2,withheld_until_outcome_lock,query,3592,wbcic-18-S3-00192
WBCIC,0,18,2,withheld_until_outcome_lock,query,3593,wbcic-18-S3-00193
WBCIC,0,18,2,withheld_until_outcome_lock,query,3594,wbcic-18-S3-00194
WBCIC,0,18,2,withheld_until_outcome_lock,query,3595,wbcic-18-S3-00195
WBCIC,0,18,2,withheld_until_outcome_lock,query,3596,wbcic-18-S3-00196
WBCIC,0,18,2,withheld_until_outcome_lock,query,3597,wbcic-18-S3-00197
WBCIC,0,18,2,withheld_until_outcome_lock,query,3598,wbcic-18-S3-00198
WBCIC,0,18,2,withheld_until_outcome_lock,query,3599,wbcic-18-S3-00199
WBCIC,0,2,2,withheld_until_outcome_lock,query,4000,wbcic-2-S3-00000
WBCIC,0,2,2,withheld_until_outcome_lock,query,4001,wbcic-2-S3-00001
WBCIC,0,2,2,withheld_until_outcome_lock,query,4002,wbcic-2-S3-00002
WBCIC,0,2,2,withheld_until_outcome_lock,query,4003,wbcic-2-S3-00003
WBCIC,0,2,2,withheld_until_outcome_lock,query,4004,wbcic-2-S3-00004
WBCIC,0,2,2,withheld_until_outcome_lock,query,4005,wbcic-2-S3-00005
WBCIC,0,2,2,withheld_until_outcome_lock,query,4006,wbcic-2-S3-00006
WBCIC,0,2,2,withheld_until_outcome_lock,query,4007,wbcic-2-S3-00007
WBCIC,0,2,2,withheld_until_outcome_lock,query,4008,wbcic-2-S3-00008
WBCIC,0,2,2,withheld_until_outcome_lock,query,4009,wbcic-2-S3-00009
WBCIC,0,2,2,withheld_until_outcome_lock,query,4010,wbcic-2-S3-00010
WBCIC,0,2,2,withheld_until_outcome_lock,query,4011,wbcic-2-S3-00011
WBCIC,0,2,2,withheld_until_outcome_lock,query,4012,wbcic-2-S3-00012
WBCIC,0,2,2,withheld_until_outcome_lock,query,4013,wbcic-2-S3-00013
WBCIC,0,2,2,withheld_until_outcome_lock,query,4014,wbcic-2-S3-00014
WBCIC,0,2,2,withheld_until_outcome_lock,query,4015,wbcic-2-S3-00015
WBCIC,0,2,2,withheld_until_outcome_lock,query,4016,wbcic-2-S3-00016
WBCIC,0,2,2,withheld_until_outcome_lock,query,4017,wbcic-2-S3-00017
WBCIC,0,2,2,withheld_until_outcome_lock,query,4018,wbcic-2-S3-00018
WBCIC,0,2,2,withheld_until_outcome_lock,query,4019,wbcic-2-S3-00019
WBCIC,0,2,2,withheld_until_outcome_lock,query,4020,wbcic-2-S3-00020
WBCIC,0,2,2,withheld_until_outcome_lock,query,4021,wbcic-2-S3-00021
WBCIC,0,2,2,withheld_until_outcome_lock,query,4022,wbcic-2-S3-00022
WBCIC,0,2,2,withheld_until_outcome_lock,query,4023,wbcic-2-S3-00023
WBCIC,0,2,2,withheld_until_outcome_lock,query,4024,wbcic-2-S3-00024
WBCIC,0,2,2,withheld_until_outcome_lock,query,4025,wbcic-2-S3-00025
WBCIC,0,2,2,withheld_until_outcome_lock,query,4026,wbcic-2-S3-00026
WBCIC,0,2,2,withheld_until_outcome_lock,query,4027,wbcic-2-S3-00027
WBCIC,0,2,2,withheld_until_outcome_lock,query,4028,wbcic-2-S3-00028
WBCIC,0,2,2,withheld_until_outcome_lock,query,4029,wbcic-2-S3-00029
WBCIC,0,2,2,withheld_until_outcome_lock,query,4030,wbcic-2-S3-00030
WBCIC,0,2,2,withheld_until_outcome_lock,query,4031,wbcic-2-S3-00031
WBCIC,0,2,2,withheld_until_outcome_lock,query,4032,wbcic-2-S3-00032
WBCIC,0,2,2,withheld_until_outcome_lock,query,4033,wbcic-2-S3-00033
WBCIC,0,2,2,withheld_until_outcome_lock,query,4034,wbcic-2-S3-00034
WBCIC,0,2,2,withheld_until_outcome_lock,query,4035,wbcic-2-S3-00035
WBCIC,0,2,2,withheld_until_outcome_lock,query,4036,wbcic-2-S3-00036
WBCIC,0,2,2,withheld_until_outcome_lock,query,4037,wbcic-2-S3-00037
WBCIC,0,2,2,withheld_until_outcome_lock,query,4038,wbcic-2-S3-00038
WBCIC,0,2,2,withheld_until_outcome_lock,query,4039,wbcic-2-S3-00039
WBCIC,0,2,2,withheld_until_outcome_lock,query,4040,wbcic-2-S3-00040
WBCIC,0,2,2,withheld_until_outcome_lock,query,4041,wbcic-2-S3-00041
WBCIC,0,2,2,withheld_until_outcome_lock,query,4042,wbcic-2-S3-00042
WBCIC,0,2,2,withheld_until_outcome_lock,query,4043,wbcic-2-S3-00043
WBCIC,0,2,2,withheld_until_outcome_lock,query,4044,wbcic-2-S3-00044
WBCIC,0,2,2,withheld_until_outcome_lock,query,4045,wbcic-2-S3-00045
WBCIC,0,2,2,withheld_until_outcome_lock,query,4046,wbcic-2-S3-00046
WBCIC,0,2,2,withheld_until_outcome_lock,query,4047,wbcic-2-S3-00047
WBCIC,0,2,2,withheld_until_outcome_lock,query,4048,wbcic-2-S3-00048
WBCIC,0,2,2,withheld_until_outcome_lock,query,4049,wbcic-2-S3-00049
WBCIC,0,2,2,withheld_until_outcome_lock,query,4050,wbcic-2-S3-00050
WBCIC,0,2,2,withheld_until_outcome_lock,query,4051,wbcic-2-S3-00051
WBCIC,0,2,2,withheld_until_outcome_lock,query,4052,wbcic-2-S3-00052
WBCIC,0,2,2,withheld_until_outcome_lock,query,4053,wbcic-2-S3-00053
WBCIC,0,2,2,withheld_until_outcome_lock,query,4054,wbcic-2-S3-00054
WBCIC,0,2,2,withheld_until_outcome_lock,query,4055,wbcic-2-S3-00055
WBCIC,0,2,2,withheld_until_outcome_lock,query,4056,wbcic-2-S3-00056
WBCIC,0,2,2,withheld_until_outcome_lock,query,4057,wbcic-2-S3-00057
WBCIC,0,2,2,withheld_until_outcome_lock,query,4058,wbcic-2-S3-00058
WBCIC,0,2,2,withheld_until_outcome_lock,query,4059,wbcic-2-S3-00059
WBCIC,0,2,2,withheld_until_outcome_lock,query,4060,wbcic-2-S3-00060
WBCIC,0,2,2,withheld_until_outcome_lock,query,4061,wbcic-2-S3-00061
WBCIC,0,2,2,withheld_until_outcome_lock,query,4062,wbcic-2-S3-00062
WBCIC,0,2,2,withheld_until_outcome_lock,query,4063,wbcic-2-S3-00063
WBCIC,0,2,2,withheld_until_outcome_lock,query,4064,wbcic-2-S3-00064
WBCIC,0,2,2,withheld_until_outcome_lock,query,4065,wbcic-2-S3-00065
WBCIC,0,2,2,withheld_until_outcome_lock,query,4066,wbcic-2-S3-00066
WBCIC,0,2,2,withheld_until_outcome_lock,query,4067,wbcic-2-S3-00067
WBCIC,0,2,2,withheld_until_outcome_lock,query,4068,wbcic-2-S3-00068
WBCIC,0,2,2,withheld_until_outcome_lock,query,4069,wbcic-2-S3-00069
WBCIC,0,2,2,withheld_until_outcome_lock,query,4070,wbcic-2-S3-00070
WBCIC,0,2,2,withheld_until_outcome_lock,query,4071,wbcic-2-S3-00071
WBCIC,0,2,2,withheld_until_outcome_lock,query,4072,wbcic-2-S3-00072
WBCIC,0,2,2,withheld_until_outcome_lock,query,4073,wbcic-2-S3-00073
WBCIC,0,2,2,withheld_until_outcome_lock,query,4074,wbcic-2-S3-00074
WBCIC,0,2,2,withheld_until_outcome_lock,query,4075,wbcic-2-S3-00075
WBCIC,0,2,2,withheld_until_outcome_lock,query,4076,wbcic-2-S3-00076
WBCIC,0,2,2,withheld_until_outcome_lock,query,4077,wbcic-2-S3-00077
WBCIC,0,2,2,withheld_until_outcome_lock,query,4078,wbcic-2-S3-00078
WBCIC,0,2,2,withheld_until_outcome_lock,query,4079,wbcic-2-S3-00079
WBCIC,0,2,2,withheld_until_outcome_lock,query,4080,wbcic-2-S3-00080
WBCIC,0,2,2,withheld_until_outcome_lock,query,4081,wbcic-2-S3-00081
WBCIC,0,2,2,withheld_until_outcome_lock,query,4082,wbcic-2-S3-00082
WBCIC,0,2,2,withheld_until_outcome_lock,query,4083,wbcic-2-S3-00083
WBCIC,0,2,2,withheld_until_outcome_lock,query,4084,wbcic-2-S3-00084
WBCIC,0,2,2,withheld_until_outcome_lock,query,4085,wbcic-2-S3-00085
WBCIC,0,2,2,withheld_until_outcome_lock,query,4086,wbcic-2-S3-00086
WBCIC,0,2,2,withheld_until_outcome_lock,query,4087,wbcic-2-S3-00087
WBCIC,0,2,2,withheld_until_outcome_lock,query,4088,wbcic-2-S3-00088
WBCIC,0,2,2,withheld_until_outcome_lock,query,4089,wbcic-2-S3-00089
WBCIC,0,2,2,withheld_until_outcome_lock,query,4090,wbcic-2-S3-00090
WBCIC,0,2,2,withheld_until_outcome_lock,query,4091,wbcic-2-S3-00091
WBCIC,0,2,2,withheld_until_outcome_lock,query,4092,wbcic-2-S3-00092
WBCIC,0,2,2,withheld_until_outcome_lock,query,4093,wbcic-2-S3-00093
WBCIC,0,2,2,withheld_until_outcome_lock,query,4094,wbcic-2-S3-00094
WBCIC,0,2,2,withheld_until_outcome_lock,query,4095,wbcic-2-S3-00095
WBCIC,0,2,2,withheld_until_outcome_lock,query,4096,wbcic-2-S3-00096
WBCIC,0,2,2,withheld_until_outcome_lock,query,4097,wbcic-2-S3-00097
WBCIC,0,2,2,withheld_until_outcome_lock,query,4098,wbcic-2-S3-00098
WBCIC,0,2,2,withheld_until_outcome_lock,query,4099,wbcic-2-S3-00099
WBCIC,0,2,2,withheld_until_outcome_lock,query,4100,wbcic-2-S3-00100
WBCIC,0,2,2,withheld_until_outcome_lock,query,4101,wbcic-2-S3-00101
WBCIC,0,2,2,withheld_until_outcome_lock,query,4102,wbcic-2-S3-00102
WBCIC,0,2,2,withheld_until_outcome_lock,query,4103,wbcic-2-S3-00103
WBCIC,0,2,2,withheld_until_outcome_lock,query,4104,wbcic-2-S3-00104
WBCIC,0,2,2,withheld_until_outcome_lock,query,4105,wbcic-2-S3-00105
WBCIC,0,2,2,withheld_until_outcome_lock,query,4106,wbcic-2-S3-00106
WBCIC,0,2,2,withheld_until_outcome_lock,query,4107,wbcic-2-S3-00107
WBCIC,0,2,2,withheld_until_outcome_lock,query,4108,wbcic-2-S3-00108
WBCIC,0,2,2,withheld_until_outcome_lock,query,4109,wbcic-2-S3-00109
WBCIC,0,2,2,withheld_until_outcome_lock,query,4110,wbcic-2-S3-00110
WBCIC,0,2,2,withheld_until_outcome_lock,query,4111,wbcic-2-S3-00111
WBCIC,0,2,2,withheld_until_outcome_lock,query,4112,wbcic-2-S3-00112
WBCIC,0,2,2,withheld_until_outcome_lock,query,4113,wbcic-2-S3-00113
WBCIC,0,2,2,withheld_until_outcome_lock,query,4114,wbcic-2-S3-00114
WBCIC,0,2,2,withheld_until_outcome_lock,query,4115,wbcic-2-S3-00115
WBCIC,0,2,2,withheld_until_outcome_lock,query,4116,wbcic-2-S3-00116
WBCIC,0,2,2,withheld_until_outcome_lock,query,4117,wbcic-2-S3-00117
WBCIC,0,2,2,withheld_until_outcome_lock,query,4118,wbcic-2-S3-00118
WBCIC,0,2,2,withheld_until_outcome_lock,query,4119,wbcic-2-S3-00119
WBCIC,0,2,2,withheld_until_outcome_lock,query,4120,wbcic-2-S3-00120
WBCIC,0,2,2,withheld_until_outcome_lock,query,4121,wbcic-2-S3-00121
WBCIC,0,2,2,withheld_until_outcome_lock,query,4122,wbcic-2-S3-00122
WBCIC,0,2,2,withheld_until_outcome_lock,query,4123,wbcic-2-S3-00123
WBCIC,0,2,2,withheld_until_outcome_lock,query,4124,wbcic-2-S3-00124
WBCIC,0,2,2,withheld_until_outcome_lock,query,4125,wbcic-2-S3-00125
WBCIC,0,2,2,withheld_until_outcome_lock,query,4126,wbcic-2-S3-00126
WBCIC,0,2,2,withheld_until_outcome_lock,query,4127,wbcic-2-S3-00127
WBCIC,0,2,2,withheld_until_outcome_lock,query,4128,wbcic-2-S3-00128
WBCIC,0,2,2,withheld_until_outcome_lock,query,4129,wbcic-2-S3-00129
WBCIC,0,2,2,withheld_until_outcome_lock,query,4130,wbcic-2-S3-00130
WBCIC,0,2,2,withheld_until_outcome_lock,query,4131,wbcic-2-S3-00131
WBCIC,0,2,2,withheld_until_outcome_lock,query,4132,wbcic-2-S3-00132
WBCIC,0,2,2,withheld_until_outcome_lock,query,4133,wbcic-2-S3-00133
WBCIC,0,2,2,withheld_until_outcome_lock,query,4134,wbcic-2-S3-00134
WBCIC,0,2,2,withheld_until_outcome_lock,query,4135,wbcic-2-S3-00135
WBCIC,0,2,2,withheld_until_outcome_lock,query,4136,wbcic-2-S3-00136
WBCIC,0,2,2,withheld_until_outcome_lock,query,4137,wbcic-2-S3-00137
WBCIC,0,2,2,withheld_until_outcome_lock,query,4138,wbcic-2-S3-00138
WBCIC,0,2,2,withheld_until_outcome_lock,query,4139,wbcic-2-S3-00139
WBCIC,0,2,2,withheld_until_outcome_lock,query,4140,wbcic-2-S3-00140
WBCIC,0,2,2,withheld_until_outcome_lock,query,4141,wbcic-2-S3-00141
WBCIC,0,2,2,withheld_until_outcome_lock,query,4142,wbcic-2-S3-00142
WBCIC,0,2,2,withheld_until_outcome_lock,query,4143,wbcic-2-S3-00143
WBCIC,0,2,2,withheld_until_outcome_lock,query,4144,wbcic-2-S3-00144
WBCIC,0,2,2,withheld_until_outcome_lock,query,4145,wbcic-2-S3-00145
WBCIC,0,2,2,withheld_until_outcome_lock,query,4146,wbcic-2-S3-00146
WBCIC,0,2,2,withheld_until_outcome_lock,query,4147,wbcic-2-S3-00147
WBCIC,0,2,2,withheld_until_outcome_lock,query,4148,wbcic-2-S3-00148
WBCIC,0,2,2,withheld_until_outcome_lock,query,4149,wbcic-2-S3-00149
WBCIC,0,2,2,withheld_until_outcome_lock,query,4150,wbcic-2-S3-00150
WBCIC,0,2,2,withheld_until_outcome_lock,query,4151,wbcic-2-S3-00151
WBCIC,0,2,2,withheld_until_outcome_lock,query,4152,wbcic-2-S3-00152
WBCIC,0,2,2,withheld_until_outcome_lock,query,4153,wbcic-2-S3-00153
WBCIC,0,2,2,withheld_until_outcome_lock,query,4154,wbcic-2-S3-00154
WBCIC,0,2,2,withheld_until_outcome_lock,query,4155,wbcic-2-S3-00155
WBCIC,0,2,2,withheld_until_outcome_lock,query,4156,wbcic-2-S3-00156
WBCIC,0,2,2,withheld_until_outcome_lock,query,4157,wbcic-2-S3-00157
WBCIC,0,2,2,withheld_until_outcome_lock,query,4158,wbcic-2-S3-00158
WBCIC,0,2,2,withheld_until_outcome_lock,query,4159,wbcic-2-S3-00159
WBCIC,0,2,2,withheld_until_outcome_lock,query,4160,wbcic-2-S3-00160
WBCIC,0,2,2,withheld_until_outcome_lock,query,4161,wbcic-2-S3-00161
WBCIC,0,2,2,withheld_until_outcome_lock,query,4162,wbcic-2-S3-00162
WBCIC,0,2,2,withheld_until_outcome_lock,query,4163,wbcic-2-S3-00163
WBCIC,0,2,2,withheld_until_outcome_lock,query,4164,wbcic-2-S3-00164
WBCIC,0,2,2,withheld_until_outcome_lock,query,4165,wbcic-2-S3-00165
WBCIC,0,2,2,withheld_until_outcome_lock,query,4166,wbcic-2-S3-00166
WBCIC,0,2,2,withheld_until_outcome_lock,query,4167,wbcic-2-S3-00167
WBCIC,0,2,2,withheld_until_outcome_lock,query,4168,wbcic-2-S3-00168
WBCIC,0,2,2,withheld_until_outcome_lock,query,4169,wbcic-2-S3-00169
WBCIC,0,2,2,withheld_until_outcome_lock,query,4170,wbcic-2-S3-00170
WBCIC,0,2,2,withheld_until_outcome_lock,query,4171,wbcic-2-S3-00171
WBCIC,0,2,2,withheld_until_outcome_lock,query,4172,wbcic-2-S3-00172
WBCIC,0,2,2,withheld_until_outcome_lock,query,4173,wbcic-2-S3-00173
WBCIC,0,2,2,withheld_until_outcome_lock,query,4174,wbcic-2-S3-00174
WBCIC,0,2,2,withheld_until_outcome_lock,query,4175,wbcic-2-S3-00175
WBCIC,0,2,2,withheld_until_outcome_lock,query,4176,wbcic-2-S3-00176
WBCIC,0,2,2,withheld_until_outcome_lock,query,4177,wbcic-2-S3-00177
WBCIC,0,2,2,withheld_until_outcome_lock,query,4178,wbcic-2-S3-00178
WBCIC,0,2,2,withheld_until_outcome_lock,query,4179,wbcic-2-S3-00179
WBCIC,0,2,2,withheld_until_outcome_lock,query,4180,wbcic-2-S3-00180
WBCIC,0,2,2,withheld_until_outcome_lock,query,4181,wbcic-2-S3-00181
WBCIC,0,2,2,withheld_until_outcome_lock,query,4182,wbcic-2-S3-00182
WBCIC,0,2,2,withheld_until_outcome_lock,query,4183,wbcic-2-S3-00183
WBCIC,0,2,2,withheld_until_outcome_lock,query,4184,wbcic-2-S3-00184
WBCIC,0,2,2,withheld_until_outcome_lock,query,4185,wbcic-2-S3-00185
WBCIC,0,2,2,withheld_until_outcome_lock,query,4186,wbcic-2-S3-00186
WBCIC,0,2,2,withheld_until_outcome_lock,query,4187,wbcic-2-S3-00187
WBCIC,0,2,2,withheld_until_outcome_lock,query,4188,wbcic-2-S3-00188
WBCIC,0,2,2,withheld_until_outcome_lock,query,4189,wbcic-2-S3-00189
WBCIC,0,2,2,withheld_until_outcome_lock,query,4190,wbcic-2-S3-00190
WBCIC,0,2,2,withheld_until_outcome_lock,query,4191,wbcic-2-S3-00191
WBCIC,0,2,2,withheld_until_outcome_lock,query,4192,wbcic-2-S3-00192
WBCIC,0,2,2,withheld_until_outcome_lock,query,4193,wbcic-2-S3-00193
WBCIC,0,2,2,withheld_until_outcome_lock,query,4194,wbcic-2-S3-00194
WBCIC,0,2,2,withheld_until_outcome_lock,query,4195,wbcic-2-S3-00195
WBCIC,0,2,2,withheld_until_outcome_lock,query,4196,wbcic-2-S3-00196
WBCIC,0,2,2,withheld_until_outcome_lock,query,4197,wbcic-2-S3-00197
WBCIC,0,2,2,withheld_until_outcome_lock,query,4198,wbcic-2-S3-00198
WBCIC,0,2,2,withheld_until_outcome_lock,query,4199,wbcic-2-S3-00199
WBCIC,0,27,2,withheld_until_outcome_lock,query,7592,wbcic-27-S3-00000
WBCIC,0,27,2,withheld_until_outcome_lock,query,7593,wbcic-27-S3-00001
WBCIC,0,27,2,withheld_until_outcome_lock,query,7594,wbcic-27-S3-00002
WBCIC,0,27,2,withheld_until_outcome_lock,query,7595,wbcic-27-S3-00003
WBCIC,0,27,2,withheld_until_outcome_lock,query,7596,wbcic-27-S3-00004
WBCIC,0,27,2,withheld_until_outcome_lock,query,7597,wbcic-27-S3-00005
WBCIC,0,27,2,withheld_until_outcome_lock,query,7598,wbcic-27-S3-00006
WBCIC,0,27,2,withheld_until_outcome_lock,query,7599,wbcic-27-S3-00007
WBCIC,0,27,2,withheld_until_outcome_lock,query,7600,wbcic-27-S3-00008
WBCIC,0,27,2,withheld_until_outcome_lock,query,7601,wbcic-27-S3-00009
WBCIC,0,27,2,withheld_until_outcome_lock,query,7602,wbcic-27-S3-00010
WBCIC,0,27,2,withheld_until_outcome_lock,query,7603,wbcic-27-S3-00011
WBCIC,0,27,2,withheld_until_outcome_lock,query,7604,wbcic-27-S3-00012
WBCIC,0,27,2,withheld_until_outcome_lock,query,7605,wbcic-27-S3-00013
WBCIC,0,27,2,withheld_until_outcome_lock,query,7606,wbcic-27-S3-00014
WBCIC,0,27,2,withheld_until_outcome_lock,query,7607,wbcic-27-S3-00015
WBCIC,0,27,2,withheld_until_outcome_lock,query,7608,wbcic-27-S3-00016
WBCIC,0,27,2,withheld_until_outcome_lock,query,7609,wbcic-27-S3-00017
WBCIC,0,27,2,withheld_until_outcome_lock,query,7610,wbcic-27-S3-00018
WBCIC,0,27,2,withheld_until_outcome_lock,query,7611,wbcic-27-S3-00019
WBCIC,0,27,2,withheld_until_outcome_lock,query,7612,wbcic-27-S3-00020
WBCIC,0,27,2,withheld_until_outcome_lock,query,7613,wbcic-27-S3-00021
WBCIC,0,27,2,withheld_until_outcome_lock,query,7614,wbcic-27-S3-00022
WBCIC,0,27,2,withheld_until_outcome_lock,query,7615,wbcic-27-S3-00023
WBCIC,0,27,2,withheld_until_outcome_lock,query,7616,wbcic-27-S3-00024
WBCIC,0,27,2,withheld_until_outcome_lock,query,7617,wbcic-27-S3-00025
WBCIC,0,27,2,withheld_until_outcome_lock,query,7618,wbcic-27-S3-00026
WBCIC,0,27,2,withheld_until_outcome_lock,query,7619,wbcic-27-S3-00027
WBCIC,0,27,2,withheld_until_outcome_lock,query,7620,wbcic-27-S3-00028
WBCIC,0,27,2,withheld_until_outcome_lock,query,7621,wbcic-27-S3-00029
WBCIC,0,27,2,withheld_until_outcome_lock,query,7622,wbcic-27-S3-00030
WBCIC,0,27,2,withheld_until_outcome_lock,query,7623,wbcic-27-S3-00031
WBCIC,0,27,2,withheld_until_outcome_lock,query,7624,wbcic-27-S3-00032
WBCIC,0,27,2,withheld_until_outcome_lock,query,7625,wbcic-27-S3-00033
WBCIC,0,27,2,withheld_until_outcome_lock,query,7626,wbcic-27-S3-00034
WBCIC,0,27,2,withheld_until_outcome_lock,query,7627,wbcic-27-S3-00035
WBCIC,0,27,2,withheld_until_outcome_lock,query,7628,wbcic-27-S3-00036
WBCIC,0,27,2,withheld_until_outcome_lock,query,7629,wbcic-27-S3-00037
WBCIC,0,27,2,withheld_until_outcome_lock,query,7630,wbcic-27-S3-00038
WBCIC,0,27,2,withheld_until_outcome_lock,query,7631,wbcic-27-S3-00039
WBCIC,0,27,2,withheld_until_outcome_lock,query,7632,wbcic-27-S3-00040
WBCIC,0,27,2,withheld_until_outcome_lock,query,7633,wbcic-27-S3-00041
WBCIC,0,27,2,withheld_until_outcome_lock,query,7634,wbcic-27-S3-00042
WBCIC,0,27,2,withheld_until_outcome_lock,query,7635,wbcic-27-S3-00043
WBCIC,0,27,2,withheld_until_outcome_lock,query,7636,wbcic-27-S3-00044
WBCIC,0,27,2,withheld_until_outcome_lock,query,7637,wbcic-27-S3-00045
WBCIC,0,27,2,withheld_until_outcome_lock,query,7638,wbcic-27-S3-00046
WBCIC,0,27,2,withheld_until_outcome_lock,query,7639,wbcic-27-S3-00047
WBCIC,0,27,2,withheld_until_outcome_lock,query,7640,wbcic-27-S3-00048
WBCIC,0,27,2,withheld_until_outcome_lock,query,7641,wbcic-27-S3-00049
WBCIC,0,27,2,withheld_until_outcome_lock,query,7642,wbcic-27-S3-00050
WBCIC,0,27,2,withheld_until_outcome_lock,query,7643,wbcic-27-S3-00051
WBCIC,0,27,2,withheld_until_outcome_lock,query,7644,wbcic-27-S3-00052
WBCIC,0,27,2,withheld_until_outcome_lock,query,7645,wbcic-27-S3-00053
WBCIC,0,27,2,withheld_until_outcome_lock,query,7646,wbcic-27-S3-00054
WBCIC,0,27,2,withheld_until_outcome_lock,query,7647,wbcic-27-S3-00055
WBCIC,0,27,2,withheld_until_outcome_lock,query,7648,wbcic-27-S3-00056
WBCIC,0,27,2,withheld_until_outcome_lock,query,7649,wbcic-27-S3-00057
WBCIC,0,27,2,withheld_until_outcome_lock,query,7650,wbcic-27-S3-00058
WBCIC,0,27,2,withheld_until_outcome_lock,query,7651,wbcic-27-S3-00059
WBCIC,0,27,2,withheld_until_outcome_lock,query,7652,wbcic-27-S3-00060
WBCIC,0,27,2,withheld_until_outcome_lock,query,7653,wbcic-27-S3-00061
WBCIC,0,27,2,withheld_until_outcome_lock,query,7654,wbcic-27-S3-00062
WBCIC,0,27,2,withheld_until_outcome_lock,query,7655,wbcic-27-S3-00063
WBCIC,0,27,2,withheld_until_outcome_lock,query,7656,wbcic-27-S3-00064
WBCIC,0,27,2,withheld_until_outcome_lock,query,7657,wbcic-27-S3-00065
WBCIC,0,27,2,withheld_until_outcome_lock,query,7658,wbcic-27-S3-00066
WBCIC,0,27,2,withheld_until_outcome_lock,query,7659,wbcic-27-S3-00067
WBCIC,0,27,2,withheld_until_outcome_lock,query,7660,wbcic-27-S3-00068
WBCIC,0,27,2,withheld_until_outcome_lock,query,7661,wbcic-27-S3-00069
WBCIC,0,27,2,withheld_until_outcome_lock,query,7662,wbcic-27-S3-00070
WBCIC,0,27,2,withheld_until_outcome_lock,query,7663,wbcic-27-S3-00071
WBCIC,0,27,2,withheld_until_outcome_lock,query,7664,wbcic-27-S3-00072
WBCIC,0,27,2,withheld_until_outcome_lock,query,7665,wbcic-27-S3-00073
WBCIC,0,27,2,withheld_until_outcome_lock,query,7666,wbcic-27-S3-00074
WBCIC,0,27,2,withheld_until_outcome_lock,query,7667,wbcic-27-S3-00075
WBCIC,0,27,2,withheld_until_outcome_lock,query,7668,wbcic-27-S3-00076
WBCIC,0,27,2,withheld_until_outcome_lock,query,7669,wbcic-27-S3-00077
WBCIC,0,27,2,withheld_until_outcome_lock,query,7670,wbcic-27-S3-00078
WBCIC,0,27,2,withheld_until_outcome_lock,query,7671,wbcic-27-S3-00079
WBCIC,0,27,2,withheld_until_outcome_lock,query,7672,wbcic-27-S3-00080
WBCIC,0,27,2,withheld_until_outcome_lock,query,7673,wbcic-27-S3-00081
WBCIC,0,27,2,withheld_until_outcome_lock,query,7674,wbcic-27-S3-00082
WBCIC,0,27,2,withheld_until_outcome_lock,query,7675,wbcic-27-S3-00083
WBCIC,0,27,2,withheld_until_outcome_lock,query,7676,wbcic-27-S3-00084
WBCIC,0,27,2,withheld_until_outcome_lock,query,7677,wbcic-27-S3-00085
WBCIC,0,27,2,withheld_until_outcome_lock,query,7678,wbcic-27-S3-00086
WBCIC,0,27,2,withheld_until_outcome_lock,query,7679,wbcic-27-S3-00087
WBCIC,0,27,2,withheld_until_outcome_lock,query,7680,wbcic-27-S3-00088
WBCIC,0,27,2,withheld_until_outcome_lock,query,7681,wbcic-27-S3-00089
WBCIC,0,27,2,withheld_until_outcome_lock,query,7682,wbcic-27-S3-00090
WBCIC,0,27,2,withheld_until_outcome_lock,query,7683,wbcic-27-S3-00091
WBCIC,0,27,2,withheld_until_outcome_lock,query,7684,wbcic-27-S3-00092
WBCIC,0,27,2,withheld_until_outcome_lock,query,7685,wbcic-27-S3-00093
WBCIC,0,27,2,withheld_until_outcome_lock,query,7686,wbcic-27-S3-00094
WBCIC,0,27,2,withheld_until_outcome_lock,query,7687,wbcic-27-S3-00095
WBCIC,0,27,2,withheld_until_outcome_lock,query,7688,wbcic-27-S3-00096
WBCIC,0,27,2,withheld_until_outcome_lock,query,7689,wbcic-27-S3-00097
WBCIC,0,27,2,withheld_until_outcome_lock,query,7690,wbcic-27-S3-00098
WBCIC,0,27,2,withheld_until_outcome_lock,query,7691,wbcic-27-S3-00099
WBCIC,0,27,2,withheld_until_outcome_lock,query,7692,wbcic-27-S3-00100
WBCIC,0,27,2,withheld_until_outcome_lock,query,7693,wbcic-27-S3-00101
WBCIC,0,27,2,withheld_until_outcome_lock,query,7694,wbcic-27-S3-00102
WBCIC,0,27,2,withheld_until_outcome_lock,query,7695,wbcic-27-S3-00103
WBCIC,0,27,2,withheld_until_outcome_lock,query,7696,wbcic-27-S3-00104
WBCIC,0,27,2,withheld_until_outcome_lock,query,7697,wbcic-27-S3-00105
WBCIC,0,27,2,withheld_until_outcome_lock,query,7698,wbcic-27-S3-00106
WBCIC,0,27,2,withheld_until_outcome_lock,query,7699,wbcic-27-S3-00107
WBCIC,0,27,2,withheld_until_outcome_lock,query,7700,wbcic-27-S3-00108
WBCIC,0,27,2,withheld_until_outcome_lock,query,7701,wbcic-27-S3-00109
WBCIC,0,27,2,withheld_until_outcome_lock,query,7702,wbcic-27-S3-00110
WBCIC,0,27,2,withheld_until_outcome_lock,query,7703,wbcic-27-S3-00111
WBCIC,0,27,2,withheld_until_outcome_lock,query,7704,wbcic-27-S3-00112
WBCIC,0,27,2,withheld_until_outcome_lock,query,7705,wbcic-27-S3-00113
WBCIC,0,27,2,withheld_until_outcome_lock,query,7706,wbcic-27-S3-00114
WBCIC,0,27,2,withheld_until_outcome_lock,query,7707,wbcic-27-S3-00115
WBCIC,0,27,2,withheld_until_outcome_lock,query,7708,wbcic-27-S3-00116
WBCIC,0,27,2,withheld_until_outcome_lock,query,7709,wbcic-27-S3-00117
WBCIC,0,27,2,withheld_until_outcome_lock,query,7710,wbcic-27-S3-00118
WBCIC,0,27,2,withheld_until_outcome_lock,query,7711,wbcic-27-S3-00119
WBCIC,0,27,2,withheld_until_outcome_lock,query,7712,wbcic-27-S3-00120
WBCIC,0,27,2,withheld_until_outcome_lock,query,7713,wbcic-27-S3-00121
WBCIC,0,27,2,withheld_until_outcome_lock,query,7714,wbcic-27-S3-00122
WBCIC,0,27,2,withheld_until_outcome_lock,query,7715,wbcic-27-S3-00123
WBCIC,0,27,2,withheld_until_outcome_lock,query,7716,wbcic-27-S3-00124
WBCIC,0,27,2,withheld_until_outcome_lock,query,7717,wbcic-27-S3-00125
WBCIC,0,27,2,withheld_until_outcome_lock,query,7718,wbcic-27-S3-00126
WBCIC,0,27,2,withheld_until_outcome_lock,query,7719,wbcic-27-S3-00127
WBCIC,0,27,2,withheld_until_outcome_lock,query,7720,wbcic-27-S3-00128
WBCIC,0,27,2,withheld_until_outcome_lock,query,7721,wbcic-27-S3-00129
WBCIC,0,27,2,withheld_until_outcome_lock,query,7722,wbcic-27-S3-00130
WBCIC,0,27,2,withheld_until_outcome_lock,query,7723,wbcic-27-S3-00131
WBCIC,0,27,2,withheld_until_outcome_lock,query,7724,wbcic-27-S3-00132
WBCIC,0,27,2,withheld_until_outcome_lock,query,7725,wbcic-27-S3-00133
WBCIC,0,27,2,withheld_until_outcome_lock,query,7726,wbcic-27-S3-00134
WBCIC,0,27,2,withheld_until_outcome_lock,query,7727,wbcic-27-S3-00135
WBCIC,0,27,2,withheld_until_outcome_lock,query,7728,wbcic-27-S3-00136
WBCIC,0,27,2,withheld_until_outcome_lock,query,7729,wbcic-27-S3-00137
WBCIC,0,27,2,withheld_until_outcome_lock,query,7730,wbcic-27-S3-00138
WBCIC,0,27,2,withheld_until_outcome_lock,query,7731,wbcic-27-S3-00139
WBCIC,0,27,2,withheld_until_outcome_lock,query,7732,wbcic-27-S3-00140
WBCIC,0,27,2,withheld_until_outcome_lock,query,7733,wbcic-27-S3-00141
WBCIC,0,27,2,withheld_until_outcome_lock,query,7734,wbcic-27-S3-00142
WBCIC,0,27,2,withheld_until_outcome_lock,query,7735,wbcic-27-S3-00143
WBCIC,0,27,2,withheld_until_outcome_lock,query,7736,wbcic-27-S3-00144
WBCIC,0,27,2,withheld_until_outcome_lock,query,7737,wbcic-27-S3-00145
WBCIC,0,27,2,withheld_until_outcome_lock,query,7738,wbcic-27-S3-00146
WBCIC,0,27,2,withheld_until_outcome_lock,query,7739,wbcic-27-S3-00147
WBCIC,0,27,2,withheld_until_outcome_lock,query,7740,wbcic-27-S3-00148
WBCIC,0,27,2,withheld_until_outcome_lock,query,7741,wbcic-27-S3-00149
WBCIC,0,27,2,withheld_until_outcome_lock,query,7742,wbcic-27-S3-00150
WBCIC,0,27,2,withheld_until_outcome_lock,query,7743,wbcic-27-S3-00151
WBCIC,0,27,2,withheld_until_outcome_lock,query,7744,wbcic-27-S3-00152
WBCIC,0,27,2,withheld_until_outcome_lock,query,7745,wbcic-27-S3-00153
WBCIC,0,27,2,withheld_until_outcome_lock,query,7746,wbcic-27-S3-00154
WBCIC,0,27,2,withheld_until_outcome_lock,query,7747,wbcic-27-S3-00155
WBCIC,0,27,2,withheld_until_outcome_lock,query,7748,wbcic-27-S3-00156
WBCIC,0,27,2,withheld_until_outcome_lock,query,7749,wbcic-27-S3-00157
WBCIC,0,27,2,withheld_until_outcome_lock,query,7750,wbcic-27-S3-00158
WBCIC,0,27,2,withheld_until_outcome_lock,query,7751,wbcic-27-S3-00159
WBCIC,0,27,2,withheld_until_outcome_lock,query,7752,wbcic-27-S3-00160
WBCIC,0,27,2,withheld_until_outcome_lock,query,7753,wbcic-27-S3-00161
WBCIC,0,27,2,withheld_until_outcome_lock,query,7754,wbcic-27-S3-00162
WBCIC,0,27,2,withheld_until_outcome_lock,query,7755,wbcic-27-S3-00163
WBCIC,0,27,2,withheld_until_outcome_lock,query,7756,wbcic-27-S3-00164
WBCIC,0,27,2,withheld_until_outcome_lock,query,7757,wbcic-27-S3-00165
WBCIC,0,27,2,withheld_until_outcome_lock,query,7758,wbcic-27-S3-00166
WBCIC,0,27,2,withheld_until_outcome_lock,query,7759,wbcic-27-S3-00167
WBCIC,0,27,2,withheld_until_outcome_lock,query,7760,wbcic-27-S3-00168
WBCIC,0,27,2,withheld_until_outcome_lock,query,7761,wbcic-27-S3-00169
WBCIC,0,27,2,withheld_until_outcome_lock,query,7762,wbcic-27-S3-00170
WBCIC,0,27,2,withheld_until_outcome_lock,query,7763,wbcic-27-S3-00171
WBCIC,0,27,2,withheld_until_outcome_lock,query,7764,wbcic-27-S3-00172
WBCIC,0,27,2,withheld_until_outcome_lock,query,7765,wbcic-27-S3-00173
WBCIC,0,27,2,withheld_until_outcome_lock,query,7766,wbcic-27-S3-00174
WBCIC,0,27,2,withheld_until_outcome_lock,query,7767,wbcic-27-S3-00175
WBCIC,0,27,2,withheld_until_outcome_lock,query,7768,wbcic-27-S3-00176
WBCIC,0,27,2,withheld_until_outcome_lock,query,7769,wbcic-27-S3-00177
WBCIC,0,27,2,withheld_until_outcome_lock,query,7770,wbcic-27-S3-00178
WBCIC,0,27,2,withheld_until_outcome_lock,query,7771,wbcic-27-S3-00179
WBCIC,0,27,2,withheld_until_outcome_lock,query,7772,wbcic-27-S3-00180
WBCIC,0,27,2,withheld_until_outcome_lock,query,7773,wbcic-27-S3-00181
WBCIC,0,27,2,withheld_until_outcome_lock,query,7774,wbcic-27-S3-00182
WBCIC,0,27,2,withheld_until_outcome_lock,query,7775,wbcic-27-S3-00183
WBCIC,0,27,2,withheld_until_outcome_lock,query,7776,wbcic-27-S3-00184
WBCIC,0,27,2,withheld_until_outcome_lock,query,7777,wbcic-27-S3-00185
WBCIC,0,27,2,withheld_until_outcome_lock,query,7778,wbcic-27-S3-00186
WBCIC,0,27,2,withheld_until_outcome_lock,query,7779,wbcic-27-S3-00187
WBCIC,0,27,2,withheld_until_outcome_lock,query,7780,wbcic-27-S3-00188
WBCIC,0,27,2,withheld_until_outcome_lock,query,7781,wbcic-27-S3-00189
WBCIC,0,27,2,withheld_until_outcome_lock,query,7782,wbcic-27-S3-00190
WBCIC,0,27,2,withheld_until_outcome_lock,query,7783,wbcic-27-S3-00191
WBCIC,0,27,2,withheld_until_outcome_lock,query,7784,wbcic-27-S3-00192
WBCIC,0,27,2,withheld_until_outcome_lock,query,7785,wbcic-27-S3-00193
WBCIC,0,27,2,withheld_until_outcome_lock,query,7786,wbcic-27-S3-00194
WBCIC,0,27,2,withheld_until_outcome_lock,query,7787,wbcic-27-S3-00195
WBCIC,0,27,2,withheld_until_outcome_lock,query,7788,wbcic-27-S3-00196
WBCIC,0,27,2,withheld_until_outcome_lock,query,7789,wbcic-27-S3-00197
WBCIC,0,27,2,withheld_until_outcome_lock,query,7790,wbcic-27-S3-00198
WBCIC,0,27,2,withheld_until_outcome_lock,query,7791,wbcic-27-S3-00199
WBCIC,0,36,2,withheld_until_outcome_lock,query,11791,wbcic-36-S3-00000
WBCIC,0,36,2,withheld_until_outcome_lock,query,11792,wbcic-36-S3-00001
WBCIC,0,36,2,withheld_until_outcome_lock,query,11793,wbcic-36-S3-00002
WBCIC,0,36,2,withheld_until_outcome_lock,query,11794,wbcic-36-S3-00003
WBCIC,0,36,2,withheld_until_outcome_lock,query,11795,wbcic-36-S3-00004
WBCIC,0,36,2,withheld_until_outcome_lock,query,11796,wbcic-36-S3-00005
WBCIC,0,36,2,withheld_until_outcome_lock,query,11797,wbcic-36-S3-00006
WBCIC,0,36,2,withheld_until_outcome_lock,query,11798,wbcic-36-S3-00007
WBCIC,0,36,2,withheld_until_outcome_lock,query,11799,wbcic-36-S3-00008
WBCIC,0,36,2,withheld_until_outcome_lock,query,11800,wbcic-36-S3-00009
WBCIC,0,36,2,withheld_until_outcome_lock,query,11801,wbcic-36-S3-00010
WBCIC,0,36,2,withheld_until_outcome_lock,query,11802,wbcic-36-S3-00011
WBCIC,0,36,2,withheld_until_outcome_lock,query,11803,wbcic-36-S3-00012
WBCIC,0,36,2,withheld_until_outcome_lock,query,11804,wbcic-36-S3-00013
WBCIC,0,36,2,withheld_until_outcome_lock,query,11805,wbcic-36-S3-00014
WBCIC,0,36,2,withheld_until_outcome_lock,query,11806,wbcic-36-S3-00015
WBCIC,0,36,2,withheld_until_outcome_lock,query,11807,wbcic-36-S3-00016
WBCIC,0,36,2,withheld_until_outcome_lock,query,11808,wbcic-36-S3-00017
WBCIC,0,36,2,withheld_until_outcome_lock,query,11809,wbcic-36-S3-00018
WBCIC,0,36,2,withheld_until_outcome_lock,query,11810,wbcic-36-S3-00019
WBCIC,0,36,2,withheld_until_outcome_lock,query,11811,wbcic-36-S3-00020
WBCIC,0,36,2,withheld_until_outcome_lock,query,11812,wbcic-36-S3-00021
WBCIC,0,36,2,withheld_until_outcome_lock,query,11813,wbcic-36-S3-00022
WBCIC,0,36,2,withheld_until_outcome_lock,query,11814,wbcic-36-S3-00023
WBCIC,0,36,2,withheld_until_outcome_lock,query,11815,wbcic-36-S3-00024
WBCIC,0,36,2,withheld_until_outcome_lock,query,11816,wbcic-36-S3-00025
WBCIC,0,36,2,withheld_until_outcome_lock,query,11817,wbcic-36-S3-00026
WBCIC,0,36,2,withheld_until_outcome_lock,query,11818,wbcic-36-S3-00027
WBCIC,0,36,2,withheld_until_outcome_lock,query,11819,wbcic-36-S3-00028
WBCIC,0,36,2,withheld_until_outcome_lock,query,11820,wbcic-36-S3-00029
WBCIC,0,36,2,withheld_until_outcome_lock,query,11821,wbcic-36-S3-00030
WBCIC,0,36,2,withheld_until_outcome_lock,query,11822,wbcic-36-S3-00031
WBCIC,0,36,2,withheld_until_outcome_lock,query,11823,wbcic-36-S3-00032
WBCIC,0,36,2,withheld_until_outcome_lock,query,11824,wbcic-36-S3-00033
WBCIC,0,36,2,withheld_until_outcome_lock,query,11825,wbcic-36-S3-00034
WBCIC,0,36,2,withheld_until_outcome_lock,query,11826,wbcic-36-S3-00035
WBCIC,0,36,2,withheld_until_outcome_lock,query,11827,wbcic-36-S3-00036
WBCIC,0,36,2,withheld_until_outcome_lock,query,11828,wbcic-36-S3-00037
WBCIC,0,36,2,withheld_until_outcome_lock,query,11829,wbcic-36-S3-00038
WBCIC,0,36,2,withheld_until_outcome_lock,query,11830,wbcic-36-S3-00039
WBCIC,0,36,2,withheld_until_outcome_lock,query,11831,wbcic-36-S3-00040
WBCIC,0,36,2,withheld_until_outcome_lock,query,11832,wbcic-36-S3-00041
WBCIC,0,36,2,withheld_until_outcome_lock,query,11833,wbcic-36-S3-00042
WBCIC,0,36,2,withheld_until_outcome_lock,query,11834,wbcic-36-S3-00043
WBCIC,0,36,2,withheld_until_outcome_lock,query,11835,wbcic-36-S3-00044
WBCIC,0,36,2,withheld_until_outcome_lock,query,11836,wbcic-36-S3-00045
WBCIC,0,36,2,withheld_until_outcome_lock,query,11837,wbcic-36-S3-00046
WBCIC,0,36,2,withheld_until_outcome_lock,query,11838,wbcic-36-S3-00047
WBCIC,0,36,2,withheld_until_outcome_lock,query,11839,wbcic-36-S3-00048
WBCIC,0,36,2,withheld_until_outcome_lock,query,11840,wbcic-36-S3-00049
WBCIC,0,36,2,withheld_until_outcome_lock,query,11841,wbcic-36-S3-00050
WBCIC,0,36,2,withheld_until_outcome_lock,query,11842,wbcic-36-S3-00051
WBCIC,0,36,2,withheld_until_outcome_lock,query,11843,wbcic-36-S3-00052
WBCIC,0,36,2,withheld_until_outcome_lock,query,11844,wbcic-36-S3-00053
WBCIC,0,36,2,withheld_until_outcome_lock,query,11845,wbcic-36-S3-00054
WBCIC,0,36,2,withheld_until_outcome_lock,query,11846,wbcic-36-S3-00055
WBCIC,0,36,2,withheld_until_outcome_lock,query,11847,wbcic-36-S3-00056
WBCIC,0,36,2,withheld_until_outcome_lock,query,11848,wbcic-36-S3-00057
WBCIC,0,36,2,withheld_until_outcome_lock,query,11849,wbcic-36-S3-00058
WBCIC,0,36,2,withheld_until_outcome_lock,query,11850,wbcic-36-S3-00059
WBCIC,0,36,2,withheld_until_outcome_lock,query,11851,wbcic-36-S3-00060
WBCIC,0,36,2,withheld_until_outcome_lock,query,11852,wbcic-36-S3-00061
WBCIC,0,36,2,withheld_until_outcome_lock,query,11853,wbcic-36-S3-00062
WBCIC,0,36,2,withheld_until_outcome_lock,query,11854,wbcic-36-S3-00063
WBCIC,0,36,2,withheld_until_outcome_lock,query,11855,wbcic-36-S3-00064
WBCIC,0,36,2,withheld_until_outcome_lock,query,11856,wbcic-36-S3-00065
WBCIC,0,36,2,withheld_until_outcome_lock,query,11857,wbcic-36-S3-00066
WBCIC,0,36,2,withheld_until_outcome_lock,query,11858,wbcic-36-S3-00067
WBCIC,0,36,2,withheld_until_outcome_lock,query,11859,wbcic-36-S3-00068
WBCIC,0,36,2,withheld_until_outcome_lock,query,11860,wbcic-36-S3-00069
WBCIC,0,36,2,withheld_until_outcome_lock,query,11861,wbcic-36-S3-00070
WBCIC,0,36,2,withheld_until_outcome_lock,query,11862,wbcic-36-S3-00071
WBCIC,0,36,2,withheld_until_outcome_lock,query,11863,wbcic-36-S3-00072
WBCIC,0,36,2,withheld_until_outcome_lock,query,11864,wbcic-36-S3-00073
WBCIC,0,36,2,withheld_until_outcome_lock,query,11865,wbcic-36-S3-00074
WBCIC,0,36,2,withheld_until_outcome_lock,query,11866,wbcic-36-S3-00075
WBCIC,0,36,2,withheld_until_outcome_lock,query,11867,wbcic-36-S3-00076
WBCIC,0,36,2,withheld_until_outcome_lock,query,11868,wbcic-36-S3-00077
WBCIC,0,36,2,withheld_until_outcome_lock,query,11869,wbcic-36-S3-00078
WBCIC,0,36,2,withheld_until_outcome_lock,query,11870,wbcic-36-S3-00079
WBCIC,0,36,2,withheld_until_outcome_lock,query,11871,wbcic-36-S3-00080
WBCIC,0,36,2,withheld_until_outcome_lock,query,11872,wbcic-36-S3-00081
WBCIC,0,36,2,withheld_until_outcome_lock,query,11873,wbcic-36-S3-00082
WBCIC,0,36,2,withheld_until_outcome_lock,query,11874,wbcic-36-S3-00083
WBCIC,0,36,2,withheld_until_outcome_lock,query,11875,wbcic-36-S3-00084
WBCIC,0,36,2,withheld_until_outcome_lock,query,11876,wbcic-36-S3-00085
WBCIC,0,36,2,withheld_until_outcome_lock,query,11877,wbcic-36-S3-00086
WBCIC,0,36,2,withheld_until_outcome_lock,query,11878,wbcic-36-S3-00087
WBCIC,0,36,2,withheld_until_outcome_lock,query,11879,wbcic-36-S3-00088
WBCIC,0,36,2,withheld_until_outcome_lock,query,11880,wbcic-36-S3-00089
WBCIC,0,36,2,withheld_until_outcome_lock,query,11881,wbcic-36-S3-00090
WBCIC,0,36,2,withheld_until_outcome_lock,query,11882,wbcic-36-S3-00091
WBCIC,0,36,2,withheld_until_outcome_lock,query,11883,wbcic-36-S3-00092
WBCIC,0,36,2,withheld_until_outcome_lock,query,11884,wbcic-36-S3-00093
WBCIC,0,36,2,withheld_until_outcome_lock,query,11885,wbcic-36-S3-00094
WBCIC,0,36,2,withheld_until_outcome_lock,query,11886,wbcic-36-S3-00095
WBCIC,0,36,2,withheld_until_outcome_lock,query,11887,wbcic-36-S3-00096
WBCIC,0,36,2,withheld_until_outcome_lock,query,11888,wbcic-36-S3-00097
WBCIC,0,36,2,withheld_until_outcome_lock,query,11889,wbcic-36-S3-00098
WBCIC,0,36,2,withheld_until_outcome_lock,query,11890,wbcic-36-S3-00099
WBCIC,0,36,2,withheld_until_outcome_lock,query,11891,wbcic-36-S3-00100
WBCIC,0,36,2,withheld_until_outcome_lock,query,11892,wbcic-36-S3-00101
WBCIC,0,36,2,withheld_until_outcome_lock,query,11893,wbcic-36-S3-00102
WBCIC,0,36,2,withheld_until_outcome_lock,query,11894,wbcic-36-S3-00103
WBCIC,0,36,2,withheld_until_outcome_lock,query,11895,wbcic-36-S3-00104
WBCIC,0,36,2,withheld_until_outcome_lock,query,11896,wbcic-36-S3-00105
WBCIC,0,36,2,withheld_until_outcome_lock,query,11897,wbcic-36-S3-00106
WBCIC,0,36,2,withheld_until_outcome_lock,query,11898,wbcic-36-S3-00107
WBCIC,0,36,2,withheld_until_outcome_lock,query,11899,wbcic-36-S3-00108
WBCIC,0,36,2,withheld_until_outcome_lock,query,11900,wbcic-36-S3-00109
WBCIC,0,36,2,withheld_until_outcome_lock,query,11901,wbcic-36-S3-00110
WBCIC,0,36,2,withheld_until_outcome_lock,query,11902,wbcic-36-S3-00111
WBCIC,0,36,2,withheld_until_outcome_lock,query,11903,wbcic-36-S3-00112
WBCIC,0,36,2,withheld_until_outcome_lock,query,11904,wbcic-36-S3-00113
WBCIC,0,36,2,withheld_until_outcome_lock,query,11905,wbcic-36-S3-00114
WBCIC,0,36,2,withheld_until_outcome_lock,query,11906,wbcic-36-S3-00115
WBCIC,0,36,2,withheld_until_outcome_lock,query,11907,wbcic-36-S3-00116
WBCIC,0,36,2,withheld_until_outcome_lock,query,11908,wbcic-36-S3-00117
WBCIC,0,36,2,withheld_until_outcome_lock,query,11909,wbcic-36-S3-00118
WBCIC,0,36,2,withheld_until_outcome_lock,query,11910,wbcic-36-S3-00119
WBCIC,0,36,2,withheld_until_outcome_lock,query,11911,wbcic-36-S3-00120
WBCIC,0,36,2,withheld_until_outcome_lock,query,11912,wbcic-36-S3-00121
WBCIC,0,36,2,withheld_until_outcome_lock,query,11913,wbcic-36-S3-00122
WBCIC,0,36,2,withheld_until_outcome_lock,query,11914,wbcic-36-S3-00123
WBCIC,0,36,2,withheld_until_outcome_lock,query,11915,wbcic-36-S3-00124
WBCIC,0,36,2,withheld_until_outcome_lock,query,11916,wbcic-36-S3-00125
WBCIC,0,36,2,withheld_until_outcome_lock,query,11917,wbcic-36-S3-00126
WBCIC,0,36,2,withheld_until_outcome_lock,query,11918,wbcic-36-S3-00127
WBCIC,0,36,2,withheld_until_outcome_lock,query,11919,wbcic-36-S3-00128
WBCIC,0,36,2,withheld_until_outcome_lock,query,11920,wbcic-36-S3-00129
WBCIC,0,36,2,withheld_until_outcome_lock,query,11921,wbcic-36-S3-00130
WBCIC,0,36,2,withheld_until_outcome_lock,query,11922,wbcic-36-S3-00131
WBCIC,0,36,2,withheld_until_outcome_lock,query,11923,wbcic-36-S3-00132
WBCIC,0,36,2,withheld_until_outcome_lock,query,11924,wbcic-36-S3-00133
WBCIC,0,36,2,withheld_until_outcome_lock,query,11925,wbcic-36-S3-00134
WBCIC,0,36,2,withheld_until_outcome_lock,query,11926,wbcic-36-S3-00135
WBCIC,0,36,2,withheld_until_outcome_lock,query,11927,wbcic-36-S3-00136
WBCIC,0,36,2,withheld_until_outcome_lock,query,11928,wbcic-36-S3-00137
WBCIC,0,36,2,withheld_until_outcome_lock,query,11929,wbcic-36-S3-00138
WBCIC,0,36,2,withheld_until_outcome_lock,query,11930,wbcic-36-S3-00139
WBCIC,0,36,2,withheld_until_outcome_lock,query,11931,wbcic-36-S3-00140
WBCIC,0,36,2,withheld_until_outcome_lock,query,11932,wbcic-36-S3-00141
WBCIC,0,36,2,withheld_until_outcome_lock,query,11933,wbcic-36-S3-00142
WBCIC,0,36,2,withheld_until_outcome_lock,query,11934,wbcic-36-S3-00143
WBCIC,0,36,2,withheld_until_outcome_lock,query,11935,wbcic-36-S3-00144
WBCIC,0,36,2,withheld_until_outcome_lock,query,11936,wbcic-36-S3-00145
WBCIC,0,36,2,withheld_until_outcome_lock,query,11937,wbcic-36-S3-00146
WBCIC,0,36,2,withheld_until_outcome_lock,query,11938,wbcic-36-S3-00147
WBCIC,0,36,2,withheld_until_outcome_lock,query,11939,wbcic-36-S3-00148
WBCIC,0,36,2,withheld_until_outcome_lock,query,11940,wbcic-36-S3-00149
WBCIC,0,36,2,withheld_until_outcome_lock,query,11941,wbcic-36-S3-00150
WBCIC,0,36,2,withheld_until_outcome_lock,query,11942,wbcic-36-S3-00151
WBCIC,0,36,2,withheld_until_outcome_lock,query,11943,wbcic-36-S3-00152
WBCIC,0,36,2,withheld_until_outcome_lock,query,11944,wbcic-36-S3-00153
WBCIC,0,36,2,withheld_until_outcome_lock,query,11945,wbcic-36-S3-00154
WBCIC,0,36,2,withheld_until_outcome_lock,query,11946,wbcic-36-S3-00155
WBCIC,0,36,2,withheld_until_outcome_lock,query,11947,wbcic-36-S3-00156
WBCIC,0,36,2,withheld_until_outcome_lock,query,11948,wbcic-36-S3-00157
WBCIC,0,36,2,withheld_until_outcome_lock,query,11949,wbcic-36-S3-00158
WBCIC,0,36,2,withheld_until_outcome_lock,query,11950,wbcic-36-S3-00159
WBCIC,0,36,2,withheld_until_outcome_lock,query,11951,wbcic-36-S3-00160
WBCIC,0,36,2,withheld_until_outcome_lock,query,11952,wbcic-36-S3-00161
WBCIC,0,36,2,withheld_until_outcome_lock,query,11953,wbcic-36-S3-00162
WBCIC,0,36,2,withheld_until_outcome_lock,query,11954,wbcic-36-S3-00163
WBCIC,0,36,2,withheld_until_outcome_lock,query,11955,wbcic-36-S3-00164
WBCIC,0,36,2,withheld_until_outcome_lock,query,11956,wbcic-36-S3-00165
WBCIC,0,36,2,withheld_until_outcome_lock,query,11957,wbcic-36-S3-00166
WBCIC,0,36,2,withheld_until_outcome_lock,query,11958,wbcic-36-S3-00167
WBCIC,0,36,2,withheld_until_outcome_lock,query,11959,wbcic-36-S3-00168
WBCIC,0,36,2,withheld_until_outcome_lock,query,11960,wbcic-36-S3-00169
WBCIC,0,36,2,withheld_until_outcome_lock,query,11961,wbcic-36-S3-00170
WBCIC,0,36,2,withheld_until_outcome_lock,query,11962,wbcic-36-S3-00171
WBCIC,0,36,2,withheld_until_outcome_lock,query,11963,wbcic-36-S3-00172
WBCIC,0,36,2,withheld_until_outcome_lock,query,11964,wbcic-36-S3-00173
WBCIC,0,36,2,withheld_until_outcome_lock,query,11965,wbcic-36-S3-00174
WBCIC,0,36,2,withheld_until_outcome_lock,query,11966,wbcic-36-S3-00175
WBCIC,0,36,2,withheld_until_outcome_lock,query,11967,wbcic-36-S3-00176
WBCIC,0,36,2,withheld_until_outcome_lock,query,11968,wbcic-36-S3-00177
WBCIC,0,36,2,withheld_until_outcome_lock,query,11969,wbcic-36-S3-00178
WBCIC,0,36,2,withheld_until_outcome_lock,query,11970,wbcic-36-S3-00179
WBCIC,0,36,2,withheld_until_outcome_lock,query,11971,wbcic-36-S3-00180
WBCIC,0,36,2,withheld_until_outcome_lock,query,11972,wbcic-36-S3-00181
WBCIC,0,36,2,withheld_until_outcome_lock,query,11973,wbcic-36-S3-00182
WBCIC,0,36,2,withheld_until_outcome_lock,query,11974,wbcic-36-S3-00183
WBCIC,0,36,2,withheld_until_outcome_lock,query,11975,wbcic-36-S3-00184
WBCIC,0,36,2,withheld_until_outcome_lock,query,11976,wbcic-36-S3-00185
WBCIC,0,36,2,withheld_until_outcome_lock,query,11977,wbcic-36-S3-00186
WBCIC,0,36,2,withheld_until_outcome_lock,query,11978,wbcic-36-S3-00187
WBCIC,0,36,2,withheld_until_outcome_lock,query,11979,wbcic-36-S3-00188
WBCIC,0,36,2,withheld_until_outcome_lock,query,11980,wbcic-36-S3-00189
WBCIC,0,36,2,withheld_until_outcome_lock,query,11981,wbcic-36-S3-00190
WBCIC,0,36,2,withheld_until_outcome_lock,query,11982,wbcic-36-S3-00191
WBCIC,0,36,2,withheld_until_outcome_lock,query,11983,wbcic-36-S3-00192
WBCIC,0,36,2,withheld_until_outcome_lock,query,11984,wbcic-36-S3-00193
WBCIC,0,36,2,withheld_until_outcome_lock,query,11985,wbcic-36-S3-00194
WBCIC,0,36,2,withheld_until_outcome_lock,query,11986,wbcic-36-S3-00195
WBCIC,0,36,2,withheld_until_outcome_lock,query,11987,wbcic-36-S3-00196
WBCIC,0,36,2,withheld_until_outcome_lock,query,11988,wbcic-36-S3-00197
WBCIC,0,36,2,withheld_until_outcome_lock,query,11989,wbcic-36-S3-00198
WBCIC,0,36,2,withheld_until_outcome_lock,query,11990,wbcic-36-S3-00199
WBCIC,0,44,2,withheld_until_outcome_lock,query,14191,wbcic-44-S3-00000
WBCIC,0,44,2,withheld_until_outcome_lock,query,14192,wbcic-44-S3-00001
WBCIC,0,44,2,withheld_until_outcome_lock,query,14193,wbcic-44-S3-00002
WBCIC,0,44,2,withheld_until_outcome_lock,query,14194,wbcic-44-S3-00003
WBCIC,0,44,2,withheld_until_outcome_lock,query,14195,wbcic-44-S3-00004
WBCIC,0,44,2,withheld_until_outcome_lock,query,14196,wbcic-44-S3-00005
WBCIC,0,44,2,withheld_until_outcome_lock,query,14197,wbcic-44-S3-00006
WBCIC,0,44,2,withheld_until_outcome_lock,query,14198,wbcic-44-S3-00007
WBCIC,0,44,2,withheld_until_outcome_lock,query,14199,wbcic-44-S3-00008
WBCIC,0,44,2,withheld_until_outcome_lock,query,14200,wbcic-44-S3-00009
WBCIC,0,44,2,withheld_until_outcome_lock,query,14201,wbcic-44-S3-00010
WBCIC,0,44,2,withheld_until_outcome_lock,query,14202,wbcic-44-S3-00011
WBCIC,0,44,2,withheld_until_outcome_lock,query,14203,wbcic-44-S3-00012
WBCIC,0,44,2,withheld_until_outcome_lock,query,14204,wbcic-44-S3-00013
WBCIC,0,44,2,withheld_until_outcome_lock,query,14205,wbcic-44-S3-00014
WBCIC,0,44,2,withheld_until_outcome_lock,query,14206,wbcic-44-S3-00015
WBCIC,0,44,2,withheld_until_outcome_lock,query,14207,wbcic-44-S3-00016
WBCIC,0,44,2,withheld_until_outcome_lock,query,14208,wbcic-44-S3-00017
WBCIC,0,44,2,withheld_until_outcome_lock,query,14209,wbcic-44-S3-00018
WBCIC,0,44,2,withheld_until_outcome_lock,query,14210,wbcic-44-S3-00019
WBCIC,0,44,2,withheld_until_outcome_lock,query,14211,wbcic-44-S3-00020
WBCIC,0,44,2,withheld_until_outcome_lock,query,14212,wbcic-44-S3-00021
WBCIC,0,44,2,withheld_until_outcome_lock,query,14213,wbcic-44-S3-00022
WBCIC,0,44,2,withheld_until_outcome_lock,query,14214,wbcic-44-S3-00023
WBCIC,0,44,2,withheld_until_outcome_lock,query,14215,wbcic-44-S3-00024
WBCIC,0,44,2,withheld_until_outcome_lock,query,14216,wbcic-44-S3-00025
WBCIC,0,44,2,withheld_until_outcome_lock,query,14217,wbcic-44-S3-00026
WBCIC,0,44,2,withheld_until_outcome_lock,query,14218,wbcic-44-S3-00027
WBCIC,0,44,2,withheld_until_outcome_lock,query,14219,wbcic-44-S3-00028
WBCIC,0,44,2,withheld_until_outcome_lock,query,14220,wbcic-44-S3-00029
WBCIC,0,44,2,withheld_until_outcome_lock,query,14221,wbcic-44-S3-00030
WBCIC,0,44,2,withheld_until_outcome_lock,query,14222,wbcic-44-S3-00031
WBCIC,0,44,2,withheld_until_outcome_lock,query,14223,wbcic-44-S3-00032
WBCIC,0,44,2,withheld_until_outcome_lock,query,14224,wbcic-44-S3-00033
WBCIC,0,44,2,withheld_until_outcome_lock,query,14225,wbcic-44-S3-00034
WBCIC,0,44,2,withheld_until_outcome_lock,query,14226,wbcic-44-S3-00035
WBCIC,0,44,2,withheld_until_outcome_lock,query,14227,wbcic-44-S3-00036
WBCIC,0,44,2,withheld_until_outcome_lock,query,14228,wbcic-44-S3-00037
WBCIC,0,44,2,withheld_until_outcome_lock,query,14229,wbcic-44-S3-00038
WBCIC,0,44,2,withheld_until_outcome_lock,query,14230,wbcic-44-S3-00039
WBCIC,0,44,2,withheld_until_outcome_lock,query,14231,wbcic-44-S3-00040
WBCIC,0,44,2,withheld_until_outcome_lock,query,14232,wbcic-44-S3-00041
WBCIC,0,44,2,withheld_until_outcome_lock,query,14233,wbcic-44-S3-00042
WBCIC,0,44,2,withheld_until_outcome_lock,query,14234,wbcic-44-S3-00043
WBCIC,0,44,2,withheld_until_outcome_lock,query,14235,wbcic-44-S3-00044
WBCIC,0,44,2,withheld_until_outcome_lock,query,14236,wbcic-44-S3-00045
WBCIC,0,44,2,withheld_until_outcome_lock,query,14237,wbcic-44-S3-00046
WBCIC,0,44,2,withheld_until_outcome_lock,query,14238,wbcic-44-S3-00047
WBCIC,0,44,2,withheld_until_outcome_lock,query,14239,wbcic-44-S3-00048
WBCIC,0,44,2,withheld_until_outcome_lock,query,14240,wbcic-44-S3-00049
WBCIC,0,44,2,withheld_until_outcome_lock,query,14241,wbcic-44-S3-00050
WBCIC,0,44,2,withheld_until_outcome_lock,query,14242,wbcic-44-S3-00051
WBCIC,0,44,2,withheld_until_outcome_lock,query,14243,wbcic-44-S3-00052
WBCIC,0,44,2,withheld_until_outcome_lock,query,14244,wbcic-44-S3-00053
WBCIC,0,44,2,withheld_until_outcome_lock,query,14245,wbcic-44-S3-00054
WBCIC,0,44,2,withheld_until_outcome_lock,query,14246,wbcic-44-S3-00055
WBCIC,0,44,2,withheld_until_outcome_lock,query,14247,wbcic-44-S3-00056
WBCIC,0,44,2,withheld_until_outcome_lock,query,14248,wbcic-44-S3-00057
WBCIC,0,44,2,withheld_until_outcome_lock,query,14249,wbcic-44-S3-00058
WBCIC,0,44,2,withheld_until_outcome_lock,query,14250,wbcic-44-S3-00059
WBCIC,0,44,2,withheld_until_outcome_lock,query,14251,wbcic-44-S3-00060
WBCIC,0,44,2,withheld_until_outcome_lock,query,14252,wbcic-44-S3-00061
WBCIC,0,44,2,withheld_until_outcome_lock,query,14253,wbcic-44-S3-00062
WBCIC,0,44,2,withheld_until_outcome_lock,query,14254,wbcic-44-S3-00063
WBCIC,0,44,2,withheld_until_outcome_lock,query,14255,wbcic-44-S3-00064
WBCIC,0,44,2,withheld_until_outcome_lock,query,14256,wbcic-44-S3-00065
WBCIC,0,44,2,withheld_until_outcome_lock,query,14257,wbcic-44-S3-00066
WBCIC,0,44,2,withheld_until_outcome_lock,query,14258,wbcic-44-S3-00067
WBCIC,0,44,2,withheld_until_outcome_lock,query,14259,wbcic-44-S3-00068
WBCIC,0,44,2,withheld_until_outcome_lock,query,14260,wbcic-44-S3-00069
WBCIC,0,44,2,withheld_until_outcome_lock,query,14261,wbcic-44-S3-00070
WBCIC,0,44,2,withheld_until_outcome_lock,query,14262,wbcic-44-S3-00071
WBCIC,0,44,2,withheld_until_outcome_lock,query,14263,wbcic-44-S3-00072
WBCIC,0,44,2,withheld_until_outcome_lock,query,14264,wbcic-44-S3-00073
WBCIC,0,44,2,withheld_until_outcome_lock,query,14265,wbcic-44-S3-00074
WBCIC,0,44,2,withheld_until_outcome_lock,query,14266,wbcic-44-S3-00075
WBCIC,0,44,2,withheld_until_outcome_lock,query,14267,wbcic-44-S3-00076
WBCIC,0,44,2,withheld_until_outcome_lock,query,14268,wbcic-44-S3-00077
WBCIC,0,44,2,withheld_until_outcome_lock,query,14269,wbcic-44-S3-00078
WBCIC,0,44,2,withheld_until_outcome_lock,query,14270,wbcic-44-S3-00079
WBCIC,0,44,2,withheld_until_outcome_lock,query,14271,wbcic-44-S3-00080
WBCIC,0,44,2,withheld_until_outcome_lock,query,14272,wbcic-44-S3-00081
WBCIC,0,44,2,withheld_until_outcome_lock,query,14273,wbcic-44-S3-00082
WBCIC,0,44,2,withheld_until_outcome_lock,query,14274,wbcic-44-S3-00083
WBCIC,0,44,2,withheld_until_outcome_lock,query,14275,wbcic-44-S3-00084
WBCIC,0,44,2,withheld_until_outcome_lock,query,14276,wbcic-44-S3-00085
WBCIC,0,44,2,withheld_until_outcome_lock,query,14277,wbcic-44-S3-00086
WBCIC,0,44,2,withheld_until_outcome_lock,query,14278,wbcic-44-S3-00087
WBCIC,0,44,2,withheld_until_outcome_lock,query,14279,wbcic-44-S3-00088
WBCIC,0,44,2,withheld_until_outcome_lock,query,14280,wbcic-44-S3-00089
WBCIC,0,44,2,withheld_until_outcome_lock,query,14281,wbcic-44-S3-00090
WBCIC,0,44,2,withheld_until_outcome_lock,query,14282,wbcic-44-S3-00091
WBCIC,0,44,2,withheld_until_outcome_lock,query,14283,wbcic-44-S3-00092
WBCIC,0,44,2,withheld_until_outcome_lock,query,14284,wbcic-44-S3-00093
WBCIC,0,44,2,withheld_until_outcome_lock,query,14285,wbcic-44-S3-00094
WBCIC,0,44,2,withheld_until_outcome_lock,query,14286,wbcic-44-S3-00095
WBCIC,0,44,2,withheld_until_outcome_lock,query,14287,wbcic-44-S3-00096
WBCIC,0,44,2,withheld_until_outcome_lock,query,14288,wbcic-44-S3-00097
WBCIC,0,44,2,withheld_until_outcome_lock,query,14289,wbcic-44-S3-00098
WBCIC,0,44,2,withheld_until_outcome_lock,query,14290,wbcic-44-S3-00099
WBCIC,0,44,2,withheld_until_outcome_lock,query,14291,wbcic-44-S3-00100
WBCIC,0,44,2,withheld_until_outcome_lock,query,14292,wbcic-44-S3-00101
WBCIC,0,44,2,withheld_until_outcome_lock,query,14293,wbcic-44-S3-00102
WBCIC,0,44,2,withheld_until_outcome_lock,query,14294,wbcic-44-S3-00103
WBCIC,0,44,2,withheld_until_outcome_lock,query,14295,wbcic-44-S3-00104
WBCIC,0,44,2,withheld_until_outcome_lock,query,14296,wbcic-44-S3-00105
WBCIC,0,44,2,withheld_until_outcome_lock,query,14297,wbcic-44-S3-00106
WBCIC,0,44,2,withheld_until_outcome_lock,query,14298,wbcic-44-S3-00107
WBCIC,0,44,2,withheld_until_outcome_lock,query,14299,wbcic-44-S3-00108
WBCIC,0,44,2,withheld_until_outcome_lock,query,14300,wbcic-44-S3-00109
WBCIC,0,44,2,withheld_until_outcome_lock,query,14301,wbcic-44-S3-00110
WBCIC,0,44,2,withheld_until_outcome_lock,query,14302,wbcic-44-S3-00111
WBCIC,0,44,2,withheld_until_outcome_lock,query,14303,wbcic-44-S3-00112
WBCIC,0,44,2,withheld_until_outcome_lock,query,14304,wbcic-44-S3-00113
WBCIC,0,44,2,withheld_until_outcome_lock,query,14305,wbcic-44-S3-00114
WBCIC,0,44,2,withheld_until_outcome_lock,query,14306,wbcic-44-S3-00115
WBCIC,0,44,2,withheld_until_outcome_lock,query,14307,wbcic-44-S3-00116
WBCIC,0,44,2,withheld_until_outcome_lock,query,14308,wbcic-44-S3-00117
WBCIC,0,44,2,withheld_until_outcome_lock,query,14309,wbcic-44-S3-00118
WBCIC,0,44,2,withheld_until_outcome_lock,query,14310,wbcic-44-S3-00119
WBCIC,0,44,2,withheld_until_outcome_lock,query,14311,wbcic-44-S3-00120
WBCIC,0,44,2,withheld_until_outcome_lock,query,14312,wbcic-44-S3-00121
WBCIC,0,44,2,withheld_until_outcome_lock,query,14313,wbcic-44-S3-00122
WBCIC,0,44,2,withheld_until_outcome_lock,query,14314,wbcic-44-S3-00123
WBCIC,0,44,2,withheld_until_outcome_lock,query,14315,wbcic-44-S3-00124
WBCIC,0,44,2,withheld_until_outcome_lock,query,14316,wbcic-44-S3-00125
WBCIC,0,44,2,withheld_until_outcome_lock,query,14317,wbcic-44-S3-00126
WBCIC,0,44,2,withheld_until_outcome_lock,query,14318,wbcic-44-S3-00127
WBCIC,0,44,2,withheld_until_outcome_lock,query,14319,wbcic-44-S3-00128
WBCIC,0,44,2,withheld_until_outcome_lock,query,14320,wbcic-44-S3-00129
WBCIC,0,44,2,withheld_until_outcome_lock,query,14321,wbcic-44-S3-00130
WBCIC,0,44,2,withheld_until_outcome_lock,query,14322,wbcic-44-S3-00131
WBCIC,0,44,2,withheld_until_outcome_lock,query,14323,wbcic-44-S3-00132
WBCIC,0,44,2,withheld_until_outcome_lock,query,14324,wbcic-44-S3-00133
WBCIC,0,44,2,withheld_until_outcome_lock,query,14325,wbcic-44-S3-00134
WBCIC,0,44,2,withheld_until_outcome_lock,query,14326,wbcic-44-S3-00135
WBCIC,0,44,2,withheld_until_outcome_lock,query,14327,wbcic-44-S3-00136
WBCIC,0,44,2,withheld_until_outcome_lock,query,14328,wbcic-44-S3-00137
WBCIC,0,44,2,withheld_until_outcome_lock,query,14329,wbcic-44-S3-00138
WBCIC,0,44,2,withheld_until_outcome_lock,query,14330,wbcic-44-S3-00139
WBCIC,0,44,2,withheld_until_outcome_lock,query,14331,wbcic-44-S3-00140
WBCIC,0,44,2,withheld_until_outcome_lock,query,14332,wbcic-44-S3-00141
WBCIC,0,44,2,withheld_until_outcome_lock,query,14333,wbcic-44-S3-00142
WBCIC,0,44,2,withheld_until_outcome_lock,query,14334,wbcic-44-S3-00143
WBCIC,0,44,2,withheld_until_outcome_lock,query,14335,wbcic-44-S3-00144
WBCIC,0,44,2,withheld_until_outcome_lock,query,14336,wbcic-44-S3-00145
WBCIC,0,44,2,withheld_until_outcome_lock,query,14337,wbcic-44-S3-00146
WBCIC,0,44,2,withheld_until_outcome_lock,query,14338,wbcic-44-S3-00147
WBCIC,0,44,2,withheld_until_outcome_lock,query,14339,wbcic-44-S3-00148
WBCIC,0,44,2,withheld_until_outcome_lock,query,14340,wbcic-44-S3-00149
WBCIC,0,44,2,withheld_until_outcome_lock,query,14341,wbcic-44-S3-00150
WBCIC,0,44,2,withheld_until_outcome_lock,query,14342,wbcic-44-S3-00151
WBCIC,0,44,2,withheld_until_outcome_lock,query,14343,wbcic-44-S3-00152
WBCIC,0,44,2,withheld_until_outcome_lock,query,14344,wbcic-44-S3-00153
WBCIC,0,44,2,withheld_until_outcome_lock,query,14345,wbcic-44-S3-00154
WBCIC,0,44,2,withheld_until_outcome_lock,query,14346,wbcic-44-S3-00155
WBCIC,0,44,2,withheld_until_outcome_lock,query,14347,wbcic-44-S3-00156
WBCIC,0,44,2,withheld_until_outcome_lock,query,14348,wbcic-44-S3-00157
WBCIC,0,44,2,withheld_until_outcome_lock,query,14349,wbcic-44-S3-00158
WBCIC,0,44,2,withheld_until_outcome_lock,query,14350,wbcic-44-S3-00159
WBCIC,0,44,2,withheld_until_outcome_lock,query,14351,wbcic-44-S3-00160
WBCIC,0,44,2,withheld_until_outcome_lock,query,14352,wbcic-44-S3-00161
WBCIC,0,44,2,withheld_until_outcome_lock,query,14353,wbcic-44-S3-00162
WBCIC,0,44,2,withheld_until_outcome_lock,query,14354,wbcic-44-S3-00163
WBCIC,0,44,2,withheld_until_outcome_lock,query,14355,wbcic-44-S3-00164
WBCIC,0,44,2,withheld_until_outcome_lock,query,14356,wbcic-44-S3-00165
WBCIC,0,44,2,withheld_until_outcome_lock,query,14357,wbcic-44-S3-00166
WBCIC,0,44,2,withheld_until_outcome_lock,query,14358,wbcic-44-S3-00167
WBCIC,0,44,2,withheld_until_outcome_lock,query,14359,wbcic-44-S3-00168
WBCIC,0,44,2,withheld_until_outcome_lock,query,14360,wbcic-44-S3-00169
WBCIC,0,44,2,withheld_until_outcome_lock,query,14361,wbcic-44-S3-00170
WBCIC,0,44,2,withheld_until_outcome_lock,query,14362,wbcic-44-S3-00171
WBCIC,0,44,2,withheld_until_outcome_lock,query,14363,wbcic-44-S3-00172
WBCIC,0,44,2,withheld_until_outcome_lock,query,14364,wbcic-44-S3-00173
WBCIC,0,44,2,withheld_until_outcome_lock,query,14365,wbcic-44-S3-00174
WBCIC,0,44,2,withheld_until_outcome_lock,query,14366,wbcic-44-S3-00175
WBCIC,0,44,2,withheld_until_outcome_lock,query,14367,wbcic-44-S3-00176
WBCIC,0,44,2,withheld_until_outcome_lock,query,14368,wbcic-44-S3-00177
WBCIC,0,44,2,withheld_until_outcome_lock,query,14369,wbcic-44-S3-00178
WBCIC,0,44,2,withheld_until_outcome_lock,query,14370,wbcic-44-S3-00179
WBCIC,0,44,2,withheld_until_outcome_lock,query,14371,wbcic-44-S3-00180
WBCIC,0,44,2,withheld_until_outcome_lock,query,14372,wbcic-44-S3-00181
WBCIC,0,44,2,withheld_until_outcome_lock,query,14373,wbcic-44-S3-00182
WBCIC,0,44,2,withheld_until_outcome_lock,query,14374,wbcic-44-S3-00183
WBCIC,0,44,2,withheld_until_outcome_lock,query,14375,wbcic-44-S3-00184
WBCIC,0,44,2,withheld_until_outcome_lock,query,14376,wbcic-44-S3-00185
WBCIC,0,44,2,withheld_until_outcome_lock,query,14377,wbcic-44-S3-00186
WBCIC,0,44,2,withheld_until_outcome_lock,query,14378,wbcic-44-S3-00187
WBCIC,0,44,2,withheld_until_outcome_lock,query,14379,wbcic-44-S3-00188
WBCIC,0,44,2,withheld_until_outcome_lock,query,14380,wbcic-44-S3-00189
WBCIC,0,44,2,withheld_until_outcome_lock,query,14381,wbcic-44-S3-00190
WBCIC,0,44,2,withheld_until_outcome_lock,query,14382,wbcic-44-S3-00191
WBCIC,0,44,2,withheld_until_outcome_lock,query,14383,wbcic-44-S3-00192
WBCIC,0,44,2,withheld_until_outcome_lock,query,14384,wbcic-44-S3-00193
WBCIC,0,44,2,withheld_until_outcome_lock,query,14385,wbcic-44-S3-00194
WBCIC,0,44,2,withheld_until_outcome_lock,query,14386,wbcic-44-S3-00195
WBCIC,0,44,2,withheld_until_outcome_lock,query,14387,wbcic-44-S3-00196
WBCIC,0,44,2,withheld_until_outcome_lock,query,14388,wbcic-44-S3-00197
WBCIC,0,44,2,withheld_until_outcome_lock,query,14389,wbcic-44-S3-00198
WBCIC,0,44,2,withheld_until_outcome_lock,query,14390,wbcic-44-S3-00199
WBCIC,0,45,2,withheld_until_outcome_lock,query,14791,wbcic-45-S3-00000
WBCIC,0,45,2,withheld_until_outcome_lock,query,14792,wbcic-45-S3-00001
WBCIC,0,45,2,withheld_until_outcome_lock,query,14793,wbcic-45-S3-00002
WBCIC,0,45,2,withheld_until_outcome_lock,query,14794,wbcic-45-S3-00003
WBCIC,0,45,2,withheld_until_outcome_lock,query,14795,wbcic-45-S3-00004
WBCIC,0,45,2,withheld_until_outcome_lock,query,14796,wbcic-45-S3-00005
WBCIC,0,45,2,withheld_until_outcome_lock,query,14797,wbcic-45-S3-00006
WBCIC,0,45,2,withheld_until_outcome_lock,query,14798,wbcic-45-S3-00007
WBCIC,0,45,2,withheld_until_outcome_lock,query,14799,wbcic-45-S3-00008
WBCIC,0,45,2,withheld_until_outcome_lock,query,14800,wbcic-45-S3-00009
WBCIC,0,45,2,withheld_until_outcome_lock,query,14801,wbcic-45-S3-00010
WBCIC,0,45,2,withheld_until_outcome_lock,query,14802,wbcic-45-S3-00011
WBCIC,0,45,2,withheld_until_outcome_lock,query,14803,wbcic-45-S3-00012
WBCIC,0,45,2,withheld_until_outcome_lock,query,14804,wbcic-45-S3-00013
WBCIC,0,45,2,withheld_until_outcome_lock,query,14805,wbcic-45-S3-00014
WBCIC,0,45,2,withheld_until_outcome_lock,query,14806,wbcic-45-S3-00015
WBCIC,0,45,2,withheld_until_outcome_lock,query,14807,wbcic-45-S3-00016
WBCIC,0,45,2,withheld_until_outcome_lock,query,14808,wbcic-45-S3-00017
WBCIC,0,45,2,withheld_until_outcome_lock,query,14809,wbcic-45-S3-00018
WBCIC,0,45,2,withheld_until_outcome_lock,query,14810,wbcic-45-S3-00019
WBCIC,0,45,2,withheld_until_outcome_lock,query,14811,wbcic-45-S3-00020
WBCIC,0,45,2,withheld_until_outcome_lock,query,14812,wbcic-45-S3-00021
WBCIC,0,45,2,withheld_until_outcome_lock,query,14813,wbcic-45-S3-00022
WBCIC,0,45,2,withheld_until_outcome_lock,query,14814,wbcic-45-S3-00023
WBCIC,0,45,2,withheld_until_outcome_lock,query,14815,wbcic-45-S3-00024
WBCIC,0,45,2,withheld_until_outcome_lock,query,14816,wbcic-45-S3-00025
WBCIC,0,45,2,withheld_until_outcome_lock,query,14817,wbcic-45-S3-00026
WBCIC,0,45,2,withheld_until_outcome_lock,query,14818,wbcic-45-S3-00027
WBCIC,0,45,2,withheld_until_outcome_lock,query,14819,wbcic-45-S3-00028
WBCIC,0,45,2,withheld_until_outcome_lock,query,14820,wbcic-45-S3-00029
WBCIC,0,45,2,withheld_until_outcome_lock,query,14821,wbcic-45-S3-00030
WBCIC,0,45,2,withheld_until_outcome_lock,query,14822,wbcic-45-S3-00031
WBCIC,0,45,2,withheld_until_outcome_lock,query,14823,wbcic-45-S3-00032
WBCIC,0,45,2,withheld_until_outcome_lock,query,14824,wbcic-45-S3-00033
WBCIC,0,45,2,withheld_until_outcome_lock,query,14825,wbcic-45-S3-00034
WBCIC,0,45,2,withheld_until_outcome_lock,query,14826,wbcic-45-S3-00035
WBCIC,0,45,2,withheld_until_outcome_lock,query,14827,wbcic-45-S3-00036
WBCIC,0,45,2,withheld_until_outcome_lock,query,14828,wbcic-45-S3-00037
WBCIC,0,45,2,withheld_until_outcome_lock,query,14829,wbcic-45-S3-00038
WBCIC,0,45,2,withheld_until_outcome_lock,query,14830,wbcic-45-S3-00039
WBCIC,0,45,2,withheld_until_outcome_lock,query,14831,wbcic-45-S3-00040
WBCIC,0,45,2,withheld_until_outcome_lock,query,14832,wbcic-45-S3-00041
WBCIC,0,45,2,withheld_until_outcome_lock,query,14833,wbcic-45-S3-00042
WBCIC,0,45,2,withheld_until_outcome_lock,query,14834,wbcic-45-S3-00043
WBCIC,0,45,2,withheld_until_outcome_lock,query,14835,wbcic-45-S3-00044
WBCIC,0,45,2,withheld_until_outcome_lock,query,14836,wbcic-45-S3-00045
WBCIC,0,45,2,withheld_until_outcome_lock,query,14837,wbcic-45-S3-00046
WBCIC,0,45,2,withheld_until_outcome_lock,query,14838,wbcic-45-S3-00047
WBCIC,0,45,2,withheld_until_outcome_lock,query,14839,wbcic-45-S3-00048
WBCIC,0,45,2,withheld_until_outcome_lock,query,14840,wbcic-45-S3-00049
WBCIC,0,45,2,withheld_until_outcome_lock,query,14841,wbcic-45-S3-00050
WBCIC,0,45,2,withheld_until_outcome_lock,query,14842,wbcic-45-S3-00051
WBCIC,0,45,2,withheld_until_outcome_lock,query,14843,wbcic-45-S3-00052
WBCIC,0,45,2,withheld_until_outcome_lock,query,14844,wbcic-45-S3-00053
WBCIC,0,45,2,withheld_until_outcome_lock,query,14845,wbcic-45-S3-00054
WBCIC,0,45,2,withheld_until_outcome_lock,query,14846,wbcic-45-S3-00055
WBCIC,0,45,2,withheld_until_outcome_lock,query,14847,wbcic-45-S3-00056
WBCIC,0,45,2,withheld_until_outcome_lock,query,14848,wbcic-45-S3-00057
WBCIC,0,45,2,withheld_until_outcome_lock,query,14849,wbcic-45-S3-00058
WBCIC,0,45,2,withheld_until_outcome_lock,query,14850,wbcic-45-S3-00059
WBCIC,0,45,2,withheld_until_outcome_lock,query,14851,wbcic-45-S3-00060
WBCIC,0,45,2,withheld_until_outcome_lock,query,14852,wbcic-45-S3-00061
WBCIC,0,45,2,withheld_until_outcome_lock,query,14853,wbcic-45-S3-00062
WBCIC,0,45,2,withheld_until_outcome_lock,query,14854,wbcic-45-S3-00063
WBCIC,0,45,2,withheld_until_outcome_lock,query,14855,wbcic-45-S3-00064
WBCIC,0,45,2,withheld_until_outcome_lock,query,14856,wbcic-45-S3-00065
WBCIC,0,45,2,withheld_until_outcome_lock,query,14857,wbcic-45-S3-00066
WBCIC,0,45,2,withheld_until_outcome_lock,query,14858,wbcic-45-S3-00067
WBCIC,0,45,2,withheld_until_outcome_lock,query,14859,wbcic-45-S3-00068
WBCIC,0,45,2,withheld_until_outcome_lock,query,14860,wbcic-45-S3-00069
WBCIC,0,45,2,withheld_until_outcome_lock,query,14861,wbcic-45-S3-00070
WBCIC,0,45,2,withheld_until_outcome_lock,query,14862,wbcic-45-S3-00071
WBCIC,0,45,2,withheld_until_outcome_lock,query,14863,wbcic-45-S3-00072
WBCIC,0,45,2,withheld_until_outcome_lock,query,14864,wbcic-45-S3-00073
WBCIC,0,45,2,withheld_until_outcome_lock,query,14865,wbcic-45-S3-00074
WBCIC,0,45,2,withheld_until_outcome_lock,query,14866,wbcic-45-S3-00075
WBCIC,0,45,2,withheld_until_outcome_lock,query,14867,wbcic-45-S3-00076
WBCIC,0,45,2,withheld_until_outcome_lock,query,14868,wbcic-45-S3-00077
WBCIC,0,45,2,withheld_until_outcome_lock,query,14869,wbcic-45-S3-00078
WBCIC,0,45,2,withheld_until_outcome_lock,query,14870,wbcic-45-S3-00079
WBCIC,0,45,2,withheld_until_outcome_lock,query,14871,wbcic-45-S3-00080
WBCIC,0,45,2,withheld_until_outcome_lock,query,14872,wbcic-45-S3-00081
WBCIC,0,45,2,withheld_until_outcome_lock,query,14873,wbcic-45-S3-00082
WBCIC,0,45,2,withheld_until_outcome_lock,query,14874,wbcic-45-S3-00083
WBCIC,0,45,2,withheld_until_outcome_lock,query,14875,wbcic-45-S3-00084
WBCIC,0,45,2,withheld_until_outcome_lock,query,14876,wbcic-45-S3-00085
WBCIC,0,45,2,withheld_until_outcome_lock,query,14877,wbcic-45-S3-00086
WBCIC,0,45,2,withheld_until_outcome_lock,query,14878,wbcic-45-S3-00087
WBCIC,0,45,2,withheld_until_outcome_lock,query,14879,wbcic-45-S3-00088
WBCIC,0,45,2,withheld_until_outcome_lock,query,14880,wbcic-45-S3-00089
WBCIC,0,45,2,withheld_until_outcome_lock,query,14881,wbcic-45-S3-00090
WBCIC,0,45,2,withheld_until_outcome_lock,query,14882,wbcic-45-S3-00091
WBCIC,0,45,2,withheld_until_outcome_lock,query,14883,wbcic-45-S3-00092
WBCIC,0,45,2,withheld_until_outcome_lock,query,14884,wbcic-45-S3-00093
WBCIC,0,45,2,withheld_until_outcome_lock,query,14885,wbcic-45-S3-00094
WBCIC,0,45,2,withheld_until_outcome_lock,query,14886,wbcic-45-S3-00095
WBCIC,0,45,2,withheld_until_outcome_lock,query,14887,wbcic-45-S3-00096
WBCIC,0,45,2,withheld_until_outcome_lock,query,14888,wbcic-45-S3-00097
WBCIC,0,45,2,withheld_until_outcome_lock,query,14889,wbcic-45-S3-00098
WBCIC,0,45,2,withheld_until_outcome_lock,query,14890,wbcic-45-S3-00099
WBCIC,0,45,2,withheld_until_outcome_lock,query,14891,wbcic-45-S3-00100
WBCIC,0,45,2,withheld_until_outcome_lock,query,14892,wbcic-45-S3-00101
WBCIC,0,45,2,withheld_until_outcome_lock,query,14893,wbcic-45-S3-00102
WBCIC,0,45,2,withheld_until_outcome_lock,query,14894,wbcic-45-S3-00103
WBCIC,0,45,2,withheld_until_outcome_lock,query,14895,wbcic-45-S3-00104
WBCIC,0,45,2,withheld_until_outcome_lock,query,14896,wbcic-45-S3-00105
WBCIC,0,45,2,withheld_until_outcome_lock,query,14897,wbcic-45-S3-00106
WBCIC,0,45,2,withheld_until_outcome_lock,query,14898,wbcic-45-S3-00107
WBCIC,0,45,2,withheld_until_outcome_lock,query,14899,wbcic-45-S3-00108
WBCIC,0,45,2,withheld_until_outcome_lock,query,14900,wbcic-45-S3-00109
WBCIC,0,45,2,withheld_until_outcome_lock,query,14901,wbcic-45-S3-00110
WBCIC,0,45,2,withheld_until_outcome_lock,query,14902,wbcic-45-S3-00111
WBCIC,0,45,2,withheld_until_outcome_lock,query,14903,wbcic-45-S3-00112
WBCIC,0,45,2,withheld_until_outcome_lock,query,14904,wbcic-45-S3-00113
WBCIC,0,45,2,withheld_until_outcome_lock,query,14905,wbcic-45-S3-00114
WBCIC,0,45,2,withheld_until_outcome_lock,query,14906,wbcic-45-S3-00115
WBCIC,0,45,2,withheld_until_outcome_lock,query,14907,wbcic-45-S3-00116
WBCIC,0,45,2,withheld_until_outcome_lock,query,14908,wbcic-45-S3-00117
WBCIC,0,45,2,withheld_until_outcome_lock,query,14909,wbcic-45-S3-00118
WBCIC,0,45,2,withheld_until_outcome_lock,query,14910,wbcic-45-S3-00119
WBCIC,0,45,2,withheld_until_outcome_lock,query,14911,wbcic-45-S3-00120
WBCIC,0,45,2,withheld_until_outcome_lock,query,14912,wbcic-45-S3-00121
WBCIC,0,45,2,withheld_until_outcome_lock,query,14913,wbcic-45-S3-00122
WBCIC,0,45,2,withheld_until_outcome_lock,query,14914,wbcic-45-S3-00123
WBCIC,0,45,2,withheld_until_outcome_lock,query,14915,wbcic-45-S3-00124
WBCIC,0,45,2,withheld_until_outcome_lock,query,14916,wbcic-45-S3-00125
WBCIC,0,45,2,withheld_until_outcome_lock,query,14917,wbcic-45-S3-00126
WBCIC,0,45,2,withheld_until_outcome_lock,query,14918,wbcic-45-S3-00127
WBCIC,0,45,2,withheld_until_outcome_lock,query,14919,wbcic-45-S3-00128
WBCIC,0,45,2,withheld_until_outcome_lock,query,14920,wbcic-45-S3-00129
WBCIC,0,45,2,withheld_until_outcome_lock,query,14921,wbcic-45-S3-00130
WBCIC,0,45,2,withheld_until_outcome_lock,query,14922,wbcic-45-S3-00131
WBCIC,0,45,2,withheld_until_outcome_lock,query,14923,wbcic-45-S3-00132
WBCIC,0,45,2,withheld_until_outcome_lock,query,14924,wbcic-45-S3-00133
WBCIC,0,45,2,withheld_until_outcome_lock,query,14925,wbcic-45-S3-00134
WBCIC,0,45,2,withheld_until_outcome_lock,query,14926,wbcic-45-S3-00135
WBCIC,0,45,2,withheld_until_outcome_lock,query,14927,wbcic-45-S3-00136
WBCIC,0,45,2,withheld_until_outcome_lock,query,14928,wbcic-45-S3-00137
WBCIC,0,45,2,withheld_until_outcome_lock,query,14929,wbcic-45-S3-00138
WBCIC,0,45,2,withheld_until_outcome_lock,query,14930,wbcic-45-S3-00139
WBCIC,0,45,2,withheld_until_outcome_lock,query,14931,wbcic-45-S3-00140
WBCIC,0,45,2,withheld_until_outcome_lock,query,14932,wbcic-45-S3-00141
WBCIC,0,45,2,withheld_until_outcome_lock,query,14933,wbcic-45-S3-00142
WBCIC,0,45,2,withheld_until_outcome_lock,query,14934,wbcic-45-S3-00143
WBCIC,0,45,2,withheld_until_outcome_lock,query,14935,wbcic-45-S3-00144
WBCIC,0,45,2,withheld_until_outcome_lock,query,14936,wbcic-45-S3-00145
WBCIC,0,45,2,withheld_until_outcome_lock,query,14937,wbcic-45-S3-00146
WBCIC,0,45,2,withheld_until_outcome_lock,query,14938,wbcic-45-S3-00147
WBCIC,0,45,2,withheld_until_outcome_lock,query,14939,wbcic-45-S3-00148
WBCIC,0,45,2,withheld_until_outcome_lock,query,14940,wbcic-45-S3-00149
WBCIC,0,45,2,withheld_until_outcome_lock,query,14941,wbcic-45-S3-00150
WBCIC,0,45,2,withheld_until_outcome_lock,query,14942,wbcic-45-S3-00151
WBCIC,0,45,2,withheld_until_outcome_lock,query,14943,wbcic-45-S3-00152
WBCIC,0,45,2,withheld_until_outcome_lock,query,14944,wbcic-45-S3-00153
WBCIC,0,45,2,withheld_until_outcome_lock,query,14945,wbcic-45-S3-00154
WBCIC,0,45,2,withheld_until_outcome_lock,query,14946,wbcic-45-S3-00155
WBCIC,0,45,2,withheld_until_outcome_lock,query,14947,wbcic-45-S3-00156
WBCIC,0,45,2,withheld_until_outcome_lock,query,14948,wbcic-45-S3-00157
WBCIC,0,45,2,withheld_until_outcome_lock,query,14949,wbcic-45-S3-00158
WBCIC,0,45,2,withheld_until_outcome_lock,query,14950,wbcic-45-S3-00159
WBCIC,0,45,2,withheld_until_outcome_lock,query,14951,wbcic-45-S3-00160
WBCIC,0,45,2,withheld_until_outcome_lock,query,14952,wbcic-45-S3-00161
WBCIC,0,45,2,withheld_until_outcome_lock,query,14953,wbcic-45-S3-00162
WBCIC,0,45,2,withheld_until_outcome_lock,query,14954,wbcic-45-S3-00163
WBCIC,0,45,2,withheld_until_outcome_lock,query,14955,wbcic-45-S3-00164
WBCIC,0,45,2,withheld_until_outcome_lock,query,14956,wbcic-45-S3-00165
WBCIC,0,45,2,withheld_until_outcome_lock,query,14957,wbcic-45-S3-00166
WBCIC,0,45,2,withheld_until_outcome_lock,query,14958,wbcic-45-S3-00167
WBCIC,0,45,2,withheld_until_outcome_lock,query,14959,wbcic-45-S3-00168
WBCIC,0,45,2,withheld_until_outcome_lock,query,14960,wbcic-45-S3-00169
WBCIC,0,45,2,withheld_until_outcome_lock,query,14961,wbcic-45-S3-00170
WBCIC,0,45,2,withheld_until_outcome_lock,query,14962,wbcic-45-S3-00171
WBCIC,0,45,2,withheld_until_outcome_lock,query,14963,wbcic-45-S3-00172
WBCIC,0,45,2,withheld_until_outcome_lock,query,14964,wbcic-45-S3-00173
WBCIC,0,45,2,withheld_until_outcome_lock,query,14965,wbcic-45-S3-00174
WBCIC,0,45,2,withheld_until_outcome_lock,query,14966,wbcic-45-S3-00175
WBCIC,0,45,2,withheld_until_outcome_lock,query,14967,wbcic-45-S3-00176
WBCIC,0,45,2,withheld_until_outcome_lock,query,14968,wbcic-45-S3-00177
WBCIC,0,45,2,withheld_until_outcome_lock,query,14969,wbcic-45-S3-00178
WBCIC,0,45,2,withheld_until_outcome_lock,query,14970,wbcic-45-S3-00179
WBCIC,0,45,2,withheld_until_outcome_lock,query,14971,wbcic-45-S3-00180
WBCIC,0,45,2,withheld_until_outcome_lock,query,14972,wbcic-45-S3-00181
WBCIC,0,45,2,withheld_until_outcome_lock,query,14973,wbcic-45-S3-00182
WBCIC,0,45,2,withheld_until_outcome_lock,query,14974,wbcic-45-S3-00183
WBCIC,0,45,2,withheld_until_outcome_lock,query,14975,wbcic-45-S3-00184
WBCIC,0,45,2,withheld_until_outcome_lock,query,14976,wbcic-45-S3-00185
WBCIC,0,45,2,withheld_until_outcome_lock,query,14977,wbcic-45-S3-00186
WBCIC,0,45,2,withheld_until_outcome_lock,query,14978,wbcic-45-S3-00187
WBCIC,0,45,2,withheld_until_outcome_lock,query,14979,wbcic-45-S3-00188
WBCIC,0,45,2,withheld_until_outcome_lock,query,14980,wbcic-45-S3-00189
WBCIC,0,45,2,withheld_until_outcome_lock,query,14981,wbcic-45-S3-00190
WBCIC,0,45,2,withheld_until_outcome_lock,query,14982,wbcic-45-S3-00191
WBCIC,0,45,2,withheld_until_outcome_lock,query,14983,wbcic-45-S3-00192
WBCIC,0,45,2,withheld_until_outcome_lock,query,14984,wbcic-45-S3-00193
WBCIC,0,45,2,withheld_until_outcome_lock,query,14985,wbcic-45-S3-00194
WBCIC,0,45,2,withheld_until_outcome_lock,query,14986,wbcic-45-S3-00195
WBCIC,0,45,2,withheld_until_outcome_lock,query,14987,wbcic-45-S3-00196
WBCIC,0,45,2,withheld_until_outcome_lock,query,14988,wbcic-45-S3-00197
WBCIC,0,45,2,withheld_until_outcome_lock,query,14989,wbcic-45-S3-00198
WBCIC,0,45,2,withheld_until_outcome_lock,query,14990,wbcic-45-S3-00199
WBCIC,1,22,2,withheld_until_outcome_lock,query,4600,wbcic-22-S3-00000
WBCIC,1,22,2,withheld_until_outcome_lock,query,4601,wbcic-22-S3-00001
WBCIC,1,22,2,withheld_until_outcome_lock,query,4602,wbcic-22-S3-00002
WBCIC,1,22,2,withheld_until_outcome_lock,query,4603,wbcic-22-S3-00003
WBCIC,1,22,2,withheld_until_outcome_lock,query,4604,wbcic-22-S3-00004
WBCIC,1,22,2,withheld_until_outcome_lock,query,4605,wbcic-22-S3-00005
WBCIC,1,22,2,withheld_until_outcome_lock,query,4606,wbcic-22-S3-00006
WBCIC,1,22,2,withheld_until_outcome_lock,query,4607,wbcic-22-S3-00007
WBCIC,1,22,2,withheld_until_outcome_lock,query,4608,wbcic-22-S3-00008
WBCIC,1,22,2,withheld_until_outcome_lock,query,4609,wbcic-22-S3-00009
WBCIC,1,22,2,withheld_until_outcome_lock,query,4610,wbcic-22-S3-00010
WBCIC,1,22,2,withheld_until_outcome_lock,query,4611,wbcic-22-S3-00011
WBCIC,1,22,2,withheld_until_outcome_lock,query,4612,wbcic-22-S3-00012
WBCIC,1,22,2,withheld_until_outcome_lock,query,4613,wbcic-22-S3-00013
WBCIC,1,22,2,withheld_until_outcome_lock,query,4614,wbcic-22-S3-00014
WBCIC,1,22,2,withheld_until_outcome_lock,query,4615,wbcic-22-S3-00015
WBCIC,1,22,2,withheld_until_outcome_lock,query,4616,wbcic-22-S3-00016
WBCIC,1,22,2,withheld_until_outcome_lock,query,4617,wbcic-22-S3-00017
WBCIC,1,22,2,withheld_until_outcome_lock,query,4618,wbcic-22-S3-00018
WBCIC,1,22,2,withheld_until_outcome_lock,query,4619,wbcic-22-S3-00019
WBCIC,1,22,2,withheld_until_outcome_lock,query,4620,wbcic-22-S3-00020
WBCIC,1,22,2,withheld_until_outcome_lock,query,4621,wbcic-22-S3-00021
WBCIC,1,22,2,withheld_until_outcome_lock,query,4622,wbcic-22-S3-00022
WBCIC,1,22,2,withheld_until_outcome_lock,query,4623,wbcic-22-S3-00023
WBCIC,1,22,2,withheld_until_outcome_lock,query,4624,wbcic-22-S3-00024
WBCIC,1,22,2,withheld_until_outcome_lock,query,4625,wbcic-22-S3-00025
WBCIC,1,22,2,withheld_until_outcome_lock,query,4626,wbcic-22-S3-00026
WBCIC,1,22,2,withheld_until_outcome_lock,query,4627,wbcic-22-S3-00027
WBCIC,1,22,2,withheld_until_outcome_lock,query,4628,wbcic-22-S3-00028
WBCIC,1,22,2,withheld_until_outcome_lock,query,4629,wbcic-22-S3-00029
WBCIC,1,22,2,withheld_until_outcome_lock,query,4630,wbcic-22-S3-00030
WBCIC,1,22,2,withheld_until_outcome_lock,query,4631,wbcic-22-S3-00031
WBCIC,1,22,2,withheld_until_outcome_lock,query,4632,wbcic-22-S3-00032
WBCIC,1,22,2,withheld_until_outcome_lock,query,4633,wbcic-22-S3-00033
WBCIC,1,22,2,withheld_until_outcome_lock,query,4634,wbcic-22-S3-00034
WBCIC,1,22,2,withheld_until_outcome_lock,query,4635,wbcic-22-S3-00035
WBCIC,1,22,2,withheld_until_outcome_lock,query,4636,wbcic-22-S3-00036
WBCIC,1,22,2,withheld_until_outcome_lock,query,4637,wbcic-22-S3-00037
WBCIC,1,22,2,withheld_until_outcome_lock,query,4638,wbcic-22-S3-00038
WBCIC,1,22,2,withheld_until_outcome_lock,query,4639,wbcic-22-S3-00039
WBCIC,1,22,2,withheld_until_outcome_lock,query,4640,wbcic-22-S3-00040
WBCIC,1,22,2,withheld_until_outcome_lock,query,4641,wbcic-22-S3-00041
WBCIC,1,22,2,withheld_until_outcome_lock,query,4642,wbcic-22-S3-00042
WBCIC,1,22,2,withheld_until_outcome_lock,query,4643,wbcic-22-S3-00043
WBCIC,1,22,2,withheld_until_outcome_lock,query,4644,wbcic-22-S3-00044
WBCIC,1,22,2,withheld_until_outcome_lock,query,4645,wbcic-22-S3-00045
WBCIC,1,22,2,withheld_until_outcome_lock,query,4646,wbcic-22-S3-00046
WBCIC,1,22,2,withheld_until_outcome_lock,query,4647,wbcic-22-S3-00047
WBCIC,1,22,2,withheld_until_outcome_lock,query,4648,wbcic-22-S3-00048
WBCIC,1,22,2,withheld_until_outcome_lock,query,4649,wbcic-22-S3-00049
WBCIC,1,22,2,withheld_until_outcome_lock,query,4650,wbcic-22-S3-00050
WBCIC,1,22,2,withheld_until_outcome_lock,query,4651,wbcic-22-S3-00051
WBCIC,1,22,2,withheld_until_outcome_lock,query,4652,wbcic-22-S3-00052
WBCIC,1,22,2,withheld_until_outcome_lock,query,4653,wbcic-22-S3-00053
WBCIC,1,22,2,withheld_until_outcome_lock,query,4654,wbcic-22-S3-00054
WBCIC,1,22,2,withheld_until_outcome_lock,query,4655,wbcic-22-S3-00055
WBCIC,1,22,2,withheld_until_outcome_lock,query,4656,wbcic-22-S3-00056
WBCIC,1,22,2,withheld_until_outcome_lock,query,4657,wbcic-22-S3-00057
WBCIC,1,22,2,withheld_until_outcome_lock,query,4658,wbcic-22-S3-00058
WBCIC,1,22,2,withheld_until_outcome_lock,query,4659,wbcic-22-S3-00059
WBCIC,1,22,2,withheld_until_outcome_lock,query,4660,wbcic-22-S3-00060
WBCIC,1,22,2,withheld_until_outcome_lock,query,4661,wbcic-22-S3-00061
WBCIC,1,22,2,withheld_until_outcome_lock,query,4662,wbcic-22-S3-00062
WBCIC,1,22,2,withheld_until_outcome_lock,query,4663,wbcic-22-S3-00063
WBCIC,1,22,2,withheld_until_outcome_lock,query,4664,wbcic-22-S3-00064
WBCIC,1,22,2,withheld_until_outcome_lock,query,4665,wbcic-22-S3-00065
WBCIC,1,22,2,withheld_until_outcome_lock,query,4666,wbcic-22-S3-00066
WBCIC,1,22,2,withheld_until_outcome_lock,query,4667,wbcic-22-S3-00067
WBCIC,1,22,2,withheld_until_outcome_lock,query,4668,wbcic-22-S3-00068
WBCIC,1,22,2,withheld_until_outcome_lock,query,4669,wbcic-22-S3-00069
WBCIC,1,22,2,withheld_until_outcome_lock,query,4670,wbcic-22-S3-00070
WBCIC,1,22,2,withheld_until_outcome_lock,query,4671,wbcic-22-S3-00071
WBCIC,1,22,2,withheld_until_outcome_lock,query,4672,wbcic-22-S3-00072
WBCIC,1,22,2,withheld_until_outcome_lock,query,4673,wbcic-22-S3-00073
WBCIC,1,22,2,withheld_until_outcome_lock,query,4674,wbcic-22-S3-00074
WBCIC,1,22,2,withheld_until_outcome_lock,query,4675,wbcic-22-S3-00075
WBCIC,1,22,2,withheld_until_outcome_lock,query,4676,wbcic-22-S3-00076
WBCIC,1,22,2,withheld_until_outcome_lock,query,4677,wbcic-22-S3-00077
WBCIC,1,22,2,withheld_until_outcome_lock,query,4678,wbcic-22-S3-00078
WBCIC,1,22,2,withheld_until_outcome_lock,query,4679,wbcic-22-S3-00079
WBCIC,1,22,2,withheld_until_outcome_lock,query,4680,wbcic-22-S3-00080
WBCIC,1,22,2,withheld_until_outcome_lock,query,4681,wbcic-22-S3-00081
WBCIC,1,22,2,withheld_until_outcome_lock,query,4682,wbcic-22-S3-00082
WBCIC,1,22,2,withheld_until_outcome_lock,query,4683,wbcic-22-S3-00083
WBCIC,1,22,2,withheld_until_outcome_lock,query,4684,wbcic-22-S3-00084
WBCIC,1,22,2,withheld_until_outcome_lock,query,4685,wbcic-22-S3-00085
WBCIC,1,22,2,withheld_until_outcome_lock,query,4686,wbcic-22-S3-00086
WBCIC,1,22,2,withheld_until_outcome_lock,query,4687,wbcic-22-S3-00087
WBCIC,1,22,2,withheld_until_outcome_lock,query,4688,wbcic-22-S3-00088
WBCIC,1,22,2,withheld_until_outcome_lock,query,4689,wbcic-22-S3-00089
WBCIC,1,22,2,withheld_until_outcome_lock,query,4690,wbcic-22-S3-00090
WBCIC,1,22,2,withheld_until_outcome_lock,query,4691,wbcic-22-S3-00091
WBCIC,1,22,2,withheld_until_outcome_lock,query,4692,wbcic-22-S3-00092
WBCIC,1,22,2,withheld_until_outcome_lock,query,4693,wbcic-22-S3-00093
WBCIC,1,22,2,withheld_until_outcome_lock,query,4694,wbcic-22-S3-00094
WBCIC,1,22,2,withheld_until_outcome_lock,query,4695,wbcic-22-S3-00095
WBCIC,1,22,2,withheld_until_outcome_lock,query,4696,wbcic-22-S3-00096
WBCIC,1,22,2,withheld_until_outcome_lock,query,4697,wbcic-22-S3-00097
WBCIC,1,22,2,withheld_until_outcome_lock,query,4698,wbcic-22-S3-00098
WBCIC,1,22,2,withheld_until_outcome_lock,query,4699,wbcic-22-S3-00099
WBCIC,1,22,2,withheld_until_outcome_lock,query,4700,wbcic-22-S3-00100
WBCIC,1,22,2,withheld_until_outcome_lock,query,4701,wbcic-22-S3-00101
WBCIC,1,22,2,withheld_until_outcome_lock,query,4702,wbcic-22-S3-00102
WBCIC,1,22,2,withheld_until_outcome_lock,query,4703,wbcic-22-S3-00103
WBCIC,1,22,2,withheld_until_outcome_lock,query,4704,wbcic-22-S3-00104
WBCIC,1,22,2,withheld_until_outcome_lock,query,4705,wbcic-22-S3-00105
WBCIC,1,22,2,withheld_until_outcome_lock,query,4706,wbcic-22-S3-00106
WBCIC,1,22,2,withheld_until_outcome_lock,query,4707,wbcic-22-S3-00107
WBCIC,1,22,2,withheld_until_outcome_lock,query,4708,wbcic-22-S3-00108
WBCIC,1,22,2,withheld_until_outcome_lock,query,4709,wbcic-22-S3-00109
WBCIC,1,22,2,withheld_until_outcome_lock,query,4710,wbcic-22-S3-00110
WBCIC,1,22,2,withheld_until_outcome_lock,query,4711,wbcic-22-S3-00111
WBCIC,1,22,2,withheld_until_outcome_lock,query,4712,wbcic-22-S3-00112
WBCIC,1,22,2,withheld_until_outcome_lock,query,4713,wbcic-22-S3-00113
WBCIC,1,22,2,withheld_until_outcome_lock,query,4714,wbcic-22-S3-00114
WBCIC,1,22,2,withheld_until_outcome_lock,query,4715,wbcic-22-S3-00115
WBCIC,1,22,2,withheld_until_outcome_lock,query,4716,wbcic-22-S3-00116
WBCIC,1,22,2,withheld_until_outcome_lock,query,4717,wbcic-22-S3-00117
WBCIC,1,22,2,withheld_until_outcome_lock,query,4718,wbcic-22-S3-00118
WBCIC,1,22,2,withheld_until_outcome_lock,query,4719,wbcic-22-S3-00119
WBCIC,1,22,2,withheld_until_outcome_lock,query,4720,wbcic-22-S3-00120
WBCIC,1,22,2,withheld_until_outcome_lock,query,4721,wbcic-22-S3-00121
WBCIC,1,22,2,withheld_until_outcome_lock,query,4722,wbcic-22-S3-00122
WBCIC,1,22,2,withheld_until_outcome_lock,query,4723,wbcic-22-S3-00123
WBCIC,1,22,2,withheld_until_outcome_lock,query,4724,wbcic-22-S3-00124
WBCIC,1,22,2,withheld_until_outcome_lock,query,4725,wbcic-22-S3-00125
WBCIC,1,22,2,withheld_until_outcome_lock,query,4726,wbcic-22-S3-00126
WBCIC,1,22,2,withheld_until_outcome_lock,query,4727,wbcic-22-S3-00127
WBCIC,1,22,2,withheld_until_outcome_lock,query,4728,wbcic-22-S3-00128
WBCIC,1,22,2,withheld_until_outcome_lock,query,4729,wbcic-22-S3-00129
WBCIC,1,22,2,withheld_until_outcome_lock,query,4730,wbcic-22-S3-00130
WBCIC,1,22,2,withheld_until_outcome_lock,query,4731,wbcic-22-S3-00131
WBCIC,1,22,2,withheld_until_outcome_lock,query,4732,wbcic-22-S3-00132
WBCIC,1,22,2,withheld_until_outcome_lock,query,4733,wbcic-22-S3-00133
WBCIC,1,22,2,withheld_until_outcome_lock,query,4734,wbcic-22-S3-00134
WBCIC,1,22,2,withheld_until_outcome_lock,query,4735,wbcic-22-S3-00135
WBCIC,1,22,2,withheld_until_outcome_lock,query,4736,wbcic-22-S3-00136
WBCIC,1,22,2,withheld_until_outcome_lock,query,4737,wbcic-22-S3-00137
WBCIC,1,22,2,withheld_until_outcome_lock,query,4738,wbcic-22-S3-00138
WBCIC,1,22,2,withheld_until_outcome_lock,query,4739,wbcic-22-S3-00139
WBCIC,1,22,2,withheld_until_outcome_lock,query,4740,wbcic-22-S3-00140
WBCIC,1,22,2,withheld_until_outcome_lock,query,4741,wbcic-22-S3-00141
WBCIC,1,22,2,withheld_until_outcome_lock,query,4742,wbcic-22-S3-00142
WBCIC,1,22,2,withheld_until_outcome_lock,query,4743,wbcic-22-S3-00143
WBCIC,1,22,2,withheld_until_outcome_lock,query,4744,wbcic-22-S3-00144
WBCIC,1,22,2,withheld_until_outcome_lock,query,4745,wbcic-22-S3-00145
WBCIC,1,22,2,withheld_until_outcome_lock,query,4746,wbcic-22-S3-00146
WBCIC,1,22,2,withheld_until_outcome_lock,query,4747,wbcic-22-S3-00147
WBCIC,1,22,2,withheld_until_outcome_lock,query,4748,wbcic-22-S3-00148
WBCIC,1,22,2,withheld_until_outcome_lock,query,4749,wbcic-22-S3-00149
WBCIC,1,22,2,withheld_until_outcome_lock,query,4750,wbcic-22-S3-00150
WBCIC,1,22,2,withheld_until_outcome_lock,query,4751,wbcic-22-S3-00151
WBCIC,1,22,2,withheld_until_outcome_lock,query,4752,wbcic-22-S3-00152
WBCIC,1,22,2,withheld_until_outcome_lock,query,4753,wbcic-22-S3-00153
WBCIC,1,22,2,withheld_until_outcome_lock,query,4754,wbcic-22-S3-00154
WBCIC,1,22,2,withheld_until_outcome_lock,query,4755,wbcic-22-S3-00155
WBCIC,1,22,2,withheld_until_outcome_lock,query,4756,wbcic-22-S3-00156
WBCIC,1,22,2,withheld_until_outcome_lock,query,4757,wbcic-22-S3-00157
WBCIC,1,22,2,withheld_until_outcome_lock,query,4758,wbcic-22-S3-00158
WBCIC,1,22,2,withheld_until_outcome_lock,query,4759,wbcic-22-S3-00159
WBCIC,1,22,2,withheld_until_outcome_lock,query,4760,wbcic-22-S3-00160
WBCIC,1,22,2,withheld_until_outcome_lock,query,4761,wbcic-22-S3-00161
WBCIC,1,22,2,withheld_until_outcome_lock,query,4762,wbcic-22-S3-00162
WBCIC,1,22,2,withheld_until_outcome_lock,query,4763,wbcic-22-S3-00163
WBCIC,1,22,2,withheld_until_outcome_lock,query,4764,wbcic-22-S3-00164
WBCIC,1,22,2,withheld_until_outcome_lock,query,4765,wbcic-22-S3-00165
WBCIC,1,22,2,withheld_until_outcome_lock,query,4766,wbcic-22-S3-00166
WBCIC,1,22,2,withheld_until_outcome_lock,query,4767,wbcic-22-S3-00167
WBCIC,1,22,2,withheld_until_outcome_lock,query,4768,wbcic-22-S3-00168
WBCIC,1,22,2,withheld_until_outcome_lock,query,4769,wbcic-22-S3-00169
WBCIC,1,22,2,withheld_until_outcome_lock,query,4770,wbcic-22-S3-00170
WBCIC,1,22,2,withheld_until_outcome_lock,query,4771,wbcic-22-S3-00171
WBCIC,1,22,2,withheld_until_outcome_lock,query,4772,wbcic-22-S3-00172
WBCIC,1,22,2,withheld_until_outcome_lock,query,4773,wbcic-22-S3-00173
WBCIC,1,22,2,withheld_until_outcome_lock,query,4774,wbcic-22-S3-00174
WBCIC,1,22,2,withheld_until_outcome_lock,query,4775,wbcic-22-S3-00175
WBCIC,1,22,2,withheld_until_outcome_lock,query,4776,wbcic-22-S3-00176
WBCIC,1,22,2,withheld_until_outcome_lock,query,4777,wbcic-22-S3-00177
WBCIC,1,22,2,withheld_until_outcome_lock,query,4778,wbcic-22-S3-00178
WBCIC,1,22,2,withheld_until_outcome_lock,query,4779,wbcic-22-S3-00179
WBCIC,1,22,2,withheld_until_outcome_lock,query,4780,wbcic-22-S3-00180
WBCIC,1,22,2,withheld_until_outcome_lock,query,4781,wbcic-22-S3-00181
WBCIC,1,22,2,withheld_until_outcome_lock,query,4782,wbcic-22-S3-00182
WBCIC,1,22,2,withheld_until_outcome_lock,query,4783,wbcic-22-S3-00183
WBCIC,1,22,2,withheld_until_outcome_lock,query,4784,wbcic-22-S3-00184
WBCIC,1,22,2,withheld_until_outcome_lock,query,4785,wbcic-22-S3-00185
WBCIC,1,22,2,withheld_until_outcome_lock,query,4786,wbcic-22-S3-00186
WBCIC,1,22,2,withheld_until_outcome_lock,query,4787,wbcic-22-S3-00187
WBCIC,1,22,2,withheld_until_outcome_lock,query,4788,wbcic-22-S3-00188
WBCIC,1,22,2,withheld_until_outcome_lock,query,4789,wbcic-22-S3-00189
WBCIC,1,22,2,withheld_until_outcome_lock,query,4790,wbcic-22-S3-00190
WBCIC,1,22,2,withheld_until_outcome_lock,query,4791,wbcic-22-S3-00191
WBCIC,1,22,2,withheld_until_outcome_lock,query,4792,wbcic-22-S3-00192
WBCIC,1,22,2,withheld_until_outcome_lock,query,4793,wbcic-22-S3-00193
WBCIC,1,22,2,withheld_until_outcome_lock,query,4794,wbcic-22-S3-00194
WBCIC,1,22,2,withheld_until_outcome_lock,query,4795,wbcic-22-S3-00195
WBCIC,1,22,2,withheld_until_outcome_lock,query,4796,wbcic-22-S3-00196
WBCIC,1,22,2,withheld_until_outcome_lock,query,4797,wbcic-22-S3-00197
WBCIC,1,22,2,withheld_until_outcome_lock,query,4798,wbcic-22-S3-00198
WBCIC,1,22,2,withheld_until_outcome_lock,query,4799,wbcic-22-S3-00199
WBCIC,1,25,2,withheld_until_outcome_lock,query,6393,wbcic-25-S3-00000
WBCIC,1,25,2,withheld_until_outcome_lock,query,6394,wbcic-25-S3-00001
WBCIC,1,25,2,withheld_until_outcome_lock,query,6395,wbcic-25-S3-00002
WBCIC,1,25,2,withheld_until_outcome_lock,query,6396,wbcic-25-S3-00003
WBCIC,1,25,2,withheld_until_outcome_lock,query,6397,wbcic-25-S3-00004
WBCIC,1,25,2,withheld_until_outcome_lock,query,6398,wbcic-25-S3-00005
WBCIC,1,25,2,withheld_until_outcome_lock,query,6399,wbcic-25-S3-00006
WBCIC,1,25,2,withheld_until_outcome_lock,query,6400,wbcic-25-S3-00007
WBCIC,1,25,2,withheld_until_outcome_lock,query,6401,wbcic-25-S3-00008
WBCIC,1,25,2,withheld_until_outcome_lock,query,6402,wbcic-25-S3-00009
WBCIC,1,25,2,withheld_until_outcome_lock,query,6403,wbcic-25-S3-00010
WBCIC,1,25,2,withheld_until_outcome_lock,query,6404,wbcic-25-S3-00011
WBCIC,1,25,2,withheld_until_outcome_lock,query,6405,wbcic-25-S3-00012
WBCIC,1,25,2,withheld_until_outcome_lock,query,6406,wbcic-25-S3-00013
WBCIC,1,25,2,withheld_until_outcome_lock,query,6407,wbcic-25-S3-00014
WBCIC,1,25,2,withheld_until_outcome_lock,query,6408,wbcic-25-S3-00015
WBCIC,1,25,2,withheld_until_outcome_lock,query,6409,wbcic-25-S3-00016
WBCIC,1,25,2,withheld_until_outcome_lock,query,6410,wbcic-25-S3-00017
WBCIC,1,25,2,withheld_until_outcome_lock,query,6411,wbcic-25-S3-00018
WBCIC,1,25,2,withheld_until_outcome_lock,query,6412,wbcic-25-S3-00019
WBCIC,1,25,2,withheld_until_outcome_lock,query,6413,wbcic-25-S3-00020
WBCIC,1,25,2,withheld_until_outcome_lock,query,6414,wbcic-25-S3-00021
WBCIC,1,25,2,withheld_until_outcome_lock,query,6415,wbcic-25-S3-00022
WBCIC,1,25,2,withheld_until_outcome_lock,query,6416,wbcic-25-S3-00023
WBCIC,1,25,2,withheld_until_outcome_lock,query,6417,wbcic-25-S3-00024
WBCIC,1,25,2,withheld_until_outcome_lock,query,6418,wbcic-25-S3-00025
WBCIC,1,25,2,withheld_until_outcome_lock,query,6419,wbcic-25-S3-00026
WBCIC,1,25,2,withheld_until_outcome_lock,query,6420,wbcic-25-S3-00027
WBCIC,1,25,2,withheld_until_outcome_lock,query,6421,wbcic-25-S3-00028
WBCIC,1,25,2,withheld_until_outcome_lock,query,6422,wbcic-25-S3-00029
WBCIC,1,25,2,withheld_until_outcome_lock,query,6423,wbcic-25-S3-00030
WBCIC,1,25,2,withheld_until_outcome_lock,query,6424,wbcic-25-S3-00031
WBCIC,1,25,2,withheld_until_outcome_lock,query,6425,wbcic-25-S3-00032
WBCIC,1,25,2,withheld_until_outcome_lock,query,6426,wbcic-25-S3-00033
WBCIC,1,25,2,withheld_until_outcome_lock,query,6427,wbcic-25-S3-00034
WBCIC,1,25,2,withheld_until_outcome_lock,query,6428,wbcic-25-S3-00035
WBCIC,1,25,2,withheld_until_outcome_lock,query,6429,wbcic-25-S3-00036
WBCIC,1,25,2,withheld_until_outcome_lock,query,6430,wbcic-25-S3-00037
WBCIC,1,25,2,withheld_until_outcome_lock,query,6431,wbcic-25-S3-00038
WBCIC,1,25,2,withheld_until_outcome_lock,query,6432,wbcic-25-S3-00039
WBCIC,1,25,2,withheld_until_outcome_lock,query,6433,wbcic-25-S3-00040
WBCIC,1,25,2,withheld_until_outcome_lock,query,6434,wbcic-25-S3-00041
WBCIC,1,25,2,withheld_until_outcome_lock,query,6435,wbcic-25-S3-00042
WBCIC,1,25,2,withheld_until_outcome_lock,query,6436,wbcic-25-S3-00043
WBCIC,1,25,2,withheld_until_outcome_lock,query,6437,wbcic-25-S3-00044
WBCIC,1,25,2,withheld_until_outcome_lock,query,6438,wbcic-25-S3-00045
WBCIC,1,25,2,withheld_until_outcome_lock,query,6439,wbcic-25-S3-00046
WBCIC,1,25,2,withheld_until_outcome_lock,query,6440,wbcic-25-S3-00047
WBCIC,1,25,2,withheld_until_outcome_lock,query,6441,wbcic-25-S3-00048
WBCIC,1,25,2,withheld_until_outcome_lock,query,6442,wbcic-25-S3-00049
WBCIC,1,25,2,withheld_until_outcome_lock,query,6443,wbcic-25-S3-00050
WBCIC,1,25,2,withheld_until_outcome_lock,query,6444,wbcic-25-S3-00051
WBCIC,1,25,2,withheld_until_outcome_lock,query,6445,wbcic-25-S3-00052
WBCIC,1,25,2,withheld_until_outcome_lock,query,6446,wbcic-25-S3-00053
WBCIC,1,25,2,withheld_until_outcome_lock,query,6447,wbcic-25-S3-00054
WBCIC,1,25,2,withheld_until_outcome_lock,query,6448,wbcic-25-S3-00055
WBCIC,1,25,2,withheld_until_outcome_lock,query,6449,wbcic-25-S3-00056
WBCIC,1,25,2,withheld_until_outcome_lock,query,6450,wbcic-25-S3-00057
WBCIC,1,25,2,withheld_until_outcome_lock,query,6451,wbcic-25-S3-00058
WBCIC,1,25,2,withheld_until_outcome_lock,query,6452,wbcic-25-S3-00059
WBCIC,1,25,2,withheld_until_outcome_lock,query,6453,wbcic-25-S3-00060
WBCIC,1,25,2,withheld_until_outcome_lock,query,6454,wbcic-25-S3-00061
WBCIC,1,25,2,withheld_until_outcome_lock,query,6455,wbcic-25-S3-00062
WBCIC,1,25,2,withheld_until_outcome_lock,query,6456,wbcic-25-S3-00063
WBCIC,1,25,2,withheld_until_outcome_lock,query,6457,wbcic-25-S3-00064
WBCIC,1,25,2,withheld_until_outcome_lock,query,6458,wbcic-25-S3-00065
WBCIC,1,25,2,withheld_until_outcome_lock,query,6459,wbcic-25-S3-00066
WBCIC,1,25,2,withheld_until_outcome_lock,query,6460,wbcic-25-S3-00067
WBCIC,1,25,2,withheld_until_outcome_lock,query,6461,wbcic-25-S3-00068
WBCIC,1,25,2,withheld_until_outcome_lock,query,6462,wbcic-25-S3-00069
WBCIC,1,25,2,withheld_until_outcome_lock,query,6463,wbcic-25-S3-00070
WBCIC,1,25,2,withheld_until_outcome_lock,query,6464,wbcic-25-S3-00071
WBCIC,1,25,2,withheld_until_outcome_lock,query,6465,wbcic-25-S3-00072
WBCIC,1,25,2,withheld_until_outcome_lock,query,6466,wbcic-25-S3-00073
WBCIC,1,25,2,withheld_until_outcome_lock,query,6467,wbcic-25-S3-00074
WBCIC,1,25,2,withheld_until_outcome_lock,query,6468,wbcic-25-S3-00075
WBCIC,1,25,2,withheld_until_outcome_lock,query,6469,wbcic-25-S3-00076
WBCIC,1,25,2,withheld_until_outcome_lock,query,6470,wbcic-25-S3-00077
WBCIC,1,25,2,withheld_until_outcome_lock,query,6471,wbcic-25-S3-00078
WBCIC,1,25,2,withheld_until_outcome_lock,query,6472,wbcic-25-S3-00079
WBCIC,1,25,2,withheld_until_outcome_lock,query,6473,wbcic-25-S3-00080
WBCIC,1,25,2,withheld_until_outcome_lock,query,6474,wbcic-25-S3-00081
WBCIC,1,25,2,withheld_until_outcome_lock,query,6475,wbcic-25-S3-00082
WBCIC,1,25,2,withheld_until_outcome_lock,query,6476,wbcic-25-S3-00083
WBCIC,1,25,2,withheld_until_outcome_lock,query,6477,wbcic-25-S3-00084
WBCIC,1,25,2,withheld_until_outcome_lock,query,6478,wbcic-25-S3-00085
WBCIC,1,25,2,withheld_until_outcome_lock,query,6479,wbcic-25-S3-00086
WBCIC,1,25,2,withheld_until_outcome_lock,query,6480,wbcic-25-S3-00087
WBCIC,1,25,2,withheld_until_outcome_lock,query,6481,wbcic-25-S3-00088
WBCIC,1,25,2,withheld_until_outcome_lock,query,6482,wbcic-25-S3-00089
WBCIC,1,25,2,withheld_until_outcome_lock,query,6483,wbcic-25-S3-00090
WBCIC,1,25,2,withheld_until_outcome_lock,query,6484,wbcic-25-S3-00091
WBCIC,1,25,2,withheld_until_outcome_lock,query,6485,wbcic-25-S3-00092
WBCIC,1,25,2,withheld_until_outcome_lock,query,6486,wbcic-25-S3-00093
WBCIC,1,25,2,withheld_until_outcome_lock,query,6487,wbcic-25-S3-00094
WBCIC,1,25,2,withheld_until_outcome_lock,query,6488,wbcic-25-S3-00095
WBCIC,1,25,2,withheld_until_outcome_lock,query,6489,wbcic-25-S3-00096
WBCIC,1,25,2,withheld_until_outcome_lock,query,6490,wbcic-25-S3-00097
WBCIC,1,25,2,withheld_until_outcome_lock,query,6491,wbcic-25-S3-00098
WBCIC,1,25,2,withheld_until_outcome_lock,query,6492,wbcic-25-S3-00099
WBCIC,1,25,2,withheld_until_outcome_lock,query,6493,wbcic-25-S3-00100
WBCIC,1,25,2,withheld_until_outcome_lock,query,6494,wbcic-25-S3-00101
WBCIC,1,25,2,withheld_until_outcome_lock,query,6495,wbcic-25-S3-00102
WBCIC,1,25,2,withheld_until_outcome_lock,query,6496,wbcic-25-S3-00103
WBCIC,1,25,2,withheld_until_outcome_lock,query,6497,wbcic-25-S3-00104
WBCIC,1,25,2,withheld_until_outcome_lock,query,6498,wbcic-25-S3-00105
WBCIC,1,25,2,withheld_until_outcome_lock,query,6499,wbcic-25-S3-00106
WBCIC,1,25,2,withheld_until_outcome_lock,query,6500,wbcic-25-S3-00107
WBCIC,1,25,2,withheld_until_outcome_lock,query,6501,wbcic-25-S3-00108
WBCIC,1,25,2,withheld_until_outcome_lock,query,6502,wbcic-25-S3-00109
WBCIC,1,25,2,withheld_until_outcome_lock,query,6503,wbcic-25-S3-00110
WBCIC,1,25,2,withheld_until_outcome_lock,query,6504,wbcic-25-S3-00111
WBCIC,1,25,2,withheld_until_outcome_lock,query,6505,wbcic-25-S3-00112
WBCIC,1,25,2,withheld_until_outcome_lock,query,6506,wbcic-25-S3-00113
WBCIC,1,25,2,withheld_until_outcome_lock,query,6507,wbcic-25-S3-00114
WBCIC,1,25,2,withheld_until_outcome_lock,query,6508,wbcic-25-S3-00115
WBCIC,1,25,2,withheld_until_outcome_lock,query,6509,wbcic-25-S3-00116
WBCIC,1,25,2,withheld_until_outcome_lock,query,6510,wbcic-25-S3-00117
WBCIC,1,25,2,withheld_until_outcome_lock,query,6511,wbcic-25-S3-00118
WBCIC,1,25,2,withheld_until_outcome_lock,query,6512,wbcic-25-S3-00119
WBCIC,1,25,2,withheld_until_outcome_lock,query,6513,wbcic-25-S3-00120
WBCIC,1,25,2,withheld_until_outcome_lock,query,6514,wbcic-25-S3-00121
WBCIC,1,25,2,withheld_until_outcome_lock,query,6515,wbcic-25-S3-00122
WBCIC,1,25,2,withheld_until_outcome_lock,query,6516,wbcic-25-S3-00123
WBCIC,1,25,2,withheld_until_outcome_lock,query,6517,wbcic-25-S3-00124
WBCIC,1,25,2,withheld_until_outcome_lock,query,6518,wbcic-25-S3-00125
WBCIC,1,25,2,withheld_until_outcome_lock,query,6519,wbcic-25-S3-00126
WBCIC,1,25,2,withheld_until_outcome_lock,query,6520,wbcic-25-S3-00127
WBCIC,1,25,2,withheld_until_outcome_lock,query,6521,wbcic-25-S3-00128
WBCIC,1,25,2,withheld_until_outcome_lock,query,6522,wbcic-25-S3-00129
WBCIC,1,25,2,withheld_until_outcome_lock,query,6523,wbcic-25-S3-00130
WBCIC,1,25,2,withheld_until_outcome_lock,query,6524,wbcic-25-S3-00131
WBCIC,1,25,2,withheld_until_outcome_lock,query,6525,wbcic-25-S3-00132
WBCIC,1,25,2,withheld_until_outcome_lock,query,6526,wbcic-25-S3-00133
WBCIC,1,25,2,withheld_until_outcome_lock,query,6527,wbcic-25-S3-00134
WBCIC,1,25,2,withheld_until_outcome_lock,query,6528,wbcic-25-S3-00135
WBCIC,1,25,2,withheld_until_outcome_lock,query,6529,wbcic-25-S3-00136
WBCIC,1,25,2,withheld_until_outcome_lock,query,6530,wbcic-25-S3-00137
WBCIC,1,25,2,withheld_until_outcome_lock,query,6531,wbcic-25-S3-00138
WBCIC,1,25,2,withheld_until_outcome_lock,query,6532,wbcic-25-S3-00139
WBCIC,1,25,2,withheld_until_outcome_lock,query,6533,wbcic-25-S3-00140
WBCIC,1,25,2,withheld_until_outcome_lock,query,6534,wbcic-25-S3-00141
WBCIC,1,25,2,withheld_until_outcome_lock,query,6535,wbcic-25-S3-00142
WBCIC,1,25,2,withheld_until_outcome_lock,query,6536,wbcic-25-S3-00143
WBCIC,1,25,2,withheld_until_outcome_lock,query,6537,wbcic-25-S3-00144
WBCIC,1,25,2,withheld_until_outcome_lock,query,6538,wbcic-25-S3-00145
WBCIC,1,25,2,withheld_until_outcome_lock,query,6539,wbcic-25-S3-00146
WBCIC,1,25,2,withheld_until_outcome_lock,query,6540,wbcic-25-S3-00147
WBCIC,1,25,2,withheld_until_outcome_lock,query,6541,wbcic-25-S3-00148
WBCIC,1,25,2,withheld_until_outcome_lock,query,6542,wbcic-25-S3-00149
WBCIC,1,25,2,withheld_until_outcome_lock,query,6543,wbcic-25-S3-00150
WBCIC,1,25,2,withheld_until_outcome_lock,query,6544,wbcic-25-S3-00151
WBCIC,1,25,2,withheld_until_outcome_lock,query,6545,wbcic-25-S3-00152
WBCIC,1,25,2,withheld_until_outcome_lock,query,6546,wbcic-25-S3-00153
WBCIC,1,25,2,withheld_until_outcome_lock,query,6547,wbcic-25-S3-00154
WBCIC,1,25,2,withheld_until_outcome_lock,query,6548,wbcic-25-S3-00155
WBCIC,1,25,2,withheld_until_outcome_lock,query,6549,wbcic-25-S3-00156
WBCIC,1,25,2,withheld_until_outcome_lock,query,6550,wbcic-25-S3-00157
WBCIC,1,25,2,withheld_until_outcome_lock,query,6551,wbcic-25-S3-00158
WBCIC,1,25,2,withheld_until_outcome_lock,query,6552,wbcic-25-S3-00159
WBCIC,1,25,2,withheld_until_outcome_lock,query,6553,wbcic-25-S3-00160
WBCIC,1,25,2,withheld_until_outcome_lock,query,6554,wbcic-25-S3-00161
WBCIC,1,25,2,withheld_until_outcome_lock,query,6555,wbcic-25-S3-00162
WBCIC,1,25,2,withheld_until_outcome_lock,query,6556,wbcic-25-S3-00163
WBCIC,1,25,2,withheld_until_outcome_lock,query,6557,wbcic-25-S3-00164
WBCIC,1,25,2,withheld_until_outcome_lock,query,6558,wbcic-25-S3-00165
WBCIC,1,25,2,withheld_until_outcome_lock,query,6559,wbcic-25-S3-00166
WBCIC,1,25,2,withheld_until_outcome_lock,query,6560,wbcic-25-S3-00167
WBCIC,1,25,2,withheld_until_outcome_lock,query,6561,wbcic-25-S3-00168
WBCIC,1,25,2,withheld_until_outcome_lock,query,6562,wbcic-25-S3-00169
WBCIC,1,25,2,withheld_until_outcome_lock,query,6563,wbcic-25-S3-00170
WBCIC,1,25,2,withheld_until_outcome_lock,query,6564,wbcic-25-S3-00171
WBCIC,1,25,2,withheld_until_outcome_lock,query,6565,wbcic-25-S3-00172
WBCIC,1,25,2,withheld_until_outcome_lock,query,6566,wbcic-25-S3-00173
WBCIC,1,25,2,withheld_until_outcome_lock,query,6567,wbcic-25-S3-00174
WBCIC,1,25,2,withheld_until_outcome_lock,query,6568,wbcic-25-S3-00175
WBCIC,1,25,2,withheld_until_outcome_lock,query,6569,wbcic-25-S3-00176
WBCIC,1,25,2,withheld_until_outcome_lock,query,6570,wbcic-25-S3-00177
WBCIC,1,25,2,withheld_until_outcome_lock,query,6571,wbcic-25-S3-00178
WBCIC,1,25,2,withheld_until_outcome_lock,query,6572,wbcic-25-S3-00179
WBCIC,1,25,2,withheld_until_outcome_lock,query,6573,wbcic-25-S3-00180
WBCIC,1,25,2,withheld_until_outcome_lock,query,6574,wbcic-25-S3-00181
WBCIC,1,25,2,withheld_until_outcome_lock,query,6575,wbcic-25-S3-00182
WBCIC,1,25,2,withheld_until_outcome_lock,query,6576,wbcic-25-S3-00183
WBCIC,1,25,2,withheld_until_outcome_lock,query,6577,wbcic-25-S3-00184
WBCIC,1,25,2,withheld_until_outcome_lock,query,6578,wbcic-25-S3-00185
WBCIC,1,25,2,withheld_until_outcome_lock,query,6579,wbcic-25-S3-00186
WBCIC,1,25,2,withheld_until_outcome_lock,query,6580,wbcic-25-S3-00187
WBCIC,1,25,2,withheld_until_outcome_lock,query,6581,wbcic-25-S3-00188
WBCIC,1,25,2,withheld_until_outcome_lock,query,6582,wbcic-25-S3-00189
WBCIC,1,25,2,withheld_until_outcome_lock,query,6583,wbcic-25-S3-00190
WBCIC,1,25,2,withheld_until_outcome_lock,query,6584,wbcic-25-S3-00191
WBCIC,1,25,2,withheld_until_outcome_lock,query,6585,wbcic-25-S3-00192
WBCIC,1,25,2,withheld_until_outcome_lock,query,6586,wbcic-25-S3-00193
WBCIC,1,25,2,withheld_until_outcome_lock,query,6587,wbcic-25-S3-00194
WBCIC,1,25,2,withheld_until_outcome_lock,query,6588,wbcic-25-S3-00195
WBCIC,1,25,2,withheld_until_outcome_lock,query,6589,wbcic-25-S3-00196
WBCIC,1,25,2,withheld_until_outcome_lock,query,6590,wbcic-25-S3-00197
WBCIC,1,25,2,withheld_until_outcome_lock,query,6591,wbcic-25-S3-00198
WBCIC,1,25,2,withheld_until_outcome_lock,query,6592,wbcic-25-S3-00199
WBCIC,1,26,2,withheld_until_outcome_lock,query,6992,wbcic-26-S3-00000
WBCIC,1,26,2,withheld_until_outcome_lock,query,6993,wbcic-26-S3-00001
WBCIC,1,26,2,withheld_until_outcome_lock,query,6994,wbcic-26-S3-00002
WBCIC,1,26,2,withheld_until_outcome_lock,query,6995,wbcic-26-S3-00003
WBCIC,1,26,2,withheld_until_outcome_lock,query,6996,wbcic-26-S3-00004
WBCIC,1,26,2,withheld_until_outcome_lock,query,6997,wbcic-26-S3-00005
WBCIC,1,26,2,withheld_until_outcome_lock,query,6998,wbcic-26-S3-00006
WBCIC,1,26,2,withheld_until_outcome_lock,query,6999,wbcic-26-S3-00007
WBCIC,1,26,2,withheld_until_outcome_lock,query,7000,wbcic-26-S3-00008
WBCIC,1,26,2,withheld_until_outcome_lock,query,7001,wbcic-26-S3-00009
WBCIC,1,26,2,withheld_until_outcome_lock,query,7002,wbcic-26-S3-00010
WBCIC,1,26,2,withheld_until_outcome_lock,query,7003,wbcic-26-S3-00011
WBCIC,1,26,2,withheld_until_outcome_lock,query,7004,wbcic-26-S3-00012
WBCIC,1,26,2,withheld_until_outcome_lock,query,7005,wbcic-26-S3-00013
WBCIC,1,26,2,withheld_until_outcome_lock,query,7006,wbcic-26-S3-00014
WBCIC,1,26,2,withheld_until_outcome_lock,query,7007,wbcic-26-S3-00015
WBCIC,1,26,2,withheld_until_outcome_lock,query,7008,wbcic-26-S3-00016
WBCIC,1,26,2,withheld_until_outcome_lock,query,7009,wbcic-26-S3-00017
WBCIC,1,26,2,withheld_until_outcome_lock,query,7010,wbcic-26-S3-00018
WBCIC,1,26,2,withheld_until_outcome_lock,query,7011,wbcic-26-S3-00019
WBCIC,1,26,2,withheld_until_outcome_lock,query,7012,wbcic-26-S3-00020
WBCIC,1,26,2,withheld_until_outcome_lock,query,7013,wbcic-26-S3-00021
WBCIC,1,26,2,withheld_until_outcome_lock,query,7014,wbcic-26-S3-00022
WBCIC,1,26,2,withheld_until_outcome_lock,query,7015,wbcic-26-S3-00023
WBCIC,1,26,2,withheld_until_outcome_lock,query,7016,wbcic-26-S3-00024
WBCIC,1,26,2,withheld_until_outcome_lock,query,7017,wbcic-26-S3-00025
WBCIC,1,26,2,withheld_until_outcome_lock,query,7018,wbcic-26-S3-00026
WBCIC,1,26,2,withheld_until_outcome_lock,query,7019,wbcic-26-S3-00027
WBCIC,1,26,2,withheld_until_outcome_lock,query,7020,wbcic-26-S3-00028
WBCIC,1,26,2,withheld_until_outcome_lock,query,7021,wbcic-26-S3-00029
WBCIC,1,26,2,withheld_until_outcome_lock,query,7022,wbcic-26-S3-00030
WBCIC,1,26,2,withheld_until_outcome_lock,query,7023,wbcic-26-S3-00031
WBCIC,1,26,2,withheld_until_outcome_lock,query,7024,wbcic-26-S3-00032
WBCIC,1,26,2,withheld_until_outcome_lock,query,7025,wbcic-26-S3-00033
WBCIC,1,26,2,withheld_until_outcome_lock,query,7026,wbcic-26-S3-00034
WBCIC,1,26,2,withheld_until_outcome_lock,query,7027,wbcic-26-S3-00035
WBCIC,1,26,2,withheld_until_outcome_lock,query,7028,wbcic-26-S3-00036
WBCIC,1,26,2,withheld_until_outcome_lock,query,7029,wbcic-26-S3-00037
WBCIC,1,26,2,withheld_until_outcome_lock,query,7030,wbcic-26-S3-00038
WBCIC,1,26,2,withheld_until_outcome_lock,query,7031,wbcic-26-S3-00039
WBCIC,1,26,2,withheld_until_outcome_lock,query,7032,wbcic-26-S3-00040
WBCIC,1,26,2,withheld_until_outcome_lock,query,7033,wbcic-26-S3-00041
WBCIC,1,26,2,withheld_until_outcome_lock,query,7034,wbcic-26-S3-00042
WBCIC,1,26,2,withheld_until_outcome_lock,query,7035,wbcic-26-S3-00043
WBCIC,1,26,2,withheld_until_outcome_lock,query,7036,wbcic-26-S3-00044
WBCIC,1,26,2,withheld_until_outcome_lock,query,7037,wbcic-26-S3-00045
WBCIC,1,26,2,withheld_until_outcome_lock,query,7038,wbcic-26-S3-00046
WBCIC,1,26,2,withheld_until_outcome_lock,query,7039,wbcic-26-S3-00047
WBCIC,1,26,2,withheld_until_outcome_lock,query,7040,wbcic-26-S3-00048
WBCIC,1,26,2,withheld_until_outcome_lock,query,7041,wbcic-26-S3-00049
WBCIC,1,26,2,withheld_until_outcome_lock,query,7042,wbcic-26-S3-00050
WBCIC,1,26,2,withheld_until_outcome_lock,query,7043,wbcic-26-S3-00051
WBCIC,1,26,2,withheld_until_outcome_lock,query,7044,wbcic-26-S3-00052
WBCIC,1,26,2,withheld_until_outcome_lock,query,7045,wbcic-26-S3-00053
WBCIC,1,26,2,withheld_until_outcome_lock,query,7046,wbcic-26-S3-00054
WBCIC,1,26,2,withheld_until_outcome_lock,query,7047,wbcic-26-S3-00055
WBCIC,1,26,2,withheld_until_outcome_lock,query,7048,wbcic-26-S3-00056
WBCIC,1,26,2,withheld_until_outcome_lock,query,7049,wbcic-26-S3-00057
WBCIC,1,26,2,withheld_until_outcome_lock,query,7050,wbcic-26-S3-00058
WBCIC,1,26,2,withheld_until_outcome_lock,query,7051,wbcic-26-S3-00059
WBCIC,1,26,2,withheld_until_outcome_lock,query,7052,wbcic-26-S3-00060
WBCIC,1,26,2,withheld_until_outcome_lock,query,7053,wbcic-26-S3-00061
WBCIC,1,26,2,withheld_until_outcome_lock,query,7054,wbcic-26-S3-00062
WBCIC,1,26,2,withheld_until_outcome_lock,query,7055,wbcic-26-S3-00063
WBCIC,1,26,2,withheld_until_outcome_lock,query,7056,wbcic-26-S3-00064
WBCIC,1,26,2,withheld_until_outcome_lock,query,7057,wbcic-26-S3-00065
WBCIC,1,26,2,withheld_until_outcome_lock,query,7058,wbcic-26-S3-00066
WBCIC,1,26,2,withheld_until_outcome_lock,query,7059,wbcic-26-S3-00067
WBCIC,1,26,2,withheld_until_outcome_lock,query,7060,wbcic-26-S3-00068
WBCIC,1,26,2,withheld_until_outcome_lock,query,7061,wbcic-26-S3-00069
WBCIC,1,26,2,withheld_until_outcome_lock,query,7062,wbcic-26-S3-00070
WBCIC,1,26,2,withheld_until_outcome_lock,query,7063,wbcic-26-S3-00071
WBCIC,1,26,2,withheld_until_outcome_lock,query,7064,wbcic-26-S3-00072
WBCIC,1,26,2,withheld_until_outcome_lock,query,7065,wbcic-26-S3-00073
WBCIC,1,26,2,withheld_until_outcome_lock,query,7066,wbcic-26-S3-00074
WBCIC,1,26,2,withheld_until_outcome_lock,query,7067,wbcic-26-S3-00075
WBCIC,1,26,2,withheld_until_outcome_lock,query,7068,wbcic-26-S3-00076
WBCIC,1,26,2,withheld_until_outcome_lock,query,7069,wbcic-26-S3-00077
WBCIC,1,26,2,withheld_until_outcome_lock,query,7070,wbcic-26-S3-00078
WBCIC,1,26,2,withheld_until_outcome_lock,query,7071,wbcic-26-S3-00079
WBCIC,1,26,2,withheld_until_outcome_lock,query,7072,wbcic-26-S3-00080
WBCIC,1,26,2,withheld_until_outcome_lock,query,7073,wbcic-26-S3-00081
WBCIC,1,26,2,withheld_until_outcome_lock,query,7074,wbcic-26-S3-00082
WBCIC,1,26,2,withheld_until_outcome_lock,query,7075,wbcic-26-S3-00083
WBCIC,1,26,2,withheld_until_outcome_lock,query,7076,wbcic-26-S3-00084
WBCIC,1,26,2,withheld_until_outcome_lock,query,7077,wbcic-26-S3-00085
WBCIC,1,26,2,withheld_until_outcome_lock,query,7078,wbcic-26-S3-00086
WBCIC,1,26,2,withheld_until_outcome_lock,query,7079,wbcic-26-S3-00087
WBCIC,1,26,2,withheld_until_outcome_lock,query,7080,wbcic-26-S3-00088
WBCIC,1,26,2,withheld_until_outcome_lock,query,7081,wbcic-26-S3-00089
WBCIC,1,26,2,withheld_until_outcome_lock,query,7082,wbcic-26-S3-00090
WBCIC,1,26,2,withheld_until_outcome_lock,query,7083,wbcic-26-S3-00091
WBCIC,1,26,2,withheld_until_outcome_lock,query,7084,wbcic-26-S3-00092
WBCIC,1,26,2,withheld_until_outcome_lock,query,7085,wbcic-26-S3-00093
WBCIC,1,26,2,withheld_until_outcome_lock,query,7086,wbcic-26-S3-00094
WBCIC,1,26,2,withheld_until_outcome_lock,query,7087,wbcic-26-S3-00095
WBCIC,1,26,2,withheld_until_outcome_lock,query,7088,wbcic-26-S3-00096
WBCIC,1,26,2,withheld_until_outcome_lock,query,7089,wbcic-26-S3-00097
WBCIC,1,26,2,withheld_until_outcome_lock,query,7090,wbcic-26-S3-00098
WBCIC,1,26,2,withheld_until_outcome_lock,query,7091,wbcic-26-S3-00099
WBCIC,1,26,2,withheld_until_outcome_lock,query,7092,wbcic-26-S3-00100
WBCIC,1,26,2,withheld_until_outcome_lock,query,7093,wbcic-26-S3-00101
WBCIC,1,26,2,withheld_until_outcome_lock,query,7094,wbcic-26-S3-00102
WBCIC,1,26,2,withheld_until_outcome_lock,query,7095,wbcic-26-S3-00103
WBCIC,1,26,2,withheld_until_outcome_lock,query,7096,wbcic-26-S3-00104
WBCIC,1,26,2,withheld_until_outcome_lock,query,7097,wbcic-26-S3-00105
WBCIC,1,26,2,withheld_until_outcome_lock,query,7098,wbcic-26-S3-00106
WBCIC,1,26,2,withheld_until_outcome_lock,query,7099,wbcic-26-S3-00107
WBCIC,1,26,2,withheld_until_outcome_lock,query,7100,wbcic-26-S3-00108
WBCIC,1,26,2,withheld_until_outcome_lock,query,7101,wbcic-26-S3-00109
WBCIC,1,26,2,withheld_until_outcome_lock,query,7102,wbcic-26-S3-00110
WBCIC,1,26,2,withheld_until_outcome_lock,query,7103,wbcic-26-S3-00111
WBCIC,1,26,2,withheld_until_outcome_lock,query,7104,wbcic-26-S3-00112
WBCIC,1,26,2,withheld_until_outcome_lock,query,7105,wbcic-26-S3-00113
WBCIC,1,26,2,withheld_until_outcome_lock,query,7106,wbcic-26-S3-00114
WBCIC,1,26,2,withheld_until_outcome_lock,query,7107,wbcic-26-S3-00115
WBCIC,1,26,2,withheld_until_outcome_lock,query,7108,wbcic-26-S3-00116
WBCIC,1,26,2,withheld_until_outcome_lock,query,7109,wbcic-26-S3-00117
WBCIC,1,26,2,withheld_until_outcome_lock,query,7110,wbcic-26-S3-00118
WBCIC,1,26,2,withheld_until_outcome_lock,query,7111,wbcic-26-S3-00119
WBCIC,1,26,2,withheld_until_outcome_lock,query,7112,wbcic-26-S3-00120
WBCIC,1,26,2,withheld_until_outcome_lock,query,7113,wbcic-26-S3-00121
WBCIC,1,26,2,withheld_until_outcome_lock,query,7114,wbcic-26-S3-00122
WBCIC,1,26,2,withheld_until_outcome_lock,query,7115,wbcic-26-S3-00123
WBCIC,1,26,2,withheld_until_outcome_lock,query,7116,wbcic-26-S3-00124
WBCIC,1,26,2,withheld_until_outcome_lock,query,7117,wbcic-26-S3-00125
WBCIC,1,26,2,withheld_until_outcome_lock,query,7118,wbcic-26-S3-00126
WBCIC,1,26,2,withheld_until_outcome_lock,query,7119,wbcic-26-S3-00127
WBCIC,1,26,2,withheld_until_outcome_lock,query,7120,wbcic-26-S3-00128
WBCIC,1,26,2,withheld_until_outcome_lock,query,7121,wbcic-26-S3-00129
WBCIC,1,26,2,withheld_until_outcome_lock,query,7122,wbcic-26-S3-00130
WBCIC,1,26,2,withheld_until_outcome_lock,query,7123,wbcic-26-S3-00131
WBCIC,1,26,2,withheld_until_outcome_lock,query,7124,wbcic-26-S3-00132
WBCIC,1,26,2,withheld_until_outcome_lock,query,7125,wbcic-26-S3-00133
WBCIC,1,26,2,withheld_until_outcome_lock,query,7126,wbcic-26-S3-00134
WBCIC,1,26,2,withheld_until_outcome_lock,query,7127,wbcic-26-S3-00135
WBCIC,1,26,2,withheld_until_outcome_lock,query,7128,wbcic-26-S3-00136
WBCIC,1,26,2,withheld_until_outcome_lock,query,7129,wbcic-26-S3-00137
WBCIC,1,26,2,withheld_until_outcome_lock,query,7130,wbcic-26-S3-00138
WBCIC,1,26,2,withheld_until_outcome_lock,query,7131,wbcic-26-S3-00139
WBCIC,1,26,2,withheld_until_outcome_lock,query,7132,wbcic-26-S3-00140
WBCIC,1,26,2,withheld_until_outcome_lock,query,7133,wbcic-26-S3-00141
WBCIC,1,26,2,withheld_until_outcome_lock,query,7134,wbcic-26-S3-00142
WBCIC,1,26,2,withheld_until_outcome_lock,query,7135,wbcic-26-S3-00143
WBCIC,1,26,2,withheld_until_outcome_lock,query,7136,wbcic-26-S3-00144
WBCIC,1,26,2,withheld_until_outcome_lock,query,7137,wbcic-26-S3-00145
WBCIC,1,26,2,withheld_until_outcome_lock,query,7138,wbcic-26-S3-00146
WBCIC,1,26,2,withheld_until_outcome_lock,query,7139,wbcic-26-S3-00147
WBCIC,1,26,2,withheld_until_outcome_lock,query,7140,wbcic-26-S3-00148
WBCIC,1,26,2,withheld_until_outcome_lock,query,7141,wbcic-26-S3-00149
WBCIC,1,26,2,withheld_until_outcome_lock,query,7142,wbcic-26-S3-00150
WBCIC,1,26,2,withheld_until_outcome_lock,query,7143,wbcic-26-S3-00151
WBCIC,1,26,2,withheld_until_outcome_lock,query,7144,wbcic-26-S3-00152
WBCIC,1,26,2,withheld_until_outcome_lock,query,7145,wbcic-26-S3-00153
WBCIC,1,26,2,withheld_until_outcome_lock,query,7146,wbcic-26-S3-00154
WBCIC,1,26,2,withheld_until_outcome_lock,query,7147,wbcic-26-S3-00155
WBCIC,1,26,2,withheld_until_outcome_lock,query,7148,wbcic-26-S3-00156
WBCIC,1,26,2,withheld_until_outcome_lock,query,7149,wbcic-26-S3-00157
WBCIC,1,26,2,withheld_until_outcome_lock,query,7150,wbcic-26-S3-00158
WBCIC,1,26,2,withheld_until_outcome_lock,query,7151,wbcic-26-S3-00159
WBCIC,1,26,2,withheld_until_outcome_lock,query,7152,wbcic-26-S3-00160
WBCIC,1,26,2,withheld_until_outcome_lock,query,7153,wbcic-26-S3-00161
WBCIC,1,26,2,withheld_until_outcome_lock,query,7154,wbcic-26-S3-00162
WBCIC,1,26,2,withheld_until_outcome_lock,query,7155,wbcic-26-S3-00163
WBCIC,1,26,2,withheld_until_outcome_lock,query,7156,wbcic-26-S3-00164
WBCIC,1,26,2,withheld_until_outcome_lock,query,7157,wbcic-26-S3-00165
WBCIC,1,26,2,withheld_until_outcome_lock,query,7158,wbcic-26-S3-00166
WBCIC,1,26,2,withheld_until_outcome_lock,query,7159,wbcic-26-S3-00167
WBCIC,1,26,2,withheld_until_outcome_lock,query,7160,wbcic-26-S3-00168
WBCIC,1,26,2,withheld_until_outcome_lock,query,7161,wbcic-26-S3-00169
WBCIC,1,26,2,withheld_until_outcome_lock,query,7162,wbcic-26-S3-00170
WBCIC,1,26,2,withheld_until_outcome_lock,query,7163,wbcic-26-S3-00171
WBCIC,1,26,2,withheld_until_outcome_lock,query,7164,wbcic-26-S3-00172
WBCIC,1,26,2,withheld_until_outcome_lock,query,7165,wbcic-26-S3-00173
WBCIC,1,26,2,withheld_until_outcome_lock,query,7166,wbcic-26-S3-00174
WBCIC,1,26,2,withheld_until_outcome_lock,query,7167,wbcic-26-S3-00175
WBCIC,1,26,2,withheld_until_outcome_lock,query,7168,wbcic-26-S3-00176
WBCIC,1,26,2,withheld_until_outcome_lock,query,7169,wbcic-26-S3-00177
WBCIC,1,26,2,withheld_until_outcome_lock,query,7170,wbcic-26-S3-00178
WBCIC,1,26,2,withheld_until_outcome_lock,query,7171,wbcic-26-S3-00179
WBCIC,1,26,2,withheld_until_outcome_lock,query,7172,wbcic-26-S3-00180
WBCIC,1,26,2,withheld_until_outcome_lock,query,7173,wbcic-26-S3-00181
WBCIC,1,26,2,withheld_until_outcome_lock,query,7174,wbcic-26-S3-00182
WBCIC,1,26,2,withheld_until_outcome_lock,query,7175,wbcic-26-S3-00183
WBCIC,1,26,2,withheld_until_outcome_lock,query,7176,wbcic-26-S3-00184
WBCIC,1,26,2,withheld_until_outcome_lock,query,7177,wbcic-26-S3-00185
WBCIC,1,26,2,withheld_until_outcome_lock,query,7178,wbcic-26-S3-00186
WBCIC,1,26,2,withheld_until_outcome_lock,query,7179,wbcic-26-S3-00187
WBCIC,1,26,2,withheld_until_outcome_lock,query,7180,wbcic-26-S3-00188
WBCIC,1,26,2,withheld_until_outcome_lock,query,7181,wbcic-26-S3-00189
WBCIC,1,26,2,withheld_until_outcome_lock,query,7182,wbcic-26-S3-00190
WBCIC,1,26,2,withheld_until_outcome_lock,query,7183,wbcic-26-S3-00191
WBCIC,1,26,2,withheld_until_outcome_lock,query,7184,wbcic-26-S3-00192
WBCIC,1,26,2,withheld_until_outcome_lock,query,7185,wbcic-26-S3-00193
WBCIC,1,26,2,withheld_until_outcome_lock,query,7186,wbcic-26-S3-00194
WBCIC,1,26,2,withheld_until_outcome_lock,query,7187,wbcic-26-S3-00195
WBCIC,1,26,2,withheld_until_outcome_lock,query,7188,wbcic-26-S3-00196
WBCIC,1,26,2,withheld_until_outcome_lock,query,7189,wbcic-26-S3-00197
WBCIC,1,26,2,withheld_until_outcome_lock,query,7190,wbcic-26-S3-00198
WBCIC,1,26,2,withheld_until_outcome_lock,query,7191,wbcic-26-S3-00199
WBCIC,1,29,2,withheld_until_outcome_lock,query,8192,wbcic-29-S3-00000
WBCIC,1,29,2,withheld_until_outcome_lock,query,8193,wbcic-29-S3-00001
WBCIC,1,29,2,withheld_until_outcome_lock,query,8194,wbcic-29-S3-00002
WBCIC,1,29,2,withheld_until_outcome_lock,query,8195,wbcic-29-S3-00003
WBCIC,1,29,2,withheld_until_outcome_lock,query,8196,wbcic-29-S3-00004
WBCIC,1,29,2,withheld_until_outcome_lock,query,8197,wbcic-29-S3-00005
WBCIC,1,29,2,withheld_until_outcome_lock,query,8198,wbcic-29-S3-00006
WBCIC,1,29,2,withheld_until_outcome_lock,query,8199,wbcic-29-S3-00007
WBCIC,1,29,2,withheld_until_outcome_lock,query,8200,wbcic-29-S3-00008
WBCIC,1,29,2,withheld_until_outcome_lock,query,8201,wbcic-29-S3-00009
WBCIC,1,29,2,withheld_until_outcome_lock,query,8202,wbcic-29-S3-00010
WBCIC,1,29,2,withheld_until_outcome_lock,query,8203,wbcic-29-S3-00011
WBCIC,1,29,2,withheld_until_outcome_lock,query,8204,wbcic-29-S3-00012
WBCIC,1,29,2,withheld_until_outcome_lock,query,8205,wbcic-29-S3-00013
WBCIC,1,29,2,withheld_until_outcome_lock,query,8206,wbcic-29-S3-00014
WBCIC,1,29,2,withheld_until_outcome_lock,query,8207,wbcic-29-S3-00015
WBCIC,1,29,2,withheld_until_outcome_lock,query,8208,wbcic-29-S3-00016
WBCIC,1,29,2,withheld_until_outcome_lock,query,8209,wbcic-29-S3-00017
WBCIC,1,29,2,withheld_until_outcome_lock,query,8210,wbcic-29-S3-00018
WBCIC,1,29,2,withheld_until_outcome_lock,query,8211,wbcic-29-S3-00019
WBCIC,1,29,2,withheld_until_outcome_lock,query,8212,wbcic-29-S3-00020
WBCIC,1,29,2,withheld_until_outcome_lock,query,8213,wbcic-29-S3-00021
WBCIC,1,29,2,withheld_until_outcome_lock,query,8214,wbcic-29-S3-00022
WBCIC,1,29,2,withheld_until_outcome_lock,query,8215,wbcic-29-S3-00023
WBCIC,1,29,2,withheld_until_outcome_lock,query,8216,wbcic-29-S3-00024
WBCIC,1,29,2,withheld_until_outcome_lock,query,8217,wbcic-29-S3-00025
WBCIC,1,29,2,withheld_until_outcome_lock,query,8218,wbcic-29-S3-00026
WBCIC,1,29,2,withheld_until_outcome_lock,query,8219,wbcic-29-S3-00027
WBCIC,1,29,2,withheld_until_outcome_lock,query,8220,wbcic-29-S3-00028
WBCIC,1,29,2,withheld_until_outcome_lock,query,8221,wbcic-29-S3-00029
WBCIC,1,29,2,withheld_until_outcome_lock,query,8222,wbcic-29-S3-00030
WBCIC,1,29,2,withheld_until_outcome_lock,query,8223,wbcic-29-S3-00031
WBCIC,1,29,2,withheld_until_outcome_lock,query,8224,wbcic-29-S3-00032
WBCIC,1,29,2,withheld_until_outcome_lock,query,8225,wbcic-29-S3-00033
WBCIC,1,29,2,withheld_until_outcome_lock,query,8226,wbcic-29-S3-00034
WBCIC,1,29,2,withheld_until_outcome_lock,query,8227,wbcic-29-S3-00035
WBCIC,1,29,2,withheld_until_outcome_lock,query,8228,wbcic-29-S3-00036
WBCIC,1,29,2,withheld_until_outcome_lock,query,8229,wbcic-29-S3-00037
WBCIC,1,29,2,withheld_until_outcome_lock,query,8230,wbcic-29-S3-00038
WBCIC,1,29,2,withheld_until_outcome_lock,query,8231,wbcic-29-S3-00039
WBCIC,1,29,2,withheld_until_outcome_lock,query,8232,wbcic-29-S3-00040
WBCIC,1,29,2,withheld_until_outcome_lock,query,8233,wbcic-29-S3-00041
WBCIC,1,29,2,withheld_until_outcome_lock,query,8234,wbcic-29-S3-00042
WBCIC,1,29,2,withheld_until_outcome_lock,query,8235,wbcic-29-S3-00043
WBCIC,1,29,2,withheld_until_outcome_lock,query,8236,wbcic-29-S3-00044
WBCIC,1,29,2,withheld_until_outcome_lock,query,8237,wbcic-29-S3-00045
WBCIC,1,29,2,withheld_until_outcome_lock,query,8238,wbcic-29-S3-00046
WBCIC,1,29,2,withheld_until_outcome_lock,query,8239,wbcic-29-S3-00047
WBCIC,1,29,2,withheld_until_outcome_lock,query,8240,wbcic-29-S3-00048
WBCIC,1,29,2,withheld_until_outcome_lock,query,8241,wbcic-29-S3-00049
WBCIC,1,29,2,withheld_until_outcome_lock,query,8242,wbcic-29-S3-00050
WBCIC,1,29,2,withheld_until_outcome_lock,query,8243,wbcic-29-S3-00051
WBCIC,1,29,2,withheld_until_outcome_lock,query,8244,wbcic-29-S3-00052
WBCIC,1,29,2,withheld_until_outcome_lock,query,8245,wbcic-29-S3-00053
WBCIC,1,29,2,withheld_until_outcome_lock,query,8246,wbcic-29-S3-00054
WBCIC,1,29,2,withheld_until_outcome_lock,query,8247,wbcic-29-S3-00055
WBCIC,1,29,2,withheld_until_outcome_lock,query,8248,wbcic-29-S3-00056
WBCIC,1,29,2,withheld_until_outcome_lock,query,8249,wbcic-29-S3-00057
WBCIC,1,29,2,withheld_until_outcome_lock,query,8250,wbcic-29-S3-00058
WBCIC,1,29,2,withheld_until_outcome_lock,query,8251,wbcic-29-S3-00059
WBCIC,1,29,2,withheld_until_outcome_lock,query,8252,wbcic-29-S3-00060
WBCIC,1,29,2,withheld_until_outcome_lock,query,8253,wbcic-29-S3-00061
WBCIC,1,29,2,withheld_until_outcome_lock,query,8254,wbcic-29-S3-00062
WBCIC,1,29,2,withheld_until_outcome_lock,query,8255,wbcic-29-S3-00063
WBCIC,1,29,2,withheld_until_outcome_lock,query,8256,wbcic-29-S3-00064
WBCIC,1,29,2,withheld_until_outcome_lock,query,8257,wbcic-29-S3-00065
WBCIC,1,29,2,withheld_until_outcome_lock,query,8258,wbcic-29-S3-00066
WBCIC,1,29,2,withheld_until_outcome_lock,query,8259,wbcic-29-S3-00067
WBCIC,1,29,2,withheld_until_outcome_lock,query,8260,wbcic-29-S3-00068
WBCIC,1,29,2,withheld_until_outcome_lock,query,8261,wbcic-29-S3-00069
WBCIC,1,29,2,withheld_until_outcome_lock,query,8262,wbcic-29-S3-00070
WBCIC,1,29,2,withheld_until_outcome_lock,query,8263,wbcic-29-S3-00071
WBCIC,1,29,2,withheld_until_outcome_lock,query,8264,wbcic-29-S3-00072
WBCIC,1,29,2,withheld_until_outcome_lock,query,8265,wbcic-29-S3-00073
WBCIC,1,29,2,withheld_until_outcome_lock,query,8266,wbcic-29-S3-00074
WBCIC,1,29,2,withheld_until_outcome_lock,query,8267,wbcic-29-S3-00075
WBCIC,1,29,2,withheld_until_outcome_lock,query,8268,wbcic-29-S3-00076
WBCIC,1,29,2,withheld_until_outcome_lock,query,8269,wbcic-29-S3-00077
WBCIC,1,29,2,withheld_until_outcome_lock,query,8270,wbcic-29-S3-00078
WBCIC,1,29,2,withheld_until_outcome_lock,query,8271,wbcic-29-S3-00079
WBCIC,1,29,2,withheld_until_outcome_lock,query,8272,wbcic-29-S3-00080
WBCIC,1,29,2,withheld_until_outcome_lock,query,8273,wbcic-29-S3-00081
WBCIC,1,29,2,withheld_until_outcome_lock,query,8274,wbcic-29-S3-00082
WBCIC,1,29,2,withheld_until_outcome_lock,query,8275,wbcic-29-S3-00083
WBCIC,1,29,2,withheld_until_outcome_lock,query,8276,wbcic-29-S3-00084
WBCIC,1,29,2,withheld_until_outcome_lock,query,8277,wbcic-29-S3-00085
WBCIC,1,29,2,withheld_until_outcome_lock,query,8278,wbcic-29-S3-00086
WBCIC,1,29,2,withheld_until_outcome_lock,query,8279,wbcic-29-S3-00087
WBCIC,1,29,2,withheld_until_outcome_lock,query,8280,wbcic-29-S3-00088
WBCIC,1,29,2,withheld_until_outcome_lock,query,8281,wbcic-29-S3-00089
WBCIC,1,29,2,withheld_until_outcome_lock,query,8282,wbcic-29-S3-00090
WBCIC,1,29,2,withheld_until_outcome_lock,query,8283,wbcic-29-S3-00091
WBCIC,1,29,2,withheld_until_outcome_lock,query,8284,wbcic-29-S3-00092
WBCIC,1,29,2,withheld_until_outcome_lock,query,8285,wbcic-29-S3-00093
WBCIC,1,29,2,withheld_until_outcome_lock,query,8286,wbcic-29-S3-00094
WBCIC,1,29,2,withheld_until_outcome_lock,query,8287,wbcic-29-S3-00095
WBCIC,1,29,2,withheld_until_outcome_lock,query,8288,wbcic-29-S3-00096
WBCIC,1,29,2,withheld_until_outcome_lock,query,8289,wbcic-29-S3-00097
WBCIC,1,29,2,withheld_until_outcome_lock,query,8290,wbcic-29-S3-00098
WBCIC,1,29,2,withheld_until_outcome_lock,query,8291,wbcic-29-S3-00099
WBCIC,1,29,2,withheld_until_outcome_lock,query,8292,wbcic-29-S3-00100
WBCIC,1,29,2,withheld_until_outcome_lock,query,8293,wbcic-29-S3-00101
WBCIC,1,29,2,withheld_until_outcome_lock,query,8294,wbcic-29-S3-00102
WBCIC,1,29,2,withheld_until_outcome_lock,query,8295,wbcic-29-S3-00103
WBCIC,1,29,2,withheld_until_outcome_lock,query,8296,wbcic-29-S3-00104
WBCIC,1,29,2,withheld_until_outcome_lock,query,8297,wbcic-29-S3-00105
WBCIC,1,29,2,withheld_until_outcome_lock,query,8298,wbcic-29-S3-00106
WBCIC,1,29,2,withheld_until_outcome_lock,query,8299,wbcic-29-S3-00107
WBCIC,1,29,2,withheld_until_outcome_lock,query,8300,wbcic-29-S3-00108
WBCIC,1,29,2,withheld_until_outcome_lock,query,8301,wbcic-29-S3-00109
WBCIC,1,29,2,withheld_until_outcome_lock,query,8302,wbcic-29-S3-00110
WBCIC,1,29,2,withheld_until_outcome_lock,query,8303,wbcic-29-S3-00111
WBCIC,1,29,2,withheld_until_outcome_lock,query,8304,wbcic-29-S3-00112
WBCIC,1,29,2,withheld_until_outcome_lock,query,8305,wbcic-29-S3-00113
WBCIC,1,29,2,withheld_until_outcome_lock,query,8306,wbcic-29-S3-00114
WBCIC,1,29,2,withheld_until_outcome_lock,query,8307,wbcic-29-S3-00115
WBCIC,1,29,2,withheld_until_outcome_lock,query,8308,wbcic-29-S3-00116
WBCIC,1,29,2,withheld_until_outcome_lock,query,8309,wbcic-29-S3-00117
WBCIC,1,29,2,withheld_until_outcome_lock,query,8310,wbcic-29-S3-00118
WBCIC,1,29,2,withheld_until_outcome_lock,query,8311,wbcic-29-S3-00119
WBCIC,1,29,2,withheld_until_outcome_lock,query,8312,wbcic-29-S3-00120
WBCIC,1,29,2,withheld_until_outcome_lock,query,8313,wbcic-29-S3-00121
WBCIC,1,29,2,withheld_until_outcome_lock,query,8314,wbcic-29-S3-00122
WBCIC,1,29,2,withheld_until_outcome_lock,query,8315,wbcic-29-S3-00123
WBCIC,1,29,2,withheld_until_outcome_lock,query,8316,wbcic-29-S3-00124
WBCIC,1,29,2,withheld_until_outcome_lock,query,8317,wbcic-29-S3-00125
WBCIC,1,29,2,withheld_until_outcome_lock,query,8318,wbcic-29-S3-00126
WBCIC,1,29,2,withheld_until_outcome_lock,query,8319,wbcic-29-S3-00127
WBCIC,1,29,2,withheld_until_outcome_lock,query,8320,wbcic-29-S3-00128
WBCIC,1,29,2,withheld_until_outcome_lock,query,8321,wbcic-29-S3-00129
WBCIC,1,29,2,withheld_until_outcome_lock,query,8322,wbcic-29-S3-00130
WBCIC,1,29,2,withheld_until_outcome_lock,query,8323,wbcic-29-S3-00131
WBCIC,1,29,2,withheld_until_outcome_lock,query,8324,wbcic-29-S3-00132
WBCIC,1,29,2,withheld_until_outcome_lock,query,8325,wbcic-29-S3-00133
WBCIC,1,29,2,withheld_until_outcome_lock,query,8326,wbcic-29-S3-00134
WBCIC,1,29,2,withheld_until_outcome_lock,query,8327,wbcic-29-S3-00135
WBCIC,1,29,2,withheld_until_outcome_lock,query,8328,wbcic-29-S3-00136
WBCIC,1,29,2,withheld_until_outcome_lock,query,8329,wbcic-29-S3-00137
WBCIC,1,29,2,withheld_until_outcome_lock,query,8330,wbcic-29-S3-00138
WBCIC,1,29,2,withheld_until_outcome_lock,query,8331,wbcic-29-S3-00139
WBCIC,1,29,2,withheld_until_outcome_lock,query,8332,wbcic-29-S3-00140
WBCIC,1,29,2,withheld_until_outcome_lock,query,8333,wbcic-29-S3-00141
WBCIC,1,29,2,withheld_until_outcome_lock,query,8334,wbcic-29-S3-00142
WBCIC,1,29,2,withheld_until_outcome_lock,query,8335,wbcic-29-S3-00143
WBCIC,1,29,2,withheld_until_outcome_lock,query,8336,wbcic-29-S3-00144
WBCIC,1,29,2,withheld_until_outcome_lock,query,8337,wbcic-29-S3-00145
WBCIC,1,29,2,withheld_until_outcome_lock,query,8338,wbcic-29-S3-00146
WBCIC,1,29,2,withheld_until_outcome_lock,query,8339,wbcic-29-S3-00147
WBCIC,1,29,2,withheld_until_outcome_lock,query,8340,wbcic-29-S3-00148
WBCIC,1,29,2,withheld_until_outcome_lock,query,8341,wbcic-29-S3-00149
WBCIC,1,29,2,withheld_until_outcome_lock,query,8342,wbcic-29-S3-00150
WBCIC,1,29,2,withheld_until_outcome_lock,query,8343,wbcic-29-S3-00151
WBCIC,1,29,2,withheld_until_outcome_lock,query,8344,wbcic-29-S3-00152
WBCIC,1,29,2,withheld_until_outcome_lock,query,8345,wbcic-29-S3-00153
WBCIC,1,29,2,withheld_until_outcome_lock,query,8346,wbcic-29-S3-00154
WBCIC,1,29,2,withheld_until_outcome_lock,query,8347,wbcic-29-S3-00155
WBCIC,1,29,2,withheld_until_outcome_lock,query,8348,wbcic-29-S3-00156
WBCIC,1,29,2,withheld_until_outcome_lock,query,8349,wbcic-29-S3-00157
WBCIC,1,29,2,withheld_until_outcome_lock,query,8350,wbcic-29-S3-00158
WBCIC,1,29,2,withheld_until_outcome_lock,query,8351,wbcic-29-S3-00159
WBCIC,1,29,2,withheld_until_outcome_lock,query,8352,wbcic-29-S3-00160
WBCIC,1,29,2,withheld_until_outcome_lock,query,8353,wbcic-29-S3-00161
WBCIC,1,29,2,withheld_until_outcome_lock,query,8354,wbcic-29-S3-00162
WBCIC,1,29,2,withheld_until_outcome_lock,query,8355,wbcic-29-S3-00163
WBCIC,1,29,2,withheld_until_outcome_lock,query,8356,wbcic-29-S3-00164
WBCIC,1,29,2,withheld_until_outcome_lock,query,8357,wbcic-29-S3-00165
WBCIC,1,29,2,withheld_until_outcome_lock,query,8358,wbcic-29-S3-00166
WBCIC,1,29,2,withheld_until_outcome_lock,query,8359,wbcic-29-S3-00167
WBCIC,1,29,2,withheld_until_outcome_lock,query,8360,wbcic-29-S3-00168
WBCIC,1,29,2,withheld_until_outcome_lock,query,8361,wbcic-29-S3-00169
WBCIC,1,29,2,withheld_until_outcome_lock,query,8362,wbcic-29-S3-00170
WBCIC,1,29,2,withheld_until_outcome_lock,query,8363,wbcic-29-S3-00171
WBCIC,1,29,2,withheld_until_outcome_lock,query,8364,wbcic-29-S3-00172
WBCIC,1,29,2,withheld_until_outcome_lock,query,8365,wbcic-29-S3-00173
WBCIC,1,29,2,withheld_until_outcome_lock,query,8366,wbcic-29-S3-00174
WBCIC,1,29,2,withheld_until_outcome_lock,query,8367,wbcic-29-S3-00175
WBCIC,1,29,2,withheld_until_outcome_lock,query,8368,wbcic-29-S3-00176
WBCIC,1,29,2,withheld_until_outcome_lock,query,8369,wbcic-29-S3-00177
WBCIC,1,29,2,withheld_until_outcome_lock,query,8370,wbcic-29-S3-00178
WBCIC,1,29,2,withheld_until_outcome_lock,query,8371,wbcic-29-S3-00179
WBCIC,1,29,2,withheld_until_outcome_lock,query,8372,wbcic-29-S3-00180
WBCIC,1,29,2,withheld_until_outcome_lock,query,8373,wbcic-29-S3-00181
WBCIC,1,29,2,withheld_until_outcome_lock,query,8374,wbcic-29-S3-00182
WBCIC,1,29,2,withheld_until_outcome_lock,query,8375,wbcic-29-S3-00183
WBCIC,1,29,2,withheld_until_outcome_lock,query,8376,wbcic-29-S3-00184
WBCIC,1,29,2,withheld_until_outcome_lock,query,8377,wbcic-29-S3-00185
WBCIC,1,29,2,withheld_until_outcome_lock,query,8378,wbcic-29-S3-00186
WBCIC,1,29,2,withheld_until_outcome_lock,query,8379,wbcic-29-S3-00187
WBCIC,1,29,2,withheld_until_outcome_lock,query,8380,wbcic-29-S3-00188
WBCIC,1,29,2,withheld_until_outcome_lock,query,8381,wbcic-29-S3-00189
WBCIC,1,29,2,withheld_until_outcome_lock,query,8382,wbcic-29-S3-00190
WBCIC,1,29,2,withheld_until_outcome_lock,query,8383,wbcic-29-S3-00191
WBCIC,1,29,2,withheld_until_outcome_lock,query,8384,wbcic-29-S3-00192
WBCIC,1,29,2,withheld_until_outcome_lock,query,8385,wbcic-29-S3-00193
WBCIC,1,29,2,withheld_until_outcome_lock,query,8386,wbcic-29-S3-00194
WBCIC,1,29,2,withheld_until_outcome_lock,query,8387,wbcic-29-S3-00195
WBCIC,1,29,2,withheld_until_outcome_lock,query,8388,wbcic-29-S3-00196
WBCIC,1,29,2,withheld_until_outcome_lock,query,8389,wbcic-29-S3-00197
WBCIC,1,29,2,withheld_until_outcome_lock,query,8390,wbcic-29-S3-00198
WBCIC,1,29,2,withheld_until_outcome_lock,query,8391,wbcic-29-S3-00199
WBCIC,1,34,2,withheld_until_outcome_lock,query,11791,wbcic-34-S3-00000
WBCIC,1,34,2,withheld_until_outcome_lock,query,11792,wbcic-34-S3-00001
WBCIC,1,34,2,withheld_until_outcome_lock,query,11793,wbcic-34-S3-00002
WBCIC,1,34,2,withheld_until_outcome_lock,query,11794,wbcic-34-S3-00003
WBCIC,1,34,2,withheld_until_outcome_lock,query,11795,wbcic-34-S3-00004
WBCIC,1,34,2,withheld_until_outcome_lock,query,11796,wbcic-34-S3-00005
WBCIC,1,34,2,withheld_until_outcome_lock,query,11797,wbcic-34-S3-00006
WBCIC,1,34,2,withheld_until_outcome_lock,query,11798,wbcic-34-S3-00007
WBCIC,1,34,2,withheld_until_outcome_lock,query,11799,wbcic-34-S3-00008
WBCIC,1,34,2,withheld_until_outcome_lock,query,11800,wbcic-34-S3-00009
WBCIC,1,34,2,withheld_until_outcome_lock,query,11801,wbcic-34-S3-00010
WBCIC,1,34,2,withheld_until_outcome_lock,query,11802,wbcic-34-S3-00011
WBCIC,1,34,2,withheld_until_outcome_lock,query,11803,wbcic-34-S3-00012
WBCIC,1,34,2,withheld_until_outcome_lock,query,11804,wbcic-34-S3-00013
WBCIC,1,34,2,withheld_until_outcome_lock,query,11805,wbcic-34-S3-00014
WBCIC,1,34,2,withheld_until_outcome_lock,query,11806,wbcic-34-S3-00015
WBCIC,1,34,2,withheld_until_outcome_lock,query,11807,wbcic-34-S3-00016
WBCIC,1,34,2,withheld_until_outcome_lock,query,11808,wbcic-34-S3-00017
WBCIC,1,34,2,withheld_until_outcome_lock,query,11809,wbcic-34-S3-00018
WBCIC,1,34,2,withheld_until_outcome_lock,query,11810,wbcic-34-S3-00019
WBCIC,1,34,2,withheld_until_outcome_lock,query,11811,wbcic-34-S3-00020
WBCIC,1,34,2,withheld_until_outcome_lock,query,11812,wbcic-34-S3-00021
WBCIC,1,34,2,withheld_until_outcome_lock,query,11813,wbcic-34-S3-00022
WBCIC,1,34,2,withheld_until_outcome_lock,query,11814,wbcic-34-S3-00023
WBCIC,1,34,2,withheld_until_outcome_lock,query,11815,wbcic-34-S3-00024
WBCIC,1,34,2,withheld_until_outcome_lock,query,11816,wbcic-34-S3-00025
WBCIC,1,34,2,withheld_until_outcome_lock,query,11817,wbcic-34-S3-00026
WBCIC,1,34,2,withheld_until_outcome_lock,query,11818,wbcic-34-S3-00027
WBCIC,1,34,2,withheld_until_outcome_lock,query,11819,wbcic-34-S3-00028
WBCIC,1,34,2,withheld_until_outcome_lock,query,11820,wbcic-34-S3-00029
WBCIC,1,34,2,withheld_until_outcome_lock,query,11821,wbcic-34-S3-00030
WBCIC,1,34,2,withheld_until_outcome_lock,query,11822,wbcic-34-S3-00031
WBCIC,1,34,2,withheld_until_outcome_lock,query,11823,wbcic-34-S3-00032
WBCIC,1,34,2,withheld_until_outcome_lock,query,11824,wbcic-34-S3-00033
WBCIC,1,34,2,withheld_until_outcome_lock,query,11825,wbcic-34-S3-00034
WBCIC,1,34,2,withheld_until_outcome_lock,query,11826,wbcic-34-S3-00035
WBCIC,1,34,2,withheld_until_outcome_lock,query,11827,wbcic-34-S3-00036
WBCIC,1,34,2,withheld_until_outcome_lock,query,11828,wbcic-34-S3-00037
WBCIC,1,34,2,withheld_until_outcome_lock,query,11829,wbcic-34-S3-00038
WBCIC,1,34,2,withheld_until_outcome_lock,query,11830,wbcic-34-S3-00039
WBCIC,1,34,2,withheld_until_outcome_lock,query,11831,wbcic-34-S3-00040
WBCIC,1,34,2,withheld_until_outcome_lock,query,11832,wbcic-34-S3-00041
WBCIC,1,34,2,withheld_until_outcome_lock,query,11833,wbcic-34-S3-00042
WBCIC,1,34,2,withheld_until_outcome_lock,query,11834,wbcic-34-S3-00043
WBCIC,1,34,2,withheld_until_outcome_lock,query,11835,wbcic-34-S3-00044
WBCIC,1,34,2,withheld_until_outcome_lock,query,11836,wbcic-34-S3-00045
WBCIC,1,34,2,withheld_until_outcome_lock,query,11837,wbcic-34-S3-00046
WBCIC,1,34,2,withheld_until_outcome_lock,query,11838,wbcic-34-S3-00047
WBCIC,1,34,2,withheld_until_outcome_lock,query,11839,wbcic-34-S3-00048
WBCIC,1,34,2,withheld_until_outcome_lock,query,11840,wbcic-34-S3-00049
WBCIC,1,34,2,withheld_until_outcome_lock,query,11841,wbcic-34-S3-00050
WBCIC,1,34,2,withheld_until_outcome_lock,query,11842,wbcic-34-S3-00051
WBCIC,1,34,2,withheld_until_outcome_lock,query,11843,wbcic-34-S3-00052
WBCIC,1,34,2,withheld_until_outcome_lock,query,11844,wbcic-34-S3-00053
WBCIC,1,34,2,withheld_until_outcome_lock,query,11845,wbcic-34-S3-00054
WBCIC,1,34,2,withheld_until_outcome_lock,query,11846,wbcic-34-S3-00055
WBCIC,1,34,2,withheld_until_outcome_lock,query,11847,wbcic-34-S3-00056
WBCIC,1,34,2,withheld_until_outcome_lock,query,11848,wbcic-34-S3-00057
WBCIC,1,34,2,withheld_until_outcome_lock,query,11849,wbcic-34-S3-00058
WBCIC,1,34,2,withheld_until_outcome_lock,query,11850,wbcic-34-S3-00059
WBCIC,1,34,2,withheld_until_outcome_lock,query,11851,wbcic-34-S3-00060
WBCIC,1,34,2,withheld_until_outcome_lock,query,11852,wbcic-34-S3-00061
WBCIC,1,34,2,withheld_until_outcome_lock,query,11853,wbcic-34-S3-00062
WBCIC,1,34,2,withheld_until_outcome_lock,query,11854,wbcic-34-S3-00063
WBCIC,1,34,2,withheld_until_outcome_lock,query,11855,wbcic-34-S3-00064
WBCIC,1,34,2,withheld_until_outcome_lock,query,11856,wbcic-34-S3-00065
WBCIC,1,34,2,withheld_until_outcome_lock,query,11857,wbcic-34-S3-00066
WBCIC,1,34,2,withheld_until_outcome_lock,query,11858,wbcic-34-S3-00067
WBCIC,1,34,2,withheld_until_outcome_lock,query,11859,wbcic-34-S3-00068
WBCIC,1,34,2,withheld_until_outcome_lock,query,11860,wbcic-34-S3-00069
WBCIC,1,34,2,withheld_until_outcome_lock,query,11861,wbcic-34-S3-00070
WBCIC,1,34,2,withheld_until_outcome_lock,query,11862,wbcic-34-S3-00071
WBCIC,1,34,2,withheld_until_outcome_lock,query,11863,wbcic-34-S3-00072
WBCIC,1,34,2,withheld_until_outcome_lock,query,11864,wbcic-34-S3-00073
WBCIC,1,34,2,withheld_until_outcome_lock,query,11865,wbcic-34-S3-00074
WBCIC,1,34,2,withheld_until_outcome_lock,query,11866,wbcic-34-S3-00075
WBCIC,1,34,2,withheld_until_outcome_lock,query,11867,wbcic-34-S3-00076
WBCIC,1,34,2,withheld_until_outcome_lock,query,11868,wbcic-34-S3-00077
WBCIC,1,34,2,withheld_until_outcome_lock,query,11869,wbcic-34-S3-00078
WBCIC,1,34,2,withheld_until_outcome_lock,query,11870,wbcic-34-S3-00079
WBCIC,1,34,2,withheld_until_outcome_lock,query,11871,wbcic-34-S3-00080
WBCIC,1,34,2,withheld_until_outcome_lock,query,11872,wbcic-34-S3-00081
WBCIC,1,34,2,withheld_until_outcome_lock,query,11873,wbcic-34-S3-00082
WBCIC,1,34,2,withheld_until_outcome_lock,query,11874,wbcic-34-S3-00083
WBCIC,1,34,2,withheld_until_outcome_lock,query,11875,wbcic-34-S3-00084
WBCIC,1,34,2,withheld_until_outcome_lock,query,11876,wbcic-34-S3-00085
WBCIC,1,34,2,withheld_until_outcome_lock,query,11877,wbcic-34-S3-00086
WBCIC,1,34,2,withheld_until_outcome_lock,query,11878,wbcic-34-S3-00087
WBCIC,1,34,2,withheld_until_outcome_lock,query,11879,wbcic-34-S3-00088
WBCIC,1,34,2,withheld_until_outcome_lock,query,11880,wbcic-34-S3-00089
WBCIC,1,34,2,withheld_until_outcome_lock,query,11881,wbcic-34-S3-00090
WBCIC,1,34,2,withheld_until_outcome_lock,query,11882,wbcic-34-S3-00091
WBCIC,1,34,2,withheld_until_outcome_lock,query,11883,wbcic-34-S3-00092
WBCIC,1,34,2,withheld_until_outcome_lock,query,11884,wbcic-34-S3-00093
WBCIC,1,34,2,withheld_until_outcome_lock,query,11885,wbcic-34-S3-00094
WBCIC,1,34,2,withheld_until_outcome_lock,query,11886,wbcic-34-S3-00095
WBCIC,1,34,2,withheld_until_outcome_lock,query,11887,wbcic-34-S3-00096
WBCIC,1,34,2,withheld_until_outcome_lock,query,11888,wbcic-34-S3-00097
WBCIC,1,34,2,withheld_until_outcome_lock,query,11889,wbcic-34-S3-00098
WBCIC,1,34,2,withheld_until_outcome_lock,query,11890,wbcic-34-S3-00099
WBCIC,1,34,2,withheld_until_outcome_lock,query,11891,wbcic-34-S3-00100
WBCIC,1,34,2,withheld_until_outcome_lock,query,11892,wbcic-34-S3-00101
WBCIC,1,34,2,withheld_until_outcome_lock,query,11893,wbcic-34-S3-00102
WBCIC,1,34,2,withheld_until_outcome_lock,query,11894,wbcic-34-S3-00103
WBCIC,1,34,2,withheld_until_outcome_lock,query,11895,wbcic-34-S3-00104
WBCIC,1,34,2,withheld_until_outcome_lock,query,11896,wbcic-34-S3-00105
WBCIC,1,34,2,withheld_until_outcome_lock,query,11897,wbcic-34-S3-00106
WBCIC,1,34,2,withheld_until_outcome_lock,query,11898,wbcic-34-S3-00107
WBCIC,1,34,2,withheld_until_outcome_lock,query,11899,wbcic-34-S3-00108
WBCIC,1,34,2,withheld_until_outcome_lock,query,11900,wbcic-34-S3-00109
WBCIC,1,34,2,withheld_until_outcome_lock,query,11901,wbcic-34-S3-00110
WBCIC,1,34,2,withheld_until_outcome_lock,query,11902,wbcic-34-S3-00111
WBCIC,1,34,2,withheld_until_outcome_lock,query,11903,wbcic-34-S3-00112
WBCIC,1,34,2,withheld_until_outcome_lock,query,11904,wbcic-34-S3-00113
WBCIC,1,34,2,withheld_until_outcome_lock,query,11905,wbcic-34-S3-00114
WBCIC,1,34,2,withheld_until_outcome_lock,query,11906,wbcic-34-S3-00115
WBCIC,1,34,2,withheld_until_outcome_lock,query,11907,wbcic-34-S3-00116
WBCIC,1,34,2,withheld_until_outcome_lock,query,11908,wbcic-34-S3-00117
WBCIC,1,34,2,withheld_until_outcome_lock,query,11909,wbcic-34-S3-00118
WBCIC,1,34,2,withheld_until_outcome_lock,query,11910,wbcic-34-S3-00119
WBCIC,1,34,2,withheld_until_outcome_lock,query,11911,wbcic-34-S3-00120
WBCIC,1,34,2,withheld_until_outcome_lock,query,11912,wbcic-34-S3-00121
WBCIC,1,34,2,withheld_until_outcome_lock,query,11913,wbcic-34-S3-00122
WBCIC,1,34,2,withheld_until_outcome_lock,query,11914,wbcic-34-S3-00123
WBCIC,1,34,2,withheld_until_outcome_lock,query,11915,wbcic-34-S3-00124
WBCIC,1,34,2,withheld_until_outcome_lock,query,11916,wbcic-34-S3-00125
WBCIC,1,34,2,withheld_until_outcome_lock,query,11917,wbcic-34-S3-00126
WBCIC,1,34,2,withheld_until_outcome_lock,query,11918,wbcic-34-S3-00127
WBCIC,1,34,2,withheld_until_outcome_lock,query,11919,wbcic-34-S3-00128
WBCIC,1,34,2,withheld_until_outcome_lock,query,11920,wbcic-34-S3-00129
WBCIC,1,34,2,withheld_until_outcome_lock,query,11921,wbcic-34-S3-00130
WBCIC,1,34,2,withheld_until_outcome_lock,query,11922,wbcic-34-S3-00131
WBCIC,1,34,2,withheld_until_outcome_lock,query,11923,wbcic-34-S3-00132
WBCIC,1,34,2,withheld_until_outcome_lock,query,11924,wbcic-34-S3-00133
WBCIC,1,34,2,withheld_until_outcome_lock,query,11925,wbcic-34-S3-00134
WBCIC,1,34,2,withheld_until_outcome_lock,query,11926,wbcic-34-S3-00135
WBCIC,1,34,2,withheld_until_outcome_lock,query,11927,wbcic-34-S3-00136
WBCIC,1,34,2,withheld_until_outcome_lock,query,11928,wbcic-34-S3-00137
WBCIC,1,34,2,withheld_until_outcome_lock,query,11929,wbcic-34-S3-00138
WBCIC,1,34,2,withheld_until_outcome_lock,query,11930,wbcic-34-S3-00139
WBCIC,1,34,2,withheld_until_outcome_lock,query,11931,wbcic-34-S3-00140
WBCIC,1,34,2,withheld_until_outcome_lock,query,11932,wbcic-34-S3-00141
WBCIC,1,34,2,withheld_until_outcome_lock,query,11933,wbcic-34-S3-00142
WBCIC,1,34,2,withheld_until_outcome_lock,query,11934,wbcic-34-S3-00143
WBCIC,1,34,2,withheld_until_outcome_lock,query,11935,wbcic-34-S3-00144
WBCIC,1,34,2,withheld_until_outcome_lock,query,11936,wbcic-34-S3-00145
WBCIC,1,34,2,withheld_until_outcome_lock,query,11937,wbcic-34-S3-00146
WBCIC,1,34,2,withheld_until_outcome_lock,query,11938,wbcic-34-S3-00147
WBCIC,1,34,2,withheld_until_outcome_lock,query,11939,wbcic-34-S3-00148
WBCIC,1,34,2,withheld_until_outcome_lock,query,11940,wbcic-34-S3-00149
WBCIC,1,34,2,withheld_until_outcome_lock,query,11941,wbcic-34-S3-00150
WBCIC,1,34,2,withheld_until_outcome_lock,query,11942,wbcic-34-S3-00151
WBCIC,1,34,2,withheld_until_outcome_lock,query,11943,wbcic-34-S3-00152
WBCIC,1,34,2,withheld_until_outcome_lock,query,11944,wbcic-34-S3-00153
WBCIC,1,34,2,withheld_until_outcome_lock,query,11945,wbcic-34-S3-00154
WBCIC,1,34,2,withheld_until_outcome_lock,query,11946,wbcic-34-S3-00155
WBCIC,1,34,2,withheld_until_outcome_lock,query,11947,wbcic-34-S3-00156
WBCIC,1,34,2,withheld_until_outcome_lock,query,11948,wbcic-34-S3-00157
WBCIC,1,34,2,withheld_until_outcome_lock,query,11949,wbcic-34-S3-00158
WBCIC,1,34,2,withheld_until_outcome_lock,query,11950,wbcic-34-S3-00159
WBCIC,1,34,2,withheld_until_outcome_lock,query,11951,wbcic-34-S3-00160
WBCIC,1,34,2,withheld_until_outcome_lock,query,11952,wbcic-34-S3-00161
WBCIC,1,34,2,withheld_until_outcome_lock,query,11953,wbcic-34-S3-00162
WBCIC,1,34,2,withheld_until_outcome_lock,query,11954,wbcic-34-S3-00163
WBCIC,1,34,2,withheld_until_outcome_lock,query,11955,wbcic-34-S3-00164
WBCIC,1,34,2,withheld_until_outcome_lock,query,11956,wbcic-34-S3-00165
WBCIC,1,34,2,withheld_until_outcome_lock,query,11957,wbcic-34-S3-00166
WBCIC,1,34,2,withheld_until_outcome_lock,query,11958,wbcic-34-S3-00167
WBCIC,1,34,2,withheld_until_outcome_lock,query,11959,wbcic-34-S3-00168
WBCIC,1,34,2,withheld_until_outcome_lock,query,11960,wbcic-34-S3-00169
WBCIC,1,34,2,withheld_until_outcome_lock,query,11961,wbcic-34-S3-00170
WBCIC,1,34,2,withheld_until_outcome_lock,query,11962,wbcic-34-S3-00171
WBCIC,1,34,2,withheld_until_outcome_lock,query,11963,wbcic-34-S3-00172
WBCIC,1,34,2,withheld_until_outcome_lock,query,11964,wbcic-34-S3-00173
WBCIC,1,34,2,withheld_until_outcome_lock,query,11965,wbcic-34-S3-00174
WBCIC,1,34,2,withheld_until_outcome_lock,query,11966,wbcic-34-S3-00175
WBCIC,1,34,2,withheld_until_outcome_lock,query,11967,wbcic-34-S3-00176
WBCIC,1,34,2,withheld_until_outcome_lock,query,11968,wbcic-34-S3-00177
WBCIC,1,34,2,withheld_until_outcome_lock,query,11969,wbcic-34-S3-00178
WBCIC,1,34,2,withheld_until_outcome_lock,query,11970,wbcic-34-S3-00179
WBCIC,1,34,2,withheld_until_outcome_lock,query,11971,wbcic-34-S3-00180
WBCIC,1,34,2,withheld_until_outcome_lock,query,11972,wbcic-34-S3-00181
WBCIC,1,34,2,withheld_until_outcome_lock,query,11973,wbcic-34-S3-00182
WBCIC,1,34,2,withheld_until_outcome_lock,query,11974,wbcic-34-S3-00183
WBCIC,1,34,2,withheld_until_outcome_lock,query,11975,wbcic-34-S3-00184
WBCIC,1,34,2,withheld_until_outcome_lock,query,11976,wbcic-34-S3-00185
WBCIC,1,34,2,withheld_until_outcome_lock,query,11977,wbcic-34-S3-00186
WBCIC,1,34,2,withheld_until_outcome_lock,query,11978,wbcic-34-S3-00187
WBCIC,1,34,2,withheld_until_outcome_lock,query,11979,wbcic-34-S3-00188
WBCIC,1,34,2,withheld_until_outcome_lock,query,11980,wbcic-34-S3-00189
WBCIC,1,34,2,withheld_until_outcome_lock,query,11981,wbcic-34-S3-00190
WBCIC,1,34,2,withheld_until_outcome_lock,query,11982,wbcic-34-S3-00191
WBCIC,1,34,2,withheld_until_outcome_lock,query,11983,wbcic-34-S3-00192
WBCIC,1,34,2,withheld_until_outcome_lock,query,11984,wbcic-34-S3-00193
WBCIC,1,34,2,withheld_until_outcome_lock,query,11985,wbcic-34-S3-00194
WBCIC,1,34,2,withheld_until_outcome_lock,query,11986,wbcic-34-S3-00195
WBCIC,1,34,2,withheld_until_outcome_lock,query,11987,wbcic-34-S3-00196
WBCIC,1,34,2,withheld_until_outcome_lock,query,11988,wbcic-34-S3-00197
WBCIC,1,34,2,withheld_until_outcome_lock,query,11989,wbcic-34-S3-00198
WBCIC,1,34,2,withheld_until_outcome_lock,query,11990,wbcic-34-S3-00199
WBCIC,1,35,2,withheld_until_outcome_lock,query,12391,wbcic-35-S3-00000
WBCIC,1,35,2,withheld_until_outcome_lock,query,12392,wbcic-35-S3-00001
WBCIC,1,35,2,withheld_until_outcome_lock,query,12393,wbcic-35-S3-00002
WBCIC,1,35,2,withheld_until_outcome_lock,query,12394,wbcic-35-S3-00003
WBCIC,1,35,2,withheld_until_outcome_lock,query,12395,wbcic-35-S3-00004
WBCIC,1,35,2,withheld_until_outcome_lock,query,12396,wbcic-35-S3-00005
WBCIC,1,35,2,withheld_until_outcome_lock,query,12397,wbcic-35-S3-00006
WBCIC,1,35,2,withheld_until_outcome_lock,query,12398,wbcic-35-S3-00007
WBCIC,1,35,2,withheld_until_outcome_lock,query,12399,wbcic-35-S3-00008
WBCIC,1,35,2,withheld_until_outcome_lock,query,12400,wbcic-35-S3-00009
WBCIC,1,35,2,withheld_until_outcome_lock,query,12401,wbcic-35-S3-00010
WBCIC,1,35,2,withheld_until_outcome_lock,query,12402,wbcic-35-S3-00011
WBCIC,1,35,2,withheld_until_outcome_lock,query,12403,wbcic-35-S3-00012
WBCIC,1,35,2,withheld_until_outcome_lock,query,12404,wbcic-35-S3-00013
WBCIC,1,35,2,withheld_until_outcome_lock,query,12405,wbcic-35-S3-00014
WBCIC,1,35,2,withheld_until_outcome_lock,query,12406,wbcic-35-S3-00015
WBCIC,1,35,2,withheld_until_outcome_lock,query,12407,wbcic-35-S3-00016
WBCIC,1,35,2,withheld_until_outcome_lock,query,12408,wbcic-35-S3-00017
WBCIC,1,35,2,withheld_until_outcome_lock,query,12409,wbcic-35-S3-00018
WBCIC,1,35,2,withheld_until_outcome_lock,query,12410,wbcic-35-S3-00019
WBCIC,1,35,2,withheld_until_outcome_lock,query,12411,wbcic-35-S3-00020
WBCIC,1,35,2,withheld_until_outcome_lock,query,12412,wbcic-35-S3-00021
WBCIC,1,35,2,withheld_until_outcome_lock,query,12413,wbcic-35-S3-00022
WBCIC,1,35,2,withheld_until_outcome_lock,query,12414,wbcic-35-S3-00023
WBCIC,1,35,2,withheld_until_outcome_lock,query,12415,wbcic-35-S3-00024
WBCIC,1,35,2,withheld_until_outcome_lock,query,12416,wbcic-35-S3-00025
WBCIC,1,35,2,withheld_until_outcome_lock,query,12417,wbcic-35-S3-00026
WBCIC,1,35,2,withheld_until_outcome_lock,query,12418,wbcic-35-S3-00027
WBCIC,1,35,2,withheld_until_outcome_lock,query,12419,wbcic-35-S3-00028
WBCIC,1,35,2,withheld_until_outcome_lock,query,12420,wbcic-35-S3-00029
WBCIC,1,35,2,withheld_until_outcome_lock,query,12421,wbcic-35-S3-00030
WBCIC,1,35,2,withheld_until_outcome_lock,query,12422,wbcic-35-S3-00031
WBCIC,1,35,2,withheld_until_outcome_lock,query,12423,wbcic-35-S3-00032
WBCIC,1,35,2,withheld_until_outcome_lock,query,12424,wbcic-35-S3-00033
WBCIC,1,35,2,withheld_until_outcome_lock,query,12425,wbcic-35-S3-00034
WBCIC,1,35,2,withheld_until_outcome_lock,query,12426,wbcic-35-S3-00035
WBCIC,1,35,2,withheld_until_outcome_lock,query,12427,wbcic-35-S3-00036
WBCIC,1,35,2,withheld_until_outcome_lock,query,12428,wbcic-35-S3-00037
WBCIC,1,35,2,withheld_until_outcome_lock,query,12429,wbcic-35-S3-00038
WBCIC,1,35,2,withheld_until_outcome_lock,query,12430,wbcic-35-S3-00039
WBCIC,1,35,2,withheld_until_outcome_lock,query,12431,wbcic-35-S3-00040
WBCIC,1,35,2,withheld_until_outcome_lock,query,12432,wbcic-35-S3-00041
WBCIC,1,35,2,withheld_until_outcome_lock,query,12433,wbcic-35-S3-00042
WBCIC,1,35,2,withheld_until_outcome_lock,query,12434,wbcic-35-S3-00043
WBCIC,1,35,2,withheld_until_outcome_lock,query,12435,wbcic-35-S3-00044
WBCIC,1,35,2,withheld_until_outcome_lock,query,12436,wbcic-35-S3-00045
WBCIC,1,35,2,withheld_until_outcome_lock,query,12437,wbcic-35-S3-00046
WBCIC,1,35,2,withheld_until_outcome_lock,query,12438,wbcic-35-S3-00047
WBCIC,1,35,2,withheld_until_outcome_lock,query,12439,wbcic-35-S3-00048
WBCIC,1,35,2,withheld_until_outcome_lock,query,12440,wbcic-35-S3-00049
WBCIC,1,35,2,withheld_until_outcome_lock,query,12441,wbcic-35-S3-00050
WBCIC,1,35,2,withheld_until_outcome_lock,query,12442,wbcic-35-S3-00051
WBCIC,1,35,2,withheld_until_outcome_lock,query,12443,wbcic-35-S3-00052
WBCIC,1,35,2,withheld_until_outcome_lock,query,12444,wbcic-35-S3-00053
WBCIC,1,35,2,withheld_until_outcome_lock,query,12445,wbcic-35-S3-00054
WBCIC,1,35,2,withheld_until_outcome_lock,query,12446,wbcic-35-S3-00055
WBCIC,1,35,2,withheld_until_outcome_lock,query,12447,wbcic-35-S3-00056
WBCIC,1,35,2,withheld_until_outcome_lock,query,12448,wbcic-35-S3-00057
WBCIC,1,35,2,withheld_until_outcome_lock,query,12449,wbcic-35-S3-00058
WBCIC,1,35,2,withheld_until_outcome_lock,query,12450,wbcic-35-S3-00059
WBCIC,1,35,2,withheld_until_outcome_lock,query,12451,wbcic-35-S3-00060
WBCIC,1,35,2,withheld_until_outcome_lock,query,12452,wbcic-35-S3-00061
WBCIC,1,35,2,withheld_until_outcome_lock,query,12453,wbcic-35-S3-00062
WBCIC,1,35,2,withheld_until_outcome_lock,query,12454,wbcic-35-S3-00063
WBCIC,1,35,2,withheld_until_outcome_lock,query,12455,wbcic-35-S3-00064
WBCIC,1,35,2,withheld_until_outcome_lock,query,12456,wbcic-35-S3-00065
WBCIC,1,35,2,withheld_until_outcome_lock,query,12457,wbcic-35-S3-00066
WBCIC,1,35,2,withheld_until_outcome_lock,query,12458,wbcic-35-S3-00067
WBCIC,1,35,2,withheld_until_outcome_lock,query,12459,wbcic-35-S3-00068
WBCIC,1,35,2,withheld_until_outcome_lock,query,12460,wbcic-35-S3-00069
WBCIC,1,35,2,withheld_until_outcome_lock,query,12461,wbcic-35-S3-00070
WBCIC,1,35,2,withheld_until_outcome_lock,query,12462,wbcic-35-S3-00071
WBCIC,1,35,2,withheld_until_outcome_lock,query,12463,wbcic-35-S3-00072
WBCIC,1,35,2,withheld_until_outcome_lock,query,12464,wbcic-35-S3-00073
WBCIC,1,35,2,withheld_until_outcome_lock,query,12465,wbcic-35-S3-00074
WBCIC,1,35,2,withheld_until_outcome_lock,query,12466,wbcic-35-S3-00075
WBCIC,1,35,2,withheld_until_outcome_lock,query,12467,wbcic-35-S3-00076
WBCIC,1,35,2,withheld_until_outcome_lock,query,12468,wbcic-35-S3-00077
WBCIC,1,35,2,withheld_until_outcome_lock,query,12469,wbcic-35-S3-00078
WBCIC,1,35,2,withheld_until_outcome_lock,query,12470,wbcic-35-S3-00079
WBCIC,1,35,2,withheld_until_outcome_lock,query,12471,wbcic-35-S3-00080
WBCIC,1,35,2,withheld_until_outcome_lock,query,12472,wbcic-35-S3-00081
WBCIC,1,35,2,withheld_until_outcome_lock,query,12473,wbcic-35-S3-00082
WBCIC,1,35,2,withheld_until_outcome_lock,query,12474,wbcic-35-S3-00083
WBCIC,1,35,2,withheld_until_outcome_lock,query,12475,wbcic-35-S3-00084
WBCIC,1,35,2,withheld_until_outcome_lock,query,12476,wbcic-35-S3-00085
WBCIC,1,35,2,withheld_until_outcome_lock,query,12477,wbcic-35-S3-00086
WBCIC,1,35,2,withheld_until_outcome_lock,query,12478,wbcic-35-S3-00087
WBCIC,1,35,2,withheld_until_outcome_lock,query,12479,wbcic-35-S3-00088
WBCIC,1,35,2,withheld_until_outcome_lock,query,12480,wbcic-35-S3-00089
WBCIC,1,35,2,withheld_until_outcome_lock,query,12481,wbcic-35-S3-00090
WBCIC,1,35,2,withheld_until_outcome_lock,query,12482,wbcic-35-S3-00091
WBCIC,1,35,2,withheld_until_outcome_lock,query,12483,wbcic-35-S3-00092
WBCIC,1,35,2,withheld_until_outcome_lock,query,12484,wbcic-35-S3-00093
WBCIC,1,35,2,withheld_until_outcome_lock,query,12485,wbcic-35-S3-00094
WBCIC,1,35,2,withheld_until_outcome_lock,query,12486,wbcic-35-S3-00095
WBCIC,1,35,2,withheld_until_outcome_lock,query,12487,wbcic-35-S3-00096
WBCIC,1,35,2,withheld_until_outcome_lock,query,12488,wbcic-35-S3-00097
WBCIC,1,35,2,withheld_until_outcome_lock,query,12489,wbcic-35-S3-00098
WBCIC,1,35,2,withheld_until_outcome_lock,query,12490,wbcic-35-S3-00099
WBCIC,1,35,2,withheld_until_outcome_lock,query,12491,wbcic-35-S3-00100
WBCIC,1,35,2,withheld_until_outcome_lock,query,12492,wbcic-35-S3-00101
WBCIC,1,35,2,withheld_until_outcome_lock,query,12493,wbcic-35-S3-00102
WBCIC,1,35,2,withheld_until_outcome_lock,query,12494,wbcic-35-S3-00103
WBCIC,1,35,2,withheld_until_outcome_lock,query,12495,wbcic-35-S3-00104
WBCIC,1,35,2,withheld_until_outcome_lock,query,12496,wbcic-35-S3-00105
WBCIC,1,35,2,withheld_until_outcome_lock,query,12497,wbcic-35-S3-00106
WBCIC,1,35,2,withheld_until_outcome_lock,query,12498,wbcic-35-S3-00107
WBCIC,1,35,2,withheld_until_outcome_lock,query,12499,wbcic-35-S3-00108
WBCIC,1,35,2,withheld_until_outcome_lock,query,12500,wbcic-35-S3-00109
WBCIC,1,35,2,withheld_until_outcome_lock,query,12501,wbcic-35-S3-00110
WBCIC,1,35,2,withheld_until_outcome_lock,query,12502,wbcic-35-S3-00111
WBCIC,1,35,2,withheld_until_outcome_lock,query,12503,wbcic-35-S3-00112
WBCIC,1,35,2,withheld_until_outcome_lock,query,12504,wbcic-35-S3-00113
WBCIC,1,35,2,withheld_until_outcome_lock,query,12505,wbcic-35-S3-00114
WBCIC,1,35,2,withheld_until_outcome_lock,query,12506,wbcic-35-S3-00115
WBCIC,1,35,2,withheld_until_outcome_lock,query,12507,wbcic-35-S3-00116
WBCIC,1,35,2,withheld_until_outcome_lock,query,12508,wbcic-35-S3-00117
WBCIC,1,35,2,withheld_until_outcome_lock,query,12509,wbcic-35-S3-00118
WBCIC,1,35,2,withheld_until_outcome_lock,query,12510,wbcic-35-S3-00119
WBCIC,1,35,2,withheld_until_outcome_lock,query,12511,wbcic-35-S3-00120
WBCIC,1,35,2,withheld_until_outcome_lock,query,12512,wbcic-35-S3-00121
WBCIC,1,35,2,withheld_until_outcome_lock,query,12513,wbcic-35-S3-00122
WBCIC,1,35,2,withheld_until_outcome_lock,query,12514,wbcic-35-S3-00123
WBCIC,1,35,2,withheld_until_outcome_lock,query,12515,wbcic-35-S3-00124
WBCIC,1,35,2,withheld_until_outcome_lock,query,12516,wbcic-35-S3-00125
WBCIC,1,35,2,withheld_until_outcome_lock,query,12517,wbcic-35-S3-00126
WBCIC,1,35,2,withheld_until_outcome_lock,query,12518,wbcic-35-S3-00127
WBCIC,1,35,2,withheld_until_outcome_lock,query,12519,wbcic-35-S3-00128
WBCIC,1,35,2,withheld_until_outcome_lock,query,12520,wbcic-35-S3-00129
WBCIC,1,35,2,withheld_until_outcome_lock,query,12521,wbcic-35-S3-00130
WBCIC,1,35,2,withheld_until_outcome_lock,query,12522,wbcic-35-S3-00131
WBCIC,1,35,2,withheld_until_outcome_lock,query,12523,wbcic-35-S3-00132
WBCIC,1,35,2,withheld_until_outcome_lock,query,12524,wbcic-35-S3-00133
WBCIC,1,35,2,withheld_until_outcome_lock,query,12525,wbcic-35-S3-00134
WBCIC,1,35,2,withheld_until_outcome_lock,query,12526,wbcic-35-S3-00135
WBCIC,1,35,2,withheld_until_outcome_lock,query,12527,wbcic-35-S3-00136
WBCIC,1,35,2,withheld_until_outcome_lock,query,12528,wbcic-35-S3-00137
WBCIC,1,35,2,withheld_until_outcome_lock,query,12529,wbcic-35-S3-00138
WBCIC,1,35,2,withheld_until_outcome_lock,query,12530,wbcic-35-S3-00139
WBCIC,1,35,2,withheld_until_outcome_lock,query,12531,wbcic-35-S3-00140
WBCIC,1,35,2,withheld_until_outcome_lock,query,12532,wbcic-35-S3-00141
WBCIC,1,35,2,withheld_until_outcome_lock,query,12533,wbcic-35-S3-00142
WBCIC,1,35,2,withheld_until_outcome_lock,query,12534,wbcic-35-S3-00143
WBCIC,1,35,2,withheld_until_outcome_lock,query,12535,wbcic-35-S3-00144
WBCIC,1,35,2,withheld_until_outcome_lock,query,12536,wbcic-35-S3-00145
WBCIC,1,35,2,withheld_until_outcome_lock,query,12537,wbcic-35-S3-00146
WBCIC,1,35,2,withheld_until_outcome_lock,query,12538,wbcic-35-S3-00147
WBCIC,1,35,2,withheld_until_outcome_lock,query,12539,wbcic-35-S3-00148
WBCIC,1,35,2,withheld_until_outcome_lock,query,12540,wbcic-35-S3-00149
WBCIC,1,35,2,withheld_until_outcome_lock,query,12541,wbcic-35-S3-00150
WBCIC,1,35,2,withheld_until_outcome_lock,query,12542,wbcic-35-S3-00151
WBCIC,1,35,2,withheld_until_outcome_lock,query,12543,wbcic-35-S3-00152
WBCIC,1,35,2,withheld_until_outcome_lock,query,12544,wbcic-35-S3-00153
WBCIC,1,35,2,withheld_until_outcome_lock,query,12545,wbcic-35-S3-00154
WBCIC,1,35,2,withheld_until_outcome_lock,query,12546,wbcic-35-S3-00155
WBCIC,1,35,2,withheld_until_outcome_lock,query,12547,wbcic-35-S3-00156
WBCIC,1,35,2,withheld_until_outcome_lock,query,12548,wbcic-35-S3-00157
WBCIC,1,35,2,withheld_until_outcome_lock,query,12549,wbcic-35-S3-00158
WBCIC,1,35,2,withheld_until_outcome_lock,query,12550,wbcic-35-S3-00159
WBCIC,1,35,2,withheld_until_outcome_lock,query,12551,wbcic-35-S3-00160
WBCIC,1,35,2,withheld_until_outcome_lock,query,12552,wbcic-35-S3-00161
WBCIC,1,35,2,withheld_until_outcome_lock,query,12553,wbcic-35-S3-00162
WBCIC,1,35,2,withheld_until_outcome_lock,query,12554,wbcic-35-S3-00163
WBCIC,1,35,2,withheld_until_outcome_lock,query,12555,wbcic-35-S3-00164
WBCIC,1,35,2,withheld_until_outcome_lock,query,12556,wbcic-35-S3-00165
WBCIC,1,35,2,withheld_until_outcome_lock,query,12557,wbcic-35-S3-00166
WBCIC,1,35,2,withheld_until_outcome_lock,query,12558,wbcic-35-S3-00167
WBCIC,1,35,2,withheld_until_outcome_lock,query,12559,wbcic-35-S3-00168
WBCIC,1,35,2,withheld_until_outcome_lock,query,12560,wbcic-35-S3-00169
WBCIC,1,35,2,withheld_until_outcome_lock,query,12561,wbcic-35-S3-00170
WBCIC,1,35,2,withheld_until_outcome_lock,query,12562,wbcic-35-S3-00171
WBCIC,1,35,2,withheld_until_outcome_lock,query,12563,wbcic-35-S3-00172
WBCIC,1,35,2,withheld_until_outcome_lock,query,12564,wbcic-35-S3-00173
WBCIC,1,35,2,withheld_until_outcome_lock,query,12565,wbcic-35-S3-00174
WBCIC,1,35,2,withheld_until_outcome_lock,query,12566,wbcic-35-S3-00175
WBCIC,1,35,2,withheld_until_outcome_lock,query,12567,wbcic-35-S3-00176
WBCIC,1,35,2,withheld_until_outcome_lock,query,12568,wbcic-35-S3-00177
WBCIC,1,35,2,withheld_until_outcome_lock,query,12569,wbcic-35-S3-00178
WBCIC,1,35,2,withheld_until_outcome_lock,query,12570,wbcic-35-S3-00179
WBCIC,1,35,2,withheld_until_outcome_lock,query,12571,wbcic-35-S3-00180
WBCIC,1,35,2,withheld_until_outcome_lock,query,12572,wbcic-35-S3-00181
WBCIC,1,35,2,withheld_until_outcome_lock,query,12573,wbcic-35-S3-00182
WBCIC,1,35,2,withheld_until_outcome_lock,query,12574,wbcic-35-S3-00183
WBCIC,1,35,2,withheld_until_outcome_lock,query,12575,wbcic-35-S3-00184
WBCIC,1,35,2,withheld_until_outcome_lock,query,12576,wbcic-35-S3-00185
WBCIC,1,35,2,withheld_until_outcome_lock,query,12577,wbcic-35-S3-00186
WBCIC,1,35,2,withheld_until_outcome_lock,query,12578,wbcic-35-S3-00187
WBCIC,1,35,2,withheld_until_outcome_lock,query,12579,wbcic-35-S3-00188
WBCIC,1,35,2,withheld_until_outcome_lock,query,12580,wbcic-35-S3-00189
WBCIC,1,35,2,withheld_until_outcome_lock,query,12581,wbcic-35-S3-00190
WBCIC,1,35,2,withheld_until_outcome_lock,query,12582,wbcic-35-S3-00191
WBCIC,1,35,2,withheld_until_outcome_lock,query,12583,wbcic-35-S3-00192
WBCIC,1,35,2,withheld_until_outcome_lock,query,12584,wbcic-35-S3-00193
WBCIC,1,35,2,withheld_until_outcome_lock,query,12585,wbcic-35-S3-00194
WBCIC,1,35,2,withheld_until_outcome_lock,query,12586,wbcic-35-S3-00195
WBCIC,1,35,2,withheld_until_outcome_lock,query,12587,wbcic-35-S3-00196
WBCIC,1,35,2,withheld_until_outcome_lock,query,12588,wbcic-35-S3-00197
WBCIC,1,35,2,withheld_until_outcome_lock,query,12589,wbcic-35-S3-00198
WBCIC,1,35,2,withheld_until_outcome_lock,query,12590,wbcic-35-S3-00199
WBCIC,1,49,2,withheld_until_outcome_lock,query,16591,wbcic-49-S3-00000
WBCIC,1,49,2,withheld_until_outcome_lock,query,16592,wbcic-49-S3-00001
WBCIC,1,49,2,withheld_until_outcome_lock,query,16593,wbcic-49-S3-00002
WBCIC,1,49,2,withheld_until_outcome_lock,query,16594,wbcic-49-S3-00003
WBCIC,1,49,2,withheld_until_outcome_lock,query,16595,wbcic-49-S3-00004
WBCIC,1,49,2,withheld_until_outcome_lock,query,16596,wbcic-49-S3-00005
WBCIC,1,49,2,withheld_until_outcome_lock,query,16597,wbcic-49-S3-00006
WBCIC,1,49,2,withheld_until_outcome_lock,query,16598,wbcic-49-S3-00007
WBCIC,1,49,2,withheld_until_outcome_lock,query,16599,wbcic-49-S3-00008
WBCIC,1,49,2,withheld_until_outcome_lock,query,16600,wbcic-49-S3-00009
WBCIC,1,49,2,withheld_until_outcome_lock,query,16601,wbcic-49-S3-00010
WBCIC,1,49,2,withheld_until_outcome_lock,query,16602,wbcic-49-S3-00011
WBCIC,1,49,2,withheld_until_outcome_lock,query,16603,wbcic-49-S3-00012
WBCIC,1,49,2,withheld_until_outcome_lock,query,16604,wbcic-49-S3-00013
WBCIC,1,49,2,withheld_until_outcome_lock,query,16605,wbcic-49-S3-00014
WBCIC,1,49,2,withheld_until_outcome_lock,query,16606,wbcic-49-S3-00015
WBCIC,1,49,2,withheld_until_outcome_lock,query,16607,wbcic-49-S3-00016
WBCIC,1,49,2,withheld_until_outcome_lock,query,16608,wbcic-49-S3-00017
WBCIC,1,49,2,withheld_until_outcome_lock,query,16609,wbcic-49-S3-00018
WBCIC,1,49,2,withheld_until_outcome_lock,query,16610,wbcic-49-S3-00019
WBCIC,1,49,2,withheld_until_outcome_lock,query,16611,wbcic-49-S3-00020
WBCIC,1,49,2,withheld_until_outcome_lock,query,16612,wbcic-49-S3-00021
WBCIC,1,49,2,withheld_until_outcome_lock,query,16613,wbcic-49-S3-00022
WBCIC,1,49,2,withheld_until_outcome_lock,query,16614,wbcic-49-S3-00023
WBCIC,1,49,2,withheld_until_outcome_lock,query,16615,wbcic-49-S3-00024
WBCIC,1,49,2,withheld_until_outcome_lock,query,16616,wbcic-49-S3-00025
WBCIC,1,49,2,withheld_until_outcome_lock,query,16617,wbcic-49-S3-00026
WBCIC,1,49,2,withheld_until_outcome_lock,query,16618,wbcic-49-S3-00027
WBCIC,1,49,2,withheld_until_outcome_lock,query,16619,wbcic-49-S3-00028
WBCIC,1,49,2,withheld_until_outcome_lock,query,16620,wbcic-49-S3-00029
WBCIC,1,49,2,withheld_until_outcome_lock,query,16621,wbcic-49-S3-00030
WBCIC,1,49,2,withheld_until_outcome_lock,query,16622,wbcic-49-S3-00031
WBCIC,1,49,2,withheld_until_outcome_lock,query,16623,wbcic-49-S3-00032
WBCIC,1,49,2,withheld_until_outcome_lock,query,16624,wbcic-49-S3-00033
WBCIC,1,49,2,withheld_until_outcome_lock,query,16625,wbcic-49-S3-00034
WBCIC,1,49,2,withheld_until_outcome_lock,query,16626,wbcic-49-S3-00035
WBCIC,1,49,2,withheld_until_outcome_lock,query,16627,wbcic-49-S3-00036
WBCIC,1,49,2,withheld_until_outcome_lock,query,16628,wbcic-49-S3-00037
WBCIC,1,49,2,withheld_until_outcome_lock,query,16629,wbcic-49-S3-00038
WBCIC,1,49,2,withheld_until_outcome_lock,query,16630,wbcic-49-S3-00039
WBCIC,1,49,2,withheld_until_outcome_lock,query,16631,wbcic-49-S3-00040
WBCIC,1,49,2,withheld_until_outcome_lock,query,16632,wbcic-49-S3-00041
WBCIC,1,49,2,withheld_until_outcome_lock,query,16633,wbcic-49-S3-00042
WBCIC,1,49,2,withheld_until_outcome_lock,query,16634,wbcic-49-S3-00043
WBCIC,1,49,2,withheld_until_outcome_lock,query,16635,wbcic-49-S3-00044
WBCIC,1,49,2,withheld_until_outcome_lock,query,16636,wbcic-49-S3-00045
WBCIC,1,49,2,withheld_until_outcome_lock,query,16637,wbcic-49-S3-00046
WBCIC,1,49,2,withheld_until_outcome_lock,query,16638,wbcic-49-S3-00047
WBCIC,1,49,2,withheld_until_outcome_lock,query,16639,wbcic-49-S3-00048
WBCIC,1,49,2,withheld_until_outcome_lock,query,16640,wbcic-49-S3-00049
WBCIC,1,49,2,withheld_until_outcome_lock,query,16641,wbcic-49-S3-00050
WBCIC,1,49,2,withheld_until_outcome_lock,query,16642,wbcic-49-S3-00051
WBCIC,1,49,2,withheld_until_outcome_lock,query,16643,wbcic-49-S3-00052
WBCIC,1,49,2,withheld_until_outcome_lock,query,16644,wbcic-49-S3-00053
WBCIC,1,49,2,withheld_until_outcome_lock,query,16645,wbcic-49-S3-00054
WBCIC,1,49,2,withheld_until_outcome_lock,query,16646,wbcic-49-S3-00055
WBCIC,1,49,2,withheld_until_outcome_lock,query,16647,wbcic-49-S3-00056
WBCIC,1,49,2,withheld_until_outcome_lock,query,16648,wbcic-49-S3-00057
WBCIC,1,49,2,withheld_until_outcome_lock,query,16649,wbcic-49-S3-00058
WBCIC,1,49,2,withheld_until_outcome_lock,query,16650,wbcic-49-S3-00059
WBCIC,1,49,2,withheld_until_outcome_lock,query,16651,wbcic-49-S3-00060
WBCIC,1,49,2,withheld_until_outcome_lock,query,16652,wbcic-49-S3-00061
WBCIC,1,49,2,withheld_until_outcome_lock,query,16653,wbcic-49-S3-00062
WBCIC,1,49,2,withheld_until_outcome_lock,query,16654,wbcic-49-S3-00063
WBCIC,1,49,2,withheld_until_outcome_lock,query,16655,wbcic-49-S3-00064
WBCIC,1,49,2,withheld_until_outcome_lock,query,16656,wbcic-49-S3-00065
WBCIC,1,49,2,withheld_until_outcome_lock,query,16657,wbcic-49-S3-00066
WBCIC,1,49,2,withheld_until_outcome_lock,query,16658,wbcic-49-S3-00067
WBCIC,1,49,2,withheld_until_outcome_lock,query,16659,wbcic-49-S3-00068
WBCIC,1,49,2,withheld_until_outcome_lock,query,16660,wbcic-49-S3-00069
WBCIC,1,49,2,withheld_until_outcome_lock,query,16661,wbcic-49-S3-00070
WBCIC,1,49,2,withheld_until_outcome_lock,query,16662,wbcic-49-S3-00071
WBCIC,1,49,2,withheld_until_outcome_lock,query,16663,wbcic-49-S3-00072
WBCIC,1,49,2,withheld_until_outcome_lock,query,16664,wbcic-49-S3-00073
WBCIC,1,49,2,withheld_until_outcome_lock,query,16665,wbcic-49-S3-00074
WBCIC,1,49,2,withheld_until_outcome_lock,query,16666,wbcic-49-S3-00075
WBCIC,1,49,2,withheld_until_outcome_lock,query,16667,wbcic-49-S3-00076
WBCIC,1,49,2,withheld_until_outcome_lock,query,16668,wbcic-49-S3-00077
WBCIC,1,49,2,withheld_until_outcome_lock,query,16669,wbcic-49-S3-00078
WBCIC,1,49,2,withheld_until_outcome_lock,query,16670,wbcic-49-S3-00079
WBCIC,1,49,2,withheld_until_outcome_lock,query,16671,wbcic-49-S3-00080
WBCIC,1,49,2,withheld_until_outcome_lock,query,16672,wbcic-49-S3-00081
WBCIC,1,49,2,withheld_until_outcome_lock,query,16673,wbcic-49-S3-00082
WBCIC,1,49,2,withheld_until_outcome_lock,query,16674,wbcic-49-S3-00083
WBCIC,1,49,2,withheld_until_outcome_lock,query,16675,wbcic-49-S3-00084
WBCIC,1,49,2,withheld_until_outcome_lock,query,16676,wbcic-49-S3-00085
WBCIC,1,49,2,withheld_until_outcome_lock,query,16677,wbcic-49-S3-00086
WBCIC,1,49,2,withheld_until_outcome_lock,query,16678,wbcic-49-S3-00087
WBCIC,1,49,2,withheld_until_outcome_lock,query,16679,wbcic-49-S3-00088
WBCIC,1,49,2,withheld_until_outcome_lock,query,16680,wbcic-49-S3-00089
WBCIC,1,49,2,withheld_until_outcome_lock,query,16681,wbcic-49-S3-00090
WBCIC,1,49,2,withheld_until_outcome_lock,query,16682,wbcic-49-S3-00091
WBCIC,1,49,2,withheld_until_outcome_lock,query,16683,wbcic-49-S3-00092
WBCIC,1,49,2,withheld_until_outcome_lock,query,16684,wbcic-49-S3-00093
WBCIC,1,49,2,withheld_until_outcome_lock,query,16685,wbcic-49-S3-00094
WBCIC,1,49,2,withheld_until_outcome_lock,query,16686,wbcic-49-S3-00095
WBCIC,1,49,2,withheld_until_outcome_lock,query,16687,wbcic-49-S3-00096
WBCIC,1,49,2,withheld_until_outcome_lock,query,16688,wbcic-49-S3-00097
WBCIC,1,49,2,withheld_until_outcome_lock,query,16689,wbcic-49-S3-00098
WBCIC,1,49,2,withheld_until_outcome_lock,query,16690,wbcic-49-S3-00099
WBCIC,1,49,2,withheld_until_outcome_lock,query,16691,wbcic-49-S3-00100
WBCIC,1,49,2,withheld_until_outcome_lock,query,16692,wbcic-49-S3-00101
WBCIC,1,49,2,withheld_until_outcome_lock,query,16693,wbcic-49-S3-00102
WBCIC,1,49,2,withheld_until_outcome_lock,query,16694,wbcic-49-S3-00103
WBCIC,1,49,2,withheld_until_outcome_lock,query,16695,wbcic-49-S3-00104
WBCIC,1,49,2,withheld_until_outcome_lock,query,16696,wbcic-49-S3-00105
WBCIC,1,49,2,withheld_until_outcome_lock,query,16697,wbcic-49-S3-00106
WBCIC,1,49,2,withheld_until_outcome_lock,query,16698,wbcic-49-S3-00107
WBCIC,1,49,2,withheld_until_outcome_lock,query,16699,wbcic-49-S3-00108
WBCIC,1,49,2,withheld_until_outcome_lock,query,16700,wbcic-49-S3-00109
WBCIC,1,49,2,withheld_until_outcome_lock,query,16701,wbcic-49-S3-00110
WBCIC,1,49,2,withheld_until_outcome_lock,query,16702,wbcic-49-S3-00111
WBCIC,1,49,2,withheld_until_outcome_lock,query,16703,wbcic-49-S3-00112
WBCIC,1,49,2,withheld_until_outcome_lock,query,16704,wbcic-49-S3-00113
WBCIC,1,49,2,withheld_until_outcome_lock,query,16705,wbcic-49-S3-00114
WBCIC,1,49,2,withheld_until_outcome_lock,query,16706,wbcic-49-S3-00115
WBCIC,1,49,2,withheld_until_outcome_lock,query,16707,wbcic-49-S3-00116
WBCIC,1,49,2,withheld_until_outcome_lock,query,16708,wbcic-49-S3-00117
WBCIC,1,49,2,withheld_until_outcome_lock,query,16709,wbcic-49-S3-00118
WBCIC,1,49,2,withheld_until_outcome_lock,query,16710,wbcic-49-S3-00119
WBCIC,1,49,2,withheld_until_outcome_lock,query,16711,wbcic-49-S3-00120
WBCIC,1,49,2,withheld_until_outcome_lock,query,16712,wbcic-49-S3-00121
WBCIC,1,49,2,withheld_until_outcome_lock,query,16713,wbcic-49-S3-00122
WBCIC,1,49,2,withheld_until_outcome_lock,query,16714,wbcic-49-S3-00123
WBCIC,1,49,2,withheld_until_outcome_lock,query,16715,wbcic-49-S3-00124
WBCIC,1,49,2,withheld_until_outcome_lock,query,16716,wbcic-49-S3-00125
WBCIC,1,49,2,withheld_until_outcome_lock,query,16717,wbcic-49-S3-00126
WBCIC,1,49,2,withheld_until_outcome_lock,query,16718,wbcic-49-S3-00127
WBCIC,1,49,2,withheld_until_outcome_lock,query,16719,wbcic-49-S3-00128
WBCIC,1,49,2,withheld_until_outcome_lock,query,16720,wbcic-49-S3-00129
WBCIC,1,49,2,withheld_until_outcome_lock,query,16721,wbcic-49-S3-00130
WBCIC,1,49,2,withheld_until_outcome_lock,query,16722,wbcic-49-S3-00131
WBCIC,1,49,2,withheld_until_outcome_lock,query,16723,wbcic-49-S3-00132
WBCIC,1,49,2,withheld_until_outcome_lock,query,16724,wbcic-49-S3-00133
WBCIC,1,49,2,withheld_until_outcome_lock,query,16725,wbcic-49-S3-00134
WBCIC,1,49,2,withheld_until_outcome_lock,query,16726,wbcic-49-S3-00135
WBCIC,1,49,2,withheld_until_outcome_lock,query,16727,wbcic-49-S3-00136
WBCIC,1,49,2,withheld_until_outcome_lock,query,16728,wbcic-49-S3-00137
WBCIC,1,49,2,withheld_until_outcome_lock,query,16729,wbcic-49-S3-00138
WBCIC,1,49,2,withheld_until_outcome_lock,query,16730,wbcic-49-S3-00139
WBCIC,1,49,2,withheld_until_outcome_lock,query,16731,wbcic-49-S3-00140
WBCIC,1,49,2,withheld_until_outcome_lock,query,16732,wbcic-49-S3-00141
WBCIC,1,49,2,withheld_until_outcome_lock,query,16733,wbcic-49-S3-00142
WBCIC,1,49,2,withheld_until_outcome_lock,query,16734,wbcic-49-S3-00143
WBCIC,1,49,2,withheld_until_outcome_lock,query,16735,wbcic-49-S3-00144
WBCIC,1,49,2,withheld_until_outcome_lock,query,16736,wbcic-49-S3-00145
WBCIC,1,49,2,withheld_until_outcome_lock,query,16737,wbcic-49-S3-00146
WBCIC,1,49,2,withheld_until_outcome_lock,query,16738,wbcic-49-S3-00147
WBCIC,1,49,2,withheld_until_outcome_lock,query,16739,wbcic-49-S3-00148
WBCIC,1,49,2,withheld_until_outcome_lock,query,16740,wbcic-49-S3-00149
WBCIC,1,49,2,withheld_until_outcome_lock,query,16741,wbcic-49-S3-00150
WBCIC,1,49,2,withheld_until_outcome_lock,query,16742,wbcic-49-S3-00151
WBCIC,1,49,2,withheld_until_outcome_lock,query,16743,wbcic-49-S3-00152
WBCIC,1,49,2,withheld_until_outcome_lock,query,16744,wbcic-49-S3-00153
WBCIC,1,49,2,withheld_until_outcome_lock,query,16745,wbcic-49-S3-00154
WBCIC,1,49,2,withheld_until_outcome_lock,query,16746,wbcic-49-S3-00155
WBCIC,1,49,2,withheld_until_outcome_lock,query,16747,wbcic-49-S3-00156
WBCIC,1,49,2,withheld_until_outcome_lock,query,16748,wbcic-49-S3-00157
WBCIC,1,49,2,withheld_until_outcome_lock,query,16749,wbcic-49-S3-00158
WBCIC,1,49,2,withheld_until_outcome_lock,query,16750,wbcic-49-S3-00159
WBCIC,1,49,2,withheld_until_outcome_lock,query,16751,wbcic-49-S3-00160
WBCIC,1,49,2,withheld_until_outcome_lock,query,16752,wbcic-49-S3-00161
WBCIC,1,49,2,withheld_until_outcome_lock,query,16753,wbcic-49-S3-00162
WBCIC,1,49,2,withheld_until_outcome_lock,query,16754,wbcic-49-S3-00163
WBCIC,1,49,2,withheld_until_outcome_lock,query,16755,wbcic-49-S3-00164
WBCIC,1,49,2,withheld_until_outcome_lock,query,16756,wbcic-49-S3-00165
WBCIC,1,49,2,withheld_until_outcome_lock,query,16757,wbcic-49-S3-00166
WBCIC,1,49,2,withheld_until_outcome_lock,query,16758,wbcic-49-S3-00167
WBCIC,1,49,2,withheld_until_outcome_lock,query,16759,wbcic-49-S3-00168
WBCIC,1,49,2,withheld_until_outcome_lock,query,16760,wbcic-49-S3-00169
WBCIC,1,49,2,withheld_until_outcome_lock,query,16761,wbcic-49-S3-00170
WBCIC,1,49,2,withheld_until_outcome_lock,query,16762,wbcic-49-S3-00171
WBCIC,1,49,2,withheld_until_outcome_lock,query,16763,wbcic-49-S3-00172
WBCIC,1,49,2,withheld_until_outcome_lock,query,16764,wbcic-49-S3-00173
WBCIC,1,49,2,withheld_until_outcome_lock,query,16765,wbcic-49-S3-00174
WBCIC,1,49,2,withheld_until_outcome_lock,query,16766,wbcic-49-S3-00175
WBCIC,1,49,2,withheld_until_outcome_lock,query,16767,wbcic-49-S3-00176
WBCIC,1,49,2,withheld_until_outcome_lock,query,16768,wbcic-49-S3-00177
WBCIC,1,49,2,withheld_until_outcome_lock,query,16769,wbcic-49-S3-00178
WBCIC,1,49,2,withheld_until_outcome_lock,query,16770,wbcic-49-S3-00179
WBCIC,1,49,2,withheld_until_outcome_lock,query,16771,wbcic-49-S3-00180
WBCIC,1,49,2,withheld_until_outcome_lock,query,16772,wbcic-49-S3-00181
WBCIC,1,49,2,withheld_until_outcome_lock,query,16773,wbcic-49-S3-00182
WBCIC,1,49,2,withheld_until_outcome_lock,query,16774,wbcic-49-S3-00183
WBCIC,1,49,2,withheld_until_outcome_lock,query,16775,wbcic-49-S3-00184
WBCIC,1,49,2,withheld_until_outcome_lock,query,16776,wbcic-49-S3-00185
WBCIC,1,49,2,withheld_until_outcome_lock,query,16777,wbcic-49-S3-00186
WBCIC,1,49,2,withheld_until_outcome_lock,query,16778,wbcic-49-S3-00187
WBCIC,1,49,2,withheld_until_outcome_lock,query,16779,wbcic-49-S3-00188
WBCIC,1,49,2,withheld_until_outcome_lock,query,16780,wbcic-49-S3-00189
WBCIC,1,49,2,withheld_until_outcome_lock,query,16781,wbcic-49-S3-00190
WBCIC,1,49,2,withheld_until_outcome_lock,query,16782,wbcic-49-S3-00191
WBCIC,1,49,2,withheld_until_outcome_lock,query,16783,wbcic-49-S3-00192
WBCIC,1,49,2,withheld_until_outcome_lock,query,16784,wbcic-49-S3-00193
WBCIC,1,49,2,withheld_until_outcome_lock,query,16785,wbcic-49-S3-00194
WBCIC,1,49,2,withheld_until_outcome_lock,query,16786,wbcic-49-S3-00195
WBCIC,1,49,2,withheld_until_outcome_lock,query,16787,wbcic-49-S3-00196
WBCIC,1,49,2,withheld_until_outcome_lock,query,16788,wbcic-49-S3-00197
WBCIC,1,49,2,withheld_until_outcome_lock,query,16789,wbcic-49-S3-00198
WBCIC,1,49,2,withheld_until_outcome_lock,query,16790,wbcic-49-S3-00199
WBCIC,1,9,2,withheld_until_outcome_lock,query,19591,wbcic-9-S3-00000
WBCIC,1,9,2,withheld_until_outcome_lock,query,19592,wbcic-9-S3-00001
WBCIC,1,9,2,withheld_until_outcome_lock,query,19593,wbcic-9-S3-00002
WBCIC,1,9,2,withheld_until_outcome_lock,query,19594,wbcic-9-S3-00003
WBCIC,1,9,2,withheld_until_outcome_lock,query,19595,wbcic-9-S3-00004
WBCIC,1,9,2,withheld_until_outcome_lock,query,19596,wbcic-9-S3-00005
WBCIC,1,9,2,withheld_until_outcome_lock,query,19597,wbcic-9-S3-00006
WBCIC,1,9,2,withheld_until_outcome_lock,query,19598,wbcic-9-S3-00007
WBCIC,1,9,2,withheld_until_outcome_lock,query,19599,wbcic-9-S3-00008
WBCIC,1,9,2,withheld_until_outcome_lock,query,19600,wbcic-9-S3-00009
WBCIC,1,9,2,withheld_until_outcome_lock,query,19601,wbcic-9-S3-00010
WBCIC,1,9,2,withheld_until_outcome_lock,query,19602,wbcic-9-S3-00011
WBCIC,1,9,2,withheld_until_outcome_lock,query,19603,wbcic-9-S3-00012
WBCIC,1,9,2,withheld_until_outcome_lock,query,19604,wbcic-9-S3-00013
WBCIC,1,9,2,withheld_until_outcome_lock,query,19605,wbcic-9-S3-00014
WBCIC,1,9,2,withheld_until_outcome_lock,query,19606,wbcic-9-S3-00015
WBCIC,1,9,2,withheld_until_outcome_lock,query,19607,wbcic-9-S3-00016
WBCIC,1,9,2,withheld_until_outcome_lock,query,19608,wbcic-9-S3-00017
WBCIC,1,9,2,withheld_until_outcome_lock,query,19609,wbcic-9-S3-00018
WBCIC,1,9,2,withheld_until_outcome_lock,query,19610,wbcic-9-S3-00019
WBCIC,1,9,2,withheld_until_outcome_lock,query,19611,wbcic-9-S3-00020
WBCIC,1,9,2,withheld_until_outcome_lock,query,19612,wbcic-9-S3-00021
WBCIC,1,9,2,withheld_until_outcome_lock,query,19613,wbcic-9-S3-00022
WBCIC,1,9,2,withheld_until_outcome_lock,query,19614,wbcic-9-S3-00023
WBCIC,1,9,2,withheld_until_outcome_lock,query,19615,wbcic-9-S3-00024
WBCIC,1,9,2,withheld_until_outcome_lock,query,19616,wbcic-9-S3-00025
WBCIC,1,9,2,withheld_until_outcome_lock,query,19617,wbcic-9-S3-00026
WBCIC,1,9,2,withheld_until_outcome_lock,query,19618,wbcic-9-S3-00027
WBCIC,1,9,2,withheld_until_outcome_lock,query,19619,wbcic-9-S3-00028
WBCIC,1,9,2,withheld_until_outcome_lock,query,19620,wbcic-9-S3-00029
WBCIC,1,9,2,withheld_until_outcome_lock,query,19621,wbcic-9-S3-00030
WBCIC,1,9,2,withheld_until_outcome_lock,query,19622,wbcic-9-S3-00031
WBCIC,1,9,2,withheld_until_outcome_lock,query,19623,wbcic-9-S3-00032
WBCIC,1,9,2,withheld_until_outcome_lock,query,19624,wbcic-9-S3-00033
WBCIC,1,9,2,withheld_until_outcome_lock,query,19625,wbcic-9-S3-00034
WBCIC,1,9,2,withheld_until_outcome_lock,query,19626,wbcic-9-S3-00035
WBCIC,1,9,2,withheld_until_outcome_lock,query,19627,wbcic-9-S3-00036
WBCIC,1,9,2,withheld_until_outcome_lock,query,19628,wbcic-9-S3-00037
WBCIC,1,9,2,withheld_until_outcome_lock,query,19629,wbcic-9-S3-00038
WBCIC,1,9,2,withheld_until_outcome_lock,query,19630,wbcic-9-S3-00039
WBCIC,1,9,2,withheld_until_outcome_lock,query,19631,wbcic-9-S3-00040
WBCIC,1,9,2,withheld_until_outcome_lock,query,19632,wbcic-9-S3-00041
WBCIC,1,9,2,withheld_until_outcome_lock,query,19633,wbcic-9-S3-00042
WBCIC,1,9,2,withheld_until_outcome_lock,query,19634,wbcic-9-S3-00043
WBCIC,1,9,2,withheld_until_outcome_lock,query,19635,wbcic-9-S3-00044
WBCIC,1,9,2,withheld_until_outcome_lock,query,19636,wbcic-9-S3-00045
WBCIC,1,9,2,withheld_until_outcome_lock,query,19637,wbcic-9-S3-00046
WBCIC,1,9,2,withheld_until_outcome_lock,query,19638,wbcic-9-S3-00047
WBCIC,1,9,2,withheld_until_outcome_lock,query,19639,wbcic-9-S3-00048
WBCIC,1,9,2,withheld_until_outcome_lock,query,19640,wbcic-9-S3-00049
WBCIC,1,9,2,withheld_until_outcome_lock,query,19641,wbcic-9-S3-00050
WBCIC,1,9,2,withheld_until_outcome_lock,query,19642,wbcic-9-S3-00051
WBCIC,1,9,2,withheld_until_outcome_lock,query,19643,wbcic-9-S3-00052
WBCIC,1,9,2,withheld_until_outcome_lock,query,19644,wbcic-9-S3-00053
WBCIC,1,9,2,withheld_until_outcome_lock,query,19645,wbcic-9-S3-00054
WBCIC,1,9,2,withheld_until_outcome_lock,query,19646,wbcic-9-S3-00055
WBCIC,1,9,2,withheld_until_outcome_lock,query,19647,wbcic-9-S3-00056
WBCIC,1,9,2,withheld_until_outcome_lock,query,19648,wbcic-9-S3-00057
WBCIC,1,9,2,withheld_until_outcome_lock,query,19649,wbcic-9-S3-00058
WBCIC,1,9,2,withheld_until_outcome_lock,query,19650,wbcic-9-S3-00059
WBCIC,1,9,2,withheld_until_outcome_lock,query,19651,wbcic-9-S3-00060
WBCIC,1,9,2,withheld_until_outcome_lock,query,19652,wbcic-9-S3-00061
WBCIC,1,9,2,withheld_until_outcome_lock,query,19653,wbcic-9-S3-00062
WBCIC,1,9,2,withheld_until_outcome_lock,query,19654,wbcic-9-S3-00063
WBCIC,1,9,2,withheld_until_outcome_lock,query,19655,wbcic-9-S3-00064
WBCIC,1,9,2,withheld_until_outcome_lock,query,19656,wbcic-9-S3-00065
WBCIC,1,9,2,withheld_until_outcome_lock,query,19657,wbcic-9-S3-00066
WBCIC,1,9,2,withheld_until_outcome_lock,query,19658,wbcic-9-S3-00067
WBCIC,1,9,2,withheld_until_outcome_lock,query,19659,wbcic-9-S3-00068
WBCIC,1,9,2,withheld_until_outcome_lock,query,19660,wbcic-9-S3-00069
WBCIC,1,9,2,withheld_until_outcome_lock,query,19661,wbcic-9-S3-00070
WBCIC,1,9,2,withheld_until_outcome_lock,query,19662,wbcic-9-S3-00071
WBCIC,1,9,2,withheld_until_outcome_lock,query,19663,wbcic-9-S3-00072
WBCIC,1,9,2,withheld_until_outcome_lock,query,19664,wbcic-9-S3-00073
WBCIC,1,9,2,withheld_until_outcome_lock,query,19665,wbcic-9-S3-00074
WBCIC,1,9,2,withheld_until_outcome_lock,query,19666,wbcic-9-S3-00075
WBCIC,1,9,2,withheld_until_outcome_lock,query,19667,wbcic-9-S3-00076
WBCIC,1,9,2,withheld_until_outcome_lock,query,19668,wbcic-9-S3-00077
WBCIC,1,9,2,withheld_until_outcome_lock,query,19669,wbcic-9-S3-00078
WBCIC,1,9,2,withheld_until_outcome_lock,query,19670,wbcic-9-S3-00079
WBCIC,1,9,2,withheld_until_outcome_lock,query,19671,wbcic-9-S3-00080
WBCIC,1,9,2,withheld_until_outcome_lock,query,19672,wbcic-9-S3-00081
WBCIC,1,9,2,withheld_until_outcome_lock,query,19673,wbcic-9-S3-00082
WBCIC,1,9,2,withheld_until_outcome_lock,query,19674,wbcic-9-S3-00083
WBCIC,1,9,2,withheld_until_outcome_lock,query,19675,wbcic-9-S3-00084
WBCIC,1,9,2,withheld_until_outcome_lock,query,19676,wbcic-9-S3-00085
WBCIC,1,9,2,withheld_until_outcome_lock,query,19677,wbcic-9-S3-00086
WBCIC,1,9,2,withheld_until_outcome_lock,query,19678,wbcic-9-S3-00087
WBCIC,1,9,2,withheld_until_outcome_lock,query,19679,wbcic-9-S3-00088
WBCIC,1,9,2,withheld_until_outcome_lock,query,19680,wbcic-9-S3-00089
WBCIC,1,9,2,withheld_until_outcome_lock,query,19681,wbcic-9-S3-00090
WBCIC,1,9,2,withheld_until_outcome_lock,query,19682,wbcic-9-S3-00091
WBCIC,1,9,2,withheld_until_outcome_lock,query,19683,wbcic-9-S3-00092
WBCIC,1,9,2,withheld_until_outcome_lock,query,19684,wbcic-9-S3-00093
WBCIC,1,9,2,withheld_until_outcome_lock,query,19685,wbcic-9-S3-00094
WBCIC,1,9,2,withheld_until_outcome_lock,query,19686,wbcic-9-S3-00095
WBCIC,1,9,2,withheld_until_outcome_lock,query,19687,wbcic-9-S3-00096
WBCIC,1,9,2,withheld_until_outcome_lock,query,19688,wbcic-9-S3-00097
WBCIC,1,9,2,withheld_until_outcome_lock,query,19689,wbcic-9-S3-00098
WBCIC,1,9,2,withheld_until_outcome_lock,query,19690,wbcic-9-S3-00099
WBCIC,1,9,2,withheld_until_outcome_lock,query,19691,wbcic-9-S3-00100
WBCIC,1,9,2,withheld_until_outcome_lock,query,19692,wbcic-9-S3-00101
WBCIC,1,9,2,withheld_until_outcome_lock,query,19693,wbcic-9-S3-00102
WBCIC,1,9,2,withheld_until_outcome_lock,query,19694,wbcic-9-S3-00103
WBCIC,1,9,2,withheld_until_outcome_lock,query,19695,wbcic-9-S3-00104
WBCIC,1,9,2,withheld_until_outcome_lock,query,19696,wbcic-9-S3-00105
WBCIC,1,9,2,withheld_until_outcome_lock,query,19697,wbcic-9-S3-00106
WBCIC,1,9,2,withheld_until_outcome_lock,query,19698,wbcic-9-S3-00107
WBCIC,1,9,2,withheld_until_outcome_lock,query,19699,wbcic-9-S3-00108
WBCIC,1,9,2,withheld_until_outcome_lock,query,19700,wbcic-9-S3-00109
WBCIC,1,9,2,withheld_until_outcome_lock,query,19701,wbcic-9-S3-00110
WBCIC,1,9,2,withheld_until_outcome_lock,query,19702,wbcic-9-S3-00111
WBCIC,1,9,2,withheld_until_outcome_lock,query,19703,wbcic-9-S3-00112
WBCIC,1,9,2,withheld_until_outcome_lock,query,19704,wbcic-9-S3-00113
WBCIC,1,9,2,withheld_until_outcome_lock,query,19705,wbcic-9-S3-00114
WBCIC,1,9,2,withheld_until_outcome_lock,query,19706,wbcic-9-S3-00115
WBCIC,1,9,2,withheld_until_outcome_lock,query,19707,wbcic-9-S3-00116
WBCIC,1,9,2,withheld_until_outcome_lock,query,19708,wbcic-9-S3-00117
WBCIC,1,9,2,withheld_until_outcome_lock,query,19709,wbcic-9-S3-00118
WBCIC,1,9,2,withheld_until_outcome_lock,query,19710,wbcic-9-S3-00119
WBCIC,1,9,2,withheld_until_outcome_lock,query,19711,wbcic-9-S3-00120
WBCIC,1,9,2,withheld_until_outcome_lock,query,19712,wbcic-9-S3-00121
WBCIC,1,9,2,withheld_until_outcome_lock,query,19713,wbcic-9-S3-00122
WBCIC,1,9,2,withheld_until_outcome_lock,query,19714,wbcic-9-S3-00123
WBCIC,1,9,2,withheld_until_outcome_lock,query,19715,wbcic-9-S3-00124
WBCIC,1,9,2,withheld_until_outcome_lock,query,19716,wbcic-9-S3-00125
WBCIC,1,9,2,withheld_until_outcome_lock,query,19717,wbcic-9-S3-00126
WBCIC,1,9,2,withheld_until_outcome_lock,query,19718,wbcic-9-S3-00127
WBCIC,1,9,2,withheld_until_outcome_lock,query,19719,wbcic-9-S3-00128
WBCIC,1,9,2,withheld_until_outcome_lock,query,19720,wbcic-9-S3-00129
WBCIC,1,9,2,withheld_until_outcome_lock,query,19721,wbcic-9-S3-00130
WBCIC,1,9,2,withheld_until_outcome_lock,query,19722,wbcic-9-S3-00131
WBCIC,1,9,2,withheld_until_outcome_lock,query,19723,wbcic-9-S3-00132
WBCIC,1,9,2,withheld_until_outcome_lock,query,19724,wbcic-9-S3-00133
WBCIC,1,9,2,withheld_until_outcome_lock,query,19725,wbcic-9-S3-00134
WBCIC,1,9,2,withheld_until_outcome_lock,query,19726,wbcic-9-S3-00135
WBCIC,1,9,2,withheld_until_outcome_lock,query,19727,wbcic-9-S3-00136
WBCIC,1,9,2,withheld_until_outcome_lock,query,19728,wbcic-9-S3-00137
WBCIC,1,9,2,withheld_until_outcome_lock,query,19729,wbcic-9-S3-00138
WBCIC,1,9,2,withheld_until_outcome_lock,query,19730,wbcic-9-S3-00139
WBCIC,1,9,2,withheld_until_outcome_lock,query,19731,wbcic-9-S3-00140
WBCIC,1,9,2,withheld_until_outcome_lock,query,19732,wbcic-9-S3-00141
WBCIC,1,9,2,withheld_until_outcome_lock,query,19733,wbcic-9-S3-00142
WBCIC,1,9,2,withheld_until_outcome_lock,query,19734,wbcic-9-S3-00143
WBCIC,1,9,2,withheld_until_outcome_lock,query,19735,wbcic-9-S3-00144
WBCIC,1,9,2,withheld_until_outcome_lock,query,19736,wbcic-9-S3-00145
WBCIC,1,9,2,withheld_until_outcome_lock,query,19737,wbcic-9-S3-00146
WBCIC,1,9,2,withheld_until_outcome_lock,query,19738,wbcic-9-S3-00147
WBCIC,1,9,2,withheld_until_outcome_lock,query,19739,wbcic-9-S3-00148
WBCIC,1,9,2,withheld_until_outcome_lock,query,19740,wbcic-9-S3-00149
WBCIC,1,9,2,withheld_until_outcome_lock,query,19741,wbcic-9-S3-00150
WBCIC,1,9,2,withheld_until_outcome_lock,query,19742,wbcic-9-S3-00151
WBCIC,1,9,2,withheld_until_outcome_lock,query,19743,wbcic-9-S3-00152
WBCIC,1,9,2,withheld_until_outcome_lock,query,19744,wbcic-9-S3-00153
WBCIC,1,9,2,withheld_until_outcome_lock,query,19745,wbcic-9-S3-00154
WBCIC,1,9,2,withheld_until_outcome_lock,query,19746,wbcic-9-S3-00155
WBCIC,1,9,2,withheld_until_outcome_lock,query,19747,wbcic-9-S3-00156
WBCIC,1,9,2,withheld_until_outcome_lock,query,19748,wbcic-9-S3-00157
WBCIC,1,9,2,withheld_until_outcome_lock,query,19749,wbcic-9-S3-00158
WBCIC,1,9,2,withheld_until_outcome_lock,query,19750,wbcic-9-S3-00159
WBCIC,1,9,2,withheld_until_outcome_lock,query,19751,wbcic-9-S3-00160
WBCIC,1,9,2,withheld_until_outcome_lock,query,19752,wbcic-9-S3-00161
WBCIC,1,9,2,withheld_until_outcome_lock,query,19753,wbcic-9-S3-00162
WBCIC,1,9,2,withheld_until_outcome_lock,query,19754,wbcic-9-S3-00163
WBCIC,1,9,2,withheld_until_outcome_lock,query,19755,wbcic-9-S3-00164
WBCIC,1,9,2,withheld_until_outcome_lock,query,19756,wbcic-9-S3-00165
WBCIC,1,9,2,withheld_until_outcome_lock,query,19757,wbcic-9-S3-00166
WBCIC,1,9,2,withheld_until_outcome_lock,query,19758,wbcic-9-S3-00167
WBCIC,1,9,2,withheld_until_outcome_lock,query,19759,wbcic-9-S3-00168
WBCIC,1,9,2,withheld_until_outcome_lock,query,19760,wbcic-9-S3-00169
WBCIC,1,9,2,withheld_until_outcome_lock,query,19761,wbcic-9-S3-00170
WBCIC,1,9,2,withheld_until_outcome_lock,query,19762,wbcic-9-S3-00171
WBCIC,1,9,2,withheld_until_outcome_lock,query,19763,wbcic-9-S3-00172
WBCIC,1,9,2,withheld_until_outcome_lock,query,19764,wbcic-9-S3-00173
WBCIC,1,9,2,withheld_until_outcome_lock,query,19765,wbcic-9-S3-00174
WBCIC,1,9,2,withheld_until_outcome_lock,query,19766,wbcic-9-S3-00175
WBCIC,1,9,2,withheld_until_outcome_lock,query,19767,wbcic-9-S3-00176
WBCIC,1,9,2,withheld_until_outcome_lock,query,19768,wbcic-9-S3-00177
WBCIC,1,9,2,withheld_until_outcome_lock,query,19769,wbcic-9-S3-00178
WBCIC,1,9,2,withheld_until_outcome_lock,query,19770,wbcic-9-S3-00179
WBCIC,1,9,2,withheld_until_outcome_lock,query,19771,wbcic-9-S3-00180
WBCIC,1,9,2,withheld_until_outcome_lock,query,19772,wbcic-9-S3-00181
WBCIC,1,9,2,withheld_until_outcome_lock,query,19773,wbcic-9-S3-00182
WBCIC,1,9,2,withheld_until_outcome_lock,query,19774,wbcic-9-S3-00183
WBCIC,1,9,2,withheld_until_outcome_lock,query,19775,wbcic-9-S3-00184
WBCIC,1,9,2,withheld_until_outcome_lock,query,19776,wbcic-9-S3-00185
WBCIC,1,9,2,withheld_until_outcome_lock,query,19777,wbcic-9-S3-00186
WBCIC,1,9,2,withheld_until_outcome_lock,query,19778,wbcic-9-S3-00187
WBCIC,1,9,2,withheld_until_outcome_lock,query,19779,wbcic-9-S3-00188
WBCIC,1,9,2,withheld_until_outcome_lock,query,19780,wbcic-9-S3-00189
WBCIC,1,9,2,withheld_until_outcome_lock,query,19781,wbcic-9-S3-00190
WBCIC,1,9,2,withheld_until_outcome_lock,query,19782,wbcic-9-S3-00191
WBCIC,1,9,2,withheld_until_outcome_lock,query,19783,wbcic-9-S3-00192
WBCIC,1,9,2,withheld_until_outcome_lock,query,19784,wbcic-9-S3-00193
WBCIC,1,9,2,withheld_until_outcome_lock,query,19785,wbcic-9-S3-00194
WBCIC,1,9,2,withheld_until_outcome_lock,query,19786,wbcic-9-S3-00195
WBCIC,1,9,2,withheld_until_outcome_lock,query,19787,wbcic-9-S3-00196
WBCIC,1,9,2,withheld_until_outcome_lock,query,19788,wbcic-9-S3-00197
WBCIC,1,9,2,withheld_until_outcome_lock,query,19789,wbcic-9-S3-00198
WBCIC,1,9,2,withheld_until_outcome_lock,query,19790,wbcic-9-S3-00199
WBCIC,2,23,2,withheld_until_outcome_lock,query,6999,wbcic-23-S3-00000
WBCIC,2,23,2,withheld_until_outcome_lock,query,7000,wbcic-23-S3-00001
WBCIC,2,23,2,withheld_until_outcome_lock,query,7001,wbcic-23-S3-00002
WBCIC,2,23,2,withheld_until_outcome_lock,query,7002,wbcic-23-S3-00003
WBCIC,2,23,2,withheld_until_outcome_lock,query,7003,wbcic-23-S3-00004
WBCIC,2,23,2,withheld_until_outcome_lock,query,7004,wbcic-23-S3-00005
WBCIC,2,23,2,withheld_until_outcome_lock,query,7005,wbcic-23-S3-00006
WBCIC,2,23,2,withheld_until_outcome_lock,query,7006,wbcic-23-S3-00007
WBCIC,2,23,2,withheld_until_outcome_lock,query,7007,wbcic-23-S3-00008
WBCIC,2,23,2,withheld_until_outcome_lock,query,7008,wbcic-23-S3-00009
WBCIC,2,23,2,withheld_until_outcome_lock,query,7009,wbcic-23-S3-00010
WBCIC,2,23,2,withheld_until_outcome_lock,query,7010,wbcic-23-S3-00011
WBCIC,2,23,2,withheld_until_outcome_lock,query,7011,wbcic-23-S3-00012
WBCIC,2,23,2,withheld_until_outcome_lock,query,7012,wbcic-23-S3-00013
WBCIC,2,23,2,withheld_until_outcome_lock,query,7013,wbcic-23-S3-00014
WBCIC,2,23,2,withheld_until_outcome_lock,query,7014,wbcic-23-S3-00015
WBCIC,2,23,2,withheld_until_outcome_lock,query,7015,wbcic-23-S3-00016
WBCIC,2,23,2,withheld_until_outcome_lock,query,7016,wbcic-23-S3-00017
WBCIC,2,23,2,withheld_until_outcome_lock,query,7017,wbcic-23-S3-00018
WBCIC,2,23,2,withheld_until_outcome_lock,query,7018,wbcic-23-S3-00019
WBCIC,2,23,2,withheld_until_outcome_lock,query,7019,wbcic-23-S3-00020
WBCIC,2,23,2,withheld_until_outcome_lock,query,7020,wbcic-23-S3-00021
WBCIC,2,23,2,withheld_until_outcome_lock,query,7021,wbcic-23-S3-00022
WBCIC,2,23,2,withheld_until_outcome_lock,query,7022,wbcic-23-S3-00023
WBCIC,2,23,2,withheld_until_outcome_lock,query,7023,wbcic-23-S3-00024
WBCIC,2,23,2,withheld_until_outcome_lock,query,7024,wbcic-23-S3-00025
WBCIC,2,23,2,withheld_until_outcome_lock,query,7025,wbcic-23-S3-00026
WBCIC,2,23,2,withheld_until_outcome_lock,query,7026,wbcic-23-S3-00027
WBCIC,2,23,2,withheld_until_outcome_lock,query,7027,wbcic-23-S3-00028
WBCIC,2,23,2,withheld_until_outcome_lock,query,7028,wbcic-23-S3-00029
WBCIC,2,23,2,withheld_until_outcome_lock,query,7029,wbcic-23-S3-00030
WBCIC,2,23,2,withheld_until_outcome_lock,query,7030,wbcic-23-S3-00031
WBCIC,2,23,2,withheld_until_outcome_lock,query,7031,wbcic-23-S3-00032
WBCIC,2,23,2,withheld_until_outcome_lock,query,7032,wbcic-23-S3-00033
WBCIC,2,23,2,withheld_until_outcome_lock,query,7033,wbcic-23-S3-00034
WBCIC,2,23,2,withheld_until_outcome_lock,query,7034,wbcic-23-S3-00035
WBCIC,2,23,2,withheld_until_outcome_lock,query,7035,wbcic-23-S3-00036
WBCIC,2,23,2,withheld_until_outcome_lock,query,7036,wbcic-23-S3-00037
WBCIC,2,23,2,withheld_until_outcome_lock,query,7037,wbcic-23-S3-00038
WBCIC,2,23,2,withheld_until_outcome_lock,query,7038,wbcic-23-S3-00039
WBCIC,2,23,2,withheld_until_outcome_lock,query,7039,wbcic-23-S3-00040
WBCIC,2,23,2,withheld_until_outcome_lock,query,7040,wbcic-23-S3-00041
WBCIC,2,23,2,withheld_until_outcome_lock,query,7041,wbcic-23-S3-00042
WBCIC,2,23,2,withheld_until_outcome_lock,query,7042,wbcic-23-S3-00043
WBCIC,2,23,2,withheld_until_outcome_lock,query,7043,wbcic-23-S3-00044
WBCIC,2,23,2,withheld_until_outcome_lock,query,7044,wbcic-23-S3-00045
WBCIC,2,23,2,withheld_until_outcome_lock,query,7045,wbcic-23-S3-00046
WBCIC,2,23,2,withheld_until_outcome_lock,query,7046,wbcic-23-S3-00047
WBCIC,2,23,2,withheld_until_outcome_lock,query,7047,wbcic-23-S3-00048
WBCIC,2,23,2,withheld_until_outcome_lock,query,7048,wbcic-23-S3-00049
WBCIC,2,23,2,withheld_until_outcome_lock,query,7049,wbcic-23-S3-00050
WBCIC,2,23,2,withheld_until_outcome_lock,query,7050,wbcic-23-S3-00051
WBCIC,2,23,2,withheld_until_outcome_lock,query,7051,wbcic-23-S3-00052
WBCIC,2,23,2,withheld_until_outcome_lock,query,7052,wbcic-23-S3-00053
WBCIC,2,23,2,withheld_until_outcome_lock,query,7053,wbcic-23-S3-00054
WBCIC,2,23,2,withheld_until_outcome_lock,query,7054,wbcic-23-S3-00055
WBCIC,2,23,2,withheld_until_outcome_lock,query,7055,wbcic-23-S3-00056
WBCIC,2,23,2,withheld_until_outcome_lock,query,7056,wbcic-23-S3-00057
WBCIC,2,23,2,withheld_until_outcome_lock,query,7057,wbcic-23-S3-00058
WBCIC,2,23,2,withheld_until_outcome_lock,query,7058,wbcic-23-S3-00059
WBCIC,2,23,2,withheld_until_outcome_lock,query,7059,wbcic-23-S3-00060
WBCIC,2,23,2,withheld_until_outcome_lock,query,7060,wbcic-23-S3-00061
WBCIC,2,23,2,withheld_until_outcome_lock,query,7061,wbcic-23-S3-00062
WBCIC,2,23,2,withheld_until_outcome_lock,query,7062,wbcic-23-S3-00063
WBCIC,2,23,2,withheld_until_outcome_lock,query,7063,wbcic-23-S3-00064
WBCIC,2,23,2,withheld_until_outcome_lock,query,7064,wbcic-23-S3-00065
WBCIC,2,23,2,withheld_until_outcome_lock,query,7065,wbcic-23-S3-00066
WBCIC,2,23,2,withheld_until_outcome_lock,query,7066,wbcic-23-S3-00067
WBCIC,2,23,2,withheld_until_outcome_lock,query,7067,wbcic-23-S3-00068
WBCIC,2,23,2,withheld_until_outcome_lock,query,7068,wbcic-23-S3-00069
WBCIC,2,23,2,withheld_until_outcome_lock,query,7069,wbcic-23-S3-00070
WBCIC,2,23,2,withheld_until_outcome_lock,query,7070,wbcic-23-S3-00071
WBCIC,2,23,2,withheld_until_outcome_lock,query,7071,wbcic-23-S3-00072
WBCIC,2,23,2,withheld_until_outcome_lock,query,7072,wbcic-23-S3-00073
WBCIC,2,23,2,withheld_until_outcome_lock,query,7073,wbcic-23-S3-00074
WBCIC,2,23,2,withheld_until_outcome_lock,query,7074,wbcic-23-S3-00075
WBCIC,2,23,2,withheld_until_outcome_lock,query,7075,wbcic-23-S3-00076
WBCIC,2,23,2,withheld_until_outcome_lock,query,7076,wbcic-23-S3-00077
WBCIC,2,23,2,withheld_until_outcome_lock,query,7077,wbcic-23-S3-00078
WBCIC,2,23,2,withheld_until_outcome_lock,query,7078,wbcic-23-S3-00079
WBCIC,2,23,2,withheld_until_outcome_lock,query,7079,wbcic-23-S3-00080
WBCIC,2,23,2,withheld_until_outcome_lock,query,7080,wbcic-23-S3-00081
WBCIC,2,23,2,withheld_until_outcome_lock,query,7081,wbcic-23-S3-00082
WBCIC,2,23,2,withheld_until_outcome_lock,query,7082,wbcic-23-S3-00083
WBCIC,2,23,2,withheld_until_outcome_lock,query,7083,wbcic-23-S3-00084
WBCIC,2,23,2,withheld_until_outcome_lock,query,7084,wbcic-23-S3-00085
WBCIC,2,23,2,withheld_until_outcome_lock,query,7085,wbcic-23-S3-00086
WBCIC,2,23,2,withheld_until_outcome_lock,query,7086,wbcic-23-S3-00087
WBCIC,2,23,2,withheld_until_outcome_lock,query,7087,wbcic-23-S3-00088
WBCIC,2,23,2,withheld_until_outcome_lock,query,7088,wbcic-23-S3-00089
WBCIC,2,23,2,withheld_until_outcome_lock,query,7089,wbcic-23-S3-00090
WBCIC,2,23,2,withheld_until_outcome_lock,query,7090,wbcic-23-S3-00091
WBCIC,2,23,2,withheld_until_outcome_lock,query,7091,wbcic-23-S3-00092
WBCIC,2,23,2,withheld_until_outcome_lock,query,7092,wbcic-23-S3-00093
WBCIC,2,23,2,withheld_until_outcome_lock,query,7093,wbcic-23-S3-00094
WBCIC,2,23,2,withheld_until_outcome_lock,query,7094,wbcic-23-S3-00095
WBCIC,2,23,2,withheld_until_outcome_lock,query,7095,wbcic-23-S3-00096
WBCIC,2,23,2,withheld_until_outcome_lock,query,7096,wbcic-23-S3-00097
WBCIC,2,23,2,withheld_until_outcome_lock,query,7097,wbcic-23-S3-00098
WBCIC,2,23,2,withheld_until_outcome_lock,query,7098,wbcic-23-S3-00099
WBCIC,2,23,2,withheld_until_outcome_lock,query,7099,wbcic-23-S3-00100
WBCIC,2,23,2,withheld_until_outcome_lock,query,7100,wbcic-23-S3-00101
WBCIC,2,23,2,withheld_until_outcome_lock,query,7101,wbcic-23-S3-00102
WBCIC,2,23,2,withheld_until_outcome_lock,query,7102,wbcic-23-S3-00103
WBCIC,2,23,2,withheld_until_outcome_lock,query,7103,wbcic-23-S3-00104
WBCIC,2,23,2,withheld_until_outcome_lock,query,7104,wbcic-23-S3-00105
WBCIC,2,23,2,withheld_until_outcome_lock,query,7105,wbcic-23-S3-00106
WBCIC,2,23,2,withheld_until_outcome_lock,query,7106,wbcic-23-S3-00107
WBCIC,2,23,2,withheld_until_outcome_lock,query,7107,wbcic-23-S3-00108
WBCIC,2,23,2,withheld_until_outcome_lock,query,7108,wbcic-23-S3-00109
WBCIC,2,23,2,withheld_until_outcome_lock,query,7109,wbcic-23-S3-00110
WBCIC,2,23,2,withheld_until_outcome_lock,query,7110,wbcic-23-S3-00111
WBCIC,2,23,2,withheld_until_outcome_lock,query,7111,wbcic-23-S3-00112
WBCIC,2,23,2,withheld_until_outcome_lock,query,7112,wbcic-23-S3-00113
WBCIC,2,23,2,withheld_until_outcome_lock,query,7113,wbcic-23-S3-00114
WBCIC,2,23,2,withheld_until_outcome_lock,query,7114,wbcic-23-S3-00115
WBCIC,2,23,2,withheld_until_outcome_lock,query,7115,wbcic-23-S3-00116
WBCIC,2,23,2,withheld_until_outcome_lock,query,7116,wbcic-23-S3-00117
WBCIC,2,23,2,withheld_until_outcome_lock,query,7117,wbcic-23-S3-00118
WBCIC,2,23,2,withheld_until_outcome_lock,query,7118,wbcic-23-S3-00119
WBCIC,2,23,2,withheld_until_outcome_lock,query,7119,wbcic-23-S3-00120
WBCIC,2,23,2,withheld_until_outcome_lock,query,7120,wbcic-23-S3-00121
WBCIC,2,23,2,withheld_until_outcome_lock,query,7121,wbcic-23-S3-00122
WBCIC,2,23,2,withheld_until_outcome_lock,query,7122,wbcic-23-S3-00123
WBCIC,2,23,2,withheld_until_outcome_lock,query,7123,wbcic-23-S3-00124
WBCIC,2,23,2,withheld_until_outcome_lock,query,7124,wbcic-23-S3-00125
WBCIC,2,23,2,withheld_until_outcome_lock,query,7125,wbcic-23-S3-00126
WBCIC,2,23,2,withheld_until_outcome_lock,query,7126,wbcic-23-S3-00127
WBCIC,2,23,2,withheld_until_outcome_lock,query,7127,wbcic-23-S3-00128
WBCIC,2,23,2,withheld_until_outcome_lock,query,7128,wbcic-23-S3-00129
WBCIC,2,23,2,withheld_until_outcome_lock,query,7129,wbcic-23-S3-00130
WBCIC,2,23,2,withheld_until_outcome_lock,query,7130,wbcic-23-S3-00131
WBCIC,2,23,2,withheld_until_outcome_lock,query,7131,wbcic-23-S3-00132
WBCIC,2,23,2,withheld_until_outcome_lock,query,7132,wbcic-23-S3-00133
WBCIC,2,23,2,withheld_until_outcome_lock,query,7133,wbcic-23-S3-00134
WBCIC,2,23,2,withheld_until_outcome_lock,query,7134,wbcic-23-S3-00135
WBCIC,2,23,2,withheld_until_outcome_lock,query,7135,wbcic-23-S3-00136
WBCIC,2,23,2,withheld_until_outcome_lock,query,7136,wbcic-23-S3-00137
WBCIC,2,23,2,withheld_until_outcome_lock,query,7137,wbcic-23-S3-00138
WBCIC,2,23,2,withheld_until_outcome_lock,query,7138,wbcic-23-S3-00139
WBCIC,2,23,2,withheld_until_outcome_lock,query,7139,wbcic-23-S3-00140
WBCIC,2,23,2,withheld_until_outcome_lock,query,7140,wbcic-23-S3-00141
WBCIC,2,23,2,withheld_until_outcome_lock,query,7141,wbcic-23-S3-00142
WBCIC,2,23,2,withheld_until_outcome_lock,query,7142,wbcic-23-S3-00143
WBCIC,2,23,2,withheld_until_outcome_lock,query,7143,wbcic-23-S3-00144
WBCIC,2,23,2,withheld_until_outcome_lock,query,7144,wbcic-23-S3-00145
WBCIC,2,23,2,withheld_until_outcome_lock,query,7145,wbcic-23-S3-00146
WBCIC,2,23,2,withheld_until_outcome_lock,query,7146,wbcic-23-S3-00147
WBCIC,2,23,2,withheld_until_outcome_lock,query,7147,wbcic-23-S3-00148
WBCIC,2,23,2,withheld_until_outcome_lock,query,7148,wbcic-23-S3-00149
WBCIC,2,23,2,withheld_until_outcome_lock,query,7149,wbcic-23-S3-00150
WBCIC,2,23,2,withheld_until_outcome_lock,query,7150,wbcic-23-S3-00151
WBCIC,2,23,2,withheld_until_outcome_lock,query,7151,wbcic-23-S3-00152
WBCIC,2,23,2,withheld_until_outcome_lock,query,7152,wbcic-23-S3-00153
WBCIC,2,23,2,withheld_until_outcome_lock,query,7153,wbcic-23-S3-00154
WBCIC,2,23,2,withheld_until_outcome_lock,query,7154,wbcic-23-S3-00155
WBCIC,2,23,2,withheld_until_outcome_lock,query,7155,wbcic-23-S3-00156
WBCIC,2,23,2,withheld_until_outcome_lock,query,7156,wbcic-23-S3-00157
WBCIC,2,23,2,withheld_until_outcome_lock,query,7157,wbcic-23-S3-00158
WBCIC,2,23,2,withheld_until_outcome_lock,query,7158,wbcic-23-S3-00159
WBCIC,2,23,2,withheld_until_outcome_lock,query,7159,wbcic-23-S3-00160
WBCIC,2,23,2,withheld_until_outcome_lock,query,7160,wbcic-23-S3-00161
WBCIC,2,23,2,withheld_until_outcome_lock,query,7161,wbcic-23-S3-00162
WBCIC,2,23,2,withheld_until_outcome_lock,query,7162,wbcic-23-S3-00163
WBCIC,2,23,2,withheld_until_outcome_lock,query,7163,wbcic-23-S3-00164
WBCIC,2,23,2,withheld_until_outcome_lock,query,7164,wbcic-23-S3-00165
WBCIC,2,23,2,withheld_until_outcome_lock,query,7165,wbcic-23-S3-00166
WBCIC,2,23,2,withheld_until_outcome_lock,query,7166,wbcic-23-S3-00167
WBCIC,2,23,2,withheld_until_outcome_lock,query,7167,wbcic-23-S3-00168
WBCIC,2,23,2,withheld_until_outcome_lock,query,7168,wbcic-23-S3-00169
WBCIC,2,23,2,withheld_until_outcome_lock,query,7169,wbcic-23-S3-00170
WBCIC,2,23,2,withheld_until_outcome_lock,query,7170,wbcic-23-S3-00171
WBCIC,2,23,2,withheld_until_outcome_lock,query,7171,wbcic-23-S3-00172
WBCIC,2,23,2,withheld_until_outcome_lock,query,7172,wbcic-23-S3-00173
WBCIC,2,23,2,withheld_until_outcome_lock,query,7173,wbcic-23-S3-00174
WBCIC,2,23,2,withheld_until_outcome_lock,query,7174,wbcic-23-S3-00175
WBCIC,2,23,2,withheld_until_outcome_lock,query,7175,wbcic-23-S3-00176
WBCIC,2,23,2,withheld_until_outcome_lock,query,7176,wbcic-23-S3-00177
WBCIC,2,23,2,withheld_until_outcome_lock,query,7177,wbcic-23-S3-00178
WBCIC,2,23,2,withheld_until_outcome_lock,query,7178,wbcic-23-S3-00179
WBCIC,2,23,2,withheld_until_outcome_lock,query,7179,wbcic-23-S3-00180
WBCIC,2,23,2,withheld_until_outcome_lock,query,7180,wbcic-23-S3-00181
WBCIC,2,23,2,withheld_until_outcome_lock,query,7181,wbcic-23-S3-00182
WBCIC,2,23,2,withheld_until_outcome_lock,query,7182,wbcic-23-S3-00183
WBCIC,2,23,2,withheld_until_outcome_lock,query,7183,wbcic-23-S3-00184
WBCIC,2,23,2,withheld_until_outcome_lock,query,7184,wbcic-23-S3-00185
WBCIC,2,23,2,withheld_until_outcome_lock,query,7185,wbcic-23-S3-00186
WBCIC,2,23,2,withheld_until_outcome_lock,query,7186,wbcic-23-S3-00187
WBCIC,2,23,2,withheld_until_outcome_lock,query,7187,wbcic-23-S3-00188
WBCIC,2,23,2,withheld_until_outcome_lock,query,7188,wbcic-23-S3-00189
WBCIC,2,23,2,withheld_until_outcome_lock,query,7189,wbcic-23-S3-00190
WBCIC,2,23,2,withheld_until_outcome_lock,query,7190,wbcic-23-S3-00191
WBCIC,2,23,2,withheld_until_outcome_lock,query,7191,wbcic-23-S3-00192
WBCIC,2,23,2,withheld_until_outcome_lock,query,7192,wbcic-23-S3-00193
WBCIC,2,23,2,withheld_until_outcome_lock,query,7193,wbcic-23-S3-00194
WBCIC,2,23,2,withheld_until_outcome_lock,query,7194,wbcic-23-S3-00195
WBCIC,2,23,2,withheld_until_outcome_lock,query,7195,wbcic-23-S3-00196
WBCIC,2,23,2,withheld_until_outcome_lock,query,7196,wbcic-23-S3-00197
WBCIC,2,23,2,withheld_until_outcome_lock,query,7197,wbcic-23-S3-00198
WBCIC,2,23,2,withheld_until_outcome_lock,query,7198,wbcic-23-S3-00199
WBCIC,2,24,2,withheld_until_outcome_lock,query,7598,wbcic-24-S3-00000
WBCIC,2,24,2,withheld_until_outcome_lock,query,7599,wbcic-24-S3-00001
WBCIC,2,24,2,withheld_until_outcome_lock,query,7600,wbcic-24-S3-00002
WBCIC,2,24,2,withheld_until_outcome_lock,query,7601,wbcic-24-S3-00003
WBCIC,2,24,2,withheld_until_outcome_lock,query,7602,wbcic-24-S3-00004
WBCIC,2,24,2,withheld_until_outcome_lock,query,7603,wbcic-24-S3-00005
WBCIC,2,24,2,withheld_until_outcome_lock,query,7604,wbcic-24-S3-00006
WBCIC,2,24,2,withheld_until_outcome_lock,query,7605,wbcic-24-S3-00007
WBCIC,2,24,2,withheld_until_outcome_lock,query,7606,wbcic-24-S3-00008
WBCIC,2,24,2,withheld_until_outcome_lock,query,7607,wbcic-24-S3-00009
WBCIC,2,24,2,withheld_until_outcome_lock,query,7608,wbcic-24-S3-00010
WBCIC,2,24,2,withheld_until_outcome_lock,query,7609,wbcic-24-S3-00011
WBCIC,2,24,2,withheld_until_outcome_lock,query,7610,wbcic-24-S3-00012
WBCIC,2,24,2,withheld_until_outcome_lock,query,7611,wbcic-24-S3-00013
WBCIC,2,24,2,withheld_until_outcome_lock,query,7612,wbcic-24-S3-00014
WBCIC,2,24,2,withheld_until_outcome_lock,query,7613,wbcic-24-S3-00015
WBCIC,2,24,2,withheld_until_outcome_lock,query,7614,wbcic-24-S3-00016
WBCIC,2,24,2,withheld_until_outcome_lock,query,7615,wbcic-24-S3-00017
WBCIC,2,24,2,withheld_until_outcome_lock,query,7616,wbcic-24-S3-00018
WBCIC,2,24,2,withheld_until_outcome_lock,query,7617,wbcic-24-S3-00019
WBCIC,2,24,2,withheld_until_outcome_lock,query,7618,wbcic-24-S3-00020
WBCIC,2,24,2,withheld_until_outcome_lock,query,7619,wbcic-24-S3-00021
WBCIC,2,24,2,withheld_until_outcome_lock,query,7620,wbcic-24-S3-00022
WBCIC,2,24,2,withheld_until_outcome_lock,query,7621,wbcic-24-S3-00023
WBCIC,2,24,2,withheld_until_outcome_lock,query,7622,wbcic-24-S3-00024
WBCIC,2,24,2,withheld_until_outcome_lock,query,7623,wbcic-24-S3-00025
WBCIC,2,24,2,withheld_until_outcome_lock,query,7624,wbcic-24-S3-00026
WBCIC,2,24,2,withheld_until_outcome_lock,query,7625,wbcic-24-S3-00027
WBCIC,2,24,2,withheld_until_outcome_lock,query,7626,wbcic-24-S3-00028
WBCIC,2,24,2,withheld_until_outcome_lock,query,7627,wbcic-24-S3-00029
WBCIC,2,24,2,withheld_until_outcome_lock,query,7628,wbcic-24-S3-00030
WBCIC,2,24,2,withheld_until_outcome_lock,query,7629,wbcic-24-S3-00031
WBCIC,2,24,2,withheld_until_outcome_lock,query,7630,wbcic-24-S3-00032
WBCIC,2,24,2,withheld_until_outcome_lock,query,7631,wbcic-24-S3-00033
WBCIC,2,24,2,withheld_until_outcome_lock,query,7632,wbcic-24-S3-00034
WBCIC,2,24,2,withheld_until_outcome_lock,query,7633,wbcic-24-S3-00035
WBCIC,2,24,2,withheld_until_outcome_lock,query,7634,wbcic-24-S3-00036
WBCIC,2,24,2,withheld_until_outcome_lock,query,7635,wbcic-24-S3-00037
WBCIC,2,24,2,withheld_until_outcome_lock,query,7636,wbcic-24-S3-00038
WBCIC,2,24,2,withheld_until_outcome_lock,query,7637,wbcic-24-S3-00039
WBCIC,2,24,2,withheld_until_outcome_lock,query,7638,wbcic-24-S3-00040
WBCIC,2,24,2,withheld_until_outcome_lock,query,7639,wbcic-24-S3-00041
WBCIC,2,24,2,withheld_until_outcome_lock,query,7640,wbcic-24-S3-00042
WBCIC,2,24,2,withheld_until_outcome_lock,query,7641,wbcic-24-S3-00043
WBCIC,2,24,2,withheld_until_outcome_lock,query,7642,wbcic-24-S3-00044
WBCIC,2,24,2,withheld_until_outcome_lock,query,7643,wbcic-24-S3-00045
WBCIC,2,24,2,withheld_until_outcome_lock,query,7644,wbcic-24-S3-00046
WBCIC,2,24,2,withheld_until_outcome_lock,query,7645,wbcic-24-S3-00047
WBCIC,2,24,2,withheld_until_outcome_lock,query,7646,wbcic-24-S3-00048
WBCIC,2,24,2,withheld_until_outcome_lock,query,7647,wbcic-24-S3-00049
WBCIC,2,24,2,withheld_until_outcome_lock,query,7648,wbcic-24-S3-00050
WBCIC,2,24,2,withheld_until_outcome_lock,query,7649,wbcic-24-S3-00051
WBCIC,2,24,2,withheld_until_outcome_lock,query,7650,wbcic-24-S3-00052
WBCIC,2,24,2,withheld_until_outcome_lock,query,7651,wbcic-24-S3-00053
WBCIC,2,24,2,withheld_until_outcome_lock,query,7652,wbcic-24-S3-00054
WBCIC,2,24,2,withheld_until_outcome_lock,query,7653,wbcic-24-S3-00055
WBCIC,2,24,2,withheld_until_outcome_lock,query,7654,wbcic-24-S3-00056
WBCIC,2,24,2,withheld_until_outcome_lock,query,7655,wbcic-24-S3-00057
WBCIC,2,24,2,withheld_until_outcome_lock,query,7656,wbcic-24-S3-00058
WBCIC,2,24,2,withheld_until_outcome_lock,query,7657,wbcic-24-S3-00059
WBCIC,2,24,2,withheld_until_outcome_lock,query,7658,wbcic-24-S3-00060
WBCIC,2,24,2,withheld_until_outcome_lock,query,7659,wbcic-24-S3-00061
WBCIC,2,24,2,withheld_until_outcome_lock,query,7660,wbcic-24-S3-00062
WBCIC,2,24,2,withheld_until_outcome_lock,query,7661,wbcic-24-S3-00063
WBCIC,2,24,2,withheld_until_outcome_lock,query,7662,wbcic-24-S3-00064
WBCIC,2,24,2,withheld_until_outcome_lock,query,7663,wbcic-24-S3-00065
WBCIC,2,24,2,withheld_until_outcome_lock,query,7664,wbcic-24-S3-00066
WBCIC,2,24,2,withheld_until_outcome_lock,query,7665,wbcic-24-S3-00067
WBCIC,2,24,2,withheld_until_outcome_lock,query,7666,wbcic-24-S3-00068
WBCIC,2,24,2,withheld_until_outcome_lock,query,7667,wbcic-24-S3-00069
WBCIC,2,24,2,withheld_until_outcome_lock,query,7668,wbcic-24-S3-00070
WBCIC,2,24,2,withheld_until_outcome_lock,query,7669,wbcic-24-S3-00071
WBCIC,2,24,2,withheld_until_outcome_lock,query,7670,wbcic-24-S3-00072
WBCIC,2,24,2,withheld_until_outcome_lock,query,7671,wbcic-24-S3-00073
WBCIC,2,24,2,withheld_until_outcome_lock,query,7672,wbcic-24-S3-00074
WBCIC,2,24,2,withheld_until_outcome_lock,query,7673,wbcic-24-S3-00075
WBCIC,2,24,2,withheld_until_outcome_lock,query,7674,wbcic-24-S3-00076
WBCIC,2,24,2,withheld_until_outcome_lock,query,7675,wbcic-24-S3-00077
WBCIC,2,24,2,withheld_until_outcome_lock,query,7676,wbcic-24-S3-00078
WBCIC,2,24,2,withheld_until_outcome_lock,query,7677,wbcic-24-S3-00079
WBCIC,2,24,2,withheld_until_outcome_lock,query,7678,wbcic-24-S3-00080
WBCIC,2,24,2,withheld_until_outcome_lock,query,7679,wbcic-24-S3-00081
WBCIC,2,24,2,withheld_until_outcome_lock,query,7680,wbcic-24-S3-00082
WBCIC,2,24,2,withheld_until_outcome_lock,query,7681,wbcic-24-S3-00083
WBCIC,2,24,2,withheld_until_outcome_lock,query,7682,wbcic-24-S3-00084
WBCIC,2,24,2,withheld_until_outcome_lock,query,7683,wbcic-24-S3-00085
WBCIC,2,24,2,withheld_until_outcome_lock,query,7684,wbcic-24-S3-00086
WBCIC,2,24,2,withheld_until_outcome_lock,query,7685,wbcic-24-S3-00087
WBCIC,2,24,2,withheld_until_outcome_lock,query,7686,wbcic-24-S3-00088
WBCIC,2,24,2,withheld_until_outcome_lock,query,7687,wbcic-24-S3-00089
WBCIC,2,24,2,withheld_until_outcome_lock,query,7688,wbcic-24-S3-00090
WBCIC,2,24,2,withheld_until_outcome_lock,query,7689,wbcic-24-S3-00091
WBCIC,2,24,2,withheld_until_outcome_lock,query,7690,wbcic-24-S3-00092
WBCIC,2,24,2,withheld_until_outcome_lock,query,7691,wbcic-24-S3-00093
WBCIC,2,24,2,withheld_until_outcome_lock,query,7692,wbcic-24-S3-00094
WBCIC,2,24,2,withheld_until_outcome_lock,query,7693,wbcic-24-S3-00095
WBCIC,2,24,2,withheld_until_outcome_lock,query,7694,wbcic-24-S3-00096
WBCIC,2,24,2,withheld_until_outcome_lock,query,7695,wbcic-24-S3-00097
WBCIC,2,24,2,withheld_until_outcome_lock,query,7696,wbcic-24-S3-00098
WBCIC,2,24,2,withheld_until_outcome_lock,query,7697,wbcic-24-S3-00099
WBCIC,2,24,2,withheld_until_outcome_lock,query,7698,wbcic-24-S3-00100
WBCIC,2,24,2,withheld_until_outcome_lock,query,7699,wbcic-24-S3-00101
WBCIC,2,24,2,withheld_until_outcome_lock,query,7700,wbcic-24-S3-00102
WBCIC,2,24,2,withheld_until_outcome_lock,query,7701,wbcic-24-S3-00103
WBCIC,2,24,2,withheld_until_outcome_lock,query,7702,wbcic-24-S3-00104
WBCIC,2,24,2,withheld_until_outcome_lock,query,7703,wbcic-24-S3-00105
WBCIC,2,24,2,withheld_until_outcome_lock,query,7704,wbcic-24-S3-00106
WBCIC,2,24,2,withheld_until_outcome_lock,query,7705,wbcic-24-S3-00107
WBCIC,2,24,2,withheld_until_outcome_lock,query,7706,wbcic-24-S3-00108
WBCIC,2,24,2,withheld_until_outcome_lock,query,7707,wbcic-24-S3-00109
WBCIC,2,24,2,withheld_until_outcome_lock,query,7708,wbcic-24-S3-00110
WBCIC,2,24,2,withheld_until_outcome_lock,query,7709,wbcic-24-S3-00111
WBCIC,2,24,2,withheld_until_outcome_lock,query,7710,wbcic-24-S3-00112
WBCIC,2,24,2,withheld_until_outcome_lock,query,7711,wbcic-24-S3-00113
WBCIC,2,24,2,withheld_until_outcome_lock,query,7712,wbcic-24-S3-00114
WBCIC,2,24,2,withheld_until_outcome_lock,query,7713,wbcic-24-S3-00115
WBCIC,2,24,2,withheld_until_outcome_lock,query,7714,wbcic-24-S3-00116
WBCIC,2,24,2,withheld_until_outcome_lock,query,7715,wbcic-24-S3-00117
WBCIC,2,24,2,withheld_until_outcome_lock,query,7716,wbcic-24-S3-00118
WBCIC,2,24,2,withheld_until_outcome_lock,query,7717,wbcic-24-S3-00119
WBCIC,2,24,2,withheld_until_outcome_lock,query,7718,wbcic-24-S3-00120
WBCIC,2,24,2,withheld_until_outcome_lock,query,7719,wbcic-24-S3-00121
WBCIC,2,24,2,withheld_until_outcome_lock,query,7720,wbcic-24-S3-00122
WBCIC,2,24,2,withheld_until_outcome_lock,query,7721,wbcic-24-S3-00123
WBCIC,2,24,2,withheld_until_outcome_lock,query,7722,wbcic-24-S3-00124
WBCIC,2,24,2,withheld_until_outcome_lock,query,7723,wbcic-24-S3-00125
WBCIC,2,24,2,withheld_until_outcome_lock,query,7724,wbcic-24-S3-00126
WBCIC,2,24,2,withheld_until_outcome_lock,query,7725,wbcic-24-S3-00127
WBCIC,2,24,2,withheld_until_outcome_lock,query,7726,wbcic-24-S3-00128
WBCIC,2,24,2,withheld_until_outcome_lock,query,7727,wbcic-24-S3-00129
WBCIC,2,24,2,withheld_until_outcome_lock,query,7728,wbcic-24-S3-00130
WBCIC,2,24,2,withheld_until_outcome_lock,query,7729,wbcic-24-S3-00131
WBCIC,2,24,2,withheld_until_outcome_lock,query,7730,wbcic-24-S3-00132
WBCIC,2,24,2,withheld_until_outcome_lock,query,7731,wbcic-24-S3-00133
WBCIC,2,24,2,withheld_until_outcome_lock,query,7732,wbcic-24-S3-00134
WBCIC,2,24,2,withheld_until_outcome_lock,query,7733,wbcic-24-S3-00135
WBCIC,2,24,2,withheld_until_outcome_lock,query,7734,wbcic-24-S3-00136
WBCIC,2,24,2,withheld_until_outcome_lock,query,7735,wbcic-24-S3-00137
WBCIC,2,24,2,withheld_until_outcome_lock,query,7736,wbcic-24-S3-00138
WBCIC,2,24,2,withheld_until_outcome_lock,query,7737,wbcic-24-S3-00139
WBCIC,2,24,2,withheld_until_outcome_lock,query,7738,wbcic-24-S3-00140
WBCIC,2,24,2,withheld_until_outcome_lock,query,7739,wbcic-24-S3-00141
WBCIC,2,24,2,withheld_until_outcome_lock,query,7740,wbcic-24-S3-00142
WBCIC,2,24,2,withheld_until_outcome_lock,query,7741,wbcic-24-S3-00143
WBCIC,2,24,2,withheld_until_outcome_lock,query,7742,wbcic-24-S3-00144
WBCIC,2,24,2,withheld_until_outcome_lock,query,7743,wbcic-24-S3-00145
WBCIC,2,24,2,withheld_until_outcome_lock,query,7744,wbcic-24-S3-00146
WBCIC,2,24,2,withheld_until_outcome_lock,query,7745,wbcic-24-S3-00147
WBCIC,2,24,2,withheld_until_outcome_lock,query,7746,wbcic-24-S3-00148
WBCIC,2,24,2,withheld_until_outcome_lock,query,7747,wbcic-24-S3-00149
WBCIC,2,24,2,withheld_until_outcome_lock,query,7748,wbcic-24-S3-00150
WBCIC,2,24,2,withheld_until_outcome_lock,query,7749,wbcic-24-S3-00151
WBCIC,2,24,2,withheld_until_outcome_lock,query,7750,wbcic-24-S3-00152
WBCIC,2,24,2,withheld_until_outcome_lock,query,7751,wbcic-24-S3-00153
WBCIC,2,24,2,withheld_until_outcome_lock,query,7752,wbcic-24-S3-00154
WBCIC,2,24,2,withheld_until_outcome_lock,query,7753,wbcic-24-S3-00155
WBCIC,2,24,2,withheld_until_outcome_lock,query,7754,wbcic-24-S3-00156
WBCIC,2,24,2,withheld_until_outcome_lock,query,7755,wbcic-24-S3-00157
WBCIC,2,24,2,withheld_until_outcome_lock,query,7756,wbcic-24-S3-00158
WBCIC,2,24,2,withheld_until_outcome_lock,query,7757,wbcic-24-S3-00159
WBCIC,2,24,2,withheld_until_outcome_lock,query,7758,wbcic-24-S3-00160
WBCIC,2,24,2,withheld_until_outcome_lock,query,7759,wbcic-24-S3-00161
WBCIC,2,24,2,withheld_until_outcome_lock,query,7760,wbcic-24-S3-00162
WBCIC,2,24,2,withheld_until_outcome_lock,query,7761,wbcic-24-S3-00163
WBCIC,2,24,2,withheld_until_outcome_lock,query,7762,wbcic-24-S3-00164
WBCIC,2,24,2,withheld_until_outcome_lock,query,7763,wbcic-24-S3-00165
WBCIC,2,24,2,withheld_until_outcome_lock,query,7764,wbcic-24-S3-00166
WBCIC,2,24,2,withheld_until_outcome_lock,query,7765,wbcic-24-S3-00167
WBCIC,2,24,2,withheld_until_outcome_lock,query,7766,wbcic-24-S3-00168
WBCIC,2,24,2,withheld_until_outcome_lock,query,7767,wbcic-24-S3-00169
WBCIC,2,24,2,withheld_until_outcome_lock,query,7768,wbcic-24-S3-00170
WBCIC,2,24,2,withheld_until_outcome_lock,query,7769,wbcic-24-S3-00171
WBCIC,2,24,2,withheld_until_outcome_lock,query,7770,wbcic-24-S3-00172
WBCIC,2,24,2,withheld_until_outcome_lock,query,7771,wbcic-24-S3-00173
WBCIC,2,24,2,withheld_until_outcome_lock,query,7772,wbcic-24-S3-00174
WBCIC,2,24,2,withheld_until_outcome_lock,query,7773,wbcic-24-S3-00175
WBCIC,2,24,2,withheld_until_outcome_lock,query,7774,wbcic-24-S3-00176
WBCIC,2,24,2,withheld_until_outcome_lock,query,7775,wbcic-24-S3-00177
WBCIC,2,24,2,withheld_until_outcome_lock,query,7776,wbcic-24-S3-00178
WBCIC,2,24,2,withheld_until_outcome_lock,query,7777,wbcic-24-S3-00179
WBCIC,2,24,2,withheld_until_outcome_lock,query,7778,wbcic-24-S3-00180
WBCIC,2,24,2,withheld_until_outcome_lock,query,7779,wbcic-24-S3-00181
WBCIC,2,24,2,withheld_until_outcome_lock,query,7780,wbcic-24-S3-00182
WBCIC,2,24,2,withheld_until_outcome_lock,query,7781,wbcic-24-S3-00183
WBCIC,2,24,2,withheld_until_outcome_lock,query,7782,wbcic-24-S3-00184
WBCIC,2,24,2,withheld_until_outcome_lock,query,7783,wbcic-24-S3-00185
WBCIC,2,24,2,withheld_until_outcome_lock,query,7784,wbcic-24-S3-00186
WBCIC,2,24,2,withheld_until_outcome_lock,query,7785,wbcic-24-S3-00187
WBCIC,2,24,2,withheld_until_outcome_lock,query,7786,wbcic-24-S3-00188
WBCIC,2,24,2,withheld_until_outcome_lock,query,7787,wbcic-24-S3-00189
WBCIC,2,24,2,withheld_until_outcome_lock,query,7788,wbcic-24-S3-00190
WBCIC,2,24,2,withheld_until_outcome_lock,query,7789,wbcic-24-S3-00191
WBCIC,2,24,2,withheld_until_outcome_lock,query,7790,wbcic-24-S3-00192
WBCIC,2,24,2,withheld_until_outcome_lock,query,7791,wbcic-24-S3-00193
WBCIC,2,24,2,withheld_until_outcome_lock,query,7792,wbcic-24-S3-00194
WBCIC,2,30,2,withheld_until_outcome_lock,query,9993,wbcic-30-S3-00000
WBCIC,2,30,2,withheld_until_outcome_lock,query,9994,wbcic-30-S3-00001
WBCIC,2,30,2,withheld_until_outcome_lock,query,9995,wbcic-30-S3-00002
WBCIC,2,30,2,withheld_until_outcome_lock,query,9996,wbcic-30-S3-00003
WBCIC,2,30,2,withheld_until_outcome_lock,query,9997,wbcic-30-S3-00004
WBCIC,2,30,2,withheld_until_outcome_lock,query,9998,wbcic-30-S3-00005
WBCIC,2,30,2,withheld_until_outcome_lock,query,9999,wbcic-30-S3-00006
WBCIC,2,30,2,withheld_until_outcome_lock,query,10000,wbcic-30-S3-00007
WBCIC,2,30,2,withheld_until_outcome_lock,query,10001,wbcic-30-S3-00008
WBCIC,2,30,2,withheld_until_outcome_lock,query,10002,wbcic-30-S3-00009
WBCIC,2,30,2,withheld_until_outcome_lock,query,10003,wbcic-30-S3-00010
WBCIC,2,30,2,withheld_until_outcome_lock,query,10004,wbcic-30-S3-00011
WBCIC,2,30,2,withheld_until_outcome_lock,query,10005,wbcic-30-S3-00012
WBCIC,2,30,2,withheld_until_outcome_lock,query,10006,wbcic-30-S3-00013
WBCIC,2,30,2,withheld_until_outcome_lock,query,10007,wbcic-30-S3-00014
WBCIC,2,30,2,withheld_until_outcome_lock,query,10008,wbcic-30-S3-00015
WBCIC,2,30,2,withheld_until_outcome_lock,query,10009,wbcic-30-S3-00016
WBCIC,2,30,2,withheld_until_outcome_lock,query,10010,wbcic-30-S3-00017
WBCIC,2,30,2,withheld_until_outcome_lock,query,10011,wbcic-30-S3-00018
WBCIC,2,30,2,withheld_until_outcome_lock,query,10012,wbcic-30-S3-00019
WBCIC,2,30,2,withheld_until_outcome_lock,query,10013,wbcic-30-S3-00020
WBCIC,2,30,2,withheld_until_outcome_lock,query,10014,wbcic-30-S3-00021
WBCIC,2,30,2,withheld_until_outcome_lock,query,10015,wbcic-30-S3-00022
WBCIC,2,30,2,withheld_until_outcome_lock,query,10016,wbcic-30-S3-00023
WBCIC,2,30,2,withheld_until_outcome_lock,query,10017,wbcic-30-S3-00024
WBCIC,2,30,2,withheld_until_outcome_lock,query,10018,wbcic-30-S3-00025
WBCIC,2,30,2,withheld_until_outcome_lock,query,10019,wbcic-30-S3-00026
WBCIC,2,30,2,withheld_until_outcome_lock,query,10020,wbcic-30-S3-00027
WBCIC,2,30,2,withheld_until_outcome_lock,query,10021,wbcic-30-S3-00028
WBCIC,2,30,2,withheld_until_outcome_lock,query,10022,wbcic-30-S3-00029
WBCIC,2,30,2,withheld_until_outcome_lock,query,10023,wbcic-30-S3-00030
WBCIC,2,30,2,withheld_until_outcome_lock,query,10024,wbcic-30-S3-00031
WBCIC,2,30,2,withheld_until_outcome_lock,query,10025,wbcic-30-S3-00032
WBCIC,2,30,2,withheld_until_outcome_lock,query,10026,wbcic-30-S3-00033
WBCIC,2,30,2,withheld_until_outcome_lock,query,10027,wbcic-30-S3-00034
WBCIC,2,30,2,withheld_until_outcome_lock,query,10028,wbcic-30-S3-00035
WBCIC,2,30,2,withheld_until_outcome_lock,query,10029,wbcic-30-S3-00036
WBCIC,2,30,2,withheld_until_outcome_lock,query,10030,wbcic-30-S3-00037
WBCIC,2,30,2,withheld_until_outcome_lock,query,10031,wbcic-30-S3-00038
WBCIC,2,30,2,withheld_until_outcome_lock,query,10032,wbcic-30-S3-00039
WBCIC,2,30,2,withheld_until_outcome_lock,query,10033,wbcic-30-S3-00040
WBCIC,2,30,2,withheld_until_outcome_lock,query,10034,wbcic-30-S3-00041
WBCIC,2,30,2,withheld_until_outcome_lock,query,10035,wbcic-30-S3-00042
WBCIC,2,30,2,withheld_until_outcome_lock,query,10036,wbcic-30-S3-00043
WBCIC,2,30,2,withheld_until_outcome_lock,query,10037,wbcic-30-S3-00044
WBCIC,2,30,2,withheld_until_outcome_lock,query,10038,wbcic-30-S3-00045
WBCIC,2,30,2,withheld_until_outcome_lock,query,10039,wbcic-30-S3-00046
WBCIC,2,30,2,withheld_until_outcome_lock,query,10040,wbcic-30-S3-00047
WBCIC,2,30,2,withheld_until_outcome_lock,query,10041,wbcic-30-S3-00048
WBCIC,2,30,2,withheld_until_outcome_lock,query,10042,wbcic-30-S3-00049
WBCIC,2,30,2,withheld_until_outcome_lock,query,10043,wbcic-30-S3-00050
WBCIC,2,30,2,withheld_until_outcome_lock,query,10044,wbcic-30-S3-00051
WBCIC,2,30,2,withheld_until_outcome_lock,query,10045,wbcic-30-S3-00052
WBCIC,2,30,2,withheld_until_outcome_lock,query,10046,wbcic-30-S3-00053
WBCIC,2,30,2,withheld_until_outcome_lock,query,10047,wbcic-30-S3-00054
WBCIC,2,30,2,withheld_until_outcome_lock,query,10048,wbcic-30-S3-00055
WBCIC,2,30,2,withheld_until_outcome_lock,query,10049,wbcic-30-S3-00056
WBCIC,2,30,2,withheld_until_outcome_lock,query,10050,wbcic-30-S3-00057
WBCIC,2,30,2,withheld_until_outcome_lock,query,10051,wbcic-30-S3-00058
WBCIC,2,30,2,withheld_until_outcome_lock,query,10052,wbcic-30-S3-00059
WBCIC,2,30,2,withheld_until_outcome_lock,query,10053,wbcic-30-S3-00060
WBCIC,2,30,2,withheld_until_outcome_lock,query,10054,wbcic-30-S3-00061
WBCIC,2,30,2,withheld_until_outcome_lock,query,10055,wbcic-30-S3-00062
WBCIC,2,30,2,withheld_until_outcome_lock,query,10056,wbcic-30-S3-00063
WBCIC,2,30,2,withheld_until_outcome_lock,query,10057,wbcic-30-S3-00064
WBCIC,2,30,2,withheld_until_outcome_lock,query,10058,wbcic-30-S3-00065
WBCIC,2,30,2,withheld_until_outcome_lock,query,10059,wbcic-30-S3-00066
WBCIC,2,30,2,withheld_until_outcome_lock,query,10060,wbcic-30-S3-00067
WBCIC,2,30,2,withheld_until_outcome_lock,query,10061,wbcic-30-S3-00068
WBCIC,2,30,2,withheld_until_outcome_lock,query,10062,wbcic-30-S3-00069
WBCIC,2,30,2,withheld_until_outcome_lock,query,10063,wbcic-30-S3-00070
WBCIC,2,30,2,withheld_until_outcome_lock,query,10064,wbcic-30-S3-00071
WBCIC,2,30,2,withheld_until_outcome_lock,query,10065,wbcic-30-S3-00072
WBCIC,2,30,2,withheld_until_outcome_lock,query,10066,wbcic-30-S3-00073
WBCIC,2,30,2,withheld_until_outcome_lock,query,10067,wbcic-30-S3-00074
WBCIC,2,30,2,withheld_until_outcome_lock,query,10068,wbcic-30-S3-00075
WBCIC,2,30,2,withheld_until_outcome_lock,query,10069,wbcic-30-S3-00076
WBCIC,2,30,2,withheld_until_outcome_lock,query,10070,wbcic-30-S3-00077
WBCIC,2,30,2,withheld_until_outcome_lock,query,10071,wbcic-30-S3-00078
WBCIC,2,30,2,withheld_until_outcome_lock,query,10072,wbcic-30-S3-00079
WBCIC,2,30,2,withheld_until_outcome_lock,query,10073,wbcic-30-S3-00080
WBCIC,2,30,2,withheld_until_outcome_lock,query,10074,wbcic-30-S3-00081
WBCIC,2,30,2,withheld_until_outcome_lock,query,10075,wbcic-30-S3-00082
WBCIC,2,30,2,withheld_until_outcome_lock,query,10076,wbcic-30-S3-00083
WBCIC,2,30,2,withheld_until_outcome_lock,query,10077,wbcic-30-S3-00084
WBCIC,2,30,2,withheld_until_outcome_lock,query,10078,wbcic-30-S3-00085
WBCIC,2,30,2,withheld_until_outcome_lock,query,10079,wbcic-30-S3-00086
WBCIC,2,30,2,withheld_until_outcome_lock,query,10080,wbcic-30-S3-00087
WBCIC,2,30,2,withheld_until_outcome_lock,query,10081,wbcic-30-S3-00088
WBCIC,2,30,2,withheld_until_outcome_lock,query,10082,wbcic-30-S3-00089
WBCIC,2,30,2,withheld_until_outcome_lock,query,10083,wbcic-30-S3-00090
WBCIC,2,30,2,withheld_until_outcome_lock,query,10084,wbcic-30-S3-00091
WBCIC,2,30,2,withheld_until_outcome_lock,query,10085,wbcic-30-S3-00092
WBCIC,2,30,2,withheld_until_outcome_lock,query,10086,wbcic-30-S3-00093
WBCIC,2,30,2,withheld_until_outcome_lock,query,10087,wbcic-30-S3-00094
WBCIC,2,30,2,withheld_until_outcome_lock,query,10088,wbcic-30-S3-00095
WBCIC,2,30,2,withheld_until_outcome_lock,query,10089,wbcic-30-S3-00096
WBCIC,2,30,2,withheld_until_outcome_lock,query,10090,wbcic-30-S3-00097
WBCIC,2,30,2,withheld_until_outcome_lock,query,10091,wbcic-30-S3-00098
WBCIC,2,30,2,withheld_until_outcome_lock,query,10092,wbcic-30-S3-00099
WBCIC,2,30,2,withheld_until_outcome_lock,query,10093,wbcic-30-S3-00100
WBCIC,2,30,2,withheld_until_outcome_lock,query,10094,wbcic-30-S3-00101
WBCIC,2,30,2,withheld_until_outcome_lock,query,10095,wbcic-30-S3-00102
WBCIC,2,30,2,withheld_until_outcome_lock,query,10096,wbcic-30-S3-00103
WBCIC,2,30,2,withheld_until_outcome_lock,query,10097,wbcic-30-S3-00104
WBCIC,2,30,2,withheld_until_outcome_lock,query,10098,wbcic-30-S3-00105
WBCIC,2,30,2,withheld_until_outcome_lock,query,10099,wbcic-30-S3-00106
WBCIC,2,30,2,withheld_until_outcome_lock,query,10100,wbcic-30-S3-00107
WBCIC,2,30,2,withheld_until_outcome_lock,query,10101,wbcic-30-S3-00108
WBCIC,2,30,2,withheld_until_outcome_lock,query,10102,wbcic-30-S3-00109
WBCIC,2,30,2,withheld_until_outcome_lock,query,10103,wbcic-30-S3-00110
WBCIC,2,30,2,withheld_until_outcome_lock,query,10104,wbcic-30-S3-00111
WBCIC,2,30,2,withheld_until_outcome_lock,query,10105,wbcic-30-S3-00112
WBCIC,2,30,2,withheld_until_outcome_lock,query,10106,wbcic-30-S3-00113
WBCIC,2,30,2,withheld_until_outcome_lock,query,10107,wbcic-30-S3-00114
WBCIC,2,30,2,withheld_until_outcome_lock,query,10108,wbcic-30-S3-00115
WBCIC,2,30,2,withheld_until_outcome_lock,query,10109,wbcic-30-S3-00116
WBCIC,2,30,2,withheld_until_outcome_lock,query,10110,wbcic-30-S3-00117
WBCIC,2,30,2,withheld_until_outcome_lock,query,10111,wbcic-30-S3-00118
WBCIC,2,30,2,withheld_until_outcome_lock,query,10112,wbcic-30-S3-00119
WBCIC,2,30,2,withheld_until_outcome_lock,query,10113,wbcic-30-S3-00120
WBCIC,2,30,2,withheld_until_outcome_lock,query,10114,wbcic-30-S3-00121
WBCIC,2,30,2,withheld_until_outcome_lock,query,10115,wbcic-30-S3-00122
WBCIC,2,30,2,withheld_until_outcome_lock,query,10116,wbcic-30-S3-00123
WBCIC,2,30,2,withheld_until_outcome_lock,query,10117,wbcic-30-S3-00124
WBCIC,2,30,2,withheld_until_outcome_lock,query,10118,wbcic-30-S3-00125
WBCIC,2,30,2,withheld_until_outcome_lock,query,10119,wbcic-30-S3-00126
WBCIC,2,30,2,withheld_until_outcome_lock,query,10120,wbcic-30-S3-00127
WBCIC,2,30,2,withheld_until_outcome_lock,query,10121,wbcic-30-S3-00128
WBCIC,2,30,2,withheld_until_outcome_lock,query,10122,wbcic-30-S3-00129
WBCIC,2,30,2,withheld_until_outcome_lock,query,10123,wbcic-30-S3-00130
WBCIC,2,30,2,withheld_until_outcome_lock,query,10124,wbcic-30-S3-00131
WBCIC,2,30,2,withheld_until_outcome_lock,query,10125,wbcic-30-S3-00132
WBCIC,2,30,2,withheld_until_outcome_lock,query,10126,wbcic-30-S3-00133
WBCIC,2,30,2,withheld_until_outcome_lock,query,10127,wbcic-30-S3-00134
WBCIC,2,30,2,withheld_until_outcome_lock,query,10128,wbcic-30-S3-00135
WBCIC,2,30,2,withheld_until_outcome_lock,query,10129,wbcic-30-S3-00136
WBCIC,2,30,2,withheld_until_outcome_lock,query,10130,wbcic-30-S3-00137
WBCIC,2,30,2,withheld_until_outcome_lock,query,10131,wbcic-30-S3-00138
WBCIC,2,30,2,withheld_until_outcome_lock,query,10132,wbcic-30-S3-00139
WBCIC,2,30,2,withheld_until_outcome_lock,query,10133,wbcic-30-S3-00140
WBCIC,2,30,2,withheld_until_outcome_lock,query,10134,wbcic-30-S3-00141
WBCIC,2,30,2,withheld_until_outcome_lock,query,10135,wbcic-30-S3-00142
WBCIC,2,30,2,withheld_until_outcome_lock,query,10136,wbcic-30-S3-00143
WBCIC,2,30,2,withheld_until_outcome_lock,query,10137,wbcic-30-S3-00144
WBCIC,2,30,2,withheld_until_outcome_lock,query,10138,wbcic-30-S3-00145
WBCIC,2,30,2,withheld_until_outcome_lock,query,10139,wbcic-30-S3-00146
WBCIC,2,30,2,withheld_until_outcome_lock,query,10140,wbcic-30-S3-00147
WBCIC,2,30,2,withheld_until_outcome_lock,query,10141,wbcic-30-S3-00148
WBCIC,2,30,2,withheld_until_outcome_lock,query,10142,wbcic-30-S3-00149
WBCIC,2,30,2,withheld_until_outcome_lock,query,10143,wbcic-30-S3-00150
WBCIC,2,30,2,withheld_until_outcome_lock,query,10144,wbcic-30-S3-00151
WBCIC,2,30,2,withheld_until_outcome_lock,query,10145,wbcic-30-S3-00152
WBCIC,2,30,2,withheld_until_outcome_lock,query,10146,wbcic-30-S3-00153
WBCIC,2,30,2,withheld_until_outcome_lock,query,10147,wbcic-30-S3-00154
WBCIC,2,30,2,withheld_until_outcome_lock,query,10148,wbcic-30-S3-00155
WBCIC,2,30,2,withheld_until_outcome_lock,query,10149,wbcic-30-S3-00156
WBCIC,2,30,2,withheld_until_outcome_lock,query,10150,wbcic-30-S3-00157
WBCIC,2,30,2,withheld_until_outcome_lock,query,10151,wbcic-30-S3-00158
WBCIC,2,30,2,withheld_until_outcome_lock,query,10152,wbcic-30-S3-00159
WBCIC,2,30,2,withheld_until_outcome_lock,query,10153,wbcic-30-S3-00160
WBCIC,2,30,2,withheld_until_outcome_lock,query,10154,wbcic-30-S3-00161
WBCIC,2,30,2,withheld_until_outcome_lock,query,10155,wbcic-30-S3-00162
WBCIC,2,30,2,withheld_until_outcome_lock,query,10156,wbcic-30-S3-00163
WBCIC,2,30,2,withheld_until_outcome_lock,query,10157,wbcic-30-S3-00164
WBCIC,2,30,2,withheld_until_outcome_lock,query,10158,wbcic-30-S3-00165
WBCIC,2,30,2,withheld_until_outcome_lock,query,10159,wbcic-30-S3-00166
WBCIC,2,30,2,withheld_until_outcome_lock,query,10160,wbcic-30-S3-00167
WBCIC,2,30,2,withheld_until_outcome_lock,query,10161,wbcic-30-S3-00168
WBCIC,2,30,2,withheld_until_outcome_lock,query,10162,wbcic-30-S3-00169
WBCIC,2,30,2,withheld_until_outcome_lock,query,10163,wbcic-30-S3-00170
WBCIC,2,30,2,withheld_until_outcome_lock,query,10164,wbcic-30-S3-00171
WBCIC,2,30,2,withheld_until_outcome_lock,query,10165,wbcic-30-S3-00172
WBCIC,2,30,2,withheld_until_outcome_lock,query,10166,wbcic-30-S3-00173
WBCIC,2,30,2,withheld_until_outcome_lock,query,10167,wbcic-30-S3-00174
WBCIC,2,30,2,withheld_until_outcome_lock,query,10168,wbcic-30-S3-00175
WBCIC,2,30,2,withheld_until_outcome_lock,query,10169,wbcic-30-S3-00176
WBCIC,2,30,2,withheld_until_outcome_lock,query,10170,wbcic-30-S3-00177
WBCIC,2,30,2,withheld_until_outcome_lock,query,10171,wbcic-30-S3-00178
WBCIC,2,30,2,withheld_until_outcome_lock,query,10172,wbcic-30-S3-00179
WBCIC,2,30,2,withheld_until_outcome_lock,query,10173,wbcic-30-S3-00180
WBCIC,2,30,2,withheld_until_outcome_lock,query,10174,wbcic-30-S3-00181
WBCIC,2,30,2,withheld_until_outcome_lock,query,10175,wbcic-30-S3-00182
WBCIC,2,30,2,withheld_until_outcome_lock,query,10176,wbcic-30-S3-00183
WBCIC,2,30,2,withheld_until_outcome_lock,query,10177,wbcic-30-S3-00184
WBCIC,2,30,2,withheld_until_outcome_lock,query,10178,wbcic-30-S3-00185
WBCIC,2,30,2,withheld_until_outcome_lock,query,10179,wbcic-30-S3-00186
WBCIC,2,30,2,withheld_until_outcome_lock,query,10180,wbcic-30-S3-00187
WBCIC,2,30,2,withheld_until_outcome_lock,query,10181,wbcic-30-S3-00188
WBCIC,2,30,2,withheld_until_outcome_lock,query,10182,wbcic-30-S3-00189
WBCIC,2,30,2,withheld_until_outcome_lock,query,10183,wbcic-30-S3-00190
WBCIC,2,30,2,withheld_until_outcome_lock,query,10184,wbcic-30-S3-00191
WBCIC,2,30,2,withheld_until_outcome_lock,query,10185,wbcic-30-S3-00192
WBCIC,2,30,2,withheld_until_outcome_lock,query,10186,wbcic-30-S3-00193
WBCIC,2,30,2,withheld_until_outcome_lock,query,10187,wbcic-30-S3-00194
WBCIC,2,30,2,withheld_until_outcome_lock,query,10188,wbcic-30-S3-00195
WBCIC,2,30,2,withheld_until_outcome_lock,query,10189,wbcic-30-S3-00196
WBCIC,2,30,2,withheld_until_outcome_lock,query,10190,wbcic-30-S3-00197
WBCIC,2,30,2,withheld_until_outcome_lock,query,10191,wbcic-30-S3-00198
WBCIC,2,30,2,withheld_until_outcome_lock,query,10192,wbcic-30-S3-00199
WBCIC,2,31,2,withheld_until_outcome_lock,query,10593,wbcic-31-S3-00000
WBCIC,2,31,2,withheld_until_outcome_lock,query,10594,wbcic-31-S3-00001
WBCIC,2,31,2,withheld_until_outcome_lock,query,10595,wbcic-31-S3-00002
WBCIC,2,31,2,withheld_until_outcome_lock,query,10596,wbcic-31-S3-00003
WBCIC,2,31,2,withheld_until_outcome_lock,query,10597,wbcic-31-S3-00004
WBCIC,2,31,2,withheld_until_outcome_lock,query,10598,wbcic-31-S3-00005
WBCIC,2,31,2,withheld_until_outcome_lock,query,10599,wbcic-31-S3-00006
WBCIC,2,31,2,withheld_until_outcome_lock,query,10600,wbcic-31-S3-00007
WBCIC,2,31,2,withheld_until_outcome_lock,query,10601,wbcic-31-S3-00008
WBCIC,2,31,2,withheld_until_outcome_lock,query,10602,wbcic-31-S3-00009
WBCIC,2,31,2,withheld_until_outcome_lock,query,10603,wbcic-31-S3-00010
WBCIC,2,31,2,withheld_until_outcome_lock,query,10604,wbcic-31-S3-00011
WBCIC,2,31,2,withheld_until_outcome_lock,query,10605,wbcic-31-S3-00012
WBCIC,2,31,2,withheld_until_outcome_lock,query,10606,wbcic-31-S3-00013
WBCIC,2,31,2,withheld_until_outcome_lock,query,10607,wbcic-31-S3-00014
WBCIC,2,31,2,withheld_until_outcome_lock,query,10608,wbcic-31-S3-00015
WBCIC,2,31,2,withheld_until_outcome_lock,query,10609,wbcic-31-S3-00016
WBCIC,2,31,2,withheld_until_outcome_lock,query,10610,wbcic-31-S3-00017
WBCIC,2,31,2,withheld_until_outcome_lock,query,10611,wbcic-31-S3-00018
WBCIC,2,31,2,withheld_until_outcome_lock,query,10612,wbcic-31-S3-00019
WBCIC,2,31,2,withheld_until_outcome_lock,query,10613,wbcic-31-S3-00020
WBCIC,2,31,2,withheld_until_outcome_lock,query,10614,wbcic-31-S3-00021
WBCIC,2,31,2,withheld_until_outcome_lock,query,10615,wbcic-31-S3-00022
WBCIC,2,31,2,withheld_until_outcome_lock,query,10616,wbcic-31-S3-00023
WBCIC,2,31,2,withheld_until_outcome_lock,query,10617,wbcic-31-S3-00024
WBCIC,2,31,2,withheld_until_outcome_lock,query,10618,wbcic-31-S3-00025
WBCIC,2,31,2,withheld_until_outcome_lock,query,10619,wbcic-31-S3-00026
WBCIC,2,31,2,withheld_until_outcome_lock,query,10620,wbcic-31-S3-00027
WBCIC,2,31,2,withheld_until_outcome_lock,query,10621,wbcic-31-S3-00028
WBCIC,2,31,2,withheld_until_outcome_lock,query,10622,wbcic-31-S3-00029
WBCIC,2,31,2,withheld_until_outcome_lock,query,10623,wbcic-31-S3-00030
WBCIC,2,31,2,withheld_until_outcome_lock,query,10624,wbcic-31-S3-00031
WBCIC,2,31,2,withheld_until_outcome_lock,query,10625,wbcic-31-S3-00032
WBCIC,2,31,2,withheld_until_outcome_lock,query,10626,wbcic-31-S3-00033
WBCIC,2,31,2,withheld_until_outcome_lock,query,10627,wbcic-31-S3-00034
WBCIC,2,31,2,withheld_until_outcome_lock,query,10628,wbcic-31-S3-00035
WBCIC,2,31,2,withheld_until_outcome_lock,query,10629,wbcic-31-S3-00036
WBCIC,2,31,2,withheld_until_outcome_lock,query,10630,wbcic-31-S3-00037
WBCIC,2,31,2,withheld_until_outcome_lock,query,10631,wbcic-31-S3-00038
WBCIC,2,31,2,withheld_until_outcome_lock,query,10632,wbcic-31-S3-00039
WBCIC,2,31,2,withheld_until_outcome_lock,query,10633,wbcic-31-S3-00040
WBCIC,2,31,2,withheld_until_outcome_lock,query,10634,wbcic-31-S3-00041
WBCIC,2,31,2,withheld_until_outcome_lock,query,10635,wbcic-31-S3-00042
WBCIC,2,31,2,withheld_until_outcome_lock,query,10636,wbcic-31-S3-00043
WBCIC,2,31,2,withheld_until_outcome_lock,query,10637,wbcic-31-S3-00044
WBCIC,2,31,2,withheld_until_outcome_lock,query,10638,wbcic-31-S3-00045
WBCIC,2,31,2,withheld_until_outcome_lock,query,10639,wbcic-31-S3-00046
WBCIC,2,31,2,withheld_until_outcome_lock,query,10640,wbcic-31-S3-00047
WBCIC,2,31,2,withheld_until_outcome_lock,query,10641,wbcic-31-S3-00048
WBCIC,2,31,2,withheld_until_outcome_lock,query,10642,wbcic-31-S3-00049
WBCIC,2,31,2,withheld_until_outcome_lock,query,10643,wbcic-31-S3-00050
WBCIC,2,31,2,withheld_until_outcome_lock,query,10644,wbcic-31-S3-00051
WBCIC,2,31,2,withheld_until_outcome_lock,query,10645,wbcic-31-S3-00052
WBCIC,2,31,2,withheld_until_outcome_lock,query,10646,wbcic-31-S3-00053
WBCIC,2,31,2,withheld_until_outcome_lock,query,10647,wbcic-31-S3-00054
WBCIC,2,31,2,withheld_until_outcome_lock,query,10648,wbcic-31-S3-00055
WBCIC,2,31,2,withheld_until_outcome_lock,query,10649,wbcic-31-S3-00056
WBCIC,2,31,2,withheld_until_outcome_lock,query,10650,wbcic-31-S3-00057
WBCIC,2,31,2,withheld_until_outcome_lock,query,10651,wbcic-31-S3-00058
WBCIC,2,31,2,withheld_until_outcome_lock,query,10652,wbcic-31-S3-00059
WBCIC,2,31,2,withheld_until_outcome_lock,query,10653,wbcic-31-S3-00060
WBCIC,2,31,2,withheld_until_outcome_lock,query,10654,wbcic-31-S3-00061
WBCIC,2,31,2,withheld_until_outcome_lock,query,10655,wbcic-31-S3-00062
WBCIC,2,31,2,withheld_until_outcome_lock,query,10656,wbcic-31-S3-00063
WBCIC,2,31,2,withheld_until_outcome_lock,query,10657,wbcic-31-S3-00064
WBCIC,2,31,2,withheld_until_outcome_lock,query,10658,wbcic-31-S3-00065
WBCIC,2,31,2,withheld_until_outcome_lock,query,10659,wbcic-31-S3-00066
WBCIC,2,31,2,withheld_until_outcome_lock,query,10660,wbcic-31-S3-00067
WBCIC,2,31,2,withheld_until_outcome_lock,query,10661,wbcic-31-S3-00068
WBCIC,2,31,2,withheld_until_outcome_lock,query,10662,wbcic-31-S3-00069
WBCIC,2,31,2,withheld_until_outcome_lock,query,10663,wbcic-31-S3-00070
WBCIC,2,31,2,withheld_until_outcome_lock,query,10664,wbcic-31-S3-00071
WBCIC,2,31,2,withheld_until_outcome_lock,query,10665,wbcic-31-S3-00072
WBCIC,2,31,2,withheld_until_outcome_lock,query,10666,wbcic-31-S3-00073
WBCIC,2,31,2,withheld_until_outcome_lock,query,10667,wbcic-31-S3-00074
WBCIC,2,31,2,withheld_until_outcome_lock,query,10668,wbcic-31-S3-00075
WBCIC,2,31,2,withheld_until_outcome_lock,query,10669,wbcic-31-S3-00076
WBCIC,2,31,2,withheld_until_outcome_lock,query,10670,wbcic-31-S3-00077
WBCIC,2,31,2,withheld_until_outcome_lock,query,10671,wbcic-31-S3-00078
WBCIC,2,31,2,withheld_until_outcome_lock,query,10672,wbcic-31-S3-00079
WBCIC,2,31,2,withheld_until_outcome_lock,query,10673,wbcic-31-S3-00080
WBCIC,2,31,2,withheld_until_outcome_lock,query,10674,wbcic-31-S3-00081
WBCIC,2,31,2,withheld_until_outcome_lock,query,10675,wbcic-31-S3-00082
WBCIC,2,31,2,withheld_until_outcome_lock,query,10676,wbcic-31-S3-00083
WBCIC,2,31,2,withheld_until_outcome_lock,query,10677,wbcic-31-S3-00084
WBCIC,2,31,2,withheld_until_outcome_lock,query,10678,wbcic-31-S3-00085
WBCIC,2,31,2,withheld_until_outcome_lock,query,10679,wbcic-31-S3-00086
WBCIC,2,31,2,withheld_until_outcome_lock,query,10680,wbcic-31-S3-00087
WBCIC,2,31,2,withheld_until_outcome_lock,query,10681,wbcic-31-S3-00088
WBCIC,2,31,2,withheld_until_outcome_lock,query,10682,wbcic-31-S3-00089
WBCIC,2,31,2,withheld_until_outcome_lock,query,10683,wbcic-31-S3-00090
WBCIC,2,31,2,withheld_until_outcome_lock,query,10684,wbcic-31-S3-00091
WBCIC,2,31,2,withheld_until_outcome_lock,query,10685,wbcic-31-S3-00092
WBCIC,2,31,2,withheld_until_outcome_lock,query,10686,wbcic-31-S3-00093
WBCIC,2,31,2,withheld_until_outcome_lock,query,10687,wbcic-31-S3-00094
WBCIC,2,31,2,withheld_until_outcome_lock,query,10688,wbcic-31-S3-00095
WBCIC,2,31,2,withheld_until_outcome_lock,query,10689,wbcic-31-S3-00096
WBCIC,2,31,2,withheld_until_outcome_lock,query,10690,wbcic-31-S3-00097
WBCIC,2,31,2,withheld_until_outcome_lock,query,10691,wbcic-31-S3-00098
WBCIC,2,31,2,withheld_until_outcome_lock,query,10692,wbcic-31-S3-00099
WBCIC,2,31,2,withheld_until_outcome_lock,query,10693,wbcic-31-S3-00100
WBCIC,2,31,2,withheld_until_outcome_lock,query,10694,wbcic-31-S3-00101
WBCIC,2,31,2,withheld_until_outcome_lock,query,10695,wbcic-31-S3-00102
WBCIC,2,31,2,withheld_until_outcome_lock,query,10696,wbcic-31-S3-00103
WBCIC,2,31,2,withheld_until_outcome_lock,query,10697,wbcic-31-S3-00104
WBCIC,2,31,2,withheld_until_outcome_lock,query,10698,wbcic-31-S3-00105
WBCIC,2,31,2,withheld_until_outcome_lock,query,10699,wbcic-31-S3-00106
WBCIC,2,31,2,withheld_until_outcome_lock,query,10700,wbcic-31-S3-00107
WBCIC,2,31,2,withheld_until_outcome_lock,query,10701,wbcic-31-S3-00108
WBCIC,2,31,2,withheld_until_outcome_lock,query,10702,wbcic-31-S3-00109
WBCIC,2,31,2,withheld_until_outcome_lock,query,10703,wbcic-31-S3-00110
WBCIC,2,31,2,withheld_until_outcome_lock,query,10704,wbcic-31-S3-00111
WBCIC,2,31,2,withheld_until_outcome_lock,query,10705,wbcic-31-S3-00112
WBCIC,2,31,2,withheld_until_outcome_lock,query,10706,wbcic-31-S3-00113
WBCIC,2,31,2,withheld_until_outcome_lock,query,10707,wbcic-31-S3-00114
WBCIC,2,31,2,withheld_until_outcome_lock,query,10708,wbcic-31-S3-00115
WBCIC,2,31,2,withheld_until_outcome_lock,query,10709,wbcic-31-S3-00116
WBCIC,2,31,2,withheld_until_outcome_lock,query,10710,wbcic-31-S3-00117
WBCIC,2,31,2,withheld_until_outcome_lock,query,10711,wbcic-31-S3-00118
WBCIC,2,31,2,withheld_until_outcome_lock,query,10712,wbcic-31-S3-00119
WBCIC,2,31,2,withheld_until_outcome_lock,query,10713,wbcic-31-S3-00120
WBCIC,2,31,2,withheld_until_outcome_lock,query,10714,wbcic-31-S3-00121
WBCIC,2,31,2,withheld_until_outcome_lock,query,10715,wbcic-31-S3-00122
WBCIC,2,31,2,withheld_until_outcome_lock,query,10716,wbcic-31-S3-00123
WBCIC,2,31,2,withheld_until_outcome_lock,query,10717,wbcic-31-S3-00124
WBCIC,2,31,2,withheld_until_outcome_lock,query,10718,wbcic-31-S3-00125
WBCIC,2,31,2,withheld_until_outcome_lock,query,10719,wbcic-31-S3-00126
WBCIC,2,31,2,withheld_until_outcome_lock,query,10720,wbcic-31-S3-00127
WBCIC,2,31,2,withheld_until_outcome_lock,query,10721,wbcic-31-S3-00128
WBCIC,2,31,2,withheld_until_outcome_lock,query,10722,wbcic-31-S3-00129
WBCIC,2,31,2,withheld_until_outcome_lock,query,10723,wbcic-31-S3-00130
WBCIC,2,31,2,withheld_until_outcome_lock,query,10724,wbcic-31-S3-00131
WBCIC,2,31,2,withheld_until_outcome_lock,query,10725,wbcic-31-S3-00132
WBCIC,2,31,2,withheld_until_outcome_lock,query,10726,wbcic-31-S3-00133
WBCIC,2,31,2,withheld_until_outcome_lock,query,10727,wbcic-31-S3-00134
WBCIC,2,31,2,withheld_until_outcome_lock,query,10728,wbcic-31-S3-00135
WBCIC,2,31,2,withheld_until_outcome_lock,query,10729,wbcic-31-S3-00136
WBCIC,2,31,2,withheld_until_outcome_lock,query,10730,wbcic-31-S3-00137
WBCIC,2,31,2,withheld_until_outcome_lock,query,10731,wbcic-31-S3-00138
WBCIC,2,31,2,withheld_until_outcome_lock,query,10732,wbcic-31-S3-00139
WBCIC,2,31,2,withheld_until_outcome_lock,query,10733,wbcic-31-S3-00140
WBCIC,2,31,2,withheld_until_outcome_lock,query,10734,wbcic-31-S3-00141
WBCIC,2,31,2,withheld_until_outcome_lock,query,10735,wbcic-31-S3-00142
WBCIC,2,31,2,withheld_until_outcome_lock,query,10736,wbcic-31-S3-00143
WBCIC,2,31,2,withheld_until_outcome_lock,query,10737,wbcic-31-S3-00144
WBCIC,2,31,2,withheld_until_outcome_lock,query,10738,wbcic-31-S3-00145
WBCIC,2,31,2,withheld_until_outcome_lock,query,10739,wbcic-31-S3-00146
WBCIC,2,31,2,withheld_until_outcome_lock,query,10740,wbcic-31-S3-00147
WBCIC,2,31,2,withheld_until_outcome_lock,query,10741,wbcic-31-S3-00148
WBCIC,2,31,2,withheld_until_outcome_lock,query,10742,wbcic-31-S3-00149
WBCIC,2,31,2,withheld_until_outcome_lock,query,10743,wbcic-31-S3-00150
WBCIC,2,31,2,withheld_until_outcome_lock,query,10744,wbcic-31-S3-00151
WBCIC,2,31,2,withheld_until_outcome_lock,query,10745,wbcic-31-S3-00152
WBCIC,2,31,2,withheld_until_outcome_lock,query,10746,wbcic-31-S3-00153
WBCIC,2,31,2,withheld_until_outcome_lock,query,10747,wbcic-31-S3-00154
WBCIC,2,31,2,withheld_until_outcome_lock,query,10748,wbcic-31-S3-00155
WBCIC,2,31,2,withheld_until_outcome_lock,query,10749,wbcic-31-S3-00156
WBCIC,2,31,2,withheld_until_outcome_lock,query,10750,wbcic-31-S3-00157
WBCIC,2,31,2,withheld_until_outcome_lock,query,10751,wbcic-31-S3-00158
WBCIC,2,31,2,withheld_until_outcome_lock,query,10752,wbcic-31-S3-00159
WBCIC,2,31,2,withheld_until_outcome_lock,query,10753,wbcic-31-S3-00160
WBCIC,2,31,2,withheld_until_outcome_lock,query,10754,wbcic-31-S3-00161
WBCIC,2,31,2,withheld_until_outcome_lock,query,10755,wbcic-31-S3-00162
WBCIC,2,31,2,withheld_until_outcome_lock,query,10756,wbcic-31-S3-00163
WBCIC,2,31,2,withheld_until_outcome_lock,query,10757,wbcic-31-S3-00164
WBCIC,2,31,2,withheld_until_outcome_lock,query,10758,wbcic-31-S3-00165
WBCIC,2,31,2,withheld_until_outcome_lock,query,10759,wbcic-31-S3-00166
WBCIC,2,31,2,withheld_until_outcome_lock,query,10760,wbcic-31-S3-00167
WBCIC,2,31,2,withheld_until_outcome_lock,query,10761,wbcic-31-S3-00168
WBCIC,2,31,2,withheld_until_outcome_lock,query,10762,wbcic-31-S3-00169
WBCIC,2,31,2,withheld_until_outcome_lock,query,10763,wbcic-31-S3-00170
WBCIC,2,31,2,withheld_until_outcome_lock,query,10764,wbcic-31-S3-00171
WBCIC,2,31,2,withheld_until_outcome_lock,query,10765,wbcic-31-S3-00172
WBCIC,2,31,2,withheld_until_outcome_lock,query,10766,wbcic-31-S3-00173
WBCIC,2,31,2,withheld_until_outcome_lock,query,10767,wbcic-31-S3-00174
WBCIC,2,31,2,withheld_until_outcome_lock,query,10768,wbcic-31-S3-00175
WBCIC,2,31,2,withheld_until_outcome_lock,query,10769,wbcic-31-S3-00176
WBCIC,2,31,2,withheld_until_outcome_lock,query,10770,wbcic-31-S3-00177
WBCIC,2,31,2,withheld_until_outcome_lock,query,10771,wbcic-31-S3-00178
WBCIC,2,31,2,withheld_until_outcome_lock,query,10772,wbcic-31-S3-00179
WBCIC,2,31,2,withheld_until_outcome_lock,query,10773,wbcic-31-S3-00180
WBCIC,2,31,2,withheld_until_outcome_lock,query,10774,wbcic-31-S3-00181
WBCIC,2,31,2,withheld_until_outcome_lock,query,10775,wbcic-31-S3-00182
WBCIC,2,31,2,withheld_until_outcome_lock,query,10776,wbcic-31-S3-00183
WBCIC,2,31,2,withheld_until_outcome_lock,query,10777,wbcic-31-S3-00184
WBCIC,2,31,2,withheld_until_outcome_lock,query,10778,wbcic-31-S3-00185
WBCIC,2,31,2,withheld_until_outcome_lock,query,10779,wbcic-31-S3-00186
WBCIC,2,31,2,withheld_until_outcome_lock,query,10780,wbcic-31-S3-00187
WBCIC,2,31,2,withheld_until_outcome_lock,query,10781,wbcic-31-S3-00188
WBCIC,2,31,2,withheld_until_outcome_lock,query,10782,wbcic-31-S3-00189
WBCIC,2,31,2,withheld_until_outcome_lock,query,10783,wbcic-31-S3-00190
WBCIC,2,31,2,withheld_until_outcome_lock,query,10784,wbcic-31-S3-00191
WBCIC,2,31,2,withheld_until_outcome_lock,query,10785,wbcic-31-S3-00192
WBCIC,2,31,2,withheld_until_outcome_lock,query,10786,wbcic-31-S3-00193
WBCIC,2,31,2,withheld_until_outcome_lock,query,10787,wbcic-31-S3-00194
WBCIC,2,31,2,withheld_until_outcome_lock,query,10788,wbcic-31-S3-00195
WBCIC,2,31,2,withheld_until_outcome_lock,query,10789,wbcic-31-S3-00196
WBCIC,2,31,2,withheld_until_outcome_lock,query,10790,wbcic-31-S3-00197
WBCIC,2,31,2,withheld_until_outcome_lock,query,10791,wbcic-31-S3-00198
WBCIC,2,31,2,withheld_until_outcome_lock,query,10792,wbcic-31-S3-00199
WBCIC,2,38,2,withheld_until_outcome_lock,query,13592,wbcic-38-S3-00000
WBCIC,2,38,2,withheld_until_outcome_lock,query,13593,wbcic-38-S3-00001
WBCIC,2,38,2,withheld_until_outcome_lock,query,13594,wbcic-38-S3-00002
WBCIC,2,38,2,withheld_until_outcome_lock,query,13595,wbcic-38-S3-00003
WBCIC,2,38,2,withheld_until_outcome_lock,query,13596,wbcic-38-S3-00004
WBCIC,2,38,2,withheld_until_outcome_lock,query,13597,wbcic-38-S3-00005
WBCIC,2,38,2,withheld_until_outcome_lock,query,13598,wbcic-38-S3-00006
WBCIC,2,38,2,withheld_until_outcome_lock,query,13599,wbcic-38-S3-00007
WBCIC,2,38,2,withheld_until_outcome_lock,query,13600,wbcic-38-S3-00008
WBCIC,2,38,2,withheld_until_outcome_lock,query,13601,wbcic-38-S3-00009
WBCIC,2,38,2,withheld_until_outcome_lock,query,13602,wbcic-38-S3-00010
WBCIC,2,38,2,withheld_until_outcome_lock,query,13603,wbcic-38-S3-00011
WBCIC,2,38,2,withheld_until_outcome_lock,query,13604,wbcic-38-S3-00012
WBCIC,2,38,2,withheld_until_outcome_lock,query,13605,wbcic-38-S3-00013
WBCIC,2,38,2,withheld_until_outcome_lock,query,13606,wbcic-38-S3-00014
WBCIC,2,38,2,withheld_until_outcome_lock,query,13607,wbcic-38-S3-00015
WBCIC,2,38,2,withheld_until_outcome_lock,query,13608,wbcic-38-S3-00016
WBCIC,2,38,2,withheld_until_outcome_lock,query,13609,wbcic-38-S3-00017
WBCIC,2,38,2,withheld_until_outcome_lock,query,13610,wbcic-38-S3-00018
WBCIC,2,38,2,withheld_until_outcome_lock,query,13611,wbcic-38-S3-00019
WBCIC,2,38,2,withheld_until_outcome_lock,query,13612,wbcic-38-S3-00020
WBCIC,2,38,2,withheld_until_outcome_lock,query,13613,wbcic-38-S3-00021
WBCIC,2,38,2,withheld_until_outcome_lock,query,13614,wbcic-38-S3-00022
WBCIC,2,38,2,withheld_until_outcome_lock,query,13615,wbcic-38-S3-00023
WBCIC,2,38,2,withheld_until_outcome_lock,query,13616,wbcic-38-S3-00024
WBCIC,2,38,2,withheld_until_outcome_lock,query,13617,wbcic-38-S3-00025
WBCIC,2,38,2,withheld_until_outcome_lock,query,13618,wbcic-38-S3-00026
WBCIC,2,38,2,withheld_until_outcome_lock,query,13619,wbcic-38-S3-00027
WBCIC,2,38,2,withheld_until_outcome_lock,query,13620,wbcic-38-S3-00028
WBCIC,2,38,2,withheld_until_outcome_lock,query,13621,wbcic-38-S3-00029
WBCIC,2,38,2,withheld_until_outcome_lock,query,13622,wbcic-38-S3-00030
WBCIC,2,38,2,withheld_until_outcome_lock,query,13623,wbcic-38-S3-00031
WBCIC,2,38,2,withheld_until_outcome_lock,query,13624,wbcic-38-S3-00032
WBCIC,2,38,2,withheld_until_outcome_lock,query,13625,wbcic-38-S3-00033
WBCIC,2,38,2,withheld_until_outcome_lock,query,13626,wbcic-38-S3-00034
WBCIC,2,38,2,withheld_until_outcome_lock,query,13627,wbcic-38-S3-00035
WBCIC,2,38,2,withheld_until_outcome_lock,query,13628,wbcic-38-S3-00036
WBCIC,2,38,2,withheld_until_outcome_lock,query,13629,wbcic-38-S3-00037
WBCIC,2,38,2,withheld_until_outcome_lock,query,13630,wbcic-38-S3-00038
WBCIC,2,38,2,withheld_until_outcome_lock,query,13631,wbcic-38-S3-00039
WBCIC,2,38,2,withheld_until_outcome_lock,query,13632,wbcic-38-S3-00040
WBCIC,2,38,2,withheld_until_outcome_lock,query,13633,wbcic-38-S3-00041
WBCIC,2,38,2,withheld_until_outcome_lock,query,13634,wbcic-38-S3-00042
WBCIC,2,38,2,withheld_until_outcome_lock,query,13635,wbcic-38-S3-00043
WBCIC,2,38,2,withheld_until_outcome_lock,query,13636,wbcic-38-S3-00044
WBCIC,2,38,2,withheld_until_outcome_lock,query,13637,wbcic-38-S3-00045
WBCIC,2,38,2,withheld_until_outcome_lock,query,13638,wbcic-38-S3-00046
WBCIC,2,38,2,withheld_until_outcome_lock,query,13639,wbcic-38-S3-00047
WBCIC,2,38,2,withheld_until_outcome_lock,query,13640,wbcic-38-S3-00048
WBCIC,2,38,2,withheld_until_outcome_lock,query,13641,wbcic-38-S3-00049
WBCIC,2,38,2,withheld_until_outcome_lock,query,13642,wbcic-38-S3-00050
WBCIC,2,38,2,withheld_until_outcome_lock,query,13643,wbcic-38-S3-00051
WBCIC,2,38,2,withheld_until_outcome_lock,query,13644,wbcic-38-S3-00052
WBCIC,2,38,2,withheld_until_outcome_lock,query,13645,wbcic-38-S3-00053
WBCIC,2,38,2,withheld_until_outcome_lock,query,13646,wbcic-38-S3-00054
WBCIC,2,38,2,withheld_until_outcome_lock,query,13647,wbcic-38-S3-00055
WBCIC,2,38,2,withheld_until_outcome_lock,query,13648,wbcic-38-S3-00056
WBCIC,2,38,2,withheld_until_outcome_lock,query,13649,wbcic-38-S3-00057
WBCIC,2,38,2,withheld_until_outcome_lock,query,13650,wbcic-38-S3-00058
WBCIC,2,38,2,withheld_until_outcome_lock,query,13651,wbcic-38-S3-00059
WBCIC,2,38,2,withheld_until_outcome_lock,query,13652,wbcic-38-S3-00060
WBCIC,2,38,2,withheld_until_outcome_lock,query,13653,wbcic-38-S3-00061
WBCIC,2,38,2,withheld_until_outcome_lock,query,13654,wbcic-38-S3-00062
WBCIC,2,38,2,withheld_until_outcome_lock,query,13655,wbcic-38-S3-00063
WBCIC,2,38,2,withheld_until_outcome_lock,query,13656,wbcic-38-S3-00064
WBCIC,2,38,2,withheld_until_outcome_lock,query,13657,wbcic-38-S3-00065
WBCIC,2,38,2,withheld_until_outcome_lock,query,13658,wbcic-38-S3-00066
WBCIC,2,38,2,withheld_until_outcome_lock,query,13659,wbcic-38-S3-00067
WBCIC,2,38,2,withheld_until_outcome_lock,query,13660,wbcic-38-S3-00068
WBCIC,2,38,2,withheld_until_outcome_lock,query,13661,wbcic-38-S3-00069
WBCIC,2,38,2,withheld_until_outcome_lock,query,13662,wbcic-38-S3-00070
WBCIC,2,38,2,withheld_until_outcome_lock,query,13663,wbcic-38-S3-00071
WBCIC,2,38,2,withheld_until_outcome_lock,query,13664,wbcic-38-S3-00072
WBCIC,2,38,2,withheld_until_outcome_lock,query,13665,wbcic-38-S3-00073
WBCIC,2,38,2,withheld_until_outcome_lock,query,13666,wbcic-38-S3-00074
WBCIC,2,38,2,withheld_until_outcome_lock,query,13667,wbcic-38-S3-00075
WBCIC,2,38,2,withheld_until_outcome_lock,query,13668,wbcic-38-S3-00076
WBCIC,2,38,2,withheld_until_outcome_lock,query,13669,wbcic-38-S3-00077
WBCIC,2,38,2,withheld_until_outcome_lock,query,13670,wbcic-38-S3-00078
WBCIC,2,38,2,withheld_until_outcome_lock,query,13671,wbcic-38-S3-00079
WBCIC,2,38,2,withheld_until_outcome_lock,query,13672,wbcic-38-S3-00080
WBCIC,2,38,2,withheld_until_outcome_lock,query,13673,wbcic-38-S3-00081
WBCIC,2,38,2,withheld_until_outcome_lock,query,13674,wbcic-38-S3-00082
WBCIC,2,38,2,withheld_until_outcome_lock,query,13675,wbcic-38-S3-00083
WBCIC,2,38,2,withheld_until_outcome_lock,query,13676,wbcic-38-S3-00084
WBCIC,2,38,2,withheld_until_outcome_lock,query,13677,wbcic-38-S3-00085
WBCIC,2,38,2,withheld_until_outcome_lock,query,13678,wbcic-38-S3-00086
WBCIC,2,38,2,withheld_until_outcome_lock,query,13679,wbcic-38-S3-00087
WBCIC,2,38,2,withheld_until_outcome_lock,query,13680,wbcic-38-S3-00088
WBCIC,2,38,2,withheld_until_outcome_lock,query,13681,wbcic-38-S3-00089
WBCIC,2,38,2,withheld_until_outcome_lock,query,13682,wbcic-38-S3-00090
WBCIC,2,38,2,withheld_until_outcome_lock,query,13683,wbcic-38-S3-00091
WBCIC,2,38,2,withheld_until_outcome_lock,query,13684,wbcic-38-S3-00092
WBCIC,2,38,2,withheld_until_outcome_lock,query,13685,wbcic-38-S3-00093
WBCIC,2,38,2,withheld_until_outcome_lock,query,13686,wbcic-38-S3-00094
WBCIC,2,38,2,withheld_until_outcome_lock,query,13687,wbcic-38-S3-00095
WBCIC,2,38,2,withheld_until_outcome_lock,query,13688,wbcic-38-S3-00096
WBCIC,2,38,2,withheld_until_outcome_lock,query,13689,wbcic-38-S3-00097
WBCIC,2,38,2,withheld_until_outcome_lock,query,13690,wbcic-38-S3-00098
WBCIC,2,38,2,withheld_until_outcome_lock,query,13691,wbcic-38-S3-00099
WBCIC,2,38,2,withheld_until_outcome_lock,query,13692,wbcic-38-S3-00100
WBCIC,2,38,2,withheld_until_outcome_lock,query,13693,wbcic-38-S3-00101
WBCIC,2,38,2,withheld_until_outcome_lock,query,13694,wbcic-38-S3-00102
WBCIC,2,38,2,withheld_until_outcome_lock,query,13695,wbcic-38-S3-00103
WBCIC,2,38,2,withheld_until_outcome_lock,query,13696,wbcic-38-S3-00104
WBCIC,2,38,2,withheld_until_outcome_lock,query,13697,wbcic-38-S3-00105
WBCIC,2,38,2,withheld_until_outcome_lock,query,13698,wbcic-38-S3-00106
WBCIC,2,38,2,withheld_until_outcome_lock,query,13699,wbcic-38-S3-00107
WBCIC,2,38,2,withheld_until_outcome_lock,query,13700,wbcic-38-S3-00108
WBCIC,2,38,2,withheld_until_outcome_lock,query,13701,wbcic-38-S3-00109
WBCIC,2,38,2,withheld_until_outcome_lock,query,13702,wbcic-38-S3-00110
WBCIC,2,38,2,withheld_until_outcome_lock,query,13703,wbcic-38-S3-00111
WBCIC,2,38,2,withheld_until_outcome_lock,query,13704,wbcic-38-S3-00112
WBCIC,2,38,2,withheld_until_outcome_lock,query,13705,wbcic-38-S3-00113
WBCIC,2,38,2,withheld_until_outcome_lock,query,13706,wbcic-38-S3-00114
WBCIC,2,38,2,withheld_until_outcome_lock,query,13707,wbcic-38-S3-00115
WBCIC,2,38,2,withheld_until_outcome_lock,query,13708,wbcic-38-S3-00116
WBCIC,2,38,2,withheld_until_outcome_lock,query,13709,wbcic-38-S3-00117
WBCIC,2,38,2,withheld_until_outcome_lock,query,13710,wbcic-38-S3-00118
WBCIC,2,38,2,withheld_until_outcome_lock,query,13711,wbcic-38-S3-00119
WBCIC,2,38,2,withheld_until_outcome_lock,query,13712,wbcic-38-S3-00120
WBCIC,2,38,2,withheld_until_outcome_lock,query,13713,wbcic-38-S3-00121
WBCIC,2,38,2,withheld_until_outcome_lock,query,13714,wbcic-38-S3-00122
WBCIC,2,38,2,withheld_until_outcome_lock,query,13715,wbcic-38-S3-00123
WBCIC,2,38,2,withheld_until_outcome_lock,query,13716,wbcic-38-S3-00124
WBCIC,2,38,2,withheld_until_outcome_lock,query,13717,wbcic-38-S3-00125
WBCIC,2,38,2,withheld_until_outcome_lock,query,13718,wbcic-38-S3-00126
WBCIC,2,38,2,withheld_until_outcome_lock,query,13719,wbcic-38-S3-00127
WBCIC,2,38,2,withheld_until_outcome_lock,query,13720,wbcic-38-S3-00128
WBCIC,2,38,2,withheld_until_outcome_lock,query,13721,wbcic-38-S3-00129
WBCIC,2,38,2,withheld_until_outcome_lock,query,13722,wbcic-38-S3-00130
WBCIC,2,38,2,withheld_until_outcome_lock,query,13723,wbcic-38-S3-00131
WBCIC,2,38,2,withheld_until_outcome_lock,query,13724,wbcic-38-S3-00132
WBCIC,2,38,2,withheld_until_outcome_lock,query,13725,wbcic-38-S3-00133
WBCIC,2,38,2,withheld_until_outcome_lock,query,13726,wbcic-38-S3-00134
WBCIC,2,38,2,withheld_until_outcome_lock,query,13727,wbcic-38-S3-00135
WBCIC,2,38,2,withheld_until_outcome_lock,query,13728,wbcic-38-S3-00136
WBCIC,2,38,2,withheld_until_outcome_lock,query,13729,wbcic-38-S3-00137
WBCIC,2,38,2,withheld_until_outcome_lock,query,13730,wbcic-38-S3-00138
WBCIC,2,38,2,withheld_until_outcome_lock,query,13731,wbcic-38-S3-00139
WBCIC,2,38,2,withheld_until_outcome_lock,query,13732,wbcic-38-S3-00140
WBCIC,2,38,2,withheld_until_outcome_lock,query,13733,wbcic-38-S3-00141
WBCIC,2,38,2,withheld_until_outcome_lock,query,13734,wbcic-38-S3-00142
WBCIC,2,38,2,withheld_until_outcome_lock,query,13735,wbcic-38-S3-00143
WBCIC,2,38,2,withheld_until_outcome_lock,query,13736,wbcic-38-S3-00144
WBCIC,2,38,2,withheld_until_outcome_lock,query,13737,wbcic-38-S3-00145
WBCIC,2,38,2,withheld_until_outcome_lock,query,13738,wbcic-38-S3-00146
WBCIC,2,38,2,withheld_until_outcome_lock,query,13739,wbcic-38-S3-00147
WBCIC,2,38,2,withheld_until_outcome_lock,query,13740,wbcic-38-S3-00148
WBCIC,2,38,2,withheld_until_outcome_lock,query,13741,wbcic-38-S3-00149
WBCIC,2,38,2,withheld_until_outcome_lock,query,13742,wbcic-38-S3-00150
WBCIC,2,38,2,withheld_until_outcome_lock,query,13743,wbcic-38-S3-00151
WBCIC,2,38,2,withheld_until_outcome_lock,query,13744,wbcic-38-S3-00152
WBCIC,2,38,2,withheld_until_outcome_lock,query,13745,wbcic-38-S3-00153
WBCIC,2,38,2,withheld_until_outcome_lock,query,13746,wbcic-38-S3-00154
WBCIC,2,38,2,withheld_until_outcome_lock,query,13747,wbcic-38-S3-00155
WBCIC,2,38,2,withheld_until_outcome_lock,query,13748,wbcic-38-S3-00156
WBCIC,2,38,2,withheld_until_outcome_lock,query,13749,wbcic-38-S3-00157
WBCIC,2,38,2,withheld_until_outcome_lock,query,13750,wbcic-38-S3-00158
WBCIC,2,38,2,withheld_until_outcome_lock,query,13751,wbcic-38-S3-00159
WBCIC,2,38,2,withheld_until_outcome_lock,query,13752,wbcic-38-S3-00160
WBCIC,2,38,2,withheld_until_outcome_lock,query,13753,wbcic-38-S3-00161
WBCIC,2,38,2,withheld_until_outcome_lock,query,13754,wbcic-38-S3-00162
WBCIC,2,38,2,withheld_until_outcome_lock,query,13755,wbcic-38-S3-00163
WBCIC,2,38,2,withheld_until_outcome_lock,query,13756,wbcic-38-S3-00164
WBCIC,2,38,2,withheld_until_outcome_lock,query,13757,wbcic-38-S3-00165
WBCIC,2,38,2,withheld_until_outcome_lock,query,13758,wbcic-38-S3-00166
WBCIC,2,38,2,withheld_until_outcome_lock,query,13759,wbcic-38-S3-00167
WBCIC,2,38,2,withheld_until_outcome_lock,query,13760,wbcic-38-S3-00168
WBCIC,2,38,2,withheld_until_outcome_lock,query,13761,wbcic-38-S3-00169
WBCIC,2,38,2,withheld_until_outcome_lock,query,13762,wbcic-38-S3-00170
WBCIC,2,38,2,withheld_until_outcome_lock,query,13763,wbcic-38-S3-00171
WBCIC,2,38,2,withheld_until_outcome_lock,query,13764,wbcic-38-S3-00172
WBCIC,2,38,2,withheld_until_outcome_lock,query,13765,wbcic-38-S3-00173
WBCIC,2,38,2,withheld_until_outcome_lock,query,13766,wbcic-38-S3-00174
WBCIC,2,38,2,withheld_until_outcome_lock,query,13767,wbcic-38-S3-00175
WBCIC,2,38,2,withheld_until_outcome_lock,query,13768,wbcic-38-S3-00176
WBCIC,2,38,2,withheld_until_outcome_lock,query,13769,wbcic-38-S3-00177
WBCIC,2,38,2,withheld_until_outcome_lock,query,13770,wbcic-38-S3-00178
WBCIC,2,38,2,withheld_until_outcome_lock,query,13771,wbcic-38-S3-00179
WBCIC,2,38,2,withheld_until_outcome_lock,query,13772,wbcic-38-S3-00180
WBCIC,2,38,2,withheld_until_outcome_lock,query,13773,wbcic-38-S3-00181
WBCIC,2,38,2,withheld_until_outcome_lock,query,13774,wbcic-38-S3-00182
WBCIC,2,38,2,withheld_until_outcome_lock,query,13775,wbcic-38-S3-00183
WBCIC,2,38,2,withheld_until_outcome_lock,query,13776,wbcic-38-S3-00184
WBCIC,2,38,2,withheld_until_outcome_lock,query,13777,wbcic-38-S3-00185
WBCIC,2,38,2,withheld_until_outcome_lock,query,13778,wbcic-38-S3-00186
WBCIC,2,38,2,withheld_until_outcome_lock,query,13779,wbcic-38-S3-00187
WBCIC,2,38,2,withheld_until_outcome_lock,query,13780,wbcic-38-S3-00188
WBCIC,2,38,2,withheld_until_outcome_lock,query,13781,wbcic-38-S3-00189
WBCIC,2,38,2,withheld_until_outcome_lock,query,13782,wbcic-38-S3-00190
WBCIC,2,38,2,withheld_until_outcome_lock,query,13783,wbcic-38-S3-00191
WBCIC,2,38,2,withheld_until_outcome_lock,query,13784,wbcic-38-S3-00192
WBCIC,2,38,2,withheld_until_outcome_lock,query,13785,wbcic-38-S3-00193
WBCIC,2,38,2,withheld_until_outcome_lock,query,13786,wbcic-38-S3-00194
WBCIC,2,38,2,withheld_until_outcome_lock,query,13787,wbcic-38-S3-00195
WBCIC,2,38,2,withheld_until_outcome_lock,query,13788,wbcic-38-S3-00196
WBCIC,2,38,2,withheld_until_outcome_lock,query,13789,wbcic-38-S3-00197
WBCIC,2,38,2,withheld_until_outcome_lock,query,13790,wbcic-38-S3-00198
WBCIC,2,38,2,withheld_until_outcome_lock,query,13791,wbcic-38-S3-00199
WBCIC,2,41,2,withheld_until_outcome_lock,query,14192,wbcic-41-S3-00000
WBCIC,2,41,2,withheld_until_outcome_lock,query,14193,wbcic-41-S3-00001
WBCIC,2,41,2,withheld_until_outcome_lock,query,14194,wbcic-41-S3-00002
WBCIC,2,41,2,withheld_until_outcome_lock,query,14195,wbcic-41-S3-00003
WBCIC,2,41,2,withheld_until_outcome_lock,query,14196,wbcic-41-S3-00004
WBCIC,2,41,2,withheld_until_outcome_lock,query,14197,wbcic-41-S3-00005
WBCIC,2,41,2,withheld_until_outcome_lock,query,14198,wbcic-41-S3-00006
WBCIC,2,41,2,withheld_until_outcome_lock,query,14199,wbcic-41-S3-00007
WBCIC,2,41,2,withheld_until_outcome_lock,query,14200,wbcic-41-S3-00008
WBCIC,2,41,2,withheld_until_outcome_lock,query,14201,wbcic-41-S3-00009
WBCIC,2,41,2,withheld_until_outcome_lock,query,14202,wbcic-41-S3-00010
WBCIC,2,41,2,withheld_until_outcome_lock,query,14203,wbcic-41-S3-00011
WBCIC,2,41,2,withheld_until_outcome_lock,query,14204,wbcic-41-S3-00012
WBCIC,2,41,2,withheld_until_outcome_lock,query,14205,wbcic-41-S3-00013
WBCIC,2,41,2,withheld_until_outcome_lock,query,14206,wbcic-41-S3-00014
WBCIC,2,41,2,withheld_until_outcome_lock,query,14207,wbcic-41-S3-00015
WBCIC,2,41,2,withheld_until_outcome_lock,query,14208,wbcic-41-S3-00016
WBCIC,2,41,2,withheld_until_outcome_lock,query,14209,wbcic-41-S3-00017
WBCIC,2,41,2,withheld_until_outcome_lock,query,14210,wbcic-41-S3-00018
WBCIC,2,41,2,withheld_until_outcome_lock,query,14211,wbcic-41-S3-00019
WBCIC,2,41,2,withheld_until_outcome_lock,query,14212,wbcic-41-S3-00020
WBCIC,2,41,2,withheld_until_outcome_lock,query,14213,wbcic-41-S3-00021
WBCIC,2,41,2,withheld_until_outcome_lock,query,14214,wbcic-41-S3-00022
WBCIC,2,41,2,withheld_until_outcome_lock,query,14215,wbcic-41-S3-00023
WBCIC,2,41,2,withheld_until_outcome_lock,query,14216,wbcic-41-S3-00024
WBCIC,2,41,2,withheld_until_outcome_lock,query,14217,wbcic-41-S3-00025
WBCIC,2,41,2,withheld_until_outcome_lock,query,14218,wbcic-41-S3-00026
WBCIC,2,41,2,withheld_until_outcome_lock,query,14219,wbcic-41-S3-00027
WBCIC,2,41,2,withheld_until_outcome_lock,query,14220,wbcic-41-S3-00028
WBCIC,2,41,2,withheld_until_outcome_lock,query,14221,wbcic-41-S3-00029
WBCIC,2,41,2,withheld_until_outcome_lock,query,14222,wbcic-41-S3-00030
WBCIC,2,41,2,withheld_until_outcome_lock,query,14223,wbcic-41-S3-00031
WBCIC,2,41,2,withheld_until_outcome_lock,query,14224,wbcic-41-S3-00032
WBCIC,2,41,2,withheld_until_outcome_lock,query,14225,wbcic-41-S3-00033
WBCIC,2,41,2,withheld_until_outcome_lock,query,14226,wbcic-41-S3-00034
WBCIC,2,41,2,withheld_until_outcome_lock,query,14227,wbcic-41-S3-00035
WBCIC,2,41,2,withheld_until_outcome_lock,query,14228,wbcic-41-S3-00036
WBCIC,2,41,2,withheld_until_outcome_lock,query,14229,wbcic-41-S3-00037
WBCIC,2,41,2,withheld_until_outcome_lock,query,14230,wbcic-41-S3-00038
WBCIC,2,41,2,withheld_until_outcome_lock,query,14231,wbcic-41-S3-00039
WBCIC,2,41,2,withheld_until_outcome_lock,query,14232,wbcic-41-S3-00040
WBCIC,2,41,2,withheld_until_outcome_lock,query,14233,wbcic-41-S3-00041
WBCIC,2,41,2,withheld_until_outcome_lock,query,14234,wbcic-41-S3-00042
WBCIC,2,41,2,withheld_until_outcome_lock,query,14235,wbcic-41-S3-00043
WBCIC,2,41,2,withheld_until_outcome_lock,query,14236,wbcic-41-S3-00044
WBCIC,2,41,2,withheld_until_outcome_lock,query,14237,wbcic-41-S3-00045
WBCIC,2,41,2,withheld_until_outcome_lock,query,14238,wbcic-41-S3-00046
WBCIC,2,41,2,withheld_until_outcome_lock,query,14239,wbcic-41-S3-00047
WBCIC,2,41,2,withheld_until_outcome_lock,query,14240,wbcic-41-S3-00048
WBCIC,2,41,2,withheld_until_outcome_lock,query,14241,wbcic-41-S3-00049
WBCIC,2,41,2,withheld_until_outcome_lock,query,14242,wbcic-41-S3-00050
WBCIC,2,41,2,withheld_until_outcome_lock,query,14243,wbcic-41-S3-00051
WBCIC,2,41,2,withheld_until_outcome_lock,query,14244,wbcic-41-S3-00052
WBCIC,2,41,2,withheld_until_outcome_lock,query,14245,wbcic-41-S3-00053
WBCIC,2,41,2,withheld_until_outcome_lock,query,14246,wbcic-41-S3-00054
WBCIC,2,41,2,withheld_until_outcome_lock,query,14247,wbcic-41-S3-00055
WBCIC,2,41,2,withheld_until_outcome_lock,query,14248,wbcic-41-S3-00056
WBCIC,2,41,2,withheld_until_outcome_lock,query,14249,wbcic-41-S3-00057
WBCIC,2,41,2,withheld_until_outcome_lock,query,14250,wbcic-41-S3-00058
WBCIC,2,41,2,withheld_until_outcome_lock,query,14251,wbcic-41-S3-00059
WBCIC,2,41,2,withheld_until_outcome_lock,query,14252,wbcic-41-S3-00060
WBCIC,2,41,2,withheld_until_outcome_lock,query,14253,wbcic-41-S3-00061
WBCIC,2,41,2,withheld_until_outcome_lock,query,14254,wbcic-41-S3-00062
WBCIC,2,41,2,withheld_until_outcome_lock,query,14255,wbcic-41-S3-00063
WBCIC,2,41,2,withheld_until_outcome_lock,query,14256,wbcic-41-S3-00064
WBCIC,2,41,2,withheld_until_outcome_lock,query,14257,wbcic-41-S3-00065
WBCIC,2,41,2,withheld_until_outcome_lock,query,14258,wbcic-41-S3-00066
WBCIC,2,41,2,withheld_until_outcome_lock,query,14259,wbcic-41-S3-00067
WBCIC,2,41,2,withheld_until_outcome_lock,query,14260,wbcic-41-S3-00068
WBCIC,2,41,2,withheld_until_outcome_lock,query,14261,wbcic-41-S3-00069
WBCIC,2,41,2,withheld_until_outcome_lock,query,14262,wbcic-41-S3-00070
WBCIC,2,41,2,withheld_until_outcome_lock,query,14263,wbcic-41-S3-00071
WBCIC,2,41,2,withheld_until_outcome_lock,query,14264,wbcic-41-S3-00072
WBCIC,2,41,2,withheld_until_outcome_lock,query,14265,wbcic-41-S3-00073
WBCIC,2,41,2,withheld_until_outcome_lock,query,14266,wbcic-41-S3-00074
WBCIC,2,41,2,withheld_until_outcome_lock,query,14267,wbcic-41-S3-00075
WBCIC,2,41,2,withheld_until_outcome_lock,query,14268,wbcic-41-S3-00076
WBCIC,2,41,2,withheld_until_outcome_lock,query,14269,wbcic-41-S3-00077
WBCIC,2,41,2,withheld_until_outcome_lock,query,14270,wbcic-41-S3-00078
WBCIC,2,41,2,withheld_until_outcome_lock,query,14271,wbcic-41-S3-00079
WBCIC,2,41,2,withheld_until_outcome_lock,query,14272,wbcic-41-S3-00080
WBCIC,2,41,2,withheld_until_outcome_lock,query,14273,wbcic-41-S3-00081
WBCIC,2,41,2,withheld_until_outcome_lock,query,14274,wbcic-41-S3-00082
WBCIC,2,41,2,withheld_until_outcome_lock,query,14275,wbcic-41-S3-00083
WBCIC,2,41,2,withheld_until_outcome_lock,query,14276,wbcic-41-S3-00084
WBCIC,2,41,2,withheld_until_outcome_lock,query,14277,wbcic-41-S3-00085
WBCIC,2,41,2,withheld_until_outcome_lock,query,14278,wbcic-41-S3-00086
WBCIC,2,41,2,withheld_until_outcome_lock,query,14279,wbcic-41-S3-00087
WBCIC,2,41,2,withheld_until_outcome_lock,query,14280,wbcic-41-S3-00088
WBCIC,2,41,2,withheld_until_outcome_lock,query,14281,wbcic-41-S3-00089
WBCIC,2,41,2,withheld_until_outcome_lock,query,14282,wbcic-41-S3-00090
WBCIC,2,41,2,withheld_until_outcome_lock,query,14283,wbcic-41-S3-00091
WBCIC,2,41,2,withheld_until_outcome_lock,query,14284,wbcic-41-S3-00092
WBCIC,2,41,2,withheld_until_outcome_lock,query,14285,wbcic-41-S3-00093
WBCIC,2,41,2,withheld_until_outcome_lock,query,14286,wbcic-41-S3-00094
WBCIC,2,41,2,withheld_until_outcome_lock,query,14287,wbcic-41-S3-00095
WBCIC,2,41,2,withheld_until_outcome_lock,query,14288,wbcic-41-S3-00096
WBCIC,2,41,2,withheld_until_outcome_lock,query,14289,wbcic-41-S3-00097
WBCIC,2,41,2,withheld_until_outcome_lock,query,14290,wbcic-41-S3-00098
WBCIC,2,41,2,withheld_until_outcome_lock,query,14291,wbcic-41-S3-00099
WBCIC,2,41,2,withheld_until_outcome_lock,query,14292,wbcic-41-S3-00100
WBCIC,2,41,2,withheld_until_outcome_lock,query,14293,wbcic-41-S3-00101
WBCIC,2,41,2,withheld_until_outcome_lock,query,14294,wbcic-41-S3-00102
WBCIC,2,41,2,withheld_until_outcome_lock,query,14295,wbcic-41-S3-00103
WBCIC,2,41,2,withheld_until_outcome_lock,query,14296,wbcic-41-S3-00104
WBCIC,2,41,2,withheld_until_outcome_lock,query,14297,wbcic-41-S3-00105
WBCIC,2,41,2,withheld_until_outcome_lock,query,14298,wbcic-41-S3-00106
WBCIC,2,41,2,withheld_until_outcome_lock,query,14299,wbcic-41-S3-00107
WBCIC,2,41,2,withheld_until_outcome_lock,query,14300,wbcic-41-S3-00108
WBCIC,2,41,2,withheld_until_outcome_lock,query,14301,wbcic-41-S3-00109
WBCIC,2,41,2,withheld_until_outcome_lock,query,14302,wbcic-41-S3-00110
WBCIC,2,41,2,withheld_until_outcome_lock,query,14303,wbcic-41-S3-00111
WBCIC,2,41,2,withheld_until_outcome_lock,query,14304,wbcic-41-S3-00112
WBCIC,2,41,2,withheld_until_outcome_lock,query,14305,wbcic-41-S3-00113
WBCIC,2,41,2,withheld_until_outcome_lock,query,14306,wbcic-41-S3-00114
WBCIC,2,41,2,withheld_until_outcome_lock,query,14307,wbcic-41-S3-00115
WBCIC,2,41,2,withheld_until_outcome_lock,query,14308,wbcic-41-S3-00116
WBCIC,2,41,2,withheld_until_outcome_lock,query,14309,wbcic-41-S3-00117
WBCIC,2,41,2,withheld_until_outcome_lock,query,14310,wbcic-41-S3-00118
WBCIC,2,41,2,withheld_until_outcome_lock,query,14311,wbcic-41-S3-00119
WBCIC,2,41,2,withheld_until_outcome_lock,query,14312,wbcic-41-S3-00120
WBCIC,2,41,2,withheld_until_outcome_lock,query,14313,wbcic-41-S3-00121
WBCIC,2,41,2,withheld_until_outcome_lock,query,14314,wbcic-41-S3-00122
WBCIC,2,41,2,withheld_until_outcome_lock,query,14315,wbcic-41-S3-00123
WBCIC,2,41,2,withheld_until_outcome_lock,query,14316,wbcic-41-S3-00124
WBCIC,2,41,2,withheld_until_outcome_lock,query,14317,wbcic-41-S3-00125
WBCIC,2,41,2,withheld_until_outcome_lock,query,14318,wbcic-41-S3-00126
WBCIC,2,41,2,withheld_until_outcome_lock,query,14319,wbcic-41-S3-00127
WBCIC,2,41,2,withheld_until_outcome_lock,query,14320,wbcic-41-S3-00128
WBCIC,2,41,2,withheld_until_outcome_lock,query,14321,wbcic-41-S3-00129
WBCIC,2,41,2,withheld_until_outcome_lock,query,14322,wbcic-41-S3-00130
WBCIC,2,41,2,withheld_until_outcome_lock,query,14323,wbcic-41-S3-00131
WBCIC,2,41,2,withheld_until_outcome_lock,query,14324,wbcic-41-S3-00132
WBCIC,2,41,2,withheld_until_outcome_lock,query,14325,wbcic-41-S3-00133
WBCIC,2,41,2,withheld_until_outcome_lock,query,14326,wbcic-41-S3-00134
WBCIC,2,41,2,withheld_until_outcome_lock,query,14327,wbcic-41-S3-00135
WBCIC,2,41,2,withheld_until_outcome_lock,query,14328,wbcic-41-S3-00136
WBCIC,2,41,2,withheld_until_outcome_lock,query,14329,wbcic-41-S3-00137
WBCIC,2,41,2,withheld_until_outcome_lock,query,14330,wbcic-41-S3-00138
WBCIC,2,41,2,withheld_until_outcome_lock,query,14331,wbcic-41-S3-00139
WBCIC,2,41,2,withheld_until_outcome_lock,query,14332,wbcic-41-S3-00140
WBCIC,2,41,2,withheld_until_outcome_lock,query,14333,wbcic-41-S3-00141
WBCIC,2,41,2,withheld_until_outcome_lock,query,14334,wbcic-41-S3-00142
WBCIC,2,41,2,withheld_until_outcome_lock,query,14335,wbcic-41-S3-00143
WBCIC,2,41,2,withheld_until_outcome_lock,query,14336,wbcic-41-S3-00144
WBCIC,2,41,2,withheld_until_outcome_lock,query,14337,wbcic-41-S3-00145
WBCIC,2,41,2,withheld_until_outcome_lock,query,14338,wbcic-41-S3-00146
WBCIC,2,41,2,withheld_until_outcome_lock,query,14339,wbcic-41-S3-00147
WBCIC,2,41,2,withheld_until_outcome_lock,query,14340,wbcic-41-S3-00148
WBCIC,2,41,2,withheld_until_outcome_lock,query,14341,wbcic-41-S3-00149
WBCIC,2,41,2,withheld_until_outcome_lock,query,14342,wbcic-41-S3-00150
WBCIC,2,41,2,withheld_until_outcome_lock,query,14343,wbcic-41-S3-00151
WBCIC,2,41,2,withheld_until_outcome_lock,query,14344,wbcic-41-S3-00152
WBCIC,2,41,2,withheld_until_outcome_lock,query,14345,wbcic-41-S3-00153
WBCIC,2,41,2,withheld_until_outcome_lock,query,14346,wbcic-41-S3-00154
WBCIC,2,41,2,withheld_until_outcome_lock,query,14347,wbcic-41-S3-00155
WBCIC,2,41,2,withheld_until_outcome_lock,query,14348,wbcic-41-S3-00156
WBCIC,2,41,2,withheld_until_outcome_lock,query,14349,wbcic-41-S3-00157
WBCIC,2,41,2,withheld_until_outcome_lock,query,14350,wbcic-41-S3-00158
WBCIC,2,41,2,withheld_until_outcome_lock,query,14351,wbcic-41-S3-00159
WBCIC,2,41,2,withheld_until_outcome_lock,query,14352,wbcic-41-S3-00160
WBCIC,2,41,2,withheld_until_outcome_lock,query,14353,wbcic-41-S3-00161
WBCIC,2,41,2,withheld_until_outcome_lock,query,14354,wbcic-41-S3-00162
WBCIC,2,41,2,withheld_until_outcome_lock,query,14355,wbcic-41-S3-00163
WBCIC,2,41,2,withheld_until_outcome_lock,query,14356,wbcic-41-S3-00164
WBCIC,2,41,2,withheld_until_outcome_lock,query,14357,wbcic-41-S3-00165
WBCIC,2,41,2,withheld_until_outcome_lock,query,14358,wbcic-41-S3-00166
WBCIC,2,41,2,withheld_until_outcome_lock,query,14359,wbcic-41-S3-00167
WBCIC,2,41,2,withheld_until_outcome_lock,query,14360,wbcic-41-S3-00168
WBCIC,2,41,2,withheld_until_outcome_lock,query,14361,wbcic-41-S3-00169
WBCIC,2,41,2,withheld_until_outcome_lock,query,14362,wbcic-41-S3-00170
WBCIC,2,41,2,withheld_until_outcome_lock,query,14363,wbcic-41-S3-00171
WBCIC,2,41,2,withheld_until_outcome_lock,query,14364,wbcic-41-S3-00172
WBCIC,2,41,2,withheld_until_outcome_lock,query,14365,wbcic-41-S3-00173
WBCIC,2,41,2,withheld_until_outcome_lock,query,14366,wbcic-41-S3-00174
WBCIC,2,41,2,withheld_until_outcome_lock,query,14367,wbcic-41-S3-00175
WBCIC,2,41,2,withheld_until_outcome_lock,query,14368,wbcic-41-S3-00176
WBCIC,2,41,2,withheld_until_outcome_lock,query,14369,wbcic-41-S3-00177
WBCIC,2,41,2,withheld_until_outcome_lock,query,14370,wbcic-41-S3-00178
WBCIC,2,41,2,withheld_until_outcome_lock,query,14371,wbcic-41-S3-00179
WBCIC,2,41,2,withheld_until_outcome_lock,query,14372,wbcic-41-S3-00180
WBCIC,2,41,2,withheld_until_outcome_lock,query,14373,wbcic-41-S3-00181
WBCIC,2,41,2,withheld_until_outcome_lock,query,14374,wbcic-41-S3-00182
WBCIC,2,41,2,withheld_until_outcome_lock,query,14375,wbcic-41-S3-00183
WBCIC,2,41,2,withheld_until_outcome_lock,query,14376,wbcic-41-S3-00184
WBCIC,2,41,2,withheld_until_outcome_lock,query,14377,wbcic-41-S3-00185
WBCIC,2,41,2,withheld_until_outcome_lock,query,14378,wbcic-41-S3-00186
WBCIC,2,41,2,withheld_until_outcome_lock,query,14379,wbcic-41-S3-00187
WBCIC,2,41,2,withheld_until_outcome_lock,query,14380,wbcic-41-S3-00188
WBCIC,2,41,2,withheld_until_outcome_lock,query,14381,wbcic-41-S3-00189
WBCIC,2,41,2,withheld_until_outcome_lock,query,14382,wbcic-41-S3-00190
WBCIC,2,41,2,withheld_until_outcome_lock,query,14383,wbcic-41-S3-00191
WBCIC,2,41,2,withheld_until_outcome_lock,query,14384,wbcic-41-S3-00192
WBCIC,2,41,2,withheld_until_outcome_lock,query,14385,wbcic-41-S3-00193
WBCIC,2,41,2,withheld_until_outcome_lock,query,14386,wbcic-41-S3-00194
WBCIC,2,41,2,withheld_until_outcome_lock,query,14387,wbcic-41-S3-00195
WBCIC,2,41,2,withheld_until_outcome_lock,query,14388,wbcic-41-S3-00196
WBCIC,2,41,2,withheld_until_outcome_lock,query,14389,wbcic-41-S3-00197
WBCIC,2,41,2,withheld_until_outcome_lock,query,14390,wbcic-41-S3-00198
WBCIC,2,41,2,withheld_until_outcome_lock,query,14391,wbcic-41-S3-00199
WBCIC,2,42,2,withheld_until_outcome_lock,query,14792,wbcic-42-S3-00000
WBCIC,2,42,2,withheld_until_outcome_lock,query,14793,wbcic-42-S3-00001
WBCIC,2,42,2,withheld_until_outcome_lock,query,14794,wbcic-42-S3-00002
WBCIC,2,42,2,withheld_until_outcome_lock,query,14795,wbcic-42-S3-00003
WBCIC,2,42,2,withheld_until_outcome_lock,query,14796,wbcic-42-S3-00004
WBCIC,2,42,2,withheld_until_outcome_lock,query,14797,wbcic-42-S3-00005
WBCIC,2,42,2,withheld_until_outcome_lock,query,14798,wbcic-42-S3-00006
WBCIC,2,42,2,withheld_until_outcome_lock,query,14799,wbcic-42-S3-00007
WBCIC,2,42,2,withheld_until_outcome_lock,query,14800,wbcic-42-S3-00008
WBCIC,2,42,2,withheld_until_outcome_lock,query,14801,wbcic-42-S3-00009
WBCIC,2,42,2,withheld_until_outcome_lock,query,14802,wbcic-42-S3-00010
WBCIC,2,42,2,withheld_until_outcome_lock,query,14803,wbcic-42-S3-00011
WBCIC,2,42,2,withheld_until_outcome_lock,query,14804,wbcic-42-S3-00012
WBCIC,2,42,2,withheld_until_outcome_lock,query,14805,wbcic-42-S3-00013
WBCIC,2,42,2,withheld_until_outcome_lock,query,14806,wbcic-42-S3-00014
WBCIC,2,42,2,withheld_until_outcome_lock,query,14807,wbcic-42-S3-00015
WBCIC,2,42,2,withheld_until_outcome_lock,query,14808,wbcic-42-S3-00016
WBCIC,2,42,2,withheld_until_outcome_lock,query,14809,wbcic-42-S3-00017
WBCIC,2,42,2,withheld_until_outcome_lock,query,14810,wbcic-42-S3-00018
WBCIC,2,42,2,withheld_until_outcome_lock,query,14811,wbcic-42-S3-00019
WBCIC,2,42,2,withheld_until_outcome_lock,query,14812,wbcic-42-S3-00020
WBCIC,2,42,2,withheld_until_outcome_lock,query,14813,wbcic-42-S3-00021
WBCIC,2,42,2,withheld_until_outcome_lock,query,14814,wbcic-42-S3-00022
WBCIC,2,42,2,withheld_until_outcome_lock,query,14815,wbcic-42-S3-00023
WBCIC,2,42,2,withheld_until_outcome_lock,query,14816,wbcic-42-S3-00024
WBCIC,2,42,2,withheld_until_outcome_lock,query,14817,wbcic-42-S3-00025
WBCIC,2,42,2,withheld_until_outcome_lock,query,14818,wbcic-42-S3-00026
WBCIC,2,42,2,withheld_until_outcome_lock,query,14819,wbcic-42-S3-00027
WBCIC,2,42,2,withheld_until_outcome_lock,query,14820,wbcic-42-S3-00028
WBCIC,2,42,2,withheld_until_outcome_lock,query,14821,wbcic-42-S3-00029
WBCIC,2,42,2,withheld_until_outcome_lock,query,14822,wbcic-42-S3-00030
WBCIC,2,42,2,withheld_until_outcome_lock,query,14823,wbcic-42-S3-00031
WBCIC,2,42,2,withheld_until_outcome_lock,query,14824,wbcic-42-S3-00032
WBCIC,2,42,2,withheld_until_outcome_lock,query,14825,wbcic-42-S3-00033
WBCIC,2,42,2,withheld_until_outcome_lock,query,14826,wbcic-42-S3-00034
WBCIC,2,42,2,withheld_until_outcome_lock,query,14827,wbcic-42-S3-00035
WBCIC,2,42,2,withheld_until_outcome_lock,query,14828,wbcic-42-S3-00036
WBCIC,2,42,2,withheld_until_outcome_lock,query,14829,wbcic-42-S3-00037
WBCIC,2,42,2,withheld_until_outcome_lock,query,14830,wbcic-42-S3-00038
WBCIC,2,42,2,withheld_until_outcome_lock,query,14831,wbcic-42-S3-00039
WBCIC,2,42,2,withheld_until_outcome_lock,query,14832,wbcic-42-S3-00040
WBCIC,2,42,2,withheld_until_outcome_lock,query,14833,wbcic-42-S3-00041
WBCIC,2,42,2,withheld_until_outcome_lock,query,14834,wbcic-42-S3-00042
WBCIC,2,42,2,withheld_until_outcome_lock,query,14835,wbcic-42-S3-00043
WBCIC,2,42,2,withheld_until_outcome_lock,query,14836,wbcic-42-S3-00044
WBCIC,2,42,2,withheld_until_outcome_lock,query,14837,wbcic-42-S3-00045
WBCIC,2,42,2,withheld_until_outcome_lock,query,14838,wbcic-42-S3-00046
WBCIC,2,42,2,withheld_until_outcome_lock,query,14839,wbcic-42-S3-00047
WBCIC,2,42,2,withheld_until_outcome_lock,query,14840,wbcic-42-S3-00048
WBCIC,2,42,2,withheld_until_outcome_lock,query,14841,wbcic-42-S3-00049
WBCIC,2,42,2,withheld_until_outcome_lock,query,14842,wbcic-42-S3-00050
WBCIC,2,42,2,withheld_until_outcome_lock,query,14843,wbcic-42-S3-00051
WBCIC,2,42,2,withheld_until_outcome_lock,query,14844,wbcic-42-S3-00052
WBCIC,2,42,2,withheld_until_outcome_lock,query,14845,wbcic-42-S3-00053
WBCIC,2,42,2,withheld_until_outcome_lock,query,14846,wbcic-42-S3-00054
WBCIC,2,42,2,withheld_until_outcome_lock,query,14847,wbcic-42-S3-00055
WBCIC,2,42,2,withheld_until_outcome_lock,query,14848,wbcic-42-S3-00056
WBCIC,2,42,2,withheld_until_outcome_lock,query,14849,wbcic-42-S3-00057
WBCIC,2,42,2,withheld_until_outcome_lock,query,14850,wbcic-42-S3-00058
WBCIC,2,42,2,withheld_until_outcome_lock,query,14851,wbcic-42-S3-00059
WBCIC,2,42,2,withheld_until_outcome_lock,query,14852,wbcic-42-S3-00060
WBCIC,2,42,2,withheld_until_outcome_lock,query,14853,wbcic-42-S3-00061
WBCIC,2,42,2,withheld_until_outcome_lock,query,14854,wbcic-42-S3-00062
WBCIC,2,42,2,withheld_until_outcome_lock,query,14855,wbcic-42-S3-00063
WBCIC,2,42,2,withheld_until_outcome_lock,query,14856,wbcic-42-S3-00064
WBCIC,2,42,2,withheld_until_outcome_lock,query,14857,wbcic-42-S3-00065
WBCIC,2,42,2,withheld_until_outcome_lock,query,14858,wbcic-42-S3-00066
WBCIC,2,42,2,withheld_until_outcome_lock,query,14859,wbcic-42-S3-00067
WBCIC,2,42,2,withheld_until_outcome_lock,query,14860,wbcic-42-S3-00068
WBCIC,2,42,2,withheld_until_outcome_lock,query,14861,wbcic-42-S3-00069
WBCIC,2,42,2,withheld_until_outcome_lock,query,14862,wbcic-42-S3-00070
WBCIC,2,42,2,withheld_until_outcome_lock,query,14863,wbcic-42-S3-00071
WBCIC,2,42,2,withheld_until_outcome_lock,query,14864,wbcic-42-S3-00072
WBCIC,2,42,2,withheld_until_outcome_lock,query,14865,wbcic-42-S3-00073
WBCIC,2,42,2,withheld_until_outcome_lock,query,14866,wbcic-42-S3-00074
WBCIC,2,42,2,withheld_until_outcome_lock,query,14867,wbcic-42-S3-00075
WBCIC,2,42,2,withheld_until_outcome_lock,query,14868,wbcic-42-S3-00076
WBCIC,2,42,2,withheld_until_outcome_lock,query,14869,wbcic-42-S3-00077
WBCIC,2,42,2,withheld_until_outcome_lock,query,14870,wbcic-42-S3-00078
WBCIC,2,42,2,withheld_until_outcome_lock,query,14871,wbcic-42-S3-00079
WBCIC,2,42,2,withheld_until_outcome_lock,query,14872,wbcic-42-S3-00080
WBCIC,2,42,2,withheld_until_outcome_lock,query,14873,wbcic-42-S3-00081
WBCIC,2,42,2,withheld_until_outcome_lock,query,14874,wbcic-42-S3-00082
WBCIC,2,42,2,withheld_until_outcome_lock,query,14875,wbcic-42-S3-00083
WBCIC,2,42,2,withheld_until_outcome_lock,query,14876,wbcic-42-S3-00084
WBCIC,2,42,2,withheld_until_outcome_lock,query,14877,wbcic-42-S3-00085
WBCIC,2,42,2,withheld_until_outcome_lock,query,14878,wbcic-42-S3-00086
WBCIC,2,42,2,withheld_until_outcome_lock,query,14879,wbcic-42-S3-00087
WBCIC,2,42,2,withheld_until_outcome_lock,query,14880,wbcic-42-S3-00088
WBCIC,2,42,2,withheld_until_outcome_lock,query,14881,wbcic-42-S3-00089
WBCIC,2,42,2,withheld_until_outcome_lock,query,14882,wbcic-42-S3-00090
WBCIC,2,42,2,withheld_until_outcome_lock,query,14883,wbcic-42-S3-00091
WBCIC,2,42,2,withheld_until_outcome_lock,query,14884,wbcic-42-S3-00092
WBCIC,2,42,2,withheld_until_outcome_lock,query,14885,wbcic-42-S3-00093
WBCIC,2,42,2,withheld_until_outcome_lock,query,14886,wbcic-42-S3-00094
WBCIC,2,42,2,withheld_until_outcome_lock,query,14887,wbcic-42-S3-00095
WBCIC,2,42,2,withheld_until_outcome_lock,query,14888,wbcic-42-S3-00096
WBCIC,2,42,2,withheld_until_outcome_lock,query,14889,wbcic-42-S3-00097
WBCIC,2,42,2,withheld_until_outcome_lock,query,14890,wbcic-42-S3-00098
WBCIC,2,42,2,withheld_until_outcome_lock,query,14891,wbcic-42-S3-00099
WBCIC,2,42,2,withheld_until_outcome_lock,query,14892,wbcic-42-S3-00100
WBCIC,2,42,2,withheld_until_outcome_lock,query,14893,wbcic-42-S3-00101
WBCIC,2,42,2,withheld_until_outcome_lock,query,14894,wbcic-42-S3-00102
WBCIC,2,42,2,withheld_until_outcome_lock,query,14895,wbcic-42-S3-00103
WBCIC,2,42,2,withheld_until_outcome_lock,query,14896,wbcic-42-S3-00104
WBCIC,2,42,2,withheld_until_outcome_lock,query,14897,wbcic-42-S3-00105
WBCIC,2,42,2,withheld_until_outcome_lock,query,14898,wbcic-42-S3-00106
WBCIC,2,42,2,withheld_until_outcome_lock,query,14899,wbcic-42-S3-00107
WBCIC,2,42,2,withheld_until_outcome_lock,query,14900,wbcic-42-S3-00108
WBCIC,2,42,2,withheld_until_outcome_lock,query,14901,wbcic-42-S3-00109
WBCIC,2,42,2,withheld_until_outcome_lock,query,14902,wbcic-42-S3-00110
WBCIC,2,42,2,withheld_until_outcome_lock,query,14903,wbcic-42-S3-00111
WBCIC,2,42,2,withheld_until_outcome_lock,query,14904,wbcic-42-S3-00112
WBCIC,2,42,2,withheld_until_outcome_lock,query,14905,wbcic-42-S3-00113
WBCIC,2,42,2,withheld_until_outcome_lock,query,14906,wbcic-42-S3-00114
WBCIC,2,42,2,withheld_until_outcome_lock,query,14907,wbcic-42-S3-00115
WBCIC,2,42,2,withheld_until_outcome_lock,query,14908,wbcic-42-S3-00116
WBCIC,2,42,2,withheld_until_outcome_lock,query,14909,wbcic-42-S3-00117
WBCIC,2,42,2,withheld_until_outcome_lock,query,14910,wbcic-42-S3-00118
WBCIC,2,42,2,withheld_until_outcome_lock,query,14911,wbcic-42-S3-00119
WBCIC,2,42,2,withheld_until_outcome_lock,query,14912,wbcic-42-S3-00120
WBCIC,2,42,2,withheld_until_outcome_lock,query,14913,wbcic-42-S3-00121
WBCIC,2,42,2,withheld_until_outcome_lock,query,14914,wbcic-42-S3-00122
WBCIC,2,42,2,withheld_until_outcome_lock,query,14915,wbcic-42-S3-00123
WBCIC,2,42,2,withheld_until_outcome_lock,query,14916,wbcic-42-S3-00124
WBCIC,2,42,2,withheld_until_outcome_lock,query,14917,wbcic-42-S3-00125
WBCIC,2,42,2,withheld_until_outcome_lock,query,14918,wbcic-42-S3-00126
WBCIC,2,42,2,withheld_until_outcome_lock,query,14919,wbcic-42-S3-00127
WBCIC,2,42,2,withheld_until_outcome_lock,query,14920,wbcic-42-S3-00128
WBCIC,2,42,2,withheld_until_outcome_lock,query,14921,wbcic-42-S3-00129
WBCIC,2,42,2,withheld_until_outcome_lock,query,14922,wbcic-42-S3-00130
WBCIC,2,42,2,withheld_until_outcome_lock,query,14923,wbcic-42-S3-00131
WBCIC,2,42,2,withheld_until_outcome_lock,query,14924,wbcic-42-S3-00132
WBCIC,2,42,2,withheld_until_outcome_lock,query,14925,wbcic-42-S3-00133
WBCIC,2,42,2,withheld_until_outcome_lock,query,14926,wbcic-42-S3-00134
WBCIC,2,42,2,withheld_until_outcome_lock,query,14927,wbcic-42-S3-00135
WBCIC,2,42,2,withheld_until_outcome_lock,query,14928,wbcic-42-S3-00136
WBCIC,2,42,2,withheld_until_outcome_lock,query,14929,wbcic-42-S3-00137
WBCIC,2,42,2,withheld_until_outcome_lock,query,14930,wbcic-42-S3-00138
WBCIC,2,42,2,withheld_until_outcome_lock,query,14931,wbcic-42-S3-00139
WBCIC,2,42,2,withheld_until_outcome_lock,query,14932,wbcic-42-S3-00140
WBCIC,2,42,2,withheld_until_outcome_lock,query,14933,wbcic-42-S3-00141
WBCIC,2,42,2,withheld_until_outcome_lock,query,14934,wbcic-42-S3-00142
WBCIC,2,42,2,withheld_until_outcome_lock,query,14935,wbcic-42-S3-00143
WBCIC,2,42,2,withheld_until_outcome_lock,query,14936,wbcic-42-S3-00144
WBCIC,2,42,2,withheld_until_outcome_lock,query,14937,wbcic-42-S3-00145
WBCIC,2,42,2,withheld_until_outcome_lock,query,14938,wbcic-42-S3-00146
WBCIC,2,42,2,withheld_until_outcome_lock,query,14939,wbcic-42-S3-00147
WBCIC,2,42,2,withheld_until_outcome_lock,query,14940,wbcic-42-S3-00148
WBCIC,2,42,2,withheld_until_outcome_lock,query,14941,wbcic-42-S3-00149
WBCIC,2,42,2,withheld_until_outcome_lock,query,14942,wbcic-42-S3-00150
WBCIC,2,42,2,withheld_until_outcome_lock,query,14943,wbcic-42-S3-00151
WBCIC,2,42,2,withheld_until_outcome_lock,query,14944,wbcic-42-S3-00152
WBCIC,2,42,2,withheld_until_outcome_lock,query,14945,wbcic-42-S3-00153
WBCIC,2,42,2,withheld_until_outcome_lock,query,14946,wbcic-42-S3-00154
WBCIC,2,42,2,withheld_until_outcome_lock,query,14947,wbcic-42-S3-00155
WBCIC,2,42,2,withheld_until_outcome_lock,query,14948,wbcic-42-S3-00156
WBCIC,2,42,2,withheld_until_outcome_lock,query,14949,wbcic-42-S3-00157
WBCIC,2,42,2,withheld_until_outcome_lock,query,14950,wbcic-42-S3-00158
WBCIC,2,42,2,withheld_until_outcome_lock,query,14951,wbcic-42-S3-00159
WBCIC,2,42,2,withheld_until_outcome_lock,query,14952,wbcic-42-S3-00160
WBCIC,2,42,2,withheld_until_outcome_lock,query,14953,wbcic-42-S3-00161
WBCIC,2,42,2,withheld_until_outcome_lock,query,14954,wbcic-42-S3-00162
WBCIC,2,42,2,withheld_until_outcome_lock,query,14955,wbcic-42-S3-00163
WBCIC,2,42,2,withheld_until_outcome_lock,query,14956,wbcic-42-S3-00164
WBCIC,2,42,2,withheld_until_outcome_lock,query,14957,wbcic-42-S3-00165
WBCIC,2,42,2,withheld_until_outcome_lock,query,14958,wbcic-42-S3-00166
WBCIC,2,42,2,withheld_until_outcome_lock,query,14959,wbcic-42-S3-00167
WBCIC,2,42,2,withheld_until_outcome_lock,query,14960,wbcic-42-S3-00168
WBCIC,2,42,2,withheld_until_outcome_lock,query,14961,wbcic-42-S3-00169
WBCIC,2,42,2,withheld_until_outcome_lock,query,14962,wbcic-42-S3-00170
WBCIC,2,42,2,withheld_until_outcome_lock,query,14963,wbcic-42-S3-00171
WBCIC,2,42,2,withheld_until_outcome_lock,query,14964,wbcic-42-S3-00172
WBCIC,2,42,2,withheld_until_outcome_lock,query,14965,wbcic-42-S3-00173
WBCIC,2,42,2,withheld_until_outcome_lock,query,14966,wbcic-42-S3-00174
WBCIC,2,42,2,withheld_until_outcome_lock,query,14967,wbcic-42-S3-00175
WBCIC,2,42,2,withheld_until_outcome_lock,query,14968,wbcic-42-S3-00176
WBCIC,2,42,2,withheld_until_outcome_lock,query,14969,wbcic-42-S3-00177
WBCIC,2,42,2,withheld_until_outcome_lock,query,14970,wbcic-42-S3-00178
WBCIC,2,42,2,withheld_until_outcome_lock,query,14971,wbcic-42-S3-00179
WBCIC,2,42,2,withheld_until_outcome_lock,query,14972,wbcic-42-S3-00180
WBCIC,2,42,2,withheld_until_outcome_lock,query,14973,wbcic-42-S3-00181
WBCIC,2,42,2,withheld_until_outcome_lock,query,14974,wbcic-42-S3-00182
WBCIC,2,42,2,withheld_until_outcome_lock,query,14975,wbcic-42-S3-00183
WBCIC,2,42,2,withheld_until_outcome_lock,query,14976,wbcic-42-S3-00184
WBCIC,2,42,2,withheld_until_outcome_lock,query,14977,wbcic-42-S3-00185
WBCIC,2,42,2,withheld_until_outcome_lock,query,14978,wbcic-42-S3-00186
WBCIC,2,42,2,withheld_until_outcome_lock,query,14979,wbcic-42-S3-00187
WBCIC,2,42,2,withheld_until_outcome_lock,query,14980,wbcic-42-S3-00188
WBCIC,2,42,2,withheld_until_outcome_lock,query,14981,wbcic-42-S3-00189
WBCIC,2,42,2,withheld_until_outcome_lock,query,14982,wbcic-42-S3-00190
WBCIC,2,42,2,withheld_until_outcome_lock,query,14983,wbcic-42-S3-00191
WBCIC,2,42,2,withheld_until_outcome_lock,query,14984,wbcic-42-S3-00192
WBCIC,2,42,2,withheld_until_outcome_lock,query,14985,wbcic-42-S3-00193
WBCIC,2,42,2,withheld_until_outcome_lock,query,14986,wbcic-42-S3-00194
WBCIC,2,42,2,withheld_until_outcome_lock,query,14987,wbcic-42-S3-00195
WBCIC,2,42,2,withheld_until_outcome_lock,query,14988,wbcic-42-S3-00196
WBCIC,2,42,2,withheld_until_outcome_lock,query,14989,wbcic-42-S3-00197
WBCIC,2,42,2,withheld_until_outcome_lock,query,14990,wbcic-42-S3-00198
WBCIC,2,42,2,withheld_until_outcome_lock,query,14991,wbcic-42-S3-00199
WBCIC,2,6,2,withheld_until_outcome_lock,query,18992,wbcic-6-S3-00000
WBCIC,2,6,2,withheld_until_outcome_lock,query,18993,wbcic-6-S3-00001
WBCIC,2,6,2,withheld_until_outcome_lock,query,18994,wbcic-6-S3-00002
WBCIC,2,6,2,withheld_until_outcome_lock,query,18995,wbcic-6-S3-00003
WBCIC,2,6,2,withheld_until_outcome_lock,query,18996,wbcic-6-S3-00004
WBCIC,2,6,2,withheld_until_outcome_lock,query,18997,wbcic-6-S3-00005
WBCIC,2,6,2,withheld_until_outcome_lock,query,18998,wbcic-6-S3-00006
WBCIC,2,6,2,withheld_until_outcome_lock,query,18999,wbcic-6-S3-00007
WBCIC,2,6,2,withheld_until_outcome_lock,query,19000,wbcic-6-S3-00008
WBCIC,2,6,2,withheld_until_outcome_lock,query,19001,wbcic-6-S3-00009
WBCIC,2,6,2,withheld_until_outcome_lock,query,19002,wbcic-6-S3-00010
WBCIC,2,6,2,withheld_until_outcome_lock,query,19003,wbcic-6-S3-00011
WBCIC,2,6,2,withheld_until_outcome_lock,query,19004,wbcic-6-S3-00012
WBCIC,2,6,2,withheld_until_outcome_lock,query,19005,wbcic-6-S3-00013
WBCIC,2,6,2,withheld_until_outcome_lock,query,19006,wbcic-6-S3-00014
WBCIC,2,6,2,withheld_until_outcome_lock,query,19007,wbcic-6-S3-00015
WBCIC,2,6,2,withheld_until_outcome_lock,query,19008,wbcic-6-S3-00016
WBCIC,2,6,2,withheld_until_outcome_lock,query,19009,wbcic-6-S3-00017
WBCIC,2,6,2,withheld_until_outcome_lock,query,19010,wbcic-6-S3-00018
WBCIC,2,6,2,withheld_until_outcome_lock,query,19011,wbcic-6-S3-00019
WBCIC,2,6,2,withheld_until_outcome_lock,query,19012,wbcic-6-S3-00020
WBCIC,2,6,2,withheld_until_outcome_lock,query,19013,wbcic-6-S3-00021
WBCIC,2,6,2,withheld_until_outcome_lock,query,19014,wbcic-6-S3-00022
WBCIC,2,6,2,withheld_until_outcome_lock,query,19015,wbcic-6-S3-00023
WBCIC,2,6,2,withheld_until_outcome_lock,query,19016,wbcic-6-S3-00024
WBCIC,2,6,2,withheld_until_outcome_lock,query,19017,wbcic-6-S3-00025
WBCIC,2,6,2,withheld_until_outcome_lock,query,19018,wbcic-6-S3-00026
WBCIC,2,6,2,withheld_until_outcome_lock,query,19019,wbcic-6-S3-00027
WBCIC,2,6,2,withheld_until_outcome_lock,query,19020,wbcic-6-S3-00028
WBCIC,2,6,2,withheld_until_outcome_lock,query,19021,wbcic-6-S3-00029
WBCIC,2,6,2,withheld_until_outcome_lock,query,19022,wbcic-6-S3-00030
WBCIC,2,6,2,withheld_until_outcome_lock,query,19023,wbcic-6-S3-00031
WBCIC,2,6,2,withheld_until_outcome_lock,query,19024,wbcic-6-S3-00032
WBCIC,2,6,2,withheld_until_outcome_lock,query,19025,wbcic-6-S3-00033
WBCIC,2,6,2,withheld_until_outcome_lock,query,19026,wbcic-6-S3-00034
WBCIC,2,6,2,withheld_until_outcome_lock,query,19027,wbcic-6-S3-00035
WBCIC,2,6,2,withheld_until_outcome_lock,query,19028,wbcic-6-S3-00036
WBCIC,2,6,2,withheld_until_outcome_lock,query,19029,wbcic-6-S3-00037
WBCIC,2,6,2,withheld_until_outcome_lock,query,19030,wbcic-6-S3-00038
WBCIC,2,6,2,withheld_until_outcome_lock,query,19031,wbcic-6-S3-00039
WBCIC,2,6,2,withheld_until_outcome_lock,query,19032,wbcic-6-S3-00040
WBCIC,2,6,2,withheld_until_outcome_lock,query,19033,wbcic-6-S3-00041
WBCIC,2,6,2,withheld_until_outcome_lock,query,19034,wbcic-6-S3-00042
WBCIC,2,6,2,withheld_until_outcome_lock,query,19035,wbcic-6-S3-00043
WBCIC,2,6,2,withheld_until_outcome_lock,query,19036,wbcic-6-S3-00044
WBCIC,2,6,2,withheld_until_outcome_lock,query,19037,wbcic-6-S3-00045
WBCIC,2,6,2,withheld_until_outcome_lock,query,19038,wbcic-6-S3-00046
WBCIC,2,6,2,withheld_until_outcome_lock,query,19039,wbcic-6-S3-00047
WBCIC,2,6,2,withheld_until_outcome_lock,query,19040,wbcic-6-S3-00048
WBCIC,2,6,2,withheld_until_outcome_lock,query,19041,wbcic-6-S3-00049
WBCIC,2,6,2,withheld_until_outcome_lock,query,19042,wbcic-6-S3-00050
WBCIC,2,6,2,withheld_until_outcome_lock,query,19043,wbcic-6-S3-00051
WBCIC,2,6,2,withheld_until_outcome_lock,query,19044,wbcic-6-S3-00052
WBCIC,2,6,2,withheld_until_outcome_lock,query,19045,wbcic-6-S3-00053
WBCIC,2,6,2,withheld_until_outcome_lock,query,19046,wbcic-6-S3-00054
WBCIC,2,6,2,withheld_until_outcome_lock,query,19047,wbcic-6-S3-00055
WBCIC,2,6,2,withheld_until_outcome_lock,query,19048,wbcic-6-S3-00056
WBCIC,2,6,2,withheld_until_outcome_lock,query,19049,wbcic-6-S3-00057
WBCIC,2,6,2,withheld_until_outcome_lock,query,19050,wbcic-6-S3-00058
WBCIC,2,6,2,withheld_until_outcome_lock,query,19051,wbcic-6-S3-00059
WBCIC,2,6,2,withheld_until_outcome_lock,query,19052,wbcic-6-S3-00060
WBCIC,2,6,2,withheld_until_outcome_lock,query,19053,wbcic-6-S3-00061
WBCIC,2,6,2,withheld_until_outcome_lock,query,19054,wbcic-6-S3-00062
WBCIC,2,6,2,withheld_until_outcome_lock,query,19055,wbcic-6-S3-00063
WBCIC,2,6,2,withheld_until_outcome_lock,query,19056,wbcic-6-S3-00064
WBCIC,2,6,2,withheld_until_outcome_lock,query,19057,wbcic-6-S3-00065
WBCIC,2,6,2,withheld_until_outcome_lock,query,19058,wbcic-6-S3-00066
WBCIC,2,6,2,withheld_until_outcome_lock,query,19059,wbcic-6-S3-00067
WBCIC,2,6,2,withheld_until_outcome_lock,query,19060,wbcic-6-S3-00068
WBCIC,2,6,2,withheld_until_outcome_lock,query,19061,wbcic-6-S3-00069
WBCIC,2,6,2,withheld_until_outcome_lock,query,19062,wbcic-6-S3-00070
WBCIC,2,6,2,withheld_until_outcome_lock,query,19063,wbcic-6-S3-00071
WBCIC,2,6,2,withheld_until_outcome_lock,query,19064,wbcic-6-S3-00072
WBCIC,2,6,2,withheld_until_outcome_lock,query,19065,wbcic-6-S3-00073
WBCIC,2,6,2,withheld_until_outcome_lock,query,19066,wbcic-6-S3-00074
WBCIC,2,6,2,withheld_until_outcome_lock,query,19067,wbcic-6-S3-00075
WBCIC,2,6,2,withheld_until_outcome_lock,query,19068,wbcic-6-S3-00076
WBCIC,2,6,2,withheld_until_outcome_lock,query,19069,wbcic-6-S3-00077
WBCIC,2,6,2,withheld_until_outcome_lock,query,19070,wbcic-6-S3-00078
WBCIC,2,6,2,withheld_until_outcome_lock,query,19071,wbcic-6-S3-00079
WBCIC,2,6,2,withheld_until_outcome_lock,query,19072,wbcic-6-S3-00080
WBCIC,2,6,2,withheld_until_outcome_lock,query,19073,wbcic-6-S3-00081
WBCIC,2,6,2,withheld_until_outcome_lock,query,19074,wbcic-6-S3-00082
WBCIC,2,6,2,withheld_until_outcome_lock,query,19075,wbcic-6-S3-00083
WBCIC,2,6,2,withheld_until_outcome_lock,query,19076,wbcic-6-S3-00084
WBCIC,2,6,2,withheld_until_outcome_lock,query,19077,wbcic-6-S3-00085
WBCIC,2,6,2,withheld_until_outcome_lock,query,19078,wbcic-6-S3-00086
WBCIC,2,6,2,withheld_until_outcome_lock,query,19079,wbcic-6-S3-00087
WBCIC,2,6,2,withheld_until_outcome_lock,query,19080,wbcic-6-S3-00088
WBCIC,2,6,2,withheld_until_outcome_lock,query,19081,wbcic-6-S3-00089
WBCIC,2,6,2,withheld_until_outcome_lock,query,19082,wbcic-6-S3-00090
WBCIC,2,6,2,withheld_until_outcome_lock,query,19083,wbcic-6-S3-00091
WBCIC,2,6,2,withheld_until_outcome_lock,query,19084,wbcic-6-S3-00092
WBCIC,2,6,2,withheld_until_outcome_lock,query,19085,wbcic-6-S3-00093
WBCIC,2,6,2,withheld_until_outcome_lock,query,19086,wbcic-6-S3-00094
WBCIC,2,6,2,withheld_until_outcome_lock,query,19087,wbcic-6-S3-00095
WBCIC,2,6,2,withheld_until_outcome_lock,query,19088,wbcic-6-S3-00096
WBCIC,2,6,2,withheld_until_outcome_lock,query,19089,wbcic-6-S3-00097
WBCIC,2,6,2,withheld_until_outcome_lock,query,19090,wbcic-6-S3-00098
WBCIC,2,6,2,withheld_until_outcome_lock,query,19091,wbcic-6-S3-00099
WBCIC,2,6,2,withheld_until_outcome_lock,query,19092,wbcic-6-S3-00100
WBCIC,2,6,2,withheld_until_outcome_lock,query,19093,wbcic-6-S3-00101
WBCIC,2,6,2,withheld_until_outcome_lock,query,19094,wbcic-6-S3-00102
WBCIC,2,6,2,withheld_until_outcome_lock,query,19095,wbcic-6-S3-00103
WBCIC,2,6,2,withheld_until_outcome_lock,query,19096,wbcic-6-S3-00104
WBCIC,2,6,2,withheld_until_outcome_lock,query,19097,wbcic-6-S3-00105
WBCIC,2,6,2,withheld_until_outcome_lock,query,19098,wbcic-6-S3-00106
WBCIC,2,6,2,withheld_until_outcome_lock,query,19099,wbcic-6-S3-00107
WBCIC,2,6,2,withheld_until_outcome_lock,query,19100,wbcic-6-S3-00108
WBCIC,2,6,2,withheld_until_outcome_lock,query,19101,wbcic-6-S3-00109
WBCIC,2,6,2,withheld_until_outcome_lock,query,19102,wbcic-6-S3-00110
WBCIC,2,6,2,withheld_until_outcome_lock,query,19103,wbcic-6-S3-00111
WBCIC,2,6,2,withheld_until_outcome_lock,query,19104,wbcic-6-S3-00112
WBCIC,2,6,2,withheld_until_outcome_lock,query,19105,wbcic-6-S3-00113
WBCIC,2,6,2,withheld_until_outcome_lock,query,19106,wbcic-6-S3-00114
WBCIC,2,6,2,withheld_until_outcome_lock,query,19107,wbcic-6-S3-00115
WBCIC,2,6,2,withheld_until_outcome_lock,query,19108,wbcic-6-S3-00116
WBCIC,2,6,2,withheld_until_outcome_lock,query,19109,wbcic-6-S3-00117
WBCIC,2,6,2,withheld_until_outcome_lock,query,19110,wbcic-6-S3-00118
WBCIC,2,6,2,withheld_until_outcome_lock,query,19111,wbcic-6-S3-00119
WBCIC,2,6,2,withheld_until_outcome_lock,query,19112,wbcic-6-S3-00120
WBCIC,2,6,2,withheld_until_outcome_lock,query,19113,wbcic-6-S3-00121
WBCIC,2,6,2,withheld_until_outcome_lock,query,19114,wbcic-6-S3-00122
WBCIC,2,6,2,withheld_until_outcome_lock,query,19115,wbcic-6-S3-00123
WBCIC,2,6,2,withheld_until_outcome_lock,query,19116,wbcic-6-S3-00124
WBCIC,2,6,2,withheld_until_outcome_lock,query,19117,wbcic-6-S3-00125
WBCIC,2,6,2,withheld_until_outcome_lock,query,19118,wbcic-6-S3-00126
WBCIC,2,6,2,withheld_until_outcome_lock,query,19119,wbcic-6-S3-00127
WBCIC,2,6,2,withheld_until_outcome_lock,query,19120,wbcic-6-S3-00128
WBCIC,2,6,2,withheld_until_outcome_lock,query,19121,wbcic-6-S3-00129
WBCIC,2,6,2,withheld_until_outcome_lock,query,19122,wbcic-6-S3-00130
WBCIC,2,6,2,withheld_until_outcome_lock,query,19123,wbcic-6-S3-00131
WBCIC,2,6,2,withheld_until_outcome_lock,query,19124,wbcic-6-S3-00132
WBCIC,2,6,2,withheld_until_outcome_lock,query,19125,wbcic-6-S3-00133
WBCIC,2,6,2,withheld_until_outcome_lock,query,19126,wbcic-6-S3-00134
WBCIC,2,6,2,withheld_until_outcome_lock,query,19127,wbcic-6-S3-00135
WBCIC,2,6,2,withheld_until_outcome_lock,query,19128,wbcic-6-S3-00136
WBCIC,2,6,2,withheld_until_outcome_lock,query,19129,wbcic-6-S3-00137
WBCIC,2,6,2,withheld_until_outcome_lock,query,19130,wbcic-6-S3-00138
WBCIC,2,6,2,withheld_until_outcome_lock,query,19131,wbcic-6-S3-00139
WBCIC,2,6,2,withheld_until_outcome_lock,query,19132,wbcic-6-S3-00140
WBCIC,2,6,2,withheld_until_outcome_lock,query,19133,wbcic-6-S3-00141
WBCIC,2,6,2,withheld_until_outcome_lock,query,19134,wbcic-6-S3-00142
WBCIC,2,6,2,withheld_until_outcome_lock,query,19135,wbcic-6-S3-00143
WBCIC,2,6,2,withheld_until_outcome_lock,query,19136,wbcic-6-S3-00144
WBCIC,2,6,2,withheld_until_outcome_lock,query,19137,wbcic-6-S3-00145
WBCIC,2,6,2,withheld_until_outcome_lock,query,19138,wbcic-6-S3-00146
WBCIC,2,6,2,withheld_until_outcome_lock,query,19139,wbcic-6-S3-00147
WBCIC,2,6,2,withheld_until_outcome_lock,query,19140,wbcic-6-S3-00148
WBCIC,2,6,2,withheld_until_outcome_lock,query,19141,wbcic-6-S3-00149
WBCIC,2,6,2,withheld_until_outcome_lock,query,19142,wbcic-6-S3-00150
WBCIC,2,6,2,withheld_until_outcome_lock,query,19143,wbcic-6-S3-00151
WBCIC,2,6,2,withheld_until_outcome_lock,query,19144,wbcic-6-S3-00152
WBCIC,2,6,2,withheld_until_outcome_lock,query,19145,wbcic-6-S3-00153
WBCIC,2,6,2,withheld_until_outcome_lock,query,19146,wbcic-6-S3-00154
WBCIC,2,6,2,withheld_until_outcome_lock,query,19147,wbcic-6-S3-00155
WBCIC,2,6,2,withheld_until_outcome_lock,query,19148,wbcic-6-S3-00156
WBCIC,2,6,2,withheld_until_outcome_lock,query,19149,wbcic-6-S3-00157
WBCIC,2,6,2,withheld_until_outcome_lock,query,19150,wbcic-6-S3-00158
WBCIC,2,6,2,withheld_until_outcome_lock,query,19151,wbcic-6-S3-00159
WBCIC,2,6,2,withheld_until_outcome_lock,query,19152,wbcic-6-S3-00160
WBCIC,2,6,2,withheld_until_outcome_lock,query,19153,wbcic-6-S3-00161
WBCIC,2,6,2,withheld_until_outcome_lock,query,19154,wbcic-6-S3-00162
WBCIC,2,6,2,withheld_until_outcome_lock,query,19155,wbcic-6-S3-00163
WBCIC,2,6,2,withheld_until_outcome_lock,query,19156,wbcic-6-S3-00164
WBCIC,2,6,2,withheld_until_outcome_lock,query,19157,wbcic-6-S3-00165
WBCIC,2,6,2,withheld_until_outcome_lock,query,19158,wbcic-6-S3-00166
WBCIC,2,6,2,withheld_until_outcome_lock,query,19159,wbcic-6-S3-00167
WBCIC,2,6,2,withheld_until_outcome_lock,query,19160,wbcic-6-S3-00168
WBCIC,2,6,2,withheld_until_outcome_lock,query,19161,wbcic-6-S3-00169
WBCIC,2,6,2,withheld_until_outcome_lock,query,19162,wbcic-6-S3-00170
WBCIC,2,6,2,withheld_until_outcome_lock,query,19163,wbcic-6-S3-00171
WBCIC,2,6,2,withheld_until_outcome_lock,query,19164,wbcic-6-S3-00172
WBCIC,2,6,2,withheld_until_outcome_lock,query,19165,wbcic-6-S3-00173
WBCIC,2,6,2,withheld_until_outcome_lock,query,19166,wbcic-6-S3-00174
WBCIC,2,6,2,withheld_until_outcome_lock,query,19167,wbcic-6-S3-00175
WBCIC,2,6,2,withheld_until_outcome_lock,query,19168,wbcic-6-S3-00176
WBCIC,2,6,2,withheld_until_outcome_lock,query,19169,wbcic-6-S3-00177
WBCIC,2,6,2,withheld_until_outcome_lock,query,19170,wbcic-6-S3-00178
WBCIC,2,6,2,withheld_until_outcome_lock,query,19171,wbcic-6-S3-00179
WBCIC,2,6,2,withheld_until_outcome_lock,query,19172,wbcic-6-S3-00180
WBCIC,2,6,2,withheld_until_outcome_lock,query,19173,wbcic-6-S3-00181
WBCIC,2,6,2,withheld_until_outcome_lock,query,19174,wbcic-6-S3-00182
WBCIC,2,6,2,withheld_until_outcome_lock,query,19175,wbcic-6-S3-00183
WBCIC,2,6,2,withheld_until_outcome_lock,query,19176,wbcic-6-S3-00184
WBCIC,2,6,2,withheld_until_outcome_lock,query,19177,wbcic-6-S3-00185
WBCIC,2,6,2,withheld_until_outcome_lock,query,19178,wbcic-6-S3-00186
WBCIC,2,6,2,withheld_until_outcome_lock,query,19179,wbcic-6-S3-00187
WBCIC,2,6,2,withheld_until_outcome_lock,query,19180,wbcic-6-S3-00188
WBCIC,2,6,2,withheld_until_outcome_lock,query,19181,wbcic-6-S3-00189
WBCIC,2,6,2,withheld_until_outcome_lock,query,19182,wbcic-6-S3-00190
WBCIC,2,6,2,withheld_until_outcome_lock,query,19183,wbcic-6-S3-00191
WBCIC,2,6,2,withheld_until_outcome_lock,query,19184,wbcic-6-S3-00192
WBCIC,2,6,2,withheld_until_outcome_lock,query,19185,wbcic-6-S3-00193
WBCIC,2,6,2,withheld_until_outcome_lock,query,19186,wbcic-6-S3-00194
WBCIC,2,6,2,withheld_until_outcome_lock,query,19187,wbcic-6-S3-00195
WBCIC,2,6,2,withheld_until_outcome_lock,query,19188,wbcic-6-S3-00196
WBCIC,2,6,2,withheld_until_outcome_lock,query,19189,wbcic-6-S3-00197
WBCIC,2,6,2,withheld_until_outcome_lock,query,19190,wbcic-6-S3-00198
WBCIC,2,6,2,withheld_until_outcome_lock,query,19191,wbcic-6-S3-00199
WBCIC,3,12,2,withheld_until_outcome_lock,query,1600,wbcic-12-S3-00000
WBCIC,3,12,2,withheld_until_outcome_lock,query,1601,wbcic-12-S3-00001
WBCIC,3,12,2,withheld_until_outcome_lock,query,1602,wbcic-12-S3-00002
WBCIC,3,12,2,withheld_until_outcome_lock,query,1603,wbcic-12-S3-00003
WBCIC,3,12,2,withheld_until_outcome_lock,query,1604,wbcic-12-S3-00004
WBCIC,3,12,2,withheld_until_outcome_lock,query,1605,wbcic-12-S3-00005
WBCIC,3,12,2,withheld_until_outcome_lock,query,1606,wbcic-12-S3-00006
WBCIC,3,12,2,withheld_until_outcome_lock,query,1607,wbcic-12-S3-00007
WBCIC,3,12,2,withheld_until_outcome_lock,query,1608,wbcic-12-S3-00008
WBCIC,3,12,2,withheld_until_outcome_lock,query,1609,wbcic-12-S3-00009
WBCIC,3,12,2,withheld_until_outcome_lock,query,1610,wbcic-12-S3-00010
WBCIC,3,12,2,withheld_until_outcome_lock,query,1611,wbcic-12-S3-00011
WBCIC,3,12,2,withheld_until_outcome_lock,query,1612,wbcic-12-S3-00012
WBCIC,3,12,2,withheld_until_outcome_lock,query,1613,wbcic-12-S3-00013
WBCIC,3,12,2,withheld_until_outcome_lock,query,1614,wbcic-12-S3-00014
WBCIC,3,12,2,withheld_until_outcome_lock,query,1615,wbcic-12-S3-00015
WBCIC,3,12,2,withheld_until_outcome_lock,query,1616,wbcic-12-S3-00016
WBCIC,3,12,2,withheld_until_outcome_lock,query,1617,wbcic-12-S3-00017
WBCIC,3,12,2,withheld_until_outcome_lock,query,1618,wbcic-12-S3-00018
WBCIC,3,12,2,withheld_until_outcome_lock,query,1619,wbcic-12-S3-00019
WBCIC,3,12,2,withheld_until_outcome_lock,query,1620,wbcic-12-S3-00020
WBCIC,3,12,2,withheld_until_outcome_lock,query,1621,wbcic-12-S3-00021
WBCIC,3,12,2,withheld_until_outcome_lock,query,1622,wbcic-12-S3-00022
WBCIC,3,12,2,withheld_until_outcome_lock,query,1623,wbcic-12-S3-00023
WBCIC,3,12,2,withheld_until_outcome_lock,query,1624,wbcic-12-S3-00024
WBCIC,3,12,2,withheld_until_outcome_lock,query,1625,wbcic-12-S3-00025
WBCIC,3,12,2,withheld_until_outcome_lock,query,1626,wbcic-12-S3-00026
WBCIC,3,12,2,withheld_until_outcome_lock,query,1627,wbcic-12-S3-00027
WBCIC,3,12,2,withheld_until_outcome_lock,query,1628,wbcic-12-S3-00028
WBCIC,3,12,2,withheld_until_outcome_lock,query,1629,wbcic-12-S3-00029
WBCIC,3,12,2,withheld_until_outcome_lock,query,1630,wbcic-12-S3-00030
WBCIC,3,12,2,withheld_until_outcome_lock,query,1631,wbcic-12-S3-00031
WBCIC,3,12,2,withheld_until_outcome_lock,query,1632,wbcic-12-S3-00032
WBCIC,3,12,2,withheld_until_outcome_lock,query,1633,wbcic-12-S3-00033
WBCIC,3,12,2,withheld_until_outcome_lock,query,1634,wbcic-12-S3-00034
WBCIC,3,12,2,withheld_until_outcome_lock,query,1635,wbcic-12-S3-00035
WBCIC,3,12,2,withheld_until_outcome_lock,query,1636,wbcic-12-S3-00036
WBCIC,3,12,2,withheld_until_outcome_lock,query,1637,wbcic-12-S3-00037
WBCIC,3,12,2,withheld_until_outcome_lock,query,1638,wbcic-12-S3-00038
WBCIC,3,12,2,withheld_until_outcome_lock,query,1639,wbcic-12-S3-00039
WBCIC,3,12,2,withheld_until_outcome_lock,query,1640,wbcic-12-S3-00040
WBCIC,3,12,2,withheld_until_outcome_lock,query,1641,wbcic-12-S3-00041
WBCIC,3,12,2,withheld_until_outcome_lock,query,1642,wbcic-12-S3-00042
WBCIC,3,12,2,withheld_until_outcome_lock,query,1643,wbcic-12-S3-00043
WBCIC,3,12,2,withheld_until_outcome_lock,query,1644,wbcic-12-S3-00044
WBCIC,3,12,2,withheld_until_outcome_lock,query,1645,wbcic-12-S3-00045
WBCIC,3,12,2,withheld_until_outcome_lock,query,1646,wbcic-12-S3-00046
WBCIC,3,12,2,withheld_until_outcome_lock,query,1647,wbcic-12-S3-00047
WBCIC,3,12,2,withheld_until_outcome_lock,query,1648,wbcic-12-S3-00048
WBCIC,3,12,2,withheld_until_outcome_lock,query,1649,wbcic-12-S3-00049
WBCIC,3,12,2,withheld_until_outcome_lock,query,1650,wbcic-12-S3-00050
WBCIC,3,12,2,withheld_until_outcome_lock,query,1651,wbcic-12-S3-00051
WBCIC,3,12,2,withheld_until_outcome_lock,query,1652,wbcic-12-S3-00052
WBCIC,3,12,2,withheld_until_outcome_lock,query,1653,wbcic-12-S3-00053
WBCIC,3,12,2,withheld_until_outcome_lock,query,1654,wbcic-12-S3-00054
WBCIC,3,12,2,withheld_until_outcome_lock,query,1655,wbcic-12-S3-00055
WBCIC,3,12,2,withheld_until_outcome_lock,query,1656,wbcic-12-S3-00056
WBCIC,3,12,2,withheld_until_outcome_lock,query,1657,wbcic-12-S3-00057
WBCIC,3,12,2,withheld_until_outcome_lock,query,1658,wbcic-12-S3-00058
WBCIC,3,12,2,withheld_until_outcome_lock,query,1659,wbcic-12-S3-00059
WBCIC,3,12,2,withheld_until_outcome_lock,query,1660,wbcic-12-S3-00060
WBCIC,3,12,2,withheld_until_outcome_lock,query,1661,wbcic-12-S3-00061
WBCIC,3,12,2,withheld_until_outcome_lock,query,1662,wbcic-12-S3-00062
WBCIC,3,12,2,withheld_until_outcome_lock,query,1663,wbcic-12-S3-00063
WBCIC,3,12,2,withheld_until_outcome_lock,query,1664,wbcic-12-S3-00064
WBCIC,3,12,2,withheld_until_outcome_lock,query,1665,wbcic-12-S3-00065
WBCIC,3,12,2,withheld_until_outcome_lock,query,1666,wbcic-12-S3-00066
WBCIC,3,12,2,withheld_until_outcome_lock,query,1667,wbcic-12-S3-00067
WBCIC,3,12,2,withheld_until_outcome_lock,query,1668,wbcic-12-S3-00068
WBCIC,3,12,2,withheld_until_outcome_lock,query,1669,wbcic-12-S3-00069
WBCIC,3,12,2,withheld_until_outcome_lock,query,1670,wbcic-12-S3-00070
WBCIC,3,12,2,withheld_until_outcome_lock,query,1671,wbcic-12-S3-00071
WBCIC,3,12,2,withheld_until_outcome_lock,query,1672,wbcic-12-S3-00072
WBCIC,3,12,2,withheld_until_outcome_lock,query,1673,wbcic-12-S3-00073
WBCIC,3,12,2,withheld_until_outcome_lock,query,1674,wbcic-12-S3-00074
WBCIC,3,12,2,withheld_until_outcome_lock,query,1675,wbcic-12-S3-00075
WBCIC,3,12,2,withheld_until_outcome_lock,query,1676,wbcic-12-S3-00076
WBCIC,3,12,2,withheld_until_outcome_lock,query,1677,wbcic-12-S3-00077
WBCIC,3,12,2,withheld_until_outcome_lock,query,1678,wbcic-12-S3-00078
WBCIC,3,12,2,withheld_until_outcome_lock,query,1679,wbcic-12-S3-00079
WBCIC,3,12,2,withheld_until_outcome_lock,query,1680,wbcic-12-S3-00080
WBCIC,3,12,2,withheld_until_outcome_lock,query,1681,wbcic-12-S3-00081
WBCIC,3,12,2,withheld_until_outcome_lock,query,1682,wbcic-12-S3-00082
WBCIC,3,12,2,withheld_until_outcome_lock,query,1683,wbcic-12-S3-00083
WBCIC,3,12,2,withheld_until_outcome_lock,query,1684,wbcic-12-S3-00084
WBCIC,3,12,2,withheld_until_outcome_lock,query,1685,wbcic-12-S3-00085
WBCIC,3,12,2,withheld_until_outcome_lock,query,1686,wbcic-12-S3-00086
WBCIC,3,12,2,withheld_until_outcome_lock,query,1687,wbcic-12-S3-00087
WBCIC,3,12,2,withheld_until_outcome_lock,query,1688,wbcic-12-S3-00088
WBCIC,3,12,2,withheld_until_outcome_lock,query,1689,wbcic-12-S3-00089
WBCIC,3,12,2,withheld_until_outcome_lock,query,1690,wbcic-12-S3-00090
WBCIC,3,12,2,withheld_until_outcome_lock,query,1691,wbcic-12-S3-00091
WBCIC,3,12,2,withheld_until_outcome_lock,query,1692,wbcic-12-S3-00092
WBCIC,3,12,2,withheld_until_outcome_lock,query,1693,wbcic-12-S3-00093
WBCIC,3,12,2,withheld_until_outcome_lock,query,1694,wbcic-12-S3-00094
WBCIC,3,12,2,withheld_until_outcome_lock,query,1695,wbcic-12-S3-00095
WBCIC,3,12,2,withheld_until_outcome_lock,query,1696,wbcic-12-S3-00096
WBCIC,3,12,2,withheld_until_outcome_lock,query,1697,wbcic-12-S3-00097
WBCIC,3,12,2,withheld_until_outcome_lock,query,1698,wbcic-12-S3-00098
WBCIC,3,12,2,withheld_until_outcome_lock,query,1699,wbcic-12-S3-00099
WBCIC,3,12,2,withheld_until_outcome_lock,query,1700,wbcic-12-S3-00100
WBCIC,3,12,2,withheld_until_outcome_lock,query,1701,wbcic-12-S3-00101
WBCIC,3,12,2,withheld_until_outcome_lock,query,1702,wbcic-12-S3-00102
WBCIC,3,12,2,withheld_until_outcome_lock,query,1703,wbcic-12-S3-00103
WBCIC,3,12,2,withheld_until_outcome_lock,query,1704,wbcic-12-S3-00104
WBCIC,3,12,2,withheld_until_outcome_lock,query,1705,wbcic-12-S3-00105
WBCIC,3,12,2,withheld_until_outcome_lock,query,1706,wbcic-12-S3-00106
WBCIC,3,12,2,withheld_until_outcome_lock,query,1707,wbcic-12-S3-00107
WBCIC,3,12,2,withheld_until_outcome_lock,query,1708,wbcic-12-S3-00108
WBCIC,3,12,2,withheld_until_outcome_lock,query,1709,wbcic-12-S3-00109
WBCIC,3,12,2,withheld_until_outcome_lock,query,1710,wbcic-12-S3-00110
WBCIC,3,12,2,withheld_until_outcome_lock,query,1711,wbcic-12-S3-00111
WBCIC,3,12,2,withheld_until_outcome_lock,query,1712,wbcic-12-S3-00112
WBCIC,3,12,2,withheld_until_outcome_lock,query,1713,wbcic-12-S3-00113
WBCIC,3,12,2,withheld_until_outcome_lock,query,1714,wbcic-12-S3-00114
WBCIC,3,12,2,withheld_until_outcome_lock,query,1715,wbcic-12-S3-00115
WBCIC,3,12,2,withheld_until_outcome_lock,query,1716,wbcic-12-S3-00116
WBCIC,3,12,2,withheld_until_outcome_lock,query,1717,wbcic-12-S3-00117
WBCIC,3,12,2,withheld_until_outcome_lock,query,1718,wbcic-12-S3-00118
WBCIC,3,12,2,withheld_until_outcome_lock,query,1719,wbcic-12-S3-00119
WBCIC,3,12,2,withheld_until_outcome_lock,query,1720,wbcic-12-S3-00120
WBCIC,3,12,2,withheld_until_outcome_lock,query,1721,wbcic-12-S3-00121
WBCIC,3,12,2,withheld_until_outcome_lock,query,1722,wbcic-12-S3-00122
WBCIC,3,12,2,withheld_until_outcome_lock,query,1723,wbcic-12-S3-00123
WBCIC,3,12,2,withheld_until_outcome_lock,query,1724,wbcic-12-S3-00124
WBCIC,3,12,2,withheld_until_outcome_lock,query,1725,wbcic-12-S3-00125
WBCIC,3,12,2,withheld_until_outcome_lock,query,1726,wbcic-12-S3-00126
WBCIC,3,12,2,withheld_until_outcome_lock,query,1727,wbcic-12-S3-00127
WBCIC,3,12,2,withheld_until_outcome_lock,query,1728,wbcic-12-S3-00128
WBCIC,3,12,2,withheld_until_outcome_lock,query,1729,wbcic-12-S3-00129
WBCIC,3,12,2,withheld_until_outcome_lock,query,1730,wbcic-12-S3-00130
WBCIC,3,12,2,withheld_until_outcome_lock,query,1731,wbcic-12-S3-00131
WBCIC,3,12,2,withheld_until_outcome_lock,query,1732,wbcic-12-S3-00132
WBCIC,3,12,2,withheld_until_outcome_lock,query,1733,wbcic-12-S3-00133
WBCIC,3,12,2,withheld_until_outcome_lock,query,1734,wbcic-12-S3-00134
WBCIC,3,12,2,withheld_until_outcome_lock,query,1735,wbcic-12-S3-00135
WBCIC,3,12,2,withheld_until_outcome_lock,query,1736,wbcic-12-S3-00136
WBCIC,3,12,2,withheld_until_outcome_lock,query,1737,wbcic-12-S3-00137
WBCIC,3,12,2,withheld_until_outcome_lock,query,1738,wbcic-12-S3-00138
WBCIC,3,12,2,withheld_until_outcome_lock,query,1739,wbcic-12-S3-00139
WBCIC,3,12,2,withheld_until_outcome_lock,query,1740,wbcic-12-S3-00140
WBCIC,3,12,2,withheld_until_outcome_lock,query,1741,wbcic-12-S3-00141
WBCIC,3,12,2,withheld_until_outcome_lock,query,1742,wbcic-12-S3-00142
WBCIC,3,12,2,withheld_until_outcome_lock,query,1743,wbcic-12-S3-00143
WBCIC,3,12,2,withheld_until_outcome_lock,query,1744,wbcic-12-S3-00144
WBCIC,3,12,2,withheld_until_outcome_lock,query,1745,wbcic-12-S3-00145
WBCIC,3,12,2,withheld_until_outcome_lock,query,1746,wbcic-12-S3-00146
WBCIC,3,12,2,withheld_until_outcome_lock,query,1747,wbcic-12-S3-00147
WBCIC,3,12,2,withheld_until_outcome_lock,query,1748,wbcic-12-S3-00148
WBCIC,3,12,2,withheld_until_outcome_lock,query,1749,wbcic-12-S3-00149
WBCIC,3,12,2,withheld_until_outcome_lock,query,1750,wbcic-12-S3-00150
WBCIC,3,12,2,withheld_until_outcome_lock,query,1751,wbcic-12-S3-00151
WBCIC,3,12,2,withheld_until_outcome_lock,query,1752,wbcic-12-S3-00152
WBCIC,3,12,2,withheld_until_outcome_lock,query,1753,wbcic-12-S3-00153
WBCIC,3,12,2,withheld_until_outcome_lock,query,1754,wbcic-12-S3-00154
WBCIC,3,12,2,withheld_until_outcome_lock,query,1755,wbcic-12-S3-00155
WBCIC,3,12,2,withheld_until_outcome_lock,query,1756,wbcic-12-S3-00156
WBCIC,3,12,2,withheld_until_outcome_lock,query,1757,wbcic-12-S3-00157
WBCIC,3,12,2,withheld_until_outcome_lock,query,1758,wbcic-12-S3-00158
WBCIC,3,12,2,withheld_until_outcome_lock,query,1759,wbcic-12-S3-00159
WBCIC,3,12,2,withheld_until_outcome_lock,query,1760,wbcic-12-S3-00160
WBCIC,3,12,2,withheld_until_outcome_lock,query,1761,wbcic-12-S3-00161
WBCIC,3,12,2,withheld_until_outcome_lock,query,1762,wbcic-12-S3-00162
WBCIC,3,12,2,withheld_until_outcome_lock,query,1763,wbcic-12-S3-00163
WBCIC,3,12,2,withheld_until_outcome_lock,query,1764,wbcic-12-S3-00164
WBCIC,3,12,2,withheld_until_outcome_lock,query,1765,wbcic-12-S3-00165
WBCIC,3,12,2,withheld_until_outcome_lock,query,1766,wbcic-12-S3-00166
WBCIC,3,12,2,withheld_until_outcome_lock,query,1767,wbcic-12-S3-00167
WBCIC,3,12,2,withheld_until_outcome_lock,query,1768,wbcic-12-S3-00168
WBCIC,3,12,2,withheld_until_outcome_lock,query,1769,wbcic-12-S3-00169
WBCIC,3,12,2,withheld_until_outcome_lock,query,1770,wbcic-12-S3-00170
WBCIC,3,12,2,withheld_until_outcome_lock,query,1771,wbcic-12-S3-00171
WBCIC,3,12,2,withheld_until_outcome_lock,query,1772,wbcic-12-S3-00172
WBCIC,3,12,2,withheld_until_outcome_lock,query,1773,wbcic-12-S3-00173
WBCIC,3,12,2,withheld_until_outcome_lock,query,1774,wbcic-12-S3-00174
WBCIC,3,12,2,withheld_until_outcome_lock,query,1775,wbcic-12-S3-00175
WBCIC,3,12,2,withheld_until_outcome_lock,query,1776,wbcic-12-S3-00176
WBCIC,3,12,2,withheld_until_outcome_lock,query,1777,wbcic-12-S3-00177
WBCIC,3,12,2,withheld_until_outcome_lock,query,1778,wbcic-12-S3-00178
WBCIC,3,12,2,withheld_until_outcome_lock,query,1779,wbcic-12-S3-00179
WBCIC,3,12,2,withheld_until_outcome_lock,query,1780,wbcic-12-S3-00180
WBCIC,3,12,2,withheld_until_outcome_lock,query,1781,wbcic-12-S3-00181
WBCIC,3,12,2,withheld_until_outcome_lock,query,1782,wbcic-12-S3-00182
WBCIC,3,12,2,withheld_until_outcome_lock,query,1783,wbcic-12-S3-00183
WBCIC,3,12,2,withheld_until_outcome_lock,query,1784,wbcic-12-S3-00184
WBCIC,3,12,2,withheld_until_outcome_lock,query,1785,wbcic-12-S3-00185
WBCIC,3,12,2,withheld_until_outcome_lock,query,1786,wbcic-12-S3-00186
WBCIC,3,12,2,withheld_until_outcome_lock,query,1787,wbcic-12-S3-00187
WBCIC,3,12,2,withheld_until_outcome_lock,query,1788,wbcic-12-S3-00188
WBCIC,3,12,2,withheld_until_outcome_lock,query,1789,wbcic-12-S3-00189
WBCIC,3,12,2,withheld_until_outcome_lock,query,1790,wbcic-12-S3-00190
WBCIC,3,12,2,withheld_until_outcome_lock,query,1791,wbcic-12-S3-00191
WBCIC,3,12,2,withheld_until_outcome_lock,query,1792,wbcic-12-S3-00192
WBCIC,3,12,2,withheld_until_outcome_lock,query,1793,wbcic-12-S3-00193
WBCIC,3,12,2,withheld_until_outcome_lock,query,1794,wbcic-12-S3-00194
WBCIC,3,12,2,withheld_until_outcome_lock,query,1795,wbcic-12-S3-00195
WBCIC,3,12,2,withheld_until_outcome_lock,query,1796,wbcic-12-S3-00196
WBCIC,3,12,2,withheld_until_outcome_lock,query,1797,wbcic-12-S3-00197
WBCIC,3,12,2,withheld_until_outcome_lock,query,1798,wbcic-12-S3-00198
WBCIC,3,12,2,withheld_until_outcome_lock,query,1799,wbcic-12-S3-00199
WBCIC,3,14,2,withheld_until_outcome_lock,query,2800,wbcic-14-S3-00000
WBCIC,3,14,2,withheld_until_outcome_lock,query,2801,wbcic-14-S3-00001
WBCIC,3,14,2,withheld_until_outcome_lock,query,2802,wbcic-14-S3-00002
WBCIC,3,14,2,withheld_until_outcome_lock,query,2803,wbcic-14-S3-00003
WBCIC,3,14,2,withheld_until_outcome_lock,query,2804,wbcic-14-S3-00004
WBCIC,3,14,2,withheld_until_outcome_lock,query,2805,wbcic-14-S3-00005
WBCIC,3,14,2,withheld_until_outcome_lock,query,2806,wbcic-14-S3-00006
WBCIC,3,14,2,withheld_until_outcome_lock,query,2807,wbcic-14-S3-00007
WBCIC,3,14,2,withheld_until_outcome_lock,query,2808,wbcic-14-S3-00008
WBCIC,3,14,2,withheld_until_outcome_lock,query,2809,wbcic-14-S3-00009
WBCIC,3,14,2,withheld_until_outcome_lock,query,2810,wbcic-14-S3-00010
WBCIC,3,14,2,withheld_until_outcome_lock,query,2811,wbcic-14-S3-00011
WBCIC,3,14,2,withheld_until_outcome_lock,query,2812,wbcic-14-S3-00012
WBCIC,3,14,2,withheld_until_outcome_lock,query,2813,wbcic-14-S3-00013
WBCIC,3,14,2,withheld_until_outcome_lock,query,2814,wbcic-14-S3-00014
WBCIC,3,14,2,withheld_until_outcome_lock,query,2815,wbcic-14-S3-00015
WBCIC,3,14,2,withheld_until_outcome_lock,query,2816,wbcic-14-S3-00016
WBCIC,3,14,2,withheld_until_outcome_lock,query,2817,wbcic-14-S3-00017
WBCIC,3,14,2,withheld_until_outcome_lock,query,2818,wbcic-14-S3-00018
WBCIC,3,14,2,withheld_until_outcome_lock,query,2819,wbcic-14-S3-00019
WBCIC,3,14,2,withheld_until_outcome_lock,query,2820,wbcic-14-S3-00020
WBCIC,3,14,2,withheld_until_outcome_lock,query,2821,wbcic-14-S3-00021
WBCIC,3,14,2,withheld_until_outcome_lock,query,2822,wbcic-14-S3-00022
WBCIC,3,14,2,withheld_until_outcome_lock,query,2823,wbcic-14-S3-00023
WBCIC,3,14,2,withheld_until_outcome_lock,query,2824,wbcic-14-S3-00024
WBCIC,3,14,2,withheld_until_outcome_lock,query,2825,wbcic-14-S3-00025
WBCIC,3,14,2,withheld_until_outcome_lock,query,2826,wbcic-14-S3-00026
WBCIC,3,14,2,withheld_until_outcome_lock,query,2827,wbcic-14-S3-00027
WBCIC,3,14,2,withheld_until_outcome_lock,query,2828,wbcic-14-S3-00028
WBCIC,3,14,2,withheld_until_outcome_lock,query,2829,wbcic-14-S3-00029
WBCIC,3,14,2,withheld_until_outcome_lock,query,2830,wbcic-14-S3-00030
WBCIC,3,14,2,withheld_until_outcome_lock,query,2831,wbcic-14-S3-00031
WBCIC,3,14,2,withheld_until_outcome_lock,query,2832,wbcic-14-S3-00032
WBCIC,3,14,2,withheld_until_outcome_lock,query,2833,wbcic-14-S3-00033
WBCIC,3,14,2,withheld_until_outcome_lock,query,2834,wbcic-14-S3-00034
WBCIC,3,14,2,withheld_until_outcome_lock,query,2835,wbcic-14-S3-00035
WBCIC,3,14,2,withheld_until_outcome_lock,query,2836,wbcic-14-S3-00036
WBCIC,3,14,2,withheld_until_outcome_lock,query,2837,wbcic-14-S3-00037
WBCIC,3,14,2,withheld_until_outcome_lock,query,2838,wbcic-14-S3-00038
WBCIC,3,14,2,withheld_until_outcome_lock,query,2839,wbcic-14-S3-00039
WBCIC,3,14,2,withheld_until_outcome_lock,query,2840,wbcic-14-S3-00040
WBCIC,3,14,2,withheld_until_outcome_lock,query,2841,wbcic-14-S3-00041
WBCIC,3,14,2,withheld_until_outcome_lock,query,2842,wbcic-14-S3-00042
WBCIC,3,14,2,withheld_until_outcome_lock,query,2843,wbcic-14-S3-00043
WBCIC,3,14,2,withheld_until_outcome_lock,query,2844,wbcic-14-S3-00044
WBCIC,3,14,2,withheld_until_outcome_lock,query,2845,wbcic-14-S3-00045
WBCIC,3,14,2,withheld_until_outcome_lock,query,2846,wbcic-14-S3-00046
WBCIC,3,14,2,withheld_until_outcome_lock,query,2847,wbcic-14-S3-00047
WBCIC,3,14,2,withheld_until_outcome_lock,query,2848,wbcic-14-S3-00048
WBCIC,3,14,2,withheld_until_outcome_lock,query,2849,wbcic-14-S3-00049
WBCIC,3,14,2,withheld_until_outcome_lock,query,2850,wbcic-14-S3-00050
WBCIC,3,14,2,withheld_until_outcome_lock,query,2851,wbcic-14-S3-00051
WBCIC,3,14,2,withheld_until_outcome_lock,query,2852,wbcic-14-S3-00052
WBCIC,3,14,2,withheld_until_outcome_lock,query,2853,wbcic-14-S3-00053
WBCIC,3,14,2,withheld_until_outcome_lock,query,2854,wbcic-14-S3-00054
WBCIC,3,14,2,withheld_until_outcome_lock,query,2855,wbcic-14-S3-00055
WBCIC,3,14,2,withheld_until_outcome_lock,query,2856,wbcic-14-S3-00056
WBCIC,3,14,2,withheld_until_outcome_lock,query,2857,wbcic-14-S3-00057
WBCIC,3,14,2,withheld_until_outcome_lock,query,2858,wbcic-14-S3-00058
WBCIC,3,14,2,withheld_until_outcome_lock,query,2859,wbcic-14-S3-00059
WBCIC,3,14,2,withheld_until_outcome_lock,query,2860,wbcic-14-S3-00060
WBCIC,3,14,2,withheld_until_outcome_lock,query,2861,wbcic-14-S3-00061
WBCIC,3,14,2,withheld_until_outcome_lock,query,2862,wbcic-14-S3-00062
WBCIC,3,14,2,withheld_until_outcome_lock,query,2863,wbcic-14-S3-00063
WBCIC,3,14,2,withheld_until_outcome_lock,query,2864,wbcic-14-S3-00064
WBCIC,3,14,2,withheld_until_outcome_lock,query,2865,wbcic-14-S3-00065
WBCIC,3,14,2,withheld_until_outcome_lock,query,2866,wbcic-14-S3-00066
WBCIC,3,14,2,withheld_until_outcome_lock,query,2867,wbcic-14-S3-00067
WBCIC,3,14,2,withheld_until_outcome_lock,query,2868,wbcic-14-S3-00068
WBCIC,3,14,2,withheld_until_outcome_lock,query,2869,wbcic-14-S3-00069
WBCIC,3,14,2,withheld_until_outcome_lock,query,2870,wbcic-14-S3-00070
WBCIC,3,14,2,withheld_until_outcome_lock,query,2871,wbcic-14-S3-00071
WBCIC,3,14,2,withheld_until_outcome_lock,query,2872,wbcic-14-S3-00072
WBCIC,3,14,2,withheld_until_outcome_lock,query,2873,wbcic-14-S3-00073
WBCIC,3,14,2,withheld_until_outcome_lock,query,2874,wbcic-14-S3-00074
WBCIC,3,14,2,withheld_until_outcome_lock,query,2875,wbcic-14-S3-00075
WBCIC,3,14,2,withheld_until_outcome_lock,query,2876,wbcic-14-S3-00076
WBCIC,3,14,2,withheld_until_outcome_lock,query,2877,wbcic-14-S3-00077
WBCIC,3,14,2,withheld_until_outcome_lock,query,2878,wbcic-14-S3-00078
WBCIC,3,14,2,withheld_until_outcome_lock,query,2879,wbcic-14-S3-00079
WBCIC,3,14,2,withheld_until_outcome_lock,query,2880,wbcic-14-S3-00080
WBCIC,3,14,2,withheld_until_outcome_lock,query,2881,wbcic-14-S3-00081
WBCIC,3,14,2,withheld_until_outcome_lock,query,2882,wbcic-14-S3-00082
WBCIC,3,14,2,withheld_until_outcome_lock,query,2883,wbcic-14-S3-00083
WBCIC,3,14,2,withheld_until_outcome_lock,query,2884,wbcic-14-S3-00084
WBCIC,3,14,2,withheld_until_outcome_lock,query,2885,wbcic-14-S3-00085
WBCIC,3,14,2,withheld_until_outcome_lock,query,2886,wbcic-14-S3-00086
WBCIC,3,14,2,withheld_until_outcome_lock,query,2887,wbcic-14-S3-00087
WBCIC,3,14,2,withheld_until_outcome_lock,query,2888,wbcic-14-S3-00088
WBCIC,3,14,2,withheld_until_outcome_lock,query,2889,wbcic-14-S3-00089
WBCIC,3,14,2,withheld_until_outcome_lock,query,2890,wbcic-14-S3-00090
WBCIC,3,14,2,withheld_until_outcome_lock,query,2891,wbcic-14-S3-00091
WBCIC,3,14,2,withheld_until_outcome_lock,query,2892,wbcic-14-S3-00092
WBCIC,3,14,2,withheld_until_outcome_lock,query,2893,wbcic-14-S3-00093
WBCIC,3,14,2,withheld_until_outcome_lock,query,2894,wbcic-14-S3-00094
WBCIC,3,14,2,withheld_until_outcome_lock,query,2895,wbcic-14-S3-00095
WBCIC,3,14,2,withheld_until_outcome_lock,query,2896,wbcic-14-S3-00096
WBCIC,3,14,2,withheld_until_outcome_lock,query,2897,wbcic-14-S3-00097
WBCIC,3,14,2,withheld_until_outcome_lock,query,2898,wbcic-14-S3-00098
WBCIC,3,14,2,withheld_until_outcome_lock,query,2899,wbcic-14-S3-00099
WBCIC,3,14,2,withheld_until_outcome_lock,query,2900,wbcic-14-S3-00100
WBCIC,3,14,2,withheld_until_outcome_lock,query,2901,wbcic-14-S3-00101
WBCIC,3,14,2,withheld_until_outcome_lock,query,2902,wbcic-14-S3-00102
WBCIC,3,14,2,withheld_until_outcome_lock,query,2903,wbcic-14-S3-00103
WBCIC,3,14,2,withheld_until_outcome_lock,query,2904,wbcic-14-S3-00104
WBCIC,3,14,2,withheld_until_outcome_lock,query,2905,wbcic-14-S3-00105
WBCIC,3,14,2,withheld_until_outcome_lock,query,2906,wbcic-14-S3-00106
WBCIC,3,14,2,withheld_until_outcome_lock,query,2907,wbcic-14-S3-00107
WBCIC,3,14,2,withheld_until_outcome_lock,query,2908,wbcic-14-S3-00108
WBCIC,3,14,2,withheld_until_outcome_lock,query,2909,wbcic-14-S3-00109
WBCIC,3,14,2,withheld_until_outcome_lock,query,2910,wbcic-14-S3-00110
WBCIC,3,14,2,withheld_until_outcome_lock,query,2911,wbcic-14-S3-00111
WBCIC,3,14,2,withheld_until_outcome_lock,query,2912,wbcic-14-S3-00112
WBCIC,3,14,2,withheld_until_outcome_lock,query,2913,wbcic-14-S3-00113
WBCIC,3,14,2,withheld_until_outcome_lock,query,2914,wbcic-14-S3-00114
WBCIC,3,14,2,withheld_until_outcome_lock,query,2915,wbcic-14-S3-00115
WBCIC,3,14,2,withheld_until_outcome_lock,query,2916,wbcic-14-S3-00116
WBCIC,3,14,2,withheld_until_outcome_lock,query,2917,wbcic-14-S3-00117
WBCIC,3,14,2,withheld_until_outcome_lock,query,2918,wbcic-14-S3-00118
WBCIC,3,14,2,withheld_until_outcome_lock,query,2919,wbcic-14-S3-00119
WBCIC,3,14,2,withheld_until_outcome_lock,query,2920,wbcic-14-S3-00120
WBCIC,3,14,2,withheld_until_outcome_lock,query,2921,wbcic-14-S3-00121
WBCIC,3,14,2,withheld_until_outcome_lock,query,2922,wbcic-14-S3-00122
WBCIC,3,14,2,withheld_until_outcome_lock,query,2923,wbcic-14-S3-00123
WBCIC,3,14,2,withheld_until_outcome_lock,query,2924,wbcic-14-S3-00124
WBCIC,3,14,2,withheld_until_outcome_lock,query,2925,wbcic-14-S3-00125
WBCIC,3,14,2,withheld_until_outcome_lock,query,2926,wbcic-14-S3-00126
WBCIC,3,14,2,withheld_until_outcome_lock,query,2927,wbcic-14-S3-00127
WBCIC,3,14,2,withheld_until_outcome_lock,query,2928,wbcic-14-S3-00128
WBCIC,3,14,2,withheld_until_outcome_lock,query,2929,wbcic-14-S3-00129
WBCIC,3,14,2,withheld_until_outcome_lock,query,2930,wbcic-14-S3-00130
WBCIC,3,14,2,withheld_until_outcome_lock,query,2931,wbcic-14-S3-00131
WBCIC,3,14,2,withheld_until_outcome_lock,query,2932,wbcic-14-S3-00132
WBCIC,3,14,2,withheld_until_outcome_lock,query,2933,wbcic-14-S3-00133
WBCIC,3,14,2,withheld_until_outcome_lock,query,2934,wbcic-14-S3-00134
WBCIC,3,14,2,withheld_until_outcome_lock,query,2935,wbcic-14-S3-00135
WBCIC,3,14,2,withheld_until_outcome_lock,query,2936,wbcic-14-S3-00136
WBCIC,3,14,2,withheld_until_outcome_lock,query,2937,wbcic-14-S3-00137
WBCIC,3,14,2,withheld_until_outcome_lock,query,2938,wbcic-14-S3-00138
WBCIC,3,14,2,withheld_until_outcome_lock,query,2939,wbcic-14-S3-00139
WBCIC,3,14,2,withheld_until_outcome_lock,query,2940,wbcic-14-S3-00140
WBCIC,3,14,2,withheld_until_outcome_lock,query,2941,wbcic-14-S3-00141
WBCIC,3,14,2,withheld_until_outcome_lock,query,2942,wbcic-14-S3-00142
WBCIC,3,14,2,withheld_until_outcome_lock,query,2943,wbcic-14-S3-00143
WBCIC,3,14,2,withheld_until_outcome_lock,query,2944,wbcic-14-S3-00144
WBCIC,3,14,2,withheld_until_outcome_lock,query,2945,wbcic-14-S3-00145
WBCIC,3,14,2,withheld_until_outcome_lock,query,2946,wbcic-14-S3-00146
WBCIC,3,14,2,withheld_until_outcome_lock,query,2947,wbcic-14-S3-00147
WBCIC,3,14,2,withheld_until_outcome_lock,query,2948,wbcic-14-S3-00148
WBCIC,3,14,2,withheld_until_outcome_lock,query,2949,wbcic-14-S3-00149
WBCIC,3,14,2,withheld_until_outcome_lock,query,2950,wbcic-14-S3-00150
WBCIC,3,14,2,withheld_until_outcome_lock,query,2951,wbcic-14-S3-00151
WBCIC,3,14,2,withheld_until_outcome_lock,query,2952,wbcic-14-S3-00152
WBCIC,3,14,2,withheld_until_outcome_lock,query,2953,wbcic-14-S3-00153
WBCIC,3,14,2,withheld_until_outcome_lock,query,2954,wbcic-14-S3-00154
WBCIC,3,14,2,withheld_until_outcome_lock,query,2955,wbcic-14-S3-00155
WBCIC,3,14,2,withheld_until_outcome_lock,query,2956,wbcic-14-S3-00156
WBCIC,3,14,2,withheld_until_outcome_lock,query,2957,wbcic-14-S3-00157
WBCIC,3,14,2,withheld_until_outcome_lock,query,2958,wbcic-14-S3-00158
WBCIC,3,14,2,withheld_until_outcome_lock,query,2959,wbcic-14-S3-00159
WBCIC,3,14,2,withheld_until_outcome_lock,query,2960,wbcic-14-S3-00160
WBCIC,3,14,2,withheld_until_outcome_lock,query,2961,wbcic-14-S3-00161
WBCIC,3,14,2,withheld_until_outcome_lock,query,2962,wbcic-14-S3-00162
WBCIC,3,14,2,withheld_until_outcome_lock,query,2963,wbcic-14-S3-00163
WBCIC,3,14,2,withheld_until_outcome_lock,query,2964,wbcic-14-S3-00164
WBCIC,3,14,2,withheld_until_outcome_lock,query,2965,wbcic-14-S3-00165
WBCIC,3,14,2,withheld_until_outcome_lock,query,2966,wbcic-14-S3-00166
WBCIC,3,14,2,withheld_until_outcome_lock,query,2967,wbcic-14-S3-00167
WBCIC,3,14,2,withheld_until_outcome_lock,query,2968,wbcic-14-S3-00168
WBCIC,3,14,2,withheld_until_outcome_lock,query,2969,wbcic-14-S3-00169
WBCIC,3,14,2,withheld_until_outcome_lock,query,2970,wbcic-14-S3-00170
WBCIC,3,14,2,withheld_until_outcome_lock,query,2971,wbcic-14-S3-00171
WBCIC,3,14,2,withheld_until_outcome_lock,query,2972,wbcic-14-S3-00172
WBCIC,3,14,2,withheld_until_outcome_lock,query,2973,wbcic-14-S3-00173
WBCIC,3,14,2,withheld_until_outcome_lock,query,2974,wbcic-14-S3-00174
WBCIC,3,14,2,withheld_until_outcome_lock,query,2975,wbcic-14-S3-00175
WBCIC,3,14,2,withheld_until_outcome_lock,query,2976,wbcic-14-S3-00176
WBCIC,3,14,2,withheld_until_outcome_lock,query,2977,wbcic-14-S3-00177
WBCIC,3,14,2,withheld_until_outcome_lock,query,2978,wbcic-14-S3-00178
WBCIC,3,14,2,withheld_until_outcome_lock,query,2979,wbcic-14-S3-00179
WBCIC,3,14,2,withheld_until_outcome_lock,query,2980,wbcic-14-S3-00180
WBCIC,3,14,2,withheld_until_outcome_lock,query,2981,wbcic-14-S3-00181
WBCIC,3,14,2,withheld_until_outcome_lock,query,2982,wbcic-14-S3-00182
WBCIC,3,14,2,withheld_until_outcome_lock,query,2983,wbcic-14-S3-00183
WBCIC,3,14,2,withheld_until_outcome_lock,query,2984,wbcic-14-S3-00184
WBCIC,3,14,2,withheld_until_outcome_lock,query,2985,wbcic-14-S3-00185
WBCIC,3,14,2,withheld_until_outcome_lock,query,2986,wbcic-14-S3-00186
WBCIC,3,14,2,withheld_until_outcome_lock,query,2987,wbcic-14-S3-00187
WBCIC,3,14,2,withheld_until_outcome_lock,query,2988,wbcic-14-S3-00188
WBCIC,3,14,2,withheld_until_outcome_lock,query,2989,wbcic-14-S3-00189
WBCIC,3,14,2,withheld_until_outcome_lock,query,2990,wbcic-14-S3-00190
WBCIC,3,14,2,withheld_until_outcome_lock,query,2991,wbcic-14-S3-00191
WBCIC,3,14,2,withheld_until_outcome_lock,query,2992,wbcic-14-S3-00192
WBCIC,3,14,2,withheld_until_outcome_lock,query,2993,wbcic-14-S3-00193
WBCIC,3,14,2,withheld_until_outcome_lock,query,2994,wbcic-14-S3-00194
WBCIC,3,14,2,withheld_until_outcome_lock,query,2995,wbcic-14-S3-00195
WBCIC,3,14,2,withheld_until_outcome_lock,query,2996,wbcic-14-S3-00196
WBCIC,3,14,2,withheld_until_outcome_lock,query,2997,wbcic-14-S3-00197
WBCIC,3,14,2,withheld_until_outcome_lock,query,2998,wbcic-14-S3-00198
WBCIC,3,14,2,withheld_until_outcome_lock,query,2999,wbcic-14-S3-00199
WBCIC,3,17,2,withheld_until_outcome_lock,query,4000,wbcic-17-S3-00000
WBCIC,3,17,2,withheld_until_outcome_lock,query,4001,wbcic-17-S3-00001
WBCIC,3,17,2,withheld_until_outcome_lock,query,4002,wbcic-17-S3-00002
WBCIC,3,17,2,withheld_until_outcome_lock,query,4003,wbcic-17-S3-00003
WBCIC,3,17,2,withheld_until_outcome_lock,query,4004,wbcic-17-S3-00004
WBCIC,3,17,2,withheld_until_outcome_lock,query,4005,wbcic-17-S3-00005
WBCIC,3,17,2,withheld_until_outcome_lock,query,4006,wbcic-17-S3-00006
WBCIC,3,17,2,withheld_until_outcome_lock,query,4007,wbcic-17-S3-00007
WBCIC,3,17,2,withheld_until_outcome_lock,query,4008,wbcic-17-S3-00008
WBCIC,3,17,2,withheld_until_outcome_lock,query,4009,wbcic-17-S3-00009
WBCIC,3,17,2,withheld_until_outcome_lock,query,4010,wbcic-17-S3-00010
WBCIC,3,17,2,withheld_until_outcome_lock,query,4011,wbcic-17-S3-00011
WBCIC,3,17,2,withheld_until_outcome_lock,query,4012,wbcic-17-S3-00012
WBCIC,3,17,2,withheld_until_outcome_lock,query,4013,wbcic-17-S3-00013
WBCIC,3,17,2,withheld_until_outcome_lock,query,4014,wbcic-17-S3-00014
WBCIC,3,17,2,withheld_until_outcome_lock,query,4015,wbcic-17-S3-00015
WBCIC,3,17,2,withheld_until_outcome_lock,query,4016,wbcic-17-S3-00016
WBCIC,3,17,2,withheld_until_outcome_lock,query,4017,wbcic-17-S3-00017
WBCIC,3,17,2,withheld_until_outcome_lock,query,4018,wbcic-17-S3-00018
WBCIC,3,17,2,withheld_until_outcome_lock,query,4019,wbcic-17-S3-00019
WBCIC,3,17,2,withheld_until_outcome_lock,query,4020,wbcic-17-S3-00020
WBCIC,3,17,2,withheld_until_outcome_lock,query,4021,wbcic-17-S3-00021
WBCIC,3,17,2,withheld_until_outcome_lock,query,4022,wbcic-17-S3-00022
WBCIC,3,17,2,withheld_until_outcome_lock,query,4023,wbcic-17-S3-00023
WBCIC,3,17,2,withheld_until_outcome_lock,query,4024,wbcic-17-S3-00024
WBCIC,3,17,2,withheld_until_outcome_lock,query,4025,wbcic-17-S3-00025
WBCIC,3,17,2,withheld_until_outcome_lock,query,4026,wbcic-17-S3-00026
WBCIC,3,17,2,withheld_until_outcome_lock,query,4027,wbcic-17-S3-00027
WBCIC,3,17,2,withheld_until_outcome_lock,query,4028,wbcic-17-S3-00028
WBCIC,3,17,2,withheld_until_outcome_lock,query,4029,wbcic-17-S3-00029
WBCIC,3,17,2,withheld_until_outcome_lock,query,4030,wbcic-17-S3-00030
WBCIC,3,17,2,withheld_until_outcome_lock,query,4031,wbcic-17-S3-00031
WBCIC,3,17,2,withheld_until_outcome_lock,query,4032,wbcic-17-S3-00032
WBCIC,3,17,2,withheld_until_outcome_lock,query,4033,wbcic-17-S3-00033
WBCIC,3,17,2,withheld_until_outcome_lock,query,4034,wbcic-17-S3-00034
WBCIC,3,17,2,withheld_until_outcome_lock,query,4035,wbcic-17-S3-00035
WBCIC,3,17,2,withheld_until_outcome_lock,query,4036,wbcic-17-S3-00036
WBCIC,3,17,2,withheld_until_outcome_lock,query,4037,wbcic-17-S3-00037
WBCIC,3,17,2,withheld_until_outcome_lock,query,4038,wbcic-17-S3-00038
WBCIC,3,17,2,withheld_until_outcome_lock,query,4039,wbcic-17-S3-00039
WBCIC,3,17,2,withheld_until_outcome_lock,query,4040,wbcic-17-S3-00040
WBCIC,3,17,2,withheld_until_outcome_lock,query,4041,wbcic-17-S3-00041
WBCIC,3,17,2,withheld_until_outcome_lock,query,4042,wbcic-17-S3-00042
WBCIC,3,17,2,withheld_until_outcome_lock,query,4043,wbcic-17-S3-00043
WBCIC,3,17,2,withheld_until_outcome_lock,query,4044,wbcic-17-S3-00044
WBCIC,3,17,2,withheld_until_outcome_lock,query,4045,wbcic-17-S3-00045
WBCIC,3,17,2,withheld_until_outcome_lock,query,4046,wbcic-17-S3-00046
WBCIC,3,17,2,withheld_until_outcome_lock,query,4047,wbcic-17-S3-00047
WBCIC,3,17,2,withheld_until_outcome_lock,query,4048,wbcic-17-S3-00048
WBCIC,3,17,2,withheld_until_outcome_lock,query,4049,wbcic-17-S3-00049
WBCIC,3,17,2,withheld_until_outcome_lock,query,4050,wbcic-17-S3-00050
WBCIC,3,17,2,withheld_until_outcome_lock,query,4051,wbcic-17-S3-00051
WBCIC,3,17,2,withheld_until_outcome_lock,query,4052,wbcic-17-S3-00052
WBCIC,3,17,2,withheld_until_outcome_lock,query,4053,wbcic-17-S3-00053
WBCIC,3,17,2,withheld_until_outcome_lock,query,4054,wbcic-17-S3-00054
WBCIC,3,17,2,withheld_until_outcome_lock,query,4055,wbcic-17-S3-00055
WBCIC,3,17,2,withheld_until_outcome_lock,query,4056,wbcic-17-S3-00056
WBCIC,3,17,2,withheld_until_outcome_lock,query,4057,wbcic-17-S3-00057
WBCIC,3,17,2,withheld_until_outcome_lock,query,4058,wbcic-17-S3-00058
WBCIC,3,17,2,withheld_until_outcome_lock,query,4059,wbcic-17-S3-00059
WBCIC,3,17,2,withheld_until_outcome_lock,query,4060,wbcic-17-S3-00060
WBCIC,3,17,2,withheld_until_outcome_lock,query,4061,wbcic-17-S3-00061
WBCIC,3,17,2,withheld_until_outcome_lock,query,4062,wbcic-17-S3-00062
WBCIC,3,17,2,withheld_until_outcome_lock,query,4063,wbcic-17-S3-00063
WBCIC,3,17,2,withheld_until_outcome_lock,query,4064,wbcic-17-S3-00064
WBCIC,3,17,2,withheld_until_outcome_lock,query,4065,wbcic-17-S3-00065
WBCIC,3,17,2,withheld_until_outcome_lock,query,4066,wbcic-17-S3-00066
WBCIC,3,17,2,withheld_until_outcome_lock,query,4067,wbcic-17-S3-00067
WBCIC,3,17,2,withheld_until_outcome_lock,query,4068,wbcic-17-S3-00068
WBCIC,3,17,2,withheld_until_outcome_lock,query,4069,wbcic-17-S3-00069
WBCIC,3,17,2,withheld_until_outcome_lock,query,4070,wbcic-17-S3-00070
WBCIC,3,17,2,withheld_until_outcome_lock,query,4071,wbcic-17-S3-00071
WBCIC,3,17,2,withheld_until_outcome_lock,query,4072,wbcic-17-S3-00072
WBCIC,3,17,2,withheld_until_outcome_lock,query,4073,wbcic-17-S3-00073
WBCIC,3,17,2,withheld_until_outcome_lock,query,4074,wbcic-17-S3-00074
WBCIC,3,17,2,withheld_until_outcome_lock,query,4075,wbcic-17-S3-00075
WBCIC,3,17,2,withheld_until_outcome_lock,query,4076,wbcic-17-S3-00076
WBCIC,3,17,2,withheld_until_outcome_lock,query,4077,wbcic-17-S3-00077
WBCIC,3,17,2,withheld_until_outcome_lock,query,4078,wbcic-17-S3-00078
WBCIC,3,17,2,withheld_until_outcome_lock,query,4079,wbcic-17-S3-00079
WBCIC,3,17,2,withheld_until_outcome_lock,query,4080,wbcic-17-S3-00080
WBCIC,3,17,2,withheld_until_outcome_lock,query,4081,wbcic-17-S3-00081
WBCIC,3,17,2,withheld_until_outcome_lock,query,4082,wbcic-17-S3-00082
WBCIC,3,17,2,withheld_until_outcome_lock,query,4083,wbcic-17-S3-00083
WBCIC,3,17,2,withheld_until_outcome_lock,query,4084,wbcic-17-S3-00084
WBCIC,3,17,2,withheld_until_outcome_lock,query,4085,wbcic-17-S3-00085
WBCIC,3,17,2,withheld_until_outcome_lock,query,4086,wbcic-17-S3-00086
WBCIC,3,17,2,withheld_until_outcome_lock,query,4087,wbcic-17-S3-00087
WBCIC,3,17,2,withheld_until_outcome_lock,query,4088,wbcic-17-S3-00088
WBCIC,3,17,2,withheld_until_outcome_lock,query,4089,wbcic-17-S3-00089
WBCIC,3,17,2,withheld_until_outcome_lock,query,4090,wbcic-17-S3-00090
WBCIC,3,17,2,withheld_until_outcome_lock,query,4091,wbcic-17-S3-00091
WBCIC,3,17,2,withheld_until_outcome_lock,query,4092,wbcic-17-S3-00092
WBCIC,3,17,2,withheld_until_outcome_lock,query,4093,wbcic-17-S3-00093
WBCIC,3,17,2,withheld_until_outcome_lock,query,4094,wbcic-17-S3-00094
WBCIC,3,17,2,withheld_until_outcome_lock,query,4095,wbcic-17-S3-00095
WBCIC,3,17,2,withheld_until_outcome_lock,query,4096,wbcic-17-S3-00096
WBCIC,3,17,2,withheld_until_outcome_lock,query,4097,wbcic-17-S3-00097
WBCIC,3,17,2,withheld_until_outcome_lock,query,4098,wbcic-17-S3-00098
WBCIC,3,17,2,withheld_until_outcome_lock,query,4099,wbcic-17-S3-00099
WBCIC,3,17,2,withheld_until_outcome_lock,query,4100,wbcic-17-S3-00100
WBCIC,3,17,2,withheld_until_outcome_lock,query,4101,wbcic-17-S3-00101
WBCIC,3,17,2,withheld_until_outcome_lock,query,4102,wbcic-17-S3-00102
WBCIC,3,17,2,withheld_until_outcome_lock,query,4103,wbcic-17-S3-00103
WBCIC,3,17,2,withheld_until_outcome_lock,query,4104,wbcic-17-S3-00104
WBCIC,3,17,2,withheld_until_outcome_lock,query,4105,wbcic-17-S3-00105
WBCIC,3,17,2,withheld_until_outcome_lock,query,4106,wbcic-17-S3-00106
WBCIC,3,17,2,withheld_until_outcome_lock,query,4107,wbcic-17-S3-00107
WBCIC,3,17,2,withheld_until_outcome_lock,query,4108,wbcic-17-S3-00108
WBCIC,3,17,2,withheld_until_outcome_lock,query,4109,wbcic-17-S3-00109
WBCIC,3,17,2,withheld_until_outcome_lock,query,4110,wbcic-17-S3-00110
WBCIC,3,17,2,withheld_until_outcome_lock,query,4111,wbcic-17-S3-00111
WBCIC,3,17,2,withheld_until_outcome_lock,query,4112,wbcic-17-S3-00112
WBCIC,3,17,2,withheld_until_outcome_lock,query,4113,wbcic-17-S3-00113
WBCIC,3,17,2,withheld_until_outcome_lock,query,4114,wbcic-17-S3-00114
WBCIC,3,17,2,withheld_until_outcome_lock,query,4115,wbcic-17-S3-00115
WBCIC,3,17,2,withheld_until_outcome_lock,query,4116,wbcic-17-S3-00116
WBCIC,3,17,2,withheld_until_outcome_lock,query,4117,wbcic-17-S3-00117
WBCIC,3,17,2,withheld_until_outcome_lock,query,4118,wbcic-17-S3-00118
WBCIC,3,17,2,withheld_until_outcome_lock,query,4119,wbcic-17-S3-00119
WBCIC,3,17,2,withheld_until_outcome_lock,query,4120,wbcic-17-S3-00120
WBCIC,3,17,2,withheld_until_outcome_lock,query,4121,wbcic-17-S3-00121
WBCIC,3,17,2,withheld_until_outcome_lock,query,4122,wbcic-17-S3-00122
WBCIC,3,17,2,withheld_until_outcome_lock,query,4123,wbcic-17-S3-00123
WBCIC,3,17,2,withheld_until_outcome_lock,query,4124,wbcic-17-S3-00124
WBCIC,3,17,2,withheld_until_outcome_lock,query,4125,wbcic-17-S3-00125
WBCIC,3,17,2,withheld_until_outcome_lock,query,4126,wbcic-17-S3-00126
WBCIC,3,17,2,withheld_until_outcome_lock,query,4127,wbcic-17-S3-00127
WBCIC,3,17,2,withheld_until_outcome_lock,query,4128,wbcic-17-S3-00128
WBCIC,3,17,2,withheld_until_outcome_lock,query,4129,wbcic-17-S3-00129
WBCIC,3,17,2,withheld_until_outcome_lock,query,4130,wbcic-17-S3-00130
WBCIC,3,17,2,withheld_until_outcome_lock,query,4131,wbcic-17-S3-00131
WBCIC,3,17,2,withheld_until_outcome_lock,query,4132,wbcic-17-S3-00132
WBCIC,3,17,2,withheld_until_outcome_lock,query,4133,wbcic-17-S3-00133
WBCIC,3,17,2,withheld_until_outcome_lock,query,4134,wbcic-17-S3-00134
WBCIC,3,17,2,withheld_until_outcome_lock,query,4135,wbcic-17-S3-00135
WBCIC,3,17,2,withheld_until_outcome_lock,query,4136,wbcic-17-S3-00136
WBCIC,3,17,2,withheld_until_outcome_lock,query,4137,wbcic-17-S3-00137
WBCIC,3,17,2,withheld_until_outcome_lock,query,4138,wbcic-17-S3-00138
WBCIC,3,17,2,withheld_until_outcome_lock,query,4139,wbcic-17-S3-00139
WBCIC,3,17,2,withheld_until_outcome_lock,query,4140,wbcic-17-S3-00140
WBCIC,3,17,2,withheld_until_outcome_lock,query,4141,wbcic-17-S3-00141
WBCIC,3,17,2,withheld_until_outcome_lock,query,4142,wbcic-17-S3-00142
WBCIC,3,17,2,withheld_until_outcome_lock,query,4143,wbcic-17-S3-00143
WBCIC,3,17,2,withheld_until_outcome_lock,query,4144,wbcic-17-S3-00144
WBCIC,3,17,2,withheld_until_outcome_lock,query,4145,wbcic-17-S3-00145
WBCIC,3,17,2,withheld_until_outcome_lock,query,4146,wbcic-17-S3-00146
WBCIC,3,17,2,withheld_until_outcome_lock,query,4147,wbcic-17-S3-00147
WBCIC,3,17,2,withheld_until_outcome_lock,query,4148,wbcic-17-S3-00148
WBCIC,3,17,2,withheld_until_outcome_lock,query,4149,wbcic-17-S3-00149
WBCIC,3,17,2,withheld_until_outcome_lock,query,4150,wbcic-17-S3-00150
WBCIC,3,17,2,withheld_until_outcome_lock,query,4151,wbcic-17-S3-00151
WBCIC,3,17,2,withheld_until_outcome_lock,query,4152,wbcic-17-S3-00152
WBCIC,3,17,2,withheld_until_outcome_lock,query,4153,wbcic-17-S3-00153
WBCIC,3,17,2,withheld_until_outcome_lock,query,4154,wbcic-17-S3-00154
WBCIC,3,17,2,withheld_until_outcome_lock,query,4155,wbcic-17-S3-00155
WBCIC,3,17,2,withheld_until_outcome_lock,query,4156,wbcic-17-S3-00156
WBCIC,3,17,2,withheld_until_outcome_lock,query,4157,wbcic-17-S3-00157
WBCIC,3,17,2,withheld_until_outcome_lock,query,4158,wbcic-17-S3-00158
WBCIC,3,17,2,withheld_until_outcome_lock,query,4159,wbcic-17-S3-00159
WBCIC,3,17,2,withheld_until_outcome_lock,query,4160,wbcic-17-S3-00160
WBCIC,3,17,2,withheld_until_outcome_lock,query,4161,wbcic-17-S3-00161
WBCIC,3,17,2,withheld_until_outcome_lock,query,4162,wbcic-17-S3-00162
WBCIC,3,17,2,withheld_until_outcome_lock,query,4163,wbcic-17-S3-00163
WBCIC,3,17,2,withheld_until_outcome_lock,query,4164,wbcic-17-S3-00164
WBCIC,3,17,2,withheld_until_outcome_lock,query,4165,wbcic-17-S3-00165
WBCIC,3,17,2,withheld_until_outcome_lock,query,4166,wbcic-17-S3-00166
WBCIC,3,17,2,withheld_until_outcome_lock,query,4167,wbcic-17-S3-00167
WBCIC,3,17,2,withheld_until_outcome_lock,query,4168,wbcic-17-S3-00168
WBCIC,3,17,2,withheld_until_outcome_lock,query,4169,wbcic-17-S3-00169
WBCIC,3,17,2,withheld_until_outcome_lock,query,4170,wbcic-17-S3-00170
WBCIC,3,17,2,withheld_until_outcome_lock,query,4171,wbcic-17-S3-00171
WBCIC,3,17,2,withheld_until_outcome_lock,query,4172,wbcic-17-S3-00172
WBCIC,3,17,2,withheld_until_outcome_lock,query,4173,wbcic-17-S3-00173
WBCIC,3,17,2,withheld_until_outcome_lock,query,4174,wbcic-17-S3-00174
WBCIC,3,17,2,withheld_until_outcome_lock,query,4175,wbcic-17-S3-00175
WBCIC,3,17,2,withheld_until_outcome_lock,query,4176,wbcic-17-S3-00176
WBCIC,3,17,2,withheld_until_outcome_lock,query,4177,wbcic-17-S3-00177
WBCIC,3,17,2,withheld_until_outcome_lock,query,4178,wbcic-17-S3-00178
WBCIC,3,17,2,withheld_until_outcome_lock,query,4179,wbcic-17-S3-00179
WBCIC,3,17,2,withheld_until_outcome_lock,query,4180,wbcic-17-S3-00180
WBCIC,3,17,2,withheld_until_outcome_lock,query,4181,wbcic-17-S3-00181
WBCIC,3,17,2,withheld_until_outcome_lock,query,4182,wbcic-17-S3-00182
WBCIC,3,17,2,withheld_until_outcome_lock,query,4183,wbcic-17-S3-00183
WBCIC,3,17,2,withheld_until_outcome_lock,query,4184,wbcic-17-S3-00184
WBCIC,3,17,2,withheld_until_outcome_lock,query,4185,wbcic-17-S3-00185
WBCIC,3,17,2,withheld_until_outcome_lock,query,4186,wbcic-17-S3-00186
WBCIC,3,17,2,withheld_until_outcome_lock,query,4187,wbcic-17-S3-00187
WBCIC,3,17,2,withheld_until_outcome_lock,query,4188,wbcic-17-S3-00188
WBCIC,3,17,2,withheld_until_outcome_lock,query,4189,wbcic-17-S3-00189
WBCIC,3,17,2,withheld_until_outcome_lock,query,4190,wbcic-17-S3-00190
WBCIC,3,17,2,withheld_until_outcome_lock,query,4191,wbcic-17-S3-00191
WBCIC,3,17,2,withheld_until_outcome_lock,query,4192,wbcic-17-S3-00192
WBCIC,3,17,2,withheld_until_outcome_lock,query,4193,wbcic-17-S3-00193
WBCIC,3,17,2,withheld_until_outcome_lock,query,4194,wbcic-17-S3-00194
WBCIC,3,17,2,withheld_until_outcome_lock,query,4195,wbcic-17-S3-00195
WBCIC,3,17,2,withheld_until_outcome_lock,query,4196,wbcic-17-S3-00196
WBCIC,3,17,2,withheld_until_outcome_lock,query,4197,wbcic-17-S3-00197
WBCIC,3,17,2,withheld_until_outcome_lock,query,4198,wbcic-17-S3-00198
WBCIC,3,17,2,withheld_until_outcome_lock,query,4199,wbcic-17-S3-00199
WBCIC,3,32,2,withheld_until_outcome_lock,query,11198,wbcic-32-S3-00000
WBCIC,3,32,2,withheld_until_outcome_lock,query,11199,wbcic-32-S3-00001
WBCIC,3,32,2,withheld_until_outcome_lock,query,11200,wbcic-32-S3-00002
WBCIC,3,32,2,withheld_until_outcome_lock,query,11201,wbcic-32-S3-00003
WBCIC,3,32,2,withheld_until_outcome_lock,query,11202,wbcic-32-S3-00004
WBCIC,3,32,2,withheld_until_outcome_lock,query,11203,wbcic-32-S3-00005
WBCIC,3,32,2,withheld_until_outcome_lock,query,11204,wbcic-32-S3-00006
WBCIC,3,32,2,withheld_until_outcome_lock,query,11205,wbcic-32-S3-00007
WBCIC,3,32,2,withheld_until_outcome_lock,query,11206,wbcic-32-S3-00008
WBCIC,3,32,2,withheld_until_outcome_lock,query,11207,wbcic-32-S3-00009
WBCIC,3,32,2,withheld_until_outcome_lock,query,11208,wbcic-32-S3-00010
WBCIC,3,32,2,withheld_until_outcome_lock,query,11209,wbcic-32-S3-00011
WBCIC,3,32,2,withheld_until_outcome_lock,query,11210,wbcic-32-S3-00012
WBCIC,3,32,2,withheld_until_outcome_lock,query,11211,wbcic-32-S3-00013
WBCIC,3,32,2,withheld_until_outcome_lock,query,11212,wbcic-32-S3-00014
WBCIC,3,32,2,withheld_until_outcome_lock,query,11213,wbcic-32-S3-00015
WBCIC,3,32,2,withheld_until_outcome_lock,query,11214,wbcic-32-S3-00016
WBCIC,3,32,2,withheld_until_outcome_lock,query,11215,wbcic-32-S3-00017
WBCIC,3,32,2,withheld_until_outcome_lock,query,11216,wbcic-32-S3-00018
WBCIC,3,32,2,withheld_until_outcome_lock,query,11217,wbcic-32-S3-00019
WBCIC,3,32,2,withheld_until_outcome_lock,query,11218,wbcic-32-S3-00020
WBCIC,3,32,2,withheld_until_outcome_lock,query,11219,wbcic-32-S3-00021
WBCIC,3,32,2,withheld_until_outcome_lock,query,11220,wbcic-32-S3-00022
WBCIC,3,32,2,withheld_until_outcome_lock,query,11221,wbcic-32-S3-00023
WBCIC,3,32,2,withheld_until_outcome_lock,query,11222,wbcic-32-S3-00024
WBCIC,3,32,2,withheld_until_outcome_lock,query,11223,wbcic-32-S3-00025
WBCIC,3,32,2,withheld_until_outcome_lock,query,11224,wbcic-32-S3-00026
WBCIC,3,32,2,withheld_until_outcome_lock,query,11225,wbcic-32-S3-00027
WBCIC,3,32,2,withheld_until_outcome_lock,query,11226,wbcic-32-S3-00028
WBCIC,3,32,2,withheld_until_outcome_lock,query,11227,wbcic-32-S3-00029
WBCIC,3,32,2,withheld_until_outcome_lock,query,11228,wbcic-32-S3-00030
WBCIC,3,32,2,withheld_until_outcome_lock,query,11229,wbcic-32-S3-00031
WBCIC,3,32,2,withheld_until_outcome_lock,query,11230,wbcic-32-S3-00032
WBCIC,3,32,2,withheld_until_outcome_lock,query,11231,wbcic-32-S3-00033
WBCIC,3,32,2,withheld_until_outcome_lock,query,11232,wbcic-32-S3-00034
WBCIC,3,32,2,withheld_until_outcome_lock,query,11233,wbcic-32-S3-00035
WBCIC,3,32,2,withheld_until_outcome_lock,query,11234,wbcic-32-S3-00036
WBCIC,3,32,2,withheld_until_outcome_lock,query,11235,wbcic-32-S3-00037
WBCIC,3,32,2,withheld_until_outcome_lock,query,11236,wbcic-32-S3-00038
WBCIC,3,32,2,withheld_until_outcome_lock,query,11237,wbcic-32-S3-00039
WBCIC,3,32,2,withheld_until_outcome_lock,query,11238,wbcic-32-S3-00040
WBCIC,3,32,2,withheld_until_outcome_lock,query,11239,wbcic-32-S3-00041
WBCIC,3,32,2,withheld_until_outcome_lock,query,11240,wbcic-32-S3-00042
WBCIC,3,32,2,withheld_until_outcome_lock,query,11241,wbcic-32-S3-00043
WBCIC,3,32,2,withheld_until_outcome_lock,query,11242,wbcic-32-S3-00044
WBCIC,3,32,2,withheld_until_outcome_lock,query,11243,wbcic-32-S3-00045
WBCIC,3,32,2,withheld_until_outcome_lock,query,11244,wbcic-32-S3-00046
WBCIC,3,32,2,withheld_until_outcome_lock,query,11245,wbcic-32-S3-00047
WBCIC,3,32,2,withheld_until_outcome_lock,query,11246,wbcic-32-S3-00048
WBCIC,3,32,2,withheld_until_outcome_lock,query,11247,wbcic-32-S3-00049
WBCIC,3,32,2,withheld_until_outcome_lock,query,11248,wbcic-32-S3-00050
WBCIC,3,32,2,withheld_until_outcome_lock,query,11249,wbcic-32-S3-00051
WBCIC,3,32,2,withheld_until_outcome_lock,query,11250,wbcic-32-S3-00052
WBCIC,3,32,2,withheld_until_outcome_lock,query,11251,wbcic-32-S3-00053
WBCIC,3,32,2,withheld_until_outcome_lock,query,11252,wbcic-32-S3-00054
WBCIC,3,32,2,withheld_until_outcome_lock,query,11253,wbcic-32-S3-00055
WBCIC,3,32,2,withheld_until_outcome_lock,query,11254,wbcic-32-S3-00056
WBCIC,3,32,2,withheld_until_outcome_lock,query,11255,wbcic-32-S3-00057
WBCIC,3,32,2,withheld_until_outcome_lock,query,11256,wbcic-32-S3-00058
WBCIC,3,32,2,withheld_until_outcome_lock,query,11257,wbcic-32-S3-00059
WBCIC,3,32,2,withheld_until_outcome_lock,query,11258,wbcic-32-S3-00060
WBCIC,3,32,2,withheld_until_outcome_lock,query,11259,wbcic-32-S3-00061
WBCIC,3,32,2,withheld_until_outcome_lock,query,11260,wbcic-32-S3-00062
WBCIC,3,32,2,withheld_until_outcome_lock,query,11261,wbcic-32-S3-00063
WBCIC,3,32,2,withheld_until_outcome_lock,query,11262,wbcic-32-S3-00064
WBCIC,3,32,2,withheld_until_outcome_lock,query,11263,wbcic-32-S3-00065
WBCIC,3,32,2,withheld_until_outcome_lock,query,11264,wbcic-32-S3-00066
WBCIC,3,32,2,withheld_until_outcome_lock,query,11265,wbcic-32-S3-00067
WBCIC,3,32,2,withheld_until_outcome_lock,query,11266,wbcic-32-S3-00068
WBCIC,3,32,2,withheld_until_outcome_lock,query,11267,wbcic-32-S3-00069
WBCIC,3,32,2,withheld_until_outcome_lock,query,11268,wbcic-32-S3-00070
WBCIC,3,32,2,withheld_until_outcome_lock,query,11269,wbcic-32-S3-00071
WBCIC,3,32,2,withheld_until_outcome_lock,query,11270,wbcic-32-S3-00072
WBCIC,3,32,2,withheld_until_outcome_lock,query,11271,wbcic-32-S3-00073
WBCIC,3,32,2,withheld_until_outcome_lock,query,11272,wbcic-32-S3-00074
WBCIC,3,32,2,withheld_until_outcome_lock,query,11273,wbcic-32-S3-00075
WBCIC,3,32,2,withheld_until_outcome_lock,query,11274,wbcic-32-S3-00076
WBCIC,3,32,2,withheld_until_outcome_lock,query,11275,wbcic-32-S3-00077
WBCIC,3,32,2,withheld_until_outcome_lock,query,11276,wbcic-32-S3-00078
WBCIC,3,32,2,withheld_until_outcome_lock,query,11277,wbcic-32-S3-00079
WBCIC,3,32,2,withheld_until_outcome_lock,query,11278,wbcic-32-S3-00080
WBCIC,3,32,2,withheld_until_outcome_lock,query,11279,wbcic-32-S3-00081
WBCIC,3,32,2,withheld_until_outcome_lock,query,11280,wbcic-32-S3-00082
WBCIC,3,32,2,withheld_until_outcome_lock,query,11281,wbcic-32-S3-00083
WBCIC,3,32,2,withheld_until_outcome_lock,query,11282,wbcic-32-S3-00084
WBCIC,3,32,2,withheld_until_outcome_lock,query,11283,wbcic-32-S3-00085
WBCIC,3,32,2,withheld_until_outcome_lock,query,11284,wbcic-32-S3-00086
WBCIC,3,32,2,withheld_until_outcome_lock,query,11285,wbcic-32-S3-00087
WBCIC,3,32,2,withheld_until_outcome_lock,query,11286,wbcic-32-S3-00088
WBCIC,3,32,2,withheld_until_outcome_lock,query,11287,wbcic-32-S3-00089
WBCIC,3,32,2,withheld_until_outcome_lock,query,11288,wbcic-32-S3-00090
WBCIC,3,32,2,withheld_until_outcome_lock,query,11289,wbcic-32-S3-00091
WBCIC,3,32,2,withheld_until_outcome_lock,query,11290,wbcic-32-S3-00092
WBCIC,3,32,2,withheld_until_outcome_lock,query,11291,wbcic-32-S3-00093
WBCIC,3,32,2,withheld_until_outcome_lock,query,11292,wbcic-32-S3-00094
WBCIC,3,32,2,withheld_until_outcome_lock,query,11293,wbcic-32-S3-00095
WBCIC,3,32,2,withheld_until_outcome_lock,query,11294,wbcic-32-S3-00096
WBCIC,3,32,2,withheld_until_outcome_lock,query,11295,wbcic-32-S3-00097
WBCIC,3,32,2,withheld_until_outcome_lock,query,11296,wbcic-32-S3-00098
WBCIC,3,32,2,withheld_until_outcome_lock,query,11297,wbcic-32-S3-00099
WBCIC,3,32,2,withheld_until_outcome_lock,query,11298,wbcic-32-S3-00100
WBCIC,3,32,2,withheld_until_outcome_lock,query,11299,wbcic-32-S3-00101
WBCIC,3,32,2,withheld_until_outcome_lock,query,11300,wbcic-32-S3-00102
WBCIC,3,32,2,withheld_until_outcome_lock,query,11301,wbcic-32-S3-00103
WBCIC,3,32,2,withheld_until_outcome_lock,query,11302,wbcic-32-S3-00104
WBCIC,3,32,2,withheld_until_outcome_lock,query,11303,wbcic-32-S3-00105
WBCIC,3,32,2,withheld_until_outcome_lock,query,11304,wbcic-32-S3-00106
WBCIC,3,32,2,withheld_until_outcome_lock,query,11305,wbcic-32-S3-00107
WBCIC,3,32,2,withheld_until_outcome_lock,query,11306,wbcic-32-S3-00108
WBCIC,3,32,2,withheld_until_outcome_lock,query,11307,wbcic-32-S3-00109
WBCIC,3,32,2,withheld_until_outcome_lock,query,11308,wbcic-32-S3-00110
WBCIC,3,32,2,withheld_until_outcome_lock,query,11309,wbcic-32-S3-00111
WBCIC,3,32,2,withheld_until_outcome_lock,query,11310,wbcic-32-S3-00112
WBCIC,3,32,2,withheld_until_outcome_lock,query,11311,wbcic-32-S3-00113
WBCIC,3,32,2,withheld_until_outcome_lock,query,11312,wbcic-32-S3-00114
WBCIC,3,32,2,withheld_until_outcome_lock,query,11313,wbcic-32-S3-00115
WBCIC,3,32,2,withheld_until_outcome_lock,query,11314,wbcic-32-S3-00116
WBCIC,3,32,2,withheld_until_outcome_lock,query,11315,wbcic-32-S3-00117
WBCIC,3,32,2,withheld_until_outcome_lock,query,11316,wbcic-32-S3-00118
WBCIC,3,32,2,withheld_until_outcome_lock,query,11317,wbcic-32-S3-00119
WBCIC,3,32,2,withheld_until_outcome_lock,query,11318,wbcic-32-S3-00120
WBCIC,3,32,2,withheld_until_outcome_lock,query,11319,wbcic-32-S3-00121
WBCIC,3,32,2,withheld_until_outcome_lock,query,11320,wbcic-32-S3-00122
WBCIC,3,32,2,withheld_until_outcome_lock,query,11321,wbcic-32-S3-00123
WBCIC,3,32,2,withheld_until_outcome_lock,query,11322,wbcic-32-S3-00124
WBCIC,3,32,2,withheld_until_outcome_lock,query,11323,wbcic-32-S3-00125
WBCIC,3,32,2,withheld_until_outcome_lock,query,11324,wbcic-32-S3-00126
WBCIC,3,32,2,withheld_until_outcome_lock,query,11325,wbcic-32-S3-00127
WBCIC,3,32,2,withheld_until_outcome_lock,query,11326,wbcic-32-S3-00128
WBCIC,3,32,2,withheld_until_outcome_lock,query,11327,wbcic-32-S3-00129
WBCIC,3,32,2,withheld_until_outcome_lock,query,11328,wbcic-32-S3-00130
WBCIC,3,32,2,withheld_until_outcome_lock,query,11329,wbcic-32-S3-00131
WBCIC,3,32,2,withheld_until_outcome_lock,query,11330,wbcic-32-S3-00132
WBCIC,3,32,2,withheld_until_outcome_lock,query,11331,wbcic-32-S3-00133
WBCIC,3,32,2,withheld_until_outcome_lock,query,11332,wbcic-32-S3-00134
WBCIC,3,32,2,withheld_until_outcome_lock,query,11333,wbcic-32-S3-00135
WBCIC,3,32,2,withheld_until_outcome_lock,query,11334,wbcic-32-S3-00136
WBCIC,3,32,2,withheld_until_outcome_lock,query,11335,wbcic-32-S3-00137
WBCIC,3,32,2,withheld_until_outcome_lock,query,11336,wbcic-32-S3-00138
WBCIC,3,32,2,withheld_until_outcome_lock,query,11337,wbcic-32-S3-00139
WBCIC,3,32,2,withheld_until_outcome_lock,query,11338,wbcic-32-S3-00140
WBCIC,3,32,2,withheld_until_outcome_lock,query,11339,wbcic-32-S3-00141
WBCIC,3,32,2,withheld_until_outcome_lock,query,11340,wbcic-32-S3-00142
WBCIC,3,32,2,withheld_until_outcome_lock,query,11341,wbcic-32-S3-00143
WBCIC,3,32,2,withheld_until_outcome_lock,query,11342,wbcic-32-S3-00144
WBCIC,3,32,2,withheld_until_outcome_lock,query,11343,wbcic-32-S3-00145
WBCIC,3,32,2,withheld_until_outcome_lock,query,11344,wbcic-32-S3-00146
WBCIC,3,32,2,withheld_until_outcome_lock,query,11345,wbcic-32-S3-00147
WBCIC,3,32,2,withheld_until_outcome_lock,query,11346,wbcic-32-S3-00148
WBCIC,3,32,2,withheld_until_outcome_lock,query,11347,wbcic-32-S3-00149
WBCIC,3,32,2,withheld_until_outcome_lock,query,11348,wbcic-32-S3-00150
WBCIC,3,32,2,withheld_until_outcome_lock,query,11349,wbcic-32-S3-00151
WBCIC,3,32,2,withheld_until_outcome_lock,query,11350,wbcic-32-S3-00152
WBCIC,3,32,2,withheld_until_outcome_lock,query,11351,wbcic-32-S3-00153
WBCIC,3,32,2,withheld_until_outcome_lock,query,11352,wbcic-32-S3-00154
WBCIC,3,32,2,withheld_until_outcome_lock,query,11353,wbcic-32-S3-00155
WBCIC,3,32,2,withheld_until_outcome_lock,query,11354,wbcic-32-S3-00156
WBCIC,3,32,2,withheld_until_outcome_lock,query,11355,wbcic-32-S3-00157
WBCIC,3,32,2,withheld_until_outcome_lock,query,11356,wbcic-32-S3-00158
WBCIC,3,32,2,withheld_until_outcome_lock,query,11357,wbcic-32-S3-00159
WBCIC,3,32,2,withheld_until_outcome_lock,query,11358,wbcic-32-S3-00160
WBCIC,3,32,2,withheld_until_outcome_lock,query,11359,wbcic-32-S3-00161
WBCIC,3,32,2,withheld_until_outcome_lock,query,11360,wbcic-32-S3-00162
WBCIC,3,32,2,withheld_until_outcome_lock,query,11361,wbcic-32-S3-00163
WBCIC,3,32,2,withheld_until_outcome_lock,query,11362,wbcic-32-S3-00164
WBCIC,3,32,2,withheld_until_outcome_lock,query,11363,wbcic-32-S3-00165
WBCIC,3,32,2,withheld_until_outcome_lock,query,11364,wbcic-32-S3-00166
WBCIC,3,32,2,withheld_until_outcome_lock,query,11365,wbcic-32-S3-00167
WBCIC,3,32,2,withheld_until_outcome_lock,query,11366,wbcic-32-S3-00168
WBCIC,3,32,2,withheld_until_outcome_lock,query,11367,wbcic-32-S3-00169
WBCIC,3,32,2,withheld_until_outcome_lock,query,11368,wbcic-32-S3-00170
WBCIC,3,32,2,withheld_until_outcome_lock,query,11369,wbcic-32-S3-00171
WBCIC,3,32,2,withheld_until_outcome_lock,query,11370,wbcic-32-S3-00172
WBCIC,3,32,2,withheld_until_outcome_lock,query,11371,wbcic-32-S3-00173
WBCIC,3,32,2,withheld_until_outcome_lock,query,11372,wbcic-32-S3-00174
WBCIC,3,32,2,withheld_until_outcome_lock,query,11373,wbcic-32-S3-00175
WBCIC,3,32,2,withheld_until_outcome_lock,query,11374,wbcic-32-S3-00176
WBCIC,3,32,2,withheld_until_outcome_lock,query,11375,wbcic-32-S3-00177
WBCIC,3,32,2,withheld_until_outcome_lock,query,11376,wbcic-32-S3-00178
WBCIC,3,32,2,withheld_until_outcome_lock,query,11377,wbcic-32-S3-00179
WBCIC,3,32,2,withheld_until_outcome_lock,query,11378,wbcic-32-S3-00180
WBCIC,3,32,2,withheld_until_outcome_lock,query,11379,wbcic-32-S3-00181
WBCIC,3,32,2,withheld_until_outcome_lock,query,11380,wbcic-32-S3-00182
WBCIC,3,32,2,withheld_until_outcome_lock,query,11381,wbcic-32-S3-00183
WBCIC,3,32,2,withheld_until_outcome_lock,query,11382,wbcic-32-S3-00184
WBCIC,3,32,2,withheld_until_outcome_lock,query,11383,wbcic-32-S3-00185
WBCIC,3,32,2,withheld_until_outcome_lock,query,11384,wbcic-32-S3-00186
WBCIC,3,32,2,withheld_until_outcome_lock,query,11385,wbcic-32-S3-00187
WBCIC,3,32,2,withheld_until_outcome_lock,query,11386,wbcic-32-S3-00188
WBCIC,3,32,2,withheld_until_outcome_lock,query,11387,wbcic-32-S3-00189
WBCIC,3,32,2,withheld_until_outcome_lock,query,11388,wbcic-32-S3-00190
WBCIC,3,32,2,withheld_until_outcome_lock,query,11389,wbcic-32-S3-00191
WBCIC,3,32,2,withheld_until_outcome_lock,query,11390,wbcic-32-S3-00192
WBCIC,3,32,2,withheld_until_outcome_lock,query,11391,wbcic-32-S3-00193
WBCIC,3,32,2,withheld_until_outcome_lock,query,11392,wbcic-32-S3-00194
WBCIC,3,32,2,withheld_until_outcome_lock,query,11393,wbcic-32-S3-00195
WBCIC,3,32,2,withheld_until_outcome_lock,query,11394,wbcic-32-S3-00196
WBCIC,3,32,2,withheld_until_outcome_lock,query,11395,wbcic-32-S3-00197
WBCIC,3,32,2,withheld_until_outcome_lock,query,11396,wbcic-32-S3-00198
WBCIC,3,32,2,withheld_until_outcome_lock,query,11397,wbcic-32-S3-00199
WBCIC,3,47,2,withheld_until_outcome_lock,query,15998,wbcic-47-S3-00000
WBCIC,3,47,2,withheld_until_outcome_lock,query,15999,wbcic-47-S3-00001
WBCIC,3,47,2,withheld_until_outcome_lock,query,16000,wbcic-47-S3-00002
WBCIC,3,47,2,withheld_until_outcome_lock,query,16001,wbcic-47-S3-00003
WBCIC,3,47,2,withheld_until_outcome_lock,query,16002,wbcic-47-S3-00004
WBCIC,3,47,2,withheld_until_outcome_lock,query,16003,wbcic-47-S3-00005
WBCIC,3,47,2,withheld_until_outcome_lock,query,16004,wbcic-47-S3-00006
WBCIC,3,47,2,withheld_until_outcome_lock,query,16005,wbcic-47-S3-00007
WBCIC,3,47,2,withheld_until_outcome_lock,query,16006,wbcic-47-S3-00008
WBCIC,3,47,2,withheld_until_outcome_lock,query,16007,wbcic-47-S3-00009
WBCIC,3,47,2,withheld_until_outcome_lock,query,16008,wbcic-47-S3-00010
WBCIC,3,47,2,withheld_until_outcome_lock,query,16009,wbcic-47-S3-00011
WBCIC,3,47,2,withheld_until_outcome_lock,query,16010,wbcic-47-S3-00012
WBCIC,3,47,2,withheld_until_outcome_lock,query,16011,wbcic-47-S3-00013
WBCIC,3,47,2,withheld_until_outcome_lock,query,16012,wbcic-47-S3-00014
WBCIC,3,47,2,withheld_until_outcome_lock,query,16013,wbcic-47-S3-00015
WBCIC,3,47,2,withheld_until_outcome_lock,query,16014,wbcic-47-S3-00016
WBCIC,3,47,2,withheld_until_outcome_lock,query,16015,wbcic-47-S3-00017
WBCIC,3,47,2,withheld_until_outcome_lock,query,16016,wbcic-47-S3-00018
WBCIC,3,47,2,withheld_until_outcome_lock,query,16017,wbcic-47-S3-00019
WBCIC,3,47,2,withheld_until_outcome_lock,query,16018,wbcic-47-S3-00020
WBCIC,3,47,2,withheld_until_outcome_lock,query,16019,wbcic-47-S3-00021
WBCIC,3,47,2,withheld_until_outcome_lock,query,16020,wbcic-47-S3-00022
WBCIC,3,47,2,withheld_until_outcome_lock,query,16021,wbcic-47-S3-00023
WBCIC,3,47,2,withheld_until_outcome_lock,query,16022,wbcic-47-S3-00024
WBCIC,3,47,2,withheld_until_outcome_lock,query,16023,wbcic-47-S3-00025
WBCIC,3,47,2,withheld_until_outcome_lock,query,16024,wbcic-47-S3-00026
WBCIC,3,47,2,withheld_until_outcome_lock,query,16025,wbcic-47-S3-00027
WBCIC,3,47,2,withheld_until_outcome_lock,query,16026,wbcic-47-S3-00028
WBCIC,3,47,2,withheld_until_outcome_lock,query,16027,wbcic-47-S3-00029
WBCIC,3,47,2,withheld_until_outcome_lock,query,16028,wbcic-47-S3-00030
WBCIC,3,47,2,withheld_until_outcome_lock,query,16029,wbcic-47-S3-00031
WBCIC,3,47,2,withheld_until_outcome_lock,query,16030,wbcic-47-S3-00032
WBCIC,3,47,2,withheld_until_outcome_lock,query,16031,wbcic-47-S3-00033
WBCIC,3,47,2,withheld_until_outcome_lock,query,16032,wbcic-47-S3-00034
WBCIC,3,47,2,withheld_until_outcome_lock,query,16033,wbcic-47-S3-00035
WBCIC,3,47,2,withheld_until_outcome_lock,query,16034,wbcic-47-S3-00036
WBCIC,3,47,2,withheld_until_outcome_lock,query,16035,wbcic-47-S3-00037
WBCIC,3,47,2,withheld_until_outcome_lock,query,16036,wbcic-47-S3-00038
WBCIC,3,47,2,withheld_until_outcome_lock,query,16037,wbcic-47-S3-00039
WBCIC,3,47,2,withheld_until_outcome_lock,query,16038,wbcic-47-S3-00040
WBCIC,3,47,2,withheld_until_outcome_lock,query,16039,wbcic-47-S3-00041
WBCIC,3,47,2,withheld_until_outcome_lock,query,16040,wbcic-47-S3-00042
WBCIC,3,47,2,withheld_until_outcome_lock,query,16041,wbcic-47-S3-00043
WBCIC,3,47,2,withheld_until_outcome_lock,query,16042,wbcic-47-S3-00044
WBCIC,3,47,2,withheld_until_outcome_lock,query,16043,wbcic-47-S3-00045
WBCIC,3,47,2,withheld_until_outcome_lock,query,16044,wbcic-47-S3-00046
WBCIC,3,47,2,withheld_until_outcome_lock,query,16045,wbcic-47-S3-00047
WBCIC,3,47,2,withheld_until_outcome_lock,query,16046,wbcic-47-S3-00048
WBCIC,3,47,2,withheld_until_outcome_lock,query,16047,wbcic-47-S3-00049
WBCIC,3,47,2,withheld_until_outcome_lock,query,16048,wbcic-47-S3-00050
WBCIC,3,47,2,withheld_until_outcome_lock,query,16049,wbcic-47-S3-00051
WBCIC,3,47,2,withheld_until_outcome_lock,query,16050,wbcic-47-S3-00052
WBCIC,3,47,2,withheld_until_outcome_lock,query,16051,wbcic-47-S3-00053
WBCIC,3,47,2,withheld_until_outcome_lock,query,16052,wbcic-47-S3-00054
WBCIC,3,47,2,withheld_until_outcome_lock,query,16053,wbcic-47-S3-00055
WBCIC,3,47,2,withheld_until_outcome_lock,query,16054,wbcic-47-S3-00056
WBCIC,3,47,2,withheld_until_outcome_lock,query,16055,wbcic-47-S3-00057
WBCIC,3,47,2,withheld_until_outcome_lock,query,16056,wbcic-47-S3-00058
WBCIC,3,47,2,withheld_until_outcome_lock,query,16057,wbcic-47-S3-00059
WBCIC,3,47,2,withheld_until_outcome_lock,query,16058,wbcic-47-S3-00060
WBCIC,3,47,2,withheld_until_outcome_lock,query,16059,wbcic-47-S3-00061
WBCIC,3,47,2,withheld_until_outcome_lock,query,16060,wbcic-47-S3-00062
WBCIC,3,47,2,withheld_until_outcome_lock,query,16061,wbcic-47-S3-00063
WBCIC,3,47,2,withheld_until_outcome_lock,query,16062,wbcic-47-S3-00064
WBCIC,3,47,2,withheld_until_outcome_lock,query,16063,wbcic-47-S3-00065
WBCIC,3,47,2,withheld_until_outcome_lock,query,16064,wbcic-47-S3-00066
WBCIC,3,47,2,withheld_until_outcome_lock,query,16065,wbcic-47-S3-00067
WBCIC,3,47,2,withheld_until_outcome_lock,query,16066,wbcic-47-S3-00068
WBCIC,3,47,2,withheld_until_outcome_lock,query,16067,wbcic-47-S3-00069
WBCIC,3,47,2,withheld_until_outcome_lock,query,16068,wbcic-47-S3-00070
WBCIC,3,47,2,withheld_until_outcome_lock,query,16069,wbcic-47-S3-00071
WBCIC,3,47,2,withheld_until_outcome_lock,query,16070,wbcic-47-S3-00072
WBCIC,3,47,2,withheld_until_outcome_lock,query,16071,wbcic-47-S3-00073
WBCIC,3,47,2,withheld_until_outcome_lock,query,16072,wbcic-47-S3-00074
WBCIC,3,47,2,withheld_until_outcome_lock,query,16073,wbcic-47-S3-00075
WBCIC,3,47,2,withheld_until_outcome_lock,query,16074,wbcic-47-S3-00076
WBCIC,3,47,2,withheld_until_outcome_lock,query,16075,wbcic-47-S3-00077
WBCIC,3,47,2,withheld_until_outcome_lock,query,16076,wbcic-47-S3-00078
WBCIC,3,47,2,withheld_until_outcome_lock,query,16077,wbcic-47-S3-00079
WBCIC,3,47,2,withheld_until_outcome_lock,query,16078,wbcic-47-S3-00080
WBCIC,3,47,2,withheld_until_outcome_lock,query,16079,wbcic-47-S3-00081
WBCIC,3,47,2,withheld_until_outcome_lock,query,16080,wbcic-47-S3-00082
WBCIC,3,47,2,withheld_until_outcome_lock,query,16081,wbcic-47-S3-00083
WBCIC,3,47,2,withheld_until_outcome_lock,query,16082,wbcic-47-S3-00084
WBCIC,3,47,2,withheld_until_outcome_lock,query,16083,wbcic-47-S3-00085
WBCIC,3,47,2,withheld_until_outcome_lock,query,16084,wbcic-47-S3-00086
WBCIC,3,47,2,withheld_until_outcome_lock,query,16085,wbcic-47-S3-00087
WBCIC,3,47,2,withheld_until_outcome_lock,query,16086,wbcic-47-S3-00088
WBCIC,3,47,2,withheld_until_outcome_lock,query,16087,wbcic-47-S3-00089
WBCIC,3,47,2,withheld_until_outcome_lock,query,16088,wbcic-47-S3-00090
WBCIC,3,47,2,withheld_until_outcome_lock,query,16089,wbcic-47-S3-00091
WBCIC,3,47,2,withheld_until_outcome_lock,query,16090,wbcic-47-S3-00092
WBCIC,3,47,2,withheld_until_outcome_lock,query,16091,wbcic-47-S3-00093
WBCIC,3,47,2,withheld_until_outcome_lock,query,16092,wbcic-47-S3-00094
WBCIC,3,47,2,withheld_until_outcome_lock,query,16093,wbcic-47-S3-00095
WBCIC,3,47,2,withheld_until_outcome_lock,query,16094,wbcic-47-S3-00096
WBCIC,3,47,2,withheld_until_outcome_lock,query,16095,wbcic-47-S3-00097
WBCIC,3,47,2,withheld_until_outcome_lock,query,16096,wbcic-47-S3-00098
WBCIC,3,47,2,withheld_until_outcome_lock,query,16097,wbcic-47-S3-00099
WBCIC,3,47,2,withheld_until_outcome_lock,query,16098,wbcic-47-S3-00100
WBCIC,3,47,2,withheld_until_outcome_lock,query,16099,wbcic-47-S3-00101
WBCIC,3,47,2,withheld_until_outcome_lock,query,16100,wbcic-47-S3-00102
WBCIC,3,47,2,withheld_until_outcome_lock,query,16101,wbcic-47-S3-00103
WBCIC,3,47,2,withheld_until_outcome_lock,query,16102,wbcic-47-S3-00104
WBCIC,3,47,2,withheld_until_outcome_lock,query,16103,wbcic-47-S3-00105
WBCIC,3,47,2,withheld_until_outcome_lock,query,16104,wbcic-47-S3-00106
WBCIC,3,47,2,withheld_until_outcome_lock,query,16105,wbcic-47-S3-00107
WBCIC,3,47,2,withheld_until_outcome_lock,query,16106,wbcic-47-S3-00108
WBCIC,3,47,2,withheld_until_outcome_lock,query,16107,wbcic-47-S3-00109
WBCIC,3,47,2,withheld_until_outcome_lock,query,16108,wbcic-47-S3-00110
WBCIC,3,47,2,withheld_until_outcome_lock,query,16109,wbcic-47-S3-00111
WBCIC,3,47,2,withheld_until_outcome_lock,query,16110,wbcic-47-S3-00112
WBCIC,3,47,2,withheld_until_outcome_lock,query,16111,wbcic-47-S3-00113
WBCIC,3,47,2,withheld_until_outcome_lock,query,16112,wbcic-47-S3-00114
WBCIC,3,47,2,withheld_until_outcome_lock,query,16113,wbcic-47-S3-00115
WBCIC,3,47,2,withheld_until_outcome_lock,query,16114,wbcic-47-S3-00116
WBCIC,3,47,2,withheld_until_outcome_lock,query,16115,wbcic-47-S3-00117
WBCIC,3,47,2,withheld_until_outcome_lock,query,16116,wbcic-47-S3-00118
WBCIC,3,47,2,withheld_until_outcome_lock,query,16117,wbcic-47-S3-00119
WBCIC,3,47,2,withheld_until_outcome_lock,query,16118,wbcic-47-S3-00120
WBCIC,3,47,2,withheld_until_outcome_lock,query,16119,wbcic-47-S3-00121
WBCIC,3,47,2,withheld_until_outcome_lock,query,16120,wbcic-47-S3-00122
WBCIC,3,47,2,withheld_until_outcome_lock,query,16121,wbcic-47-S3-00123
WBCIC,3,47,2,withheld_until_outcome_lock,query,16122,wbcic-47-S3-00124
WBCIC,3,47,2,withheld_until_outcome_lock,query,16123,wbcic-47-S3-00125
WBCIC,3,47,2,withheld_until_outcome_lock,query,16124,wbcic-47-S3-00126
WBCIC,3,47,2,withheld_until_outcome_lock,query,16125,wbcic-47-S3-00127
WBCIC,3,47,2,withheld_until_outcome_lock,query,16126,wbcic-47-S3-00128
WBCIC,3,47,2,withheld_until_outcome_lock,query,16127,wbcic-47-S3-00129
WBCIC,3,47,2,withheld_until_outcome_lock,query,16128,wbcic-47-S3-00130
WBCIC,3,47,2,withheld_until_outcome_lock,query,16129,wbcic-47-S3-00131
WBCIC,3,47,2,withheld_until_outcome_lock,query,16130,wbcic-47-S3-00132
WBCIC,3,47,2,withheld_until_outcome_lock,query,16131,wbcic-47-S3-00133
WBCIC,3,47,2,withheld_until_outcome_lock,query,16132,wbcic-47-S3-00134
WBCIC,3,47,2,withheld_until_outcome_lock,query,16133,wbcic-47-S3-00135
WBCIC,3,47,2,withheld_until_outcome_lock,query,16134,wbcic-47-S3-00136
WBCIC,3,47,2,withheld_until_outcome_lock,query,16135,wbcic-47-S3-00137
WBCIC,3,47,2,withheld_until_outcome_lock,query,16136,wbcic-47-S3-00138
WBCIC,3,47,2,withheld_until_outcome_lock,query,16137,wbcic-47-S3-00139
WBCIC,3,47,2,withheld_until_outcome_lock,query,16138,wbcic-47-S3-00140
WBCIC,3,47,2,withheld_until_outcome_lock,query,16139,wbcic-47-S3-00141
WBCIC,3,47,2,withheld_until_outcome_lock,query,16140,wbcic-47-S3-00142
WBCIC,3,47,2,withheld_until_outcome_lock,query,16141,wbcic-47-S3-00143
WBCIC,3,47,2,withheld_until_outcome_lock,query,16142,wbcic-47-S3-00144
WBCIC,3,47,2,withheld_until_outcome_lock,query,16143,wbcic-47-S3-00145
WBCIC,3,47,2,withheld_until_outcome_lock,query,16144,wbcic-47-S3-00146
WBCIC,3,47,2,withheld_until_outcome_lock,query,16145,wbcic-47-S3-00147
WBCIC,3,47,2,withheld_until_outcome_lock,query,16146,wbcic-47-S3-00148
WBCIC,3,47,2,withheld_until_outcome_lock,query,16147,wbcic-47-S3-00149
WBCIC,3,47,2,withheld_until_outcome_lock,query,16148,wbcic-47-S3-00150
WBCIC,3,47,2,withheld_until_outcome_lock,query,16149,wbcic-47-S3-00151
WBCIC,3,47,2,withheld_until_outcome_lock,query,16150,wbcic-47-S3-00152
WBCIC,3,47,2,withheld_until_outcome_lock,query,16151,wbcic-47-S3-00153
WBCIC,3,47,2,withheld_until_outcome_lock,query,16152,wbcic-47-S3-00154
WBCIC,3,47,2,withheld_until_outcome_lock,query,16153,wbcic-47-S3-00155
WBCIC,3,47,2,withheld_until_outcome_lock,query,16154,wbcic-47-S3-00156
WBCIC,3,47,2,withheld_until_outcome_lock,query,16155,wbcic-47-S3-00157
WBCIC,3,47,2,withheld_until_outcome_lock,query,16156,wbcic-47-S3-00158
WBCIC,3,47,2,withheld_until_outcome_lock,query,16157,wbcic-47-S3-00159
WBCIC,3,47,2,withheld_until_outcome_lock,query,16158,wbcic-47-S3-00160
WBCIC,3,47,2,withheld_until_outcome_lock,query,16159,wbcic-47-S3-00161
WBCIC,3,47,2,withheld_until_outcome_lock,query,16160,wbcic-47-S3-00162
WBCIC,3,47,2,withheld_until_outcome_lock,query,16161,wbcic-47-S3-00163
WBCIC,3,47,2,withheld_until_outcome_lock,query,16162,wbcic-47-S3-00164
WBCIC,3,47,2,withheld_until_outcome_lock,query,16163,wbcic-47-S3-00165
WBCIC,3,47,2,withheld_until_outcome_lock,query,16164,wbcic-47-S3-00166
WBCIC,3,47,2,withheld_until_outcome_lock,query,16165,wbcic-47-S3-00167
WBCIC,3,47,2,withheld_until_outcome_lock,query,16166,wbcic-47-S3-00168
WBCIC,3,47,2,withheld_until_outcome_lock,query,16167,wbcic-47-S3-00169
WBCIC,3,47,2,withheld_until_outcome_lock,query,16168,wbcic-47-S3-00170
WBCIC,3,47,2,withheld_until_outcome_lock,query,16169,wbcic-47-S3-00171
WBCIC,3,47,2,withheld_until_outcome_lock,query,16170,wbcic-47-S3-00172
WBCIC,3,47,2,withheld_until_outcome_lock,query,16171,wbcic-47-S3-00173
WBCIC,3,47,2,withheld_until_outcome_lock,query,16172,wbcic-47-S3-00174
WBCIC,3,47,2,withheld_until_outcome_lock,query,16173,wbcic-47-S3-00175
WBCIC,3,47,2,withheld_until_outcome_lock,query,16174,wbcic-47-S3-00176
WBCIC,3,47,2,withheld_until_outcome_lock,query,16175,wbcic-47-S3-00177
WBCIC,3,47,2,withheld_until_outcome_lock,query,16176,wbcic-47-S3-00178
WBCIC,3,47,2,withheld_until_outcome_lock,query,16177,wbcic-47-S3-00179
WBCIC,3,47,2,withheld_until_outcome_lock,query,16178,wbcic-47-S3-00180
WBCIC,3,47,2,withheld_until_outcome_lock,query,16179,wbcic-47-S3-00181
WBCIC,3,47,2,withheld_until_outcome_lock,query,16180,wbcic-47-S3-00182
WBCIC,3,47,2,withheld_until_outcome_lock,query,16181,wbcic-47-S3-00183
WBCIC,3,47,2,withheld_until_outcome_lock,query,16182,wbcic-47-S3-00184
WBCIC,3,47,2,withheld_until_outcome_lock,query,16183,wbcic-47-S3-00185
WBCIC,3,47,2,withheld_until_outcome_lock,query,16184,wbcic-47-S3-00186
WBCIC,3,47,2,withheld_until_outcome_lock,query,16185,wbcic-47-S3-00187
WBCIC,3,47,2,withheld_until_outcome_lock,query,16186,wbcic-47-S3-00188
WBCIC,3,47,2,withheld_until_outcome_lock,query,16187,wbcic-47-S3-00189
WBCIC,3,47,2,withheld_until_outcome_lock,query,16188,wbcic-47-S3-00190
WBCIC,3,47,2,withheld_until_outcome_lock,query,16189,wbcic-47-S3-00191
WBCIC,3,47,2,withheld_until_outcome_lock,query,16190,wbcic-47-S3-00192
WBCIC,3,47,2,withheld_until_outcome_lock,query,16191,wbcic-47-S3-00193
WBCIC,3,47,2,withheld_until_outcome_lock,query,16192,wbcic-47-S3-00194
WBCIC,3,47,2,withheld_until_outcome_lock,query,16193,wbcic-47-S3-00195
WBCIC,3,47,2,withheld_until_outcome_lock,query,16194,wbcic-47-S3-00196
WBCIC,3,47,2,withheld_until_outcome_lock,query,16195,wbcic-47-S3-00197
WBCIC,3,47,2,withheld_until_outcome_lock,query,16196,wbcic-47-S3-00198
WBCIC,3,47,2,withheld_until_outcome_lock,query,16197,wbcic-47-S3-00199
WBCIC,3,48,2,withheld_until_outcome_lock,query,16598,wbcic-48-S3-00000
WBCIC,3,48,2,withheld_until_outcome_lock,query,16599,wbcic-48-S3-00001
WBCIC,3,48,2,withheld_until_outcome_lock,query,16600,wbcic-48-S3-00002
WBCIC,3,48,2,withheld_until_outcome_lock,query,16601,wbcic-48-S3-00003
WBCIC,3,48,2,withheld_until_outcome_lock,query,16602,wbcic-48-S3-00004
WBCIC,3,48,2,withheld_until_outcome_lock,query,16603,wbcic-48-S3-00005
WBCIC,3,48,2,withheld_until_outcome_lock,query,16604,wbcic-48-S3-00006
WBCIC,3,48,2,withheld_until_outcome_lock,query,16605,wbcic-48-S3-00007
WBCIC,3,48,2,withheld_until_outcome_lock,query,16606,wbcic-48-S3-00008
WBCIC,3,48,2,withheld_until_outcome_lock,query,16607,wbcic-48-S3-00009
WBCIC,3,48,2,withheld_until_outcome_lock,query,16608,wbcic-48-S3-00010
WBCIC,3,48,2,withheld_until_outcome_lock,query,16609,wbcic-48-S3-00011
WBCIC,3,48,2,withheld_until_outcome_lock,query,16610,wbcic-48-S3-00012
WBCIC,3,48,2,withheld_until_outcome_lock,query,16611,wbcic-48-S3-00013
WBCIC,3,48,2,withheld_until_outcome_lock,query,16612,wbcic-48-S3-00014
WBCIC,3,48,2,withheld_until_outcome_lock,query,16613,wbcic-48-S3-00015
WBCIC,3,48,2,withheld_until_outcome_lock,query,16614,wbcic-48-S3-00016
WBCIC,3,48,2,withheld_until_outcome_lock,query,16615,wbcic-48-S3-00017
WBCIC,3,48,2,withheld_until_outcome_lock,query,16616,wbcic-48-S3-00018
WBCIC,3,48,2,withheld_until_outcome_lock,query,16617,wbcic-48-S3-00019
WBCIC,3,48,2,withheld_until_outcome_lock,query,16618,wbcic-48-S3-00020
WBCIC,3,48,2,withheld_until_outcome_lock,query,16619,wbcic-48-S3-00021
WBCIC,3,48,2,withheld_until_outcome_lock,query,16620,wbcic-48-S3-00022
WBCIC,3,48,2,withheld_until_outcome_lock,query,16621,wbcic-48-S3-00023
WBCIC,3,48,2,withheld_until_outcome_lock,query,16622,wbcic-48-S3-00024
WBCIC,3,48,2,withheld_until_outcome_lock,query,16623,wbcic-48-S3-00025
WBCIC,3,48,2,withheld_until_outcome_lock,query,16624,wbcic-48-S3-00026
WBCIC,3,48,2,withheld_until_outcome_lock,query,16625,wbcic-48-S3-00027
WBCIC,3,48,2,withheld_until_outcome_lock,query,16626,wbcic-48-S3-00028
WBCIC,3,48,2,withheld_until_outcome_lock,query,16627,wbcic-48-S3-00029
WBCIC,3,48,2,withheld_until_outcome_lock,query,16628,wbcic-48-S3-00030
WBCIC,3,48,2,withheld_until_outcome_lock,query,16629,wbcic-48-S3-00031
WBCIC,3,48,2,withheld_until_outcome_lock,query,16630,wbcic-48-S3-00032
WBCIC,3,48,2,withheld_until_outcome_lock,query,16631,wbcic-48-S3-00033
WBCIC,3,48,2,withheld_until_outcome_lock,query,16632,wbcic-48-S3-00034
WBCIC,3,48,2,withheld_until_outcome_lock,query,16633,wbcic-48-S3-00035
WBCIC,3,48,2,withheld_until_outcome_lock,query,16634,wbcic-48-S3-00036
WBCIC,3,48,2,withheld_until_outcome_lock,query,16635,wbcic-48-S3-00037
WBCIC,3,48,2,withheld_until_outcome_lock,query,16636,wbcic-48-S3-00038
WBCIC,3,48,2,withheld_until_outcome_lock,query,16637,wbcic-48-S3-00039
WBCIC,3,48,2,withheld_until_outcome_lock,query,16638,wbcic-48-S3-00040
WBCIC,3,48,2,withheld_until_outcome_lock,query,16639,wbcic-48-S3-00041
WBCIC,3,48,2,withheld_until_outcome_lock,query,16640,wbcic-48-S3-00042
WBCIC,3,48,2,withheld_until_outcome_lock,query,16641,wbcic-48-S3-00043
WBCIC,3,48,2,withheld_until_outcome_lock,query,16642,wbcic-48-S3-00044
WBCIC,3,48,2,withheld_until_outcome_lock,query,16643,wbcic-48-S3-00045
WBCIC,3,48,2,withheld_until_outcome_lock,query,16644,wbcic-48-S3-00046
WBCIC,3,48,2,withheld_until_outcome_lock,query,16645,wbcic-48-S3-00047
WBCIC,3,48,2,withheld_until_outcome_lock,query,16646,wbcic-48-S3-00048
WBCIC,3,48,2,withheld_until_outcome_lock,query,16647,wbcic-48-S3-00049
WBCIC,3,48,2,withheld_until_outcome_lock,query,16648,wbcic-48-S3-00050
WBCIC,3,48,2,withheld_until_outcome_lock,query,16649,wbcic-48-S3-00051
WBCIC,3,48,2,withheld_until_outcome_lock,query,16650,wbcic-48-S3-00052
WBCIC,3,48,2,withheld_until_outcome_lock,query,16651,wbcic-48-S3-00053
WBCIC,3,48,2,withheld_until_outcome_lock,query,16652,wbcic-48-S3-00054
WBCIC,3,48,2,withheld_until_outcome_lock,query,16653,wbcic-48-S3-00055
WBCIC,3,48,2,withheld_until_outcome_lock,query,16654,wbcic-48-S3-00056
WBCIC,3,48,2,withheld_until_outcome_lock,query,16655,wbcic-48-S3-00057
WBCIC,3,48,2,withheld_until_outcome_lock,query,16656,wbcic-48-S3-00058
WBCIC,3,48,2,withheld_until_outcome_lock,query,16657,wbcic-48-S3-00059
WBCIC,3,48,2,withheld_until_outcome_lock,query,16658,wbcic-48-S3-00060
WBCIC,3,48,2,withheld_until_outcome_lock,query,16659,wbcic-48-S3-00061
WBCIC,3,48,2,withheld_until_outcome_lock,query,16660,wbcic-48-S3-00062
WBCIC,3,48,2,withheld_until_outcome_lock,query,16661,wbcic-48-S3-00063
WBCIC,3,48,2,withheld_until_outcome_lock,query,16662,wbcic-48-S3-00064
WBCIC,3,48,2,withheld_until_outcome_lock,query,16663,wbcic-48-S3-00065
WBCIC,3,48,2,withheld_until_outcome_lock,query,16664,wbcic-48-S3-00066
WBCIC,3,48,2,withheld_until_outcome_lock,query,16665,wbcic-48-S3-00067
WBCIC,3,48,2,withheld_until_outcome_lock,query,16666,wbcic-48-S3-00068
WBCIC,3,48,2,withheld_until_outcome_lock,query,16667,wbcic-48-S3-00069
WBCIC,3,48,2,withheld_until_outcome_lock,query,16668,wbcic-48-S3-00070
WBCIC,3,48,2,withheld_until_outcome_lock,query,16669,wbcic-48-S3-00071
WBCIC,3,48,2,withheld_until_outcome_lock,query,16670,wbcic-48-S3-00072
WBCIC,3,48,2,withheld_until_outcome_lock,query,16671,wbcic-48-S3-00073
WBCIC,3,48,2,withheld_until_outcome_lock,query,16672,wbcic-48-S3-00074
WBCIC,3,48,2,withheld_until_outcome_lock,query,16673,wbcic-48-S3-00075
WBCIC,3,48,2,withheld_until_outcome_lock,query,16674,wbcic-48-S3-00076
WBCIC,3,48,2,withheld_until_outcome_lock,query,16675,wbcic-48-S3-00077
WBCIC,3,48,2,withheld_until_outcome_lock,query,16676,wbcic-48-S3-00078
WBCIC,3,48,2,withheld_until_outcome_lock,query,16677,wbcic-48-S3-00079
WBCIC,3,48,2,withheld_until_outcome_lock,query,16678,wbcic-48-S3-00080
WBCIC,3,48,2,withheld_until_outcome_lock,query,16679,wbcic-48-S3-00081
WBCIC,3,48,2,withheld_until_outcome_lock,query,16680,wbcic-48-S3-00082
WBCIC,3,48,2,withheld_until_outcome_lock,query,16681,wbcic-48-S3-00083
WBCIC,3,48,2,withheld_until_outcome_lock,query,16682,wbcic-48-S3-00084
WBCIC,3,48,2,withheld_until_outcome_lock,query,16683,wbcic-48-S3-00085
WBCIC,3,48,2,withheld_until_outcome_lock,query,16684,wbcic-48-S3-00086
WBCIC,3,48,2,withheld_until_outcome_lock,query,16685,wbcic-48-S3-00087
WBCIC,3,48,2,withheld_until_outcome_lock,query,16686,wbcic-48-S3-00088
WBCIC,3,48,2,withheld_until_outcome_lock,query,16687,wbcic-48-S3-00089
WBCIC,3,48,2,withheld_until_outcome_lock,query,16688,wbcic-48-S3-00090
WBCIC,3,48,2,withheld_until_outcome_lock,query,16689,wbcic-48-S3-00091
WBCIC,3,48,2,withheld_until_outcome_lock,query,16690,wbcic-48-S3-00092
WBCIC,3,48,2,withheld_until_outcome_lock,query,16691,wbcic-48-S3-00093
WBCIC,3,48,2,withheld_until_outcome_lock,query,16692,wbcic-48-S3-00094
WBCIC,3,48,2,withheld_until_outcome_lock,query,16693,wbcic-48-S3-00095
WBCIC,3,48,2,withheld_until_outcome_lock,query,16694,wbcic-48-S3-00096
WBCIC,3,48,2,withheld_until_outcome_lock,query,16695,wbcic-48-S3-00097
WBCIC,3,48,2,withheld_until_outcome_lock,query,16696,wbcic-48-S3-00098
WBCIC,3,48,2,withheld_until_outcome_lock,query,16697,wbcic-48-S3-00099
WBCIC,3,48,2,withheld_until_outcome_lock,query,16698,wbcic-48-S3-00100
WBCIC,3,48,2,withheld_until_outcome_lock,query,16699,wbcic-48-S3-00101
WBCIC,3,48,2,withheld_until_outcome_lock,query,16700,wbcic-48-S3-00102
WBCIC,3,48,2,withheld_until_outcome_lock,query,16701,wbcic-48-S3-00103
WBCIC,3,48,2,withheld_until_outcome_lock,query,16702,wbcic-48-S3-00104
WBCIC,3,48,2,withheld_until_outcome_lock,query,16703,wbcic-48-S3-00105
WBCIC,3,48,2,withheld_until_outcome_lock,query,16704,wbcic-48-S3-00106
WBCIC,3,48,2,withheld_until_outcome_lock,query,16705,wbcic-48-S3-00107
WBCIC,3,48,2,withheld_until_outcome_lock,query,16706,wbcic-48-S3-00108
WBCIC,3,48,2,withheld_until_outcome_lock,query,16707,wbcic-48-S3-00109
WBCIC,3,48,2,withheld_until_outcome_lock,query,16708,wbcic-48-S3-00110
WBCIC,3,48,2,withheld_until_outcome_lock,query,16709,wbcic-48-S3-00111
WBCIC,3,48,2,withheld_until_outcome_lock,query,16710,wbcic-48-S3-00112
WBCIC,3,48,2,withheld_until_outcome_lock,query,16711,wbcic-48-S3-00113
WBCIC,3,48,2,withheld_until_outcome_lock,query,16712,wbcic-48-S3-00114
WBCIC,3,48,2,withheld_until_outcome_lock,query,16713,wbcic-48-S3-00115
WBCIC,3,48,2,withheld_until_outcome_lock,query,16714,wbcic-48-S3-00116
WBCIC,3,48,2,withheld_until_outcome_lock,query,16715,wbcic-48-S3-00117
WBCIC,3,48,2,withheld_until_outcome_lock,query,16716,wbcic-48-S3-00118
WBCIC,3,48,2,withheld_until_outcome_lock,query,16717,wbcic-48-S3-00119
WBCIC,3,48,2,withheld_until_outcome_lock,query,16718,wbcic-48-S3-00120
WBCIC,3,48,2,withheld_until_outcome_lock,query,16719,wbcic-48-S3-00121
WBCIC,3,48,2,withheld_until_outcome_lock,query,16720,wbcic-48-S3-00122
WBCIC,3,48,2,withheld_until_outcome_lock,query,16721,wbcic-48-S3-00123
WBCIC,3,48,2,withheld_until_outcome_lock,query,16722,wbcic-48-S3-00124
WBCIC,3,48,2,withheld_until_outcome_lock,query,16723,wbcic-48-S3-00125
WBCIC,3,48,2,withheld_until_outcome_lock,query,16724,wbcic-48-S3-00126
WBCIC,3,48,2,withheld_until_outcome_lock,query,16725,wbcic-48-S3-00127
WBCIC,3,48,2,withheld_until_outcome_lock,query,16726,wbcic-48-S3-00128
WBCIC,3,48,2,withheld_until_outcome_lock,query,16727,wbcic-48-S3-00129
WBCIC,3,48,2,withheld_until_outcome_lock,query,16728,wbcic-48-S3-00130
WBCIC,3,48,2,withheld_until_outcome_lock,query,16729,wbcic-48-S3-00131
WBCIC,3,48,2,withheld_until_outcome_lock,query,16730,wbcic-48-S3-00132
WBCIC,3,48,2,withheld_until_outcome_lock,query,16731,wbcic-48-S3-00133
WBCIC,3,48,2,withheld_until_outcome_lock,query,16732,wbcic-48-S3-00134
WBCIC,3,48,2,withheld_until_outcome_lock,query,16733,wbcic-48-S3-00135
WBCIC,3,48,2,withheld_until_outcome_lock,query,16734,wbcic-48-S3-00136
WBCIC,3,48,2,withheld_until_outcome_lock,query,16735,wbcic-48-S3-00137
WBCIC,3,48,2,withheld_until_outcome_lock,query,16736,wbcic-48-S3-00138
WBCIC,3,48,2,withheld_until_outcome_lock,query,16737,wbcic-48-S3-00139
WBCIC,3,48,2,withheld_until_outcome_lock,query,16738,wbcic-48-S3-00140
WBCIC,3,48,2,withheld_until_outcome_lock,query,16739,wbcic-48-S3-00141
WBCIC,3,48,2,withheld_until_outcome_lock,query,16740,wbcic-48-S3-00142
WBCIC,3,48,2,withheld_until_outcome_lock,query,16741,wbcic-48-S3-00143
WBCIC,3,48,2,withheld_until_outcome_lock,query,16742,wbcic-48-S3-00144
WBCIC,3,48,2,withheld_until_outcome_lock,query,16743,wbcic-48-S3-00145
WBCIC,3,48,2,withheld_until_outcome_lock,query,16744,wbcic-48-S3-00146
WBCIC,3,48,2,withheld_until_outcome_lock,query,16745,wbcic-48-S3-00147
WBCIC,3,48,2,withheld_until_outcome_lock,query,16746,wbcic-48-S3-00148
WBCIC,3,48,2,withheld_until_outcome_lock,query,16747,wbcic-48-S3-00149
WBCIC,3,48,2,withheld_until_outcome_lock,query,16748,wbcic-48-S3-00150
WBCIC,3,48,2,withheld_until_outcome_lock,query,16749,wbcic-48-S3-00151
WBCIC,3,48,2,withheld_until_outcome_lock,query,16750,wbcic-48-S3-00152
WBCIC,3,48,2,withheld_until_outcome_lock,query,16751,wbcic-48-S3-00153
WBCIC,3,48,2,withheld_until_outcome_lock,query,16752,wbcic-48-S3-00154
WBCIC,3,48,2,withheld_until_outcome_lock,query,16753,wbcic-48-S3-00155
WBCIC,3,48,2,withheld_until_outcome_lock,query,16754,wbcic-48-S3-00156
WBCIC,3,48,2,withheld_until_outcome_lock,query,16755,wbcic-48-S3-00157
WBCIC,3,48,2,withheld_until_outcome_lock,query,16756,wbcic-48-S3-00158
WBCIC,3,48,2,withheld_until_outcome_lock,query,16757,wbcic-48-S3-00159
WBCIC,3,48,2,withheld_until_outcome_lock,query,16758,wbcic-48-S3-00160
WBCIC,3,48,2,withheld_until_outcome_lock,query,16759,wbcic-48-S3-00161
WBCIC,3,48,2,withheld_until_outcome_lock,query,16760,wbcic-48-S3-00162
WBCIC,3,48,2,withheld_until_outcome_lock,query,16761,wbcic-48-S3-00163
WBCIC,3,48,2,withheld_until_outcome_lock,query,16762,wbcic-48-S3-00164
WBCIC,3,48,2,withheld_until_outcome_lock,query,16763,wbcic-48-S3-00165
WBCIC,3,48,2,withheld_until_outcome_lock,query,16764,wbcic-48-S3-00166
WBCIC,3,48,2,withheld_until_outcome_lock,query,16765,wbcic-48-S3-00167
WBCIC,3,48,2,withheld_until_outcome_lock,query,16766,wbcic-48-S3-00168
WBCIC,3,48,2,withheld_until_outcome_lock,query,16767,wbcic-48-S3-00169
WBCIC,3,48,2,withheld_until_outcome_lock,query,16768,wbcic-48-S3-00170
WBCIC,3,48,2,withheld_until_outcome_lock,query,16769,wbcic-48-S3-00171
WBCIC,3,48,2,withheld_until_outcome_lock,query,16770,wbcic-48-S3-00172
WBCIC,3,48,2,withheld_until_outcome_lock,query,16771,wbcic-48-S3-00173
WBCIC,3,48,2,withheld_until_outcome_lock,query,16772,wbcic-48-S3-00174
WBCIC,3,48,2,withheld_until_outcome_lock,query,16773,wbcic-48-S3-00175
WBCIC,3,48,2,withheld_until_outcome_lock,query,16774,wbcic-48-S3-00176
WBCIC,3,48,2,withheld_until_outcome_lock,query,16775,wbcic-48-S3-00177
WBCIC,3,48,2,withheld_until_outcome_lock,query,16776,wbcic-48-S3-00178
WBCIC,3,48,2,withheld_until_outcome_lock,query,16777,wbcic-48-S3-00179
WBCIC,3,48,2,withheld_until_outcome_lock,query,16778,wbcic-48-S3-00180
WBCIC,3,48,2,withheld_until_outcome_lock,query,16779,wbcic-48-S3-00181
WBCIC,3,48,2,withheld_until_outcome_lock,query,16780,wbcic-48-S3-00182
WBCIC,3,48,2,withheld_until_outcome_lock,query,16781,wbcic-48-S3-00183
WBCIC,3,48,2,withheld_until_outcome_lock,query,16782,wbcic-48-S3-00184
WBCIC,3,48,2,withheld_until_outcome_lock,query,16783,wbcic-48-S3-00185
WBCIC,3,48,2,withheld_until_outcome_lock,query,16784,wbcic-48-S3-00186
WBCIC,3,48,2,withheld_until_outcome_lock,query,16785,wbcic-48-S3-00187
WBCIC,3,48,2,withheld_until_outcome_lock,query,16786,wbcic-48-S3-00188
WBCIC,3,48,2,withheld_until_outcome_lock,query,16787,wbcic-48-S3-00189
WBCIC,3,48,2,withheld_until_outcome_lock,query,16788,wbcic-48-S3-00190
WBCIC,3,48,2,withheld_until_outcome_lock,query,16789,wbcic-48-S3-00191
WBCIC,3,48,2,withheld_until_outcome_lock,query,16790,wbcic-48-S3-00192
WBCIC,3,48,2,withheld_until_outcome_lock,query,16791,wbcic-48-S3-00193
WBCIC,3,48,2,withheld_until_outcome_lock,query,16792,wbcic-48-S3-00194
WBCIC,3,48,2,withheld_until_outcome_lock,query,16793,wbcic-48-S3-00195
WBCIC,3,48,2,withheld_until_outcome_lock,query,16794,wbcic-48-S3-00196
WBCIC,3,48,2,withheld_until_outcome_lock,query,16795,wbcic-48-S3-00197
WBCIC,3,48,2,withheld_until_outcome_lock,query,16796,wbcic-48-S3-00198
WBCIC,3,48,2,withheld_until_outcome_lock,query,16797,wbcic-48-S3-00199
WBCIC,3,50,2,withheld_until_outcome_lock,query,18398,wbcic-50-S3-00000
WBCIC,3,50,2,withheld_until_outcome_lock,query,18399,wbcic-50-S3-00001
WBCIC,3,50,2,withheld_until_outcome_lock,query,18400,wbcic-50-S3-00002
WBCIC,3,50,2,withheld_until_outcome_lock,query,18401,wbcic-50-S3-00003
WBCIC,3,50,2,withheld_until_outcome_lock,query,18402,wbcic-50-S3-00004
WBCIC,3,50,2,withheld_until_outcome_lock,query,18403,wbcic-50-S3-00005
WBCIC,3,50,2,withheld_until_outcome_lock,query,18404,wbcic-50-S3-00006
WBCIC,3,50,2,withheld_until_outcome_lock,query,18405,wbcic-50-S3-00007
WBCIC,3,50,2,withheld_until_outcome_lock,query,18406,wbcic-50-S3-00008
WBCIC,3,50,2,withheld_until_outcome_lock,query,18407,wbcic-50-S3-00009
WBCIC,3,50,2,withheld_until_outcome_lock,query,18408,wbcic-50-S3-00010
WBCIC,3,50,2,withheld_until_outcome_lock,query,18409,wbcic-50-S3-00011
WBCIC,3,50,2,withheld_until_outcome_lock,query,18410,wbcic-50-S3-00012
WBCIC,3,50,2,withheld_until_outcome_lock,query,18411,wbcic-50-S3-00013
WBCIC,3,50,2,withheld_until_outcome_lock,query,18412,wbcic-50-S3-00014
WBCIC,3,50,2,withheld_until_outcome_lock,query,18413,wbcic-50-S3-00015
WBCIC,3,50,2,withheld_until_outcome_lock,query,18414,wbcic-50-S3-00016
WBCIC,3,50,2,withheld_until_outcome_lock,query,18415,wbcic-50-S3-00017
WBCIC,3,50,2,withheld_until_outcome_lock,query,18416,wbcic-50-S3-00018
WBCIC,3,50,2,withheld_until_outcome_lock,query,18417,wbcic-50-S3-00019
WBCIC,3,50,2,withheld_until_outcome_lock,query,18418,wbcic-50-S3-00020
WBCIC,3,50,2,withheld_until_outcome_lock,query,18419,wbcic-50-S3-00021
WBCIC,3,50,2,withheld_until_outcome_lock,query,18420,wbcic-50-S3-00022
WBCIC,3,50,2,withheld_until_outcome_lock,query,18421,wbcic-50-S3-00023
WBCIC,3,50,2,withheld_until_outcome_lock,query,18422,wbcic-50-S3-00024
WBCIC,3,50,2,withheld_until_outcome_lock,query,18423,wbcic-50-S3-00025
WBCIC,3,50,2,withheld_until_outcome_lock,query,18424,wbcic-50-S3-00026
WBCIC,3,50,2,withheld_until_outcome_lock,query,18425,wbcic-50-S3-00027
WBCIC,3,50,2,withheld_until_outcome_lock,query,18426,wbcic-50-S3-00028
WBCIC,3,50,2,withheld_until_outcome_lock,query,18427,wbcic-50-S3-00029
WBCIC,3,50,2,withheld_until_outcome_lock,query,18428,wbcic-50-S3-00030
WBCIC,3,50,2,withheld_until_outcome_lock,query,18429,wbcic-50-S3-00031
WBCIC,3,50,2,withheld_until_outcome_lock,query,18430,wbcic-50-S3-00032
WBCIC,3,50,2,withheld_until_outcome_lock,query,18431,wbcic-50-S3-00033
WBCIC,3,50,2,withheld_until_outcome_lock,query,18432,wbcic-50-S3-00034
WBCIC,3,50,2,withheld_until_outcome_lock,query,18433,wbcic-50-S3-00035
WBCIC,3,50,2,withheld_until_outcome_lock,query,18434,wbcic-50-S3-00036
WBCIC,3,50,2,withheld_until_outcome_lock,query,18435,wbcic-50-S3-00037
WBCIC,3,50,2,withheld_until_outcome_lock,query,18436,wbcic-50-S3-00038
WBCIC,3,50,2,withheld_until_outcome_lock,query,18437,wbcic-50-S3-00039
WBCIC,3,50,2,withheld_until_outcome_lock,query,18438,wbcic-50-S3-00040
WBCIC,3,50,2,withheld_until_outcome_lock,query,18439,wbcic-50-S3-00041
WBCIC,3,50,2,withheld_until_outcome_lock,query,18440,wbcic-50-S3-00042
WBCIC,3,50,2,withheld_until_outcome_lock,query,18441,wbcic-50-S3-00043
WBCIC,3,50,2,withheld_until_outcome_lock,query,18442,wbcic-50-S3-00044
WBCIC,3,50,2,withheld_until_outcome_lock,query,18443,wbcic-50-S3-00045
WBCIC,3,50,2,withheld_until_outcome_lock,query,18444,wbcic-50-S3-00046
WBCIC,3,50,2,withheld_until_outcome_lock,query,18445,wbcic-50-S3-00047
WBCIC,3,50,2,withheld_until_outcome_lock,query,18446,wbcic-50-S3-00048
WBCIC,3,50,2,withheld_until_outcome_lock,query,18447,wbcic-50-S3-00049
WBCIC,3,50,2,withheld_until_outcome_lock,query,18448,wbcic-50-S3-00050
WBCIC,3,50,2,withheld_until_outcome_lock,query,18449,wbcic-50-S3-00051
WBCIC,3,50,2,withheld_until_outcome_lock,query,18450,wbcic-50-S3-00052
WBCIC,3,50,2,withheld_until_outcome_lock,query,18451,wbcic-50-S3-00053
WBCIC,3,50,2,withheld_until_outcome_lock,query,18452,wbcic-50-S3-00054
WBCIC,3,50,2,withheld_until_outcome_lock,query,18453,wbcic-50-S3-00055
WBCIC,3,50,2,withheld_until_outcome_lock,query,18454,wbcic-50-S3-00056
WBCIC,3,50,2,withheld_until_outcome_lock,query,18455,wbcic-50-S3-00057
WBCIC,3,50,2,withheld_until_outcome_lock,query,18456,wbcic-50-S3-00058
WBCIC,3,50,2,withheld_until_outcome_lock,query,18457,wbcic-50-S3-00059
WBCIC,3,50,2,withheld_until_outcome_lock,query,18458,wbcic-50-S3-00060
WBCIC,3,50,2,withheld_until_outcome_lock,query,18459,wbcic-50-S3-00061
WBCIC,3,50,2,withheld_until_outcome_lock,query,18460,wbcic-50-S3-00062
WBCIC,3,50,2,withheld_until_outcome_lock,query,18461,wbcic-50-S3-00063
WBCIC,3,50,2,withheld_until_outcome_lock,query,18462,wbcic-50-S3-00064
WBCIC,3,50,2,withheld_until_outcome_lock,query,18463,wbcic-50-S3-00065
WBCIC,3,50,2,withheld_until_outcome_lock,query,18464,wbcic-50-S3-00066
WBCIC,3,50,2,withheld_until_outcome_lock,query,18465,wbcic-50-S3-00067
WBCIC,3,50,2,withheld_until_outcome_lock,query,18466,wbcic-50-S3-00068
WBCIC,3,50,2,withheld_until_outcome_lock,query,18467,wbcic-50-S3-00069
WBCIC,3,50,2,withheld_until_outcome_lock,query,18468,wbcic-50-S3-00070
WBCIC,3,50,2,withheld_until_outcome_lock,query,18469,wbcic-50-S3-00071
WBCIC,3,50,2,withheld_until_outcome_lock,query,18470,wbcic-50-S3-00072
WBCIC,3,50,2,withheld_until_outcome_lock,query,18471,wbcic-50-S3-00073
WBCIC,3,50,2,withheld_until_outcome_lock,query,18472,wbcic-50-S3-00074
WBCIC,3,50,2,withheld_until_outcome_lock,query,18473,wbcic-50-S3-00075
WBCIC,3,50,2,withheld_until_outcome_lock,query,18474,wbcic-50-S3-00076
WBCIC,3,50,2,withheld_until_outcome_lock,query,18475,wbcic-50-S3-00077
WBCIC,3,50,2,withheld_until_outcome_lock,query,18476,wbcic-50-S3-00078
WBCIC,3,50,2,withheld_until_outcome_lock,query,18477,wbcic-50-S3-00079
WBCIC,3,50,2,withheld_until_outcome_lock,query,18478,wbcic-50-S3-00080
WBCIC,3,50,2,withheld_until_outcome_lock,query,18479,wbcic-50-S3-00081
WBCIC,3,50,2,withheld_until_outcome_lock,query,18480,wbcic-50-S3-00082
WBCIC,3,50,2,withheld_until_outcome_lock,query,18481,wbcic-50-S3-00083
WBCIC,3,50,2,withheld_until_outcome_lock,query,18482,wbcic-50-S3-00084
WBCIC,3,50,2,withheld_until_outcome_lock,query,18483,wbcic-50-S3-00085
WBCIC,3,50,2,withheld_until_outcome_lock,query,18484,wbcic-50-S3-00086
WBCIC,3,50,2,withheld_until_outcome_lock,query,18485,wbcic-50-S3-00087
WBCIC,3,50,2,withheld_until_outcome_lock,query,18486,wbcic-50-S3-00088
WBCIC,3,50,2,withheld_until_outcome_lock,query,18487,wbcic-50-S3-00089
WBCIC,3,50,2,withheld_until_outcome_lock,query,18488,wbcic-50-S3-00090
WBCIC,3,50,2,withheld_until_outcome_lock,query,18489,wbcic-50-S3-00091
WBCIC,3,50,2,withheld_until_outcome_lock,query,18490,wbcic-50-S3-00092
WBCIC,3,50,2,withheld_until_outcome_lock,query,18491,wbcic-50-S3-00093
WBCIC,3,50,2,withheld_until_outcome_lock,query,18492,wbcic-50-S3-00094
WBCIC,3,50,2,withheld_until_outcome_lock,query,18493,wbcic-50-S3-00095
WBCIC,3,50,2,withheld_until_outcome_lock,query,18494,wbcic-50-S3-00096
WBCIC,3,50,2,withheld_until_outcome_lock,query,18495,wbcic-50-S3-00097
WBCIC,3,50,2,withheld_until_outcome_lock,query,18496,wbcic-50-S3-00098
WBCIC,3,50,2,withheld_until_outcome_lock,query,18497,wbcic-50-S3-00099
WBCIC,3,50,2,withheld_until_outcome_lock,query,18498,wbcic-50-S3-00100
WBCIC,3,50,2,withheld_until_outcome_lock,query,18499,wbcic-50-S3-00101
WBCIC,3,50,2,withheld_until_outcome_lock,query,18500,wbcic-50-S3-00102
WBCIC,3,50,2,withheld_until_outcome_lock,query,18501,wbcic-50-S3-00103
WBCIC,3,50,2,withheld_until_outcome_lock,query,18502,wbcic-50-S3-00104
WBCIC,3,50,2,withheld_until_outcome_lock,query,18503,wbcic-50-S3-00105
WBCIC,3,50,2,withheld_until_outcome_lock,query,18504,wbcic-50-S3-00106
WBCIC,3,50,2,withheld_until_outcome_lock,query,18505,wbcic-50-S3-00107
WBCIC,3,50,2,withheld_until_outcome_lock,query,18506,wbcic-50-S3-00108
WBCIC,3,50,2,withheld_until_outcome_lock,query,18507,wbcic-50-S3-00109
WBCIC,3,50,2,withheld_until_outcome_lock,query,18508,wbcic-50-S3-00110
WBCIC,3,50,2,withheld_until_outcome_lock,query,18509,wbcic-50-S3-00111
WBCIC,3,50,2,withheld_until_outcome_lock,query,18510,wbcic-50-S3-00112
WBCIC,3,50,2,withheld_until_outcome_lock,query,18511,wbcic-50-S3-00113
WBCIC,3,50,2,withheld_until_outcome_lock,query,18512,wbcic-50-S3-00114
WBCIC,3,50,2,withheld_until_outcome_lock,query,18513,wbcic-50-S3-00115
WBCIC,3,50,2,withheld_until_outcome_lock,query,18514,wbcic-50-S3-00116
WBCIC,3,50,2,withheld_until_outcome_lock,query,18515,wbcic-50-S3-00117
WBCIC,3,50,2,withheld_until_outcome_lock,query,18516,wbcic-50-S3-00118
WBCIC,3,50,2,withheld_until_outcome_lock,query,18517,wbcic-50-S3-00119
WBCIC,3,50,2,withheld_until_outcome_lock,query,18518,wbcic-50-S3-00120
WBCIC,3,50,2,withheld_until_outcome_lock,query,18519,wbcic-50-S3-00121
WBCIC,3,50,2,withheld_until_outcome_lock,query,18520,wbcic-50-S3-00122
WBCIC,3,50,2,withheld_until_outcome_lock,query,18521,wbcic-50-S3-00123
WBCIC,3,50,2,withheld_until_outcome_lock,query,18522,wbcic-50-S3-00124
WBCIC,3,50,2,withheld_until_outcome_lock,query,18523,wbcic-50-S3-00125
WBCIC,3,50,2,withheld_until_outcome_lock,query,18524,wbcic-50-S3-00126
WBCIC,3,50,2,withheld_until_outcome_lock,query,18525,wbcic-50-S3-00127
WBCIC,3,50,2,withheld_until_outcome_lock,query,18526,wbcic-50-S3-00128
WBCIC,3,50,2,withheld_until_outcome_lock,query,18527,wbcic-50-S3-00129
WBCIC,3,50,2,withheld_until_outcome_lock,query,18528,wbcic-50-S3-00130
WBCIC,3,50,2,withheld_until_outcome_lock,query,18529,wbcic-50-S3-00131
WBCIC,3,50,2,withheld_until_outcome_lock,query,18530,wbcic-50-S3-00132
WBCIC,3,50,2,withheld_until_outcome_lock,query,18531,wbcic-50-S3-00133
WBCIC,3,50,2,withheld_until_outcome_lock,query,18532,wbcic-50-S3-00134
WBCIC,3,50,2,withheld_until_outcome_lock,query,18533,wbcic-50-S3-00135
WBCIC,3,50,2,withheld_until_outcome_lock,query,18534,wbcic-50-S3-00136
WBCIC,3,50,2,withheld_until_outcome_lock,query,18535,wbcic-50-S3-00137
WBCIC,3,50,2,withheld_until_outcome_lock,query,18536,wbcic-50-S3-00138
WBCIC,3,50,2,withheld_until_outcome_lock,query,18537,wbcic-50-S3-00139
WBCIC,3,50,2,withheld_until_outcome_lock,query,18538,wbcic-50-S3-00140
WBCIC,3,50,2,withheld_until_outcome_lock,query,18539,wbcic-50-S3-00141
WBCIC,3,50,2,withheld_until_outcome_lock,query,18540,wbcic-50-S3-00142
WBCIC,3,50,2,withheld_until_outcome_lock,query,18541,wbcic-50-S3-00143
WBCIC,3,50,2,withheld_until_outcome_lock,query,18542,wbcic-50-S3-00144
WBCIC,3,50,2,withheld_until_outcome_lock,query,18543,wbcic-50-S3-00145
WBCIC,3,50,2,withheld_until_outcome_lock,query,18544,wbcic-50-S3-00146
WBCIC,3,50,2,withheld_until_outcome_lock,query,18545,wbcic-50-S3-00147
WBCIC,3,50,2,withheld_until_outcome_lock,query,18546,wbcic-50-S3-00148
WBCIC,3,50,2,withheld_until_outcome_lock,query,18547,wbcic-50-S3-00149
WBCIC,3,50,2,withheld_until_outcome_lock,query,18548,wbcic-50-S3-00150
WBCIC,3,50,2,withheld_until_outcome_lock,query,18549,wbcic-50-S3-00151
WBCIC,3,50,2,withheld_until_outcome_lock,query,18550,wbcic-50-S3-00152
WBCIC,3,50,2,withheld_until_outcome_lock,query,18551,wbcic-50-S3-00153
WBCIC,3,50,2,withheld_until_outcome_lock,query,18552,wbcic-50-S3-00154
WBCIC,3,50,2,withheld_until_outcome_lock,query,18553,wbcic-50-S3-00155
WBCIC,3,50,2,withheld_until_outcome_lock,query,18554,wbcic-50-S3-00156
WBCIC,3,50,2,withheld_until_outcome_lock,query,18555,wbcic-50-S3-00157
WBCIC,3,50,2,withheld_until_outcome_lock,query,18556,wbcic-50-S3-00158
WBCIC,3,50,2,withheld_until_outcome_lock,query,18557,wbcic-50-S3-00159
WBCIC,3,50,2,withheld_until_outcome_lock,query,18558,wbcic-50-S3-00160
WBCIC,3,50,2,withheld_until_outcome_lock,query,18559,wbcic-50-S3-00161
WBCIC,3,50,2,withheld_until_outcome_lock,query,18560,wbcic-50-S3-00162
WBCIC,3,50,2,withheld_until_outcome_lock,query,18561,wbcic-50-S3-00163
WBCIC,3,50,2,withheld_until_outcome_lock,query,18562,wbcic-50-S3-00164
WBCIC,3,50,2,withheld_until_outcome_lock,query,18563,wbcic-50-S3-00165
WBCIC,3,50,2,withheld_until_outcome_lock,query,18564,wbcic-50-S3-00166
WBCIC,3,50,2,withheld_until_outcome_lock,query,18565,wbcic-50-S3-00167
WBCIC,3,50,2,withheld_until_outcome_lock,query,18566,wbcic-50-S3-00168
WBCIC,3,50,2,withheld_until_outcome_lock,query,18567,wbcic-50-S3-00169
WBCIC,3,50,2,withheld_until_outcome_lock,query,18568,wbcic-50-S3-00170
WBCIC,3,50,2,withheld_until_outcome_lock,query,18569,wbcic-50-S3-00171
WBCIC,3,50,2,withheld_until_outcome_lock,query,18570,wbcic-50-S3-00172
WBCIC,3,50,2,withheld_until_outcome_lock,query,18571,wbcic-50-S3-00173
WBCIC,3,50,2,withheld_until_outcome_lock,query,18572,wbcic-50-S3-00174
WBCIC,3,50,2,withheld_until_outcome_lock,query,18573,wbcic-50-S3-00175
WBCIC,3,50,2,withheld_until_outcome_lock,query,18574,wbcic-50-S3-00176
WBCIC,3,50,2,withheld_until_outcome_lock,query,18575,wbcic-50-S3-00177
WBCIC,3,50,2,withheld_until_outcome_lock,query,18576,wbcic-50-S3-00178
WBCIC,3,50,2,withheld_until_outcome_lock,query,18577,wbcic-50-S3-00179
WBCIC,3,50,2,withheld_until_outcome_lock,query,18578,wbcic-50-S3-00180
WBCIC,3,50,2,withheld_until_outcome_lock,query,18579,wbcic-50-S3-00181
WBCIC,3,50,2,withheld_until_outcome_lock,query,18580,wbcic-50-S3-00182
WBCIC,3,50,2,withheld_until_outcome_lock,query,18581,wbcic-50-S3-00183
WBCIC,3,50,2,withheld_until_outcome_lock,query,18582,wbcic-50-S3-00184
WBCIC,3,50,2,withheld_until_outcome_lock,query,18583,wbcic-50-S3-00185
WBCIC,3,50,2,withheld_until_outcome_lock,query,18584,wbcic-50-S3-00186
WBCIC,3,50,2,withheld_until_outcome_lock,query,18585,wbcic-50-S3-00187
WBCIC,3,50,2,withheld_until_outcome_lock,query,18586,wbcic-50-S3-00188
WBCIC,3,50,2,withheld_until_outcome_lock,query,18587,wbcic-50-S3-00189
WBCIC,3,50,2,withheld_until_outcome_lock,query,18588,wbcic-50-S3-00190
WBCIC,3,50,2,withheld_until_outcome_lock,query,18589,wbcic-50-S3-00191
WBCIC,3,50,2,withheld_until_outcome_lock,query,18590,wbcic-50-S3-00192
WBCIC,3,50,2,withheld_until_outcome_lock,query,18591,wbcic-50-S3-00193
WBCIC,3,50,2,withheld_until_outcome_lock,query,18592,wbcic-50-S3-00194
WBCIC,3,50,2,withheld_until_outcome_lock,query,18593,wbcic-50-S3-00195
WBCIC,3,50,2,withheld_until_outcome_lock,query,18594,wbcic-50-S3-00196
WBCIC,3,50,2,withheld_until_outcome_lock,query,18595,wbcic-50-S3-00197
WBCIC,3,50,2,withheld_until_outcome_lock,query,18596,wbcic-50-S3-00198
WBCIC,3,50,2,withheld_until_outcome_lock,query,18597,wbcic-50-S3-00199
WBCIC,3,7,2,withheld_until_outcome_lock,query,18998,wbcic-7-S3-00000
WBCIC,3,7,2,withheld_until_outcome_lock,query,18999,wbcic-7-S3-00001
WBCIC,3,7,2,withheld_until_outcome_lock,query,19000,wbcic-7-S3-00002
WBCIC,3,7,2,withheld_until_outcome_lock,query,19001,wbcic-7-S3-00003
WBCIC,3,7,2,withheld_until_outcome_lock,query,19002,wbcic-7-S3-00004
WBCIC,3,7,2,withheld_until_outcome_lock,query,19003,wbcic-7-S3-00005
WBCIC,3,7,2,withheld_until_outcome_lock,query,19004,wbcic-7-S3-00006
WBCIC,3,7,2,withheld_until_outcome_lock,query,19005,wbcic-7-S3-00007
WBCIC,3,7,2,withheld_until_outcome_lock,query,19006,wbcic-7-S3-00008
WBCIC,3,7,2,withheld_until_outcome_lock,query,19007,wbcic-7-S3-00009
WBCIC,3,7,2,withheld_until_outcome_lock,query,19008,wbcic-7-S3-00010
WBCIC,3,7,2,withheld_until_outcome_lock,query,19009,wbcic-7-S3-00011
WBCIC,3,7,2,withheld_until_outcome_lock,query,19010,wbcic-7-S3-00012
WBCIC,3,7,2,withheld_until_outcome_lock,query,19011,wbcic-7-S3-00013
WBCIC,3,7,2,withheld_until_outcome_lock,query,19012,wbcic-7-S3-00014
WBCIC,3,7,2,withheld_until_outcome_lock,query,19013,wbcic-7-S3-00015
WBCIC,3,7,2,withheld_until_outcome_lock,query,19014,wbcic-7-S3-00016
WBCIC,3,7,2,withheld_until_outcome_lock,query,19015,wbcic-7-S3-00017
WBCIC,3,7,2,withheld_until_outcome_lock,query,19016,wbcic-7-S3-00018
WBCIC,3,7,2,withheld_until_outcome_lock,query,19017,wbcic-7-S3-00019
WBCIC,3,7,2,withheld_until_outcome_lock,query,19018,wbcic-7-S3-00020
WBCIC,3,7,2,withheld_until_outcome_lock,query,19019,wbcic-7-S3-00021
WBCIC,3,7,2,withheld_until_outcome_lock,query,19020,wbcic-7-S3-00022
WBCIC,3,7,2,withheld_until_outcome_lock,query,19021,wbcic-7-S3-00023
WBCIC,3,7,2,withheld_until_outcome_lock,query,19022,wbcic-7-S3-00024
WBCIC,3,7,2,withheld_until_outcome_lock,query,19023,wbcic-7-S3-00025
WBCIC,3,7,2,withheld_until_outcome_lock,query,19024,wbcic-7-S3-00026
WBCIC,3,7,2,withheld_until_outcome_lock,query,19025,wbcic-7-S3-00027
WBCIC,3,7,2,withheld_until_outcome_lock,query,19026,wbcic-7-S3-00028
WBCIC,3,7,2,withheld_until_outcome_lock,query,19027,wbcic-7-S3-00029
WBCIC,3,7,2,withheld_until_outcome_lock,query,19028,wbcic-7-S3-00030
WBCIC,3,7,2,withheld_until_outcome_lock,query,19029,wbcic-7-S3-00031
WBCIC,3,7,2,withheld_until_outcome_lock,query,19030,wbcic-7-S3-00032
WBCIC,3,7,2,withheld_until_outcome_lock,query,19031,wbcic-7-S3-00033
WBCIC,3,7,2,withheld_until_outcome_lock,query,19032,wbcic-7-S3-00034
WBCIC,3,7,2,withheld_until_outcome_lock,query,19033,wbcic-7-S3-00035
WBCIC,3,7,2,withheld_until_outcome_lock,query,19034,wbcic-7-S3-00036
WBCIC,3,7,2,withheld_until_outcome_lock,query,19035,wbcic-7-S3-00037
WBCIC,3,7,2,withheld_until_outcome_lock,query,19036,wbcic-7-S3-00038
WBCIC,3,7,2,withheld_until_outcome_lock,query,19037,wbcic-7-S3-00039
WBCIC,3,7,2,withheld_until_outcome_lock,query,19038,wbcic-7-S3-00040
WBCIC,3,7,2,withheld_until_outcome_lock,query,19039,wbcic-7-S3-00041
WBCIC,3,7,2,withheld_until_outcome_lock,query,19040,wbcic-7-S3-00042
WBCIC,3,7,2,withheld_until_outcome_lock,query,19041,wbcic-7-S3-00043
WBCIC,3,7,2,withheld_until_outcome_lock,query,19042,wbcic-7-S3-00044
WBCIC,3,7,2,withheld_until_outcome_lock,query,19043,wbcic-7-S3-00045
WBCIC,3,7,2,withheld_until_outcome_lock,query,19044,wbcic-7-S3-00046
WBCIC,3,7,2,withheld_until_outcome_lock,query,19045,wbcic-7-S3-00047
WBCIC,3,7,2,withheld_until_outcome_lock,query,19046,wbcic-7-S3-00048
WBCIC,3,7,2,withheld_until_outcome_lock,query,19047,wbcic-7-S3-00049
WBCIC,3,7,2,withheld_until_outcome_lock,query,19048,wbcic-7-S3-00050
WBCIC,3,7,2,withheld_until_outcome_lock,query,19049,wbcic-7-S3-00051
WBCIC,3,7,2,withheld_until_outcome_lock,query,19050,wbcic-7-S3-00052
WBCIC,3,7,2,withheld_until_outcome_lock,query,19051,wbcic-7-S3-00053
WBCIC,3,7,2,withheld_until_outcome_lock,query,19052,wbcic-7-S3-00054
WBCIC,3,7,2,withheld_until_outcome_lock,query,19053,wbcic-7-S3-00055
WBCIC,3,7,2,withheld_until_outcome_lock,query,19054,wbcic-7-S3-00056
WBCIC,3,7,2,withheld_until_outcome_lock,query,19055,wbcic-7-S3-00057
WBCIC,3,7,2,withheld_until_outcome_lock,query,19056,wbcic-7-S3-00058
WBCIC,3,7,2,withheld_until_outcome_lock,query,19057,wbcic-7-S3-00059
WBCIC,3,7,2,withheld_until_outcome_lock,query,19058,wbcic-7-S3-00060
WBCIC,3,7,2,withheld_until_outcome_lock,query,19059,wbcic-7-S3-00061
WBCIC,3,7,2,withheld_until_outcome_lock,query,19060,wbcic-7-S3-00062
WBCIC,3,7,2,withheld_until_outcome_lock,query,19061,wbcic-7-S3-00063
WBCIC,3,7,2,withheld_until_outcome_lock,query,19062,wbcic-7-S3-00064
WBCIC,3,7,2,withheld_until_outcome_lock,query,19063,wbcic-7-S3-00065
WBCIC,3,7,2,withheld_until_outcome_lock,query,19064,wbcic-7-S3-00066
WBCIC,3,7,2,withheld_until_outcome_lock,query,19065,wbcic-7-S3-00067
WBCIC,3,7,2,withheld_until_outcome_lock,query,19066,wbcic-7-S3-00068
WBCIC,3,7,2,withheld_until_outcome_lock,query,19067,wbcic-7-S3-00069
WBCIC,3,7,2,withheld_until_outcome_lock,query,19068,wbcic-7-S3-00070
WBCIC,3,7,2,withheld_until_outcome_lock,query,19069,wbcic-7-S3-00071
WBCIC,3,7,2,withheld_until_outcome_lock,query,19070,wbcic-7-S3-00072
WBCIC,3,7,2,withheld_until_outcome_lock,query,19071,wbcic-7-S3-00073
WBCIC,3,7,2,withheld_until_outcome_lock,query,19072,wbcic-7-S3-00074
WBCIC,3,7,2,withheld_until_outcome_lock,query,19073,wbcic-7-S3-00075
WBCIC,3,7,2,withheld_until_outcome_lock,query,19074,wbcic-7-S3-00076
WBCIC,3,7,2,withheld_until_outcome_lock,query,19075,wbcic-7-S3-00077
WBCIC,3,7,2,withheld_until_outcome_lock,query,19076,wbcic-7-S3-00078
WBCIC,3,7,2,withheld_until_outcome_lock,query,19077,wbcic-7-S3-00079
WBCIC,3,7,2,withheld_until_outcome_lock,query,19078,wbcic-7-S3-00080
WBCIC,3,7,2,withheld_until_outcome_lock,query,19079,wbcic-7-S3-00081
WBCIC,3,7,2,withheld_until_outcome_lock,query,19080,wbcic-7-S3-00082
WBCIC,3,7,2,withheld_until_outcome_lock,query,19081,wbcic-7-S3-00083
WBCIC,3,7,2,withheld_until_outcome_lock,query,19082,wbcic-7-S3-00084
WBCIC,3,7,2,withheld_until_outcome_lock,query,19083,wbcic-7-S3-00085
WBCIC,3,7,2,withheld_until_outcome_lock,query,19084,wbcic-7-S3-00086
WBCIC,3,7,2,withheld_until_outcome_lock,query,19085,wbcic-7-S3-00087
WBCIC,3,7,2,withheld_until_outcome_lock,query,19086,wbcic-7-S3-00088
WBCIC,3,7,2,withheld_until_outcome_lock,query,19087,wbcic-7-S3-00089
WBCIC,3,7,2,withheld_until_outcome_lock,query,19088,wbcic-7-S3-00090
WBCIC,3,7,2,withheld_until_outcome_lock,query,19089,wbcic-7-S3-00091
WBCIC,3,7,2,withheld_until_outcome_lock,query,19090,wbcic-7-S3-00092
WBCIC,3,7,2,withheld_until_outcome_lock,query,19091,wbcic-7-S3-00093
WBCIC,3,7,2,withheld_until_outcome_lock,query,19092,wbcic-7-S3-00094
WBCIC,3,7,2,withheld_until_outcome_lock,query,19093,wbcic-7-S3-00095
WBCIC,3,7,2,withheld_until_outcome_lock,query,19094,wbcic-7-S3-00096
WBCIC,3,7,2,withheld_until_outcome_lock,query,19095,wbcic-7-S3-00097
WBCIC,3,7,2,withheld_until_outcome_lock,query,19096,wbcic-7-S3-00098
WBCIC,3,7,2,withheld_until_outcome_lock,query,19097,wbcic-7-S3-00099
WBCIC,3,7,2,withheld_until_outcome_lock,query,19098,wbcic-7-S3-00100
WBCIC,3,7,2,withheld_until_outcome_lock,query,19099,wbcic-7-S3-00101
WBCIC,3,7,2,withheld_until_outcome_lock,query,19100,wbcic-7-S3-00102
WBCIC,3,7,2,withheld_until_outcome_lock,query,19101,wbcic-7-S3-00103
WBCIC,3,7,2,withheld_until_outcome_lock,query,19102,wbcic-7-S3-00104
WBCIC,3,7,2,withheld_until_outcome_lock,query,19103,wbcic-7-S3-00105
WBCIC,3,7,2,withheld_until_outcome_lock,query,19104,wbcic-7-S3-00106
WBCIC,3,7,2,withheld_until_outcome_lock,query,19105,wbcic-7-S3-00107
WBCIC,3,7,2,withheld_until_outcome_lock,query,19106,wbcic-7-S3-00108
WBCIC,3,7,2,withheld_until_outcome_lock,query,19107,wbcic-7-S3-00109
WBCIC,3,7,2,withheld_until_outcome_lock,query,19108,wbcic-7-S3-00110
WBCIC,3,7,2,withheld_until_outcome_lock,query,19109,wbcic-7-S3-00111
WBCIC,3,7,2,withheld_until_outcome_lock,query,19110,wbcic-7-S3-00112
WBCIC,3,7,2,withheld_until_outcome_lock,query,19111,wbcic-7-S3-00113
WBCIC,3,7,2,withheld_until_outcome_lock,query,19112,wbcic-7-S3-00114
WBCIC,3,7,2,withheld_until_outcome_lock,query,19113,wbcic-7-S3-00115
WBCIC,3,7,2,withheld_until_outcome_lock,query,19114,wbcic-7-S3-00116
WBCIC,3,7,2,withheld_until_outcome_lock,query,19115,wbcic-7-S3-00117
WBCIC,3,7,2,withheld_until_outcome_lock,query,19116,wbcic-7-S3-00118
WBCIC,3,7,2,withheld_until_outcome_lock,query,19117,wbcic-7-S3-00119
WBCIC,3,7,2,withheld_until_outcome_lock,query,19118,wbcic-7-S3-00120
WBCIC,3,7,2,withheld_until_outcome_lock,query,19119,wbcic-7-S3-00121
WBCIC,3,7,2,withheld_until_outcome_lock,query,19120,wbcic-7-S3-00122
WBCIC,3,7,2,withheld_until_outcome_lock,query,19121,wbcic-7-S3-00123
WBCIC,3,7,2,withheld_until_outcome_lock,query,19122,wbcic-7-S3-00124
WBCIC,3,7,2,withheld_until_outcome_lock,query,19123,wbcic-7-S3-00125
WBCIC,3,7,2,withheld_until_outcome_lock,query,19124,wbcic-7-S3-00126
WBCIC,3,7,2,withheld_until_outcome_lock,query,19125,wbcic-7-S3-00127
WBCIC,3,7,2,withheld_until_outcome_lock,query,19126,wbcic-7-S3-00128
WBCIC,3,7,2,withheld_until_outcome_lock,query,19127,wbcic-7-S3-00129
WBCIC,3,7,2,withheld_until_outcome_lock,query,19128,wbcic-7-S3-00130
WBCIC,3,7,2,withheld_until_outcome_lock,query,19129,wbcic-7-S3-00131
WBCIC,3,7,2,withheld_until_outcome_lock,query,19130,wbcic-7-S3-00132
WBCIC,3,7,2,withheld_until_outcome_lock,query,19131,wbcic-7-S3-00133
WBCIC,3,7,2,withheld_until_outcome_lock,query,19132,wbcic-7-S3-00134
WBCIC,3,7,2,withheld_until_outcome_lock,query,19133,wbcic-7-S3-00135
WBCIC,3,7,2,withheld_until_outcome_lock,query,19134,wbcic-7-S3-00136
WBCIC,3,7,2,withheld_until_outcome_lock,query,19135,wbcic-7-S3-00137
WBCIC,3,7,2,withheld_until_outcome_lock,query,19136,wbcic-7-S3-00138
WBCIC,3,7,2,withheld_until_outcome_lock,query,19137,wbcic-7-S3-00139
WBCIC,3,7,2,withheld_until_outcome_lock,query,19138,wbcic-7-S3-00140
WBCIC,3,7,2,withheld_until_outcome_lock,query,19139,wbcic-7-S3-00141
WBCIC,3,7,2,withheld_until_outcome_lock,query,19140,wbcic-7-S3-00142
WBCIC,3,7,2,withheld_until_outcome_lock,query,19141,wbcic-7-S3-00143
WBCIC,3,7,2,withheld_until_outcome_lock,query,19142,wbcic-7-S3-00144
WBCIC,3,7,2,withheld_until_outcome_lock,query,19143,wbcic-7-S3-00145
WBCIC,3,7,2,withheld_until_outcome_lock,query,19144,wbcic-7-S3-00146
WBCIC,3,7,2,withheld_until_outcome_lock,query,19145,wbcic-7-S3-00147
WBCIC,3,7,2,withheld_until_outcome_lock,query,19146,wbcic-7-S3-00148
WBCIC,3,7,2,withheld_until_outcome_lock,query,19147,wbcic-7-S3-00149
WBCIC,3,7,2,withheld_until_outcome_lock,query,19148,wbcic-7-S3-00150
WBCIC,3,7,2,withheld_until_outcome_lock,query,19149,wbcic-7-S3-00151
WBCIC,3,7,2,withheld_until_outcome_lock,query,19150,wbcic-7-S3-00152
WBCIC,3,7,2,withheld_until_outcome_lock,query,19151,wbcic-7-S3-00153
WBCIC,3,7,2,withheld_until_outcome_lock,query,19152,wbcic-7-S3-00154
WBCIC,3,7,2,withheld_until_outcome_lock,query,19153,wbcic-7-S3-00155
WBCIC,3,7,2,withheld_until_outcome_lock,query,19154,wbcic-7-S3-00156
WBCIC,3,7,2,withheld_until_outcome_lock,query,19155,wbcic-7-S3-00157
WBCIC,3,7,2,withheld_until_outcome_lock,query,19156,wbcic-7-S3-00158
WBCIC,3,7,2,withheld_until_outcome_lock,query,19157,wbcic-7-S3-00159
WBCIC,3,7,2,withheld_until_outcome_lock,query,19158,wbcic-7-S3-00160
WBCIC,3,7,2,withheld_until_outcome_lock,query,19159,wbcic-7-S3-00161
WBCIC,3,7,2,withheld_until_outcome_lock,query,19160,wbcic-7-S3-00162
WBCIC,3,7,2,withheld_until_outcome_lock,query,19161,wbcic-7-S3-00163
WBCIC,3,7,2,withheld_until_outcome_lock,query,19162,wbcic-7-S3-00164
WBCIC,3,7,2,withheld_until_outcome_lock,query,19163,wbcic-7-S3-00165
WBCIC,3,7,2,withheld_until_outcome_lock,query,19164,wbcic-7-S3-00166
WBCIC,3,7,2,withheld_until_outcome_lock,query,19165,wbcic-7-S3-00167
WBCIC,3,7,2,withheld_until_outcome_lock,query,19166,wbcic-7-S3-00168
WBCIC,3,7,2,withheld_until_outcome_lock,query,19167,wbcic-7-S3-00169
WBCIC,3,7,2,withheld_until_outcome_lock,query,19168,wbcic-7-S3-00170
WBCIC,3,7,2,withheld_until_outcome_lock,query,19169,wbcic-7-S3-00171
WBCIC,3,7,2,withheld_until_outcome_lock,query,19170,wbcic-7-S3-00172
WBCIC,3,7,2,withheld_until_outcome_lock,query,19171,wbcic-7-S3-00173
WBCIC,3,7,2,withheld_until_outcome_lock,query,19172,wbcic-7-S3-00174
WBCIC,3,7,2,withheld_until_outcome_lock,query,19173,wbcic-7-S3-00175
WBCIC,3,7,2,withheld_until_outcome_lock,query,19174,wbcic-7-S3-00176
WBCIC,3,7,2,withheld_until_outcome_lock,query,19175,wbcic-7-S3-00177
WBCIC,3,7,2,withheld_until_outcome_lock,query,19176,wbcic-7-S3-00178
WBCIC,3,7,2,withheld_until_outcome_lock,query,19177,wbcic-7-S3-00179
WBCIC,3,7,2,withheld_until_outcome_lock,query,19178,wbcic-7-S3-00180
WBCIC,3,7,2,withheld_until_outcome_lock,query,19179,wbcic-7-S3-00181
WBCIC,3,7,2,withheld_until_outcome_lock,query,19180,wbcic-7-S3-00182
WBCIC,3,7,2,withheld_until_outcome_lock,query,19181,wbcic-7-S3-00183
WBCIC,3,7,2,withheld_until_outcome_lock,query,19182,wbcic-7-S3-00184
WBCIC,3,7,2,withheld_until_outcome_lock,query,19183,wbcic-7-S3-00185
WBCIC,3,7,2,withheld_until_outcome_lock,query,19184,wbcic-7-S3-00186
WBCIC,3,7,2,withheld_until_outcome_lock,query,19185,wbcic-7-S3-00187
WBCIC,3,7,2,withheld_until_outcome_lock,query,19186,wbcic-7-S3-00188
WBCIC,3,7,2,withheld_until_outcome_lock,query,19187,wbcic-7-S3-00189
WBCIC,3,7,2,withheld_until_outcome_lock,query,19188,wbcic-7-S3-00190
WBCIC,3,7,2,withheld_until_outcome_lock,query,19189,wbcic-7-S3-00191
WBCIC,3,7,2,withheld_until_outcome_lock,query,19190,wbcic-7-S3-00192
WBCIC,3,7,2,withheld_until_outcome_lock,query,19191,wbcic-7-S3-00193
WBCIC,3,7,2,withheld_until_outcome_lock,query,19192,wbcic-7-S3-00194
WBCIC,3,7,2,withheld_until_outcome_lock,query,19193,wbcic-7-S3-00195
WBCIC,3,7,2,withheld_until_outcome_lock,query,19194,wbcic-7-S3-00196
WBCIC,3,7,2,withheld_until_outcome_lock,query,19195,wbcic-7-S3-00197
WBCIC,3,7,2,withheld_until_outcome_lock,query,19196,wbcic-7-S3-00198
WBCIC,3,7,2,withheld_until_outcome_lock,query,19197,wbcic-7-S3-00199
WBCIC,4,1,2,withheld_until_outcome_lock,query,400,wbcic-1-S3-00000
WBCIC,4,1,2,withheld_until_outcome_lock,query,401,wbcic-1-S3-00001
WBCIC,4,1,2,withheld_until_outcome_lock,query,402,wbcic-1-S3-00002
WBCIC,4,1,2,withheld_until_outcome_lock,query,403,wbcic-1-S3-00003
WBCIC,4,1,2,withheld_until_outcome_lock,query,404,wbcic-1-S3-00004
WBCIC,4,1,2,withheld_until_outcome_lock,query,405,wbcic-1-S3-00005
WBCIC,4,1,2,withheld_until_outcome_lock,query,406,wbcic-1-S3-00006
WBCIC,4,1,2,withheld_until_outcome_lock,query,407,wbcic-1-S3-00007
WBCIC,4,1,2,withheld_until_outcome_lock,query,408,wbcic-1-S3-00008
WBCIC,4,1,2,withheld_until_outcome_lock,query,409,wbcic-1-S3-00009
WBCIC,4,1,2,withheld_until_outcome_lock,query,410,wbcic-1-S3-00010
WBCIC,4,1,2,withheld_until_outcome_lock,query,411,wbcic-1-S3-00011
WBCIC,4,1,2,withheld_until_outcome_lock,query,412,wbcic-1-S3-00012
WBCIC,4,1,2,withheld_until_outcome_lock,query,413,wbcic-1-S3-00013
WBCIC,4,1,2,withheld_until_outcome_lock,query,414,wbcic-1-S3-00014
WBCIC,4,1,2,withheld_until_outcome_lock,query,415,wbcic-1-S3-00015
WBCIC,4,1,2,withheld_until_outcome_lock,query,416,wbcic-1-S3-00016
WBCIC,4,1,2,withheld_until_outcome_lock,query,417,wbcic-1-S3-00017
WBCIC,4,1,2,withheld_until_outcome_lock,query,418,wbcic-1-S3-00018
WBCIC,4,1,2,withheld_until_outcome_lock,query,419,wbcic-1-S3-00019
WBCIC,4,1,2,withheld_until_outcome_lock,query,420,wbcic-1-S3-00020
WBCIC,4,1,2,withheld_until_outcome_lock,query,421,wbcic-1-S3-00021
WBCIC,4,1,2,withheld_until_outcome_lock,query,422,wbcic-1-S3-00022
WBCIC,4,1,2,withheld_until_outcome_lock,query,423,wbcic-1-S3-00023
WBCIC,4,1,2,withheld_until_outcome_lock,query,424,wbcic-1-S3-00024
WBCIC,4,1,2,withheld_until_outcome_lock,query,425,wbcic-1-S3-00025
WBCIC,4,1,2,withheld_until_outcome_lock,query,426,wbcic-1-S3-00026
WBCIC,4,1,2,withheld_until_outcome_lock,query,427,wbcic-1-S3-00027
WBCIC,4,1,2,withheld_until_outcome_lock,query,428,wbcic-1-S3-00028
WBCIC,4,1,2,withheld_until_outcome_lock,query,429,wbcic-1-S3-00029
WBCIC,4,1,2,withheld_until_outcome_lock,query,430,wbcic-1-S3-00030
WBCIC,4,1,2,withheld_until_outcome_lock,query,431,wbcic-1-S3-00031
WBCIC,4,1,2,withheld_until_outcome_lock,query,432,wbcic-1-S3-00032
WBCIC,4,1,2,withheld_until_outcome_lock,query,433,wbcic-1-S3-00033
WBCIC,4,1,2,withheld_until_outcome_lock,query,434,wbcic-1-S3-00034
WBCIC,4,1,2,withheld_until_outcome_lock,query,435,wbcic-1-S3-00035
WBCIC,4,1,2,withheld_until_outcome_lock,query,436,wbcic-1-S3-00036
WBCIC,4,1,2,withheld_until_outcome_lock,query,437,wbcic-1-S3-00037
WBCIC,4,1,2,withheld_until_outcome_lock,query,438,wbcic-1-S3-00038
WBCIC,4,1,2,withheld_until_outcome_lock,query,439,wbcic-1-S3-00039
WBCIC,4,1,2,withheld_until_outcome_lock,query,440,wbcic-1-S3-00040
WBCIC,4,1,2,withheld_until_outcome_lock,query,441,wbcic-1-S3-00041
WBCIC,4,1,2,withheld_until_outcome_lock,query,442,wbcic-1-S3-00042
WBCIC,4,1,2,withheld_until_outcome_lock,query,443,wbcic-1-S3-00043
WBCIC,4,1,2,withheld_until_outcome_lock,query,444,wbcic-1-S3-00044
WBCIC,4,1,2,withheld_until_outcome_lock,query,445,wbcic-1-S3-00045
WBCIC,4,1,2,withheld_until_outcome_lock,query,446,wbcic-1-S3-00046
WBCIC,4,1,2,withheld_until_outcome_lock,query,447,wbcic-1-S3-00047
WBCIC,4,1,2,withheld_until_outcome_lock,query,448,wbcic-1-S3-00048
WBCIC,4,1,2,withheld_until_outcome_lock,query,449,wbcic-1-S3-00049
WBCIC,4,1,2,withheld_until_outcome_lock,query,450,wbcic-1-S3-00050
WBCIC,4,1,2,withheld_until_outcome_lock,query,451,wbcic-1-S3-00051
WBCIC,4,1,2,withheld_until_outcome_lock,query,452,wbcic-1-S3-00052
WBCIC,4,1,2,withheld_until_outcome_lock,query,453,wbcic-1-S3-00053
WBCIC,4,1,2,withheld_until_outcome_lock,query,454,wbcic-1-S3-00054
WBCIC,4,1,2,withheld_until_outcome_lock,query,455,wbcic-1-S3-00055
WBCIC,4,1,2,withheld_until_outcome_lock,query,456,wbcic-1-S3-00056
WBCIC,4,1,2,withheld_until_outcome_lock,query,457,wbcic-1-S3-00057
WBCIC,4,1,2,withheld_until_outcome_lock,query,458,wbcic-1-S3-00058
WBCIC,4,1,2,withheld_until_outcome_lock,query,459,wbcic-1-S3-00059
WBCIC,4,1,2,withheld_until_outcome_lock,query,460,wbcic-1-S3-00060
WBCIC,4,1,2,withheld_until_outcome_lock,query,461,wbcic-1-S3-00061
WBCIC,4,1,2,withheld_until_outcome_lock,query,462,wbcic-1-S3-00062
WBCIC,4,1,2,withheld_until_outcome_lock,query,463,wbcic-1-S3-00063
WBCIC,4,1,2,withheld_until_outcome_lock,query,464,wbcic-1-S3-00064
WBCIC,4,1,2,withheld_until_outcome_lock,query,465,wbcic-1-S3-00065
WBCIC,4,1,2,withheld_until_outcome_lock,query,466,wbcic-1-S3-00066
WBCIC,4,1,2,withheld_until_outcome_lock,query,467,wbcic-1-S3-00067
WBCIC,4,1,2,withheld_until_outcome_lock,query,468,wbcic-1-S3-00068
WBCIC,4,1,2,withheld_until_outcome_lock,query,469,wbcic-1-S3-00069
WBCIC,4,1,2,withheld_until_outcome_lock,query,470,wbcic-1-S3-00070
WBCIC,4,1,2,withheld_until_outcome_lock,query,471,wbcic-1-S3-00071
WBCIC,4,1,2,withheld_until_outcome_lock,query,472,wbcic-1-S3-00072
WBCIC,4,1,2,withheld_until_outcome_lock,query,473,wbcic-1-S3-00073
WBCIC,4,1,2,withheld_until_outcome_lock,query,474,wbcic-1-S3-00074
WBCIC,4,1,2,withheld_until_outcome_lock,query,475,wbcic-1-S3-00075
WBCIC,4,1,2,withheld_until_outcome_lock,query,476,wbcic-1-S3-00076
WBCIC,4,1,2,withheld_until_outcome_lock,query,477,wbcic-1-S3-00077
WBCIC,4,1,2,withheld_until_outcome_lock,query,478,wbcic-1-S3-00078
WBCIC,4,1,2,withheld_until_outcome_lock,query,479,wbcic-1-S3-00079
WBCIC,4,1,2,withheld_until_outcome_lock,query,480,wbcic-1-S3-00080
WBCIC,4,1,2,withheld_until_outcome_lock,query,481,wbcic-1-S3-00081
WBCIC,4,1,2,withheld_until_outcome_lock,query,482,wbcic-1-S3-00082
WBCIC,4,1,2,withheld_until_outcome_lock,query,483,wbcic-1-S3-00083
WBCIC,4,1,2,withheld_until_outcome_lock,query,484,wbcic-1-S3-00084
WBCIC,4,1,2,withheld_until_outcome_lock,query,485,wbcic-1-S3-00085
WBCIC,4,1,2,withheld_until_outcome_lock,query,486,wbcic-1-S3-00086
WBCIC,4,1,2,withheld_until_outcome_lock,query,487,wbcic-1-S3-00087
WBCIC,4,1,2,withheld_until_outcome_lock,query,488,wbcic-1-S3-00088
WBCIC,4,1,2,withheld_until_outcome_lock,query,489,wbcic-1-S3-00089
WBCIC,4,1,2,withheld_until_outcome_lock,query,490,wbcic-1-S3-00090
WBCIC,4,1,2,withheld_until_outcome_lock,query,491,wbcic-1-S3-00091
WBCIC,4,1,2,withheld_until_outcome_lock,query,492,wbcic-1-S3-00092
WBCIC,4,1,2,withheld_until_outcome_lock,query,493,wbcic-1-S3-00093
WBCIC,4,1,2,withheld_until_outcome_lock,query,494,wbcic-1-S3-00094
WBCIC,4,1,2,withheld_until_outcome_lock,query,495,wbcic-1-S3-00095
WBCIC,4,1,2,withheld_until_outcome_lock,query,496,wbcic-1-S3-00096
WBCIC,4,1,2,withheld_until_outcome_lock,query,497,wbcic-1-S3-00097
WBCIC,4,1,2,withheld_until_outcome_lock,query,498,wbcic-1-S3-00098
WBCIC,4,1,2,withheld_until_outcome_lock,query,499,wbcic-1-S3-00099
WBCIC,4,1,2,withheld_until_outcome_lock,query,500,wbcic-1-S3-00100
WBCIC,4,1,2,withheld_until_outcome_lock,query,501,wbcic-1-S3-00101
WBCIC,4,1,2,withheld_until_outcome_lock,query,502,wbcic-1-S3-00102
WBCIC,4,1,2,withheld_until_outcome_lock,query,503,wbcic-1-S3-00103
WBCIC,4,1,2,withheld_until_outcome_lock,query,504,wbcic-1-S3-00104
WBCIC,4,1,2,withheld_until_outcome_lock,query,505,wbcic-1-S3-00105
WBCIC,4,1,2,withheld_until_outcome_lock,query,506,wbcic-1-S3-00106
WBCIC,4,1,2,withheld_until_outcome_lock,query,507,wbcic-1-S3-00107
WBCIC,4,1,2,withheld_until_outcome_lock,query,508,wbcic-1-S3-00108
WBCIC,4,1,2,withheld_until_outcome_lock,query,509,wbcic-1-S3-00109
WBCIC,4,1,2,withheld_until_outcome_lock,query,510,wbcic-1-S3-00110
WBCIC,4,1,2,withheld_until_outcome_lock,query,511,wbcic-1-S3-00111
WBCIC,4,1,2,withheld_until_outcome_lock,query,512,wbcic-1-S3-00112
WBCIC,4,1,2,withheld_until_outcome_lock,query,513,wbcic-1-S3-00113
WBCIC,4,1,2,withheld_until_outcome_lock,query,514,wbcic-1-S3-00114
WBCIC,4,1,2,withheld_until_outcome_lock,query,515,wbcic-1-S3-00115
WBCIC,4,1,2,withheld_until_outcome_lock,query,516,wbcic-1-S3-00116
WBCIC,4,1,2,withheld_until_outcome_lock,query,517,wbcic-1-S3-00117
WBCIC,4,1,2,withheld_until_outcome_lock,query,518,wbcic-1-S3-00118
WBCIC,4,1,2,withheld_until_outcome_lock,query,519,wbcic-1-S3-00119
WBCIC,4,1,2,withheld_until_outcome_lock,query,520,wbcic-1-S3-00120
WBCIC,4,1,2,withheld_until_outcome_lock,query,521,wbcic-1-S3-00121
WBCIC,4,1,2,withheld_until_outcome_lock,query,522,wbcic-1-S3-00122
WBCIC,4,1,2,withheld_until_outcome_lock,query,523,wbcic-1-S3-00123
WBCIC,4,1,2,withheld_until_outcome_lock,query,524,wbcic-1-S3-00124
WBCIC,4,1,2,withheld_until_outcome_lock,query,525,wbcic-1-S3-00125
WBCIC,4,1,2,withheld_until_outcome_lock,query,526,wbcic-1-S3-00126
WBCIC,4,1,2,withheld_until_outcome_lock,query,527,wbcic-1-S3-00127
WBCIC,4,1,2,withheld_until_outcome_lock,query,528,wbcic-1-S3-00128
WBCIC,4,1,2,withheld_until_outcome_lock,query,529,wbcic-1-S3-00129
WBCIC,4,1,2,withheld_until_outcome_lock,query,530,wbcic-1-S3-00130
WBCIC,4,1,2,withheld_until_outcome_lock,query,531,wbcic-1-S3-00131
WBCIC,4,1,2,withheld_until_outcome_lock,query,532,wbcic-1-S3-00132
WBCIC,4,1,2,withheld_until_outcome_lock,query,533,wbcic-1-S3-00133
WBCIC,4,1,2,withheld_until_outcome_lock,query,534,wbcic-1-S3-00134
WBCIC,4,1,2,withheld_until_outcome_lock,query,535,wbcic-1-S3-00135
WBCIC,4,1,2,withheld_until_outcome_lock,query,536,wbcic-1-S3-00136
WBCIC,4,1,2,withheld_until_outcome_lock,query,537,wbcic-1-S3-00137
WBCIC,4,1,2,withheld_until_outcome_lock,query,538,wbcic-1-S3-00138
WBCIC,4,1,2,withheld_until_outcome_lock,query,539,wbcic-1-S3-00139
WBCIC,4,1,2,withheld_until_outcome_lock,query,540,wbcic-1-S3-00140
WBCIC,4,1,2,withheld_until_outcome_lock,query,541,wbcic-1-S3-00141
WBCIC,4,1,2,withheld_until_outcome_lock,query,542,wbcic-1-S3-00142
WBCIC,4,1,2,withheld_until_outcome_lock,query,543,wbcic-1-S3-00143
WBCIC,4,1,2,withheld_until_outcome_lock,query,544,wbcic-1-S3-00144
WBCIC,4,1,2,withheld_until_outcome_lock,query,545,wbcic-1-S3-00145
WBCIC,4,1,2,withheld_until_outcome_lock,query,546,wbcic-1-S3-00146
WBCIC,4,1,2,withheld_until_outcome_lock,query,547,wbcic-1-S3-00147
WBCIC,4,1,2,withheld_until_outcome_lock,query,548,wbcic-1-S3-00148
WBCIC,4,1,2,withheld_until_outcome_lock,query,549,wbcic-1-S3-00149
WBCIC,4,1,2,withheld_until_outcome_lock,query,550,wbcic-1-S3-00150
WBCIC,4,1,2,withheld_until_outcome_lock,query,551,wbcic-1-S3-00151
WBCIC,4,1,2,withheld_until_outcome_lock,query,552,wbcic-1-S3-00152
WBCIC,4,1,2,withheld_until_outcome_lock,query,553,wbcic-1-S3-00153
WBCIC,4,1,2,withheld_until_outcome_lock,query,554,wbcic-1-S3-00154
WBCIC,4,1,2,withheld_until_outcome_lock,query,555,wbcic-1-S3-00155
WBCIC,4,1,2,withheld_until_outcome_lock,query,556,wbcic-1-S3-00156
WBCIC,4,1,2,withheld_until_outcome_lock,query,557,wbcic-1-S3-00157
WBCIC,4,1,2,withheld_until_outcome_lock,query,558,wbcic-1-S3-00158
WBCIC,4,1,2,withheld_until_outcome_lock,query,559,wbcic-1-S3-00159
WBCIC,4,1,2,withheld_until_outcome_lock,query,560,wbcic-1-S3-00160
WBCIC,4,1,2,withheld_until_outcome_lock,query,561,wbcic-1-S3-00161
WBCIC,4,1,2,withheld_until_outcome_lock,query,562,wbcic-1-S3-00162
WBCIC,4,1,2,withheld_until_outcome_lock,query,563,wbcic-1-S3-00163
WBCIC,4,1,2,withheld_until_outcome_lock,query,564,wbcic-1-S3-00164
WBCIC,4,1,2,withheld_until_outcome_lock,query,565,wbcic-1-S3-00165
WBCIC,4,1,2,withheld_until_outcome_lock,query,566,wbcic-1-S3-00166
WBCIC,4,1,2,withheld_until_outcome_lock,query,567,wbcic-1-S3-00167
WBCIC,4,1,2,withheld_until_outcome_lock,query,568,wbcic-1-S3-00168
WBCIC,4,1,2,withheld_until_outcome_lock,query,569,wbcic-1-S3-00169
WBCIC,4,1,2,withheld_until_outcome_lock,query,570,wbcic-1-S3-00170
WBCIC,4,1,2,withheld_until_outcome_lock,query,571,wbcic-1-S3-00171
WBCIC,4,1,2,withheld_until_outcome_lock,query,572,wbcic-1-S3-00172
WBCIC,4,1,2,withheld_until_outcome_lock,query,573,wbcic-1-S3-00173
WBCIC,4,1,2,withheld_until_outcome_lock,query,574,wbcic-1-S3-00174
WBCIC,4,1,2,withheld_until_outcome_lock,query,575,wbcic-1-S3-00175
WBCIC,4,1,2,withheld_until_outcome_lock,query,576,wbcic-1-S3-00176
WBCIC,4,1,2,withheld_until_outcome_lock,query,577,wbcic-1-S3-00177
WBCIC,4,1,2,withheld_until_outcome_lock,query,578,wbcic-1-S3-00178
WBCIC,4,1,2,withheld_until_outcome_lock,query,579,wbcic-1-S3-00179
WBCIC,4,1,2,withheld_until_outcome_lock,query,580,wbcic-1-S3-00180
WBCIC,4,1,2,withheld_until_outcome_lock,query,581,wbcic-1-S3-00181
WBCIC,4,1,2,withheld_until_outcome_lock,query,582,wbcic-1-S3-00182
WBCIC,4,1,2,withheld_until_outcome_lock,query,583,wbcic-1-S3-00183
WBCIC,4,1,2,withheld_until_outcome_lock,query,584,wbcic-1-S3-00184
WBCIC,4,1,2,withheld_until_outcome_lock,query,585,wbcic-1-S3-00185
WBCIC,4,1,2,withheld_until_outcome_lock,query,586,wbcic-1-S3-00186
WBCIC,4,1,2,withheld_until_outcome_lock,query,587,wbcic-1-S3-00187
WBCIC,4,1,2,withheld_until_outcome_lock,query,588,wbcic-1-S3-00188
WBCIC,4,1,2,withheld_until_outcome_lock,query,589,wbcic-1-S3-00189
WBCIC,4,1,2,withheld_until_outcome_lock,query,590,wbcic-1-S3-00190
WBCIC,4,1,2,withheld_until_outcome_lock,query,591,wbcic-1-S3-00191
WBCIC,4,1,2,withheld_until_outcome_lock,query,592,wbcic-1-S3-00192
WBCIC,4,1,2,withheld_until_outcome_lock,query,593,wbcic-1-S3-00193
WBCIC,4,1,2,withheld_until_outcome_lock,query,594,wbcic-1-S3-00194
WBCIC,4,1,2,withheld_until_outcome_lock,query,595,wbcic-1-S3-00195
WBCIC,4,1,2,withheld_until_outcome_lock,query,596,wbcic-1-S3-00196
WBCIC,4,1,2,withheld_until_outcome_lock,query,597,wbcic-1-S3-00197
WBCIC,4,1,2,withheld_until_outcome_lock,query,598,wbcic-1-S3-00198
WBCIC,4,1,2,withheld_until_outcome_lock,query,599,wbcic-1-S3-00199
WBCIC,4,16,2,withheld_until_outcome_lock,query,2200,wbcic-16-S3-00000
WBCIC,4,16,2,withheld_until_outcome_lock,query,2201,wbcic-16-S3-00001
WBCIC,4,16,2,withheld_until_outcome_lock,query,2202,wbcic-16-S3-00002
WBCIC,4,16,2,withheld_until_outcome_lock,query,2203,wbcic-16-S3-00003
WBCIC,4,16,2,withheld_until_outcome_lock,query,2204,wbcic-16-S3-00004
WBCIC,4,16,2,withheld_until_outcome_lock,query,2205,wbcic-16-S3-00005
WBCIC,4,16,2,withheld_until_outcome_lock,query,2206,wbcic-16-S3-00006
WBCIC,4,16,2,withheld_until_outcome_lock,query,2207,wbcic-16-S3-00007
WBCIC,4,16,2,withheld_until_outcome_lock,query,2208,wbcic-16-S3-00008
WBCIC,4,16,2,withheld_until_outcome_lock,query,2209,wbcic-16-S3-00009
WBCIC,4,16,2,withheld_until_outcome_lock,query,2210,wbcic-16-S3-00010
WBCIC,4,16,2,withheld_until_outcome_lock,query,2211,wbcic-16-S3-00011
WBCIC,4,16,2,withheld_until_outcome_lock,query,2212,wbcic-16-S3-00012
WBCIC,4,16,2,withheld_until_outcome_lock,query,2213,wbcic-16-S3-00013
WBCIC,4,16,2,withheld_until_outcome_lock,query,2214,wbcic-16-S3-00014
WBCIC,4,16,2,withheld_until_outcome_lock,query,2215,wbcic-16-S3-00015
WBCIC,4,16,2,withheld_until_outcome_lock,query,2216,wbcic-16-S3-00016
WBCIC,4,16,2,withheld_until_outcome_lock,query,2217,wbcic-16-S3-00017
WBCIC,4,16,2,withheld_until_outcome_lock,query,2218,wbcic-16-S3-00018
WBCIC,4,16,2,withheld_until_outcome_lock,query,2219,wbcic-16-S3-00019
WBCIC,4,16,2,withheld_until_outcome_lock,query,2220,wbcic-16-S3-00020
WBCIC,4,16,2,withheld_until_outcome_lock,query,2221,wbcic-16-S3-00021
WBCIC,4,16,2,withheld_until_outcome_lock,query,2222,wbcic-16-S3-00022
WBCIC,4,16,2,withheld_until_outcome_lock,query,2223,wbcic-16-S3-00023
WBCIC,4,16,2,withheld_until_outcome_lock,query,2224,wbcic-16-S3-00024
WBCIC,4,16,2,withheld_until_outcome_lock,query,2225,wbcic-16-S3-00025
WBCIC,4,16,2,withheld_until_outcome_lock,query,2226,wbcic-16-S3-00026
WBCIC,4,16,2,withheld_until_outcome_lock,query,2227,wbcic-16-S3-00027
WBCIC,4,16,2,withheld_until_outcome_lock,query,2228,wbcic-16-S3-00028
WBCIC,4,16,2,withheld_until_outcome_lock,query,2229,wbcic-16-S3-00029
WBCIC,4,16,2,withheld_until_outcome_lock,query,2230,wbcic-16-S3-00030
WBCIC,4,16,2,withheld_until_outcome_lock,query,2231,wbcic-16-S3-00031
WBCIC,4,16,2,withheld_until_outcome_lock,query,2232,wbcic-16-S3-00032
WBCIC,4,16,2,withheld_until_outcome_lock,query,2233,wbcic-16-S3-00033
WBCIC,4,16,2,withheld_until_outcome_lock,query,2234,wbcic-16-S3-00034
WBCIC,4,16,2,withheld_until_outcome_lock,query,2235,wbcic-16-S3-00035
WBCIC,4,16,2,withheld_until_outcome_lock,query,2236,wbcic-16-S3-00036
WBCIC,4,16,2,withheld_until_outcome_lock,query,2237,wbcic-16-S3-00037
WBCIC,4,16,2,withheld_until_outcome_lock,query,2238,wbcic-16-S3-00038
WBCIC,4,16,2,withheld_until_outcome_lock,query,2239,wbcic-16-S3-00039
WBCIC,4,16,2,withheld_until_outcome_lock,query,2240,wbcic-16-S3-00040
WBCIC,4,16,2,withheld_until_outcome_lock,query,2241,wbcic-16-S3-00041
WBCIC,4,16,2,withheld_until_outcome_lock,query,2242,wbcic-16-S3-00042
WBCIC,4,16,2,withheld_until_outcome_lock,query,2243,wbcic-16-S3-00043
WBCIC,4,16,2,withheld_until_outcome_lock,query,2244,wbcic-16-S3-00044
WBCIC,4,16,2,withheld_until_outcome_lock,query,2245,wbcic-16-S3-00045
WBCIC,4,16,2,withheld_until_outcome_lock,query,2246,wbcic-16-S3-00046
WBCIC,4,16,2,withheld_until_outcome_lock,query,2247,wbcic-16-S3-00047
WBCIC,4,16,2,withheld_until_outcome_lock,query,2248,wbcic-16-S3-00048
WBCIC,4,16,2,withheld_until_outcome_lock,query,2249,wbcic-16-S3-00049
WBCIC,4,16,2,withheld_until_outcome_lock,query,2250,wbcic-16-S3-00050
WBCIC,4,16,2,withheld_until_outcome_lock,query,2251,wbcic-16-S3-00051
WBCIC,4,16,2,withheld_until_outcome_lock,query,2252,wbcic-16-S3-00052
WBCIC,4,16,2,withheld_until_outcome_lock,query,2253,wbcic-16-S3-00053
WBCIC,4,16,2,withheld_until_outcome_lock,query,2254,wbcic-16-S3-00054
WBCIC,4,16,2,withheld_until_outcome_lock,query,2255,wbcic-16-S3-00055
WBCIC,4,16,2,withheld_until_outcome_lock,query,2256,wbcic-16-S3-00056
WBCIC,4,16,2,withheld_until_outcome_lock,query,2257,wbcic-16-S3-00057
WBCIC,4,16,2,withheld_until_outcome_lock,query,2258,wbcic-16-S3-00058
WBCIC,4,16,2,withheld_until_outcome_lock,query,2259,wbcic-16-S3-00059
WBCIC,4,16,2,withheld_until_outcome_lock,query,2260,wbcic-16-S3-00060
WBCIC,4,16,2,withheld_until_outcome_lock,query,2261,wbcic-16-S3-00061
WBCIC,4,16,2,withheld_until_outcome_lock,query,2262,wbcic-16-S3-00062
WBCIC,4,16,2,withheld_until_outcome_lock,query,2263,wbcic-16-S3-00063
WBCIC,4,16,2,withheld_until_outcome_lock,query,2264,wbcic-16-S3-00064
WBCIC,4,16,2,withheld_until_outcome_lock,query,2265,wbcic-16-S3-00065
WBCIC,4,16,2,withheld_until_outcome_lock,query,2266,wbcic-16-S3-00066
WBCIC,4,16,2,withheld_until_outcome_lock,query,2267,wbcic-16-S3-00067
WBCIC,4,16,2,withheld_until_outcome_lock,query,2268,wbcic-16-S3-00068
WBCIC,4,16,2,withheld_until_outcome_lock,query,2269,wbcic-16-S3-00069
WBCIC,4,16,2,withheld_until_outcome_lock,query,2270,wbcic-16-S3-00070
WBCIC,4,16,2,withheld_until_outcome_lock,query,2271,wbcic-16-S3-00071
WBCIC,4,16,2,withheld_until_outcome_lock,query,2272,wbcic-16-S3-00072
WBCIC,4,16,2,withheld_until_outcome_lock,query,2273,wbcic-16-S3-00073
WBCIC,4,16,2,withheld_until_outcome_lock,query,2274,wbcic-16-S3-00074
WBCIC,4,16,2,withheld_until_outcome_lock,query,2275,wbcic-16-S3-00075
WBCIC,4,16,2,withheld_until_outcome_lock,query,2276,wbcic-16-S3-00076
WBCIC,4,16,2,withheld_until_outcome_lock,query,2277,wbcic-16-S3-00077
WBCIC,4,16,2,withheld_until_outcome_lock,query,2278,wbcic-16-S3-00078
WBCIC,4,16,2,withheld_until_outcome_lock,query,2279,wbcic-16-S3-00079
WBCIC,4,16,2,withheld_until_outcome_lock,query,2280,wbcic-16-S3-00080
WBCIC,4,16,2,withheld_until_outcome_lock,query,2281,wbcic-16-S3-00081
WBCIC,4,16,2,withheld_until_outcome_lock,query,2282,wbcic-16-S3-00082
WBCIC,4,16,2,withheld_until_outcome_lock,query,2283,wbcic-16-S3-00083
WBCIC,4,16,2,withheld_until_outcome_lock,query,2284,wbcic-16-S3-00084
WBCIC,4,16,2,withheld_until_outcome_lock,query,2285,wbcic-16-S3-00085
WBCIC,4,16,2,withheld_until_outcome_lock,query,2286,wbcic-16-S3-00086
WBCIC,4,16,2,withheld_until_outcome_lock,query,2287,wbcic-16-S3-00087
WBCIC,4,16,2,withheld_until_outcome_lock,query,2288,wbcic-16-S3-00088
WBCIC,4,16,2,withheld_until_outcome_lock,query,2289,wbcic-16-S3-00089
WBCIC,4,16,2,withheld_until_outcome_lock,query,2290,wbcic-16-S3-00090
WBCIC,4,16,2,withheld_until_outcome_lock,query,2291,wbcic-16-S3-00091
WBCIC,4,16,2,withheld_until_outcome_lock,query,2292,wbcic-16-S3-00092
WBCIC,4,16,2,withheld_until_outcome_lock,query,2293,wbcic-16-S3-00093
WBCIC,4,16,2,withheld_until_outcome_lock,query,2294,wbcic-16-S3-00094
WBCIC,4,16,2,withheld_until_outcome_lock,query,2295,wbcic-16-S3-00095
WBCIC,4,16,2,withheld_until_outcome_lock,query,2296,wbcic-16-S3-00096
WBCIC,4,16,2,withheld_until_outcome_lock,query,2297,wbcic-16-S3-00097
WBCIC,4,16,2,withheld_until_outcome_lock,query,2298,wbcic-16-S3-00098
WBCIC,4,16,2,withheld_until_outcome_lock,query,2299,wbcic-16-S3-00099
WBCIC,4,16,2,withheld_until_outcome_lock,query,2300,wbcic-16-S3-00100
WBCIC,4,16,2,withheld_until_outcome_lock,query,2301,wbcic-16-S3-00101
WBCIC,4,16,2,withheld_until_outcome_lock,query,2302,wbcic-16-S3-00102
WBCIC,4,16,2,withheld_until_outcome_lock,query,2303,wbcic-16-S3-00103
WBCIC,4,16,2,withheld_until_outcome_lock,query,2304,wbcic-16-S3-00104
WBCIC,4,16,2,withheld_until_outcome_lock,query,2305,wbcic-16-S3-00105
WBCIC,4,16,2,withheld_until_outcome_lock,query,2306,wbcic-16-S3-00106
WBCIC,4,16,2,withheld_until_outcome_lock,query,2307,wbcic-16-S3-00107
WBCIC,4,16,2,withheld_until_outcome_lock,query,2308,wbcic-16-S3-00108
WBCIC,4,16,2,withheld_until_outcome_lock,query,2309,wbcic-16-S3-00109
WBCIC,4,16,2,withheld_until_outcome_lock,query,2310,wbcic-16-S3-00110
WBCIC,4,16,2,withheld_until_outcome_lock,query,2311,wbcic-16-S3-00111
WBCIC,4,16,2,withheld_until_outcome_lock,query,2312,wbcic-16-S3-00112
WBCIC,4,16,2,withheld_until_outcome_lock,query,2313,wbcic-16-S3-00113
WBCIC,4,16,2,withheld_until_outcome_lock,query,2314,wbcic-16-S3-00114
WBCIC,4,16,2,withheld_until_outcome_lock,query,2315,wbcic-16-S3-00115
WBCIC,4,16,2,withheld_until_outcome_lock,query,2316,wbcic-16-S3-00116
WBCIC,4,16,2,withheld_until_outcome_lock,query,2317,wbcic-16-S3-00117
WBCIC,4,16,2,withheld_until_outcome_lock,query,2318,wbcic-16-S3-00118
WBCIC,4,16,2,withheld_until_outcome_lock,query,2319,wbcic-16-S3-00119
WBCIC,4,16,2,withheld_until_outcome_lock,query,2320,wbcic-16-S3-00120
WBCIC,4,16,2,withheld_until_outcome_lock,query,2321,wbcic-16-S3-00121
WBCIC,4,16,2,withheld_until_outcome_lock,query,2322,wbcic-16-S3-00122
WBCIC,4,16,2,withheld_until_outcome_lock,query,2323,wbcic-16-S3-00123
WBCIC,4,16,2,withheld_until_outcome_lock,query,2324,wbcic-16-S3-00124
WBCIC,4,16,2,withheld_until_outcome_lock,query,2325,wbcic-16-S3-00125
WBCIC,4,16,2,withheld_until_outcome_lock,query,2326,wbcic-16-S3-00126
WBCIC,4,16,2,withheld_until_outcome_lock,query,2327,wbcic-16-S3-00127
WBCIC,4,16,2,withheld_until_outcome_lock,query,2328,wbcic-16-S3-00128
WBCIC,4,16,2,withheld_until_outcome_lock,query,2329,wbcic-16-S3-00129
WBCIC,4,16,2,withheld_until_outcome_lock,query,2330,wbcic-16-S3-00130
WBCIC,4,16,2,withheld_until_outcome_lock,query,2331,wbcic-16-S3-00131
WBCIC,4,16,2,withheld_until_outcome_lock,query,2332,wbcic-16-S3-00132
WBCIC,4,16,2,withheld_until_outcome_lock,query,2333,wbcic-16-S3-00133
WBCIC,4,16,2,withheld_until_outcome_lock,query,2334,wbcic-16-S3-00134
WBCIC,4,16,2,withheld_until_outcome_lock,query,2335,wbcic-16-S3-00135
WBCIC,4,16,2,withheld_until_outcome_lock,query,2336,wbcic-16-S3-00136
WBCIC,4,16,2,withheld_until_outcome_lock,query,2337,wbcic-16-S3-00137
WBCIC,4,16,2,withheld_until_outcome_lock,query,2338,wbcic-16-S3-00138
WBCIC,4,16,2,withheld_until_outcome_lock,query,2339,wbcic-16-S3-00139
WBCIC,4,16,2,withheld_until_outcome_lock,query,2340,wbcic-16-S3-00140
WBCIC,4,16,2,withheld_until_outcome_lock,query,2341,wbcic-16-S3-00141
WBCIC,4,16,2,withheld_until_outcome_lock,query,2342,wbcic-16-S3-00142
WBCIC,4,16,2,withheld_until_outcome_lock,query,2343,wbcic-16-S3-00143
WBCIC,4,16,2,withheld_until_outcome_lock,query,2344,wbcic-16-S3-00144
WBCIC,4,16,2,withheld_until_outcome_lock,query,2345,wbcic-16-S3-00145
WBCIC,4,16,2,withheld_until_outcome_lock,query,2346,wbcic-16-S3-00146
WBCIC,4,16,2,withheld_until_outcome_lock,query,2347,wbcic-16-S3-00147
WBCIC,4,16,2,withheld_until_outcome_lock,query,2348,wbcic-16-S3-00148
WBCIC,4,16,2,withheld_until_outcome_lock,query,2349,wbcic-16-S3-00149
WBCIC,4,16,2,withheld_until_outcome_lock,query,2350,wbcic-16-S3-00150
WBCIC,4,16,2,withheld_until_outcome_lock,query,2351,wbcic-16-S3-00151
WBCIC,4,16,2,withheld_until_outcome_lock,query,2352,wbcic-16-S3-00152
WBCIC,4,16,2,withheld_until_outcome_lock,query,2353,wbcic-16-S3-00153
WBCIC,4,16,2,withheld_until_outcome_lock,query,2354,wbcic-16-S3-00154
WBCIC,4,16,2,withheld_until_outcome_lock,query,2355,wbcic-16-S3-00155
WBCIC,4,16,2,withheld_until_outcome_lock,query,2356,wbcic-16-S3-00156
WBCIC,4,16,2,withheld_until_outcome_lock,query,2357,wbcic-16-S3-00157
WBCIC,4,16,2,withheld_until_outcome_lock,query,2358,wbcic-16-S3-00158
WBCIC,4,16,2,withheld_until_outcome_lock,query,2359,wbcic-16-S3-00159
WBCIC,4,16,2,withheld_until_outcome_lock,query,2360,wbcic-16-S3-00160
WBCIC,4,16,2,withheld_until_outcome_lock,query,2361,wbcic-16-S3-00161
WBCIC,4,16,2,withheld_until_outcome_lock,query,2362,wbcic-16-S3-00162
WBCIC,4,16,2,withheld_until_outcome_lock,query,2363,wbcic-16-S3-00163
WBCIC,4,16,2,withheld_until_outcome_lock,query,2364,wbcic-16-S3-00164
WBCIC,4,16,2,withheld_until_outcome_lock,query,2365,wbcic-16-S3-00165
WBCIC,4,16,2,withheld_until_outcome_lock,query,2366,wbcic-16-S3-00166
WBCIC,4,16,2,withheld_until_outcome_lock,query,2367,wbcic-16-S3-00167
WBCIC,4,16,2,withheld_until_outcome_lock,query,2368,wbcic-16-S3-00168
WBCIC,4,16,2,withheld_until_outcome_lock,query,2369,wbcic-16-S3-00169
WBCIC,4,16,2,withheld_until_outcome_lock,query,2370,wbcic-16-S3-00170
WBCIC,4,16,2,withheld_until_outcome_lock,query,2371,wbcic-16-S3-00171
WBCIC,4,16,2,withheld_until_outcome_lock,query,2372,wbcic-16-S3-00172
WBCIC,4,16,2,withheld_until_outcome_lock,query,2373,wbcic-16-S3-00173
WBCIC,4,16,2,withheld_until_outcome_lock,query,2374,wbcic-16-S3-00174
WBCIC,4,16,2,withheld_until_outcome_lock,query,2375,wbcic-16-S3-00175
WBCIC,4,16,2,withheld_until_outcome_lock,query,2376,wbcic-16-S3-00176
WBCIC,4,16,2,withheld_until_outcome_lock,query,2377,wbcic-16-S3-00177
WBCIC,4,16,2,withheld_until_outcome_lock,query,2378,wbcic-16-S3-00178
WBCIC,4,16,2,withheld_until_outcome_lock,query,2379,wbcic-16-S3-00179
WBCIC,4,16,2,withheld_until_outcome_lock,query,2380,wbcic-16-S3-00180
WBCIC,4,16,2,withheld_until_outcome_lock,query,2381,wbcic-16-S3-00181
WBCIC,4,16,2,withheld_until_outcome_lock,query,2382,wbcic-16-S3-00182
WBCIC,4,16,2,withheld_until_outcome_lock,query,2383,wbcic-16-S3-00183
WBCIC,4,16,2,withheld_until_outcome_lock,query,2384,wbcic-16-S3-00184
WBCIC,4,16,2,withheld_until_outcome_lock,query,2385,wbcic-16-S3-00185
WBCIC,4,16,2,withheld_until_outcome_lock,query,2386,wbcic-16-S3-00186
WBCIC,4,16,2,withheld_until_outcome_lock,query,2387,wbcic-16-S3-00187
WBCIC,4,16,2,withheld_until_outcome_lock,query,2388,wbcic-16-S3-00188
WBCIC,4,16,2,withheld_until_outcome_lock,query,2389,wbcic-16-S3-00189
WBCIC,4,16,2,withheld_until_outcome_lock,query,2390,wbcic-16-S3-00190
WBCIC,4,16,2,withheld_until_outcome_lock,query,2391,wbcic-16-S3-00191
WBCIC,4,16,2,withheld_until_outcome_lock,query,2392,wbcic-16-S3-00192
WBCIC,4,16,2,withheld_until_outcome_lock,query,2393,wbcic-16-S3-00193
WBCIC,4,16,2,withheld_until_outcome_lock,query,2394,wbcic-16-S3-00194
WBCIC,4,16,2,withheld_until_outcome_lock,query,2395,wbcic-16-S3-00195
WBCIC,4,16,2,withheld_until_outcome_lock,query,2396,wbcic-16-S3-00196
WBCIC,4,16,2,withheld_until_outcome_lock,query,2397,wbcic-16-S3-00197
WBCIC,4,16,2,withheld_until_outcome_lock,query,2398,wbcic-16-S3-00198
WBCIC,4,16,2,withheld_until_outcome_lock,query,2399,wbcic-16-S3-00199
WBCIC,4,19,2,withheld_until_outcome_lock,query,3400,wbcic-19-S3-00000
WBCIC,4,19,2,withheld_until_outcome_lock,query,3401,wbcic-19-S3-00001
WBCIC,4,19,2,withheld_until_outcome_lock,query,3402,wbcic-19-S3-00002
WBCIC,4,19,2,withheld_until_outcome_lock,query,3403,wbcic-19-S3-00003
WBCIC,4,19,2,withheld_until_outcome_lock,query,3404,wbcic-19-S3-00004
WBCIC,4,19,2,withheld_until_outcome_lock,query,3405,wbcic-19-S3-00005
WBCIC,4,19,2,withheld_until_outcome_lock,query,3406,wbcic-19-S3-00006
WBCIC,4,19,2,withheld_until_outcome_lock,query,3407,wbcic-19-S3-00007
WBCIC,4,19,2,withheld_until_outcome_lock,query,3408,wbcic-19-S3-00008
WBCIC,4,19,2,withheld_until_outcome_lock,query,3409,wbcic-19-S3-00009
WBCIC,4,19,2,withheld_until_outcome_lock,query,3410,wbcic-19-S3-00010
WBCIC,4,19,2,withheld_until_outcome_lock,query,3411,wbcic-19-S3-00011
WBCIC,4,19,2,withheld_until_outcome_lock,query,3412,wbcic-19-S3-00012
WBCIC,4,19,2,withheld_until_outcome_lock,query,3413,wbcic-19-S3-00013
WBCIC,4,19,2,withheld_until_outcome_lock,query,3414,wbcic-19-S3-00014
WBCIC,4,19,2,withheld_until_outcome_lock,query,3415,wbcic-19-S3-00015
WBCIC,4,19,2,withheld_until_outcome_lock,query,3416,wbcic-19-S3-00016
WBCIC,4,19,2,withheld_until_outcome_lock,query,3417,wbcic-19-S3-00017
WBCIC,4,19,2,withheld_until_outcome_lock,query,3418,wbcic-19-S3-00018
WBCIC,4,19,2,withheld_until_outcome_lock,query,3419,wbcic-19-S3-00019
WBCIC,4,19,2,withheld_until_outcome_lock,query,3420,wbcic-19-S3-00020
WBCIC,4,19,2,withheld_until_outcome_lock,query,3421,wbcic-19-S3-00021
WBCIC,4,19,2,withheld_until_outcome_lock,query,3422,wbcic-19-S3-00022
WBCIC,4,19,2,withheld_until_outcome_lock,query,3423,wbcic-19-S3-00023
WBCIC,4,19,2,withheld_until_outcome_lock,query,3424,wbcic-19-S3-00024
WBCIC,4,19,2,withheld_until_outcome_lock,query,3425,wbcic-19-S3-00025
WBCIC,4,19,2,withheld_until_outcome_lock,query,3426,wbcic-19-S3-00026
WBCIC,4,19,2,withheld_until_outcome_lock,query,3427,wbcic-19-S3-00027
WBCIC,4,19,2,withheld_until_outcome_lock,query,3428,wbcic-19-S3-00028
WBCIC,4,19,2,withheld_until_outcome_lock,query,3429,wbcic-19-S3-00029
WBCIC,4,19,2,withheld_until_outcome_lock,query,3430,wbcic-19-S3-00030
WBCIC,4,19,2,withheld_until_outcome_lock,query,3431,wbcic-19-S3-00031
WBCIC,4,19,2,withheld_until_outcome_lock,query,3432,wbcic-19-S3-00032
WBCIC,4,19,2,withheld_until_outcome_lock,query,3433,wbcic-19-S3-00033
WBCIC,4,19,2,withheld_until_outcome_lock,query,3434,wbcic-19-S3-00034
WBCIC,4,19,2,withheld_until_outcome_lock,query,3435,wbcic-19-S3-00035
WBCIC,4,19,2,withheld_until_outcome_lock,query,3436,wbcic-19-S3-00036
WBCIC,4,19,2,withheld_until_outcome_lock,query,3437,wbcic-19-S3-00037
WBCIC,4,19,2,withheld_until_outcome_lock,query,3438,wbcic-19-S3-00038
WBCIC,4,19,2,withheld_until_outcome_lock,query,3439,wbcic-19-S3-00039
WBCIC,4,19,2,withheld_until_outcome_lock,query,3440,wbcic-19-S3-00040
WBCIC,4,19,2,withheld_until_outcome_lock,query,3441,wbcic-19-S3-00041
WBCIC,4,19,2,withheld_until_outcome_lock,query,3442,wbcic-19-S3-00042
WBCIC,4,19,2,withheld_until_outcome_lock,query,3443,wbcic-19-S3-00043
WBCIC,4,19,2,withheld_until_outcome_lock,query,3444,wbcic-19-S3-00044
WBCIC,4,19,2,withheld_until_outcome_lock,query,3445,wbcic-19-S3-00045
WBCIC,4,19,2,withheld_until_outcome_lock,query,3446,wbcic-19-S3-00046
WBCIC,4,19,2,withheld_until_outcome_lock,query,3447,wbcic-19-S3-00047
WBCIC,4,19,2,withheld_until_outcome_lock,query,3448,wbcic-19-S3-00048
WBCIC,4,19,2,withheld_until_outcome_lock,query,3449,wbcic-19-S3-00049
WBCIC,4,19,2,withheld_until_outcome_lock,query,3450,wbcic-19-S3-00050
WBCIC,4,19,2,withheld_until_outcome_lock,query,3451,wbcic-19-S3-00051
WBCIC,4,19,2,withheld_until_outcome_lock,query,3452,wbcic-19-S3-00052
WBCIC,4,19,2,withheld_until_outcome_lock,query,3453,wbcic-19-S3-00053
WBCIC,4,19,2,withheld_until_outcome_lock,query,3454,wbcic-19-S3-00054
WBCIC,4,19,2,withheld_until_outcome_lock,query,3455,wbcic-19-S3-00055
WBCIC,4,19,2,withheld_until_outcome_lock,query,3456,wbcic-19-S3-00056
WBCIC,4,19,2,withheld_until_outcome_lock,query,3457,wbcic-19-S3-00057
WBCIC,4,19,2,withheld_until_outcome_lock,query,3458,wbcic-19-S3-00058
WBCIC,4,19,2,withheld_until_outcome_lock,query,3459,wbcic-19-S3-00059
WBCIC,4,19,2,withheld_until_outcome_lock,query,3460,wbcic-19-S3-00060
WBCIC,4,19,2,withheld_until_outcome_lock,query,3461,wbcic-19-S3-00061
WBCIC,4,19,2,withheld_until_outcome_lock,query,3462,wbcic-19-S3-00062
WBCIC,4,19,2,withheld_until_outcome_lock,query,3463,wbcic-19-S3-00063
WBCIC,4,19,2,withheld_until_outcome_lock,query,3464,wbcic-19-S3-00064
WBCIC,4,19,2,withheld_until_outcome_lock,query,3465,wbcic-19-S3-00065
WBCIC,4,19,2,withheld_until_outcome_lock,query,3466,wbcic-19-S3-00066
WBCIC,4,19,2,withheld_until_outcome_lock,query,3467,wbcic-19-S3-00067
WBCIC,4,19,2,withheld_until_outcome_lock,query,3468,wbcic-19-S3-00068
WBCIC,4,19,2,withheld_until_outcome_lock,query,3469,wbcic-19-S3-00069
WBCIC,4,19,2,withheld_until_outcome_lock,query,3470,wbcic-19-S3-00070
WBCIC,4,19,2,withheld_until_outcome_lock,query,3471,wbcic-19-S3-00071
WBCIC,4,19,2,withheld_until_outcome_lock,query,3472,wbcic-19-S3-00072
WBCIC,4,19,2,withheld_until_outcome_lock,query,3473,wbcic-19-S3-00073
WBCIC,4,19,2,withheld_until_outcome_lock,query,3474,wbcic-19-S3-00074
WBCIC,4,19,2,withheld_until_outcome_lock,query,3475,wbcic-19-S3-00075
WBCIC,4,19,2,withheld_until_outcome_lock,query,3476,wbcic-19-S3-00076
WBCIC,4,19,2,withheld_until_outcome_lock,query,3477,wbcic-19-S3-00077
WBCIC,4,19,2,withheld_until_outcome_lock,query,3478,wbcic-19-S3-00078
WBCIC,4,19,2,withheld_until_outcome_lock,query,3479,wbcic-19-S3-00079
WBCIC,4,19,2,withheld_until_outcome_lock,query,3480,wbcic-19-S3-00080
WBCIC,4,19,2,withheld_until_outcome_lock,query,3481,wbcic-19-S3-00081
WBCIC,4,19,2,withheld_until_outcome_lock,query,3482,wbcic-19-S3-00082
WBCIC,4,19,2,withheld_until_outcome_lock,query,3483,wbcic-19-S3-00083
WBCIC,4,19,2,withheld_until_outcome_lock,query,3484,wbcic-19-S3-00084
WBCIC,4,19,2,withheld_until_outcome_lock,query,3485,wbcic-19-S3-00085
WBCIC,4,19,2,withheld_until_outcome_lock,query,3486,wbcic-19-S3-00086
WBCIC,4,19,2,withheld_until_outcome_lock,query,3487,wbcic-19-S3-00087
WBCIC,4,19,2,withheld_until_outcome_lock,query,3488,wbcic-19-S3-00088
WBCIC,4,19,2,withheld_until_outcome_lock,query,3489,wbcic-19-S3-00089
WBCIC,4,19,2,withheld_until_outcome_lock,query,3490,wbcic-19-S3-00090
WBCIC,4,19,2,withheld_until_outcome_lock,query,3491,wbcic-19-S3-00091
WBCIC,4,19,2,withheld_until_outcome_lock,query,3492,wbcic-19-S3-00092
WBCIC,4,19,2,withheld_until_outcome_lock,query,3493,wbcic-19-S3-00093
WBCIC,4,19,2,withheld_until_outcome_lock,query,3494,wbcic-19-S3-00094
WBCIC,4,19,2,withheld_until_outcome_lock,query,3495,wbcic-19-S3-00095
WBCIC,4,19,2,withheld_until_outcome_lock,query,3496,wbcic-19-S3-00096
WBCIC,4,19,2,withheld_until_outcome_lock,query,3497,wbcic-19-S3-00097
WBCIC,4,19,2,withheld_until_outcome_lock,query,3498,wbcic-19-S3-00098
WBCIC,4,19,2,withheld_until_outcome_lock,query,3499,wbcic-19-S3-00099
WBCIC,4,19,2,withheld_until_outcome_lock,query,3500,wbcic-19-S3-00100
WBCIC,4,19,2,withheld_until_outcome_lock,query,3501,wbcic-19-S3-00101
WBCIC,4,19,2,withheld_until_outcome_lock,query,3502,wbcic-19-S3-00102
WBCIC,4,19,2,withheld_until_outcome_lock,query,3503,wbcic-19-S3-00103
WBCIC,4,19,2,withheld_until_outcome_lock,query,3504,wbcic-19-S3-00104
WBCIC,4,19,2,withheld_until_outcome_lock,query,3505,wbcic-19-S3-00105
WBCIC,4,19,2,withheld_until_outcome_lock,query,3506,wbcic-19-S3-00106
WBCIC,4,19,2,withheld_until_outcome_lock,query,3507,wbcic-19-S3-00107
WBCIC,4,19,2,withheld_until_outcome_lock,query,3508,wbcic-19-S3-00108
WBCIC,4,19,2,withheld_until_outcome_lock,query,3509,wbcic-19-S3-00109
WBCIC,4,19,2,withheld_until_outcome_lock,query,3510,wbcic-19-S3-00110
WBCIC,4,19,2,withheld_until_outcome_lock,query,3511,wbcic-19-S3-00111
WBCIC,4,19,2,withheld_until_outcome_lock,query,3512,wbcic-19-S3-00112
WBCIC,4,19,2,withheld_until_outcome_lock,query,3513,wbcic-19-S3-00113
WBCIC,4,19,2,withheld_until_outcome_lock,query,3514,wbcic-19-S3-00114
WBCIC,4,19,2,withheld_until_outcome_lock,query,3515,wbcic-19-S3-00115
WBCIC,4,19,2,withheld_until_outcome_lock,query,3516,wbcic-19-S3-00116
WBCIC,4,19,2,withheld_until_outcome_lock,query,3517,wbcic-19-S3-00117
WBCIC,4,19,2,withheld_until_outcome_lock,query,3518,wbcic-19-S3-00118
WBCIC,4,19,2,withheld_until_outcome_lock,query,3519,wbcic-19-S3-00119
WBCIC,4,19,2,withheld_until_outcome_lock,query,3520,wbcic-19-S3-00120
WBCIC,4,19,2,withheld_until_outcome_lock,query,3521,wbcic-19-S3-00121
WBCIC,4,19,2,withheld_until_outcome_lock,query,3522,wbcic-19-S3-00122
WBCIC,4,19,2,withheld_until_outcome_lock,query,3523,wbcic-19-S3-00123
WBCIC,4,19,2,withheld_until_outcome_lock,query,3524,wbcic-19-S3-00124
WBCIC,4,19,2,withheld_until_outcome_lock,query,3525,wbcic-19-S3-00125
WBCIC,4,19,2,withheld_until_outcome_lock,query,3526,wbcic-19-S3-00126
WBCIC,4,19,2,withheld_until_outcome_lock,query,3527,wbcic-19-S3-00127
WBCIC,4,19,2,withheld_until_outcome_lock,query,3528,wbcic-19-S3-00128
WBCIC,4,19,2,withheld_until_outcome_lock,query,3529,wbcic-19-S3-00129
WBCIC,4,19,2,withheld_until_outcome_lock,query,3530,wbcic-19-S3-00130
WBCIC,4,19,2,withheld_until_outcome_lock,query,3531,wbcic-19-S3-00131
WBCIC,4,19,2,withheld_until_outcome_lock,query,3532,wbcic-19-S3-00132
WBCIC,4,19,2,withheld_until_outcome_lock,query,3533,wbcic-19-S3-00133
WBCIC,4,19,2,withheld_until_outcome_lock,query,3534,wbcic-19-S3-00134
WBCIC,4,19,2,withheld_until_outcome_lock,query,3535,wbcic-19-S3-00135
WBCIC,4,19,2,withheld_until_outcome_lock,query,3536,wbcic-19-S3-00136
WBCIC,4,19,2,withheld_until_outcome_lock,query,3537,wbcic-19-S3-00137
WBCIC,4,19,2,withheld_until_outcome_lock,query,3538,wbcic-19-S3-00138
WBCIC,4,19,2,withheld_until_outcome_lock,query,3539,wbcic-19-S3-00139
WBCIC,4,19,2,withheld_until_outcome_lock,query,3540,wbcic-19-S3-00140
WBCIC,4,19,2,withheld_until_outcome_lock,query,3541,wbcic-19-S3-00141
WBCIC,4,19,2,withheld_until_outcome_lock,query,3542,wbcic-19-S3-00142
WBCIC,4,19,2,withheld_until_outcome_lock,query,3543,wbcic-19-S3-00143
WBCIC,4,19,2,withheld_until_outcome_lock,query,3544,wbcic-19-S3-00144
WBCIC,4,19,2,withheld_until_outcome_lock,query,3545,wbcic-19-S3-00145
WBCIC,4,19,2,withheld_until_outcome_lock,query,3546,wbcic-19-S3-00146
WBCIC,4,19,2,withheld_until_outcome_lock,query,3547,wbcic-19-S3-00147
WBCIC,4,19,2,withheld_until_outcome_lock,query,3548,wbcic-19-S3-00148
WBCIC,4,19,2,withheld_until_outcome_lock,query,3549,wbcic-19-S3-00149
WBCIC,4,19,2,withheld_until_outcome_lock,query,3550,wbcic-19-S3-00150
WBCIC,4,19,2,withheld_until_outcome_lock,query,3551,wbcic-19-S3-00151
WBCIC,4,19,2,withheld_until_outcome_lock,query,3552,wbcic-19-S3-00152
WBCIC,4,19,2,withheld_until_outcome_lock,query,3553,wbcic-19-S3-00153
WBCIC,4,19,2,withheld_until_outcome_lock,query,3554,wbcic-19-S3-00154
WBCIC,4,19,2,withheld_until_outcome_lock,query,3555,wbcic-19-S3-00155
WBCIC,4,19,2,withheld_until_outcome_lock,query,3556,wbcic-19-S3-00156
WBCIC,4,19,2,withheld_until_outcome_lock,query,3557,wbcic-19-S3-00157
WBCIC,4,19,2,withheld_until_outcome_lock,query,3558,wbcic-19-S3-00158
WBCIC,4,19,2,withheld_until_outcome_lock,query,3559,wbcic-19-S3-00159
WBCIC,4,19,2,withheld_until_outcome_lock,query,3560,wbcic-19-S3-00160
WBCIC,4,19,2,withheld_until_outcome_lock,query,3561,wbcic-19-S3-00161
WBCIC,4,19,2,withheld_until_outcome_lock,query,3562,wbcic-19-S3-00162
WBCIC,4,19,2,withheld_until_outcome_lock,query,3563,wbcic-19-S3-00163
WBCIC,4,19,2,withheld_until_outcome_lock,query,3564,wbcic-19-S3-00164
WBCIC,4,19,2,withheld_until_outcome_lock,query,3565,wbcic-19-S3-00165
WBCIC,4,19,2,withheld_until_outcome_lock,query,3566,wbcic-19-S3-00166
WBCIC,4,19,2,withheld_until_outcome_lock,query,3567,wbcic-19-S3-00167
WBCIC,4,19,2,withheld_until_outcome_lock,query,3568,wbcic-19-S3-00168
WBCIC,4,19,2,withheld_until_outcome_lock,query,3569,wbcic-19-S3-00169
WBCIC,4,19,2,withheld_until_outcome_lock,query,3570,wbcic-19-S3-00170
WBCIC,4,19,2,withheld_until_outcome_lock,query,3571,wbcic-19-S3-00171
WBCIC,4,19,2,withheld_until_outcome_lock,query,3572,wbcic-19-S3-00172
WBCIC,4,19,2,withheld_until_outcome_lock,query,3573,wbcic-19-S3-00173
WBCIC,4,19,2,withheld_until_outcome_lock,query,3574,wbcic-19-S3-00174
WBCIC,4,19,2,withheld_until_outcome_lock,query,3575,wbcic-19-S3-00175
WBCIC,4,19,2,withheld_until_outcome_lock,query,3576,wbcic-19-S3-00176
WBCIC,4,19,2,withheld_until_outcome_lock,query,3577,wbcic-19-S3-00177
WBCIC,4,19,2,withheld_until_outcome_lock,query,3578,wbcic-19-S3-00178
WBCIC,4,19,2,withheld_until_outcome_lock,query,3579,wbcic-19-S3-00179
WBCIC,4,19,2,withheld_until_outcome_lock,query,3580,wbcic-19-S3-00180
WBCIC,4,19,2,withheld_until_outcome_lock,query,3581,wbcic-19-S3-00181
WBCIC,4,19,2,withheld_until_outcome_lock,query,3582,wbcic-19-S3-00182
WBCIC,4,19,2,withheld_until_outcome_lock,query,3583,wbcic-19-S3-00183
WBCIC,4,19,2,withheld_until_outcome_lock,query,3584,wbcic-19-S3-00184
WBCIC,4,19,2,withheld_until_outcome_lock,query,3585,wbcic-19-S3-00185
WBCIC,4,19,2,withheld_until_outcome_lock,query,3586,wbcic-19-S3-00186
WBCIC,4,19,2,withheld_until_outcome_lock,query,3587,wbcic-19-S3-00187
WBCIC,4,19,2,withheld_until_outcome_lock,query,3588,wbcic-19-S3-00188
WBCIC,4,19,2,withheld_until_outcome_lock,query,3589,wbcic-19-S3-00189
WBCIC,4,19,2,withheld_until_outcome_lock,query,3590,wbcic-19-S3-00190
WBCIC,4,19,2,withheld_until_outcome_lock,query,3591,wbcic-19-S3-00191
WBCIC,4,19,2,withheld_until_outcome_lock,query,3592,wbcic-19-S3-00192
WBCIC,4,19,2,withheld_until_outcome_lock,query,3593,wbcic-19-S3-00193
WBCIC,4,19,2,withheld_until_outcome_lock,query,3594,wbcic-19-S3-00194
WBCIC,4,19,2,withheld_until_outcome_lock,query,3595,wbcic-19-S3-00195
WBCIC,4,19,2,withheld_until_outcome_lock,query,3596,wbcic-19-S3-00196
WBCIC,4,19,2,withheld_until_outcome_lock,query,3597,wbcic-19-S3-00197
WBCIC,4,19,2,withheld_until_outcome_lock,query,3598,wbcic-19-S3-00198
WBCIC,4,19,2,withheld_until_outcome_lock,query,3599,wbcic-19-S3-00199
WBCIC,4,21,2,withheld_until_outcome_lock,query,4600,wbcic-21-S3-00000
WBCIC,4,21,2,withheld_until_outcome_lock,query,4601,wbcic-21-S3-00001
WBCIC,4,21,2,withheld_until_outcome_lock,query,4602,wbcic-21-S3-00002
WBCIC,4,21,2,withheld_until_outcome_lock,query,4603,wbcic-21-S3-00003
WBCIC,4,21,2,withheld_until_outcome_lock,query,4604,wbcic-21-S3-00004
WBCIC,4,21,2,withheld_until_outcome_lock,query,4605,wbcic-21-S3-00005
WBCIC,4,21,2,withheld_until_outcome_lock,query,4606,wbcic-21-S3-00006
WBCIC,4,21,2,withheld_until_outcome_lock,query,4607,wbcic-21-S3-00007
WBCIC,4,21,2,withheld_until_outcome_lock,query,4608,wbcic-21-S3-00008
WBCIC,4,21,2,withheld_until_outcome_lock,query,4609,wbcic-21-S3-00009
WBCIC,4,21,2,withheld_until_outcome_lock,query,4610,wbcic-21-S3-00010
WBCIC,4,21,2,withheld_until_outcome_lock,query,4611,wbcic-21-S3-00011
WBCIC,4,21,2,withheld_until_outcome_lock,query,4612,wbcic-21-S3-00012
WBCIC,4,21,2,withheld_until_outcome_lock,query,4613,wbcic-21-S3-00013
WBCIC,4,21,2,withheld_until_outcome_lock,query,4614,wbcic-21-S3-00014
WBCIC,4,21,2,withheld_until_outcome_lock,query,4615,wbcic-21-S3-00015
WBCIC,4,21,2,withheld_until_outcome_lock,query,4616,wbcic-21-S3-00016
WBCIC,4,21,2,withheld_until_outcome_lock,query,4617,wbcic-21-S3-00017
WBCIC,4,21,2,withheld_until_outcome_lock,query,4618,wbcic-21-S3-00018
WBCIC,4,21,2,withheld_until_outcome_lock,query,4619,wbcic-21-S3-00019
WBCIC,4,21,2,withheld_until_outcome_lock,query,4620,wbcic-21-S3-00020
WBCIC,4,21,2,withheld_until_outcome_lock,query,4621,wbcic-21-S3-00021
WBCIC,4,21,2,withheld_until_outcome_lock,query,4622,wbcic-21-S3-00022
WBCIC,4,21,2,withheld_until_outcome_lock,query,4623,wbcic-21-S3-00023
WBCIC,4,21,2,withheld_until_outcome_lock,query,4624,wbcic-21-S3-00024
WBCIC,4,21,2,withheld_until_outcome_lock,query,4625,wbcic-21-S3-00025
WBCIC,4,21,2,withheld_until_outcome_lock,query,4626,wbcic-21-S3-00026
WBCIC,4,21,2,withheld_until_outcome_lock,query,4627,wbcic-21-S3-00027
WBCIC,4,21,2,withheld_until_outcome_lock,query,4628,wbcic-21-S3-00028
WBCIC,4,21,2,withheld_until_outcome_lock,query,4629,wbcic-21-S3-00029
WBCIC,4,21,2,withheld_until_outcome_lock,query,4630,wbcic-21-S3-00030
WBCIC,4,21,2,withheld_until_outcome_lock,query,4631,wbcic-21-S3-00031
WBCIC,4,21,2,withheld_until_outcome_lock,query,4632,wbcic-21-S3-00032
WBCIC,4,21,2,withheld_until_outcome_lock,query,4633,wbcic-21-S3-00033
WBCIC,4,21,2,withheld_until_outcome_lock,query,4634,wbcic-21-S3-00034
WBCIC,4,21,2,withheld_until_outcome_lock,query,4635,wbcic-21-S3-00035
WBCIC,4,21,2,withheld_until_outcome_lock,query,4636,wbcic-21-S3-00036
WBCIC,4,21,2,withheld_until_outcome_lock,query,4637,wbcic-21-S3-00037
WBCIC,4,21,2,withheld_until_outcome_lock,query,4638,wbcic-21-S3-00038
WBCIC,4,21,2,withheld_until_outcome_lock,query,4639,wbcic-21-S3-00039
WBCIC,4,21,2,withheld_until_outcome_lock,query,4640,wbcic-21-S3-00040
WBCIC,4,21,2,withheld_until_outcome_lock,query,4641,wbcic-21-S3-00041
WBCIC,4,21,2,withheld_until_outcome_lock,query,4642,wbcic-21-S3-00042
WBCIC,4,21,2,withheld_until_outcome_lock,query,4643,wbcic-21-S3-00043
WBCIC,4,21,2,withheld_until_outcome_lock,query,4644,wbcic-21-S3-00044
WBCIC,4,21,2,withheld_until_outcome_lock,query,4645,wbcic-21-S3-00045
WBCIC,4,21,2,withheld_until_outcome_lock,query,4646,wbcic-21-S3-00046
WBCIC,4,21,2,withheld_until_outcome_lock,query,4647,wbcic-21-S3-00047
WBCIC,4,21,2,withheld_until_outcome_lock,query,4648,wbcic-21-S3-00048
WBCIC,4,21,2,withheld_until_outcome_lock,query,4649,wbcic-21-S3-00049
WBCIC,4,21,2,withheld_until_outcome_lock,query,4650,wbcic-21-S3-00050
WBCIC,4,21,2,withheld_until_outcome_lock,query,4651,wbcic-21-S3-00051
WBCIC,4,21,2,withheld_until_outcome_lock,query,4652,wbcic-21-S3-00052
WBCIC,4,21,2,withheld_until_outcome_lock,query,4653,wbcic-21-S3-00053
WBCIC,4,21,2,withheld_until_outcome_lock,query,4654,wbcic-21-S3-00054
WBCIC,4,21,2,withheld_until_outcome_lock,query,4655,wbcic-21-S3-00055
WBCIC,4,21,2,withheld_until_outcome_lock,query,4656,wbcic-21-S3-00056
WBCIC,4,21,2,withheld_until_outcome_lock,query,4657,wbcic-21-S3-00057
WBCIC,4,21,2,withheld_until_outcome_lock,query,4658,wbcic-21-S3-00058
WBCIC,4,21,2,withheld_until_outcome_lock,query,4659,wbcic-21-S3-00059
WBCIC,4,21,2,withheld_until_outcome_lock,query,4660,wbcic-21-S3-00060
WBCIC,4,21,2,withheld_until_outcome_lock,query,4661,wbcic-21-S3-00061
WBCIC,4,21,2,withheld_until_outcome_lock,query,4662,wbcic-21-S3-00062
WBCIC,4,21,2,withheld_until_outcome_lock,query,4663,wbcic-21-S3-00063
WBCIC,4,21,2,withheld_until_outcome_lock,query,4664,wbcic-21-S3-00064
WBCIC,4,21,2,withheld_until_outcome_lock,query,4665,wbcic-21-S3-00065
WBCIC,4,21,2,withheld_until_outcome_lock,query,4666,wbcic-21-S3-00066
WBCIC,4,21,2,withheld_until_outcome_lock,query,4667,wbcic-21-S3-00067
WBCIC,4,21,2,withheld_until_outcome_lock,query,4668,wbcic-21-S3-00068
WBCIC,4,21,2,withheld_until_outcome_lock,query,4669,wbcic-21-S3-00069
WBCIC,4,21,2,withheld_until_outcome_lock,query,4670,wbcic-21-S3-00070
WBCIC,4,21,2,withheld_until_outcome_lock,query,4671,wbcic-21-S3-00071
WBCIC,4,21,2,withheld_until_outcome_lock,query,4672,wbcic-21-S3-00072
WBCIC,4,21,2,withheld_until_outcome_lock,query,4673,wbcic-21-S3-00073
WBCIC,4,21,2,withheld_until_outcome_lock,query,4674,wbcic-21-S3-00074
WBCIC,4,21,2,withheld_until_outcome_lock,query,4675,wbcic-21-S3-00075
WBCIC,4,21,2,withheld_until_outcome_lock,query,4676,wbcic-21-S3-00076
WBCIC,4,21,2,withheld_until_outcome_lock,query,4677,wbcic-21-S3-00077
WBCIC,4,21,2,withheld_until_outcome_lock,query,4678,wbcic-21-S3-00078
WBCIC,4,21,2,withheld_until_outcome_lock,query,4679,wbcic-21-S3-00079
WBCIC,4,21,2,withheld_until_outcome_lock,query,4680,wbcic-21-S3-00080
WBCIC,4,21,2,withheld_until_outcome_lock,query,4681,wbcic-21-S3-00081
WBCIC,4,21,2,withheld_until_outcome_lock,query,4682,wbcic-21-S3-00082
WBCIC,4,21,2,withheld_until_outcome_lock,query,4683,wbcic-21-S3-00083
WBCIC,4,21,2,withheld_until_outcome_lock,query,4684,wbcic-21-S3-00084
WBCIC,4,21,2,withheld_until_outcome_lock,query,4685,wbcic-21-S3-00085
WBCIC,4,21,2,withheld_until_outcome_lock,query,4686,wbcic-21-S3-00086
WBCIC,4,21,2,withheld_until_outcome_lock,query,4687,wbcic-21-S3-00087
WBCIC,4,21,2,withheld_until_outcome_lock,query,4688,wbcic-21-S3-00088
WBCIC,4,21,2,withheld_until_outcome_lock,query,4689,wbcic-21-S3-00089
WBCIC,4,21,2,withheld_until_outcome_lock,query,4690,wbcic-21-S3-00090
WBCIC,4,21,2,withheld_until_outcome_lock,query,4691,wbcic-21-S3-00091
WBCIC,4,21,2,withheld_until_outcome_lock,query,4692,wbcic-21-S3-00092
WBCIC,4,21,2,withheld_until_outcome_lock,query,4693,wbcic-21-S3-00093
WBCIC,4,21,2,withheld_until_outcome_lock,query,4694,wbcic-21-S3-00094
WBCIC,4,21,2,withheld_until_outcome_lock,query,4695,wbcic-21-S3-00095
WBCIC,4,21,2,withheld_until_outcome_lock,query,4696,wbcic-21-S3-00096
WBCIC,4,21,2,withheld_until_outcome_lock,query,4697,wbcic-21-S3-00097
WBCIC,4,21,2,withheld_until_outcome_lock,query,4698,wbcic-21-S3-00098
WBCIC,4,21,2,withheld_until_outcome_lock,query,4699,wbcic-21-S3-00099
WBCIC,4,21,2,withheld_until_outcome_lock,query,4700,wbcic-21-S3-00100
WBCIC,4,21,2,withheld_until_outcome_lock,query,4701,wbcic-21-S3-00101
WBCIC,4,21,2,withheld_until_outcome_lock,query,4702,wbcic-21-S3-00102
WBCIC,4,21,2,withheld_until_outcome_lock,query,4703,wbcic-21-S3-00103
WBCIC,4,21,2,withheld_until_outcome_lock,query,4704,wbcic-21-S3-00104
WBCIC,4,21,2,withheld_until_outcome_lock,query,4705,wbcic-21-S3-00105
WBCIC,4,21,2,withheld_until_outcome_lock,query,4706,wbcic-21-S3-00106
WBCIC,4,21,2,withheld_until_outcome_lock,query,4707,wbcic-21-S3-00107
WBCIC,4,21,2,withheld_until_outcome_lock,query,4708,wbcic-21-S3-00108
WBCIC,4,21,2,withheld_until_outcome_lock,query,4709,wbcic-21-S3-00109
WBCIC,4,21,2,withheld_until_outcome_lock,query,4710,wbcic-21-S3-00110
WBCIC,4,21,2,withheld_until_outcome_lock,query,4711,wbcic-21-S3-00111
WBCIC,4,21,2,withheld_until_outcome_lock,query,4712,wbcic-21-S3-00112
WBCIC,4,21,2,withheld_until_outcome_lock,query,4713,wbcic-21-S3-00113
WBCIC,4,21,2,withheld_until_outcome_lock,query,4714,wbcic-21-S3-00114
WBCIC,4,21,2,withheld_until_outcome_lock,query,4715,wbcic-21-S3-00115
WBCIC,4,21,2,withheld_until_outcome_lock,query,4716,wbcic-21-S3-00116
WBCIC,4,21,2,withheld_until_outcome_lock,query,4717,wbcic-21-S3-00117
WBCIC,4,21,2,withheld_until_outcome_lock,query,4718,wbcic-21-S3-00118
WBCIC,4,21,2,withheld_until_outcome_lock,query,4719,wbcic-21-S3-00119
WBCIC,4,21,2,withheld_until_outcome_lock,query,4720,wbcic-21-S3-00120
WBCIC,4,21,2,withheld_until_outcome_lock,query,4721,wbcic-21-S3-00121
WBCIC,4,21,2,withheld_until_outcome_lock,query,4722,wbcic-21-S3-00122
WBCIC,4,21,2,withheld_until_outcome_lock,query,4723,wbcic-21-S3-00123
WBCIC,4,21,2,withheld_until_outcome_lock,query,4724,wbcic-21-S3-00124
WBCIC,4,21,2,withheld_until_outcome_lock,query,4725,wbcic-21-S3-00125
WBCIC,4,21,2,withheld_until_outcome_lock,query,4726,wbcic-21-S3-00126
WBCIC,4,21,2,withheld_until_outcome_lock,query,4727,wbcic-21-S3-00127
WBCIC,4,21,2,withheld_until_outcome_lock,query,4728,wbcic-21-S3-00128
WBCIC,4,21,2,withheld_until_outcome_lock,query,4729,wbcic-21-S3-00129
WBCIC,4,21,2,withheld_until_outcome_lock,query,4730,wbcic-21-S3-00130
WBCIC,4,21,2,withheld_until_outcome_lock,query,4731,wbcic-21-S3-00131
WBCIC,4,21,2,withheld_until_outcome_lock,query,4732,wbcic-21-S3-00132
WBCIC,4,21,2,withheld_until_outcome_lock,query,4733,wbcic-21-S3-00133
WBCIC,4,21,2,withheld_until_outcome_lock,query,4734,wbcic-21-S3-00134
WBCIC,4,21,2,withheld_until_outcome_lock,query,4735,wbcic-21-S3-00135
WBCIC,4,21,2,withheld_until_outcome_lock,query,4736,wbcic-21-S3-00136
WBCIC,4,21,2,withheld_until_outcome_lock,query,4737,wbcic-21-S3-00137
WBCIC,4,21,2,withheld_until_outcome_lock,query,4738,wbcic-21-S3-00138
WBCIC,4,21,2,withheld_until_outcome_lock,query,4739,wbcic-21-S3-00139
WBCIC,4,21,2,withheld_until_outcome_lock,query,4740,wbcic-21-S3-00140
WBCIC,4,21,2,withheld_until_outcome_lock,query,4741,wbcic-21-S3-00141
WBCIC,4,21,2,withheld_until_outcome_lock,query,4742,wbcic-21-S3-00142
WBCIC,4,21,2,withheld_until_outcome_lock,query,4743,wbcic-21-S3-00143
WBCIC,4,21,2,withheld_until_outcome_lock,query,4744,wbcic-21-S3-00144
WBCIC,4,21,2,withheld_until_outcome_lock,query,4745,wbcic-21-S3-00145
WBCIC,4,21,2,withheld_until_outcome_lock,query,4746,wbcic-21-S3-00146
WBCIC,4,21,2,withheld_until_outcome_lock,query,4747,wbcic-21-S3-00147
WBCIC,4,21,2,withheld_until_outcome_lock,query,4748,wbcic-21-S3-00148
WBCIC,4,21,2,withheld_until_outcome_lock,query,4749,wbcic-21-S3-00149
WBCIC,4,21,2,withheld_until_outcome_lock,query,4750,wbcic-21-S3-00150
WBCIC,4,21,2,withheld_until_outcome_lock,query,4751,wbcic-21-S3-00151
WBCIC,4,21,2,withheld_until_outcome_lock,query,4752,wbcic-21-S3-00152
WBCIC,4,21,2,withheld_until_outcome_lock,query,4753,wbcic-21-S3-00153
WBCIC,4,21,2,withheld_until_outcome_lock,query,4754,wbcic-21-S3-00154
WBCIC,4,21,2,withheld_until_outcome_lock,query,4755,wbcic-21-S3-00155
WBCIC,4,21,2,withheld_until_outcome_lock,query,4756,wbcic-21-S3-00156
WBCIC,4,21,2,withheld_until_outcome_lock,query,4757,wbcic-21-S3-00157
WBCIC,4,21,2,withheld_until_outcome_lock,query,4758,wbcic-21-S3-00158
WBCIC,4,21,2,withheld_until_outcome_lock,query,4759,wbcic-21-S3-00159
WBCIC,4,21,2,withheld_until_outcome_lock,query,4760,wbcic-21-S3-00160
WBCIC,4,21,2,withheld_until_outcome_lock,query,4761,wbcic-21-S3-00161
WBCIC,4,21,2,withheld_until_outcome_lock,query,4762,wbcic-21-S3-00162
WBCIC,4,21,2,withheld_until_outcome_lock,query,4763,wbcic-21-S3-00163
WBCIC,4,21,2,withheld_until_outcome_lock,query,4764,wbcic-21-S3-00164
WBCIC,4,21,2,withheld_until_outcome_lock,query,4765,wbcic-21-S3-00165
WBCIC,4,21,2,withheld_until_outcome_lock,query,4766,wbcic-21-S3-00166
WBCIC,4,21,2,withheld_until_outcome_lock,query,4767,wbcic-21-S3-00167
WBCIC,4,21,2,withheld_until_outcome_lock,query,4768,wbcic-21-S3-00168
WBCIC,4,21,2,withheld_until_outcome_lock,query,4769,wbcic-21-S3-00169
WBCIC,4,21,2,withheld_until_outcome_lock,query,4770,wbcic-21-S3-00170
WBCIC,4,21,2,withheld_until_outcome_lock,query,4771,wbcic-21-S3-00171
WBCIC,4,21,2,withheld_until_outcome_lock,query,4772,wbcic-21-S3-00172
WBCIC,4,21,2,withheld_until_outcome_lock,query,4773,wbcic-21-S3-00173
WBCIC,4,21,2,withheld_until_outcome_lock,query,4774,wbcic-21-S3-00174
WBCIC,4,21,2,withheld_until_outcome_lock,query,4775,wbcic-21-S3-00175
WBCIC,4,21,2,withheld_until_outcome_lock,query,4776,wbcic-21-S3-00176
WBCIC,4,21,2,withheld_until_outcome_lock,query,4777,wbcic-21-S3-00177
WBCIC,4,21,2,withheld_until_outcome_lock,query,4778,wbcic-21-S3-00178
WBCIC,4,21,2,withheld_until_outcome_lock,query,4779,wbcic-21-S3-00179
WBCIC,4,21,2,withheld_until_outcome_lock,query,4780,wbcic-21-S3-00180
WBCIC,4,21,2,withheld_until_outcome_lock,query,4781,wbcic-21-S3-00181
WBCIC,4,21,2,withheld_until_outcome_lock,query,4782,wbcic-21-S3-00182
WBCIC,4,21,2,withheld_until_outcome_lock,query,4783,wbcic-21-S3-00183
WBCIC,4,21,2,withheld_until_outcome_lock,query,4784,wbcic-21-S3-00184
WBCIC,4,21,2,withheld_until_outcome_lock,query,4785,wbcic-21-S3-00185
WBCIC,4,21,2,withheld_until_outcome_lock,query,4786,wbcic-21-S3-00186
WBCIC,4,21,2,withheld_until_outcome_lock,query,4787,wbcic-21-S3-00187
WBCIC,4,21,2,withheld_until_outcome_lock,query,4788,wbcic-21-S3-00188
WBCIC,4,21,2,withheld_until_outcome_lock,query,4789,wbcic-21-S3-00189
WBCIC,4,21,2,withheld_until_outcome_lock,query,4790,wbcic-21-S3-00190
WBCIC,4,21,2,withheld_until_outcome_lock,query,4791,wbcic-21-S3-00191
WBCIC,4,21,2,withheld_until_outcome_lock,query,4792,wbcic-21-S3-00192
WBCIC,4,21,2,withheld_until_outcome_lock,query,4793,wbcic-21-S3-00193
WBCIC,4,21,2,withheld_until_outcome_lock,query,4794,wbcic-21-S3-00194
WBCIC,4,21,2,withheld_until_outcome_lock,query,4795,wbcic-21-S3-00195
WBCIC,4,21,2,withheld_until_outcome_lock,query,4796,wbcic-21-S3-00196
WBCIC,4,21,2,withheld_until_outcome_lock,query,4797,wbcic-21-S3-00197
WBCIC,4,21,2,withheld_until_outcome_lock,query,4798,wbcic-21-S3-00198
WBCIC,4,21,2,withheld_until_outcome_lock,query,4799,wbcic-21-S3-00199
WBCIC,4,28,2,withheld_until_outcome_lock,query,8792,wbcic-28-S3-00000
WBCIC,4,28,2,withheld_until_outcome_lock,query,8793,wbcic-28-S3-00001
WBCIC,4,28,2,withheld_until_outcome_lock,query,8794,wbcic-28-S3-00002
WBCIC,4,28,2,withheld_until_outcome_lock,query,8795,wbcic-28-S3-00003
WBCIC,4,28,2,withheld_until_outcome_lock,query,8796,wbcic-28-S3-00004
WBCIC,4,28,2,withheld_until_outcome_lock,query,8797,wbcic-28-S3-00005
WBCIC,4,28,2,withheld_until_outcome_lock,query,8798,wbcic-28-S3-00006
WBCIC,4,28,2,withheld_until_outcome_lock,query,8799,wbcic-28-S3-00007
WBCIC,4,28,2,withheld_until_outcome_lock,query,8800,wbcic-28-S3-00008
WBCIC,4,28,2,withheld_until_outcome_lock,query,8801,wbcic-28-S3-00009
WBCIC,4,28,2,withheld_until_outcome_lock,query,8802,wbcic-28-S3-00010
WBCIC,4,28,2,withheld_until_outcome_lock,query,8803,wbcic-28-S3-00011
WBCIC,4,28,2,withheld_until_outcome_lock,query,8804,wbcic-28-S3-00012
WBCIC,4,28,2,withheld_until_outcome_lock,query,8805,wbcic-28-S3-00013
WBCIC,4,28,2,withheld_until_outcome_lock,query,8806,wbcic-28-S3-00014
WBCIC,4,28,2,withheld_until_outcome_lock,query,8807,wbcic-28-S3-00015
WBCIC,4,28,2,withheld_until_outcome_lock,query,8808,wbcic-28-S3-00016
WBCIC,4,28,2,withheld_until_outcome_lock,query,8809,wbcic-28-S3-00017
WBCIC,4,28,2,withheld_until_outcome_lock,query,8810,wbcic-28-S3-00018
WBCIC,4,28,2,withheld_until_outcome_lock,query,8811,wbcic-28-S3-00019
WBCIC,4,28,2,withheld_until_outcome_lock,query,8812,wbcic-28-S3-00020
WBCIC,4,28,2,withheld_until_outcome_lock,query,8813,wbcic-28-S3-00021
WBCIC,4,28,2,withheld_until_outcome_lock,query,8814,wbcic-28-S3-00022
WBCIC,4,28,2,withheld_until_outcome_lock,query,8815,wbcic-28-S3-00023
WBCIC,4,28,2,withheld_until_outcome_lock,query,8816,wbcic-28-S3-00024
WBCIC,4,28,2,withheld_until_outcome_lock,query,8817,wbcic-28-S3-00025
WBCIC,4,28,2,withheld_until_outcome_lock,query,8818,wbcic-28-S3-00026
WBCIC,4,28,2,withheld_until_outcome_lock,query,8819,wbcic-28-S3-00027
WBCIC,4,28,2,withheld_until_outcome_lock,query,8820,wbcic-28-S3-00028
WBCIC,4,28,2,withheld_until_outcome_lock,query,8821,wbcic-28-S3-00029
WBCIC,4,28,2,withheld_until_outcome_lock,query,8822,wbcic-28-S3-00030
WBCIC,4,28,2,withheld_until_outcome_lock,query,8823,wbcic-28-S3-00031
WBCIC,4,28,2,withheld_until_outcome_lock,query,8824,wbcic-28-S3-00032
WBCIC,4,28,2,withheld_until_outcome_lock,query,8825,wbcic-28-S3-00033
WBCIC,4,28,2,withheld_until_outcome_lock,query,8826,wbcic-28-S3-00034
WBCIC,4,28,2,withheld_until_outcome_lock,query,8827,wbcic-28-S3-00035
WBCIC,4,28,2,withheld_until_outcome_lock,query,8828,wbcic-28-S3-00036
WBCIC,4,28,2,withheld_until_outcome_lock,query,8829,wbcic-28-S3-00037
WBCIC,4,28,2,withheld_until_outcome_lock,query,8830,wbcic-28-S3-00038
WBCIC,4,28,2,withheld_until_outcome_lock,query,8831,wbcic-28-S3-00039
WBCIC,4,28,2,withheld_until_outcome_lock,query,8832,wbcic-28-S3-00040
WBCIC,4,28,2,withheld_until_outcome_lock,query,8833,wbcic-28-S3-00041
WBCIC,4,28,2,withheld_until_outcome_lock,query,8834,wbcic-28-S3-00042
WBCIC,4,28,2,withheld_until_outcome_lock,query,8835,wbcic-28-S3-00043
WBCIC,4,28,2,withheld_until_outcome_lock,query,8836,wbcic-28-S3-00044
WBCIC,4,28,2,withheld_until_outcome_lock,query,8837,wbcic-28-S3-00045
WBCIC,4,28,2,withheld_until_outcome_lock,query,8838,wbcic-28-S3-00046
WBCIC,4,28,2,withheld_until_outcome_lock,query,8839,wbcic-28-S3-00047
WBCIC,4,28,2,withheld_until_outcome_lock,query,8840,wbcic-28-S3-00048
WBCIC,4,28,2,withheld_until_outcome_lock,query,8841,wbcic-28-S3-00049
WBCIC,4,28,2,withheld_until_outcome_lock,query,8842,wbcic-28-S3-00050
WBCIC,4,28,2,withheld_until_outcome_lock,query,8843,wbcic-28-S3-00051
WBCIC,4,28,2,withheld_until_outcome_lock,query,8844,wbcic-28-S3-00052
WBCIC,4,28,2,withheld_until_outcome_lock,query,8845,wbcic-28-S3-00053
WBCIC,4,28,2,withheld_until_outcome_lock,query,8846,wbcic-28-S3-00054
WBCIC,4,28,2,withheld_until_outcome_lock,query,8847,wbcic-28-S3-00055
WBCIC,4,28,2,withheld_until_outcome_lock,query,8848,wbcic-28-S3-00056
WBCIC,4,28,2,withheld_until_outcome_lock,query,8849,wbcic-28-S3-00057
WBCIC,4,28,2,withheld_until_outcome_lock,query,8850,wbcic-28-S3-00058
WBCIC,4,28,2,withheld_until_outcome_lock,query,8851,wbcic-28-S3-00059
WBCIC,4,28,2,withheld_until_outcome_lock,query,8852,wbcic-28-S3-00060
WBCIC,4,28,2,withheld_until_outcome_lock,query,8853,wbcic-28-S3-00061
WBCIC,4,28,2,withheld_until_outcome_lock,query,8854,wbcic-28-S3-00062
WBCIC,4,28,2,withheld_until_outcome_lock,query,8855,wbcic-28-S3-00063
WBCIC,4,28,2,withheld_until_outcome_lock,query,8856,wbcic-28-S3-00064
WBCIC,4,28,2,withheld_until_outcome_lock,query,8857,wbcic-28-S3-00065
WBCIC,4,28,2,withheld_until_outcome_lock,query,8858,wbcic-28-S3-00066
WBCIC,4,28,2,withheld_until_outcome_lock,query,8859,wbcic-28-S3-00067
WBCIC,4,28,2,withheld_until_outcome_lock,query,8860,wbcic-28-S3-00068
WBCIC,4,28,2,withheld_until_outcome_lock,query,8861,wbcic-28-S3-00069
WBCIC,4,28,2,withheld_until_outcome_lock,query,8862,wbcic-28-S3-00070
WBCIC,4,28,2,withheld_until_outcome_lock,query,8863,wbcic-28-S3-00071
WBCIC,4,28,2,withheld_until_outcome_lock,query,8864,wbcic-28-S3-00072
WBCIC,4,28,2,withheld_until_outcome_lock,query,8865,wbcic-28-S3-00073
WBCIC,4,28,2,withheld_until_outcome_lock,query,8866,wbcic-28-S3-00074
WBCIC,4,28,2,withheld_until_outcome_lock,query,8867,wbcic-28-S3-00075
WBCIC,4,28,2,withheld_until_outcome_lock,query,8868,wbcic-28-S3-00076
WBCIC,4,28,2,withheld_until_outcome_lock,query,8869,wbcic-28-S3-00077
WBCIC,4,28,2,withheld_until_outcome_lock,query,8870,wbcic-28-S3-00078
WBCIC,4,28,2,withheld_until_outcome_lock,query,8871,wbcic-28-S3-00079
WBCIC,4,28,2,withheld_until_outcome_lock,query,8872,wbcic-28-S3-00080
WBCIC,4,28,2,withheld_until_outcome_lock,query,8873,wbcic-28-S3-00081
WBCIC,4,28,2,withheld_until_outcome_lock,query,8874,wbcic-28-S3-00082
WBCIC,4,28,2,withheld_until_outcome_lock,query,8875,wbcic-28-S3-00083
WBCIC,4,28,2,withheld_until_outcome_lock,query,8876,wbcic-28-S3-00084
WBCIC,4,28,2,withheld_until_outcome_lock,query,8877,wbcic-28-S3-00085
WBCIC,4,28,2,withheld_until_outcome_lock,query,8878,wbcic-28-S3-00086
WBCIC,4,28,2,withheld_until_outcome_lock,query,8879,wbcic-28-S3-00087
WBCIC,4,28,2,withheld_until_outcome_lock,query,8880,wbcic-28-S3-00088
WBCIC,4,28,2,withheld_until_outcome_lock,query,8881,wbcic-28-S3-00089
WBCIC,4,28,2,withheld_until_outcome_lock,query,8882,wbcic-28-S3-00090
WBCIC,4,28,2,withheld_until_outcome_lock,query,8883,wbcic-28-S3-00091
WBCIC,4,28,2,withheld_until_outcome_lock,query,8884,wbcic-28-S3-00092
WBCIC,4,28,2,withheld_until_outcome_lock,query,8885,wbcic-28-S3-00093
WBCIC,4,28,2,withheld_until_outcome_lock,query,8886,wbcic-28-S3-00094
WBCIC,4,28,2,withheld_until_outcome_lock,query,8887,wbcic-28-S3-00095
WBCIC,4,28,2,withheld_until_outcome_lock,query,8888,wbcic-28-S3-00096
WBCIC,4,28,2,withheld_until_outcome_lock,query,8889,wbcic-28-S3-00097
WBCIC,4,28,2,withheld_until_outcome_lock,query,8890,wbcic-28-S3-00098
WBCIC,4,28,2,withheld_until_outcome_lock,query,8891,wbcic-28-S3-00099
WBCIC,4,28,2,withheld_until_outcome_lock,query,8892,wbcic-28-S3-00100
WBCIC,4,28,2,withheld_until_outcome_lock,query,8893,wbcic-28-S3-00101
WBCIC,4,28,2,withheld_until_outcome_lock,query,8894,wbcic-28-S3-00102
WBCIC,4,28,2,withheld_until_outcome_lock,query,8895,wbcic-28-S3-00103
WBCIC,4,28,2,withheld_until_outcome_lock,query,8896,wbcic-28-S3-00104
WBCIC,4,28,2,withheld_until_outcome_lock,query,8897,wbcic-28-S3-00105
WBCIC,4,28,2,withheld_until_outcome_lock,query,8898,wbcic-28-S3-00106
WBCIC,4,28,2,withheld_until_outcome_lock,query,8899,wbcic-28-S3-00107
WBCIC,4,28,2,withheld_until_outcome_lock,query,8900,wbcic-28-S3-00108
WBCIC,4,28,2,withheld_until_outcome_lock,query,8901,wbcic-28-S3-00109
WBCIC,4,28,2,withheld_until_outcome_lock,query,8902,wbcic-28-S3-00110
WBCIC,4,28,2,withheld_until_outcome_lock,query,8903,wbcic-28-S3-00111
WBCIC,4,28,2,withheld_until_outcome_lock,query,8904,wbcic-28-S3-00112
WBCIC,4,28,2,withheld_until_outcome_lock,query,8905,wbcic-28-S3-00113
WBCIC,4,28,2,withheld_until_outcome_lock,query,8906,wbcic-28-S3-00114
WBCIC,4,28,2,withheld_until_outcome_lock,query,8907,wbcic-28-S3-00115
WBCIC,4,28,2,withheld_until_outcome_lock,query,8908,wbcic-28-S3-00116
WBCIC,4,28,2,withheld_until_outcome_lock,query,8909,wbcic-28-S3-00117
WBCIC,4,28,2,withheld_until_outcome_lock,query,8910,wbcic-28-S3-00118
WBCIC,4,28,2,withheld_until_outcome_lock,query,8911,wbcic-28-S3-00119
WBCIC,4,28,2,withheld_until_outcome_lock,query,8912,wbcic-28-S3-00120
WBCIC,4,28,2,withheld_until_outcome_lock,query,8913,wbcic-28-S3-00121
WBCIC,4,28,2,withheld_until_outcome_lock,query,8914,wbcic-28-S3-00122
WBCIC,4,28,2,withheld_until_outcome_lock,query,8915,wbcic-28-S3-00123
WBCIC,4,28,2,withheld_until_outcome_lock,query,8916,wbcic-28-S3-00124
WBCIC,4,28,2,withheld_until_outcome_lock,query,8917,wbcic-28-S3-00125
WBCIC,4,28,2,withheld_until_outcome_lock,query,8918,wbcic-28-S3-00126
WBCIC,4,28,2,withheld_until_outcome_lock,query,8919,wbcic-28-S3-00127
WBCIC,4,28,2,withheld_until_outcome_lock,query,8920,wbcic-28-S3-00128
WBCIC,4,28,2,withheld_until_outcome_lock,query,8921,wbcic-28-S3-00129
WBCIC,4,28,2,withheld_until_outcome_lock,query,8922,wbcic-28-S3-00130
WBCIC,4,28,2,withheld_until_outcome_lock,query,8923,wbcic-28-S3-00131
WBCIC,4,28,2,withheld_until_outcome_lock,query,8924,wbcic-28-S3-00132
WBCIC,4,28,2,withheld_until_outcome_lock,query,8925,wbcic-28-S3-00133
WBCIC,4,28,2,withheld_until_outcome_lock,query,8926,wbcic-28-S3-00134
WBCIC,4,28,2,withheld_until_outcome_lock,query,8927,wbcic-28-S3-00135
WBCIC,4,28,2,withheld_until_outcome_lock,query,8928,wbcic-28-S3-00136
WBCIC,4,28,2,withheld_until_outcome_lock,query,8929,wbcic-28-S3-00137
WBCIC,4,28,2,withheld_until_outcome_lock,query,8930,wbcic-28-S3-00138
WBCIC,4,28,2,withheld_until_outcome_lock,query,8931,wbcic-28-S3-00139
WBCIC,4,28,2,withheld_until_outcome_lock,query,8932,wbcic-28-S3-00140
WBCIC,4,28,2,withheld_until_outcome_lock,query,8933,wbcic-28-S3-00141
WBCIC,4,28,2,withheld_until_outcome_lock,query,8934,wbcic-28-S3-00142
WBCIC,4,28,2,withheld_until_outcome_lock,query,8935,wbcic-28-S3-00143
WBCIC,4,28,2,withheld_until_outcome_lock,query,8936,wbcic-28-S3-00144
WBCIC,4,28,2,withheld_until_outcome_lock,query,8937,wbcic-28-S3-00145
WBCIC,4,28,2,withheld_until_outcome_lock,query,8938,wbcic-28-S3-00146
WBCIC,4,28,2,withheld_until_outcome_lock,query,8939,wbcic-28-S3-00147
WBCIC,4,28,2,withheld_until_outcome_lock,query,8940,wbcic-28-S3-00148
WBCIC,4,28,2,withheld_until_outcome_lock,query,8941,wbcic-28-S3-00149
WBCIC,4,28,2,withheld_until_outcome_lock,query,8942,wbcic-28-S3-00150
WBCIC,4,28,2,withheld_until_outcome_lock,query,8943,wbcic-28-S3-00151
WBCIC,4,28,2,withheld_until_outcome_lock,query,8944,wbcic-28-S3-00152
WBCIC,4,28,2,withheld_until_outcome_lock,query,8945,wbcic-28-S3-00153
WBCIC,4,28,2,withheld_until_outcome_lock,query,8946,wbcic-28-S3-00154
WBCIC,4,28,2,withheld_until_outcome_lock,query,8947,wbcic-28-S3-00155
WBCIC,4,28,2,withheld_until_outcome_lock,query,8948,wbcic-28-S3-00156
WBCIC,4,28,2,withheld_until_outcome_lock,query,8949,wbcic-28-S3-00157
WBCIC,4,28,2,withheld_until_outcome_lock,query,8950,wbcic-28-S3-00158
WBCIC,4,28,2,withheld_until_outcome_lock,query,8951,wbcic-28-S3-00159
WBCIC,4,28,2,withheld_until_outcome_lock,query,8952,wbcic-28-S3-00160
WBCIC,4,28,2,withheld_until_outcome_lock,query,8953,wbcic-28-S3-00161
WBCIC,4,28,2,withheld_until_outcome_lock,query,8954,wbcic-28-S3-00162
WBCIC,4,28,2,withheld_until_outcome_lock,query,8955,wbcic-28-S3-00163
WBCIC,4,28,2,withheld_until_outcome_lock,query,8956,wbcic-28-S3-00164
WBCIC,4,28,2,withheld_until_outcome_lock,query,8957,wbcic-28-S3-00165
WBCIC,4,28,2,withheld_until_outcome_lock,query,8958,wbcic-28-S3-00166
WBCIC,4,28,2,withheld_until_outcome_lock,query,8959,wbcic-28-S3-00167
WBCIC,4,28,2,withheld_until_outcome_lock,query,8960,wbcic-28-S3-00168
WBCIC,4,28,2,withheld_until_outcome_lock,query,8961,wbcic-28-S3-00169
WBCIC,4,28,2,withheld_until_outcome_lock,query,8962,wbcic-28-S3-00170
WBCIC,4,28,2,withheld_until_outcome_lock,query,8963,wbcic-28-S3-00171
WBCIC,4,28,2,withheld_until_outcome_lock,query,8964,wbcic-28-S3-00172
WBCIC,4,28,2,withheld_until_outcome_lock,query,8965,wbcic-28-S3-00173
WBCIC,4,28,2,withheld_until_outcome_lock,query,8966,wbcic-28-S3-00174
WBCIC,4,28,2,withheld_until_outcome_lock,query,8967,wbcic-28-S3-00175
WBCIC,4,28,2,withheld_until_outcome_lock,query,8968,wbcic-28-S3-00176
WBCIC,4,28,2,withheld_until_outcome_lock,query,8969,wbcic-28-S3-00177
WBCIC,4,28,2,withheld_until_outcome_lock,query,8970,wbcic-28-S3-00178
WBCIC,4,28,2,withheld_until_outcome_lock,query,8971,wbcic-28-S3-00179
WBCIC,4,28,2,withheld_until_outcome_lock,query,8972,wbcic-28-S3-00180
WBCIC,4,28,2,withheld_until_outcome_lock,query,8973,wbcic-28-S3-00181
WBCIC,4,28,2,withheld_until_outcome_lock,query,8974,wbcic-28-S3-00182
WBCIC,4,28,2,withheld_until_outcome_lock,query,8975,wbcic-28-S3-00183
WBCIC,4,28,2,withheld_until_outcome_lock,query,8976,wbcic-28-S3-00184
WBCIC,4,28,2,withheld_until_outcome_lock,query,8977,wbcic-28-S3-00185
WBCIC,4,28,2,withheld_until_outcome_lock,query,8978,wbcic-28-S3-00186
WBCIC,4,28,2,withheld_until_outcome_lock,query,8979,wbcic-28-S3-00187
WBCIC,4,28,2,withheld_until_outcome_lock,query,8980,wbcic-28-S3-00188
WBCIC,4,28,2,withheld_until_outcome_lock,query,8981,wbcic-28-S3-00189
WBCIC,4,28,2,withheld_until_outcome_lock,query,8982,wbcic-28-S3-00190
WBCIC,4,28,2,withheld_until_outcome_lock,query,8983,wbcic-28-S3-00191
WBCIC,4,28,2,withheld_until_outcome_lock,query,8984,wbcic-28-S3-00192
WBCIC,4,28,2,withheld_until_outcome_lock,query,8985,wbcic-28-S3-00193
WBCIC,4,28,2,withheld_until_outcome_lock,query,8986,wbcic-28-S3-00194
WBCIC,4,28,2,withheld_until_outcome_lock,query,8987,wbcic-28-S3-00195
WBCIC,4,28,2,withheld_until_outcome_lock,query,8988,wbcic-28-S3-00196
WBCIC,4,28,2,withheld_until_outcome_lock,query,8989,wbcic-28-S3-00197
WBCIC,4,28,2,withheld_until_outcome_lock,query,8990,wbcic-28-S3-00198
WBCIC,4,28,2,withheld_until_outcome_lock,query,8991,wbcic-28-S3-00199
WBCIC,4,3,2,withheld_until_outcome_lock,query,9992,wbcic-3-S3-00000
WBCIC,4,3,2,withheld_until_outcome_lock,query,9993,wbcic-3-S3-00001
WBCIC,4,3,2,withheld_until_outcome_lock,query,9994,wbcic-3-S3-00002
WBCIC,4,3,2,withheld_until_outcome_lock,query,9995,wbcic-3-S3-00003
WBCIC,4,3,2,withheld_until_outcome_lock,query,9996,wbcic-3-S3-00004
WBCIC,4,3,2,withheld_until_outcome_lock,query,9997,wbcic-3-S3-00005
WBCIC,4,3,2,withheld_until_outcome_lock,query,9998,wbcic-3-S3-00006
WBCIC,4,3,2,withheld_until_outcome_lock,query,9999,wbcic-3-S3-00007
WBCIC,4,3,2,withheld_until_outcome_lock,query,10000,wbcic-3-S3-00008
WBCIC,4,3,2,withheld_until_outcome_lock,query,10001,wbcic-3-S3-00009
WBCIC,4,3,2,withheld_until_outcome_lock,query,10002,wbcic-3-S3-00010
WBCIC,4,3,2,withheld_until_outcome_lock,query,10003,wbcic-3-S3-00011
WBCIC,4,3,2,withheld_until_outcome_lock,query,10004,wbcic-3-S3-00012
WBCIC,4,3,2,withheld_until_outcome_lock,query,10005,wbcic-3-S3-00013
WBCIC,4,3,2,withheld_until_outcome_lock,query,10006,wbcic-3-S3-00014
WBCIC,4,3,2,withheld_until_outcome_lock,query,10007,wbcic-3-S3-00015
WBCIC,4,3,2,withheld_until_outcome_lock,query,10008,wbcic-3-S3-00016
WBCIC,4,3,2,withheld_until_outcome_lock,query,10009,wbcic-3-S3-00017
WBCIC,4,3,2,withheld_until_outcome_lock,query,10010,wbcic-3-S3-00018
WBCIC,4,3,2,withheld_until_outcome_lock,query,10011,wbcic-3-S3-00019
WBCIC,4,3,2,withheld_until_outcome_lock,query,10012,wbcic-3-S3-00020
WBCIC,4,3,2,withheld_until_outcome_lock,query,10013,wbcic-3-S3-00021
WBCIC,4,3,2,withheld_until_outcome_lock,query,10014,wbcic-3-S3-00022
WBCIC,4,3,2,withheld_until_outcome_lock,query,10015,wbcic-3-S3-00023
WBCIC,4,3,2,withheld_until_outcome_lock,query,10016,wbcic-3-S3-00024
WBCIC,4,3,2,withheld_until_outcome_lock,query,10017,wbcic-3-S3-00025
WBCIC,4,3,2,withheld_until_outcome_lock,query,10018,wbcic-3-S3-00026
WBCIC,4,3,2,withheld_until_outcome_lock,query,10019,wbcic-3-S3-00027
WBCIC,4,3,2,withheld_until_outcome_lock,query,10020,wbcic-3-S3-00028
WBCIC,4,3,2,withheld_until_outcome_lock,query,10021,wbcic-3-S3-00029
WBCIC,4,3,2,withheld_until_outcome_lock,query,10022,wbcic-3-S3-00030
WBCIC,4,3,2,withheld_until_outcome_lock,query,10023,wbcic-3-S3-00031
WBCIC,4,3,2,withheld_until_outcome_lock,query,10024,wbcic-3-S3-00032
WBCIC,4,3,2,withheld_until_outcome_lock,query,10025,wbcic-3-S3-00033
WBCIC,4,3,2,withheld_until_outcome_lock,query,10026,wbcic-3-S3-00034
WBCIC,4,3,2,withheld_until_outcome_lock,query,10027,wbcic-3-S3-00035
WBCIC,4,3,2,withheld_until_outcome_lock,query,10028,wbcic-3-S3-00036
WBCIC,4,3,2,withheld_until_outcome_lock,query,10029,wbcic-3-S3-00037
WBCIC,4,3,2,withheld_until_outcome_lock,query,10030,wbcic-3-S3-00038
WBCIC,4,3,2,withheld_until_outcome_lock,query,10031,wbcic-3-S3-00039
WBCIC,4,3,2,withheld_until_outcome_lock,query,10032,wbcic-3-S3-00040
WBCIC,4,3,2,withheld_until_outcome_lock,query,10033,wbcic-3-S3-00041
WBCIC,4,3,2,withheld_until_outcome_lock,query,10034,wbcic-3-S3-00042
WBCIC,4,3,2,withheld_until_outcome_lock,query,10035,wbcic-3-S3-00043
WBCIC,4,3,2,withheld_until_outcome_lock,query,10036,wbcic-3-S3-00044
WBCIC,4,3,2,withheld_until_outcome_lock,query,10037,wbcic-3-S3-00045
WBCIC,4,3,2,withheld_until_outcome_lock,query,10038,wbcic-3-S3-00046
WBCIC,4,3,2,withheld_until_outcome_lock,query,10039,wbcic-3-S3-00047
WBCIC,4,3,2,withheld_until_outcome_lock,query,10040,wbcic-3-S3-00048
WBCIC,4,3,2,withheld_until_outcome_lock,query,10041,wbcic-3-S3-00049
WBCIC,4,3,2,withheld_until_outcome_lock,query,10042,wbcic-3-S3-00050
WBCIC,4,3,2,withheld_until_outcome_lock,query,10043,wbcic-3-S3-00051
WBCIC,4,3,2,withheld_until_outcome_lock,query,10044,wbcic-3-S3-00052
WBCIC,4,3,2,withheld_until_outcome_lock,query,10045,wbcic-3-S3-00053
WBCIC,4,3,2,withheld_until_outcome_lock,query,10046,wbcic-3-S3-00054
WBCIC,4,3,2,withheld_until_outcome_lock,query,10047,wbcic-3-S3-00055
WBCIC,4,3,2,withheld_until_outcome_lock,query,10048,wbcic-3-S3-00056
WBCIC,4,3,2,withheld_until_outcome_lock,query,10049,wbcic-3-S3-00057
WBCIC,4,3,2,withheld_until_outcome_lock,query,10050,wbcic-3-S3-00058
WBCIC,4,3,2,withheld_until_outcome_lock,query,10051,wbcic-3-S3-00059
WBCIC,4,3,2,withheld_until_outcome_lock,query,10052,wbcic-3-S3-00060
WBCIC,4,3,2,withheld_until_outcome_lock,query,10053,wbcic-3-S3-00061
WBCIC,4,3,2,withheld_until_outcome_lock,query,10054,wbcic-3-S3-00062
WBCIC,4,3,2,withheld_until_outcome_lock,query,10055,wbcic-3-S3-00063
WBCIC,4,3,2,withheld_until_outcome_lock,query,10056,wbcic-3-S3-00064
WBCIC,4,3,2,withheld_until_outcome_lock,query,10057,wbcic-3-S3-00065
WBCIC,4,3,2,withheld_until_outcome_lock,query,10058,wbcic-3-S3-00066
WBCIC,4,3,2,withheld_until_outcome_lock,query,10059,wbcic-3-S3-00067
WBCIC,4,3,2,withheld_until_outcome_lock,query,10060,wbcic-3-S3-00068
WBCIC,4,3,2,withheld_until_outcome_lock,query,10061,wbcic-3-S3-00069
WBCIC,4,3,2,withheld_until_outcome_lock,query,10062,wbcic-3-S3-00070
WBCIC,4,3,2,withheld_until_outcome_lock,query,10063,wbcic-3-S3-00071
WBCIC,4,3,2,withheld_until_outcome_lock,query,10064,wbcic-3-S3-00072
WBCIC,4,3,2,withheld_until_outcome_lock,query,10065,wbcic-3-S3-00073
WBCIC,4,3,2,withheld_until_outcome_lock,query,10066,wbcic-3-S3-00074
WBCIC,4,3,2,withheld_until_outcome_lock,query,10067,wbcic-3-S3-00075
WBCIC,4,3,2,withheld_until_outcome_lock,query,10068,wbcic-3-S3-00076
WBCIC,4,3,2,withheld_until_outcome_lock,query,10069,wbcic-3-S3-00077
WBCIC,4,3,2,withheld_until_outcome_lock,query,10070,wbcic-3-S3-00078
WBCIC,4,3,2,withheld_until_outcome_lock,query,10071,wbcic-3-S3-00079
WBCIC,4,3,2,withheld_until_outcome_lock,query,10072,wbcic-3-S3-00080
WBCIC,4,3,2,withheld_until_outcome_lock,query,10073,wbcic-3-S3-00081
WBCIC,4,3,2,withheld_until_outcome_lock,query,10074,wbcic-3-S3-00082
WBCIC,4,3,2,withheld_until_outcome_lock,query,10075,wbcic-3-S3-00083
WBCIC,4,3,2,withheld_until_outcome_lock,query,10076,wbcic-3-S3-00084
WBCIC,4,3,2,withheld_until_outcome_lock,query,10077,wbcic-3-S3-00085
WBCIC,4,3,2,withheld_until_outcome_lock,query,10078,wbcic-3-S3-00086
WBCIC,4,3,2,withheld_until_outcome_lock,query,10079,wbcic-3-S3-00087
WBCIC,4,3,2,withheld_until_outcome_lock,query,10080,wbcic-3-S3-00088
WBCIC,4,3,2,withheld_until_outcome_lock,query,10081,wbcic-3-S3-00089
WBCIC,4,3,2,withheld_until_outcome_lock,query,10082,wbcic-3-S3-00090
WBCIC,4,3,2,withheld_until_outcome_lock,query,10083,wbcic-3-S3-00091
WBCIC,4,3,2,withheld_until_outcome_lock,query,10084,wbcic-3-S3-00092
WBCIC,4,3,2,withheld_until_outcome_lock,query,10085,wbcic-3-S3-00093
WBCIC,4,3,2,withheld_until_outcome_lock,query,10086,wbcic-3-S3-00094
WBCIC,4,3,2,withheld_until_outcome_lock,query,10087,wbcic-3-S3-00095
WBCIC,4,3,2,withheld_until_outcome_lock,query,10088,wbcic-3-S3-00096
WBCIC,4,3,2,withheld_until_outcome_lock,query,10089,wbcic-3-S3-00097
WBCIC,4,3,2,withheld_until_outcome_lock,query,10090,wbcic-3-S3-00098
WBCIC,4,3,2,withheld_until_outcome_lock,query,10091,wbcic-3-S3-00099
WBCIC,4,3,2,withheld_until_outcome_lock,query,10092,wbcic-3-S3-00100
WBCIC,4,3,2,withheld_until_outcome_lock,query,10093,wbcic-3-S3-00101
WBCIC,4,3,2,withheld_until_outcome_lock,query,10094,wbcic-3-S3-00102
WBCIC,4,3,2,withheld_until_outcome_lock,query,10095,wbcic-3-S3-00103
WBCIC,4,3,2,withheld_until_outcome_lock,query,10096,wbcic-3-S3-00104
WBCIC,4,3,2,withheld_until_outcome_lock,query,10097,wbcic-3-S3-00105
WBCIC,4,3,2,withheld_until_outcome_lock,query,10098,wbcic-3-S3-00106
WBCIC,4,3,2,withheld_until_outcome_lock,query,10099,wbcic-3-S3-00107
WBCIC,4,3,2,withheld_until_outcome_lock,query,10100,wbcic-3-S3-00108
WBCIC,4,3,2,withheld_until_outcome_lock,query,10101,wbcic-3-S3-00109
WBCIC,4,3,2,withheld_until_outcome_lock,query,10102,wbcic-3-S3-00110
WBCIC,4,3,2,withheld_until_outcome_lock,query,10103,wbcic-3-S3-00111
WBCIC,4,3,2,withheld_until_outcome_lock,query,10104,wbcic-3-S3-00112
WBCIC,4,3,2,withheld_until_outcome_lock,query,10105,wbcic-3-S3-00113
WBCIC,4,3,2,withheld_until_outcome_lock,query,10106,wbcic-3-S3-00114
WBCIC,4,3,2,withheld_until_outcome_lock,query,10107,wbcic-3-S3-00115
WBCIC,4,3,2,withheld_until_outcome_lock,query,10108,wbcic-3-S3-00116
WBCIC,4,3,2,withheld_until_outcome_lock,query,10109,wbcic-3-S3-00117
WBCIC,4,3,2,withheld_until_outcome_lock,query,10110,wbcic-3-S3-00118
WBCIC,4,3,2,withheld_until_outcome_lock,query,10111,wbcic-3-S3-00119
WBCIC,4,3,2,withheld_until_outcome_lock,query,10112,wbcic-3-S3-00120
WBCIC,4,3,2,withheld_until_outcome_lock,query,10113,wbcic-3-S3-00121
WBCIC,4,3,2,withheld_until_outcome_lock,query,10114,wbcic-3-S3-00122
WBCIC,4,3,2,withheld_until_outcome_lock,query,10115,wbcic-3-S3-00123
WBCIC,4,3,2,withheld_until_outcome_lock,query,10116,wbcic-3-S3-00124
WBCIC,4,3,2,withheld_until_outcome_lock,query,10117,wbcic-3-S3-00125
WBCIC,4,3,2,withheld_until_outcome_lock,query,10118,wbcic-3-S3-00126
WBCIC,4,3,2,withheld_until_outcome_lock,query,10119,wbcic-3-S3-00127
WBCIC,4,3,2,withheld_until_outcome_lock,query,10120,wbcic-3-S3-00128
WBCIC,4,3,2,withheld_until_outcome_lock,query,10121,wbcic-3-S3-00129
WBCIC,4,3,2,withheld_until_outcome_lock,query,10122,wbcic-3-S3-00130
WBCIC,4,3,2,withheld_until_outcome_lock,query,10123,wbcic-3-S3-00131
WBCIC,4,3,2,withheld_until_outcome_lock,query,10124,wbcic-3-S3-00132
WBCIC,4,3,2,withheld_until_outcome_lock,query,10125,wbcic-3-S3-00133
WBCIC,4,3,2,withheld_until_outcome_lock,query,10126,wbcic-3-S3-00134
WBCIC,4,3,2,withheld_until_outcome_lock,query,10127,wbcic-3-S3-00135
WBCIC,4,3,2,withheld_until_outcome_lock,query,10128,wbcic-3-S3-00136
WBCIC,4,3,2,withheld_until_outcome_lock,query,10129,wbcic-3-S3-00137
WBCIC,4,3,2,withheld_until_outcome_lock,query,10130,wbcic-3-S3-00138
WBCIC,4,3,2,withheld_until_outcome_lock,query,10131,wbcic-3-S3-00139
WBCIC,4,3,2,withheld_until_outcome_lock,query,10132,wbcic-3-S3-00140
WBCIC,4,3,2,withheld_until_outcome_lock,query,10133,wbcic-3-S3-00141
WBCIC,4,3,2,withheld_until_outcome_lock,query,10134,wbcic-3-S3-00142
WBCIC,4,3,2,withheld_until_outcome_lock,query,10135,wbcic-3-S3-00143
WBCIC,4,3,2,withheld_until_outcome_lock,query,10136,wbcic-3-S3-00144
WBCIC,4,3,2,withheld_until_outcome_lock,query,10137,wbcic-3-S3-00145
WBCIC,4,3,2,withheld_until_outcome_lock,query,10138,wbcic-3-S3-00146
WBCIC,4,3,2,withheld_until_outcome_lock,query,10139,wbcic-3-S3-00147
WBCIC,4,3,2,withheld_until_outcome_lock,query,10140,wbcic-3-S3-00148
WBCIC,4,3,2,withheld_until_outcome_lock,query,10141,wbcic-3-S3-00149
WBCIC,4,3,2,withheld_until_outcome_lock,query,10142,wbcic-3-S3-00150
WBCIC,4,3,2,withheld_until_outcome_lock,query,10143,wbcic-3-S3-00151
WBCIC,4,3,2,withheld_until_outcome_lock,query,10144,wbcic-3-S3-00152
WBCIC,4,3,2,withheld_until_outcome_lock,query,10145,wbcic-3-S3-00153
WBCIC,4,3,2,withheld_until_outcome_lock,query,10146,wbcic-3-S3-00154
WBCIC,4,3,2,withheld_until_outcome_lock,query,10147,wbcic-3-S3-00155
WBCIC,4,3,2,withheld_until_outcome_lock,query,10148,wbcic-3-S3-00156
WBCIC,4,3,2,withheld_until_outcome_lock,query,10149,wbcic-3-S3-00157
WBCIC,4,3,2,withheld_until_outcome_lock,query,10150,wbcic-3-S3-00158
WBCIC,4,3,2,withheld_until_outcome_lock,query,10151,wbcic-3-S3-00159
WBCIC,4,3,2,withheld_until_outcome_lock,query,10152,wbcic-3-S3-00160
WBCIC,4,3,2,withheld_until_outcome_lock,query,10153,wbcic-3-S3-00161
WBCIC,4,3,2,withheld_until_outcome_lock,query,10154,wbcic-3-S3-00162
WBCIC,4,3,2,withheld_until_outcome_lock,query,10155,wbcic-3-S3-00163
WBCIC,4,3,2,withheld_until_outcome_lock,query,10156,wbcic-3-S3-00164
WBCIC,4,3,2,withheld_until_outcome_lock,query,10157,wbcic-3-S3-00165
WBCIC,4,3,2,withheld_until_outcome_lock,query,10158,wbcic-3-S3-00166
WBCIC,4,3,2,withheld_until_outcome_lock,query,10159,wbcic-3-S3-00167
WBCIC,4,3,2,withheld_until_outcome_lock,query,10160,wbcic-3-S3-00168
WBCIC,4,3,2,withheld_until_outcome_lock,query,10161,wbcic-3-S3-00169
WBCIC,4,3,2,withheld_until_outcome_lock,query,10162,wbcic-3-S3-00170
WBCIC,4,3,2,withheld_until_outcome_lock,query,10163,wbcic-3-S3-00171
WBCIC,4,3,2,withheld_until_outcome_lock,query,10164,wbcic-3-S3-00172
WBCIC,4,3,2,withheld_until_outcome_lock,query,10165,wbcic-3-S3-00173
WBCIC,4,3,2,withheld_until_outcome_lock,query,10166,wbcic-3-S3-00174
WBCIC,4,3,2,withheld_until_outcome_lock,query,10167,wbcic-3-S3-00175
WBCIC,4,3,2,withheld_until_outcome_lock,query,10168,wbcic-3-S3-00176
WBCIC,4,3,2,withheld_until_outcome_lock,query,10169,wbcic-3-S3-00177
WBCIC,4,3,2,withheld_until_outcome_lock,query,10170,wbcic-3-S3-00178
WBCIC,4,3,2,withheld_until_outcome_lock,query,10171,wbcic-3-S3-00179
WBCIC,4,3,2,withheld_until_outcome_lock,query,10172,wbcic-3-S3-00180
WBCIC,4,3,2,withheld_until_outcome_lock,query,10173,wbcic-3-S3-00181
WBCIC,4,3,2,withheld_until_outcome_lock,query,10174,wbcic-3-S3-00182
WBCIC,4,3,2,withheld_until_outcome_lock,query,10175,wbcic-3-S3-00183
WBCIC,4,3,2,withheld_until_outcome_lock,query,10176,wbcic-3-S3-00184
WBCIC,4,3,2,withheld_until_outcome_lock,query,10177,wbcic-3-S3-00185
WBCIC,4,3,2,withheld_until_outcome_lock,query,10178,wbcic-3-S3-00186
WBCIC,4,3,2,withheld_until_outcome_lock,query,10179,wbcic-3-S3-00187
WBCIC,4,3,2,withheld_until_outcome_lock,query,10180,wbcic-3-S3-00188
WBCIC,4,3,2,withheld_until_outcome_lock,query,10181,wbcic-3-S3-00189
WBCIC,4,3,2,withheld_until_outcome_lock,query,10182,wbcic-3-S3-00190
WBCIC,4,3,2,withheld_until_outcome_lock,query,10183,wbcic-3-S3-00191
WBCIC,4,3,2,withheld_until_outcome_lock,query,10184,wbcic-3-S3-00192
WBCIC,4,3,2,withheld_until_outcome_lock,query,10185,wbcic-3-S3-00193
WBCIC,4,3,2,withheld_until_outcome_lock,query,10186,wbcic-3-S3-00194
WBCIC,4,3,2,withheld_until_outcome_lock,query,10187,wbcic-3-S3-00195
WBCIC,4,3,2,withheld_until_outcome_lock,query,10188,wbcic-3-S3-00196
WBCIC,4,3,2,withheld_until_outcome_lock,query,10189,wbcic-3-S3-00197
WBCIC,4,3,2,withheld_until_outcome_lock,query,10190,wbcic-3-S3-00198
WBCIC,4,3,2,withheld_until_outcome_lock,query,10191,wbcic-3-S3-00199
WBCIC,4,33,2,withheld_until_outcome_lock,query,11792,wbcic-33-S3-00000
WBCIC,4,33,2,withheld_until_outcome_lock,query,11793,wbcic-33-S3-00001
WBCIC,4,33,2,withheld_until_outcome_lock,query,11794,wbcic-33-S3-00002
WBCIC,4,33,2,withheld_until_outcome_lock,query,11795,wbcic-33-S3-00003
WBCIC,4,33,2,withheld_until_outcome_lock,query,11796,wbcic-33-S3-00004
WBCIC,4,33,2,withheld_until_outcome_lock,query,11797,wbcic-33-S3-00005
WBCIC,4,33,2,withheld_until_outcome_lock,query,11798,wbcic-33-S3-00006
WBCIC,4,33,2,withheld_until_outcome_lock,query,11799,wbcic-33-S3-00007
WBCIC,4,33,2,withheld_until_outcome_lock,query,11800,wbcic-33-S3-00008
WBCIC,4,33,2,withheld_until_outcome_lock,query,11801,wbcic-33-S3-00009
WBCIC,4,33,2,withheld_until_outcome_lock,query,11802,wbcic-33-S3-00010
WBCIC,4,33,2,withheld_until_outcome_lock,query,11803,wbcic-33-S3-00011
WBCIC,4,33,2,withheld_until_outcome_lock,query,11804,wbcic-33-S3-00012
WBCIC,4,33,2,withheld_until_outcome_lock,query,11805,wbcic-33-S3-00013
WBCIC,4,33,2,withheld_until_outcome_lock,query,11806,wbcic-33-S3-00014
WBCIC,4,33,2,withheld_until_outcome_lock,query,11807,wbcic-33-S3-00015
WBCIC,4,33,2,withheld_until_outcome_lock,query,11808,wbcic-33-S3-00016
WBCIC,4,33,2,withheld_until_outcome_lock,query,11809,wbcic-33-S3-00017
WBCIC,4,33,2,withheld_until_outcome_lock,query,11810,wbcic-33-S3-00018
WBCIC,4,33,2,withheld_until_outcome_lock,query,11811,wbcic-33-S3-00019
WBCIC,4,33,2,withheld_until_outcome_lock,query,11812,wbcic-33-S3-00020
WBCIC,4,33,2,withheld_until_outcome_lock,query,11813,wbcic-33-S3-00021
WBCIC,4,33,2,withheld_until_outcome_lock,query,11814,wbcic-33-S3-00022
WBCIC,4,33,2,withheld_until_outcome_lock,query,11815,wbcic-33-S3-00023
WBCIC,4,33,2,withheld_until_outcome_lock,query,11816,wbcic-33-S3-00024
WBCIC,4,33,2,withheld_until_outcome_lock,query,11817,wbcic-33-S3-00025
WBCIC,4,33,2,withheld_until_outcome_lock,query,11818,wbcic-33-S3-00026
WBCIC,4,33,2,withheld_until_outcome_lock,query,11819,wbcic-33-S3-00027
WBCIC,4,33,2,withheld_until_outcome_lock,query,11820,wbcic-33-S3-00028
WBCIC,4,33,2,withheld_until_outcome_lock,query,11821,wbcic-33-S3-00029
WBCIC,4,33,2,withheld_until_outcome_lock,query,11822,wbcic-33-S3-00030
WBCIC,4,33,2,withheld_until_outcome_lock,query,11823,wbcic-33-S3-00031
WBCIC,4,33,2,withheld_until_outcome_lock,query,11824,wbcic-33-S3-00032
WBCIC,4,33,2,withheld_until_outcome_lock,query,11825,wbcic-33-S3-00033
WBCIC,4,33,2,withheld_until_outcome_lock,query,11826,wbcic-33-S3-00034
WBCIC,4,33,2,withheld_until_outcome_lock,query,11827,wbcic-33-S3-00035
WBCIC,4,33,2,withheld_until_outcome_lock,query,11828,wbcic-33-S3-00036
WBCIC,4,33,2,withheld_until_outcome_lock,query,11829,wbcic-33-S3-00037
WBCIC,4,33,2,withheld_until_outcome_lock,query,11830,wbcic-33-S3-00038
WBCIC,4,33,2,withheld_until_outcome_lock,query,11831,wbcic-33-S3-00039
WBCIC,4,33,2,withheld_until_outcome_lock,query,11832,wbcic-33-S3-00040
WBCIC,4,33,2,withheld_until_outcome_lock,query,11833,wbcic-33-S3-00041
WBCIC,4,33,2,withheld_until_outcome_lock,query,11834,wbcic-33-S3-00042
WBCIC,4,33,2,withheld_until_outcome_lock,query,11835,wbcic-33-S3-00043
WBCIC,4,33,2,withheld_until_outcome_lock,query,11836,wbcic-33-S3-00044
WBCIC,4,33,2,withheld_until_outcome_lock,query,11837,wbcic-33-S3-00045
WBCIC,4,33,2,withheld_until_outcome_lock,query,11838,wbcic-33-S3-00046
WBCIC,4,33,2,withheld_until_outcome_lock,query,11839,wbcic-33-S3-00047
WBCIC,4,33,2,withheld_until_outcome_lock,query,11840,wbcic-33-S3-00048
WBCIC,4,33,2,withheld_until_outcome_lock,query,11841,wbcic-33-S3-00049
WBCIC,4,33,2,withheld_until_outcome_lock,query,11842,wbcic-33-S3-00050
WBCIC,4,33,2,withheld_until_outcome_lock,query,11843,wbcic-33-S3-00051
WBCIC,4,33,2,withheld_until_outcome_lock,query,11844,wbcic-33-S3-00052
WBCIC,4,33,2,withheld_until_outcome_lock,query,11845,wbcic-33-S3-00053
WBCIC,4,33,2,withheld_until_outcome_lock,query,11846,wbcic-33-S3-00054
WBCIC,4,33,2,withheld_until_outcome_lock,query,11847,wbcic-33-S3-00055
WBCIC,4,33,2,withheld_until_outcome_lock,query,11848,wbcic-33-S3-00056
WBCIC,4,33,2,withheld_until_outcome_lock,query,11849,wbcic-33-S3-00057
WBCIC,4,33,2,withheld_until_outcome_lock,query,11850,wbcic-33-S3-00058
WBCIC,4,33,2,withheld_until_outcome_lock,query,11851,wbcic-33-S3-00059
WBCIC,4,33,2,withheld_until_outcome_lock,query,11852,wbcic-33-S3-00060
WBCIC,4,33,2,withheld_until_outcome_lock,query,11853,wbcic-33-S3-00061
WBCIC,4,33,2,withheld_until_outcome_lock,query,11854,wbcic-33-S3-00062
WBCIC,4,33,2,withheld_until_outcome_lock,query,11855,wbcic-33-S3-00063
WBCIC,4,33,2,withheld_until_outcome_lock,query,11856,wbcic-33-S3-00064
WBCIC,4,33,2,withheld_until_outcome_lock,query,11857,wbcic-33-S3-00065
WBCIC,4,33,2,withheld_until_outcome_lock,query,11858,wbcic-33-S3-00066
WBCIC,4,33,2,withheld_until_outcome_lock,query,11859,wbcic-33-S3-00067
WBCIC,4,33,2,withheld_until_outcome_lock,query,11860,wbcic-33-S3-00068
WBCIC,4,33,2,withheld_until_outcome_lock,query,11861,wbcic-33-S3-00069
WBCIC,4,33,2,withheld_until_outcome_lock,query,11862,wbcic-33-S3-00070
WBCIC,4,33,2,withheld_until_outcome_lock,query,11863,wbcic-33-S3-00071
WBCIC,4,33,2,withheld_until_outcome_lock,query,11864,wbcic-33-S3-00072
WBCIC,4,33,2,withheld_until_outcome_lock,query,11865,wbcic-33-S3-00073
WBCIC,4,33,2,withheld_until_outcome_lock,query,11866,wbcic-33-S3-00074
WBCIC,4,33,2,withheld_until_outcome_lock,query,11867,wbcic-33-S3-00075
WBCIC,4,33,2,withheld_until_outcome_lock,query,11868,wbcic-33-S3-00076
WBCIC,4,33,2,withheld_until_outcome_lock,query,11869,wbcic-33-S3-00077
WBCIC,4,33,2,withheld_until_outcome_lock,query,11870,wbcic-33-S3-00078
WBCIC,4,33,2,withheld_until_outcome_lock,query,11871,wbcic-33-S3-00079
WBCIC,4,33,2,withheld_until_outcome_lock,query,11872,wbcic-33-S3-00080
WBCIC,4,33,2,withheld_until_outcome_lock,query,11873,wbcic-33-S3-00081
WBCIC,4,33,2,withheld_until_outcome_lock,query,11874,wbcic-33-S3-00082
WBCIC,4,33,2,withheld_until_outcome_lock,query,11875,wbcic-33-S3-00083
WBCIC,4,33,2,withheld_until_outcome_lock,query,11876,wbcic-33-S3-00084
WBCIC,4,33,2,withheld_until_outcome_lock,query,11877,wbcic-33-S3-00085
WBCIC,4,33,2,withheld_until_outcome_lock,query,11878,wbcic-33-S3-00086
WBCIC,4,33,2,withheld_until_outcome_lock,query,11879,wbcic-33-S3-00087
WBCIC,4,33,2,withheld_until_outcome_lock,query,11880,wbcic-33-S3-00088
WBCIC,4,33,2,withheld_until_outcome_lock,query,11881,wbcic-33-S3-00089
WBCIC,4,33,2,withheld_until_outcome_lock,query,11882,wbcic-33-S3-00090
WBCIC,4,33,2,withheld_until_outcome_lock,query,11883,wbcic-33-S3-00091
WBCIC,4,33,2,withheld_until_outcome_lock,query,11884,wbcic-33-S3-00092
WBCIC,4,33,2,withheld_until_outcome_lock,query,11885,wbcic-33-S3-00093
WBCIC,4,33,2,withheld_until_outcome_lock,query,11886,wbcic-33-S3-00094
WBCIC,4,33,2,withheld_until_outcome_lock,query,11887,wbcic-33-S3-00095
WBCIC,4,33,2,withheld_until_outcome_lock,query,11888,wbcic-33-S3-00096
WBCIC,4,33,2,withheld_until_outcome_lock,query,11889,wbcic-33-S3-00097
WBCIC,4,33,2,withheld_until_outcome_lock,query,11890,wbcic-33-S3-00098
WBCIC,4,33,2,withheld_until_outcome_lock,query,11891,wbcic-33-S3-00099
WBCIC,4,33,2,withheld_until_outcome_lock,query,11892,wbcic-33-S3-00100
WBCIC,4,33,2,withheld_until_outcome_lock,query,11893,wbcic-33-S3-00101
WBCIC,4,33,2,withheld_until_outcome_lock,query,11894,wbcic-33-S3-00102
WBCIC,4,33,2,withheld_until_outcome_lock,query,11895,wbcic-33-S3-00103
WBCIC,4,33,2,withheld_until_outcome_lock,query,11896,wbcic-33-S3-00104
WBCIC,4,33,2,withheld_until_outcome_lock,query,11897,wbcic-33-S3-00105
WBCIC,4,33,2,withheld_until_outcome_lock,query,11898,wbcic-33-S3-00106
WBCIC,4,33,2,withheld_until_outcome_lock,query,11899,wbcic-33-S3-00107
WBCIC,4,33,2,withheld_until_outcome_lock,query,11900,wbcic-33-S3-00108
WBCIC,4,33,2,withheld_until_outcome_lock,query,11901,wbcic-33-S3-00109
WBCIC,4,33,2,withheld_until_outcome_lock,query,11902,wbcic-33-S3-00110
WBCIC,4,33,2,withheld_until_outcome_lock,query,11903,wbcic-33-S3-00111
WBCIC,4,33,2,withheld_until_outcome_lock,query,11904,wbcic-33-S3-00112
WBCIC,4,33,2,withheld_until_outcome_lock,query,11905,wbcic-33-S3-00113
WBCIC,4,33,2,withheld_until_outcome_lock,query,11906,wbcic-33-S3-00114
WBCIC,4,33,2,withheld_until_outcome_lock,query,11907,wbcic-33-S3-00115
WBCIC,4,33,2,withheld_until_outcome_lock,query,11908,wbcic-33-S3-00116
WBCIC,4,33,2,withheld_until_outcome_lock,query,11909,wbcic-33-S3-00117
WBCIC,4,33,2,withheld_until_outcome_lock,query,11910,wbcic-33-S3-00118
WBCIC,4,33,2,withheld_until_outcome_lock,query,11911,wbcic-33-S3-00119
WBCIC,4,33,2,withheld_until_outcome_lock,query,11912,wbcic-33-S3-00120
WBCIC,4,33,2,withheld_until_outcome_lock,query,11913,wbcic-33-S3-00121
WBCIC,4,33,2,withheld_until_outcome_lock,query,11914,wbcic-33-S3-00122
WBCIC,4,33,2,withheld_until_outcome_lock,query,11915,wbcic-33-S3-00123
WBCIC,4,33,2,withheld_until_outcome_lock,query,11916,wbcic-33-S3-00124
WBCIC,4,33,2,withheld_until_outcome_lock,query,11917,wbcic-33-S3-00125
WBCIC,4,33,2,withheld_until_outcome_lock,query,11918,wbcic-33-S3-00126
WBCIC,4,33,2,withheld_until_outcome_lock,query,11919,wbcic-33-S3-00127
WBCIC,4,33,2,withheld_until_outcome_lock,query,11920,wbcic-33-S3-00128
WBCIC,4,33,2,withheld_until_outcome_lock,query,11921,wbcic-33-S3-00129
WBCIC,4,33,2,withheld_until_outcome_lock,query,11922,wbcic-33-S3-00130
WBCIC,4,33,2,withheld_until_outcome_lock,query,11923,wbcic-33-S3-00131
WBCIC,4,33,2,withheld_until_outcome_lock,query,11924,wbcic-33-S3-00132
WBCIC,4,33,2,withheld_until_outcome_lock,query,11925,wbcic-33-S3-00133
WBCIC,4,33,2,withheld_until_outcome_lock,query,11926,wbcic-33-S3-00134
WBCIC,4,33,2,withheld_until_outcome_lock,query,11927,wbcic-33-S3-00135
WBCIC,4,33,2,withheld_until_outcome_lock,query,11928,wbcic-33-S3-00136
WBCIC,4,33,2,withheld_until_outcome_lock,query,11929,wbcic-33-S3-00137
WBCIC,4,33,2,withheld_until_outcome_lock,query,11930,wbcic-33-S3-00138
WBCIC,4,33,2,withheld_until_outcome_lock,query,11931,wbcic-33-S3-00139
WBCIC,4,33,2,withheld_until_outcome_lock,query,11932,wbcic-33-S3-00140
WBCIC,4,33,2,withheld_until_outcome_lock,query,11933,wbcic-33-S3-00141
WBCIC,4,33,2,withheld_until_outcome_lock,query,11934,wbcic-33-S3-00142
WBCIC,4,33,2,withheld_until_outcome_lock,query,11935,wbcic-33-S3-00143
WBCIC,4,33,2,withheld_until_outcome_lock,query,11936,wbcic-33-S3-00144
WBCIC,4,33,2,withheld_until_outcome_lock,query,11937,wbcic-33-S3-00145
WBCIC,4,33,2,withheld_until_outcome_lock,query,11938,wbcic-33-S3-00146
WBCIC,4,33,2,withheld_until_outcome_lock,query,11939,wbcic-33-S3-00147
WBCIC,4,33,2,withheld_until_outcome_lock,query,11940,wbcic-33-S3-00148
WBCIC,4,33,2,withheld_until_outcome_lock,query,11941,wbcic-33-S3-00149
WBCIC,4,33,2,withheld_until_outcome_lock,query,11942,wbcic-33-S3-00150
WBCIC,4,33,2,withheld_until_outcome_lock,query,11943,wbcic-33-S3-00151
WBCIC,4,33,2,withheld_until_outcome_lock,query,11944,wbcic-33-S3-00152
WBCIC,4,33,2,withheld_until_outcome_lock,query,11945,wbcic-33-S3-00153
WBCIC,4,33,2,withheld_until_outcome_lock,query,11946,wbcic-33-S3-00154
WBCIC,4,33,2,withheld_until_outcome_lock,query,11947,wbcic-33-S3-00155
WBCIC,4,33,2,withheld_until_outcome_lock,query,11948,wbcic-33-S3-00156
WBCIC,4,33,2,withheld_until_outcome_lock,query,11949,wbcic-33-S3-00157
WBCIC,4,33,2,withheld_until_outcome_lock,query,11950,wbcic-33-S3-00158
WBCIC,4,33,2,withheld_until_outcome_lock,query,11951,wbcic-33-S3-00159
WBCIC,4,33,2,withheld_until_outcome_lock,query,11952,wbcic-33-S3-00160
WBCIC,4,33,2,withheld_until_outcome_lock,query,11953,wbcic-33-S3-00161
WBCIC,4,33,2,withheld_until_outcome_lock,query,11954,wbcic-33-S3-00162
WBCIC,4,33,2,withheld_until_outcome_lock,query,11955,wbcic-33-S3-00163
WBCIC,4,33,2,withheld_until_outcome_lock,query,11956,wbcic-33-S3-00164
WBCIC,4,33,2,withheld_until_outcome_lock,query,11957,wbcic-33-S3-00165
WBCIC,4,33,2,withheld_until_outcome_lock,query,11958,wbcic-33-S3-00166
WBCIC,4,33,2,withheld_until_outcome_lock,query,11959,wbcic-33-S3-00167
WBCIC,4,33,2,withheld_until_outcome_lock,query,11960,wbcic-33-S3-00168
WBCIC,4,33,2,withheld_until_outcome_lock,query,11961,wbcic-33-S3-00169
WBCIC,4,33,2,withheld_until_outcome_lock,query,11962,wbcic-33-S3-00170
WBCIC,4,33,2,withheld_until_outcome_lock,query,11963,wbcic-33-S3-00171
WBCIC,4,33,2,withheld_until_outcome_lock,query,11964,wbcic-33-S3-00172
WBCIC,4,33,2,withheld_until_outcome_lock,query,11965,wbcic-33-S3-00173
WBCIC,4,33,2,withheld_until_outcome_lock,query,11966,wbcic-33-S3-00174
WBCIC,4,33,2,withheld_until_outcome_lock,query,11967,wbcic-33-S3-00175
WBCIC,4,33,2,withheld_until_outcome_lock,query,11968,wbcic-33-S3-00176
WBCIC,4,33,2,withheld_until_outcome_lock,query,11969,wbcic-33-S3-00177
WBCIC,4,33,2,withheld_until_outcome_lock,query,11970,wbcic-33-S3-00178
WBCIC,4,33,2,withheld_until_outcome_lock,query,11971,wbcic-33-S3-00179
WBCIC,4,33,2,withheld_until_outcome_lock,query,11972,wbcic-33-S3-00180
WBCIC,4,33,2,withheld_until_outcome_lock,query,11973,wbcic-33-S3-00181
WBCIC,4,33,2,withheld_until_outcome_lock,query,11974,wbcic-33-S3-00182
WBCIC,4,33,2,withheld_until_outcome_lock,query,11975,wbcic-33-S3-00183
WBCIC,4,33,2,withheld_until_outcome_lock,query,11976,wbcic-33-S3-00184
WBCIC,4,33,2,withheld_until_outcome_lock,query,11977,wbcic-33-S3-00185
WBCIC,4,33,2,withheld_until_outcome_lock,query,11978,wbcic-33-S3-00186
WBCIC,4,33,2,withheld_until_outcome_lock,query,11979,wbcic-33-S3-00187
WBCIC,4,33,2,withheld_until_outcome_lock,query,11980,wbcic-33-S3-00188
WBCIC,4,33,2,withheld_until_outcome_lock,query,11981,wbcic-33-S3-00189
WBCIC,4,33,2,withheld_until_outcome_lock,query,11982,wbcic-33-S3-00190
WBCIC,4,33,2,withheld_until_outcome_lock,query,11983,wbcic-33-S3-00191
WBCIC,4,33,2,withheld_until_outcome_lock,query,11984,wbcic-33-S3-00192
WBCIC,4,33,2,withheld_until_outcome_lock,query,11985,wbcic-33-S3-00193
WBCIC,4,33,2,withheld_until_outcome_lock,query,11986,wbcic-33-S3-00194
WBCIC,4,33,2,withheld_until_outcome_lock,query,11987,wbcic-33-S3-00195
WBCIC,4,33,2,withheld_until_outcome_lock,query,11988,wbcic-33-S3-00196
WBCIC,4,33,2,withheld_until_outcome_lock,query,11989,wbcic-33-S3-00197
WBCIC,4,33,2,withheld_until_outcome_lock,query,11990,wbcic-33-S3-00198
WBCIC,4,33,2,withheld_until_outcome_lock,query,11991,wbcic-33-S3-00199
WBCIC,4,37,2,withheld_until_outcome_lock,query,14192,wbcic-37-S3-00000
WBCIC,4,37,2,withheld_until_outcome_lock,query,14193,wbcic-37-S3-00001
WBCIC,4,37,2,withheld_until_outcome_lock,query,14194,wbcic-37-S3-00002
WBCIC,4,37,2,withheld_until_outcome_lock,query,14195,wbcic-37-S3-00003
WBCIC,4,37,2,withheld_until_outcome_lock,query,14196,wbcic-37-S3-00004
WBCIC,4,37,2,withheld_until_outcome_lock,query,14197,wbcic-37-S3-00005
WBCIC,4,37,2,withheld_until_outcome_lock,query,14198,wbcic-37-S3-00006
WBCIC,4,37,2,withheld_until_outcome_lock,query,14199,wbcic-37-S3-00007
WBCIC,4,37,2,withheld_until_outcome_lock,query,14200,wbcic-37-S3-00008
WBCIC,4,37,2,withheld_until_outcome_lock,query,14201,wbcic-37-S3-00009
WBCIC,4,37,2,withheld_until_outcome_lock,query,14202,wbcic-37-S3-00010
WBCIC,4,37,2,withheld_until_outcome_lock,query,14203,wbcic-37-S3-00011
WBCIC,4,37,2,withheld_until_outcome_lock,query,14204,wbcic-37-S3-00012
WBCIC,4,37,2,withheld_until_outcome_lock,query,14205,wbcic-37-S3-00013
WBCIC,4,37,2,withheld_until_outcome_lock,query,14206,wbcic-37-S3-00014
WBCIC,4,37,2,withheld_until_outcome_lock,query,14207,wbcic-37-S3-00015
WBCIC,4,37,2,withheld_until_outcome_lock,query,14208,wbcic-37-S3-00016
WBCIC,4,37,2,withheld_until_outcome_lock,query,14209,wbcic-37-S3-00017
WBCIC,4,37,2,withheld_until_outcome_lock,query,14210,wbcic-37-S3-00018
WBCIC,4,37,2,withheld_until_outcome_lock,query,14211,wbcic-37-S3-00019
WBCIC,4,37,2,withheld_until_outcome_lock,query,14212,wbcic-37-S3-00020
WBCIC,4,37,2,withheld_until_outcome_lock,query,14213,wbcic-37-S3-00021
WBCIC,4,37,2,withheld_until_outcome_lock,query,14214,wbcic-37-S3-00022
WBCIC,4,37,2,withheld_until_outcome_lock,query,14215,wbcic-37-S3-00023
WBCIC,4,37,2,withheld_until_outcome_lock,query,14216,wbcic-37-S3-00024
WBCIC,4,37,2,withheld_until_outcome_lock,query,14217,wbcic-37-S3-00025
WBCIC,4,37,2,withheld_until_outcome_lock,query,14218,wbcic-37-S3-00026
WBCIC,4,37,2,withheld_until_outcome_lock,query,14219,wbcic-37-S3-00027
WBCIC,4,37,2,withheld_until_outcome_lock,query,14220,wbcic-37-S3-00028
WBCIC,4,37,2,withheld_until_outcome_lock,query,14221,wbcic-37-S3-00029
WBCIC,4,37,2,withheld_until_outcome_lock,query,14222,wbcic-37-S3-00030
WBCIC,4,37,2,withheld_until_outcome_lock,query,14223,wbcic-37-S3-00031
WBCIC,4,37,2,withheld_until_outcome_lock,query,14224,wbcic-37-S3-00032
WBCIC,4,37,2,withheld_until_outcome_lock,query,14225,wbcic-37-S3-00033
WBCIC,4,37,2,withheld_until_outcome_lock,query,14226,wbcic-37-S3-00034
WBCIC,4,37,2,withheld_until_outcome_lock,query,14227,wbcic-37-S3-00035
WBCIC,4,37,2,withheld_until_outcome_lock,query,14228,wbcic-37-S3-00036
WBCIC,4,37,2,withheld_until_outcome_lock,query,14229,wbcic-37-S3-00037
WBCIC,4,37,2,withheld_until_outcome_lock,query,14230,wbcic-37-S3-00038
WBCIC,4,37,2,withheld_until_outcome_lock,query,14231,wbcic-37-S3-00039
WBCIC,4,37,2,withheld_until_outcome_lock,query,14232,wbcic-37-S3-00040
WBCIC,4,37,2,withheld_until_outcome_lock,query,14233,wbcic-37-S3-00041
WBCIC,4,37,2,withheld_until_outcome_lock,query,14234,wbcic-37-S3-00042
WBCIC,4,37,2,withheld_until_outcome_lock,query,14235,wbcic-37-S3-00043
WBCIC,4,37,2,withheld_until_outcome_lock,query,14236,wbcic-37-S3-00044
WBCIC,4,37,2,withheld_until_outcome_lock,query,14237,wbcic-37-S3-00045
WBCIC,4,37,2,withheld_until_outcome_lock,query,14238,wbcic-37-S3-00046
WBCIC,4,37,2,withheld_until_outcome_lock,query,14239,wbcic-37-S3-00047
WBCIC,4,37,2,withheld_until_outcome_lock,query,14240,wbcic-37-S3-00048
WBCIC,4,37,2,withheld_until_outcome_lock,query,14241,wbcic-37-S3-00049
WBCIC,4,37,2,withheld_until_outcome_lock,query,14242,wbcic-37-S3-00050
WBCIC,4,37,2,withheld_until_outcome_lock,query,14243,wbcic-37-S3-00051
WBCIC,4,37,2,withheld_until_outcome_lock,query,14244,wbcic-37-S3-00052
WBCIC,4,37,2,withheld_until_outcome_lock,query,14245,wbcic-37-S3-00053
WBCIC,4,37,2,withheld_until_outcome_lock,query,14246,wbcic-37-S3-00054
WBCIC,4,37,2,withheld_until_outcome_lock,query,14247,wbcic-37-S3-00055
WBCIC,4,37,2,withheld_until_outcome_lock,query,14248,wbcic-37-S3-00056
WBCIC,4,37,2,withheld_until_outcome_lock,query,14249,wbcic-37-S3-00057
WBCIC,4,37,2,withheld_until_outcome_lock,query,14250,wbcic-37-S3-00058
WBCIC,4,37,2,withheld_until_outcome_lock,query,14251,wbcic-37-S3-00059
WBCIC,4,37,2,withheld_until_outcome_lock,query,14252,wbcic-37-S3-00060
WBCIC,4,37,2,withheld_until_outcome_lock,query,14253,wbcic-37-S3-00061
WBCIC,4,37,2,withheld_until_outcome_lock,query,14254,wbcic-37-S3-00062
WBCIC,4,37,2,withheld_until_outcome_lock,query,14255,wbcic-37-S3-00063
WBCIC,4,37,2,withheld_until_outcome_lock,query,14256,wbcic-37-S3-00064
WBCIC,4,37,2,withheld_until_outcome_lock,query,14257,wbcic-37-S3-00065
WBCIC,4,37,2,withheld_until_outcome_lock,query,14258,wbcic-37-S3-00066
WBCIC,4,37,2,withheld_until_outcome_lock,query,14259,wbcic-37-S3-00067
WBCIC,4,37,2,withheld_until_outcome_lock,query,14260,wbcic-37-S3-00068
WBCIC,4,37,2,withheld_until_outcome_lock,query,14261,wbcic-37-S3-00069
WBCIC,4,37,2,withheld_until_outcome_lock,query,14262,wbcic-37-S3-00070
WBCIC,4,37,2,withheld_until_outcome_lock,query,14263,wbcic-37-S3-00071
WBCIC,4,37,2,withheld_until_outcome_lock,query,14264,wbcic-37-S3-00072
WBCIC,4,37,2,withheld_until_outcome_lock,query,14265,wbcic-37-S3-00073
WBCIC,4,37,2,withheld_until_outcome_lock,query,14266,wbcic-37-S3-00074
WBCIC,4,37,2,withheld_until_outcome_lock,query,14267,wbcic-37-S3-00075
WBCIC,4,37,2,withheld_until_outcome_lock,query,14268,wbcic-37-S3-00076
WBCIC,4,37,2,withheld_until_outcome_lock,query,14269,wbcic-37-S3-00077
WBCIC,4,37,2,withheld_until_outcome_lock,query,14270,wbcic-37-S3-00078
WBCIC,4,37,2,withheld_until_outcome_lock,query,14271,wbcic-37-S3-00079
WBCIC,4,37,2,withheld_until_outcome_lock,query,14272,wbcic-37-S3-00080
WBCIC,4,37,2,withheld_until_outcome_lock,query,14273,wbcic-37-S3-00081
WBCIC,4,37,2,withheld_until_outcome_lock,query,14274,wbcic-37-S3-00082
WBCIC,4,37,2,withheld_until_outcome_lock,query,14275,wbcic-37-S3-00083
WBCIC,4,37,2,withheld_until_outcome_lock,query,14276,wbcic-37-S3-00084
WBCIC,4,37,2,withheld_until_outcome_lock,query,14277,wbcic-37-S3-00085
WBCIC,4,37,2,withheld_until_outcome_lock,query,14278,wbcic-37-S3-00086
WBCIC,4,37,2,withheld_until_outcome_lock,query,14279,wbcic-37-S3-00087
WBCIC,4,37,2,withheld_until_outcome_lock,query,14280,wbcic-37-S3-00088
WBCIC,4,37,2,withheld_until_outcome_lock,query,14281,wbcic-37-S3-00089
WBCIC,4,37,2,withheld_until_outcome_lock,query,14282,wbcic-37-S3-00090
WBCIC,4,37,2,withheld_until_outcome_lock,query,14283,wbcic-37-S3-00091
WBCIC,4,37,2,withheld_until_outcome_lock,query,14284,wbcic-37-S3-00092
WBCIC,4,37,2,withheld_until_outcome_lock,query,14285,wbcic-37-S3-00093
WBCIC,4,37,2,withheld_until_outcome_lock,query,14286,wbcic-37-S3-00094
WBCIC,4,37,2,withheld_until_outcome_lock,query,14287,wbcic-37-S3-00095
WBCIC,4,37,2,withheld_until_outcome_lock,query,14288,wbcic-37-S3-00096
WBCIC,4,37,2,withheld_until_outcome_lock,query,14289,wbcic-37-S3-00097
WBCIC,4,37,2,withheld_until_outcome_lock,query,14290,wbcic-37-S3-00098
WBCIC,4,37,2,withheld_until_outcome_lock,query,14291,wbcic-37-S3-00099
WBCIC,4,37,2,withheld_until_outcome_lock,query,14292,wbcic-37-S3-00100
WBCIC,4,37,2,withheld_until_outcome_lock,query,14293,wbcic-37-S3-00101
WBCIC,4,37,2,withheld_until_outcome_lock,query,14294,wbcic-37-S3-00102
WBCIC,4,37,2,withheld_until_outcome_lock,query,14295,wbcic-37-S3-00103
WBCIC,4,37,2,withheld_until_outcome_lock,query,14296,wbcic-37-S3-00104
WBCIC,4,37,2,withheld_until_outcome_lock,query,14297,wbcic-37-S3-00105
WBCIC,4,37,2,withheld_until_outcome_lock,query,14298,wbcic-37-S3-00106
WBCIC,4,37,2,withheld_until_outcome_lock,query,14299,wbcic-37-S3-00107
WBCIC,4,37,2,withheld_until_outcome_lock,query,14300,wbcic-37-S3-00108
WBCIC,4,37,2,withheld_until_outcome_lock,query,14301,wbcic-37-S3-00109
WBCIC,4,37,2,withheld_until_outcome_lock,query,14302,wbcic-37-S3-00110
WBCIC,4,37,2,withheld_until_outcome_lock,query,14303,wbcic-37-S3-00111
WBCIC,4,37,2,withheld_until_outcome_lock,query,14304,wbcic-37-S3-00112
WBCIC,4,37,2,withheld_until_outcome_lock,query,14305,wbcic-37-S3-00113
WBCIC,4,37,2,withheld_until_outcome_lock,query,14306,wbcic-37-S3-00114
WBCIC,4,37,2,withheld_until_outcome_lock,query,14307,wbcic-37-S3-00115
WBCIC,4,37,2,withheld_until_outcome_lock,query,14308,wbcic-37-S3-00116
WBCIC,4,37,2,withheld_until_outcome_lock,query,14309,wbcic-37-S3-00117
WBCIC,4,37,2,withheld_until_outcome_lock,query,14310,wbcic-37-S3-00118
WBCIC,4,37,2,withheld_until_outcome_lock,query,14311,wbcic-37-S3-00119
WBCIC,4,37,2,withheld_until_outcome_lock,query,14312,wbcic-37-S3-00120
WBCIC,4,37,2,withheld_until_outcome_lock,query,14313,wbcic-37-S3-00121
WBCIC,4,37,2,withheld_until_outcome_lock,query,14314,wbcic-37-S3-00122
WBCIC,4,37,2,withheld_until_outcome_lock,query,14315,wbcic-37-S3-00123
WBCIC,4,37,2,withheld_until_outcome_lock,query,14316,wbcic-37-S3-00124
WBCIC,4,37,2,withheld_until_outcome_lock,query,14317,wbcic-37-S3-00125
WBCIC,4,37,2,withheld_until_outcome_lock,query,14318,wbcic-37-S3-00126
WBCIC,4,37,2,withheld_until_outcome_lock,query,14319,wbcic-37-S3-00127
WBCIC,4,37,2,withheld_until_outcome_lock,query,14320,wbcic-37-S3-00128
WBCIC,4,37,2,withheld_until_outcome_lock,query,14321,wbcic-37-S3-00129
WBCIC,4,37,2,withheld_until_outcome_lock,query,14322,wbcic-37-S3-00130
WBCIC,4,37,2,withheld_until_outcome_lock,query,14323,wbcic-37-S3-00131
WBCIC,4,37,2,withheld_until_outcome_lock,query,14324,wbcic-37-S3-00132
WBCIC,4,37,2,withheld_until_outcome_lock,query,14325,wbcic-37-S3-00133
WBCIC,4,37,2,withheld_until_outcome_lock,query,14326,wbcic-37-S3-00134
WBCIC,4,37,2,withheld_until_outcome_lock,query,14327,wbcic-37-S3-00135
WBCIC,4,37,2,withheld_until_outcome_lock,query,14328,wbcic-37-S3-00136
WBCIC,4,37,2,withheld_until_outcome_lock,query,14329,wbcic-37-S3-00137
WBCIC,4,37,2,withheld_until_outcome_lock,query,14330,wbcic-37-S3-00138
WBCIC,4,37,2,withheld_until_outcome_lock,query,14331,wbcic-37-S3-00139
WBCIC,4,37,2,withheld_until_outcome_lock,query,14332,wbcic-37-S3-00140
WBCIC,4,37,2,withheld_until_outcome_lock,query,14333,wbcic-37-S3-00141
WBCIC,4,37,2,withheld_until_outcome_lock,query,14334,wbcic-37-S3-00142
WBCIC,4,37,2,withheld_until_outcome_lock,query,14335,wbcic-37-S3-00143
WBCIC,4,37,2,withheld_until_outcome_lock,query,14336,wbcic-37-S3-00144
WBCIC,4,37,2,withheld_until_outcome_lock,query,14337,wbcic-37-S3-00145
WBCIC,4,37,2,withheld_until_outcome_lock,query,14338,wbcic-37-S3-00146
WBCIC,4,37,2,withheld_until_outcome_lock,query,14339,wbcic-37-S3-00147
WBCIC,4,37,2,withheld_until_outcome_lock,query,14340,wbcic-37-S3-00148
WBCIC,4,37,2,withheld_until_outcome_lock,query,14341,wbcic-37-S3-00149
WBCIC,4,37,2,withheld_until_outcome_lock,query,14342,wbcic-37-S3-00150
WBCIC,4,37,2,withheld_until_outcome_lock,query,14343,wbcic-37-S3-00151
WBCIC,4,37,2,withheld_until_outcome_lock,query,14344,wbcic-37-S3-00152
WBCIC,4,37,2,withheld_until_outcome_lock,query,14345,wbcic-37-S3-00153
WBCIC,4,37,2,withheld_until_outcome_lock,query,14346,wbcic-37-S3-00154
WBCIC,4,37,2,withheld_until_outcome_lock,query,14347,wbcic-37-S3-00155
WBCIC,4,37,2,withheld_until_outcome_lock,query,14348,wbcic-37-S3-00156
WBCIC,4,37,2,withheld_until_outcome_lock,query,14349,wbcic-37-S3-00157
WBCIC,4,37,2,withheld_until_outcome_lock,query,14350,wbcic-37-S3-00158
WBCIC,4,37,2,withheld_until_outcome_lock,query,14351,wbcic-37-S3-00159
WBCIC,4,37,2,withheld_until_outcome_lock,query,14352,wbcic-37-S3-00160
WBCIC,4,37,2,withheld_until_outcome_lock,query,14353,wbcic-37-S3-00161
WBCIC,4,37,2,withheld_until_outcome_lock,query,14354,wbcic-37-S3-00162
WBCIC,4,37,2,withheld_until_outcome_lock,query,14355,wbcic-37-S3-00163
WBCIC,4,37,2,withheld_until_outcome_lock,query,14356,wbcic-37-S3-00164
WBCIC,4,37,2,withheld_until_outcome_lock,query,14357,wbcic-37-S3-00165
WBCIC,4,37,2,withheld_until_outcome_lock,query,14358,wbcic-37-S3-00166
WBCIC,4,37,2,withheld_until_outcome_lock,query,14359,wbcic-37-S3-00167
WBCIC,4,37,2,withheld_until_outcome_lock,query,14360,wbcic-37-S3-00168
WBCIC,4,37,2,withheld_until_outcome_lock,query,14361,wbcic-37-S3-00169
WBCIC,4,37,2,withheld_until_outcome_lock,query,14362,wbcic-37-S3-00170
WBCIC,4,37,2,withheld_until_outcome_lock,query,14363,wbcic-37-S3-00171
WBCIC,4,37,2,withheld_until_outcome_lock,query,14364,wbcic-37-S3-00172
WBCIC,4,37,2,withheld_until_outcome_lock,query,14365,wbcic-37-S3-00173
WBCIC,4,37,2,withheld_until_outcome_lock,query,14366,wbcic-37-S3-00174
WBCIC,4,37,2,withheld_until_outcome_lock,query,14367,wbcic-37-S3-00175
WBCIC,4,37,2,withheld_until_outcome_lock,query,14368,wbcic-37-S3-00176
WBCIC,4,37,2,withheld_until_outcome_lock,query,14369,wbcic-37-S3-00177
WBCIC,4,37,2,withheld_until_outcome_lock,query,14370,wbcic-37-S3-00178
WBCIC,4,37,2,withheld_until_outcome_lock,query,14371,wbcic-37-S3-00179
WBCIC,4,37,2,withheld_until_outcome_lock,query,14372,wbcic-37-S3-00180
WBCIC,4,37,2,withheld_until_outcome_lock,query,14373,wbcic-37-S3-00181
WBCIC,4,37,2,withheld_until_outcome_lock,query,14374,wbcic-37-S3-00182
WBCIC,4,37,2,withheld_until_outcome_lock,query,14375,wbcic-37-S3-00183
WBCIC,4,37,2,withheld_until_outcome_lock,query,14376,wbcic-37-S3-00184
WBCIC,4,37,2,withheld_until_outcome_lock,query,14377,wbcic-37-S3-00185
WBCIC,4,37,2,withheld_until_outcome_lock,query,14378,wbcic-37-S3-00186
WBCIC,4,37,2,withheld_until_outcome_lock,query,14379,wbcic-37-S3-00187
WBCIC,4,37,2,withheld_until_outcome_lock,query,14380,wbcic-37-S3-00188
WBCIC,4,37,2,withheld_until_outcome_lock,query,14381,wbcic-37-S3-00189
WBCIC,4,37,2,withheld_until_outcome_lock,query,14382,wbcic-37-S3-00190
WBCIC,4,37,2,withheld_until_outcome_lock,query,14383,wbcic-37-S3-00191
WBCIC,4,37,2,withheld_until_outcome_lock,query,14384,wbcic-37-S3-00192
WBCIC,4,37,2,withheld_until_outcome_lock,query,14385,wbcic-37-S3-00193
WBCIC,4,37,2,withheld_until_outcome_lock,query,14386,wbcic-37-S3-00194
WBCIC,4,37,2,withheld_until_outcome_lock,query,14387,wbcic-37-S3-00195
WBCIC,4,37,2,withheld_until_outcome_lock,query,14388,wbcic-37-S3-00196
WBCIC,4,37,2,withheld_until_outcome_lock,query,14389,wbcic-37-S3-00197
WBCIC,4,37,2,withheld_until_outcome_lock,query,14390,wbcic-37-S3-00198
WBCIC,4,37,2,withheld_until_outcome_lock,query,14391,wbcic-37-S3-00199
WBCIC,4,5,2,withheld_until_outcome_lock,query,18392,wbcic-5-S3-00000
WBCIC,4,5,2,withheld_until_outcome_lock,query,18393,wbcic-5-S3-00001
WBCIC,4,5,2,withheld_until_outcome_lock,query,18394,wbcic-5-S3-00002
WBCIC,4,5,2,withheld_until_outcome_lock,query,18395,wbcic-5-S3-00003
WBCIC,4,5,2,withheld_until_outcome_lock,query,18396,wbcic-5-S3-00004
WBCIC,4,5,2,withheld_until_outcome_lock,query,18397,wbcic-5-S3-00005
WBCIC,4,5,2,withheld_until_outcome_lock,query,18398,wbcic-5-S3-00006
WBCIC,4,5,2,withheld_until_outcome_lock,query,18399,wbcic-5-S3-00007
WBCIC,4,5,2,withheld_until_outcome_lock,query,18400,wbcic-5-S3-00008
WBCIC,4,5,2,withheld_until_outcome_lock,query,18401,wbcic-5-S3-00009
WBCIC,4,5,2,withheld_until_outcome_lock,query,18402,wbcic-5-S3-00010
WBCIC,4,5,2,withheld_until_outcome_lock,query,18403,wbcic-5-S3-00011
WBCIC,4,5,2,withheld_until_outcome_lock,query,18404,wbcic-5-S3-00012
WBCIC,4,5,2,withheld_until_outcome_lock,query,18405,wbcic-5-S3-00013
WBCIC,4,5,2,withheld_until_outcome_lock,query,18406,wbcic-5-S3-00014
WBCIC,4,5,2,withheld_until_outcome_lock,query,18407,wbcic-5-S3-00015
WBCIC,4,5,2,withheld_until_outcome_lock,query,18408,wbcic-5-S3-00016
WBCIC,4,5,2,withheld_until_outcome_lock,query,18409,wbcic-5-S3-00017
WBCIC,4,5,2,withheld_until_outcome_lock,query,18410,wbcic-5-S3-00018
WBCIC,4,5,2,withheld_until_outcome_lock,query,18411,wbcic-5-S3-00019
WBCIC,4,5,2,withheld_until_outcome_lock,query,18412,wbcic-5-S3-00020
WBCIC,4,5,2,withheld_until_outcome_lock,query,18413,wbcic-5-S3-00021
WBCIC,4,5,2,withheld_until_outcome_lock,query,18414,wbcic-5-S3-00022
WBCIC,4,5,2,withheld_until_outcome_lock,query,18415,wbcic-5-S3-00023
WBCIC,4,5,2,withheld_until_outcome_lock,query,18416,wbcic-5-S3-00024
WBCIC,4,5,2,withheld_until_outcome_lock,query,18417,wbcic-5-S3-00025
WBCIC,4,5,2,withheld_until_outcome_lock,query,18418,wbcic-5-S3-00026
WBCIC,4,5,2,withheld_until_outcome_lock,query,18419,wbcic-5-S3-00027
WBCIC,4,5,2,withheld_until_outcome_lock,query,18420,wbcic-5-S3-00028
WBCIC,4,5,2,withheld_until_outcome_lock,query,18421,wbcic-5-S3-00029
WBCIC,4,5,2,withheld_until_outcome_lock,query,18422,wbcic-5-S3-00030
WBCIC,4,5,2,withheld_until_outcome_lock,query,18423,wbcic-5-S3-00031
WBCIC,4,5,2,withheld_until_outcome_lock,query,18424,wbcic-5-S3-00032
WBCIC,4,5,2,withheld_until_outcome_lock,query,18425,wbcic-5-S3-00033
WBCIC,4,5,2,withheld_until_outcome_lock,query,18426,wbcic-5-S3-00034
WBCIC,4,5,2,withheld_until_outcome_lock,query,18427,wbcic-5-S3-00035
WBCIC,4,5,2,withheld_until_outcome_lock,query,18428,wbcic-5-S3-00036
WBCIC,4,5,2,withheld_until_outcome_lock,query,18429,wbcic-5-S3-00037
WBCIC,4,5,2,withheld_until_outcome_lock,query,18430,wbcic-5-S3-00038
WBCIC,4,5,2,withheld_until_outcome_lock,query,18431,wbcic-5-S3-00039
WBCIC,4,5,2,withheld_until_outcome_lock,query,18432,wbcic-5-S3-00040
WBCIC,4,5,2,withheld_until_outcome_lock,query,18433,wbcic-5-S3-00041
WBCIC,4,5,2,withheld_until_outcome_lock,query,18434,wbcic-5-S3-00042
WBCIC,4,5,2,withheld_until_outcome_lock,query,18435,wbcic-5-S3-00043
WBCIC,4,5,2,withheld_until_outcome_lock,query,18436,wbcic-5-S3-00044
WBCIC,4,5,2,withheld_until_outcome_lock,query,18437,wbcic-5-S3-00045
WBCIC,4,5,2,withheld_until_outcome_lock,query,18438,wbcic-5-S3-00046
WBCIC,4,5,2,withheld_until_outcome_lock,query,18439,wbcic-5-S3-00047
WBCIC,4,5,2,withheld_until_outcome_lock,query,18440,wbcic-5-S3-00048
WBCIC,4,5,2,withheld_until_outcome_lock,query,18441,wbcic-5-S3-00049
WBCIC,4,5,2,withheld_until_outcome_lock,query,18442,wbcic-5-S3-00050
WBCIC,4,5,2,withheld_until_outcome_lock,query,18443,wbcic-5-S3-00051
WBCIC,4,5,2,withheld_until_outcome_lock,query,18444,wbcic-5-S3-00052
WBCIC,4,5,2,withheld_until_outcome_lock,query,18445,wbcic-5-S3-00053
WBCIC,4,5,2,withheld_until_outcome_lock,query,18446,wbcic-5-S3-00054
WBCIC,4,5,2,withheld_until_outcome_lock,query,18447,wbcic-5-S3-00055
WBCIC,4,5,2,withheld_until_outcome_lock,query,18448,wbcic-5-S3-00056
WBCIC,4,5,2,withheld_until_outcome_lock,query,18449,wbcic-5-S3-00057
WBCIC,4,5,2,withheld_until_outcome_lock,query,18450,wbcic-5-S3-00058
WBCIC,4,5,2,withheld_until_outcome_lock,query,18451,wbcic-5-S3-00059
WBCIC,4,5,2,withheld_until_outcome_lock,query,18452,wbcic-5-S3-00060
WBCIC,4,5,2,withheld_until_outcome_lock,query,18453,wbcic-5-S3-00061
WBCIC,4,5,2,withheld_until_outcome_lock,query,18454,wbcic-5-S3-00062
WBCIC,4,5,2,withheld_until_outcome_lock,query,18455,wbcic-5-S3-00063
WBCIC,4,5,2,withheld_until_outcome_lock,query,18456,wbcic-5-S3-00064
WBCIC,4,5,2,withheld_until_outcome_lock,query,18457,wbcic-5-S3-00065
WBCIC,4,5,2,withheld_until_outcome_lock,query,18458,wbcic-5-S3-00066
WBCIC,4,5,2,withheld_until_outcome_lock,query,18459,wbcic-5-S3-00067
WBCIC,4,5,2,withheld_until_outcome_lock,query,18460,wbcic-5-S3-00068
WBCIC,4,5,2,withheld_until_outcome_lock,query,18461,wbcic-5-S3-00069
WBCIC,4,5,2,withheld_until_outcome_lock,query,18462,wbcic-5-S3-00070
WBCIC,4,5,2,withheld_until_outcome_lock,query,18463,wbcic-5-S3-00071
WBCIC,4,5,2,withheld_until_outcome_lock,query,18464,wbcic-5-S3-00072
WBCIC,4,5,2,withheld_until_outcome_lock,query,18465,wbcic-5-S3-00073
WBCIC,4,5,2,withheld_until_outcome_lock,query,18466,wbcic-5-S3-00074
WBCIC,4,5,2,withheld_until_outcome_lock,query,18467,wbcic-5-S3-00075
WBCIC,4,5,2,withheld_until_outcome_lock,query,18468,wbcic-5-S3-00076
WBCIC,4,5,2,withheld_until_outcome_lock,query,18469,wbcic-5-S3-00077
WBCIC,4,5,2,withheld_until_outcome_lock,query,18470,wbcic-5-S3-00078
WBCIC,4,5,2,withheld_until_outcome_lock,query,18471,wbcic-5-S3-00079
WBCIC,4,5,2,withheld_until_outcome_lock,query,18472,wbcic-5-S3-00080
WBCIC,4,5,2,withheld_until_outcome_lock,query,18473,wbcic-5-S3-00081
WBCIC,4,5,2,withheld_until_outcome_lock,query,18474,wbcic-5-S3-00082
WBCIC,4,5,2,withheld_until_outcome_lock,query,18475,wbcic-5-S3-00083
WBCIC,4,5,2,withheld_until_outcome_lock,query,18476,wbcic-5-S3-00084
WBCIC,4,5,2,withheld_until_outcome_lock,query,18477,wbcic-5-S3-00085
WBCIC,4,5,2,withheld_until_outcome_lock,query,18478,wbcic-5-S3-00086
WBCIC,4,5,2,withheld_until_outcome_lock,query,18479,wbcic-5-S3-00087
WBCIC,4,5,2,withheld_until_outcome_lock,query,18480,wbcic-5-S3-00088
WBCIC,4,5,2,withheld_until_outcome_lock,query,18481,wbcic-5-S3-00089
WBCIC,4,5,2,withheld_until_outcome_lock,query,18482,wbcic-5-S3-00090
WBCIC,4,5,2,withheld_until_outcome_lock,query,18483,wbcic-5-S3-00091
WBCIC,4,5,2,withheld_until_outcome_lock,query,18484,wbcic-5-S3-00092
WBCIC,4,5,2,withheld_until_outcome_lock,query,18485,wbcic-5-S3-00093
WBCIC,4,5,2,withheld_until_outcome_lock,query,18486,wbcic-5-S3-00094
WBCIC,4,5,2,withheld_until_outcome_lock,query,18487,wbcic-5-S3-00095
WBCIC,4,5,2,withheld_until_outcome_lock,query,18488,wbcic-5-S3-00096
WBCIC,4,5,2,withheld_until_outcome_lock,query,18489,wbcic-5-S3-00097
WBCIC,4,5,2,withheld_until_outcome_lock,query,18490,wbcic-5-S3-00098
WBCIC,4,5,2,withheld_until_outcome_lock,query,18491,wbcic-5-S3-00099
WBCIC,4,5,2,withheld_until_outcome_lock,query,18492,wbcic-5-S3-00100
WBCIC,4,5,2,withheld_until_outcome_lock,query,18493,wbcic-5-S3-00101
WBCIC,4,5,2,withheld_until_outcome_lock,query,18494,wbcic-5-S3-00102
WBCIC,4,5,2,withheld_until_outcome_lock,query,18495,wbcic-5-S3-00103
WBCIC,4,5,2,withheld_until_outcome_lock,query,18496,wbcic-5-S3-00104
WBCIC,4,5,2,withheld_until_outcome_lock,query,18497,wbcic-5-S3-00105
WBCIC,4,5,2,withheld_until_outcome_lock,query,18498,wbcic-5-S3-00106
WBCIC,4,5,2,withheld_until_outcome_lock,query,18499,wbcic-5-S3-00107
WBCIC,4,5,2,withheld_until_outcome_lock,query,18500,wbcic-5-S3-00108
WBCIC,4,5,2,withheld_until_outcome_lock,query,18501,wbcic-5-S3-00109
WBCIC,4,5,2,withheld_until_outcome_lock,query,18502,wbcic-5-S3-00110
WBCIC,4,5,2,withheld_until_outcome_lock,query,18503,wbcic-5-S3-00111
WBCIC,4,5,2,withheld_until_outcome_lock,query,18504,wbcic-5-S3-00112
WBCIC,4,5,2,withheld_until_outcome_lock,query,18505,wbcic-5-S3-00113
WBCIC,4,5,2,withheld_until_outcome_lock,query,18506,wbcic-5-S3-00114
WBCIC,4,5,2,withheld_until_outcome_lock,query,18507,wbcic-5-S3-00115
WBCIC,4,5,2,withheld_until_outcome_lock,query,18508,wbcic-5-S3-00116
WBCIC,4,5,2,withheld_until_outcome_lock,query,18509,wbcic-5-S3-00117
WBCIC,4,5,2,withheld_until_outcome_lock,query,18510,wbcic-5-S3-00118
WBCIC,4,5,2,withheld_until_outcome_lock,query,18511,wbcic-5-S3-00119
WBCIC,4,5,2,withheld_until_outcome_lock,query,18512,wbcic-5-S3-00120
WBCIC,4,5,2,withheld_until_outcome_lock,query,18513,wbcic-5-S3-00121
WBCIC,4,5,2,withheld_until_outcome_lock,query,18514,wbcic-5-S3-00122
WBCIC,4,5,2,withheld_until_outcome_lock,query,18515,wbcic-5-S3-00123
WBCIC,4,5,2,withheld_until_outcome_lock,query,18516,wbcic-5-S3-00124
WBCIC,4,5,2,withheld_until_outcome_lock,query,18517,wbcic-5-S3-00125
WBCIC,4,5,2,withheld_until_outcome_lock,query,18518,wbcic-5-S3-00126
WBCIC,4,5,2,withheld_until_outcome_lock,query,18519,wbcic-5-S3-00127
WBCIC,4,5,2,withheld_until_outcome_lock,query,18520,wbcic-5-S3-00128
WBCIC,4,5,2,withheld_until_outcome_lock,query,18521,wbcic-5-S3-00129
WBCIC,4,5,2,withheld_until_outcome_lock,query,18522,wbcic-5-S3-00130
WBCIC,4,5,2,withheld_until_outcome_lock,query,18523,wbcic-5-S3-00131
WBCIC,4,5,2,withheld_until_outcome_lock,query,18524,wbcic-5-S3-00132
WBCIC,4,5,2,withheld_until_outcome_lock,query,18525,wbcic-5-S3-00133
WBCIC,4,5,2,withheld_until_outcome_lock,query,18526,wbcic-5-S3-00134
WBCIC,4,5,2,withheld_until_outcome_lock,query,18527,wbcic-5-S3-00135
WBCIC,4,5,2,withheld_until_outcome_lock,query,18528,wbcic-5-S3-00136
WBCIC,4,5,2,withheld_until_outcome_lock,query,18529,wbcic-5-S3-00137
WBCIC,4,5,2,withheld_until_outcome_lock,query,18530,wbcic-5-S3-00138
WBCIC,4,5,2,withheld_until_outcome_lock,query,18531,wbcic-5-S3-00139
WBCIC,4,5,2,withheld_until_outcome_lock,query,18532,wbcic-5-S3-00140
WBCIC,4,5,2,withheld_until_outcome_lock,query,18533,wbcic-5-S3-00141
WBCIC,4,5,2,withheld_until_outcome_lock,query,18534,wbcic-5-S3-00142
WBCIC,4,5,2,withheld_until_outcome_lock,query,18535,wbcic-5-S3-00143
WBCIC,4,5,2,withheld_until_outcome_lock,query,18536,wbcic-5-S3-00144
WBCIC,4,5,2,withheld_until_outcome_lock,query,18537,wbcic-5-S3-00145
WBCIC,4,5,2,withheld_until_outcome_lock,query,18538,wbcic-5-S3-00146
WBCIC,4,5,2,withheld_until_outcome_lock,query,18539,wbcic-5-S3-00147
WBCIC,4,5,2,withheld_until_outcome_lock,query,18540,wbcic-5-S3-00148
WBCIC,4,5,2,withheld_until_outcome_lock,query,18541,wbcic-5-S3-00149
WBCIC,4,5,2,withheld_until_outcome_lock,query,18542,wbcic-5-S3-00150
WBCIC,4,5,2,withheld_until_outcome_lock,query,18543,wbcic-5-S3-00151
WBCIC,4,5,2,withheld_until_outcome_lock,query,18544,wbcic-5-S3-00152
WBCIC,4,5,2,withheld_until_outcome_lock,query,18545,wbcic-5-S3-00153
WBCIC,4,5,2,withheld_until_outcome_lock,query,18546,wbcic-5-S3-00154
WBCIC,4,5,2,withheld_until_outcome_lock,query,18547,wbcic-5-S3-00155
WBCIC,4,5,2,withheld_until_outcome_lock,query,18548,wbcic-5-S3-00156
WBCIC,4,5,2,withheld_until_outcome_lock,query,18549,wbcic-5-S3-00157
WBCIC,4,5,2,withheld_until_outcome_lock,query,18550,wbcic-5-S3-00158
WBCIC,4,5,2,withheld_until_outcome_lock,query,18551,wbcic-5-S3-00159
WBCIC,4,5,2,withheld_until_outcome_lock,query,18552,wbcic-5-S3-00160
WBCIC,4,5,2,withheld_until_outcome_lock,query,18553,wbcic-5-S3-00161
WBCIC,4,5,2,withheld_until_outcome_lock,query,18554,wbcic-5-S3-00162
WBCIC,4,5,2,withheld_until_outcome_lock,query,18555,wbcic-5-S3-00163
WBCIC,4,5,2,withheld_until_outcome_lock,query,18556,wbcic-5-S3-00164
WBCIC,4,5,2,withheld_until_outcome_lock,query,18557,wbcic-5-S3-00165
WBCIC,4,5,2,withheld_until_outcome_lock,query,18558,wbcic-5-S3-00166
WBCIC,4,5,2,withheld_until_outcome_lock,query,18559,wbcic-5-S3-00167
WBCIC,4,5,2,withheld_until_outcome_lock,query,18560,wbcic-5-S3-00168
WBCIC,4,5,2,withheld_until_outcome_lock,query,18561,wbcic-5-S3-00169
WBCIC,4,5,2,withheld_until_outcome_lock,query,18562,wbcic-5-S3-00170
WBCIC,4,5,2,withheld_until_outcome_lock,query,18563,wbcic-5-S3-00171
WBCIC,4,5,2,withheld_until_outcome_lock,query,18564,wbcic-5-S3-00172
WBCIC,4,5,2,withheld_until_outcome_lock,query,18565,wbcic-5-S3-00173
WBCIC,4,5,2,withheld_until_outcome_lock,query,18566,wbcic-5-S3-00174
WBCIC,4,5,2,withheld_until_outcome_lock,query,18567,wbcic-5-S3-00175
WBCIC,4,5,2,withheld_until_outcome_lock,query,18568,wbcic-5-S3-00176
WBCIC,4,5,2,withheld_until_outcome_lock,query,18569,wbcic-5-S3-00177
WBCIC,4,5,2,withheld_until_outcome_lock,query,18570,wbcic-5-S3-00178
WBCIC,4,5,2,withheld_until_outcome_lock,query,18571,wbcic-5-S3-00179
WBCIC,4,5,2,withheld_until_outcome_lock,query,18572,wbcic-5-S3-00180
WBCIC,4,5,2,withheld_until_outcome_lock,query,18573,wbcic-5-S3-00181
WBCIC,4,5,2,withheld_until_outcome_lock,query,18574,wbcic-5-S3-00182
WBCIC,4,5,2,withheld_until_outcome_lock,query,18575,wbcic-5-S3-00183
WBCIC,4,5,2,withheld_until_outcome_lock,query,18576,wbcic-5-S3-00184
WBCIC,4,5,2,withheld_until_outcome_lock,query,18577,wbcic-5-S3-00185
WBCIC,4,5,2,withheld_until_outcome_lock,query,18578,wbcic-5-S3-00186
WBCIC,4,5,2,withheld_until_outcome_lock,query,18579,wbcic-5-S3-00187
WBCIC,4,5,2,withheld_until_outcome_lock,query,18580,wbcic-5-S3-00188
WBCIC,4,5,2,withheld_until_outcome_lock,query,18581,wbcic-5-S3-00189
WBCIC,4,5,2,withheld_until_outcome_lock,query,18582,wbcic-5-S3-00190
WBCIC,4,5,2,withheld_until_outcome_lock,query,18583,wbcic-5-S3-00191
WBCIC,4,5,2,withheld_until_outcome_lock,query,18584,wbcic-5-S3-00192
WBCIC,4,5,2,withheld_until_outcome_lock,query,18585,wbcic-5-S3-00193
WBCIC,4,5,2,withheld_until_outcome_lock,query,18586,wbcic-5-S3-00194
WBCIC,4,5,2,withheld_until_outcome_lock,query,18587,wbcic-5-S3-00195
WBCIC,4,5,2,withheld_until_outcome_lock,query,18588,wbcic-5-S3-00196
WBCIC,4,5,2,withheld_until_outcome_lock,query,18589,wbcic-5-S3-00197
WBCIC,4,5,2,withheld_until_outcome_lock,query,18590,wbcic-5-S3-00198
WBCIC,4,5,2,withheld_until_outcome_lock,query,18591,wbcic-5-S3-00199
