dataset,sample_id,subject,label,s_vote,p_final,prediction,w_keep,w_amplify,w_geometry,nonkeep_mass,stable_high_conf,rescue,harm
WBCIC,11|S1|T0,11,1,0.0,0.7330359104938742,1,1.0,0.0,0.0,0.0,True,False,False
WBCIC,11|S1|T1,11,0,0.0,0.2361500695535577,0,1.0,0.0,0.0,0.0,True,False,False
WBCIC,11|S1|T10,11,0,0.0,0.22274205620276757,0,1.0,0.0,0.0,0.0,True,False,False
WBCIC,11|S1|T100,11,1,0.0,0.7251994347483635,1,1.0,0.0,0.0,0.0,True,False,False
WBCIC,11|S1|T101,11,1,0.0,0.8691375340081821,1,1.0,0.0,0.0,0.0,True,False,False
WBCIC,11|S1|T102,11,0,0.0,0.32420087397284725,0,1.0,0.0,0.0,0.0,False,False,False
WBCIC,11|S1|T103,11,0,0.0,0.2510381165912831,0,1.0,0.0,0.0,0.0,True,False,False
WBCIC,11|S1|T104,11,1,0.33333333333333326,0.44218861286566113,0,1.0,0.0,0.0,0.0,False,False,False
WBCIC,11|S1|T105,11,1,0.0,0.7200568538557414,1,1.0,0.0,0.0,0.0,True,False,False
WBCIC,11|S1|T106,11,1,1.0,0.5622155973046907,1,0.49243821274458927,0.5075617872554107,0.0,0.5075617872554107,False,False,False
WBCIC,11|S1|T107,11,0,0.0,0.19444867612278607,0,1.0,0.0,0.0,0.0,True,False,False
WBCIC,11|S1|T108,11,0,0.33333333333333326,0.37643310784942335,0,1.0,0.0,0.0,0.0,False,False,False
WBCIC,11|S1|T109,11,1,0.6666666666666666,0.5136873612580272,1,1.0,0.0,0.0,0.0,False,False,False
WBCIC,11|S1|T11,11,1,0.33333333333333326,0.7212975434395168,1,1.0,0.0,0.0,0.0,False,False,False
WBCIC,11|S1|T110,11,0,0.0,0.30664245989578726,0,1.0,0.0,0.0,0.0,False,False,False
WBCIC,11|S1|T111,11,0,0.0,0.25535570833721843,0,1.0,0.0,0.0,0.0,True,False,False
WBCIC,11|S1|T112,11,0,0.0,0.39007321510954557,0,1.0,0.0,0.0,0.0,False,False,False
WBCIC,11|S1|T113,11,1,0.6666666666666667,0.5753239349942668,1,1.0,0.0,0.0,0.0,False,False,False
WBCIC,11|S1|T114,11,0,1.0,0.49593436415470865,0,1.0,0.0,0.0,0.0,False,False,False
WBCIC,11|S1|T115,11,0,0.0,0.27657972677822584,0,1.0,0.0,0.0,0.0,True,False,False
WBCIC,11|S1|T116,11,1,1.0,0.3870304546733272,0,0.49736052670964037,0.5026394732903596,0.0,0.5026394732903596,False,False,False
WBCIC,11|S1|T117,11,1,0.0,0.2184910943165609,0,1.0,0.0,0.0,0.0,True,False,False
WBCIC,11|S1|T118,11,1,1.0,0.5136522152037777,1,1.0,0.0,0.0,0.0,False,False,False
WBCIC,11|S1|T119,11,1,0.0,0.301531832091873,0,1.0,0.0,0.0,0.0,False,False,False
WBCIC,11|S1|T12,11,1,0.0,0.6989776865930549,1,1.0,0.0,0.0,0.0,False,False,False
WBCIC,11|S1|T120,11,0,0.33333333333333326,0.4251113468778944,0,1.0,0.0,0.0,0.0,False,False,False
WBCIC,11|S1|T121,11,0,0.0,0.20845015083537333,0,1.0,0.0,0.0,0.0,True,False,False
WBCIC,11|S1|T122,11,0,0.0,0.21854016560680753,0,1.0,0.0,0.0,0.0,True,False,False
WBCIC,11|S1|T123,11,0,0.0,0.27796051688540335,0,1.0,0.0,0.0,0.0,True,False,False
WBCIC,11|S1|T124,11,1,0.0,0.8225580097990254,1,1.0,0.0,0.0,0.0,True,False,False
WBCIC,11|S1|T125,11,0,0.0,0.2862254405780528,0,1.0,0.0,0.0,0.0,True,False,False
WBCIC,11|S1|T126,11,1,0.6666666666666667,0.6065608303379644,1,1.0,0.0,0.0,0.0,False,False,False
WBCIC,11|S1|T127,11,1,0.33333333333333326,0.36830602267685814,0,1.0,0.0,0.0,0.0,False,False,False
WBCIC,11|S1|T128,11,1,0.0,0.7951391260842827,1,1.0,0.0,0.0,0.0,True,False,False
WBCIC,11|S1|T129,11,1,0.0,0.7500269758833377,1,1.0,0.0,0.0,0.0,True,False,False
WBCIC,11|S1|T13,11,1,0.0,0.7306057850509836,1,1.0,0.0,0.0,0.0,True,False,False
WBCIC,11|S1|T130,11,0,0.33333333333333326,0.6359976228429703,1,0.7554742887093749,0.24452571129062514,0.0,0.24452571129062514,False,False,False
WBCIC,11|S1|T131,11,0,0.0,0.2290339103717064,0,1.0,0.0,0.0,0.0,True,False,False
WBCIC,11|S1|T132,11,0,0.6666666666666666,0.46651417592230876,0,1.0,0.0,0.0,0.0,False,False,False
WBCIC,11|S1|T133,11,1,0.0,0.6841735076342932,1,1.0,0.0,0.0,0.0,False,False,False
WBCIC,11|S1|T134,11,1,0.0,0.7023961533815847,1,1.0,0.0,0.0,0.0,True,False,False
WBCIC,11|S1|T135,11,1,0.0,0.4339788501996753,0,1.0,0.0,0.0,0.0,False,False,False
WBCIC,11|S1|T136,11,0,0.6666666666666666,0.48429735198617685,0,0.6419562681726926,0.35804373182730753,0.0,0.35804373182730753,False,False,False
WBCIC,11|S1|T137,11,0,0.0,0.22673874330362542,0,1.0,0.0,0.0,0.0,True,False,False
WBCIC,11|S1|T138,11,0,0.0,0.24986505989773344,0,1.0,0.0,0.0,0.0,True,False,False
WBCIC,11|S1|T139,11,1,0.33333333333333326,0.4163521260406187,0,1.0,0.0,0.0,0.0,False,False,False
WBCIC,11|S1|T14,11,1,0.33333333333333326,0.6739477564076394,1,1.0,0.0,0.0,0.0,False,False,False
WBCIC,11|S1|T140,11,1,0.0,0.7455504431927218,1,1.0,0.0,0.0,0.0,True,False,False
WBCIC,11|S1|T141,11,0,0.33333333333333326,0.4363059839615792,0,0.7764359918453169,0.22356400815468325,0.0,0.22356400815468325,False,False,False
WBCIC,11|S1|T142,11,1,0.0,0.8283288370858735,1,1.0,0.0,0.0,0.0,True,False,False
WBCIC,11|S1|T143,11,1,0.33333333333333326,0.6890874443779299,1,1.0,0.0,0.0,0.0,False,False,False
WBCIC,11|S1|T144,11,0,0.0,0.26897683894145696,0,1.0,0.0,0.0,0.0,True,False,False
WBCIC,11|S1|T145,11,0,0.33333333333333326,0.5783779792466199,1,1.0,0.0,0.0,0.0,False,False,False
WBCIC,11|S1|T146,11,1,0.0,0.6628265545699014,1,1.0,0.0,0.0,0.0,False,False,False
WBCIC,11|S1|T147,11,0,1.0,0.654447339506904,1,1.0,0.0,0.0,0.0,False,False,False
WBCIC,11|S1|T148,11,1,1.0,0.5393676055432527,1,1.0,0.0,0.0,0.0,False,False,False
WBCIC,11|S1|T149,11,1,1.0,0.5349102460270607,1,1.0,0.0,0.0,0.0,False,False,False
WBCIC,11|S1|T15,11,1,0.0,0.7637859591571896,1,1.0,0.0,0.0,0.0,True,False,False
WBCIC,11|S1|T150,11,1,0.6666666666666667,0.6572603193410387,1,0.6284519288504705,0.3715480711495294,0.0,0.3715480711495294,False,False,False
WBCIC,11|S1|T151,11,1,0.0,0.19228939054244554,0,1.0,0.0,0.0,0.0,True,False,False
WBCIC,11|S1|T152,11,0,0.0,0.3828173656320759,0,1.0,0.0,0.0,0.0,False,False,False
WBCIC,11|S1|T153,11,1,0.0,0.25296828262769294,0,1.0,0.0,0.0,0.0,True,False,False
WBCIC,11|S1|T154,11,0,0.0,0.21985094335981303,0,1.0,0.0,0.0,0.0,True,False,False
WBCIC,11|S1|T155,11,1,0.6666666666666667,0.6451490004792344,1,0.6366350395216478,0.36336496047835226,0.0,0.36336496047835226,False,False,False
WBCIC,11|S1|T156,11,0,0.33333333333333326,0.36296693622244,0,1.0,0.0,0.0,0.0,False,False,False
WBCIC,11|S1|T157,11,0,0.0,0.27799661693805605,0,1.0,0.0,0.0,0.0,True,False,False
WBCIC,11|S1|T158,11,0,1.0,0.5810125196688645,1,0.5371622332459256,0.46283776675407434,0.0,0.46283776675407434,False,False,False
WBCIC,11|S1|T159,11,1,0.0,0.761540108667767,1,1.0,0.0,0.0,0.0,True,False,False
WBCIC,11|S1|T16,11,1,0.6666666666666666,0.42452438524295616,0,1.0,0.0,0.0,0.0,False,False,False
WBCIC,11|S1|T160,11,1,1.0,0.6172474167901171,1,1.0,0.0,0.0,0.0,False,False,False
WBCIC,11|S1|T161,11,1,0.6666666666666667,0.6422794543215151,1,0.6254940736715081,0.37450592632849194,0.0,0.37450592632849194,False,False,False
WBCIC,11|S1|T162,11,0,0.0,0.23212822135278322,0,1.0,0.0,0.0,0.0,True,False,False
WBCIC,11|S1|T163,11,0,1.0,0.5964214445771688,1,1.0,0.0,0.0,0.0,False,False,False
WBCIC,11|S1|T164,11,1,0.33333333333333326,0.6568394101841043,1,0.6225635748818109,0.1912354799757219,0.18620094514246718,0.3774364251181891,False,False,False
WBCIC,11|S1|T165,11,1,0.33333333333333326,0.6719102889047962,1,1.0,0.0,0.0,0.0,False,False,False
WBCIC,11|S1|T166,11,1,1.0,0.5408096033159134,1,1.0,0.0,0.0,0.0,False,False,False
WBCIC,11|S1|T167,11,1,0.0,0.786621002764266,1,1.0,0.0,0.0,0.0,True,False,False
WBCIC,11|S1|T168,11,0,0.0,0.13597773003297856,0,1.0,0.0,0.0,0.0,True,False,False
WBCIC,11|S1|T169,11,0,0.0,0.20560773323081918,0,1.0,0.0,0.0,0.0,True,False,False
WBCIC,11|S1|T17,11,0,0.0,0.17861808626301642,0,1.0,0.0,0.0,0.0,True,False,False
WBCIC,11|S1|T170,11,0,0.0,0.30770522488125845,0,1.0,0.0,0.0,0.0,False,False,False
WBCIC,11|S1|T171,11,0,1.0,0.5095195708872288,1,1.0,0.0,0.0,0.0,False,False,False
WBCIC,11|S1|T172,11,0,0.33333333333333326,0.4288806239935947,0,1.0,0.0,0.0,0.0,False,False,False
WBCIC,11|S1|T173,11,1,0.6666666666666666,0.4822333044634728,0,0.659082182170555,0.0,0.34091781782944497,0.34091781782944497,False,False,False
WBCIC,11|S1|T174,11,1,1.0,0.5721487023266973,1,1.0,0.0,0.0,0.0,False,False,False
WBCIC,11|S1|T175,11,0,0.0,0.17351804985690414,0,1.0,0.0,0.0,0.0,True,False,False
WBCIC,11|S1|T176,11,1,1.0,0.4745847550389181,0,1.0,0.0,0.0,0.0,False,False,False
WBCIC,11|S1|T177,11,1,0.6666666666666667,0.5385685349596694,1,1.0,0.0,0.0,0.0,False,False,False
WBCIC,11|S1|T178,11,0,0.0,0.37281620481665273,0,1.0,0.0,0.0,0.0,False,False,False
WBCIC,11|S1|T179,11,0,0.0,0.3983318468790466,0,1.0,0.0,0.0,0.0,False,False,False
WBCIC,11|S1|T18,11,0,0.0,0.1878124404870689,0,1.0,0.0,0.0,0.0,True,False,False
WBCIC,11|S1|T180,11,1,0.33333333333333326,0.5516895418417601,1,1.0,0.0,0.0,0.0,False,False,False
WBCIC,11|S1|T181,11,1,0.6666666666666666,0.4840958617633768,0,1.0,0.0,0.0,0.0,False,False,False
WBCIC,11|S1|T182,11,0,0.0,0.6858811251824513,1,1.0,0.0,0.0,0.0,False,False,False
WBCIC,11|S1|T183,11,1,0.6666666666666667,0.7101210113309813,1,0.6427695982326074,0.3572304017673927,0.0,0.3572304017673927,False,False,False
WBCIC,11|S1|T184,11,1,0.0,0.7285778202944929,1,1.0,0.0,0.0,0.0,True,False,False
WBCIC,11|S1|T185,11,1,0.0,0.7345947577631299,1,1.0,0.0,0.0,0.0,True,False,False
WBCIC,11|S1|T186,11,0,0.33333333333333326,0.42996129890029117,0,1.0,0.0,0.0,0.0,False,False,False
WBCIC,11|S1|T187,11,0,0.0,0.21114086450502476,0,1.0,0.0,0.0,0.0,True,False,False
WBCIC,11|S1|T188,11,1,0.0,0.6688017948476195,1,1.0,0.0,0.0,0.0,False,False,False
WBCIC,11|S1|T189,11,0,0.0,0.247713287624422,0,1.0,0.0,0.0,0.0,True,False,False
WBCIC,11|S1|T19,11,0,0.6666666666666666,0.40992521960888917,0,1.0,0.0,0.0,0.0,False,False,False
WBCIC,11|S1|T190,11,0,0.0,0.1848118283193866,0,1.0,0.0,0.0,0.0,True,False,False
WBCIC,11|S1|T191,11,1,0.6666666666666667,0.6454126368688617,1,0.45995126177514317,0.2796196251314299,0.2604291130934269,0.5400487382248569,False,False,False
WBCIC,11|S1|T192,11,0,0.0,0.24415962114570822,0,1.0,0.0,0.0,0.0,True,False,False
WBCIC,11|S1|T193,11,0,0.0,0.2644581493480938,0,1.0,0.0,0.0,0.0,True,False,False
WBCIC,11|S1|T194,11,1,0.0,0.6344485679686073,1,1.0,0.0,0.0,0.0,False,False,False
WBCIC,11|S1|T195,11,1,0.0,0.605486167467773,1,1.0,0.0,0.0,0.0,False,False,False
WBCIC,11|S1|T196,11,0,0.0,0.2487452742802435,0,1.0,0.0,0.0,0.0,True,False,False
WBCIC,11|S1|T197,11,0,0.6666666666666666,0.4594913243392425,0,1.0,0.0,0.0,0.0,False,False,False
WBCIC,11|S1|T198,11,1,0.0,0.8160076570011654,1,1.0,0.0,0.0,0.0,True,False,False
WBCIC,11|S1|T199,11,0,0.0,0.1314697535558396,0,1.0,0.0,0.0,0.0,True,False,False
WBCIC,11|S1|T2,11,1,0.0,0.801731794627076,1,1.0,0.0,0.0,0.0,True,False,False
WBCIC,11|S1|T20,11,1,0.33333333333333326,0.4079680089187905,0,1.0,0.0,0.0,0.0,False,False,False
WBCIC,11|S1|T21,11,0,0.0,0.20244778086038615,0,1.0,0.0,0.0,0.0,True,False,False
WBCIC,11|S1|T22,11,0,1.0,0.6546831466597137,1,1.0,0.0,0.0,0.0,False,False,False
WBCIC,11|S1|T23,11,0,1.0,0.4319646773115849,0,1.0,0.0,0.0,0.0,False,False,False
WBCIC,11|S1|T24,11,0,0.6666666666666667,0.501670909060561,1,1.0,0.0,0.0,0.0,False,False,False
WBCIC,11|S1|T25,11,1,0.33333333333333326,0.6706493641315858,1,0.7731074017732961,0.0,0.22689259822670396,0.22689259822670396,False,False,False
WBCIC,11|S1|T26,11,1,0.33333333333333326,0.4626151591485306,0,1.0,0.0,0.0,0.0,False,False,False
WBCIC,11|S1|T27,11,1,0.6666666666666667,0.6664257229399976,1,1.0,0.0,0.0,0.0,False,False,False
WBCIC,11|S1|T28,11,1,0.0,0.7853254764449846,1,1.0,0.0,0.0,0.0,True,False,False
WBCIC,11|S1|T29,11,0,0.33333333333333326,0.3154937437017322,0,0.7571938203406026,0.2428061796593975,0.0,0.2428061796593975,False,False,False
WBCIC,11|S1|T3,11,0,0.0,0.27775038848087524,0,1.0,0.0,0.0,0.0,True,False,False
WBCIC,11|S1|T30,11,1,0.6666666666666667,0.721685771321687,1,1.0,0.0,0.0,0.0,False,False,False
WBCIC,11|S1|T31,11,0,1.0,0.5369182432699026,1,1.0,0.0,0.0,0.0,False,False,False
WBCIC,11|S1|T32,11,0,1.0,0.6294032069776143,1,0.495689436296067,0.504310563703933,0.0,0.504310563703933,False,False,False
WBCIC,11|S1|T33,11,0,0.0,0.13926364049603238,0,1.0,0.0,0.0,0.0,True,False,False
WBCIC,11|S1|T34,11,1,0.0,0.5881704414650369,1,1.0,0.0,0.0,0.0,False,False,False
WBCIC,11|S1|T35,11,0,1.0,0.6110880293447777,1,0.49550170350166967,0.5044982964983303,0.0,0.5044982964983303,False,False,False
WBCIC,11|S1|T36,11,0,0.33333333333333326,0.6484474773223105,1,1.0,0.0,0.0,0.0,False,False,False
WBCIC,11|S1|T37,11,0,0.0,0.3741826170818592,0,1.0,0.0,0.0,0.0,False,False,False
WBCIC,11|S1|T38,11,1,0.0,0.7662048258330055,1,1.0,0.0,0.0,0.0,True,False,False
WBCIC,11|S1|T39,11,0,0.33333333333333326,0.4407013272005991,0,1.0,0.0,0.0,0.0,False,False,False
WBCIC,11|S1|T4,11,0,0.0,0.20101276972075455,0,1.0,0.0,0.0,0.0,True,False,False
WBCIC,11|S1|T40,11,1,1.0,0.507432358722672,1,0.4965795636506802,0.0,0.5034204363493198,0.5034204363493198,False,True,False
WBCIC,11|S1|T41,11,1,0.6666666666666666,0.4665519982186617,0,1.0,0.0,0.0,0.0,False,False,False
WBCIC,11|S1|T42,11,0,0.0,0.3383142440367713,0,1.0,0.0,0.0,0.0,False,False,False
WBCIC,11|S1|T43,11,0,0.0,0.15978447602342608,0,1.0,0.0,0.0,0.0,True,False,False
WBCIC,11|S1|T44,11,1,0.0,0.8180471245192381,1,1.0,0.0,0.0,0.0,True,False,False
WBCIC,11|S1|T45,11,1,0.33333333333333326,0.6976151280852857,1,1.0,0.0,0.0,0.0,False,False,False
WBCIC,11|S1|T46,11,0,0.0,0.1070796918525559,0,1.0,0.0,0.0,0.0,True,False,False
WBCIC,11|S1|T47,11,0,1.0,0.4809953408599472,0,1.0,0.0,0.0,0.0,False,False,False
WBCIC,11|S1|T48,11,0,0.0,0.2598398748822286,0,1.0,0.0,0.0,0.0,True,False,False
WBCIC,11|S1|T49,11,1,0.0,0.7675934593641426,1,1.0,0.0,0.0,0.0,True,False,False
WBCIC,11|S1|T5,11,1,0.0,0.8212072177875532,1,1.0,0.0,0.0,0.0,True,False,False
WBCIC,11|S1|T50,11,0,0.0,0.2463687389564194,0,1.0,0.0,0.0,0.0,True,False,False
WBCIC,11|S1|T51,11,1,0.33333333333333326,0.6841532499119766,1,1.0,0.0,0.0,0.0,False,False,False
WBCIC,11|S1|T52,11,0,0.0,0.09403692784834423,0,1.0,0.0,0.0,0.0,True,False,False
WBCIC,11|S1|T53,11,0,0.0,0.10251192232365038,0,1.0,0.0,0.0,0.0,True,False,False
WBCIC,11|S1|T54,11,0,0.0,0.14689656388325636,0,1.0,0.0,0.0,0.0,True,False,False
WBCIC,11|S1|T55,11,1,0.6666666666666667,0.6132721136377324,1,0.4665015461289419,0.2762006233430335,0.2572978305280246,0.5334984538710581,False,False,False
WBCIC,11|S1|T56,11,1,1.0,0.4922128801119929,0,1.0,0.0,0.0,0.0,False,False,False
WBCIC,11|S1|T57,11,0,0.6666666666666667,0.5208217196892216,1,1.0,0.0,0.0,0.0,False,False,False
WBCIC,11|S1|T58,11,0,0.0,0.2649810877553307,0,1.0,0.0,0.0,0.0,True,False,False
WBCIC,11|S1|T59,11,0,0.0,0.22270480700938597,0,1.0,0.0,0.0,0.0,True,False,False
WBCIC,11|S1|T6,11,0,0.33333333333333326,0.34193000485040215,0,1.0,0.0,0.0,0.0,False,False,False
WBCIC,11|S1|T60,11,1,0.6666666666666667,0.5785377293005636,1,0.6400069639229573,0.0,0.35999303607704275,0.35999303607704275,False,False,False
WBCIC,11|S1|T61,11,1,0.6666666666666666,0.4782391310089733,0,0.6579255314545869,0.3420744685454131,0.0,0.3420744685454131,False,False,False
WBCIC,11|S1|T62,11,1,1.0,0.5551298811077946,1,1.0,0.0,0.0,0.0,False,False,False
WBCIC,11|S1|T63,11,0,0.0,0.241326438766296,0,1.0,0.0,0.0,0.0,True,False,False
WBCIC,11|S1|T64,11,1,1.0,0.4950600541722549,0,1.0,0.0,0.0,0.0,False,False,False
WBCIC,11|S1|T65,11,1,0.0,0.19041036968261568,0,1.0,0.0,0.0,0.0,True,False,False
WBCIC,11|S1|T66,11,0,1.0,0.559621843533933,1,1.0,0.0,0.0,0.0,False,False,False
WBCIC,11|S1|T67,11,1,0.33333333333333326,0.6130182758094669,1,1.0,0.0,0.0,0.0,False,False,False
WBCIC,11|S1|T68,11,1,0.33333333333333326,0.7326927726101936,1,1.0,0.0,0.0,0.0,False,False,False
WBCIC,11|S1|T69,11,0,0.0,0.21404314900615648,0,1.0,0.0,0.0,0.0,True,False,False
WBCIC,11|S1|T7,11,1,0.6666666666666666,0.41201441712680414,0,1.0,0.0,0.0,0.0,False,False,False
WBCIC,11|S1|T70,11,0,0.0,0.21312126307469914,0,1.0,0.0,0.0,0.0,True,False,False
WBCIC,11|S1|T71,11,0,0.0,0.25226694872825667,0,1.0,0.0,0.0,0.0,True,False,False
WBCIC,11|S1|T72,11,1,0.33333333333333326,0.5467326061471414,1,1.0,0.0,0.0,0.0,False,False,False
WBCIC,11|S1|T73,11,1,0.0,0.8341370667726453,1,1.0,0.0,0.0,0.0,True,False,False
WBCIC,11|S1|T74,11,0,1.0,0.4845638122395077,0,1.0,0.0,0.0,0.0,False,False,False
WBCIC,11|S1|T75,11,0,0.0,0.23689484586982815,0,1.0,0.0,0.0,0.0,True,False,False
WBCIC,11|S1|T76,11,0,0.0,0.14025651185263602,0,1.0,0.0,0.0,0.0,True,False,False
WBCIC,11|S1|T77,11,1,0.0,0.5912479223088806,1,1.0,0.0,0.0,0.0,False,False,False
WBCIC,11|S1|T78,11,1,0.0,0.5629247972812638,1,1.0,0.0,0.0,0.0,False,False,False
WBCIC,11|S1|T79,11,1,0.0,0.669961089426427,1,1.0,0.0,0.0,0.0,False,False,False
WBCIC,11|S1|T8,11,1,0.6666666666666667,0.6705080375799245,1,0.6443966912032416,0.35560330879675844,0.0,0.35560330879675844,False,False,False
WBCIC,11|S1|T80,11,1,0.0,0.3363926208895977,0,1.0,0.0,0.0,0.0,False,False,False
WBCIC,11|S1|T81,11,0,0.33333333333333326,0.580993932296095,1,1.0,0.0,0.0,0.0,False,False,False
WBCIC,11|S1|T82,11,0,0.6666666666666666,0.4461881609357345,0,1.0,0.0,0.0,0.0,False,False,False
WBCIC,11|S1|T83,11,1,0.0,0.30077852198536753,0,1.0,0.0,0.0,0.0,False,False,False
WBCIC,11|S1|T84,11,0,0.0,0.25527015221477084,0,1.0,0.0,0.0,0.0,True,False,False
WBCIC,11|S1|T85,11,0,0.0,0.2369066689596584,0,1.0,0.0,0.0,0.0,True,False,False
WBCIC,11|S1|T86,11,0,0.0,0.11800862437024014,0,1.0,0.0,0.0,0.0,True,False,False
WBCIC,11|S1|T87,11,1,0.0,0.3681652225067706,0,1.0,0.0,0.0,0.0,False,False,False
WBCIC,11|S1|T88,11,1,0.0,0.8309487781485544,1,1.0,0.0,0.0,0.0,True,False,False
WBCIC,11|S1|T89,11,1,0.0,0.7126525933266962,1,1.0,0.0,0.0,0.0,True,False,False
WBCIC,11|S1|T9,11,1,1.0,0.49997113095916795,0,1.0,0.0,0.0,0.0,False,False,False
WBCIC,11|S1|T90,11,0,0.0,0.1997691744250981,0,1.0,0.0,0.0,0.0,True,False,False
WBCIC,11|S1|T91,11,0,1.0,0.5502734496534453,1,1.0,0.0,0.0,0.0,False,False,False
WBCIC,11|S1|T92,11,0,0.33333333333333326,0.4222760690548378,0,1.0,0.0,0.0,0.0,False,False,False
WBCIC,11|S1|T93,11,0,0.6666666666666667,0.7311596175088325,1,0.46247918047213116,0.26041409400501453,0.2771067255228543,0.5375208195278689,False,False,False
WBCIC,11|S1|T94,11,0,0.0,0.18172823794787676,0,1.0,0.0,0.0,0.0,True,False,False
WBCIC,11|S1|T95,11,1,0.0,0.7558276644699333,1,1.0,0.0,0.0,0.0,True,False,False
WBCIC,11|S1|T96,11,0,0.0,0.18287680870418746,0,1.0,0.0,0.0,0.0,True,False,False
WBCIC,11|S1|T97,11,1,0.6666666666666667,0.6850851475396984,1,0.4622208317565084,0.2742836021086018,0.2634955661348898,0.5377791682434916,False,False,False
WBCIC,11|S1|T98,11,1,0.6666666666666667,0.5905807900585941,1,1.0,0.0,0.0,0.0,False,False,False
WBCIC,11|S1|T99,11,1,1.0,0.6860887636090041,1,0.5092182385814855,0.49078176141851454,0.0,0.49078176141851454,False,False,False
WBCIC,12|S1|T0,12,1,0.0,0.6232030945263514,1,1.0,0.0,0.0,0.0,False,False,False
WBCIC,12|S1|T1,12,0,0.0,0.35313189684382484,0,1.0,0.0,0.0,0.0,False,False,False
WBCIC,12|S1|T10,12,0,0.0,0.20323803472607047,0,1.0,0.0,0.0,0.0,True,False,False
WBCIC,12|S1|T100,12,1,0.0,0.2814446421552918,0,1.0,0.0,0.0,0.0,True,False,False
WBCIC,12|S1|T101,12,0,0.0,0.1454368872442409,0,1.0,0.0,0.0,0.0,True,False,False
WBCIC,12|S1|T102,12,0,0.0,0.2632582898141809,0,1.0,0.0,0.0,0.0,True,False,False
WBCIC,12|S1|T103,12,0,0.0,0.2814513048537487,0,1.0,0.0,0.0,0.0,True,False,False
WBCIC,12|S1|T104,12,0,0.0,0.4204067720773887,0,1.0,0.0,0.0,0.0,False,False,False
WBCIC,12|S1|T105,12,1,0.0,0.3465004230461181,0,1.0,0.0,0.0,0.0,False,False,False
WBCIC,12|S1|T106,12,1,0.0,0.6252142654946987,1,1.0,0.0,0.0,0.0,False,False,False
WBCIC,12|S1|T107,12,1,0.0,0.2979296022536595,0,1.0,0.0,0.0,0.0,True,False,False
WBCIC,12|S1|T108,12,1,0.0,0.19298448704779636,0,1.0,0.0,0.0,0.0,True,False,False
WBCIC,12|S1|T109,12,0,0.6666666666666666,0.5541381471590832,1,0.4629739290909539,0.27679559745673843,0.2602304734523076,0.537026070909046,False,False,False
WBCIC,12|S1|T11,12,1,0.6666666666666667,0.6069496258126653,1,1.0,0.0,0.0,0.0,False,False,False
WBCIC,12|S1|T110,12,1,0.6666666666666666,0.48398404787275456,0,1.0,0.0,0.0,0.0,False,False,False
WBCIC,12|S1|T111,12,1,0.6666666666666667,0.6822637476420054,1,1.0,0.0,0.0,0.0,False,False,False
WBCIC,12|S1|T112,12,0,0.6666666666666667,0.5700194138455276,1,1.0,0.0,0.0,0.0,False,False,False
WBCIC,12|S1|T113,12,0,0.0,0.3398566032059831,0,1.0,0.0,0.0,0.0,False,False,False
WBCIC,12|S1|T114,12,1,0.0,0.7275387766120817,1,1.0,0.0,0.0,0.0,True,False,False
WBCIC,12|S1|T115,12,0,0.0,0.2748462087394107,0,1.0,0.0,0.0,0.0,True,False,False
WBCIC,12|S1|T116,12,0,0.0,0.3115183079432667,0,1.0,0.0,0.0,0.0,False,False,False
WBCIC,12|S1|T117,12,1,0.6666666666666666,0.4850859130734598,0,0.6118523732136785,0.0,0.3881476267863216,0.3881476267863216,False,False,False
WBCIC,12|S1|T118,12,0,0.33333333333333326,0.32957085493441285,0,1.0,0.0,0.0,0.0,False,False,False
WBCIC,12|S1|T119,12,1,0.0,0.3091180848880222,0,1.0,0.0,0.0,0.0,False,False,False
WBCIC,12|S1|T12,12,1,0.0,0.2815151506005305,0,1.0,0.0,0.0,0.0,True,False,False
WBCIC,12|S1|T120,12,1,0.0,0.3401734594431476,0,1.0,0.0,0.0,0.0,False,False,False
WBCIC,12|S1|T121,12,0,0.0,0.7589567716413012,1,1.0,0.0,0.0,0.0,True,False,False
WBCIC,12|S1|T122,12,1,0.6666666666666667,0.609717123495755,1,1.0,0.0,0.0,0.0,False,False,False
WBCIC,12|S1|T123,12,1,0.0,0.6659656354326187,1,1.0,0.0,0.0,0.0,False,False,False
WBCIC,12|S1|T124,12,1,1.0,0.5644100277789148,1,0.5101664018553229,0.0,0.48983359814467714,0.48983359814467714,False,False,False
WBCIC,12|S1|T125,12,0,0.33333333333333326,0.32936917347576733,0,1.0,0.0,0.0,0.0,False,False,False
WBCIC,12|S1|T126,12,1,0.0,0.32704572684927075,0,1.0,0.0,0.0,0.0,False,False,False
WBCIC,12|S1|T127,12,1,0.0,0.31162721254739506,0,1.0,0.0,0.0,0.0,False,False,False
WBCIC,12|S1|T128,12,0,0.6666666666666666,0.5636142215438,1,1.0,0.0,0.0,0.0,False,False,False
WBCIC,12|S1|T129,12,0,1.0,0.5852744716394035,1,1.0,0.0,0.0,0.0,False,False,False
WBCIC,12|S1|T13,12,0,0.0,0.2820969878833813,0,1.0,0.0,0.0,0.0,True,False,False
WBCIC,12|S1|T130,12,1,0.33333333333333326,0.6748105180003877,1,1.0,0.0,0.0,0.0,False,False,False
WBCIC,12|S1|T131,12,0,0.0,0.32840900941782813,0,1.0,0.0,0.0,0.0,False,False,False
WBCIC,12|S1|T132,12,0,0.0,0.2762020187124302,0,1.0,0.0,0.0,0.0,True,False,False
WBCIC,12|S1|T133,12,1,0.0,0.18369112943021662,0,1.0,0.0,0.0,0.0,True,False,False
WBCIC,12|S1|T134,12,0,0.0,0.19922000123338468,0,1.0,0.0,0.0,0.0,True,False,False
WBCIC,12|S1|T135,12,1,0.33333333333333326,0.7528157016790872,1,1.0,0.0,0.0,0.0,False,False,False
WBCIC,12|S1|T136,12,0,0.0,0.26563861559935337,0,1.0,0.0,0.0,0.0,True,False,False
WBCIC,12|S1|T137,12,1,0.0,0.7841526141145119,1,1.0,0.0,0.0,0.0,True,False,False
WBCIC,12|S1|T138,12,1,0.0,0.2891557690923106,0,1.0,0.0,0.0,0.0,True,False,False
WBCIC,12|S1|T139,12,0,1.0,0.5410972745198143,1,1.0,0.0,0.0,0.0,False,False,False
WBCIC,12|S1|T14,12,1,0.0,0.2674583523621432,0,1.0,0.0,0.0,0.0,True,False,False
WBCIC,12|S1|T140,12,1,0.33333333333333326,0.4180886683214801,0,1.0,0.0,0.0,0.0,False,False,False
WBCIC,12|S1|T141,12,1,0.0,0.2743340022862004,0,1.0,0.0,0.0,0.0,True,False,False
WBCIC,12|S1|T142,12,1,0.0,0.726595711863636,1,1.0,0.0,0.0,0.0,True,False,False
WBCIC,12|S1|T143,12,0,1.0,0.4358801921513867,0,1.0,0.0,0.0,0.0,False,False,False
WBCIC,12|S1|T144,12,1,1.0,0.5876666707294226,1,1.0,0.0,0.0,0.0,False,False,False
WBCIC,12|S1|T145,12,1,0.33333333333333326,0.29960467933448764,0,1.0,0.0,0.0,0.0,False,False,False
WBCIC,12|S1|T146,12,0,0.0,0.3811629659290195,0,1.0,0.0,0.0,0.0,False,False,False
WBCIC,12|S1|T147,12,0,0.33333333333333326,0.6179730451065556,1,1.0,0.0,0.0,0.0,False,False,False
WBCIC,12|S1|T148,12,0,0.0,0.7853329767551777,1,1.0,0.0,0.0,0.0,True,False,False
WBCIC,12|S1|T149,12,0,0.0,0.2672925178149476,0,1.0,0.0,0.0,0.0,True,False,False
WBCIC,12|S1|T15,12,0,0.0,0.3830458320717065,0,1.0,0.0,0.0,0.0,False,False,False
WBCIC,12|S1|T150,12,1,0.0,0.7332797004597663,1,1.0,0.0,0.0,0.0,True,False,False
WBCIC,12|S1|T151,12,0,0.0,0.3868957880371453,0,1.0,0.0,0.0,0.0,False,False,False
WBCIC,12|S1|T152,12,0,0.0,0.2784174371725839,0,1.0,0.0,0.0,0.0,True,False,False
WBCIC,12|S1|T153,12,0,0.0,0.7094974724878921,1,1.0,0.0,0.0,0.0,True,False,False
WBCIC,12|S1|T154,12,1,0.0,0.2146396950291897,0,1.0,0.0,0.0,0.0,True,False,False
WBCIC,12|S1|T155,12,0,1.0,0.47196721906616323,0,1.0,0.0,0.0,0.0,False,False,False
WBCIC,12|S1|T156,12,1,0.0,0.27838337647550243,0,1.0,0.0,0.0,0.0,True,False,False
WBCIC,12|S1|T157,12,0,0.33333333333333326,0.35407726547647705,0,0.7720038624315557,0.22799613756844433,0.0,0.22799613756844433,False,False,False
WBCIC,12|S1|T158,12,0,0.0,0.11952079042938181,0,1.0,0.0,0.0,0.0,True,False,False
WBCIC,12|S1|T159,12,1,0.0,0.2698370318310832,0,1.0,0.0,0.0,0.0,True,False,False
WBCIC,12|S1|T16,12,1,1.0,0.46997090792899376,0,1.0,0.0,0.0,0.0,False,False,False
WBCIC,12|S1|T160,12,1,0.33333333333333326,0.6736362570461504,1,1.0,0.0,0.0,0.0,False,False,False
WBCIC,12|S1|T161,12,1,0.0,0.3093757266124622,0,1.0,0.0,0.0,0.0,False,False,False
WBCIC,12|S1|T162,12,0,1.0,0.6178867763266448,1,1.0,0.0,0.0,0.0,False,False,False
WBCIC,12|S1|T163,12,0,0.0,0.3785999593834973,0,1.0,0.0,0.0,0.0,False,False,False
WBCIC,12|S1|T164,12,0,0.33333333333333326,0.42232448957908186,0,1.0,0.0,0.0,0.0,False,False,False
WBCIC,12|S1|T165,12,0,0.33333333333333326,0.3644810035022952,0,1.0,0.0,0.0,0.0,False,False,False
WBCIC,12|S1|T166,12,0,0.0,0.296206050343836,0,1.0,0.0,0.0,0.0,True,False,False
WBCIC,12|S1|T167,12,0,0.33333333333333326,0.4127865475567461,0,1.0,0.0,0.0,0.0,False,False,False
WBCIC,12|S1|T168,12,1,0.6666666666666667,0.5719554087269444,1,1.0,0.0,0.0,0.0,False,False,False
WBCIC,12|S1|T169,12,1,0.6666666666666667,0.5403869386396686,1,1.0,0.0,0.0,0.0,False,False,False
WBCIC,12|S1|T17,12,1,0.0,0.624552219334075,1,1.0,0.0,0.0,0.0,False,False,False
WBCIC,12|S1|T170,12,0,0.33333333333333326,0.42237544672670224,0,1.0,0.0,0.0,0.0,False,False,False
WBCIC,12|S1|T171,12,0,0.33333333333333326,0.4115960272810333,0,1.0,0.0,0.0,0.0,False,False,False
WBCIC,12|S1|T172,12,1,1.0,0.5736696223814092,1,1.0,0.0,0.0,0.0,False,False,False
WBCIC,12|S1|T173,12,1,0.0,0.16441956962880336,0,1.0,0.0,0.0,0.0,True,False,False
WBCIC,12|S1|T174,12,1,0.6666666666666666,0.5153228167454612,1,1.0,0.0,0.0,0.0,False,False,False
WBCIC,12|S1|T175,12,0,0.6666666666666667,0.5986884822952324,1,1.0,0.0,0.0,0.0,False,False,False
WBCIC,12|S1|T176,12,1,1.0,0.5295983807560024,1,1.0,0.0,0.0,0.0,False,False,False
WBCIC,12|S1|T177,12,1,0.0,0.39058730732062424,0,1.0,0.0,0.0,0.0,False,False,False
WBCIC,12|S1|T178,12,1,0.0,0.21242644848142891,0,1.0,0.0,0.0,0.0,True,False,False
WBCIC,12|S1|T179,12,1,0.0,0.22904399064907624,0,1.0,0.0,0.0,0.0,True,False,False
WBCIC,12|S1|T18,12,1,0.0,0.40494712617468903,0,1.0,0.0,0.0,0.0,False,False,False
WBCIC,12|S1|T180,12,0,0.0,0.24616157555574944,0,1.0,0.0,0.0,0.0,True,False,False
WBCIC,12|S1|T181,12,1,0.6666666666666667,0.6000162316083728,1,0.6382854615784795,0.0,0.3617145384215205,0.3617145384215205,False,False,False
WBCIC,12|S1|T182,12,0,0.0,0.3264484037421577,0,1.0,0.0,0.0,0.0,False,False,False
WBCIC,12|S1|T183,12,1,0.33333333333333326,0.5029444800456239,1,1.0,0.0,0.0,0.0,False,False,False
WBCIC,12|S1|T184,12,0,0.0,0.28169253418456514,0,1.0,0.0,0.0,0.0,True,False,False
WBCIC,12|S1|T185,12,0,0.33333333333333326,0.4294707599126737,0,1.0,0.0,0.0,0.0,False,False,False
WBCIC,12|S1|T186,12,0,1.0,0.604967809555608,1,1.0,0.0,0.0,0.0,False,False,False
WBCIC,12|S1|T187,12,0,0.0,0.2920057387467041,0,1.0,0.0,0.0,0.0,True,False,False
WBCIC,12|S1|T188,12,0,0.0,0.18317664906757836,0,1.0,0.0,0.0,0.0,True,False,False
WBCIC,12|S1|T189,12,1,0.0,0.30544982534500675,0,1.0,0.0,0.0,0.0,False,False,False
WBCIC,12|S1|T19,12,1,0.0,0.2784892274307605,0,1.0,0.0,0.0,0.0,True,False,False
WBCIC,12|S1|T190,12,0,0.0,0.30455062832609153,0,1.0,0.0,0.0,0.0,False,False,False
WBCIC,12|S1|T191,12,1,0.6666666666666666,0.5557203113662321,1,1.0,0.0,0.0,0.0,False,False,False
WBCIC,12|S1|T192,12,1,0.0,0.7061414728354029,1,1.0,0.0,0.0,0.0,True,False,False
WBCIC,12|S1|T193,12,0,0.6666666666666667,0.6379497090159512,1,1.0,0.0,0.0,0.0,False,False,False
WBCIC,12|S1|T194,12,1,0.6666666666666666,0.4662055318972495,0,1.0,0.0,0.0,0.0,False,False,False
WBCIC,12|S1|T195,12,1,0.0,0.2893150298025629,0,1.0,0.0,0.0,0.0,True,False,False
WBCIC,12|S1|T196,12,1,0.6666666666666666,0.5402960500221823,1,0.45601961304963334,0.2721222878459571,0.27185809910440956,0.5439803869503667,False,False,False
WBCIC,12|S1|T197,12,0,0.0,0.6580803295483296,1,1.0,0.0,0.0,0.0,False,False,False
WBCIC,12|S1|T198,12,1,0.0,0.31667141821352085,0,1.0,0.0,0.0,0.0,False,False,False
WBCIC,12|S1|T199,12,0,0.0,0.3779318250545678,0,1.0,0.0,0.0,0.0,False,False,False
WBCIC,12|S1|T2,12,1,0.33333333333333326,0.5990106111741825,1,1.0,0.0,0.0,0.0,False,False,False
WBCIC,12|S1|T20,12,1,0.6666666666666666,0.48206292768441755,0,1.0,0.0,0.0,0.0,False,False,False
WBCIC,12|S1|T21,12,1,0.33333333333333326,0.41015110331420235,0,0.7427789683962287,0.0,0.25722103160377136,0.25722103160377136,False,False,False
WBCIC,12|S1|T22,12,1,0.0,0.7355767306970803,1,1.0,0.0,0.0,0.0,True,False,False
WBCIC,12|S1|T23,12,0,1.0,0.5618344140272261,1,1.0,0.0,0.0,0.0,False,False,False
WBCIC,12|S1|T24,12,1,0.0,0.23799753351560052,0,1.0,0.0,0.0,0.0,True,False,False
WBCIC,12|S1|T25,12,0,0.0,0.20408788682132695,0,1.0,0.0,0.0,0.0,True,False,False
WBCIC,12|S1|T26,12,1,0.0,0.18579379358617387,0,1.0,0.0,0.0,0.0,True,False,False
WBCIC,12|S1|T27,12,1,0.6666666666666666,0.52771976738516,1,0.6393317060323029,0.0,0.360668293967697,0.360668293967697,False,False,False
WBCIC,12|S1|T28,12,1,0.6666666666666667,0.5842414230523157,1,0.6357532359723201,0.0,0.3642467640276799,0.3642467640276799,False,False,False
WBCIC,12|S1|T29,12,0,0.0,0.21699087383954252,0,1.0,0.0,0.0,0.0,True,False,False
WBCIC,12|S1|T3,12,0,0.0,0.29795350620056527,0,1.0,0.0,0.0,0.0,True,False,False
WBCIC,12|S1|T30,12,0,0.33333333333333326,0.34641635385085473,0,1.0,0.0,0.0,0.0,False,False,False
WBCIC,12|S1|T31,12,0,0.33333333333333326,0.6380525128711846,1,1.0,0.0,0.0,0.0,False,False,False
WBCIC,12|S1|T32,12,0,0.6666666666666667,0.5856124242850832,1,1.0,0.0,0.0,0.0,False,False,False
WBCIC,12|S1|T33,12,0,0.33333333333333326,0.3958707105217663,0,1.0,0.0,0.0,0.0,False,False,False
WBCIC,12|S1|T34,12,0,0.0,0.7652383316548441,1,1.0,0.0,0.0,0.0,True,False,False
WBCIC,12|S1|T35,12,1,0.0,0.22367098432033136,0,1.0,0.0,0.0,0.0,True,False,False
WBCIC,12|S1|T36,12,0,0.6666666666666666,0.4828198050748423,0,1.0,0.0,0.0,0.0,False,False,False
WBCIC,12|S1|T37,12,1,0.0,0.35245834629073935,0,1.0,0.0,0.0,0.0,False,False,False
WBCIC,12|S1|T38,12,1,0.33333333333333326,0.5710694306910107,1,1.0,0.0,0.0,0.0,False,False,False
WBCIC,12|S1|T39,12,0,0.33333333333333326,0.29365699175670684,0,1.0,0.0,0.0,0.0,False,False,False
WBCIC,12|S1|T4,12,0,0.0,0.36561420503345227,0,1.0,0.0,0.0,0.0,False,False,False
WBCIC,12|S1|T40,12,0,0.0,0.3095766746023737,0,1.0,0.0,0.0,0.0,False,False,False
WBCIC,12|S1|T41,12,1,0.0,0.2232848918940242,0,1.0,0.0,0.0,0.0,True,False,False
WBCIC,12|S1|T42,12,0,0.6666666666666666,0.4973136037020806,0,1.0,0.0,0.0,0.0,False,False,False
WBCIC,12|S1|T43,12,1,0.33333333333333326,0.4699073187362543,0,1.0,0.0,0.0,0.0,False,False,False
WBCIC,12|S1|T44,12,1,0.0,0.28724733771108735,0,1.0,0.0,0.0,0.0,True,False,False
WBCIC,12|S1|T45,12,1,0.0,0.3961986169133465,0,1.0,0.0,0.0,0.0,False,False,False
WBCIC,12|S1|T46,12,1,1.0,0.6770038386109741,1,1.0,0.0,0.0,0.0,False,False,False
WBCIC,12|S1|T47,12,1,0.33333333333333326,0.4151998874289333,0,1.0,0.0,0.0,0.0,False,False,False
WBCIC,12|S1|T48,12,1,1.0,0.5453488862669215,1,0.5048559897460696,0.0,0.4951440102539304,0.4951440102539304,False,False,False
WBCIC,12|S1|T49,12,0,0.0,0.23399677435665947,0,1.0,0.0,0.0,0.0,True,False,False
WBCIC,12|S1|T5,12,0,0.0,0.20610706355824118,0,1.0,0.0,0.0,0.0,True,False,False
WBCIC,12|S1|T50,12,0,0.0,0.39272646802157546,0,1.0,0.0,0.0,0.0,False,False,False
WBCIC,12|S1|T51,12,0,0.0,0.7582721880927092,1,1.0,0.0,0.0,0.0,True,False,False
WBCIC,12|S1|T52,12,1,0.33333333333333326,0.3635188167008241,0,1.0,0.0,0.0,0.0,False,False,False
WBCIC,12|S1|T53,12,0,0.33333333333333326,0.44182109903534306,0,1.0,0.0,0.0,0.0,False,False,False
WBCIC,12|S1|T54,12,0,0.33333333333333326,0.3638183541418345,0,1.0,0.0,0.0,0.0,False,False,False
WBCIC,12|S1|T55,12,1,0.33333333333333326,0.7162511865314687,1,1.0,0.0,0.0,0.0,False,False,False
WBCIC,12|S1|T56,12,1,0.0,0.34874590138646905,0,1.0,0.0,0.0,0.0,False,False,False
WBCIC,12|S1|T57,12,1,0.6666666666666666,0.5017367206258027,1,0.6164825002735935,0.0,0.38351749972640653,0.38351749972640653,False,True,False
WBCIC,12|S1|T58,12,1,0.0,0.1917100580748854,0,1.0,0.0,0.0,0.0,True,False,False
WBCIC,12|S1|T59,12,1,0.33333333333333326,0.4013598660282611,0,1.0,0.0,0.0,0.0,False,False,False
WBCIC,12|S1|T6,12,1,0.6666666666666667,0.5880111999137707,1,0.6415838789022709,0.0,0.35841612109772913,0.35841612109772913,False,False,False
WBCIC,12|S1|T60,12,1,0.0,0.6380085105803632,1,1.0,0.0,0.0,0.0,False,False,False
WBCIC,12|S1|T61,12,0,0.0,0.29614410582034106,0,1.0,0.0,0.0,0.0,True,False,False
WBCIC,12|S1|T62,12,1,0.6666666666666667,0.5599230284326743,1,1.0,0.0,0.0,0.0,False,False,False
WBCIC,12|S1|T63,12,1,1.0,0.6023883588289914,1,1.0,0.0,0.0,0.0,False,False,False
WBCIC,12|S1|T64,12,0,0.0,0.6170858115864353,1,1.0,0.0,0.0,0.0,False,False,False
WBCIC,12|S1|T65,12,1,1.0,0.5964242210951883,1,1.0,0.0,0.0,0.0,False,False,False
WBCIC,12|S1|T66,12,0,0.0,0.18027585726335116,0,1.0,0.0,0.0,0.0,True,False,False
WBCIC,12|S1|T67,12,0,0.33333333333333326,0.6140131400755353,1,0.7604688186659828,0.0,0.2395311813340172,0.2395311813340172,False,False,False
WBCIC,12|S1|T68,12,1,0.33333333333333326,0.4353399773137125,0,1.0,0.0,0.0,0.0,False,False,False
WBCIC,12|S1|T69,12,0,1.0,0.5844601386203638,1,1.0,0.0,0.0,0.0,False,False,False
WBCIC,12|S1|T7,12,0,0.6666666666666666,0.5123816619256686,1,1.0,0.0,0.0,0.0,False,False,False
WBCIC,12|S1|T70,12,0,0.0,0.2702580440673986,0,1.0,0.0,0.0,0.0,True,False,False
WBCIC,12|S1|T71,12,1,0.33333333333333326,0.40031701847476114,0,1.0,0.0,0.0,0.0,False,False,False
WBCIC,12|S1|T72,12,0,0.0,0.2591707551682358,0,1.0,0.0,0.0,0.0,True,False,False
WBCIC,12|S1|T73,12,1,0.33333333333333326,0.38855063516795285,0,0.7353526584516447,0.0,0.2646473415483553,0.2646473415483553,False,False,False
WBCIC,12|S1|T74,12,0,1.0,0.4912033763477248,0,1.0,0.0,0.0,0.0,False,False,False
WBCIC,12|S1|T75,12,0,0.6666666666666666,0.42676049854528314,0,1.0,0.0,0.0,0.0,False,False,False
WBCIC,12|S1|T76,12,0,1.0,0.4705011613219308,0,1.0,0.0,0.0,0.0,False,False,False
WBCIC,12|S1|T77,12,0,0.0,0.36345979986084626,0,1.0,0.0,0.0,0.0,False,False,False
WBCIC,12|S1|T78,12,0,0.33333333333333326,0.711088143357152,1,1.0,0.0,0.0,0.0,False,False,False
WBCIC,12|S1|T79,12,0,0.0,0.7605937366387945,1,1.0,0.0,0.0,0.0,True,False,False
WBCIC,12|S1|T8,12,0,0.0,0.36069200243739524,0,1.0,0.0,0.0,0.0,False,False,False
WBCIC,12|S1|T80,12,1,0.0,0.3294342551240243,0,1.0,0.0,0.0,0.0,False,False,False
WBCIC,12|S1|T81,12,1,1.0,0.5196735170381752,1,0.505928392053664,0.0,0.494071607946336,0.494071607946336,False,True,False
WBCIC,12|S1|T82,12,0,0.33333333333333326,0.3673113290912898,0,1.0,0.0,0.0,0.0,False,False,False
WBCIC,12|S1|T83,12,0,0.33333333333333326,0.6646187084182295,1,1.0,0.0,0.0,0.0,False,False,False
WBCIC,12|S1|T84,12,0,0.6666666666666667,0.6054723109954638,1,1.0,0.0,0.0,0.0,False,False,False
WBCIC,12|S1|T85,12,0,0.0,0.29359306680854774,0,1.0,0.0,0.0,0.0,True,False,False
WBCIC,12|S1|T86,12,1,0.0,0.26370992170215496,0,1.0,0.0,0.0,0.0,True,False,False
WBCIC,12|S1|T87,12,1,0.6666666666666667,0.5132633723287423,1,0.6242518104770699,0.0,0.37574818952293004,0.37574818952293004,False,True,False
WBCIC,12|S1|T88,12,1,0.0,0.3971199337940001,0,1.0,0.0,0.0,0.0,False,False,False
WBCIC,12|S1|T89,12,1,0.0,0.2955255013719894,0,1.0,0.0,0.0,0.0,True,False,False
WBCIC,12|S1|T9,12,0,1.0,0.533360759976,1,0.5160339845137335,0.0,0.48396601548626655,0.48396601548626655,False,False,False
WBCIC,12|S1|T90,12,0,0.0,0.6321910051041438,1,1.0,0.0,0.0,0.0,False,False,False
WBCIC,12|S1|T91,12,0,0.0,0.3976845437816407,0,1.0,0.0,0.0,0.0,False,False,False
WBCIC,12|S1|T92,12,0,0.0,0.22851885404927308,0,1.0,0.0,0.0,0.0,True,False,False
WBCIC,12|S1|T93,12,0,0.0,0.31384356934118246,0,1.0,0.0,0.0,0.0,False,False,False
WBCIC,12|S1|T94,12,0,0.0,0.1824948839440719,0,1.0,0.0,0.0,0.0,True,False,False
WBCIC,12|S1|T95,12,0,0.6666666666666667,0.66185951977994,1,1.0,0.0,0.0,0.0,False,False,False
WBCIC,12|S1|T96,12,1,0.33333333333333326,0.45191340640917205,0,1.0,0.0,0.0,0.0,False,False,False
WBCIC,12|S1|T97,12,1,0.0,0.6302529978929905,1,1.0,0.0,0.0,0.0,False,False,False
WBCIC,12|S1|T98,12,1,0.33333333333333326,0.4250124025399859,0,1.0,0.0,0.0,0.0,False,False,False
WBCIC,12|S1|T99,12,1,0.0,0.24571552465562693,0,1.0,0.0,0.0,0.0,True,False,False
WBCIC,13|S1|T0,13,0,0.0,0.14631657668025289,0,1.0,0.0,0.0,0.0,True,False,False
WBCIC,13|S1|T1,13,0,0.6666666666666667,0.6023064295782201,1,1.0,0.0,0.0,0.0,False,False,False
WBCIC,13|S1|T10,13,0,0.0,0.7486143427912878,1,1.0,0.0,0.0,0.0,True,False,False
WBCIC,13|S1|T100,13,1,0.0,0.7863890083475252,1,1.0,0.0,0.0,0.0,True,False,False
WBCIC,13|S1|T101,13,1,0.6666666666666666,0.5315726036488568,1,0.6356365333726172,0.3643634666273828,0.0,0.3643634666273828,False,True,False
WBCIC,13|S1|T102,13,1,0.0,0.3211429419324378,0,1.0,0.0,0.0,0.0,False,False,False
WBCIC,13|S1|T103,13,0,0.33333333333333326,0.3960662469457392,0,1.0,0.0,0.0,0.0,False,False,False
WBCIC,13|S1|T104,13,0,1.0,0.49884825355360957,0,1.0,0.0,0.0,0.0,False,False,False
WBCIC,13|S1|T105,13,0,0.33333333333333326,0.3058912006106646,0,1.0,0.0,0.0,0.0,False,False,False
WBCIC,13|S1|T106,13,1,0.6666666666666667,0.5838865062540064,1,1.0,0.0,0.0,0.0,False,False,False
WBCIC,13|S1|T107,13,0,0.6666666666666666,0.3770859666025041,0,1.0,0.0,0.0,0.0,False,False,False
WBCIC,13|S1|T108,13,0,0.33333333333333326,0.40478185604075984,0,1.0,0.0,0.0,0.0,False,False,False
WBCIC,13|S1|T109,13,0,0.33333333333333326,0.3910291374082339,0,1.0,0.0,0.0,0.0,False,False,False
WBCIC,13|S1|T11,13,1,0.33333333333333326,0.40262854498388095,0,1.0,0.0,0.0,0.0,False,False,False
WBCIC,13|S1|T110,13,1,0.0,0.35357435160762546,0,1.0,0.0,0.0,0.0,False,False,False
WBCIC,13|S1|T111,13,1,0.6666666666666667,0.5766539363364681,1,0.6392235228218636,0.0,0.3607764771781365,0.3607764771781365,False,False,False
WBCIC,13|S1|T112,13,1,0.0,0.21758054728847823,0,1.0,0.0,0.0,0.0,True,False,False
WBCIC,13|S1|T113,13,1,0.33333333333333326,0.6158338413067656,1,1.0,0.0,0.0,0.0,False,False,False
WBCIC,13|S1|T114,13,0,0.33333333333333326,0.3416825423731384,0,1.0,0.0,0.0,0.0,False,False,False
WBCIC,13|S1|T115,13,0,1.0,0.4987170820043474,0,0.5309649352684974,0.0,0.46903506473150264,0.46903506473150264,False,False,False
WBCIC,13|S1|T116,13,1,0.33333333333333326,0.7176966163868811,1,1.0,0.0,0.0,0.0,False,False,False
WBCIC,13|S1|T117,13,1,0.0,0.266399077636071,0,1.0,0.0,0.0,0.0,True,False,False
WBCIC,13|S1|T118,13,0,0.6666666666666666,0.3213448694724621,0,1.0,0.0,0.0,0.0,False,False,False
WBCIC,13|S1|T119,13,0,0.0,0.23360783428347662,0,1.0,0.0,0.0,0.0,True,False,False
WBCIC,13|S1|T12,13,0,0.0,0.34885351695521866,0,1.0,0.0,0.0,0.0,False,False,False
WBCIC,13|S1|T120,13,0,0.33333333333333326,0.2868589227271827,0,0.7717466204014508,0.0,0.22825337959854924,0.22825337959854924,False,False,False
WBCIC,13|S1|T121,13,1,0.0,0.3769976220327785,0,1.0,0.0,0.0,0.0,False,False,False
WBCIC,13|S1|T122,13,0,0.0,0.26664441825018187,0,1.0,0.0,0.0,0.0,True,False,False
WBCIC,13|S1|T123,13,0,0.33333333333333326,0.3656713359386898,0,1.0,0.0,0.0,0.0,False,False,False
WBCIC,13|S1|T124,13,0,1.0,0.47279753829910004,0,1.0,0.0,0.0,0.0,False,False,False
WBCIC,13|S1|T125,13,1,0.33333333333333326,0.43202413088225505,0,1.0,0.0,0.0,0.0,False,False,False
WBCIC,13|S1|T126,13,1,0.0,0.308000928183848,0,1.0,0.0,0.0,0.0,False,False,False
WBCIC,13|S1|T127,13,1,0.0,0.341323089957521,0,1.0,0.0,0.0,0.0,False,False,False
WBCIC,13|S1|T128,13,1,0.33333333333333326,0.4045116891188278,0,1.0,0.0,0.0,0.0,False,False,False
WBCIC,13|S1|T129,13,1,0.33333333333333326,0.6414464611920795,1,1.0,0.0,0.0,0.0,False,False,False
WBCIC,13|S1|T13,13,0,0.6666666666666666,0.4770371025294718,0,1.0,0.0,0.0,0.0,False,False,False
WBCIC,13|S1|T130,13,1,0.33333333333333326,0.6388702637412923,1,1.0,0.0,0.0,0.0,False,False,False
WBCIC,13|S1|T131,13,0,1.0,0.38392464700480633,0,1.0,0.0,0.0,0.0,False,False,False
WBCIC,13|S1|T132,13,1,0.0,0.640115212061359,1,1.0,0.0,0.0,0.0,False,False,False
WBCIC,13|S1|T133,13,1,0.33333333333333326,0.37999503531989615,0,1.0,0.0,0.0,0.0,False,False,False
WBCIC,13|S1|T134,13,0,0.0,0.33898515860270656,0,1.0,0.0,0.0,0.0,False,False,False
WBCIC,13|S1|T135,13,1,0.6666666666666666,0.45223179725760737,0,1.0,0.0,0.0,0.0,False,False,False
WBCIC,13|S1|T136,13,1,0.6666666666666667,0.6229346573657883,1,0.6461863052573367,0.0,0.35381369474266333,0.35381369474266333,False,False,False
WBCIC,13|S1|T137,13,0,1.0,0.47934903265921536,0,1.0,0.0,0.0,0.0,False,False,False
WBCIC,13|S1|T138,13,0,0.0,0.3364324044508596,0,1.0,0.0,0.0,0.0,False,False,False
WBCIC,13|S1|T139,13,0,0.33333333333333326,0.3469670367190026,0,0.7641553908871394,0.0,0.23584460911286068,0.23584460911286068,False,False,False
WBCIC,13|S1|T14,13,1,1.0,0.5514495877441837,1,0.35722458362579346,0.3322818875312805,0.310493528842926,0.6427754163742065,False,False,False
WBCIC,13|S1|T140,13,0,0.0,0.39001660460787163,0,1.0,0.0,0.0,0.0,False,False,False
WBCIC,13|S1|T141,13,0,1.0,0.5139431248413779,1,0.5116550027234977,0.48834499727650227,0.0,0.48834499727650227,False,False,False
WBCIC,13|S1|T142,13,0,0.6666666666666666,0.46680296335312654,0,0.6327894818660215,0.36721051813397854,0.0,0.36721051813397854,False,False,False
WBCIC,13|S1|T143,13,1,0.33333333333333326,0.373839144807479,0,1.0,0.0,0.0,0.0,False,False,False
WBCIC,13|S1|T144,13,0,0.33333333333333326,0.3460321528457915,0,1.0,0.0,0.0,0.0,False,False,False
WBCIC,13|S1|T145,13,1,0.0,0.30105799527590865,0,1.0,0.0,0.0,0.0,False,False,False
WBCIC,13|S1|T146,13,0,0.6666666666666666,0.5241443621597083,1,1.0,0.0,0.0,0.0,False,False,False
WBCIC,13|S1|T147,13,0,0.0,0.6322396906193424,1,1.0,0.0,0.0,0.0,False,False,False
WBCIC,13|S1|T148,13,1,1.0,0.5514096175393137,1,1.0,0.0,0.0,0.0,False,False,False
WBCIC,13|S1|T149,13,1,1.0,0.5208499026466166,1,1.0,0.0,0.0,0.0,False,False,False
WBCIC,13|S1|T15,13,1,1.0,0.5590840491208403,1,1.0,0.0,0.0,0.0,False,False,False
WBCIC,13|S1|T150,13,0,0.0,0.24899263696403798,0,1.0,0.0,0.0,0.0,True,False,False
WBCIC,13|S1|T151,13,1,0.33333333333333326,0.36084326891138807,0,1.0,0.0,0.0,0.0,False,False,False
WBCIC,13|S1|T152,13,0,0.6666666666666667,0.625672326369771,1,1.0,0.0,0.0,0.0,False,False,False
WBCIC,13|S1|T153,13,1,0.33333333333333326,0.7220098801827329,1,1.0,0.0,0.0,0.0,False,False,False
WBCIC,13|S1|T154,13,1,0.0,0.23761333109723717,0,1.0,0.0,0.0,0.0,True,False,False
WBCIC,13|S1|T155,13,0,0.0,0.6463110621301709,1,1.0,0.0,0.0,0.0,False,False,False
WBCIC,13|S1|T156,13,1,0.6666666666666666,0.49872125364157527,0,0.6317249198317652,0.3682750801682349,0.0,0.3682750801682349,False,False,False
WBCIC,13|S1|T157,13,0,0.0,0.36574824900906017,0,1.0,0.0,0.0,0.0,False,False,False
WBCIC,13|S1|T158,13,1,0.33333333333333326,0.6480616523076476,1,0.7710482194298645,0.0,0.2289517805701355,0.2289517805701355,False,False,False
WBCIC,13|S1|T159,13,0,0.0,0.3450777340444388,0,1.0,0.0,0.0,0.0,False,False,False
WBCIC,13|S1|T16,13,0,0.0,0.267148928803321,0,1.0,0.0,0.0,0.0,True,False,False
WBCIC,13|S1|T160,13,1,1.0,0.5299773245029755,1,1.0,0.0,0.0,0.0,False,False,False
WBCIC,13|S1|T161,13,0,0.6666666666666666,0.47013982330498133,0,1.0,0.0,0.0,0.0,False,False,False
WBCIC,13|S1|T162,13,0,0.0,0.306940223564091,0,1.0,0.0,0.0,0.0,False,False,False
WBCIC,13|S1|T163,13,0,0.6666666666666666,0.34675021717753135,0,1.0,0.0,0.0,0.0,False,False,False
WBCIC,13|S1|T164,13,1,0.0,0.14302612730916722,0,1.0,0.0,0.0,0.0,True,False,False
WBCIC,13|S1|T165,13,0,0.33333333333333326,0.46875569430548053,0,0.7570099601474942,0.24299003985250572,0.0,0.24299003985250572,False,False,False
WBCIC,13|S1|T166,13,0,0.0,0.6383768124726803,1,1.0,0.0,0.0,0.0,False,False,False
WBCIC,13|S1|T167,13,1,0.6666666666666667,0.6201185783808675,1,1.0,0.0,0.0,0.0,False,False,False
WBCIC,13|S1|T168,13,1,0.33333333333333326,0.603079167561326,1,1.0,0.0,0.0,0.0,False,False,False
WBCIC,13|S1|T169,13,0,0.33333333333333326,0.7347096893034136,1,1.0,0.0,0.0,0.0,False,False,False
WBCIC,13|S1|T17,13,1,1.0,0.5933349155192394,1,0.5355888682998885,0.0,0.4644111317001115,0.4644111317001115,False,False,False
WBCIC,13|S1|T170,13,1,0.33333333333333326,0.4362920826211592,0,0.7616010677483264,0.2383989322516736,0.0,0.2383989322516736,False,False,False
WBCIC,13|S1|T171,13,0,0.0,0.3303115489502246,0,1.0,0.0,0.0,0.0,False,False,False
WBCIC,13|S1|T172,13,1,0.6666666666666666,0.4633875968329916,0,0.6498456799620113,0.0,0.35015432003798874,0.35015432003798874,False,False,False
WBCIC,13|S1|T173,13,1,1.0,0.5055425252283978,1,1.0,0.0,0.0,0.0,False,False,False
WBCIC,13|S1|T174,13,0,0.0,0.18335784340736985,0,1.0,0.0,0.0,0.0,True,False,False
WBCIC,13|S1|T175,13,1,0.0,0.3467013963854439,0,1.0,0.0,0.0,0.0,False,False,False
WBCIC,13|S1|T176,13,0,0.6666666666666666,0.5314070744133633,1,0.6204534575047933,0.37954654249520675,0.0,0.37954654249520675,False,False,True
WBCIC,13|S1|T177,13,1,0.6666666666666667,0.5530743917492104,1,1.0,0.0,0.0,0.0,False,False,False
WBCIC,13|S1|T178,13,0,0.6666666666666667,0.6136487452135503,1,1.0,0.0,0.0,0.0,False,False,False
WBCIC,13|S1|T179,13,0,0.0,0.33464823082067313,0,1.0,0.0,0.0,0.0,False,False,False
WBCIC,13|S1|T18,13,1,0.6666666666666666,0.3511569292335105,0,0.6371788211190325,0.0,0.36282117888096765,0.36282117888096765,False,False,False
WBCIC,13|S1|T180,13,1,0.0,0.3113401000567022,0,1.0,0.0,0.0,0.0,False,False,False
WBCIC,13|S1|T181,13,0,0.6666666666666666,0.3437966132728982,0,1.0,0.0,0.0,0.0,False,False,False
WBCIC,13|S1|T182,13,0,0.33333333333333326,0.3593039978251846,0,1.0,0.0,0.0,0.0,False,False,False
WBCIC,13|S1|T183,13,0,0.33333333333333326,0.39148144236238475,0,0.7762523750546387,0.0,0.22374762494536132,0.22374762494536132,False,False,False
WBCIC,13|S1|T184,13,1,0.0,0.18746509926243737,0,1.0,0.0,0.0,0.0,True,False,False
WBCIC,13|S1|T185,13,1,0.0,0.31198972944343534,0,1.0,0.0,0.0,0.0,False,False,False
WBCIC,13|S1|T186,13,1,0.0,0.31084923031969997,0,1.0,0.0,0.0,0.0,False,False,False
WBCIC,13|S1|T187,13,1,0.0,0.20115309531903683,0,1.0,0.0,0.0,0.0,True,False,False
WBCIC,13|S1|T188,13,1,0.33333333333333326,0.38596825486182956,0,1.0,0.0,0.0,0.0,False,False,False
WBCIC,13|S1|T189,13,0,0.0,0.25560935316372996,0,1.0,0.0,0.0,0.0,True,False,False
WBCIC,13|S1|T19,13,0,0.0,0.19210009237466277,0,1.0,0.0,0.0,0.0,True,False,False
WBCIC,13|S1|T190,13,0,0.6666666666666666,0.45472060416061383,0,1.0,0.0,0.0,0.0,False,False,False
WBCIC,13|S1|T191,13,1,0.0,0.273264273229836,0,1.0,0.0,0.0,0.0,True,False,False
WBCIC,13|S1|T192,13,1,0.6666666666666667,0.5385559265035266,1,0.6750883739936384,0.3249116260063616,0.0,0.3249116260063616,False,False,False
WBCIC,13|S1|T193,13,1,0.33333333333333326,0.7168001582229628,1,1.0,0.0,0.0,0.0,False,False,False
WBCIC,13|S1|T194,13,0,0.6666666666666666,0.5625484879046592,1,0.6419800325911602,0.3580199674088398,0.0,0.3580199674088398,False,False,False
WBCIC,13|S1|T195,13,0,0.0,0.7231095219469407,1,1.0,0.0,0.0,0.0,True,False,False
WBCIC,13|S1|T196,13,0,0.6666666666666666,0.45487301973054395,0,0.6296625772926244,0.3703374227073756,0.0,0.3703374227073756,False,False,False
WBCIC,13|S1|T197,13,1,0.6666666666666667,0.5947651766515851,1,0.6384301612715387,0.0,0.36156983872846127,0.36156983872846127,False,False,False
WBCIC,13|S1|T198,13,1,0.33333333333333326,0.32380806421381797,0,1.0,0.0,0.0,0.0,False,False,False
WBCIC,13|S1|T199,13,0,0.0,0.211122522579993,0,1.0,0.0,0.0,0.0,True,False,False
WBCIC,13|S1|T2,13,0,0.6666666666666667,0.7000796974394382,1,1.0,0.0,0.0,0.0,False,False,False
WBCIC,13|S1|T20,13,1,0.0,0.6444700094699823,1,1.0,0.0,0.0,0.0,False,False,False
WBCIC,13|S1|T21,13,0,0.0,0.3194705831136178,0,1.0,0.0,0.0,0.0,False,False,False
WBCIC,13|S1|T22,13,1,0.0,0.28111932600995054,0,1.0,0.0,0.0,0.0,True,False,False
WBCIC,13|S1|T23,13,0,0.0,0.3577635523439171,0,1.0,0.0,0.0,0.0,False,False,False
WBCIC,13|S1|T24,13,1,0.33333333333333326,0.4011816586128351,0,1.0,0.0,0.0,0.0,False,False,False
WBCIC,13|S1|T25,13,1,0.0,0.39303456094774325,0,1.0,0.0,0.0,0.0,False,False,False
WBCIC,13|S1|T26,13,1,1.0,0.46774860969792714,0,1.0,0.0,0.0,0.0,False,False,False
WBCIC,13|S1|T27,13,0,1.0,0.5768663092678656,1,0.5391806608486147,0.0,0.4608193391513853,0.4608193391513853,False,False,False
WBCIC,13|S1|T28,13,1,1.0,0.5830740143697194,1,1.0,0.0,0.0,0.0,False,False,False
WBCIC,13|S1|T29,13,0,0.33333333333333326,0.3704951754544337,0,1.0,0.0,0.0,0.0,False,False,False
WBCIC,13|S1|T3,13,1,0.0,0.23216440558418908,0,1.0,0.0,0.0,0.0,True,False,False
WBCIC,13|S1|T30,13,1,1.0,0.5360540056000692,1,1.0,0.0,0.0,0.0,False,False,False
WBCIC,13|S1|T31,13,0,0.0,0.22396876743290964,0,1.0,0.0,0.0,0.0,True,False,False
WBCIC,13|S1|T32,13,1,0.0,0.3560412752777644,0,1.0,0.0,0.0,0.0,False,False,False
WBCIC,13|S1|T33,13,0,0.6666666666666666,0.5089872986194682,1,1.0,0.0,0.0,0.0,False,False,False
WBCIC,13|S1|T34,13,0,0.33333333333333326,0.6358304140699819,1,1.0,0.0,0.0,0.0,False,False,False
WBCIC,13|S1|T35,13,0,0.0,0.30635268099173546,0,1.0,0.0,0.0,0.0,False,False,False
WBCIC,13|S1|T36,13,0,0.0,0.40289303967176965,0,1.0,0.0,0.0,0.0,False,False,False
WBCIC,13|S1|T37,13,1,0.6666666666666667,0.5944246473324739,1,1.0,0.0,0.0,0.0,False,False,False
WBCIC,13|S1|T38,13,1,0.0,0.3737712799639816,0,1.0,0.0,0.0,0.0,False,False,False
WBCIC,13|S1|T39,13,0,0.0,0.3631064886168609,0,1.0,0.0,0.0,0.0,False,False,False
WBCIC,13|S1|T4,13,0,0.0,0.6713902352310904,1,1.0,0.0,0.0,0.0,False,False,False
WBCIC,13|S1|T40,13,1,1.0,0.6915810089621758,1,1.0,0.0,0.0,0.0,False,False,False
WBCIC,13|S1|T41,13,0,0.0,0.33858034523661296,0,1.0,0.0,0.0,0.0,False,False,False
WBCIC,13|S1|T42,13,0,0.0,0.21964558186636238,0,1.0,0.0,0.0,0.0,True,False,False
WBCIC,13|S1|T43,13,1,0.0,0.6271647952976277,1,1.0,0.0,0.0,0.0,False,False,False
WBCIC,13|S1|T44,13,0,0.6666666666666666,0.47163365546754826,0,1.0,0.0,0.0,0.0,False,False,False
WBCIC,13|S1|T45,13,0,0.6666666666666667,0.6649222931444981,1,1.0,0.0,0.0,0.0,False,False,False
WBCIC,13|S1|T46,13,1,0.6666666666666667,0.7204473497817793,1,1.0,0.0,0.0,0.0,False,False,False
WBCIC,13|S1|T47,13,0,0.0,0.3666983197729574,0,1.0,0.0,0.0,0.0,False,False,False
WBCIC,13|S1|T48,13,0,0.0,0.38569274927896013,0,1.0,0.0,0.0,0.0,False,False,False
WBCIC,13|S1|T49,13,0,0.0,0.3062559761799574,0,1.0,0.0,0.0,0.0,False,False,False
WBCIC,13|S1|T5,13,0,0.0,0.3543257491291718,0,1.0,0.0,0.0,0.0,False,False,False
WBCIC,13|S1|T50,13,1,0.33333333333333326,0.6158213816683396,1,1.0,0.0,0.0,0.0,False,False,False
WBCIC,13|S1|T51,13,1,0.6666666666666667,0.5160935661395537,1,1.0,0.0,0.0,0.0,False,False,False
WBCIC,13|S1|T52,13,0,0.6666666666666666,0.457654116132728,0,0.6403672924065691,0.0,0.35963270759343097,0.35963270759343097,False,False,False
WBCIC,13|S1|T53,13,0,0.33333333333333326,0.3177460736051376,0,0.7766390425722292,0.0,0.22336095742777093,0.22336095742777093,False,False,False
WBCIC,13|S1|T54,13,1,0.0,0.15766146852644955,0,1.0,0.0,0.0,0.0,True,False,False
WBCIC,13|S1|T55,13,1,0.33333333333333326,0.6717962799990013,1,1.0,0.0,0.0,0.0,False,False,False
WBCIC,13|S1|T56,13,1,0.0,0.24437052847322704,0,1.0,0.0,0.0,0.0,True,False,False
WBCIC,13|S1|T57,13,0,0.6666666666666666,0.4931475377163877,0,1.0,0.0,0.0,0.0,False,False,False
WBCIC,13|S1|T58,13,0,0.0,0.22500605957099643,0,1.0,0.0,0.0,0.0,True,False,False
WBCIC,13|S1|T59,13,0,0.33333333333333326,0.35275347706471005,0,1.0,0.0,0.0,0.0,False,False,False
WBCIC,13|S1|T6,13,1,1.0,0.5037971629272682,1,0.5601747967957241,0.0,0.4398252032042759,0.4398252032042759,False,False,False
WBCIC,13|S1|T60,13,0,0.0,0.3019248655778272,0,1.0,0.0,0.0,0.0,False,False,False
WBCIC,13|S1|T61,13,1,1.0,0.5339208165479502,1,1.0,0.0,0.0,0.0,False,False,False
WBCIC,13|S1|T62,13,1,0.33333333333333326,0.32803778622074325,0,1.0,0.0,0.0,0.0,False,False,False
WBCIC,13|S1|T63,13,0,0.0,0.19533799204600857,0,1.0,0.0,0.0,0.0,True,False,False
WBCIC,13|S1|T64,13,1,0.6666666666666667,0.6158039042827784,1,1.0,0.0,0.0,0.0,False,False,False
WBCIC,13|S1|T65,13,0,0.6666666666666666,0.4269360874522799,0,1.0,0.0,0.0,0.0,False,False,False
WBCIC,13|S1|T66,13,0,0.33333333333333326,0.393263671037352,0,0.7767080701895214,0.0,0.22329192981047857,0.22329192981047857,False,False,False
WBCIC,13|S1|T67,13,1,0.0,0.3615277302142337,0,1.0,0.0,0.0,0.0,False,False,False
WBCIC,13|S1|T68,13,1,0.33333333333333326,0.42914292764415296,0,1.0,0.0,0.0,0.0,False,False,False
WBCIC,13|S1|T69,13,1,0.6666666666666666,0.4350676655548112,0,1.0,0.0,0.0,0.0,False,False,False
WBCIC,13|S1|T7,13,1,0.6666666666666666,0.5436311030167298,1,0.6332391229833946,0.3667608770166054,0.0,0.3667608770166054,False,True,False
WBCIC,13|S1|T70,13,0,0.6666666666666667,0.513343826674416,1,1.0,0.0,0.0,0.0,False,False,False
WBCIC,13|S1|T71,13,1,0.6666666666666666,0.4613552551239969,0,0.6419692203498616,0.0,0.3580307796501384,0.3580307796501384,False,False,False
WBCIC,13|S1|T72,13,1,0.33333333333333326,0.38040486844501636,0,1.0,0.0,0.0,0.0,False,False,False
WBCIC,13|S1|T73,13,0,0.0,0.3257509041970896,0,1.0,0.0,0.0,0.0,False,False,False
WBCIC,13|S1|T74,13,1,0.6666666666666666,0.5012899031960291,1,1.0,0.0,0.0,0.0,False,False,False
WBCIC,13|S1|T75,13,0,0.33333333333333326,0.5815511556199465,1,1.0,0.0,0.0,0.0,False,False,False
WBCIC,13|S1|T76,13,1,0.33333333333333326,0.23536448818249522,0,1.0,0.0,0.0,0.0,False,False,False
WBCIC,13|S1|T77,13,1,0.6666666666666666,0.4623386583464099,0,0.6313601275147115,0.36863987248528846,0.0,0.36863987248528846,False,False,False
WBCIC,13|S1|T78,13,0,0.0,0.26718633765478955,0,1.0,0.0,0.0,0.0,True,False,False
WBCIC,13|S1|T79,13,1,0.33333333333333326,0.6815490742214431,1,1.0,0.0,0.0,0.0,False,False,False
WBCIC,13|S1|T8,13,1,0.6666666666666666,0.4549219365232515,0,1.0,0.0,0.0,0.0,False,False,False
WBCIC,13|S1|T80,13,1,0.33333333333333326,0.6490025626741721,1,0.7609139436689485,0.0,0.23908605633105148,0.23908605633105148,False,False,False
WBCIC,13|S1|T81,13,1,0.0,0.3068066864737175,0,1.0,0.0,0.0,0.0,False,False,False
WBCIC,13|S1|T82,13,0,0.0,0.1600220513191414,0,1.0,0.0,0.0,0.0,True,False,False
WBCIC,13|S1|T83,13,0,1.0,0.5196734979785487,1,1.0,0.0,0.0,0.0,False,False,False
WBCIC,13|S1|T84,13,1,0.6666666666666667,0.5350025870107331,1,0.637369182630329,0.36263081736967107,0.0,0.36263081736967107,False,False,False
WBCIC,13|S1|T85,13,0,0.0,0.2802488112595925,0,1.0,0.0,0.0,0.0,True,False,False
WBCIC,13|S1|T86,13,1,0.0,0.3068832438755262,0,1.0,0.0,0.0,0.0,False,False,False
WBCIC,13|S1|T87,13,0,1.0,0.5768260837808152,1,0.5530192131786492,0.4469807868213508,0.0,0.4469807868213508,False,False,True
WBCIC,13|S1|T88,13,1,0.0,0.2804830245495693,0,1.0,0.0,0.0,0.0,True,False,False
WBCIC,13|S1|T89,13,0,0.0,0.7473675704669459,1,1.0,0.0,0.0,0.0,True,False,False
WBCIC,13|S1|T9,13,1,0.0,0.23389128400876566,0,1.0,0.0,0.0,0.0,True,False,False
WBCIC,13|S1|T90,13,1,0.0,0.3002657391898118,0,1.0,0.0,0.0,0.0,False,False,False
WBCIC,13|S1|T91,13,0,1.0,0.5013197077055381,1,1.0,0.0,0.0,0.0,False,False,False
WBCIC,13|S1|T92,13,1,1.0,0.5034761897012657,1,1.0,0.0,0.0,0.0,False,False,False
WBCIC,13|S1|T93,13,0,0.33333333333333326,0.37740182990390414,0,1.0,0.0,0.0,0.0,False,False,False
WBCIC,13|S1|T94,13,0,0.6666666666666666,0.3537616749641564,0,1.0,0.0,0.0,0.0,False,False,False
WBCIC,13|S1|T95,13,0,0.33333333333333326,0.30170891631074476,0,1.0,0.0,0.0,0.0,False,False,False
WBCIC,13|S1|T96,13,0,0.33333333333333326,0.6991188832906102,1,1.0,0.0,0.0,0.0,False,False,False
WBCIC,13|S1|T97,13,1,0.6666666666666666,0.41757926491775416,0,1.0,0.0,0.0,0.0,False,False,False
WBCIC,13|S1|T98,13,1,0.33333333333333326,0.4032079626350549,0,0.7700211537346622,0.0,0.22997884626533785,0.22997884626533785,False,False,False
WBCIC,13|S1|T99,13,1,0.6666666666666667,0.5773374593256315,1,0.6556065875596395,0.0,0.34439341244036054,0.34439341244036054,False,False,False
WBCIC,14|S1|T0,14,1,0.0,0.27413532235449206,0,1.0,0.0,0.0,0.0,True,False,False
WBCIC,14|S1|T1,14,1,0.0,0.3949107588285988,0,1.0,0.0,0.0,0.0,False,False,False
WBCIC,14|S1|T10,14,1,1.0,0.5277312503057993,1,1.0,0.0,0.0,0.0,False,False,False
WBCIC,14|S1|T100,14,0,0.0,0.284538777503524,0,1.0,0.0,0.0,0.0,True,False,False
WBCIC,14|S1|T101,14,1,1.0,0.5033490715180492,1,1.0,0.0,0.0,0.0,False,False,False
WBCIC,14|S1|T102,14,0,0.33333333333333326,0.46764873211024,0,1.0,0.0,0.0,0.0,False,False,False
WBCIC,14|S1|T103,14,1,0.6666666666666666,0.4485931708480057,0,1.0,0.0,0.0,0.0,False,False,False
WBCIC,14|S1|T104,14,1,0.0,0.16354057005002473,0,1.0,0.0,0.0,0.0,True,False,False
WBCIC,14|S1|T105,14,0,0.33333333333333326,0.38023542421781,0,0.76076674957802,0.23923325042198,0.0,0.23923325042198,False,False,False
WBCIC,14|S1|T106,14,1,0.6666666666666666,0.5226147369871362,1,1.0,0.0,0.0,0.0,False,False,False
WBCIC,14|S1|T107,14,1,0.0,0.26920582448256,0,1.0,0.0,0.0,0.0,True,False,False
WBCIC,14|S1|T108,14,1,0.6666666666666666,0.47278650852658816,0,1.0,0.0,0.0,0.0,False,False,False
WBCIC,14|S1|T109,14,1,0.33333333333333326,0.327375602884414,0,1.0,0.0,0.0,0.0,False,False,False
WBCIC,14|S1|T11,14,1,0.0,0.3372779792714169,0,1.0,0.0,0.0,0.0,False,False,False
WBCIC,14|S1|T110,14,0,1.0,0.5203979063971024,1,0.5262732101194129,0.0,0.4737267898805871,0.4737267898805871,False,False,False
WBCIC,14|S1|T111,14,0,0.0,0.4345560079020298,0,1.0,0.0,0.0,0.0,False,False,False
WBCIC,14|S1|T112,14,1,0.0,0.2305549114034745,0,1.0,0.0,0.0,0.0,True,False,False
WBCIC,14|S1|T113,14,0,0.6666666666666666,0.5122221895752009,1,0.6237024574664602,0.0,0.3762975425335397,0.3762975425335397,False,False,True
WBCIC,14|S1|T114,14,1,0.0,0.27916522547316874,0,1.0,0.0,0.0,0.0,True,False,False
WBCIC,14|S1|T115,14,0,0.6666666666666667,0.6885353614196247,1,1.0,0.0,0.0,0.0,False,False,False
WBCIC,14|S1|T116,14,0,0.0,0.40187838500626455,0,1.0,0.0,0.0,0.0,False,False,False
WBCIC,14|S1|T117,14,1,0.0,0.37193573703286664,0,1.0,0.0,0.0,0.0,False,False,False
WBCIC,14|S1|T118,14,1,1.0,0.49820733182863364,0,0.5047661387806065,0.4952338612193935,0.0,0.4952338612193935,False,False,True
WBCIC,14|S1|T119,14,0,0.0,0.31526757918577203,0,1.0,0.0,0.0,0.0,False,False,False
WBCIC,14|S1|T12,14,1,0.0,0.23842949394047272,0,1.0,0.0,0.0,0.0,True,False,False
WBCIC,14|S1|T120,14,1,0.0,0.3668942772817046,0,1.0,0.0,0.0,0.0,False,False,False
WBCIC,14|S1|T121,14,1,0.0,0.30962133457220997,0,1.0,0.0,0.0,0.0,False,False,False
WBCIC,14|S1|T122,14,1,0.33333333333333326,0.44285129312460025,0,1.0,0.0,0.0,0.0,False,False,False
WBCIC,14|S1|T123,14,0,0.6666666666666666,0.46105137557540826,0,1.0,0.0,0.0,0.0,False,False,False
WBCIC,14|S1|T124,14,0,1.0,0.5626379638014467,1,0.5250111877515302,0.0,0.4749888122484698,0.4749888122484698,False,False,False
WBCIC,14|S1|T125,14,0,0.0,0.29029744450968226,0,1.0,0.0,0.0,0.0,True,False,False
WBCIC,14|S1|T126,14,0,0.0,0.38833826741528155,0,1.0,0.0,0.0,0.0,False,False,False
WBCIC,14|S1|T127,14,1,1.0,0.5936840355199055,1,1.0,0.0,0.0,0.0,False,False,False
WBCIC,14|S1|T128,14,1,0.33333333333333326,0.6847531704386354,1,0.7610601994132873,0.23893980058671277,0.0,0.23893980058671277,False,False,False
WBCIC,14|S1|T129,14,0,1.0,0.5376216085330131,1,1.0,0.0,0.0,0.0,False,False,False
WBCIC,14|S1|T13,14,1,0.6666666666666666,0.42906725809478363,0,1.0,0.0,0.0,0.0,False,False,False
WBCIC,14|S1|T130,14,0,0.0,0.29738269724601224,0,1.0,0.0,0.0,0.0,True,False,False
WBCIC,14|S1|T131,14,1,0.0,0.21913763467013436,0,1.0,0.0,0.0,0.0,True,False,False
WBCIC,14|S1|T132,14,0,0.0,0.4029614127429193,0,1.0,0.0,0.0,0.0,False,False,False
WBCIC,14|S1|T133,14,0,0.0,0.2860550922311092,0,1.0,0.0,0.0,0.0,True,False,False
WBCIC,14|S1|T134,14,0,0.0,0.26490798114999964,0,1.0,0.0,0.0,0.0,True,False,False
WBCIC,14|S1|T135,14,1,0.0,0.3764360059775185,0,1.0,0.0,0.0,0.0,False,False,False
WBCIC,14|S1|T136,14,1,0.0,0.3023369295526594,0,1.0,0.0,0.0,0.0,False,False,False
WBCIC,14|S1|T137,14,1,1.0,0.4850326976752029,0,1.0,0.0,0.0,0.0,False,False,False
WBCIC,14|S1|T138,14,1,0.0,0.36796440208018977,0,1.0,0.0,0.0,0.0,False,False,False
WBCIC,14|S1|T139,14,0,0.0,0.3602130404232609,0,1.0,0.0,0.0,0.0,False,False,False
WBCIC,14|S1|T14,14,1,1.0,0.4695060249042466,0,1.0,0.0,0.0,0.0,False,False,False
WBCIC,14|S1|T140,14,0,0.0,0.28519185948758424,0,1.0,0.0,0.0,0.0,True,False,False
WBCIC,14|S1|T141,14,1,1.0,0.5605943340372141,1,0.5168399794439759,0.0,0.48316002055602414,0.48316002055602414,False,False,False
WBCIC,14|S1|T142,14,1,0.0,0.2710273586066437,0,1.0,0.0,0.0,0.0,True,False,False
WBCIC,14|S1|T143,14,0,1.0,0.5580897228868914,1,1.0,0.0,0.0,0.0,False,False,False
WBCIC,14|S1|T144,14,0,0.6666666666666666,0.4660260449927855,0,1.0,0.0,0.0,0.0,False,False,False
WBCIC,14|S1|T145,14,0,0.33333333333333326,0.3748277371812041,0,1.0,0.0,0.0,0.0,False,False,False
WBCIC,14|S1|T146,14,0,0.33333333333333326,0.45441806429848625,0,1.0,0.0,0.0,0.0,False,False,False
WBCIC,14|S1|T147,14,0,1.0,0.5225037992275704,1,1.0,0.0,0.0,0.0,False,False,False
WBCIC,14|S1|T148,14,1,0.0,0.30184752545445487,0,1.0,0.0,0.0,0.0,False,False,False
WBCIC,14|S1|T149,14,1,0.0,0.29892007214092886,0,1.0,0.0,0.0,0.0,True,False,False
WBCIC,14|S1|T15,14,0,0.6666666666666666,0.4278759735164992,0,1.0,0.0,0.0,0.0,False,False,False
WBCIC,14|S1|T150,14,1,0.0,0.35441515961916875,0,1.0,0.0,0.0,0.0,False,False,False
WBCIC,14|S1|T151,14,0,1.0,0.4789804187225732,0,1.0,0.0,0.0,0.0,False,False,False
WBCIC,14|S1|T152,14,1,0.0,0.37255918699734264,0,1.0,0.0,0.0,0.0,False,False,False
WBCIC,14|S1|T153,14,1,0.6666666666666667,0.589218467851132,1,1.0,0.0,0.0,0.0,False,False,False
WBCIC,14|S1|T154,14,0,0.0,0.4159723470899632,0,1.0,0.0,0.0,0.0,False,False,False
WBCIC,14|S1|T155,14,1,1.0,0.6393375671903495,1,0.5172019425112931,0.0,0.48279805748870686,0.48279805748870686,False,False,False
WBCIC,14|S1|T156,14,0,0.6666666666666667,0.6776567658960039,1,1.0,0.0,0.0,0.0,False,False,False
WBCIC,14|S1|T157,14,0,0.0,0.3476207591655199,0,1.0,0.0,0.0,0.0,False,False,False
WBCIC,14|S1|T158,14,1,0.0,0.20981767518488081,0,1.0,0.0,0.0,0.0,True,False,False
WBCIC,14|S1|T159,14,1,0.0,0.3432616630418776,0,1.0,0.0,0.0,0.0,False,False,False
WBCIC,14|S1|T16,14,1,1.0,0.5918265413882927,1,0.5206705121114945,0.0,0.4793294878885055,0.4793294878885055,False,False,False
WBCIC,14|S1|T160,14,0,0.0,0.34685691062271085,0,1.0,0.0,0.0,0.0,False,False,False
WBCIC,14|S1|T161,14,0,0.0,0.3411784113561853,0,1.0,0.0,0.0,0.0,False,False,False
WBCIC,14|S1|T162,14,1,0.33333333333333326,0.4245083757126113,0,1.0,0.0,0.0,0.0,False,False,False
WBCIC,14|S1|T163,14,1,0.0,0.3653115887456729,0,1.0,0.0,0.0,0.0,False,False,False
WBCIC,14|S1|T164,14,1,0.6666666666666666,0.48959114469731324,0,0.6341832972391304,0.0,0.3658167027608697,0.3658167027608697,False,False,False
WBCIC,14|S1|T165,14,1,0.33333333333333326,0.37663371789297506,0,0.7654650253316414,0.0,0.23453497466835865,0.23453497466835865,False,False,False
WBCIC,14|S1|T166,14,0,1.0,0.5347975407115061,1,1.0,0.0,0.0,0.0,False,False,False
WBCIC,14|S1|T167,14,0,0.0,0.3708491541927768,0,1.0,0.0,0.0,0.0,False,False,False
WBCIC,14|S1|T168,14,0,0.6666666666666666,0.47030989950576196,0,1.0,0.0,0.0,0.0,False,False,False
WBCIC,14|S1|T169,14,0,1.0,0.6050990488783897,1,1.0,0.0,0.0,0.0,False,False,False
WBCIC,14|S1|T17,14,0,0.0,0.31769086526657064,0,1.0,0.0,0.0,0.0,False,False,False
WBCIC,14|S1|T170,14,0,0.33333333333333326,0.3966463091754548,0,0.762357589173413,0.23764241082658702,0.0,0.23764241082658702,False,False,False
WBCIC,14|S1|T171,14,0,1.0,0.5708012618594314,1,0.5009681226946855,0.0,0.4990318773053145,0.4990318773053145,False,False,False
WBCIC,14|S1|T172,14,1,1.0,0.569907830137931,1,1.0,0.0,0.0,0.0,False,False,False
WBCIC,14|S1|T173,14,0,0.0,0.3336622635750095,0,1.0,0.0,0.0,0.0,False,False,False
WBCIC,14|S1|T174,14,0,0.0,0.3335844231349132,0,1.0,0.0,0.0,0.0,False,False,False
WBCIC,14|S1|T175,14,1,0.0,0.39138042898583336,0,1.0,0.0,0.0,0.0,False,False,False
WBCIC,14|S1|T176,14,1,0.33333333333333326,0.39188460078512644,0,1.0,0.0,0.0,0.0,False,False,False
WBCIC,14|S1|T177,14,0,0.0,0.4325545774262564,0,1.0,0.0,0.0,0.0,False,False,False
WBCIC,14|S1|T178,14,0,0.0,0.33729118050445495,0,1.0,0.0,0.0,0.0,False,False,False
WBCIC,14|S1|T179,14,1,0.0,0.43556333610505776,0,1.0,0.0,0.0,0.0,False,False,False
WBCIC,14|S1|T18,14,0,1.0,0.5454114154999444,1,1.0,0.0,0.0,0.0,False,False,False
WBCIC,14|S1|T180,14,1,1.0,0.6371771035549502,1,1.0,0.0,0.0,0.0,False,False,False
WBCIC,14|S1|T181,14,0,0.0,0.4018190375549991,0,1.0,0.0,0.0,0.0,False,False,False
WBCIC,14|S1|T182,14,1,1.0,0.5409850731019767,1,1.0,0.0,0.0,0.0,False,False,False
WBCIC,14|S1|T183,14,1,0.0,0.2083280959520992,0,1.0,0.0,0.0,0.0,True,False,False
WBCIC,14|S1|T184,14,1,0.0,0.6898810320664902,1,1.0,0.0,0.0,0.0,False,False,False
WBCIC,14|S1|T185,14,1,0.0,0.2137121790208024,0,1.0,0.0,0.0,0.0,True,False,False
WBCIC,14|S1|T186,14,0,0.6666666666666666,0.4618182183933208,0,1.0,0.0,0.0,0.0,False,False,False
WBCIC,14|S1|T187,14,1,0.0,0.3196226590713541,0,1.0,0.0,0.0,0.0,False,False,False
WBCIC,14|S1|T188,14,1,1.0,0.46778374935201433,0,1.0,0.0,0.0,0.0,False,False,False
WBCIC,14|S1|T189,14,1,1.0,0.5440714810503683,1,1.0,0.0,0.0,0.0,False,False,False
WBCIC,14|S1|T19,14,0,0.0,0.41084031659732195,0,1.0,0.0,0.0,0.0,False,False,False
WBCIC,14|S1|T190,14,1,0.0,0.30499246381003386,0,1.0,0.0,0.0,0.0,False,False,False
WBCIC,14|S1|T191,14,1,1.0,0.46794199375745804,0,1.0,0.0,0.0,0.0,False,False,False
WBCIC,14|S1|T192,14,1,0.33333333333333326,0.4203076680977807,0,0.769247195493902,0.23075280450609809,0.0,0.23075280450609809,False,False,False
WBCIC,14|S1|T193,14,0,0.0,0.39590377205204336,0,1.0,0.0,0.0,0.0,False,False,False
WBCIC,14|S1|T194,14,0,0.33333333333333326,0.4081644164671476,0,1.0,0.0,0.0,0.0,False,False,False
WBCIC,14|S1|T195,14,0,0.6666666666666667,0.6033566712422542,1,1.0,0.0,0.0,0.0,False,False,False
WBCIC,14|S1|T196,14,0,0.0,0.5772295500175247,1,1.0,0.0,0.0,0.0,False,False,False
WBCIC,14|S1|T197,14,0,0.0,0.32779951413487857,0,1.0,0.0,0.0,0.0,False,False,False
WBCIC,14|S1|T198,14,0,0.6666666666666667,0.6976694089994346,1,1.0,0.0,0.0,0.0,False,False,False
WBCIC,14|S1|T199,14,1,0.6666666666666667,0.5157048958440428,1,1.0,0.0,0.0,0.0,False,False,False
WBCIC,14|S1|T2,14,1,0.0,0.22246692045447722,0,1.0,0.0,0.0,0.0,True,False,False
WBCIC,14|S1|T20,14,0,0.0,0.23620570834027288,0,1.0,0.0,0.0,0.0,True,False,False
WBCIC,14|S1|T21,14,0,0.0,0.40554321581716096,0,1.0,0.0,0.0,0.0,False,False,False
WBCIC,14|S1|T22,14,0,0.0,0.17075357554841838,0,1.0,0.0,0.0,0.0,True,False,False
WBCIC,14|S1|T23,14,0,0.6666666666666666,0.41193473059584007,0,1.0,0.0,0.0,0.0,False,False,False
WBCIC,14|S1|T24,14,0,0.0,0.21783250112220306,0,1.0,0.0,0.0,0.0,True,False,False
WBCIC,14|S1|T25,14,0,0.33333333333333326,0.4323371890699125,0,0.767992644024029,0.232007355975971,0.0,0.232007355975971,False,False,False
WBCIC,14|S1|T26,14,0,1.0,0.5456398506540153,1,1.0,0.0,0.0,0.0,False,False,False
WBCIC,14|S1|T27,14,1,1.0,0.5340509914988906,1,1.0,0.0,0.0,0.0,False,False,False
WBCIC,14|S1|T28,14,1,0.33333333333333326,0.4293707843890346,0,1.0,0.0,0.0,0.0,False,False,False
WBCIC,14|S1|T29,14,1,0.33333333333333326,0.6318739666137408,1,1.0,0.0,0.0,0.0,False,False,False
WBCIC,14|S1|T3,14,0,0.0,0.3851161362428768,0,1.0,0.0,0.0,0.0,False,False,False
WBCIC,14|S1|T30,14,0,1.0,0.5638641789723183,1,1.0,0.0,0.0,0.0,False,False,False
WBCIC,14|S1|T31,14,1,0.0,0.13434841409756862,0,1.0,0.0,0.0,0.0,True,False,False
WBCIC,14|S1|T32,14,0,0.0,0.23159927601069444,0,1.0,0.0,0.0,0.0,True,False,False
WBCIC,14|S1|T33,14,0,0.33333333333333326,0.35528910198661295,0,1.0,0.0,0.0,0.0,False,False,False
WBCIC,14|S1|T34,14,0,1.0,0.5794742257534821,1,1.0,0.0,0.0,0.0,False,False,False
WBCIC,14|S1|T35,14,1,0.0,0.23869808783810006,0,1.0,0.0,0.0,0.0,True,False,False
WBCIC,14|S1|T36,14,1,0.0,0.2706098406455291,0,1.0,0.0,0.0,0.0,True,False,False
WBCIC,14|S1|T37,14,1,0.6666666666666667,0.6279048501804392,1,1.0,0.0,0.0,0.0,False,False,False
WBCIC,14|S1|T38,14,0,0.33333333333333326,0.4319671147835399,0,0.7702660650170392,0.2297339349829608,0.0,0.2297339349829608,False,False,False
WBCIC,14|S1|T39,14,1,0.0,0.21698820204353883,0,1.0,0.0,0.0,0.0,True,False,False
WBCIC,14|S1|T4,14,1,0.6666666666666666,0.5084803353388877,1,1.0,0.0,0.0,0.0,False,False,False
WBCIC,14|S1|T40,14,1,1.0,0.5206628810178939,1,1.0,0.0,0.0,0.0,False,False,False
WBCIC,14|S1|T41,14,0,0.0,0.40936558364546394,0,1.0,0.0,0.0,0.0,False,False,False
WBCIC,14|S1|T42,14,0,0.0,0.3197894550294366,0,1.0,0.0,0.0,0.0,False,False,False
WBCIC,14|S1|T43,14,1,0.0,0.23375359699970832,0,1.0,0.0,0.0,0.0,True,False,False
WBCIC,14|S1|T44,14,0,0.0,0.2588319686847361,0,1.0,0.0,0.0,0.0,True,False,False
WBCIC,14|S1|T45,14,1,0.0,0.25104758294871565,0,1.0,0.0,0.0,0.0,True,False,False
WBCIC,14|S1|T46,14,0,0.6666666666666666,0.5189520489562947,1,1.0,0.0,0.0,0.0,False,False,False
WBCIC,14|S1|T47,14,0,0.0,0.32306357695974175,0,1.0,0.0,0.0,0.0,False,False,False
WBCIC,14|S1|T48,14,0,0.6666666666666666,0.5235136139846448,1,0.6352280125736187,0.0,0.36477198742638123,0.36477198742638123,False,False,True
WBCIC,14|S1|T49,14,0,0.0,0.700380752683326,1,1.0,0.0,0.0,0.0,True,False,False
WBCIC,14|S1|T5,14,0,0.0,0.24971874378208528,0,1.0,0.0,0.0,0.0,True,False,False
WBCIC,14|S1|T50,14,0,0.33333333333333326,0.30127397472709116,0,0.7681663443447088,0.2318336556552913,0.0,0.2318336556552913,False,False,False
WBCIC,14|S1|T51,14,1,0.33333333333333326,0.4045855393035375,0,1.0,0.0,0.0,0.0,False,False,False
WBCIC,14|S1|T52,14,1,0.0,0.24025456091403752,0,1.0,0.0,0.0,0.0,True,False,False
WBCIC,14|S1|T53,14,1,0.6666666666666666,0.4887981848802277,0,1.0,0.0,0.0,0.0,False,False,False
WBCIC,14|S1|T54,14,1,0.0,0.3764903201927785,0,1.0,0.0,0.0,0.0,False,False,False
WBCIC,14|S1|T55,14,0,0.0,0.28257216532788615,0,1.0,0.0,0.0,0.0,True,False,False
WBCIC,14|S1|T56,14,0,0.33333333333333326,0.3606099785582503,0,0.7659980165253598,0.23400198347464016,0.0,0.23400198347464016,False,False,False
WBCIC,14|S1|T57,14,1,0.0,0.19373402798422634,0,1.0,0.0,0.0,0.0,True,False,False
WBCIC,14|S1|T58,14,0,0.0,0.3078989180357713,0,1.0,0.0,0.0,0.0,False,False,False
WBCIC,14|S1|T59,14,0,0.0,0.3674004690373149,0,1.0,0.0,0.0,0.0,False,False,False
WBCIC,14|S1|T6,14,1,0.0,0.3675176072318111,0,1.0,0.0,0.0,0.0,False,False,False
WBCIC,14|S1|T60,14,1,0.0,0.3988530662874617,0,1.0,0.0,0.0,0.0,False,False,False
WBCIC,14|S1|T61,14,0,0.33333333333333326,0.3632265721724041,0,0.7636526414124646,0.23634735858753542,0.0,0.23634735858753542,False,False,False
WBCIC,14|S1|T62,14,0,0.6666666666666666,0.4456913864523871,0,0.6298515217455928,0.3701484782544072,0.0,0.3701484782544072,False,False,False
WBCIC,14|S1|T63,14,1,0.0,0.33882176284170723,0,1.0,0.0,0.0,0.0,False,False,False
WBCIC,14|S1|T64,14,0,0.0,0.2705559063340051,0,1.0,0.0,0.0,0.0,True,False,False
WBCIC,14|S1|T65,14,1,0.0,0.3075779816712138,0,1.0,0.0,0.0,0.0,False,False,False
WBCIC,14|S1|T66,14,1,1.0,0.4986583027135925,0,1.0,0.0,0.0,0.0,False,False,False
WBCIC,14|S1|T67,14,1,0.0,0.3881078116676657,0,1.0,0.0,0.0,0.0,False,False,False
WBCIC,14|S1|T68,14,0,0.0,0.20664765966059143,0,1.0,0.0,0.0,0.0,True,False,False
WBCIC,14|S1|T69,14,1,0.0,0.21013732692266843,0,1.0,0.0,0.0,0.0,True,False,False
WBCIC,14|S1|T7,14,0,0.0,0.33582276954549584,0,1.0,0.0,0.0,0.0,False,False,False
WBCIC,14|S1|T70,14,0,0.6666666666666666,0.40932261586877244,0,0.6336261225745925,0.36637387742540745,0.0,0.36637387742540745,False,False,False
WBCIC,14|S1|T71,14,1,0.6666666666666666,0.36662438911445144,0,1.0,0.0,0.0,0.0,False,False,False
WBCIC,14|S1|T72,14,1,0.6666666666666666,0.48638422280298194,0,1.0,0.0,0.0,0.0,False,False,False
WBCIC,14|S1|T73,14,0,1.0,0.5423998424226686,1,1.0,0.0,0.0,0.0,False,False,False
WBCIC,14|S1|T74,14,0,1.0,0.6217492080271599,1,1.0,0.0,0.0,0.0,False,False,False
WBCIC,14|S1|T75,14,0,0.0,0.32389420754794696,0,1.0,0.0,0.0,0.0,False,False,False
WBCIC,14|S1|T76,14,1,0.0,0.7052062737594086,1,1.0,0.0,0.0,0.0,True,False,False
WBCIC,14|S1|T77,14,1,0.33333333333333326,0.3086067100329969,0,0.7613430287932559,0.23865697120674417,0.0,0.23865697120674417,False,False,False
WBCIC,14|S1|T78,14,1,0.33333333333333326,0.37930656098243776,0,1.0,0.0,0.0,0.0,False,False,False
WBCIC,14|S1|T79,14,1,0.0,0.361474393130512,0,1.0,0.0,0.0,0.0,False,False,False
WBCIC,14|S1|T8,14,0,0.0,0.1844396982325379,0,1.0,0.0,0.0,0.0,True,False,False
WBCIC,14|S1|T80,14,0,0.0,0.14827007757449803,0,1.0,0.0,0.0,0.0,True,False,False
WBCIC,14|S1|T81,14,0,1.0,0.5031466219496171,1,1.0,0.0,0.0,0.0,False,False,False
WBCIC,14|S1|T82,14,0,0.0,0.3071772168171478,0,1.0,0.0,0.0,0.0,False,False,False
WBCIC,14|S1|T83,14,0,0.33333333333333326,0.4084355714263349,0,0.7634277615253378,0.23657223847466224,0.0,0.23657223847466224,False,False,False
WBCIC,14|S1|T84,14,0,0.0,0.38592957386732407,0,1.0,0.0,0.0,0.0,False,False,False
WBCIC,14|S1|T85,14,0,0.33333333333333326,0.4508196745891577,0,0.7628029642236226,0.23719703577637738,0.0,0.23719703577637738,False,False,False
WBCIC,14|S1|T86,14,1,0.0,0.3749337932699605,0,1.0,0.0,0.0,0.0,False,False,False
WBCIC,14|S1|T87,14,1,0.0,0.34416113063822285,0,1.0,0.0,0.0,0.0,False,False,False
WBCIC,14|S1|T88,14,0,1.0,0.5767224664972258,1,1.0,0.0,0.0,0.0,False,False,False
WBCIC,14|S1|T89,14,0,0.0,0.39571812145892,0,1.0,0.0,0.0,0.0,False,False,False
WBCIC,14|S1|T9,14,1,0.6666666666666666,0.4536639149763624,0,1.0,0.0,0.0,0.0,False,False,False
WBCIC,14|S1|T90,14,1,0.6666666666666666,0.4655807492928821,0,1.0,0.0,0.0,0.0,False,False,False
WBCIC,14|S1|T91,14,0,0.0,0.20835460745006382,0,1.0,0.0,0.0,0.0,True,False,False
WBCIC,14|S1|T92,14,1,0.6666666666666666,0.4675787807811817,0,1.0,0.0,0.0,0.0,False,False,False
WBCIC,14|S1|T93,14,1,0.0,0.3096908790611645,0,1.0,0.0,0.0,0.0,False,False,False
WBCIC,14|S1|T94,14,1,0.0,0.3530202232742299,0,1.0,0.0,0.0,0.0,False,False,False
WBCIC,14|S1|T95,14,0,0.6666666666666666,0.4895044573652566,0,0.6410964795480036,0.0,0.35890352045199636,0.35890352045199636,False,False,False
WBCIC,14|S1|T96,14,1,0.33333333333333326,0.4681018574812138,0,0.7704941082806581,0.0,0.229505891719342,0.229505891719342,False,False,False
WBCIC,14|S1|T97,14,0,1.0,0.5112685946487526,1,1.0,0.0,0.0,0.0,False,False,False
WBCIC,14|S1|T98,14,1,1.0,0.5118433543152141,1,1.0,0.0,0.0,0.0,False,False,False
WBCIC,14|S1|T99,14,1,0.6666666666666666,0.47266033052583983,0,0.618742284888963,0.381257715111037,0.0,0.381257715111037,False,False,False
WBCIC,16|S1|T0,16,0,0.0,0.3618971714544061,0,1.0,0.0,0.0,0.0,False,False,False
WBCIC,16|S1|T1,16,1,0.0,0.30908401612277286,0,1.0,0.0,0.0,0.0,False,False,False
WBCIC,16|S1|T10,16,0,0.0,0.2639406035884046,0,1.0,0.0,0.0,0.0,True,False,False
WBCIC,16|S1|T100,16,0,0.0,0.22563278978850243,0,1.0,0.0,0.0,0.0,True,False,False
WBCIC,16|S1|T101,16,1,0.6666666666666666,0.45560086898837165,0,0.6405469647130709,0.0,0.35945303528692907,0.35945303528692907,False,False,False
WBCIC,16|S1|T102,16,1,0.33333333333333326,0.3493639845967771,0,1.0,0.0,0.0,0.0,False,False,False
WBCIC,16|S1|T103,16,0,0.0,0.2314229063372447,0,1.0,0.0,0.0,0.0,True,False,False
WBCIC,16|S1|T104,16,1,0.0,0.374491517355615,0,1.0,0.0,0.0,0.0,False,False,False
WBCIC,16|S1|T105,16,0,0.0,0.28631034046012543,0,1.0,0.0,0.0,0.0,True,False,False
WBCIC,16|S1|T106,16,1,0.0,0.3364352399540353,0,1.0,0.0,0.0,0.0,False,False,False
WBCIC,16|S1|T107,16,1,0.0,0.3275937468731921,0,1.0,0.0,0.0,0.0,False,False,False
WBCIC,16|S1|T108,16,0,0.33333333333333326,0.3601794735146957,0,1.0,0.0,0.0,0.0,False,False,False
WBCIC,16|S1|T109,16,0,0.0,0.32850971887441927,0,1.0,0.0,0.0,0.0,False,False,False
WBCIC,16|S1|T11,16,0,0.6666666666666666,0.4417695505440491,0,0.6407627483235301,0.35923725167646986,0.0,0.35923725167646986,False,False,False
WBCIC,16|S1|T110,16,0,0.6666666666666667,0.5765735380246707,1,1.0,0.0,0.0,0.0,False,False,False
WBCIC,16|S1|T111,16,1,0.33333333333333326,0.3637381760599901,0,0.622139816183419,0.18619316785922563,0.19166701595735544,0.37786018381658104,False,False,False
WBCIC,16|S1|T112,16,1,0.0,0.23774164359049818,0,1.0,0.0,0.0,0.0,True,False,False
WBCIC,16|S1|T113,16,0,0.0,0.20245292339982293,0,1.0,0.0,0.0,0.0,True,False,False
WBCIC,16|S1|T114,16,1,0.0,0.24531065465561927,0,1.0,0.0,0.0,0.0,True,False,False
WBCIC,16|S1|T115,16,0,1.0,0.4825233109884787,0,1.0,0.0,0.0,0.0,False,False,False
WBCIC,16|S1|T116,16,0,0.33333333333333326,0.31245727038757476,0,0.7616513776370192,0.23834862236298082,0.0,0.23834862236298082,False,False,False
WBCIC,16|S1|T117,16,1,0.33333333333333326,0.4391182087804755,0,0.7581143542824111,0.0,0.2418856457175888,0.2418856457175888,False,False,False
WBCIC,16|S1|T118,16,1,1.0,0.5111701908594549,1,1.0,0.0,0.0,0.0,False,False,False
WBCIC,16|S1|T119,16,1,0.0,0.41638830219376377,0,1.0,0.0,0.0,0.0,False,False,False
WBCIC,16|S1|T12,16,1,0.0,0.21986242948672682,0,1.0,0.0,0.0,0.0,True,False,False
WBCIC,16|S1|T120,16,0,0.0,0.145889994025752,0,1.0,0.0,0.0,0.0,True,False,False
WBCIC,16|S1|T121,16,0,0.0,0.3842955098913372,0,1.0,0.0,0.0,0.0,False,False,False
WBCIC,16|S1|T122,16,1,0.0,0.6236336738998013,1,1.0,0.0,0.0,0.0,False,False,False
WBCIC,16|S1|T123,16,0,0.6666666666666667,0.5758202942819899,1,1.0,0.0,0.0,0.0,False,False,False
WBCIC,16|S1|T124,16,1,0.6666666666666667,0.5173393370376044,1,1.0,0.0,0.0,0.0,False,False,False
WBCIC,16|S1|T125,16,0,0.0,0.36318464024235114,0,1.0,0.0,0.0,0.0,False,False,False
WBCIC,16|S1|T126,16,0,0.6666666666666666,0.47908234426031804,0,1.0,0.0,0.0,0.0,False,False,False
WBCIC,16|S1|T127,16,0,0.33333333333333326,0.4801849771525831,0,0.761114747998958,0.2388852520010421,0.0,0.2388852520010421,False,False,False
WBCIC,16|S1|T128,16,0,0.0,0.3578434808078916,0,1.0,0.0,0.0,0.0,False,False,False
WBCIC,16|S1|T129,16,0,1.0,0.49578195769475014,0,1.0,0.0,0.0,0.0,False,False,False
WBCIC,16|S1|T13,16,1,1.0,0.5714980677145856,1,1.0,0.0,0.0,0.0,False,False,False
WBCIC,16|S1|T130,16,1,1.0,0.4873937109271009,0,0.5390905361015023,0.46090946389849774,0.0,0.46090946389849774,False,False,False
WBCIC,16|S1|T131,16,0,0.6666666666666667,0.5463032740742211,1,1.0,0.0,0.0,0.0,False,False,False
WBCIC,16|S1|T132,16,1,0.33333333333333326,0.45562321402447453,0,0.7692950495538005,0.0,0.23070495044619957,0.23070495044619957,False,False,False
WBCIC,16|S1|T133,16,1,0.0,0.26127062637960735,0,1.0,0.0,0.0,0.0,True,False,False
WBCIC,16|S1|T134,16,1,0.6666666666666666,0.45238989114900274,0,0.6268156276536954,0.0,0.3731843723463047,0.3731843723463047,False,False,False
WBCIC,16|S1|T135,16,1,0.0,0.377579960548959,0,1.0,0.0,0.0,0.0,False,False,False
WBCIC,16|S1|T136,16,0,0.6666666666666666,0.4428050837161096,0,0.633155686148431,0.366844313851569,0.0,0.366844313851569,False,False,False
WBCIC,16|S1|T137,16,1,0.0,0.32814555468481044,0,1.0,0.0,0.0,0.0,False,False,False
WBCIC,16|S1|T138,16,0,0.0,0.32248901639042044,0,1.0,0.0,0.0,0.0,False,False,False
WBCIC,16|S1|T139,16,1,0.33333333333333326,0.46477906874231945,0,1.0,0.0,0.0,0.0,False,False,False
WBCIC,16|S1|T14,16,0,0.0,0.39239220453957735,0,1.0,0.0,0.0,0.0,False,False,False
WBCIC,16|S1|T140,16,0,0.33333333333333326,0.6537690745965176,1,1.0,0.0,0.0,0.0,False,False,False
WBCIC,16|S1|T141,16,1,0.6666666666666666,0.47009595530930987,0,1.0,0.0,0.0,0.0,False,False,False
WBCIC,16|S1|T142,16,1,0.6666666666666666,0.49245742364340533,0,1.0,0.0,0.0,0.0,False,False,False
WBCIC,16|S1|T143,16,0,0.0,0.2835622050810784,0,1.0,0.0,0.0,0.0,True,False,False
WBCIC,16|S1|T144,16,1,0.0,0.43801104268928986,0,1.0,0.0,0.0,0.0,False,False,False
WBCIC,16|S1|T145,16,0,1.0,0.5318750220853334,1,0.5125264716113794,0.0,0.48747352838862057,0.48747352838862057,False,False,True
WBCIC,16|S1|T146,16,0,0.33333333333333326,0.37946140492156405,0,1.0,0.0,0.0,0.0,False,False,False
WBCIC,16|S1|T147,16,0,0.0,0.3109873765465831,0,1.0,0.0,0.0,0.0,False,False,False
WBCIC,16|S1|T148,16,1,0.6666666666666667,0.5474291198630964,1,0.6304669378387782,0.0,0.3695330621612219,0.3695330621612219,False,False,False
WBCIC,16|S1|T149,16,1,0.6666666666666666,0.4786394499245885,0,1.0,0.0,0.0,0.0,False,False,False
WBCIC,16|S1|T15,16,0,0.33333333333333326,0.4256388291565345,0,1.0,0.0,0.0,0.0,False,False,False
WBCIC,16|S1|T150,16,0,0.0,0.3359102652501759,0,1.0,0.0,0.0,0.0,False,False,False
WBCIC,16|S1|T151,16,0,0.33333333333333326,0.38016328479764094,0,0.7620206957299496,0.23797930427005043,0.0,0.23797930427005043,False,False,False
WBCIC,16|S1|T152,16,1,0.0,0.38981887683060706,0,1.0,0.0,0.0,0.0,False,False,False
WBCIC,16|S1|T153,16,0,0.0,0.32521587566625293,0,1.0,0.0,0.0,0.0,False,False,False
WBCIC,16|S1|T154,16,1,0.6666666666666666,0.46116785928958254,0,1.0,0.0,0.0,0.0,False,False,False
WBCIC,16|S1|T155,16,1,0.0,0.2836652004100524,0,1.0,0.0,0.0,0.0,True,False,False
WBCIC,16|S1|T156,16,1,0.0,0.2819448557778405,0,1.0,0.0,0.0,0.0,True,False,False
WBCIC,16|S1|T157,16,1,0.6666666666666666,0.4491727992599256,0,0.6364532327952352,0.3635467672047647,0.0,0.3635467672047647,False,False,False
WBCIC,16|S1|T158,16,1,0.6666666666666666,0.40592428135290476,0,1.0,0.0,0.0,0.0,False,False,False
WBCIC,16|S1|T159,16,0,0.6666666666666667,0.5887891913027185,1,1.0,0.0,0.0,0.0,False,False,False
WBCIC,16|S1|T16,16,0,0.33333333333333326,0.4236382068567987,0,1.0,0.0,0.0,0.0,False,False,False
WBCIC,16|S1|T160,16,0,1.0,0.41811848885437564,0,1.0,0.0,0.0,0.0,False,False,False
WBCIC,16|S1|T161,16,1,0.0,0.39563748238737034,0,1.0,0.0,0.0,0.0,False,False,False
WBCIC,16|S1|T162,16,0,0.33333333333333326,0.41764786506273116,0,1.0,0.0,0.0,0.0,False,False,False
WBCIC,16|S1|T163,16,0,1.0,0.4854586121267719,0,1.0,0.0,0.0,0.0,False,False,False
WBCIC,16|S1|T164,16,1,0.0,0.33340114778340285,0,1.0,0.0,0.0,0.0,False,False,False
WBCIC,16|S1|T165,16,0,0.6666666666666666,0.49692765455387466,0,0.625729396985286,0.0,0.37427060301471404,0.37427060301471404,False,False,False
WBCIC,16|S1|T166,16,1,1.0,0.5249640448901506,1,1.0,0.0,0.0,0.0,False,False,False
WBCIC,16|S1|T167,16,1,0.33333333333333326,0.37702741276291285,0,0.7667510711682342,0.23324892883176584,0.0,0.23324892883176584,False,False,False
WBCIC,16|S1|T168,16,1,0.0,0.35587774192428073,0,1.0,0.0,0.0,0.0,False,False,False
WBCIC,16|S1|T169,16,1,0.0,0.2177231526155,0,1.0,0.0,0.0,0.0,True,False,False
WBCIC,16|S1|T17,16,1,0.33333333333333326,0.4619676195207813,0,1.0,0.0,0.0,0.0,False,False,False
WBCIC,16|S1|T170,16,0,0.33333333333333326,0.3984525760506898,0,1.0,0.0,0.0,0.0,False,False,False
WBCIC,16|S1|T171,16,1,0.0,0.31091689355098184,0,1.0,0.0,0.0,0.0,False,False,False
WBCIC,16|S1|T172,16,0,0.6666666666666667,0.5575787914087919,1,0.6384990706609539,0.0,0.3615009293390461,0.3615009293390461,False,False,False
WBCIC,16|S1|T173,16,0,0.6666666666666666,0.47036907557340735,0,1.0,0.0,0.0,0.0,False,False,False
WBCIC,16|S1|T174,16,1,0.6666666666666666,0.38607518518819156,0,1.0,0.0,0.0,0.0,False,False,False
WBCIC,16|S1|T175,16,1,1.0,0.5002795224764942,1,1.0,0.0,0.0,0.0,False,False,False
WBCIC,16|S1|T176,16,1,0.0,0.3593607900123286,0,1.0,0.0,0.0,0.0,False,False,False
WBCIC,16|S1|T177,16,1,0.33333333333333326,0.49764075025785326,0,1.0,0.0,0.0,0.0,False,False,False
WBCIC,16|S1|T178,16,1,0.33333333333333326,0.4059510602586069,0,1.0,0.0,0.0,0.0,False,False,False
WBCIC,16|S1|T179,16,1,0.0,0.2549361853926024,0,1.0,0.0,0.0,0.0,True,False,False
WBCIC,16|S1|T18,16,1,0.6666666666666667,0.5407573197979305,1,1.0,0.0,0.0,0.0,False,False,False
WBCIC,16|S1|T180,16,0,0.33333333333333326,0.35155279268719253,0,0.7572415955598559,0.24275840444014404,0.0,0.24275840444014404,False,False,False
WBCIC,16|S1|T181,16,0,0.0,0.31616553890575055,0,1.0,0.0,0.0,0.0,False,False,False
WBCIC,16|S1|T182,16,1,0.33333333333333326,0.4332358053250251,0,1.0,0.0,0.0,0.0,False,False,False
WBCIC,16|S1|T183,16,1,0.0,0.3054751080463311,0,1.0,0.0,0.0,0.0,False,False,False
WBCIC,16|S1|T184,16,1,1.0,0.5717673330365827,1,0.5051024108679768,0.49489758913202314,0.0,0.49489758913202314,False,False,False
WBCIC,16|S1|T185,16,1,0.0,0.3432246939993088,0,1.0,0.0,0.0,0.0,False,False,False
WBCIC,16|S1|T186,16,0,0.0,0.217126697715867,0,1.0,0.0,0.0,0.0,True,False,False
WBCIC,16|S1|T187,16,1,0.0,0.4005218544702336,0,1.0,0.0,0.0,0.0,False,False,False
WBCIC,16|S1|T188,16,0,0.0,0.22787126645024716,0,1.0,0.0,0.0,0.0,True,False,False
WBCIC,16|S1|T189,16,1,0.0,0.33555398280151527,0,1.0,0.0,0.0,0.0,False,False,False
WBCIC,16|S1|T19,16,1,0.6666666666666666,0.3751184035390153,0,1.0,0.0,0.0,0.0,False,False,False
WBCIC,16|S1|T190,16,0,0.33333333333333326,0.5649827944418581,1,1.0,0.0,0.0,0.0,False,False,False
WBCIC,16|S1|T191,16,0,0.6666666666666667,0.560315124131198,1,1.0,0.0,0.0,0.0,False,False,False
WBCIC,16|S1|T192,16,0,1.0,0.500806197099369,1,0.5044243084359891,0.0,0.49557569156401093,0.49557569156401093,False,False,True
WBCIC,16|S1|T193,16,0,0.0,0.29574515572303345,0,1.0,0.0,0.0,0.0,True,False,False
WBCIC,16|S1|T194,16,1,0.0,0.3103938157219102,0,1.0,0.0,0.0,0.0,False,False,False
WBCIC,16|S1|T195,16,0,0.6666666666666667,0.5613246665875731,1,1.0,0.0,0.0,0.0,False,False,False
WBCIC,16|S1|T196,16,0,1.0,0.5213789290494286,1,0.516085381943951,0.0,0.48391461805604896,0.48391461805604896,False,False,False
WBCIC,16|S1|T197,16,0,0.0,0.2623284808527443,0,1.0,0.0,0.0,0.0,True,False,False
WBCIC,16|S1|T198,16,0,0.0,0.4055735923461919,0,1.0,0.0,0.0,0.0,False,False,False
WBCIC,16|S1|T199,16,0,0.0,0.2620130224509461,0,1.0,0.0,0.0,0.0,True,False,False
WBCIC,16|S1|T2,16,1,0.0,0.29288550875424463,0,1.0,0.0,0.0,0.0,True,False,False
WBCIC,16|S1|T20,16,1,0.33333333333333326,0.437786142719718,0,0.7697795221483259,0.0,0.23022047785167407,0.23022047785167407,False,False,False
WBCIC,16|S1|T21,16,1,0.6666666666666666,0.4402414621743742,0,1.0,0.0,0.0,0.0,False,False,False
WBCIC,16|S1|T22,16,0,0.0,0.2809784634513861,0,1.0,0.0,0.0,0.0,True,False,False
WBCIC,16|S1|T23,16,1,0.6666666666666667,0.5137362854498404,1,1.0,0.0,0.0,0.0,False,False,False
WBCIC,16|S1|T24,16,1,0.33333333333333326,0.4518435138716185,0,0.762251738725502,0.0,0.23774826127449797,0.23774826127449797,False,False,False
WBCIC,16|S1|T25,16,1,0.0,0.31691149647904115,0,1.0,0.0,0.0,0.0,False,False,False
WBCIC,16|S1|T26,16,0,0.0,0.6788330029398736,1,1.0,0.0,0.0,0.0,False,False,False
WBCIC,16|S1|T27,16,1,0.33333333333333326,0.3157179809285169,0,0.765837387764333,0.23416261223566703,0.0,0.23416261223566703,False,False,False
WBCIC,16|S1|T28,16,1,0.0,0.31419248087979706,0,1.0,0.0,0.0,0.0,False,False,False
WBCIC,16|S1|T29,16,0,0.0,0.32902637120978423,0,1.0,0.0,0.0,0.0,False,False,False
WBCIC,16|S1|T3,16,1,0.0,0.29925062995208557,0,1.0,0.0,0.0,0.0,True,False,False
WBCIC,16|S1|T30,16,0,1.0,0.6123308725172419,1,1.0,0.0,0.0,0.0,False,False,False
WBCIC,16|S1|T31,16,0,0.0,0.2946959602157668,0,1.0,0.0,0.0,0.0,True,False,False
WBCIC,16|S1|T32,16,0,0.0,0.2691015291440817,0,1.0,0.0,0.0,0.0,True,False,False
WBCIC,16|S1|T33,16,1,0.0,0.23790456701755414,0,1.0,0.0,0.0,0.0,True,False,False
WBCIC,16|S1|T34,16,1,0.0,0.26104980746262413,0,1.0,0.0,0.0,0.0,True,False,False
WBCIC,16|S1|T35,16,1,0.0,0.26275859865320633,0,1.0,0.0,0.0,0.0,True,False,False
WBCIC,16|S1|T36,16,0,0.0,0.3261007390702886,0,1.0,0.0,0.0,0.0,False,False,False
WBCIC,16|S1|T37,16,1,0.0,0.32483581704059933,0,1.0,0.0,0.0,0.0,False,False,False
WBCIC,16|S1|T38,16,0,0.0,0.31894857545974814,0,1.0,0.0,0.0,0.0,False,False,False
WBCIC,16|S1|T39,16,0,0.0,0.34556290637520776,0,1.0,0.0,0.0,0.0,False,False,False
WBCIC,16|S1|T4,16,0,0.33333333333333326,0.43821455598694353,0,1.0,0.0,0.0,0.0,False,False,False
WBCIC,16|S1|T40,16,0,0.0,0.2015532398729424,0,1.0,0.0,0.0,0.0,True,False,False
WBCIC,16|S1|T41,16,1,0.0,0.22223784981739458,0,1.0,0.0,0.0,0.0,True,False,False
WBCIC,16|S1|T42,16,1,0.0,0.31051282908693295,0,1.0,0.0,0.0,0.0,False,False,False
WBCIC,16|S1|T43,16,1,0.6666666666666666,0.44945051572900363,0,1.0,0.0,0.0,0.0,False,False,False
WBCIC,16|S1|T44,16,0,0.6666666666666666,0.4546638959200385,0,1.0,0.0,0.0,0.0,False,False,False
WBCIC,16|S1|T45,16,0,0.0,0.3136324682683721,0,1.0,0.0,0.0,0.0,False,False,False
WBCIC,16|S1|T46,16,0,0.0,0.3058957822075677,0,1.0,0.0,0.0,0.0,False,False,False
WBCIC,16|S1|T47,16,1,1.0,0.6051079422695472,1,1.0,0.0,0.0,0.0,False,False,False
WBCIC,16|S1|T48,16,0,0.33333333333333326,0.749682420845032,1,1.0,0.0,0.0,0.0,False,False,False
WBCIC,16|S1|T49,16,0,1.0,0.5944205241059073,1,1.0,0.0,0.0,0.0,False,False,False
WBCIC,16|S1|T5,16,0,0.0,0.22746303336086013,0,1.0,0.0,0.0,0.0,True,False,False
WBCIC,16|S1|T50,16,0,0.6666666666666666,0.4954570862655221,0,1.0,0.0,0.0,0.0,False,False,False
WBCIC,16|S1|T51,16,1,0.0,0.26332387194099405,0,1.0,0.0,0.0,0.0,True,False,False
WBCIC,16|S1|T52,16,1,0.0,0.35212497334741405,0,1.0,0.0,0.0,0.0,False,False,False
WBCIC,16|S1|T53,16,0,1.0,0.530653785706217,1,0.49605444334464993,0.0,0.5039455566553501,0.5039455566553501,False,False,False
WBCIC,16|S1|T54,16,1,0.0,0.6937312331020219,1,1.0,0.0,0.0,0.0,False,False,False
WBCIC,16|S1|T55,16,1,0.33333333333333326,0.4453264922793547,0,0.7679032161697625,0.2320967838302375,0.0,0.2320967838302375,False,False,False
WBCIC,16|S1|T56,16,1,0.33333333333333326,0.3260289224125942,0,0.7649860262480858,0.2350139737519142,0.0,0.2350139737519142,False,False,False
WBCIC,16|S1|T57,16,1,0.0,0.19166178238244477,0,1.0,0.0,0.0,0.0,True,False,False
WBCIC,16|S1|T58,16,1,0.6666666666666666,0.4068865897777818,0,0.6285752379077832,0.3714247620922168,0.0,0.3714247620922168,False,False,False
WBCIC,16|S1|T59,16,1,0.33333333333333326,0.4046681077185959,0,1.0,0.0,0.0,0.0,False,False,False
WBCIC,16|S1|T6,16,0,1.0,0.5091230666794893,1,0.5025340758472426,0.0,0.49746592415275737,0.49746592415275737,False,False,True
WBCIC,16|S1|T60,16,0,0.0,0.40861567776290464,0,1.0,0.0,0.0,0.0,False,False,False
WBCIC,16|S1|T61,16,0,0.0,0.2697541937406093,0,1.0,0.0,0.0,0.0,True,False,False
WBCIC,16|S1|T62,16,1,0.0,0.627316414498763,1,1.0,0.0,0.0,0.0,False,False,False
WBCIC,16|S1|T63,16,1,0.6666666666666666,0.4990651113291789,0,0.6397136685063665,0.36028633149363354,0.0,0.36028633149363354,False,False,True
WBCIC,16|S1|T64,16,1,0.6666666666666666,0.4217919640338237,0,0.6288897519605716,0.37111024803942844,0.0,0.37111024803942844,False,False,False
WBCIC,16|S1|T65,16,1,0.0,0.2769389935342903,0,1.0,0.0,0.0,0.0,True,False,False
WBCIC,16|S1|T66,16,0,0.33333333333333326,0.41912187560029296,0,1.0,0.0,0.0,0.0,False,False,False
WBCIC,16|S1|T67,16,1,0.33333333333333326,0.39447840969437103,0,1.0,0.0,0.0,0.0,False,False,False
WBCIC,16|S1|T68,16,0,0.6666666666666666,0.47824578284505254,0,1.0,0.0,0.0,0.0,False,False,False
WBCIC,16|S1|T69,16,0,0.6666666666666666,0.5210568329536366,1,1.0,0.0,0.0,0.0,False,False,False
WBCIC,16|S1|T7,16,0,0.0,0.2881878636218361,0,1.0,0.0,0.0,0.0,True,False,False
WBCIC,16|S1|T70,16,0,1.0,0.4980726785638523,0,1.0,0.0,0.0,0.0,False,False,False
WBCIC,16|S1|T71,16,0,0.6666666666666666,0.4111484711626008,0,1.0,0.0,0.0,0.0,False,False,False
WBCIC,16|S1|T72,16,0,0.0,0.3400478516276208,0,1.0,0.0,0.0,0.0,False,False,False
WBCIC,16|S1|T73,16,0,1.0,0.48987130355830294,0,1.0,0.0,0.0,0.0,False,False,False
WBCIC,16|S1|T74,16,0,0.33333333333333326,0.545432107697616,1,1.0,0.0,0.0,0.0,False,False,False
WBCIC,16|S1|T75,16,0,0.6666666666666667,0.5213857457328196,1,1.0,0.0,0.0,0.0,False,False,False
WBCIC,16|S1|T76,16,1,0.33333333333333326,0.6940548509652508,1,1.0,0.0,0.0,0.0,False,False,False
WBCIC,16|S1|T77,16,1,0.0,0.2666524993561257,0,1.0,0.0,0.0,0.0,True,False,False
WBCIC,16|S1|T78,16,1,0.33333333333333326,0.39260081995990076,0,1.0,0.0,0.0,0.0,False,False,False
WBCIC,16|S1|T79,16,0,1.0,0.5399259405114386,1,1.0,0.0,0.0,0.0,False,False,False
WBCIC,16|S1|T8,16,1,0.33333333333333326,0.39665528261379723,0,1.0,0.0,0.0,0.0,False,False,False
WBCIC,16|S1|T80,16,0,0.0,0.25553581287074384,0,1.0,0.0,0.0,0.0,True,False,False
WBCIC,16|S1|T81,16,0,0.0,0.24089194221395527,0,1.0,0.0,0.0,0.0,True,False,False
WBCIC,16|S1|T82,16,1,0.6666666666666666,0.518447558751038,1,1.0,0.0,0.0,0.0,False,False,False
WBCIC,16|S1|T83,16,1,0.33333333333333326,0.34792980809732643,0,0.7731077246545756,0.22689227534542447,0.0,0.22689227534542447,False,False,False
WBCIC,16|S1|T84,16,0,0.6666666666666666,0.4973128161545904,0,0.6280192999658692,0.0,0.3719807000341307,0.3719807000341307,False,False,False
WBCIC,16|S1|T85,16,0,0.6666666666666666,0.4727938229594324,0,0.642343635422313,0.35765636457768696,0.0,0.35765636457768696,False,False,False
WBCIC,16|S1|T86,16,1,0.33333333333333326,0.45210215881735283,0,0.761586844917605,0.0,0.23841315508239502,0.23841315508239502,False,False,False
WBCIC,16|S1|T87,16,0,0.0,0.31845782773725756,0,1.0,0.0,0.0,0.0,False,False,False
WBCIC,16|S1|T88,16,0,1.0,0.5316453960412206,1,0.49923883562420146,0.5007611643757985,0.0,0.5007611643757985,False,False,False
WBCIC,16|S1|T89,16,0,0.6666666666666666,0.5473300756723909,1,1.0,0.0,0.0,0.0,False,False,False
WBCIC,16|S1|T9,16,0,0.0,0.280292088902096,0,1.0,0.0,0.0,0.0,True,False,False
WBCIC,16|S1|T90,16,1,0.0,0.2238340928494115,0,1.0,0.0,0.0,0.0,True,False,False
WBCIC,16|S1|T91,16,1,0.0,0.27461122669025667,0,1.0,0.0,0.0,0.0,True,False,False
WBCIC,16|S1|T92,16,0,0.6666666666666666,0.40139107354127335,0,1.0,0.0,0.0,0.0,False,False,False
WBCIC,16|S1|T93,16,0,0.6666666666666666,0.423968226614193,0,0.6427079078373096,0.35729209216269037,0.0,0.35729209216269037,False,False,False
WBCIC,16|S1|T94,16,0,0.6666666666666666,0.3911725783957492,0,1.0,0.0,0.0,0.0,False,False,False
WBCIC,16|S1|T95,16,1,0.0,0.2629221221506128,0,1.0,0.0,0.0,0.0,True,False,False
WBCIC,16|S1|T96,16,1,0.33333333333333326,0.6637523050695285,1,1.0,0.0,0.0,0.0,False,False,False
WBCIC,16|S1|T97,16,1,1.0,0.5841184351930708,1,0.340782105922699,0.3346206247806549,0.3245972692966461,0.659217894077301,False,False,False
WBCIC,16|S1|T98,16,1,0.6666666666666666,0.43656061668901097,0,1.0,0.0,0.0,0.0,False,False,False
WBCIC,16|S1|T99,16,0,0.33333333333333326,0.43542302327489896,0,0.6241898013663456,0.1852757753579196,0.19053442327573478,0.3758101986336544,False,False,False
WBCIC,17|S1|T0,17,0,0.0,0.1526338351344699,0,1.0,0.0,0.0,0.0,True,False,False
WBCIC,17|S1|T1,17,0,0.0,0.274892423835065,0,1.0,0.0,0.0,0.0,True,False,False
WBCIC,17|S1|T10,17,1,0.0,0.2595870387097467,0,1.0,0.0,0.0,0.0,True,False,False
WBCIC,17|S1|T100,17,0,0.0,0.19006264420790264,0,1.0,0.0,0.0,0.0,True,False,False
WBCIC,17|S1|T101,17,1,0.0,0.7257311948593431,1,1.0,0.0,0.0,0.0,True,False,False
WBCIC,17|S1|T102,17,0,0.0,0.2273840770766081,0,1.0,0.0,0.0,0.0,True,False,False
WBCIC,17|S1|T103,17,1,0.0,0.8411339787238891,1,1.0,0.0,0.0,0.0,True,False,False
WBCIC,17|S1|T104,17,1,0.0,0.7744817139507334,1,1.0,0.0,0.0,0.0,True,False,False
WBCIC,17|S1|T105,17,0,0.0,0.30528171468831794,0,1.0,0.0,0.0,0.0,False,False,False
WBCIC,17|S1|T106,17,1,0.33333333333333326,0.4289188804822073,0,1.0,0.0,0.0,0.0,False,False,False
WBCIC,17|S1|T107,17,0,0.0,0.1308697825714843,0,1.0,0.0,0.0,0.0,True,False,False
WBCIC,17|S1|T108,17,1,0.33333333333333326,0.45134768267911257,0,1.0,0.0,0.0,0.0,False,False,False
WBCIC,17|S1|T109,17,1,0.33333333333333326,0.6549248674160586,1,1.0,0.0,0.0,0.0,False,False,False
WBCIC,17|S1|T11,17,0,0.0,0.2321040139384031,0,1.0,0.0,0.0,0.0,True,False,False
WBCIC,17|S1|T110,17,1,1.0,0.6438466094916513,1,0.5024436508577739,0.4975563491422262,0.0,0.4975563491422262,False,False,False
WBCIC,17|S1|T111,17,0,0.0,0.2001353650786064,0,1.0,0.0,0.0,0.0,True,False,False
WBCIC,17|S1|T112,17,0,0.33333333333333326,0.4679265192541096,0,1.0,0.0,0.0,0.0,False,False,False
WBCIC,17|S1|T113,17,1,1.0,0.5592685537149669,1,1.0,0.0,0.0,0.0,False,False,False
WBCIC,17|S1|T114,17,1,1.0,0.5147609260354288,1,1.0,0.0,0.0,0.0,False,False,False
WBCIC,17|S1|T115,17,1,1.0,0.5485090576372833,1,1.0,0.0,0.0,0.0,False,False,False
WBCIC,17|S1|T116,17,0,0.6666666666666666,0.4222177831361231,0,1.0,0.0,0.0,0.0,False,False,False
WBCIC,17|S1|T117,17,0,0.0,0.2467549232991831,0,1.0,0.0,0.0,0.0,True,False,False
WBCIC,17|S1|T118,17,1,0.0,0.3659288907370812,0,1.0,0.0,0.0,0.0,False,False,False
WBCIC,17|S1|T119,17,0,0.0,0.31393354741517154,0,1.0,0.0,0.0,0.0,False,False,False
WBCIC,17|S1|T12,17,0,0.6666666666666666,0.45017704274501585,0,1.0,0.0,0.0,0.0,False,False,False
WBCIC,17|S1|T120,17,1,1.0,0.5743641532454725,1,1.0,0.0,0.0,0.0,False,False,False
WBCIC,17|S1|T121,17,1,1.0,0.6129774817901567,1,1.0,0.0,0.0,0.0,False,False,False
WBCIC,17|S1|T122,17,0,0.0,0.2198443012116089,0,1.0,0.0,0.0,0.0,True,False,False
WBCIC,17|S1|T123,17,0,0.0,0.09219336324697376,0,1.0,0.0,0.0,0.0,True,False,False
WBCIC,17|S1|T124,17,1,1.0,0.45793521703656226,0,1.0,0.0,0.0,0.0,False,False,False
WBCIC,17|S1|T125,17,0,0.0,0.15626544989272032,0,1.0,0.0,0.0,0.0,True,False,False
WBCIC,17|S1|T126,17,1,0.0,0.6576020857830178,1,1.0,0.0,0.0,0.0,False,False,False
WBCIC,17|S1|T127,17,1,0.6666666666666667,0.6488887848865136,1,1.0,0.0,0.0,0.0,False,False,False
WBCIC,17|S1|T128,17,0,1.0,0.6192985646789577,1,0.5069883512427483,0.49301164875725173,0.0,0.49301164875725173,False,False,False
WBCIC,17|S1|T129,17,0,0.0,0.23625014404165245,0,1.0,0.0,0.0,0.0,True,False,False
WBCIC,17|S1|T13,17,1,0.6666666666666666,0.5036793465054661,1,0.6347757293782005,0.36522427062179963,0.0,0.36522427062179963,False,True,False
WBCIC,17|S1|T130,17,1,0.0,0.4369923976689171,0,1.0,0.0,0.0,0.0,False,False,False
WBCIC,17|S1|T131,17,1,1.0,0.5312869527038928,1,0.5047297410802142,0.49527025891978577,0.0,0.49527025891978577,False,False,False
WBCIC,17|S1|T132,17,1,1.0,0.5737841806786498,1,1.0,0.0,0.0,0.0,False,False,False
WBCIC,17|S1|T133,17,0,1.0,0.49184175389129686,0,1.0,0.0,0.0,0.0,False,False,False
WBCIC,17|S1|T134,17,0,0.0,0.3449775398410227,0,1.0,0.0,0.0,0.0,False,False,False
WBCIC,17|S1|T135,17,0,0.0,0.3290968243581562,0,1.0,0.0,0.0,0.0,False,False,False
WBCIC,17|S1|T136,17,0,0.0,0.1446849849094888,0,1.0,0.0,0.0,0.0,True,False,False
WBCIC,17|S1|T137,17,1,0.6666666666666666,0.46540110182821276,0,1.0,0.0,0.0,0.0,False,False,False
WBCIC,17|S1|T138,17,1,0.33333333333333326,0.6937995035576088,1,1.0,0.0,0.0,0.0,False,False,False
WBCIC,17|S1|T139,17,1,1.0,0.5958456173849176,1,0.4967420823653171,0.503257917634683,0.0,0.503257917634683,False,False,False
WBCIC,17|S1|T14,17,0,0.0,0.3228963069315215,0,1.0,0.0,0.0,0.0,False,False,False
WBCIC,17|S1|T140,17,1,1.0,0.6738280944514033,1,1.0,0.0,0.0,0.0,False,False,False
WBCIC,17|S1|T141,17,0,0.0,0.24927024077953908,0,1.0,0.0,0.0,0.0,True,False,False
WBCIC,17|S1|T142,17,0,0.0,0.20582263145058377,0,1.0,0.0,0.0,0.0,True,False,False
WBCIC,17|S1|T143,17,1,0.0,0.26614563685010545,0,1.0,0.0,0.0,0.0,True,False,False
WBCIC,17|S1|T144,17,0,0.6666666666666667,0.6354640039059437,1,0.4641604789705052,0.27283274180717104,0.26300677922232374,0.5358395210294948,False,False,False
WBCIC,17|S1|T145,17,0,0.0,0.16398236530640628,0,1.0,0.0,0.0,0.0,True,False,False
WBCIC,17|S1|T146,17,1,0.0,0.712823824852324,1,1.0,0.0,0.0,0.0,True,False,False
WBCIC,17|S1|T147,17,0,0.0,0.3208695792843365,0,1.0,0.0,0.0,0.0,False,False,False
WBCIC,17|S1|T148,17,0,0.0,0.24930799500626488,0,1.0,0.0,0.0,0.0,True,False,False
WBCIC,17|S1|T149,17,0,0.0,0.1954610336710827,0,1.0,0.0,0.0,0.0,True,False,False
WBCIC,17|S1|T15,17,0,0.0,0.26453210925548504,0,1.0,0.0,0.0,0.0,True,False,False
WBCIC,17|S1|T150,17,1,0.33333333333333326,0.6138431872597371,1,1.0,0.0,0.0,0.0,False,False,False
WBCIC,17|S1|T151,17,0,0.33333333333333326,0.4674810452966301,0,1.0,0.0,0.0,0.0,False,False,False
WBCIC,17|S1|T152,17,1,0.0,0.7572847203645182,1,1.0,0.0,0.0,0.0,True,False,False
WBCIC,17|S1|T153,17,0,0.0,0.21375833247497644,0,1.0,0.0,0.0,0.0,True,False,False
WBCIC,17|S1|T154,17,1,0.33333333333333326,0.6959619653083841,1,1.0,0.0,0.0,0.0,False,False,False
WBCIC,17|S1|T155,17,0,0.6666666666666666,0.44046337025714566,0,1.0,0.0,0.0,0.0,False,False,False
WBCIC,17|S1|T156,17,1,0.0,0.6776667700349096,1,1.0,0.0,0.0,0.0,False,False,False
WBCIC,17|S1|T157,17,0,0.0,0.2372796312357571,0,1.0,0.0,0.0,0.0,True,False,False
WBCIC,17|S1|T158,17,1,1.0,0.5787880428569022,1,1.0,0.0,0.0,0.0,False,False,False
WBCIC,17|S1|T159,17,1,0.0,0.7161666640275953,1,1.0,0.0,0.0,0.0,True,False,False
WBCIC,17|S1|T16,17,0,0.6666666666666666,0.44173859605966664,0,1.0,0.0,0.0,0.0,False,False,False
WBCIC,17|S1|T160,17,1,0.6666666666666667,0.5263365252774991,1,1.0,0.0,0.0,0.0,False,False,False
WBCIC,17|S1|T161,17,0,0.0,0.2449760043703343,0,1.0,0.0,0.0,0.0,True,False,False
WBCIC,17|S1|T162,17,0,0.33333333333333326,0.42726838057050925,0,1.0,0.0,0.0,0.0,False,False,False
WBCIC,17|S1|T163,17,1,0.6666666666666667,0.6605817499724906,1,1.0,0.0,0.0,0.0,False,False,False
WBCIC,17|S1|T164,17,0,0.0,0.18889788130350485,0,1.0,0.0,0.0,0.0,True,False,False
WBCIC,17|S1|T165,17,0,0.0,0.21832086547858573,0,1.0,0.0,0.0,0.0,True,False,False
WBCIC,17|S1|T166,17,0,0.0,0.31604062835438157,0,1.0,0.0,0.0,0.0,False,False,False
WBCIC,17|S1|T167,17,1,0.33333333333333326,0.6912817842626057,1,1.0,0.0,0.0,0.0,False,False,False
WBCIC,17|S1|T168,17,0,0.0,0.11618083533048296,0,1.0,0.0,0.0,0.0,True,False,False
WBCIC,17|S1|T169,17,1,0.0,0.6695024246532193,1,1.0,0.0,0.0,0.0,False,False,False
WBCIC,17|S1|T17,17,0,0.0,0.2986262923779907,0,1.0,0.0,0.0,0.0,True,False,False
WBCIC,17|S1|T170,17,1,1.0,0.6460645977450598,1,0.5046070326493637,0.4953929673506363,0.0,0.4953929673506363,False,False,False
WBCIC,17|S1|T171,17,0,0.0,0.2892381656821536,0,1.0,0.0,0.0,0.0,True,False,False
WBCIC,17|S1|T172,17,0,0.33333333333333326,0.2860222176544641,0,1.0,0.0,0.0,0.0,False,False,False
WBCIC,17|S1|T173,17,0,1.0,0.5393593098012299,1,1.0,0.0,0.0,0.0,False,False,False
WBCIC,17|S1|T174,17,0,0.0,0.35763057601614356,0,1.0,0.0,0.0,0.0,False,False,False
WBCIC,17|S1|T175,17,1,0.0,0.6567250809730991,1,1.0,0.0,0.0,0.0,False,False,False
WBCIC,17|S1|T176,17,0,1.0,0.5127111702111642,1,0.5117815826168375,0.4882184173831626,0.0,0.4882184173831626,False,False,False
WBCIC,17|S1|T177,17,0,0.0,0.2427155663624261,0,1.0,0.0,0.0,0.0,True,False,False
WBCIC,17|S1|T178,17,1,0.33333333333333326,0.7261498081097778,1,1.0,0.0,0.0,0.0,False,False,False
WBCIC,17|S1|T179,17,0,0.0,0.2648855235135827,0,1.0,0.0,0.0,0.0,True,False,False
WBCIC,17|S1|T18,17,0,0.0,0.68141636225806,1,1.0,0.0,0.0,0.0,False,False,False
WBCIC,17|S1|T180,17,1,0.0,0.7449357966014839,1,1.0,0.0,0.0,0.0,True,False,False
WBCIC,17|S1|T181,17,1,0.0,0.6882023028953773,1,1.0,0.0,0.0,0.0,False,False,False
WBCIC,17|S1|T182,17,1,0.0,0.7297507756105696,1,1.0,0.0,0.0,0.0,True,False,False
WBCIC,17|S1|T183,17,1,0.6666666666666666,0.5030754486036351,1,0.6401868154038154,0.35981318459618455,0.0,0.35981318459618455,False,True,False
WBCIC,17|S1|T184,17,0,0.6666666666666667,0.5664148777384773,1,1.0,0.0,0.0,0.0,False,False,False
WBCIC,17|S1|T185,17,1,1.0,0.5405809457892921,1,1.0,0.0,0.0,0.0,False,False,False
WBCIC,17|S1|T186,17,0,1.0,0.4724858438407746,0,1.0,0.0,0.0,0.0,False,False,False
WBCIC,17|S1|T187,17,1,0.0,0.7283800652531736,1,1.0,0.0,0.0,0.0,True,False,False
WBCIC,17|S1|T188,17,0,1.0,0.5578292416656657,1,0.3448981447487517,0.3457107050928684,0.30939115015838,0.6551018552512484,False,False,False
WBCIC,17|S1|T189,17,1,0.33333333333333326,0.5374563565379383,1,1.0,0.0,0.0,0.0,False,False,False
WBCIC,17|S1|T19,17,1,1.0,0.5123714158907219,1,1.0,0.0,0.0,0.0,False,False,False
WBCIC,17|S1|T190,17,1,0.6666666666666667,0.7105397305543873,1,1.0,0.0,0.0,0.0,False,False,False
WBCIC,17|S1|T191,17,0,0.0,0.3053180541745623,0,1.0,0.0,0.0,0.0,False,False,False
WBCIC,17|S1|T192,17,1,0.33333333333333326,0.4543938227933027,0,1.0,0.0,0.0,0.0,False,False,False
WBCIC,17|S1|T193,17,1,0.6666666666666666,0.4614479896529738,0,1.0,0.0,0.0,0.0,False,False,False
WBCIC,17|S1|T194,17,1,0.33333333333333326,0.7128424558709251,1,1.0,0.0,0.0,0.0,False,False,False
WBCIC,17|S1|T195,17,0,0.0,0.3230907181236517,0,1.0,0.0,0.0,0.0,False,False,False
WBCIC,17|S1|T196,17,1,0.0,0.7157586886931457,1,1.0,0.0,0.0,0.0,True,False,False
WBCIC,17|S1|T197,17,0,0.0,0.17043660097268643,0,1.0,0.0,0.0,0.0,True,False,False
WBCIC,17|S1|T198,17,0,0.0,0.18531338755238622,0,1.0,0.0,0.0,0.0,True,False,False
WBCIC,17|S1|T199,17,1,1.0,0.5247889638911047,1,1.0,0.0,0.0,0.0,False,False,False
WBCIC,17|S1|T2,17,1,1.0,0.6621039511589525,1,0.5095945098401846,0.4904054901598153,0.0,0.4904054901598153,False,False,False
WBCIC,17|S1|T20,17,1,0.0,0.3747094082204359,0,1.0,0.0,0.0,0.0,False,False,False
WBCIC,17|S1|T21,17,1,0.0,0.36675589519413876,0,1.0,0.0,0.0,0.0,False,False,False
WBCIC,17|S1|T22,17,1,0.0,0.1960564895211486,0,1.0,0.0,0.0,0.0,True,False,False
WBCIC,17|S1|T23,17,1,0.0,0.4062468481902048,0,1.0,0.0,0.0,0.0,False,False,False
WBCIC,17|S1|T24,17,1,0.0,0.2572874786248638,0,1.0,0.0,0.0,0.0,True,False,False
WBCIC,17|S1|T25,17,1,0.0,0.34314127795964233,0,1.0,0.0,0.0,0.0,False,False,False
WBCIC,17|S1|T26,17,0,0.6666666666666666,0.48501868064518466,0,1.0,0.0,0.0,0.0,False,False,False
WBCIC,17|S1|T27,17,1,1.0,0.4797218164206336,0,1.0,0.0,0.0,0.0,False,False,False
WBCIC,17|S1|T28,17,1,0.0,0.6598625157455549,1,1.0,0.0,0.0,0.0,False,False,False
WBCIC,17|S1|T29,17,0,0.0,0.4067792472049215,0,1.0,0.0,0.0,0.0,False,False,False
WBCIC,17|S1|T3,17,1,0.0,0.7572547849627477,1,1.0,0.0,0.0,0.0,True,False,False
WBCIC,17|S1|T30,17,1,0.0,0.37729133071184884,0,1.0,0.0,0.0,0.0,False,False,False
WBCIC,17|S1|T31,17,1,1.0,0.5881669346532182,1,0.5016256057077176,0.49837439429228236,0.0,0.49837439429228236,False,False,False
WBCIC,17|S1|T32,17,1,0.0,0.8860985484353959,1,1.0,0.0,0.0,0.0,True,False,False
WBCIC,17|S1|T33,17,0,0.0,0.13768219825380826,0,1.0,0.0,0.0,0.0,True,False,False
WBCIC,17|S1|T34,17,0,0.0,0.15436038392319837,0,1.0,0.0,0.0,0.0,True,False,False
WBCIC,17|S1|T35,17,0,0.0,0.26797032270085447,0,1.0,0.0,0.0,0.0,True,False,False
WBCIC,17|S1|T36,17,0,0.33333333333333326,0.4174662588710372,0,1.0,0.0,0.0,0.0,False,False,False
WBCIC,17|S1|T37,17,1,0.6666666666666667,0.6535605171972901,1,1.0,0.0,0.0,0.0,False,False,False
WBCIC,17|S1|T38,17,0,0.0,0.29789297133995823,0,1.0,0.0,0.0,0.0,True,False,False
WBCIC,17|S1|T39,17,0,0.0,0.20121398820733838,0,1.0,0.0,0.0,0.0,True,False,False
WBCIC,17|S1|T4,17,1,0.0,0.23206753121808085,0,1.0,0.0,0.0,0.0,True,False,False
WBCIC,17|S1|T40,17,1,0.6666666666666666,0.48998263013975346,0,1.0,0.0,0.0,0.0,False,False,False
WBCIC,17|S1|T41,17,0,1.0,0.5520205398196066,1,1.0,0.0,0.0,0.0,False,False,False
WBCIC,17|S1|T42,17,1,0.0,0.727129446086205,1,1.0,0.0,0.0,0.0,True,False,False
WBCIC,17|S1|T43,17,1,0.33333333333333326,0.7209933298882074,1,1.0,0.0,0.0,0.0,False,False,False
WBCIC,17|S1|T44,17,0,0.0,0.32865794150378697,0,1.0,0.0,0.0,0.0,False,False,False
WBCIC,17|S1|T45,17,0,1.0,0.5069895174647434,1,1.0,0.0,0.0,0.0,False,False,False
WBCIC,17|S1|T46,17,0,0.0,0.2349143010933021,0,1.0,0.0,0.0,0.0,True,False,False
WBCIC,17|S1|T47,17,0,1.0,0.5256928286831689,1,0.4990994820676926,0.5009005179323074,0.0,0.5009005179323074,False,False,False
WBCIC,17|S1|T48,17,0,0.0,0.1584743772333894,0,1.0,0.0,0.0,0.0,True,False,False
WBCIC,17|S1|T49,17,1,0.0,0.7492538840068622,1,1.0,0.0,0.0,0.0,True,False,False
WBCIC,17|S1|T5,17,0,0.0,0.33832620125608787,0,1.0,0.0,0.0,0.0,False,False,False
WBCIC,17|S1|T50,17,0,0.0,0.2865414723717816,0,1.0,0.0,0.0,0.0,True,False,False
WBCIC,17|S1|T51,17,0,0.33333333333333326,0.3711254758976996,0,1.0,0.0,0.0,0.0,False,False,False
WBCIC,17|S1|T52,17,1,0.33333333333333326,0.6865882369975732,1,1.0,0.0,0.0,0.0,False,False,False
WBCIC,17|S1|T53,17,0,1.0,0.4879818233366188,0,1.0,0.0,0.0,0.0,False,False,False
WBCIC,17|S1|T54,17,1,0.0,0.7031660758541421,1,1.0,0.0,0.0,0.0,True,False,False
WBCIC,17|S1|T55,17,0,0.0,0.23747934279728353,0,1.0,0.0,0.0,0.0,True,False,False
WBCIC,17|S1|T56,17,0,0.0,0.3485761680126478,0,1.0,0.0,0.0,0.0,False,False,False
WBCIC,17|S1|T57,17,0,0.33333333333333326,0.549613592821316,1,1.0,0.0,0.0,0.0,False,False,False
WBCIC,17|S1|T58,17,1,1.0,0.6399297598289889,1,1.0,0.0,0.0,0.0,False,False,False
WBCIC,17|S1|T59,17,1,0.6666666666666666,0.46239887065288987,0,1.0,0.0,0.0,0.0,False,False,False
WBCIC,17|S1|T6,17,1,0.0,0.5862214321748893,1,1.0,0.0,0.0,0.0,False,False,False
WBCIC,17|S1|T60,17,0,0.33333333333333326,0.4599504269730175,0,1.0,0.0,0.0,0.0,False,False,False
WBCIC,17|S1|T61,17,0,0.6666666666666666,0.49947539983978295,0,1.0,0.0,0.0,0.0,False,False,False
WBCIC,17|S1|T62,17,1,0.0,0.7018876637669801,1,1.0,0.0,0.0,0.0,True,False,False
WBCIC,17|S1|T63,17,1,0.0,0.7305045804709679,1,1.0,0.0,0.0,0.0,True,False,False
WBCIC,17|S1|T64,17,0,0.0,0.2696872964822372,0,1.0,0.0,0.0,0.0,True,False,False
WBCIC,17|S1|T65,17,0,0.0,0.24287274456045416,0,1.0,0.0,0.0,0.0,True,False,False
WBCIC,17|S1|T66,17,0,0.0,0.2752508712224783,0,1.0,0.0,0.0,0.0,True,False,False
WBCIC,17|S1|T67,17,1,0.33333333333333326,0.4168294981412064,0,1.0,0.0,0.0,0.0,False,False,False
WBCIC,17|S1|T68,17,1,0.0,0.2868484114580923,0,1.0,0.0,0.0,0.0,True,False,False
WBCIC,17|S1|T69,17,1,0.0,0.2956572564139041,0,1.0,0.0,0.0,0.0,True,False,False
WBCIC,17|S1|T7,17,0,0.0,0.2872339486511407,0,1.0,0.0,0.0,0.0,True,False,False
WBCIC,17|S1|T70,17,0,1.0,0.5302570511988378,1,1.0,0.0,0.0,0.0,False,False,False
WBCIC,17|S1|T71,17,1,0.6666666666666667,0.6129367482800048,1,1.0,0.0,0.0,0.0,False,False,False
WBCIC,17|S1|T72,17,1,0.0,0.4318969737058113,0,1.0,0.0,0.0,0.0,False,False,False
WBCIC,17|S1|T73,17,1,1.0,0.5666809465384299,1,1.0,0.0,0.0,0.0,False,False,False
WBCIC,17|S1|T74,17,1,0.0,0.23317784087285684,0,1.0,0.0,0.0,0.0,True,False,False
WBCIC,17|S1|T75,17,0,1.0,0.5610168699552075,1,1.0,0.0,0.0,0.0,False,False,False
WBCIC,17|S1|T76,17,0,0.0,0.33064537690830886,0,1.0,0.0,0.0,0.0,False,False,False
WBCIC,17|S1|T77,17,1,0.33333333333333326,0.411794580193191,0,1.0,0.0,0.0,0.0,False,False,False
WBCIC,17|S1|T78,17,1,0.0,0.779144918574448,1,1.0,0.0,0.0,0.0,True,False,False
WBCIC,17|S1|T79,17,1,0.33333333333333326,0.5980298983367023,1,1.0,0.0,0.0,0.0,False,False,False
WBCIC,17|S1|T8,17,0,0.0,0.22845065716067792,0,1.0,0.0,0.0,0.0,True,False,False
WBCIC,17|S1|T80,17,1,1.0,0.5452094971684597,1,1.0,0.0,0.0,0.0,False,False,False
WBCIC,17|S1|T81,17,1,0.0,0.7692538589766982,1,1.0,0.0,0.0,0.0,True,False,False
WBCIC,17|S1|T82,17,1,0.6666666666666667,0.683069313472558,1,0.6272360449761808,0.37276395502381926,0.0,0.37276395502381926,False,False,False
WBCIC,17|S1|T83,17,0,0.0,0.1598668718729756,0,1.0,0.0,0.0,0.0,True,False,False
WBCIC,17|S1|T84,17,1,0.0,0.4090283523570101,0,1.0,0.0,0.0,0.0,False,False,False
WBCIC,17|S1|T85,17,1,0.0,0.7726612383414883,1,1.0,0.0,0.0,0.0,True,False,False
WBCIC,17|S1|T86,17,0,0.0,0.20473172437614576,0,1.0,0.0,0.0,0.0,True,False,False
WBCIC,17|S1|T87,17,0,0.0,0.23110934238467398,0,1.0,0.0,0.0,0.0,True,False,False
WBCIC,17|S1|T88,17,0,0.0,0.2618900221115619,0,1.0,0.0,0.0,0.0,True,False,False
WBCIC,17|S1|T89,17,0,0.0,0.2983542924140594,0,1.0,0.0,0.0,0.0,True,False,False
WBCIC,17|S1|T9,17,1,0.0,0.3027550996494181,0,1.0,0.0,0.0,0.0,False,False,False
WBCIC,17|S1|T90,17,0,0.0,0.30355861639121456,0,1.0,0.0,0.0,0.0,False,False,False
WBCIC,17|S1|T91,17,1,0.6666666666666667,0.6596305850379119,1,0.6251126688318318,0.37488733116816825,0.0,0.37488733116816825,False,False,False
WBCIC,17|S1|T92,17,1,0.0,0.7668299896666354,1,1.0,0.0,0.0,0.0,True,False,False
WBCIC,17|S1|T93,17,1,0.0,0.7394716401872756,1,1.0,0.0,0.0,0.0,True,False,False
WBCIC,17|S1|T94,17,0,0.0,0.4221738905987329,0,1.0,0.0,0.0,0.0,False,False,False
WBCIC,17|S1|T95,17,0,0.0,0.25069775723500887,0,1.0,0.0,0.0,0.0,True,False,False
WBCIC,17|S1|T96,17,0,0.0,0.19848361133463052,0,1.0,0.0,0.0,0.0,True,False,False
WBCIC,17|S1|T97,17,0,0.0,0.2063322934869022,0,1.0,0.0,0.0,0.0,True,False,False
WBCIC,17|S1|T98,17,0,0.0,0.22204137385829312,0,1.0,0.0,0.0,0.0,True,False,False
WBCIC,17|S1|T99,17,1,0.33333333333333326,0.7259571267273515,1,1.0,0.0,0.0,0.0,False,False,False
WBCIC,18|S1|T0,18,0,0.33333333333333326,0.4123548835870487,0,0.7780003021964598,0.2219996978035402,0.0,0.2219996978035402,False,False,False
WBCIC,18|S1|T1,18,0,0.33333333333333326,0.41930002141502637,0,1.0,0.0,0.0,0.0,False,False,False
WBCIC,18|S1|T10,18,0,1.0,0.6585982757536524,1,1.0,0.0,0.0,0.0,False,False,False
WBCIC,18|S1|T100,18,0,0.0,0.2019521979996388,0,1.0,0.0,0.0,0.0,True,False,False
WBCIC,18|S1|T101,18,1,0.0,0.7211379176870846,1,1.0,0.0,0.0,0.0,True,False,False
WBCIC,18|S1|T102,18,1,1.0,0.4951489589008203,0,1.0,0.0,0.0,0.0,False,False,False
WBCIC,18|S1|T103,18,1,0.0,0.4315525534622256,0,1.0,0.0,0.0,0.0,False,False,False
WBCIC,18|S1|T104,18,0,0.6666666666666667,0.7029808237191295,1,1.0,0.0,0.0,0.0,False,False,False
WBCIC,18|S1|T105,18,0,0.0,0.32506356315411616,0,1.0,0.0,0.0,0.0,False,False,False
WBCIC,18|S1|T106,18,1,0.0,0.6665378381091908,1,1.0,0.0,0.0,0.0,False,False,False
WBCIC,18|S1|T107,18,1,1.0,0.6188195785527882,1,1.0,0.0,0.0,0.0,False,False,False
WBCIC,18|S1|T108,18,1,0.0,0.41179211473055793,0,1.0,0.0,0.0,0.0,False,False,False
WBCIC,18|S1|T109,18,0,1.0,0.5085810584944376,1,1.0,0.0,0.0,0.0,False,False,False
WBCIC,18|S1|T11,18,0,0.33333333333333326,0.4213019157719497,0,0.7738126400804581,0.22618735991954186,0.0,0.22618735991954186,False,False,False
WBCIC,18|S1|T110,18,0,0.6666666666666666,0.4382583130646941,0,0.6267825247148413,0.0,0.37321747528515864,0.37321747528515864,False,False,False
WBCIC,18|S1|T111,18,0,0.33333333333333326,0.6638700646505369,1,0.7736322618763384,0.22636773812366157,0.0,0.22636773812366157,False,False,False
WBCIC,18|S1|T112,18,1,1.0,0.6215045168052077,1,1.0,0.0,0.0,0.0,False,False,False
WBCIC,18|S1|T113,18,0,0.0,0.22297799945564822,0,1.0,0.0,0.0,0.0,True,False,False
WBCIC,18|S1|T114,18,1,0.0,0.35044347052545627,0,1.0,0.0,0.0,0.0,False,False,False
WBCIC,18|S1|T115,18,1,1.0,0.6511088066937738,1,1.0,0.0,0.0,0.0,False,False,False
WBCIC,18|S1|T116,18,0,1.0,0.5713650910721537,1,1.0,0.0,0.0,0.0,False,False,False
WBCIC,18|S1|T117,18,0,0.6666666666666666,0.5054077487927713,1,0.6377003263508085,0.0,0.3622996736491915,0.3622996736491915,False,False,False
WBCIC,18|S1|T118,18,1,0.33333333333333326,0.4556802621354272,0,1.0,0.0,0.0,0.0,False,False,False
WBCIC,18|S1|T119,18,0,0.0,0.1714032933743526,0,1.0,0.0,0.0,0.0,True,False,False
WBCIC,18|S1|T12,18,1,0.6666666666666666,0.3992684856707856,0,0.6481072428620055,0.0,0.3518927571379946,0.3518927571379946,False,False,False
WBCIC,18|S1|T120,18,1,0.0,0.34900030670802457,0,1.0,0.0,0.0,0.0,False,False,False
WBCIC,18|S1|T121,18,0,0.0,0.24746957686656215,0,1.0,0.0,0.0,0.0,True,False,False
WBCIC,18|S1|T122,18,1,0.0,0.31154675663407766,0,1.0,0.0,0.0,0.0,False,False,False
WBCIC,18|S1|T123,18,1,0.0,0.3351237983786992,0,1.0,0.0,0.0,0.0,False,False,False
WBCIC,18|S1|T124,18,1,0.0,0.3227797019729176,0,1.0,0.0,0.0,0.0,False,False,False
WBCIC,18|S1|T125,18,1,0.0,0.3206148953679836,0,1.0,0.0,0.0,0.0,False,False,False
WBCIC,18|S1|T126,18,0,0.0,0.2508420655641776,0,1.0,0.0,0.0,0.0,True,False,False
WBCIC,18|S1|T127,18,0,0.6666666666666667,0.6934521905156115,1,0.6246542029366565,0.0,0.37534579706334353,0.37534579706334353,False,False,False
WBCIC,18|S1|T128,18,1,0.0,0.3118562093425323,0,1.0,0.0,0.0,0.0,False,False,False
WBCIC,18|S1|T129,18,0,0.6666666666666666,0.47943573265862716,0,1.0,0.0,0.0,0.0,False,False,False
WBCIC,18|S1|T13,18,0,0.0,0.29834933897077115,0,1.0,0.0,0.0,0.0,True,False,False
WBCIC,18|S1|T130,18,0,0.33333333333333326,0.6182896286276067,1,0.7603394584103648,0.2396605415896353,0.0,0.2396605415896353,False,False,False
WBCIC,18|S1|T131,18,0,0.0,0.13601423951895183,0,1.0,0.0,0.0,0.0,True,False,False
WBCIC,18|S1|T132,18,1,0.0,0.4003962985321541,0,1.0,0.0,0.0,0.0,False,False,False
WBCIC,18|S1|T133,18,0,0.6666666666666666,0.48029874487291574,0,1.0,0.0,0.0,0.0,False,False,False
WBCIC,18|S1|T134,18,0,0.6666666666666666,0.4977398284509864,0,1.0,0.0,0.0,0.0,False,False,False
WBCIC,18|S1|T135,18,0,0.0,0.28430686119366533,0,1.0,0.0,0.0,0.0,True,False,False
WBCIC,18|S1|T136,18,1,0.0,0.23738370573194123,0,1.0,0.0,0.0,0.0,True,False,False
WBCIC,18|S1|T137,18,1,0.0,0.16030841230987983,0,1.0,0.0,0.0,0.0,True,False,False
WBCIC,18|S1|T138,18,0,1.0,0.5530836910638167,1,1.0,0.0,0.0,0.0,False,False,False
WBCIC,18|S1|T139,18,0,0.0,0.6875807086346426,1,1.0,0.0,0.0,0.0,False,False,False
WBCIC,18|S1|T14,18,1,0.33333333333333326,0.7504922903947667,1,1.0,0.0,0.0,0.0,False,False,False
WBCIC,18|S1|T140,18,1,0.0,0.37240889849750874,0,1.0,0.0,0.0,0.0,False,False,False
WBCIC,18|S1|T141,18,1,0.0,0.3419245250903941,0,1.0,0.0,0.0,0.0,False,False,False
WBCIC,18|S1|T142,18,0,0.33333333333333326,0.4101993330309097,0,1.0,0.0,0.0,0.0,False,False,False
WBCIC,18|S1|T143,18,0,0.0,0.21846669287475196,0,1.0,0.0,0.0,0.0,True,False,False
WBCIC,18|S1|T144,18,0,0.6666666666666666,0.44733773562857554,0,1.0,0.0,0.0,0.0,False,False,False
WBCIC,18|S1|T145,18,1,1.0,0.632017059019263,1,1.0,0.0,0.0,0.0,False,False,False
WBCIC,18|S1|T146,18,1,0.33333333333333326,0.42164381657374994,0,0.766453846782983,0.0,0.233546153217017,0.233546153217017,False,False,False
WBCIC,18|S1|T147,18,1,0.6666666666666667,0.6997168310787185,1,0.648124229322005,0.35187577067799497,0.0,0.35187577067799497,False,False,False
WBCIC,18|S1|T148,18,1,0.0,0.7201838277607693,1,1.0,0.0,0.0,0.0,True,False,False
WBCIC,18|S1|T149,18,1,0.0,0.8124233475920701,1,1.0,0.0,0.0,0.0,True,False,False
WBCIC,18|S1|T15,18,1,1.0,0.49287768601599763,0,1.0,0.0,0.0,0.0,False,False,False
WBCIC,18|S1|T150,18,0,0.0,0.18427883830611938,0,1.0,0.0,0.0,0.0,True,False,False
WBCIC,18|S1|T151,18,1,0.0,0.21143366468052982,0,1.0,0.0,0.0,0.0,True,False,False
WBCIC,18|S1|T152,18,0,0.0,0.2501573108088923,0,1.0,0.0,0.0,0.0,True,False,False
WBCIC,18|S1|T153,18,0,0.6666666666666666,0.42808624744128093,0,1.0,0.0,0.0,0.0,False,False,False
WBCIC,18|S1|T154,18,1,1.0,0.5277198682069079,1,1.0,0.0,0.0,0.0,False,False,False
WBCIC,18|S1|T155,18,0,0.6666666666666666,0.5326378805401095,1,1.0,0.0,0.0,0.0,False,False,False
WBCIC,18|S1|T156,18,1,0.0,0.26967378487465643,0,1.0,0.0,0.0,0.0,True,False,False
WBCIC,18|S1|T157,18,1,0.6666666666666666,0.45273119088354147,0,1.0,0.0,0.0,0.0,False,False,False
WBCIC,18|S1|T158,18,0,0.6666666666666666,0.48852118974647807,0,0.6452985432154266,0.3547014567845734,0.0,0.3547014567845734,False,True,False
WBCIC,18|S1|T159,18,0,0.0,0.10844543203104201,0,1.0,0.0,0.0,0.0,True,False,False
WBCIC,18|S1|T16,18,1,0.6666666666666666,0.455298748441685,0,1.0,0.0,0.0,0.0,False,False,False
WBCIC,18|S1|T160,18,1,1.0,0.6038340814173099,1,1.0,0.0,0.0,0.0,False,False,False
WBCIC,18|S1|T161,18,0,0.33333333333333326,0.42775051906924194,0,1.0,0.0,0.0,0.0,False,False,False
WBCIC,18|S1|T162,18,1,0.6666666666666666,0.4968486348982836,0,1.0,0.0,0.0,0.0,False,False,False
WBCIC,18|S1|T163,18,0,0.0,0.12863048496606116,0,1.0,0.0,0.0,0.0,True,False,False
WBCIC,18|S1|T164,18,1,1.0,0.6024373482452332,1,0.5047400030254148,0.0,0.4952599969745852,0.4952599969745852,False,False,False
WBCIC,18|S1|T165,18,0,0.0,0.23573924148179945,0,1.0,0.0,0.0,0.0,True,False,False
WBCIC,18|S1|T166,18,1,0.6666666666666666,0.522485870030487,1,1.0,0.0,0.0,0.0,False,False,False
WBCIC,18|S1|T167,18,0,0.0,0.31059082431369633,0,1.0,0.0,0.0,0.0,False,False,False
WBCIC,18|S1|T168,18,0,0.0,0.20712077921522687,0,1.0,0.0,0.0,0.0,True,False,False
WBCIC,18|S1|T169,18,0,0.0,0.2935167025214146,0,1.0,0.0,0.0,0.0,True,False,False
WBCIC,18|S1|T17,18,0,0.0,0.20564663775966305,0,1.0,0.0,0.0,0.0,True,False,False
WBCIC,18|S1|T170,18,1,0.0,0.7895060715033827,1,1.0,0.0,0.0,0.0,True,False,False
WBCIC,18|S1|T171,18,1,1.0,0.6109264617024122,1,0.5152949656753558,0.0,0.4847050343246442,0.4847050343246442,False,False,False
WBCIC,18|S1|T172,18,0,0.0,0.20054629937926868,0,1.0,0.0,0.0,0.0,True,False,False
WBCIC,18|S1|T173,18,1,0.0,0.2873665352017248,0,1.0,0.0,0.0,0.0,True,False,False
WBCIC,18|S1|T174,18,0,0.0,0.2735080024067287,0,1.0,0.0,0.0,0.0,True,False,False
WBCIC,18|S1|T175,18,0,0.0,0.4024345295350055,0,1.0,0.0,0.0,0.0,False,False,False
WBCIC,18|S1|T176,18,1,0.0,0.3322020287117637,0,1.0,0.0,0.0,0.0,False,False,False
WBCIC,18|S1|T177,18,1,1.0,0.5521048021812781,1,1.0,0.0,0.0,0.0,False,False,False
WBCIC,18|S1|T178,18,0,0.33333333333333326,0.4436716806919879,0,0.7658216658130844,0.0,0.23417833418691558,0.23417833418691558,False,False,False
WBCIC,18|S1|T179,18,1,1.0,0.5362783874148296,1,0.523603967189671,0.0,0.4763960328103291,0.4763960328103291,False,False,False
WBCIC,18|S1|T18,18,0,1.0,0.5513886665969926,1,1.0,0.0,0.0,0.0,False,False,False
WBCIC,18|S1|T180,18,0,0.0,0.11634239023703975,0,1.0,0.0,0.0,0.0,True,False,False
WBCIC,18|S1|T181,18,1,0.0,0.3980411109020035,0,1.0,0.0,0.0,0.0,False,False,False
WBCIC,18|S1|T182,18,0,0.0,0.1534360189674048,0,1.0,0.0,0.0,0.0,True,False,False
WBCIC,18|S1|T183,18,0,0.0,0.3108907819782273,0,1.0,0.0,0.0,0.0,False,False,False
WBCIC,18|S1|T184,18,1,0.6666666666666666,0.49211089094477417,0,1.0,0.0,0.0,0.0,False,False,False
WBCIC,18|S1|T185,18,0,0.0,0.2591769394459517,0,1.0,0.0,0.0,0.0,True,False,False
WBCIC,18|S1|T186,18,1,0.6666666666666666,0.438547706777046,0,1.0,0.0,0.0,0.0,False,False,False
WBCIC,18|S1|T187,18,1,0.0,0.7137801635847852,1,1.0,0.0,0.0,0.0,True,False,False
WBCIC,18|S1|T188,18,0,0.0,0.23814999573091655,0,1.0,0.0,0.0,0.0,True,False,False
WBCIC,18|S1|T189,18,0,1.0,0.5648700798930797,1,1.0,0.0,0.0,0.0,False,False,False
WBCIC,18|S1|T19,18,0,0.0,0.30402376724394825,0,1.0,0.0,0.0,0.0,False,False,False
WBCIC,18|S1|T190,18,1,0.33333333333333326,0.4174900586193573,0,0.7701188735119514,0.22988112648804865,0.0,0.22988112648804865,False,False,False
WBCIC,18|S1|T191,18,1,0.33333333333333326,0.41559173786734743,0,1.0,0.0,0.0,0.0,False,False,False
WBCIC,18|S1|T192,18,0,1.0,0.6042551953601569,1,0.5026421748338606,0.0,0.49735782516613936,0.49735782516613936,False,False,False
WBCIC,18|S1|T193,18,1,1.0,0.4308622993669455,0,0.5148423985904427,0.4851576014095573,0.0,0.4851576014095573,False,False,False
WBCIC,18|S1|T194,18,0,0.0,0.23598353206206626,0,1.0,0.0,0.0,0.0,True,False,False
WBCIC,18|S1|T195,18,1,1.0,0.497256965958701,0,1.0,0.0,0.0,0.0,False,False,False
WBCIC,18|S1|T196,18,0,0.0,0.28267043371543865,0,1.0,0.0,0.0,0.0,True,False,False
WBCIC,18|S1|T197,18,1,0.6666666666666667,0.7214280572050662,1,0.4666312306687009,0.2598998659417073,0.27346890338959184,0.5333687693312992,False,False,False
WBCIC,18|S1|T198,18,0,0.33333333333333326,0.4127481340573157,0,0.619333634406171,0.1920421461247589,0.1886242194690702,0.3806663655938291,False,False,False
WBCIC,18|S1|T199,18,1,0.33333333333333326,0.4420914963777414,0,1.0,0.0,0.0,0.0,False,False,False
WBCIC,18|S1|T2,18,1,1.0,0.5649264681112499,1,1.0,0.0,0.0,0.0,False,False,False
WBCIC,18|S1|T20,18,0,0.0,0.20593041228558726,0,1.0,0.0,0.0,0.0,True,False,False
WBCIC,18|S1|T21,18,1,0.6666666666666666,0.5364938429848101,1,0.6274786664816112,0.0,0.3725213335183889,0.3725213335183889,False,False,False
WBCIC,18|S1|T22,18,1,0.6666666666666666,0.47320603375581227,0,0.6466940125489928,0.3533059874510072,0.0,0.3533059874510072,False,False,True
WBCIC,18|S1|T23,18,1,1.0,0.5531062825380111,1,1.0,0.0,0.0,0.0,False,False,False
WBCIC,18|S1|T24,18,0,1.0,0.5178107063771556,1,1.0,0.0,0.0,0.0,False,False,False
WBCIC,18|S1|T25,18,1,0.6666666666666666,0.4280477381168999,0,0.6392197065396492,0.3607802934603508,0.0,0.3607802934603508,False,False,False
WBCIC,18|S1|T26,18,1,0.6666666666666666,0.49194469082111014,0,0.6358148314616299,0.0,0.36418516853837013,0.36418516853837013,False,False,False
WBCIC,18|S1|T27,18,1,0.33333333333333326,0.354530502902213,0,0.7704111240885568,0.22958887591144314,0.0,0.22958887591144314,False,False,False
WBCIC,18|S1|T28,18,1,0.0,0.33863333948820856,0,1.0,0.0,0.0,0.0,False,False,False
WBCIC,18|S1|T29,18,1,0.0,0.18122520623853422,0,1.0,0.0,0.0,0.0,True,False,False
WBCIC,18|S1|T3,18,1,0.0,0.3389160130977264,0,1.0,0.0,0.0,0.0,False,False,False
WBCIC,18|S1|T30,18,1,0.0,0.7422493184061213,1,1.0,0.0,0.0,0.0,True,False,False
WBCIC,18|S1|T31,18,1,0.33333333333333326,0.612269306463986,1,1.0,0.0,0.0,0.0,False,False,False
WBCIC,18|S1|T32,18,1,0.33333333333333326,0.6640829069785785,1,1.0,0.0,0.0,0.0,False,False,False
WBCIC,18|S1|T33,18,0,0.0,0.20954398845829117,0,1.0,0.0,0.0,0.0,True,False,False
WBCIC,18|S1|T34,18,0,0.0,0.2931660808316811,0,1.0,0.0,0.0,0.0,True,False,False
WBCIC,18|S1|T35,18,0,0.33333333333333326,0.3845758392670074,0,0.6208275200810575,0.19125105174858387,0.1879214281703587,0.37917247991894254,False,False,False
WBCIC,18|S1|T36,18,0,1.0,0.5086199722232263,1,1.0,0.0,0.0,0.0,False,False,False
WBCIC,18|S1|T37,18,0,0.6666666666666666,0.47428440554243817,0,1.0,0.0,0.0,0.0,False,False,False
WBCIC,18|S1|T38,18,0,0.0,0.17178287449266458,0,1.0,0.0,0.0,0.0,True,False,False
WBCIC,18|S1|T39,18,0,0.0,0.2346903088498844,0,1.0,0.0,0.0,0.0,True,False,False
WBCIC,18|S1|T4,18,0,0.0,0.1723795064226438,0,1.0,0.0,0.0,0.0,True,False,False
WBCIC,18|S1|T40,18,0,0.0,0.38408563952310576,0,1.0,0.0,0.0,0.0,False,False,False
WBCIC,18|S1|T41,18,1,0.0,0.7388165500608732,1,1.0,0.0,0.0,0.0,True,False,False
WBCIC,18|S1|T42,18,1,0.0,0.5778456214364991,1,1.0,0.0,0.0,0.0,False,False,False
WBCIC,18|S1|T43,18,1,0.33333333333333326,0.645700943703904,1,1.0,0.0,0.0,0.0,False,False,False
WBCIC,18|S1|T44,18,1,1.0,0.5675037321681257,1,1.0,0.0,0.0,0.0,False,False,False
WBCIC,18|S1|T45,18,0,0.33333333333333326,0.3574956575746343,0,0.7694198928186406,0.0,0.23058010718135938,0.23058010718135938,False,False,False
WBCIC,18|S1|T46,18,0,0.0,0.39881726596838346,0,1.0,0.0,0.0,0.0,False,False,False
WBCIC,18|S1|T47,18,1,1.0,0.6581143614351481,1,0.5391164822367661,0.4608835177632339,0.0,0.4608835177632339,False,False,False
WBCIC,18|S1|T48,18,0,0.33333333333333326,0.3016224101091558,0,1.0,0.0,0.0,0.0,False,False,False
WBCIC,18|S1|T49,18,0,0.0,0.3151994816426165,0,1.0,0.0,0.0,0.0,False,False,False
WBCIC,18|S1|T5,18,1,0.6666666666666667,0.6583041999712724,1,1.0,0.0,0.0,0.0,False,False,False
WBCIC,18|S1|T50,18,1,0.0,0.8180955804228858,1,1.0,0.0,0.0,0.0,True,False,False
WBCIC,18|S1|T51,18,0,0.0,0.22898791446721659,0,1.0,0.0,0.0,0.0,True,False,False
WBCIC,18|S1|T52,18,1,0.0,0.21951291386220959,0,1.0,0.0,0.0,0.0,True,False,False
WBCIC,18|S1|T53,18,1,0.0,0.06128710041847476,0,1.0,0.0,0.0,0.0,True,False,False
WBCIC,18|S1|T54,18,1,0.6666666666666667,0.6386627375125087,1,1.0,0.0,0.0,0.0,False,False,False
WBCIC,18|S1|T55,18,0,0.0,0.10804431944095975,0,1.0,0.0,0.0,0.0,True,False,False
WBCIC,18|S1|T56,18,1,1.0,0.6585932310002534,1,1.0,0.0,0.0,0.0,False,False,False
WBCIC,18|S1|T57,18,0,0.0,0.2778322387168743,0,1.0,0.0,0.0,0.0,True,False,False
WBCIC,18|S1|T58,18,0,0.0,0.2444546588490678,0,1.0,0.0,0.0,0.0,True,False,False
WBCIC,18|S1|T59,18,1,0.6666666666666667,0.672894165052161,1,1.0,0.0,0.0,0.0,False,False,False
WBCIC,18|S1|T6,18,1,0.0,0.24039269281692385,0,1.0,0.0,0.0,0.0,True,False,False
WBCIC,18|S1|T60,18,0,0.33333333333333326,0.3854970918100884,0,0.7675710555248945,0.2324289444751055,0.0,0.2324289444751055,False,False,False
WBCIC,18|S1|T61,18,0,0.0,0.12549813630793383,0,1.0,0.0,0.0,0.0,True,False,False
WBCIC,18|S1|T62,18,0,0.0,0.22713206195470512,0,1.0,0.0,0.0,0.0,True,False,False
WBCIC,18|S1|T63,18,1,1.0,0.534080075870934,1,1.0,0.0,0.0,0.0,False,False,False
WBCIC,18|S1|T64,18,0,0.0,0.16312972234147574,0,1.0,0.0,0.0,0.0,True,False,False
WBCIC,18|S1|T65,18,0,0.0,0.4086028645224416,0,1.0,0.0,0.0,0.0,False,False,False
WBCIC,18|S1|T66,18,0,0.0,0.20735644893002267,0,1.0,0.0,0.0,0.0,True,False,False
WBCIC,18|S1|T67,18,0,0.0,0.16301196232206885,0,1.0,0.0,0.0,0.0,True,False,False
WBCIC,18|S1|T68,18,1,0.0,0.36006234183018604,0,1.0,0.0,0.0,0.0,False,False,False
WBCIC,18|S1|T69,18,1,0.6666666666666667,0.5571290224193177,1,1.0,0.0,0.0,0.0,False,False,False
WBCIC,18|S1|T7,18,1,1.0,0.5683873218540674,1,0.4941796511693634,0.5058203488306366,0.0,0.5058203488306366,False,False,False
WBCIC,18|S1|T70,18,0,0.0,0.23114095242585522,0,1.0,0.0,0.0,0.0,True,False,False
WBCIC,18|S1|T71,18,1,0.6666666666666667,0.5903029592655954,1,1.0,0.0,0.0,0.0,False,False,False
WBCIC,18|S1|T72,18,1,1.0,0.54422692579839,1,1.0,0.0,0.0,0.0,False,False,False
WBCIC,18|S1|T73,18,1,0.33333333333333326,0.42007257005185344,0,1.0,0.0,0.0,0.0,False,False,False
WBCIC,18|S1|T74,18,1,0.0,0.20287585676466394,0,1.0,0.0,0.0,0.0,True,False,False
WBCIC,18|S1|T75,18,0,0.0,0.17609079422983462,0,1.0,0.0,0.0,0.0,True,False,False
WBCIC,18|S1|T76,18,0,0.0,0.194580794749783,0,1.0,0.0,0.0,0.0,True,False,False
WBCIC,18|S1|T77,18,0,0.33333333333333326,0.36041191651317517,0,0.76731838278318,0.23268161721682004,0.0,0.23268161721682004,False,False,False
WBCIC,18|S1|T78,18,1,0.6666666666666666,0.5055636919829413,1,1.0,0.0,0.0,0.0,False,False,False
WBCIC,18|S1|T79,18,1,0.33333333333333326,0.6003957092965081,1,1.0,0.0,0.0,0.0,False,False,False
WBCIC,18|S1|T8,18,0,0.0,0.26636853933396326,0,1.0,0.0,0.0,0.0,True,False,False
WBCIC,18|S1|T80,18,1,1.0,0.644293483057972,1,0.4966924349397023,0.0,0.5033075650602977,0.5033075650602977,False,False,False
WBCIC,18|S1|T81,18,0,0.0,0.18638808188133546,0,1.0,0.0,0.0,0.0,True,False,False
WBCIC,18|S1|T82,18,0,0.6666666666666666,0.45042526464816496,0,1.0,0.0,0.0,0.0,False,False,False
WBCIC,18|S1|T83,18,1,0.6666666666666667,0.6012341253649353,1,0.6281574395630496,0.0,0.3718425604369505,0.3718425604369505,False,False,False
WBCIC,18|S1|T84,18,1,0.6666666666666666,0.5020721364874462,1,1.0,0.0,0.0,0.0,False,False,False
WBCIC,18|S1|T85,18,1,0.33333333333333326,0.5872772359869256,1,0.7726532953951545,0.22734670460484552,0.0,0.22734670460484552,False,False,False
WBCIC,18|S1|T86,18,1,0.6666666666666666,0.44205382144256244,0,1.0,0.0,0.0,0.0,False,False,False
WBCIC,18|S1|T87,18,1,0.0,0.8007881139103515,1,1.0,0.0,0.0,0.0,True,False,False
WBCIC,18|S1|T88,18,0,0.0,0.35330099855994224,0,1.0,0.0,0.0,0.0,False,False,False
WBCIC,18|S1|T89,18,1,0.6666666666666667,0.507581000807584,1,1.0,0.0,0.0,0.0,False,False,False
WBCIC,18|S1|T9,18,0,0.0,0.2929686139299753,0,1.0,0.0,0.0,0.0,True,False,False
WBCIC,18|S1|T90,18,0,0.0,0.16753460171278975,0,1.0,0.0,0.0,0.0,True,False,False
WBCIC,18|S1|T91,18,1,0.33333333333333326,0.697706028340666,1,1.0,0.0,0.0,0.0,False,False,False
WBCIC,18|S1|T92,18,0,0.0,0.23090712540150826,0,1.0,0.0,0.0,0.0,True,False,False
WBCIC,18|S1|T93,18,0,0.33333333333333326,0.36009845818751063,0,0.7621696846313907,0.2378303153686093,0.0,0.2378303153686093,False,False,False
WBCIC,18|S1|T94,18,0,0.0,0.2245760966411187,0,1.0,0.0,0.0,0.0,True,False,False
WBCIC,18|S1|T95,18,0,1.0,0.5470135753630767,1,0.5186747755614491,0.0,0.48132522443855086,0.48132522443855086,False,False,False
WBCIC,18|S1|T96,18,0,0.0,0.2953331328223432,0,1.0,0.0,0.0,0.0,True,False,False
WBCIC,18|S1|T97,18,1,0.0,0.3556147524840923,0,1.0,0.0,0.0,0.0,False,False,False
WBCIC,18|S1|T98,18,0,0.33333333333333326,0.42992156563591594,0,1.0,0.0,0.0,0.0,False,False,False
WBCIC,18|S1|T99,18,1,0.0,0.8067695329121157,1,1.0,0.0,0.0,0.0,True,False,False
WBCIC,19|S1|T0,19,0,0.0,0.17106260335600032,0,1.0,0.0,0.0,0.0,True,False,False
WBCIC,19|S1|T1,19,1,0.0,0.8531086779760509,1,1.0,0.0,0.0,0.0,True,False,False
WBCIC,19|S1|T10,19,0,0.33333333333333326,0.4281719075802846,0,1.0,0.0,0.0,0.0,False,False,False
WBCIC,19|S1|T100,19,1,0.0,0.8738040465818435,1,1.0,0.0,0.0,0.0,True,False,False
WBCIC,19|S1|T101,19,1,1.0,0.6134805633285252,1,0.5274317885350925,0.0,0.4725682114649074,0.4725682114649074,False,False,False
WBCIC,19|S1|T102,19,1,0.0,0.7358372837951225,1,1.0,0.0,0.0,0.0,True,False,False
WBCIC,19|S1|T103,19,1,0.6666666666666667,0.5906385784452978,1,1.0,0.0,0.0,0.0,False,False,False
WBCIC,19|S1|T104,19,0,0.0,0.16984973224826436,0,1.0,0.0,0.0,0.0,True,False,False
WBCIC,19|S1|T105,19,0,0.0,0.28933657491799264,0,1.0,0.0,0.0,0.0,True,False,False
WBCIC,19|S1|T106,19,0,0.0,0.1398673297578034,0,1.0,0.0,0.0,0.0,True,False,False
WBCIC,19|S1|T107,19,0,0.0,0.24850171852057193,0,1.0,0.0,0.0,0.0,True,False,False
WBCIC,19|S1|T108,19,1,0.33333333333333326,0.4461604066253752,0,1.0,0.0,0.0,0.0,False,False,False
WBCIC,19|S1|T109,19,1,0.0,0.793159316627718,1,1.0,0.0,0.0,0.0,True,False,False
WBCIC,19|S1|T11,19,1,0.0,0.8234864964535636,1,1.0,0.0,0.0,0.0,True,False,False
WBCIC,19|S1|T110,19,0,0.0,0.18661117330796675,0,1.0,0.0,0.0,0.0,True,False,False
WBCIC,19|S1|T111,19,1,0.0,0.8894233890619666,1,1.0,0.0,0.0,0.0,True,False,False
WBCIC,19|S1|T112,19,0,0.0,0.10066723081748251,0,1.0,0.0,0.0,0.0,True,False,False
WBCIC,19|S1|T113,19,0,0.0,0.20118141070798423,0,1.0,0.0,0.0,0.0,True,False,False
WBCIC,19|S1|T114,19,0,0.0,0.139973613448461,0,1.0,0.0,0.0,0.0,True,False,False
WBCIC,19|S1|T115,19,1,0.0,0.8146019324682685,1,1.0,0.0,0.0,0.0,True,False,False
WBCIC,19|S1|T116,19,1,0.0,0.8030150707919049,1,1.0,0.0,0.0,0.0,True,False,False
WBCIC,19|S1|T117,19,1,0.0,0.750106756396478,1,1.0,0.0,0.0,0.0,True,False,False
WBCIC,19|S1|T118,19,1,0.33333333333333326,0.6175514113980306,1,1.0,0.0,0.0,0.0,False,False,False
WBCIC,19|S1|T119,19,0,0.0,0.15037428490046267,0,1.0,0.0,0.0,0.0,True,False,False
WBCIC,19|S1|T12,19,1,0.0,0.5737289590438603,1,1.0,0.0,0.0,0.0,False,False,False
WBCIC,19|S1|T120,19,0,0.0,0.6746163341514454,1,1.0,0.0,0.0,0.0,False,False,False
WBCIC,19|S1|T121,19,0,0.0,0.09745379086051285,0,1.0,0.0,0.0,0.0,True,False,False
WBCIC,19|S1|T122,19,1,0.0,0.9339451332753274,1,1.0,0.0,0.0,0.0,True,False,False
WBCIC,19|S1|T123,19,1,0.0,0.7538625560411024,1,1.0,0.0,0.0,0.0,True,False,False
WBCIC,19|S1|T124,19,1,0.0,0.8794013570991144,1,1.0,0.0,0.0,0.0,True,False,False
WBCIC,19|S1|T125,19,0,0.0,0.5968896392827591,1,1.0,0.0,0.0,0.0,False,False,False
WBCIC,19|S1|T126,19,0,0.0,0.24322898735134568,0,1.0,0.0,0.0,0.0,True,False,False
WBCIC,19|S1|T127,19,1,0.0,0.6623685443368869,1,1.0,0.0,0.0,0.0,False,False,False
WBCIC,19|S1|T128,19,1,0.0,0.8258454602502835,1,1.0,0.0,0.0,0.0,True,False,False
WBCIC,19|S1|T129,19,1,0.0,0.8413732327533542,1,1.0,0.0,0.0,0.0,True,False,False
WBCIC,19|S1|T13,19,1,0.33333333333333326,0.7253125659116281,1,1.0,0.0,0.0,0.0,False,False,False
WBCIC,19|S1|T130,19,0,0.0,0.19641187486814626,0,1.0,0.0,0.0,0.0,True,False,False
WBCIC,19|S1|T131,19,1,0.0,0.7795399483568598,1,1.0,0.0,0.0,0.0,True,False,False
WBCIC,19|S1|T132,19,1,0.6666666666666667,0.6453964470239483,1,1.0,0.0,0.0,0.0,False,False,False
WBCIC,19|S1|T133,19,0,0.33333333333333326,0.3409196828657132,0,1.0,0.0,0.0,0.0,False,False,False
WBCIC,19|S1|T134,19,0,0.0,0.24641553528029192,0,1.0,0.0,0.0,0.0,True,False,False
WBCIC,19|S1|T135,19,0,0.0,0.13081421664671047,0,1.0,0.0,0.0,0.0,True,False,False
WBCIC,19|S1|T136,19,1,0.0,0.6713504172741361,1,1.0,0.0,0.0,0.0,False,False,False
WBCIC,19|S1|T137,19,1,0.0,0.5744021937299834,1,1.0,0.0,0.0,0.0,False,False,False
WBCIC,19|S1|T138,19,1,0.0,0.8038589562552807,1,1.0,0.0,0.0,0.0,True,False,False
WBCIC,19|S1|T139,19,0,0.0,0.11087681581513309,0,1.0,0.0,0.0,0.0,True,False,False
WBCIC,19|S1|T14,19,1,0.33333333333333326,0.6722634334375522,1,1.0,0.0,0.0,0.0,False,False,False
WBCIC,19|S1|T140,19,0,0.0,0.11519539013817254,0,1.0,0.0,0.0,0.0,True,False,False
WBCIC,19|S1|T141,19,0,0.0,0.08972696915483384,0,1.0,0.0,0.0,0.0,True,False,False
WBCIC,19|S1|T142,19,0,0.0,0.17264823144176125,0,1.0,0.0,0.0,0.0,True,False,False
WBCIC,19|S1|T143,19,1,0.0,0.814722993926924,1,1.0,0.0,0.0,0.0,True,False,False
WBCIC,19|S1|T144,19,0,0.0,0.06652142006802149,0,1.0,0.0,0.0,0.0,True,False,False
WBCIC,19|S1|T145,19,1,1.0,0.6620281672122762,1,1.0,0.0,0.0,0.0,False,False,False
WBCIC,19|S1|T146,19,1,0.0,0.8748740526709731,1,1.0,0.0,0.0,0.0,True,False,False
WBCIC,19|S1|T147,19,1,0.0,0.9113698048664561,1,1.0,0.0,0.0,0.0,True,False,False
WBCIC,19|S1|T148,19,0,0.0,0.17858163693761467,0,1.0,0.0,0.0,0.0,True,False,False
WBCIC,19|S1|T149,19,0,0.0,0.08098557970890675,0,1.0,0.0,0.0,0.0,True,False,False
WBCIC,19|S1|T15,19,1,0.6666666666666666,0.4081628722752169,0,1.0,0.0,0.0,0.0,False,False,False
WBCIC,19|S1|T150,19,1,0.6666666666666666,0.4431342985748922,0,1.0,0.0,0.0,0.0,False,False,False
WBCIC,19|S1|T151,19,0,0.0,0.10558341622096008,0,1.0,0.0,0.0,0.0,True,False,False
WBCIC,19|S1|T152,19,1,0.6666666666666667,0.7281839028298659,1,1.0,0.0,0.0,0.0,False,False,False
WBCIC,19|S1|T153,19,0,0.0,0.12598554362555567,0,1.0,0.0,0.0,0.0,True,False,False
WBCIC,19|S1|T154,19,0,0.0,0.3016130506983258,0,1.0,0.0,0.0,0.0,False,False,False
WBCIC,19|S1|T155,19,1,0.0,0.82601689259542,1,1.0,0.0,0.0,0.0,True,False,False
WBCIC,19|S1|T156,19,1,0.0,0.8414952080103272,1,1.0,0.0,0.0,0.0,True,False,False
WBCIC,19|S1|T157,19,0,0.0,0.1811406367907474,0,1.0,0.0,0.0,0.0,True,False,False
WBCIC,19|S1|T158,19,1,0.0,0.7337205203812421,1,1.0,0.0,0.0,0.0,True,False,False
WBCIC,19|S1|T159,19,0,0.0,0.11918593400999429,0,1.0,0.0,0.0,0.0,True,False,False
WBCIC,19|S1|T16,19,0,0.0,0.3591584310686089,0,1.0,0.0,0.0,0.0,False,False,False
WBCIC,19|S1|T160,19,1,0.33333333333333326,0.6785500595627788,1,1.0,0.0,0.0,0.0,False,False,False
WBCIC,19|S1|T161,19,0,0.6666666666666667,0.5558751680289015,1,1.0,0.0,0.0,0.0,False,False,False
WBCIC,19|S1|T162,19,1,0.0,0.7778665976794086,1,1.0,0.0,0.0,0.0,True,False,False
WBCIC,19|S1|T163,19,1,0.0,0.8250114956950311,1,1.0,0.0,0.0,0.0,True,False,False
WBCIC,19|S1|T164,19,0,0.0,0.26090199663429076,0,1.0,0.0,0.0,0.0,True,False,False
WBCIC,19|S1|T165,19,1,0.33333333333333326,0.40705093602372805,0,1.0,0.0,0.0,0.0,False,False,False
WBCIC,19|S1|T166,19,1,0.6666666666666667,0.6614461351619808,1,1.0,0.0,0.0,0.0,False,False,False
WBCIC,19|S1|T167,19,0,0.0,0.21765715359131535,0,1.0,0.0,0.0,0.0,True,False,False
WBCIC,19|S1|T168,19,1,0.0,0.7777722678057787,1,1.0,0.0,0.0,0.0,True,False,False
WBCIC,19|S1|T169,19,1,0.0,0.8643319032369665,1,1.0,0.0,0.0,0.0,True,False,False
WBCIC,19|S1|T17,19,0,0.33333333333333326,0.37435632012039033,0,1.0,0.0,0.0,0.0,False,False,False
WBCIC,19|S1|T170,19,1,1.0,0.5988305159795763,1,1.0,0.0,0.0,0.0,False,False,False
WBCIC,19|S1|T171,19,1,0.0,0.8349004151196269,1,1.0,0.0,0.0,0.0,True,False,False
WBCIC,19|S1|T172,19,1,0.0,0.8411319865621546,1,1.0,0.0,0.0,0.0,True,False,False
WBCIC,19|S1|T173,19,0,0.0,0.2442728568712295,0,1.0,0.0,0.0,0.0,True,False,False
WBCIC,19|S1|T174,19,0,0.6666666666666666,0.4196545030915117,0,1.0,0.0,0.0,0.0,False,False,False
WBCIC,19|S1|T175,19,0,0.0,0.1342203796905093,0,1.0,0.0,0.0,0.0,True,False,False
WBCIC,19|S1|T176,19,1,0.0,0.8847651934540354,1,1.0,0.0,0.0,0.0,True,False,False
WBCIC,19|S1|T177,19,1,0.0,0.7144127898635864,1,1.0,0.0,0.0,0.0,True,False,False
WBCIC,19|S1|T178,19,0,0.0,0.14885157652504993,0,1.0,0.0,0.0,0.0,True,False,False
WBCIC,19|S1|T179,19,0,0.0,0.3935274918197498,0,1.0,0.0,0.0,0.0,False,False,False
WBCIC,19|S1|T18,19,0,1.0,0.6073540031988302,1,1.0,0.0,0.0,0.0,False,False,False
WBCIC,19|S1|T180,19,1,0.33333333333333326,0.7467704156869499,1,1.0,0.0,0.0,0.0,False,False,False
WBCIC,19|S1|T181,19,1,0.0,0.7213423823632888,1,1.0,0.0,0.0,0.0,True,False,False
WBCIC,19|S1|T182,19,0,0.0,0.09451662111060839,0,1.0,0.0,0.0,0.0,True,False,False
WBCIC,19|S1|T183,19,1,0.0,0.8055312270155349,1,1.0,0.0,0.0,0.0,True,False,False
WBCIC,19|S1|T184,19,1,0.0,0.8109686414122934,1,1.0,0.0,0.0,0.0,True,False,False
WBCIC,19|S1|T185,19,0,0.0,0.28030427461328444,0,1.0,0.0,0.0,0.0,True,False,False
WBCIC,19|S1|T186,19,1,0.33333333333333326,0.7050783314067223,1,1.0,0.0,0.0,0.0,False,False,False
WBCIC,19|S1|T187,19,0,0.0,0.2919488073090544,0,1.0,0.0,0.0,0.0,True,False,False
WBCIC,19|S1|T188,19,0,0.0,0.19868574815089324,0,1.0,0.0,0.0,0.0,True,False,False
WBCIC,19|S1|T189,19,0,0.0,0.1584232482317149,0,1.0,0.0,0.0,0.0,True,False,False
WBCIC,19|S1|T19,19,0,0.0,0.21399069648211544,0,1.0,0.0,0.0,0.0,True,False,False
WBCIC,19|S1|T190,19,1,1.0,0.5272728640031816,1,1.0,0.0,0.0,0.0,False,False,False
WBCIC,19|S1|T191,19,0,0.0,0.1770390500561693,0,1.0,0.0,0.0,0.0,True,False,False
WBCIC,19|S1|T192,19,1,0.0,0.8962506335208841,1,1.0,0.0,0.0,0.0,True,False,False
WBCIC,19|S1|T193,19,0,0.0,0.19404363297924143,0,1.0,0.0,0.0,0.0,True,False,False
WBCIC,19|S1|T194,19,0,0.0,0.1578867946896053,0,1.0,0.0,0.0,0.0,True,False,False
WBCIC,19|S1|T195,19,0,0.0,0.17240235827313252,0,1.0,0.0,0.0,0.0,True,False,False
WBCIC,19|S1|T196,19,1,0.0,0.7726392650084836,1,1.0,0.0,0.0,0.0,True,False,False
WBCIC,19|S1|T197,19,0,0.0,0.19124447600763064,0,1.0,0.0,0.0,0.0,True,False,False
WBCIC,19|S1|T198,19,0,0.0,0.21225740415163905,0,1.0,0.0,0.0,0.0,True,False,False
WBCIC,19|S1|T199,19,0,0.0,0.23221803406423513,0,1.0,0.0,0.0,0.0,True,False,False
WBCIC,19|S1|T2,19,1,0.0,0.807528109165291,1,1.0,0.0,0.0,0.0,True,False,False
WBCIC,19|S1|T20,19,0,0.0,0.38355364659571545,0,1.0,0.0,0.0,0.0,False,False,False
WBCIC,19|S1|T21,19,1,0.33333333333333326,0.4423155911956699,0,0.7560285623814795,0.24397143761852047,0.0,0.24397143761852047,False,False,False
WBCIC,19|S1|T22,19,1,1.0,0.49856840429319327,0,0.5346531038039222,0.4653468961960778,0.0,0.4653468961960778,False,False,False
WBCIC,19|S1|T23,19,1,0.0,0.661550430752071,1,1.0,0.0,0.0,0.0,False,False,False
WBCIC,19|S1|T24,19,1,1.0,0.607452529412714,1,0.5345325778606685,0.0,0.46546742213933145,0.46546742213933145,False,False,False
WBCIC,19|S1|T25,19,1,0.0,0.7371936620228424,1,1.0,0.0,0.0,0.0,True,False,False
WBCIC,19|S1|T26,19,0,0.0,0.2378222807571053,0,1.0,0.0,0.0,0.0,True,False,False
WBCIC,19|S1|T27,19,0,0.0,0.20676982778223074,0,1.0,0.0,0.0,0.0,True,False,False
WBCIC,19|S1|T28,19,0,0.0,0.18709670639864853,0,1.0,0.0,0.0,0.0,True,False,False
WBCIC,19|S1|T29,19,1,0.0,0.7472149322238505,1,1.0,0.0,0.0,0.0,True,False,False
WBCIC,19|S1|T3,19,1,0.0,0.835364374197375,1,1.0,0.0,0.0,0.0,True,False,False
WBCIC,19|S1|T30,19,0,0.0,0.1561354804821823,0,1.0,0.0,0.0,0.0,True,False,False
WBCIC,19|S1|T31,19,1,0.0,0.8249878856897004,1,1.0,0.0,0.0,0.0,True,False,False
WBCIC,19|S1|T32,19,0,0.0,0.11690734818177656,0,1.0,0.0,0.0,0.0,True,False,False
WBCIC,19|S1|T33,19,1,0.0,0.7856184730118754,1,1.0,0.0,0.0,0.0,True,False,False
WBCIC,19|S1|T34,19,0,0.0,0.3536428260296822,0,1.0,0.0,0.0,0.0,False,False,False
WBCIC,19|S1|T35,19,0,0.0,0.09417160190156741,0,1.0,0.0,0.0,0.0,True,False,False
WBCIC,19|S1|T36,19,1,0.0,0.8873515019435639,1,1.0,0.0,0.0,0.0,True,False,False
WBCIC,19|S1|T37,19,1,0.0,0.8839322203621722,1,1.0,0.0,0.0,0.0,True,False,False
WBCIC,19|S1|T38,19,0,0.0,0.22707914843543933,0,1.0,0.0,0.0,0.0,True,False,False
WBCIC,19|S1|T39,19,0,0.0,0.13300777646147197,0,1.0,0.0,0.0,0.0,True,False,False
WBCIC,19|S1|T4,19,0,0.0,0.07950363717886902,0,1.0,0.0,0.0,0.0,True,False,False
WBCIC,19|S1|T40,19,0,0.0,0.09303863769392372,0,1.0,0.0,0.0,0.0,True,False,False
WBCIC,19|S1|T41,19,0,0.0,0.1641251053182536,0,1.0,0.0,0.0,0.0,True,False,False
WBCIC,19|S1|T42,19,0,0.0,0.14565684918242705,0,1.0,0.0,0.0,0.0,True,False,False
WBCIC,19|S1|T43,19,1,0.0,0.8669854683853605,1,1.0,0.0,0.0,0.0,True,False,False
WBCIC,19|S1|T44,19,0,0.0,0.19514151012994096,0,1.0,0.0,0.0,0.0,True,False,False
WBCIC,19|S1|T45,19,1,0.0,0.8138596346606789,1,1.0,0.0,0.0,0.0,True,False,False
WBCIC,19|S1|T46,19,1,0.33333333333333326,0.6742753081099587,1,1.0,0.0,0.0,0.0,False,False,False
WBCIC,19|S1|T47,19,1,0.6666666666666666,0.5291720060626565,1,1.0,0.0,0.0,0.0,False,False,False
WBCIC,19|S1|T48,19,1,0.0,0.7353258388909293,1,1.0,0.0,0.0,0.0,True,False,False
WBCIC,19|S1|T49,19,1,0.0,0.7493250444287441,1,1.0,0.0,0.0,0.0,True,False,False
WBCIC,19|S1|T5,19,1,0.0,0.8250326809585727,1,1.0,0.0,0.0,0.0,True,False,False
WBCIC,19|S1|T50,19,1,0.0,0.7835920383595022,1,1.0,0.0,0.0,0.0,True,False,False
WBCIC,19|S1|T51,19,1,0.0,0.8687937249198302,1,1.0,0.0,0.0,0.0,True,False,False
WBCIC,19|S1|T52,19,0,0.0,0.19958101461009203,0,1.0,0.0,0.0,0.0,True,False,False
WBCIC,19|S1|T53,19,0,0.0,0.1973564862819807,0,1.0,0.0,0.0,0.0,True,False,False
WBCIC,19|S1|T54,19,0,0.0,0.13404283615628096,0,1.0,0.0,0.0,0.0,True,False,False
WBCIC,19|S1|T55,19,1,0.0,0.8185370348388646,1,1.0,0.0,0.0,0.0,True,False,False
WBCIC,19|S1|T56,19,1,0.0,0.7762970633397286,1,1.0,0.0,0.0,0.0,True,False,False
WBCIC,19|S1|T57,19,1,0.0,0.7374970302600903,1,1.0,0.0,0.0,0.0,True,False,False
WBCIC,19|S1|T58,19,0,0.0,0.14642406975440447,0,1.0,0.0,0.0,0.0,True,False,False
WBCIC,19|S1|T59,19,0,0.0,0.17212865024387666,0,1.0,0.0,0.0,0.0,True,False,False
WBCIC,19|S1|T6,19,0,0.0,0.3254699553711305,0,1.0,0.0,0.0,0.0,False,False,False
WBCIC,19|S1|T60,19,0,0.0,0.16717405508240168,0,1.0,0.0,0.0,0.0,True,False,False
WBCIC,19|S1|T61,19,0,0.0,0.128216068036573,0,1.0,0.0,0.0,0.0,True,False,False
WBCIC,19|S1|T62,19,1,0.0,0.9488910332457587,1,1.0,0.0,0.0,0.0,True,False,False
WBCIC,19|S1|T63,19,1,0.6666666666666667,0.6045141848210916,1,1.0,0.0,0.0,0.0,False,False,False
WBCIC,19|S1|T64,19,1,0.6666666666666666,0.4504812869400439,0,1.0,0.0,0.0,0.0,False,False,False
WBCIC,19|S1|T65,19,0,0.0,0.10884497277926454,0,1.0,0.0,0.0,0.0,True,False,False
WBCIC,19|S1|T66,19,1,0.0,0.8474274396149396,1,1.0,0.0,0.0,0.0,True,False,False
WBCIC,19|S1|T67,19,0,0.0,0.13894738567647802,0,1.0,0.0,0.0,0.0,True,False,False
WBCIC,19|S1|T68,19,0,0.0,0.16429986167092223,0,1.0,0.0,0.0,0.0,True,False,False
WBCIC,19|S1|T69,19,1,0.33333333333333326,0.7444487519582674,1,1.0,0.0,0.0,0.0,False,False,False
WBCIC,19|S1|T7,19,0,0.0,0.1480872464732792,0,1.0,0.0,0.0,0.0,True,False,False
WBCIC,19|S1|T70,19,0,0.0,0.15417203306908497,0,1.0,0.0,0.0,0.0,True,False,False
WBCIC,19|S1|T71,19,0,0.0,0.3169035419724165,0,1.0,0.0,0.0,0.0,False,False,False
WBCIC,19|S1|T72,19,0,0.0,0.13974157939724888,0,1.0,0.0,0.0,0.0,True,False,False
WBCIC,19|S1|T73,19,1,0.33333333333333326,0.40824306626159323,0,1.0,0.0,0.0,0.0,False,False,False
WBCIC,19|S1|T74,19,1,0.0,0.8693939933568807,1,1.0,0.0,0.0,0.0,True,False,False
WBCIC,19|S1|T75,19,0,0.0,0.11125089071610288,0,1.0,0.0,0.0,0.0,True,False,False
WBCIC,19|S1|T76,19,1,0.0,0.7119640346150388,1,1.0,0.0,0.0,0.0,True,False,False
WBCIC,19|S1|T77,19,1,0.0,0.7809601902012256,1,1.0,0.0,0.0,0.0,True,False,False
WBCIC,19|S1|T78,19,0,0.0,0.05902791820142864,0,1.0,0.0,0.0,0.0,True,False,False
WBCIC,19|S1|T79,19,0,0.0,0.22553259951892643,0,1.0,0.0,0.0,0.0,True,False,False
WBCIC,19|S1|T8,19,0,0.0,0.20241009447314315,0,1.0,0.0,0.0,0.0,True,False,False
WBCIC,19|S1|T80,19,0,0.0,0.19978458182016792,0,1.0,0.0,0.0,0.0,True,False,False
WBCIC,19|S1|T81,19,0,0.6666666666666666,0.4591302062083991,0,1.0,0.0,0.0,0.0,False,False,False
WBCIC,19|S1|T82,19,1,0.0,0.8723124204603622,1,1.0,0.0,0.0,0.0,True,False,False
WBCIC,19|S1|T83,19,0,0.0,0.12223376783128054,0,1.0,0.0,0.0,0.0,True,False,False
WBCIC,19|S1|T84,19,1,0.6666666666666667,0.7208770497774953,1,1.0,0.0,0.0,0.0,False,False,False
WBCIC,19|S1|T85,19,0,0.0,0.16446629714889932,0,1.0,0.0,0.0,0.0,True,False,False
WBCIC,19|S1|T86,19,1,0.0,0.7120172676284261,1,1.0,0.0,0.0,0.0,True,False,False
WBCIC,19|S1|T87,19,1,0.0,0.7853599168525474,1,1.0,0.0,0.0,0.0,True,False,False
WBCIC,19|S1|T88,19,1,0.0,0.8215614306369714,1,1.0,0.0,0.0,0.0,True,False,False
WBCIC,19|S1|T89,19,1,0.0,0.8248369057076282,1,1.0,0.0,0.0,0.0,True,False,False
WBCIC,19|S1|T9,19,1,0.0,0.8882932402855045,1,1.0,0.0,0.0,0.0,True,False,False
WBCIC,19|S1|T90,19,1,0.0,0.7670533815674198,1,1.0,0.0,0.0,0.0,True,False,False
WBCIC,19|S1|T91,19,0,0.0,0.12947848201999074,0,1.0,0.0,0.0,0.0,True,False,False
WBCIC,19|S1|T92,19,0,0.0,0.3956152665386392,0,1.0,0.0,0.0,0.0,False,False,False
WBCIC,19|S1|T93,19,0,0.0,0.24621062595318668,0,1.0,0.0,0.0,0.0,True,False,False
WBCIC,19|S1|T94,19,0,1.0,0.4617242586526755,0,1.0,0.0,0.0,0.0,False,False,False
WBCIC,19|S1|T95,19,0,0.0,0.1844603702053018,0,1.0,0.0,0.0,0.0,True,False,False
WBCIC,19|S1|T96,19,1,0.0,0.9100094208743958,1,1.0,0.0,0.0,0.0,True,False,False
WBCIC,19|S1|T97,19,1,0.0,0.7350361442150789,1,1.0,0.0,0.0,0.0,True,False,False
WBCIC,19|S1|T98,19,0,0.0,0.25376538190252856,0,1.0,0.0,0.0,0.0,True,False,False
WBCIC,19|S1|T99,19,0,0.6666666666666666,0.5525078293230816,1,1.0,0.0,0.0,0.0,False,False,False
WBCIC,1|S1|T0,1,0,0.0,0.17772062135269917,0,1.0,0.0,0.0,0.0,True,False,False
WBCIC,1|S1|T1,1,1,0.6666666666666667,0.6106584503096377,1,1.0,0.0,0.0,0.0,False,False,False
WBCIC,1|S1|T10,1,0,0.0,0.1687480896824554,0,1.0,0.0,0.0,0.0,True,False,False
WBCIC,1|S1|T100,1,1,1.0,0.5540747566946101,1,1.0,0.0,0.0,0.0,False,False,False
WBCIC,1|S1|T101,1,0,0.0,0.2476941725140133,0,1.0,0.0,0.0,0.0,True,False,False
WBCIC,1|S1|T102,1,1,1.0,0.5637903252834847,1,1.0,0.0,0.0,0.0,False,False,False
WBCIC,1|S1|T103,1,1,0.0,0.667096511935721,1,1.0,0.0,0.0,0.0,False,False,False
WBCIC,1|S1|T104,1,1,0.33333333333333326,0.44045894982802897,0,0.7649886546535599,0.0,0.23501134534644003,0.23501134534644003,False,False,False
WBCIC,1|S1|T105,1,0,0.0,0.20603207491183748,0,1.0,0.0,0.0,0.0,True,False,False
WBCIC,1|S1|T106,1,1,0.6666666666666667,0.6623543919559495,1,1.0,0.0,0.0,0.0,False,False,False
WBCIC,1|S1|T107,1,1,0.0,0.7424189514387969,1,1.0,0.0,0.0,0.0,True,False,False
WBCIC,1|S1|T108,1,1,1.0,0.5042176600812435,1,1.0,0.0,0.0,0.0,False,False,False
WBCIC,1|S1|T109,1,0,0.0,0.2416735732874016,0,1.0,0.0,0.0,0.0,True,False,False
WBCIC,1|S1|T11,1,1,1.0,0.6554043696130566,1,0.5103556395002838,0.0,0.48964436049971616,0.48964436049971616,False,False,False
WBCIC,1|S1|T110,1,1,0.0,0.7475433260838299,1,1.0,0.0,0.0,0.0,True,False,False
WBCIC,1|S1|T111,1,1,0.33333333333333326,0.6980615383511503,1,1.0,0.0,0.0,0.0,False,False,False
WBCIC,1|S1|T112,1,1,1.0,0.5781158544834896,1,1.0,0.0,0.0,0.0,False,False,False
WBCIC,1|S1|T113,1,0,0.0,0.23346182854904798,0,1.0,0.0,0.0,0.0,True,False,False
WBCIC,1|S1|T114,1,0,0.0,0.22089481505658995,0,1.0,0.0,0.0,0.0,True,False,False
WBCIC,1|S1|T115,1,1,0.0,0.3630052681834852,0,1.0,0.0,0.0,0.0,False,False,False
WBCIC,1|S1|T116,1,1,0.0,0.3574805695060948,0,1.0,0.0,0.0,0.0,False,False,False
WBCIC,1|S1|T117,1,1,0.0,0.6219091731799647,1,1.0,0.0,0.0,0.0,False,False,False
WBCIC,1|S1|T118,1,1,0.6666666666666667,0.5704011967365797,1,1.0,0.0,0.0,0.0,False,False,False
WBCIC,1|S1|T119,1,1,0.6666666666666667,0.5279187965327752,1,0.6256923230001896,0.0,0.3743076769998105,0.3743076769998105,False,False,False
WBCIC,1|S1|T12,1,0,0.0,0.22891430543376434,0,1.0,0.0,0.0,0.0,True,False,False
WBCIC,1|S1|T120,1,1,0.0,0.715249771523621,1,1.0,0.0,0.0,0.0,True,False,False
WBCIC,1|S1|T121,1,0,0.0,0.18081144974277022,0,1.0,0.0,0.0,0.0,True,False,False
WBCIC,1|S1|T122,1,0,0.0,0.19648172293854918,0,1.0,0.0,0.0,0.0,True,False,False
WBCIC,1|S1|T123,1,0,0.0,0.24139532365619065,0,1.0,0.0,0.0,0.0,True,False,False
WBCIC,1|S1|T124,1,0,0.0,0.16586015167613125,0,1.0,0.0,0.0,0.0,True,False,False
WBCIC,1|S1|T125,1,1,0.0,0.7518805157610483,1,1.0,0.0,0.0,0.0,True,False,False
WBCIC,1|S1|T126,1,1,0.6666666666666666,0.4766639201367888,0,0.6335633767339677,0.3664366232660324,0.0,0.3664366232660324,False,False,False
WBCIC,1|S1|T127,1,0,0.0,0.26917085794887846,0,1.0,0.0,0.0,0.0,True,False,False
WBCIC,1|S1|T128,1,0,0.0,0.299978913732803,0,1.0,0.0,0.0,0.0,True,False,False
WBCIC,1|S1|T129,1,1,0.33333333333333326,0.42379094813536244,0,0.768266264025302,0.0,0.231733735974698,0.231733735974698,False,False,False
WBCIC,1|S1|T13,1,0,0.0,0.19475980115675515,0,1.0,0.0,0.0,0.0,True,False,False
WBCIC,1|S1|T130,1,0,0.0,0.2395903412903212,0,1.0,0.0,0.0,0.0,True,False,False
WBCIC,1|S1|T131,1,1,0.0,0.3316225004978636,0,1.0,0.0,0.0,0.0,False,False,False
WBCIC,1|S1|T132,1,0,0.33333333333333326,0.38049199457328187,0,0.7657949436687995,0.23420505633120053,0.0,0.23420505633120053,False,False,False
WBCIC,1|S1|T133,1,1,0.0,0.31521072030656855,0,1.0,0.0,0.0,0.0,False,False,False
WBCIC,1|S1|T134,1,1,1.0,0.5533317575703655,1,1.0,0.0,0.0,0.0,False,False,False
WBCIC,1|S1|T135,1,1,0.33333333333333326,0.535936938795175,1,1.0,0.0,0.0,0.0,False,False,False
WBCIC,1|S1|T136,1,1,0.33333333333333326,0.49844282563972986,0,0.7769101910342642,0.22308980896573583,0.0,0.22308980896573583,False,False,True
WBCIC,1|S1|T137,1,0,0.0,0.19263826123530117,0,1.0,0.0,0.0,0.0,True,False,False
WBCIC,1|S1|T138,1,0,0.0,0.1784181689003802,0,1.0,0.0,0.0,0.0,True,False,False
WBCIC,1|S1|T139,1,1,0.0,0.7181456748174097,1,1.0,0.0,0.0,0.0,True,False,False
WBCIC,1|S1|T14,1,1,0.0,0.3265072588855275,0,1.0,0.0,0.0,0.0,False,False,False
WBCIC,1|S1|T140,1,1,0.0,0.650158045966207,1,1.0,0.0,0.0,0.0,False,False,False
WBCIC,1|S1|T141,1,0,0.0,0.18292676194009927,0,1.0,0.0,0.0,0.0,True,False,False
WBCIC,1|S1|T142,1,1,0.0,0.3581557744956738,0,1.0,0.0,0.0,0.0,False,False,False
WBCIC,1|S1|T143,1,1,0.33333333333333326,0.6601746686554729,1,1.0,0.0,0.0,0.0,False,False,False
WBCIC,1|S1|T144,1,0,0.0,0.24527321221015097,0,1.0,0.0,0.0,0.0,True,False,False
WBCIC,1|S1|T145,1,1,0.0,0.31093122588475974,0,1.0,0.0,0.0,0.0,False,False,False
WBCIC,1|S1|T146,1,0,0.0,0.3070262184447712,0,1.0,0.0,0.0,0.0,False,False,False
WBCIC,1|S1|T147,1,0,0.0,0.2527501849211968,0,1.0,0.0,0.0,0.0,True,False,False
WBCIC,1|S1|T148,1,1,1.0,0.5426699324362695,1,1.0,0.0,0.0,0.0,False,False,False
WBCIC,1|S1|T149,1,0,0.0,0.19531443084844832,0,1.0,0.0,0.0,0.0,True,False,False
WBCIC,1|S1|T15,1,0,0.0,0.19647743445993557,0,1.0,0.0,0.0,0.0,True,False,False
WBCIC,1|S1|T150,1,0,0.0,0.23645562776509554,0,1.0,0.0,0.0,0.0,True,False,False
WBCIC,1|S1|T151,1,0,0.0,0.3057360452422805,0,1.0,0.0,0.0,0.0,False,False,False
WBCIC,1|S1|T152,1,1,0.6666666666666667,0.6124329289579553,1,1.0,0.0,0.0,0.0,False,False,False
WBCIC,1|S1|T153,1,0,0.0,0.2326552397045212,0,1.0,0.0,0.0,0.0,True,False,False
WBCIC,1|S1|T154,1,1,1.0,0.5131907331157917,1,1.0,0.0,0.0,0.0,False,False,False
WBCIC,1|S1|T155,1,0,0.0,0.15135573873788907,0,1.0,0.0,0.0,0.0,True,False,False
WBCIC,1|S1|T156,1,1,0.33333333333333326,0.5797470022932442,1,1.0,0.0,0.0,0.0,False,False,False
WBCIC,1|S1|T157,1,0,0.0,0.3652283659032538,0,1.0,0.0,0.0,0.0,False,False,False
WBCIC,1|S1|T158,1,1,0.33333333333333326,0.6625545733855891,1,1.0,0.0,0.0,0.0,False,False,False
WBCIC,1|S1|T159,1,1,0.0,0.4003904009861386,0,1.0,0.0,0.0,0.0,False,False,False
WBCIC,1|S1|T16,1,1,1.0,0.6270918110077823,1,0.5026651711149308,0.0,0.4973348288850692,0.4973348288850692,False,False,False
WBCIC,1|S1|T160,1,1,1.0,0.6430641468296491,1,1.0,0.0,0.0,0.0,False,False,False
WBCIC,1|S1|T161,1,0,0.0,0.18782603501438014,0,1.0,0.0,0.0,0.0,True,False,False
WBCIC,1|S1|T162,1,1,1.0,0.4765327998416311,0,1.0,0.0,0.0,0.0,False,False,False
WBCIC,1|S1|T163,1,0,0.6666666666666666,0.42679319105063535,0,1.0,0.0,0.0,0.0,False,False,False
WBCIC,1|S1|T164,1,1,0.0,0.7397034662665325,1,1.0,0.0,0.0,0.0,True,False,False
WBCIC,1|S1|T165,1,0,0.0,0.20326325366474154,0,1.0,0.0,0.0,0.0,True,False,False
WBCIC,1|S1|T166,1,1,0.0,0.4365072733213624,0,1.0,0.0,0.0,0.0,False,False,False
WBCIC,1|S1|T167,1,0,0.0,0.3123035308613664,0,1.0,0.0,0.0,0.0,False,False,False
WBCIC,1|S1|T168,1,0,0.0,0.24306232999586677,0,1.0,0.0,0.0,0.0,True,False,False
WBCIC,1|S1|T169,1,1,0.0,0.6454775691787026,1,1.0,0.0,0.0,0.0,False,False,False
WBCIC,1|S1|T17,1,1,1.0,0.6382878878014204,1,1.0,0.0,0.0,0.0,False,False,False
WBCIC,1|S1|T170,1,0,0.0,0.24327542817821868,0,1.0,0.0,0.0,0.0,True,False,False
WBCIC,1|S1|T171,1,1,0.6666666666666666,0.4646048752909161,0,0.6358696713460315,0.3641303286539686,0.0,0.3641303286539686,False,False,False
WBCIC,1|S1|T172,1,1,0.0,0.6749510733018362,1,1.0,0.0,0.0,0.0,False,False,False
WBCIC,1|S1|T173,1,0,0.0,0.27824520256289537,0,1.0,0.0,0.0,0.0,True,False,False
WBCIC,1|S1|T174,1,1,0.33333333333333326,0.417380278939617,0,1.0,0.0,0.0,0.0,False,False,False
WBCIC,1|S1|T175,1,0,0.0,0.18278878087846984,0,1.0,0.0,0.0,0.0,True,False,False
WBCIC,1|S1|T176,1,0,0.0,0.3694963463425202,0,1.0,0.0,0.0,0.0,False,False,False
WBCIC,1|S1|T177,1,1,0.0,0.2674877688573616,0,1.0,0.0,0.0,0.0,True,False,False
WBCIC,1|S1|T178,1,1,1.0,0.5509977658462207,1,1.0,0.0,0.0,0.0,False,False,False
WBCIC,1|S1|T179,1,1,0.33333333333333326,0.6841891228437241,1,1.0,0.0,0.0,0.0,False,False,False
WBCIC,1|S1|T18,1,0,0.0,0.2942890546068468,0,1.0,0.0,0.0,0.0,True,False,False
WBCIC,1|S1|T180,1,0,0.0,0.29679213822293343,0,1.0,0.0,0.0,0.0,True,False,False
WBCIC,1|S1|T181,1,0,0.0,0.25360674558307666,0,1.0,0.0,0.0,0.0,True,False,False
WBCIC,1|S1|T182,1,0,0.0,0.2073729047232196,0,1.0,0.0,0.0,0.0,True,False,False
WBCIC,1|S1|T183,1,1,0.0,0.292984293861594,0,1.0,0.0,0.0,0.0,True,False,False
WBCIC,1|S1|T184,1,0,0.0,0.20922179838027924,0,1.0,0.0,0.0,0.0,True,False,False
WBCIC,1|S1|T185,1,0,0.0,0.23203690482478,0,1.0,0.0,0.0,0.0,True,False,False
WBCIC,1|S1|T186,1,0,0.0,0.28708991720923366,0,1.0,0.0,0.0,0.0,True,False,False
WBCIC,1|S1|T187,1,0,0.0,0.2987464833551625,0,1.0,0.0,0.0,0.0,True,False,False
WBCIC,1|S1|T188,1,1,0.33333333333333326,0.5264963850087837,1,1.0,0.0,0.0,0.0,False,False,False
WBCIC,1|S1|T189,1,1,0.0,0.7129743002248675,1,1.0,0.0,0.0,0.0,True,False,False
WBCIC,1|S1|T19,1,0,0.0,0.17891145401949507,0,1.0,0.0,0.0,0.0,True,False,False
WBCIC,1|S1|T190,1,0,0.0,0.26016040832963183,0,1.0,0.0,0.0,0.0,True,False,False
WBCIC,1|S1|T191,1,1,0.6666666666666666,0.5168344582438303,1,1.0,0.0,0.0,0.0,False,False,False
WBCIC,1|S1|T192,1,0,0.0,0.2659948801292215,0,1.0,0.0,0.0,0.0,True,False,False
WBCIC,1|S1|T193,1,1,0.0,0.6587696976680616,1,1.0,0.0,0.0,0.0,False,False,False
WBCIC,1|S1|T194,1,1,0.0,0.6924128065267214,1,1.0,0.0,0.0,0.0,False,False,False
WBCIC,1|S1|T195,1,0,0.0,0.1896729679848266,0,1.0,0.0,0.0,0.0,True,False,False
WBCIC,1|S1|T196,1,1,0.33333333333333326,0.6379679032565654,1,1.0,0.0,0.0,0.0,False,False,False
WBCIC,1|S1|T197,1,1,1.0,0.5203851870134283,1,1.0,0.0,0.0,0.0,False,False,False
WBCIC,1|S1|T198,1,1,1.0,0.6203409142311762,1,1.0,0.0,0.0,0.0,False,False,False
WBCIC,1|S1|T199,1,0,0.6666666666666666,0.4937135681290353,0,1.0,0.0,0.0,0.0,False,False,False
WBCIC,1|S1|T2,1,1,0.0,0.3579385323696269,0,1.0,0.0,0.0,0.0,False,False,False
WBCIC,1|S1|T20,1,0,0.0,0.29064377184367335,0,1.0,0.0,0.0,0.0,True,False,False
WBCIC,1|S1|T21,1,1,1.0,0.5306114939554054,1,1.0,0.0,0.0,0.0,False,False,False
WBCIC,1|S1|T22,1,1,1.0,0.6249977737608492,1,0.5007950690348325,0.0,0.4992049309651675,0.4992049309651675,False,False,False
WBCIC,1|S1|T23,1,1,0.0,0.7291358560148096,1,1.0,0.0,0.0,0.0,True,False,False
WBCIC,1|S1|T24,1,1,0.33333333333333326,0.7212395018383466,1,0.7646564925072213,0.2353435074927787,0.0,0.2353435074927787,False,False,False
WBCIC,1|S1|T25,1,1,0.6666666666666667,0.604500061346494,1,1.0,0.0,0.0,0.0,False,False,False
WBCIC,1|S1|T26,1,0,0.0,0.1940102058610547,0,1.0,0.0,0.0,0.0,True,False,False
WBCIC,1|S1|T27,1,1,0.6666666666666666,0.4347755712851071,0,1.0,0.0,0.0,0.0,False,False,False
WBCIC,1|S1|T28,1,0,0.0,0.22814928605628357,0,1.0,0.0,0.0,0.0,True,False,False
WBCIC,1|S1|T29,1,1,1.0,0.4667878155243379,0,1.0,0.0,0.0,0.0,False,False,False
WBCIC,1|S1|T3,1,0,0.0,0.23851043841593503,0,1.0,0.0,0.0,0.0,True,False,False
WBCIC,1|S1|T30,1,0,0.0,0.33058492064288614,0,1.0,0.0,0.0,0.0,False,False,False
WBCIC,1|S1|T31,1,1,1.0,0.570485581636902,1,1.0,0.0,0.0,0.0,False,False,False
WBCIC,1|S1|T32,1,0,0.0,0.19756517852624414,0,1.0,0.0,0.0,0.0,True,False,False
WBCIC,1|S1|T33,1,1,0.6666666666666666,0.541141620808081,1,0.6302448172344397,0.0,0.3697551827655604,0.3697551827655604,False,False,False
WBCIC,1|S1|T34,1,1,0.0,0.6665763456681998,1,1.0,0.0,0.0,0.0,False,False,False
WBCIC,1|S1|T35,1,0,0.0,0.27472177709483664,0,1.0,0.0,0.0,0.0,True,False,False
WBCIC,1|S1|T36,1,0,0.0,0.41877328035350647,0,1.0,0.0,0.0,0.0,False,False,False
WBCIC,1|S1|T37,1,0,0.0,0.25740761652176963,0,1.0,0.0,0.0,0.0,True,False,False
WBCIC,1|S1|T38,1,0,0.0,0.2606111529937373,0,1.0,0.0,0.0,0.0,True,False,False
WBCIC,1|S1|T39,1,1,1.0,0.518588445418017,1,1.0,0.0,0.0,0.0,False,False,False
WBCIC,1|S1|T4,1,0,0.0,0.2307171600196325,0,1.0,0.0,0.0,0.0,True,False,False
WBCIC,1|S1|T40,1,1,0.6666666666666666,0.4724081272879612,0,1.0,0.0,0.0,0.0,False,False,False
WBCIC,1|S1|T41,1,1,0.6666666666666666,0.4086326301398235,0,1.0,0.0,0.0,0.0,False,False,False
WBCIC,1|S1|T42,1,1,0.0,0.7153988094310876,1,1.0,0.0,0.0,0.0,True,False,False
WBCIC,1|S1|T43,1,0,0.0,0.2589523462380822,0,1.0,0.0,0.0,0.0,True,False,False
WBCIC,1|S1|T44,1,0,0.0,0.2288107001996067,0,1.0,0.0,0.0,0.0,True,False,False
WBCIC,1|S1|T45,1,0,0.0,0.1904326570768438,0,1.0,0.0,0.0,0.0,True,False,False
WBCIC,1|S1|T46,1,1,0.0,0.8004806503369579,1,1.0,0.0,0.0,0.0,True,False,False
WBCIC,1|S1|T47,1,1,0.0,0.6953710317549517,1,1.0,0.0,0.0,0.0,False,False,False
WBCIC,1|S1|T48,1,0,0.0,0.29371788857794506,0,1.0,0.0,0.0,0.0,True,False,False
WBCIC,1|S1|T49,1,1,0.33333333333333326,0.6634711042512846,1,0.7592788485646157,0.24072115143538425,0.0,0.24072115143538425,False,False,False
WBCIC,1|S1|T5,1,1,0.0,0.681388660211547,1,1.0,0.0,0.0,0.0,False,False,False
WBCIC,1|S1|T50,1,1,1.0,0.650085883666545,1,1.0,0.0,0.0,0.0,False,False,False
WBCIC,1|S1|T51,1,0,0.0,0.2345645401510119,0,1.0,0.0,0.0,0.0,True,False,False
WBCIC,1|S1|T52,1,0,0.6666666666666666,0.424746178347755,0,1.0,0.0,0.0,0.0,False,False,False
WBCIC,1|S1|T53,1,0,0.0,0.18989310789333966,0,1.0,0.0,0.0,0.0,True,False,False
WBCIC,1|S1|T54,1,1,0.0,0.7845629218968425,1,1.0,0.0,0.0,0.0,True,False,False
WBCIC,1|S1|T55,1,1,1.0,0.5952866944380731,1,1.0,0.0,0.0,0.0,False,False,False
WBCIC,1|S1|T56,1,0,0.0,0.2859428843097634,0,1.0,0.0,0.0,0.0,True,False,False
WBCIC,1|S1|T57,1,1,1.0,0.544327820731818,1,1.0,0.0,0.0,0.0,False,False,False
WBCIC,1|S1|T58,1,0,0.33333333333333326,0.33745214410348,0,0.7668924388669609,0.23310756113303907,0.0,0.23310756113303907,False,False,False
WBCIC,1|S1|T59,1,1,0.33333333333333326,0.6953570333869248,1,1.0,0.0,0.0,0.0,False,False,False
WBCIC,1|S1|T6,1,0,0.0,0.18270729403981953,0,1.0,0.0,0.0,0.0,True,False,False
WBCIC,1|S1|T60,1,1,0.6666666666666667,0.5952925119265278,1,0.6305004001174976,0.0,0.3694995998825024,0.3694995998825024,False,False,False
WBCIC,1|S1|T61,1,0,0.33333333333333326,0.3214798068349369,0,0.7678161735286416,0.23218382647135835,0.0,0.23218382647135835,False,False,False
WBCIC,1|S1|T62,1,0,0.0,0.24636918318022513,0,1.0,0.0,0.0,0.0,True,False,False
WBCIC,1|S1|T63,1,0,0.0,0.13260090576853834,0,1.0,0.0,0.0,0.0,True,False,False
WBCIC,1|S1|T64,1,0,0.0,0.32947158768196033,0,1.0,0.0,0.0,0.0,False,False,False
WBCIC,1|S1|T65,1,0,0.0,0.36477686348216426,0,1.0,0.0,0.0,0.0,False,False,False
WBCIC,1|S1|T66,1,1,0.0,0.6895432442158356,1,1.0,0.0,0.0,0.0,False,False,False
WBCIC,1|S1|T67,1,0,0.0,0.2210845724245922,0,1.0,0.0,0.0,0.0,True,False,False
WBCIC,1|S1|T68,1,1,0.6666666666666667,0.6522859195194654,1,1.0,0.0,0.0,0.0,False,False,False
WBCIC,1|S1|T69,1,1,0.6666666666666666,0.4834765475713317,0,1.0,0.0,0.0,0.0,False,False,False
WBCIC,1|S1|T7,1,0,0.0,0.22000298737459315,0,1.0,0.0,0.0,0.0,True,False,False
WBCIC,1|S1|T70,1,1,0.0,0.7361433429231048,1,1.0,0.0,0.0,0.0,True,False,False
WBCIC,1|S1|T71,1,1,1.0,0.5737175078740511,1,1.0,0.0,0.0,0.0,False,False,False
WBCIC,1|S1|T72,1,1,0.0,0.6915167311220461,1,1.0,0.0,0.0,0.0,False,False,False
WBCIC,1|S1|T73,1,0,0.0,0.31142090881854706,0,1.0,0.0,0.0,0.0,False,False,False
WBCIC,1|S1|T74,1,0,0.0,0.3727232389440884,0,1.0,0.0,0.0,0.0,False,False,False
WBCIC,1|S1|T75,1,0,0.0,0.20525531329091617,0,1.0,0.0,0.0,0.0,True,False,False
WBCIC,1|S1|T76,1,1,0.0,0.6602979848485396,1,1.0,0.0,0.0,0.0,False,False,False
WBCIC,1|S1|T77,1,0,0.33333333333333326,0.2899028144385611,0,0.7618436844913902,0.23815631550860977,0.0,0.23815631550860977,False,False,False
WBCIC,1|S1|T78,1,1,0.0,0.6929461581936002,1,1.0,0.0,0.0,0.0,False,False,False
WBCIC,1|S1|T79,1,0,0.0,0.158338809490454,0,1.0,0.0,0.0,0.0,True,False,False
WBCIC,1|S1|T8,1,1,1.0,0.608047995218494,1,1.0,0.0,0.0,0.0,False,False,False
WBCIC,1|S1|T80,1,0,0.0,0.22196062995953533,0,1.0,0.0,0.0,0.0,True,False,False
WBCIC,1|S1|T81,1,1,1.0,0.5061368975637218,1,1.0,0.0,0.0,0.0,False,False,False
WBCIC,1|S1|T82,1,0,0.0,0.25698500994016044,0,1.0,0.0,0.0,0.0,True,False,False
WBCIC,1|S1|T83,1,0,0.0,0.22058591660089402,0,1.0,0.0,0.0,0.0,True,False,False
WBCIC,1|S1|T84,1,0,0.0,0.22710522608314107,0,1.0,0.0,0.0,0.0,True,False,False
WBCIC,1|S1|T85,1,0,0.0,0.3695373541887981,0,1.0,0.0,0.0,0.0,False,False,False
WBCIC,1|S1|T86,1,0,0.0,0.3982353640780019,0,1.0,0.0,0.0,0.0,False,False,False
WBCIC,1|S1|T87,1,0,0.0,0.3292274063848098,0,1.0,0.0,0.0,0.0,False,False,False
WBCIC,1|S1|T88,1,1,0.33333333333333326,0.6366132819892912,1,1.0,0.0,0.0,0.0,False,False,False
WBCIC,1|S1|T89,1,0,0.0,0.22779496650355277,0,1.0,0.0,0.0,0.0,True,False,False
WBCIC,1|S1|T9,1,1,0.6666666666666667,0.6773358985137481,1,1.0,0.0,0.0,0.0,False,False,False
WBCIC,1|S1|T90,1,0,0.0,0.28068351654034746,0,1.0,0.0,0.0,0.0,True,False,False
WBCIC,1|S1|T91,1,0,0.0,0.1985952064582798,0,1.0,0.0,0.0,0.0,True,False,False
WBCIC,1|S1|T92,1,1,0.0,0.6397978428864202,1,1.0,0.0,0.0,0.0,False,False,False
WBCIC,1|S1|T93,1,1,0.6666666666666666,0.49499393005007225,0,1.0,0.0,0.0,0.0,False,False,False
WBCIC,1|S1|T94,1,0,0.0,0.22539746765308402,0,1.0,0.0,0.0,0.0,True,False,False
WBCIC,1|S1|T95,1,0,0.0,0.37197526517004564,0,1.0,0.0,0.0,0.0,False,False,False
WBCIC,1|S1|T96,1,0,0.0,0.26284260627780015,0,1.0,0.0,0.0,0.0,True,False,False
WBCIC,1|S1|T97,1,1,0.0,0.35907586211198295,0,1.0,0.0,0.0,0.0,False,False,False
WBCIC,1|S1|T98,1,0,0.0,0.3975872068825195,0,1.0,0.0,0.0,0.0,False,False,False
WBCIC,1|S1|T99,1,0,0.0,0.24590361459534918,0,1.0,0.0,0.0,0.0,True,False,False
WBCIC,21|S1|T0,21,1,0.0,0.3599827822908852,0,1.0,0.0,0.0,0.0,False,False,False
WBCIC,21|S1|T1,21,1,0.0,0.6665672170794642,1,1.0,0.0,0.0,0.0,False,False,False
WBCIC,21|S1|T10,21,1,0.33333333333333326,0.4269985824345868,0,1.0,0.0,0.0,0.0,False,False,False
WBCIC,21|S1|T100,21,1,0.0,0.7329952877976487,1,1.0,0.0,0.0,0.0,True,False,False
WBCIC,21|S1|T101,21,1,0.33333333333333326,0.674269040530242,1,0.7755930340132178,0.0,0.22440696598678228,0.22440696598678228,False,False,False
WBCIC,21|S1|T102,21,0,0.0,0.2483165212983606,0,1.0,0.0,0.0,0.0,True,False,False
WBCIC,21|S1|T103,21,1,0.6666666666666667,0.7055893647681697,1,1.0,0.0,0.0,0.0,False,False,False
WBCIC,21|S1|T104,21,1,0.33333333333333326,0.7202844813109307,1,1.0,0.0,0.0,0.0,False,False,False
WBCIC,21|S1|T105,21,0,0.0,0.24209497154293722,0,1.0,0.0,0.0,0.0,True,False,False
WBCIC,21|S1|T106,21,1,0.0,0.754519859472091,1,1.0,0.0,0.0,0.0,True,False,False
WBCIC,21|S1|T107,21,0,0.33333333333333326,0.5638533923608628,1,1.0,0.0,0.0,0.0,False,False,False
WBCIC,21|S1|T108,21,1,0.0,0.5772077626656672,1,1.0,0.0,0.0,0.0,False,False,False
WBCIC,21|S1|T109,21,1,0.6666666666666667,0.7011901290135997,1,1.0,0.0,0.0,0.0,False,False,False
WBCIC,21|S1|T11,21,1,0.33333333333333326,0.49522070993397693,0,0.7569253384610123,0.2430746615389878,0.0,0.2430746615389878,False,False,False
WBCIC,21|S1|T110,21,0,0.0,0.24384117627101212,0,1.0,0.0,0.0,0.0,True,False,False
WBCIC,21|S1|T111,21,1,1.0,0.5165198594453303,1,1.0,0.0,0.0,0.0,False,False,False
WBCIC,21|S1|T112,21,0,0.33333333333333326,0.3338885847093054,0,1.0,0.0,0.0,0.0,False,False,False
WBCIC,21|S1|T113,21,0,0.0,0.1816257820870135,0,1.0,0.0,0.0,0.0,True,False,False
WBCIC,21|S1|T114,21,0,0.33333333333333326,0.31786075417724685,0,1.0,0.0,0.0,0.0,False,False,False
WBCIC,21|S1|T115,21,0,0.0,0.3681224596534412,0,1.0,0.0,0.0,0.0,False,False,False
WBCIC,21|S1|T116,21,0,0.0,0.23356243768311788,0,1.0,0.0,0.0,0.0,True,False,False
WBCIC,21|S1|T117,21,0,0.0,0.2875048605963626,0,1.0,0.0,0.0,0.0,True,False,False
WBCIC,21|S1|T118,21,0,0.33333333333333326,0.4166398539768214,0,1.0,0.0,0.0,0.0,False,False,False
WBCIC,21|S1|T119,21,0,0.0,0.33439391985847955,0,1.0,0.0,0.0,0.0,False,False,False
WBCIC,21|S1|T12,21,0,0.0,0.16419881986321094,0,1.0,0.0,0.0,0.0,True,False,False
WBCIC,21|S1|T120,21,0,0.6666666666666667,0.639873208962958,1,0.6444240585835751,0.0,0.3555759414164249,0.3555759414164249,False,False,False
WBCIC,21|S1|T121,21,1,0.0,0.7312451257249154,1,1.0,0.0,0.0,0.0,True,False,False
WBCIC,21|S1|T122,21,0,0.0,0.2605496647444489,0,1.0,0.0,0.0,0.0,True,False,False
WBCIC,21|S1|T123,21,1,0.6666666666666667,0.6853408206287769,1,1.0,0.0,0.0,0.0,False,False,False
WBCIC,21|S1|T124,21,0,0.33333333333333326,0.4371601212767362,0,1.0,0.0,0.0,0.0,False,False,False
WBCIC,21|S1|T125,21,0,0.0,0.2574547805892961,0,1.0,0.0,0.0,0.0,True,False,False
WBCIC,21|S1|T126,21,0,0.33333333333333326,0.39619568266538624,0,1.0,0.0,0.0,0.0,False,False,False
WBCIC,21|S1|T127,21,0,0.0,0.2776836245487572,0,1.0,0.0,0.0,0.0,True,False,False
WBCIC,21|S1|T128,21,0,0.33333333333333326,0.34670325845846406,0,0.7704585663390585,0.0,0.2295414336609415,0.2295414336609415,False,False,False
WBCIC,21|S1|T129,21,0,0.33333333333333326,0.34521013236532827,0,1.0,0.0,0.0,0.0,False,False,False
WBCIC,21|S1|T13,21,0,0.0,0.18756837437053,0,1.0,0.0,0.0,0.0,True,False,False
WBCIC,21|S1|T130,21,0,0.0,0.17910878768632002,0,1.0,0.0,0.0,0.0,True,False,False
WBCIC,21|S1|T131,21,1,1.0,0.47745996742917507,0,1.0,0.0,0.0,0.0,False,False,False
WBCIC,21|S1|T132,21,1,0.0,0.7105041799045829,1,1.0,0.0,0.0,0.0,True,False,False
WBCIC,21|S1|T133,21,1,0.33333333333333326,0.606089808838891,1,1.0,0.0,0.0,0.0,False,False,False
WBCIC,21|S1|T134,21,1,0.33333333333333326,0.7342008377870523,1,1.0,0.0,0.0,0.0,False,False,False
WBCIC,21|S1|T135,21,1,0.0,0.7190463755628707,1,1.0,0.0,0.0,0.0,True,False,False
WBCIC,21|S1|T136,21,1,0.6666666666666667,0.6720802508758673,1,1.0,0.0,0.0,0.0,False,False,False
WBCIC,21|S1|T137,21,0,0.0,0.27179006462477284,0,1.0,0.0,0.0,0.0,True,False,False
WBCIC,21|S1|T138,21,1,0.33333333333333326,0.7099298778205299,1,1.0,0.0,0.0,0.0,False,False,False
WBCIC,21|S1|T139,21,0,0.33333333333333326,0.44620995097649074,0,1.0,0.0,0.0,0.0,False,False,False
WBCIC,21|S1|T14,21,1,0.0,0.732711698708154,1,1.0,0.0,0.0,0.0,True,False,False
WBCIC,21|S1|T140,21,1,0.33333333333333326,0.5710174198278211,1,0.769314694236994,0.0,0.23068530576300605,0.23068530576300605,False,False,False
WBCIC,21|S1|T141,21,1,0.6666666666666667,0.6715305953202169,1,1.0,0.0,0.0,0.0,False,False,False
WBCIC,21|S1|T142,21,0,1.0,0.4705293411155891,0,1.0,0.0,0.0,0.0,False,False,False
WBCIC,21|S1|T143,21,1,0.6666666666666666,0.501030909453603,1,0.6344434297923743,0.0,0.3655565702076256,0.3655565702076256,False,True,False
WBCIC,21|S1|T144,21,1,0.6666666666666667,0.6816460272289758,1,1.0,0.0,0.0,0.0,False,False,False
WBCIC,21|S1|T145,21,0,0.33333333333333326,0.4381713563944258,0,1.0,0.0,0.0,0.0,False,False,False
WBCIC,21|S1|T146,21,0,0.0,0.3309806013500231,0,1.0,0.0,0.0,0.0,False,False,False
WBCIC,21|S1|T147,21,1,0.33333333333333326,0.7632754117121818,1,1.0,0.0,0.0,0.0,False,False,False
WBCIC,21|S1|T148,21,1,0.33333333333333326,0.4268377720686565,0,0.7637167486729128,0.23628325132708713,0.0,0.23628325132708713,False,False,False
WBCIC,21|S1|T149,21,1,0.33333333333333326,0.6877301501644809,1,1.0,0.0,0.0,0.0,False,False,False
WBCIC,21|S1|T15,21,0,0.0,0.24141788225219943,0,1.0,0.0,0.0,0.0,True,False,False
WBCIC,21|S1|T150,21,0,0.0,0.31820808291501196,0,1.0,0.0,0.0,0.0,False,False,False
WBCIC,21|S1|T151,21,1,1.0,0.6523542556109471,1,0.5349550009798578,0.4650449990201421,0.0,0.4650449990201421,False,False,False
WBCIC,21|S1|T152,21,0,0.0,0.25308167987245966,0,1.0,0.0,0.0,0.0,True,False,False
WBCIC,21|S1|T153,21,0,0.33333333333333326,0.41153814599415345,0,1.0,0.0,0.0,0.0,False,False,False
WBCIC,21|S1|T154,21,1,0.33333333333333326,0.6690479546829705,1,1.0,0.0,0.0,0.0,False,False,False
WBCIC,21|S1|T155,21,1,0.6666666666666667,0.6523380365928083,1,1.0,0.0,0.0,0.0,False,False,False
WBCIC,21|S1|T156,21,0,0.0,0.5912311161949811,1,1.0,0.0,0.0,0.0,False,False,False
WBCIC,21|S1|T157,21,0,0.0,0.3117613167121427,0,1.0,0.0,0.0,0.0,False,False,False
WBCIC,21|S1|T158,21,1,0.0,0.7122966559062864,1,1.0,0.0,0.0,0.0,True,False,False
WBCIC,21|S1|T159,21,0,0.0,0.19645403045853996,0,1.0,0.0,0.0,0.0,True,False,False
WBCIC,21|S1|T16,21,0,0.0,0.31242195809913414,0,1.0,0.0,0.0,0.0,False,False,False
WBCIC,21|S1|T160,21,0,0.33333333333333326,0.44920357470105676,0,1.0,0.0,0.0,0.0,False,False,False
WBCIC,21|S1|T161,21,0,0.33333333333333326,0.3380656237553341,0,1.0,0.0,0.0,0.0,False,False,False
WBCIC,21|S1|T162,21,1,0.6666666666666666,0.5066562234755569,1,0.6207267116480232,0.3792732883519768,0.0,0.3792732883519768,False,True,False
WBCIC,21|S1|T163,21,1,0.6666666666666667,0.6823838042591244,1,0.6556525369215664,0.0,0.3443474630784336,0.3443474630784336,False,False,False
WBCIC,21|S1|T164,21,1,1.0,0.6251864373644103,1,0.5254491389861017,0.4745508610138984,0.0,0.4745508610138984,False,False,False
WBCIC,21|S1|T165,21,0,0.0,0.3559172307536793,0,1.0,0.0,0.0,0.0,False,False,False
WBCIC,21|S1|T166,21,0,0.0,0.3404456691124098,0,1.0,0.0,0.0,0.0,False,False,False
WBCIC,21|S1|T167,21,1,0.33333333333333326,0.6990499000065826,1,1.0,0.0,0.0,0.0,False,False,False
WBCIC,21|S1|T168,21,1,0.0,0.20891331331243615,0,1.0,0.0,0.0,0.0,True,False,False
WBCIC,21|S1|T169,21,1,0.0,0.6892936733070258,1,1.0,0.0,0.0,0.0,False,False,False
WBCIC,21|S1|T17,21,0,0.6666666666666666,0.4590898898998991,0,0.6428071203626602,0.0,0.3571928796373398,0.3571928796373398,False,False,False
WBCIC,21|S1|T170,21,0,0.0,0.22575554157509123,0,1.0,0.0,0.0,0.0,True,False,False
WBCIC,21|S1|T171,21,1,0.33333333333333326,0.6426332219703355,1,0.765547375266307,0.0,0.23445262473369305,0.23445262473369305,False,False,False
WBCIC,21|S1|T172,21,1,0.33333333333333326,0.6916697010956875,1,1.0,0.0,0.0,0.0,False,False,False
WBCIC,21|S1|T173,21,0,0.0,0.27971210624451043,0,1.0,0.0,0.0,0.0,True,False,False
WBCIC,21|S1|T174,21,1,0.6666666666666667,0.5958470617581955,1,1.0,0.0,0.0,0.0,False,False,False
WBCIC,21|S1|T175,21,0,0.0,0.28185104913355047,0,1.0,0.0,0.0,0.0,True,False,False
WBCIC,21|S1|T176,21,1,0.0,0.771582915221325,1,1.0,0.0,0.0,0.0,True,False,False
WBCIC,21|S1|T177,21,1,1.0,0.630430096322611,1,1.0,0.0,0.0,0.0,False,False,False
WBCIC,21|S1|T178,21,0,0.0,0.21743174510557706,0,1.0,0.0,0.0,0.0,True,False,False
WBCIC,21|S1|T179,21,0,1.0,0.6700470415748538,1,0.5383482039688949,0.4616517960311051,0.0,0.4616517960311051,False,False,False
WBCIC,21|S1|T18,21,0,0.0,0.3247836428286579,0,1.0,0.0,0.0,0.0,False,False,False
WBCIC,21|S1|T180,21,1,0.0,0.7919477766341741,1,1.0,0.0,0.0,0.0,True,False,False
WBCIC,21|S1|T181,21,0,0.0,0.2292034461392601,0,1.0,0.0,0.0,0.0,True,False,False
WBCIC,21|S1|T182,21,0,0.0,0.17603419846886328,0,1.0,0.0,0.0,0.0,True,False,False
WBCIC,21|S1|T183,21,1,0.33333333333333326,0.38727580025538355,0,1.0,0.0,0.0,0.0,False,False,False
WBCIC,21|S1|T184,21,0,0.0,0.6592931095449853,1,1.0,0.0,0.0,0.0,False,False,False
WBCIC,21|S1|T185,21,0,0.0,0.3008014971480817,0,1.0,0.0,0.0,0.0,False,False,False
WBCIC,21|S1|T186,21,1,1.0,0.6570605504075875,1,0.5063808376260787,0.49361916237392134,0.0,0.49361916237392134,False,False,False
WBCIC,21|S1|T187,21,0,0.0,0.34224719459669356,0,1.0,0.0,0.0,0.0,False,False,False
WBCIC,21|S1|T188,21,1,1.0,0.6715544685064123,1,1.0,0.0,0.0,0.0,False,False,False
WBCIC,21|S1|T189,21,1,0.6666666666666666,0.4197839203839487,0,1.0,0.0,0.0,0.0,False,False,False
WBCIC,21|S1|T19,21,1,0.33333333333333326,0.41224483899762626,0,1.0,0.0,0.0,0.0,False,False,False
WBCIC,21|S1|T190,21,1,1.0,0.6682058191843252,1,1.0,0.0,0.0,0.0,False,False,False
WBCIC,21|S1|T191,21,0,1.0,0.5046191113356335,1,0.5123113217705259,0.0,0.48768867822947415,0.48768867822947415,False,False,False
WBCIC,21|S1|T192,21,1,0.0,0.7600372568453831,1,1.0,0.0,0.0,0.0,True,False,False
WBCIC,21|S1|T193,21,1,1.0,0.5537613893723944,1,1.0,0.0,0.0,0.0,False,False,False
WBCIC,21|S1|T194,21,0,0.0,0.2665670008730421,0,1.0,0.0,0.0,0.0,True,False,False
WBCIC,21|S1|T195,21,0,0.0,0.2747462501200124,0,1.0,0.0,0.0,0.0,True,False,False
WBCIC,21|S1|T196,21,0,0.0,0.3646561426859427,0,1.0,0.0,0.0,0.0,False,False,False
WBCIC,21|S1|T197,21,0,0.0,0.23851895578378504,0,1.0,0.0,0.0,0.0,True,False,False
WBCIC,21|S1|T198,21,1,1.0,0.4738975488257433,0,0.5124970819820587,0.48750291801794127,0.0,0.48750291801794127,False,False,False
WBCIC,21|S1|T199,21,0,1.0,0.5657484830626041,1,0.5238528547737777,0.0,0.47614714522622226,0.47614714522622226,False,False,False
WBCIC,21|S1|T2,21,1,0.0,0.7664693500625545,1,1.0,0.0,0.0,0.0,True,False,False
WBCIC,21|S1|T20,21,1,0.0,0.7573907793818598,1,1.0,0.0,0.0,0.0,True,False,False
WBCIC,21|S1|T21,21,1,0.0,0.8050157258738732,1,1.0,0.0,0.0,0.0,True,False,False
WBCIC,21|S1|T22,21,1,0.0,0.6880404553748876,1,1.0,0.0,0.0,0.0,False,False,False
WBCIC,21|S1|T23,21,0,0.0,0.07070083843568765,0,1.0,0.0,0.0,0.0,True,False,False
WBCIC,21|S1|T24,21,0,0.0,0.27441692374779647,0,1.0,0.0,0.0,0.0,True,False,False
WBCIC,21|S1|T25,21,1,1.0,0.5980573639199352,1,1.0,0.0,0.0,0.0,False,False,False
WBCIC,21|S1|T26,21,0,0.0,0.23064272988640444,0,1.0,0.0,0.0,0.0,True,False,False
WBCIC,21|S1|T27,21,1,0.6666666666666667,0.5585136441514048,1,1.0,0.0,0.0,0.0,False,False,False
WBCIC,21|S1|T28,21,0,0.0,0.2193896519965862,0,1.0,0.0,0.0,0.0,True,False,False
WBCIC,21|S1|T29,21,0,0.0,0.3471741250713534,0,1.0,0.0,0.0,0.0,False,False,False
WBCIC,21|S1|T3,21,0,0.0,0.3180506057743186,0,1.0,0.0,0.0,0.0,False,False,False
WBCIC,21|S1|T30,21,0,0.0,0.15333821951620125,0,1.0,0.0,0.0,0.0,True,False,False
WBCIC,21|S1|T31,21,0,0.0,0.14914730697384218,0,1.0,0.0,0.0,0.0,True,False,False
WBCIC,21|S1|T32,21,0,0.0,0.4075575630202067,0,1.0,0.0,0.0,0.0,False,False,False
WBCIC,21|S1|T33,21,0,0.0,0.14839955367887583,0,1.0,0.0,0.0,0.0,True,False,False
WBCIC,21|S1|T34,21,1,0.6666666666666667,0.6657679772071238,1,1.0,0.0,0.0,0.0,False,False,False
WBCIC,21|S1|T35,21,0,0.0,0.1946827247472522,0,1.0,0.0,0.0,0.0,True,False,False
WBCIC,21|S1|T36,21,1,0.0,0.7500396413301255,1,1.0,0.0,0.0,0.0,True,False,False
WBCIC,21|S1|T37,21,0,0.0,0.18532157416078396,0,1.0,0.0,0.0,0.0,True,False,False
WBCIC,21|S1|T38,21,1,0.0,0.828177595141387,1,1.0,0.0,0.0,0.0,True,False,False
WBCIC,21|S1|T39,21,1,0.6666666666666667,0.6856971298343876,1,1.0,0.0,0.0,0.0,False,False,False
WBCIC,21|S1|T4,21,0,0.0,0.29368385180057127,0,1.0,0.0,0.0,0.0,True,False,False
WBCIC,21|S1|T40,21,1,0.33333333333333326,0.4514355808858996,0,1.0,0.0,0.0,0.0,False,False,False
WBCIC,21|S1|T41,21,0,0.0,0.14027506041742885,0,1.0,0.0,0.0,0.0,True,False,False
WBCIC,21|S1|T42,21,0,0.0,0.2942433167437038,0,1.0,0.0,0.0,0.0,True,False,False
WBCIC,21|S1|T43,21,1,0.0,0.19801534228056153,0,1.0,0.0,0.0,0.0,True,False,False
WBCIC,21|S1|T44,21,1,0.6666666666666666,0.4561930872599827,0,1.0,0.0,0.0,0.0,False,False,False
WBCIC,21|S1|T45,21,0,0.6666666666666666,0.5395000984601821,1,1.0,0.0,0.0,0.0,False,False,False
WBCIC,21|S1|T46,21,0,0.0,0.14091937257467949,0,1.0,0.0,0.0,0.0,True,False,False
WBCIC,21|S1|T47,21,0,0.0,0.2795509094784515,0,1.0,0.0,0.0,0.0,True,False,False
WBCIC,21|S1|T48,21,1,0.0,0.8225629141444655,1,1.0,0.0,0.0,0.0,True,False,False
WBCIC,21|S1|T49,21,0,0.0,0.17599766149774698,0,1.0,0.0,0.0,0.0,True,False,False
WBCIC,21|S1|T5,21,1,1.0,0.6221587270598725,1,0.5355988062194625,0.0,0.46440119378053746,0.46440119378053746,False,False,False
WBCIC,21|S1|T50,21,0,0.0,0.17179615226833675,0,1.0,0.0,0.0,0.0,True,False,False
WBCIC,21|S1|T51,21,1,0.0,0.7932321344547244,1,1.0,0.0,0.0,0.0,True,False,False
WBCIC,21|S1|T52,21,1,0.0,0.7820947459536128,1,1.0,0.0,0.0,0.0,True,False,False
WBCIC,21|S1|T53,21,1,0.33333333333333326,0.7065491311557629,1,1.0,0.0,0.0,0.0,False,False,False
WBCIC,21|S1|T54,21,1,0.0,0.7817047125291862,1,1.0,0.0,0.0,0.0,True,False,False
WBCIC,21|S1|T55,21,0,0.33333333333333326,0.4344388909942269,0,1.0,0.0,0.0,0.0,False,False,False
WBCIC,21|S1|T56,21,1,0.0,0.8357860278323231,1,1.0,0.0,0.0,0.0,True,False,False
WBCIC,21|S1|T57,21,1,0.33333333333333326,0.48074764432571965,0,1.0,0.0,0.0,0.0,False,False,False
WBCIC,21|S1|T58,21,1,0.0,0.7854463203877193,1,1.0,0.0,0.0,0.0,True,False,False
WBCIC,21|S1|T59,21,1,0.0,0.7460860483232,1,1.0,0.0,0.0,0.0,True,False,False
WBCIC,21|S1|T6,21,1,1.0,0.6042191873130716,1,0.5388700620554094,0.0,0.4611299379445906,0.4611299379445906,False,False,False
WBCIC,21|S1|T60,21,0,0.0,0.21688875313043346,0,1.0,0.0,0.0,0.0,True,False,False
WBCIC,21|S1|T61,21,1,0.6666666666666667,0.5220653800711983,1,0.6389011309089079,0.0,0.3610988690910922,0.3610988690910922,False,False,False
WBCIC,21|S1|T62,21,0,0.0,0.20483484779896857,0,1.0,0.0,0.0,0.0,True,False,False
WBCIC,21|S1|T63,21,0,1.0,0.5186012424344979,1,0.5084183897787347,0.4915816102212653,0.0,0.4915816102212653,False,False,True
WBCIC,21|S1|T64,21,1,1.0,0.5576164483366864,1,1.0,0.0,0.0,0.0,False,False,False
WBCIC,21|S1|T65,21,0,0.0,0.18249951772261094,0,1.0,0.0,0.0,0.0,True,False,False
WBCIC,21|S1|T66,21,0,0.6666666666666666,0.46102665959013706,0,1.0,0.0,0.0,0.0,False,False,False
WBCIC,21|S1|T67,21,1,0.0,0.7251934548611095,1,1.0,0.0,0.0,0.0,True,False,False
WBCIC,21|S1|T68,21,1,0.0,0.8228726607424125,1,1.0,0.0,0.0,0.0,True,False,False
WBCIC,21|S1|T69,21,0,0.0,0.40684770138645,0,1.0,0.0,0.0,0.0,False,False,False
WBCIC,21|S1|T7,21,1,0.0,0.7568200051971493,1,1.0,0.0,0.0,0.0,True,False,False
WBCIC,21|S1|T70,21,1,0.33333333333333326,0.6967743289156028,1,1.0,0.0,0.0,0.0,False,False,False
WBCIC,21|S1|T71,21,1,1.0,0.6095285603836842,1,1.0,0.0,0.0,0.0,False,False,False
WBCIC,21|S1|T72,21,1,0.0,0.2631189245819403,0,1.0,0.0,0.0,0.0,True,False,False
WBCIC,21|S1|T73,21,0,0.0,0.14888848351953674,0,1.0,0.0,0.0,0.0,True,False,False
WBCIC,21|S1|T74,21,0,0.0,0.10365590236617911,0,1.0,0.0,0.0,0.0,True,False,False
WBCIC,21|S1|T75,21,1,0.33333333333333326,0.5995145630186959,1,1.0,0.0,0.0,0.0,False,False,False
WBCIC,21|S1|T76,21,0,0.0,0.33286025549189563,0,1.0,0.0,0.0,0.0,False,False,False
WBCIC,21|S1|T77,21,0,0.0,0.368369979462219,0,1.0,0.0,0.0,0.0,False,False,False
WBCIC,21|S1|T78,21,0,0.0,0.09679793740129554,0,1.0,0.0,0.0,0.0,True,False,False
WBCIC,21|S1|T79,21,0,0.0,0.13814406160130402,0,1.0,0.0,0.0,0.0,True,False,False
WBCIC,21|S1|T8,21,1,0.0,0.3751178482568711,0,1.0,0.0,0.0,0.0,False,False,False
WBCIC,21|S1|T80,21,1,0.33333333333333326,0.7614909228029282,1,1.0,0.0,0.0,0.0,False,False,False
WBCIC,21|S1|T81,21,0,0.6666666666666667,0.5056857829354987,1,1.0,0.0,0.0,0.0,False,False,False
WBCIC,21|S1|T82,21,0,0.0,0.2576072801285035,0,1.0,0.0,0.0,0.0,True,False,False
WBCIC,21|S1|T83,21,1,0.0,0.7276311057648507,1,1.0,0.0,0.0,0.0,True,False,False
WBCIC,21|S1|T84,21,0,0.0,0.27661879542081474,0,1.0,0.0,0.0,0.0,True,False,False
WBCIC,21|S1|T85,21,1,0.0,0.7570414512791803,1,1.0,0.0,0.0,0.0,True,False,False
WBCIC,21|S1|T86,21,0,0.0,0.24669202856889702,0,1.0,0.0,0.0,0.0,True,False,False
WBCIC,21|S1|T87,21,1,0.6666666666666666,0.5811477974264028,1,0.4784202719992006,0.2745116069560526,0.24706812104474682,0.5215797280007994,False,False,False
WBCIC,21|S1|T88,21,1,0.6666666666666667,0.6311969255257679,1,1.0,0.0,0.0,0.0,False,False,False
WBCIC,21|S1|T89,21,1,0.6666666666666667,0.6914506327745669,1,0.6483191050538218,0.0,0.35168089494617816,0.35168089494617816,False,False,False
WBCIC,21|S1|T9,21,0,0.0,0.21352575439551005,0,1.0,0.0,0.0,0.0,True,False,False
WBCIC,21|S1|T90,21,1,1.0,0.6165275275772706,1,0.5365056650807467,0.0,0.46349433491925324,0.46349433491925324,False,False,False
WBCIC,21|S1|T91,21,0,0.0,0.36633156023698404,0,1.0,0.0,0.0,0.0,False,False,False
WBCIC,21|S1|T92,21,0,0.33333333333333326,0.4752019697173535,0,1.0,0.0,0.0,0.0,False,False,False
WBCIC,21|S1|T93,21,1,1.0,0.5766758497047032,1,1.0,0.0,0.0,0.0,False,False,False
WBCIC,21|S1|T94,21,0,0.0,0.29642161955069996,0,1.0,0.0,0.0,0.0,True,False,False
WBCIC,21|S1|T95,21,1,1.0,0.5717591946132503,1,0.52894239221186,0.0,0.47105760778814004,0.47105760778814004,False,False,False
WBCIC,21|S1|T96,21,0,0.6666666666666667,0.5616557979879652,1,0.6396393074630383,0.0,0.3603606925369617,0.3603606925369617,False,False,False
WBCIC,21|S1|T97,21,1,0.6666666666666667,0.5993501345460293,1,0.6486529057798773,0.0,0.35134709422012267,0.35134709422012267,False,False,False
WBCIC,21|S1|T98,21,1,0.33333333333333326,0.7456618308174364,1,1.0,0.0,0.0,0.0,False,False,False
WBCIC,21|S1|T99,21,1,0.0,0.824698916949889,1,1.0,0.0,0.0,0.0,True,False,False
WBCIC,22|S1|T0,22,1,0.0,0.19547160522762505,0,1.0,0.0,0.0,0.0,True,False,False
WBCIC,22|S1|T1,22,0,0.33333333333333326,0.3649114174132689,0,1.0,0.0,0.0,0.0,False,False,False
WBCIC,22|S1|T10,22,1,0.0,0.7866800743544237,1,1.0,0.0,0.0,0.0,True,False,False
WBCIC,22|S1|T100,22,1,0.0,0.6562469782569632,1,1.0,0.0,0.0,0.0,False,False,False
WBCIC,22|S1|T101,22,0,0.0,0.1797658672095193,0,1.0,0.0,0.0,0.0,True,False,False
WBCIC,22|S1|T102,22,0,0.0,0.35963794886048595,0,1.0,0.0,0.0,0.0,False,False,False
WBCIC,22|S1|T103,22,0,0.0,0.22843891460211452,0,1.0,0.0,0.0,0.0,True,False,False
WBCIC,22|S1|T104,22,0,0.0,0.2884663874606974,0,1.0,0.0,0.0,0.0,True,False,False
WBCIC,22|S1|T105,22,1,0.6666666666666667,0.5566036363075916,1,1.0,0.0,0.0,0.0,False,False,False
WBCIC,22|S1|T106,22,1,0.0,0.24452653213106293,0,1.0,0.0,0.0,0.0,True,False,False
WBCIC,22|S1|T107,22,1,0.6666666666666666,0.38713505947193183,0,1.0,0.0,0.0,0.0,False,False,False
WBCIC,22|S1|T108,22,1,1.0,0.6063656345065738,1,0.5168247836018643,0.4831752163981357,0.0,0.4831752163981357,False,False,False
WBCIC,22|S1|T109,22,0,0.0,0.35022753837497156,0,1.0,0.0,0.0,0.0,False,False,False
WBCIC,22|S1|T11,22,0,0.6666666666666666,0.4071831049033236,0,1.0,0.0,0.0,0.0,False,False,False
WBCIC,22|S1|T110,22,0,0.6666666666666667,0.6230526490688678,1,1.0,0.0,0.0,0.0,False,False,False
WBCIC,22|S1|T111,22,0,0.33333333333333326,0.48063909261861454,0,0.7769356176009006,0.22306438239909945,0.0,0.22306438239909945,False,False,False
WBCIC,22|S1|T112,22,0,0.0,0.31242988496650653,0,1.0,0.0,0.0,0.0,False,False,False
WBCIC,22|S1|T113,22,1,0.6666666666666667,0.5284570883792398,1,1.0,0.0,0.0,0.0,False,False,False
WBCIC,22|S1|T114,22,1,0.0,0.12725962232240676,0,1.0,0.0,0.0,0.0,True,False,False
WBCIC,22|S1|T115,22,1,0.0,0.14142118384008262,0,1.0,0.0,0.0,0.0,True,False,False
WBCIC,22|S1|T116,22,0,0.6666666666666666,0.45776511056258135,0,1.0,0.0,0.0,0.0,False,False,False
WBCIC,22|S1|T117,22,1,0.0,0.7555008852609256,1,1.0,0.0,0.0,0.0,True,False,False
WBCIC,22|S1|T118,22,0,0.0,0.32718069978236924,0,1.0,0.0,0.0,0.0,False,False,False
WBCIC,22|S1|T119,22,1,0.6666666666666667,0.5548161170158701,1,1.0,0.0,0.0,0.0,False,False,False
WBCIC,22|S1|T12,22,1,0.33333333333333326,0.6783671495917859,1,1.0,0.0,0.0,0.0,False,False,False
WBCIC,22|S1|T120,22,0,0.0,0.2902028917783561,0,1.0,0.0,0.0,0.0,True,False,False
WBCIC,22|S1|T121,22,1,1.0,0.4436633051743247,0,1.0,0.0,0.0,0.0,False,False,False
WBCIC,22|S1|T122,22,0,0.0,0.40232486304441223,0,1.0,0.0,0.0,0.0,False,False,False
WBCIC,22|S1|T123,22,1,0.0,0.7447384538763124,1,1.0,0.0,0.0,0.0,True,False,False
WBCIC,22|S1|T124,22,1,0.0,0.7917868823615491,1,1.0,0.0,0.0,0.0,True,False,False
WBCIC,22|S1|T125,22,0,0.6666666666666666,0.4846923535615889,0,0.6366807793163877,0.0,0.36331922068361233,0.36331922068361233,False,False,False
WBCIC,22|S1|T126,22,0,0.6666666666666667,0.5056699087319885,1,1.0,0.0,0.0,0.0,False,False,False
WBCIC,22|S1|T127,22,0,0.0,0.17377998961941196,0,1.0,0.0,0.0,0.0,True,False,False
WBCIC,22|S1|T128,22,0,0.0,0.781094872689177,1,1.0,0.0,0.0,0.0,True,False,False
WBCIC,22|S1|T129,22,0,0.6666666666666666,0.43496190228707077,0,1.0,0.0,0.0,0.0,False,False,False
WBCIC,22|S1|T13,22,0,0.6666666666666666,0.42317793537519327,0,1.0,0.0,0.0,0.0,False,False,False
WBCIC,22|S1|T130,22,1,0.0,0.30166286234160283,0,1.0,0.0,0.0,0.0,False,False,False
WBCIC,22|S1|T131,22,0,0.0,0.2990542931328002,0,1.0,0.0,0.0,0.0,True,False,False
WBCIC,22|S1|T132,22,1,0.0,0.34953218277718673,0,1.0,0.0,0.0,0.0,False,False,False
WBCIC,22|S1|T133,22,1,0.6666666666666667,0.6733872340187661,1,0.6447570032347906,0.0,0.35524299676520954,0.35524299676520954,False,False,False
WBCIC,22|S1|T134,22,0,0.0,0.2214617195812606,0,1.0,0.0,0.0,0.0,True,False,False
WBCIC,22|S1|T135,22,1,0.33333333333333326,0.673305458371937,1,1.0,0.0,0.0,0.0,False,False,False
WBCIC,22|S1|T136,22,1,1.0,0.6306816733636582,1,1.0,0.0,0.0,0.0,False,False,False
WBCIC,22|S1|T137,22,0,0.33333333333333326,0.565168580976996,1,1.0,0.0,0.0,0.0,False,False,False
WBCIC,22|S1|T138,22,1,0.33333333333333326,0.7179390030833296,1,1.0,0.0,0.0,0.0,False,False,False
WBCIC,22|S1|T139,22,1,1.0,0.5416877071382689,1,1.0,0.0,0.0,0.0,False,False,False
WBCIC,22|S1|T14,22,1,0.33333333333333326,0.6680917360656102,1,1.0,0.0,0.0,0.0,False,False,False
WBCIC,22|S1|T140,22,0,0.6666666666666666,0.4517892015229422,0,0.6374857056224056,0.36251429437759436,0.0,0.36251429437759436,False,False,False
WBCIC,22|S1|T141,22,1,0.33333333333333326,0.6534684122576339,1,0.6234573086121941,0.1918735957418647,0.18466909564594122,0.37654269138780594,False,False,False
WBCIC,22|S1|T142,22,0,0.0,0.3439652184041342,0,1.0,0.0,0.0,0.0,False,False,False
WBCIC,22|S1|T143,22,1,0.33333333333333326,0.6032095502212295,1,1.0,0.0,0.0,0.0,False,False,False
WBCIC,22|S1|T144,22,0,0.0,0.3040991162307542,0,1.0,0.0,0.0,0.0,False,False,False
WBCIC,22|S1|T145,22,0,0.0,0.3615046911839936,0,1.0,0.0,0.0,0.0,False,False,False
WBCIC,22|S1|T146,22,1,0.33333333333333326,0.37714376649857057,0,1.0,0.0,0.0,0.0,False,False,False
WBCIC,22|S1|T147,22,0,0.0,0.35301778751252416,0,1.0,0.0,0.0,0.0,False,False,False
WBCIC,22|S1|T148,22,0,0.6666666666666666,0.48246142683073273,0,1.0,0.0,0.0,0.0,False,False,False
WBCIC,22|S1|T149,22,1,0.0,0.09916258233201891,0,1.0,0.0,0.0,0.0,True,False,False
WBCIC,22|S1|T15,22,0,0.0,0.23152567157115658,0,1.0,0.0,0.0,0.0,True,False,False
WBCIC,22|S1|T150,22,1,1.0,0.5594118013425573,1,1.0,0.0,0.0,0.0,False,False,False
WBCIC,22|S1|T151,22,0,0.0,0.282365340152756,0,1.0,0.0,0.0,0.0,True,False,False
WBCIC,22|S1|T152,22,1,1.0,0.5660066405766045,1,1.0,0.0,0.0,0.0,False,False,False
WBCIC,22|S1|T153,22,0,0.0,0.24456558503450196,0,1.0,0.0,0.0,0.0,True,False,False
WBCIC,22|S1|T154,22,1,0.0,0.1323892519976889,0,1.0,0.0,0.0,0.0,True,False,False
WBCIC,22|S1|T155,22,0,0.0,0.1500499693741573,0,1.0,0.0,0.0,0.0,True,False,False
WBCIC,22|S1|T156,22,0,0.33333333333333326,0.36776502019744295,0,1.0,0.0,0.0,0.0,False,False,False
WBCIC,22|S1|T157,22,1,0.0,0.10257121590999478,0,1.0,0.0,0.0,0.0,True,False,False
WBCIC,22|S1|T158,22,1,0.0,0.8736732698658272,1,1.0,0.0,0.0,0.0,True,False,False
WBCIC,22|S1|T159,22,1,1.0,0.503155800696901,1,1.0,0.0,0.0,0.0,False,False,False
WBCIC,22|S1|T16,22,0,0.33333333333333326,0.41143270347982946,0,0.776587071171852,0.0,0.223412928828148,0.223412928828148,False,False,False
WBCIC,22|S1|T160,22,0,0.6666666666666666,0.44081885524475295,0,1.0,0.0,0.0,0.0,False,False,False
WBCIC,22|S1|T161,22,0,0.0,0.20565845805018476,0,1.0,0.0,0.0,0.0,True,False,False
WBCIC,22|S1|T162,22,1,0.33333333333333326,0.7175146349859269,1,1.0,0.0,0.0,0.0,False,False,False
WBCIC,22|S1|T163,22,0,1.0,0.44429784307412507,0,1.0,0.0,0.0,0.0,False,False,False
WBCIC,22|S1|T164,22,0,0.33333333333333326,0.7350595938528386,1,1.0,0.0,0.0,0.0,False,False,False
WBCIC,22|S1|T165,22,1,0.0,0.42441101431717554,0,1.0,0.0,0.0,0.0,False,False,False
WBCIC,22|S1|T166,22,0,0.33333333333333326,0.6056323985232801,1,1.0,0.0,0.0,0.0,False,False,False
WBCIC,22|S1|T167,22,0,0.6666666666666666,0.38573433400294865,0,1.0,0.0,0.0,0.0,False,False,False
WBCIC,22|S1|T168,22,1,0.6666666666666667,0.5184224571130908,1,1.0,0.0,0.0,0.0,False,False,False
WBCIC,22|S1|T169,22,0,0.6666666666666667,0.5603994784278784,1,0.6483014866791764,0.35169851332082364,0.0,0.35169851332082364,False,False,False
WBCIC,22|S1|T17,22,1,0.33333333333333326,0.5570221228494324,1,1.0,0.0,0.0,0.0,False,False,False
WBCIC,22|S1|T170,22,0,0.33333333333333326,0.39808492405931933,0,1.0,0.0,0.0,0.0,False,False,False
WBCIC,22|S1|T171,22,1,0.33333333333333326,0.7168152941999608,1,0.7681895997718869,0.2318104002281131,0.0,0.2318104002281131,False,False,False
WBCIC,22|S1|T172,22,0,0.0,0.24032163145090044,0,1.0,0.0,0.0,0.0,True,False,False
WBCIC,22|S1|T173,22,1,0.33333333333333326,0.7030744702642379,1,1.0,0.0,0.0,0.0,False,False,False
WBCIC,22|S1|T174,22,0,0.0,0.3599873580168415,0,1.0,0.0,0.0,0.0,False,False,False
WBCIC,22|S1|T175,22,0,1.0,0.48168881767286525,0,1.0,0.0,0.0,0.0,False,False,False
WBCIC,22|S1|T176,22,1,0.6666666666666667,0.6981216523680699,1,1.0,0.0,0.0,0.0,False,False,False
WBCIC,22|S1|T177,22,0,0.0,0.2284263381422099,0,1.0,0.0,0.0,0.0,True,False,False
WBCIC,22|S1|T178,22,0,1.0,0.6095680063400686,1,0.5133313350243723,0.4866686649756277,0.0,0.4866686649756277,False,False,False
WBCIC,22|S1|T179,22,1,0.0,0.7514632589892102,1,1.0,0.0,0.0,0.0,True,False,False
WBCIC,22|S1|T18,22,0,0.33333333333333326,0.2642338913187134,0,1.0,0.0,0.0,0.0,False,False,False
WBCIC,22|S1|T180,22,1,0.33333333333333326,0.42714575397274235,0,1.0,0.0,0.0,0.0,False,False,False
WBCIC,22|S1|T181,22,1,0.0,0.6949849705973286,1,1.0,0.0,0.0,0.0,False,False,False
WBCIC,22|S1|T182,22,1,0.6666666666666666,0.44979741813994095,0,1.0,0.0,0.0,0.0,False,False,False
WBCIC,22|S1|T183,22,1,1.0,0.6364414530742142,1,1.0,0.0,0.0,0.0,False,False,False
WBCIC,22|S1|T184,22,1,0.0,0.1771800196198089,0,1.0,0.0,0.0,0.0,True,False,False
WBCIC,22|S1|T185,22,1,0.6666666666666666,0.3498718086313262,0,1.0,0.0,0.0,0.0,False,False,False
WBCIC,22|S1|T186,22,1,0.0,0.18909143262710712,0,1.0,0.0,0.0,0.0,True,False,False
WBCIC,22|S1|T187,22,1,0.33333333333333326,0.3611765864646917,0,1.0,0.0,0.0,0.0,False,False,False
WBCIC,22|S1|T188,22,0,0.0,0.21080525638617212,0,1.0,0.0,0.0,0.0,True,False,False
WBCIC,22|S1|T189,22,0,0.6666666666666666,0.41715401080251363,0,1.0,0.0,0.0,0.0,False,False,False
WBCIC,22|S1|T19,22,1,0.0,0.2441553404503636,0,1.0,0.0,0.0,0.0,True,False,False
WBCIC,22|S1|T190,22,1,0.0,0.763919066362655,1,1.0,0.0,0.0,0.0,True,False,False
WBCIC,22|S1|T191,22,1,0.6666666666666666,0.4526859847255822,0,1.0,0.0,0.0,0.0,False,False,False
WBCIC,22|S1|T192,22,1,0.0,0.27247028030824866,0,1.0,0.0,0.0,0.0,True,False,False
WBCIC,22|S1|T193,22,0,0.0,0.19216567315132313,0,1.0,0.0,0.0,0.0,True,False,False
WBCIC,22|S1|T194,22,0,0.0,0.3569933847081103,0,1.0,0.0,0.0,0.0,False,False,False
WBCIC,22|S1|T195,22,1,1.0,0.5569558973894868,1,1.0,0.0,0.0,0.0,False,False,False
WBCIC,22|S1|T196,22,1,0.33333333333333326,0.47245523258850963,0,1.0,0.0,0.0,0.0,False,False,False
WBCIC,22|S1|T197,22,0,1.0,0.5645146635552106,1,1.0,0.0,0.0,0.0,False,False,False
WBCIC,22|S1|T198,22,0,0.0,0.37941936022191264,0,1.0,0.0,0.0,0.0,False,False,False
WBCIC,22|S1|T199,22,0,0.0,0.334459093747149,0,1.0,0.0,0.0,0.0,False,False,False
WBCIC,22|S1|T2,22,0,0.0,0.34196474524656173,0,1.0,0.0,0.0,0.0,False,False,False
WBCIC,22|S1|T20,22,1,0.33333333333333326,0.694636830900472,1,1.0,0.0,0.0,0.0,False,False,False
WBCIC,22|S1|T21,22,0,0.0,0.31653570860661817,0,1.0,0.0,0.0,0.0,False,False,False
WBCIC,22|S1|T22,22,0,0.0,0.17698388522962102,0,1.0,0.0,0.0,0.0,True,False,False
WBCIC,22|S1|T23,22,1,1.0,0.49311732890597754,0,0.3358444273471832,0.3293769657611847,0.3347786068916321,0.6641555726528168,False,False,False
WBCIC,22|S1|T24,22,1,0.0,0.33928872239161095,0,1.0,0.0,0.0,0.0,False,False,False
WBCIC,22|S1|T25,22,0,0.0,0.3406195780577172,0,1.0,0.0,0.0,0.0,False,False,False
WBCIC,22|S1|T26,22,1,1.0,0.6006672563762061,1,0.35460835695266724,0.341445654630661,0.30394598841667175,0.6453916430473328,False,False,False
WBCIC,22|S1|T27,22,0,0.0,0.19714888976843137,0,1.0,0.0,0.0,0.0,True,False,False
WBCIC,22|S1|T28,22,1,0.33333333333333326,0.5962864227315374,1,1.0,0.0,0.0,0.0,False,False,False
WBCIC,22|S1|T29,22,0,0.0,0.23240031263429706,0,1.0,0.0,0.0,0.0,True,False,False
WBCIC,22|S1|T3,22,1,1.0,0.5047575863322137,1,1.0,0.0,0.0,0.0,False,False,False
WBCIC,22|S1|T30,22,0,1.0,0.5143747921099681,1,1.0,0.0,0.0,0.0,False,False,False
WBCIC,22|S1|T31,22,1,0.6666666666666667,0.5850443058040669,1,0.6324369135365916,0.3675630864634084,0.0,0.3675630864634084,False,False,False
WBCIC,22|S1|T32,22,1,0.0,0.7742693557093691,1,1.0,0.0,0.0,0.0,True,False,False
WBCIC,22|S1|T33,22,0,0.0,0.24933087385871425,0,1.0,0.0,0.0,0.0,True,False,False
WBCIC,22|S1|T34,22,0,0.0,0.8288590179398415,1,1.0,0.0,0.0,0.0,True,False,False
WBCIC,22|S1|T35,22,0,0.0,0.3302977565749721,0,1.0,0.0,0.0,0.0,False,False,False
WBCIC,22|S1|T36,22,1,0.6666666666666667,0.6308792240090176,1,0.65103768666635,0.0,0.3489623133336501,0.3489623133336501,False,False,False
WBCIC,22|S1|T37,22,0,0.0,0.28165873021256144,0,1.0,0.0,0.0,0.0,True,False,False
WBCIC,22|S1|T38,22,1,0.0,0.7178118876450751,1,1.0,0.0,0.0,0.0,True,False,False
WBCIC,22|S1|T39,22,0,0.0,0.30422821453443466,0,1.0,0.0,0.0,0.0,False,False,False
WBCIC,22|S1|T4,22,0,0.0,0.22608691855581056,0,1.0,0.0,0.0,0.0,True,False,False
WBCIC,22|S1|T40,22,1,0.33333333333333326,0.6608042483392398,1,1.0,0.0,0.0,0.0,False,False,False
WBCIC,22|S1|T41,22,0,0.6666666666666666,0.44941103321908066,0,1.0,0.0,0.0,0.0,False,False,False
WBCIC,22|S1|T42,22,0,0.33333333333333326,0.34539592804177993,0,1.0,0.0,0.0,0.0,False,False,False
WBCIC,22|S1|T43,22,0,0.0,0.23683404224607751,0,1.0,0.0,0.0,0.0,True,False,False
WBCIC,22|S1|T44,22,0,0.0,0.09663035648042752,0,1.0,0.0,0.0,0.0,True,False,False
WBCIC,22|S1|T45,22,0,1.0,0.5473132306264697,1,1.0,0.0,0.0,0.0,False,False,False
WBCIC,22|S1|T46,22,1,1.0,0.5047753300868966,1,1.0,0.0,0.0,0.0,False,False,False
WBCIC,22|S1|T47,22,0,0.0,0.40971549775647476,0,1.0,0.0,0.0,0.0,False,False,False
WBCIC,22|S1|T48,22,1,0.0,0.3453799699081177,0,1.0,0.0,0.0,0.0,False,False,False
WBCIC,22|S1|T49,22,1,0.0,0.2886836051429829,0,1.0,0.0,0.0,0.0,True,False,False
WBCIC,22|S1|T5,22,1,1.0,0.49613409473761605,0,1.0,0.0,0.0,0.0,False,False,False
WBCIC,22|S1|T50,22,1,1.0,0.5566425794569357,1,1.0,0.0,0.0,0.0,False,False,False
WBCIC,22|S1|T51,22,0,0.0,0.19616954384273252,0,1.0,0.0,0.0,0.0,True,False,False
WBCIC,22|S1|T52,22,0,0.33333333333333326,0.4807191983706114,0,1.0,0.0,0.0,0.0,False,False,False
WBCIC,22|S1|T53,22,0,0.0,0.3199276836841964,0,1.0,0.0,0.0,0.0,False,False,False
WBCIC,22|S1|T54,22,1,1.0,0.47191591476289846,0,1.0,0.0,0.0,0.0,False,False,False
WBCIC,22|S1|T55,22,1,0.33333333333333326,0.41000186112505116,0,1.0,0.0,0.0,0.0,False,False,False
WBCIC,22|S1|T56,22,1,1.0,0.6496478601925331,1,1.0,0.0,0.0,0.0,False,False,False
WBCIC,22|S1|T57,22,1,0.33333333333333326,0.5156194622224334,1,1.0,0.0,0.0,0.0,False,False,False
WBCIC,22|S1|T58,22,0,0.0,0.14521383144406372,0,1.0,0.0,0.0,0.0,True,False,False
WBCIC,22|S1|T59,22,0,0.0,0.7128185713231119,1,1.0,0.0,0.0,0.0,True,False,False
WBCIC,22|S1|T6,22,1,0.0,0.8178214405318678,1,1.0,0.0,0.0,0.0,True,False,False
WBCIC,22|S1|T60,22,0,1.0,0.5814563638869019,1,0.5219465268032645,0.4780534731967355,0.0,0.4780534731967355,False,False,False
WBCIC,22|S1|T61,22,1,0.0,0.8300013072132151,1,1.0,0.0,0.0,0.0,True,False,False
WBCIC,22|S1|T62,22,0,0.0,0.2719089488719974,0,1.0,0.0,0.0,0.0,True,False,False
WBCIC,22|S1|T63,22,1,1.0,0.4999879295467941,0,1.0,0.0,0.0,0.0,False,False,False
WBCIC,22|S1|T64,22,0,0.33333333333333326,0.36069423754694613,0,1.0,0.0,0.0,0.0,False,False,False
WBCIC,22|S1|T65,22,1,0.0,0.7025156126327908,1,1.0,0.0,0.0,0.0,True,False,False
WBCIC,22|S1|T66,22,1,1.0,0.4636556748893794,0,1.0,0.0,0.0,0.0,False,False,False
WBCIC,22|S1|T67,22,1,0.33333333333333326,0.3955392612807615,0,1.0,0.0,0.0,0.0,False,False,False
WBCIC,22|S1|T68,22,1,0.33333333333333326,0.6447176283556152,1,1.0,0.0,0.0,0.0,False,False,False
WBCIC,22|S1|T69,22,1,0.6666666666666667,0.645100410445509,1,1.0,0.0,0.0,0.0,False,False,False
WBCIC,22|S1|T7,22,1,1.0,0.56672495958772,1,1.0,0.0,0.0,0.0,False,False,False
WBCIC,22|S1|T70,22,1,1.0,0.642444598968044,1,1.0,0.0,0.0,0.0,False,False,False
WBCIC,22|S1|T71,22,0,0.0,0.314554990045349,0,1.0,0.0,0.0,0.0,False,False,False
WBCIC,22|S1|T72,22,0,1.0,0.39350982513415794,0,1.0,0.0,0.0,0.0,False,False,False
WBCIC,22|S1|T73,22,1,1.0,0.6000574627634153,1,1.0,0.0,0.0,0.0,False,False,False
WBCIC,22|S1|T74,22,1,0.33333333333333326,0.6831047628894531,1,0.7631487459969827,0.23685125400301732,0.0,0.23685125400301732,False,False,False
WBCIC,22|S1|T75,22,0,0.0,0.21385835018860358,0,1.0,0.0,0.0,0.0,True,False,False
WBCIC,22|S1|T76,22,0,0.0,0.25605239716233946,0,1.0,0.0,0.0,0.0,True,False,False
WBCIC,22|S1|T77,22,0,0.6666666666666666,0.4296326490632982,0,1.0,0.0,0.0,0.0,False,False,False
WBCIC,22|S1|T78,22,0,0.33333333333333326,0.44392943498886583,0,1.0,0.0,0.0,0.0,False,False,False
WBCIC,22|S1|T79,22,1,0.0,0.7927879325787158,1,1.0,0.0,0.0,0.0,True,False,False
WBCIC,22|S1|T8,22,0,0.0,0.25864844339598675,0,1.0,0.0,0.0,0.0,True,False,False
WBCIC,22|S1|T80,22,0,0.0,0.24152333267363368,0,1.0,0.0,0.0,0.0,True,False,False
WBCIC,22|S1|T81,22,1,0.0,0.8638080436609389,1,1.0,0.0,0.0,0.0,True,False,False
WBCIC,22|S1|T82,22,0,0.0,0.17674026772432794,0,1.0,0.0,0.0,0.0,True,False,False
WBCIC,22|S1|T83,22,1,0.6666666666666667,0.692945051300314,1,1.0,0.0,0.0,0.0,False,False,False
WBCIC,22|S1|T84,22,1,0.0,0.1839729916951466,0,1.0,0.0,0.0,0.0,True,False,False
WBCIC,22|S1|T85,22,1,1.0,0.5880117515762031,1,0.49560147028872875,0.5043985297112713,0.0,0.5043985297112713,False,False,False
WBCIC,22|S1|T86,22,0,0.0,0.20553094883153322,0,1.0,0.0,0.0,0.0,True,False,False
WBCIC,22|S1|T87,22,1,0.0,0.3595816547981429,0,1.0,0.0,0.0,0.0,False,False,False
WBCIC,22|S1|T88,22,0,0.0,0.20115253146624215,0,1.0,0.0,0.0,0.0,True,False,False
WBCIC,22|S1|T89,22,0,0.0,0.2841227314825354,0,1.0,0.0,0.0,0.0,True,False,False
WBCIC,22|S1|T9,22,1,0.0,0.8295024595622021,1,1.0,0.0,0.0,0.0,True,False,False
WBCIC,22|S1|T90,22,0,0.0,0.2854425960071274,0,1.0,0.0,0.0,0.0,True,False,False
WBCIC,22|S1|T91,22,1,0.0,0.36970884374268875,0,1.0,0.0,0.0,0.0,False,False,False
WBCIC,22|S1|T92,22,1,0.33333333333333326,0.6532018877042065,1,1.0,0.0,0.0,0.0,False,False,False
WBCIC,22|S1|T93,22,0,0.0,0.2654643325611546,0,1.0,0.0,0.0,0.0,True,False,False
WBCIC,22|S1|T94,22,0,0.0,0.34455912677297534,0,1.0,0.0,0.0,0.0,False,False,False
WBCIC,22|S1|T95,22,1,1.0,0.5638811027958084,1,0.3479300543048994,0.3443569345580618,0.3077130111370388,0.6520699456951007,False,False,False
WBCIC,22|S1|T96,22,1,0.0,0.19510217007274258,0,1.0,0.0,0.0,0.0,True,False,False
WBCIC,22|S1|T97,22,1,0.0,0.050081015981851294,0,1.0,0.0,0.0,0.0,True,False,False
WBCIC,22|S1|T98,22,0,0.33333333333333326,0.3091635370524127,0,1.0,0.0,0.0,0.0,False,False,False
WBCIC,22|S1|T99,22,0,0.0,0.30589108119229347,0,1.0,0.0,0.0,0.0,False,False,False
WBCIC,23|S1|T0,23,1,0.0,0.8039940569388738,1,1.0,0.0,0.0,0.0,True,False,False
WBCIC,23|S1|T1,23,0,0.0,0.14979906166102927,0,1.0,0.0,0.0,0.0,True,False,False
WBCIC,23|S1|T10,23,1,0.0,0.7384782463467076,1,1.0,0.0,0.0,0.0,True,False,False
WBCIC,23|S1|T100,23,1,0.0,0.7713623142790992,1,1.0,0.0,0.0,0.0,True,False,False
WBCIC,23|S1|T101,23,0,0.0,0.18258355655102745,0,1.0,0.0,0.0,0.0,True,False,False
WBCIC,23|S1|T102,23,1,1.0,0.6233489775134002,1,0.5139264081734368,0.0,0.4860735918265632,0.4860735918265632,False,False,False
WBCIC,23|S1|T103,23,0,0.0,0.41455877452178314,0,1.0,0.0,0.0,0.0,False,False,False
WBCIC,23|S1|T104,23,0,0.0,0.17090473367381032,0,1.0,0.0,0.0,0.0,True,False,False
WBCIC,23|S1|T105,23,0,0.0,0.2145584461771076,0,1.0,0.0,0.0,0.0,True,False,False
WBCIC,23|S1|T106,23,1,1.0,0.5536682175559238,1,0.4974623295045719,0.5025376704954281,0.0,0.5025376704954281,False,False,False
WBCIC,23|S1|T107,23,0,0.0,0.24015881828163263,0,1.0,0.0,0.0,0.0,True,False,False
WBCIC,23|S1|T108,23,0,0.33333333333333326,0.49158398245486373,0,1.0,0.0,0.0,0.0,False,False,False
WBCIC,23|S1|T109,23,0,0.0,0.32397946531073984,0,1.0,0.0,0.0,0.0,False,False,False
WBCIC,23|S1|T11,23,1,0.0,0.7431402906475496,1,1.0,0.0,0.0,0.0,True,False,False
WBCIC,23|S1|T110,23,1,0.0,0.7118336762173215,1,1.0,0.0,0.0,0.0,True,False,False
WBCIC,23|S1|T111,23,1,1.0,0.5988393337189092,1,0.3377800088459256,0.3308821419144315,0.3313378492396429,0.6622199911540744,False,False,False
WBCIC,23|S1|T112,23,1,0.0,0.2963361974389816,0,1.0,0.0,0.0,0.0,True,False,False
WBCIC,23|S1|T113,23,1,0.6666666666666667,0.6972273730718763,1,1.0,0.0,0.0,0.0,False,False,False
WBCIC,23|S1|T114,23,0,0.0,0.22993693402544127,0,1.0,0.0,0.0,0.0,True,False,False
WBCIC,23|S1|T115,23,1,0.0,0.7509398981972163,1,1.0,0.0,0.0,0.0,True,False,False
WBCIC,23|S1|T116,23,0,0.0,0.1894129473029161,0,1.0,0.0,0.0,0.0,True,False,False
WBCIC,23|S1|T117,23,0,0.0,0.17079503280503863,0,1.0,0.0,0.0,0.0,True,False,False
WBCIC,23|S1|T118,23,0,0.0,0.3430614624338762,0,1.0,0.0,0.0,0.0,False,False,False
WBCIC,23|S1|T119,23,1,0.6666666666666667,0.6543613555679982,1,1.0,0.0,0.0,0.0,False,False,False
WBCIC,23|S1|T12,23,1,0.0,0.789833072977942,1,1.0,0.0,0.0,0.0,True,False,False
WBCIC,23|S1|T120,23,1,0.0,0.8009696906398456,1,1.0,0.0,0.0,0.0,True,False,False
WBCIC,23|S1|T121,23,1,0.0,0.4101534595649345,0,1.0,0.0,0.0,0.0,False,False,False
WBCIC,23|S1|T122,23,0,0.0,0.2707016916531684,0,1.0,0.0,0.0,0.0,True,False,False
WBCIC,23|S1|T123,23,0,0.0,0.20103163350938869,0,1.0,0.0,0.0,0.0,True,False,False
WBCIC,23|S1|T124,23,0,0.0,0.43602708862780903,0,1.0,0.0,0.0,0.0,False,False,False
WBCIC,23|S1|T125,23,1,1.0,0.5972565679361486,1,0.5218131225696061,0.4781868774303939,0.0,0.4781868774303939,False,False,False
WBCIC,23|S1|T126,23,1,0.33333333333333326,0.7059569902790553,1,1.0,0.0,0.0,0.0,False,False,False
WBCIC,23|S1|T127,23,1,1.0,0.6277443306063204,1,0.5154962625808939,0.0,0.4845037374191061,0.4845037374191061,False,False,False
WBCIC,23|S1|T128,23,1,1.0,0.6016176249901083,1,0.5096994742082842,0.0,0.49030052579171574,0.49030052579171574,False,False,False
WBCIC,23|S1|T129,23,1,0.6666666666666667,0.6672237298063206,1,0.6426495257848399,0.35735047421516003,0.0,0.35735047421516003,False,False,False
WBCIC,23|S1|T13,23,1,0.33333333333333326,0.4456801357870444,0,1.0,0.0,0.0,0.0,False,False,False
WBCIC,23|S1|T130,23,1,1.0,0.5261737069339192,1,1.0,0.0,0.0,0.0,False,False,False
WBCIC,23|S1|T131,23,0,0.0,0.21592642738111767,0,1.0,0.0,0.0,0.0,True,False,False
WBCIC,23|S1|T132,23,0,0.0,0.3182272515480994,0,1.0,0.0,0.0,0.0,False,False,False
WBCIC,23|S1|T133,23,0,0.0,0.15767200033455853,0,1.0,0.0,0.0,0.0,True,False,False
WBCIC,23|S1|T134,23,0,0.0,0.15803750529540847,0,1.0,0.0,0.0,0.0,True,False,False
WBCIC,23|S1|T135,23,0,0.6666666666666666,0.5008919697235825,1,1.0,0.0,0.0,0.0,False,False,False
WBCIC,23|S1|T136,23,1,0.0,0.7252907889735408,1,1.0,0.0,0.0,0.0,True,False,False
WBCIC,23|S1|T137,23,1,0.0,0.7098875269991538,1,1.0,0.0,0.0,0.0,True,False,False
WBCIC,23|S1|T138,23,1,0.0,0.7666252079895921,1,1.0,0.0,0.0,0.0,True,False,False
WBCIC,23|S1|T139,23,1,0.33333333333333326,0.7130023254835689,1,1.0,0.0,0.0,0.0,False,False,False
WBCIC,23|S1|T14,23,1,0.0,0.8504462645899228,1,1.0,0.0,0.0,0.0,True,False,False
WBCIC,23|S1|T140,23,0,0.0,0.17268220644984744,0,1.0,0.0,0.0,0.0,True,False,False
WBCIC,23|S1|T141,23,1,0.0,0.3583470669723694,0,1.0,0.0,0.0,0.0,False,False,False
WBCIC,23|S1|T142,23,1,1.0,0.5216748021778738,1,1.0,0.0,0.0,0.0,False,False,False
WBCIC,23|S1|T143,23,0,0.0,0.23193863826826824,0,1.0,0.0,0.0,0.0,True,False,False
WBCIC,23|S1|T144,23,0,0.0,0.1785712206406812,0,1.0,0.0,0.0,0.0,True,False,False
WBCIC,23|S1|T145,23,1,0.33333333333333326,0.5737014155059516,1,0.7725576408657195,0.2274423591342805,0.0,0.2274423591342805,False,False,False
WBCIC,23|S1|T146,23,0,0.0,0.16110004527777297,0,1.0,0.0,0.0,0.0,True,False,False
WBCIC,23|S1|T147,23,1,0.0,0.8044228182669696,1,1.0,0.0,0.0,0.0,True,False,False
WBCIC,23|S1|T148,23,1,0.6666666666666667,0.6436084039347084,1,1.0,0.0,0.0,0.0,False,False,False
WBCIC,23|S1|T149,23,0,0.0,0.31919150133747076,0,1.0,0.0,0.0,0.0,False,False,False
WBCIC,23|S1|T15,23,1,0.0,0.7785161516934705,1,1.0,0.0,0.0,0.0,True,False,False
WBCIC,23|S1|T150,23,0,0.0,0.13689713840636789,0,1.0,0.0,0.0,0.0,True,False,False
WBCIC,23|S1|T151,23,0,0.0,0.19724114577705873,0,1.0,0.0,0.0,0.0,True,False,False
WBCIC,23|S1|T152,23,0,0.0,0.19814022531625655,0,1.0,0.0,0.0,0.0,True,False,False
WBCIC,23|S1|T153,23,1,0.0,0.7598350276854869,1,1.0,0.0,0.0,0.0,True,False,False
WBCIC,23|S1|T154,23,0,0.0,0.2592947351679323,0,1.0,0.0,0.0,0.0,True,False,False
WBCIC,23|S1|T155,23,0,0.0,0.24153926950663165,0,1.0,0.0,0.0,0.0,True,False,False
WBCIC,23|S1|T156,23,1,1.0,0.5797351989788027,1,0.33884628597359995,0.328326096286592,0.332827617739808,0.6611537140264,False,False,False
WBCIC,23|S1|T157,23,1,0.33333333333333326,0.654906488376867,1,1.0,0.0,0.0,0.0,False,False,False
WBCIC,23|S1|T158,23,0,0.0,0.26924389628914036,0,1.0,0.0,0.0,0.0,True,False,False
WBCIC,23|S1|T159,23,0,0.33333333333333326,0.40194029527938135,0,1.0,0.0,0.0,0.0,False,False,False
WBCIC,23|S1|T16,23,1,0.6666666666666667,0.6195758398181604,1,1.0,0.0,0.0,0.0,False,False,False
WBCIC,23|S1|T160,23,1,0.0,0.7433248518575811,1,1.0,0.0,0.0,0.0,True,False,False
WBCIC,23|S1|T161,23,1,0.0,0.7302737290765394,1,1.0,0.0,0.0,0.0,True,False,False
WBCIC,23|S1|T162,23,1,0.0,0.7556546801224827,1,1.0,0.0,0.0,0.0,True,False,False
WBCIC,23|S1|T163,23,1,1.0,0.7002400487277867,1,0.5180461048806352,0.0,0.4819538951193649,0.4819538951193649,False,False,False
WBCIC,23|S1|T164,23,1,0.0,0.7518471068194904,1,1.0,0.0,0.0,0.0,True,False,False
WBCIC,23|S1|T165,23,0,0.0,0.15528151830922435,0,1.0,0.0,0.0,0.0,True,False,False
WBCIC,23|S1|T166,23,1,0.0,0.7332814278003227,1,1.0,0.0,0.0,0.0,True,False,False
WBCIC,23|S1|T167,23,0,0.0,0.19226029607057402,0,1.0,0.0,0.0,0.0,True,False,False
WBCIC,23|S1|T168,23,1,0.0,0.735414582743292,1,1.0,0.0,0.0,0.0,True,False,False
WBCIC,23|S1|T169,23,0,0.0,0.3434142948465769,0,1.0,0.0,0.0,0.0,False,False,False
WBCIC,23|S1|T17,23,1,0.33333333333333326,0.6636214474338527,1,0.7728361874346574,0.22716381256534263,0.0,0.22716381256534263,False,False,False
WBCIC,23|S1|T170,23,0,0.0,0.2681465312048302,0,1.0,0.0,0.0,0.0,True,False,False
WBCIC,23|S1|T171,23,0,0.33333333333333326,0.3392604160885049,0,0.760731439372179,0.23926856062782093,0.0,0.23926856062782093,False,False,False
WBCIC,23|S1|T172,23,1,1.0,0.5238159201782521,1,1.0,0.0,0.0,0.0,False,False,False
WBCIC,23|S1|T173,23,1,1.0,0.5200267535192914,1,1.0,0.0,0.0,0.0,False,False,False
WBCIC,23|S1|T174,23,1,0.33333333333333326,0.6575740036046503,1,1.0,0.0,0.0,0.0,False,False,False
WBCIC,23|S1|T175,23,1,1.0,0.6422580008074394,1,0.5298806956938997,0.0,0.47011930430610027,0.47011930430610027,False,False,False
WBCIC,23|S1|T176,23,0,0.0,0.2343077036334699,0,1.0,0.0,0.0,0.0,True,False,False
WBCIC,23|S1|T177,23,1,1.0,0.6244081467677626,1,0.5036131774707757,0.0,0.4963868225292242,0.4963868225292242,False,False,False
WBCIC,23|S1|T178,23,1,0.6666666666666667,0.7017477881140181,1,1.0,0.0,0.0,0.0,False,False,False
WBCIC,23|S1|T179,23,1,0.33333333333333326,0.753141665155777,1,1.0,0.0,0.0,0.0,False,False,False
WBCIC,23|S1|T18,23,1,1.0,0.6393589552854734,1,0.5323917278127184,0.4676082721872816,0.0,0.4676082721872816,False,False,False
WBCIC,23|S1|T180,23,1,0.33333333333333326,0.6309046468557591,1,0.7714237256258079,0.22857627437419215,0.0,0.22857627437419215,False,False,False
WBCIC,23|S1|T181,23,1,1.0,0.620720760680232,1,0.3422831398929101,0.3269798257046886,0.33073703440240126,0.6577168601070899,False,False,False
WBCIC,23|S1|T182,23,0,0.0,0.17000014887397108,0,1.0,0.0,0.0,0.0,True,False,False
WBCIC,23|S1|T183,23,0,0.0,0.18161822572118272,0,1.0,0.0,0.0,0.0,True,False,False
WBCIC,23|S1|T184,23,1,0.0,0.8043162532165727,1,1.0,0.0,0.0,0.0,True,False,False
WBCIC,23|S1|T185,23,0,0.0,0.2295926153655282,0,1.0,0.0,0.0,0.0,True,False,False
WBCIC,23|S1|T186,23,1,0.0,0.18995607704111186,0,1.0,0.0,0.0,0.0,True,False,False
WBCIC,23|S1|T187,23,0,0.6666666666666666,0.47634402717661084,0,1.0,0.0,0.0,0.0,False,False,False
WBCIC,23|S1|T188,23,0,0.0,0.23670152885654014,0,1.0,0.0,0.0,0.0,True,False,False
WBCIC,23|S1|T189,23,1,0.6666666666666666,0.525580112883635,1,0.6231643996589096,0.37683560034109054,0.0,0.37683560034109054,False,False,False
WBCIC,23|S1|T19,23,0,0.0,0.27797186029599813,0,1.0,0.0,0.0,0.0,True,False,False
WBCIC,23|S1|T190,23,0,0.0,0.23865420485740832,0,1.0,0.0,0.0,0.0,True,False,False
WBCIC,23|S1|T191,23,0,0.0,0.3713945803150698,0,1.0,0.0,0.0,0.0,False,False,False
WBCIC,23|S1|T192,23,0,0.33333333333333326,0.3870289438516638,0,1.0,0.0,0.0,0.0,False,False,False
WBCIC,23|S1|T193,23,0,0.0,0.2713946469679221,0,1.0,0.0,0.0,0.0,True,False,False
WBCIC,23|S1|T194,23,0,0.0,0.2785035157927673,0,1.0,0.0,0.0,0.0,True,False,False
WBCIC,23|S1|T195,23,0,0.0,0.18706661620201423,0,1.0,0.0,0.0,0.0,True,False,False
WBCIC,23|S1|T196,23,1,0.6666666666666667,0.5377782968618579,1,1.0,0.0,0.0,0.0,False,False,False
WBCIC,23|S1|T197,23,0,0.0,0.34332048939192134,0,1.0,0.0,0.0,0.0,False,False,False
WBCIC,23|S1|T198,23,0,0.0,0.16108416499757022,0,1.0,0.0,0.0,0.0,True,False,False
WBCIC,23|S1|T199,23,0,0.0,0.1763127725036162,0,1.0,0.0,0.0,0.0,True,False,False
WBCIC,23|S1|T2,23,1,0.33333333333333326,0.7081762430672535,1,1.0,0.0,0.0,0.0,False,False,False
WBCIC,23|S1|T20,23,0,0.0,0.17398217099361815,0,1.0,0.0,0.0,0.0,True,False,False
WBCIC,23|S1|T21,23,0,0.0,0.15975302079888135,0,1.0,0.0,0.0,0.0,True,False,False
WBCIC,23|S1|T22,23,0,0.0,0.2687561689786241,0,1.0,0.0,0.0,0.0,True,False,False
WBCIC,23|S1|T23,23,0,1.0,0.46582204160837487,0,1.0,0.0,0.0,0.0,False,False,False
WBCIC,23|S1|T24,23,1,1.0,0.628843645336117,1,1.0,0.0,0.0,0.0,False,False,False
WBCIC,23|S1|T25,23,0,0.33333333333333326,0.36966990638150204,0,1.0,0.0,0.0,0.0,False,False,False
WBCIC,23|S1|T26,23,0,0.0,0.21688884313401705,0,1.0,0.0,0.0,0.0,True,False,False
WBCIC,23|S1|T27,23,1,0.0,0.8230007964790782,1,1.0,0.0,0.0,0.0,True,False,False
WBCIC,23|S1|T28,23,1,0.0,0.7423208494656958,1,1.0,0.0,0.0,0.0,True,False,False
WBCIC,23|S1|T29,23,0,0.0,0.18374179808943025,0,1.0,0.0,0.0,0.0,True,False,False
WBCIC,23|S1|T3,23,1,1.0,0.6522937314803012,1,0.517431072120801,0.0,0.48256892787919903,0.48256892787919903,False,False,False
WBCIC,23|S1|T30,23,1,0.0,0.6782220525685343,1,1.0,0.0,0.0,0.0,False,False,False
WBCIC,23|S1|T31,23,0,0.0,0.19173603699462297,0,1.0,0.0,0.0,0.0,True,False,False
WBCIC,23|S1|T32,23,0,0.0,0.2104344712226028,0,1.0,0.0,0.0,0.0,True,False,False
WBCIC,23|S1|T33,23,1,0.0,0.8278467756866686,1,1.0,0.0,0.0,0.0,True,False,False
WBCIC,23|S1|T34,23,1,0.0,0.8703210806877442,1,1.0,0.0,0.0,0.0,True,False,False
WBCIC,23|S1|T35,23,0,0.0,0.13461967557320392,0,1.0,0.0,0.0,0.0,True,False,False
WBCIC,23|S1|T36,23,1,0.33333333333333326,0.7085747881054703,1,1.0,0.0,0.0,0.0,False,False,False
WBCIC,23|S1|T37,23,1,1.0,0.6022582616222012,1,0.5216071852779557,0.0,0.47839281472204426,0.47839281472204426,False,False,False
WBCIC,23|S1|T38,23,0,0.6666666666666667,0.628267221831803,1,1.0,0.0,0.0,0.0,False,False,False
WBCIC,23|S1|T39,23,0,0.0,0.3802023891319848,0,1.0,0.0,0.0,0.0,False,False,False
WBCIC,23|S1|T4,23,0,0.0,0.20672659335252208,0,1.0,0.0,0.0,0.0,True,False,False
WBCIC,23|S1|T40,23,1,0.0,0.7680196645235462,1,1.0,0.0,0.0,0.0,True,False,False
WBCIC,23|S1|T41,23,1,1.0,0.4964254282328504,0,1.0,0.0,0.0,0.0,False,False,False
WBCIC,23|S1|T42,23,0,0.0,0.1208442549772638,0,1.0,0.0,0.0,0.0,True,False,False
WBCIC,23|S1|T43,23,0,0.0,0.2640601972227712,0,1.0,0.0,0.0,0.0,True,False,False
WBCIC,23|S1|T44,23,0,0.0,0.3164579546945263,0,1.0,0.0,0.0,0.0,False,False,False
WBCIC,23|S1|T45,23,1,0.0,0.7482593743930709,1,1.0,0.0,0.0,0.0,True,False,False
WBCIC,23|S1|T46,23,0,0.0,0.27238066235375274,0,1.0,0.0,0.0,0.0,True,False,False
WBCIC,23|S1|T47,23,0,0.0,0.1744162541513589,0,1.0,0.0,0.0,0.0,True,False,False
WBCIC,23|S1|T48,23,0,0.0,0.2124433545074211,0,1.0,0.0,0.0,0.0,True,False,False
WBCIC,23|S1|T49,23,0,0.0,0.25139857309288133,0,1.0,0.0,0.0,0.0,True,False,False
WBCIC,23|S1|T5,23,0,0.0,0.20026582377145263,0,1.0,0.0,0.0,0.0,True,False,False
WBCIC,23|S1|T50,23,0,0.6666666666666666,0.4711534245121856,0,1.0,0.0,0.0,0.0,False,False,False
WBCIC,23|S1|T51,23,1,0.0,0.7678752605183695,1,1.0,0.0,0.0,0.0,True,False,False
WBCIC,23|S1|T52,23,1,0.0,0.7402228404697281,1,1.0,0.0,0.0,0.0,True,False,False
WBCIC,23|S1|T53,23,1,0.33333333333333326,0.7089483352659991,1,0.7744412869214908,0.22555871307850917,0.0,0.22555871307850917,False,False,False
WBCIC,23|S1|T54,23,0,0.0,0.20466629400508876,0,1.0,0.0,0.0,0.0,True,False,False
WBCIC,23|S1|T55,23,1,0.6666666666666666,0.4306150005579266,0,1.0,0.0,0.0,0.0,False,False,False
WBCIC,23|S1|T56,23,0,0.0,0.38381941801033204,0,1.0,0.0,0.0,0.0,False,False,False
WBCIC,23|S1|T57,23,0,0.0,0.12924941611649313,0,1.0,0.0,0.0,0.0,True,False,False
WBCIC,23|S1|T58,23,1,0.0,0.8042195318323109,1,1.0,0.0,0.0,0.0,True,False,False
WBCIC,23|S1|T59,23,1,0.6666666666666666,0.5120753798652813,1,0.626926982477251,0.3730730175227491,0.0,0.3730730175227491,False,False,False
WBCIC,23|S1|T6,23,0,0.0,0.18031247095881917,0,1.0,0.0,0.0,0.0,True,False,False
WBCIC,23|S1|T60,23,1,0.6666666666666667,0.7097468157355258,1,1.0,0.0,0.0,0.0,False,False,False
WBCIC,23|S1|T61,23,1,0.0,0.8756653543245486,1,1.0,0.0,0.0,0.0,True,False,False
WBCIC,23|S1|T62,23,0,0.0,0.17291795393925993,0,1.0,0.0,0.0,0.0,True,False,False
WBCIC,23|S1|T63,23,1,0.33333333333333326,0.7489063311488028,1,1.0,0.0,0.0,0.0,False,False,False
WBCIC,23|S1|T64,23,1,0.0,0.7253291243214842,1,1.0,0.0,0.0,0.0,True,False,False
WBCIC,23|S1|T65,23,0,0.0,0.288930191172192,0,1.0,0.0,0.0,0.0,True,False,False
WBCIC,23|S1|T66,23,1,0.33333333333333326,0.6479828688272419,1,1.0,0.0,0.0,0.0,False,False,False
WBCIC,23|S1|T67,23,0,0.0,0.19013565662690693,0,1.0,0.0,0.0,0.0,True,False,False
WBCIC,23|S1|T68,23,0,0.0,0.2003910710498691,0,1.0,0.0,0.0,0.0,True,False,False
WBCIC,23|S1|T69,23,0,0.0,0.17823710293907183,0,1.0,0.0,0.0,0.0,True,False,False
WBCIC,23|S1|T7,23,0,0.0,0.26763087481266645,0,1.0,0.0,0.0,0.0,True,False,False
WBCIC,23|S1|T70,23,0,0.0,0.17747248435312293,0,1.0,0.0,0.0,0.0,True,False,False
WBCIC,23|S1|T71,23,1,0.0,0.7658827081474305,1,1.0,0.0,0.0,0.0,True,False,False
WBCIC,23|S1|T72,23,1,0.33333333333333326,0.6992297580680259,1,1.0,0.0,0.0,0.0,False,False,False
WBCIC,23|S1|T73,23,0,0.0,0.13500817817637117,0,1.0,0.0,0.0,0.0,True,False,False
WBCIC,23|S1|T74,23,0,0.0,0.19620002931451008,0,1.0,0.0,0.0,0.0,True,False,False
WBCIC,23|S1|T75,23,1,0.0,0.8067241612380428,1,1.0,0.0,0.0,0.0,True,False,False
WBCIC,23|S1|T76,23,0,0.0,0.23147661610063297,0,1.0,0.0,0.0,0.0,True,False,False
WBCIC,23|S1|T77,23,1,0.0,0.7781980076737107,1,1.0,0.0,0.0,0.0,True,False,False
WBCIC,23|S1|T78,23,1,0.0,0.7489659678026735,1,1.0,0.0,0.0,0.0,True,False,False
WBCIC,23|S1|T79,23,1,0.0,0.8055048267583776,1,1.0,0.0,0.0,0.0,True,False,False
WBCIC,23|S1|T8,23,0,0.0,0.27755480260299425,0,1.0,0.0,0.0,0.0,True,False,False
WBCIC,23|S1|T80,23,1,0.0,0.8006248159658688,1,1.0,0.0,0.0,0.0,True,False,False
WBCIC,23|S1|T81,23,1,0.0,0.4085642501038109,0,1.0,0.0,0.0,0.0,False,False,False
WBCIC,23|S1|T82,23,0,0.0,0.3112875715896159,0,1.0,0.0,0.0,0.0,False,False,False
WBCIC,23|S1|T83,23,1,0.0,0.7898291230032135,1,1.0,0.0,0.0,0.0,True,False,False
WBCIC,23|S1|T84,23,1,0.33333333333333326,0.74178559474815,1,1.0,0.0,0.0,0.0,False,False,False
WBCIC,23|S1|T85,23,0,0.0,0.18719829894480347,0,1.0,0.0,0.0,0.0,True,False,False
WBCIC,23|S1|T86,23,0,1.0,0.49875922613326545,0,1.0,0.0,0.0,0.0,False,False,False
WBCIC,23|S1|T87,23,1,0.0,0.7944160505250558,1,1.0,0.0,0.0,0.0,True,False,False
WBCIC,23|S1|T88,23,1,0.0,0.751563328227426,1,1.0,0.0,0.0,0.0,True,False,False
WBCIC,23|S1|T89,23,0,0.0,0.20178704819373247,0,1.0,0.0,0.0,0.0,True,False,False
WBCIC,23|S1|T9,23,0,0.0,0.16983145939448688,0,1.0,0.0,0.0,0.0,True,False,False
WBCIC,23|S1|T90,23,1,1.0,0.581040171034345,1,0.3403526842594147,0.33004164695739746,0.32960566878318787,0.6596473157405853,False,False,False
WBCIC,23|S1|T91,23,0,0.0,0.2176727013892282,0,1.0,0.0,0.0,0.0,True,False,False
WBCIC,23|S1|T92,23,0,0.0,0.12933008811985452,0,1.0,0.0,0.0,0.0,True,False,False
WBCIC,23|S1|T93,23,0,0.0,0.2708470623623867,0,1.0,0.0,0.0,0.0,True,False,False
WBCIC,23|S1|T94,23,1,0.0,0.7883766789947302,1,1.0,0.0,0.0,0.0,True,False,False
WBCIC,23|S1|T95,23,0,0.33333333333333326,0.33761910022393565,0,1.0,0.0,0.0,0.0,False,False,False
WBCIC,23|S1|T96,23,1,0.0,0.7311583919749897,1,1.0,0.0,0.0,0.0,True,False,False
WBCIC,23|S1|T97,23,0,0.0,0.24691183224688693,0,1.0,0.0,0.0,0.0,True,False,False
WBCIC,23|S1|T98,23,1,0.0,0.3994365809094458,0,1.0,0.0,0.0,0.0,False,False,False
WBCIC,23|S1|T99,23,1,0.0,0.7427005856286347,1,1.0,0.0,0.0,0.0,True,False,False
WBCIC,24|S1|T0,24,1,0.0,0.7493947754694928,1,1.0,0.0,0.0,0.0,True,False,False
WBCIC,24|S1|T1,24,1,0.33333333333333326,0.6649134380170865,1,1.0,0.0,0.0,0.0,False,False,False
WBCIC,24|S1|T10,24,0,0.0,0.13314679354138215,0,1.0,0.0,0.0,0.0,True,False,False
WBCIC,24|S1|T100,24,0,0.0,0.11541605621327768,0,1.0,0.0,0.0,0.0,True,False,False
WBCIC,24|S1|T101,24,1,0.0,0.7700336740217137,1,1.0,0.0,0.0,0.0,True,False,False
WBCIC,24|S1|T102,24,0,0.0,0.24396241659505843,0,1.0,0.0,0.0,0.0,True,False,False
WBCIC,24|S1|T103,24,1,0.0,0.7665767343105147,1,1.0,0.0,0.0,0.0,True,False,False
WBCIC,24|S1|T104,24,1,0.33333333333333326,0.3743081716605982,0,1.0,0.0,0.0,0.0,False,False,False
WBCIC,24|S1|T105,24,1,0.33333333333333326,0.6509735536348648,1,1.0,0.0,0.0,0.0,False,False,False
WBCIC,24|S1|T106,24,0,0.0,0.1460279752534218,0,1.0,0.0,0.0,0.0,True,False,False
WBCIC,24|S1|T107,24,1,1.0,0.6694338160374247,1,0.5318452990707917,0.0,0.46815470092920836,0.46815470092920836,False,False,False
WBCIC,24|S1|T108,24,0,0.33333333333333326,0.3735784798649892,0,0.7586724549309128,0.24132754506908713,0.0,0.24132754506908713,False,False,False
WBCIC,24|S1|T109,24,0,0.0,0.07643972204454862,0,1.0,0.0,0.0,0.0,True,False,False
WBCIC,24|S1|T11,24,1,0.33333333333333326,0.7372555826283046,1,1.0,0.0,0.0,0.0,False,False,False
WBCIC,24|S1|T110,24,0,0.0,0.08018906633621431,0,1.0,0.0,0.0,0.0,True,False,False
WBCIC,24|S1|T111,24,1,0.6666666666666667,0.5482126065284797,1,0.6254138919864165,0.37458610801358355,0.0,0.37458610801358355,False,False,False
WBCIC,24|S1|T112,24,0,0.0,0.13856389981202724,0,1.0,0.0,0.0,0.0,True,False,False
WBCIC,24|S1|T113,24,1,0.0,0.8002301974595166,1,1.0,0.0,0.0,0.0,True,False,False
WBCIC,24|S1|T114,24,1,0.6666666666666667,0.6045882948157527,1,1.0,0.0,0.0,0.0,False,False,False
WBCIC,24|S1|T115,24,1,0.0,0.8633419990210097,1,1.0,0.0,0.0,0.0,True,False,False
WBCIC,24|S1|T116,24,1,0.0,0.7808032215526374,1,1.0,0.0,0.0,0.0,True,False,False
WBCIC,24|S1|T117,24,1,0.6666666666666666,0.4652179318043416,0,1.0,0.0,0.0,0.0,False,False,False
WBCIC,24|S1|T118,24,0,0.0,0.14380908869238745,0,1.0,0.0,0.0,0.0,True,False,False
WBCIC,24|S1|T119,24,1,0.0,0.8240771135969521,1,1.0,0.0,0.0,0.0,True,False,False
WBCIC,24|S1|T12,24,1,0.0,0.8357670172588673,1,1.0,0.0,0.0,0.0,True,False,False
WBCIC,24|S1|T120,24,1,0.0,0.77290349307387,1,1.0,0.0,0.0,0.0,True,False,False
WBCIC,24|S1|T121,24,1,0.0,0.7384876018042953,1,1.0,0.0,0.0,0.0,True,False,False
WBCIC,24|S1|T122,24,1,0.0,0.7824124834908733,1,1.0,0.0,0.0,0.0,True,False,False
WBCIC,24|S1|T123,24,0,0.0,0.2604696815048122,0,1.0,0.0,0.0,0.0,True,False,False
WBCIC,24|S1|T124,24,1,0.0,0.27226568169708987,0,1.0,0.0,0.0,0.0,True,False,False
WBCIC,24|S1|T125,24,1,0.0,0.637988159455324,1,1.0,0.0,0.0,0.0,False,False,False
WBCIC,24|S1|T126,24,1,0.0,0.8930421795694272,1,1.0,0.0,0.0,0.0,True,False,False
WBCIC,24|S1|T127,24,0,0.0,0.2505124250912321,0,1.0,0.0,0.0,0.0,True,False,False
WBCIC,24|S1|T128,24,0,0.0,0.148339077301678,0,1.0,0.0,0.0,0.0,True,False,False
WBCIC,24|S1|T129,24,1,0.0,0.8470770684324442,1,1.0,0.0,0.0,0.0,True,False,False
WBCIC,24|S1|T13,24,1,0.0,0.8128187506782956,1,1.0,0.0,0.0,0.0,True,False,False
WBCIC,24|S1|T130,24,1,0.0,0.8562433792417466,1,1.0,0.0,0.0,0.0,True,False,False
WBCIC,24|S1|T131,24,0,0.0,0.08125273794587351,0,1.0,0.0,0.0,0.0,True,False,False
WBCIC,24|S1|T132,24,1,0.0,0.8583232008872254,1,1.0,0.0,0.0,0.0,True,False,False
WBCIC,24|S1|T133,24,0,0.0,0.3036478373517898,0,1.0,0.0,0.0,0.0,False,False,False
WBCIC,24|S1|T134,24,1,0.0,0.8170877670477551,1,1.0,0.0,0.0,0.0,True,False,False
WBCIC,24|S1|T135,24,0,0.0,0.15491000134142727,0,1.0,0.0,0.0,0.0,True,False,False
WBCIC,24|S1|T136,24,0,0.0,0.09951115658793606,0,1.0,0.0,0.0,0.0,True,False,False
WBCIC,24|S1|T137,24,0,0.0,0.16827895840111526,0,1.0,0.0,0.0,0.0,True,False,False
WBCIC,24|S1|T138,24,1,0.6666666666666667,0.6722543637799967,1,0.6383577915502343,0.36164220844976563,0.0,0.36164220844976563,False,False,False
WBCIC,24|S1|T139,24,1,1.0,0.545253543818118,1,1.0,0.0,0.0,0.0,False,False,False
WBCIC,24|S1|T14,24,1,0.0,0.7658447845347855,1,1.0,0.0,0.0,0.0,True,False,False
WBCIC,24|S1|T140,24,0,0.0,0.2810863846647167,0,1.0,0.0,0.0,0.0,True,False,False
WBCIC,24|S1|T141,24,1,0.0,0.2238415877356226,0,1.0,0.0,0.0,0.0,True,False,False
WBCIC,24|S1|T142,24,1,0.0,0.8285485678002379,1,1.0,0.0,0.0,0.0,True,False,False
WBCIC,24|S1|T143,24,0,0.0,0.1379016041817249,0,1.0,0.0,0.0,0.0,True,False,False
WBCIC,24|S1|T144,24,1,0.6666666666666667,0.6756482787808823,1,1.0,0.0,0.0,0.0,False,False,False
WBCIC,24|S1|T145,24,0,0.0,0.16179557637027223,0,1.0,0.0,0.0,0.0,True,False,False
WBCIC,24|S1|T146,24,0,0.0,0.36285914176288125,0,1.0,0.0,0.0,0.0,False,False,False
WBCIC,24|S1|T147,24,0,0.0,0.19600397064864472,0,1.0,0.0,0.0,0.0,True,False,False
WBCIC,24|S1|T148,24,0,0.0,0.1283285768048594,0,1.0,0.0,0.0,0.0,True,False,False
WBCIC,24|S1|T149,24,1,1.0,0.5744366889475583,1,1.0,0.0,0.0,0.0,False,False,False
WBCIC,24|S1|T15,24,0,0.0,0.3201348058167476,0,1.0,0.0,0.0,0.0,False,False,False
WBCIC,24|S1|T150,24,0,0.0,0.14508175812981236,0,1.0,0.0,0.0,0.0,True,False,False
WBCIC,24|S1|T151,24,1,0.33333333333333326,0.607886345606272,1,1.0,0.0,0.0,0.0,False,False,False
WBCIC,24|S1|T152,24,0,0.0,0.2514663939284971,0,1.0,0.0,0.0,0.0,True,False,False
WBCIC,24|S1|T153,24,0,1.0,0.5446474527527384,1,0.500829061268738,0.4991709387312619,0.0,0.4991709387312619,False,False,False
WBCIC,24|S1|T154,24,0,0.0,0.23026977140226093,0,1.0,0.0,0.0,0.0,True,False,False
WBCIC,24|S1|T155,24,0,0.0,0.09413872337018155,0,1.0,0.0,0.0,0.0,True,False,False
WBCIC,24|S1|T156,24,1,1.0,0.6939426502748528,1,0.5229882932565756,0.0,0.4770117067434244,0.4770117067434244,False,False,False
WBCIC,24|S1|T157,24,1,0.0,0.827071951614701,1,1.0,0.0,0.0,0.0,True,False,False
WBCIC,24|S1|T158,24,0,0.0,0.06325470027891945,0,1.0,0.0,0.0,0.0,True,False,False
WBCIC,24|S1|T159,24,1,0.0,0.3185241314474627,0,1.0,0.0,0.0,0.0,False,False,False
WBCIC,24|S1|T16,24,0,0.0,0.12375838082264579,0,1.0,0.0,0.0,0.0,True,False,False
WBCIC,24|S1|T160,24,1,0.33333333333333326,0.5934794480597092,1,1.0,0.0,0.0,0.0,False,False,False
WBCIC,24|S1|T161,24,1,0.33333333333333326,0.3447074492140296,0,1.0,0.0,0.0,0.0,False,False,False
WBCIC,24|S1|T162,24,0,0.0,0.22950339787824528,0,1.0,0.0,0.0,0.0,True,False,False
WBCIC,24|S1|T163,24,0,0.33333333333333326,0.4028786001231268,0,1.0,0.0,0.0,0.0,False,False,False
WBCIC,24|S1|T164,24,1,0.0,0.7156139354330842,1,1.0,0.0,0.0,0.0,True,False,False
WBCIC,24|S1|T165,24,1,0.0,0.7348530454661333,1,1.0,0.0,0.0,0.0,True,False,False
WBCIC,24|S1|T166,24,0,1.0,0.5795099723744712,1,0.5183260646887007,0.0,0.48167393531129926,0.48167393531129926,False,False,False
WBCIC,24|S1|T167,24,1,0.0,0.7633670245092672,1,1.0,0.0,0.0,0.0,True,False,False
WBCIC,24|S1|T168,24,0,0.0,0.1521100051341744,0,1.0,0.0,0.0,0.0,True,False,False
WBCIC,24|S1|T169,24,1,0.0,0.710241910368724,1,1.0,0.0,0.0,0.0,True,False,False
WBCIC,24|S1|T17,24,1,0.33333333333333326,0.6987440919202097,1,1.0,0.0,0.0,0.0,False,False,False
WBCIC,24|S1|T170,24,1,0.0,0.7347592441275325,1,1.0,0.0,0.0,0.0,True,False,False
WBCIC,24|S1|T171,24,1,0.33333333333333326,0.39508669591844775,0,1.0,0.0,0.0,0.0,False,False,False
WBCIC,24|S1|T172,24,0,0.6666666666666666,0.45487432068730227,0,0.631027713754861,0.36897228624513906,0.0,0.36897228624513906,False,False,False
WBCIC,24|S1|T173,24,0,0.0,0.14200054048638686,0,1.0,0.0,0.0,0.0,True,False,False
WBCIC,24|S1|T174,24,1,0.0,0.8117608902322594,1,1.0,0.0,0.0,0.0,True,False,False
WBCIC,24|S1|T175,24,1,0.0,0.7924729713983764,1,1.0,0.0,0.0,0.0,True,False,False
WBCIC,24|S1|T176,24,0,0.0,0.18905037906232758,0,1.0,0.0,0.0,0.0,True,False,False
WBCIC,24|S1|T177,24,0,0.0,0.21480854878491484,0,1.0,0.0,0.0,0.0,True,False,False
WBCIC,24|S1|T178,24,0,0.0,0.3538918301963019,0,1.0,0.0,0.0,0.0,False,False,False
WBCIC,24|S1|T179,24,0,0.0,0.2165891302347778,0,1.0,0.0,0.0,0.0,True,False,False
WBCIC,24|S1|T18,24,1,0.33333333333333326,0.6822984522976459,1,1.0,0.0,0.0,0.0,False,False,False
WBCIC,24|S1|T180,24,1,0.0,0.7616476738462103,1,1.0,0.0,0.0,0.0,True,False,False
WBCIC,24|S1|T181,24,1,0.0,0.896847407076657,1,1.0,0.0,0.0,0.0,True,False,False
WBCIC,24|S1|T182,24,0,0.0,0.15254548074381058,0,1.0,0.0,0.0,0.0,True,False,False
WBCIC,24|S1|T183,24,0,0.0,0.30203190501616534,0,1.0,0.0,0.0,0.0,False,False,False
WBCIC,24|S1|T184,24,1,0.0,0.782917757798633,1,1.0,0.0,0.0,0.0,True,False,False
WBCIC,24|S1|T185,24,1,0.6666666666666667,0.5387663217055703,1,1.0,0.0,0.0,0.0,False,False,False
WBCIC,24|S1|T186,24,0,0.0,0.6447009087287893,1,1.0,0.0,0.0,0.0,False,False,False
WBCIC,24|S1|T187,24,1,0.0,0.8697313040861848,1,1.0,0.0,0.0,0.0,True,False,False
WBCIC,24|S1|T188,24,0,0.0,0.14499046053820533,0,1.0,0.0,0.0,0.0,True,False,False
WBCIC,24|S1|T189,24,0,0.0,0.2910424440090714,0,1.0,0.0,0.0,0.0,True,False,False
WBCIC,24|S1|T19,24,0,0.0,0.180117703067884,0,1.0,0.0,0.0,0.0,True,False,False
WBCIC,24|S1|T190,24,1,1.0,0.6077507661215612,1,1.0,0.0,0.0,0.0,False,False,False
WBCIC,24|S1|T191,24,1,0.33333333333333326,0.40585200464162713,0,1.0,0.0,0.0,0.0,False,False,False
WBCIC,24|S1|T192,24,1,0.0,0.8156094602265099,1,1.0,0.0,0.0,0.0,True,False,False
WBCIC,24|S1|T193,24,1,0.0,0.9265946119833547,1,1.0,0.0,0.0,0.0,True,False,False
WBCIC,24|S1|T194,24,0,0.0,0.1692659421436065,0,1.0,0.0,0.0,0.0,True,False,False
WBCIC,24|S1|T195,24,0,0.0,0.28629996213566805,0,1.0,0.0,0.0,0.0,True,False,False
WBCIC,24|S1|T196,24,0,0.33333333333333326,0.29065166533150616,0,1.0,0.0,0.0,0.0,False,False,False
WBCIC,24|S1|T197,24,0,0.0,0.07143558359310506,0,1.0,0.0,0.0,0.0,True,False,False
WBCIC,24|S1|T198,24,0,0.0,0.09421200491530834,0,1.0,0.0,0.0,0.0,True,False,False
WBCIC,24|S1|T2,24,1,0.0,0.8049124583026305,1,1.0,0.0,0.0,0.0,True,False,False
WBCIC,24|S1|T20,24,1,0.0,0.8183049552609449,1,1.0,0.0,0.0,0.0,True,False,False
WBCIC,24|S1|T21,24,0,0.0,0.20176154228461826,0,1.0,0.0,0.0,0.0,True,False,False
WBCIC,24|S1|T22,24,0,0.33333333333333326,0.31724826283288016,0,1.0,0.0,0.0,0.0,False,False,False
WBCIC,24|S1|T23,24,1,0.33333333333333326,0.7356731409735859,1,1.0,0.0,0.0,0.0,False,False,False
WBCIC,24|S1|T24,24,1,0.33333333333333326,0.581440733425881,1,1.0,0.0,0.0,0.0,False,False,False
WBCIC,24|S1|T25,24,0,0.0,0.34667852913960484,0,1.0,0.0,0.0,0.0,False,False,False
WBCIC,24|S1|T26,24,0,0.0,0.19045022003909404,0,1.0,0.0,0.0,0.0,True,False,False
WBCIC,24|S1|T27,24,0,0.0,0.14838288368590202,0,1.0,0.0,0.0,0.0,True,False,False
WBCIC,24|S1|T28,24,0,0.0,0.18002624977529116,0,1.0,0.0,0.0,0.0,True,False,False
WBCIC,24|S1|T29,24,0,0.0,0.2474384922625302,0,1.0,0.0,0.0,0.0,True,False,False
WBCIC,24|S1|T3,24,1,0.0,0.8385271693822837,1,1.0,0.0,0.0,0.0,True,False,False
WBCIC,24|S1|T30,24,0,0.0,0.16101513418959548,0,1.0,0.0,0.0,0.0,True,False,False
WBCIC,24|S1|T31,24,0,0.0,0.36004886013341203,0,1.0,0.0,0.0,0.0,False,False,False
WBCIC,24|S1|T32,24,1,0.0,0.9073095047309057,1,1.0,0.0,0.0,0.0,True,False,False
WBCIC,24|S1|T33,24,0,0.0,0.1332521383207759,0,1.0,0.0,0.0,0.0,True,False,False
WBCIC,24|S1|T34,24,0,0.0,0.09749339177885513,0,1.0,0.0,0.0,0.0,True,False,False
WBCIC,24|S1|T35,24,1,0.0,0.7753363506298201,1,1.0,0.0,0.0,0.0,True,False,False
WBCIC,24|S1|T36,24,1,0.0,0.8873180257579798,1,1.0,0.0,0.0,0.0,True,False,False
WBCIC,24|S1|T37,24,1,0.6666666666666666,0.5520559668010316,1,0.4597639649202086,0.27652894429043046,0.26370709078936094,0.5402360350797915,False,False,False
WBCIC,24|S1|T38,24,1,1.0,0.5950236983417374,1,0.5330554699841314,0.0,0.4669445300158685,0.4669445300158685,False,False,False
WBCIC,24|S1|T39,24,1,0.33333333333333326,0.7145529856474394,1,1.0,0.0,0.0,0.0,False,False,False
WBCIC,24|S1|T4,24,0,0.0,0.16516533622126217,0,1.0,0.0,0.0,0.0,True,False,False
WBCIC,24|S1|T40,24,0,0.0,0.13494522612442142,0,1.0,0.0,0.0,0.0,True,False,False
WBCIC,24|S1|T41,24,0,0.0,0.16677430610461308,0,1.0,0.0,0.0,0.0,True,False,False
WBCIC,24|S1|T42,24,0,0.0,0.27099608811827675,0,1.0,0.0,0.0,0.0,True,False,False
WBCIC,24|S1|T43,24,0,0.0,0.14131367644202586,0,1.0,0.0,0.0,0.0,True,False,False
WBCIC,24|S1|T44,24,1,0.6666666666666666,0.49266371583000956,0,1.0,0.0,0.0,0.0,False,False,False
WBCIC,24|S1|T45,24,0,0.0,0.15305730431492687,0,1.0,0.0,0.0,0.0,True,False,False
WBCIC,24|S1|T46,24,1,0.33333333333333326,0.7487365062526844,1,1.0,0.0,0.0,0.0,False,False,False
WBCIC,24|S1|T47,24,0,0.0,0.11225193421671627,0,1.0,0.0,0.0,0.0,True,False,False
WBCIC,24|S1|T48,24,1,0.0,0.9045789203432874,1,1.0,0.0,0.0,0.0,True,False,False
WBCIC,24|S1|T49,24,0,0.0,0.14288388983373576,0,1.0,0.0,0.0,0.0,True,False,False
WBCIC,24|S1|T5,24,0,0.0,0.20781596312551762,0,1.0,0.0,0.0,0.0,True,False,False
WBCIC,24|S1|T50,24,1,0.33333333333333326,0.7411447403657987,1,1.0,0.0,0.0,0.0,False,False,False
WBCIC,24|S1|T51,24,0,0.0,0.12084898373096091,0,1.0,0.0,0.0,0.0,True,False,False
WBCIC,24|S1|T52,24,0,0.0,0.20486569329179258,0,1.0,0.0,0.0,0.0,True,False,False
WBCIC,24|S1|T53,24,1,0.0,0.8349784334250985,1,1.0,0.0,0.0,0.0,True,False,False
WBCIC,24|S1|T54,24,0,0.0,0.15516768135648923,0,1.0,0.0,0.0,0.0,True,False,False
WBCIC,24|S1|T55,24,1,0.0,0.8159511826173906,1,1.0,0.0,0.0,0.0,True,False,False
WBCIC,24|S1|T56,24,1,0.0,0.3932553037355763,0,1.0,0.0,0.0,0.0,False,False,False
WBCIC,24|S1|T57,24,0,0.0,0.0979420894691705,0,1.0,0.0,0.0,0.0,True,False,False
WBCIC,24|S1|T58,24,0,0.0,0.19863364651075857,0,1.0,0.0,0.0,0.0,True,False,False
WBCIC,24|S1|T59,24,1,0.0,0.8452294289489354,1,1.0,0.0,0.0,0.0,True,False,False
WBCIC,24|S1|T6,24,1,0.0,0.8403117289369776,1,1.0,0.0,0.0,0.0,True,False,False
WBCIC,24|S1|T60,24,1,0.0,0.7822542981865795,1,1.0,0.0,0.0,0.0,True,False,False
WBCIC,24|S1|T61,24,0,0.33333333333333326,0.36356919329714604,0,1.0,0.0,0.0,0.0,False,False,False
WBCIC,24|S1|T62,24,1,0.6666666666666666,0.4171389593655428,0,1.0,0.0,0.0,0.0,False,False,False
WBCIC,24|S1|T63,24,1,1.0,0.6810552281797505,1,1.0,0.0,0.0,0.0,False,False,False
WBCIC,24|S1|T64,24,0,0.0,0.12524694777231465,0,1.0,0.0,0.0,0.0,True,False,False
WBCIC,24|S1|T65,24,1,0.6666666666666667,0.5076619593338382,1,1.0,0.0,0.0,0.0,False,False,False
WBCIC,24|S1|T66,24,0,1.0,0.49080914253769925,0,1.0,0.0,0.0,0.0,False,False,False
WBCIC,24|S1|T67,24,1,0.6666666666666666,0.47792817797399323,0,1.0,0.0,0.0,0.0,False,False,False
WBCIC,24|S1|T68,24,0,0.0,0.18611753652216734,0,1.0,0.0,0.0,0.0,True,False,False
WBCIC,24|S1|T69,24,1,0.33333333333333326,0.3843793220315372,0,1.0,0.0,0.0,0.0,False,False,False
WBCIC,24|S1|T7,24,1,0.0,0.7639261815269399,1,1.0,0.0,0.0,0.0,True,False,False
WBCIC,24|S1|T70,24,1,0.6666666666666666,0.5013505930450324,1,0.456677442611053,0.2769901924156567,0.2663323649732903,0.5433225573889471,False,True,False
WBCIC,24|S1|T71,24,1,0.33333333333333326,0.7218639814158321,1,1.0,0.0,0.0,0.0,False,False,False
WBCIC,24|S1|T72,24,0,0.0,0.07966710069592293,0,1.0,0.0,0.0,0.0,True,False,False
WBCIC,24|S1|T73,24,1,0.0,0.8005527863321458,1,1.0,0.0,0.0,0.0,True,False,False
WBCIC,24|S1|T74,24,1,0.0,0.7647727854579475,1,1.0,0.0,0.0,0.0,True,False,False
WBCIC,24|S1|T75,24,1,0.0,0.35000392772457634,0,1.0,0.0,0.0,0.0,False,False,False
WBCIC,24|S1|T76,24,0,0.6666666666666666,0.514462040265989,1,0.6216003005938673,0.3783996994061328,0.0,0.3783996994061328,False,False,False
WBCIC,24|S1|T77,24,0,0.33333333333333326,0.24958401893986012,0,1.0,0.0,0.0,0.0,False,False,False
WBCIC,24|S1|T78,24,0,0.0,0.2119203384492165,0,1.0,0.0,0.0,0.0,True,False,False
WBCIC,24|S1|T79,24,1,0.0,0.8034391920029139,1,1.0,0.0,0.0,0.0,True,False,False
WBCIC,24|S1|T8,24,0,0.0,0.1961814379759518,0,1.0,0.0,0.0,0.0,True,False,False
WBCIC,24|S1|T80,24,1,0.0,0.8512822597227009,1,1.0,0.0,0.0,0.0,True,False,False
WBCIC,24|S1|T81,24,0,0.0,0.24051986994520366,0,1.0,0.0,0.0,0.0,True,False,False
WBCIC,24|S1|T82,24,0,0.0,0.23245931567418288,0,1.0,0.0,0.0,0.0,True,False,False
WBCIC,24|S1|T83,24,0,0.0,0.19207723105411087,0,1.0,0.0,0.0,0.0,True,False,False
WBCIC,24|S1|T84,24,0,0.0,0.2161334229016109,0,1.0,0.0,0.0,0.0,True,False,False
WBCIC,24|S1|T85,24,1,0.0,0.8016864233748522,1,1.0,0.0,0.0,0.0,True,False,False
WBCIC,24|S1|T86,24,0,0.0,0.3286790506448228,0,1.0,0.0,0.0,0.0,False,False,False
WBCIC,24|S1|T87,24,0,0.33333333333333326,0.2588775255819958,0,1.0,0.0,0.0,0.0,False,False,False
WBCIC,24|S1|T88,24,1,0.0,0.8954625023380661,1,1.0,0.0,0.0,0.0,True,False,False
WBCIC,24|S1|T89,24,1,0.0,0.7950459728627988,1,1.0,0.0,0.0,0.0,True,False,False
WBCIC,24|S1|T9,24,0,0.0,0.08208266712947936,0,1.0,0.0,0.0,0.0,True,False,False
WBCIC,24|S1|T90,24,0,0.0,0.22153971157287652,0,1.0,0.0,0.0,0.0,True,False,False
WBCIC,24|S1|T91,24,1,0.0,0.8506254997006093,1,1.0,0.0,0.0,0.0,True,False,False
WBCIC,24|S1|T92,24,0,0.6666666666666666,0.4539404061663131,0,1.0,0.0,0.0,0.0,False,False,False
WBCIC,24|S1|T93,24,1,0.0,0.752894850200761,1,1.0,0.0,0.0,0.0,True,False,False
WBCIC,24|S1|T94,24,1,0.0,0.7668478596191397,1,1.0,0.0,0.0,0.0,True,False,False
WBCIC,24|S1|T95,24,0,0.0,0.19424869753150775,0,1.0,0.0,0.0,0.0,True,False,False
WBCIC,24|S1|T96,24,0,0.0,0.09997894653464555,0,1.0,0.0,0.0,0.0,True,False,False
WBCIC,24|S1|T97,24,0,0.0,0.21487398538979752,0,1.0,0.0,0.0,0.0,True,False,False
WBCIC,24|S1|T98,24,1,0.0,0.7777055545334978,1,1.0,0.0,0.0,0.0,True,False,False
WBCIC,24|S1|T99,24,0,0.0,0.08247904287003623,0,1.0,0.0,0.0,0.0,True,False,False
WBCIC,25|S1|T0,25,0,0.0,0.13641926197180804,0,1.0,0.0,0.0,0.0,True,False,False
WBCIC,25|S1|T1,25,0,0.0,0.27446107471116155,0,1.0,0.0,0.0,0.0,True,False,False
WBCIC,25|S1|T10,25,0,0.0,0.25489905622915476,0,1.0,0.0,0.0,0.0,True,False,False
WBCIC,25|S1|T100,25,0,0.33333333333333326,0.3608551602509187,0,1.0,0.0,0.0,0.0,False,False,False
WBCIC,25|S1|T101,25,1,0.0,0.8103422404634496,1,1.0,0.0,0.0,0.0,True,False,False
WBCIC,25|S1|T102,25,1,0.33333333333333326,0.6641152068007481,1,0.6197994454864647,0.19642906719526093,0.18377148731827433,0.3802005545135353,False,False,False
WBCIC,25|S1|T103,25,1,0.0,0.7012154955139951,1,1.0,0.0,0.0,0.0,True,False,False
WBCIC,25|S1|T104,25,1,0.6666666666666666,0.46590717195620934,0,0.6600851402135933,0.0,0.33991485978640673,0.33991485978640673,False,False,False
WBCIC,25|S1|T105,25,0,0.0,0.7565488881959106,1,1.0,0.0,0.0,0.0,True,False,False
WBCIC,25|S1|T106,25,1,0.0,0.6226380991506597,1,1.0,0.0,0.0,0.0,False,False,False
WBCIC,25|S1|T107,25,1,0.0,0.844092339131798,1,1.0,0.0,0.0,0.0,True,False,False
WBCIC,25|S1|T108,25,0,0.0,0.23316679217839945,0,1.0,0.0,0.0,0.0,True,False,False
WBCIC,25|S1|T109,25,1,0.6666666666666666,0.4544475204896878,0,1.0,0.0,0.0,0.0,False,False,False
WBCIC,25|S1|T11,25,0,0.0,0.0994304858119633,0,1.0,0.0,0.0,0.0,True,False,False
WBCIC,25|S1|T110,25,0,0.6666666666666666,0.5629559765030061,1,0.6555879849475621,0.34441201505243785,0.0,0.34441201505243785,False,False,False
WBCIC,25|S1|T111,25,1,0.33333333333333326,0.5795697142847921,1,1.0,0.0,0.0,0.0,False,False,False
WBCIC,25|S1|T112,25,0,0.6666666666666667,0.5671293563393959,1,1.0,0.0,0.0,0.0,False,False,False
WBCIC,25|S1|T113,25,1,0.33333333333333326,0.7631122810358572,1,1.0,0.0,0.0,0.0,False,False,False
WBCIC,25|S1|T114,25,0,0.33333333333333326,0.4292082030733768,0,0.7754270625882059,0.22457293741179415,0.0,0.22457293741179415,False,False,False
WBCIC,25|S1|T115,25,0,0.0,0.30741737806444497,0,1.0,0.0,0.0,0.0,False,False,False
WBCIC,25|S1|T116,25,1,0.33333333333333326,0.39797858050613444,0,1.0,0.0,0.0,0.0,False,False,False
WBCIC,25|S1|T117,25,1,0.33333333333333326,0.42833259312180316,0,1.0,0.0,0.0,0.0,False,False,False
WBCIC,25|S1|T118,25,1,0.33333333333333326,0.7116543040366927,1,0.6189354378368648,0.18941103600680045,0.19165352615633466,0.3810645621631351,False,False,False
WBCIC,25|S1|T119,25,1,0.0,0.7490904173132682,1,1.0,0.0,0.0,0.0,True,False,False
WBCIC,25|S1|T12,25,0,0.33333333333333326,0.34587363065283877,0,1.0,0.0,0.0,0.0,False,False,False
WBCIC,25|S1|T120,25,0,0.0,0.12468718723222416,0,1.0,0.0,0.0,0.0,True,False,False
WBCIC,25|S1|T121,25,1,0.0,0.7570162358062579,1,1.0,0.0,0.0,0.0,True,False,False
WBCIC,25|S1|T122,25,1,0.0,0.7587886563913835,1,1.0,0.0,0.0,0.0,True,False,False
WBCIC,25|S1|T123,25,1,0.0,0.864326910723879,1,1.0,0.0,0.0,0.0,True,False,False
WBCIC,25|S1|T124,25,0,0.0,0.6750293725632518,1,1.0,0.0,0.0,0.0,False,False,False
WBCIC,25|S1|T125,25,1,0.33333333333333326,0.6703245217487085,1,1.0,0.0,0.0,0.0,False,False,False
WBCIC,25|S1|T126,25,0,0.6666666666666666,0.4509271914752444,0,1.0,0.0,0.0,0.0,False,False,False
WBCIC,25|S1|T127,25,1,1.0,0.5291697286100869,1,1.0,0.0,0.0,0.0,False,False,False
WBCIC,25|S1|T128,25,1,0.0,0.9015138065947825,1,1.0,0.0,0.0,0.0,True,False,False
WBCIC,25|S1|T129,25,1,0.6666666666666667,0.5984800583848705,1,1.0,0.0,0.0,0.0,False,False,False
WBCIC,25|S1|T13,25,1,0.0,0.8787258357203496,1,1.0,0.0,0.0,0.0,True,False,False
WBCIC,25|S1|T130,25,0,0.6666666666666666,0.43169917390010853,0,1.0,0.0,0.0,0.0,False,False,False
WBCIC,25|S1|T131,25,0,0.0,0.16242442462629253,0,1.0,0.0,0.0,0.0,True,False,False
WBCIC,25|S1|T132,25,1,0.0,0.7929420451137692,1,1.0,0.0,0.0,0.0,True,False,False
WBCIC,25|S1|T133,25,1,0.33333333333333326,0.6172448329012842,1,1.0,0.0,0.0,0.0,False,False,False
WBCIC,25|S1|T134,25,0,0.0,0.19098036630493306,0,1.0,0.0,0.0,0.0,True,False,False
WBCIC,25|S1|T135,25,1,0.0,0.31800757655576645,0,1.0,0.0,0.0,0.0,False,False,False
WBCIC,25|S1|T136,25,0,0.0,0.21950663928889114,0,1.0,0.0,0.0,0.0,True,False,False
WBCIC,25|S1|T137,25,1,0.0,0.11262818584525508,0,1.0,0.0,0.0,0.0,True,False,False
WBCIC,25|S1|T138,25,1,1.0,0.5199129404480393,1,1.0,0.0,0.0,0.0,False,False,False
WBCIC,25|S1|T139,25,0,0.0,0.12495918090403108,0,1.0,0.0,0.0,0.0,True,False,False
WBCIC,25|S1|T14,25,1,0.0,0.8674280129214443,1,1.0,0.0,0.0,0.0,True,False,False
WBCIC,25|S1|T140,25,0,0.33333333333333326,0.3920786455161261,0,1.0,0.0,0.0,0.0,False,False,False
WBCIC,25|S1|T141,25,1,0.0,0.8758607895852265,1,1.0,0.0,0.0,0.0,True,False,False
WBCIC,25|S1|T142,25,1,0.0,0.8051431214977806,1,1.0,0.0,0.0,0.0,True,False,False
WBCIC,25|S1|T143,25,1,0.0,0.8671494910744767,1,1.0,0.0,0.0,0.0,True,False,False
WBCIC,25|S1|T144,25,1,0.0,0.722824107405304,1,1.0,0.0,0.0,0.0,True,False,False
WBCIC,25|S1|T145,25,1,1.0,0.6477477556830621,1,1.0,0.0,0.0,0.0,False,False,False
WBCIC,25|S1|T146,25,0,0.0,0.2170777788983652,0,1.0,0.0,0.0,0.0,True,False,False
WBCIC,25|S1|T147,25,1,0.0,0.7151101614245375,1,1.0,0.0,0.0,0.0,True,False,False
WBCIC,25|S1|T148,25,0,0.0,0.18094552411888312,0,1.0,0.0,0.0,0.0,True,False,False
WBCIC,25|S1|T149,25,0,0.0,0.1622973361511131,0,1.0,0.0,0.0,0.0,True,False,False
WBCIC,25|S1|T15,25,0,0.0,0.11243115656808454,0,1.0,0.0,0.0,0.0,True,False,False
WBCIC,25|S1|T150,25,0,0.0,0.3609903549126318,0,1.0,0.0,0.0,0.0,False,False,False
WBCIC,25|S1|T151,25,0,0.0,0.11649951766122962,0,1.0,0.0,0.0,0.0,True,False,False
WBCIC,25|S1|T152,25,0,0.0,0.22030612232141533,0,1.0,0.0,0.0,0.0,True,False,False
WBCIC,25|S1|T153,25,1,0.33333333333333326,0.6415146172379611,1,1.0,0.0,0.0,0.0,False,False,False
WBCIC,25|S1|T154,25,1,0.0,0.7690875263019782,1,1.0,0.0,0.0,0.0,True,False,False
WBCIC,25|S1|T155,25,0,0.0,0.6948513311905359,1,1.0,0.0,0.0,0.0,False,False,False
WBCIC,25|S1|T156,25,0,0.0,0.17288161925161727,0,1.0,0.0,0.0,0.0,True,False,False
WBCIC,25|S1|T157,25,0,0.0,0.18152020402642677,0,1.0,0.0,0.0,0.0,True,False,False
WBCIC,25|S1|T158,25,0,1.0,0.5481298686854668,1,1.0,0.0,0.0,0.0,False,False,False
WBCIC,25|S1|T159,25,0,0.0,0.2471648146507973,0,1.0,0.0,0.0,0.0,True,False,False
WBCIC,25|S1|T16,25,0,0.0,0.09216319570205161,0,1.0,0.0,0.0,0.0,True,False,False
WBCIC,25|S1|T160,25,1,0.0,0.7689500254232436,1,1.0,0.0,0.0,0.0,True,False,False
WBCIC,25|S1|T161,25,1,0.0,0.7585240411470359,1,1.0,0.0,0.0,0.0,True,False,False
WBCIC,25|S1|T162,25,0,0.0,0.19572616337434354,0,1.0,0.0,0.0,0.0,True,False,False
WBCIC,25|S1|T163,25,1,0.0,0.7239329680804311,1,1.0,0.0,0.0,0.0,True,False,False
WBCIC,25|S1|T164,25,1,0.0,0.7458678744669839,1,1.0,0.0,0.0,0.0,True,False,False
WBCIC,25|S1|T165,25,0,0.0,0.6519228596506634,1,1.0,0.0,0.0,0.0,False,False,False
WBCIC,25|S1|T166,25,0,0.0,0.09239458679741537,0,1.0,0.0,0.0,0.0,True,False,False
WBCIC,25|S1|T167,25,1,0.0,0.7189030234428953,1,1.0,0.0,0.0,0.0,True,False,False
WBCIC,25|S1|T168,25,0,1.0,0.5665055555710135,1,1.0,0.0,0.0,0.0,False,False,False
WBCIC,25|S1|T169,25,1,0.0,0.7647113267568114,1,1.0,0.0,0.0,0.0,True,False,False
WBCIC,25|S1|T17,25,1,0.0,0.8034328423211079,1,1.0,0.0,0.0,0.0,True,False,False
WBCIC,25|S1|T170,25,0,0.0,0.12803687717271628,0,1.0,0.0,0.0,0.0,True,False,False
WBCIC,25|S1|T171,25,0,0.0,0.10439883540353768,0,1.0,0.0,0.0,0.0,True,False,False
WBCIC,25|S1|T172,25,0,0.0,0.7583799620648018,1,1.0,0.0,0.0,0.0,True,False,False
WBCIC,25|S1|T173,25,0,0.33333333333333326,0.3523020293104348,0,1.0,0.0,0.0,0.0,False,False,False
WBCIC,25|S1|T174,25,1,0.0,0.7731704472546125,1,1.0,0.0,0.0,0.0,True,False,False
WBCIC,25|S1|T175,25,1,0.0,0.6402751321718962,1,1.0,0.0,0.0,0.0,False,False,False
WBCIC,25|S1|T176,25,0,0.0,0.17910293809163477,0,1.0,0.0,0.0,0.0,True,False,False
WBCIC,25|S1|T177,25,1,0.0,0.7079489806421808,1,1.0,0.0,0.0,0.0,True,False,False
WBCIC,25|S1|T178,25,1,0.0,0.8125502705824673,1,1.0,0.0,0.0,0.0,True,False,False
WBCIC,25|S1|T179,25,1,0.0,0.6977934125225804,1,1.0,0.0,0.0,0.0,False,False,False
WBCIC,25|S1|T18,25,0,0.0,0.10253828111455081,0,1.0,0.0,0.0,0.0,True,False,False
WBCIC,25|S1|T180,25,0,0.6666666666666666,0.42367243482091954,0,0.6117329275519088,0.0,0.3882670724480912,0.3882670724480912,False,False,False
WBCIC,25|S1|T181,25,1,0.6666666666666666,0.507034615477351,1,0.4462071534140766,0.26056299066046296,0.2932298559254605,0.5537928465859234,False,True,False
WBCIC,25|S1|T182,25,0,0.33333333333333326,0.35094277005113406,0,1.0,0.0,0.0,0.0,False,False,False
WBCIC,25|S1|T183,25,1,0.0,0.7691016697884887,1,1.0,0.0,0.0,0.0,True,False,False
WBCIC,25|S1|T184,25,0,0.0,0.15989435736135038,0,1.0,0.0,0.0,0.0,True,False,False
WBCIC,25|S1|T185,25,0,1.0,0.5990658553113002,1,0.516687577298644,0.483312422701356,0.0,0.483312422701356,False,False,False
WBCIC,25|S1|T186,25,1,0.6666666666666667,0.559088801412332,1,1.0,0.0,0.0,0.0,False,False,False
WBCIC,25|S1|T187,25,0,0.0,0.13176251089454025,0,1.0,0.0,0.0,0.0,True,False,False
WBCIC,25|S1|T188,25,1,0.33333333333333326,0.6409975622674785,1,1.0,0.0,0.0,0.0,False,False,False
WBCIC,25|S1|T189,25,1,0.0,0.8048702527352395,1,1.0,0.0,0.0,0.0,True,False,False
WBCIC,25|S1|T19,25,1,0.0,0.8964705151415874,1,1.0,0.0,0.0,0.0,True,False,False
WBCIC,25|S1|T190,25,0,0.0,0.22289548051268895,0,1.0,0.0,0.0,0.0,True,False,False
WBCIC,25|S1|T191,25,0,0.0,0.19915834191985413,0,1.0,0.0,0.0,0.0,True,False,False
WBCIC,25|S1|T192,25,0,0.0,0.10021211770776649,0,1.0,0.0,0.0,0.0,True,False,False
WBCIC,25|S1|T193,25,0,0.6666666666666666,0.418074456827594,0,1.0,0.0,0.0,0.0,False,False,False
WBCIC,25|S1|T194,25,0,0.0,0.2293511153832116,0,1.0,0.0,0.0,0.0,True,False,False
WBCIC,25|S1|T195,25,1,0.33333333333333326,0.7392630088916112,1,0.6211421903375214,0.19629117865496581,0.18256663100751286,0.3788578096624787,False,False,False
WBCIC,25|S1|T196,25,1,1.0,0.4129890193608465,0,1.0,0.0,0.0,0.0,False,False,False
WBCIC,25|S1|T197,25,0,0.0,0.15680565035857932,0,1.0,0.0,0.0,0.0,True,False,False
WBCIC,25|S1|T198,25,1,0.0,0.651014653432031,1,1.0,0.0,0.0,0.0,False,False,False
WBCIC,25|S1|T199,25,1,0.0,0.7116955532307685,1,1.0,0.0,0.0,0.0,True,False,False
WBCIC,25|S1|T2,25,1,0.0,0.8694058629890286,1,1.0,0.0,0.0,0.0,True,False,False
WBCIC,25|S1|T20,25,1,0.0,0.8419504832185275,1,1.0,0.0,0.0,0.0,True,False,False
WBCIC,25|S1|T21,25,0,0.0,0.14302537777643978,0,1.0,0.0,0.0,0.0,True,False,False
WBCIC,25|S1|T22,25,0,0.0,0.08794382696983555,0,1.0,0.0,0.0,0.0,True,False,False
WBCIC,25|S1|T23,25,1,0.0,0.8849078332769534,1,1.0,0.0,0.0,0.0,True,False,False
WBCIC,25|S1|T24,25,0,0.0,0.29661632856884956,0,1.0,0.0,0.0,0.0,True,False,False
WBCIC,25|S1|T25,25,0,0.0,0.1726692988139091,0,1.0,0.0,0.0,0.0,True,False,False
WBCIC,25|S1|T26,25,1,0.0,0.8087815800202373,1,1.0,0.0,0.0,0.0,True,False,False
WBCIC,25|S1|T27,25,0,0.0,0.21640322917719682,0,1.0,0.0,0.0,0.0,True,False,False
WBCIC,25|S1|T28,25,1,0.0,0.8209661111536483,1,1.0,0.0,0.0,0.0,True,False,False
WBCIC,25|S1|T29,25,0,0.0,0.15535447884505219,0,1.0,0.0,0.0,0.0,True,False,False
WBCIC,25|S1|T3,25,0,0.0,0.07627136821385737,0,1.0,0.0,0.0,0.0,True,False,False
WBCIC,25|S1|T30,25,1,0.0,0.8993660628205333,1,1.0,0.0,0.0,0.0,True,False,False
WBCIC,25|S1|T31,25,1,0.0,0.6518060790046092,1,1.0,0.0,0.0,0.0,False,False,False
WBCIC,25|S1|T32,25,1,0.0,0.8030312692816478,1,1.0,0.0,0.0,0.0,True,False,False
WBCIC,25|S1|T33,25,1,0.0,0.7596913114887611,1,1.0,0.0,0.0,0.0,True,False,False
WBCIC,25|S1|T34,25,1,0.0,0.8107192290067021,1,1.0,0.0,0.0,0.0,True,False,False
WBCIC,25|S1|T35,25,1,0.0,0.835921020261775,1,1.0,0.0,0.0,0.0,True,False,False
WBCIC,25|S1|T36,25,0,0.0,0.12456522769244847,0,1.0,0.0,0.0,0.0,True,False,False
WBCIC,25|S1|T37,25,0,0.0,0.1053530304339162,0,1.0,0.0,0.0,0.0,True,False,False
WBCIC,25|S1|T38,25,1,0.0,0.883584379135176,1,1.0,0.0,0.0,0.0,True,False,False
WBCIC,25|S1|T39,25,1,0.0,0.8866245277077068,1,1.0,0.0,0.0,0.0,True,False,False
WBCIC,25|S1|T4,25,1,0.0,0.8947899362367923,1,1.0,0.0,0.0,0.0,True,False,False
WBCIC,25|S1|T40,25,0,0.0,0.10587733329270917,0,1.0,0.0,0.0,0.0,True,False,False
WBCIC,25|S1|T41,25,1,0.0,0.8980390320585508,1,1.0,0.0,0.0,0.0,True,False,False
WBCIC,25|S1|T42,25,0,0.33333333333333326,0.28471459342299665,0,1.0,0.0,0.0,0.0,False,False,False
WBCIC,25|S1|T43,25,0,0.33333333333333326,0.3953360811430587,0,0.7704471549114847,0.22955284508851526,0.0,0.22955284508851526,False,False,False
WBCIC,25|S1|T44,25,0,0.6666666666666666,0.47511885285809224,0,1.0,0.0,0.0,0.0,False,False,False
WBCIC,25|S1|T45,25,1,0.0,0.8641729403252328,1,1.0,0.0,0.0,0.0,True,False,False
WBCIC,25|S1|T46,25,1,1.0,0.477399181785281,0,1.0,0.0,0.0,0.0,False,False,False
WBCIC,25|S1|T47,25,1,0.0,0.29334922393252366,0,1.0,0.0,0.0,0.0,True,False,False
WBCIC,25|S1|T48,25,1,0.0,0.846339800888613,1,1.0,0.0,0.0,0.0,True,False,False
WBCIC,25|S1|T49,25,0,0.0,0.29550464310222774,0,1.0,0.0,0.0,0.0,True,False,False
WBCIC,25|S1|T5,25,1,0.0,0.7390803367845914,1,1.0,0.0,0.0,0.0,True,False,False
WBCIC,25|S1|T50,25,1,0.0,0.8502921352790199,1,1.0,0.0,0.0,0.0,True,False,False
WBCIC,25|S1|T51,25,1,0.0,0.7922398364061559,1,1.0,0.0,0.0,0.0,True,False,False
WBCIC,25|S1|T52,25,1,0.0,0.8612665935207077,1,1.0,0.0,0.0,0.0,True,False,False
WBCIC,25|S1|T53,25,0,0.0,0.24024053063786066,0,1.0,0.0,0.0,0.0,True,False,False
WBCIC,25|S1|T54,25,1,0.0,0.736508488021097,1,1.0,0.0,0.0,0.0,True,False,False
WBCIC,25|S1|T55,25,1,1.0,0.6467026860718759,1,0.33938602624493913,0.3417368037026168,0.31887717005244404,0.6606139737550608,False,False,False
WBCIC,25|S1|T56,25,0,0.0,0.11205957496142288,0,1.0,0.0,0.0,0.0,True,False,False
WBCIC,25|S1|T57,25,0,0.0,0.16828882738195952,0,1.0,0.0,0.0,0.0,True,False,False
WBCIC,25|S1|T58,25,1,0.0,0.8411282955489257,1,1.0,0.0,0.0,0.0,True,False,False
WBCIC,25|S1|T59,25,1,0.0,0.8517918943642298,1,1.0,0.0,0.0,0.0,True,False,False
WBCIC,25|S1|T6,25,0,0.0,0.11413052909958755,0,1.0,0.0,0.0,0.0,True,False,False
WBCIC,25|S1|T60,25,1,0.0,0.8049199860796833,1,1.0,0.0,0.0,0.0,True,False,False
WBCIC,25|S1|T61,25,0,0.0,0.22460672631321618,0,1.0,0.0,0.0,0.0,True,False,False
WBCIC,25|S1|T62,25,0,0.0,0.17327583517739312,0,1.0,0.0,0.0,0.0,True,False,False
WBCIC,25|S1|T63,25,1,0.33333333333333326,0.7491048408055563,1,1.0,0.0,0.0,0.0,False,False,False
WBCIC,25|S1|T64,25,0,0.0,0.1670028785995706,0,1.0,0.0,0.0,0.0,True,False,False
WBCIC,25|S1|T65,25,0,0.0,0.3613163486467426,0,1.0,0.0,0.0,0.0,False,False,False
WBCIC,25|S1|T66,25,1,0.0,0.8282778102336122,1,1.0,0.0,0.0,0.0,True,False,False
WBCIC,25|S1|T67,25,1,0.0,0.7785828780952943,1,1.0,0.0,0.0,0.0,True,False,False
WBCIC,25|S1|T68,25,0,0.0,0.1322798310899041,0,1.0,0.0,0.0,0.0,True,False,False
WBCIC,25|S1|T69,25,1,0.0,0.7733742278283645,1,1.0,0.0,0.0,0.0,True,False,False
WBCIC,25|S1|T7,25,0,0.0,0.091201450597439,0,1.0,0.0,0.0,0.0,True,False,False
WBCIC,25|S1|T70,25,1,0.6666666666666667,0.6138358491411184,1,0.6217825268493533,0.37821747315064663,0.0,0.37821747315064663,False,False,False
WBCIC,25|S1|T71,25,0,0.0,0.10544912652630074,0,1.0,0.0,0.0,0.0,True,False,False
WBCIC,25|S1|T72,25,0,0.0,0.09322386790535853,0,1.0,0.0,0.0,0.0,True,False,False
WBCIC,25|S1|T73,25,0,0.0,0.2157111348903349,0,1.0,0.0,0.0,0.0,True,False,False
WBCIC,25|S1|T74,25,1,0.0,0.8225641272961086,1,1.0,0.0,0.0,0.0,True,False,False
WBCIC,25|S1|T75,25,0,0.0,0.13392639273526522,0,1.0,0.0,0.0,0.0,True,False,False
WBCIC,25|S1|T76,25,1,0.0,0.8629353332098001,1,1.0,0.0,0.0,0.0,True,False,False
WBCIC,25|S1|T77,25,0,0.0,0.4116917734739225,0,1.0,0.0,0.0,0.0,False,False,False
WBCIC,25|S1|T78,25,0,0.0,0.17497873052235527,0,1.0,0.0,0.0,0.0,True,False,False
WBCIC,25|S1|T79,25,0,0.0,0.07566727790658336,0,1.0,0.0,0.0,0.0,True,False,False
WBCIC,25|S1|T8,25,1,0.0,0.8929546732510151,1,1.0,0.0,0.0,0.0,True,False,False
WBCIC,25|S1|T80,25,1,0.0,0.7444825483710112,1,1.0,0.0,0.0,0.0,True,False,False
WBCIC,25|S1|T81,25,1,0.6666666666666666,0.46179956098633324,0,1.0,0.0,0.0,0.0,False,False,False
WBCIC,25|S1|T82,25,0,1.0,0.5057172458556771,1,0.5183788839711887,0.48162111602881136,0.0,0.48162111602881136,False,False,False
WBCIC,25|S1|T83,25,0,0.0,0.2748595300608268,0,1.0,0.0,0.0,0.0,True,False,False
WBCIC,25|S1|T84,25,0,0.0,0.22417364466084186,0,1.0,0.0,0.0,0.0,True,False,False
WBCIC,25|S1|T85,25,1,0.0,0.8771663464652929,1,1.0,0.0,0.0,0.0,True,False,False
WBCIC,25|S1|T86,25,0,0.0,0.11714691859808067,0,1.0,0.0,0.0,0.0,True,False,False
WBCIC,25|S1|T87,25,0,1.0,0.41861519877886033,0,0.5211433339507783,0.4788566660492217,0.0,0.4788566660492217,False,False,False
WBCIC,25|S1|T88,25,1,0.0,0.7357580584152651,1,1.0,0.0,0.0,0.0,True,False,False
WBCIC,25|S1|T89,25,0,0.0,0.16667299173719854,0,1.0,0.0,0.0,0.0,True,False,False
WBCIC,25|S1|T9,25,0,0.0,0.08962892659095383,0,1.0,0.0,0.0,0.0,True,False,False
WBCIC,25|S1|T90,25,0,0.0,0.11223042827567654,0,1.0,0.0,0.0,0.0,True,False,False
WBCIC,25|S1|T91,25,1,0.0,0.764292572060585,1,1.0,0.0,0.0,0.0,True,False,False
WBCIC,25|S1|T92,25,0,0.0,0.13184524346555992,0,1.0,0.0,0.0,0.0,True,False,False
WBCIC,25|S1|T93,25,0,0.0,0.20205193733308094,0,1.0,0.0,0.0,0.0,True,False,False
WBCIC,25|S1|T94,25,1,0.0,0.8705801937697139,1,1.0,0.0,0.0,0.0,True,False,False
WBCIC,25|S1|T95,25,0,0.0,0.18536078826741662,0,1.0,0.0,0.0,0.0,True,False,False
WBCIC,25|S1|T96,25,1,0.0,0.7778893387844829,1,1.0,0.0,0.0,0.0,True,False,False
WBCIC,25|S1|T97,25,0,0.0,0.6390571652490679,1,1.0,0.0,0.0,0.0,False,False,False
WBCIC,25|S1|T98,25,0,0.0,0.294638741070024,0,1.0,0.0,0.0,0.0,True,False,False
WBCIC,25|S1|T99,25,0,0.33333333333333326,0.2810073686091234,0,1.0,0.0,0.0,0.0,False,False,False
WBCIC,26|S1|T0,26,1,0.0,0.8151863780089025,1,1.0,0.0,0.0,0.0,True,False,False
WBCIC,26|S1|T1,26,1,0.0,0.8611421476272337,1,1.0,0.0,0.0,0.0,True,False,False
WBCIC,26|S1|T10,26,0,0.0,0.15980691614107073,0,1.0,0.0,0.0,0.0,True,False,False
WBCIC,26|S1|T100,26,0,1.0,0.5158595356565673,1,1.0,0.0,0.0,0.0,False,False,False
WBCIC,26|S1|T101,26,1,0.0,0.3668808086030853,0,1.0,0.0,0.0,0.0,False,False,False
WBCIC,26|S1|T102,26,1,1.0,0.6738472234210242,1,1.0,0.0,0.0,0.0,False,False,False
WBCIC,26|S1|T103,26,0,0.0,0.1097097600714253,0,1.0,0.0,0.0,0.0,True,False,False
WBCIC,26|S1|T104,26,1,0.33333333333333326,0.655844807528538,1,1.0,0.0,0.0,0.0,False,False,False
WBCIC,26|S1|T105,26,1,0.0,0.8968741945699713,1,1.0,0.0,0.0,0.0,True,False,False
WBCIC,26|S1|T106,26,1,0.0,0.7996951628897007,1,1.0,0.0,0.0,0.0,True,False,False
WBCIC,26|S1|T107,26,0,0.0,0.24000796632430973,0,1.0,0.0,0.0,0.0,True,False,False
WBCIC,26|S1|T108,26,0,0.0,0.21707514146560344,0,1.0,0.0,0.0,0.0,True,False,False
WBCIC,26|S1|T109,26,0,0.6666666666666666,0.3894610429075484,0,1.0,0.0,0.0,0.0,False,False,False
WBCIC,26|S1|T11,26,1,0.0,0.8637967859578751,1,1.0,0.0,0.0,0.0,True,False,False
WBCIC,26|S1|T110,26,1,0.33333333333333326,0.768720825264943,1,1.0,0.0,0.0,0.0,False,False,False
WBCIC,26|S1|T111,26,0,0.33333333333333326,0.4656468059494247,0,1.0,0.0,0.0,0.0,False,False,False
WBCIC,26|S1|T112,26,0,0.6666666666666666,0.49289996669467007,0,1.0,0.0,0.0,0.0,False,False,False
WBCIC,26|S1|T113,26,0,0.0,0.2411245748293652,0,1.0,0.0,0.0,0.0,True,False,False
WBCIC,26|S1|T114,26,0,0.0,0.20061337571159035,0,1.0,0.0,0.0,0.0,True,False,False
WBCIC,26|S1|T115,26,0,0.0,0.20224786162495348,0,1.0,0.0,0.0,0.0,True,False,False
WBCIC,26|S1|T116,26,1,0.0,0.7843910467023294,1,1.0,0.0,0.0,0.0,True,False,False
WBCIC,26|S1|T117,26,1,0.0,0.19957872615096603,0,1.0,0.0,0.0,0.0,True,False,False
WBCIC,26|S1|T118,26,1,0.0,0.8561040055493674,1,1.0,0.0,0.0,0.0,True,False,False
WBCIC,26|S1|T119,26,1,0.0,0.23016359776415238,0,1.0,0.0,0.0,0.0,True,False,False
WBCIC,26|S1|T12,26,0,0.0,0.1455465286839867,0,1.0,0.0,0.0,0.0,True,False,False
WBCIC,26|S1|T120,26,1,1.0,0.5472395075650001,1,1.0,0.0,0.0,0.0,False,False,False
WBCIC,26|S1|T121,26,1,1.0,0.474009812073814,0,0.5379992708168589,0.0,0.4620007291831411,0.4620007291831411,False,False,False
WBCIC,26|S1|T122,26,0,1.0,0.4383871406616845,0,0.3687213173127567,0.31507844671840807,0.31620023596883523,0.6312786826872433,False,False,False
WBCIC,26|S1|T123,26,0,0.0,0.12987509278493609,0,1.0,0.0,0.0,0.0,True,False,False
WBCIC,26|S1|T124,26,0,0.0,0.13872975420174452,0,1.0,0.0,0.0,0.0,True,False,False
WBCIC,26|S1|T125,26,0,0.0,0.08837156417386183,0,1.0,0.0,0.0,0.0,True,False,False
WBCIC,26|S1|T126,26,0,0.0,0.06929409932480801,0,1.0,0.0,0.0,0.0,True,False,False
WBCIC,26|S1|T127,26,1,0.0,0.8156206666739015,1,1.0,0.0,0.0,0.0,True,False,False
WBCIC,26|S1|T128,26,0,0.0,0.21084732787098326,0,1.0,0.0,0.0,0.0,True,False,False
WBCIC,26|S1|T129,26,0,0.0,0.12496764100585572,0,1.0,0.0,0.0,0.0,True,False,False
WBCIC,26|S1|T13,26,1,0.33333333333333326,0.4382980135982866,0,0.7636641035698613,0.23633589643013875,0.0,0.23633589643013875,False,False,False
WBCIC,26|S1|T130,26,1,0.33333333333333326,0.5891286455185157,1,1.0,0.0,0.0,0.0,False,False,False
WBCIC,26|S1|T131,26,1,1.0,0.5217455527944147,1,1.0,0.0,0.0,0.0,False,False,False
WBCIC,26|S1|T132,26,0,0.33333333333333326,0.29510430456322573,0,1.0,0.0,0.0,0.0,False,False,False
WBCIC,26|S1|T133,26,0,0.0,0.1167797727260383,0,1.0,0.0,0.0,0.0,True,False,False
WBCIC,26|S1|T134,26,1,0.6666666666666666,0.4836713671742224,0,1.0,0.0,0.0,0.0,False,False,False
WBCIC,26|S1|T135,26,0,0.0,0.21015437590984434,0,1.0,0.0,0.0,0.0,True,False,False
WBCIC,26|S1|T136,26,1,0.0,0.8928504077016605,1,1.0,0.0,0.0,0.0,True,False,False
WBCIC,26|S1|T137,26,0,0.0,0.2648175249824672,0,1.0,0.0,0.0,0.0,True,False,False
WBCIC,26|S1|T138,26,0,0.0,0.09691890086830844,0,1.0,0.0,0.0,0.0,True,False,False
WBCIC,26|S1|T139,26,1,0.0,0.8208571693093769,1,1.0,0.0,0.0,0.0,True,False,False
WBCIC,26|S1|T14,26,0,0.0,0.07849195119331202,0,1.0,0.0,0.0,0.0,True,False,False
WBCIC,26|S1|T140,26,0,0.0,0.11854777457869509,0,1.0,0.0,0.0,0.0,True,False,False
WBCIC,26|S1|T141,26,1,0.0,0.37011372646079227,0,1.0,0.0,0.0,0.0,False,False,False
WBCIC,26|S1|T142,26,0,0.0,0.24609339040520783,0,1.0,0.0,0.0,0.0,True,False,False
WBCIC,26|S1|T143,26,0,0.0,0.15414615791479402,0,1.0,0.0,0.0,0.0,True,False,False
WBCIC,26|S1|T144,26,1,0.0,0.8059071167818311,1,1.0,0.0,0.0,0.0,True,False,False
WBCIC,26|S1|T145,26,0,0.0,0.11098357793122104,0,1.0,0.0,0.0,0.0,True,False,False
WBCIC,26|S1|T146,26,0,0.0,0.08086654315264671,0,1.0,0.0,0.0,0.0,True,False,False
WBCIC,26|S1|T147,26,1,0.0,0.8210303210826101,1,1.0,0.0,0.0,0.0,True,False,False
WBCIC,26|S1|T148,26,1,0.33333333333333326,0.6878048555931763,1,1.0,0.0,0.0,0.0,False,False,False
WBCIC,26|S1|T149,26,0,0.0,0.3039265495294278,0,1.0,0.0,0.0,0.0,False,False,False
WBCIC,26|S1|T15,26,1,0.6666666666666667,0.647313235715964,1,1.0,0.0,0.0,0.0,False,False,False
WBCIC,26|S1|T150,26,1,0.0,0.18886985805223822,0,1.0,0.0,0.0,0.0,True,False,False
WBCIC,26|S1|T151,26,0,0.0,0.40283284858428886,0,1.0,0.0,0.0,0.0,False,False,False
WBCIC,26|S1|T152,26,1,0.0,0.9019486080702789,1,1.0,0.0,0.0,0.0,True,False,False
WBCIC,26|S1|T153,26,1,1.0,0.6508497764860355,1,1.0,0.0,0.0,0.0,False,False,False
WBCIC,26|S1|T154,26,0,1.0,0.5564096884322997,1,1.0,0.0,0.0,0.0,False,False,False
WBCIC,26|S1|T155,26,1,0.6666666666666667,0.7177069521765174,1,1.0,0.0,0.0,0.0,False,False,False
WBCIC,26|S1|T156,26,1,0.0,0.8065482216269908,1,1.0,0.0,0.0,0.0,True,False,False
WBCIC,26|S1|T157,26,1,0.0,0.8438093246735098,1,1.0,0.0,0.0,0.0,True,False,False
WBCIC,26|S1|T158,26,1,0.0,0.9231089009000447,1,1.0,0.0,0.0,0.0,True,False,False
WBCIC,26|S1|T159,26,1,0.6666666666666667,0.5979982342470045,1,0.654537001229912,0.0,0.34546299877008807,0.34546299877008807,False,False,False
WBCIC,26|S1|T16,26,0,0.0,0.068369204841372,0,1.0,0.0,0.0,0.0,True,False,False
WBCIC,26|S1|T160,26,0,0.0,0.11212477467978259,0,1.0,0.0,0.0,0.0,True,False,False
WBCIC,26|S1|T161,26,1,0.0,0.8999762892144295,1,1.0,0.0,0.0,0.0,True,False,False
WBCIC,26|S1|T162,26,1,0.6666666666666666,0.49595125515006444,0,1.0,0.0,0.0,0.0,False,False,False
WBCIC,26|S1|T163,26,0,0.0,0.7308471599753834,1,1.0,0.0,0.0,0.0,True,False,False
WBCIC,26|S1|T164,26,0,0.0,0.2336286083763325,0,1.0,0.0,0.0,0.0,True,False,False
WBCIC,26|S1|T165,26,0,0.0,0.09347593112640727,0,1.0,0.0,0.0,0.0,True,False,False
WBCIC,26|S1|T166,26,1,1.0,0.6057478966829034,1,0.5434601311004855,0.0,0.4565398688995144,0.4565398688995144,False,False,False
WBCIC,26|S1|T167,26,1,0.0,0.8870839469990554,1,1.0,0.0,0.0,0.0,True,False,False
WBCIC,26|S1|T168,26,0,0.6666666666666666,0.49109290451602167,0,1.0,0.0,0.0,0.0,False,False,False
WBCIC,26|S1|T169,26,0,0.0,0.11913943035500484,0,1.0,0.0,0.0,0.0,True,False,False
WBCIC,26|S1|T17,26,0,0.0,0.16636971659851357,0,1.0,0.0,0.0,0.0,True,False,False
WBCIC,26|S1|T170,26,1,0.0,0.13947932326180001,0,1.0,0.0,0.0,0.0,True,False,False
WBCIC,26|S1|T171,26,0,0.6666666666666666,0.4520850331271819,0,1.0,0.0,0.0,0.0,False,False,False
WBCIC,26|S1|T172,26,1,0.0,0.6896495952867726,1,1.0,0.0,0.0,0.0,False,False,False
WBCIC,26|S1|T173,26,0,0.0,0.11255499205500169,0,1.0,0.0,0.0,0.0,True,False,False
WBCIC,26|S1|T174,26,1,0.0,0.8466429779570387,1,1.0,0.0,0.0,0.0,True,False,False
WBCIC,26|S1|T175,26,1,0.0,0.8965003586989981,1,1.0,0.0,0.0,0.0,True,False,False
WBCIC,26|S1|T176,26,0,0.0,0.11410330103583162,0,1.0,0.0,0.0,0.0,True,False,False
WBCIC,26|S1|T177,26,0,0.0,0.25492669376049604,0,1.0,0.0,0.0,0.0,True,False,False
WBCIC,26|S1|T178,26,0,0.0,0.2219994085551875,0,1.0,0.0,0.0,0.0,True,False,False
WBCIC,26|S1|T179,26,1,0.6666666666666667,0.5964463755378514,1,1.0,0.0,0.0,0.0,False,False,False
WBCIC,26|S1|T18,26,1,0.0,0.8844500247869679,1,1.0,0.0,0.0,0.0,True,False,False
WBCIC,26|S1|T180,26,0,0.0,0.2949541419219089,0,1.0,0.0,0.0,0.0,True,False,False
WBCIC,26|S1|T181,26,1,0.33333333333333326,0.7899355513381194,1,1.0,0.0,0.0,0.0,False,False,False
WBCIC,26|S1|T182,26,1,0.0,0.7855675477220446,1,1.0,0.0,0.0,0.0,True,False,False
WBCIC,26|S1|T183,26,0,0.0,0.11812992183610029,0,1.0,0.0,0.0,0.0,True,False,False
WBCIC,26|S1|T184,26,0,0.0,0.19659074699387646,0,1.0,0.0,0.0,0.0,True,False,False
WBCIC,26|S1|T185,26,0,0.0,0.07622677050288958,0,1.0,0.0,0.0,0.0,True,False,False
WBCIC,26|S1|T186,26,0,0.0,0.11715939533439042,0,1.0,0.0,0.0,0.0,True,False,False
WBCIC,26|S1|T187,26,1,1.0,0.46901474467374465,0,1.0,0.0,0.0,0.0,False,False,False
WBCIC,26|S1|T188,26,1,0.33333333333333326,0.7195862849163324,1,1.0,0.0,0.0,0.0,False,False,False
WBCIC,26|S1|T189,26,0,0.0,0.20032789652336733,0,1.0,0.0,0.0,0.0,True,False,False
WBCIC,26|S1|T19,26,0,0.0,0.12506176519534398,0,1.0,0.0,0.0,0.0,True,False,False
WBCIC,26|S1|T190,26,1,0.0,0.7619434708405234,1,1.0,0.0,0.0,0.0,True,False,False
WBCIC,26|S1|T191,26,1,0.6666666666666666,0.40668233757827005,0,1.0,0.0,0.0,0.0,False,False,False
WBCIC,26|S1|T192,26,1,0.33333333333333326,0.6358362789857703,1,1.0,0.0,0.0,0.0,False,False,False
WBCIC,26|S1|T193,26,0,0.0,0.2990960101977125,0,1.0,0.0,0.0,0.0,True,False,False
WBCIC,26|S1|T194,26,1,0.0,0.838617743137258,1,1.0,0.0,0.0,0.0,True,False,False
WBCIC,26|S1|T195,26,1,0.0,0.7239831335976111,1,1.0,0.0,0.0,0.0,True,False,False
WBCIC,26|S1|T196,26,1,0.0,0.8752943726995968,1,1.0,0.0,0.0,0.0,True,False,False
WBCIC,26|S1|T197,26,0,0.6666666666666667,0.48395149967232115,0,1.0,0.0,0.0,0.0,False,False,False
WBCIC,26|S1|T198,26,1,0.0,0.857471675916654,1,1.0,0.0,0.0,0.0,True,False,False
WBCIC,26|S1|T199,26,0,1.0,0.6410606756290581,1,1.0,0.0,0.0,0.0,False,False,False
WBCIC,26|S1|T2,26,0,0.0,0.09043614126360354,0,1.0,0.0,0.0,0.0,True,False,False
WBCIC,26|S1|T20,26,0,0.0,0.15617586010128506,0,1.0,0.0,0.0,0.0,True,False,False
WBCIC,26|S1|T21,26,0,0.0,0.09740771105586164,0,1.0,0.0,0.0,0.0,True,False,False
WBCIC,26|S1|T22,26,0,0.0,0.08184861127034466,0,1.0,0.0,0.0,0.0,True,False,False
WBCIC,26|S1|T23,26,1,0.0,0.8649990931168993,1,1.0,0.0,0.0,0.0,True,False,False
WBCIC,26|S1|T24,26,1,0.0,0.9147181242084224,1,1.0,0.0,0.0,0.0,True,False,False
WBCIC,26|S1|T25,26,0,0.0,0.06712484233119718,0,1.0,0.0,0.0,0.0,True,False,False
WBCIC,26|S1|T26,26,0,0.0,0.13779415525206304,0,1.0,0.0,0.0,0.0,True,False,False
WBCIC,26|S1|T27,26,1,0.33333333333333326,0.7139323532892572,1,1.0,0.0,0.0,0.0,False,False,False
WBCIC,26|S1|T28,26,1,0.0,0.2621642090148695,0,1.0,0.0,0.0,0.0,True,False,False
WBCIC,26|S1|T29,26,1,0.0,0.3487647161572076,0,1.0,0.0,0.0,0.0,False,False,False
WBCIC,26|S1|T3,26,0,0.0,0.09326363678859284,0,1.0,0.0,0.0,0.0,True,False,False
WBCIC,26|S1|T30,26,0,0.6666666666666666,0.3678182441268861,0,1.0,0.0,0.0,0.0,False,False,False
WBCIC,26|S1|T31,26,1,0.0,0.7932273996937829,1,1.0,0.0,0.0,0.0,True,False,False
WBCIC,26|S1|T32,26,0,0.0,0.23854877829348742,0,1.0,0.0,0.0,0.0,True,False,False
WBCIC,26|S1|T33,26,1,0.0,0.8234179892684951,1,1.0,0.0,0.0,0.0,True,False,False
WBCIC,26|S1|T34,26,1,0.33333333333333326,0.7618831039238615,1,1.0,0.0,0.0,0.0,False,False,False
WBCIC,26|S1|T35,26,1,0.6666666666666667,0.5622457375696639,1,1.0,0.0,0.0,0.0,False,False,False
WBCIC,26|S1|T36,26,1,1.0,0.4576417577055989,0,1.0,0.0,0.0,0.0,False,False,False
WBCIC,26|S1|T37,26,0,0.0,0.10818465542280598,0,1.0,0.0,0.0,0.0,True,False,False
WBCIC,26|S1|T38,26,0,1.0,0.5038827387866863,1,0.5365575383690264,0.0,0.4634424616309736,0.4634424616309736,False,False,True
WBCIC,26|S1|T39,26,1,0.0,0.8365520886066632,1,1.0,0.0,0.0,0.0,True,False,False
WBCIC,26|S1|T4,26,0,0.0,0.1287285982113495,0,1.0,0.0,0.0,0.0,True,False,False
WBCIC,26|S1|T40,26,1,0.0,0.2410994025197386,0,1.0,0.0,0.0,0.0,True,False,False
WBCIC,26|S1|T41,26,0,0.0,0.09353923037863886,0,1.0,0.0,0.0,0.0,True,False,False
WBCIC,26|S1|T42,26,0,0.0,0.25793957587069133,0,1.0,0.0,0.0,0.0,True,False,False
WBCIC,26|S1|T43,26,1,0.0,0.8573027141047747,1,1.0,0.0,0.0,0.0,True,False,False
WBCIC,26|S1|T44,26,0,0.0,0.8630706779968588,1,1.0,0.0,0.0,0.0,True,False,False
WBCIC,26|S1|T45,26,1,0.6666666666666666,0.44930528285252597,0,1.0,0.0,0.0,0.0,False,False,False
WBCIC,26|S1|T46,26,1,0.0,0.8313872566279986,1,1.0,0.0,0.0,0.0,True,False,False
WBCIC,26|S1|T47,26,1,0.33333333333333326,0.4034463845769705,0,1.0,0.0,0.0,0.0,False,False,False
WBCIC,26|S1|T48,26,0,0.0,0.10040409424795528,0,1.0,0.0,0.0,0.0,True,False,False
WBCIC,26|S1|T49,26,0,0.0,0.08367702975488667,0,1.0,0.0,0.0,0.0,True,False,False
WBCIC,26|S1|T5,26,1,1.0,0.6350477494148479,1,0.49711776874979335,0.5028822312502066,0.0,0.5028822312502066,False,False,False
WBCIC,26|S1|T50,26,0,0.0,0.13874123743762426,0,1.0,0.0,0.0,0.0,True,False,False
WBCIC,26|S1|T51,26,0,0.0,0.1891061077719504,0,1.0,0.0,0.0,0.0,True,False,False
WBCIC,26|S1|T52,26,1,0.0,0.6780563294554383,1,1.0,0.0,0.0,0.0,False,False,False
WBCIC,26|S1|T53,26,1,0.0,0.6886692919022538,1,1.0,0.0,0.0,0.0,False,False,False
WBCIC,26|S1|T54,26,1,0.0,0.918229228501802,1,1.0,0.0,0.0,0.0,True,False,False
WBCIC,26|S1|T55,26,1,0.0,0.8170888394131258,1,1.0,0.0,0.0,0.0,True,False,False
WBCIC,26|S1|T56,26,1,1.0,0.5688423128311867,1,1.0,0.0,0.0,0.0,False,False,False
WBCIC,26|S1|T57,26,0,0.0,0.1353926175826779,0,1.0,0.0,0.0,0.0,True,False,False
WBCIC,26|S1|T58,26,0,0.0,0.10014077899585777,0,1.0,0.0,0.0,0.0,True,False,False
WBCIC,26|S1|T59,26,0,0.0,0.1939286746771094,0,1.0,0.0,0.0,0.0,True,False,False
WBCIC,26|S1|T6,26,0,0.0,0.08198746810889368,0,1.0,0.0,0.0,0.0,True,False,False
WBCIC,26|S1|T60,26,0,0.0,0.17094086409238604,0,1.0,0.0,0.0,0.0,True,False,False
WBCIC,26|S1|T61,26,1,0.6666666666666666,0.4854479794927929,0,0.627016784119738,0.37298321588026195,0.0,0.37298321588026195,False,False,False
WBCIC,26|S1|T62,26,1,0.0,0.7417703905102079,1,1.0,0.0,0.0,0.0,True,False,False
WBCIC,26|S1|T63,26,1,0.0,0.6697213770740257,1,1.0,0.0,0.0,0.0,False,False,False
WBCIC,26|S1|T64,26,0,0.0,0.18351522863555184,0,1.0,0.0,0.0,0.0,True,False,False
WBCIC,26|S1|T65,26,1,0.0,0.24870611362351824,0,1.0,0.0,0.0,0.0,True,False,False
WBCIC,26|S1|T66,26,0,0.0,0.1307180827203954,0,1.0,0.0,0.0,0.0,True,False,False
WBCIC,26|S1|T67,26,1,0.6666666666666666,0.4703190915266165,0,1.0,0.0,0.0,0.0,False,False,False
WBCIC,26|S1|T68,26,0,1.0,0.5576698715527795,1,0.532684039232519,0.0,0.4673159607674811,0.4673159607674811,False,False,False
WBCIC,26|S1|T69,26,1,0.33333333333333326,0.7487938405442907,1,1.0,0.0,0.0,0.0,False,False,False
WBCIC,26|S1|T7,26,1,0.0,0.8478990822479204,1,1.0,0.0,0.0,0.0,True,False,False
WBCIC,26|S1|T70,26,1,0.33333333333333326,0.41086708438008485,0,1.0,0.0,0.0,0.0,False,False,False
WBCIC,26|S1|T71,26,0,0.0,0.11986127588940114,0,1.0,0.0,0.0,0.0,True,False,False
WBCIC,26|S1|T72,26,1,0.0,0.8911105384659442,1,1.0,0.0,0.0,0.0,True,False,False
WBCIC,26|S1|T73,26,1,0.0,0.6522742734685758,1,1.0,0.0,0.0,0.0,False,False,False
WBCIC,26|S1|T74,26,0,0.0,0.12736445957586529,0,1.0,0.0,0.0,0.0,True,False,False
WBCIC,26|S1|T75,26,0,1.0,0.4596004747464261,0,1.0,0.0,0.0,0.0,False,False,False
WBCIC,26|S1|T76,26,0,0.0,0.20913185870202036,0,1.0,0.0,0.0,0.0,True,False,False
WBCIC,26|S1|T77,26,1,0.0,0.8359458719773786,1,1.0,0.0,0.0,0.0,True,False,False
WBCIC,26|S1|T78,26,0,0.0,0.34544538654851725,0,1.0,0.0,0.0,0.0,False,False,False
WBCIC,26|S1|T79,26,0,0.0,0.6996007078660398,1,1.0,0.0,0.0,0.0,False,False,False
WBCIC,26|S1|T8,26,0,0.0,0.25920820729439364,0,1.0,0.0,0.0,0.0,True,False,False
WBCIC,26|S1|T80,26,1,0.0,0.8350700301575055,1,1.0,0.0,0.0,0.0,True,False,False
WBCIC,26|S1|T81,26,1,0.0,0.32111176257300533,0,1.0,0.0,0.0,0.0,False,False,False
WBCIC,26|S1|T82,26,0,0.0,0.10005237489951008,0,1.0,0.0,0.0,0.0,True,False,False
WBCIC,26|S1|T83,26,0,0.0,0.24146406127444797,0,1.0,0.0,0.0,0.0,True,False,False
WBCIC,26|S1|T84,26,0,0.0,0.1550224160224232,0,1.0,0.0,0.0,0.0,True,False,False
WBCIC,26|S1|T85,26,1,0.33333333333333326,0.40498765813648774,0,1.0,0.0,0.0,0.0,False,False,False
WBCIC,26|S1|T86,26,1,0.33333333333333326,0.5376294654186321,1,1.0,0.0,0.0,0.0,False,False,False
WBCIC,26|S1|T87,26,1,0.0,0.8063845541077524,1,1.0,0.0,0.0,0.0,True,False,False
WBCIC,26|S1|T88,26,1,0.33333333333333326,0.4380794624756299,0,1.0,0.0,0.0,0.0,False,False,False
WBCIC,26|S1|T89,26,1,0.6666666666666667,0.5834494063048246,1,0.6510011708662664,0.0,0.34899882913373353,0.34899882913373353,False,False,False
WBCIC,26|S1|T9,26,1,0.0,0.8636003072753842,1,1.0,0.0,0.0,0.0,True,False,False
WBCIC,26|S1|T90,26,1,0.33333333333333326,0.6488486278965849,1,1.0,0.0,0.0,0.0,False,False,False
WBCIC,26|S1|T91,26,1,1.0,0.6867656568057013,1,1.0,0.0,0.0,0.0,False,False,False
WBCIC,26|S1|T92,26,0,0.0,0.11217225374445818,0,1.0,0.0,0.0,0.0,True,False,False
WBCIC,26|S1|T93,26,0,1.0,0.66055155543774,1,1.0,0.0,0.0,0.0,False,False,False
WBCIC,26|S1|T94,26,0,0.0,0.14651554836407335,0,1.0,0.0,0.0,0.0,True,False,False
WBCIC,26|S1|T95,26,0,0.6666666666666666,0.4299389730377658,0,1.0,0.0,0.0,0.0,False,False,False
WBCIC,26|S1|T96,26,1,0.0,0.8046500718757734,1,1.0,0.0,0.0,0.0,True,False,False
WBCIC,26|S1|T97,26,0,0.0,0.10459728905637411,0,1.0,0.0,0.0,0.0,True,False,False
WBCIC,26|S1|T98,26,0,0.33333333333333326,0.29211819485391594,0,1.0,0.0,0.0,0.0,False,False,False
WBCIC,26|S1|T99,26,0,0.0,0.10363208340842028,0,1.0,0.0,0.0,0.0,True,False,False
WBCIC,27|S1|T0,27,0,0.0,0.9142857641880694,1,1.0,0.0,0.0,0.0,True,False,False
WBCIC,27|S1|T1,27,1,0.6666666666666667,0.5786148960302759,1,1.0,0.0,0.0,0.0,False,False,False
WBCIC,27|S1|T10,27,1,0.33333333333333326,0.33501124505209195,0,0.7668682988679659,0.0,0.2331317011320341,0.2331317011320341,False,False,False
WBCIC,27|S1|T100,27,1,0.6666666666666666,0.4562368687286584,0,1.0,0.0,0.0,0.0,False,False,False
WBCIC,27|S1|T101,27,1,0.6666666666666666,0.5009443829426158,1,1.0,0.0,0.0,0.0,False,False,False
WBCIC,27|S1|T102,27,1,0.0,0.31178874754161706,0,1.0,0.0,0.0,0.0,False,False,False
WBCIC,27|S1|T103,27,1,0.0,0.2944907099933481,0,1.0,0.0,0.0,0.0,True,False,False
WBCIC,27|S1|T104,27,1,0.0,0.3593854266596286,0,1.0,0.0,0.0,0.0,False,False,False
WBCIC,27|S1|T105,27,1,0.0,0.23324207290497503,0,1.0,0.0,0.0,0.0,True,False,False
WBCIC,27|S1|T106,27,0,1.0,0.5573666607282969,1,1.0,0.0,0.0,0.0,False,False,False
WBCIC,27|S1|T107,27,0,1.0,0.5917860711660056,1,1.0,0.0,0.0,0.0,False,False,False
WBCIC,27|S1|T108,27,1,1.0,0.6044735828522179,1,0.5119181360677613,0.48808186393223874,0.0,0.48808186393223874,False,False,False
WBCIC,27|S1|T109,27,0,0.0,0.3481353552100299,0,1.0,0.0,0.0,0.0,False,False,False
WBCIC,27|S1|T11,27,0,0.33333333333333326,0.396263522138907,0,1.0,0.0,0.0,0.0,False,False,False
WBCIC,27|S1|T110,27,0,0.6666666666666667,0.5497833403191904,1,0.6201218823972854,0.0,0.3798781176027146,0.3798781176027146,False,False,False
WBCIC,27|S1|T111,27,1,0.0,0.3231908343494455,0,1.0,0.0,0.0,0.0,False,False,False
WBCIC,27|S1|T112,27,1,0.0,0.2988542622209362,0,1.0,0.0,0.0,0.0,True,False,False
WBCIC,27|S1|T113,27,0,1.0,0.5239709273625094,1,1.0,0.0,0.0,0.0,False,False,False
WBCIC,27|S1|T114,27,1,0.6666666666666666,0.4812974301041743,0,1.0,0.0,0.0,0.0,False,False,False
WBCIC,27|S1|T115,27,0,0.0,0.32533017701993666,0,1.0,0.0,0.0,0.0,False,False,False
WBCIC,27|S1|T116,27,0,0.0,0.7580498944965633,1,1.0,0.0,0.0,0.0,True,False,False
WBCIC,27|S1|T117,27,0,0.0,0.36491117208086493,0,1.0,0.0,0.0,0.0,False,False,False
WBCIC,27|S1|T118,27,1,0.0,0.9152659470430896,1,1.0,0.0,0.0,0.0,True,False,False
WBCIC,27|S1|T119,27,1,0.0,0.734187960192422,1,1.0,0.0,0.0,0.0,True,False,False
WBCIC,27|S1|T12,27,0,1.0,0.4880494920813954,0,1.0,0.0,0.0,0.0,False,False,False
WBCIC,27|S1|T120,27,0,0.0,0.23801123097647936,0,1.0,0.0,0.0,0.0,True,False,False
WBCIC,27|S1|T121,27,1,0.0,0.3025626036690578,0,1.0,0.0,0.0,0.0,False,False,False
WBCIC,27|S1|T122,27,1,1.0,0.5240747614965685,1,1.0,0.0,0.0,0.0,False,False,False
WBCIC,27|S1|T123,27,1,0.0,0.29145755081165353,0,1.0,0.0,0.0,0.0,True,False,False
WBCIC,27|S1|T124,27,1,0.0,0.32381674032544777,0,1.0,0.0,0.0,0.0,False,False,False
WBCIC,27|S1|T125,27,1,0.0,0.6234951083249047,1,1.0,0.0,0.0,0.0,False,False,False
WBCIC,27|S1|T126,27,1,0.0,0.30256673964782815,0,1.0,0.0,0.0,0.0,False,False,False
WBCIC,27|S1|T127,27,1,0.6666666666666667,0.6208563445585142,1,1.0,0.0,0.0,0.0,False,False,False
WBCIC,27|S1|T128,27,1,0.6666666666666666,0.50240273417114,1,1.0,0.0,0.0,0.0,False,False,False
WBCIC,27|S1|T129,27,0,0.33333333333333326,0.4200621543795294,0,1.0,0.0,0.0,0.0,False,False,False
WBCIC,27|S1|T13,27,1,0.33333333333333326,0.7659234909984988,1,0.7661165214732055,0.23388347852679456,0.0,0.23388347852679456,False,False,False
WBCIC,27|S1|T130,27,0,0.0,0.36215203687411873,0,1.0,0.0,0.0,0.0,False,False,False
WBCIC,27|S1|T131,27,0,0.0,0.7757103708097172,1,1.0,0.0,0.0,0.0,True,False,False
WBCIC,27|S1|T132,27,1,0.0,0.22212816010261505,0,1.0,0.0,0.0,0.0,True,False,False
WBCIC,27|S1|T133,27,1,0.0,0.21250215858272092,0,1.0,0.0,0.0,0.0,True,False,False
WBCIC,27|S1|T134,27,0,1.0,0.5388046673705348,1,1.0,0.0,0.0,0.0,False,False,False
WBCIC,27|S1|T135,27,1,0.0,0.3480861748023208,0,1.0,0.0,0.0,0.0,False,False,False
WBCIC,27|S1|T136,27,0,0.33333333333333326,0.433987379457488,0,1.0,0.0,0.0,0.0,False,False,False
WBCIC,27|S1|T137,27,0,0.0,0.375983135057336,0,1.0,0.0,0.0,0.0,False,False,False
WBCIC,27|S1|T138,27,0,0.0,0.26913783461049734,0,1.0,0.0,0.0,0.0,True,False,False
WBCIC,27|S1|T139,27,0,0.0,0.37679672412372534,0,1.0,0.0,0.0,0.0,False,False,False
WBCIC,27|S1|T14,27,0,1.0,0.5537552249413958,1,1.0,0.0,0.0,0.0,False,False,False
WBCIC,27|S1|T140,27,0,0.33333333333333326,0.39151247578592113,0,1.0,0.0,0.0,0.0,False,False,False
WBCIC,27|S1|T141,27,1,0.0,0.7131964440867041,1,1.0,0.0,0.0,0.0,True,False,False
WBCIC,27|S1|T142,27,0,1.0,0.5976394764268852,1,0.5174329563601943,0.0,0.48256704363980574,0.48256704363980574,False,False,False
WBCIC,27|S1|T143,27,1,0.33333333333333326,0.4110039523710725,0,1.0,0.0,0.0,0.0,False,False,False
WBCIC,27|S1|T144,27,0,0.6666666666666666,0.4623166794816324,0,1.0,0.0,0.0,0.0,False,False,False
WBCIC,27|S1|T145,27,0,0.0,0.26599815688950473,0,1.0,0.0,0.0,0.0,True,False,False
WBCIC,27|S1|T146,27,1,0.0,0.29563361159600965,0,1.0,0.0,0.0,0.0,True,False,False
WBCIC,27|S1|T147,27,0,1.0,0.6165090561995301,1,1.0,0.0,0.0,0.0,False,False,False
WBCIC,27|S1|T148,27,1,0.0,0.24339024490541963,0,1.0,0.0,0.0,0.0,True,False,False
WBCIC,27|S1|T149,27,0,0.0,0.3435126184321409,0,1.0,0.0,0.0,0.0,False,False,False
WBCIC,27|S1|T15,27,0,0.0,0.3119267790414732,0,1.0,0.0,0.0,0.0,False,False,False
WBCIC,27|S1|T150,27,1,0.0,0.35386377696802745,0,1.0,0.0,0.0,0.0,False,False,False
WBCIC,27|S1|T151,27,0,1.0,0.4789325231481254,0,1.0,0.0,0.0,0.0,False,False,False
WBCIC,27|S1|T152,27,0,1.0,0.6020133006017147,1,1.0,0.0,0.0,0.0,False,False,False
WBCIC,27|S1|T153,27,0,1.0,0.4605928865775373,0,1.0,0.0,0.0,0.0,False,False,False
WBCIC,27|S1|T154,27,0,0.6666666666666666,0.4419958892451827,0,1.0,0.0,0.0,0.0,False,False,False
WBCIC,27|S1|T155,27,1,0.33333333333333326,0.5908470520900596,1,1.0,0.0,0.0,0.0,False,False,False
WBCIC,27|S1|T156,27,1,0.0,0.2530849768629639,0,1.0,0.0,0.0,0.0,True,False,False
WBCIC,27|S1|T157,27,0,0.33333333333333326,0.41436996156676065,0,1.0,0.0,0.0,0.0,False,False,False
WBCIC,27|S1|T158,27,1,0.0,0.38408881201837525,0,1.0,0.0,0.0,0.0,False,False,False
WBCIC,27|S1|T159,27,1,1.0,0.5256446123683728,1,0.5122701246234975,0.0,0.4877298753765025,0.4877298753765025,False,False,False
WBCIC,27|S1|T16,27,1,0.33333333333333326,0.4545169022201992,0,1.0,0.0,0.0,0.0,False,False,False
WBCIC,27|S1|T160,27,0,0.0,0.3035418222404161,0,1.0,0.0,0.0,0.0,False,False,False
WBCIC,27|S1|T161,27,0,0.0,0.23131591305888743,0,1.0,0.0,0.0,0.0,True,False,False
WBCIC,27|S1|T162,27,0,0.0,0.42958243721658956,0,1.0,0.0,0.0,0.0,False,False,False
WBCIC,27|S1|T163,27,1,1.0,0.4628938601291706,0,1.0,0.0,0.0,0.0,False,False,False
WBCIC,27|S1|T164,27,0,1.0,0.5387750836389729,1,1.0,0.0,0.0,0.0,False,False,False
WBCIC,27|S1|T165,27,0,0.0,0.3729743323127403,0,1.0,0.0,0.0,0.0,False,False,False
WBCIC,27|S1|T166,27,1,0.33333333333333326,0.4549323408235741,0,1.0,0.0,0.0,0.0,False,False,False
WBCIC,27|S1|T167,27,1,0.0,0.3204502395676136,0,1.0,0.0,0.0,0.0,False,False,False
WBCIC,27|S1|T168,27,1,0.0,0.21175963266432393,0,1.0,0.0,0.0,0.0,True,False,False
WBCIC,27|S1|T169,27,1,0.0,0.9384582767253473,1,1.0,0.0,0.0,0.0,True,False,False
WBCIC,27|S1|T17,27,0,0.33333333333333326,0.3880343752636944,0,1.0,0.0,0.0,0.0,False,False,False
WBCIC,27|S1|T170,27,0,0.0,0.3814538483809338,0,1.0,0.0,0.0,0.0,False,False,False
WBCIC,27|S1|T171,27,1,0.33333333333333326,0.4425608976840781,0,1.0,0.0,0.0,0.0,False,False,False
WBCIC,27|S1|T172,27,1,0.6666666666666666,0.46811408627589196,0,1.0,0.0,0.0,0.0,False,False,False
WBCIC,27|S1|T173,27,0,0.0,0.3803887119015554,0,1.0,0.0,0.0,0.0,False,False,False
WBCIC,27|S1|T174,27,1,0.6666666666666667,0.5354538161052401,1,1.0,0.0,0.0,0.0,False,False,False
WBCIC,27|S1|T175,27,1,0.6666666666666666,0.47544346896101675,0,1.0,0.0,0.0,0.0,False,False,False
WBCIC,27|S1|T176,27,0,0.0,0.26697526000151184,0,1.0,0.0,0.0,0.0,True,False,False
WBCIC,27|S1|T177,27,1,0.0,0.3110555027390096,0,1.0,0.0,0.0,0.0,False,False,False
WBCIC,27|S1|T178,27,1,0.0,0.336417191056688,0,1.0,0.0,0.0,0.0,False,False,False
WBCIC,27|S1|T179,27,1,0.0,0.651406520262264,1,1.0,0.0,0.0,0.0,False,False,False
WBCIC,27|S1|T18,27,1,0.33333333333333326,0.37806151772714486,0,1.0,0.0,0.0,0.0,False,False,False
WBCIC,27|S1|T180,27,0,0.0,0.2725526530179818,0,1.0,0.0,0.0,0.0,True,False,False
WBCIC,27|S1|T181,27,0,1.0,0.5789654869040507,1,1.0,0.0,0.0,0.0,False,False,False
WBCIC,27|S1|T182,27,0,1.0,0.5194039092927832,1,1.0,0.0,0.0,0.0,False,False,False
WBCIC,27|S1|T183,27,1,0.0,0.3321089566571294,0,1.0,0.0,0.0,0.0,False,False,False
WBCIC,27|S1|T184,27,1,0.33333333333333326,0.7139515427668673,1,1.0,0.0,0.0,0.0,False,False,False
WBCIC,27|S1|T185,27,1,0.0,0.2981966962196544,0,1.0,0.0,0.0,0.0,True,False,False
WBCIC,27|S1|T186,27,1,0.0,0.32568879344086504,0,1.0,0.0,0.0,0.0,False,False,False
WBCIC,27|S1|T187,27,1,0.0,0.40409789899882353,0,1.0,0.0,0.0,0.0,False,False,False
WBCIC,27|S1|T188,27,1,0.6666666666666666,0.5157805931153444,1,1.0,0.0,0.0,0.0,False,False,False
WBCIC,27|S1|T189,27,0,0.0,0.36829817273342474,0,1.0,0.0,0.0,0.0,False,False,False
WBCIC,27|S1|T19,27,1,0.33333333333333326,0.6557946137423752,1,1.0,0.0,0.0,0.0,False,False,False
WBCIC,27|S1|T190,27,0,0.0,0.382969825461495,0,1.0,0.0,0.0,0.0,False,False,False
WBCIC,27|S1|T191,27,0,0.6666666666666667,0.6372093567104004,1,1.0,0.0,0.0,0.0,False,False,False
WBCIC,27|S1|T192,27,1,1.0,0.5432182361429095,1,1.0,0.0,0.0,0.0,False,False,False
WBCIC,27|S1|T193,27,0,0.0,0.2627959201412177,0,1.0,0.0,0.0,0.0,True,False,False
WBCIC,27|S1|T194,27,0,0.0,0.31185198617705806,0,1.0,0.0,0.0,0.0,False,False,False
WBCIC,27|S1|T195,27,0,1.0,0.642001628374545,1,1.0,0.0,0.0,0.0,False,False,False
WBCIC,27|S1|T196,27,0,0.33333333333333326,0.4117434126817288,0,1.0,0.0,0.0,0.0,False,False,False
WBCIC,27|S1|T197,27,0,1.0,0.5462113093863613,1,1.0,0.0,0.0,0.0,False,False,False
WBCIC,27|S1|T198,27,1,0.33333333333333326,0.403222416428262,0,1.0,0.0,0.0,0.0,False,False,False
WBCIC,27|S1|T199,27,0,0.0,0.23956689575515863,0,1.0,0.0,0.0,0.0,True,False,False
WBCIC,27|S1|T2,27,1,0.33333333333333326,0.654528890897887,1,1.0,0.0,0.0,0.0,False,False,False
WBCIC,27|S1|T20,27,1,0.0,0.8674909000871452,1,1.0,0.0,0.0,0.0,True,False,False
WBCIC,27|S1|T21,27,0,0.33333333333333326,0.6726335851316396,1,0.7666661139738907,0.0,0.23333388602610927,0.23333388602610927,False,False,False
WBCIC,27|S1|T22,27,1,0.0,0.6637578314360578,1,1.0,0.0,0.0,0.0,False,False,False
WBCIC,27|S1|T23,27,0,0.6666666666666666,0.40826669359671913,0,1.0,0.0,0.0,0.0,False,False,False
WBCIC,27|S1|T24,27,0,1.0,0.4904900204588027,0,1.0,0.0,0.0,0.0,False,False,False
WBCIC,27|S1|T25,27,0,0.33333333333333326,0.40675159743702816,0,1.0,0.0,0.0,0.0,False,False,False
WBCIC,27|S1|T26,27,0,1.0,0.5272185730529118,1,1.0,0.0,0.0,0.0,False,False,False
WBCIC,27|S1|T27,27,1,0.0,0.8932450589097719,1,1.0,0.0,0.0,0.0,True,False,False
WBCIC,27|S1|T28,27,1,0.33333333333333326,0.41005763554853186,0,1.0,0.0,0.0,0.0,False,False,False
WBCIC,27|S1|T29,27,0,0.33333333333333326,0.3883129596459443,0,1.0,0.0,0.0,0.0,False,False,False
WBCIC,27|S1|T3,27,1,0.0,0.30028418812600915,0,1.0,0.0,0.0,0.0,False,False,False
WBCIC,27|S1|T30,27,0,0.33333333333333326,0.41732037152865953,0,1.0,0.0,0.0,0.0,False,False,False
WBCIC,27|S1|T31,27,1,0.33333333333333326,0.43852783968346215,0,1.0,0.0,0.0,0.0,False,False,False
WBCIC,27|S1|T32,27,1,0.33333333333333326,0.4625009473801734,0,1.0,0.0,0.0,0.0,False,False,False
WBCIC,27|S1|T33,27,1,0.33333333333333326,0.3942391791043614,0,1.0,0.0,0.0,0.0,False,False,False
WBCIC,27|S1|T34,27,1,0.6666666666666666,0.5086407457544582,1,1.0,0.0,0.0,0.0,False,False,False
WBCIC,27|S1|T35,27,0,0.33333333333333326,0.41465511511207914,0,1.0,0.0,0.0,0.0,False,False,False
WBCIC,27|S1|T36,27,1,1.0,0.48969438458087783,0,1.0,0.0,0.0,0.0,False,False,False
WBCIC,27|S1|T37,27,1,0.33333333333333326,0.37179088463495114,0,0.7538757627472644,0.0,0.2461242372527356,0.2461242372527356,False,False,False
WBCIC,27|S1|T38,27,0,0.6666666666666666,0.48067963473045977,0,1.0,0.0,0.0,0.0,False,False,False
WBCIC,27|S1|T39,27,0,0.0,0.38346227299350866,0,1.0,0.0,0.0,0.0,False,False,False
WBCIC,27|S1|T4,27,0,0.0,0.3594370174480237,0,1.0,0.0,0.0,0.0,False,False,False
WBCIC,27|S1|T40,27,1,0.6666666666666667,0.6327793150551804,1,1.0,0.0,0.0,0.0,False,False,False
WBCIC,27|S1|T41,27,1,0.6666666666666666,0.40739480511915405,0,1.0,0.0,0.0,0.0,False,False,False
WBCIC,27|S1|T42,27,0,0.6666666666666666,0.4871422944765107,0,1.0,0.0,0.0,0.0,False,False,False
WBCIC,27|S1|T43,27,1,0.0,0.2671380893605415,0,1.0,0.0,0.0,0.0,True,False,False
WBCIC,27|S1|T44,27,0,1.0,0.615916817890398,1,0.33593381452363175,0.3339464465959801,0.3301197388803881,0.6640661854763682,False,False,False
WBCIC,27|S1|T45,27,1,0.0,0.29998280168576946,0,1.0,0.0,0.0,0.0,True,False,False
WBCIC,27|S1|T46,27,1,0.33333333333333326,0.4335316464389252,0,0.7536053655710557,0.0,0.24639463442894424,0.24639463442894424,False,False,False
WBCIC,27|S1|T47,27,1,0.6666666666666667,0.6372162689611762,1,0.653161935617519,0.34683806438248105,0.0,0.34683806438248105,False,False,False
WBCIC,27|S1|T48,27,1,1.0,0.43748484760354295,0,1.0,0.0,0.0,0.0,False,False,False
WBCIC,27|S1|T49,27,1,1.0,0.6127867862858162,1,1.0,0.0,0.0,0.0,False,False,False
WBCIC,27|S1|T5,27,0,0.0,0.3048588954060454,0,1.0,0.0,0.0,0.0,False,False,False
WBCIC,27|S1|T50,27,0,0.33333333333333326,0.5827199486967752,1,1.0,0.0,0.0,0.0,False,False,False
WBCIC,27|S1|T51,27,1,0.6666666666666666,0.46877745012933913,0,1.0,0.0,0.0,0.0,False,False,False
WBCIC,27|S1|T52,27,0,1.0,0.4853876175901917,0,1.0,0.0,0.0,0.0,False,False,False
WBCIC,27|S1|T53,27,1,0.33333333333333326,0.6885841211722865,1,1.0,0.0,0.0,0.0,False,False,False
WBCIC,27|S1|T54,27,0,1.0,0.5572585691568926,1,1.0,0.0,0.0,0.0,False,False,False
WBCIC,27|S1|T55,27,0,0.0,0.3080276451099493,0,1.0,0.0,0.0,0.0,False,False,False
WBCIC,27|S1|T56,27,1,0.0,0.19695933502836951,0,1.0,0.0,0.0,0.0,True,False,False
WBCIC,27|S1|T57,27,0,1.0,0.5204362192360041,1,0.5200299080988482,0.0,0.47997009190115186,0.47997009190115186,False,False,False
WBCIC,27|S1|T58,27,1,1.0,0.5668204998998131,1,1.0,0.0,0.0,0.0,False,False,False
WBCIC,27|S1|T59,27,0,0.0,0.42261638516692474,0,1.0,0.0,0.0,0.0,False,False,False
WBCIC,27|S1|T6,27,0,0.0,0.33792754387689006,0,1.0,0.0,0.0,0.0,False,False,False
WBCIC,27|S1|T60,27,1,0.33333333333333326,0.4240812284802619,0,1.0,0.0,0.0,0.0,False,False,False
WBCIC,27|S1|T61,27,0,0.6666666666666667,0.6986214079071522,1,0.6384189221436583,0.3615810778563417,0.0,0.3615810778563417,False,False,False
WBCIC,27|S1|T62,27,1,1.0,0.5533011192098952,1,1.0,0.0,0.0,0.0,False,False,False
WBCIC,27|S1|T63,27,0,0.0,0.3006843948825156,0,1.0,0.0,0.0,0.0,False,False,False
WBCIC,27|S1|T64,27,0,0.6666666666666666,0.5015415917187197,1,1.0,0.0,0.0,0.0,False,False,False
WBCIC,27|S1|T65,27,0,0.0,0.28350361201752133,0,1.0,0.0,0.0,0.0,True,False,False
WBCIC,27|S1|T66,27,1,0.0,0.2294366536265793,0,1.0,0.0,0.0,0.0,True,False,False
WBCIC,27|S1|T67,27,1,0.6666666666666667,0.5593822291971439,1,1.0,0.0,0.0,0.0,False,False,False
WBCIC,27|S1|T68,27,0,0.33333333333333326,0.43907865395882967,0,0.7694787151806314,0.23052128481936868,0.0,0.23052128481936868,False,False,False
WBCIC,27|S1|T69,27,0,0.33333333333333326,0.29036726571954635,0,1.0,0.0,0.0,0.0,False,False,False
WBCIC,27|S1|T7,27,1,0.6666666666666666,0.44292450056384175,0,1.0,0.0,0.0,0.0,False,False,False
WBCIC,27|S1|T70,27,1,0.6666666666666667,0.6780300834015097,1,1.0,0.0,0.0,0.0,False,False,False
WBCIC,27|S1|T71,27,0,0.33333333333333326,0.38736071629305263,0,1.0,0.0,0.0,0.0,False,False,False
WBCIC,27|S1|T72,27,1,0.6666666666666666,0.4779601915833791,0,1.0,0.0,0.0,0.0,False,False,False
WBCIC,27|S1|T73,27,0,0.0,0.35292840091895467,0,1.0,0.0,0.0,0.0,False,False,False
WBCIC,27|S1|T74,27,0,0.0,0.19585648608437922,0,1.0,0.0,0.0,0.0,True,False,False
WBCIC,27|S1|T75,27,0,1.0,0.4918424594934027,0,1.0,0.0,0.0,0.0,False,False,False
WBCIC,27|S1|T76,27,1,0.0,0.2831347535531552,0,1.0,0.0,0.0,0.0,True,False,False
WBCIC,27|S1|T77,27,1,0.0,0.43851800260281676,0,1.0,0.0,0.0,0.0,False,False,False
WBCIC,27|S1|T78,27,0,1.0,0.5527025034085872,1,1.0,0.0,0.0,0.0,False,False,False
WBCIC,27|S1|T79,27,0,0.0,0.4621644793807431,0,1.0,0.0,0.0,0.0,False,False,False
WBCIC,27|S1|T8,27,0,0.0,0.32327827691515665,0,1.0,0.0,0.0,0.0,False,False,False
WBCIC,27|S1|T80,27,0,1.0,0.6443798528419429,1,1.0,0.0,0.0,0.0,False,False,False
WBCIC,27|S1|T81,27,1,0.0,0.9466801478811547,1,1.0,0.0,0.0,0.0,True,False,False
WBCIC,27|S1|T82,27,1,0.0,0.2923169833492906,0,1.0,0.0,0.0,0.0,True,False,False
WBCIC,27|S1|T83,27,0,0.0,0.2706997998522816,0,1.0,0.0,0.0,0.0,True,False,False
WBCIC,27|S1|T84,27,0,1.0,0.6213319621150158,1,1.0,0.0,0.0,0.0,False,False,False
WBCIC,27|S1|T85,27,1,0.33333333333333326,0.3825190927031512,0,1.0,0.0,0.0,0.0,False,False,False
WBCIC,27|S1|T86,27,0,0.0,0.2687647940890918,0,1.0,0.0,0.0,0.0,True,False,False
WBCIC,27|S1|T87,27,1,0.6666666666666666,0.5232955595441592,1,1.0,0.0,0.0,0.0,False,False,False
WBCIC,27|S1|T88,27,0,1.0,0.5179710784580777,1,1.0,0.0,0.0,0.0,False,False,False
WBCIC,27|S1|T89,27,0,0.0,0.3766139036590202,0,1.0,0.0,0.0,0.0,False,False,False
WBCIC,27|S1|T9,27,1,0.33333333333333326,0.39926963278885125,0,1.0,0.0,0.0,0.0,False,False,False
WBCIC,27|S1|T90,27,0,0.0,0.37462288606522764,0,1.0,0.0,0.0,0.0,False,False,False
WBCIC,27|S1|T91,27,1,0.6666666666666666,0.4089990702184035,0,1.0,0.0,0.0,0.0,False,False,False
WBCIC,27|S1|T92,27,0,0.0,0.36666190551347516,0,1.0,0.0,0.0,0.0,False,False,False
WBCIC,27|S1|T93,27,0,0.0,0.3417659008527773,0,1.0,0.0,0.0,0.0,False,False,False
WBCIC,27|S1|T94,27,1,0.0,0.3768039201142703,0,1.0,0.0,0.0,0.0,False,False,False
WBCIC,27|S1|T95,27,0,0.33333333333333326,0.6859591890408105,1,1.0,0.0,0.0,0.0,False,False,False
WBCIC,27|S1|T96,27,1,1.0,0.5052709208282664,1,0.5131314266419358,0.0,0.48686857335806427,0.48686857335806427,False,False,False
WBCIC,27|S1|T97,27,0,0.0,0.30964742575310283,0,1.0,0.0,0.0,0.0,False,False,False
WBCIC,27|S1|T98,27,0,0.6666666666666666,0.4834987614007568,0,1.0,0.0,0.0,0.0,False,False,False
WBCIC,27|S1|T99,27,1,0.33333333333333326,0.47410844510119976,0,0.7510817603689903,0.0,0.24891823963100967,0.24891823963100967,False,False,False
WBCIC,28|S1|T0,28,1,0.0,0.8073555899741066,1,1.0,0.0,0.0,0.0,True,False,False
WBCIC,28|S1|T1,28,0,0.6666666666666666,0.4894591788229834,0,1.0,0.0,0.0,0.0,False,False,False
WBCIC,28|S1|T10,28,0,0.33333333333333326,0.6056303560247651,1,1.0,0.0,0.0,0.0,False,False,False
WBCIC,28|S1|T100,28,1,0.0,0.6948181944970097,1,1.0,0.0,0.0,0.0,False,False,False
WBCIC,28|S1|T101,28,0,0.0,0.31206505662424183,0,1.0,0.0,0.0,0.0,False,False,False
WBCIC,28|S1|T102,28,1,0.0,0.39012229606431204,0,1.0,0.0,0.0,0.0,False,False,False
WBCIC,28|S1|T103,28,1,0.0,0.27259757054195827,0,1.0,0.0,0.0,0.0,True,False,False
WBCIC,28|S1|T104,28,0,0.33333333333333326,0.6582835498828108,1,1.0,0.0,0.0,0.0,False,False,False
WBCIC,28|S1|T105,28,1,0.0,0.7777435329966945,1,1.0,0.0,0.0,0.0,True,False,False
WBCIC,28|S1|T106,28,1,0.6666666666666667,0.7284627414930975,1,1.0,0.0,0.0,0.0,False,False,False
WBCIC,28|S1|T107,28,1,0.6666666666666667,0.6139877734503042,1,1.0,0.0,0.0,0.0,False,False,False
WBCIC,28|S1|T108,28,1,0.33333333333333326,0.38274085158015997,0,1.0,0.0,0.0,0.0,False,False,False
WBCIC,28|S1|T109,28,1,0.0,0.17918293002002517,0,1.0,0.0,0.0,0.0,True,False,False
WBCIC,28|S1|T11,28,0,0.33333333333333326,0.40619876808562294,0,1.0,0.0,0.0,0.0,False,False,False
WBCIC,28|S1|T110,28,0,0.33333333333333326,0.43476613828619565,0,1.0,0.0,0.0,0.0,False,False,False
WBCIC,28|S1|T111,28,1,0.0,0.777621858594192,1,1.0,0.0,0.0,0.0,True,False,False
WBCIC,28|S1|T112,28,1,0.6666666666666666,0.42926082580882197,0,1.0,0.0,0.0,0.0,False,False,False
WBCIC,28|S1|T113,28,0,0.0,0.3149903703349103,0,1.0,0.0,0.0,0.0,False,False,False
WBCIC,28|S1|T114,28,0,0.33333333333333326,0.3878815122050805,0,1.0,0.0,0.0,0.0,False,False,False
WBCIC,28|S1|T115,28,0,0.33333333333333326,0.4439850244492598,0,1.0,0.0,0.0,0.0,False,False,False
WBCIC,28|S1|T116,28,1,0.0,0.7032391403533987,1,1.0,0.0,0.0,0.0,True,False,False
WBCIC,28|S1|T117,28,0,0.0,0.27416793456171135,0,1.0,0.0,0.0,0.0,True,False,False
WBCIC,28|S1|T118,28,1,0.33333333333333326,0.703639679453634,1,0.7667703096624492,0.0,0.2332296903375508,0.2332296903375508,False,False,False
WBCIC,28|S1|T119,28,0,0.33333333333333326,0.5040183685889366,1,1.0,0.0,0.0,0.0,False,False,False
WBCIC,28|S1|T12,28,0,0.0,0.2357570120017,0,1.0,0.0,0.0,0.0,True,False,False
WBCIC,28|S1|T120,28,1,0.0,0.8048543514146528,1,1.0,0.0,0.0,0.0,True,False,False
WBCIC,28|S1|T121,28,1,0.0,0.2556132793903238,0,1.0,0.0,0.0,0.0,True,False,False
WBCIC,28|S1|T122,28,0,1.0,0.6691030624490192,1,1.0,0.0,0.0,0.0,False,False,False
WBCIC,28|S1|T123,28,1,0.0,0.7669437014169683,1,1.0,0.0,0.0,0.0,True,False,False
WBCIC,28|S1|T124,28,1,0.0,0.7964597816451046,1,1.0,0.0,0.0,0.0,True,False,False
WBCIC,28|S1|T125,28,0,0.6666666666666666,0.4342257354902313,0,1.0,0.0,0.0,0.0,False,False,False
WBCIC,28|S1|T126,28,0,0.0,0.28198254920868593,0,1.0,0.0,0.0,0.0,True,False,False
WBCIC,28|S1|T127,28,0,1.0,0.4004474979418673,0,0.5184501150575815,0.0,0.48154988494241846,0.48154988494241846,False,False,False
WBCIC,28|S1|T128,28,0,0.6666666666666667,0.624785967277859,1,1.0,0.0,0.0,0.0,False,False,False
WBCIC,28|S1|T129,28,1,0.0,0.7046713715033057,1,1.0,0.0,0.0,0.0,True,False,False
WBCIC,28|S1|T13,28,0,0.0,0.30545256460204967,0,1.0,0.0,0.0,0.0,False,False,False
WBCIC,28|S1|T130,28,1,0.0,0.7773301297638672,1,1.0,0.0,0.0,0.0,True,False,False
WBCIC,28|S1|T131,28,1,0.0,0.7554757398774954,1,1.0,0.0,0.0,0.0,True,False,False
WBCIC,28|S1|T132,28,1,0.33333333333333326,0.6666183386516338,1,0.7717572063259049,0.0,0.22824279367409508,0.22824279367409508,False,False,False
WBCIC,28|S1|T133,28,0,0.0,0.21044081920521163,0,1.0,0.0,0.0,0.0,True,False,False
WBCIC,28|S1|T134,28,0,1.0,0.5868411589449731,1,0.5294579420358585,0.47054205796414145,0.0,0.47054205796414145,False,False,False
WBCIC,28|S1|T135,28,1,1.0,0.4959602200423389,0,0.5166150525342393,0.48338494746576066,0.0,0.48338494746576066,False,False,False
WBCIC,28|S1|T136,28,0,1.0,0.5117576383604802,1,0.5181785787318839,0.4818214212681161,0.0,0.4818214212681161,False,False,False
WBCIC,28|S1|T137,28,0,1.0,0.5058804571139143,1,1.0,0.0,0.0,0.0,False,False,False
WBCIC,28|S1|T138,28,1,0.33333333333333326,0.6785742808228861,1,1.0,0.0,0.0,0.0,False,False,False
WBCIC,28|S1|T139,28,0,0.6666666666666667,0.5704427493255604,1,1.0,0.0,0.0,0.0,False,False,False
WBCIC,28|S1|T14,28,0,0.0,0.4019907644544562,0,1.0,0.0,0.0,0.0,False,False,False
WBCIC,28|S1|T140,28,1,0.0,0.848981869117551,1,1.0,0.0,0.0,0.0,True,False,False
WBCIC,28|S1|T141,28,1,1.0,0.6181271131174104,1,1.0,0.0,0.0,0.0,False,False,False
WBCIC,28|S1|T142,28,1,1.0,0.5130149826655952,1,1.0,0.0,0.0,0.0,False,False,False
WBCIC,28|S1|T143,28,1,0.33333333333333326,0.6707890813228964,1,1.0,0.0,0.0,0.0,False,False,False
WBCIC,28|S1|T144,28,0,0.0,0.18836172786705552,0,1.0,0.0,0.0,0.0,True,False,False
WBCIC,28|S1|T145,28,0,0.33333333333333326,0.5887117572532278,1,0.7734615969846425,0.22653840301535755,0.0,0.22653840301535755,False,False,False
WBCIC,28|S1|T146,28,0,0.6666666666666666,0.444892198806033,0,1.0,0.0,0.0,0.0,False,False,False
WBCIC,28|S1|T147,28,0,0.0,0.33495693635671353,0,1.0,0.0,0.0,0.0,False,False,False
WBCIC,28|S1|T148,28,0,0.33333333333333326,0.4670692366781433,0,1.0,0.0,0.0,0.0,False,False,False
WBCIC,28|S1|T149,28,0,0.6666666666666666,0.4543713525542507,0,1.0,0.0,0.0,0.0,False,False,False
WBCIC,28|S1|T15,28,1,0.6666666666666667,0.602578200783518,1,1.0,0.0,0.0,0.0,False,False,False
WBCIC,28|S1|T150,28,1,1.0,0.6789657576017735,1,1.0,0.0,0.0,0.0,False,False,False
WBCIC,28|S1|T151,28,1,0.33333333333333326,0.43013253632403115,0,1.0,0.0,0.0,0.0,False,False,False
WBCIC,28|S1|T152,28,1,0.33333333333333326,0.6669510904503398,1,1.0,0.0,0.0,0.0,False,False,False
WBCIC,28|S1|T153,28,0,1.0,0.5086171747611196,1,1.0,0.0,0.0,0.0,False,False,False
WBCIC,28|S1|T154,28,1,0.0,0.7892130662819897,1,1.0,0.0,0.0,0.0,True,False,False
WBCIC,28|S1|T155,28,0,0.0,0.13908352718831307,0,1.0,0.0,0.0,0.0,True,False,False
WBCIC,28|S1|T156,28,1,0.0,0.7587757270978338,1,1.0,0.0,0.0,0.0,True,False,False
WBCIC,28|S1|T157,28,0,0.0,0.2510446580775584,0,1.0,0.0,0.0,0.0,True,False,False
WBCIC,28|S1|T158,28,1,0.0,0.36775393561877406,0,1.0,0.0,0.0,0.0,False,False,False
WBCIC,28|S1|T159,28,0,0.33333333333333326,0.3873177417920897,0,1.0,0.0,0.0,0.0,False,False,False
WBCIC,28|S1|T16,28,0,1.0,0.4981870236634006,0,0.5406999663253165,0.0,0.4593000336746835,0.4593000336746835,False,False,False
WBCIC,28|S1|T160,28,1,0.0,0.8347953437060673,1,1.0,0.0,0.0,0.0,True,False,False
WBCIC,28|S1|T161,28,0,0.0,0.3842817122475843,0,1.0,0.0,0.0,0.0,False,False,False
WBCIC,28|S1|T162,28,0,0.0,0.32241505374510065,0,1.0,0.0,0.0,0.0,False,False,False
WBCIC,28|S1|T163,28,0,0.0,0.23768373677087787,0,1.0,0.0,0.0,0.0,True,False,False
WBCIC,28|S1|T164,28,1,0.33333333333333326,0.7409001053505216,1,1.0,0.0,0.0,0.0,False,False,False
WBCIC,28|S1|T165,28,0,1.0,0.4940201849837481,0,0.37073497088953766,0.310882816042984,0.3183822130674783,0.6292650291104623,False,True,False
WBCIC,28|S1|T166,28,0,0.33333333333333326,0.4044264931977713,0,1.0,0.0,0.0,0.0,False,False,False
WBCIC,28|S1|T167,28,1,0.33333333333333326,0.6979832727639841,1,0.7673675134741647,0.0,0.2326324865258354,0.2326324865258354,False,False,False
WBCIC,28|S1|T168,28,1,0.0,0.7469187658502875,1,1.0,0.0,0.0,0.0,True,False,False
WBCIC,28|S1|T169,28,0,0.0,0.39786499842388906,0,1.0,0.0,0.0,0.0,False,False,False
WBCIC,28|S1|T17,28,1,0.6666666666666667,0.6520249757306626,1,0.6474026133988589,0.0,0.3525973866011411,0.3525973866011411,False,False,False
WBCIC,28|S1|T170,28,1,0.6666666666666667,0.6605333315701138,1,0.6473393718891997,0.0,0.3526606281108003,0.3526606281108003,False,False,False
WBCIC,28|S1|T171,28,1,0.6666666666666666,0.4648038403380675,0,1.0,0.0,0.0,0.0,False,False,False
WBCIC,28|S1|T172,28,1,0.0,0.677227050411242,1,1.0,0.0,0.0,0.0,False,False,False
WBCIC,28|S1|T173,28,1,0.0,0.6956800549420875,1,1.0,0.0,0.0,0.0,False,False,False
WBCIC,28|S1|T174,28,1,0.6666666666666666,0.4758829904159336,0,1.0,0.0,0.0,0.0,False,False,False
WBCIC,28|S1|T175,28,1,0.0,0.6996935016861032,1,1.0,0.0,0.0,0.0,False,False,False
WBCIC,28|S1|T176,28,1,0.33333333333333326,0.7328948820829321,1,1.0,0.0,0.0,0.0,False,False,False
WBCIC,28|S1|T177,28,0,0.0,0.31387094052472203,0,1.0,0.0,0.0,0.0,False,False,False
WBCIC,28|S1|T178,28,0,0.0,0.3297937609443422,0,1.0,0.0,0.0,0.0,False,False,False
WBCIC,28|S1|T179,28,0,0.6666666666666667,0.6547120512445668,1,1.0,0.0,0.0,0.0,False,False,False
WBCIC,28|S1|T18,28,0,0.33333333333333326,0.3687370320149144,0,1.0,0.0,0.0,0.0,False,False,False
WBCIC,28|S1|T180,28,0,0.0,0.3896840820366083,0,1.0,0.0,0.0,0.0,False,False,False
WBCIC,28|S1|T181,28,0,0.6666666666666667,0.5807518147798351,1,0.643014664678871,0.0,0.356985335321129,0.356985335321129,False,False,False
WBCIC,28|S1|T182,28,1,0.6666666666666667,0.6055515056361974,1,1.0,0.0,0.0,0.0,False,False,False
WBCIC,28|S1|T183,28,1,0.0,0.6317598837194658,1,1.0,0.0,0.0,0.0,False,False,False
WBCIC,28|S1|T184,28,0,0.33333333333333326,0.3726420781900865,0,1.0,0.0,0.0,0.0,False,False,False
WBCIC,28|S1|T185,28,1,0.0,0.7607591911013905,1,1.0,0.0,0.0,0.0,True,False,False
WBCIC,28|S1|T186,28,0,0.33333333333333326,0.5973884847009209,1,1.0,0.0,0.0,0.0,False,False,False
WBCIC,28|S1|T187,28,1,0.33333333333333326,0.6976935046877001,1,0.7643546942606401,0.0,0.23564530573935988,0.23564530573935988,False,False,False
WBCIC,28|S1|T188,28,0,0.33333333333333326,0.3837229703197858,0,1.0,0.0,0.0,0.0,False,False,False
WBCIC,28|S1|T189,28,0,0.0,0.2920888748529647,0,1.0,0.0,0.0,0.0,True,False,False
WBCIC,28|S1|T19,28,1,0.6666666666666666,0.4543938075682248,0,1.0,0.0,0.0,0.0,False,False,False
WBCIC,28|S1|T190,28,0,0.6666666666666666,0.42749810300807173,0,1.0,0.0,0.0,0.0,False,False,False
WBCIC,28|S1|T191,28,0,0.0,0.21839661773378316,0,1.0,0.0,0.0,0.0,True,False,False
WBCIC,28|S1|T192,28,1,0.0,0.7148309444167987,1,1.0,0.0,0.0,0.0,True,False,False
WBCIC,28|S1|T193,28,0,1.0,0.5617376795657727,1,0.37283949174998676,0.32324750194691126,0.303913006303102,0.6271605082500132,False,False,False
WBCIC,28|S1|T194,28,0,0.6666666666666666,0.5059282186318075,1,0.6574114301495217,0.0,0.34258856985047825,0.34258856985047825,False,False,True
WBCIC,28|S1|T195,28,1,0.6666666666666667,0.5614923212988375,1,1.0,0.0,0.0,0.0,False,False,False
WBCIC,28|S1|T196,28,1,0.0,0.7893687249694575,1,1.0,0.0,0.0,0.0,True,False,False
WBCIC,28|S1|T197,28,1,0.33333333333333326,0.6460771589214174,1,1.0,0.0,0.0,0.0,False,False,False
WBCIC,28|S1|T198,28,1,0.0,0.7701518801871252,1,1.0,0.0,0.0,0.0,True,False,False
WBCIC,28|S1|T199,28,0,0.0,0.21260928775420937,0,1.0,0.0,0.0,0.0,True,False,False
WBCIC,28|S1|T2,28,0,0.0,0.6930048496880822,1,1.0,0.0,0.0,0.0,False,False,False
WBCIC,28|S1|T20,28,0,0.0,0.2849615109691015,0,1.0,0.0,0.0,0.0,True,False,False
WBCIC,28|S1|T21,28,1,1.0,0.6163392544960564,1,0.5177916851631776,0.48220831483682236,0.0,0.48220831483682236,False,False,False
WBCIC,28|S1|T22,28,0,0.0,0.3828980742434141,0,1.0,0.0,0.0,0.0,False,False,False
WBCIC,28|S1|T23,28,1,0.33333333333333326,0.7497550797681195,1,1.0,0.0,0.0,0.0,False,False,False
WBCIC,28|S1|T24,28,0,0.0,0.1343262611419753,0,1.0,0.0,0.0,0.0,True,False,False
WBCIC,28|S1|T25,28,1,0.0,0.8032397046352281,1,1.0,0.0,0.0,0.0,True,False,False
WBCIC,28|S1|T26,28,1,0.0,0.7853375885383818,1,1.0,0.0,0.0,0.0,True,False,False
WBCIC,28|S1|T27,28,0,0.0,0.2789036566415965,0,1.0,0.0,0.0,0.0,True,False,False
WBCIC,28|S1|T28,28,1,0.0,0.6667506071819892,1,1.0,0.0,0.0,0.0,False,False,False
WBCIC,28|S1|T29,28,1,0.0,0.7250158729418787,1,1.0,0.0,0.0,0.0,True,False,False
WBCIC,28|S1|T3,28,1,0.0,0.8408587032638147,1,1.0,0.0,0.0,0.0,True,False,False
WBCIC,28|S1|T30,28,0,0.0,0.10045723551059978,0,1.0,0.0,0.0,0.0,True,False,False
WBCIC,28|S1|T31,28,0,0.6666666666666667,0.6395996015142434,1,1.0,0.0,0.0,0.0,False,False,False
WBCIC,28|S1|T32,28,0,0.0,0.16281693781205211,0,1.0,0.0,0.0,0.0,True,False,False
WBCIC,28|S1|T33,28,1,0.0,0.6144160810627275,1,1.0,0.0,0.0,0.0,False,False,False
WBCIC,28|S1|T34,28,1,0.0,0.8577767583153005,1,1.0,0.0,0.0,0.0,True,False,False
WBCIC,28|S1|T35,28,1,0.0,0.6313173283321165,1,1.0,0.0,0.0,0.0,False,False,False
WBCIC,28|S1|T36,28,0,1.0,0.5462335649836136,1,0.5180176726562844,0.48198232734371566,0.0,0.48198232734371566,False,False,False
WBCIC,28|S1|T37,28,1,1.0,0.5485413425514835,1,1.0,0.0,0.0,0.0,False,False,False
WBCIC,28|S1|T38,28,1,0.0,0.26584045201505674,0,1.0,0.0,0.0,0.0,True,False,False
WBCIC,28|S1|T39,28,1,0.33333333333333326,0.5962628364121074,1,1.0,0.0,0.0,0.0,False,False,False
WBCIC,28|S1|T4,28,1,1.0,0.6901125172583528,1,1.0,0.0,0.0,0.0,False,False,False
WBCIC,28|S1|T40,28,1,0.0,0.839552557391747,1,1.0,0.0,0.0,0.0,True,False,False
WBCIC,28|S1|T41,28,1,0.0,0.20063623843934894,0,1.0,0.0,0.0,0.0,True,False,False
WBCIC,28|S1|T42,28,1,0.0,0.8179943712691435,1,1.0,0.0,0.0,0.0,True,False,False
WBCIC,28|S1|T43,28,0,0.0,0.338127345273524,0,1.0,0.0,0.0,0.0,False,False,False
WBCIC,28|S1|T44,28,0,0.0,0.2608726271338417,0,1.0,0.0,0.0,0.0,True,False,False
WBCIC,28|S1|T45,28,1,0.0,0.3134367540662268,0,1.0,0.0,0.0,0.0,False,False,False
WBCIC,28|S1|T46,28,1,0.33333333333333326,0.7464422442492435,1,1.0,0.0,0.0,0.0,False,False,False
WBCIC,28|S1|T47,28,0,1.0,0.5437439664918409,1,0.5235991867348282,0.0,0.47640081326517175,0.47640081326517175,False,False,False
WBCIC,28|S1|T48,28,1,1.0,0.5618864118648427,1,1.0,0.0,0.0,0.0,False,False,False
WBCIC,28|S1|T49,28,0,0.6666666666666667,0.5245554854400537,1,1.0,0.0,0.0,0.0,False,False,False
WBCIC,28|S1|T5,28,0,0.6666666666666666,0.4551905774646712,0,0.6375584404169885,0.0,0.36244155958301144,0.36244155958301144,False,False,False
WBCIC,28|S1|T50,28,0,0.0,0.4123674987216949,0,1.0,0.0,0.0,0.0,False,False,False
WBCIC,28|S1|T51,28,1,1.0,0.6926831249956663,1,1.0,0.0,0.0,0.0,False,False,False
WBCIC,28|S1|T52,28,1,1.0,0.5185766445021358,1,0.5284804707732135,0.0,0.47151952922678647,0.47151952922678647,False,True,False
WBCIC,28|S1|T53,28,0,0.0,0.307794083227744,0,1.0,0.0,0.0,0.0,False,False,False
WBCIC,28|S1|T54,28,1,0.0,0.42207890382198365,0,1.0,0.0,0.0,0.0,False,False,False
WBCIC,28|S1|T55,28,1,0.33333333333333326,0.70264196127125,1,0.7598640915570378,0.0,0.24013590844296226,0.24013590844296226,False,False,False
WBCIC,28|S1|T56,28,0,0.0,0.09797802181739688,0,1.0,0.0,0.0,0.0,True,False,False
WBCIC,28|S1|T57,28,1,0.0,0.7738671296546116,1,1.0,0.0,0.0,0.0,True,False,False
WBCIC,28|S1|T58,28,0,1.0,0.4518324662676628,0,0.34317031502723694,0.3248671591281891,0.331962525844574,0.6568296849727631,False,False,False
WBCIC,28|S1|T59,28,0,1.0,0.4935263546984015,0,1.0,0.0,0.0,0.0,False,False,False
WBCIC,28|S1|T6,28,0,0.0,0.19798193250104643,0,1.0,0.0,0.0,0.0,True,False,False
WBCIC,28|S1|T60,28,1,0.33333333333333326,0.3515523847546864,0,0.7733705412026675,0.0,0.22662945879733257,0.22662945879733257,False,False,False
WBCIC,28|S1|T61,28,1,1.0,0.6326511630699487,1,0.5339638823425905,0.0,0.4660361176574095,0.4660361176574095,False,False,False
WBCIC,28|S1|T62,28,0,1.0,0.521428903107687,1,0.5279129762206891,0.0,0.4720870237793109,0.4720870237793109,False,False,False
WBCIC,28|S1|T63,28,0,0.0,0.3574555023379569,0,1.0,0.0,0.0,0.0,False,False,False
WBCIC,28|S1|T64,28,0,0.33333333333333326,0.36246484886896985,0,1.0,0.0,0.0,0.0,False,False,False
WBCIC,28|S1|T65,28,1,0.0,0.20102693632924903,0,1.0,0.0,0.0,0.0,True,False,False
WBCIC,28|S1|T66,28,1,0.0,0.3026103933619955,0,1.0,0.0,0.0,0.0,False,False,False
WBCIC,28|S1|T67,28,0,0.33333333333333326,0.30211360814634114,0,1.0,0.0,0.0,0.0,False,False,False
WBCIC,28|S1|T68,28,0,0.33333333333333326,0.36508517242216015,0,1.0,0.0,0.0,0.0,False,False,False
WBCIC,28|S1|T69,28,0,0.33333333333333326,0.3828881446879544,0,1.0,0.0,0.0,0.0,False,False,False
WBCIC,28|S1|T7,28,1,0.6666666666666667,0.6590609303159246,1,1.0,0.0,0.0,0.0,False,False,False
WBCIC,28|S1|T70,28,1,0.0,0.7507299167402638,1,1.0,0.0,0.0,0.0,True,False,False
WBCIC,28|S1|T71,28,1,0.33333333333333326,0.7116662548332239,1,1.0,0.0,0.0,0.0,False,False,False
WBCIC,28|S1|T72,28,0,1.0,0.5513607591710228,1,0.522388308113592,0.47761169188640795,0.0,0.47761169188640795,False,False,False
WBCIC,28|S1|T73,28,0,0.33333333333333326,0.34141634749468047,0,1.0,0.0,0.0,0.0,False,False,False
WBCIC,28|S1|T74,28,1,1.0,0.6392186292687645,1,1.0,0.0,0.0,0.0,False,False,False
WBCIC,28|S1|T75,28,1,0.0,0.7369863880489333,1,1.0,0.0,0.0,0.0,True,False,False
WBCIC,28|S1|T76,28,1,0.0,0.7362028370023475,1,1.0,0.0,0.0,0.0,True,False,False
WBCIC,28|S1|T77,28,0,0.6666666666666666,0.46511500748047546,0,1.0,0.0,0.0,0.0,False,False,False
WBCIC,28|S1|T78,28,0,0.0,0.20032687943899366,0,1.0,0.0,0.0,0.0,True,False,False
WBCIC,28|S1|T79,28,0,0.33333333333333326,0.33990301264626427,0,1.0,0.0,0.0,0.0,False,False,False
WBCIC,28|S1|T8,28,1,0.6666666666666667,0.6143249874797879,1,1.0,0.0,0.0,0.0,False,False,False
WBCIC,28|S1|T80,28,0,0.0,0.19048157145472966,0,1.0,0.0,0.0,0.0,True,False,False
WBCIC,28|S1|T81,28,1,0.0,0.6838125850035913,1,1.0,0.0,0.0,0.0,False,False,False
WBCIC,28|S1|T82,28,1,0.6666666666666666,0.5422881005689278,1,1.0,0.0,0.0,0.0,False,False,False
WBCIC,28|S1|T83,28,0,0.33333333333333326,0.4269863597341912,0,1.0,0.0,0.0,0.0,False,False,False
WBCIC,28|S1|T84,28,0,1.0,0.5317907778432667,1,1.0,0.0,0.0,0.0,False,False,False
WBCIC,28|S1|T85,28,0,0.33333333333333326,0.3624396268156747,0,1.0,0.0,0.0,0.0,False,False,False
WBCIC,28|S1|T86,28,1,0.0,0.7660825615348315,1,1.0,0.0,0.0,0.0,True,False,False
WBCIC,28|S1|T87,28,1,0.33333333333333326,0.7366490187865944,1,1.0,0.0,0.0,0.0,False,False,False
WBCIC,28|S1|T88,28,1,0.0,0.7550074298524673,1,1.0,0.0,0.0,0.0,True,False,False
WBCIC,28|S1|T89,28,0,0.0,0.2179989210417753,0,1.0,0.0,0.0,0.0,True,False,False
WBCIC,28|S1|T9,28,0,0.0,0.35852483851226985,0,1.0,0.0,0.0,0.0,False,False,False
WBCIC,28|S1|T90,28,1,0.0,0.7468077306868565,1,1.0,0.0,0.0,0.0,True,False,False
WBCIC,28|S1|T91,28,1,1.0,0.43027067694474486,0,1.0,0.0,0.0,0.0,False,False,False
WBCIC,28|S1|T92,28,0,0.0,0.3390222814120094,0,1.0,0.0,0.0,0.0,False,False,False
WBCIC,28|S1|T93,28,0,0.0,0.6539094331143183,1,1.0,0.0,0.0,0.0,False,False,False
WBCIC,28|S1|T94,28,1,0.33333333333333326,0.7889017308690045,1,1.0,0.0,0.0,0.0,False,False,False
WBCIC,28|S1|T95,28,0,0.6666666666666666,0.4253972962275068,0,1.0,0.0,0.0,0.0,False,False,False
WBCIC,28|S1|T96,28,0,0.6666666666666667,0.5838040224461594,1,1.0,0.0,0.0,0.0,False,False,False
WBCIC,28|S1|T97,28,0,0.0,0.14603728320221082,0,1.0,0.0,0.0,0.0,True,False,False
WBCIC,28|S1|T98,28,0,0.33333333333333326,0.3784193038913979,0,1.0,0.0,0.0,0.0,False,False,False
WBCIC,28|S1|T99,28,0,0.0,0.21988444614145422,0,1.0,0.0,0.0,0.0,True,False,False
WBCIC,29|S1|T0,29,1,0.6666666666666667,0.6002277503249926,1,1.0,0.0,0.0,0.0,False,False,False
WBCIC,29|S1|T1,29,1,0.0,0.36131709316884014,0,1.0,0.0,0.0,0.0,False,False,False
WBCIC,29|S1|T10,29,1,0.6666666666666667,0.7313228369306269,1,1.0,0.0,0.0,0.0,False,False,False
WBCIC,29|S1|T100,29,0,0.0,0.23470207611298113,0,1.0,0.0,0.0,0.0,True,False,False
WBCIC,29|S1|T101,29,1,0.0,0.2863333675909449,0,1.0,0.0,0.0,0.0,True,False,False
WBCIC,29|S1|T102,29,0,0.0,0.14602679844364894,0,1.0,0.0,0.0,0.0,True,False,False
WBCIC,29|S1|T103,29,0,0.0,0.11595500402331804,0,1.0,0.0,0.0,0.0,True,False,False
WBCIC,29|S1|T104,29,0,0.6666666666666667,0.6095752286084093,1,1.0,0.0,0.0,0.0,False,False,False
WBCIC,29|S1|T105,29,1,0.0,0.7671330545907638,1,1.0,0.0,0.0,0.0,True,False,False
WBCIC,29|S1|T106,29,0,0.0,0.3099788110155914,0,1.0,0.0,0.0,0.0,False,False,False
WBCIC,29|S1|T107,29,1,0.6666666666666666,0.4398907073369729,0,1.0,0.0,0.0,0.0,False,False,False
WBCIC,29|S1|T108,29,1,0.0,0.37022839692341475,0,1.0,0.0,0.0,0.0,False,False,False
WBCIC,29|S1|T109,29,1,1.0,0.4198367494656387,0,1.0,0.0,0.0,0.0,False,False,False
WBCIC,29|S1|T11,29,0,0.33333333333333326,0.2650083665134805,0,1.0,0.0,0.0,0.0,False,False,False
WBCIC,29|S1|T110,29,1,0.6666666666666667,0.6924818407857686,1,1.0,0.0,0.0,0.0,False,False,False
WBCIC,29|S1|T111,29,1,0.33333333333333326,0.5561239325899004,1,0.7530608377180512,0.0,0.24693916228194882,0.24693916228194882,False,False,False
WBCIC,29|S1|T112,29,0,0.0,0.13533034015870268,0,1.0,0.0,0.0,0.0,True,False,False
WBCIC,29|S1|T113,29,0,0.0,0.27865630065906993,0,1.0,0.0,0.0,0.0,True,False,False
WBCIC,29|S1|T114,29,0,0.33333333333333326,0.489284792958388,0,0.7662667643398786,0.23373323566012136,0.0,0.23373323566012136,False,False,False
WBCIC,29|S1|T115,29,0,0.0,0.2702819222828317,0,1.0,0.0,0.0,0.0,True,False,False
WBCIC,29|S1|T116,29,0,0.6666666666666667,0.5583652527547017,1,1.0,0.0,0.0,0.0,False,False,False
WBCIC,29|S1|T117,29,1,0.0,0.6266175341022038,1,1.0,0.0,0.0,0.0,False,False,False
WBCIC,29|S1|T118,29,0,0.0,0.1488642880925778,0,1.0,0.0,0.0,0.0,True,False,False
WBCIC,29|S1|T119,29,0,0.33333333333333326,0.4040936851623283,0,1.0,0.0,0.0,0.0,False,False,False
WBCIC,29|S1|T12,29,0,0.0,0.20085820316403757,0,1.0,0.0,0.0,0.0,True,False,False
WBCIC,29|S1|T120,29,0,0.6666666666666666,0.4011999064339095,0,1.0,0.0,0.0,0.0,False,False,False
WBCIC,29|S1|T121,29,0,0.33333333333333326,0.3368604771789568,0,1.0,0.0,0.0,0.0,False,False,False
WBCIC,29|S1|T122,29,1,0.0,0.791475706782694,1,1.0,0.0,0.0,0.0,True,False,False
WBCIC,29|S1|T123,29,0,1.0,0.48699065709224204,0,1.0,0.0,0.0,0.0,False,False,False
WBCIC,29|S1|T124,29,1,1.0,0.5720310121713394,1,1.0,0.0,0.0,0.0,False,False,False
WBCIC,29|S1|T125,29,1,0.0,0.8231943685708858,1,1.0,0.0,0.0,0.0,True,False,False
WBCIC,29|S1|T126,29,1,0.33333333333333326,0.6406541772463558,1,1.0,0.0,0.0,0.0,False,False,False
WBCIC,29|S1|T127,29,1,0.33333333333333326,0.7371407898013073,1,0.7817014224047292,0.21829857759527083,0.0,0.21829857759527083,False,False,False
WBCIC,29|S1|T128,29,1,1.0,0.48528117684666805,0,1.0,0.0,0.0,0.0,False,False,False
WBCIC,29|S1|T129,29,1,0.33333333333333326,0.7291911422978057,1,1.0,0.0,0.0,0.0,False,False,False
WBCIC,29|S1|T13,29,1,0.6666666666666666,0.37766905443054716,0,1.0,0.0,0.0,0.0,False,False,False
WBCIC,29|S1|T130,29,1,0.0,0.7115074602154065,1,1.0,0.0,0.0,0.0,True,False,False
WBCIC,29|S1|T131,29,0,0.6666666666666667,0.5351821085317862,1,0.6233058017898663,0.0,0.37669419821013367,0.37669419821013367,False,False,False
WBCIC,29|S1|T132,29,1,0.33333333333333326,0.2858760488522308,0,1.0,0.0,0.0,0.0,False,False,False
WBCIC,29|S1|T133,29,1,0.6666666666666667,0.5929387139600825,1,0.6220976139431703,0.0,0.3779023860568297,0.3779023860568297,False,False,False
WBCIC,29|S1|T134,29,0,0.0,0.30218628530474634,0,1.0,0.0,0.0,0.0,False,False,False
WBCIC,29|S1|T135,29,1,0.6666666666666667,0.6157852023585768,1,1.0,0.0,0.0,0.0,False,False,False
WBCIC,29|S1|T136,29,0,0.0,0.16102491134419697,0,1.0,0.0,0.0,0.0,True,False,False
WBCIC,29|S1|T137,29,0,0.0,0.24866235197743566,0,1.0,0.0,0.0,0.0,True,False,False
WBCIC,29|S1|T138,29,0,0.33333333333333326,0.2959620523391739,0,1.0,0.0,0.0,0.0,False,False,False
WBCIC,29|S1|T139,29,0,1.0,0.5271401620741492,1,1.0,0.0,0.0,0.0,False,False,False
WBCIC,29|S1|T14,29,1,0.0,0.7550497188002382,1,1.0,0.0,0.0,0.0,True,False,False
WBCIC,29|S1|T140,29,0,0.6666666666666667,0.6439956694829008,1,1.0,0.0,0.0,0.0,False,False,False
WBCIC,29|S1|T141,29,1,0.0,0.6758087306018888,1,1.0,0.0,0.0,0.0,False,False,False
WBCIC,29|S1|T142,29,0,0.0,0.3306605213342963,0,1.0,0.0,0.0,0.0,False,False,False
WBCIC,29|S1|T143,29,0,0.0,0.17319902327111517,0,1.0,0.0,0.0,0.0,True,False,False
WBCIC,29|S1|T144,29,0,0.0,0.32418837077978585,0,1.0,0.0,0.0,0.0,False,False,False
WBCIC,29|S1|T145,29,0,0.0,0.25571906443937015,0,1.0,0.0,0.0,0.0,True,False,False
WBCIC,29|S1|T146,29,0,0.33333333333333326,0.3298049657858508,0,1.0,0.0,0.0,0.0,False,False,False
WBCIC,29|S1|T147,29,1,0.0,0.3110713719457631,0,1.0,0.0,0.0,0.0,False,False,False
WBCIC,29|S1|T148,29,1,1.0,0.4448737654908177,0,1.0,0.0,0.0,0.0,False,False,False
WBCIC,29|S1|T149,29,1,0.6666666666666667,0.4744178717157525,0,1.0,0.0,0.0,0.0,False,False,False
WBCIC,29|S1|T15,29,1,0.0,0.8482885800205876,1,1.0,0.0,0.0,0.0,True,False,False
WBCIC,29|S1|T150,29,0,0.0,0.22380534560065865,0,1.0,0.0,0.0,0.0,True,False,False
WBCIC,29|S1|T151,29,0,0.0,0.2940975044193848,0,1.0,0.0,0.0,0.0,True,False,False
WBCIC,29|S1|T152,29,1,0.6666666666666667,0.6009304294458062,1,1.0,0.0,0.0,0.0,False,False,False
WBCIC,29|S1|T153,29,1,0.33333333333333326,0.3703255207716853,0,1.0,0.0,0.0,0.0,False,False,False
WBCIC,29|S1|T154,29,0,0.0,0.15713398572290627,0,1.0,0.0,0.0,0.0,True,False,False
WBCIC,29|S1|T155,29,1,0.33333333333333326,0.26504332991690294,0,1.0,0.0,0.0,0.0,False,False,False
WBCIC,29|S1|T156,29,0,0.0,0.22115124588386637,0,1.0,0.0,0.0,0.0,True,False,False
WBCIC,29|S1|T157,29,1,0.0,0.8064291928747274,1,1.0,0.0,0.0,0.0,True,False,False
WBCIC,29|S1|T158,29,0,0.0,0.2834038564184595,0,1.0,0.0,0.0,0.0,True,False,False
WBCIC,29|S1|T159,29,1,0.0,0.594609674033462,1,1.0,0.0,0.0,0.0,False,False,False
WBCIC,29|S1|T16,29,1,0.33333333333333326,0.5934283349423617,1,1.0,0.0,0.0,0.0,False,False,False
WBCIC,29|S1|T160,29,1,0.6666666666666666,0.4002034920076874,0,1.0,0.0,0.0,0.0,False,False,False
WBCIC,29|S1|T161,29,0,0.0,0.17988006908796306,0,1.0,0.0,0.0,0.0,True,False,False
WBCIC,29|S1|T162,29,1,0.6666666666666667,0.6572770535194298,1,1.0,0.0,0.0,0.0,False,False,False
WBCIC,29|S1|T163,29,1,0.6666666666666666,0.508369339903961,1,1.0,0.0,0.0,0.0,False,False,False
WBCIC,29|S1|T164,29,0,0.0,0.16920693753984406,0,1.0,0.0,0.0,0.0,True,False,False
WBCIC,29|S1|T165,29,0,0.0,0.15020663132233023,0,1.0,0.0,0.0,0.0,True,False,False
WBCIC,29|S1|T166,29,0,0.0,0.19833189559510692,0,1.0,0.0,0.0,0.0,True,False,False
WBCIC,29|S1|T167,29,0,0.33333333333333326,0.33808280053265555,0,1.0,0.0,0.0,0.0,False,False,False
WBCIC,29|S1|T168,29,0,1.0,0.5829511638022461,1,1.0,0.0,0.0,0.0,False,False,False
WBCIC,29|S1|T169,29,1,0.0,0.7538799576265527,1,1.0,0.0,0.0,0.0,True,False,False
WBCIC,29|S1|T17,29,1,0.0,0.7505048071955619,1,1.0,0.0,0.0,0.0,True,False,False
WBCIC,29|S1|T170,29,1,0.33333333333333326,0.7347300326596379,1,1.0,0.0,0.0,0.0,False,False,False
WBCIC,29|S1|T171,29,0,0.0,0.2447895423408201,0,1.0,0.0,0.0,0.0,True,False,False
WBCIC,29|S1|T172,29,0,0.0,0.2085769002739397,0,1.0,0.0,0.0,0.0,True,False,False
WBCIC,29|S1|T173,29,0,0.0,0.1670078515438245,0,1.0,0.0,0.0,0.0,True,False,False
WBCIC,29|S1|T174,29,1,0.0,0.7803031545903636,1,1.0,0.0,0.0,0.0,True,False,False
WBCIC,29|S1|T175,29,1,0.6666666666666667,0.6808533371801411,1,1.0,0.0,0.0,0.0,False,False,False
WBCIC,29|S1|T176,29,1,0.0,0.8024875773032711,1,1.0,0.0,0.0,0.0,True,False,False
WBCIC,29|S1|T177,29,1,0.0,0.815897318299026,1,1.0,0.0,0.0,0.0,True,False,False
WBCIC,29|S1|T178,29,0,0.0,0.18357879013441702,0,1.0,0.0,0.0,0.0,True,False,False
WBCIC,29|S1|T179,29,0,0.0,0.18164903563736692,0,1.0,0.0,0.0,0.0,True,False,False
WBCIC,29|S1|T18,29,0,0.0,0.1986910315983402,0,1.0,0.0,0.0,0.0,True,False,False
WBCIC,29|S1|T180,29,0,0.0,0.2083241350062989,0,1.0,0.0,0.0,0.0,True,False,False
WBCIC,29|S1|T181,29,1,0.6666666666666667,0.5279106900998768,1,1.0,0.0,0.0,0.0,False,False,False
WBCIC,29|S1|T182,29,0,1.0,0.590868254392361,1,0.5158065817748129,0.48419341822518713,0.0,0.48419341822518713,False,False,False
WBCIC,29|S1|T183,29,0,0.6666666666666666,0.4075506105321847,0,1.0,0.0,0.0,0.0,False,False,False
WBCIC,29|S1|T184,29,1,0.33333333333333326,0.34561286358978033,0,1.0,0.0,0.0,0.0,False,False,False
WBCIC,29|S1|T185,29,0,0.33333333333333326,0.47553421367735843,0,1.0,0.0,0.0,0.0,False,False,False
WBCIC,29|S1|T186,29,1,0.33333333333333326,0.6012082255088823,1,1.0,0.0,0.0,0.0,False,False,False
WBCIC,29|S1|T187,29,1,1.0,0.5830708601022132,1,1.0,0.0,0.0,0.0,False,False,False
WBCIC,29|S1|T188,29,1,0.0,0.8300592593686361,1,1.0,0.0,0.0,0.0,True,False,False
WBCIC,29|S1|T189,29,1,0.33333333333333326,0.738110530267996,1,0.772353990184282,0.22764600981571798,0.0,0.22764600981571798,False,False,False
WBCIC,29|S1|T19,29,1,0.0,0.8139300479423891,1,1.0,0.0,0.0,0.0,True,False,False
WBCIC,29|S1|T190,29,0,0.33333333333333326,0.6204209769913744,1,1.0,0.0,0.0,0.0,False,False,False
WBCIC,29|S1|T191,29,1,0.0,0.7851493139256139,1,1.0,0.0,0.0,0.0,True,False,False
WBCIC,29|S1|T192,29,1,1.0,0.44340078739225824,0,1.0,0.0,0.0,0.0,False,False,False
WBCIC,29|S1|T193,29,0,0.0,0.33748746585936257,0,1.0,0.0,0.0,0.0,False,False,False
WBCIC,29|S1|T194,29,0,0.0,0.12610035694921523,0,1.0,0.0,0.0,0.0,True,False,False
WBCIC,29|S1|T195,29,0,0.0,0.10799123072482092,0,1.0,0.0,0.0,0.0,True,False,False
WBCIC,29|S1|T196,29,1,0.33333333333333326,0.7501980902547345,1,0.7625562663302937,0.2374437336697063,0.0,0.2374437336697063,False,False,False
WBCIC,29|S1|T197,29,1,0.6666666666666667,0.6888563679651215,1,0.6318969000796046,0.3681030999203953,0.0,0.3681030999203953,False,False,False
WBCIC,29|S1|T198,29,0,0.0,0.3646463536837301,0,1.0,0.0,0.0,0.0,False,False,False
WBCIC,29|S1|T199,29,1,0.0,0.7073815968635674,1,1.0,0.0,0.0,0.0,True,False,False
WBCIC,29|S1|T2,29,1,0.33333333333333326,0.8420252037425299,1,0.767919281622688,0.23208071837731203,0.0,0.23208071837731203,False,False,False
WBCIC,29|S1|T20,29,0,0.0,0.22786942242582453,0,1.0,0.0,0.0,0.0,True,False,False
WBCIC,29|S1|T21,29,0,0.0,0.1862510759275595,0,1.0,0.0,0.0,0.0,True,False,False
WBCIC,29|S1|T22,29,0,0.0,0.185227551091096,0,1.0,0.0,0.0,0.0,True,False,False
WBCIC,29|S1|T23,29,1,0.0,0.7763406576467724,1,1.0,0.0,0.0,0.0,True,False,False
WBCIC,29|S1|T24,29,0,1.0,0.4979353428003403,0,1.0,0.0,0.0,0.0,False,False,False
WBCIC,29|S1|T25,29,1,0.6666666666666667,0.7304951546280923,1,1.0,0.0,0.0,0.0,False,False,False
WBCIC,29|S1|T26,29,1,0.33333333333333326,0.7478340332958089,1,1.0,0.0,0.0,0.0,False,False,False
WBCIC,29|S1|T27,29,0,0.0,0.19176801117324993,0,1.0,0.0,0.0,0.0,True,False,False
WBCIC,29|S1|T28,29,0,0.33333333333333326,0.3146799433864813,0,1.0,0.0,0.0,0.0,False,False,False
WBCIC,29|S1|T29,29,0,1.0,0.5525385261802661,1,1.0,0.0,0.0,0.0,False,False,False
WBCIC,29|S1|T3,29,1,1.0,0.5754110690697208,1,1.0,0.0,0.0,0.0,False,False,False
WBCIC,29|S1|T30,29,0,0.0,0.1761731625912507,0,1.0,0.0,0.0,0.0,True,False,False
WBCIC,29|S1|T31,29,0,0.0,0.14601037364500555,0,1.0,0.0,0.0,0.0,True,False,False
WBCIC,29|S1|T32,29,1,0.33333333333333326,0.6578970556687599,1,1.0,0.0,0.0,0.0,False,False,False
WBCIC,29|S1|T33,29,1,0.33333333333333326,0.7310183754765497,1,1.0,0.0,0.0,0.0,False,False,False
WBCIC,29|S1|T34,29,0,0.0,0.22301601867531365,0,1.0,0.0,0.0,0.0,True,False,False
WBCIC,29|S1|T35,29,1,1.0,0.5443043564525275,1,1.0,0.0,0.0,0.0,False,False,False
WBCIC,29|S1|T36,29,0,1.0,0.5160154947995396,1,1.0,0.0,0.0,0.0,False,False,False
WBCIC,29|S1|T37,29,0,0.0,0.14552738510341076,0,1.0,0.0,0.0,0.0,True,False,False
WBCIC,29|S1|T38,29,0,0.0,0.11894484146592084,0,1.0,0.0,0.0,0.0,True,False,False
WBCIC,29|S1|T39,29,1,0.0,0.7822215718092806,1,1.0,0.0,0.0,0.0,True,False,False
WBCIC,29|S1|T4,29,0,0.0,0.21777810082376023,0,1.0,0.0,0.0,0.0,True,False,False
WBCIC,29|S1|T40,29,0,0.6666666666666666,0.35765781828393917,0,1.0,0.0,0.0,0.0,False,False,False
WBCIC,29|S1|T41,29,1,1.0,0.42477447962364795,0,1.0,0.0,0.0,0.0,False,False,False
WBCIC,29|S1|T42,29,0,0.33333333333333326,0.24889708446910275,0,1.0,0.0,0.0,0.0,False,False,False
WBCIC,29|S1|T43,29,1,0.0,0.8304585845260085,1,1.0,0.0,0.0,0.0,True,False,False
WBCIC,29|S1|T44,29,1,1.0,0.5683218275564575,1,1.0,0.0,0.0,0.0,False,False,False
WBCIC,29|S1|T45,29,0,0.0,0.28810075692274245,0,1.0,0.0,0.0,0.0,True,False,False
WBCIC,29|S1|T46,29,1,0.33333333333333326,0.6635665757946162,1,1.0,0.0,0.0,0.0,False,False,False
WBCIC,29|S1|T47,29,0,0.0,0.22151028656420138,0,1.0,0.0,0.0,0.0,True,False,False
WBCIC,29|S1|T48,29,1,0.0,0.7820589504509808,1,1.0,0.0,0.0,0.0,True,False,False
WBCIC,29|S1|T49,29,1,0.0,0.8112060872961191,1,1.0,0.0,0.0,0.0,True,False,False
WBCIC,29|S1|T5,29,0,0.0,0.12393428492032921,0,1.0,0.0,0.0,0.0,True,False,False
WBCIC,29|S1|T50,29,1,0.33333333333333326,0.6375340996052355,1,0.7662623881909741,0.0,0.23373761180902583,0.23373761180902583,False,False,False
WBCIC,29|S1|T51,29,1,1.0,0.4652239935981417,0,1.0,0.0,0.0,0.0,False,False,False
WBCIC,29|S1|T52,29,1,0.0,0.8253527535256405,1,1.0,0.0,0.0,0.0,True,False,False
WBCIC,29|S1|T53,29,0,0.0,0.30841134520941993,0,1.0,0.0,0.0,0.0,False,False,False
WBCIC,29|S1|T54,29,1,0.6666666666666666,0.39888142761590517,0,1.0,0.0,0.0,0.0,False,False,False
WBCIC,29|S1|T55,29,0,0.6666666666666666,0.4023545117380261,0,1.0,0.0,0.0,0.0,False,False,False
WBCIC,29|S1|T56,29,1,0.0,0.6045051758522039,1,1.0,0.0,0.0,0.0,False,False,False
WBCIC,29|S1|T57,29,1,0.6666666666666666,0.46651806382867567,0,1.0,0.0,0.0,0.0,False,False,False
WBCIC,29|S1|T58,29,1,0.0,0.7626853016644901,1,1.0,0.0,0.0,0.0,True,False,False
WBCIC,29|S1|T59,29,0,0.0,0.2034620914546786,0,1.0,0.0,0.0,0.0,True,False,False
WBCIC,29|S1|T6,29,1,0.6666666666666666,0.4620530826021509,0,1.0,0.0,0.0,0.0,False,False,False
WBCIC,29|S1|T60,29,0,1.0,0.5064366630464587,1,0.4986543281991961,0.0,0.5013456718008039,0.5013456718008039,False,False,False
WBCIC,29|S1|T61,29,1,0.6666666666666667,0.5692185975703862,1,1.0,0.0,0.0,0.0,False,False,False
WBCIC,29|S1|T62,29,0,0.0,0.17382768960187525,0,1.0,0.0,0.0,0.0,True,False,False
WBCIC,29|S1|T63,29,0,0.0,0.1044941632683023,0,1.0,0.0,0.0,0.0,True,False,False
WBCIC,29|S1|T64,29,1,1.0,0.6353736779219323,1,0.5215864707631086,0.4784135292368914,0.0,0.4784135292368914,False,False,False
WBCIC,29|S1|T65,29,0,0.33333333333333326,0.25417170508637327,0,1.0,0.0,0.0,0.0,False,False,False
WBCIC,29|S1|T66,29,0,0.0,0.14906085676842173,0,1.0,0.0,0.0,0.0,True,False,False
WBCIC,29|S1|T67,29,0,1.0,0.559700662095258,1,0.5061497008412493,0.0,0.4938502991587507,0.4938502991587507,False,False,False
WBCIC,29|S1|T68,29,1,0.0,0.75242462898645,1,1.0,0.0,0.0,0.0,True,False,False
WBCIC,29|S1|T69,29,0,0.6666666666666667,0.6360280732211435,1,1.0,0.0,0.0,0.0,False,False,False
WBCIC,29|S1|T7,29,0,0.0,0.18955361095599002,0,1.0,0.0,0.0,0.0,True,False,False
WBCIC,29|S1|T70,29,1,0.0,0.7299452311656655,1,1.0,0.0,0.0,0.0,True,False,False
WBCIC,29|S1|T71,29,0,0.0,0.2798612337401503,0,1.0,0.0,0.0,0.0,True,False,False
WBCIC,29|S1|T72,29,0,0.0,0.16782848724365526,0,1.0,0.0,0.0,0.0,True,False,False
WBCIC,29|S1|T73,29,0,0.0,0.2620495944278803,0,1.0,0.0,0.0,0.0,True,False,False
WBCIC,29|S1|T74,29,0,0.0,0.2751543282115791,0,1.0,0.0,0.0,0.0,True,False,False
WBCIC,29|S1|T75,29,1,0.6666666666666666,0.5134386565926846,1,1.0,0.0,0.0,0.0,False,False,False
WBCIC,29|S1|T76,29,1,0.0,0.6977203573665443,1,1.0,0.0,0.0,0.0,False,False,False
WBCIC,29|S1|T77,29,0,1.0,0.5989022692957445,1,1.0,0.0,0.0,0.0,False,False,False
WBCIC,29|S1|T78,29,0,0.0,0.12218787126486776,0,1.0,0.0,0.0,0.0,True,False,False
WBCIC,29|S1|T79,29,1,0.6666666666666667,0.6135235922777502,1,1.0,0.0,0.0,0.0,False,False,False
WBCIC,29|S1|T8,29,0,0.0,0.2890419174812755,0,1.0,0.0,0.0,0.0,True,False,False
WBCIC,29|S1|T80,29,1,0.6666666666666666,0.49020317896608945,0,1.0,0.0,0.0,0.0,False,False,False
WBCIC,29|S1|T81,29,1,0.33333333333333326,0.7355794208912623,1,1.0,0.0,0.0,0.0,False,False,False
WBCIC,29|S1|T82,29,1,0.0,0.7647786703032481,1,1.0,0.0,0.0,0.0,True,False,False
WBCIC,29|S1|T83,29,1,0.0,0.8273898187366728,1,1.0,0.0,0.0,0.0,True,False,False
WBCIC,29|S1|T84,29,1,0.0,0.7506066216087448,1,1.0,0.0,0.0,0.0,True,False,False
WBCIC,29|S1|T85,29,1,0.0,0.7922634586831321,1,1.0,0.0,0.0,0.0,True,False,False
WBCIC,29|S1|T86,29,1,0.6666666666666667,0.5240577588229881,1,1.0,0.0,0.0,0.0,False,False,False
WBCIC,29|S1|T87,29,0,0.0,0.25169554349629947,0,1.0,0.0,0.0,0.0,True,False,False
WBCIC,29|S1|T88,29,0,0.0,0.29809871954127926,0,1.0,0.0,0.0,0.0,True,False,False
WBCIC,29|S1|T89,29,0,0.0,0.16876887092273993,0,1.0,0.0,0.0,0.0,True,False,False
WBCIC,29|S1|T9,29,1,0.6666666666666666,0.4757955109836413,0,1.0,0.0,0.0,0.0,False,False,False
WBCIC,29|S1|T90,29,0,0.0,0.19771135471158816,0,1.0,0.0,0.0,0.0,True,False,False
WBCIC,29|S1|T91,29,1,0.0,0.3366699046208665,0,1.0,0.0,0.0,0.0,False,False,False
WBCIC,29|S1|T92,29,0,0.0,0.3701878957872749,0,1.0,0.0,0.0,0.0,False,False,False
WBCIC,29|S1|T93,29,1,0.0,0.7515381502310025,1,1.0,0.0,0.0,0.0,True,False,False
WBCIC,29|S1|T94,29,0,0.6666666666666666,0.41329607784494865,0,1.0,0.0,0.0,0.0,False,False,False
WBCIC,29|S1|T95,29,1,0.6666666666666667,0.5840498785374181,1,1.0,0.0,0.0,0.0,False,False,False
WBCIC,29|S1|T96,29,0,0.33333333333333326,0.36520948005603654,0,1.0,0.0,0.0,0.0,False,False,False
WBCIC,29|S1|T97,29,1,0.0,0.7147109954672969,1,1.0,0.0,0.0,0.0,True,False,False
WBCIC,29|S1|T98,29,1,0.33333333333333326,0.4780843220680862,0,1.0,0.0,0.0,0.0,False,False,False
WBCIC,29|S1|T99,29,0,1.0,0.493543757290176,0,1.0,0.0,0.0,0.0,False,False,False
WBCIC,2|S1|T0,2,0,0.0,0.3946138275294145,0,1.0,0.0,0.0,0.0,False,False,False
WBCIC,2|S1|T1,2,0,0.0,0.26196033587966766,0,1.0,0.0,0.0,0.0,True,False,False
WBCIC,2|S1|T10,2,0,0.33333333333333326,0.4044396110631728,0,1.0,0.0,0.0,0.0,False,False,False
WBCIC,2|S1|T100,2,1,0.33333333333333326,0.2914243279643344,0,1.0,0.0,0.0,0.0,False,False,False
WBCIC,2|S1|T101,2,0,0.33333333333333326,0.4166322673850229,0,1.0,0.0,0.0,0.0,False,False,False
WBCIC,2|S1|T102,2,1,0.0,0.3580862016372451,0,1.0,0.0,0.0,0.0,False,False,False
WBCIC,2|S1|T103,2,1,0.0,0.1577811698854786,0,1.0,0.0,0.0,0.0,True,False,False
WBCIC,2|S1|T104,2,0,0.0,0.40291579826523716,0,1.0,0.0,0.0,0.0,False,False,False
WBCIC,2|S1|T105,2,0,0.0,0.3853916403450158,0,1.0,0.0,0.0,0.0,False,False,False
WBCIC,2|S1|T106,2,0,0.33333333333333326,0.40154258054293884,0,1.0,0.0,0.0,0.0,False,False,False
WBCIC,2|S1|T107,2,0,0.0,0.28859457976117237,0,1.0,0.0,0.0,0.0,True,False,False
WBCIC,2|S1|T108,2,1,0.6666666666666666,0.43974582366390286,0,1.0,0.0,0.0,0.0,False,False,False
WBCIC,2|S1|T109,2,1,1.0,0.4382598158727449,0,1.0,0.0,0.0,0.0,False,False,False
WBCIC,2|S1|T11,2,1,0.6666666666666667,0.5127413938138262,1,1.0,0.0,0.0,0.0,False,False,False
WBCIC,2|S1|T110,2,0,0.6666666666666666,0.45947239277811897,0,1.0,0.0,0.0,0.0,False,False,False
WBCIC,2|S1|T111,2,1,0.33333333333333326,0.4516507220651594,0,1.0,0.0,0.0,0.0,False,False,False
WBCIC,2|S1|T112,2,1,0.0,0.3287557844163124,0,1.0,0.0,0.0,0.0,False,False,False
WBCIC,2|S1|T113,2,0,0.6666666666666666,0.4637876920072059,0,0.6139648992763272,0.3860351007236728,0.0,0.3860351007236728,False,False,False
WBCIC,2|S1|T114,2,0,0.0,0.22386736169415702,0,1.0,0.0,0.0,0.0,True,False,False
WBCIC,2|S1|T115,2,1,0.33333333333333326,0.41419171358439794,0,1.0,0.0,0.0,0.0,False,False,False
WBCIC,2|S1|T116,2,0,1.0,0.6570865566936058,1,1.0,0.0,0.0,0.0,False,False,False
WBCIC,2|S1|T117,2,0,0.0,0.5826092357566526,1,1.0,0.0,0.0,0.0,False,False,False
WBCIC,2|S1|T118,2,1,0.33333333333333326,0.7127405862199193,1,1.0,0.0,0.0,0.0,False,False,False
WBCIC,2|S1|T119,2,0,0.0,0.827021632205272,1,1.0,0.0,0.0,0.0,True,False,False
WBCIC,2|S1|T12,2,1,1.0,0.62158117537447,1,1.0,0.0,0.0,0.0,False,False,False
WBCIC,2|S1|T120,2,0,0.0,0.25316407296233734,0,1.0,0.0,0.0,0.0,True,False,False
WBCIC,2|S1|T121,2,1,0.6666666666666667,0.6766762615360307,1,1.0,0.0,0.0,0.0,False,False,False
WBCIC,2|S1|T122,2,1,0.6666666666666666,0.46249369479137026,0,1.0,0.0,0.0,0.0,False,False,False
WBCIC,2|S1|T123,2,1,0.0,0.3074657660435926,0,1.0,0.0,0.0,0.0,False,False,False
WBCIC,2|S1|T124,2,0,0.0,0.2515270405066123,0,1.0,0.0,0.0,0.0,True,False,False
WBCIC,2|S1|T125,2,0,0.33333333333333326,0.4061359820686085,0,1.0,0.0,0.0,0.0,False,False,False
WBCIC,2|S1|T126,2,1,0.33333333333333326,0.32979286876547703,0,1.0,0.0,0.0,0.0,False,False,False
WBCIC,2|S1|T127,2,1,0.33333333333333326,0.7164938773162629,1,1.0,0.0,0.0,0.0,False,False,False
WBCIC,2|S1|T128,2,1,1.0,0.5890895535610248,1,0.5007646577996654,0.0,0.4992353422003346,0.4992353422003346,False,False,False
WBCIC,2|S1|T129,2,1,0.33333333333333326,0.5165051646097488,1,1.0,0.0,0.0,0.0,False,False,False
WBCIC,2|S1|T13,2,0,0.0,0.2609382218834499,0,1.0,0.0,0.0,0.0,True,False,False
WBCIC,2|S1|T130,2,0,1.0,0.6345009487759339,1,0.4936626777851383,0.0,0.5063373222148617,0.5063373222148617,False,False,False
WBCIC,2|S1|T131,2,1,0.0,0.18907450568061465,0,1.0,0.0,0.0,0.0,True,False,False
WBCIC,2|S1|T132,2,0,0.33333333333333326,0.3505698613644898,0,1.0,0.0,0.0,0.0,False,False,False
WBCIC,2|S1|T133,2,1,0.0,0.2568613835387196,0,1.0,0.0,0.0,0.0,True,False,False
WBCIC,2|S1|T134,2,1,0.33333333333333326,0.6176666211251353,1,1.0,0.0,0.0,0.0,False,False,False
WBCIC,2|S1|T135,2,0,0.6666666666666667,0.5136402462952406,1,1.0,0.0,0.0,0.0,False,False,False
WBCIC,2|S1|T136,2,1,0.0,0.29519339454322124,0,1.0,0.0,0.0,0.0,True,False,False
WBCIC,2|S1|T137,2,0,0.0,0.2068947886875466,0,1.0,0.0,0.0,0.0,True,False,False
WBCIC,2|S1|T138,2,0,0.33333333333333326,0.40784031941378923,0,1.0,0.0,0.0,0.0,False,False,False
WBCIC,2|S1|T139,2,1,0.33333333333333326,0.4103806560510998,0,1.0,0.0,0.0,0.0,False,False,False
WBCIC,2|S1|T14,2,0,0.0,0.7925782950693475,1,1.0,0.0,0.0,0.0,True,False,False
WBCIC,2|S1|T140,2,1,1.0,0.6415126873118546,1,1.0,0.0,0.0,0.0,False,False,False
WBCIC,2|S1|T141,2,0,1.0,0.5034749092800006,1,1.0,0.0,0.0,0.0,False,False,False
WBCIC,2|S1|T142,2,1,0.33333333333333326,0.3738323785136728,0,1.0,0.0,0.0,0.0,False,False,False
WBCIC,2|S1|T143,2,1,0.33333333333333326,0.7064683065385708,1,0.7732831470562683,0.22671685294373167,0.0,0.22671685294373167,False,False,False
WBCIC,2|S1|T144,2,0,0.33333333333333326,0.3703532400888947,0,1.0,0.0,0.0,0.0,False,False,False
WBCIC,2|S1|T145,2,0,0.6666666666666666,0.3892772644920594,0,1.0,0.0,0.0,0.0,False,False,False
WBCIC,2|S1|T146,2,0,0.0,0.16024056357700941,0,1.0,0.0,0.0,0.0,True,False,False
WBCIC,2|S1|T147,2,0,1.0,0.6575211366590153,1,1.0,0.0,0.0,0.0,False,False,False
WBCIC,2|S1|T148,2,1,1.0,0.6566329659868583,1,0.5390152992568122,0.0,0.46098470074318776,0.46098470074318776,False,False,False
WBCIC,2|S1|T149,2,1,0.6666666666666666,0.5449732500941173,1,0.6296502237683043,0.3703497762316958,0.0,0.3703497762316958,False,False,False
WBCIC,2|S1|T15,2,0,0.6666666666666667,0.6120432531563208,1,0.6438884366451937,0.0,0.35611156335480637,0.35611156335480637,False,False,False
WBCIC,2|S1|T150,2,0,0.33333333333333326,0.287472666437504,0,0.7631571191709469,0.23684288082905322,0.0,0.23684288082905322,False,False,False
WBCIC,2|S1|T151,2,0,0.33333333333333326,0.5645586412265736,1,1.0,0.0,0.0,0.0,False,False,False
WBCIC,2|S1|T152,2,0,0.6666666666666667,0.5713811357052163,1,0.6331978031354956,0.3668021968645044,0.0,0.3668021968645044,False,False,False
WBCIC,2|S1|T153,2,0,0.0,0.20592464354417997,0,1.0,0.0,0.0,0.0,True,False,False
WBCIC,2|S1|T154,2,1,1.0,0.4672124044729051,0,1.0,0.0,0.0,0.0,False,False,False
WBCIC,2|S1|T155,2,0,0.0,0.11292858736837318,0,1.0,0.0,0.0,0.0,True,False,False
WBCIC,2|S1|T156,2,1,0.6666666666666666,0.5552288336981414,1,0.6385990080509601,0.0,0.3614009919490398,0.3614009919490398,False,False,False
WBCIC,2|S1|T157,2,1,0.0,0.7486704609330634,1,1.0,0.0,0.0,0.0,True,False,False
WBCIC,2|S1|T158,2,0,0.0,0.2132675630697819,0,1.0,0.0,0.0,0.0,True,False,False
WBCIC,2|S1|T159,2,0,0.0,0.11958920722495299,0,1.0,0.0,0.0,0.0,True,False,False
WBCIC,2|S1|T16,2,0,0.33333333333333326,0.33236462557288005,0,0.765196868193294,0.23480313180670606,0.0,0.23480313180670606,False,False,False
WBCIC,2|S1|T160,2,0,0.33333333333333326,0.5642956172225092,1,1.0,0.0,0.0,0.0,False,False,False
WBCIC,2|S1|T161,2,0,0.0,0.22578548751546992,0,1.0,0.0,0.0,0.0,True,False,False
WBCIC,2|S1|T162,2,0,0.0,0.12286383835346015,0,1.0,0.0,0.0,0.0,True,False,False
WBCIC,2|S1|T163,2,1,0.6666666666666667,0.5524538073695954,1,1.0,0.0,0.0,0.0,False,False,False
WBCIC,2|S1|T164,2,0,0.33333333333333326,0.4098053616992811,0,1.0,0.0,0.0,0.0,False,False,False
WBCIC,2|S1|T165,2,1,0.6666666666666667,0.5926560587133599,1,0.628137301521901,0.371862698478099,0.0,0.371862698478099,False,False,False
WBCIC,2|S1|T166,2,0,0.0,0.2836097140439556,0,1.0,0.0,0.0,0.0,True,False,False
WBCIC,2|S1|T167,2,1,1.0,0.6595401422188478,1,0.5208071420370317,0.0,0.47919285796296834,0.47919285796296834,False,False,False
WBCIC,2|S1|T168,2,0,1.0,0.615184450016071,1,0.34175994992256165,0.32536351680755615,0.3328765332698822,0.6582400500774384,False,False,False
WBCIC,2|S1|T169,2,1,0.0,0.2585074290325505,0,1.0,0.0,0.0,0.0,True,False,False
WBCIC,2|S1|T17,2,1,0.0,0.6526187904497293,1,1.0,0.0,0.0,0.0,False,False,False
WBCIC,2|S1|T170,2,0,0.0,0.20605016032351217,0,1.0,0.0,0.0,0.0,True,False,False
WBCIC,2|S1|T171,2,1,0.0,0.8341088159421347,1,1.0,0.0,0.0,0.0,True,False,False
WBCIC,2|S1|T172,2,0,0.33333333333333326,0.392876771418182,0,1.0,0.0,0.0,0.0,False,False,False
WBCIC,2|S1|T173,2,0,0.0,0.21830645408723004,0,1.0,0.0,0.0,0.0,True,False,False
WBCIC,2|S1|T174,2,1,0.0,0.3426251130638512,0,1.0,0.0,0.0,0.0,False,False,False
WBCIC,2|S1|T175,2,1,0.0,0.3132894247238545,0,1.0,0.0,0.0,0.0,False,False,False
WBCIC,2|S1|T176,2,0,0.0,0.22891746355371678,0,1.0,0.0,0.0,0.0,True,False,False
WBCIC,2|S1|T177,2,0,0.0,0.7118463074809082,1,1.0,0.0,0.0,0.0,True,False,False
WBCIC,2|S1|T178,2,1,0.0,0.3667222320162829,0,1.0,0.0,0.0,0.0,False,False,False
WBCIC,2|S1|T179,2,1,0.33333333333333326,0.37499334089904335,0,1.0,0.0,0.0,0.0,False,False,False
WBCIC,2|S1|T18,2,1,0.0,0.30546842104010846,0,1.0,0.0,0.0,0.0,False,False,False
WBCIC,2|S1|T180,2,1,0.6666666666666667,0.6996120085171961,1,1.0,0.0,0.0,0.0,False,False,False
WBCIC,2|S1|T181,2,0,0.0,0.37862682703652856,0,1.0,0.0,0.0,0.0,False,False,False
WBCIC,2|S1|T182,2,0,0.0,0.10964413401849545,0,1.0,0.0,0.0,0.0,True,False,False
WBCIC,2|S1|T183,2,1,0.0,0.6667511936839251,1,1.0,0.0,0.0,0.0,False,False,False
WBCIC,2|S1|T184,2,1,0.33333333333333326,0.3924688830000423,0,1.0,0.0,0.0,0.0,False,False,False
WBCIC,2|S1|T185,2,1,0.0,0.7457935996571,1,1.0,0.0,0.0,0.0,True,False,False
WBCIC,2|S1|T186,2,0,0.0,0.3336269786382602,0,1.0,0.0,0.0,0.0,False,False,False
WBCIC,2|S1|T187,2,1,0.0,0.8579340016844297,1,1.0,0.0,0.0,0.0,True,False,False
WBCIC,2|S1|T188,2,1,0.0,0.1963616268727959,0,1.0,0.0,0.0,0.0,True,False,False
WBCIC,2|S1|T189,2,0,0.0,0.37312809801641844,0,1.0,0.0,0.0,0.0,False,False,False
WBCIC,2|S1|T19,2,1,0.0,0.24460461623966953,0,1.0,0.0,0.0,0.0,True,False,False
WBCIC,2|S1|T190,2,1,0.0,0.35146802292363527,0,1.0,0.0,0.0,0.0,False,False,False
WBCIC,2|S1|T191,2,1,0.0,0.7987088865291615,1,1.0,0.0,0.0,0.0,True,False,False
WBCIC,2|S1|T192,2,1,0.33333333333333326,0.6488260277114489,1,1.0,0.0,0.0,0.0,False,False,False
WBCIC,2|S1|T193,2,0,0.0,0.1816516636601754,0,1.0,0.0,0.0,0.0,True,False,False
WBCIC,2|S1|T194,2,0,0.33333333333333326,0.6799444291319865,1,0.7719623299366699,0.22803767006333017,0.0,0.22803767006333017,False,False,False
WBCIC,2|S1|T195,2,0,1.0,0.4452169480543631,0,1.0,0.0,0.0,0.0,False,False,False
WBCIC,2|S1|T196,2,1,0.33333333333333326,0.6151439495656968,1,0.7636353250644565,0.2363646749355435,0.0,0.2363646749355435,False,False,False
WBCIC,2|S1|T197,2,1,0.0,0.2758708297127735,0,1.0,0.0,0.0,0.0,True,False,False
WBCIC,2|S1|T198,2,0,0.0,0.39802935594008715,0,1.0,0.0,0.0,0.0,False,False,False
WBCIC,2|S1|T199,2,0,0.0,0.19936372849405695,0,1.0,0.0,0.0,0.0,True,False,False
WBCIC,2|S1|T2,2,0,0.0,0.11797090987765511,0,1.0,0.0,0.0,0.0,True,False,False
WBCIC,2|S1|T20,2,1,1.0,0.5510446612607662,1,0.5048646840665074,0.4951353159334925,0.0,0.4951353159334925,False,False,False
WBCIC,2|S1|T21,2,0,0.0,0.4229950053140688,0,1.0,0.0,0.0,0.0,False,False,False
WBCIC,2|S1|T22,2,1,0.0,0.7147088702235734,1,1.0,0.0,0.0,0.0,True,False,False
WBCIC,2|S1|T23,2,0,0.0,0.2396893465073262,0,1.0,0.0,0.0,0.0,True,False,False
WBCIC,2|S1|T24,2,0,0.33333333333333326,0.30712497785221243,0,1.0,0.0,0.0,0.0,False,False,False
WBCIC,2|S1|T25,2,1,0.33333333333333326,0.5859791089133185,1,1.0,0.0,0.0,0.0,False,False,False
WBCIC,2|S1|T26,2,0,0.6666666666666667,0.5603080358662372,1,1.0,0.0,0.0,0.0,False,False,False
WBCIC,2|S1|T27,2,0,0.33333333333333326,0.5835879861592381,1,1.0,0.0,0.0,0.0,False,False,False
WBCIC,2|S1|T28,2,1,0.0,0.20189900693718407,0,1.0,0.0,0.0,0.0,True,False,False
WBCIC,2|S1|T29,2,1,1.0,0.5862203775937372,1,0.5221783057022252,0.4778216942977748,0.0,0.4778216942977748,False,False,False
WBCIC,2|S1|T3,2,1,0.6666666666666666,0.4646155266045024,0,0.6348835841776105,0.0,0.36511641582238946,0.36511641582238946,False,False,False
WBCIC,2|S1|T30,2,1,0.33333333333333326,0.6424225571609741,1,1.0,0.0,0.0,0.0,False,False,False
WBCIC,2|S1|T31,2,0,1.0,0.605329218778059,1,0.5087212070648353,0.0,0.49127879293516474,0.49127879293516474,False,False,False
WBCIC,2|S1|T32,2,1,0.0,0.2939904581144308,0,1.0,0.0,0.0,0.0,True,False,False
WBCIC,2|S1|T33,2,0,0.0,0.2334267302647843,0,1.0,0.0,0.0,0.0,True,False,False
WBCIC,2|S1|T34,2,1,0.0,0.7563786784204379,1,1.0,0.0,0.0,0.0,True,False,False
WBCIC,2|S1|T35,2,1,1.0,0.5942817624325315,1,0.3509742513008639,0.32390587556642664,0.32511987313270946,0.6490257486991361,False,False,False
WBCIC,2|S1|T36,2,0,0.0,0.7631466541726787,1,1.0,0.0,0.0,0.0,True,False,False
WBCIC,2|S1|T37,2,0,0.6666666666666666,0.3825439167034414,0,1.0,0.0,0.0,0.0,False,False,False
WBCIC,2|S1|T38,2,0,0.33333333333333326,0.7261518244080324,1,1.0,0.0,0.0,0.0,False,False,False
WBCIC,2|S1|T39,2,1,0.0,0.28338207396193815,0,1.0,0.0,0.0,0.0,True,False,False
WBCIC,2|S1|T4,2,1,0.0,0.36840021723566546,0,1.0,0.0,0.0,0.0,False,False,False
WBCIC,2|S1|T40,2,0,0.0,0.2620291206410476,0,1.0,0.0,0.0,0.0,True,False,False
WBCIC,2|S1|T41,2,0,0.0,0.7598029905339719,1,1.0,0.0,0.0,0.0,True,False,False
WBCIC,2|S1|T42,2,0,0.33333333333333326,0.32192076031003786,0,1.0,0.0,0.0,0.0,False,False,False
WBCIC,2|S1|T43,2,1,0.0,0.25204188794997173,0,1.0,0.0,0.0,0.0,True,False,False
WBCIC,2|S1|T44,2,0,0.0,0.7501441608855931,1,1.0,0.0,0.0,0.0,True,False,False
WBCIC,2|S1|T45,2,1,0.0,0.369161024193224,0,1.0,0.0,0.0,0.0,False,False,False
WBCIC,2|S1|T46,2,0,0.0,0.25032011553549666,0,1.0,0.0,0.0,0.0,True,False,False
WBCIC,2|S1|T47,2,0,1.0,0.5720175245268004,1,0.5077417379738016,0.0,0.4922582620261984,0.4922582620261984,False,False,False
WBCIC,2|S1|T48,2,1,0.6666666666666666,0.4328418372543923,0,1.0,0.0,0.0,0.0,False,False,False
WBCIC,2|S1|T49,2,1,1.0,0.44504313740974194,0,1.0,0.0,0.0,0.0,False,False,False
WBCIC,2|S1|T5,2,1,0.33333333333333326,0.4712041930318673,0,1.0,0.0,0.0,0.0,False,False,False
WBCIC,2|S1|T50,2,0,0.33333333333333326,0.3846931372120825,0,1.0,0.0,0.0,0.0,False,False,False
WBCIC,2|S1|T51,2,1,0.0,0.19120542417085593,0,1.0,0.0,0.0,0.0,True,False,False
WBCIC,2|S1|T52,2,1,0.0,0.31557594788805754,0,1.0,0.0,0.0,0.0,False,False,False
WBCIC,2|S1|T53,2,1,0.0,0.3927439855591684,0,1.0,0.0,0.0,0.0,False,False,False
WBCIC,2|S1|T54,2,0,0.6666666666666667,0.5526666940644005,1,0.6301138771000342,0.3698861228999658,0.0,0.3698861228999658,False,False,False
WBCIC,2|S1|T55,2,1,1.0,0.6573562037823781,1,1.0,0.0,0.0,0.0,False,False,False
WBCIC,2|S1|T56,2,1,0.0,0.2482345354835962,0,1.0,0.0,0.0,0.0,True,False,False
WBCIC,2|S1|T57,2,0,0.0,0.24492549795938193,0,1.0,0.0,0.0,0.0,True,False,False
WBCIC,2|S1|T58,2,1,0.6666666666666667,0.5942398512906938,1,0.6304384537407585,0.3695615462592416,0.0,0.3695615462592416,False,False,False
WBCIC,2|S1|T59,2,1,1.0,0.600340459898226,1,0.505610798802999,0.0,0.4943892011970011,0.4943892011970011,False,False,False
WBCIC,2|S1|T6,2,0,0.0,0.36654648131682027,0,1.0,0.0,0.0,0.0,False,False,False
WBCIC,2|S1|T60,2,0,0.0,0.1687444552409895,0,1.0,0.0,0.0,0.0,True,False,False
WBCIC,2|S1|T61,2,0,1.0,0.5656226393333534,1,0.5062393506256598,0.4937606493743401,0.0,0.4937606493743401,False,False,False
WBCIC,2|S1|T62,2,1,0.33333333333333326,0.572060691586789,1,1.0,0.0,0.0,0.0,False,False,False
WBCIC,2|S1|T63,2,0,0.6666666666666667,0.6010959809653045,1,1.0,0.0,0.0,0.0,False,False,False
WBCIC,2|S1|T64,2,0,0.0,0.2281886280566124,0,1.0,0.0,0.0,0.0,True,False,False
WBCIC,2|S1|T65,2,1,0.0,0.14213361384286172,0,1.0,0.0,0.0,0.0,True,False,False
WBCIC,2|S1|T66,2,0,0.33333333333333326,0.4310121003643463,0,1.0,0.0,0.0,0.0,False,False,False
WBCIC,2|S1|T67,2,1,0.33333333333333326,0.7241392112704591,1,1.0,0.0,0.0,0.0,False,False,False
WBCIC,2|S1|T68,2,0,0.0,0.6533574658886815,1,1.0,0.0,0.0,0.0,False,False,False
WBCIC,2|S1|T69,2,1,0.0,0.6787056959420007,1,1.0,0.0,0.0,0.0,False,False,False
WBCIC,2|S1|T7,2,1,1.0,0.6811112654562321,1,1.0,0.0,0.0,0.0,False,False,False
WBCIC,2|S1|T70,2,1,0.0,0.0803050435170344,0,1.0,0.0,0.0,0.0,True,False,False
WBCIC,2|S1|T71,2,0,0.0,0.8457048539059641,1,1.0,0.0,0.0,0.0,True,False,False
WBCIC,2|S1|T72,2,0,0.33333333333333326,0.6035665093206667,1,1.0,0.0,0.0,0.0,False,False,False
WBCIC,2|S1|T73,2,1,0.0,0.29986059768277384,0,1.0,0.0,0.0,0.0,True,False,False
WBCIC,2|S1|T74,2,1,0.0,0.6317653884446458,1,1.0,0.0,0.0,0.0,False,False,False
WBCIC,2|S1|T75,2,0,0.33333333333333326,0.578992840311377,1,1.0,0.0,0.0,0.0,False,False,False
WBCIC,2|S1|T76,2,0,0.33333333333333326,0.28425615199265447,0,0.7672644532019004,0.23273554679809957,0.0,0.23273554679809957,False,False,False
WBCIC,2|S1|T77,2,1,0.33333333333333326,0.4229406214521121,0,1.0,0.0,0.0,0.0,False,False,False
WBCIC,2|S1|T78,2,1,0.0,0.24211918526390666,0,1.0,0.0,0.0,0.0,True,False,False
WBCIC,2|S1|T79,2,0,0.0,0.32368657714823423,0,1.0,0.0,0.0,0.0,False,False,False
WBCIC,2|S1|T8,2,1,0.0,0.23683870037571167,0,1.0,0.0,0.0,0.0,True,False,False
WBCIC,2|S1|T80,2,1,0.33333333333333326,0.6166447225856785,1,1.0,0.0,0.0,0.0,False,False,False
WBCIC,2|S1|T81,2,1,0.0,0.8090990032814586,1,1.0,0.0,0.0,0.0,True,False,False
WBCIC,2|S1|T82,2,1,0.33333333333333326,0.49587406152253166,0,0.7727443064943305,0.0,0.22725569350566963,0.22725569350566963,False,False,False
WBCIC,2|S1|T83,2,0,0.0,0.37397338976471883,0,1.0,0.0,0.0,0.0,False,False,False
WBCIC,2|S1|T84,2,1,0.33333333333333326,0.43693894380928694,0,1.0,0.0,0.0,0.0,False,False,False
WBCIC,2|S1|T85,2,1,1.0,0.5943872918846289,1,0.5136280031101141,0.48637199688988586,0.0,0.48637199688988586,False,False,False
WBCIC,2|S1|T86,2,0,0.33333333333333326,0.6778785083789223,1,1.0,0.0,0.0,0.0,False,False,False
WBCIC,2|S1|T87,2,1,0.0,0.19995550808547394,0,1.0,0.0,0.0,0.0,True,False,False
WBCIC,2|S1|T88,2,0,1.0,0.46370274408782847,0,1.0,0.0,0.0,0.0,False,False,False
WBCIC,2|S1|T89,2,1,0.0,0.19325931800299603,0,1.0,0.0,0.0,0.0,True,False,False
WBCIC,2|S1|T9,2,0,0.0,0.3269952666997622,0,1.0,0.0,0.0,0.0,False,False,False
WBCIC,2|S1|T90,2,0,0.0,0.18645063289614602,0,1.0,0.0,0.0,0.0,True,False,False
WBCIC,2|S1|T91,2,1,0.33333333333333326,0.34592079488178434,0,1.0,0.0,0.0,0.0,False,False,False
WBCIC,2|S1|T92,2,1,0.0,0.28421904479223553,0,1.0,0.0,0.0,0.0,True,False,False
WBCIC,2|S1|T93,2,0,0.0,0.6880177726392368,1,1.0,0.0,0.0,0.0,False,False,False
WBCIC,2|S1|T94,2,1,0.0,0.16606410842233651,0,1.0,0.0,0.0,0.0,True,False,False
WBCIC,2|S1|T95,2,0,0.0,0.3690304237331598,0,1.0,0.0,0.0,0.0,False,False,False
WBCIC,2|S1|T96,2,0,0.6666666666666666,0.45427039333022523,0,1.0,0.0,0.0,0.0,False,False,False
WBCIC,2|S1|T97,2,1,0.6666666666666667,0.6165894133139272,1,0.6371522488303416,0.36284775116965845,0.0,0.36284775116965845,False,False,False
WBCIC,2|S1|T98,2,0,0.0,0.35683127682777926,0,1.0,0.0,0.0,0.0,False,False,False
WBCIC,2|S1|T99,2,0,0.33333333333333326,0.41141940833197815,0,1.0,0.0,0.0,0.0,False,False,False
WBCIC,30|S1|T0,30,1,0.0,0.8380894974542626,1,1.0,0.0,0.0,0.0,True,False,False
WBCIC,30|S1|T1,30,1,0.0,0.8753647521467275,1,1.0,0.0,0.0,0.0,True,False,False
WBCIC,30|S1|T10,30,1,0.6666666666666666,0.4957417654848417,0,0.6395310004890923,0.0,0.3604689995109077,0.3604689995109077,False,False,False
WBCIC,30|S1|T100,30,0,0.0,0.0966546208723514,0,1.0,0.0,0.0,0.0,True,False,False
WBCIC,30|S1|T101,30,0,0.0,0.17485519535401908,0,1.0,0.0,0.0,0.0,True,False,False
WBCIC,30|S1|T102,30,1,0.0,0.7993744439484979,1,1.0,0.0,0.0,0.0,True,False,False
WBCIC,30|S1|T103,30,0,0.0,0.16191854792027532,0,1.0,0.0,0.0,0.0,True,False,False
WBCIC,30|S1|T104,30,1,0.0,0.8288518953574195,1,1.0,0.0,0.0,0.0,True,False,False
WBCIC,30|S1|T105,30,1,0.0,0.8519207457204053,1,1.0,0.0,0.0,0.0,True,False,False
WBCIC,30|S1|T106,30,0,0.0,0.12199600228406214,0,1.0,0.0,0.0,0.0,True,False,False
WBCIC,30|S1|T107,30,1,0.0,0.812240550637877,1,1.0,0.0,0.0,0.0,True,False,False
WBCIC,30|S1|T108,30,0,0.0,0.09283902854477001,0,1.0,0.0,0.0,0.0,True,False,False
WBCIC,30|S1|T109,30,1,0.0,0.7749715395246187,1,1.0,0.0,0.0,0.0,True,False,False
WBCIC,30|S1|T11,30,1,1.0,0.47515905945591846,0,1.0,0.0,0.0,0.0,False,False,False
WBCIC,30|S1|T110,30,0,0.0,0.2657077324926899,0,1.0,0.0,0.0,0.0,True,False,False
WBCIC,30|S1|T111,30,1,0.0,0.3174912992598628,0,1.0,0.0,0.0,0.0,False,False,False
WBCIC,30|S1|T112,30,1,0.33333333333333326,0.5990458310219006,1,1.0,0.0,0.0,0.0,False,False,False
WBCIC,30|S1|T113,30,0,0.0,0.093758005545586,0,1.0,0.0,0.0,0.0,True,False,False
WBCIC,30|S1|T114,30,0,0.6666666666666666,0.40862116036200224,0,1.0,0.0,0.0,0.0,False,False,False
WBCIC,30|S1|T115,30,0,0.0,0.14141681174818302,0,1.0,0.0,0.0,0.0,True,False,False
WBCIC,30|S1|T116,30,1,0.33333333333333326,0.43473447475989213,0,0.7601411296966479,0.0,0.2398588703033521,0.2398588703033521,False,False,False
WBCIC,30|S1|T117,30,1,0.0,0.7094119798659902,1,1.0,0.0,0.0,0.0,True,False,False
WBCIC,30|S1|T118,30,0,0.0,0.2629007416407153,0,1.0,0.0,0.0,0.0,True,False,False
WBCIC,30|S1|T119,30,0,0.0,0.1329438260957556,0,1.0,0.0,0.0,0.0,True,False,False
WBCIC,30|S1|T12,30,1,1.0,0.3621900232543034,0,1.0,0.0,0.0,0.0,False,False,False
WBCIC,30|S1|T120,30,0,0.0,0.09703859964298002,0,1.0,0.0,0.0,0.0,True,False,False
WBCIC,30|S1|T121,30,1,0.33333333333333326,0.7056471043205419,1,0.7640215485387987,0.2359784514612014,0.0,0.2359784514612014,False,False,False
WBCIC,30|S1|T122,30,0,0.0,0.08428726595707885,0,1.0,0.0,0.0,0.0,True,False,False
WBCIC,30|S1|T123,30,1,0.0,0.7739790667160739,1,1.0,0.0,0.0,0.0,True,False,False
WBCIC,30|S1|T124,30,1,0.0,0.6747685114782694,1,1.0,0.0,0.0,0.0,False,False,False
WBCIC,30|S1|T125,30,0,0.0,0.12782902060836782,0,1.0,0.0,0.0,0.0,True,False,False
WBCIC,30|S1|T126,30,0,0.0,0.06136236287733519,0,1.0,0.0,0.0,0.0,True,False,False
WBCIC,30|S1|T127,30,1,0.0,0.815545871996676,1,1.0,0.0,0.0,0.0,True,False,False
WBCIC,30|S1|T128,30,0,0.0,0.15642831092999612,0,1.0,0.0,0.0,0.0,True,False,False
WBCIC,30|S1|T129,30,0,0.0,0.3157364120747611,0,1.0,0.0,0.0,0.0,False,False,False
WBCIC,30|S1|T13,30,0,0.33333333333333326,0.5452064936707541,1,0.7700171156066956,0.0,0.22998288439330436,0.22998288439330436,False,False,False
WBCIC,30|S1|T130,30,1,0.0,0.7473134789509004,1,1.0,0.0,0.0,0.0,True,False,False
WBCIC,30|S1|T131,30,0,0.0,0.37597134047388175,0,1.0,0.0,0.0,0.0,False,False,False
WBCIC,30|S1|T132,30,1,0.0,0.8599883016508346,1,1.0,0.0,0.0,0.0,True,False,False
WBCIC,30|S1|T133,30,1,0.0,0.7752200168633802,1,1.0,0.0,0.0,0.0,True,False,False
WBCIC,30|S1|T134,30,0,0.0,0.11999371681108133,0,1.0,0.0,0.0,0.0,True,False,False
WBCIC,30|S1|T135,30,0,0.0,0.1376520846317936,0,1.0,0.0,0.0,0.0,True,False,False
WBCIC,30|S1|T136,30,1,0.33333333333333326,0.712576725097663,1,1.0,0.0,0.0,0.0,False,False,False
WBCIC,30|S1|T137,30,1,0.0,0.8485820952536799,1,1.0,0.0,0.0,0.0,True,False,False
WBCIC,30|S1|T138,30,1,0.0,0.6390694385124753,1,1.0,0.0,0.0,0.0,False,False,False
WBCIC,30|S1|T139,30,0,1.0,0.5073501384051654,1,1.0,0.0,0.0,0.0,False,False,False
WBCIC,30|S1|T14,30,1,0.0,0.8005059044305947,1,1.0,0.0,0.0,0.0,True,False,False
WBCIC,30|S1|T140,30,1,0.0,0.6639011537047009,1,1.0,0.0,0.0,0.0,False,False,False
WBCIC,30|S1|T141,30,1,0.0,0.9005745398876565,1,1.0,0.0,0.0,0.0,True,False,False
WBCIC,30|S1|T142,30,0,0.0,0.26133830285698345,0,1.0,0.0,0.0,0.0,True,False,False
WBCIC,30|S1|T143,30,0,0.33333333333333326,0.519674095370677,1,1.0,0.0,0.0,0.0,False,False,False
WBCIC,30|S1|T144,30,0,0.0,0.120478012199292,0,1.0,0.0,0.0,0.0,True,False,False
WBCIC,30|S1|T145,30,1,0.0,0.7074334920102284,1,1.0,0.0,0.0,0.0,True,False,False
WBCIC,30|S1|T146,30,1,0.33333333333333326,0.6315634951983511,1,0.6140716657477766,0.19175254556726684,0.19417578868495666,0.3859283342522235,False,False,False
WBCIC,30|S1|T147,30,1,0.0,0.7238058992851258,1,1.0,0.0,0.0,0.0,True,False,False
WBCIC,30|S1|T148,30,1,0.0,0.8139345223906073,1,1.0,0.0,0.0,0.0,True,False,False
WBCIC,30|S1|T149,30,0,0.33333333333333326,0.34031362490556194,0,0.7649697567348682,0.23503024326513186,0.0,0.23503024326513186,False,False,False
WBCIC,30|S1|T15,30,1,0.6666666666666667,0.5124724716534289,1,1.0,0.0,0.0,0.0,False,False,False
WBCIC,30|S1|T150,30,1,0.0,0.8130553240456185,1,1.0,0.0,0.0,0.0,True,False,False
WBCIC,30|S1|T151,30,0,0.0,0.09362420814314992,0,1.0,0.0,0.0,0.0,True,False,False
WBCIC,30|S1|T152,30,0,0.0,0.09704503351237927,0,1.0,0.0,0.0,0.0,True,False,False
WBCIC,30|S1|T153,30,0,0.0,0.11995045975448244,0,1.0,0.0,0.0,0.0,True,False,False
WBCIC,30|S1|T154,30,1,0.0,0.733370872560042,1,1.0,0.0,0.0,0.0,True,False,False
WBCIC,30|S1|T155,30,0,0.0,0.12184392327807642,0,1.0,0.0,0.0,0.0,True,False,False
WBCIC,30|S1|T156,30,1,0.0,0.8640582804858276,1,1.0,0.0,0.0,0.0,True,False,False
WBCIC,30|S1|T157,30,1,0.0,0.7576343783999059,1,1.0,0.0,0.0,0.0,True,False,False
WBCIC,30|S1|T158,30,0,0.0,0.11790844871827799,0,1.0,0.0,0.0,0.0,True,False,False
WBCIC,30|S1|T159,30,0,0.0,0.17573570491273593,0,1.0,0.0,0.0,0.0,True,False,False
WBCIC,30|S1|T16,30,0,0.0,0.1360348799076476,0,1.0,0.0,0.0,0.0,True,False,False
WBCIC,30|S1|T160,30,1,0.33333333333333326,0.4046129335129124,0,0.6171320716820383,0.1920212780915601,0.19084665022640154,0.3828679283179617,False,False,False
WBCIC,30|S1|T161,30,0,0.33333333333333326,0.40447266012461186,0,0.765888217415361,0.0,0.23411178258463908,0.23411178258463908,False,False,False
WBCIC,30|S1|T162,30,1,0.0,0.7633354928648272,1,1.0,0.0,0.0,0.0,True,False,False
WBCIC,30|S1|T163,30,0,0.0,0.12783244826400952,0,1.0,0.0,0.0,0.0,True,False,False
WBCIC,30|S1|T164,30,0,0.0,0.15219022081826913,0,1.0,0.0,0.0,0.0,True,False,False
WBCIC,30|S1|T165,30,0,0.0,0.22911226202458093,0,1.0,0.0,0.0,0.0,True,False,False
WBCIC,30|S1|T166,30,0,0.0,0.1414879331950043,0,1.0,0.0,0.0,0.0,True,False,False
WBCIC,30|S1|T167,30,1,0.0,0.8234834720734865,1,1.0,0.0,0.0,0.0,True,False,False
WBCIC,30|S1|T168,30,0,0.0,0.10728722161002614,0,1.0,0.0,0.0,0.0,True,False,False
WBCIC,30|S1|T169,30,1,0.0,0.6671406531323422,1,1.0,0.0,0.0,0.0,False,False,False
WBCIC,30|S1|T17,30,0,0.0,0.09314390056902827,0,1.0,0.0,0.0,0.0,True,False,False
WBCIC,30|S1|T170,30,1,0.0,0.7419850809055969,1,1.0,0.0,0.0,0.0,True,False,False
WBCIC,30|S1|T171,30,0,1.0,0.47063133817228514,0,1.0,0.0,0.0,0.0,False,False,False
WBCIC,30|S1|T172,30,0,0.0,0.14416711084993805,0,1.0,0.0,0.0,0.0,True,False,False
WBCIC,30|S1|T173,30,0,0.0,0.17207509174043464,0,1.0,0.0,0.0,0.0,True,False,False
WBCIC,30|S1|T174,30,1,0.0,0.8262077077495767,1,1.0,0.0,0.0,0.0,True,False,False
WBCIC,30|S1|T175,30,1,0.0,0.885782228245562,1,1.0,0.0,0.0,0.0,True,False,False
WBCIC,30|S1|T176,30,0,0.0,0.2863101216765717,0,1.0,0.0,0.0,0.0,True,False,False
WBCIC,30|S1|T177,30,1,0.6666666666666666,0.5106678657507489,1,0.6231870263206891,0.0,0.3768129736793109,0.3768129736793109,False,True,False
WBCIC,30|S1|T178,30,0,0.0,0.21751119868863855,0,1.0,0.0,0.0,0.0,True,False,False
WBCIC,30|S1|T179,30,0,0.0,0.12458026322605063,0,1.0,0.0,0.0,0.0,True,False,False
WBCIC,30|S1|T18,30,0,0.0,0.1302294753538514,0,1.0,0.0,0.0,0.0,True,False,False
WBCIC,30|S1|T180,30,1,0.0,0.5610704661847615,1,1.0,0.0,0.0,0.0,False,False,False
WBCIC,30|S1|T181,30,0,0.0,0.10030996633976286,0,1.0,0.0,0.0,0.0,True,False,False
WBCIC,30|S1|T182,30,1,0.0,0.7515108422242123,1,1.0,0.0,0.0,0.0,True,False,False
WBCIC,30|S1|T183,30,0,0.0,0.0894012565276102,0,1.0,0.0,0.0,0.0,True,False,False
WBCIC,30|S1|T184,30,0,0.0,0.14028689644876055,0,1.0,0.0,0.0,0.0,True,False,False
WBCIC,30|S1|T185,30,1,0.0,0.7780172276917766,1,1.0,0.0,0.0,0.0,True,False,False
WBCIC,30|S1|T186,30,1,0.0,0.709393646732567,1,1.0,0.0,0.0,0.0,True,False,False
WBCIC,30|S1|T187,30,0,0.0,0.25631547125419235,0,1.0,0.0,0.0,0.0,True,False,False
WBCIC,30|S1|T188,30,0,0.0,0.2502739922742871,0,1.0,0.0,0.0,0.0,True,False,False
WBCIC,30|S1|T189,30,0,0.0,0.10275512536197583,0,1.0,0.0,0.0,0.0,True,False,False
WBCIC,30|S1|T19,30,1,0.6666666666666667,0.6575128029311318,1,1.0,0.0,0.0,0.0,False,False,False
WBCIC,30|S1|T190,30,1,0.0,0.6485527078381149,1,1.0,0.0,0.0,0.0,False,False,False
WBCIC,30|S1|T191,30,1,0.6666666666666667,0.6970467986510952,1,1.0,0.0,0.0,0.0,False,False,False
WBCIC,30|S1|T192,30,1,0.0,0.641583183784565,1,1.0,0.0,0.0,0.0,False,False,False
WBCIC,30|S1|T193,30,1,0.33333333333333326,0.7516896232869632,1,1.0,0.0,0.0,0.0,False,False,False
WBCIC,30|S1|T194,30,0,0.0,0.0970308233807957,0,1.0,0.0,0.0,0.0,True,False,False
WBCIC,30|S1|T195,30,1,0.0,0.793987765748994,1,1.0,0.0,0.0,0.0,True,False,False
WBCIC,30|S1|T196,30,1,0.0,0.8816603445778085,1,1.0,0.0,0.0,0.0,True,False,False
WBCIC,30|S1|T197,30,1,0.0,0.7749312675513133,1,1.0,0.0,0.0,0.0,True,False,False
WBCIC,30|S1|T198,30,1,1.0,0.4103515459686264,0,1.0,0.0,0.0,0.0,False,False,False
WBCIC,30|S1|T199,30,0,0.0,0.14499973055573992,0,1.0,0.0,0.0,0.0,True,False,False
WBCIC,30|S1|T2,30,0,0.0,0.1585600789484517,0,1.0,0.0,0.0,0.0,True,False,False
WBCIC,30|S1|T20,30,1,0.0,0.6714222311878957,1,1.0,0.0,0.0,0.0,False,False,False
WBCIC,30|S1|T21,30,1,0.0,0.8680078827269039,1,1.0,0.0,0.0,0.0,True,False,False
WBCIC,30|S1|T22,30,0,0.33333333333333326,0.3332201168606753,0,0.7678220346304699,0.23217796536953006,0.0,0.23217796536953006,False,False,False
WBCIC,30|S1|T23,30,0,0.0,0.09406811321954096,0,1.0,0.0,0.0,0.0,True,False,False
WBCIC,30|S1|T24,30,1,0.0,0.7893166791638718,1,1.0,0.0,0.0,0.0,True,False,False
WBCIC,30|S1|T25,30,0,0.6666666666666667,0.5624557308938839,1,1.0,0.0,0.0,0.0,False,False,False
WBCIC,30|S1|T26,30,0,0.6666666666666666,0.49412245167705376,0,1.0,0.0,0.0,0.0,False,False,False
WBCIC,30|S1|T27,30,1,0.33333333333333326,0.6167509077464569,1,1.0,0.0,0.0,0.0,False,False,False
WBCIC,30|S1|T28,30,0,0.0,0.07557241100960109,0,1.0,0.0,0.0,0.0,True,False,False
WBCIC,30|S1|T29,30,0,0.0,0.10122419481693146,0,1.0,0.0,0.0,0.0,True,False,False
WBCIC,30|S1|T3,30,0,0.0,0.36622076464078773,0,1.0,0.0,0.0,0.0,False,False,False
WBCIC,30|S1|T30,30,1,0.0,0.7525112855696725,1,1.0,0.0,0.0,0.0,True,False,False
WBCIC,30|S1|T31,30,1,0.0,0.8070271042456745,1,1.0,0.0,0.0,0.0,True,False,False
WBCIC,30|S1|T32,30,1,0.0,0.7419499197325042,1,1.0,0.0,0.0,0.0,True,False,False
WBCIC,30|S1|T33,30,0,0.0,0.09043079850865667,0,1.0,0.0,0.0,0.0,True,False,False
WBCIC,30|S1|T34,30,0,0.0,0.0643711674422205,0,1.0,0.0,0.0,0.0,True,False,False
WBCIC,30|S1|T35,30,0,0.0,0.22516534939473196,0,1.0,0.0,0.0,0.0,True,False,False
WBCIC,30|S1|T36,30,0,0.0,0.05674846823824197,0,1.0,0.0,0.0,0.0,True,False,False
WBCIC,30|S1|T37,30,0,0.0,0.15912792149441093,0,1.0,0.0,0.0,0.0,True,False,False
WBCIC,30|S1|T38,30,1,0.0,0.825112099481387,1,1.0,0.0,0.0,0.0,True,False,False
WBCIC,30|S1|T39,30,1,0.0,0.7092723025561208,1,1.0,0.0,0.0,0.0,True,False,False
WBCIC,30|S1|T4,30,1,1.0,0.4780267079702296,0,0.5070206243249273,0.4929793756750727,0.0,0.4929793756750727,False,False,False
WBCIC,30|S1|T40,30,0,1.0,0.5526762156770207,1,1.0,0.0,0.0,0.0,False,False,False
WBCIC,30|S1|T41,30,0,0.0,0.12354776288984524,0,1.0,0.0,0.0,0.0,True,False,False
WBCIC,30|S1|T42,30,0,0.33333333333333326,0.17648353416057985,0,0.7630138675189649,0.23698613248103506,0.0,0.23698613248103506,False,False,False
WBCIC,30|S1|T43,30,0,0.0,0.21405953179131051,0,1.0,0.0,0.0,0.0,True,False,False
WBCIC,30|S1|T44,30,1,0.0,0.7899264188518452,1,1.0,0.0,0.0,0.0,True,False,False
WBCIC,30|S1|T45,30,1,0.0,0.8678084948034953,1,1.0,0.0,0.0,0.0,True,False,False
WBCIC,30|S1|T46,30,1,0.0,0.8259775753775574,1,1.0,0.0,0.0,0.0,True,False,False
WBCIC,30|S1|T47,30,0,0.0,0.13656014276369874,0,1.0,0.0,0.0,0.0,True,False,False
WBCIC,30|S1|T48,30,0,0.0,0.22119464205133607,0,1.0,0.0,0.0,0.0,True,False,False
WBCIC,30|S1|T49,30,1,0.0,0.6083942526060465,1,1.0,0.0,0.0,0.0,False,False,False
WBCIC,30|S1|T5,30,1,0.0,0.9017395674107745,1,1.0,0.0,0.0,0.0,True,False,False
WBCIC,30|S1|T50,30,0,0.0,0.25223265791223,0,1.0,0.0,0.0,0.0,True,False,False
WBCIC,30|S1|T51,30,1,0.0,0.8764608752538101,1,1.0,0.0,0.0,0.0,True,False,False
WBCIC,30|S1|T52,30,0,1.0,0.49127417111970617,0,1.0,0.0,0.0,0.0,False,False,False
WBCIC,30|S1|T53,30,0,0.0,0.07415235769218159,0,1.0,0.0,0.0,0.0,True,False,False
WBCIC,30|S1|T54,30,0,0.33333333333333326,0.3831884476693425,0,0.7662733588831977,0.23372664111680239,0.0,0.23372664111680239,False,False,False
WBCIC,30|S1|T55,30,0,0.0,0.13434628363289455,0,1.0,0.0,0.0,0.0,True,False,False
WBCIC,30|S1|T56,30,1,0.0,0.7820079900317096,1,1.0,0.0,0.0,0.0,True,False,False
WBCIC,30|S1|T57,30,1,0.0,0.8576802329485952,1,1.0,0.0,0.0,0.0,True,False,False
WBCIC,30|S1|T58,30,1,0.33333333333333326,0.6867831640497554,1,1.0,0.0,0.0,0.0,False,False,False
WBCIC,30|S1|T59,30,1,0.0,0.7760670769899204,1,1.0,0.0,0.0,0.0,True,False,False
WBCIC,30|S1|T6,30,0,0.0,0.31184460050334095,0,1.0,0.0,0.0,0.0,False,False,False
WBCIC,30|S1|T60,30,1,0.0,0.6642739234608849,1,1.0,0.0,0.0,0.0,False,False,False
WBCIC,30|S1|T61,30,1,0.6666666666666666,0.48853393159682595,0,1.0,0.0,0.0,0.0,False,False,False
WBCIC,30|S1|T62,30,1,0.0,0.7307796321744454,1,1.0,0.0,0.0,0.0,True,False,False
WBCIC,30|S1|T63,30,0,0.33333333333333326,0.4504568955098735,0,1.0,0.0,0.0,0.0,False,False,False
WBCIC,30|S1|T64,30,0,0.0,0.7216662790777953,1,1.0,0.0,0.0,0.0,True,False,False
WBCIC,30|S1|T65,30,1,0.0,0.6662779788815395,1,1.0,0.0,0.0,0.0,False,False,False
WBCIC,30|S1|T66,30,1,0.0,0.6332709863644506,1,1.0,0.0,0.0,0.0,False,False,False
WBCIC,30|S1|T67,30,0,0.0,0.11217304631740656,0,1.0,0.0,0.0,0.0,True,False,False
WBCIC,30|S1|T68,30,1,0.0,0.8367293366317874,1,1.0,0.0,0.0,0.0,True,False,False
WBCIC,30|S1|T69,30,1,0.0,0.8516536248812921,1,1.0,0.0,0.0,0.0,True,False,False
WBCIC,30|S1|T7,30,0,0.33333333333333326,0.44869077134050417,0,0.7757360326813763,0.0,0.22426396731862375,0.22426396731862375,False,False,False
WBCIC,30|S1|T70,30,0,0.0,0.14173322399339938,0,1.0,0.0,0.0,0.0,True,False,False
WBCIC,30|S1|T71,30,1,0.33333333333333326,0.5824592235531386,1,1.0,0.0,0.0,0.0,False,False,False
WBCIC,30|S1|T72,30,1,0.0,0.8515842443141916,1,1.0,0.0,0.0,0.0,True,False,False
WBCIC,30|S1|T73,30,0,0.0,0.16300349805798348,0,1.0,0.0,0.0,0.0,True,False,False
WBCIC,30|S1|T74,30,0,0.0,0.08277083306602492,0,1.0,0.0,0.0,0.0,True,False,False
WBCIC,30|S1|T75,30,0,0.33333333333333326,0.25624939885687575,0,0.7644826077471198,0.23551739225288015,0.0,0.23551739225288015,False,False,False
WBCIC,30|S1|T76,30,1,1.0,0.6358358445415083,1,1.0,0.0,0.0,0.0,False,False,False
WBCIC,30|S1|T77,30,0,0.0,0.14461321459674675,0,1.0,0.0,0.0,0.0,True,False,False
WBCIC,30|S1|T78,30,1,0.33333333333333326,0.6397510654159457,1,0.7621424000480883,0.23785759995191177,0.0,0.23785759995191177,False,False,False
WBCIC,30|S1|T79,30,0,0.0,0.3048449530116781,0,1.0,0.0,0.0,0.0,False,False,False
WBCIC,30|S1|T8,30,1,0.6666666666666666,0.4402525770551063,0,1.0,0.0,0.0,0.0,False,False,False
WBCIC,30|S1|T80,30,1,1.0,0.5011851989589958,1,0.497281900608127,0.5027180993918731,0.0,0.5027180993918731,False,True,False
WBCIC,30|S1|T81,30,0,0.0,0.11632946682897237,0,1.0,0.0,0.0,0.0,True,False,False
WBCIC,30|S1|T82,30,1,0.0,0.8603458205548432,1,1.0,0.0,0.0,0.0,True,False,False
WBCIC,30|S1|T83,30,1,0.0,0.6167674369233619,1,1.0,0.0,0.0,0.0,False,False,False
WBCIC,30|S1|T84,30,0,0.0,0.06775505994172878,0,1.0,0.0,0.0,0.0,True,False,False
WBCIC,30|S1|T85,30,1,0.0,0.8142112697582614,1,1.0,0.0,0.0,0.0,True,False,False
WBCIC,30|S1|T86,30,1,0.0,0.7219970063705575,1,1.0,0.0,0.0,0.0,True,False,False
WBCIC,30|S1|T87,30,0,0.33333333333333326,0.6916102032670063,1,1.0,0.0,0.0,0.0,False,False,False
WBCIC,30|S1|T88,30,0,0.33333333333333326,0.38759442369744096,0,1.0,0.0,0.0,0.0,False,False,False
WBCIC,30|S1|T89,30,1,0.0,0.749857419388343,1,1.0,0.0,0.0,0.0,True,False,False
WBCIC,30|S1|T9,30,0,0.0,0.0846050191678096,0,1.0,0.0,0.0,0.0,True,False,False
WBCIC,30|S1|T90,30,1,0.0,0.38493798803938734,0,1.0,0.0,0.0,0.0,False,False,False
WBCIC,30|S1|T91,30,1,0.0,0.6293317371541349,1,1.0,0.0,0.0,0.0,False,False,False
WBCIC,30|S1|T92,30,1,0.0,0.7992325802913829,1,1.0,0.0,0.0,0.0,True,False,False
WBCIC,30|S1|T93,30,1,0.0,0.6805801498413543,1,1.0,0.0,0.0,0.0,False,False,False
WBCIC,30|S1|T94,30,0,1.0,0.522440049524759,1,0.523480480189105,0.0,0.4765195198108951,0.4765195198108951,False,False,False
WBCIC,30|S1|T95,30,0,0.0,0.249590739841648,0,1.0,0.0,0.0,0.0,True,False,False
WBCIC,30|S1|T96,30,0,0.33333333333333326,0.3292249261989208,0,1.0,0.0,0.0,0.0,False,False,False
WBCIC,30|S1|T97,30,0,0.0,0.13130288691160039,0,1.0,0.0,0.0,0.0,True,False,False
WBCIC,30|S1|T98,30,1,0.0,0.7622732143149111,1,1.0,0.0,0.0,0.0,True,False,False
WBCIC,30|S1|T99,30,0,0.0,0.12266906191270109,0,1.0,0.0,0.0,0.0,True,False,False
WBCIC,31|S1|T0,31,0,0.0,0.2683118837852581,0,1.0,0.0,0.0,0.0,True,False,False
WBCIC,31|S1|T1,31,0,0.0,0.1547208421608981,0,1.0,0.0,0.0,0.0,True,False,False
WBCIC,31|S1|T10,31,1,0.0,0.8480365444818997,1,1.0,0.0,0.0,0.0,True,False,False
WBCIC,31|S1|T100,31,1,0.0,0.24349026044574387,0,1.0,0.0,0.0,0.0,True,False,False
WBCIC,31|S1|T101,31,0,0.6666666666666666,0.40736410644734283,0,1.0,0.0,0.0,0.0,False,False,False
WBCIC,31|S1|T102,31,1,0.33333333333333326,0.4025882329500767,0,1.0,0.0,0.0,0.0,False,False,False
WBCIC,31|S1|T103,31,0,0.0,0.09962213409119391,0,1.0,0.0,0.0,0.0,True,False,False
WBCIC,31|S1|T104,31,0,1.0,0.46813822241024544,0,1.0,0.0,0.0,0.0,False,False,False
WBCIC,31|S1|T105,31,0,0.6666666666666666,0.3293311050393013,0,0.6521688560737157,0.0,0.34783114392628445,0.34783114392628445,False,False,False
WBCIC,31|S1|T106,31,1,0.33333333333333326,0.6730250785404153,1,0.7601706623795766,0.0,0.2398293376204233,0.2398293376204233,False,False,False
WBCIC,31|S1|T107,31,1,0.33333333333333326,0.33178804375340215,0,1.0,0.0,0.0,0.0,False,False,False
WBCIC,31|S1|T108,31,1,0.0,0.7890809960263852,1,1.0,0.0,0.0,0.0,True,False,False
WBCIC,31|S1|T109,31,0,0.33333333333333326,0.3800804157381339,0,1.0,0.0,0.0,0.0,False,False,False
WBCIC,31|S1|T11,31,1,0.0,0.2683999404016739,0,1.0,0.0,0.0,0.0,True,False,False
WBCIC,31|S1|T110,31,1,0.0,0.874741785497878,1,1.0,0.0,0.0,0.0,True,False,False
WBCIC,31|S1|T111,31,1,1.0,0.5289619161835134,1,1.0,0.0,0.0,0.0,False,False,False
WBCIC,31|S1|T112,31,0,0.0,0.28899295971117506,0,1.0,0.0,0.0,0.0,True,False,False
WBCIC,31|S1|T113,31,0,1.0,0.47073583110965467,0,0.3681220819986487,0.319214323735664,0.3126635942656873,0.6318779180013513,False,False,False
WBCIC,31|S1|T114,31,1,0.6666666666666666,0.4855483582839469,0,1.0,0.0,0.0,0.0,False,False,False
WBCIC,31|S1|T115,31,1,0.0,0.29855838112300975,0,1.0,0.0,0.0,0.0,True,False,False
WBCIC,31|S1|T116,31,1,0.0,0.9201763631573616,1,1.0,0.0,0.0,0.0,True,False,False
WBCIC,31|S1|T117,31,1,0.33333333333333326,0.6589257910333949,1,1.0,0.0,0.0,0.0,False,False,False
WBCIC,31|S1|T118,31,0,0.0,0.17232276439212765,0,1.0,0.0,0.0,0.0,True,False,False
WBCIC,31|S1|T119,31,0,0.0,0.2419541962863876,0,1.0,0.0,0.0,0.0,True,False,False
WBCIC,31|S1|T12,31,1,0.0,0.22886252118410202,0,1.0,0.0,0.0,0.0,True,False,False
WBCIC,31|S1|T120,31,0,0.0,0.36202671068697395,0,1.0,0.0,0.0,0.0,False,False,False
WBCIC,31|S1|T121,31,1,0.33333333333333326,0.6268739342766882,1,1.0,0.0,0.0,0.0,False,False,False
WBCIC,31|S1|T122,31,1,0.33333333333333326,0.6644260333085574,1,1.0,0.0,0.0,0.0,False,False,False
WBCIC,31|S1|T123,31,1,1.0,0.6464441021422777,1,1.0,0.0,0.0,0.0,False,False,False
WBCIC,31|S1|T124,31,0,0.0,0.18768944759728315,0,1.0,0.0,0.0,0.0,True,False,False
WBCIC,31|S1|T125,31,1,0.0,0.30062108528919645,0,1.0,0.0,0.0,0.0,False,False,False
WBCIC,31|S1|T126,31,1,0.6666666666666666,0.41247537187654565,0,1.0,0.0,0.0,0.0,False,False,False
WBCIC,31|S1|T127,31,0,0.0,0.2523465947073638,0,1.0,0.0,0.0,0.0,True,False,False
WBCIC,31|S1|T128,31,0,0.33333333333333326,0.3327867701411511,0,1.0,0.0,0.0,0.0,False,False,False
WBCIC,31|S1|T129,31,0,0.0,0.2940339556358447,0,1.0,0.0,0.0,0.0,True,False,False
WBCIC,31|S1|T13,31,1,1.0,0.5601479997375736,1,0.6083359611693551,0.0,0.3916640388306449,0.3916640388306449,False,True,False
WBCIC,31|S1|T130,31,0,0.0,0.7786846079817727,1,1.0,0.0,0.0,0.0,True,False,False
WBCIC,31|S1|T131,31,0,0.0,0.27321416787765723,0,1.0,0.0,0.0,0.0,True,False,False
WBCIC,31|S1|T132,31,1,1.0,0.5133866938836199,1,1.0,0.0,0.0,0.0,False,False,False
WBCIC,31|S1|T133,31,1,0.0,0.19633698313026549,0,1.0,0.0,0.0,0.0,True,False,False
WBCIC,31|S1|T134,31,0,0.0,0.20589224602658,0,1.0,0.0,0.0,0.0,True,False,False
WBCIC,31|S1|T135,31,0,0.0,0.278754717330369,0,1.0,0.0,0.0,0.0,True,False,False
WBCIC,31|S1|T136,31,0,0.0,0.6583594852804784,1,1.0,0.0,0.0,0.0,False,False,False
WBCIC,31|S1|T137,31,0,1.0,0.522301431762966,1,0.5362365911983713,0.0,0.4637634088016287,0.4637634088016287,False,False,False
WBCIC,31|S1|T138,31,0,0.0,0.19012572680143436,0,1.0,0.0,0.0,0.0,True,False,False
WBCIC,31|S1|T139,31,0,0.0,0.3302256925664186,0,1.0,0.0,0.0,0.0,False,False,False
WBCIC,31|S1|T14,31,0,0.0,0.7060531895538249,1,1.0,0.0,0.0,0.0,True,False,False
WBCIC,31|S1|T140,31,1,0.0,0.35618878260573145,0,1.0,0.0,0.0,0.0,False,False,False
WBCIC,31|S1|T141,31,0,0.6666666666666666,0.45872888028750936,0,1.0,0.0,0.0,0.0,False,False,False
WBCIC,31|S1|T142,31,1,0.6666666666666667,0.6175149982610807,1,1.0,0.0,0.0,0.0,False,False,False
WBCIC,31|S1|T143,31,0,0.6666666666666667,0.5444111198863245,1,0.643032700008676,0.0,0.356967299991324,0.356967299991324,False,False,False
WBCIC,31|S1|T144,31,1,0.0,0.2177847383467499,0,1.0,0.0,0.0,0.0,True,False,False
WBCIC,31|S1|T145,31,0,0.0,0.31154117305298185,0,1.0,0.0,0.0,0.0,False,False,False
WBCIC,31|S1|T146,31,1,0.0,0.34936361186119486,0,1.0,0.0,0.0,0.0,False,False,False
WBCIC,31|S1|T147,31,0,0.6666666666666667,0.5765018258148277,1,1.0,0.0,0.0,0.0,False,False,False
WBCIC,31|S1|T148,31,0,0.0,0.27767732548534996,0,1.0,0.0,0.0,0.0,True,False,False
WBCIC,31|S1|T149,31,0,0.6666666666666667,0.5250111743260975,1,0.6416680441571587,0.0,0.3583319558428413,0.3583319558428413,False,False,False
WBCIC,31|S1|T15,31,0,0.0,0.11740351536720241,0,1.0,0.0,0.0,0.0,True,False,False
WBCIC,31|S1|T150,31,1,0.33333333333333326,0.5880783370207411,1,1.0,0.0,0.0,0.0,False,False,False
WBCIC,31|S1|T151,31,1,0.6666666666666667,0.6203632584868207,1,1.0,0.0,0.0,0.0,False,False,False
WBCIC,31|S1|T152,31,1,0.0,0.22964290773491558,0,1.0,0.0,0.0,0.0,True,False,False
WBCIC,31|S1|T153,31,1,0.0,0.16959267129411915,0,1.0,0.0,0.0,0.0,True,False,False
WBCIC,31|S1|T154,31,1,0.33333333333333326,0.40975576700522964,0,1.0,0.0,0.0,0.0,False,False,False
WBCIC,31|S1|T155,31,1,0.33333333333333326,0.38343354943359875,0,1.0,0.0,0.0,0.0,False,False,False
WBCIC,31|S1|T156,31,0,0.0,0.1935929691054558,0,1.0,0.0,0.0,0.0,True,False,False
WBCIC,31|S1|T157,31,1,0.33333333333333326,0.6484653345002663,1,1.0,0.0,0.0,0.0,False,False,False
WBCIC,31|S1|T158,31,1,0.6666666666666666,0.39394427571122786,0,1.0,0.0,0.0,0.0,False,False,False
WBCIC,31|S1|T159,31,1,0.0,0.3557122984489922,0,1.0,0.0,0.0,0.0,False,False,False
WBCIC,31|S1|T16,31,0,0.33333333333333326,0.43410621900121654,0,0.7651014859683462,0.23489851403165382,0.0,0.23489851403165382,False,False,False
WBCIC,31|S1|T160,31,0,0.33333333333333326,0.3041471553766533,0,1.0,0.0,0.0,0.0,False,False,False
WBCIC,31|S1|T161,31,1,0.33333333333333326,0.6419652526507966,1,0.769375931253561,0.0,0.23062406874643904,0.23062406874643904,False,False,False
WBCIC,31|S1|T162,31,0,0.33333333333333326,0.37196537817678355,0,1.0,0.0,0.0,0.0,False,False,False
WBCIC,31|S1|T163,31,1,0.33333333333333326,0.6360122784375938,1,1.0,0.0,0.0,0.0,False,False,False
WBCIC,31|S1|T164,31,1,0.0,0.19080504987534244,0,1.0,0.0,0.0,0.0,True,False,False
WBCIC,31|S1|T165,31,0,0.0,0.2983675384947035,0,1.0,0.0,0.0,0.0,True,False,False
WBCIC,31|S1|T166,31,1,0.0,0.373657857991182,0,1.0,0.0,0.0,0.0,False,False,False
WBCIC,31|S1|T167,31,1,0.0,0.37559821073340194,0,1.0,0.0,0.0,0.0,False,False,False
WBCIC,31|S1|T168,31,0,0.0,0.2191449019587399,0,1.0,0.0,0.0,0.0,True,False,False
WBCIC,31|S1|T169,31,1,0.0,0.31254075541923054,0,1.0,0.0,0.0,0.0,False,False,False
WBCIC,31|S1|T17,31,0,0.0,0.3997654971603708,0,1.0,0.0,0.0,0.0,False,False,False
WBCIC,31|S1|T170,31,0,1.0,0.5293415061484853,1,1.0,0.0,0.0,0.0,False,False,False
WBCIC,31|S1|T171,31,0,0.6666666666666667,0.6093963950583854,1,0.6436351061494722,0.0,0.3563648938505279,0.3563648938505279,False,False,False
WBCIC,31|S1|T172,31,1,0.0,0.7480700407214925,1,1.0,0.0,0.0,0.0,True,False,False
WBCIC,31|S1|T173,31,0,0.0,0.7674748602308926,1,1.0,0.0,0.0,0.0,True,False,False
WBCIC,31|S1|T174,31,0,0.0,0.295547856705897,0,1.0,0.0,0.0,0.0,True,False,False
WBCIC,31|S1|T175,31,0,0.0,0.28750175678398915,0,1.0,0.0,0.0,0.0,True,False,False
WBCIC,31|S1|T176,31,1,0.0,0.22407427800432841,0,1.0,0.0,0.0,0.0,True,False,False
WBCIC,31|S1|T177,31,1,0.0,0.30839258622193555,0,1.0,0.0,0.0,0.0,False,False,False
WBCIC,31|S1|T178,31,0,1.0,0.5844725786546777,1,1.0,0.0,0.0,0.0,False,False,False
WBCIC,31|S1|T179,31,0,0.6666666666666666,0.4285673550341853,0,1.0,0.0,0.0,0.0,False,False,False
WBCIC,31|S1|T18,31,1,0.0,0.8626315236572074,1,1.0,0.0,0.0,0.0,True,False,False
WBCIC,31|S1|T180,31,0,0.0,0.30669591149603415,0,1.0,0.0,0.0,0.0,False,False,False
WBCIC,31|S1|T181,31,1,0.0,0.2923252097488122,0,1.0,0.0,0.0,0.0,True,False,False
WBCIC,31|S1|T182,31,0,0.0,0.1452455140782882,0,1.0,0.0,0.0,0.0,True,False,False
WBCIC,31|S1|T183,31,0,0.6666666666666666,0.5126755517474074,1,1.0,0.0,0.0,0.0,False,False,False
WBCIC,31|S1|T184,31,1,0.33333333333333326,0.41000138047543166,0,1.0,0.0,0.0,0.0,False,False,False
WBCIC,31|S1|T185,31,1,0.0,0.26855539800467515,0,1.0,0.0,0.0,0.0,True,False,False
WBCIC,31|S1|T186,31,1,0.6666666666666666,0.4582566629887029,0,1.0,0.0,0.0,0.0,False,False,False
WBCIC,31|S1|T187,31,1,0.0,0.2186782191193942,0,1.0,0.0,0.0,0.0,True,False,False
WBCIC,31|S1|T188,31,0,0.0,0.2671128234934129,0,1.0,0.0,0.0,0.0,True,False,False
WBCIC,31|S1|T189,31,1,0.0,0.35329831071851875,0,1.0,0.0,0.0,0.0,False,False,False
WBCIC,31|S1|T19,31,0,0.6666666666666666,0.41609235985465226,0,1.0,0.0,0.0,0.0,False,False,False
WBCIC,31|S1|T190,31,0,0.0,0.2410772236420621,0,1.0,0.0,0.0,0.0,True,False,False
WBCIC,31|S1|T191,31,0,0.6666666666666667,0.6920882800727366,1,1.0,0.0,0.0,0.0,False,False,False
WBCIC,31|S1|T192,31,0,0.0,0.2279947834127801,0,1.0,0.0,0.0,0.0,True,False,False
WBCIC,31|S1|T193,31,1,0.0,0.2159077991976289,0,1.0,0.0,0.0,0.0,True,False,False
WBCIC,31|S1|T194,31,0,0.0,0.27575664204032097,0,1.0,0.0,0.0,0.0,True,False,False
WBCIC,31|S1|T195,31,0,0.0,0.7444905597192673,1,1.0,0.0,0.0,0.0,True,False,False
WBCIC,31|S1|T196,31,1,0.6666666666666667,0.5813143729479616,1,1.0,0.0,0.0,0.0,False,False,False
WBCIC,31|S1|T197,31,1,0.6666666666666666,0.43603717376130097,0,1.0,0.0,0.0,0.0,False,False,False
WBCIC,31|S1|T198,31,1,0.33333333333333326,0.4308186591227166,0,0.7614703939380103,0.23852960606198967,0.0,0.23852960606198967,False,False,False
WBCIC,31|S1|T199,31,1,0.0,0.24329622537092585,0,1.0,0.0,0.0,0.0,True,False,False
WBCIC,31|S1|T2,31,0,0.0,0.16616339258377336,0,1.0,0.0,0.0,0.0,True,False,False
WBCIC,31|S1|T20,31,0,0.0,0.05134545686771932,0,1.0,0.0,0.0,0.0,True,False,False
WBCIC,31|S1|T21,31,1,0.0,0.2982583219462723,0,1.0,0.0,0.0,0.0,True,False,False
WBCIC,31|S1|T22,31,0,0.0,0.8009478545777133,1,1.0,0.0,0.0,0.0,True,False,False
WBCIC,31|S1|T23,31,0,1.0,0.4610075821147507,0,0.5182590615336964,0.48174093846630367,0.0,0.48174093846630367,False,False,False
WBCIC,31|S1|T24,31,1,0.33333333333333326,0.7091225747065975,1,0.7814523224874554,0.0,0.21854767751254456,0.21854767751254456,False,False,False
WBCIC,31|S1|T25,31,1,0.0,0.7596299256610107,1,1.0,0.0,0.0,0.0,True,False,False
WBCIC,31|S1|T26,31,0,0.0,0.5810274008197397,1,1.0,0.0,0.0,0.0,False,False,False
WBCIC,31|S1|T27,31,1,0.0,0.9347567285035411,1,1.0,0.0,0.0,0.0,True,False,False
WBCIC,31|S1|T28,31,1,0.33333333333333326,0.3101961049929567,0,1.0,0.0,0.0,0.0,False,False,False
WBCIC,31|S1|T29,31,1,0.0,0.8853809993969338,1,1.0,0.0,0.0,0.0,True,False,False
WBCIC,31|S1|T3,31,1,1.0,0.5534394240297754,1,1.0,0.0,0.0,0.0,False,False,False
WBCIC,31|S1|T30,31,0,1.0,0.6347378544460529,1,0.5304719365806333,0.0,0.4695280634193667,0.4695280634193667,False,False,False
WBCIC,31|S1|T31,31,1,0.6666666666666667,0.6002961036168619,1,1.0,0.0,0.0,0.0,False,False,False
WBCIC,31|S1|T32,31,1,0.6666666666666667,0.6685130948250553,1,1.0,0.0,0.0,0.0,False,False,False
WBCIC,31|S1|T33,31,0,1.0,0.5051239502564683,1,1.0,0.0,0.0,0.0,False,False,False
WBCIC,31|S1|T34,31,0,0.0,0.2527188434664034,0,1.0,0.0,0.0,0.0,True,False,False
WBCIC,31|S1|T35,31,0,0.33333333333333326,0.3839878688910157,0,1.0,0.0,0.0,0.0,False,False,False
WBCIC,31|S1|T36,31,1,0.0,0.8123788666400086,1,1.0,0.0,0.0,0.0,True,False,False
WBCIC,31|S1|T37,31,1,0.0,0.6670954946732607,1,1.0,0.0,0.0,0.0,False,False,False
WBCIC,31|S1|T38,31,0,0.6666666666666666,0.43792203748905406,0,1.0,0.0,0.0,0.0,False,False,False
WBCIC,31|S1|T39,31,1,0.0,0.9002154322368914,1,1.0,0.0,0.0,0.0,True,False,False
WBCIC,31|S1|T4,31,0,0.0,0.08851909460635476,0,1.0,0.0,0.0,0.0,True,False,False
WBCIC,31|S1|T40,31,0,0.0,0.19080573608972176,0,1.0,0.0,0.0,0.0,True,False,False
WBCIC,31|S1|T41,31,1,0.33333333333333326,0.6241348988633012,1,1.0,0.0,0.0,0.0,False,False,False
WBCIC,31|S1|T42,31,1,1.0,0.5278442140607918,1,1.0,0.0,0.0,0.0,False,False,False
WBCIC,31|S1|T43,31,1,0.0,0.36555564891516307,0,1.0,0.0,0.0,0.0,False,False,False
WBCIC,31|S1|T44,31,0,0.0,0.41644895487255756,0,1.0,0.0,0.0,0.0,False,False,False
WBCIC,31|S1|T45,31,0,0.6666666666666666,0.5098652114872929,1,1.0,0.0,0.0,0.0,False,False,False
WBCIC,31|S1|T46,31,1,0.0,0.7489442295423565,1,1.0,0.0,0.0,0.0,True,False,False
WBCIC,31|S1|T47,31,0,0.33333333333333326,0.5504316322255671,1,0.6300795665305071,0.17513084879378268,0.19478958467571028,0.369920433469493,False,False,False
WBCIC,31|S1|T48,31,0,0.33333333333333326,0.31466278033723144,0,1.0,0.0,0.0,0.0,False,False,False
WBCIC,31|S1|T49,31,1,0.6666666666666667,0.6971867400397151,1,1.0,0.0,0.0,0.0,False,False,False
WBCIC,31|S1|T5,31,0,0.0,0.28483230803553167,0,1.0,0.0,0.0,0.0,True,False,False
WBCIC,31|S1|T50,31,0,0.0,0.1821406525866535,0,1.0,0.0,0.0,0.0,True,False,False
WBCIC,31|S1|T51,31,1,0.0,0.7183499040542275,1,1.0,0.0,0.0,0.0,True,False,False
WBCIC,31|S1|T52,31,1,0.0,0.29613549443835724,0,1.0,0.0,0.0,0.0,True,False,False
WBCIC,31|S1|T53,31,0,0.6666666666666667,0.6103533964051938,1,1.0,0.0,0.0,0.0,False,False,False
WBCIC,31|S1|T54,31,0,0.0,0.3549343461462529,0,1.0,0.0,0.0,0.0,False,False,False
WBCIC,31|S1|T55,31,0,0.0,0.2535541790205998,0,1.0,0.0,0.0,0.0,True,False,False
WBCIC,31|S1|T56,31,1,0.33333333333333326,0.6175046122200053,1,1.0,0.0,0.0,0.0,False,False,False
WBCIC,31|S1|T57,31,0,1.0,0.47526454362799536,0,1.0,0.0,0.0,0.0,False,False,False
WBCIC,31|S1|T58,31,0,0.0,0.3269618601885448,0,1.0,0.0,0.0,0.0,False,False,False
WBCIC,31|S1|T59,31,0,0.33333333333333326,0.3706833905841364,0,1.0,0.0,0.0,0.0,False,False,False
WBCIC,31|S1|T6,31,0,0.0,0.3201579212246387,0,1.0,0.0,0.0,0.0,False,False,False
WBCIC,31|S1|T60,31,1,0.0,0.3589018298007389,0,1.0,0.0,0.0,0.0,False,False,False
WBCIC,31|S1|T61,31,0,0.0,0.3791621662583781,0,1.0,0.0,0.0,0.0,False,False,False
WBCIC,31|S1|T62,31,0,0.0,0.22880363828265082,0,1.0,0.0,0.0,0.0,True,False,False
WBCIC,31|S1|T63,31,1,1.0,0.5688977080672606,1,0.5035189845901196,0.49648101540988043,0.0,0.49648101540988043,False,False,False
WBCIC,31|S1|T64,31,0,0.33333333333333326,0.7621383294188009,1,1.0,0.0,0.0,0.0,False,False,False
WBCIC,31|S1|T65,31,1,1.0,0.5240084817380194,1,1.0,0.0,0.0,0.0,False,False,False
WBCIC,31|S1|T66,31,1,1.0,0.5245828462487567,1,0.5311099800860567,0.0,0.4688900199139433,0.4688900199139433,False,False,False
WBCIC,31|S1|T67,31,1,0.0,0.8271322956829521,1,1.0,0.0,0.0,0.0,True,False,False
WBCIC,31|S1|T68,31,1,0.33333333333333326,0.36660236641215693,0,1.0,0.0,0.0,0.0,False,False,False
WBCIC,31|S1|T69,31,0,1.0,0.524564855962782,1,0.5129457421102731,0.0,0.4870542578897269,0.4870542578897269,False,False,False
WBCIC,31|S1|T7,31,1,0.33333333333333326,0.4400901792329237,0,1.0,0.0,0.0,0.0,False,False,False
WBCIC,31|S1|T70,31,0,0.0,0.09172131755316211,0,1.0,0.0,0.0,0.0,True,False,False
WBCIC,31|S1|T71,31,1,0.0,0.7153558812403468,1,1.0,0.0,0.0,0.0,True,False,False
WBCIC,31|S1|T72,31,1,0.0,0.7851405807066221,1,1.0,0.0,0.0,0.0,True,False,False
WBCIC,31|S1|T73,31,0,1.0,0.5061088024170988,1,1.0,0.0,0.0,0.0,False,False,False
WBCIC,31|S1|T74,31,0,1.0,0.6074665371496657,1,1.0,0.0,0.0,0.0,False,False,False
WBCIC,31|S1|T75,31,0,0.33333333333333326,0.32890712841042713,0,0.7732745266158562,0.0,0.2267254733841438,0.2267254733841438,False,False,False
WBCIC,31|S1|T76,31,1,0.6666666666666666,0.45038651866327667,0,1.0,0.0,0.0,0.0,False,False,False
WBCIC,31|S1|T77,31,1,0.6666666666666667,0.6393648786760042,1,0.644301787896362,0.355698212103638,0.0,0.355698212103638,False,False,False
WBCIC,31|S1|T78,31,1,0.33333333333333326,0.7093491919278732,1,1.0,0.0,0.0,0.0,False,False,False
WBCIC,31|S1|T79,31,1,0.33333333333333326,0.47551146653120296,0,1.0,0.0,0.0,0.0,False,False,False
WBCIC,31|S1|T8,31,1,0.6666666666666666,0.47758564877230025,0,0.6488223200473003,0.3511776799526998,0.0,0.3511776799526998,False,False,False
WBCIC,31|S1|T80,31,0,1.0,0.528596614683125,1,1.0,0.0,0.0,0.0,False,False,False
WBCIC,31|S1|T81,31,0,0.0,0.2299656774215156,0,1.0,0.0,0.0,0.0,True,False,False
WBCIC,31|S1|T82,31,1,0.0,0.3495176166467346,0,1.0,0.0,0.0,0.0,False,False,False
WBCIC,31|S1|T83,31,0,0.6666666666666666,0.39740576594077437,0,1.0,0.0,0.0,0.0,False,False,False
WBCIC,31|S1|T84,31,0,0.0,0.13038456968371692,0,1.0,0.0,0.0,0.0,True,False,False
WBCIC,31|S1|T85,31,1,0.33333333333333326,0.6748407778450499,1,1.0,0.0,0.0,0.0,False,False,False
WBCIC,31|S1|T86,31,1,0.6666666666666667,0.6857344110275507,1,1.0,0.0,0.0,0.0,False,False,False
WBCIC,31|S1|T87,31,1,0.0,0.3121174065509882,0,1.0,0.0,0.0,0.0,False,False,False
WBCIC,31|S1|T88,31,0,0.33333333333333326,0.35450580405890536,0,1.0,0.0,0.0,0.0,False,False,False
WBCIC,31|S1|T89,31,1,0.33333333333333326,0.6646025525659494,1,0.7714555771406141,0.0,0.22854442285938592,0.22854442285938592,False,False,False
WBCIC,31|S1|T9,31,1,0.0,0.25166534985195893,0,1.0,0.0,0.0,0.0,True,False,False
WBCIC,31|S1|T90,31,1,0.6666666666666666,0.4855836996955434,0,1.0,0.0,0.0,0.0,False,False,False
WBCIC,31|S1|T91,31,1,0.33333333333333326,0.40380382070661297,0,1.0,0.0,0.0,0.0,False,False,False
WBCIC,31|S1|T92,31,0,1.0,0.5430983546757748,1,0.380684494972229,0.30989205837249756,0.30942344665527344,0.619315505027771,False,False,False
WBCIC,31|S1|T93,31,0,0.6666666666666667,0.4927464130601505,0,1.0,0.0,0.0,0.0,False,False,False
WBCIC,31|S1|T94,31,0,0.0,0.15107492139165635,0,1.0,0.0,0.0,0.0,True,False,False
WBCIC,31|S1|T95,31,0,0.0,0.2579760736489575,0,1.0,0.0,0.0,0.0,True,False,False
WBCIC,31|S1|T96,31,1,0.0,0.2141606276248059,0,1.0,0.0,0.0,0.0,True,False,False
WBCIC,31|S1|T97,31,0,0.0,0.20067282607822964,0,1.0,0.0,0.0,0.0,True,False,False
WBCIC,31|S1|T98,31,0,0.0,0.2707898714414562,0,1.0,0.0,0.0,0.0,True,False,False
WBCIC,31|S1|T99,31,1,0.6666666666666666,0.45800041186238727,0,1.0,0.0,0.0,0.0,False,False,False
WBCIC,32|S1|T0,32,1,0.33333333333333326,0.7333154643113144,1,1.0,0.0,0.0,0.0,False,False,False
WBCIC,32|S1|T1,32,0,1.0,0.48252512145717635,0,1.0,0.0,0.0,0.0,False,False,False
WBCIC,32|S1|T10,32,1,0.33333333333333326,0.6941542341437857,1,1.0,0.0,0.0,0.0,False,False,False
WBCIC,32|S1|T100,32,0,0.0,0.3265215589383606,0,1.0,0.0,0.0,0.0,False,False,False
WBCIC,32|S1|T101,32,1,1.0,0.6284133857095725,1,1.0,0.0,0.0,0.0,False,False,False
WBCIC,32|S1|T102,32,1,0.33333333333333326,0.3735294408110674,0,1.0,0.0,0.0,0.0,False,False,False
WBCIC,32|S1|T103,32,0,0.6666666666666666,0.4580044510311591,0,1.0,0.0,0.0,0.0,False,False,False
WBCIC,32|S1|T104,32,1,1.0,0.6419820064137802,1,0.5063478064100672,0.4936521935899329,0.0,0.4936521935899329,False,False,False
WBCIC,32|S1|T105,32,1,0.0,0.26591736741528627,0,1.0,0.0,0.0,0.0,True,False,False
WBCIC,32|S1|T106,32,1,0.6666666666666667,0.6459053063754155,1,1.0,0.0,0.0,0.0,False,False,False
WBCIC,32|S1|T107,32,1,0.6666666666666666,0.48199898220582327,0,1.0,0.0,0.0,0.0,False,False,False
WBCIC,32|S1|T108,32,0,0.0,0.39343427996863056,0,1.0,0.0,0.0,0.0,False,False,False
WBCIC,32|S1|T109,32,1,0.0,0.307298114411062,0,1.0,0.0,0.0,0.0,False,False,False
WBCIC,32|S1|T11,32,1,0.6666666666666667,0.5352959050611005,1,1.0,0.0,0.0,0.0,False,False,False
WBCIC,32|S1|T110,32,1,0.0,0.3704501787506762,0,1.0,0.0,0.0,0.0,False,False,False
WBCIC,32|S1|T111,32,0,0.0,0.3106479966612354,0,1.0,0.0,0.0,0.0,False,False,False
WBCIC,32|S1|T112,32,0,0.0,0.2035124328508123,0,1.0,0.0,0.0,0.0,True,False,False
WBCIC,32|S1|T113,32,0,0.33333333333333326,0.4101503666399879,0,1.0,0.0,0.0,0.0,False,False,False
WBCIC,32|S1|T114,32,0,0.6666666666666666,0.4495096653648911,0,1.0,0.0,0.0,0.0,False,False,False
WBCIC,32|S1|T115,32,1,1.0,0.5896821231685813,1,1.0,0.0,0.0,0.0,False,False,False
WBCIC,32|S1|T116,32,1,0.33333333333333326,0.6195336120744239,1,1.0,0.0,0.0,0.0,False,False,False
WBCIC,32|S1|T117,32,1,0.6666666666666666,0.5386650926089159,1,0.6256983820245245,0.37430161797547545,0.0,0.37430161797547545,False,False,False
WBCIC,32|S1|T118,32,0,0.0,0.5750779401018747,1,1.0,0.0,0.0,0.0,False,False,False
WBCIC,32|S1|T119,32,0,0.0,0.7053402597022544,1,1.0,0.0,0.0,0.0,True,False,False
WBCIC,32|S1|T12,32,1,0.0,0.3097490796201284,0,1.0,0.0,0.0,0.0,False,False,False
WBCIC,32|S1|T120,32,1,0.6666666666666666,0.4965858161758564,0,0.6404839287401464,0.3595160712598537,0.0,0.3595160712598537,False,False,False
WBCIC,32|S1|T121,32,1,0.0,0.35714007720957014,0,1.0,0.0,0.0,0.0,False,False,False
WBCIC,32|S1|T122,32,0,0.33333333333333326,0.42840872300146066,0,1.0,0.0,0.0,0.0,False,False,False
WBCIC,32|S1|T123,32,1,0.6666666666666667,0.6859704184312166,1,1.0,0.0,0.0,0.0,False,False,False
WBCIC,32|S1|T124,32,1,1.0,0.5482960718948903,1,1.0,0.0,0.0,0.0,False,False,False
WBCIC,32|S1|T125,32,0,0.6666666666666666,0.4042240539290484,0,1.0,0.0,0.0,0.0,False,False,False
WBCIC,32|S1|T126,32,0,0.0,0.34272843558887395,0,1.0,0.0,0.0,0.0,False,False,False
WBCIC,32|S1|T127,32,0,0.6666666666666667,0.5270024596642479,1,0.6270583543330042,0.0,0.3729416456669959,0.3729416456669959,False,False,False
WBCIC,32|S1|T128,32,1,0.0,0.35241670621396864,0,1.0,0.0,0.0,0.0,False,False,False
WBCIC,32|S1|T129,32,0,1.0,0.5150080373109994,1,1.0,0.0,0.0,0.0,False,False,False
WBCIC,32|S1|T13,32,1,0.0,0.22917521274099947,0,1.0,0.0,0.0,0.0,True,False,False
WBCIC,32|S1|T130,32,1,0.6666666666666667,0.6609959008939142,1,1.0,0.0,0.0,0.0,False,False,False
WBCIC,32|S1|T131,32,1,0.33333333333333326,0.47427082675146565,0,1.0,0.0,0.0,0.0,False,False,False
WBCIC,32|S1|T132,32,1,0.0,0.60904018445513,1,1.0,0.0,0.0,0.0,False,False,False
WBCIC,32|S1|T133,32,0,0.6666666666666666,0.49876365396197075,0,0.620226465326225,0.0,0.379773534673775,0.379773534673775,False,False,False
WBCIC,32|S1|T134,32,0,0.33333333333333326,0.38658664661659253,0,0.7683190712911585,0.23168092870884155,0.0,0.23168092870884155,False,False,False
WBCIC,32|S1|T135,32,0,0.0,0.31007132132605913,0,1.0,0.0,0.0,0.0,False,False,False
WBCIC,32|S1|T136,32,0,1.0,0.4867433260073235,0,1.0,0.0,0.0,0.0,False,False,False
WBCIC,32|S1|T137,32,1,0.0,0.32118562718296706,0,1.0,0.0,0.0,0.0,False,False,False
WBCIC,32|S1|T138,32,1,0.0,0.7611613592450093,1,1.0,0.0,0.0,0.0,True,False,False
WBCIC,32|S1|T139,32,0,0.0,0.250280755327667,0,1.0,0.0,0.0,0.0,True,False,False
WBCIC,32|S1|T14,32,1,0.0,0.3089658470045136,0,1.0,0.0,0.0,0.0,False,False,False
WBCIC,32|S1|T140,32,0,1.0,0.5595533371566228,1,1.0,0.0,0.0,0.0,False,False,False
WBCIC,32|S1|T141,32,1,0.0,0.7557831105274074,1,1.0,0.0,0.0,0.0,True,False,False
WBCIC,32|S1|T142,32,1,1.0,0.6087989441284357,1,1.0,0.0,0.0,0.0,False,False,False
WBCIC,32|S1|T143,32,0,0.0,0.20855508477291376,0,1.0,0.0,0.0,0.0,True,False,False
WBCIC,32|S1|T144,32,0,1.0,0.4906244113976759,0,1.0,0.0,0.0,0.0,False,False,False
WBCIC,32|S1|T145,32,1,0.6666666666666667,0.5936912673438316,1,1.0,0.0,0.0,0.0,False,False,False
WBCIC,32|S1|T146,32,1,0.0,0.27857075185176283,0,1.0,0.0,0.0,0.0,True,False,False
WBCIC,32|S1|T147,32,1,0.6666666666666666,0.3706692614202652,0,1.0,0.0,0.0,0.0,False,False,False
WBCIC,32|S1|T148,32,0,1.0,0.49827654800081994,0,1.0,0.0,0.0,0.0,False,False,False
WBCIC,32|S1|T149,32,1,1.0,0.5061433687251056,1,1.0,0.0,0.0,0.0,False,False,False
WBCIC,32|S1|T15,32,0,0.0,0.338147653341866,0,1.0,0.0,0.0,0.0,False,False,False
WBCIC,32|S1|T150,32,1,0.0,0.7103855132102619,1,1.0,0.0,0.0,0.0,True,False,False
WBCIC,32|S1|T151,32,0,0.33333333333333326,0.3894703841064235,0,1.0,0.0,0.0,0.0,False,False,False
WBCIC,32|S1|T152,32,1,1.0,0.5444908924670219,1,1.0,0.0,0.0,0.0,False,False,False
WBCIC,32|S1|T153,32,1,1.0,0.4901760947063192,0,1.0,0.0,0.0,0.0,False,False,False
WBCIC,32|S1|T154,32,0,0.33333333333333326,0.7312552117356069,1,0.774056587734938,0.225943412265062,0.0,0.225943412265062,False,False,False
WBCIC,32|S1|T155,32,0,0.33333333333333326,0.5607232225802353,1,1.0,0.0,0.0,0.0,False,False,False
WBCIC,32|S1|T156,32,0,0.0,0.3645645289552932,0,1.0,0.0,0.0,0.0,False,False,False
WBCIC,32|S1|T157,32,0,0.0,0.36427998485078916,0,1.0,0.0,0.0,0.0,False,False,False
WBCIC,32|S1|T158,32,1,1.0,0.5154066094433563,1,0.5059080085389385,0.0,0.49409199146106153,0.49409199146106153,False,False,False
WBCIC,32|S1|T159,32,1,0.0,0.34640907114337627,0,1.0,0.0,0.0,0.0,False,False,False
WBCIC,32|S1|T16,32,1,0.0,0.7259775583381199,1,1.0,0.0,0.0,0.0,True,False,False
WBCIC,32|S1|T160,32,1,1.0,0.5225825730742027,1,1.0,0.0,0.0,0.0,False,False,False
WBCIC,32|S1|T161,32,1,1.0,0.4895199778826618,0,0.5005089266037432,0.0,0.49949107339625676,0.49949107339625676,False,False,True
WBCIC,32|S1|T162,32,1,1.0,0.5195936957010653,1,1.0,0.0,0.0,0.0,False,False,False
WBCIC,32|S1|T163,32,1,0.0,0.23049974767414463,0,1.0,0.0,0.0,0.0,True,False,False
WBCIC,32|S1|T164,32,1,0.0,0.41046389546104,0,1.0,0.0,0.0,0.0,False,False,False
WBCIC,32|S1|T165,32,0,0.0,0.2027096670139228,0,1.0,0.0,0.0,0.0,True,False,False
WBCIC,32|S1|T166,32,1,0.0,0.38470684684948847,0,1.0,0.0,0.0,0.0,False,False,False
WBCIC,32|S1|T167,32,0,0.0,0.3204872026260433,0,1.0,0.0,0.0,0.0,False,False,False
WBCIC,32|S1|T168,32,0,0.0,0.2485826077523328,0,1.0,0.0,0.0,0.0,True,False,False
WBCIC,32|S1|T169,32,0,0.0,0.21088041623254225,0,1.0,0.0,0.0,0.0,True,False,False
WBCIC,32|S1|T17,32,0,0.0,0.415073909171648,0,1.0,0.0,0.0,0.0,False,False,False
WBCIC,32|S1|T170,32,1,1.0,0.504651158780421,1,0.4819714313423643,0.0,0.5180285686576357,0.5180285686576357,False,True,False
WBCIC,32|S1|T171,32,1,0.6666666666666666,0.4391118870798126,0,1.0,0.0,0.0,0.0,False,False,False
WBCIC,32|S1|T172,32,0,0.33333333333333326,0.41234839971114673,0,1.0,0.0,0.0,0.0,False,False,False
WBCIC,32|S1|T173,32,1,0.33333333333333326,0.3945641014066017,0,1.0,0.0,0.0,0.0,False,False,False
WBCIC,32|S1|T174,32,1,0.0,0.1859321160073836,0,1.0,0.0,0.0,0.0,True,False,False
WBCIC,32|S1|T175,32,1,0.33333333333333326,0.443993023005615,0,1.0,0.0,0.0,0.0,False,False,False
WBCIC,32|S1|T176,32,0,0.0,0.36752063512286104,0,1.0,0.0,0.0,0.0,False,False,False
WBCIC,32|S1|T177,32,0,0.33333333333333326,0.7343919894410343,1,1.0,0.0,0.0,0.0,False,False,False
WBCIC,32|S1|T178,32,1,0.6666666666666667,0.5672640698202068,1,0.6311299980749032,0.0,0.3688700019250968,0.3688700019250968,False,False,False
WBCIC,32|S1|T179,32,1,1.0,0.5155843934738863,1,0.4977532361591893,0.0,0.5022467638408107,0.5022467638408107,False,True,False
WBCIC,32|S1|T18,32,0,0.6666666666666667,0.6383472983551969,1,1.0,0.0,0.0,0.0,False,False,False
WBCIC,32|S1|T180,32,1,0.6666666666666667,0.5522927783689192,1,1.0,0.0,0.0,0.0,False,False,False
WBCIC,32|S1|T181,32,1,0.0,0.3746691499973951,0,1.0,0.0,0.0,0.0,False,False,False
WBCIC,32|S1|T182,32,1,0.0,0.3149021829659749,0,1.0,0.0,0.0,0.0,False,False,False
WBCIC,32|S1|T183,32,1,0.6666666666666667,0.5408151901125632,1,1.0,0.0,0.0,0.0,False,False,False
WBCIC,32|S1|T184,32,0,0.0,0.40438226029023255,0,1.0,0.0,0.0,0.0,False,False,False
WBCIC,32|S1|T185,32,0,0.0,0.2936432883444279,0,1.0,0.0,0.0,0.0,True,False,False
WBCIC,32|S1|T186,32,0,1.0,0.5315022259838087,1,1.0,0.0,0.0,0.0,False,False,False
WBCIC,32|S1|T187,32,0,0.0,0.20877141533893848,0,1.0,0.0,0.0,0.0,True,False,False
WBCIC,32|S1|T188,32,0,0.6666666666666667,0.550490460266904,1,1.0,0.0,0.0,0.0,False,False,False
WBCIC,32|S1|T189,32,0,0.33333333333333326,0.7077589644141585,1,1.0,0.0,0.0,0.0,False,False,False
WBCIC,32|S1|T19,32,1,0.33333333333333326,0.6643303555800879,1,1.0,0.0,0.0,0.0,False,False,False
WBCIC,32|S1|T190,32,0,0.0,0.32124099071648277,0,1.0,0.0,0.0,0.0,False,False,False
WBCIC,32|S1|T191,32,0,0.0,0.2641296798300978,0,1.0,0.0,0.0,0.0,True,False,False
WBCIC,32|S1|T192,32,0,0.33333333333333326,0.690200557691283,1,0.7590114765448832,0.0,0.2409885234551168,0.2409885234551168,False,False,False
WBCIC,32|S1|T193,32,1,0.6666666666666667,0.6212920554211798,1,0.4634516086524367,0.2740913121621019,0.2624570791854614,0.5365483913475633,False,False,False
WBCIC,32|S1|T194,32,0,0.6666666666666667,0.5964371353545372,1,1.0,0.0,0.0,0.0,False,False,False
WBCIC,32|S1|T195,32,0,1.0,0.5925624263499651,1,0.34597447514533997,0.329683780670166,0.324341744184494,0.65402552485466,False,False,False
WBCIC,32|S1|T196,32,0,0.6666666666666667,0.5607180359649004,1,1.0,0.0,0.0,0.0,False,False,False
WBCIC,32|S1|T197,32,1,0.0,0.39841142726811746,0,1.0,0.0,0.0,0.0,False,False,False
WBCIC,32|S1|T198,32,0,0.33333333333333326,0.3761579948352109,0,1.0,0.0,0.0,0.0,False,False,False
WBCIC,32|S1|T2,32,1,0.0,0.4497115917526265,0,1.0,0.0,0.0,0.0,False,False,False
WBCIC,32|S1|T20,32,0,0.33333333333333326,0.40399324057240027,0,1.0,0.0,0.0,0.0,False,False,False
WBCIC,32|S1|T21,32,0,0.0,0.40775513052177564,0,1.0,0.0,0.0,0.0,False,False,False
WBCIC,32|S1|T22,32,0,0.6666666666666667,0.5417329859292765,1,1.0,0.0,0.0,0.0,False,False,False
WBCIC,32|S1|T23,32,1,0.0,0.33189809883190996,0,1.0,0.0,0.0,0.0,False,False,False
WBCIC,32|S1|T24,32,0,1.0,0.46018919177632706,0,1.0,0.0,0.0,0.0,False,False,False
WBCIC,32|S1|T25,32,0,1.0,0.5835463675560659,1,0.5243959048615959,0.0,0.475604095138404,0.475604095138404,False,False,False
WBCIC,32|S1|T26,32,0,0.33333333333333326,0.4182660754492901,0,1.0,0.0,0.0,0.0,False,False,False
WBCIC,32|S1|T27,32,0,0.33333333333333326,0.5839399342028132,1,1.0,0.0,0.0,0.0,False,False,False
WBCIC,32|S1|T28,32,0,0.6666666666666667,0.667224287713159,1,1.0,0.0,0.0,0.0,False,False,False
WBCIC,32|S1|T29,32,1,0.0,0.2873878955302264,0,1.0,0.0,0.0,0.0,True,False,False
WBCIC,32|S1|T3,32,1,0.0,0.3280855877212168,0,1.0,0.0,0.0,0.0,False,False,False
WBCIC,32|S1|T30,32,1,0.6666666666666666,0.3710248392901918,0,1.0,0.0,0.0,0.0,False,False,False
WBCIC,32|S1|T31,32,0,0.0,0.3110962550457425,0,1.0,0.0,0.0,0.0,False,False,False
WBCIC,32|S1|T32,32,0,0.6666666666666667,0.5598898417214137,1,1.0,0.0,0.0,0.0,False,False,False
WBCIC,32|S1|T33,32,1,0.0,0.26095708697182346,0,1.0,0.0,0.0,0.0,True,False,False
WBCIC,32|S1|T34,32,0,0.0,0.3164981715118028,0,1.0,0.0,0.0,0.0,False,False,False
WBCIC,32|S1|T35,32,1,0.6666666666666667,0.510578581853463,1,1.0,0.0,0.0,0.0,False,False,False
WBCIC,32|S1|T36,32,0,0.33333333333333326,0.6008070007936706,1,1.0,0.0,0.0,0.0,False,False,False
WBCIC,32|S1|T37,32,1,0.33333333333333326,0.609525173688902,1,1.0,0.0,0.0,0.0,False,False,False
WBCIC,32|S1|T38,32,1,0.6666666666666667,0.5773768428865119,1,1.0,0.0,0.0,0.0,False,False,False
WBCIC,32|S1|T39,32,0,1.0,0.6003653536731639,1,1.0,0.0,0.0,0.0,False,False,False
WBCIC,32|S1|T4,32,0,0.0,0.37795365407229764,0,1.0,0.0,0.0,0.0,False,False,False
WBCIC,32|S1|T40,32,1,1.0,0.45636078778019346,0,1.0,0.0,0.0,0.0,False,False,False
WBCIC,32|S1|T41,32,1,1.0,0.48523497002647836,0,0.496524083218622,0.0,0.503475916781378,0.503475916781378,False,False,False
WBCIC,32|S1|T42,32,0,1.0,0.5885695750993309,1,1.0,0.0,0.0,0.0,False,False,False
WBCIC,32|S1|T43,32,0,0.6666666666666667,0.5309955652455273,1,1.0,0.0,0.0,0.0,False,False,False
WBCIC,32|S1|T44,32,0,1.0,0.5170681570919585,1,1.0,0.0,0.0,0.0,False,False,False
WBCIC,32|S1|T45,32,1,0.6666666666666667,0.7149157119837077,1,0.6292594798694726,0.37074052013052744,0.0,0.37074052013052744,False,False,False
WBCIC,32|S1|T46,32,1,0.0,0.34931459073930543,0,1.0,0.0,0.0,0.0,False,False,False
WBCIC,32|S1|T47,32,0,0.33333333333333326,0.38477513457097673,0,1.0,0.0,0.0,0.0,False,False,False
WBCIC,32|S1|T48,32,1,0.0,0.1974626113814286,0,1.0,0.0,0.0,0.0,True,False,False
WBCIC,32|S1|T49,32,1,0.0,0.3460401957447734,0,1.0,0.0,0.0,0.0,False,False,False
WBCIC,32|S1|T5,32,1,0.0,0.23920516847091552,0,1.0,0.0,0.0,0.0,True,False,False
WBCIC,32|S1|T50,32,0,0.6666666666666667,0.6344262270227242,1,1.0,0.0,0.0,0.0,False,False,False
WBCIC,32|S1|T51,32,0,0.6666666666666666,0.491048216543725,0,0.6302315081480544,0.0,0.3697684918519456,0.3697684918519456,False,False,False
WBCIC,32|S1|T52,32,1,0.33333333333333326,0.655190594576691,1,0.7640211993474683,0.0,0.23597880065253177,0.23597880065253177,False,False,False
WBCIC,32|S1|T53,32,1,1.0,0.6419541209074122,1,1.0,0.0,0.0,0.0,False,False,False
WBCIC,32|S1|T54,32,0,0.6666666666666666,0.4522219453805503,0,1.0,0.0,0.0,0.0,False,False,False
WBCIC,32|S1|T55,32,1,0.0,0.2409564897110732,0,1.0,0.0,0.0,0.0,True,False,False
WBCIC,32|S1|T56,32,0,1.0,0.5821048631772973,1,1.0,0.0,0.0,0.0,False,False,False
WBCIC,32|S1|T57,32,1,1.0,0.6122317343824591,1,1.0,0.0,0.0,0.0,False,False,False
WBCIC,32|S1|T58,32,1,0.6666666666666666,0.4740261665004653,0,1.0,0.0,0.0,0.0,False,False,False
WBCIC,32|S1|T59,32,1,1.0,0.6473198346455842,1,1.0,0.0,0.0,0.0,False,False,False
WBCIC,32|S1|T6,32,1,0.6666666666666667,0.654467929598089,1,1.0,0.0,0.0,0.0,False,False,False
WBCIC,32|S1|T60,32,0,0.33333333333333326,0.4409309527037439,0,1.0,0.0,0.0,0.0,False,False,False
WBCIC,32|S1|T61,32,0,0.33333333333333326,0.3772304098428851,0,1.0,0.0,0.0,0.0,False,False,False
WBCIC,32|S1|T62,32,0,0.0,0.33145349730756185,0,1.0,0.0,0.0,0.0,False,False,False
WBCIC,32|S1|T63,32,0,0.6666666666666666,0.4293979183617834,0,0.6236212930789795,0.0,0.37637870692102054,0.37637870692102054,False,False,False
WBCIC,32|S1|T64,32,0,0.0,0.2956683986784251,0,1.0,0.0,0.0,0.0,True,False,False
WBCIC,32|S1|T65,32,0,0.0,0.25697448161029385,0,1.0,0.0,0.0,0.0,True,False,False
WBCIC,32|S1|T66,32,1,0.0,0.40636353006234055,0,1.0,0.0,0.0,0.0,False,False,False
WBCIC,32|S1|T67,32,0,0.0,0.4283496227892352,0,1.0,0.0,0.0,0.0,False,False,False
WBCIC,32|S1|T68,32,1,0.0,0.1988669347722131,0,1.0,0.0,0.0,0.0,True,False,False
WBCIC,32|S1|T69,32,1,1.0,0.4914856313893128,0,1.0,0.0,0.0,0.0,False,False,False
WBCIC,32|S1|T7,32,0,0.0,0.25013994778476395,0,1.0,0.0,0.0,0.0,True,False,False
WBCIC,32|S1|T70,32,0,1.0,0.5290132668993398,1,1.0,0.0,0.0,0.0,False,False,False
WBCIC,32|S1|T71,32,1,0.0,0.30290934151050314,0,1.0,0.0,0.0,0.0,False,False,False
WBCIC,32|S1|T72,32,0,0.33333333333333326,0.49392465126745444,0,1.0,0.0,0.0,0.0,False,False,False
WBCIC,32|S1|T73,32,0,0.33333333333333326,0.6249951291575812,1,1.0,0.0,0.0,0.0,False,False,False
WBCIC,32|S1|T74,32,0,0.0,0.2492031666949296,0,1.0,0.0,0.0,0.0,True,False,False
WBCIC,32|S1|T75,32,1,0.6666666666666666,0.4584258241992652,0,1.0,0.0,0.0,0.0,False,False,False
WBCIC,32|S1|T76,32,1,1.0,0.6465673267043072,1,1.0,0.0,0.0,0.0,False,False,False
WBCIC,32|S1|T77,32,1,1.0,0.526127041593384,1,1.0,0.0,0.0,0.0,False,False,False
WBCIC,32|S1|T78,32,1,0.33333333333333326,0.3817103064127679,0,1.0,0.0,0.0,0.0,False,False,False
WBCIC,32|S1|T79,32,0,0.6666666666666666,0.4275975037676351,0,1.0,0.0,0.0,0.0,False,False,False
WBCIC,32|S1|T8,32,1,0.6666666666666666,0.49872684614073126,0,1.0,0.0,0.0,0.0,False,False,False
WBCIC,32|S1|T80,32,0,0.0,0.17904502833621141,0,1.0,0.0,0.0,0.0,True,False,False
WBCIC,32|S1|T81,32,1,0.0,0.2695477049682203,0,1.0,0.0,0.0,0.0,True,False,False
WBCIC,32|S1|T82,32,0,0.0,0.3318357149850042,0,1.0,0.0,0.0,0.0,False,False,False
WBCIC,32|S1|T83,32,1,1.0,0.6234845955609322,1,0.5167760844926794,0.4832239155073206,0.0,0.4832239155073206,False,False,False
WBCIC,32|S1|T84,32,0,0.0,0.3473179519802367,0,1.0,0.0,0.0,0.0,False,False,False
WBCIC,32|S1|T85,32,0,0.0,0.2643309840812701,0,1.0,0.0,0.0,0.0,True,False,False
WBCIC,32|S1|T86,32,0,0.0,0.1577361151250773,0,1.0,0.0,0.0,0.0,True,False,False
WBCIC,32|S1|T87,32,1,0.0,0.17393277882211589,0,1.0,0.0,0.0,0.0,True,False,False
WBCIC,32|S1|T88,32,0,0.0,0.6393822321756527,1,1.0,0.0,0.0,0.0,False,False,False
WBCIC,32|S1|T89,32,0,1.0,0.6802749431317777,1,0.49732732281961844,0.5026726771803816,0.0,0.5026726771803816,False,False,False
WBCIC,32|S1|T9,32,0,0.33333333333333326,0.5620649413174627,1,1.0,0.0,0.0,0.0,False,False,False
WBCIC,32|S1|T90,32,1,0.0,0.33853026861033686,0,1.0,0.0,0.0,0.0,False,False,False
WBCIC,32|S1|T91,32,1,1.0,0.5101398819423443,1,1.0,0.0,0.0,0.0,False,False,False
WBCIC,32|S1|T92,32,0,0.6666666666666666,0.48849231296248385,0,1.0,0.0,0.0,0.0,False,False,False
WBCIC,32|S1|T93,32,1,0.6666666666666667,0.5055790598575475,1,1.0,0.0,0.0,0.0,False,False,False
WBCIC,32|S1|T94,32,0,1.0,0.5222173148178633,1,1.0,0.0,0.0,0.0,False,False,False
WBCIC,32|S1|T95,32,0,1.0,0.6146684829009006,1,1.0,0.0,0.0,0.0,False,False,False
WBCIC,32|S1|T96,32,1,0.6666666666666666,0.4564100936088129,0,1.0,0.0,0.0,0.0,False,False,False
WBCIC,32|S1|T97,32,0,0.0,0.2548076060380017,0,1.0,0.0,0.0,0.0,True,False,False
WBCIC,32|S1|T98,32,1,1.0,0.6177778744215947,1,1.0,0.0,0.0,0.0,False,False,False
WBCIC,32|S1|T99,32,1,0.0,0.22107160281011717,0,1.0,0.0,0.0,0.0,True,False,False
WBCIC,33|S1|T0,33,1,0.0,0.7653317351192617,1,1.0,0.0,0.0,0.0,True,False,False
WBCIC,33|S1|T1,33,0,0.0,0.1742773896539557,0,1.0,0.0,0.0,0.0,True,False,False
WBCIC,33|S1|T10,33,1,0.0,0.7755526175901011,1,1.0,0.0,0.0,0.0,True,False,False
WBCIC,33|S1|T100,33,0,0.6666666666666666,0.42361843125147747,0,1.0,0.0,0.0,0.0,False,False,False
WBCIC,33|S1|T101,33,0,0.0,0.31666791592610993,0,1.0,0.0,0.0,0.0,False,False,False
WBCIC,33|S1|T102,33,1,0.33333333333333326,0.6987371482011762,1,1.0,0.0,0.0,0.0,False,False,False
WBCIC,33|S1|T103,33,1,0.6666666666666667,0.5946451170021086,1,1.0,0.0,0.0,0.0,False,False,False
WBCIC,33|S1|T104,33,0,0.6666666666666666,0.45153876331114673,0,1.0,0.0,0.0,0.0,False,False,False
WBCIC,33|S1|T105,33,0,0.0,0.3705302152626549,0,1.0,0.0,0.0,0.0,False,False,False
WBCIC,33|S1|T106,33,0,0.33333333333333326,0.3539107491632782,0,1.0,0.0,0.0,0.0,False,False,False
WBCIC,33|S1|T107,33,0,0.6666666666666666,0.4579338442196958,0,1.0,0.0,0.0,0.0,False,False,False
WBCIC,33|S1|T108,33,0,0.0,0.28025115157597785,0,1.0,0.0,0.0,0.0,True,False,False
WBCIC,33|S1|T109,33,1,0.0,0.7902435107938346,1,1.0,0.0,0.0,0.0,True,False,False
WBCIC,33|S1|T11,33,1,1.0,0.49390598559705234,0,0.5322459899637776,0.0,0.46775401003622247,0.46775401003622247,False,False,True
WBCIC,33|S1|T110,33,1,0.0,0.21393202052364632,0,1.0,0.0,0.0,0.0,True,False,False
WBCIC,33|S1|T111,33,1,1.0,0.5865137597748254,1,1.0,0.0,0.0,0.0,False,False,False
WBCIC,33|S1|T112,33,1,0.33333333333333326,0.5680858149525998,1,1.0,0.0,0.0,0.0,False,False,False
WBCIC,33|S1|T113,33,1,0.6666666666666667,0.5886293054058288,1,1.0,0.0,0.0,0.0,False,False,False
WBCIC,33|S1|T114,33,0,0.0,0.253331294116272,0,1.0,0.0,0.0,0.0,True,False,False
WBCIC,33|S1|T115,33,0,1.0,0.5723451927259875,1,1.0,0.0,0.0,0.0,False,False,False
WBCIC,33|S1|T116,33,0,0.6666666666666666,0.44953872807089457,0,0.6460978323950219,0.0,0.35390216760497806,0.35390216760497806,False,False,False
WBCIC,33|S1|T117,33,0,1.0,0.44844009877020113,0,1.0,0.0,0.0,0.0,False,False,False
WBCIC,33|S1|T118,33,1,0.33333333333333326,0.3553034951396253,0,1.0,0.0,0.0,0.0,False,False,False
WBCIC,33|S1|T119,33,1,1.0,0.4799354419499171,0,0.5456496055972987,0.4543503944027013,0.0,0.4543503944027013,False,False,True
WBCIC,33|S1|T12,33,0,0.6666666666666666,0.42515770673664527,0,1.0,0.0,0.0,0.0,False,False,False
WBCIC,33|S1|T120,33,0,0.0,0.2486408126497277,0,1.0,0.0,0.0,0.0,True,False,False
WBCIC,33|S1|T121,33,1,1.0,0.5535319910121347,1,1.0,0.0,0.0,0.0,False,False,False
WBCIC,33|S1|T122,33,0,0.6666666666666666,0.4451502551087405,0,1.0,0.0,0.0,0.0,False,False,False
WBCIC,33|S1|T123,33,0,0.0,0.37041301918753344,0,1.0,0.0,0.0,0.0,False,False,False
WBCIC,33|S1|T124,33,0,0.0,0.3477610436004346,0,1.0,0.0,0.0,0.0,False,False,False
WBCIC,33|S1|T125,33,0,0.0,0.16995989427227856,0,1.0,0.0,0.0,0.0,True,False,False
WBCIC,33|S1|T126,33,0,0.33333333333333326,0.4729561116675903,0,1.0,0.0,0.0,0.0,False,False,False
WBCIC,33|S1|T127,33,0,0.33333333333333326,0.4034922055313726,0,1.0,0.0,0.0,0.0,False,False,False
WBCIC,33|S1|T128,33,0,0.0,0.16046965143169656,0,1.0,0.0,0.0,0.0,True,False,False
WBCIC,33|S1|T129,33,0,0.33333333333333326,0.45135269589482596,0,0.769183595407832,0.0,0.23081640459216804,0.23081640459216804,False,False,False
WBCIC,33|S1|T13,33,0,0.0,0.21830963607689355,0,1.0,0.0,0.0,0.0,True,False,False
WBCIC,33|S1|T130,33,0,0.0,0.146572189008507,0,1.0,0.0,0.0,0.0,True,False,False
WBCIC,33|S1|T131,33,0,1.0,0.6138985779770577,1,1.0,0.0,0.0,0.0,False,False,False
WBCIC,33|S1|T132,33,1,1.0,0.6186889304058288,1,1.0,0.0,0.0,0.0,False,False,False
WBCIC,33|S1|T133,33,1,0.6666666666666667,0.6029695039419098,1,1.0,0.0,0.0,0.0,False,False,False
WBCIC,33|S1|T134,33,1,1.0,0.5759182051579648,1,0.5358281271390957,0.0,0.46417187286090433,0.46417187286090433,False,False,False
WBCIC,33|S1|T135,33,0,0.0,0.29194309070331464,0,1.0,0.0,0.0,0.0,True,False,False
WBCIC,33|S1|T136,33,1,0.0,0.7584761252406363,1,1.0,0.0,0.0,0.0,True,False,False
WBCIC,33|S1|T137,33,0,0.0,0.2107857044058079,0,1.0,0.0,0.0,0.0,True,False,False
WBCIC,33|S1|T138,33,0,0.0,0.1275645109109879,0,1.0,0.0,0.0,0.0,True,False,False
WBCIC,33|S1|T139,33,1,0.6666666666666667,0.6126749079924908,1,1.0,0.0,0.0,0.0,False,False,False
WBCIC,33|S1|T14,33,1,0.0,0.7872704830819147,1,1.0,0.0,0.0,0.0,True,False,False
WBCIC,33|S1|T140,33,1,0.6666666666666666,0.4424663070333886,0,1.0,0.0,0.0,0.0,False,False,False
WBCIC,33|S1|T141,33,1,0.0,0.7506378227183609,1,1.0,0.0,0.0,0.0,True,False,False
WBCIC,33|S1|T142,33,0,0.0,0.23955904156628124,0,1.0,0.0,0.0,0.0,True,False,False
WBCIC,33|S1|T143,33,1,0.33333333333333326,0.40956587624162855,0,1.0,0.0,0.0,0.0,False,False,False
WBCIC,33|S1|T144,33,1,0.6666666666666667,0.5635882466621648,1,1.0,0.0,0.0,0.0,False,False,False
WBCIC,33|S1|T145,33,0,0.0,0.30099452404961974,0,1.0,0.0,0.0,0.0,False,False,False
WBCIC,33|S1|T146,33,0,0.0,0.29766869482419817,0,1.0,0.0,0.0,0.0,True,False,False
WBCIC,33|S1|T147,33,1,0.6666666666666667,0.624172259329874,1,1.0,0.0,0.0,0.0,False,False,False
WBCIC,33|S1|T148,33,0,0.0,0.314075585376665,0,1.0,0.0,0.0,0.0,False,False,False
WBCIC,33|S1|T149,33,1,1.0,0.48171946201915306,0,0.5333322939968469,0.0,0.46666770600315305,0.46666770600315305,False,False,True
WBCIC,33|S1|T15,33,1,0.0,0.7416223014816841,1,1.0,0.0,0.0,0.0,True,False,False
WBCIC,33|S1|T150,33,1,1.0,0.5037090593393125,1,0.5122618472207077,0.48773815277929233,0.0,0.48773815277929233,False,False,False
WBCIC,33|S1|T151,33,1,1.0,0.5324822328691484,1,0.5105938810690817,0.4894061189309183,0.0,0.4894061189309183,False,False,False
WBCIC,33|S1|T152,33,1,0.0,0.754265739248274,1,1.0,0.0,0.0,0.0,True,False,False
WBCIC,33|S1|T153,33,0,1.0,0.5787356694378258,1,1.0,0.0,0.0,0.0,False,False,False
WBCIC,33|S1|T154,33,1,0.0,0.8350912335441455,1,1.0,0.0,0.0,0.0,True,False,False
WBCIC,33|S1|T155,33,1,1.0,0.6126656147333653,1,1.0,0.0,0.0,0.0,False,False,False
WBCIC,33|S1|T156,33,1,0.0,0.2670786883822189,0,1.0,0.0,0.0,0.0,True,False,False
WBCIC,33|S1|T157,33,1,0.0,0.7164898186326693,1,1.0,0.0,0.0,0.0,True,False,False
WBCIC,33|S1|T158,33,1,0.0,0.7090259839946365,1,1.0,0.0,0.0,0.0,True,False,False
WBCIC,33|S1|T159,33,0,0.0,0.3276233410646929,0,1.0,0.0,0.0,0.0,False,False,False
WBCIC,33|S1|T16,33,1,0.6666666666666667,0.5356760534171127,1,0.6375980693016594,0.0,0.36240193069834065,0.36240193069834065,False,False,False
WBCIC,33|S1|T160,33,1,0.6666666666666666,0.4937774689938242,0,1.0,0.0,0.0,0.0,False,False,False
WBCIC,33|S1|T161,33,0,0.0,0.2903967525532784,0,1.0,0.0,0.0,0.0,True,False,False
WBCIC,33|S1|T162,33,1,0.0,0.6301123136986494,1,1.0,0.0,0.0,0.0,False,False,False
WBCIC,33|S1|T163,33,1,0.0,0.6779521809816399,1,1.0,0.0,0.0,0.0,False,False,False
WBCIC,33|S1|T164,33,0,0.33333333333333326,0.7150021058140892,1,1.0,0.0,0.0,0.0,False,False,False
WBCIC,33|S1|T165,33,0,0.0,0.37945445124276067,0,1.0,0.0,0.0,0.0,False,False,False
WBCIC,33|S1|T166,33,1,0.0,0.8129408986942054,1,1.0,0.0,0.0,0.0,True,False,False
WBCIC,33|S1|T167,33,1,0.6666666666666667,0.6762322485111442,1,1.0,0.0,0.0,0.0,False,False,False
WBCIC,33|S1|T168,33,0,0.0,0.26141535447422687,0,1.0,0.0,0.0,0.0,True,False,False
WBCIC,33|S1|T169,33,1,0.6666666666666666,0.4999632889662587,0,1.0,0.0,0.0,0.0,False,False,False
WBCIC,33|S1|T17,33,1,0.0,0.709753394306416,1,1.0,0.0,0.0,0.0,True,False,False
WBCIC,33|S1|T170,33,0,0.6666666666666666,0.4644919823907623,0,1.0,0.0,0.0,0.0,False,False,False
WBCIC,33|S1|T171,33,0,0.0,0.1371151385580869,0,1.0,0.0,0.0,0.0,True,False,False
WBCIC,33|S1|T172,33,0,0.33333333333333326,0.30944265846951313,0,1.0,0.0,0.0,0.0,False,False,False
WBCIC,33|S1|T173,33,1,0.0,0.6824305546176102,1,1.0,0.0,0.0,0.0,False,False,False
WBCIC,33|S1|T174,33,1,0.33333333333333326,0.39929086052019686,0,1.0,0.0,0.0,0.0,False,False,False
WBCIC,33|S1|T175,33,0,0.0,0.25819485899280425,0,1.0,0.0,0.0,0.0,True,False,False
WBCIC,33|S1|T176,33,1,0.0,0.6807025596715918,1,1.0,0.0,0.0,0.0,False,False,False
WBCIC,33|S1|T177,33,1,0.0,0.39626104749723373,0,1.0,0.0,0.0,0.0,False,False,False
WBCIC,33|S1|T178,33,0,0.0,0.25619336718796526,0,1.0,0.0,0.0,0.0,True,False,False
WBCIC,33|S1|T179,33,0,1.0,0.5610192906773153,1,0.5262822815625595,0.0,0.47371771843744054,0.47371771843744054,False,False,False
WBCIC,33|S1|T18,33,1,0.0,0.6827647418130098,1,1.0,0.0,0.0,0.0,False,False,False
WBCIC,33|S1|T180,33,1,0.0,0.6784163521512688,1,1.0,0.0,0.0,0.0,False,False,False
WBCIC,33|S1|T181,33,0,0.0,0.22803027290915548,0,1.0,0.0,0.0,0.0,True,False,False
WBCIC,33|S1|T182,33,1,0.6666666666666667,0.5997286487964713,1,0.6435200125891282,0.0,0.3564799874108719,0.3564799874108719,False,False,False
WBCIC,33|S1|T183,33,1,0.0,0.7153619433419035,1,1.0,0.0,0.0,0.0,True,False,False
WBCIC,33|S1|T184,33,1,0.0,0.2657608113404836,0,1.0,0.0,0.0,0.0,True,False,False
WBCIC,33|S1|T185,33,0,1.0,0.5456598418798214,1,1.0,0.0,0.0,0.0,False,False,False
WBCIC,33|S1|T186,33,0,0.0,0.15787396392971145,0,1.0,0.0,0.0,0.0,True,False,False
WBCIC,33|S1|T187,33,1,0.0,0.38430388021235706,0,1.0,0.0,0.0,0.0,False,False,False
WBCIC,33|S1|T188,33,0,0.0,0.27062430036764346,0,1.0,0.0,0.0,0.0,True,False,False
WBCIC,33|S1|T189,33,1,0.0,0.6980950549957822,1,1.0,0.0,0.0,0.0,False,False,False
WBCIC,33|S1|T19,33,0,0.0,0.1940683764473035,0,1.0,0.0,0.0,0.0,True,False,False
WBCIC,33|S1|T190,33,0,0.0,0.2819998569074189,0,1.0,0.0,0.0,0.0,True,False,False
WBCIC,33|S1|T191,33,0,0.0,0.2714989375359445,0,1.0,0.0,0.0,0.0,True,False,False
WBCIC,33|S1|T192,33,1,0.0,0.8020701270220467,1,1.0,0.0,0.0,0.0,True,False,False
WBCIC,33|S1|T193,33,0,0.0,0.1932390392899798,0,1.0,0.0,0.0,0.0,True,False,False
WBCIC,33|S1|T194,33,1,0.0,0.7516742177506296,1,1.0,0.0,0.0,0.0,True,False,False
WBCIC,33|S1|T195,33,0,1.0,0.4723252881767727,0,1.0,0.0,0.0,0.0,False,False,False
WBCIC,33|S1|T196,33,0,0.0,0.26701237366340796,0,1.0,0.0,0.0,0.0,True,False,False
WBCIC,33|S1|T197,33,0,0.0,0.17373467255870514,0,1.0,0.0,0.0,0.0,True,False,False
WBCIC,33|S1|T198,33,1,0.0,0.7410796054511524,1,1.0,0.0,0.0,0.0,True,False,False
WBCIC,33|S1|T199,33,1,1.0,0.5067154026261068,1,0.5282001156457607,0.0,0.4717998843542392,0.4717998843542392,False,False,False
WBCIC,33|S1|T2,33,1,0.0,0.6532630474320618,1,1.0,0.0,0.0,0.0,False,False,False
WBCIC,33|S1|T20,33,0,0.0,0.158555505947169,0,1.0,0.0,0.0,0.0,True,False,False
WBCIC,33|S1|T21,33,0,0.33333333333333326,0.3633757884603103,0,1.0,0.0,0.0,0.0,False,False,False
WBCIC,33|S1|T22,33,0,0.0,0.3106813518228643,0,1.0,0.0,0.0,0.0,False,False,False
WBCIC,33|S1|T23,33,0,0.6666666666666666,0.42024256738972604,0,1.0,0.0,0.0,0.0,False,False,False
WBCIC,33|S1|T24,33,1,0.6666666666666666,0.47828277827203286,0,1.0,0.0,0.0,0.0,False,False,False
WBCIC,33|S1|T25,33,1,0.0,0.7236600287051501,1,1.0,0.0,0.0,0.0,True,False,False
WBCIC,33|S1|T26,33,1,0.0,0.7977615752557599,1,1.0,0.0,0.0,0.0,True,False,False
WBCIC,33|S1|T27,33,1,0.0,0.3056982732516209,0,1.0,0.0,0.0,0.0,False,False,False
WBCIC,33|S1|T28,33,0,1.0,0.47238581883281655,0,1.0,0.0,0.0,0.0,False,False,False
WBCIC,33|S1|T29,33,0,0.33333333333333326,0.4233942755438573,0,1.0,0.0,0.0,0.0,False,False,False
WBCIC,33|S1|T3,33,0,0.0,0.21278627045989532,0,1.0,0.0,0.0,0.0,True,False,False
WBCIC,33|S1|T30,33,0,0.0,0.28455060176703945,0,1.0,0.0,0.0,0.0,True,False,False
WBCIC,33|S1|T31,33,1,0.0,0.7725088751951713,1,1.0,0.0,0.0,0.0,True,False,False
WBCIC,33|S1|T32,33,1,0.0,0.6208187576239191,1,1.0,0.0,0.0,0.0,False,False,False
WBCIC,33|S1|T33,33,0,0.6666666666666666,0.42647215644456304,0,1.0,0.0,0.0,0.0,False,False,False
WBCIC,33|S1|T34,33,0,0.0,0.18368311801523643,0,1.0,0.0,0.0,0.0,True,False,False
WBCIC,33|S1|T35,33,0,0.33333333333333326,0.3777407478890842,0,1.0,0.0,0.0,0.0,False,False,False
WBCIC,33|S1|T36,33,0,0.0,0.2401709079829614,0,1.0,0.0,0.0,0.0,True,False,False
WBCIC,33|S1|T37,33,0,0.0,0.32438418187947865,0,1.0,0.0,0.0,0.0,False,False,False
WBCIC,33|S1|T38,33,1,0.33333333333333326,0.6795855641879905,1,1.0,0.0,0.0,0.0,False,False,False
WBCIC,33|S1|T39,33,0,0.0,0.23825811993393678,0,1.0,0.0,0.0,0.0,True,False,False
WBCIC,33|S1|T4,33,0,0.0,0.16943569475065146,0,1.0,0.0,0.0,0.0,True,False,False
WBCIC,33|S1|T40,33,1,0.0,0.27896278568860317,0,1.0,0.0,0.0,0.0,True,False,False
WBCIC,33|S1|T41,33,1,0.0,0.7386487653077797,1,1.0,0.0,0.0,0.0,True,False,False
WBCIC,33|S1|T42,33,1,0.6666666666666667,0.5574646448482987,1,0.6410150492426676,0.0,0.35898495075733233,0.35898495075733233,False,False,False
WBCIC,33|S1|T43,33,1,0.0,0.783639765731079,1,1.0,0.0,0.0,0.0,True,False,False
WBCIC,33|S1|T44,33,0,0.0,0.2558530215627704,0,1.0,0.0,0.0,0.0,True,False,False
WBCIC,33|S1|T45,33,0,0.0,0.2377400572925494,0,1.0,0.0,0.0,0.0,True,False,False
WBCIC,33|S1|T46,33,0,0.0,0.16681053128834278,0,1.0,0.0,0.0,0.0,True,False,False
WBCIC,33|S1|T47,33,0,0.0,0.16895335715708612,0,1.0,0.0,0.0,0.0,True,False,False
WBCIC,33|S1|T48,33,0,0.0,0.30928646233825086,0,1.0,0.0,0.0,0.0,False,False,False
WBCIC,33|S1|T49,33,0,1.0,0.5880077616274115,1,1.0,0.0,0.0,0.0,False,False,False
WBCIC,33|S1|T5,33,1,0.0,0.7518496210014624,1,1.0,0.0,0.0,0.0,True,False,False
WBCIC,33|S1|T50,33,0,0.0,0.15682875338297075,0,1.0,0.0,0.0,0.0,True,False,False
WBCIC,33|S1|T51,33,1,0.0,0.26380051128972604,0,1.0,0.0,0.0,0.0,True,False,False
WBCIC,33|S1|T52,33,1,0.6666666666666666,0.49319906312848855,0,1.0,0.0,0.0,0.0,False,False,False
WBCIC,33|S1|T53,33,0,0.0,0.20133248840574156,0,1.0,0.0,0.0,0.0,True,False,False
WBCIC,33|S1|T54,33,0,0.33333333333333326,0.6135465680620628,1,1.0,0.0,0.0,0.0,False,False,False
WBCIC,33|S1|T55,33,0,0.33333333333333326,0.39424041991705716,0,0.7767312054789385,0.0,0.22326879452106146,0.22326879452106146,False,False,False
WBCIC,33|S1|T56,33,1,0.33333333333333326,0.6952709304081942,1,1.0,0.0,0.0,0.0,False,False,False
WBCIC,33|S1|T57,33,0,0.0,0.12024491657352425,0,1.0,0.0,0.0,0.0,True,False,False
WBCIC,33|S1|T58,33,0,0.0,0.2832921170360158,0,1.0,0.0,0.0,0.0,True,False,False
WBCIC,33|S1|T59,33,0,0.0,0.23662856851408734,0,1.0,0.0,0.0,0.0,True,False,False
WBCIC,33|S1|T6,33,1,1.0,0.5273922213119399,1,0.523452688360155,0.0,0.476547311639845,0.476547311639845,False,False,False
WBCIC,33|S1|T60,33,1,0.6666666666666667,0.6698305723929163,1,1.0,0.0,0.0,0.0,False,False,False
WBCIC,33|S1|T61,33,0,0.0,0.1817032767346353,0,1.0,0.0,0.0,0.0,True,False,False
WBCIC,33|S1|T62,33,1,0.0,0.8023938768074621,1,1.0,0.0,0.0,0.0,True,False,False
WBCIC,33|S1|T63,33,1,0.0,0.8093144873253211,1,1.0,0.0,0.0,0.0,True,False,False
WBCIC,33|S1|T64,33,1,0.0,0.8144150573867535,1,1.0,0.0,0.0,0.0,True,False,False
WBCIC,33|S1|T65,33,1,0.6666666666666667,0.6452345017296318,1,0.6444175991014893,0.0,0.3555824008985106,0.3555824008985106,False,False,False
WBCIC,33|S1|T66,33,1,0.0,0.6717167769875049,1,1.0,0.0,0.0,0.0,False,False,False
WBCIC,33|S1|T67,33,1,0.0,0.42490012361646534,0,1.0,0.0,0.0,0.0,False,False,False
WBCIC,33|S1|T68,33,1,0.6666666666666667,0.6052473341669987,1,1.0,0.0,0.0,0.0,False,False,False
WBCIC,33|S1|T69,33,0,0.0,0.17029456977934398,0,1.0,0.0,0.0,0.0,True,False,False
WBCIC,33|S1|T7,33,1,0.0,0.8483035430703044,1,1.0,0.0,0.0,0.0,True,False,False
WBCIC,33|S1|T70,33,1,0.33333333333333326,0.6600810856707956,1,1.0,0.0,0.0,0.0,False,False,False
WBCIC,33|S1|T71,33,0,0.0,0.14336948321371135,0,1.0,0.0,0.0,0.0,True,False,False
WBCIC,33|S1|T72,33,0,0.0,0.22792645212470133,0,1.0,0.0,0.0,0.0,True,False,False
WBCIC,33|S1|T73,33,0,0.0,0.28469371577113856,0,1.0,0.0,0.0,0.0,True,False,False
WBCIC,33|S1|T74,33,1,0.0,0.6403010271177235,1,1.0,0.0,0.0,0.0,False,False,False
WBCIC,33|S1|T75,33,1,0.6666666666666667,0.5848043606258978,1,1.0,0.0,0.0,0.0,False,False,False
WBCIC,33|S1|T76,33,1,0.0,0.823683461129749,1,1.0,0.0,0.0,0.0,True,False,False
WBCIC,33|S1|T77,33,1,0.0,0.6873099007527935,1,1.0,0.0,0.0,0.0,False,False,False
WBCIC,33|S1|T78,33,0,0.33333333333333326,0.43792793066656205,0,1.0,0.0,0.0,0.0,False,False,False
WBCIC,33|S1|T79,33,0,0.0,0.16391646866225149,0,1.0,0.0,0.0,0.0,True,False,False
WBCIC,33|S1|T8,33,0,0.0,0.28545663109918973,0,1.0,0.0,0.0,0.0,True,False,False
WBCIC,33|S1|T80,33,0,0.33333333333333326,0.4520996768751673,0,0.7595857937446036,0.24041420625539656,0.0,0.24041420625539656,False,False,False
WBCIC,33|S1|T81,33,0,0.0,0.20331888048554006,0,1.0,0.0,0.0,0.0,True,False,False
WBCIC,33|S1|T82,33,0,0.0,0.3543339975774971,0,1.0,0.0,0.0,0.0,False,False,False
WBCIC,33|S1|T83,33,0,0.33333333333333326,0.44891670018018665,0,1.0,0.0,0.0,0.0,False,False,False
WBCIC,33|S1|T84,33,1,0.0,0.3732966039464138,0,1.0,0.0,0.0,0.0,False,False,False
WBCIC,33|S1|T85,33,0,1.0,0.616905831011771,1,1.0,0.0,0.0,0.0,False,False,False
WBCIC,33|S1|T86,33,1,0.0,0.7216809369720995,1,1.0,0.0,0.0,0.0,True,False,False
WBCIC,33|S1|T87,33,1,0.33333333333333326,0.3991009728660441,0,1.0,0.0,0.0,0.0,False,False,False
WBCIC,33|S1|T88,33,0,0.0,0.31273485263194173,0,1.0,0.0,0.0,0.0,False,False,False
WBCIC,33|S1|T89,33,1,0.6666666666666667,0.5941931879264777,1,1.0,0.0,0.0,0.0,False,False,False
WBCIC,33|S1|T9,33,1,0.0,0.7087278046729669,1,1.0,0.0,0.0,0.0,True,False,False
WBCIC,33|S1|T90,33,0,0.0,0.24882695531209212,0,1.0,0.0,0.0,0.0,True,False,False
WBCIC,33|S1|T91,33,1,0.0,0.7179637942092055,1,1.0,0.0,0.0,0.0,True,False,False
WBCIC,33|S1|T92,33,1,0.0,0.7646175091982941,1,1.0,0.0,0.0,0.0,True,False,False
WBCIC,33|S1|T93,33,1,0.0,0.7862536472518965,1,1.0,0.0,0.0,0.0,True,False,False
WBCIC,33|S1|T94,33,1,1.0,0.46887290463918896,0,0.5447729298194902,0.4552270701805098,0.0,0.4552270701805098,False,False,True
WBCIC,33|S1|T95,33,0,0.0,0.1868809488355392,0,1.0,0.0,0.0,0.0,True,False,False
WBCIC,33|S1|T96,33,0,0.0,0.35826197955332956,0,1.0,0.0,0.0,0.0,False,False,False
WBCIC,33|S1|T97,33,1,0.0,0.7035775716287039,1,1.0,0.0,0.0,0.0,True,False,False
WBCIC,33|S1|T98,33,1,1.0,0.5812999017366195,1,1.0,0.0,0.0,0.0,False,False,False
WBCIC,33|S1|T99,33,1,0.0,0.743256788854216,1,1.0,0.0,0.0,0.0,True,False,False
WBCIC,34|S1|T0,34,0,0.0,0.13803971287758263,0,1.0,0.0,0.0,0.0,True,False,False
WBCIC,34|S1|T1,34,1,0.0,0.36873761748266864,0,1.0,0.0,0.0,0.0,False,False,False
WBCIC,34|S1|T10,34,1,1.0,0.5128787801548619,1,1.0,0.0,0.0,0.0,False,False,False
WBCIC,34|S1|T100,34,0,0.0,0.2905890567731163,0,1.0,0.0,0.0,0.0,True,False,False
WBCIC,34|S1|T101,34,1,0.33333333333333326,0.38340273922751206,0,1.0,0.0,0.0,0.0,False,False,False
WBCIC,34|S1|T102,34,0,0.0,0.3574396039219438,0,1.0,0.0,0.0,0.0,False,False,False
WBCIC,34|S1|T103,34,0,0.6666666666666666,0.5558466107583975,1,1.0,0.0,0.0,0.0,False,False,False
WBCIC,34|S1|T104,34,0,0.0,0.32905614581531745,0,1.0,0.0,0.0,0.0,False,False,False
WBCIC,34|S1|T105,34,1,0.0,0.269795521771971,0,1.0,0.0,0.0,0.0,True,False,False
WBCIC,34|S1|T106,34,1,0.0,0.31665960390957876,0,1.0,0.0,0.0,0.0,False,False,False
WBCIC,34|S1|T107,34,0,1.0,0.4541091356185139,0,1.0,0.0,0.0,0.0,False,False,False
WBCIC,34|S1|T108,34,0,1.0,0.5706346203991377,1,0.3484022915363312,0.33342596888542175,0.31817173957824707,0.6515977084636688,False,False,False
WBCIC,34|S1|T109,34,1,0.0,0.21267683828562656,0,1.0,0.0,0.0,0.0,True,False,False
WBCIC,34|S1|T11,34,1,0.0,0.8012276079010805,1,1.0,0.0,0.0,0.0,True,False,False
WBCIC,34|S1|T110,34,1,0.0,0.30474832786040046,0,1.0,0.0,0.0,0.0,False,False,False
WBCIC,34|S1|T111,34,0,0.33333333333333326,0.6740401747363493,1,1.0,0.0,0.0,0.0,False,False,False
WBCIC,34|S1|T112,34,1,0.33333333333333326,0.5590606305984158,1,1.0,0.0,0.0,0.0,False,False,False
WBCIC,34|S1|T113,34,0,0.33333333333333326,0.650171671437926,1,0.7717521472645148,0.2282478527354852,0.0,0.2282478527354852,False,False,False
WBCIC,34|S1|T114,34,1,0.0,0.22785655353579168,0,1.0,0.0,0.0,0.0,True,False,False
WBCIC,34|S1|T115,34,0,0.0,0.28844047597701367,0,1.0,0.0,0.0,0.0,True,False,False
WBCIC,34|S1|T116,34,0,1.0,0.5868625161813898,1,0.33885138217057637,0.33749463148431086,0.3236539863451127,0.6611486178294236,False,False,False
WBCIC,34|S1|T117,34,0,0.6666666666666667,0.5544249767059383,1,0.6289265676355542,0.37107343236444584,0.0,0.37107343236444584,False,False,False
WBCIC,34|S1|T118,34,1,0.0,0.28678034964107346,0,1.0,0.0,0.0,0.0,True,False,False
WBCIC,34|S1|T119,34,1,0.0,0.28181062695722164,0,1.0,0.0,0.0,0.0,True,False,False
WBCIC,34|S1|T12,34,0,0.0,0.24852627390784654,0,1.0,0.0,0.0,0.0,True,False,False
WBCIC,34|S1|T120,34,0,0.0,0.7186883048592456,1,1.0,0.0,0.0,0.0,True,False,False
WBCIC,34|S1|T121,34,0,0.0,0.3596068737160339,0,1.0,0.0,0.0,0.0,False,False,False
WBCIC,34|S1|T122,34,1,0.33333333333333326,0.39029042462053126,0,1.0,0.0,0.0,0.0,False,False,False
WBCIC,34|S1|T123,34,1,0.0,0.26555809492870236,0,1.0,0.0,0.0,0.0,True,False,False
WBCIC,34|S1|T124,34,1,0.0,0.23174054762725657,0,1.0,0.0,0.0,0.0,True,False,False
WBCIC,34|S1|T125,34,0,1.0,0.5396109507262087,1,0.5096501232890757,0.49034987671092434,0.0,0.49034987671092434,False,False,False
WBCIC,34|S1|T126,34,0,0.6666666666666666,0.4416941182415452,0,1.0,0.0,0.0,0.0,False,False,False
WBCIC,34|S1|T127,34,1,0.33333333333333326,0.6821418409800023,1,1.0,0.0,0.0,0.0,False,False,False
WBCIC,34|S1|T128,34,1,0.33333333333333326,0.48185234108719516,0,1.0,0.0,0.0,0.0,False,False,False
WBCIC,34|S1|T129,34,1,0.33333333333333326,0.44411686429660585,0,1.0,0.0,0.0,0.0,False,False,False
WBCIC,34|S1|T13,34,0,0.0,0.35335662653848104,0,1.0,0.0,0.0,0.0,False,False,False
WBCIC,34|S1|T130,34,1,1.0,0.5989044786739309,1,0.3456527682749767,0.33171189834404596,0.32263533338097733,0.6543472317250233,False,False,False
WBCIC,34|S1|T131,34,0,0.0,0.3883509830113869,0,1.0,0.0,0.0,0.0,False,False,False
WBCIC,34|S1|T132,34,1,0.0,0.2917031640424725,0,1.0,0.0,0.0,0.0,True,False,False
WBCIC,34|S1|T133,34,0,0.0,0.170878694617313,0,1.0,0.0,0.0,0.0,True,False,False
WBCIC,34|S1|T134,34,0,0.0,0.39947520092688643,0,1.0,0.0,0.0,0.0,False,False,False
WBCIC,34|S1|T135,34,1,0.6666666666666666,0.44543184520403223,0,1.0,0.0,0.0,0.0,False,False,False
WBCIC,34|S1|T136,34,1,0.6666666666666666,0.44450801057473727,0,1.0,0.0,0.0,0.0,False,False,False
WBCIC,34|S1|T137,34,1,0.0,0.1897452290434183,0,1.0,0.0,0.0,0.0,True,False,False
WBCIC,34|S1|T138,34,1,0.0,0.26731534701070886,0,1.0,0.0,0.0,0.0,True,False,False
WBCIC,34|S1|T139,34,1,0.0,0.3730713984504894,0,1.0,0.0,0.0,0.0,False,False,False
WBCIC,34|S1|T14,34,1,0.6666666666666666,0.46819659215561854,0,1.0,0.0,0.0,0.0,False,False,False
WBCIC,34|S1|T140,34,1,0.0,0.19859305214862413,0,1.0,0.0,0.0,0.0,True,False,False
WBCIC,34|S1|T141,34,1,0.6666666666666667,0.601036835937899,1,0.6306465427869011,0.3693534572130988,0.0,0.3693534572130988,False,False,False
WBCIC,34|S1|T142,34,0,0.33333333333333326,0.41650452632016605,0,1.0,0.0,0.0,0.0,False,False,False
WBCIC,34|S1|T143,34,1,0.0,0.300242702444578,0,1.0,0.0,0.0,0.0,False,False,False
WBCIC,34|S1|T144,34,1,1.0,0.6288521364369178,1,1.0,0.0,0.0,0.0,False,False,False
WBCIC,34|S1|T145,34,0,0.0,0.392075076312479,0,1.0,0.0,0.0,0.0,False,False,False
WBCIC,34|S1|T146,34,0,1.0,0.6480053922851123,1,1.0,0.0,0.0,0.0,False,False,False
WBCIC,34|S1|T147,34,1,0.6666666666666666,0.45908667707316014,0,1.0,0.0,0.0,0.0,False,False,False
WBCIC,34|S1|T148,34,0,0.33333333333333326,0.42462787177550676,0,1.0,0.0,0.0,0.0,False,False,False
WBCIC,34|S1|T149,34,0,0.0,0.3515097977882928,0,1.0,0.0,0.0,0.0,False,False,False
WBCIC,34|S1|T15,34,1,0.0,0.3009742914199968,0,1.0,0.0,0.0,0.0,False,False,False
WBCIC,34|S1|T150,34,0,0.6666666666666666,0.4463968634812827,0,1.0,0.0,0.0,0.0,False,False,False
WBCIC,34|S1|T151,34,0,0.6666666666666667,0.5631341735691006,1,1.0,0.0,0.0,0.0,False,False,False
WBCIC,34|S1|T152,34,1,0.0,0.37988979199180806,0,1.0,0.0,0.0,0.0,False,False,False
WBCIC,34|S1|T153,34,0,0.0,0.3577388594583402,0,1.0,0.0,0.0,0.0,False,False,False
WBCIC,34|S1|T154,34,0,0.33333333333333326,0.4491951623253377,0,1.0,0.0,0.0,0.0,False,False,False
WBCIC,34|S1|T155,34,0,0.33333333333333326,0.4299661774695474,0,1.0,0.0,0.0,0.0,False,False,False
WBCIC,34|S1|T156,34,0,0.0,0.2829778080010626,0,1.0,0.0,0.0,0.0,True,False,False
WBCIC,34|S1|T157,34,0,0.0,0.2843171724739734,0,1.0,0.0,0.0,0.0,True,False,False
WBCIC,34|S1|T158,34,1,0.0,0.7292915888625812,1,1.0,0.0,0.0,0.0,True,False,False
WBCIC,34|S1|T159,34,0,0.0,0.3510824181357839,0,1.0,0.0,0.0,0.0,False,False,False
WBCIC,34|S1|T16,34,0,0.0,0.1559046772143443,0,1.0,0.0,0.0,0.0,True,False,False
WBCIC,34|S1|T160,34,1,0.0,0.3603002593564893,0,1.0,0.0,0.0,0.0,False,False,False
WBCIC,34|S1|T161,34,1,1.0,0.5831862742693102,1,0.3496180966610284,0.3275488517418846,0.32283305159708703,0.6503819033389716,False,False,False
WBCIC,34|S1|T162,34,1,0.0,0.33208500745923475,0,1.0,0.0,0.0,0.0,False,False,False
WBCIC,34|S1|T163,34,1,0.33333333333333326,0.42668788348023506,0,1.0,0.0,0.0,0.0,False,False,False
WBCIC,34|S1|T164,34,0,1.0,0.4333903920723883,0,1.0,0.0,0.0,0.0,False,False,False
WBCIC,34|S1|T165,34,1,0.6666666666666666,0.44907726037772383,0,1.0,0.0,0.0,0.0,False,False,False
WBCIC,34|S1|T166,34,0,0.6666666666666666,0.4680505716092694,0,1.0,0.0,0.0,0.0,False,False,False
WBCIC,34|S1|T167,34,0,0.0,0.29102922716499136,0,1.0,0.0,0.0,0.0,True,False,False
WBCIC,34|S1|T168,34,1,0.33333333333333326,0.43478853064406703,0,1.0,0.0,0.0,0.0,False,False,False
WBCIC,34|S1|T169,34,0,0.0,0.393496409184036,0,1.0,0.0,0.0,0.0,False,False,False
WBCIC,34|S1|T17,34,1,0.33333333333333326,0.4642591773613643,0,1.0,0.0,0.0,0.0,False,False,False
WBCIC,34|S1|T170,34,0,0.0,0.2640229170318831,0,1.0,0.0,0.0,0.0,True,False,False
WBCIC,34|S1|T171,34,0,0.0,0.3445368638779862,0,1.0,0.0,0.0,0.0,False,False,False
WBCIC,34|S1|T172,34,1,0.33333333333333326,0.37660565830026893,0,0.7554976741980056,0.24450232580199435,0.0,0.24450232580199435,False,False,False
WBCIC,34|S1|T173,34,0,1.0,0.5061857696831814,1,1.0,0.0,0.0,0.0,False,False,False
WBCIC,34|S1|T174,34,0,0.0,0.34792794226189844,0,1.0,0.0,0.0,0.0,False,False,False
WBCIC,34|S1|T175,34,0,0.0,0.7250046721426299,1,1.0,0.0,0.0,0.0,True,False,False
WBCIC,34|S1|T176,34,0,0.0,0.2553210125811448,0,1.0,0.0,0.0,0.0,True,False,False
WBCIC,34|S1|T177,34,1,0.0,0.230790390110047,0,1.0,0.0,0.0,0.0,True,False,False
WBCIC,34|S1|T178,34,0,0.33333333333333326,0.5583085461665177,1,1.0,0.0,0.0,0.0,False,False,False
WBCIC,34|S1|T179,34,1,0.33333333333333326,0.42595198015824554,0,0.6179500350936493,0.1945185569521897,0.187531407954161,0.3820499649063507,False,False,False
WBCIC,34|S1|T18,34,0,0.33333333333333326,0.7049933053777561,1,1.0,0.0,0.0,0.0,False,False,False
WBCIC,34|S1|T180,34,0,1.0,0.5054313507954334,1,1.0,0.0,0.0,0.0,False,False,False
WBCIC,34|S1|T181,34,0,0.33333333333333326,0.4050898808300694,0,1.0,0.0,0.0,0.0,False,False,False
WBCIC,34|S1|T182,34,0,0.0,0.6632423236054167,1,1.0,0.0,0.0,0.0,False,False,False
WBCIC,34|S1|T183,34,1,0.0,0.339033017383989,0,1.0,0.0,0.0,0.0,False,False,False
WBCIC,34|S1|T184,34,0,1.0,0.6511190213483102,1,1.0,0.0,0.0,0.0,False,False,False
WBCIC,34|S1|T185,34,1,0.33333333333333326,0.33146600783002256,0,1.0,0.0,0.0,0.0,False,False,False
WBCIC,34|S1|T186,34,0,0.0,0.32147190806893877,0,1.0,0.0,0.0,0.0,False,False,False
WBCIC,34|S1|T187,34,1,0.6666666666666666,0.454428530873815,0,1.0,0.0,0.0,0.0,False,False,False
WBCIC,34|S1|T188,34,1,0.0,0.3077031144355789,0,1.0,0.0,0.0,0.0,False,False,False
WBCIC,34|S1|T189,34,1,0.0,0.21745746813847044,0,1.0,0.0,0.0,0.0,True,False,False
WBCIC,34|S1|T19,34,0,0.0,0.27622284322285834,0,1.0,0.0,0.0,0.0,True,False,False
WBCIC,34|S1|T190,34,1,0.0,0.639208954452969,1,1.0,0.0,0.0,0.0,False,False,False
WBCIC,34|S1|T191,34,1,0.33333333333333326,0.6909256766495089,1,1.0,0.0,0.0,0.0,False,False,False
WBCIC,34|S1|T192,34,0,0.0,0.361317242284555,0,1.0,0.0,0.0,0.0,False,False,False
WBCIC,34|S1|T193,34,0,0.0,0.31480185699387947,0,1.0,0.0,0.0,0.0,False,False,False
WBCIC,34|S1|T194,34,0,0.0,0.26452484779171953,0,1.0,0.0,0.0,0.0,True,False,False
WBCIC,34|S1|T195,34,1,0.33333333333333326,0.6601029608920999,1,1.0,0.0,0.0,0.0,False,False,False
WBCIC,34|S1|T196,34,1,0.6666666666666666,0.42397094853089845,0,1.0,0.0,0.0,0.0,False,False,False
WBCIC,34|S1|T197,34,0,0.6666666666666666,0.39354944041226086,0,1.0,0.0,0.0,0.0,False,False,False
WBCIC,34|S1|T198,34,1,0.0,0.2931065313907937,0,1.0,0.0,0.0,0.0,True,False,False
WBCIC,34|S1|T199,34,1,0.0,0.29890214299731716,0,1.0,0.0,0.0,0.0,True,False,False
WBCIC,34|S1|T2,34,1,0.6666666666666666,0.4705880346411596,0,0.6433988022215701,0.0,0.35660119777842997,0.35660119777842997,False,False,False
WBCIC,34|S1|T20,34,1,0.0,0.2956089532494354,0,1.0,0.0,0.0,0.0,True,False,False
WBCIC,34|S1|T21,34,1,0.0,0.5775864592653857,1,1.0,0.0,0.0,0.0,False,False,False
WBCIC,34|S1|T22,34,1,1.0,0.5790349385282566,1,1.0,0.0,0.0,0.0,False,False,False
WBCIC,34|S1|T23,34,0,0.0,0.25607954669700966,0,1.0,0.0,0.0,0.0,True,False,False
WBCIC,34|S1|T24,34,0,0.6666666666666666,0.4741569159005154,0,1.0,0.0,0.0,0.0,False,False,False
WBCIC,34|S1|T25,34,1,0.0,0.3036036293328572,0,1.0,0.0,0.0,0.0,False,False,False
WBCIC,34|S1|T26,34,0,0.33333333333333326,0.693252479613015,1,1.0,0.0,0.0,0.0,False,False,False
WBCIC,34|S1|T27,34,0,0.0,0.4374443891367396,0,1.0,0.0,0.0,0.0,False,False,False
WBCIC,34|S1|T28,34,1,1.0,0.5875341206480555,1,0.3405931293964386,0.3328850269317627,0.3265218436717987,0.6594068706035614,False,False,False
WBCIC,34|S1|T29,34,1,0.0,0.41101785984753314,0,1.0,0.0,0.0,0.0,False,False,False
WBCIC,34|S1|T3,34,0,0.0,0.3781144679589054,0,1.0,0.0,0.0,0.0,False,False,False
WBCIC,34|S1|T30,34,0,0.6666666666666667,0.6055002662213725,1,1.0,0.0,0.0,0.0,False,False,False
WBCIC,34|S1|T31,34,0,0.33333333333333326,0.4444950466031921,0,1.0,0.0,0.0,0.0,False,False,False
WBCIC,34|S1|T32,34,1,0.6666666666666667,0.5698022226388524,1,1.0,0.0,0.0,0.0,False,False,False
WBCIC,34|S1|T33,34,1,0.0,0.3362340838578442,0,1.0,0.0,0.0,0.0,False,False,False
WBCIC,34|S1|T34,34,0,0.0,0.3158626618547986,0,1.0,0.0,0.0,0.0,False,False,False
WBCIC,34|S1|T35,34,0,0.6666666666666666,0.4540612658192303,0,1.0,0.0,0.0,0.0,False,False,False
WBCIC,34|S1|T36,34,1,0.33333333333333326,0.4135900133275984,0,1.0,0.0,0.0,0.0,False,False,False
WBCIC,34|S1|T37,34,0,0.6666666666666666,0.4697480830071103,0,1.0,0.0,0.0,0.0,False,False,False
WBCIC,34|S1|T38,34,1,1.0,0.5130520634402974,1,1.0,0.0,0.0,0.0,False,False,False
WBCIC,34|S1|T39,34,0,0.33333333333333326,0.44217013224572965,0,0.7665332678050191,0.0,0.23346673219498096,0.23346673219498096,False,False,False
WBCIC,34|S1|T4,34,1,0.0,0.22443638436401578,0,1.0,0.0,0.0,0.0,True,False,False
WBCIC,34|S1|T40,34,0,1.0,0.5559365453013627,1,0.5024875139042149,0.4975124860957851,0.0,0.4975124860957851,False,False,False
WBCIC,34|S1|T41,34,0,0.33333333333333326,0.44729164497788093,0,1.0,0.0,0.0,0.0,False,False,False
WBCIC,34|S1|T42,34,0,1.0,0.5826221247648267,1,1.0,0.0,0.0,0.0,False,False,False
WBCIC,34|S1|T43,34,1,1.0,0.4953733573382704,0,1.0,0.0,0.0,0.0,False,False,False
WBCIC,34|S1|T44,34,1,0.0,0.31009013012996967,0,1.0,0.0,0.0,0.0,False,False,False
WBCIC,34|S1|T45,34,1,0.33333333333333326,0.692804562169031,1,1.0,0.0,0.0,0.0,False,False,False
WBCIC,34|S1|T46,34,0,1.0,0.4973801295817011,0,1.0,0.0,0.0,0.0,False,False,False
WBCIC,34|S1|T47,34,1,0.6666666666666667,0.6016136871055435,1,1.0,0.0,0.0,0.0,False,False,False
WBCIC,34|S1|T48,34,0,1.0,0.6229326681507616,1,0.3540149927139282,0.32077422738075256,0.3252107799053192,0.6459850072860718,False,False,False
WBCIC,34|S1|T49,34,0,0.33333333333333326,0.5575141896024501,1,1.0,0.0,0.0,0.0,False,False,False
WBCIC,34|S1|T5,34,1,0.0,0.38008782724415124,0,1.0,0.0,0.0,0.0,False,False,False
WBCIC,34|S1|T50,34,1,0.0,0.2959690293011563,0,1.0,0.0,0.0,0.0,True,False,False
WBCIC,34|S1|T51,34,1,0.0,0.19825799315121637,0,1.0,0.0,0.0,0.0,True,False,False
WBCIC,34|S1|T52,34,0,0.0,0.31792964437891164,0,1.0,0.0,0.0,0.0,False,False,False
WBCIC,34|S1|T53,34,0,0.6666666666666667,0.6034661309803058,1,1.0,0.0,0.0,0.0,False,False,False
WBCIC,34|S1|T54,34,1,0.33333333333333326,0.3795793085650316,0,1.0,0.0,0.0,0.0,False,False,False
WBCIC,34|S1|T55,34,1,0.0,0.4209905877233275,0,1.0,0.0,0.0,0.0,False,False,False
WBCIC,34|S1|T56,34,1,0.0,0.2489682193853843,0,1.0,0.0,0.0,0.0,True,False,False
WBCIC,34|S1|T57,34,1,0.0,0.2931616337230528,0,1.0,0.0,0.0,0.0,True,False,False
WBCIC,34|S1|T58,34,1,0.0,0.3339295085562779,0,1.0,0.0,0.0,0.0,False,False,False
WBCIC,34|S1|T59,34,1,0.0,0.346525483018846,0,1.0,0.0,0.0,0.0,False,False,False
WBCIC,34|S1|T6,34,1,0.6666666666666667,0.6297507192565811,1,1.0,0.0,0.0,0.0,False,False,False
WBCIC,34|S1|T60,34,0,0.0,0.6326210642374986,1,1.0,0.0,0.0,0.0,False,False,False
WBCIC,34|S1|T61,34,0,0.6666666666666667,0.6016880961217944,1,1.0,0.0,0.0,0.0,False,False,False
WBCIC,34|S1|T62,34,0,0.6666666666666666,0.5344087385080091,1,1.0,0.0,0.0,0.0,False,False,False
WBCIC,34|S1|T63,34,1,0.0,0.24252283472806715,0,1.0,0.0,0.0,0.0,True,False,False
WBCIC,34|S1|T64,34,1,0.0,0.7380613467586258,1,1.0,0.0,0.0,0.0,True,False,False
WBCIC,34|S1|T65,34,1,0.0,0.16897800154635753,0,1.0,0.0,0.0,0.0,True,False,False
WBCIC,34|S1|T66,34,0,0.0,0.3164589839686671,0,1.0,0.0,0.0,0.0,False,False,False
WBCIC,34|S1|T67,34,0,0.0,0.28694015476890083,0,1.0,0.0,0.0,0.0,True,False,False
WBCIC,34|S1|T68,34,0,0.33333333333333326,0.4402274912912352,0,1.0,0.0,0.0,0.0,False,False,False
WBCIC,34|S1|T69,34,1,0.6666666666666666,0.48280045833633034,0,1.0,0.0,0.0,0.0,False,False,False
WBCIC,34|S1|T7,34,0,0.0,0.2991942785465152,0,1.0,0.0,0.0,0.0,True,False,False
WBCIC,34|S1|T70,34,0,0.0,0.24957700104670702,0,1.0,0.0,0.0,0.0,True,False,False
WBCIC,34|S1|T71,34,0,0.33333333333333326,0.4131223401547695,0,1.0,0.0,0.0,0.0,False,False,False
WBCIC,34|S1|T72,34,0,0.6666666666666666,0.479399266425085,0,1.0,0.0,0.0,0.0,False,False,False
WBCIC,34|S1|T73,34,1,0.0,0.3383685888381913,0,1.0,0.0,0.0,0.0,False,False,False
WBCIC,34|S1|T74,34,0,0.0,0.7855822001860401,1,1.0,0.0,0.0,0.0,True,False,False
WBCIC,34|S1|T75,34,1,0.0,0.3861728581503859,0,1.0,0.0,0.0,0.0,False,False,False
WBCIC,34|S1|T76,34,0,0.0,0.407275628824894,0,1.0,0.0,0.0,0.0,False,False,False
WBCIC,34|S1|T77,34,1,0.0,0.24539932428952269,0,1.0,0.0,0.0,0.0,True,False,False
WBCIC,34|S1|T78,34,1,0.6666666666666666,0.46878607006885914,0,1.0,0.0,0.0,0.0,False,False,False
WBCIC,34|S1|T79,34,0,0.6666666666666667,0.6465672791382904,1,0.6368709441030482,0.3631290558969518,0.0,0.3631290558969518,False,False,False
WBCIC,34|S1|T8,34,0,0.0,0.3471093614668075,0,1.0,0.0,0.0,0.0,False,False,False
WBCIC,34|S1|T80,34,1,0.33333333333333326,0.43901358535745266,0,1.0,0.0,0.0,0.0,False,False,False
WBCIC,34|S1|T81,34,1,0.0,0.2158145957160993,0,1.0,0.0,0.0,0.0,True,False,False
WBCIC,34|S1|T82,34,0,1.0,0.5324113906889779,1,1.0,0.0,0.0,0.0,False,False,False
WBCIC,34|S1|T83,34,0,1.0,0.5198220134525194,1,1.0,0.0,0.0,0.0,False,False,False
WBCIC,34|S1|T84,34,1,0.0,0.3168266563371094,0,1.0,0.0,0.0,0.0,False,False,False
WBCIC,34|S1|T85,34,1,1.0,0.5501187687798135,1,1.0,0.0,0.0,0.0,False,False,False
WBCIC,34|S1|T86,34,0,1.0,0.5460520833625961,1,0.5028262537347993,0.4971737462652007,0.0,0.4971737462652007,False,False,False
WBCIC,34|S1|T87,34,0,0.6666666666666667,0.536622869537062,1,1.0,0.0,0.0,0.0,False,False,False
WBCIC,34|S1|T88,34,1,0.0,0.3601426159009213,0,1.0,0.0,0.0,0.0,False,False,False
WBCIC,34|S1|T89,34,1,0.0,0.36524567225861326,0,1.0,0.0,0.0,0.0,False,False,False
WBCIC,34|S1|T9,34,0,0.0,0.1590649382305301,0,1.0,0.0,0.0,0.0,True,False,False
WBCIC,34|S1|T90,34,1,1.0,0.6134337147790264,1,1.0,0.0,0.0,0.0,False,False,False
WBCIC,34|S1|T91,34,0,1.0,0.5379009479794558,1,1.0,0.0,0.0,0.0,False,False,False
WBCIC,34|S1|T92,34,1,0.0,0.24386959783174947,0,1.0,0.0,0.0,0.0,True,False,False
WBCIC,34|S1|T93,34,1,0.6666666666666666,0.5047772708544108,1,1.0,0.0,0.0,0.0,False,False,False
WBCIC,34|S1|T94,34,1,0.33333333333333326,0.42329665539746114,0,0.758867648773013,0.24113235122698698,0.0,0.24113235122698698,False,False,False
WBCIC,34|S1|T95,34,0,0.6666666666666666,0.4279535131273767,0,1.0,0.0,0.0,0.0,False,False,False
WBCIC,34|S1|T96,34,0,1.0,0.589707682617059,1,0.3373706638813019,0.32981690764427185,0.33281242847442627,0.6626293361186981,False,False,False
WBCIC,34|S1|T97,34,0,1.0,0.5229139982561376,1,1.0,0.0,0.0,0.0,False,False,False
WBCIC,34|S1|T98,34,1,0.0,0.3320202473588299,0,1.0,0.0,0.0,0.0,False,False,False
WBCIC,34|S1|T99,34,0,1.0,0.603120623553994,1,0.3525034697355908,0.32293053406062927,0.32456599620377996,0.6474965302644092,False,False,False
WBCIC,35|S1|T0,35,1,0.0,0.8207399266430279,1,1.0,0.0,0.0,0.0,True,False,False
WBCIC,35|S1|T1,35,0,0.0,0.08022136124816885,0,1.0,0.0,0.0,0.0,True,False,False
WBCIC,35|S1|T10,35,0,0.0,0.18346073494075174,0,1.0,0.0,0.0,0.0,True,False,False
WBCIC,35|S1|T100,35,1,0.0,0.8124013569562707,1,1.0,0.0,0.0,0.0,True,False,False
WBCIC,35|S1|T101,35,1,0.0,0.8501120749857547,1,1.0,0.0,0.0,0.0,True,False,False
WBCIC,35|S1|T102,35,1,0.0,0.6070274164499935,1,1.0,0.0,0.0,0.0,False,False,False
WBCIC,35|S1|T103,35,0,0.0,0.1108079881968184,0,1.0,0.0,0.0,0.0,True,False,False
WBCIC,35|S1|T104,35,0,0.33333333333333326,0.3633386746229766,0,1.0,0.0,0.0,0.0,False,False,False
WBCIC,35|S1|T105,35,1,0.0,0.7787002787407991,1,1.0,0.0,0.0,0.0,True,False,False
WBCIC,35|S1|T106,35,1,0.0,0.8339258700541051,1,1.0,0.0,0.0,0.0,True,False,False
WBCIC,35|S1|T107,35,0,0.0,0.1368203505159273,0,1.0,0.0,0.0,0.0,True,False,False
WBCIC,35|S1|T108,35,0,0.0,0.42008858831279605,0,1.0,0.0,0.0,0.0,False,False,False
WBCIC,35|S1|T109,35,1,0.0,0.8674759968469523,1,1.0,0.0,0.0,0.0,True,False,False
WBCIC,35|S1|T11,35,0,0.0,0.1143683766654172,0,1.0,0.0,0.0,0.0,True,False,False
WBCIC,35|S1|T110,35,0,0.0,0.11270223254631047,0,1.0,0.0,0.0,0.0,True,False,False
WBCIC,35|S1|T111,35,0,0.0,0.11140045459965542,0,1.0,0.0,0.0,0.0,True,False,False
WBCIC,35|S1|T112,35,0,0.0,0.21567402076908657,0,1.0,0.0,0.0,0.0,True,False,False
WBCIC,35|S1|T113,35,0,0.0,0.13850889359871957,0,1.0,0.0,0.0,0.0,True,False,False
WBCIC,35|S1|T114,35,0,0.0,0.12886200212524565,0,1.0,0.0,0.0,0.0,True,False,False
WBCIC,35|S1|T115,35,1,0.0,0.8993804048424915,1,1.0,0.0,0.0,0.0,True,False,False
WBCIC,35|S1|T116,35,0,0.0,0.18112638948889928,0,1.0,0.0,0.0,0.0,True,False,False
WBCIC,35|S1|T117,35,1,0.0,0.663046800938112,1,1.0,0.0,0.0,0.0,False,False,False
WBCIC,35|S1|T118,35,0,0.0,0.2334724998593863,0,1.0,0.0,0.0,0.0,True,False,False
WBCIC,35|S1|T119,35,1,0.0,0.40287462683130143,0,1.0,0.0,0.0,0.0,False,False,False
WBCIC,35|S1|T12,35,1,0.0,0.8797904444184163,1,1.0,0.0,0.0,0.0,True,False,False
WBCIC,35|S1|T120,35,0,0.0,0.1261543798846624,0,1.0,0.0,0.0,0.0,True,False,False
WBCIC,35|S1|T121,35,1,0.0,0.8651158176376027,1,1.0,0.0,0.0,0.0,True,False,False
WBCIC,35|S1|T122,35,0,0.0,0.15520894684752531,0,1.0,0.0,0.0,0.0,True,False,False
WBCIC,35|S1|T123,35,1,0.0,0.8305635651317558,1,1.0,0.0,0.0,0.0,True,False,False
WBCIC,35|S1|T124,35,0,1.0,0.5651458449936189,1,0.49531262030579004,0.0,0.50468737969421,0.50468737969421,False,False,False
WBCIC,35|S1|T125,35,0,0.0,0.17627279633396012,0,1.0,0.0,0.0,0.0,True,False,False
WBCIC,35|S1|T126,35,0,0.33333333333333326,0.31210563055797585,0,1.0,0.0,0.0,0.0,False,False,False
WBCIC,35|S1|T127,35,1,0.33333333333333326,0.4855769086877848,0,1.0,0.0,0.0,0.0,False,False,False
WBCIC,35|S1|T128,35,1,0.33333333333333326,0.6560178347441828,1,1.0,0.0,0.0,0.0,False,False,False
WBCIC,35|S1|T129,35,1,0.0,0.6989449808135412,1,1.0,0.0,0.0,0.0,False,False,False
WBCIC,35|S1|T13,35,1,0.0,0.8747546225245314,1,1.0,0.0,0.0,0.0,True,False,False
WBCIC,35|S1|T130,35,1,0.6666666666666667,0.583468025430298,1,0.628805868899055,0.371194131100945,0.0,0.371194131100945,False,False,False
WBCIC,35|S1|T131,35,1,0.0,0.8742390803486911,1,1.0,0.0,0.0,0.0,True,False,False
WBCIC,35|S1|T132,35,0,0.0,0.12003657549366237,0,1.0,0.0,0.0,0.0,True,False,False
WBCIC,35|S1|T133,35,0,0.0,0.1548367193040481,0,1.0,0.0,0.0,0.0,True,False,False
WBCIC,35|S1|T134,35,0,0.0,0.09796631108619619,0,1.0,0.0,0.0,0.0,True,False,False
WBCIC,35|S1|T135,35,1,0.0,0.8537625332089065,1,1.0,0.0,0.0,0.0,True,False,False
WBCIC,35|S1|T136,35,0,0.0,0.2101820968924736,0,1.0,0.0,0.0,0.0,True,False,False
WBCIC,35|S1|T137,35,0,0.0,0.1590093359382711,0,1.0,0.0,0.0,0.0,True,False,False
WBCIC,35|S1|T138,35,1,0.0,0.23946585161505904,0,1.0,0.0,0.0,0.0,True,False,False
WBCIC,35|S1|T139,35,0,0.0,0.12751590154883027,0,1.0,0.0,0.0,0.0,True,False,False
WBCIC,35|S1|T14,35,1,0.0,0.8877502315211113,1,1.0,0.0,0.0,0.0,True,False,False
WBCIC,35|S1|T140,35,1,0.33333333333333326,0.7465556145345961,1,1.0,0.0,0.0,0.0,False,False,False
WBCIC,35|S1|T141,35,1,0.33333333333333326,0.6128502230661649,1,1.0,0.0,0.0,0.0,False,False,False
WBCIC,35|S1|T142,35,1,0.0,0.8201530666282676,1,1.0,0.0,0.0,0.0,True,False,False
WBCIC,35|S1|T143,35,1,0.0,0.8564020282040664,1,1.0,0.0,0.0,0.0,True,False,False
WBCIC,35|S1|T144,35,0,0.0,0.1351292147088815,0,1.0,0.0,0.0,0.0,True,False,False
WBCIC,35|S1|T145,35,1,0.0,0.9354605167881362,1,1.0,0.0,0.0,0.0,True,False,False
WBCIC,35|S1|T146,35,0,0.0,0.12309923658348565,0,1.0,0.0,0.0,0.0,True,False,False
WBCIC,35|S1|T147,35,0,0.0,0.1127634945481223,0,1.0,0.0,0.0,0.0,True,False,False
WBCIC,35|S1|T148,35,1,0.0,0.8894955735146336,1,1.0,0.0,0.0,0.0,True,False,False
WBCIC,35|S1|T149,35,0,0.0,0.17713722757575767,0,1.0,0.0,0.0,0.0,True,False,False
WBCIC,35|S1|T15,35,0,0.0,0.07852835640307639,0,1.0,0.0,0.0,0.0,True,False,False
WBCIC,35|S1|T150,35,0,0.0,0.09028404310531134,0,1.0,0.0,0.0,0.0,True,False,False
WBCIC,35|S1|T151,35,0,0.0,0.10102189590922711,0,1.0,0.0,0.0,0.0,True,False,False
WBCIC,35|S1|T152,35,0,0.0,0.16796693743480806,0,1.0,0.0,0.0,0.0,True,False,False
WBCIC,35|S1|T153,35,1,0.0,0.8890477138704509,1,1.0,0.0,0.0,0.0,True,False,False
WBCIC,35|S1|T154,35,1,0.0,0.8422889856267424,1,1.0,0.0,0.0,0.0,True,False,False
WBCIC,35|S1|T155,35,0,0.0,0.21070221088922994,0,1.0,0.0,0.0,0.0,True,False,False
WBCIC,35|S1|T156,35,1,1.0,0.564061840172545,1,0.5352169283604025,0.0,0.4647830716395975,0.4647830716395975,False,False,False
WBCIC,35|S1|T157,35,1,0.6666666666666667,0.6767657650968782,1,1.0,0.0,0.0,0.0,False,False,False
WBCIC,35|S1|T158,35,1,0.0,0.7368610436370805,1,1.0,0.0,0.0,0.0,True,False,False
WBCIC,35|S1|T159,35,0,0.0,0.14576722393375266,0,1.0,0.0,0.0,0.0,True,False,False
WBCIC,35|S1|T16,35,1,0.0,0.9311994317065775,1,1.0,0.0,0.0,0.0,True,False,False
WBCIC,35|S1|T160,35,1,0.0,0.8585961863614632,1,1.0,0.0,0.0,0.0,True,False,False
WBCIC,35|S1|T161,35,0,0.0,0.15808631745262364,0,1.0,0.0,0.0,0.0,True,False,False
WBCIC,35|S1|T162,35,0,0.0,0.11563477737693517,0,1.0,0.0,0.0,0.0,True,False,False
WBCIC,35|S1|T163,35,1,0.0,0.8199111185577245,1,1.0,0.0,0.0,0.0,True,False,False
WBCIC,35|S1|T164,35,0,0.0,0.2475276731122024,0,1.0,0.0,0.0,0.0,True,False,False
WBCIC,35|S1|T165,35,0,0.0,0.19797631203486618,0,1.0,0.0,0.0,0.0,True,False,False
WBCIC,35|S1|T166,35,0,0.0,0.15976895991737888,0,1.0,0.0,0.0,0.0,True,False,False
WBCIC,35|S1|T167,35,1,0.0,0.8786319360888442,1,1.0,0.0,0.0,0.0,True,False,False
WBCIC,35|S1|T168,35,1,0.0,0.8697280127320971,1,1.0,0.0,0.0,0.0,True,False,False
WBCIC,35|S1|T169,35,1,0.33333333333333326,0.44246156253564184,0,1.0,0.0,0.0,0.0,False,False,False
WBCIC,35|S1|T17,35,0,0.0,0.20570417641779862,0,1.0,0.0,0.0,0.0,True,False,False
WBCIC,35|S1|T170,35,1,0.0,0.8725792547463652,1,1.0,0.0,0.0,0.0,True,False,False
WBCIC,35|S1|T171,35,1,0.0,0.8081647665949218,1,1.0,0.0,0.0,0.0,True,False,False
WBCIC,35|S1|T172,35,0,0.0,0.13335008868036732,0,1.0,0.0,0.0,0.0,True,False,False
WBCIC,35|S1|T173,35,0,0.0,0.23716870751202015,0,1.0,0.0,0.0,0.0,True,False,False
WBCIC,35|S1|T174,35,0,0.0,0.08922283989167594,0,1.0,0.0,0.0,0.0,True,False,False
WBCIC,35|S1|T175,35,0,0.0,0.13960413863278556,0,1.0,0.0,0.0,0.0,True,False,False
WBCIC,35|S1|T176,35,0,0.0,0.12518869768026109,0,1.0,0.0,0.0,0.0,True,False,False
WBCIC,35|S1|T177,35,1,0.0,0.739827726233349,1,1.0,0.0,0.0,0.0,True,False,False
WBCIC,35|S1|T178,35,1,0.0,0.8387136685425509,1,1.0,0.0,0.0,0.0,True,False,False
WBCIC,35|S1|T179,35,0,0.0,0.16902663654094074,0,1.0,0.0,0.0,0.0,True,False,False
WBCIC,35|S1|T18,35,1,0.0,0.9380091367549772,1,1.0,0.0,0.0,0.0,True,False,False
WBCIC,35|S1|T180,35,0,0.0,0.212507293860932,0,1.0,0.0,0.0,0.0,True,False,False
WBCIC,35|S1|T181,35,0,0.0,0.14882983925226548,0,1.0,0.0,0.0,0.0,True,False,False
WBCIC,35|S1|T182,35,0,0.0,0.119532099258788,0,1.0,0.0,0.0,0.0,True,False,False
WBCIC,35|S1|T183,35,0,0.0,0.10354689036822079,0,1.0,0.0,0.0,0.0,True,False,False
WBCIC,35|S1|T184,35,1,0.0,0.8754328232438883,1,1.0,0.0,0.0,0.0,True,False,False
WBCIC,35|S1|T185,35,0,0.0,0.11392139984294998,0,1.0,0.0,0.0,0.0,True,False,False
WBCIC,35|S1|T186,35,0,0.0,0.24309452529831976,0,1.0,0.0,0.0,0.0,True,False,False
WBCIC,35|S1|T187,35,1,0.33333333333333326,0.658444692882667,1,1.0,0.0,0.0,0.0,False,False,False
WBCIC,35|S1|T188,35,1,0.0,0.8800658767185082,1,1.0,0.0,0.0,0.0,True,False,False
WBCIC,35|S1|T189,35,1,0.0,0.8244487288183594,1,1.0,0.0,0.0,0.0,True,False,False
WBCIC,35|S1|T19,35,1,0.0,0.5896866575703092,1,1.0,0.0,0.0,0.0,False,False,False
WBCIC,35|S1|T190,35,1,0.0,0.8054472700798194,1,1.0,0.0,0.0,0.0,True,False,False
WBCIC,35|S1|T191,35,1,0.0,0.7625452012133375,1,1.0,0.0,0.0,0.0,True,False,False
WBCIC,35|S1|T192,35,0,0.0,0.18411183562668268,0,1.0,0.0,0.0,0.0,True,False,False
WBCIC,35|S1|T193,35,1,0.0,0.83870182750444,1,1.0,0.0,0.0,0.0,True,False,False
WBCIC,35|S1|T194,35,1,0.0,0.8488607003043006,1,1.0,0.0,0.0,0.0,True,False,False
WBCIC,35|S1|T195,35,0,0.0,0.2628168740059597,0,1.0,0.0,0.0,0.0,True,False,False
WBCIC,35|S1|T196,35,1,0.0,0.8577482241428819,1,1.0,0.0,0.0,0.0,True,False,False
WBCIC,35|S1|T197,35,1,0.0,0.8856010388499854,1,1.0,0.0,0.0,0.0,True,False,False
WBCIC,35|S1|T198,35,1,0.0,0.7831074410806961,1,1.0,0.0,0.0,0.0,True,False,False
WBCIC,35|S1|T199,35,0,0.0,0.13544621572619878,0,1.0,0.0,0.0,0.0,True,False,False
WBCIC,35|S1|T2,35,0,0.0,0.07918026485521569,0,1.0,0.0,0.0,0.0,True,False,False
WBCIC,35|S1|T20,35,1,0.0,0.9042652456078768,1,1.0,0.0,0.0,0.0,True,False,False
WBCIC,35|S1|T21,35,1,0.0,0.8478302869858209,1,1.0,0.0,0.0,0.0,True,False,False
WBCIC,35|S1|T22,35,1,0.0,0.9376533808606086,1,1.0,0.0,0.0,0.0,True,False,False
WBCIC,35|S1|T23,35,0,0.0,0.1585331555890864,0,1.0,0.0,0.0,0.0,True,False,False
WBCIC,35|S1|T24,35,0,0.0,0.15347366715875635,0,1.0,0.0,0.0,0.0,True,False,False
WBCIC,35|S1|T25,35,1,0.0,0.9385106125349031,1,1.0,0.0,0.0,0.0,True,False,False
WBCIC,35|S1|T26,35,1,0.0,0.9260971051770471,1,1.0,0.0,0.0,0.0,True,False,False
WBCIC,35|S1|T27,35,0,0.0,0.32631048628050086,0,1.0,0.0,0.0,0.0,False,False,False
WBCIC,35|S1|T28,35,0,0.0,0.11421815262842246,0,1.0,0.0,0.0,0.0,True,False,False
WBCIC,35|S1|T29,35,1,1.0,0.49434489509009066,0,1.0,0.0,0.0,0.0,False,False,False
WBCIC,35|S1|T3,35,1,0.0,0.8974917558029224,1,1.0,0.0,0.0,0.0,True,False,False
WBCIC,35|S1|T30,35,0,0.0,0.12817894899851942,0,1.0,0.0,0.0,0.0,True,False,False
WBCIC,35|S1|T31,35,0,0.0,0.10351236528009944,0,1.0,0.0,0.0,0.0,True,False,False
WBCIC,35|S1|T32,35,1,0.0,0.40892522625826905,0,1.0,0.0,0.0,0.0,False,False,False
WBCIC,35|S1|T33,35,0,0.0,0.0985378790779477,0,1.0,0.0,0.0,0.0,True,False,False
WBCIC,35|S1|T34,35,0,0.6666666666666666,0.47374416789678525,0,0.4590686109861414,0.28352063855021714,0.2574107504636415,0.5409313890138586,False,False,False
WBCIC,35|S1|T35,35,1,0.0,0.8913430940490854,1,1.0,0.0,0.0,0.0,True,False,False
WBCIC,35|S1|T36,35,1,0.0,0.6656242790129402,1,1.0,0.0,0.0,0.0,False,False,False
WBCIC,35|S1|T37,35,0,0.0,0.09954108806530014,0,1.0,0.0,0.0,0.0,True,False,False
WBCIC,35|S1|T38,35,0,0.0,0.09435598410223894,0,1.0,0.0,0.0,0.0,True,False,False
WBCIC,35|S1|T39,35,1,0.33333333333333326,0.45080648488592195,0,1.0,0.0,0.0,0.0,False,False,False
WBCIC,35|S1|T4,35,1,0.0,0.8549733318638904,1,1.0,0.0,0.0,0.0,True,False,False
WBCIC,35|S1|T40,35,0,0.33333333333333326,0.2999957821372884,0,1.0,0.0,0.0,0.0,False,False,False
WBCIC,35|S1|T41,35,0,0.0,0.12048281369771123,0,1.0,0.0,0.0,0.0,True,False,False
WBCIC,35|S1|T42,35,1,0.6666666666666667,0.540970876001647,1,1.0,0.0,0.0,0.0,False,False,False
WBCIC,35|S1|T43,35,1,0.33333333333333326,0.7158557822135622,1,1.0,0.0,0.0,0.0,False,False,False
WBCIC,35|S1|T44,35,0,0.33333333333333326,0.35650949218525446,0,1.0,0.0,0.0,0.0,False,False,False
WBCIC,35|S1|T45,35,1,0.0,0.5910377104846852,1,1.0,0.0,0.0,0.0,False,False,False
WBCIC,35|S1|T46,35,1,1.0,0.6411374879736179,1,1.0,0.0,0.0,0.0,False,False,False
WBCIC,35|S1|T47,35,0,0.0,0.1120305922872966,0,1.0,0.0,0.0,0.0,True,False,False
WBCIC,35|S1|T48,35,0,1.0,0.48334147871581723,0,1.0,0.0,0.0,0.0,False,False,False
WBCIC,35|S1|T49,35,1,0.0,0.8661436306717786,1,1.0,0.0,0.0,0.0,True,False,False
WBCIC,35|S1|T5,35,1,0.0,0.9153227083366914,1,1.0,0.0,0.0,0.0,True,False,False
WBCIC,35|S1|T50,35,1,0.0,0.9225271034122488,1,1.0,0.0,0.0,0.0,True,False,False
WBCIC,35|S1|T51,35,1,0.0,0.7468135787021574,1,1.0,0.0,0.0,0.0,True,False,False
WBCIC,35|S1|T52,35,1,0.0,0.8155802833235932,1,1.0,0.0,0.0,0.0,True,False,False
WBCIC,35|S1|T53,35,0,0.0,0.0937405291436878,0,1.0,0.0,0.0,0.0,True,False,False
WBCIC,35|S1|T54,35,0,0.0,0.29339675496327694,0,1.0,0.0,0.0,0.0,True,False,False
WBCIC,35|S1|T55,35,1,0.0,0.7909049437305377,1,1.0,0.0,0.0,0.0,True,False,False
WBCIC,35|S1|T56,35,0,0.33333333333333326,0.20907533333242143,0,1.0,0.0,0.0,0.0,False,False,False
WBCIC,35|S1|T57,35,0,0.0,0.1525186095103214,0,1.0,0.0,0.0,0.0,True,False,False
WBCIC,35|S1|T58,35,1,0.0,0.7371480938982495,1,1.0,0.0,0.0,0.0,True,False,False
WBCIC,35|S1|T59,35,0,0.0,0.16336239667402194,0,1.0,0.0,0.0,0.0,True,False,False
WBCIC,35|S1|T6,35,0,0.0,0.09076322159501815,0,1.0,0.0,0.0,0.0,True,False,False
WBCIC,35|S1|T60,35,1,0.0,0.8277325487986674,1,1.0,0.0,0.0,0.0,True,False,False
WBCIC,35|S1|T61,35,0,0.0,0.12907035464832003,0,1.0,0.0,0.0,0.0,True,False,False
WBCIC,35|S1|T62,35,0,0.0,0.1283522236011326,0,1.0,0.0,0.0,0.0,True,False,False
WBCIC,35|S1|T63,35,0,0.6666666666666666,0.45310749491845975,0,1.0,0.0,0.0,0.0,False,False,False
WBCIC,35|S1|T64,35,1,0.0,0.9221224904552391,1,1.0,0.0,0.0,0.0,True,False,False
WBCIC,35|S1|T65,35,0,0.0,0.06705032298082246,0,1.0,0.0,0.0,0.0,True,False,False
WBCIC,35|S1|T66,35,1,0.33333333333333326,0.6742983373956019,1,1.0,0.0,0.0,0.0,False,False,False
WBCIC,35|S1|T67,35,0,0.0,0.24665237746871438,0,1.0,0.0,0.0,0.0,True,False,False
WBCIC,35|S1|T68,35,1,0.33333333333333326,0.7229772021371684,1,1.0,0.0,0.0,0.0,False,False,False
WBCIC,35|S1|T69,35,0,0.0,0.08915359440355096,0,1.0,0.0,0.0,0.0,True,False,False
WBCIC,35|S1|T7,35,0,0.0,0.13019486993386428,0,1.0,0.0,0.0,0.0,True,False,False
WBCIC,35|S1|T70,35,1,0.0,0.8966589834954478,1,1.0,0.0,0.0,0.0,True,False,False
WBCIC,35|S1|T71,35,0,0.0,0.07734749234609169,0,1.0,0.0,0.0,0.0,True,False,False
WBCIC,35|S1|T72,35,0,0.0,0.18387329161707036,0,1.0,0.0,0.0,0.0,True,False,False
WBCIC,35|S1|T73,35,0,0.0,0.1773717385770833,0,1.0,0.0,0.0,0.0,True,False,False
WBCIC,35|S1|T74,35,1,0.0,0.7677705352853584,1,1.0,0.0,0.0,0.0,True,False,False
WBCIC,35|S1|T75,35,1,0.0,0.7175543127299565,1,1.0,0.0,0.0,0.0,True,False,False
WBCIC,35|S1|T76,35,1,0.0,0.8272285760055417,1,1.0,0.0,0.0,0.0,True,False,False
WBCIC,35|S1|T77,35,0,0.0,0.09843873099835927,0,1.0,0.0,0.0,0.0,True,False,False
WBCIC,35|S1|T78,35,1,0.6666666666666667,0.6144783945857544,1,0.6351203601472897,0.3648796398527103,0.0,0.3648796398527103,False,False,False
WBCIC,35|S1|T79,35,1,0.0,0.8992984942997605,1,1.0,0.0,0.0,0.0,True,False,False
WBCIC,35|S1|T8,35,0,0.0,0.08330413790757696,0,1.0,0.0,0.0,0.0,True,False,False
WBCIC,35|S1|T80,35,1,0.0,0.9114804261107071,1,1.0,0.0,0.0,0.0,True,False,False
WBCIC,35|S1|T81,35,1,0.0,0.8165445255139229,1,1.0,0.0,0.0,0.0,True,False,False
WBCIC,35|S1|T82,35,1,0.0,0.8180736824225677,1,1.0,0.0,0.0,0.0,True,False,False
WBCIC,35|S1|T83,35,0,0.0,0.1582324452365307,0,1.0,0.0,0.0,0.0,True,False,False
WBCIC,35|S1|T84,35,0,0.0,0.30452393319992294,0,1.0,0.0,0.0,0.0,False,False,False
WBCIC,35|S1|T85,35,0,0.0,0.20815828107608156,0,1.0,0.0,0.0,0.0,True,False,False
WBCIC,35|S1|T86,35,1,0.0,0.7445794852091717,1,1.0,0.0,0.0,0.0,True,False,False
WBCIC,35|S1|T87,35,0,0.0,0.15461420028255404,0,1.0,0.0,0.0,0.0,True,False,False
WBCIC,35|S1|T88,35,1,0.0,0.8760814668540126,1,1.0,0.0,0.0,0.0,True,False,False
WBCIC,35|S1|T89,35,0,0.0,0.11153405122429277,0,1.0,0.0,0.0,0.0,True,False,False
WBCIC,35|S1|T9,35,0,0.0,0.16736761165317418,0,1.0,0.0,0.0,0.0,True,False,False
WBCIC,35|S1|T90,35,0,0.0,0.17921208010834255,0,1.0,0.0,0.0,0.0,True,False,False
WBCIC,35|S1|T91,35,1,0.0,0.8894669941456694,1,1.0,0.0,0.0,0.0,True,False,False
WBCIC,35|S1|T92,35,0,0.0,0.1385824101763468,0,1.0,0.0,0.0,0.0,True,False,False
WBCIC,35|S1|T93,35,1,0.0,0.923095303370586,1,1.0,0.0,0.0,0.0,True,False,False
WBCIC,35|S1|T94,35,1,0.0,0.8484672108664261,1,1.0,0.0,0.0,0.0,True,False,False
WBCIC,35|S1|T95,35,0,0.0,0.15115378764879928,0,1.0,0.0,0.0,0.0,True,False,False
WBCIC,35|S1|T96,35,0,0.0,0.1536342718271725,0,1.0,0.0,0.0,0.0,True,False,False
WBCIC,35|S1|T97,35,1,0.6666666666666667,0.5294292628925241,1,0.6196450579705253,0.38035494202947473,0.0,0.38035494202947473,False,False,False
WBCIC,35|S1|T98,35,1,0.0,0.8919171606105726,1,1.0,0.0,0.0,0.0,True,False,False
WBCIC,35|S1|T99,35,1,0.0,0.8343008078732478,1,1.0,0.0,0.0,0.0,True,False,False
WBCIC,36|S1|T0,36,0,0.0,0.11275411700784425,0,1.0,0.0,0.0,0.0,True,False,False
WBCIC,36|S1|T1,36,1,0.6666666666666666,0.4733023184203049,0,1.0,0.0,0.0,0.0,False,False,False
WBCIC,36|S1|T10,36,0,0.0,0.22487699325467556,0,1.0,0.0,0.0,0.0,True,False,False
WBCIC,36|S1|T100,36,0,0.0,0.21508805756517937,0,1.0,0.0,0.0,0.0,True,False,False
WBCIC,36|S1|T101,36,1,0.0,0.7102670520862978,1,1.0,0.0,0.0,0.0,True,False,False
WBCIC,36|S1|T102,36,0,0.0,0.17393101831763355,0,1.0,0.0,0.0,0.0,True,False,False
WBCIC,36|S1|T103,36,1,0.6666666666666666,0.4873420391717664,0,1.0,0.0,0.0,0.0,False,False,False
WBCIC,36|S1|T104,36,0,0.33333333333333326,0.34020975221207084,0,1.0,0.0,0.0,0.0,False,False,False
WBCIC,36|S1|T105,36,1,0.0,0.6802138551475596,1,1.0,0.0,0.0,0.0,False,False,False
WBCIC,36|S1|T106,36,1,0.0,0.8106850333677514,1,1.0,0.0,0.0,0.0,True,False,False
WBCIC,36|S1|T107,36,1,0.0,0.6060995225505456,1,1.0,0.0,0.0,0.0,False,False,False
WBCIC,36|S1|T108,36,0,1.0,0.5596327568803298,1,1.0,0.0,0.0,0.0,False,False,False
WBCIC,36|S1|T109,36,0,1.0,0.5573262518417772,1,0.5213604590459843,0.4786395409540158,0.0,0.4786395409540158,False,False,False
WBCIC,36|S1|T11,36,1,0.0,0.8227789990522644,1,1.0,0.0,0.0,0.0,True,False,False
WBCIC,36|S1|T110,36,0,0.0,0.22793282886145214,0,1.0,0.0,0.0,0.0,True,False,False
WBCIC,36|S1|T111,36,1,0.0,0.7039316197408856,1,1.0,0.0,0.0,0.0,True,False,False
WBCIC,36|S1|T112,36,0,0.0,0.1466804403814688,0,1.0,0.0,0.0,0.0,True,False,False
WBCIC,36|S1|T113,36,0,0.0,0.13912964031959094,0,1.0,0.0,0.0,0.0,True,False,False
WBCIC,36|S1|T114,36,0,0.33333333333333326,0.35797408851353557,0,1.0,0.0,0.0,0.0,False,False,False
WBCIC,36|S1|T115,36,1,0.0,0.7974431977027999,1,1.0,0.0,0.0,0.0,True,False,False
WBCIC,36|S1|T116,36,0,0.0,0.19247981004620063,0,1.0,0.0,0.0,0.0,True,False,False
WBCIC,36|S1|T117,36,0,0.0,0.16503625214415715,0,1.0,0.0,0.0,0.0,True,False,False
WBCIC,36|S1|T118,36,0,0.6666666666666667,0.635856026679578,1,1.0,0.0,0.0,0.0,False,False,False
WBCIC,36|S1|T119,36,1,1.0,0.5415935575815827,1,1.0,0.0,0.0,0.0,False,False,False
WBCIC,36|S1|T12,36,0,0.0,0.12748377719389223,0,1.0,0.0,0.0,0.0,True,False,False
WBCIC,36|S1|T120,36,1,0.0,0.8024722636021439,1,1.0,0.0,0.0,0.0,True,False,False
WBCIC,36|S1|T121,36,0,0.0,0.13583368888762065,0,1.0,0.0,0.0,0.0,True,False,False
WBCIC,36|S1|T122,36,1,1.0,0.6136438982734121,1,1.0,0.0,0.0,0.0,False,False,False
WBCIC,36|S1|T123,36,1,0.0,0.7685645237640314,1,1.0,0.0,0.0,0.0,True,False,False
WBCIC,36|S1|T124,36,0,1.0,0.626483591470973,1,0.5057530470372632,0.49424695296273674,0.0,0.49424695296273674,False,False,False
WBCIC,36|S1|T125,36,0,0.0,0.3236024545818285,0,1.0,0.0,0.0,0.0,False,False,False
WBCIC,36|S1|T126,36,1,0.0,0.7238970423044905,1,1.0,0.0,0.0,0.0,True,False,False
WBCIC,36|S1|T127,36,1,0.0,0.8439695017728205,1,1.0,0.0,0.0,0.0,True,False,False
WBCIC,36|S1|T128,36,1,0.0,0.7134514886180416,1,1.0,0.0,0.0,0.0,True,False,False
WBCIC,36|S1|T129,36,0,0.0,0.12465890081171384,0,1.0,0.0,0.0,0.0,True,False,False
WBCIC,36|S1|T13,36,1,0.0,0.5984132816026491,1,1.0,0.0,0.0,0.0,False,False,False
WBCIC,36|S1|T130,36,0,0.0,0.12511094512577126,0,1.0,0.0,0.0,0.0,True,False,False
WBCIC,36|S1|T131,36,0,0.0,0.23887429545689773,0,1.0,0.0,0.0,0.0,True,False,False
WBCIC,36|S1|T132,36,1,0.0,0.805531889185262,1,1.0,0.0,0.0,0.0,True,False,False
WBCIC,36|S1|T133,36,1,0.0,0.7789513178093098,1,1.0,0.0,0.0,0.0,True,False,False
WBCIC,36|S1|T134,36,1,0.0,0.7781476716460142,1,1.0,0.0,0.0,0.0,True,False,False
WBCIC,36|S1|T135,36,1,0.0,0.40465774425792095,0,1.0,0.0,0.0,0.0,False,False,False
WBCIC,36|S1|T136,36,0,0.0,0.14719005300357918,0,1.0,0.0,0.0,0.0,True,False,False
WBCIC,36|S1|T137,36,0,0.33333333333333326,0.4693886375993325,0,1.0,0.0,0.0,0.0,False,False,False
WBCIC,36|S1|T138,36,0,0.0,0.10637103345183047,0,1.0,0.0,0.0,0.0,True,False,False
WBCIC,36|S1|T139,36,1,0.0,0.8180951105934721,1,1.0,0.0,0.0,0.0,True,False,False
WBCIC,36|S1|T14,36,1,0.0,0.8076802401876572,1,1.0,0.0,0.0,0.0,True,False,False
WBCIC,36|S1|T140,36,0,0.0,0.13642518035461146,0,1.0,0.0,0.0,0.0,True,False,False
WBCIC,36|S1|T141,36,1,0.0,0.8768546181826836,1,1.0,0.0,0.0,0.0,True,False,False
WBCIC,36|S1|T142,36,0,0.0,0.17199481908791717,0,1.0,0.0,0.0,0.0,True,False,False
WBCIC,36|S1|T143,36,0,0.0,0.18290971889221252,0,1.0,0.0,0.0,0.0,True,False,False
WBCIC,36|S1|T144,36,0,0.0,0.17759430477259833,0,1.0,0.0,0.0,0.0,True,False,False
WBCIC,36|S1|T145,36,0,0.0,0.31206821005473334,0,1.0,0.0,0.0,0.0,False,False,False
WBCIC,36|S1|T146,36,1,0.0,0.6967608957228001,1,1.0,0.0,0.0,0.0,False,False,False
WBCIC,36|S1|T147,36,0,0.0,0.178840723474352,0,1.0,0.0,0.0,0.0,True,False,False
WBCIC,36|S1|T148,36,0,0.0,0.13054218685232014,0,1.0,0.0,0.0,0.0,True,False,False
WBCIC,36|S1|T149,36,1,0.0,0.7683974458080481,1,1.0,0.0,0.0,0.0,True,False,False
WBCIC,36|S1|T15,36,0,0.0,0.13967428330086648,0,1.0,0.0,0.0,0.0,True,False,False
WBCIC,36|S1|T150,36,1,0.0,0.8065365802414575,1,1.0,0.0,0.0,0.0,True,False,False
WBCIC,36|S1|T151,36,1,0.0,0.7674732912330927,1,1.0,0.0,0.0,0.0,True,False,False
WBCIC,36|S1|T152,36,1,0.0,0.782613213522041,1,1.0,0.0,0.0,0.0,True,False,False
WBCIC,36|S1|T153,36,0,0.0,0.15217582687200884,0,1.0,0.0,0.0,0.0,True,False,False
WBCIC,36|S1|T154,36,1,0.0,0.5714313222774764,1,1.0,0.0,0.0,0.0,False,False,False
WBCIC,36|S1|T155,36,0,0.0,0.17992982342662714,0,1.0,0.0,0.0,0.0,True,False,False
WBCIC,36|S1|T156,36,1,0.0,0.7591687391587761,1,1.0,0.0,0.0,0.0,True,False,False
WBCIC,36|S1|T157,36,1,0.0,0.8079049597224762,1,1.0,0.0,0.0,0.0,True,False,False
WBCIC,36|S1|T158,36,0,0.6666666666666666,0.4556241752433218,0,1.0,0.0,0.0,0.0,False,False,False
WBCIC,36|S1|T159,36,0,0.0,0.1249153780618667,0,1.0,0.0,0.0,0.0,True,False,False
WBCIC,36|S1|T16,36,1,0.0,0.8351227547858535,1,1.0,0.0,0.0,0.0,True,False,False
WBCIC,36|S1|T160,36,0,0.0,0.11335755971243384,0,1.0,0.0,0.0,0.0,True,False,False
WBCIC,36|S1|T161,36,0,0.0,0.213758702071429,0,1.0,0.0,0.0,0.0,True,False,False
WBCIC,36|S1|T162,36,0,0.0,0.1428059564984447,0,1.0,0.0,0.0,0.0,True,False,False
WBCIC,36|S1|T163,36,1,0.0,0.7937020985390121,1,1.0,0.0,0.0,0.0,True,False,False
WBCIC,36|S1|T164,36,1,0.0,0.7215271041569299,1,1.0,0.0,0.0,0.0,True,False,False
WBCIC,36|S1|T165,36,0,0.0,0.20941872234746506,0,1.0,0.0,0.0,0.0,True,False,False
WBCIC,36|S1|T166,36,1,1.0,0.5938449955133325,1,0.512311962414959,0.0,0.48768803758504103,0.48768803758504103,False,False,False
WBCIC,36|S1|T167,36,0,0.0,0.18363373758484447,0,1.0,0.0,0.0,0.0,True,False,False
WBCIC,36|S1|T168,36,1,0.0,0.7367787134530798,1,1.0,0.0,0.0,0.0,True,False,False
WBCIC,36|S1|T169,36,1,0.0,0.741032334035689,1,1.0,0.0,0.0,0.0,True,False,False
WBCIC,36|S1|T17,36,0,0.0,0.2111398089500526,0,1.0,0.0,0.0,0.0,True,False,False
WBCIC,36|S1|T170,36,1,1.0,0.5566674961466159,1,1.0,0.0,0.0,0.0,False,False,False
WBCIC,36|S1|T171,36,0,0.0,0.25593197459640143,0,1.0,0.0,0.0,0.0,True,False,False
WBCIC,36|S1|T172,36,1,0.33333333333333326,0.4217949186274022,0,1.0,0.0,0.0,0.0,False,False,False
WBCIC,36|S1|T173,36,0,0.0,0.265013148591007,0,1.0,0.0,0.0,0.0,True,False,False
WBCIC,36|S1|T174,36,1,1.0,0.5471772124342726,1,0.5245343290409396,0.0,0.4754656709590604,0.4754656709590604,False,False,False
WBCIC,36|S1|T175,36,1,0.0,0.6827708591343798,1,1.0,0.0,0.0,0.0,False,False,False
WBCIC,36|S1|T176,36,0,0.0,0.1255916140417105,0,1.0,0.0,0.0,0.0,True,False,False
WBCIC,36|S1|T177,36,0,0.0,0.3781778788294492,0,1.0,0.0,0.0,0.0,False,False,False
WBCIC,36|S1|T178,36,1,0.0,0.3086965189672844,0,1.0,0.0,0.0,0.0,False,False,False
WBCIC,36|S1|T179,36,0,0.33333333333333326,0.4032384770318717,0,1.0,0.0,0.0,0.0,False,False,False
WBCIC,36|S1|T18,36,1,0.0,0.8309961367131753,1,1.0,0.0,0.0,0.0,True,False,False
WBCIC,36|S1|T180,36,1,0.0,0.7544905387006312,1,1.0,0.0,0.0,0.0,True,False,False
WBCIC,36|S1|T181,36,0,0.0,0.1432312227022427,0,1.0,0.0,0.0,0.0,True,False,False
WBCIC,36|S1|T182,36,1,0.0,0.767423509712442,1,1.0,0.0,0.0,0.0,True,False,False
WBCIC,36|S1|T183,36,1,1.0,0.6308339176278769,1,1.0,0.0,0.0,0.0,False,False,False
WBCIC,36|S1|T184,36,1,0.6666666666666667,0.6062885055352246,1,1.0,0.0,0.0,0.0,False,False,False
WBCIC,36|S1|T185,36,0,1.0,0.5068848074744675,1,1.0,0.0,0.0,0.0,False,False,False
WBCIC,36|S1|T186,36,0,0.0,0.33162214774580706,0,1.0,0.0,0.0,0.0,False,False,False
WBCIC,36|S1|T187,36,0,0.0,0.1482565206779586,0,1.0,0.0,0.0,0.0,True,False,False
WBCIC,36|S1|T188,36,1,0.0,0.703888662233719,1,1.0,0.0,0.0,0.0,True,False,False
WBCIC,36|S1|T189,36,1,0.0,0.29006010331609794,0,1.0,0.0,0.0,0.0,True,False,False
WBCIC,36|S1|T19,36,1,0.0,0.7358558765496762,1,1.0,0.0,0.0,0.0,True,False,False
WBCIC,36|S1|T190,36,0,0.0,0.127873024082964,0,1.0,0.0,0.0,0.0,True,False,False
WBCIC,36|S1|T191,36,1,1.0,0.6481979523437023,1,0.5148186354625349,0.485181364537465,0.0,0.485181364537465,False,False,False
WBCIC,36|S1|T192,36,0,0.0,0.21515937343525451,0,1.0,0.0,0.0,0.0,True,False,False
WBCIC,36|S1|T193,36,0,0.0,0.22734387498902534,0,1.0,0.0,0.0,0.0,True,False,False
WBCIC,36|S1|T194,36,1,0.0,0.680835882274543,1,1.0,0.0,0.0,0.0,False,False,False
WBCIC,36|S1|T195,36,0,0.0,0.13243642456981727,0,1.0,0.0,0.0,0.0,True,False,False
WBCIC,36|S1|T196,36,0,0.0,0.11266879553195745,0,1.0,0.0,0.0,0.0,True,False,False
WBCIC,36|S1|T197,36,1,0.33333333333333326,0.6690901245401145,1,1.0,0.0,0.0,0.0,False,False,False
WBCIC,36|S1|T198,36,0,0.0,0.1566564680046677,0,1.0,0.0,0.0,0.0,True,False,False
WBCIC,36|S1|T199,36,1,0.0,0.7905789415404426,1,1.0,0.0,0.0,0.0,True,False,False
WBCIC,36|S1|T2,36,0,0.0,0.171806391472061,0,1.0,0.0,0.0,0.0,True,False,False
WBCIC,36|S1|T20,36,1,0.6666666666666667,0.6540591020737376,1,1.0,0.0,0.0,0.0,False,False,False
WBCIC,36|S1|T21,36,1,0.0,0.8332161558368011,1,1.0,0.0,0.0,0.0,True,False,False
WBCIC,36|S1|T22,36,1,0.0,0.788982947351232,1,1.0,0.0,0.0,0.0,True,False,False
WBCIC,36|S1|T23,36,0,0.0,0.14659103332911844,0,1.0,0.0,0.0,0.0,True,False,False
WBCIC,36|S1|T24,36,0,0.0,0.3035411865344288,0,1.0,0.0,0.0,0.0,False,False,False
WBCIC,36|S1|T25,36,1,0.0,0.7016581800496566,1,1.0,0.0,0.0,0.0,True,False,False
WBCIC,36|S1|T26,36,0,0.33333333333333326,0.37955287893482687,0,1.0,0.0,0.0,0.0,False,False,False
WBCIC,36|S1|T27,36,0,0.0,0.1601550445953914,0,1.0,0.0,0.0,0.0,True,False,False
WBCIC,36|S1|T28,36,0,0.0,0.12550276201910623,0,1.0,0.0,0.0,0.0,True,False,False
WBCIC,36|S1|T29,36,1,0.0,0.6410888644081063,1,1.0,0.0,0.0,0.0,False,False,False
WBCIC,36|S1|T3,36,0,0.0,0.14064030070675562,0,1.0,0.0,0.0,0.0,True,False,False
WBCIC,36|S1|T30,36,1,0.0,0.23769009461795418,0,1.0,0.0,0.0,0.0,True,False,False
WBCIC,36|S1|T31,36,0,0.0,0.17746292167790742,0,1.0,0.0,0.0,0.0,True,False,False
WBCIC,36|S1|T32,36,0,0.0,0.22150158403520667,0,1.0,0.0,0.0,0.0,True,False,False
WBCIC,36|S1|T33,36,1,0.0,0.8238877337995826,1,1.0,0.0,0.0,0.0,True,False,False
WBCIC,36|S1|T34,36,0,0.0,0.15409662368391952,0,1.0,0.0,0.0,0.0,True,False,False
WBCIC,36|S1|T35,36,1,0.0,0.6891684618603224,1,1.0,0.0,0.0,0.0,False,False,False
WBCIC,36|S1|T36,36,0,0.0,0.12608394048204838,0,1.0,0.0,0.0,0.0,True,False,False
WBCIC,36|S1|T37,36,0,0.0,0.1743693291318449,0,1.0,0.0,0.0,0.0,True,False,False
WBCIC,36|S1|T38,36,0,0.0,0.10866430296976241,0,1.0,0.0,0.0,0.0,True,False,False
WBCIC,36|S1|T39,36,1,0.0,0.8502756463666197,1,1.0,0.0,0.0,0.0,True,False,False
WBCIC,36|S1|T4,36,0,0.0,0.13471767308604646,0,1.0,0.0,0.0,0.0,True,False,False
WBCIC,36|S1|T40,36,1,0.0,0.7679606896202812,1,1.0,0.0,0.0,0.0,True,False,False
WBCIC,36|S1|T41,36,0,0.0,0.13921051530553843,0,1.0,0.0,0.0,0.0,True,False,False
WBCIC,36|S1|T42,36,0,0.0,0.13827049595947305,0,1.0,0.0,0.0,0.0,True,False,False
WBCIC,36|S1|T43,36,0,0.0,0.1471145830613789,0,1.0,0.0,0.0,0.0,True,False,False
WBCIC,36|S1|T44,36,1,0.0,0.8523658505457959,1,1.0,0.0,0.0,0.0,True,False,False
WBCIC,36|S1|T45,36,0,0.0,0.1883042490997029,0,1.0,0.0,0.0,0.0,True,False,False
WBCIC,36|S1|T46,36,0,0.0,0.25791455929134993,0,1.0,0.0,0.0,0.0,True,False,False
WBCIC,36|S1|T47,36,1,0.0,0.7893060671334314,1,1.0,0.0,0.0,0.0,True,False,False
WBCIC,36|S1|T48,36,1,0.0,0.8051477418209148,1,1.0,0.0,0.0,0.0,True,False,False
WBCIC,36|S1|T49,36,0,1.0,0.5781690058869726,1,0.3465788960456848,0.32983583211898804,0.32358527183532715,0.6534211039543152,False,False,False
WBCIC,36|S1|T5,36,0,0.0,0.1153835342598089,0,1.0,0.0,0.0,0.0,True,False,False
WBCIC,36|S1|T50,36,1,0.0,0.8157492328551372,1,1.0,0.0,0.0,0.0,True,False,False
WBCIC,36|S1|T51,36,1,0.0,0.8202592517176207,1,1.0,0.0,0.0,0.0,True,False,False
WBCIC,36|S1|T52,36,0,0.33333333333333326,0.3645905176375291,0,1.0,0.0,0.0,0.0,False,False,False
WBCIC,36|S1|T53,36,0,0.0,0.2538065944988168,0,1.0,0.0,0.0,0.0,True,False,False
WBCIC,36|S1|T54,36,1,0.33333333333333326,0.5794936616342843,1,0.7604302429972378,0.0,0.23956975700276223,0.23956975700276223,False,False,False
WBCIC,36|S1|T55,36,0,0.0,0.17716828154586226,0,1.0,0.0,0.0,0.0,True,False,False
WBCIC,36|S1|T56,36,1,0.6666666666666666,0.49873191969914754,0,1.0,0.0,0.0,0.0,False,False,False
WBCIC,36|S1|T57,36,1,0.6666666666666667,0.5227566163719316,1,1.0,0.0,0.0,0.0,False,False,False
WBCIC,36|S1|T58,36,0,0.0,0.22989720970024904,0,1.0,0.0,0.0,0.0,True,False,False
WBCIC,36|S1|T59,36,0,1.0,0.5157657001190467,1,1.0,0.0,0.0,0.0,False,False,False
WBCIC,36|S1|T6,36,1,0.0,0.7661499538400246,1,1.0,0.0,0.0,0.0,True,False,False
WBCIC,36|S1|T60,36,0,1.0,0.6162097877329609,1,1.0,0.0,0.0,0.0,False,False,False
WBCIC,36|S1|T61,36,0,0.0,0.24292175543023964,0,1.0,0.0,0.0,0.0,True,False,False
WBCIC,36|S1|T62,36,1,0.0,0.8012425450234245,1,1.0,0.0,0.0,0.0,True,False,False
WBCIC,36|S1|T63,36,0,0.0,0.2586244712089766,0,1.0,0.0,0.0,0.0,True,False,False
WBCIC,36|S1|T64,36,1,1.0,0.4670403377096937,0,1.0,0.0,0.0,0.0,False,False,False
WBCIC,36|S1|T65,36,1,0.0,0.7254031565316218,1,1.0,0.0,0.0,0.0,True,False,False
WBCIC,36|S1|T66,36,1,0.0,0.7822097409476712,1,1.0,0.0,0.0,0.0,True,False,False
WBCIC,36|S1|T67,36,0,0.0,0.19027992707277397,0,1.0,0.0,0.0,0.0,True,False,False
WBCIC,36|S1|T68,36,1,0.0,0.793196554662812,1,1.0,0.0,0.0,0.0,True,False,False
WBCIC,36|S1|T69,36,1,0.0,0.7914011849526924,1,1.0,0.0,0.0,0.0,True,False,False
WBCIC,36|S1|T7,36,1,0.0,0.7940990995655649,1,1.0,0.0,0.0,0.0,True,False,False
WBCIC,36|S1|T70,36,1,0.6666666666666667,0.6569187885595656,1,1.0,0.0,0.0,0.0,False,False,False
WBCIC,36|S1|T71,36,1,0.0,0.7890819959803839,1,1.0,0.0,0.0,0.0,True,False,False
WBCIC,36|S1|T72,36,0,0.0,0.1949052383230797,0,1.0,0.0,0.0,0.0,True,False,False
WBCIC,36|S1|T73,36,0,1.0,0.4908834488986362,0,1.0,0.0,0.0,0.0,False,False,False
WBCIC,36|S1|T74,36,1,0.0,0.29700444038816326,0,1.0,0.0,0.0,0.0,True,False,False
WBCIC,36|S1|T75,36,0,0.0,0.1565567971465057,0,1.0,0.0,0.0,0.0,True,False,False
WBCIC,36|S1|T76,36,0,0.0,0.17367694726454264,0,1.0,0.0,0.0,0.0,True,False,False
WBCIC,36|S1|T77,36,1,0.0,0.7457265527527829,1,1.0,0.0,0.0,0.0,True,False,False
WBCIC,36|S1|T78,36,0,0.0,0.12674803718615182,0,1.0,0.0,0.0,0.0,True,False,False
WBCIC,36|S1|T79,36,1,0.0,0.7678155216821003,1,1.0,0.0,0.0,0.0,True,False,False
WBCIC,36|S1|T8,36,1,0.0,0.770960722868873,1,1.0,0.0,0.0,0.0,True,False,False
WBCIC,36|S1|T80,36,1,0.0,0.7686352643149242,1,1.0,0.0,0.0,0.0,True,False,False
WBCIC,36|S1|T81,36,0,0.0,0.14256121705638475,0,1.0,0.0,0.0,0.0,True,False,False
WBCIC,36|S1|T82,36,0,1.0,0.5330351196922881,1,1.0,0.0,0.0,0.0,False,False,False
WBCIC,36|S1|T83,36,1,0.0,0.828055496078203,1,1.0,0.0,0.0,0.0,True,False,False
WBCIC,36|S1|T84,36,1,0.0,0.8168984613313507,1,1.0,0.0,0.0,0.0,True,False,False
WBCIC,36|S1|T85,36,0,0.0,0.17765319953008296,0,1.0,0.0,0.0,0.0,True,False,False
WBCIC,36|S1|T86,36,0,0.0,0.3617347025432353,0,1.0,0.0,0.0,0.0,False,False,False
WBCIC,36|S1|T87,36,1,0.0,0.7251602009047632,1,1.0,0.0,0.0,0.0,True,False,False
WBCIC,36|S1|T88,36,1,0.0,0.7982789921460581,1,1.0,0.0,0.0,0.0,True,False,False
WBCIC,36|S1|T89,36,1,0.0,0.7204729337490257,1,1.0,0.0,0.0,0.0,True,False,False
WBCIC,36|S1|T9,36,1,0.33333333333333326,0.4169576729264209,0,1.0,0.0,0.0,0.0,False,False,False
WBCIC,36|S1|T90,36,1,0.0,0.6980768283511112,1,1.0,0.0,0.0,0.0,False,False,False
WBCIC,36|S1|T91,36,0,0.6666666666666666,0.43415986341003787,0,1.0,0.0,0.0,0.0,False,False,False
WBCIC,36|S1|T92,36,1,0.0,0.6115756828340569,1,1.0,0.0,0.0,0.0,False,False,False
WBCIC,36|S1|T93,36,1,0.0,0.7356231062397934,1,1.0,0.0,0.0,0.0,True,False,False
WBCIC,36|S1|T94,36,0,0.0,0.202770852775928,0,1.0,0.0,0.0,0.0,True,False,False
WBCIC,36|S1|T95,36,1,0.0,0.73169930693402,1,1.0,0.0,0.0,0.0,True,False,False
WBCIC,36|S1|T96,36,1,0.33333333333333326,0.6695395068328107,1,1.0,0.0,0.0,0.0,False,False,False
WBCIC,36|S1|T97,36,0,0.0,0.2930730371993902,0,1.0,0.0,0.0,0.0,True,False,False
WBCIC,36|S1|T98,36,1,1.0,0.5002195994187352,1,1.0,0.0,0.0,0.0,False,False,False
WBCIC,36|S1|T99,36,0,0.0,0.41463407338467945,0,1.0,0.0,0.0,0.0,False,False,False
WBCIC,37|S1|T0,37,1,0.0,0.7224475240024167,1,1.0,0.0,0.0,0.0,True,False,False
WBCIC,37|S1|T1,37,1,0.0,0.31970232303552404,0,1.0,0.0,0.0,0.0,False,False,False
WBCIC,37|S1|T10,37,1,0.6666666666666666,0.4057538904759217,0,1.0,0.0,0.0,0.0,False,False,False
WBCIC,37|S1|T100,37,1,0.0,0.7189108802016038,1,1.0,0.0,0.0,0.0,True,False,False
WBCIC,37|S1|T101,37,0,0.0,0.31553056018117476,0,1.0,0.0,0.0,0.0,False,False,False
WBCIC,37|S1|T102,37,1,0.0,0.25858211344969984,0,1.0,0.0,0.0,0.0,True,False,False
WBCIC,37|S1|T103,37,0,0.0,0.2937364912022986,0,1.0,0.0,0.0,0.0,True,False,False
WBCIC,37|S1|T104,37,0,0.33333333333333326,0.67031938386018,1,0.7718897431518125,0.22811025684818756,0.0,0.22811025684818756,False,False,False
WBCIC,37|S1|T105,37,0,0.0,0.21970271471051864,0,1.0,0.0,0.0,0.0,True,False,False
WBCIC,37|S1|T106,37,0,0.0,0.22093413424892602,0,1.0,0.0,0.0,0.0,True,False,False
WBCIC,37|S1|T107,37,1,0.0,0.7362854769852601,1,1.0,0.0,0.0,0.0,True,False,False
WBCIC,37|S1|T108,37,0,0.0,0.3428588784340516,0,1.0,0.0,0.0,0.0,False,False,False
WBCIC,37|S1|T109,37,0,0.33333333333333326,0.3289274257618369,0,1.0,0.0,0.0,0.0,False,False,False
WBCIC,37|S1|T11,37,1,0.0,0.8346047874492175,1,1.0,0.0,0.0,0.0,True,False,False
WBCIC,37|S1|T110,37,0,0.6666666666666666,0.41819967856605983,0,1.0,0.0,0.0,0.0,False,False,False
WBCIC,37|S1|T111,37,1,1.0,0.6592637758150381,1,0.4950918840860846,0.0,0.5049081159139154,0.5049081159139154,False,False,False
WBCIC,37|S1|T112,37,0,0.0,0.3868160245731395,0,1.0,0.0,0.0,0.0,False,False,False
WBCIC,37|S1|T113,37,0,0.0,0.16744320891904993,0,1.0,0.0,0.0,0.0,True,False,False
WBCIC,37|S1|T114,37,1,0.0,0.8137323991094872,1,1.0,0.0,0.0,0.0,True,False,False
WBCIC,37|S1|T115,37,1,0.33333333333333326,0.715649682091136,1,0.7774987374648146,0.22250126253518546,0.0,0.22250126253518546,False,False,False
WBCIC,37|S1|T116,37,0,0.0,0.263020798451103,0,1.0,0.0,0.0,0.0,True,False,False
WBCIC,37|S1|T117,37,1,1.0,0.6041234504709678,1,0.3492772877216339,0.328040212392807,0.3226824998855591,0.6507227122783661,False,False,False
WBCIC,37|S1|T118,37,0,1.0,0.5904560253996002,1,0.5056765667972749,0.0,0.4943234332027251,0.4943234332027251,False,False,False
WBCIC,37|S1|T119,37,0,0.0,0.24059799421868047,0,1.0,0.0,0.0,0.0,True,False,False
WBCIC,37|S1|T12,37,1,0.0,0.773135544174441,1,1.0,0.0,0.0,0.0,True,False,False
WBCIC,37|S1|T120,37,1,0.6666666666666667,0.5567693300705403,1,1.0,0.0,0.0,0.0,False,False,False
WBCIC,37|S1|T121,37,1,1.0,0.5669633366924349,1,0.5006330713805259,0.49936692861947407,0.0,0.49936692861947407,False,False,False
WBCIC,37|S1|T122,37,1,0.0,0.7731409966809405,1,1.0,0.0,0.0,0.0,True,False,False
WBCIC,37|S1|T123,37,0,0.0,0.14676924814445994,0,1.0,0.0,0.0,0.0,True,False,False
WBCIC,37|S1|T124,37,0,0.0,0.3621253191581581,0,1.0,0.0,0.0,0.0,False,False,False
WBCIC,37|S1|T125,37,1,0.0,0.8197354890675649,1,1.0,0.0,0.0,0.0,True,False,False
WBCIC,37|S1|T126,37,0,0.0,0.30250988512853144,0,1.0,0.0,0.0,0.0,False,False,False
WBCIC,37|S1|T127,37,1,0.33333333333333326,0.7067562899416433,1,0.7721340628689829,0.22786593713101713,0.0,0.22786593713101713,False,False,False
WBCIC,37|S1|T128,37,1,1.0,0.6238169849782147,1,0.4919063737501003,0.0,0.5080936262498997,0.5080936262498997,False,False,False
WBCIC,37|S1|T129,37,1,0.0,0.3272979446218546,0,1.0,0.0,0.0,0.0,False,False,False
WBCIC,37|S1|T13,37,0,0.0,0.18308426613732742,0,1.0,0.0,0.0,0.0,True,False,False
WBCIC,37|S1|T130,37,1,0.0,0.7808335368781271,1,1.0,0.0,0.0,0.0,True,False,False
WBCIC,37|S1|T131,37,0,0.0,0.23715014449051697,0,1.0,0.0,0.0,0.0,True,False,False
WBCIC,37|S1|T132,37,0,0.0,0.24729207496309055,0,1.0,0.0,0.0,0.0,True,False,False
WBCIC,37|S1|T133,37,1,1.0,0.4694015370823965,0,1.0,0.0,0.0,0.0,False,False,False
WBCIC,37|S1|T134,37,0,0.0,0.19654202837410484,0,1.0,0.0,0.0,0.0,True,False,False
WBCIC,37|S1|T135,37,0,0.0,0.18720240728078205,0,1.0,0.0,0.0,0.0,True,False,False
WBCIC,37|S1|T136,37,1,1.0,0.6200722964405269,1,0.4991512601074775,0.0,0.5008487398925225,0.5008487398925225,False,False,False
WBCIC,37|S1|T137,37,0,1.0,0.5365848951956605,1,1.0,0.0,0.0,0.0,False,False,False
WBCIC,37|S1|T138,37,1,0.6666666666666667,0.6674279287682484,1,1.0,0.0,0.0,0.0,False,False,False
WBCIC,37|S1|T139,37,0,0.0,0.3466183593320396,0,1.0,0.0,0.0,0.0,False,False,False
WBCIC,37|S1|T14,37,1,0.33333333333333326,0.7506457267945,1,1.0,0.0,0.0,0.0,False,False,False
WBCIC,37|S1|T140,37,0,0.0,0.2645227284677743,0,1.0,0.0,0.0,0.0,True,False,False
WBCIC,37|S1|T141,37,1,0.33333333333333326,0.4291865698121378,0,1.0,0.0,0.0,0.0,False,False,False
WBCIC,37|S1|T142,37,0,0.0,0.2644443129725065,0,1.0,0.0,0.0,0.0,True,False,False
WBCIC,37|S1|T143,37,0,0.6666666666666666,0.5016773111638433,1,0.6248630133573392,0.37513698664266076,0.0,0.37513698664266076,False,False,True
WBCIC,37|S1|T144,37,0,0.0,0.3340575477741307,0,1.0,0.0,0.0,0.0,False,False,False
WBCIC,37|S1|T145,37,1,1.0,0.6856598890422423,1,0.49582787786360816,0.0,0.5041721221363918,0.5041721221363918,False,False,False
WBCIC,37|S1|T146,37,0,0.0,0.2289895989863084,0,1.0,0.0,0.0,0.0,True,False,False
WBCIC,37|S1|T147,37,0,0.0,0.24378887257515247,0,1.0,0.0,0.0,0.0,True,False,False
WBCIC,37|S1|T148,37,1,0.33333333333333326,0.6624218423822081,1,1.0,0.0,0.0,0.0,False,False,False
WBCIC,37|S1|T149,37,1,1.0,0.6326521769933984,1,0.5107362118141764,0.0,0.48926378818582367,0.48926378818582367,False,False,False
WBCIC,37|S1|T15,37,1,1.0,0.6208460184429766,1,0.5016202874857145,0.0,0.4983797125142854,0.4983797125142854,False,False,False
WBCIC,37|S1|T150,37,1,0.33333333333333326,0.7310793381880552,1,1.0,0.0,0.0,0.0,False,False,False
WBCIC,37|S1|T151,37,1,0.0,0.24767424451444,0,1.0,0.0,0.0,0.0,True,False,False
WBCIC,37|S1|T152,37,0,0.33333333333333326,0.45276052945033984,0,0.7663304489363666,0.0,0.2336695510636335,0.2336695510636335,False,False,False
WBCIC,37|S1|T153,37,1,1.0,0.6436836981452437,1,1.0,0.0,0.0,0.0,False,False,False
WBCIC,37|S1|T154,37,0,0.0,0.3390231858163062,0,1.0,0.0,0.0,0.0,False,False,False
WBCIC,37|S1|T155,37,0,0.0,0.2967695979152502,0,1.0,0.0,0.0,0.0,True,False,False
WBCIC,37|S1|T156,37,0,0.0,0.3139251858310253,0,1.0,0.0,0.0,0.0,False,False,False
WBCIC,37|S1|T157,37,0,0.0,0.19420880774261892,0,1.0,0.0,0.0,0.0,True,False,False
WBCIC,37|S1|T158,37,1,1.0,0.4989854902734196,0,1.0,0.0,0.0,0.0,False,False,False
WBCIC,37|S1|T159,37,1,0.0,0.8283661191785354,1,1.0,0.0,0.0,0.0,True,False,False
WBCIC,37|S1|T16,37,0,1.0,0.6001740536743938,1,0.5313318787596447,0.4686681212403553,0.0,0.4686681212403553,False,False,False
WBCIC,37|S1|T160,37,0,0.33333333333333326,0.593784885890266,1,1.0,0.0,0.0,0.0,False,False,False
WBCIC,37|S1|T161,37,0,0.0,0.1926628280123259,0,1.0,0.0,0.0,0.0,True,False,False
WBCIC,37|S1|T162,37,1,0.6666666666666667,0.722260373714386,1,0.6409497825478511,0.359050217452149,0.0,0.359050217452149,False,False,False
WBCIC,37|S1|T163,37,0,0.0,0.2906740408635685,0,1.0,0.0,0.0,0.0,True,False,False
WBCIC,37|S1|T164,37,0,0.0,0.25163728015558257,0,1.0,0.0,0.0,0.0,True,False,False
WBCIC,37|S1|T165,37,1,0.0,0.7979662387462344,1,1.0,0.0,0.0,0.0,True,False,False
WBCIC,37|S1|T166,37,1,0.33333333333333326,0.6401245681098398,1,1.0,0.0,0.0,0.0,False,False,False
WBCIC,37|S1|T167,37,0,0.0,0.29564592970285924,0,1.0,0.0,0.0,0.0,True,False,False
WBCIC,37|S1|T168,37,1,0.6666666666666667,0.6623824276651092,1,1.0,0.0,0.0,0.0,False,False,False
WBCIC,37|S1|T169,37,1,0.33333333333333326,0.6409943169250826,1,1.0,0.0,0.0,0.0,False,False,False
WBCIC,37|S1|T17,37,1,1.0,0.6979080410295148,1,1.0,0.0,0.0,0.0,False,False,False
WBCIC,37|S1|T170,37,1,0.33333333333333326,0.7508613957325233,1,1.0,0.0,0.0,0.0,False,False,False
WBCIC,37|S1|T171,37,1,0.6666666666666667,0.656565528885151,1,1.0,0.0,0.0,0.0,False,False,False
WBCIC,37|S1|T172,37,1,0.6666666666666667,0.6833906472249502,1,1.0,0.0,0.0,0.0,False,False,False
WBCIC,37|S1|T173,37,0,0.6666666666666667,0.5273355812121359,1,1.0,0.0,0.0,0.0,False,False,False
WBCIC,37|S1|T174,37,0,0.0,0.23007349553054415,0,1.0,0.0,0.0,0.0,True,False,False
WBCIC,37|S1|T175,37,1,0.33333333333333326,0.6171464359822739,1,1.0,0.0,0.0,0.0,False,False,False
WBCIC,37|S1|T176,37,0,0.0,0.19873451063865097,0,1.0,0.0,0.0,0.0,True,False,False
WBCIC,37|S1|T177,37,1,0.33333333333333326,0.6823995366152463,1,1.0,0.0,0.0,0.0,False,False,False
WBCIC,37|S1|T178,37,0,0.0,0.2602807836318509,0,1.0,0.0,0.0,0.0,True,False,False
WBCIC,37|S1|T179,37,0,0.33333333333333326,0.42487172290376457,0,1.0,0.0,0.0,0.0,False,False,False
WBCIC,37|S1|T18,37,0,0.0,0.28047988936970397,0,1.0,0.0,0.0,0.0,True,False,False
WBCIC,37|S1|T180,37,0,0.0,0.2533419114155918,0,1.0,0.0,0.0,0.0,True,False,False
WBCIC,37|S1|T181,37,1,0.6666666666666666,0.47890011896575313,0,1.0,0.0,0.0,0.0,False,False,False
WBCIC,37|S1|T182,37,0,0.0,0.23922812464780988,0,1.0,0.0,0.0,0.0,True,False,False
WBCIC,37|S1|T183,37,0,0.0,0.1922792331210277,0,1.0,0.0,0.0,0.0,True,False,False
WBCIC,37|S1|T184,37,0,0.0,0.20475313493391803,0,1.0,0.0,0.0,0.0,True,False,False
WBCIC,37|S1|T185,37,1,0.0,0.740464877611267,1,1.0,0.0,0.0,0.0,True,False,False
WBCIC,37|S1|T186,37,0,0.0,0.32640568520020696,0,1.0,0.0,0.0,0.0,False,False,False
WBCIC,37|S1|T187,37,1,0.6666666666666666,0.5552422286503357,1,1.0,0.0,0.0,0.0,False,False,False
WBCIC,37|S1|T188,37,1,1.0,0.6506009843055135,1,1.0,0.0,0.0,0.0,False,False,False
WBCIC,37|S1|T189,37,1,0.0,0.7977504622959981,1,1.0,0.0,0.0,0.0,True,False,False
WBCIC,37|S1|T19,37,1,0.0,0.7845880188393773,1,1.0,0.0,0.0,0.0,True,False,False
WBCIC,37|S1|T190,37,1,1.0,0.4956883899000448,0,1.0,0.0,0.0,0.0,False,False,False
WBCIC,37|S1|T191,37,0,0.0,0.23936284886198034,0,1.0,0.0,0.0,0.0,True,False,False
WBCIC,37|S1|T192,37,1,0.6666666666666667,0.5997920712849857,1,1.0,0.0,0.0,0.0,False,False,False
WBCIC,37|S1|T193,37,0,0.0,0.2704665658272952,0,1.0,0.0,0.0,0.0,True,False,False
WBCIC,37|S1|T194,37,1,1.0,0.6325436425866869,1,1.0,0.0,0.0,0.0,False,False,False
WBCIC,37|S1|T195,37,0,0.0,0.25708028801300686,0,1.0,0.0,0.0,0.0,True,False,False
WBCIC,37|S1|T196,37,1,0.0,0.3723959177604501,0,1.0,0.0,0.0,0.0,False,False,False
WBCIC,37|S1|T197,37,1,0.0,0.6749511540418799,1,1.0,0.0,0.0,0.0,False,False,False
WBCIC,37|S1|T198,37,0,1.0,0.42257938030506637,0,1.0,0.0,0.0,0.0,False,False,False
WBCIC,37|S1|T199,37,0,1.0,0.6280740032890882,1,1.0,0.0,0.0,0.0,False,False,False
WBCIC,37|S1|T2,37,0,0.0,0.13301663949905435,0,1.0,0.0,0.0,0.0,True,False,False
WBCIC,37|S1|T20,37,0,1.0,0.5527067100482096,1,1.0,0.0,0.0,0.0,False,False,False
WBCIC,37|S1|T21,37,0,0.0,0.22605186110490064,0,1.0,0.0,0.0,0.0,True,False,False
WBCIC,37|S1|T22,37,0,0.0,0.17394059296339462,0,1.0,0.0,0.0,0.0,True,False,False
WBCIC,37|S1|T23,37,1,0.0,0.7890258555335349,1,1.0,0.0,0.0,0.0,True,False,False
WBCIC,37|S1|T24,37,0,0.0,0.30003772837995385,0,1.0,0.0,0.0,0.0,False,False,False
WBCIC,37|S1|T25,37,0,0.0,0.2802256184980892,0,1.0,0.0,0.0,0.0,True,False,False
WBCIC,37|S1|T26,37,1,0.33333333333333326,0.6936614150421335,1,1.0,0.0,0.0,0.0,False,False,False
WBCIC,37|S1|T27,37,1,0.0,0.8131609605370174,1,1.0,0.0,0.0,0.0,True,False,False
WBCIC,37|S1|T28,37,0,0.0,0.21931734143515103,0,1.0,0.0,0.0,0.0,True,False,False
WBCIC,37|S1|T29,37,0,0.0,0.19708043301977526,0,1.0,0.0,0.0,0.0,True,False,False
WBCIC,37|S1|T3,37,0,0.0,0.15698548079608818,0,1.0,0.0,0.0,0.0,True,False,False
WBCIC,37|S1|T30,37,1,0.0,0.8043380082536077,1,1.0,0.0,0.0,0.0,True,False,False
WBCIC,37|S1|T31,37,0,0.0,0.19255738511427936,0,1.0,0.0,0.0,0.0,True,False,False
WBCIC,37|S1|T32,37,1,1.0,0.5472631149712027,1,1.0,0.0,0.0,0.0,False,False,False
WBCIC,37|S1|T33,37,0,0.0,0.2603108797635629,0,1.0,0.0,0.0,0.0,True,False,False
WBCIC,37|S1|T34,37,0,0.0,0.12940086093267875,0,1.0,0.0,0.0,0.0,True,False,False
WBCIC,37|S1|T35,37,1,0.0,0.6874544184064203,1,1.0,0.0,0.0,0.0,False,False,False
WBCIC,37|S1|T36,37,0,0.0,0.354696167074825,0,1.0,0.0,0.0,0.0,False,False,False
WBCIC,37|S1|T37,37,0,0.0,0.1811587580764478,0,1.0,0.0,0.0,0.0,True,False,False
WBCIC,37|S1|T38,37,1,0.6666666666666667,0.6612335633656874,1,1.0,0.0,0.0,0.0,False,False,False
WBCIC,37|S1|T39,37,1,0.6666666666666667,0.640650002497458,1,0.6412264576235056,0.3587735423764944,0.0,0.3587735423764944,False,False,False
WBCIC,37|S1|T4,37,0,0.0,0.1459105964017469,0,1.0,0.0,0.0,0.0,True,False,False
WBCIC,37|S1|T40,37,0,0.0,0.14552835974608153,0,1.0,0.0,0.0,0.0,True,False,False
WBCIC,37|S1|T41,37,1,0.0,0.7408635640504319,1,1.0,0.0,0.0,0.0,True,False,False
WBCIC,37|S1|T42,37,0,0.33333333333333326,0.40329914173810666,0,1.0,0.0,0.0,0.0,False,False,False
WBCIC,37|S1|T43,37,0,0.0,0.15422732088389743,0,1.0,0.0,0.0,0.0,True,False,False
WBCIC,37|S1|T44,37,1,0.0,0.7444836291723803,1,1.0,0.0,0.0,0.0,True,False,False
WBCIC,37|S1|T45,37,0,0.0,0.11310526657838434,0,1.0,0.0,0.0,0.0,True,False,False
WBCIC,37|S1|T46,37,0,0.0,0.25053204843165633,0,1.0,0.0,0.0,0.0,True,False,False
WBCIC,37|S1|T47,37,1,0.6666666666666667,0.6616566136948676,1,1.0,0.0,0.0,0.0,False,False,False
WBCIC,37|S1|T48,37,0,0.0,0.11583253509755435,0,1.0,0.0,0.0,0.0,True,False,False
WBCIC,37|S1|T49,37,0,0.0,0.21002636754112344,0,1.0,0.0,0.0,0.0,True,False,False
WBCIC,37|S1|T5,37,1,0.6666666666666666,0.48503522299055213,0,1.0,0.0,0.0,0.0,False,False,False
WBCIC,37|S1|T50,37,0,0.0,0.17759084690153001,0,1.0,0.0,0.0,0.0,True,False,False
WBCIC,37|S1|T51,37,1,0.0,0.8097036995286654,1,1.0,0.0,0.0,0.0,True,False,False
WBCIC,37|S1|T52,37,1,0.0,0.7830267333316288,1,1.0,0.0,0.0,0.0,True,False,False
WBCIC,37|S1|T53,37,1,1.0,0.6365286573007831,1,0.5166836440268067,0.0,0.48331635597319333,0.48331635597319333,False,False,False
WBCIC,37|S1|T54,37,0,0.6666666666666667,0.5532383182400248,1,1.0,0.0,0.0,0.0,False,False,False
WBCIC,37|S1|T55,37,1,0.0,0.8117297224387987,1,1.0,0.0,0.0,0.0,True,False,False
WBCIC,37|S1|T56,37,1,0.0,0.7471531360105184,1,1.0,0.0,0.0,0.0,True,False,False
WBCIC,37|S1|T57,37,0,0.0,0.15334561521768417,0,1.0,0.0,0.0,0.0,True,False,False
WBCIC,37|S1|T58,37,0,0.0,0.2159550116712199,0,1.0,0.0,0.0,0.0,True,False,False
WBCIC,37|S1|T59,37,1,0.33333333333333326,0.3920107752469015,0,1.0,0.0,0.0,0.0,False,False,False
WBCIC,37|S1|T6,37,0,0.0,0.23426667645292776,0,1.0,0.0,0.0,0.0,True,False,False
WBCIC,37|S1|T60,37,1,0.0,0.7510895597160419,1,1.0,0.0,0.0,0.0,True,False,False
WBCIC,37|S1|T61,37,0,0.33333333333333326,0.6477190197808994,1,1.0,0.0,0.0,0.0,False,False,False
WBCIC,37|S1|T62,37,1,1.0,0.5705540024894808,1,1.0,0.0,0.0,0.0,False,False,False
WBCIC,37|S1|T63,37,0,0.0,0.20652614319728482,0,1.0,0.0,0.0,0.0,True,False,False
WBCIC,37|S1|T64,37,0,0.0,0.2421719407974294,0,1.0,0.0,0.0,0.0,True,False,False
WBCIC,37|S1|T65,37,1,0.33333333333333326,0.4332193529474922,0,1.0,0.0,0.0,0.0,False,False,False
WBCIC,37|S1|T66,37,1,0.0,0.7428984956694672,1,1.0,0.0,0.0,0.0,True,False,False
WBCIC,37|S1|T67,37,0,0.0,0.2666607436439549,0,1.0,0.0,0.0,0.0,True,False,False
WBCIC,37|S1|T68,37,1,0.33333333333333326,0.7214630069684528,1,1.0,0.0,0.0,0.0,False,False,False
WBCIC,37|S1|T69,37,1,0.0,0.40045672846907704,0,1.0,0.0,0.0,0.0,False,False,False
WBCIC,37|S1|T7,37,0,0.0,0.27736402384917447,0,1.0,0.0,0.0,0.0,True,False,False
WBCIC,37|S1|T70,37,1,0.0,0.772862977940946,1,1.0,0.0,0.0,0.0,True,False,False
WBCIC,37|S1|T71,37,1,0.0,0.8135740040504551,1,1.0,0.0,0.0,0.0,True,False,False
WBCIC,37|S1|T72,37,0,0.0,0.18043913487053356,0,1.0,0.0,0.0,0.0,True,False,False
WBCIC,37|S1|T73,37,0,0.0,0.37755951181436126,0,1.0,0.0,0.0,0.0,False,False,False
WBCIC,37|S1|T74,37,1,0.6666666666666667,0.6833589959186993,1,1.0,0.0,0.0,0.0,False,False,False
WBCIC,37|S1|T75,37,1,0.33333333333333326,0.7039511948043967,1,1.0,0.0,0.0,0.0,False,False,False
WBCIC,37|S1|T76,37,0,0.33333333333333326,0.41309182027857316,0,0.7673185012686712,0.0,0.23268149873132893,0.23268149873132893,False,False,False
WBCIC,37|S1|T77,37,0,0.0,0.17801046104696452,0,1.0,0.0,0.0,0.0,True,False,False
WBCIC,37|S1|T78,37,0,0.0,0.2418102025793645,0,1.0,0.0,0.0,0.0,True,False,False
WBCIC,37|S1|T79,37,1,0.33333333333333326,0.7083804404173693,1,1.0,0.0,0.0,0.0,False,False,False
WBCIC,37|S1|T8,37,1,0.0,0.8464641523854665,1,1.0,0.0,0.0,0.0,True,False,False
WBCIC,37|S1|T80,37,0,0.0,0.6826095181644708,1,1.0,0.0,0.0,0.0,False,False,False
WBCIC,37|S1|T81,37,1,0.33333333333333326,0.6870687175317687,1,1.0,0.0,0.0,0.0,False,False,False
WBCIC,37|S1|T82,37,1,0.33333333333333326,0.39974865454074143,0,1.0,0.0,0.0,0.0,False,False,False
WBCIC,37|S1|T83,37,1,0.0,0.7879758638387776,1,1.0,0.0,0.0,0.0,True,False,False
WBCIC,37|S1|T84,37,0,0.0,0.224731815157697,0,1.0,0.0,0.0,0.0,True,False,False
WBCIC,37|S1|T85,37,0,0.33333333333333326,0.373384976473157,0,1.0,0.0,0.0,0.0,False,False,False
WBCIC,37|S1|T86,37,1,1.0,0.6182008924223921,1,0.5189435807848621,0.0,0.48105641921513786,0.48105641921513786,False,False,False
WBCIC,37|S1|T87,37,0,0.0,0.1701008332399865,0,1.0,0.0,0.0,0.0,True,False,False
WBCIC,37|S1|T88,37,0,0.6666666666666666,0.4545865151438051,0,1.0,0.0,0.0,0.0,False,False,False
WBCIC,37|S1|T89,37,1,1.0,0.4724367561166328,0,1.0,0.0,0.0,0.0,False,False,False
WBCIC,37|S1|T9,37,1,0.33333333333333326,0.7739995457715477,1,1.0,0.0,0.0,0.0,False,False,False
WBCIC,37|S1|T90,37,1,0.0,0.765187262476101,1,1.0,0.0,0.0,0.0,True,False,False
WBCIC,37|S1|T91,37,1,0.0,0.24973024235629662,0,1.0,0.0,0.0,0.0,True,False,False
WBCIC,37|S1|T92,37,0,0.0,0.2849120848858993,0,1.0,0.0,0.0,0.0,True,False,False
WBCIC,37|S1|T93,37,1,0.33333333333333326,0.7435181509492782,1,1.0,0.0,0.0,0.0,False,False,False
WBCIC,37|S1|T94,37,1,0.0,0.7969582490310582,1,1.0,0.0,0.0,0.0,True,False,False
WBCIC,37|S1|T95,37,1,0.0,0.7561449361964483,1,1.0,0.0,0.0,0.0,True,False,False
WBCIC,37|S1|T96,37,1,0.0,0.7757358168221548,1,1.0,0.0,0.0,0.0,True,False,False
WBCIC,37|S1|T97,37,1,0.6666666666666666,0.42596742871378296,0,1.0,0.0,0.0,0.0,False,False,False
WBCIC,37|S1|T98,37,0,0.0,0.2024205349969381,0,1.0,0.0,0.0,0.0,True,False,False
WBCIC,37|S1|T99,37,1,1.0,0.5510292034436902,1,1.0,0.0,0.0,0.0,False,False,False
WBCIC,38|S1|T0,38,1,0.6666666666666667,0.69788166209035,1,1.0,0.0,0.0,0.0,False,False,False
WBCIC,38|S1|T1,38,1,1.0,0.6109111350571149,1,1.0,0.0,0.0,0.0,False,False,False
WBCIC,38|S1|T10,38,0,0.6666666666666666,0.4293282914958895,0,1.0,0.0,0.0,0.0,False,False,False
WBCIC,38|S1|T100,38,1,1.0,0.4990592237889078,0,1.0,0.0,0.0,0.0,False,False,False
WBCIC,38|S1|T101,38,0,0.0,0.15801048225058337,0,1.0,0.0,0.0,0.0,True,False,False
WBCIC,38|S1|T102,38,1,1.0,0.4910783123563293,0,1.0,0.0,0.0,0.0,False,False,False
WBCIC,38|S1|T103,38,1,0.0,0.73371031848543,1,1.0,0.0,0.0,0.0,True,False,False
WBCIC,38|S1|T104,38,0,0.0,0.19243957407140144,0,1.0,0.0,0.0,0.0,True,False,False
WBCIC,38|S1|T105,38,0,0.0,0.275708067912153,0,1.0,0.0,0.0,0.0,True,False,False
WBCIC,38|S1|T106,38,0,0.0,0.23738980753330238,0,1.0,0.0,0.0,0.0,True,False,False
WBCIC,38|S1|T107,38,0,1.0,0.45859050759634806,0,1.0,0.0,0.0,0.0,False,False,False
WBCIC,38|S1|T108,38,1,0.0,0.7204857898860847,1,1.0,0.0,0.0,0.0,True,False,False
WBCIC,38|S1|T109,38,0,0.0,0.14789269213406728,0,1.0,0.0,0.0,0.0,True,False,False
WBCIC,38|S1|T11,38,1,0.33333333333333326,0.39025505692789936,0,1.0,0.0,0.0,0.0,False,False,False
WBCIC,38|S1|T110,38,1,0.0,0.3801270145420405,0,1.0,0.0,0.0,0.0,False,False,False
WBCIC,38|S1|T111,38,0,0.0,0.28506435272017194,0,1.0,0.0,0.0,0.0,True,False,False
WBCIC,38|S1|T112,38,0,0.6666666666666666,0.46740993556309945,0,1.0,0.0,0.0,0.0,False,False,False
WBCIC,38|S1|T113,38,1,0.6666666666666667,0.6037979011778273,1,1.0,0.0,0.0,0.0,False,False,False
WBCIC,38|S1|T114,38,1,0.33333333333333326,0.7095501447377591,1,1.0,0.0,0.0,0.0,False,False,False
WBCIC,38|S1|T115,38,1,0.0,0.7590113524495493,1,1.0,0.0,0.0,0.0,True,False,False
WBCIC,38|S1|T116,38,0,0.0,0.12869548639142692,0,1.0,0.0,0.0,0.0,True,False,False
WBCIC,38|S1|T117,38,0,0.6666666666666666,0.4917074391755851,0,1.0,0.0,0.0,0.0,False,False,False
WBCIC,38|S1|T118,38,1,1.0,0.7017694599293889,1,1.0,0.0,0.0,0.0,False,False,False
WBCIC,38|S1|T119,38,0,0.0,0.17089197236653897,0,1.0,0.0,0.0,0.0,True,False,False
WBCIC,38|S1|T12,38,0,0.0,0.1451069414273071,0,1.0,0.0,0.0,0.0,True,False,False
WBCIC,38|S1|T120,38,1,0.0,0.8220969665929941,1,1.0,0.0,0.0,0.0,True,False,False
WBCIC,38|S1|T121,38,0,0.0,0.1364121903983971,0,1.0,0.0,0.0,0.0,True,False,False
WBCIC,38|S1|T122,38,0,0.0,0.1411814551665034,0,1.0,0.0,0.0,0.0,True,False,False
WBCIC,38|S1|T123,38,1,0.6666666666666667,0.6181018755534088,1,1.0,0.0,0.0,0.0,False,False,False
WBCIC,38|S1|T124,38,1,0.0,0.6908529635091306,1,1.0,0.0,0.0,0.0,False,False,False
WBCIC,38|S1|T125,38,0,0.0,0.17409506951232168,0,1.0,0.0,0.0,0.0,True,False,False
WBCIC,38|S1|T126,38,1,0.0,0.8331192811458555,1,1.0,0.0,0.0,0.0,True,False,False
WBCIC,38|S1|T127,38,0,0.0,0.11286675503473813,0,1.0,0.0,0.0,0.0,True,False,False
WBCIC,38|S1|T128,38,1,0.0,0.6355708617552348,1,1.0,0.0,0.0,0.0,False,False,False
WBCIC,38|S1|T129,38,0,0.0,0.13234427689113126,0,1.0,0.0,0.0,0.0,True,False,False
WBCIC,38|S1|T13,38,0,0.0,0.211644551794938,0,1.0,0.0,0.0,0.0,True,False,False
WBCIC,38|S1|T130,38,1,1.0,0.5369403212477426,1,1.0,0.0,0.0,0.0,False,False,False
WBCIC,38|S1|T131,38,1,0.0,0.6711830135820622,1,1.0,0.0,0.0,0.0,False,False,False
WBCIC,38|S1|T132,38,1,1.0,0.48189642770812213,0,1.0,0.0,0.0,0.0,False,False,False
WBCIC,38|S1|T133,38,1,1.0,0.5922482889653469,1,0.5096118750464522,0.0,0.4903881249535478,0.4903881249535478,False,False,False
WBCIC,38|S1|T134,38,1,0.6666666666666667,0.5719073990398499,1,1.0,0.0,0.0,0.0,False,False,False
WBCIC,38|S1|T135,38,0,0.0,0.12259066777133121,0,1.0,0.0,0.0,0.0,True,False,False
WBCIC,38|S1|T136,38,1,0.33333333333333326,0.6826589644183177,1,1.0,0.0,0.0,0.0,False,False,False
WBCIC,38|S1|T137,38,1,0.0,0.34760938296148886,0,1.0,0.0,0.0,0.0,False,False,False
WBCIC,38|S1|T138,38,1,0.0,0.719773686588609,1,1.0,0.0,0.0,0.0,True,False,False
WBCIC,38|S1|T139,38,0,0.0,0.2609771031249686,0,1.0,0.0,0.0,0.0,True,False,False
WBCIC,38|S1|T14,38,1,0.0,0.31967261134243447,0,1.0,0.0,0.0,0.0,False,False,False
WBCIC,38|S1|T140,38,0,0.0,0.09905465497518949,0,1.0,0.0,0.0,0.0,True,False,False
WBCIC,38|S1|T141,38,1,0.6666666666666667,0.6784863098620036,1,1.0,0.0,0.0,0.0,False,False,False
WBCIC,38|S1|T142,38,0,0.0,0.16027732338276554,0,1.0,0.0,0.0,0.0,True,False,False
WBCIC,38|S1|T143,38,0,0.0,0.1590572566793015,0,1.0,0.0,0.0,0.0,True,False,False
WBCIC,38|S1|T144,38,1,1.0,0.5593733051016646,1,1.0,0.0,0.0,0.0,False,False,False
WBCIC,38|S1|T145,38,1,0.33333333333333326,0.7035972374090699,1,1.0,0.0,0.0,0.0,False,False,False
WBCIC,38|S1|T146,38,1,0.0,0.6620041115752922,1,1.0,0.0,0.0,0.0,False,False,False
WBCIC,38|S1|T147,38,0,0.0,0.16316253187824684,0,1.0,0.0,0.0,0.0,True,False,False
WBCIC,38|S1|T148,38,0,0.0,0.2794439903050218,0,1.0,0.0,0.0,0.0,True,False,False
WBCIC,38|S1|T149,38,0,0.0,0.12767895090978867,0,1.0,0.0,0.0,0.0,True,False,False
WBCIC,38|S1|T15,38,1,1.0,0.7039061877698591,1,0.4905761198508086,0.0,0.5094238801491914,0.5094238801491914,False,False,False
WBCIC,38|S1|T150,38,0,0.0,0.12524943016798903,0,1.0,0.0,0.0,0.0,True,False,False
WBCIC,38|S1|T151,38,0,0.0,0.14369113943996434,0,1.0,0.0,0.0,0.0,True,False,False
WBCIC,38|S1|T152,38,0,0.0,0.184046679935942,0,1.0,0.0,0.0,0.0,True,False,False
WBCIC,38|S1|T153,38,1,0.0,0.3487265936080893,0,1.0,0.0,0.0,0.0,False,False,False
WBCIC,38|S1|T154,38,1,1.0,0.621254259220108,1,0.5070852600173689,0.0,0.49291473998263113,0.49291473998263113,False,False,False
WBCIC,38|S1|T155,38,0,0.0,0.15534132128801442,0,1.0,0.0,0.0,0.0,True,False,False
WBCIC,38|S1|T156,38,0,0.0,0.19286773213770136,0,1.0,0.0,0.0,0.0,True,False,False
WBCIC,38|S1|T157,38,0,1.0,0.5518907486102435,1,1.0,0.0,0.0,0.0,False,False,False
WBCIC,38|S1|T158,38,0,0.0,0.37761907119496446,0,1.0,0.0,0.0,0.0,False,False,False
WBCIC,38|S1|T159,38,1,0.0,0.7964350392336285,1,1.0,0.0,0.0,0.0,True,False,False
WBCIC,38|S1|T16,38,1,0.33333333333333326,0.6344082295866957,1,1.0,0.0,0.0,0.0,False,False,False
WBCIC,38|S1|T160,38,0,0.0,0.152451495260257,0,1.0,0.0,0.0,0.0,True,False,False
WBCIC,38|S1|T161,38,0,0.0,0.18721322265356466,0,1.0,0.0,0.0,0.0,True,False,False
WBCIC,38|S1|T162,38,1,0.33333333333333326,0.7057242703073444,1,1.0,0.0,0.0,0.0,False,False,False
WBCIC,38|S1|T163,38,0,0.0,0.12700429465405946,0,1.0,0.0,0.0,0.0,True,False,False
WBCIC,38|S1|T164,38,1,1.0,0.563313247496595,1,0.49685540947124923,0.0,0.5031445905287507,0.5031445905287507,False,False,False
WBCIC,38|S1|T165,38,1,1.0,0.560625538619489,1,1.0,0.0,0.0,0.0,False,False,False
WBCIC,38|S1|T166,38,0,0.0,0.31444391745929307,0,1.0,0.0,0.0,0.0,False,False,False
WBCIC,38|S1|T167,38,0,1.0,0.5536785688535971,1,1.0,0.0,0.0,0.0,False,False,False
WBCIC,38|S1|T168,38,0,0.0,0.18646871614794872,0,1.0,0.0,0.0,0.0,True,False,False
WBCIC,38|S1|T169,38,1,0.33333333333333326,0.6154089376719696,1,0.7619059795890282,0.2380940204109719,0.0,0.2380940204109719,False,False,False
WBCIC,38|S1|T17,38,1,1.0,0.64297556395192,1,1.0,0.0,0.0,0.0,False,False,False
WBCIC,38|S1|T170,38,1,0.0,0.2206071384336756,0,1.0,0.0,0.0,0.0,True,False,False
WBCIC,38|S1|T171,38,0,0.0,0.1383792252196079,0,1.0,0.0,0.0,0.0,True,False,False
WBCIC,38|S1|T172,38,1,0.33333333333333326,0.6117882808001391,1,1.0,0.0,0.0,0.0,False,False,False
WBCIC,38|S1|T173,38,1,1.0,0.5426121006865156,1,1.0,0.0,0.0,0.0,False,False,False
WBCIC,38|S1|T174,38,1,0.0,0.686875263478946,1,1.0,0.0,0.0,0.0,False,False,False
WBCIC,38|S1|T175,38,0,0.33333333333333326,0.4518886874366011,0,1.0,0.0,0.0,0.0,False,False,False
WBCIC,38|S1|T176,38,1,0.33333333333333326,0.7031628935552593,1,1.0,0.0,0.0,0.0,False,False,False
WBCIC,38|S1|T177,38,1,1.0,0.5464272247434224,1,1.0,0.0,0.0,0.0,False,False,False
WBCIC,38|S1|T178,38,0,0.6666666666666666,0.47665860985335134,0,1.0,0.0,0.0,0.0,False,False,False
WBCIC,38|S1|T179,38,1,0.33333333333333326,0.6666098486344757,1,1.0,0.0,0.0,0.0,False,False,False
WBCIC,38|S1|T18,38,1,0.0,0.770967869123277,1,1.0,0.0,0.0,0.0,True,False,False
WBCIC,38|S1|T180,38,1,1.0,0.5367275553210855,1,1.0,0.0,0.0,0.0,False,False,False
WBCIC,38|S1|T181,38,0,0.0,0.2099672085101577,0,1.0,0.0,0.0,0.0,True,False,False
WBCIC,38|S1|T182,38,0,0.0,0.2909555313598923,0,1.0,0.0,0.0,0.0,True,False,False
WBCIC,38|S1|T183,38,1,0.0,0.7524820484623612,1,1.0,0.0,0.0,0.0,True,False,False
WBCIC,38|S1|T184,38,0,1.0,0.6237116013391113,1,1.0,0.0,0.0,0.0,False,False,False
WBCIC,38|S1|T185,38,1,1.0,0.587533683179313,1,1.0,0.0,0.0,0.0,False,False,False
WBCIC,38|S1|T186,38,1,0.0,0.7608809177488571,1,1.0,0.0,0.0,0.0,True,False,False
WBCIC,38|S1|T187,38,0,0.0,0.35506024141621256,0,1.0,0.0,0.0,0.0,False,False,False
WBCIC,38|S1|T188,38,0,1.0,0.5353570126029986,1,1.0,0.0,0.0,0.0,False,False,False
WBCIC,38|S1|T189,38,1,0.0,0.8162837232828363,1,1.0,0.0,0.0,0.0,True,False,False
WBCIC,38|S1|T19,38,0,0.0,0.6534501307891979,1,1.0,0.0,0.0,0.0,False,False,False
WBCIC,38|S1|T190,38,0,0.0,0.30591258891850837,0,1.0,0.0,0.0,0.0,False,False,False
WBCIC,38|S1|T191,38,1,1.0,0.5904048281161068,1,1.0,0.0,0.0,0.0,False,False,False
WBCIC,38|S1|T192,38,0,0.0,0.2132633748508245,0,1.0,0.0,0.0,0.0,True,False,False
WBCIC,38|S1|T193,38,0,0.0,0.16937940749018932,0,1.0,0.0,0.0,0.0,True,False,False
WBCIC,38|S1|T194,38,0,0.0,0.2945948488820865,0,1.0,0.0,0.0,0.0,True,False,False
WBCIC,38|S1|T195,38,1,0.0,0.35217949424690714,0,1.0,0.0,0.0,0.0,False,False,False
WBCIC,38|S1|T196,38,1,0.0,0.665130343633441,1,1.0,0.0,0.0,0.0,False,False,False
WBCIC,38|S1|T197,38,1,0.0,0.2769075585769287,0,1.0,0.0,0.0,0.0,True,False,False
WBCIC,38|S1|T198,38,0,0.0,0.16162579675253255,0,1.0,0.0,0.0,0.0,True,False,False
WBCIC,38|S1|T199,38,0,0.0,0.19967110825565726,0,1.0,0.0,0.0,0.0,True,False,False
WBCIC,38|S1|T2,38,1,0.0,0.6323444818862173,1,1.0,0.0,0.0,0.0,False,False,False
WBCIC,38|S1|T20,38,0,0.0,0.23503934690226533,0,1.0,0.0,0.0,0.0,True,False,False
WBCIC,38|S1|T21,38,0,0.0,0.17962044300182609,0,1.0,0.0,0.0,0.0,True,False,False
WBCIC,38|S1|T22,38,0,0.33333333333333326,0.40117965873124434,0,0.7632264705038264,0.2367735294961736,0.0,0.2367735294961736,False,False,False
WBCIC,38|S1|T23,38,1,0.0,0.6352716116532602,1,1.0,0.0,0.0,0.0,False,False,False
WBCIC,38|S1|T24,38,0,0.0,0.10265560761417107,0,1.0,0.0,0.0,0.0,True,False,False
WBCIC,38|S1|T25,38,0,0.0,0.31829142968164303,0,1.0,0.0,0.0,0.0,False,False,False
WBCIC,38|S1|T26,38,1,1.0,0.5729583812329999,1,0.5050143315607002,0.0,0.49498566843929975,0.49498566843929975,False,False,False
WBCIC,38|S1|T27,38,1,0.0,0.26288148270205225,0,1.0,0.0,0.0,0.0,True,False,False
WBCIC,38|S1|T28,38,0,1.0,0.586557008710993,1,1.0,0.0,0.0,0.0,False,False,False
WBCIC,38|S1|T29,38,1,0.0,0.40305515081515625,0,1.0,0.0,0.0,0.0,False,False,False
WBCIC,38|S1|T3,38,0,0.0,0.21879413709754456,0,1.0,0.0,0.0,0.0,True,False,False
WBCIC,38|S1|T30,38,0,0.6666666666666667,0.5823636649340753,1,1.0,0.0,0.0,0.0,False,False,False
WBCIC,38|S1|T31,38,1,0.0,0.7258952894082205,1,1.0,0.0,0.0,0.0,True,False,False
WBCIC,38|S1|T32,38,0,0.0,0.12355635256183051,0,1.0,0.0,0.0,0.0,True,False,False
WBCIC,38|S1|T33,38,1,0.0,0.7727148748799738,1,1.0,0.0,0.0,0.0,True,False,False
WBCIC,38|S1|T34,38,0,0.0,0.28480708666805216,0,1.0,0.0,0.0,0.0,True,False,False
WBCIC,38|S1|T35,38,0,0.0,0.22184113423905863,0,1.0,0.0,0.0,0.0,True,False,False
WBCIC,38|S1|T36,38,1,1.0,0.47336583212147887,0,1.0,0.0,0.0,0.0,False,False,False
WBCIC,38|S1|T37,38,0,0.0,0.15005054286444505,0,1.0,0.0,0.0,0.0,True,False,False
WBCIC,38|S1|T38,38,0,0.0,0.1848422324940597,0,1.0,0.0,0.0,0.0,True,False,False
WBCIC,38|S1|T39,38,1,0.0,0.723647019695436,1,1.0,0.0,0.0,0.0,True,False,False
WBCIC,38|S1|T4,38,0,0.0,0.3137262775681556,0,1.0,0.0,0.0,0.0,False,False,False
WBCIC,38|S1|T40,38,1,0.0,0.6788421146244509,1,1.0,0.0,0.0,0.0,False,False,False
WBCIC,38|S1|T41,38,1,0.0,0.2190665693522602,0,1.0,0.0,0.0,0.0,True,False,False
WBCIC,38|S1|T42,38,1,0.6666666666666666,0.5083037023604479,1,1.0,0.0,0.0,0.0,False,False,False
WBCIC,38|S1|T43,38,1,0.0,0.3388166053010831,0,1.0,0.0,0.0,0.0,False,False,False
WBCIC,38|S1|T44,38,1,1.0,0.639709159140046,1,0.48890565517611184,0.0,0.5110943448238882,0.5110943448238882,False,False,False
WBCIC,38|S1|T45,38,0,1.0,0.5405644767760346,1,1.0,0.0,0.0,0.0,False,False,False
WBCIC,38|S1|T46,38,1,0.6666666666666666,0.44947067267132507,0,1.0,0.0,0.0,0.0,False,False,False
WBCIC,38|S1|T47,38,1,1.0,0.5697520416913705,1,1.0,0.0,0.0,0.0,False,False,False
WBCIC,38|S1|T48,38,0,0.0,0.3075222577201692,0,1.0,0.0,0.0,0.0,False,False,False
WBCIC,38|S1|T49,38,0,0.6666666666666667,0.6578516666733493,1,0.6325188166195502,0.0,0.3674811833804498,0.3674811833804498,False,False,False
WBCIC,38|S1|T5,38,0,0.0,0.24386106906071112,0,1.0,0.0,0.0,0.0,True,False,False
WBCIC,38|S1|T50,38,0,0.33333333333333326,0.41079615187402924,0,1.0,0.0,0.0,0.0,False,False,False
WBCIC,38|S1|T51,38,1,1.0,0.48087033787912725,0,1.0,0.0,0.0,0.0,False,False,False
WBCIC,38|S1|T52,38,1,0.0,0.2491643558818567,0,1.0,0.0,0.0,0.0,True,False,False
WBCIC,38|S1|T53,38,0,0.0,0.20026565118394957,0,1.0,0.0,0.0,0.0,True,False,False
WBCIC,38|S1|T54,38,0,0.0,0.11944328813043893,0,1.0,0.0,0.0,0.0,True,False,False
WBCIC,38|S1|T55,38,0,0.6666666666666666,0.4448242220217736,0,1.0,0.0,0.0,0.0,False,False,False
WBCIC,38|S1|T56,38,0,0.0,0.2975330485142486,0,1.0,0.0,0.0,0.0,True,False,False
WBCIC,38|S1|T57,38,1,0.0,0.21134193702142898,0,1.0,0.0,0.0,0.0,True,False,False
WBCIC,38|S1|T58,38,0,0.33333333333333326,0.4222590639581322,0,0.7658223863343907,0.0,0.2341776136656094,0.2341776136656094,False,False,False
WBCIC,38|S1|T59,38,0,0.0,0.15013291245481772,0,1.0,0.0,0.0,0.0,True,False,False
WBCIC,38|S1|T6,38,1,0.0,0.19762700877144737,0,1.0,0.0,0.0,0.0,True,False,False
WBCIC,38|S1|T60,38,1,0.33333333333333326,0.38740632542066705,0,0.7626756658587442,0.23732433414125584,0.0,0.23732433414125584,False,False,False
WBCIC,38|S1|T61,38,1,0.0,0.29896209863761086,0,1.0,0.0,0.0,0.0,True,False,False
WBCIC,38|S1|T62,38,0,0.0,0.2661681127111819,0,1.0,0.0,0.0,0.0,True,False,False
WBCIC,38|S1|T63,38,0,0.0,0.14804243061218203,0,1.0,0.0,0.0,0.0,True,False,False
WBCIC,38|S1|T64,38,1,0.6666666666666666,0.4242177731453385,0,1.0,0.0,0.0,0.0,False,False,False
WBCIC,38|S1|T65,38,0,0.0,0.17410212798994884,0,1.0,0.0,0.0,0.0,True,False,False
WBCIC,38|S1|T66,38,1,1.0,0.5866573513206654,1,1.0,0.0,0.0,0.0,False,False,False
WBCIC,38|S1|T67,38,0,0.0,0.32884761539813545,0,1.0,0.0,0.0,0.0,False,False,False
WBCIC,38|S1|T68,38,0,0.6666666666666666,0.4365626366985557,0,1.0,0.0,0.0,0.0,False,False,False
WBCIC,38|S1|T69,38,0,0.0,0.3243581545183064,0,1.0,0.0,0.0,0.0,False,False,False
WBCIC,38|S1|T7,38,1,0.33333333333333326,0.635922961476643,1,1.0,0.0,0.0,0.0,False,False,False
WBCIC,38|S1|T70,38,0,0.0,0.20704810332775703,0,1.0,0.0,0.0,0.0,True,False,False
WBCIC,38|S1|T71,38,1,0.0,0.39194847611946854,0,1.0,0.0,0.0,0.0,False,False,False
WBCIC,38|S1|T72,38,1,0.0,0.3875286270842553,0,1.0,0.0,0.0,0.0,False,False,False
WBCIC,38|S1|T73,38,1,0.0,0.7146897117619345,1,1.0,0.0,0.0,0.0,True,False,False
WBCIC,38|S1|T74,38,1,0.0,0.3444168074721725,0,1.0,0.0,0.0,0.0,False,False,False
WBCIC,38|S1|T75,38,0,0.0,0.3974238015746665,0,1.0,0.0,0.0,0.0,False,False,False
WBCIC,38|S1|T76,38,0,0.0,0.3208988006359062,0,1.0,0.0,0.0,0.0,False,False,False
WBCIC,38|S1|T77,38,1,0.0,0.43658364998018384,0,1.0,0.0,0.0,0.0,False,False,False
WBCIC,38|S1|T78,38,0,0.0,0.41366735010489714,0,1.0,0.0,0.0,0.0,False,False,False
WBCIC,38|S1|T79,38,1,0.0,0.21312804748910807,0,1.0,0.0,0.0,0.0,True,False,False
WBCIC,38|S1|T8,38,1,0.0,0.2833241789009778,0,1.0,0.0,0.0,0.0,True,False,False
WBCIC,38|S1|T80,38,0,0.0,0.16775511675313626,0,1.0,0.0,0.0,0.0,True,False,False
WBCIC,38|S1|T81,38,1,0.33333333333333326,0.360105408310919,0,0.76391997294199,0.23608002705801004,0.0,0.23608002705801004,False,False,False
WBCIC,38|S1|T82,38,0,0.0,0.20205097590282262,0,1.0,0.0,0.0,0.0,True,False,False
WBCIC,38|S1|T83,38,0,0.0,0.16653875783632519,0,1.0,0.0,0.0,0.0,True,False,False
WBCIC,38|S1|T84,38,1,0.0,0.7817713102673216,1,1.0,0.0,0.0,0.0,True,False,False
WBCIC,38|S1|T85,38,1,1.0,0.6230449088586534,1,0.5060926445793257,0.0,0.4939073554206743,0.4939073554206743,False,False,False
WBCIC,38|S1|T86,38,0,0.0,0.20977851595933064,0,1.0,0.0,0.0,0.0,True,False,False
WBCIC,38|S1|T87,38,0,0.0,0.43046191648618914,0,1.0,0.0,0.0,0.0,False,False,False
WBCIC,38|S1|T88,38,1,0.0,0.25099732032026123,0,1.0,0.0,0.0,0.0,True,False,False
WBCIC,38|S1|T89,38,1,0.6666666666666666,0.4897420535751187,0,1.0,0.0,0.0,0.0,False,False,False
WBCIC,38|S1|T9,38,0,0.0,0.1751615954129425,0,1.0,0.0,0.0,0.0,True,False,False
WBCIC,38|S1|T90,38,0,0.6666666666666666,0.4440424378132956,0,1.0,0.0,0.0,0.0,False,False,False
WBCIC,38|S1|T91,38,1,1.0,0.5623909520884118,1,0.5073404308675655,0.0,0.49265956913243447,0.49265956913243447,False,False,False
WBCIC,38|S1|T92,38,1,0.6666666666666666,0.4259639623860875,0,1.0,0.0,0.0,0.0,False,False,False
WBCIC,38|S1|T93,38,0,0.0,0.11099972759087,0,1.0,0.0,0.0,0.0,True,False,False
WBCIC,38|S1|T94,38,0,0.0,0.7529794042961239,1,1.0,0.0,0.0,0.0,True,False,False
WBCIC,38|S1|T95,38,1,1.0,0.46855399114409835,0,1.0,0.0,0.0,0.0,False,False,False
WBCIC,38|S1|T96,38,1,0.0,0.27895885337575294,0,1.0,0.0,0.0,0.0,True,False,False
WBCIC,38|S1|T97,38,0,0.0,0.2514976256210455,0,1.0,0.0,0.0,0.0,True,False,False
WBCIC,38|S1|T98,38,1,0.33333333333333326,0.5652871888374438,1,1.0,0.0,0.0,0.0,False,False,False
WBCIC,38|S1|T99,38,1,0.33333333333333326,0.44188418988351996,0,0.7628776270478064,0.0,0.23712237295219368,0.23712237295219368,False,False,False
WBCIC,3|S1|T0,3,1,0.0,0.6996585437459393,1,1.0,0.0,0.0,0.0,False,False,False
WBCIC,3|S1|T1,3,1,0.0,0.3701408663892222,0,1.0,0.0,0.0,0.0,False,False,False
WBCIC,3|S1|T10,3,1,1.0,0.5592857485769336,1,1.0,0.0,0.0,0.0,False,False,False
WBCIC,3|S1|T100,3,1,0.33333333333333326,0.6194801075396377,1,1.0,0.0,0.0,0.0,False,False,False
WBCIC,3|S1|T101,3,0,0.0,0.355367994411482,0,1.0,0.0,0.0,0.0,False,False,False
WBCIC,3|S1|T102,3,1,0.6666666666666667,0.6152766966214867,1,0.46262970747173954,0.26957317282793697,0.2677971197003235,0.5373702925282604,False,False,False
WBCIC,3|S1|T103,3,0,0.0,0.20687064415080156,0,1.0,0.0,0.0,0.0,True,False,False
WBCIC,3|S1|T104,3,1,0.0,0.7468519807222606,1,1.0,0.0,0.0,0.0,True,False,False
WBCIC,3|S1|T105,3,0,0.33333333333333326,0.4011987905003849,0,1.0,0.0,0.0,0.0,False,False,False
WBCIC,3|S1|T106,3,1,0.33333333333333326,0.5945435212232454,1,1.0,0.0,0.0,0.0,False,False,False
WBCIC,3|S1|T107,3,0,0.0,0.21809578923362027,0,1.0,0.0,0.0,0.0,True,False,False
WBCIC,3|S1|T108,3,0,0.0,0.223939585492084,0,1.0,0.0,0.0,0.0,True,False,False
WBCIC,3|S1|T109,3,1,1.0,0.5160762219860876,1,1.0,0.0,0.0,0.0,False,False,False
WBCIC,3|S1|T11,3,1,0.33333333333333326,0.6203061362268781,1,1.0,0.0,0.0,0.0,False,False,False
WBCIC,3|S1|T110,3,0,0.33333333333333326,0.4106354283035739,0,0.7491867113448734,0.0,0.2508132886551267,0.2508132886551267,False,False,False
WBCIC,3|S1|T111,3,1,0.6666666666666667,0.7081116395487186,1,0.6433588677095631,0.35664113229043687,0.0,0.35664113229043687,False,False,False
WBCIC,3|S1|T112,3,1,0.6666666666666667,0.6322275062498509,1,1.0,0.0,0.0,0.0,False,False,False
WBCIC,3|S1|T113,3,0,0.0,0.2218168060457686,0,1.0,0.0,0.0,0.0,True,False,False
WBCIC,3|S1|T114,3,1,0.0,0.23517187807539816,0,1.0,0.0,0.0,0.0,True,False,False
WBCIC,3|S1|T115,3,0,0.33333333333333326,0.42543404838237525,0,0.7665612628506843,0.23343873714931576,0.0,0.23343873714931576,False,False,False
WBCIC,3|S1|T116,3,0,0.0,0.24096141998799595,0,1.0,0.0,0.0,0.0,True,False,False
WBCIC,3|S1|T117,3,0,0.0,0.37753830407567385,0,1.0,0.0,0.0,0.0,False,False,False
WBCIC,3|S1|T118,3,1,0.33333333333333326,0.6140232801463829,1,1.0,0.0,0.0,0.0,False,False,False
WBCIC,3|S1|T119,3,1,0.0,0.7325192774067423,1,1.0,0.0,0.0,0.0,True,False,False
WBCIC,3|S1|T12,3,0,0.0,0.22252442345132575,0,1.0,0.0,0.0,0.0,True,False,False
WBCIC,3|S1|T120,3,1,0.33333333333333326,0.667037796505292,1,1.0,0.0,0.0,0.0,False,False,False
WBCIC,3|S1|T121,3,0,0.0,0.3182622073545649,0,1.0,0.0,0.0,0.0,False,False,False
WBCIC,3|S1|T122,3,1,0.33333333333333326,0.59596485062905,1,1.0,0.0,0.0,0.0,False,False,False
WBCIC,3|S1|T123,3,1,0.6666666666666666,0.4885869485592152,0,1.0,0.0,0.0,0.0,False,False,False
WBCIC,3|S1|T124,3,1,0.6666666666666666,0.5095630738973435,1,1.0,0.0,0.0,0.0,False,False,False
WBCIC,3|S1|T125,3,0,0.0,0.34326799005092173,0,1.0,0.0,0.0,0.0,False,False,False
WBCIC,3|S1|T126,3,0,0.33333333333333326,0.4428234515942205,0,1.0,0.0,0.0,0.0,False,False,False
WBCIC,3|S1|T127,3,0,0.0,0.3394688182483568,0,1.0,0.0,0.0,0.0,False,False,False
WBCIC,3|S1|T128,3,0,0.0,0.39523424710521043,0,1.0,0.0,0.0,0.0,False,False,False
WBCIC,3|S1|T129,3,1,0.0,0.6871956825305724,1,1.0,0.0,0.0,0.0,False,False,False
WBCIC,3|S1|T13,3,0,0.0,0.2540975143986339,0,1.0,0.0,0.0,0.0,True,False,False
WBCIC,3|S1|T130,3,0,0.33333333333333326,0.4109672053786684,0,1.0,0.0,0.0,0.0,False,False,False
WBCIC,3|S1|T131,3,1,0.6666666666666667,0.6713824469334163,1,1.0,0.0,0.0,0.0,False,False,False
WBCIC,3|S1|T132,3,1,1.0,0.5208404642420144,1,1.0,0.0,0.0,0.0,False,False,False
WBCIC,3|S1|T133,3,1,0.0,0.7137394227061747,1,1.0,0.0,0.0,0.0,True,False,False
WBCIC,3|S1|T134,3,1,0.0,0.7827288045779094,1,1.0,0.0,0.0,0.0,True,False,False
WBCIC,3|S1|T135,3,1,0.6666666666666666,0.4361850195178593,0,1.0,0.0,0.0,0.0,False,False,False
WBCIC,3|S1|T136,3,0,0.0,0.3281901939716685,0,1.0,0.0,0.0,0.0,False,False,False
WBCIC,3|S1|T137,3,0,0.0,0.21407581200727585,0,1.0,0.0,0.0,0.0,True,False,False
WBCIC,3|S1|T138,3,1,0.6666666666666666,0.5364136669289407,1,1.0,0.0,0.0,0.0,False,False,False
WBCIC,3|S1|T139,3,0,0.6666666666666666,0.48374884352459846,0,0.632869152300803,0.36713084769919707,0.0,0.36713084769919707,False,False,False
WBCIC,3|S1|T14,3,0,1.0,0.5761766997242301,1,0.5144730779576394,0.0,0.48552692204236064,0.48552692204236064,False,False,False
WBCIC,3|S1|T140,3,0,0.0,0.17714123416427308,0,1.0,0.0,0.0,0.0,True,False,False
WBCIC,3|S1|T141,3,1,0.6666666666666667,0.5807426479937488,1,1.0,0.0,0.0,0.0,False,False,False
WBCIC,3|S1|T142,3,1,0.6666666666666667,0.636900464982161,1,1.0,0.0,0.0,0.0,False,False,False
WBCIC,3|S1|T143,3,1,0.0,0.7252514178446229,1,1.0,0.0,0.0,0.0,True,False,False
WBCIC,3|S1|T144,3,0,0.0,0.1938823994271207,0,1.0,0.0,0.0,0.0,True,False,False
WBCIC,3|S1|T145,3,1,0.0,0.6937715875181111,1,1.0,0.0,0.0,0.0,False,False,False
WBCIC,3|S1|T146,3,0,0.33333333333333326,0.3508421422552201,0,1.0,0.0,0.0,0.0,False,False,False
WBCIC,3|S1|T147,3,0,0.33333333333333326,0.2549578798601234,0,1.0,0.0,0.0,0.0,False,False,False
WBCIC,3|S1|T148,3,1,0.0,0.6807352731973682,1,1.0,0.0,0.0,0.0,False,False,False
WBCIC,3|S1|T149,3,0,0.33333333333333326,0.44617165138716225,0,1.0,0.0,0.0,0.0,False,False,False
WBCIC,3|S1|T15,3,0,0.0,0.3661934982093515,0,1.0,0.0,0.0,0.0,False,False,False
WBCIC,3|S1|T150,3,0,0.0,0.14952856289124353,0,1.0,0.0,0.0,0.0,True,False,False
WBCIC,3|S1|T151,3,1,1.0,0.5602923031228793,1,1.0,0.0,0.0,0.0,False,False,False
WBCIC,3|S1|T152,3,0,0.0,0.22094377996264503,0,1.0,0.0,0.0,0.0,True,False,False
WBCIC,3|S1|T153,3,0,0.0,0.21929609784097062,0,1.0,0.0,0.0,0.0,True,False,False
WBCIC,3|S1|T154,3,0,0.0,0.22291177978149204,0,1.0,0.0,0.0,0.0,True,False,False
WBCIC,3|S1|T155,3,0,0.0,0.29998644761644394,0,1.0,0.0,0.0,0.0,True,False,False
WBCIC,3|S1|T156,3,0,1.0,0.6627600294613325,1,0.5153687576283656,0.48463124237163435,0.0,0.48463124237163435,False,False,False
WBCIC,3|S1|T157,3,1,0.33333333333333326,0.6858132676219061,1,1.0,0.0,0.0,0.0,False,False,False
WBCIC,3|S1|T158,3,1,0.0,0.7143006889820397,1,1.0,0.0,0.0,0.0,True,False,False
WBCIC,3|S1|T159,3,1,0.0,0.6563825820411755,1,1.0,0.0,0.0,0.0,False,False,False
WBCIC,3|S1|T16,3,1,0.33333333333333326,0.7241553789709152,1,0.769784701179229,0.23021529882077096,0.0,0.23021529882077096,False,False,False
WBCIC,3|S1|T160,3,1,0.6666666666666667,0.6070641490192924,1,1.0,0.0,0.0,0.0,False,False,False
WBCIC,3|S1|T161,3,0,0.0,0.8599006281407374,1,1.0,0.0,0.0,0.0,True,False,False
WBCIC,3|S1|T162,3,0,0.0,0.22643673143031848,0,1.0,0.0,0.0,0.0,True,False,False
WBCIC,3|S1|T163,3,0,0.6666666666666666,0.5331070547273813,1,0.6325299237310523,0.0,0.3674700762689477,0.3674700762689477,False,False,False
WBCIC,3|S1|T164,3,1,1.0,0.620099043259578,1,1.0,0.0,0.0,0.0,False,False,False
WBCIC,3|S1|T165,3,1,0.0,0.7313357563587916,1,1.0,0.0,0.0,0.0,True,False,False
WBCIC,3|S1|T166,3,1,0.0,0.7091569173748535,1,1.0,0.0,0.0,0.0,True,False,False
WBCIC,3|S1|T167,3,0,0.0,0.32351989035801987,0,1.0,0.0,0.0,0.0,False,False,False
WBCIC,3|S1|T168,3,0,0.0,0.2422771756090634,0,1.0,0.0,0.0,0.0,True,False,False
WBCIC,3|S1|T169,3,0,0.0,0.20169250602971356,0,1.0,0.0,0.0,0.0,True,False,False
WBCIC,3|S1|T17,3,0,0.33333333333333326,0.3813903563221099,0,1.0,0.0,0.0,0.0,False,False,False
WBCIC,3|S1|T170,3,1,1.0,0.6160379512465906,1,0.5312335621069858,0.0,0.4687664378930142,0.4687664378930142,False,False,False
WBCIC,3|S1|T171,3,1,0.6666666666666667,0.63336920922298,1,1.0,0.0,0.0,0.0,False,False,False
WBCIC,3|S1|T172,3,1,0.33333333333333326,0.756692429677664,1,0.7730680108533665,0.22693198914663348,0.0,0.22693198914663348,False,False,False
WBCIC,3|S1|T173,3,1,0.6666666666666666,0.5040847596830578,1,0.6367424593290121,0.0,0.363257540670988,0.363257540670988,False,True,False
WBCIC,3|S1|T174,3,0,0.0,0.23953755423579834,0,1.0,0.0,0.0,0.0,True,False,False
WBCIC,3|S1|T175,3,0,0.0,0.3252516099574892,0,1.0,0.0,0.0,0.0,False,False,False
WBCIC,3|S1|T176,3,1,0.33333333333333326,0.6205732578665323,1,1.0,0.0,0.0,0.0,False,False,False
WBCIC,3|S1|T177,3,0,0.33333333333333326,0.4000261127459712,0,1.0,0.0,0.0,0.0,False,False,False
WBCIC,3|S1|T178,3,1,1.0,0.490040270931515,0,1.0,0.0,0.0,0.0,False,False,False
WBCIC,3|S1|T179,3,0,0.0,0.21966841272274704,0,1.0,0.0,0.0,0.0,True,False,False
WBCIC,3|S1|T18,3,1,0.33333333333333326,0.6729753048373701,1,1.0,0.0,0.0,0.0,False,False,False
WBCIC,3|S1|T180,3,0,0.0,0.15511800049471988,0,1.0,0.0,0.0,0.0,True,False,False
WBCIC,3|S1|T181,3,1,0.0,0.6758938349441558,1,1.0,0.0,0.0,0.0,False,False,False
WBCIC,3|S1|T182,3,0,0.0,0.2686293127634261,0,1.0,0.0,0.0,0.0,True,False,False
WBCIC,3|S1|T183,3,1,0.33333333333333326,0.6012929418571709,1,1.0,0.0,0.0,0.0,False,False,False
WBCIC,3|S1|T184,3,0,0.0,0.2789266602026729,0,1.0,0.0,0.0,0.0,True,False,False
WBCIC,3|S1|T185,3,0,0.0,0.2522980957942311,0,1.0,0.0,0.0,0.0,True,False,False
WBCIC,3|S1|T186,3,0,0.0,0.29752455381809295,0,1.0,0.0,0.0,0.0,True,False,False
WBCIC,3|S1|T187,3,1,0.0,0.7182976560835028,1,1.0,0.0,0.0,0.0,True,False,False
WBCIC,3|S1|T188,3,1,0.33333333333333326,0.5740837058010353,1,1.0,0.0,0.0,0.0,False,False,False
WBCIC,3|S1|T189,3,1,0.6666666666666666,0.4081137881560137,0,1.0,0.0,0.0,0.0,False,False,False
WBCIC,3|S1|T19,3,0,0.0,0.25477549289929663,0,1.0,0.0,0.0,0.0,True,False,False
WBCIC,3|S1|T190,3,0,0.0,0.19740185337656788,0,1.0,0.0,0.0,0.0,True,False,False
WBCIC,3|S1|T191,3,1,0.6666666666666666,0.4809742476020813,0,1.0,0.0,0.0,0.0,False,False,False
WBCIC,3|S1|T192,3,0,0.0,0.3316503444955547,0,1.0,0.0,0.0,0.0,False,False,False
WBCIC,3|S1|T193,3,1,0.6666666666666666,0.48790610007910273,0,0.615109428747629,0.0,0.384890571252371,0.384890571252371,False,False,False
WBCIC,3|S1|T194,3,0,0.0,0.21910932042244524,0,1.0,0.0,0.0,0.0,True,False,False
WBCIC,3|S1|T195,3,1,0.6666666666666666,0.4336864030100463,0,1.0,0.0,0.0,0.0,False,False,False
WBCIC,3|S1|T196,3,1,0.6666666666666667,0.7070701177904872,1,0.6403881569063363,0.3596118430936637,0.0,0.3596118430936637,False,False,False
WBCIC,3|S1|T197,3,1,0.6666666666666667,0.5355257253540449,1,1.0,0.0,0.0,0.0,False,False,False
WBCIC,3|S1|T198,3,0,0.6666666666666667,0.6461352325762553,1,1.0,0.0,0.0,0.0,False,False,False
WBCIC,3|S1|T199,3,0,0.0,0.26072618970043804,0,1.0,0.0,0.0,0.0,True,False,False
WBCIC,3|S1|T2,3,0,0.6666666666666666,0.3505115513739976,0,1.0,0.0,0.0,0.0,False,False,False
WBCIC,3|S1|T20,3,1,0.0,0.6896145595828834,1,1.0,0.0,0.0,0.0,False,False,False
WBCIC,3|S1|T21,3,1,0.0,0.7213721404912002,1,1.0,0.0,0.0,0.0,True,False,False
WBCIC,3|S1|T22,3,0,0.0,0.2992858303594291,0,1.0,0.0,0.0,0.0,True,False,False
WBCIC,3|S1|T23,3,0,0.0,0.37288350069492027,0,1.0,0.0,0.0,0.0,False,False,False
WBCIC,3|S1|T24,3,0,0.0,0.28388729913272653,0,1.0,0.0,0.0,0.0,True,False,False
WBCIC,3|S1|T25,3,1,0.0,0.7831667074652731,1,1.0,0.0,0.0,0.0,True,False,False
WBCIC,3|S1|T26,3,0,1.0,0.5371458560205747,1,1.0,0.0,0.0,0.0,False,False,False
WBCIC,3|S1|T27,3,1,0.6666666666666667,0.5834878340296533,1,1.0,0.0,0.0,0.0,False,False,False
WBCIC,3|S1|T28,3,1,0.0,0.715451426723983,1,1.0,0.0,0.0,0.0,True,False,False
WBCIC,3|S1|T29,3,0,0.0,0.26951534849119135,0,1.0,0.0,0.0,0.0,True,False,False
WBCIC,3|S1|T3,3,0,1.0,0.3645639416035899,0,1.0,0.0,0.0,0.0,False,False,False
WBCIC,3|S1|T30,3,1,1.0,0.5237874646381259,1,1.0,0.0,0.0,0.0,False,False,False
WBCIC,3|S1|T31,3,1,0.33333333333333326,0.6792585995597858,1,1.0,0.0,0.0,0.0,False,False,False
WBCIC,3|S1|T32,3,0,0.0,0.31194378864123545,0,1.0,0.0,0.0,0.0,False,False,False
WBCIC,3|S1|T33,3,1,0.0,0.7782532939190002,1,1.0,0.0,0.0,0.0,True,False,False
WBCIC,3|S1|T34,3,1,0.33333333333333326,0.6766301240184274,1,1.0,0.0,0.0,0.0,False,False,False
WBCIC,3|S1|T35,3,1,0.6666666666666667,0.6895374656624579,1,1.0,0.0,0.0,0.0,False,False,False
WBCIC,3|S1|T36,3,0,0.0,0.3780281730590098,0,1.0,0.0,0.0,0.0,False,False,False
WBCIC,3|S1|T37,3,1,1.0,0.6031897934287948,1,1.0,0.0,0.0,0.0,False,False,False
WBCIC,3|S1|T38,3,1,0.0,0.7697067921206986,1,1.0,0.0,0.0,0.0,True,False,False
WBCIC,3|S1|T39,3,0,0.6666666666666666,0.42071799065859694,0,1.0,0.0,0.0,0.0,False,False,False
WBCIC,3|S1|T4,3,0,0.0,0.2972298676442248,0,1.0,0.0,0.0,0.0,True,False,False
WBCIC,3|S1|T40,3,1,0.6666666666666667,0.6465978875135159,1,1.0,0.0,0.0,0.0,False,False,False
WBCIC,3|S1|T41,3,1,0.6666666666666667,0.6037307854105147,1,1.0,0.0,0.0,0.0,False,False,False
WBCIC,3|S1|T42,3,1,1.0,0.576372418838388,1,1.0,0.0,0.0,0.0,False,False,False
WBCIC,3|S1|T43,3,0,0.0,0.23969052414023406,0,1.0,0.0,0.0,0.0,True,False,False
WBCIC,3|S1|T44,3,0,0.0,0.2875731249473127,0,1.0,0.0,0.0,0.0,True,False,False
WBCIC,3|S1|T45,3,1,0.0,0.7507804579243285,1,1.0,0.0,0.0,0.0,True,False,False
WBCIC,3|S1|T46,3,1,0.6666666666666667,0.7219584328194187,1,1.0,0.0,0.0,0.0,False,False,False
WBCIC,3|S1|T47,3,0,0.0,0.3494015048244113,0,1.0,0.0,0.0,0.0,False,False,False
WBCIC,3|S1|T48,3,1,1.0,0.49007860147812127,0,1.0,0.0,0.0,0.0,False,False,False
WBCIC,3|S1|T49,3,0,0.0,0.210478734636655,0,1.0,0.0,0.0,0.0,True,False,False
WBCIC,3|S1|T5,3,0,0.0,0.21245307876624075,0,1.0,0.0,0.0,0.0,True,False,False
WBCIC,3|S1|T50,3,1,0.33333333333333326,0.5912818916713599,1,1.0,0.0,0.0,0.0,False,False,False
WBCIC,3|S1|T51,3,0,0.0,0.15766409059568492,0,1.0,0.0,0.0,0.0,True,False,False
WBCIC,3|S1|T52,3,1,0.0,0.38718117005961444,0,1.0,0.0,0.0,0.0,False,False,False
WBCIC,3|S1|T53,3,1,0.33333333333333326,0.5422625902233655,1,1.0,0.0,0.0,0.0,False,False,False
WBCIC,3|S1|T54,3,1,0.33333333333333326,0.6472998962635083,1,1.0,0.0,0.0,0.0,False,False,False
WBCIC,3|S1|T55,3,0,0.0,0.21875477768698257,0,1.0,0.0,0.0,0.0,True,False,False
WBCIC,3|S1|T56,3,0,0.0,0.23144821439767693,0,1.0,0.0,0.0,0.0,True,False,False
WBCIC,3|S1|T57,3,0,0.0,0.22086674214504598,0,1.0,0.0,0.0,0.0,True,False,False
WBCIC,3|S1|T58,3,0,0.0,0.33185704790354914,0,1.0,0.0,0.0,0.0,False,False,False
WBCIC,3|S1|T59,3,1,0.6666666666666667,0.5028780193865043,1,1.0,0.0,0.0,0.0,False,False,False
WBCIC,3|S1|T6,3,0,0.0,0.22063914012827623,0,1.0,0.0,0.0,0.0,True,False,False
WBCIC,3|S1|T60,3,1,0.0,0.7848772721098487,1,1.0,0.0,0.0,0.0,True,False,False
WBCIC,3|S1|T61,3,0,0.0,0.28918653422423685,0,1.0,0.0,0.0,0.0,True,False,False
WBCIC,3|S1|T62,3,0,0.0,0.18549980012070652,0,1.0,0.0,0.0,0.0,True,False,False
WBCIC,3|S1|T63,3,1,0.0,0.3345760315849818,0,1.0,0.0,0.0,0.0,False,False,False
WBCIC,3|S1|T64,3,1,0.33333333333333326,0.42466657246105594,0,0.7710420162189359,0.2289579837810641,0.0,0.2289579837810641,False,False,False
WBCIC,3|S1|T65,3,0,0.0,0.23224715763757317,0,1.0,0.0,0.0,0.0,True,False,False
WBCIC,3|S1|T66,3,0,0.33333333333333326,0.3906146064274574,0,1.0,0.0,0.0,0.0,False,False,False
WBCIC,3|S1|T67,3,1,0.0,0.29779041880517015,0,1.0,0.0,0.0,0.0,True,False,False
WBCIC,3|S1|T68,3,0,0.0,0.22435050562473222,0,1.0,0.0,0.0,0.0,True,False,False
WBCIC,3|S1|T69,3,1,0.33333333333333326,0.6095055180057957,1,0.7582718905486424,0.0,0.2417281094513576,0.2417281094513576,False,False,False
WBCIC,3|S1|T7,3,1,0.0,0.5926150387182828,1,1.0,0.0,0.0,0.0,False,False,False
WBCIC,3|S1|T70,3,1,1.0,0.477311435353643,0,1.0,0.0,0.0,0.0,False,False,False
WBCIC,3|S1|T71,3,0,0.0,0.26618293200705784,0,1.0,0.0,0.0,0.0,True,False,False
WBCIC,3|S1|T72,3,0,0.33333333333333326,0.4004048133808019,0,0.7693125518418373,0.23068744815816264,0.0,0.23068744815816264,False,False,False
WBCIC,3|S1|T73,3,1,1.0,0.5078789642636037,1,1.0,0.0,0.0,0.0,False,False,False
WBCIC,3|S1|T74,3,0,0.0,0.3332122474097166,0,1.0,0.0,0.0,0.0,False,False,False
WBCIC,3|S1|T75,3,0,0.0,0.2511992370083193,0,1.0,0.0,0.0,0.0,True,False,False
WBCIC,3|S1|T76,3,0,0.0,0.3536194728973922,0,1.0,0.0,0.0,0.0,False,False,False
WBCIC,3|S1|T77,3,1,0.33333333333333326,0.6255816092843172,1,0.7636077582982018,0.0,0.23639224170179823,0.23639224170179823,False,False,False
WBCIC,3|S1|T78,3,1,1.0,0.6853181497253562,1,1.0,0.0,0.0,0.0,False,False,False
WBCIC,3|S1|T79,3,0,0.0,0.32505713321386304,0,1.0,0.0,0.0,0.0,False,False,False
WBCIC,3|S1|T8,3,0,0.0,0.35324747810538953,0,1.0,0.0,0.0,0.0,False,False,False
WBCIC,3|S1|T80,3,0,0.0,0.28939744246034066,0,1.0,0.0,0.0,0.0,True,False,False
WBCIC,3|S1|T81,3,1,1.0,0.49754146265884597,0,1.0,0.0,0.0,0.0,False,False,False
WBCIC,3|S1|T82,3,1,0.33333333333333326,0.41395950718420726,0,1.0,0.0,0.0,0.0,False,False,False
WBCIC,3|S1|T83,3,0,0.0,0.2814215540690821,0,1.0,0.0,0.0,0.0,True,False,False
WBCIC,3|S1|T84,3,1,0.6666666666666666,0.4809984906684546,0,1.0,0.0,0.0,0.0,False,False,False
WBCIC,3|S1|T85,3,0,0.0,0.23312587170689758,0,1.0,0.0,0.0,0.0,True,False,False
WBCIC,3|S1|T86,3,0,0.0,0.21634444811688014,0,1.0,0.0,0.0,0.0,True,False,False
WBCIC,3|S1|T87,3,0,0.0,0.2935617362858749,0,1.0,0.0,0.0,0.0,True,False,False
WBCIC,3|S1|T88,3,0,0.0,0.24619022202561536,0,1.0,0.0,0.0,0.0,True,False,False
WBCIC,3|S1|T89,3,0,0.6666666666666666,0.43767407647906187,0,1.0,0.0,0.0,0.0,False,False,False
WBCIC,3|S1|T9,3,1,1.0,0.5701241601228401,1,1.0,0.0,0.0,0.0,False,False,False
WBCIC,3|S1|T90,3,1,0.0,0.7365013650542881,1,1.0,0.0,0.0,0.0,True,False,False
WBCIC,3|S1|T91,3,0,0.0,0.21736443740041922,0,1.0,0.0,0.0,0.0,True,False,False
WBCIC,3|S1|T92,3,0,0.6666666666666666,0.45812829595197085,0,1.0,0.0,0.0,0.0,False,False,False
WBCIC,3|S1|T93,3,1,0.0,0.7286285474438213,1,1.0,0.0,0.0,0.0,True,False,False
WBCIC,3|S1|T94,3,1,0.0,0.6829272036332914,1,1.0,0.0,0.0,0.0,False,False,False
WBCIC,3|S1|T95,3,0,0.0,0.31624494213783555,0,1.0,0.0,0.0,0.0,False,False,False
WBCIC,3|S1|T96,3,1,0.0,0.7427764198253901,1,1.0,0.0,0.0,0.0,True,False,False
WBCIC,3|S1|T97,3,1,0.6666666666666667,0.671441539479317,1,0.4689755795345241,0.2714141167820624,0.2596103036834135,0.5310244204654759,False,False,False
WBCIC,3|S1|T98,3,1,1.0,0.6864615108322687,1,0.5082505490072526,0.4917494509927474,0.0,0.4917494509927474,False,False,False
WBCIC,3|S1|T99,3,1,0.0,0.7890328038263167,1,1.0,0.0,0.0,0.0,True,False,False
WBCIC,41|S1|T0,41,1,0.33333333333333326,0.7353245661456219,1,1.0,0.0,0.0,0.0,False,False,False
WBCIC,41|S1|T1,41,0,0.0,0.10717853744224813,0,1.0,0.0,0.0,0.0,True,False,False
WBCIC,41|S1|T10,41,1,1.0,0.5650960564604667,1,1.0,0.0,0.0,0.0,False,False,False
WBCIC,41|S1|T100,41,0,0.0,0.14596905274110797,0,1.0,0.0,0.0,0.0,True,False,False
WBCIC,41|S1|T101,41,0,0.0,0.10733368819547338,0,1.0,0.0,0.0,0.0,True,False,False
WBCIC,41|S1|T102,41,1,0.0,0.7574758916825436,1,1.0,0.0,0.0,0.0,True,False,False
WBCIC,41|S1|T103,41,0,0.0,0.10643604577053344,0,1.0,0.0,0.0,0.0,True,False,False
WBCIC,41|S1|T104,41,1,0.0,0.7223527082671742,1,1.0,0.0,0.0,0.0,True,False,False
WBCIC,41|S1|T105,41,1,0.33333333333333326,0.74052246697362,1,1.0,0.0,0.0,0.0,False,False,False
WBCIC,41|S1|T106,41,1,1.0,0.5968271473213782,1,1.0,0.0,0.0,0.0,False,False,False
WBCIC,41|S1|T107,41,0,0.0,0.1427073364252521,0,1.0,0.0,0.0,0.0,True,False,False
WBCIC,41|S1|T108,41,1,0.0,0.7049440464306928,1,1.0,0.0,0.0,0.0,True,False,False
WBCIC,41|S1|T109,41,1,0.6666666666666666,0.48156798906512677,0,1.0,0.0,0.0,0.0,False,False,False
WBCIC,41|S1|T11,41,0,0.6666666666666667,0.565782541082811,1,1.0,0.0,0.0,0.0,False,False,False
WBCIC,41|S1|T110,41,0,1.0,0.5710750317810185,1,1.0,0.0,0.0,0.0,False,False,False
WBCIC,41|S1|T111,41,0,0.0,0.13493402140618252,0,1.0,0.0,0.0,0.0,True,False,False
WBCIC,41|S1|T112,41,0,0.0,0.21603317335227687,0,1.0,0.0,0.0,0.0,True,False,False
WBCIC,41|S1|T113,41,1,0.33333333333333326,0.444976873575035,0,1.0,0.0,0.0,0.0,False,False,False
WBCIC,41|S1|T114,41,1,0.6666666666666666,0.47604480833680435,0,1.0,0.0,0.0,0.0,False,False,False
WBCIC,41|S1|T115,41,1,0.0,0.2986017658913633,0,1.0,0.0,0.0,0.0,True,False,False
WBCIC,41|S1|T116,41,1,0.0,0.760421797182298,1,1.0,0.0,0.0,0.0,True,False,False
WBCIC,41|S1|T117,41,0,0.0,0.6254011668501332,1,1.0,0.0,0.0,0.0,False,False,False
WBCIC,41|S1|T118,41,1,0.6666666666666667,0.61219809191657,1,1.0,0.0,0.0,0.0,False,False,False
WBCIC,41|S1|T119,41,1,0.33333333333333326,0.42603273602521674,0,1.0,0.0,0.0,0.0,False,False,False
WBCIC,41|S1|T12,41,1,0.0,0.33403182601258585,0,1.0,0.0,0.0,0.0,False,False,False
WBCIC,41|S1|T120,41,0,0.0,0.1653651674099316,0,1.0,0.0,0.0,0.0,True,False,False
WBCIC,41|S1|T121,41,1,0.33333333333333326,0.35065354225633194,0,0.7587549182419978,0.24124508175800224,0.0,0.24124508175800224,False,False,False
WBCIC,41|S1|T122,41,0,0.0,0.22548120621662526,0,1.0,0.0,0.0,0.0,True,False,False
WBCIC,41|S1|T123,41,1,0.0,0.2464802807930694,0,1.0,0.0,0.0,0.0,True,False,False
WBCIC,41|S1|T124,41,0,0.0,0.09731875469989165,0,1.0,0.0,0.0,0.0,True,False,False
WBCIC,41|S1|T125,41,1,0.0,0.22824236994130964,0,1.0,0.0,0.0,0.0,True,False,False
WBCIC,41|S1|T126,41,0,0.0,0.2759091568583551,0,1.0,0.0,0.0,0.0,True,False,False
WBCIC,41|S1|T127,41,0,0.0,0.3472998663811782,0,1.0,0.0,0.0,0.0,False,False,False
WBCIC,41|S1|T128,41,0,0.0,0.175530607604113,0,1.0,0.0,0.0,0.0,True,False,False
WBCIC,41|S1|T129,41,0,0.0,0.3146085703344897,0,1.0,0.0,0.0,0.0,False,False,False
WBCIC,41|S1|T13,41,0,0.0,0.3418552195476004,0,1.0,0.0,0.0,0.0,False,False,False
WBCIC,41|S1|T130,41,1,0.6666666666666667,0.6724206785576325,1,1.0,0.0,0.0,0.0,False,False,False
WBCIC,41|S1|T131,41,1,0.0,0.8593590262054045,1,1.0,0.0,0.0,0.0,True,False,False
WBCIC,41|S1|T132,41,1,0.0,0.7784840252486079,1,1.0,0.0,0.0,0.0,True,False,False
WBCIC,41|S1|T133,41,0,0.0,0.24156661174858432,0,1.0,0.0,0.0,0.0,True,False,False
WBCIC,41|S1|T134,41,1,0.6666666666666666,0.4366344391348149,0,1.0,0.0,0.0,0.0,False,False,False
WBCIC,41|S1|T135,41,1,0.33333333333333326,0.6626538665624269,1,0.7717735281148951,0.22822647188510492,0.0,0.22822647188510492,False,False,False
WBCIC,41|S1|T136,41,0,0.33333333333333326,0.35583315116839725,0,1.0,0.0,0.0,0.0,False,False,False
WBCIC,41|S1|T137,41,0,0.0,0.1536766016664431,0,1.0,0.0,0.0,0.0,True,False,False
WBCIC,41|S1|T138,41,0,0.0,0.3209716219648846,0,1.0,0.0,0.0,0.0,False,False,False
WBCIC,41|S1|T139,41,1,0.0,0.8453008294791194,1,1.0,0.0,0.0,0.0,True,False,False
WBCIC,41|S1|T14,41,1,1.0,0.5382623727407364,1,1.0,0.0,0.0,0.0,False,False,False
WBCIC,41|S1|T140,41,1,0.0,0.8440552025557935,1,1.0,0.0,0.0,0.0,True,False,False
WBCIC,41|S1|T141,41,1,0.0,0.8463956529528557,1,1.0,0.0,0.0,0.0,True,False,False
WBCIC,41|S1|T142,41,0,0.0,0.2937271499794791,0,1.0,0.0,0.0,0.0,True,False,False
WBCIC,41|S1|T143,41,1,0.0,0.18817602807612346,0,1.0,0.0,0.0,0.0,True,False,False
WBCIC,41|S1|T144,41,0,0.0,0.33859649998036784,0,1.0,0.0,0.0,0.0,False,False,False
WBCIC,41|S1|T145,41,1,0.0,0.22549018279343847,0,1.0,0.0,0.0,0.0,True,False,False
WBCIC,41|S1|T146,41,0,0.0,0.404547653062822,0,1.0,0.0,0.0,0.0,False,False,False
WBCIC,41|S1|T147,41,1,0.0,0.2614264462263632,0,1.0,0.0,0.0,0.0,True,False,False
WBCIC,41|S1|T148,41,0,0.0,0.355615288279529,0,1.0,0.0,0.0,0.0,False,False,False
WBCIC,41|S1|T149,41,1,0.33333333333333326,0.402977090725626,0,1.0,0.0,0.0,0.0,False,False,False
WBCIC,41|S1|T15,41,0,0.0,0.25067811657636724,0,1.0,0.0,0.0,0.0,True,False,False
WBCIC,41|S1|T150,41,0,0.0,0.17339486278964952,0,1.0,0.0,0.0,0.0,True,False,False
WBCIC,41|S1|T151,41,1,0.6666666666666667,0.5579393533146153,1,1.0,0.0,0.0,0.0,False,False,False
WBCIC,41|S1|T152,41,1,0.6666666666666666,0.5476429392585064,1,1.0,0.0,0.0,0.0,False,False,False
WBCIC,41|S1|T153,41,0,0.0,0.1532226964838527,0,1.0,0.0,0.0,0.0,True,False,False
WBCIC,41|S1|T154,41,0,0.0,0.09568119027270904,0,1.0,0.0,0.0,0.0,True,False,False
WBCIC,41|S1|T155,41,1,0.0,0.7432294303618653,1,1.0,0.0,0.0,0.0,True,False,False
WBCIC,41|S1|T156,41,1,0.0,0.8460241455948023,1,1.0,0.0,0.0,0.0,True,False,False
WBCIC,41|S1|T157,41,1,0.0,0.6280289452236333,1,1.0,0.0,0.0,0.0,False,False,False
WBCIC,41|S1|T158,41,0,0.0,0.11946801195295446,0,1.0,0.0,0.0,0.0,True,False,False
WBCIC,41|S1|T159,41,0,0.0,0.26169789079592903,0,1.0,0.0,0.0,0.0,True,False,False
WBCIC,41|S1|T16,41,0,0.6666666666666666,0.489441433367974,0,1.0,0.0,0.0,0.0,False,False,False
WBCIC,41|S1|T160,41,1,0.0,0.7195300838719043,1,1.0,0.0,0.0,0.0,True,False,False
WBCIC,41|S1|T161,41,0,0.0,0.34415761886254076,0,1.0,0.0,0.0,0.0,False,False,False
WBCIC,41|S1|T162,41,0,0.0,0.2869428027655418,0,1.0,0.0,0.0,0.0,True,False,False
WBCIC,41|S1|T163,41,0,0.0,0.15599091433582646,0,1.0,0.0,0.0,0.0,True,False,False
WBCIC,41|S1|T164,41,0,0.0,0.7648023243498251,1,1.0,0.0,0.0,0.0,True,False,False
WBCIC,41|S1|T165,41,0,0.0,0.5887922646523203,1,1.0,0.0,0.0,0.0,False,False,False
WBCIC,41|S1|T166,41,0,0.0,0.2928112857269522,0,1.0,0.0,0.0,0.0,True,False,False
WBCIC,41|S1|T167,41,1,0.0,0.8268025387060912,1,1.0,0.0,0.0,0.0,True,False,False
WBCIC,41|S1|T168,41,0,0.0,0.14908488127396777,0,1.0,0.0,0.0,0.0,True,False,False
WBCIC,41|S1|T169,41,1,1.0,0.5576067978794244,1,0.5381366692480025,0.0,0.4618633307519975,0.4618633307519975,False,False,False
WBCIC,41|S1|T17,41,0,0.0,0.3866051146346851,0,1.0,0.0,0.0,0.0,False,False,False
WBCIC,41|S1|T170,41,1,0.0,0.8251030447284528,1,1.0,0.0,0.0,0.0,True,False,False
WBCIC,41|S1|T171,41,0,0.6666666666666666,0.48774238606353876,0,1.0,0.0,0.0,0.0,False,False,False
WBCIC,41|S1|T172,41,0,0.0,0.1537775848937405,0,1.0,0.0,0.0,0.0,True,False,False
WBCIC,41|S1|T173,41,0,0.0,0.27660673685509335,0,1.0,0.0,0.0,0.0,True,False,False
WBCIC,41|S1|T174,41,1,0.0,0.8905251249182028,1,1.0,0.0,0.0,0.0,True,False,False
WBCIC,41|S1|T175,41,1,0.6666666666666667,0.6078684602885416,1,0.6352987837796162,0.3647012162203839,0.0,0.3647012162203839,False,False,False
WBCIC,41|S1|T176,41,1,0.0,0.7065814833770085,1,1.0,0.0,0.0,0.0,True,False,False
WBCIC,41|S1|T177,41,1,0.0,0.7577424823595487,1,1.0,0.0,0.0,0.0,True,False,False
WBCIC,41|S1|T178,41,0,0.0,0.11715769621415195,0,1.0,0.0,0.0,0.0,True,False,False
WBCIC,41|S1|T179,41,1,0.0,0.8052178124973276,1,1.0,0.0,0.0,0.0,True,False,False
WBCIC,41|S1|T18,41,1,0.0,0.16514189597543674,0,1.0,0.0,0.0,0.0,True,False,False
WBCIC,41|S1|T180,41,0,0.0,0.13441948621574287,0,1.0,0.0,0.0,0.0,True,False,False
WBCIC,41|S1|T181,41,1,0.0,0.8603855867348301,1,1.0,0.0,0.0,0.0,True,False,False
WBCIC,41|S1|T182,41,1,0.0,0.9026866795045381,1,1.0,0.0,0.0,0.0,True,False,False
WBCIC,41|S1|T183,41,1,0.0,0.8512866179715189,1,1.0,0.0,0.0,0.0,True,False,False
WBCIC,41|S1|T184,41,1,0.0,0.7459930890234516,1,1.0,0.0,0.0,0.0,True,False,False
WBCIC,41|S1|T185,41,0,0.0,0.12935708933486265,0,1.0,0.0,0.0,0.0,True,False,False
WBCIC,41|S1|T186,41,1,0.0,0.6267691893656434,1,1.0,0.0,0.0,0.0,False,False,False
WBCIC,41|S1|T187,41,0,0.0,0.1997496198953801,0,1.0,0.0,0.0,0.0,True,False,False
WBCIC,41|S1|T188,41,1,1.0,0.675145187479842,1,0.5498242664219068,0.0,0.45017573357809315,0.45017573357809315,False,False,False
WBCIC,41|S1|T189,41,0,0.0,0.18747562160393097,0,1.0,0.0,0.0,0.0,True,False,False
WBCIC,41|S1|T19,41,1,1.0,0.6055387281304643,1,0.5195070170203098,0.0,0.4804929829796903,0.4804929829796903,False,False,False
WBCIC,41|S1|T190,41,0,0.0,0.29108587370812256,0,1.0,0.0,0.0,0.0,True,False,False
WBCIC,41|S1|T191,41,1,0.0,0.8352749188175647,1,1.0,0.0,0.0,0.0,True,False,False
WBCIC,41|S1|T192,41,1,0.0,0.9060943983963368,1,1.0,0.0,0.0,0.0,True,False,False
WBCIC,41|S1|T193,41,1,0.0,0.7765208142733058,1,1.0,0.0,0.0,0.0,True,False,False
WBCIC,41|S1|T194,41,1,0.0,0.81332021061146,1,1.0,0.0,0.0,0.0,True,False,False
WBCIC,41|S1|T195,41,0,0.0,0.07192070409654876,0,1.0,0.0,0.0,0.0,True,False,False
WBCIC,41|S1|T196,41,1,0.0,0.6282177753965054,1,1.0,0.0,0.0,0.0,False,False,False
WBCIC,41|S1|T197,41,0,0.0,0.2682159785194817,0,1.0,0.0,0.0,0.0,True,False,False
WBCIC,41|S1|T198,41,0,0.0,0.3560794779538292,0,1.0,0.0,0.0,0.0,False,False,False
WBCIC,41|S1|T199,41,0,0.0,0.14653868469896272,0,1.0,0.0,0.0,0.0,True,False,False
WBCIC,41|S1|T2,41,1,0.0,0.28201303317022736,0,1.0,0.0,0.0,0.0,True,False,False
WBCIC,41|S1|T20,41,1,0.33333333333333326,0.4082166828026617,0,1.0,0.0,0.0,0.0,False,False,False
WBCIC,41|S1|T21,41,0,1.0,0.48453621680930786,0,0.5162506420858514,0.0,0.48374935791414864,0.48374935791414864,False,False,False
WBCIC,41|S1|T22,41,0,0.33333333333333326,0.2503689830874693,0,0.7708870070657088,0.2291129929342912,0.0,0.2291129929342912,False,False,False
WBCIC,41|S1|T23,41,1,0.0,0.24529064498001044,0,1.0,0.0,0.0,0.0,True,False,False
WBCIC,41|S1|T24,41,0,0.0,0.34541163441605754,0,1.0,0.0,0.0,0.0,False,False,False
WBCIC,41|S1|T25,41,1,0.0,0.662281592008099,1,1.0,0.0,0.0,0.0,False,False,False
WBCIC,41|S1|T26,41,1,0.6666666666666667,0.6003855416711428,1,1.0,0.0,0.0,0.0,False,False,False
WBCIC,41|S1|T27,41,1,0.0,0.4006943712018923,0,1.0,0.0,0.0,0.0,False,False,False
WBCIC,41|S1|T28,41,0,0.0,0.26521063276989637,0,1.0,0.0,0.0,0.0,True,False,False
WBCIC,41|S1|T29,41,1,0.0,0.7276116105482768,1,1.0,0.0,0.0,0.0,True,False,False
WBCIC,41|S1|T3,41,1,0.0,0.3419786852386318,0,1.0,0.0,0.0,0.0,False,False,False
WBCIC,41|S1|T30,41,0,0.6666666666666666,0.4365941517675212,0,1.0,0.0,0.0,0.0,False,False,False
WBCIC,41|S1|T31,41,1,0.6666666666666666,0.43002552037122893,0,1.0,0.0,0.0,0.0,False,False,False
WBCIC,41|S1|T32,41,0,0.0,0.1863863353261899,0,1.0,0.0,0.0,0.0,True,False,False
WBCIC,41|S1|T33,41,1,0.33333333333333326,0.5962402657318431,1,1.0,0.0,0.0,0.0,False,False,False
WBCIC,41|S1|T34,41,0,0.6666666666666666,0.5164473113195772,1,1.0,0.0,0.0,0.0,False,False,False
WBCIC,41|S1|T35,41,1,1.0,0.596180793148297,1,0.5034558310339944,0.49654416896600556,0.0,0.49654416896600556,False,False,False
WBCIC,41|S1|T36,41,1,1.0,0.5640274604601778,1,1.0,0.0,0.0,0.0,False,False,False
WBCIC,41|S1|T37,41,0,0.0,0.6628655718043833,1,1.0,0.0,0.0,0.0,False,False,False
WBCIC,41|S1|T38,41,0,0.0,0.2537951578921734,0,1.0,0.0,0.0,0.0,True,False,False
WBCIC,41|S1|T39,41,1,0.6666666666666666,0.362386014390637,0,1.0,0.0,0.0,0.0,False,False,False
WBCIC,41|S1|T4,41,0,0.6666666666666666,0.42699457955765957,0,1.0,0.0,0.0,0.0,False,False,False
WBCIC,41|S1|T40,41,1,0.0,0.7374706209693339,1,1.0,0.0,0.0,0.0,True,False,False
WBCIC,41|S1|T41,41,1,0.0,0.31615549785913194,0,1.0,0.0,0.0,0.0,False,False,False
WBCIC,41|S1|T42,41,0,1.0,0.571011138144216,1,0.5238260123420065,0.0,0.4761739876579934,0.4761739876579934,False,False,False
WBCIC,41|S1|T43,41,1,1.0,0.6217118478134069,1,0.5153810091524172,0.0,0.4846189908475828,0.4846189908475828,False,False,False
WBCIC,41|S1|T44,41,0,0.0,0.22646409161430855,0,1.0,0.0,0.0,0.0,True,False,False
WBCIC,41|S1|T45,41,1,1.0,0.6223128879478993,1,0.5093254944800083,0.0,0.4906745055199917,0.4906745055199917,False,False,False
WBCIC,41|S1|T46,41,1,0.0,0.7265975381594147,1,1.0,0.0,0.0,0.0,True,False,False
WBCIC,41|S1|T47,41,1,0.33333333333333326,0.3932360576071183,0,0.7583658212545155,0.24163417874548448,0.0,0.24163417874548448,False,False,False
WBCIC,41|S1|T48,41,0,0.0,0.4110025057578468,0,1.0,0.0,0.0,0.0,False,False,False
WBCIC,41|S1|T49,41,0,0.33333333333333326,0.6168497234699749,1,0.768497516127837,0.231502483872163,0.0,0.231502483872163,False,False,False
WBCIC,41|S1|T5,41,0,0.6666666666666667,0.5760306251599537,1,1.0,0.0,0.0,0.0,False,False,False
WBCIC,41|S1|T50,41,1,0.33333333333333326,0.618365513481341,1,0.7623625831014025,0.23763741689859746,0.0,0.23763741689859746,False,False,False
WBCIC,41|S1|T51,41,1,0.0,0.2649912974654774,0,1.0,0.0,0.0,0.0,True,False,False
WBCIC,41|S1|T52,41,1,0.6666666666666667,0.5814334365193352,1,1.0,0.0,0.0,0.0,False,False,False
WBCIC,41|S1|T53,41,0,0.0,0.25733414855257847,0,1.0,0.0,0.0,0.0,True,False,False
WBCIC,41|S1|T54,41,1,0.0,0.15008740551763702,0,1.0,0.0,0.0,0.0,True,False,False
WBCIC,41|S1|T55,41,0,0.0,0.16257732025169278,0,1.0,0.0,0.0,0.0,True,False,False
WBCIC,41|S1|T56,41,0,0.33333333333333326,0.4108478157178092,0,1.0,0.0,0.0,0.0,False,False,False
WBCIC,41|S1|T57,41,0,0.33333333333333326,0.7081572472827621,1,0.7775827095565971,0.2224172904434029,0.0,0.2224172904434029,False,False,False
WBCIC,41|S1|T58,41,0,0.33333333333333326,0.6583542666755291,1,0.7724838284326241,0.22751617156737597,0.0,0.22751617156737597,False,False,False
WBCIC,41|S1|T59,41,0,0.0,0.20750319849962798,0,1.0,0.0,0.0,0.0,True,False,False
WBCIC,41|S1|T6,41,0,0.0,0.13135425284180802,0,1.0,0.0,0.0,0.0,True,False,False
WBCIC,41|S1|T60,41,1,0.0,0.6665050622913413,1,1.0,0.0,0.0,0.0,False,False,False
WBCIC,41|S1|T61,41,0,0.0,0.12268940212173013,0,1.0,0.0,0.0,0.0,True,False,False
WBCIC,41|S1|T62,41,1,0.0,0.8058009586799537,1,1.0,0.0,0.0,0.0,True,False,False
WBCIC,41|S1|T63,41,0,0.0,0.21922432329805816,0,1.0,0.0,0.0,0.0,True,False,False
WBCIC,41|S1|T64,41,1,0.6666666666666666,0.44676508473242177,0,1.0,0.0,0.0,0.0,False,False,False
WBCIC,41|S1|T65,41,0,0.0,0.17142554905066332,0,1.0,0.0,0.0,0.0,True,False,False
WBCIC,41|S1|T66,41,1,0.0,0.8178811851292077,1,1.0,0.0,0.0,0.0,True,False,False
WBCIC,41|S1|T67,41,1,0.0,0.6972673605544938,1,1.0,0.0,0.0,0.0,False,False,False
WBCIC,41|S1|T68,41,0,0.0,0.16686599456629989,0,1.0,0.0,0.0,0.0,True,False,False
WBCIC,41|S1|T69,41,0,0.33333333333333326,0.4144136662899676,0,1.0,0.0,0.0,0.0,False,False,False
WBCIC,41|S1|T7,41,0,0.33333333333333326,0.22744656077087785,0,1.0,0.0,0.0,0.0,False,False,False
WBCIC,41|S1|T70,41,1,0.0,0.8045339550613492,1,1.0,0.0,0.0,0.0,True,False,False
WBCIC,41|S1|T71,41,1,0.0,0.8364490913871571,1,1.0,0.0,0.0,0.0,True,False,False
WBCIC,41|S1|T72,41,0,0.0,0.24987219974669084,0,1.0,0.0,0.0,0.0,True,False,False
WBCIC,41|S1|T73,41,0,0.0,0.11769860761504686,0,1.0,0.0,0.0,0.0,True,False,False
WBCIC,41|S1|T74,41,1,0.0,0.8109787328154071,1,1.0,0.0,0.0,0.0,True,False,False
WBCIC,41|S1|T75,41,0,0.0,0.323869249106731,0,1.0,0.0,0.0,0.0,False,False,False
WBCIC,41|S1|T76,41,1,0.0,0.9096769312405321,1,1.0,0.0,0.0,0.0,True,False,False
WBCIC,41|S1|T77,41,1,0.0,0.7977499650467718,1,1.0,0.0,0.0,0.0,True,False,False
WBCIC,41|S1|T78,41,0,0.0,0.1599645404744793,0,1.0,0.0,0.0,0.0,True,False,False
WBCIC,41|S1|T79,41,0,0.0,0.29121139782182054,0,1.0,0.0,0.0,0.0,True,False,False
WBCIC,41|S1|T8,41,1,0.0,0.32545028125861825,0,1.0,0.0,0.0,0.0,False,False,False
WBCIC,41|S1|T80,41,0,0.0,0.1603224499323164,0,1.0,0.0,0.0,0.0,True,False,False
WBCIC,41|S1|T81,41,1,0.0,0.8369042579340628,1,1.0,0.0,0.0,0.0,True,False,False
WBCIC,41|S1|T82,41,0,0.0,0.29928152868448815,0,1.0,0.0,0.0,0.0,True,False,False
WBCIC,41|S1|T83,41,1,1.0,0.5334981545641432,1,1.0,0.0,0.0,0.0,False,False,False
WBCIC,41|S1|T84,41,1,1.0,0.5429075914172772,1,0.3387604057788849,0.3458292782306671,0.315410315990448,0.6612395942211151,False,False,False
WBCIC,41|S1|T85,41,1,1.0,0.6360946760455538,1,1.0,0.0,0.0,0.0,False,False,False
WBCIC,41|S1|T86,41,0,0.0,0.10935592107059079,0,1.0,0.0,0.0,0.0,True,False,False
WBCIC,41|S1|T87,41,1,0.6666666666666667,0.6942523680663002,1,1.0,0.0,0.0,0.0,False,False,False
WBCIC,41|S1|T88,41,1,0.0,0.8157711091464618,1,1.0,0.0,0.0,0.0,True,False,False
WBCIC,41|S1|T89,41,0,0.0,0.20766963023264015,0,1.0,0.0,0.0,0.0,True,False,False
WBCIC,41|S1|T9,41,0,0.33333333333333326,0.46469265175323615,0,1.0,0.0,0.0,0.0,False,False,False
WBCIC,41|S1|T90,41,0,0.0,0.07551019299066543,0,1.0,0.0,0.0,0.0,True,False,False
WBCIC,41|S1|T91,41,0,0.0,0.18891974270685388,0,1.0,0.0,0.0,0.0,True,False,False
WBCIC,41|S1|T92,41,0,0.0,0.12258093868241533,0,1.0,0.0,0.0,0.0,True,False,False
WBCIC,41|S1|T93,41,0,0.0,0.21825303178641672,0,1.0,0.0,0.0,0.0,True,False,False
WBCIC,41|S1|T94,41,0,0.0,0.15259566933844002,0,1.0,0.0,0.0,0.0,True,False,False
WBCIC,41|S1|T95,41,0,0.0,0.12566800814481544,0,1.0,0.0,0.0,0.0,True,False,False
WBCIC,41|S1|T96,41,1,0.0,0.8112753891036811,1,1.0,0.0,0.0,0.0,True,False,False
WBCIC,41|S1|T97,41,1,0.0,0.8783567457665279,1,1.0,0.0,0.0,0.0,True,False,False
WBCIC,41|S1|T98,41,0,0.0,0.06348770071544704,0,1.0,0.0,0.0,0.0,True,False,False
WBCIC,41|S1|T99,41,0,0.0,0.16762046803389108,0,1.0,0.0,0.0,0.0,True,False,False
WBCIC,42|S1|T0,42,0,0.0,0.2231938722267691,0,1.0,0.0,0.0,0.0,True,False,False
WBCIC,42|S1|T1,42,1,0.0,0.17922333317833253,0,1.0,0.0,0.0,0.0,True,False,False
WBCIC,42|S1|T10,42,0,0.0,0.19037242089894782,0,1.0,0.0,0.0,0.0,True,False,False
WBCIC,42|S1|T100,42,0,0.0,0.18353540649972666,0,1.0,0.0,0.0,0.0,True,False,False
WBCIC,42|S1|T101,42,1,0.0,0.2844509399285466,0,1.0,0.0,0.0,0.0,True,False,False
WBCIC,42|S1|T102,42,0,0.0,0.20171437018931218,0,1.0,0.0,0.0,0.0,True,False,False
WBCIC,42|S1|T103,42,0,0.0,0.2308808287610159,0,1.0,0.0,0.0,0.0,True,False,False
WBCIC,42|S1|T104,42,1,0.6666666666666667,0.5974589444989714,1,1.0,0.0,0.0,0.0,False,False,False
WBCIC,42|S1|T105,42,0,0.0,0.18585125525877078,0,1.0,0.0,0.0,0.0,True,False,False
WBCIC,42|S1|T106,42,0,0.0,0.2760333315578656,0,1.0,0.0,0.0,0.0,True,False,False
WBCIC,42|S1|T107,42,0,0.6666666666666666,0.4861064076777145,0,0.6182586603588666,0.0,0.3817413396411335,0.3817413396411335,False,False,False
WBCIC,42|S1|T108,42,0,0.33333333333333326,0.39359456857238617,0,0.7493060252681379,0.0,0.25069397473186206,0.25069397473186206,False,False,False
WBCIC,42|S1|T109,42,0,0.0,0.30598813445109774,0,1.0,0.0,0.0,0.0,False,False,False
WBCIC,42|S1|T11,42,1,0.6666666666666666,0.4951896676599118,0,0.6432642464305376,0.35673575356946247,0.0,0.35673575356946247,False,False,False
WBCIC,42|S1|T110,42,0,0.0,0.3295396737224474,0,1.0,0.0,0.0,0.0,False,False,False
WBCIC,42|S1|T111,42,1,0.6666666666666667,0.6851239779155559,1,1.0,0.0,0.0,0.0,False,False,False
WBCIC,42|S1|T112,42,0,0.6666666666666666,0.43509656365806454,0,1.0,0.0,0.0,0.0,False,False,False
WBCIC,42|S1|T113,42,1,1.0,0.5843675646933184,1,0.5218545355483191,0.0,0.47814546445168093,0.47814546445168093,False,False,False
WBCIC,42|S1|T114,42,0,1.0,0.6066801913169835,1,0.34095538678632337,0.3334867159571265,0.3255578972565501,0.6590446132136766,False,False,False
WBCIC,42|S1|T115,42,1,0.6666666666666666,0.4704147058899107,0,1.0,0.0,0.0,0.0,False,False,False
WBCIC,42|S1|T116,42,1,0.0,0.7181284777190022,1,1.0,0.0,0.0,0.0,True,False,False
WBCIC,42|S1|T117,42,1,1.0,0.552313531210049,1,1.0,0.0,0.0,0.0,False,False,False
WBCIC,42|S1|T118,42,1,0.0,0.36109191487937137,0,1.0,0.0,0.0,0.0,False,False,False
WBCIC,42|S1|T119,42,1,0.0,0.7382985248008523,1,1.0,0.0,0.0,0.0,True,False,False
WBCIC,42|S1|T12,42,1,1.0,0.5689052388300877,1,1.0,0.0,0.0,0.0,False,False,False
WBCIC,42|S1|T120,42,0,0.33333333333333326,0.5521320777664964,1,1.0,0.0,0.0,0.0,False,False,False
WBCIC,42|S1|T121,42,0,0.6666666666666666,0.488197472711348,0,1.0,0.0,0.0,0.0,False,False,False
WBCIC,42|S1|T122,42,1,0.0,0.2792793752228137,0,1.0,0.0,0.0,0.0,True,False,False
WBCIC,42|S1|T123,42,0,0.0,0.26953247043959566,0,1.0,0.0,0.0,0.0,True,False,False
WBCIC,42|S1|T124,42,0,0.0,0.34827795131283995,0,1.0,0.0,0.0,0.0,False,False,False
WBCIC,42|S1|T125,42,0,0.0,0.30603646901008535,0,1.0,0.0,0.0,0.0,False,False,False
WBCIC,42|S1|T126,42,1,0.0,0.5809863006382905,1,1.0,0.0,0.0,0.0,False,False,False
WBCIC,42|S1|T127,42,0,0.0,0.21755255429599685,0,1.0,0.0,0.0,0.0,True,False,False
WBCIC,42|S1|T128,42,0,0.0,0.39744578439214706,0,1.0,0.0,0.0,0.0,False,False,False
WBCIC,42|S1|T129,42,0,0.0,0.2593642244338375,0,1.0,0.0,0.0,0.0,True,False,False
WBCIC,42|S1|T13,42,1,0.0,0.7222206731699511,1,1.0,0.0,0.0,0.0,True,False,False
WBCIC,42|S1|T130,42,1,0.0,0.28781801684247743,0,1.0,0.0,0.0,0.0,True,False,False
WBCIC,42|S1|T131,42,0,0.0,0.28792690347220634,0,1.0,0.0,0.0,0.0,True,False,False
WBCIC,42|S1|T132,42,0,0.0,0.17791529778653367,0,1.0,0.0,0.0,0.0,True,False,False
WBCIC,42|S1|T133,42,0,0.0,0.6113685610587721,1,1.0,0.0,0.0,0.0,False,False,False
WBCIC,42|S1|T134,42,1,1.0,0.6120414004025065,1,0.3465860291298041,0.3356417517555282,0.31777221911466774,0.6534139708701959,False,False,False
WBCIC,42|S1|T135,42,0,0.0,0.1836869270725601,0,1.0,0.0,0.0,0.0,True,False,False
WBCIC,42|S1|T136,42,1,0.33333333333333326,0.4183788683873897,0,1.0,0.0,0.0,0.0,False,False,False
WBCIC,42|S1|T137,42,1,1.0,0.5762712110743243,1,0.5107162938935993,0.0,0.4892837061064007,0.4892837061064007,False,False,False
WBCIC,42|S1|T138,42,0,0.0,0.33910276868108263,0,1.0,0.0,0.0,0.0,False,False,False
WBCIC,42|S1|T139,42,1,0.0,0.34454886364061404,0,1.0,0.0,0.0,0.0,False,False,False
WBCIC,42|S1|T14,42,0,0.0,0.20129331888634908,0,1.0,0.0,0.0,0.0,True,False,False
WBCIC,42|S1|T140,42,1,0.0,0.5979359497576917,1,1.0,0.0,0.0,0.0,False,False,False
WBCIC,42|S1|T141,42,0,0.0,0.17312802657867002,0,1.0,0.0,0.0,0.0,True,False,False
WBCIC,42|S1|T142,42,1,0.0,0.6433355142975201,1,1.0,0.0,0.0,0.0,False,False,False
WBCIC,42|S1|T143,42,1,0.0,0.7373836605208349,1,1.0,0.0,0.0,0.0,True,False,False
WBCIC,42|S1|T144,42,0,0.33333333333333326,0.36370974450086735,0,0.7635514047448149,0.0,0.2364485952551851,0.2364485952551851,False,False,False
WBCIC,42|S1|T145,42,0,0.0,0.13056237617086425,0,1.0,0.0,0.0,0.0,True,False,False
WBCIC,42|S1|T146,42,1,0.33333333333333326,0.4428529461754926,0,1.0,0.0,0.0,0.0,False,False,False
WBCIC,42|S1|T147,42,1,0.6666666666666667,0.6203994198257207,1,1.0,0.0,0.0,0.0,False,False,False
WBCIC,42|S1|T148,42,1,0.0,0.7185597311685834,1,1.0,0.0,0.0,0.0,True,False,False
WBCIC,42|S1|T149,42,1,0.33333333333333326,0.4476239247713863,0,1.0,0.0,0.0,0.0,False,False,False
WBCIC,42|S1|T15,42,1,0.6666666666666667,0.6900726324784682,1,1.0,0.0,0.0,0.0,False,False,False
WBCIC,42|S1|T150,42,1,0.0,0.345919092634174,0,1.0,0.0,0.0,0.0,False,False,False
WBCIC,42|S1|T151,42,1,1.0,0.5819863995046789,1,0.5058165171995287,0.4941834828004713,0.0,0.4941834828004713,False,False,False
WBCIC,42|S1|T152,42,0,0.33333333333333326,0.3578148775536339,0,1.0,0.0,0.0,0.0,False,False,False
WBCIC,42|S1|T153,42,0,0.0,0.20123203537413428,0,1.0,0.0,0.0,0.0,True,False,False
WBCIC,42|S1|T154,42,1,0.0,0.6769980181433072,1,1.0,0.0,0.0,0.0,False,False,False
WBCIC,42|S1|T155,42,1,0.0,0.7369093786887029,1,1.0,0.0,0.0,0.0,True,False,False
WBCIC,42|S1|T156,42,0,0.0,0.3044661587666843,0,1.0,0.0,0.0,0.0,False,False,False
WBCIC,42|S1|T157,42,1,0.0,0.7990112884770296,1,1.0,0.0,0.0,0.0,True,False,False
WBCIC,42|S1|T158,42,0,0.0,0.21542901910169335,0,1.0,0.0,0.0,0.0,True,False,False
WBCIC,42|S1|T159,42,1,1.0,0.5592490170863234,1,0.3427447974681854,0.3276457190513611,0.3296094834804535,0.6572552025318146,False,False,False
WBCIC,42|S1|T16,42,1,0.0,0.7181903056084408,1,1.0,0.0,0.0,0.0,True,False,False
WBCIC,42|S1|T160,42,0,0.0,0.23860861019700197,0,1.0,0.0,0.0,0.0,True,False,False
WBCIC,42|S1|T161,42,0,0.0,0.22053139052920614,0,1.0,0.0,0.0,0.0,True,False,False
WBCIC,42|S1|T162,42,0,0.0,0.3860402261084194,0,1.0,0.0,0.0,0.0,False,False,False
WBCIC,42|S1|T163,42,0,0.0,0.4194429688842156,0,1.0,0.0,0.0,0.0,False,False,False
WBCIC,42|S1|T164,42,0,0.0,0.1462401534918312,0,1.0,0.0,0.0,0.0,True,False,False
WBCIC,42|S1|T165,42,1,0.0,0.45704411667968886,0,1.0,0.0,0.0,0.0,False,False,False
WBCIC,42|S1|T166,42,1,0.33333333333333326,0.652257777847721,1,1.0,0.0,0.0,0.0,False,False,False
WBCIC,42|S1|T167,42,1,0.0,0.8032260451869866,1,1.0,0.0,0.0,0.0,True,False,False
WBCIC,42|S1|T168,42,1,0.6666666666666666,0.5076416455446925,1,1.0,0.0,0.0,0.0,False,False,False
WBCIC,42|S1|T169,42,0,0.0,0.27822883036309726,0,1.0,0.0,0.0,0.0,True,False,False
WBCIC,42|S1|T17,42,1,0.0,0.7538008428111511,1,1.0,0.0,0.0,0.0,True,False,False
WBCIC,42|S1|T170,42,1,0.6666666666666667,0.6763740570666611,1,1.0,0.0,0.0,0.0,False,False,False
WBCIC,42|S1|T171,42,1,0.33333333333333326,0.40698020702258547,0,1.0,0.0,0.0,0.0,False,False,False
WBCIC,42|S1|T172,42,1,0.33333333333333326,0.3702802037699759,0,1.0,0.0,0.0,0.0,False,False,False
WBCIC,42|S1|T173,42,0,0.0,0.17652654205879867,0,1.0,0.0,0.0,0.0,True,False,False
WBCIC,42|S1|T174,42,0,0.0,0.1713356817738363,0,1.0,0.0,0.0,0.0,True,False,False
WBCIC,42|S1|T175,42,1,0.6666666666666666,0.4834234671248862,0,1.0,0.0,0.0,0.0,False,False,False
WBCIC,42|S1|T176,42,0,0.0,0.29375286604064255,0,1.0,0.0,0.0,0.0,True,False,False
WBCIC,42|S1|T177,42,0,0.0,0.14585468405478094,0,1.0,0.0,0.0,0.0,True,False,False
WBCIC,42|S1|T178,42,0,0.0,0.18568477331048605,0,1.0,0.0,0.0,0.0,True,False,False
WBCIC,42|S1|T179,42,1,0.0,0.7213946681581823,1,1.0,0.0,0.0,0.0,True,False,False
WBCIC,42|S1|T18,42,0,0.0,0.37578657865652426,0,1.0,0.0,0.0,0.0,False,False,False
WBCIC,42|S1|T180,42,1,1.0,0.568730188683431,1,1.0,0.0,0.0,0.0,False,False,False
WBCIC,42|S1|T181,42,0,0.0,0.2248187057459156,0,1.0,0.0,0.0,0.0,True,False,False
WBCIC,42|S1|T182,42,1,0.0,0.6495150950712164,1,1.0,0.0,0.0,0.0,False,False,False
WBCIC,42|S1|T183,42,1,0.0,0.890821334225385,1,1.0,0.0,0.0,0.0,True,False,False
WBCIC,42|S1|T184,42,1,0.33333333333333326,0.35411277398182034,0,1.0,0.0,0.0,0.0,False,False,False
WBCIC,42|S1|T185,42,1,0.0,0.7845086821390628,1,1.0,0.0,0.0,0.0,True,False,False
WBCIC,42|S1|T186,42,0,0.0,0.3718128499018141,0,1.0,0.0,0.0,0.0,False,False,False
WBCIC,42|S1|T187,42,1,0.33333333333333326,0.4263218059157736,0,1.0,0.0,0.0,0.0,False,False,False
WBCIC,42|S1|T188,42,0,0.0,0.3134321410068734,0,1.0,0.0,0.0,0.0,False,False,False
WBCIC,42|S1|T189,42,1,1.0,0.6153174418902361,1,1.0,0.0,0.0,0.0,False,False,False
WBCIC,42|S1|T19,42,1,0.0,0.7361013180852036,1,1.0,0.0,0.0,0.0,True,False,False
WBCIC,42|S1|T190,42,0,0.0,0.30586562962179226,0,1.0,0.0,0.0,0.0,False,False,False
WBCIC,42|S1|T191,42,1,0.6666666666666667,0.5555075095809333,1,1.0,0.0,0.0,0.0,False,False,False
WBCIC,42|S1|T192,42,1,0.33333333333333326,0.6551032482838646,1,1.0,0.0,0.0,0.0,False,False,False
WBCIC,42|S1|T193,42,0,0.0,0.23109673744706227,0,1.0,0.0,0.0,0.0,True,False,False
WBCIC,42|S1|T194,42,0,0.0,0.31029199175141925,0,1.0,0.0,0.0,0.0,False,False,False
WBCIC,42|S1|T195,42,1,1.0,0.46778633998136604,0,1.0,0.0,0.0,0.0,False,False,False
WBCIC,42|S1|T196,42,1,0.0,0.7463439233424735,1,1.0,0.0,0.0,0.0,True,False,False
WBCIC,42|S1|T197,42,0,0.0,0.22123005683955208,0,1.0,0.0,0.0,0.0,True,False,False
WBCIC,42|S1|T198,42,0,0.0,0.2573242416759431,0,1.0,0.0,0.0,0.0,True,False,False
WBCIC,42|S1|T199,42,0,0.0,0.18099397223726568,0,1.0,0.0,0.0,0.0,True,False,False
WBCIC,42|S1|T2,42,1,1.0,0.6038831347824802,1,1.0,0.0,0.0,0.0,False,False,False
WBCIC,42|S1|T20,42,1,0.6666666666666667,0.6209085729176599,1,0.6400933901667895,0.0,0.3599066098332106,0.3599066098332106,False,False,False
WBCIC,42|S1|T21,42,0,0.0,0.22261708553186862,0,1.0,0.0,0.0,0.0,True,False,False
WBCIC,42|S1|T22,42,0,0.0,0.428233946476168,0,1.0,0.0,0.0,0.0,False,False,False
WBCIC,42|S1|T23,42,1,1.0,0.509039861012676,1,1.0,0.0,0.0,0.0,False,False,False
WBCIC,42|S1|T24,42,0,0.0,0.11507884159526532,0,1.0,0.0,0.0,0.0,True,False,False
WBCIC,42|S1|T25,42,0,0.6666666666666666,0.4367094081445557,0,1.0,0.0,0.0,0.0,False,False,False
WBCIC,42|S1|T26,42,0,0.0,0.18340915247131861,0,1.0,0.0,0.0,0.0,True,False,False
WBCIC,42|S1|T27,42,0,0.33333333333333326,0.43896654843543725,0,1.0,0.0,0.0,0.0,False,False,False
WBCIC,42|S1|T28,42,0,0.0,0.20853672073649498,0,1.0,0.0,0.0,0.0,True,False,False
WBCIC,42|S1|T29,42,0,0.0,0.3281362143865288,0,1.0,0.0,0.0,0.0,False,False,False
WBCIC,42|S1|T3,42,1,0.0,0.6248325297134109,1,1.0,0.0,0.0,0.0,False,False,False
WBCIC,42|S1|T30,42,1,0.0,0.28526046656129556,0,1.0,0.0,0.0,0.0,True,False,False
WBCIC,42|S1|T31,42,0,0.0,0.1533866329653675,0,1.0,0.0,0.0,0.0,True,False,False
WBCIC,42|S1|T32,42,1,0.33333333333333326,0.7047859841581188,1,1.0,0.0,0.0,0.0,False,False,False
WBCIC,42|S1|T33,42,0,0.33333333333333326,0.2874274740045973,0,1.0,0.0,0.0,0.0,False,False,False
WBCIC,42|S1|T34,42,0,0.0,0.32515696840670366,0,1.0,0.0,0.0,0.0,False,False,False
WBCIC,42|S1|T35,42,0,0.0,0.19340643249179448,0,1.0,0.0,0.0,0.0,True,False,False
WBCIC,42|S1|T36,42,1,0.33333333333333326,0.5827933343999913,1,1.0,0.0,0.0,0.0,False,False,False
WBCIC,42|S1|T37,42,1,0.33333333333333326,0.7096114716520563,1,1.0,0.0,0.0,0.0,False,False,False
WBCIC,42|S1|T38,42,0,0.0,0.22659347879098354,0,1.0,0.0,0.0,0.0,True,False,False
WBCIC,42|S1|T39,42,1,0.0,0.2756798007537737,0,1.0,0.0,0.0,0.0,True,False,False
WBCIC,42|S1|T4,42,0,0.0,0.2369442201070084,0,1.0,0.0,0.0,0.0,True,False,False
WBCIC,42|S1|T40,42,0,0.6666666666666666,0.5155438257439386,1,0.6345407609280271,0.3654592390719728,0.0,0.3654592390719728,False,False,False
WBCIC,42|S1|T41,42,0,0.0,0.33792071390959594,0,1.0,0.0,0.0,0.0,False,False,False
WBCIC,42|S1|T42,42,1,0.6666666666666666,0.45350309659484056,0,1.0,0.0,0.0,0.0,False,False,False
WBCIC,42|S1|T43,42,1,1.0,0.6456796379120077,1,1.0,0.0,0.0,0.0,False,False,False
WBCIC,42|S1|T44,42,1,1.0,0.5112647699217008,1,1.0,0.0,0.0,0.0,False,False,False
WBCIC,42|S1|T45,42,1,0.6666666666666666,0.4913622005479885,0,1.0,0.0,0.0,0.0,False,False,False
WBCIC,42|S1|T46,42,1,0.0,0.3116278892428989,0,1.0,0.0,0.0,0.0,False,False,False
WBCIC,42|S1|T47,42,1,0.33333333333333326,0.5958872804813046,1,1.0,0.0,0.0,0.0,False,False,False
WBCIC,42|S1|T48,42,0,0.33333333333333326,0.3181585258801531,0,1.0,0.0,0.0,0.0,False,False,False
WBCIC,42|S1|T49,42,1,0.6666666666666667,0.6977354460767056,1,1.0,0.0,0.0,0.0,False,False,False
WBCIC,42|S1|T5,42,1,0.0,0.764917469940953,1,1.0,0.0,0.0,0.0,True,False,False
WBCIC,42|S1|T50,42,0,0.33333333333333326,0.43802303230579853,0,1.0,0.0,0.0,0.0,False,False,False
WBCIC,42|S1|T51,42,0,0.0,0.19113779461940864,0,1.0,0.0,0.0,0.0,True,False,False
WBCIC,42|S1|T52,42,0,0.0,0.2451507234821888,0,1.0,0.0,0.0,0.0,True,False,False
WBCIC,42|S1|T53,42,0,0.0,0.16800480780494156,0,1.0,0.0,0.0,0.0,True,False,False
WBCIC,42|S1|T54,42,0,0.0,0.3624206887432519,0,1.0,0.0,0.0,0.0,False,False,False
WBCIC,42|S1|T55,42,0,1.0,0.5345118244122392,1,1.0,0.0,0.0,0.0,False,False,False
WBCIC,42|S1|T56,42,1,0.0,0.21707573213027762,0,1.0,0.0,0.0,0.0,True,False,False
WBCIC,42|S1|T57,42,1,0.0,0.20471521666952328,0,1.0,0.0,0.0,0.0,True,False,False
WBCIC,42|S1|T58,42,0,0.0,0.21218897924820013,0,1.0,0.0,0.0,0.0,True,False,False
WBCIC,42|S1|T59,42,0,0.6666666666666667,0.5696684186331107,1,1.0,0.0,0.0,0.0,False,False,False
WBCIC,42|S1|T6,42,1,0.0,0.7287873507200385,1,1.0,0.0,0.0,0.0,True,False,False
WBCIC,42|S1|T60,42,0,0.0,0.19358668306107565,0,1.0,0.0,0.0,0.0,True,False,False
WBCIC,42|S1|T61,42,1,0.6666666666666667,0.5036489699978798,1,1.0,0.0,0.0,0.0,False,False,False
WBCIC,42|S1|T62,42,0,0.0,0.33824954939774227,0,1.0,0.0,0.0,0.0,False,False,False
WBCIC,42|S1|T63,42,0,0.0,0.31637415782413564,0,1.0,0.0,0.0,0.0,False,False,False
WBCIC,42|S1|T64,42,0,0.6666666666666667,0.6927021820868392,1,1.0,0.0,0.0,0.0,False,False,False
WBCIC,42|S1|T65,42,0,0.33333333333333326,0.3538846024208868,0,1.0,0.0,0.0,0.0,False,False,False
WBCIC,42|S1|T66,42,1,1.0,0.4672071260301111,0,1.0,0.0,0.0,0.0,False,False,False
WBCIC,42|S1|T67,42,0,0.6666666666666667,0.5345881986955565,1,1.0,0.0,0.0,0.0,False,False,False
WBCIC,42|S1|T68,42,1,0.0,0.273661463304838,0,1.0,0.0,0.0,0.0,True,False,False
WBCIC,42|S1|T69,42,1,0.0,0.7168081483889254,1,1.0,0.0,0.0,0.0,True,False,False
WBCIC,42|S1|T7,42,1,1.0,0.43511871628480253,0,1.0,0.0,0.0,0.0,False,False,False
WBCIC,42|S1|T70,42,1,0.0,0.5838547010329945,1,1.0,0.0,0.0,0.0,False,False,False
WBCIC,42|S1|T71,42,1,1.0,0.4969019727378396,0,1.0,0.0,0.0,0.0,False,False,False
WBCIC,42|S1|T72,42,0,1.0,0.5455081429052653,1,1.0,0.0,0.0,0.0,False,False,False
WBCIC,42|S1|T73,42,1,0.0,0.2755913044941701,0,1.0,0.0,0.0,0.0,True,False,False
WBCIC,42|S1|T74,42,0,0.0,0.2403736334452304,0,1.0,0.0,0.0,0.0,True,False,False
WBCIC,42|S1|T75,42,1,0.0,0.2513575664894467,0,1.0,0.0,0.0,0.0,True,False,False
WBCIC,42|S1|T76,42,1,0.0,0.3880675293316256,0,1.0,0.0,0.0,0.0,False,False,False
WBCIC,42|S1|T77,42,1,0.0,0.17922974348094797,0,1.0,0.0,0.0,0.0,True,False,False
WBCIC,42|S1|T78,42,0,0.0,0.30244264575525676,0,1.0,0.0,0.0,0.0,False,False,False
WBCIC,42|S1|T79,42,1,0.33333333333333326,0.40689751939073004,0,1.0,0.0,0.0,0.0,False,False,False
WBCIC,42|S1|T8,42,0,0.0,0.11773719962981631,0,1.0,0.0,0.0,0.0,True,False,False
WBCIC,42|S1|T80,42,1,0.0,0.22072131300934247,0,1.0,0.0,0.0,0.0,True,False,False
WBCIC,42|S1|T81,42,0,0.0,0.2836719978452365,0,1.0,0.0,0.0,0.0,True,False,False
WBCIC,42|S1|T82,42,1,0.0,0.3497601115302147,0,1.0,0.0,0.0,0.0,False,False,False
WBCIC,42|S1|T83,42,1,1.0,0.523611450677907,1,1.0,0.0,0.0,0.0,False,False,False
WBCIC,42|S1|T84,42,0,0.0,0.25862400313178757,0,1.0,0.0,0.0,0.0,True,False,False
WBCIC,42|S1|T85,42,0,0.6666666666666667,0.5939097164728816,1,1.0,0.0,0.0,0.0,False,False,False
WBCIC,42|S1|T86,42,0,0.0,0.15780409027568043,0,1.0,0.0,0.0,0.0,True,False,False
WBCIC,42|S1|T87,42,0,1.0,0.49366706529522314,0,1.0,0.0,0.0,0.0,False,False,False
WBCIC,42|S1|T88,42,0,1.0,0.5126969788977156,1,1.0,0.0,0.0,0.0,False,False,False
WBCIC,42|S1|T89,42,1,0.33333333333333326,0.3805986039733829,0,1.0,0.0,0.0,0.0,False,False,False
WBCIC,42|S1|T9,42,0,0.0,0.21174952761402077,0,1.0,0.0,0.0,0.0,True,False,False
WBCIC,42|S1|T90,42,1,0.6666666666666667,0.5058842622937308,1,1.0,0.0,0.0,0.0,False,False,False
WBCIC,42|S1|T91,42,1,0.0,0.6734727233525607,1,1.0,0.0,0.0,0.0,False,False,False
WBCIC,42|S1|T92,42,0,0.33333333333333326,0.5759989918224114,1,1.0,0.0,0.0,0.0,False,False,False
WBCIC,42|S1|T93,42,1,0.33333333333333326,0.39240934186250936,0,1.0,0.0,0.0,0.0,False,False,False
WBCIC,42|S1|T94,42,1,0.0,0.22956072328099283,0,1.0,0.0,0.0,0.0,True,False,False
WBCIC,42|S1|T95,42,1,0.0,0.27193549787791155,0,1.0,0.0,0.0,0.0,True,False,False
WBCIC,42|S1|T96,42,0,0.0,0.2196778377531984,0,1.0,0.0,0.0,0.0,True,False,False
WBCIC,42|S1|T97,42,1,0.33333333333333326,0.4650145519997097,0,0.7624018609329029,0.0,0.23759813906709715,0.23759813906709715,False,False,False
WBCIC,42|S1|T98,42,0,0.0,0.21474395393765125,0,1.0,0.0,0.0,0.0,True,False,False
WBCIC,42|S1|T99,42,1,0.33333333333333326,0.4528995853568587,0,0.771543990195849,0.2284560098041511,0.0,0.2284560098041511,False,False,False
WBCIC,44|S1|T0,44,1,0.0,0.7902797505537191,1,1.0,0.0,0.0,0.0,True,False,False
WBCIC,44|S1|T1,44,1,0.33333333333333326,0.6987044687373615,1,1.0,0.0,0.0,0.0,False,False,False
WBCIC,44|S1|T10,44,1,0.0,0.18075970425064045,0,1.0,0.0,0.0,0.0,True,False,False
WBCIC,44|S1|T100,44,0,0.0,0.09275785639365779,0,1.0,0.0,0.0,0.0,True,False,False
WBCIC,44|S1|T101,44,1,0.0,0.3983564920719916,0,1.0,0.0,0.0,0.0,False,False,False
WBCIC,44|S1|T102,44,1,1.0,0.5359345618453932,1,0.4917920283915298,0.5082079716084702,0.0,0.5082079716084702,False,False,False
WBCIC,44|S1|T103,44,0,0.0,0.24393908344544155,0,1.0,0.0,0.0,0.0,True,False,False
WBCIC,44|S1|T104,44,1,0.0,0.7663721209292377,1,1.0,0.0,0.0,0.0,True,False,False
WBCIC,44|S1|T105,44,0,0.0,0.30450648088156806,0,1.0,0.0,0.0,0.0,False,False,False
WBCIC,44|S1|T106,44,0,0.0,0.24696298412274983,0,1.0,0.0,0.0,0.0,True,False,False
WBCIC,44|S1|T107,44,1,1.0,0.4773799175307351,0,1.0,0.0,0.0,0.0,False,False,False
WBCIC,44|S1|T108,44,0,0.0,0.29715453433219824,0,1.0,0.0,0.0,0.0,True,False,False
WBCIC,44|S1|T109,44,0,0.0,0.14228745573612558,0,1.0,0.0,0.0,0.0,True,False,False
WBCIC,44|S1|T11,44,0,0.0,0.24884912650519952,0,1.0,0.0,0.0,0.0,True,False,False
WBCIC,44|S1|T110,44,1,0.6666666666666667,0.7036339523748685,1,0.6354842541787765,0.3645157458212235,0.0,0.3645157458212235,False,False,False
WBCIC,44|S1|T111,44,1,0.0,0.28778552470187263,0,1.0,0.0,0.0,0.0,True,False,False
WBCIC,44|S1|T112,44,1,0.0,0.3400377286908407,0,1.0,0.0,0.0,0.0,False,False,False
WBCIC,44|S1|T113,44,0,0.0,0.1329639786870829,0,1.0,0.0,0.0,0.0,True,False,False
WBCIC,44|S1|T114,44,0,0.0,0.2924628795828542,0,1.0,0.0,0.0,0.0,True,False,False
WBCIC,44|S1|T115,44,0,0.0,0.21180186894696415,0,1.0,0.0,0.0,0.0,True,False,False
WBCIC,44|S1|T116,44,1,0.0,0.3626626064846878,0,1.0,0.0,0.0,0.0,False,False,False
WBCIC,44|S1|T117,44,0,0.0,0.15588107086500555,0,1.0,0.0,0.0,0.0,True,False,False
WBCIC,44|S1|T118,44,1,0.6666666666666666,0.4250819564548094,0,1.0,0.0,0.0,0.0,False,False,False
WBCIC,44|S1|T119,44,0,0.0,0.14418800116198308,0,1.0,0.0,0.0,0.0,True,False,False
WBCIC,44|S1|T12,44,0,0.0,0.2950122849229346,0,1.0,0.0,0.0,0.0,True,False,False
WBCIC,44|S1|T120,44,1,0.33333333333333326,0.4429073381481655,0,0.7638569313044976,0.2361430686955024,0.0,0.2361430686955024,False,False,False
WBCIC,44|S1|T121,44,0,0.0,0.22473416996644102,0,1.0,0.0,0.0,0.0,True,False,False
WBCIC,44|S1|T122,44,1,0.33333333333333326,0.7147539978731801,1,1.0,0.0,0.0,0.0,False,False,False
WBCIC,44|S1|T123,44,1,0.0,0.30909401799966446,0,1.0,0.0,0.0,0.0,False,False,False
WBCIC,44|S1|T124,44,1,1.0,0.5347971874965912,1,1.0,0.0,0.0,0.0,False,False,False
WBCIC,44|S1|T125,44,1,0.33333333333333326,0.4250751430009327,0,1.0,0.0,0.0,0.0,False,False,False
WBCIC,44|S1|T126,44,1,0.0,0.28085120654756585,0,1.0,0.0,0.0,0.0,True,False,False
WBCIC,44|S1|T127,44,0,1.0,0.5002012901297318,1,1.0,0.0,0.0,0.0,False,False,False
WBCIC,44|S1|T128,44,0,0.0,0.2247481046356888,0,1.0,0.0,0.0,0.0,True,False,False
WBCIC,44|S1|T129,44,0,0.33333333333333326,0.44461727931128786,0,1.0,0.0,0.0,0.0,False,False,False
WBCIC,44|S1|T13,44,0,0.0,0.09556395963197002,0,1.0,0.0,0.0,0.0,True,False,False
WBCIC,44|S1|T130,44,1,0.33333333333333326,0.3859178702960406,0,1.0,0.0,0.0,0.0,False,False,False
WBCIC,44|S1|T131,44,0,0.0,0.2027915684702214,0,1.0,0.0,0.0,0.0,True,False,False
WBCIC,44|S1|T132,44,0,0.0,0.23370744388054332,0,1.0,0.0,0.0,0.0,True,False,False
WBCIC,44|S1|T133,44,1,0.6666666666666667,0.4942480701523353,0,1.0,0.0,0.0,0.0,False,False,False
WBCIC,44|S1|T134,44,0,0.0,0.19549811050213664,0,1.0,0.0,0.0,0.0,True,False,False
WBCIC,44|S1|T135,44,1,0.0,0.7652583378886052,1,1.0,0.0,0.0,0.0,True,False,False
WBCIC,44|S1|T136,44,0,0.0,0.23354630657449116,0,1.0,0.0,0.0,0.0,True,False,False
WBCIC,44|S1|T137,44,0,0.33333333333333326,0.3673569961773415,0,1.0,0.0,0.0,0.0,False,False,False
WBCIC,44|S1|T138,44,1,0.6666666666666666,0.4948715493101741,0,0.6338726072015974,0.36612739279840256,0.0,0.36612739279840256,False,False,True
WBCIC,44|S1|T139,44,1,0.6666666666666666,0.4202632977981689,0,1.0,0.0,0.0,0.0,False,False,False
WBCIC,44|S1|T14,44,0,0.0,0.13453957969433353,0,1.0,0.0,0.0,0.0,True,False,False
WBCIC,44|S1|T140,44,0,0.0,0.15950515586681444,0,1.0,0.0,0.0,0.0,True,False,False
WBCIC,44|S1|T141,44,1,0.0,0.22892870447147293,0,1.0,0.0,0.0,0.0,True,False,False
WBCIC,44|S1|T142,44,0,0.0,0.40683368361897093,0,1.0,0.0,0.0,0.0,False,False,False
WBCIC,44|S1|T143,44,1,0.0,0.7458350515069955,1,1.0,0.0,0.0,0.0,True,False,False
WBCIC,44|S1|T144,44,0,0.0,0.18074892276021468,0,1.0,0.0,0.0,0.0,True,False,False
WBCIC,44|S1|T145,44,0,0.0,0.1570220121361228,0,1.0,0.0,0.0,0.0,True,False,False
WBCIC,44|S1|T146,44,1,1.0,0.43422071697609727,0,1.0,0.0,0.0,0.0,False,False,False
WBCIC,44|S1|T147,44,1,0.0,0.7969715033897596,1,1.0,0.0,0.0,0.0,True,False,False
WBCIC,44|S1|T148,44,1,0.6666666666666667,0.6642658604976324,1,1.0,0.0,0.0,0.0,False,False,False
WBCIC,44|S1|T149,44,1,0.0,0.3509257428263964,0,1.0,0.0,0.0,0.0,False,False,False
WBCIC,44|S1|T15,44,0,0.0,0.2453657170089285,0,1.0,0.0,0.0,0.0,True,False,False
WBCIC,44|S1|T150,44,0,0.0,0.25441755616724354,0,1.0,0.0,0.0,0.0,True,False,False
WBCIC,44|S1|T151,44,0,0.0,0.3195386726768528,0,1.0,0.0,0.0,0.0,False,False,False
WBCIC,44|S1|T152,44,0,0.0,0.22034519148273105,0,1.0,0.0,0.0,0.0,True,False,False
WBCIC,44|S1|T153,44,0,0.33333333333333326,0.4506840755268175,0,1.0,0.0,0.0,0.0,False,False,False
WBCIC,44|S1|T154,44,0,0.0,0.11162820976659564,0,1.0,0.0,0.0,0.0,True,False,False
WBCIC,44|S1|T155,44,1,1.0,0.5579693029689455,1,1.0,0.0,0.0,0.0,False,False,False
WBCIC,44|S1|T156,44,1,0.33333333333333326,0.24781617021327426,0,1.0,0.0,0.0,0.0,False,False,False
WBCIC,44|S1|T157,44,1,1.0,0.5114511877834365,1,1.0,0.0,0.0,0.0,False,False,False
WBCIC,44|S1|T158,44,0,0.0,0.2670247559940278,0,1.0,0.0,0.0,0.0,True,False,False
WBCIC,44|S1|T159,44,0,0.0,0.14104407888331463,0,1.0,0.0,0.0,0.0,True,False,False
WBCIC,44|S1|T16,44,1,0.6666666666666667,0.5717997866939964,1,0.6415771249726159,0.35842287502738407,0.0,0.35842287502738407,False,False,False
WBCIC,44|S1|T160,44,1,0.0,0.7276308471125893,1,1.0,0.0,0.0,0.0,True,False,False
WBCIC,44|S1|T161,44,1,0.0,0.8059236196339952,1,1.0,0.0,0.0,0.0,True,False,False
WBCIC,44|S1|T162,44,0,0.0,0.20306074315090514,0,1.0,0.0,0.0,0.0,True,False,False
WBCIC,44|S1|T163,44,0,0.0,0.15736504069343832,0,1.0,0.0,0.0,0.0,True,False,False
WBCIC,44|S1|T164,44,1,0.0,0.7417521875113203,1,1.0,0.0,0.0,0.0,True,False,False
WBCIC,44|S1|T165,44,1,0.0,0.6873513983786604,1,1.0,0.0,0.0,0.0,False,False,False
WBCIC,44|S1|T166,44,0,0.0,0.16527194599988493,0,1.0,0.0,0.0,0.0,True,False,False
WBCIC,44|S1|T167,44,1,0.0,0.7857501580755363,1,1.0,0.0,0.0,0.0,True,False,False
WBCIC,44|S1|T168,44,0,0.0,0.23215846266567786,0,1.0,0.0,0.0,0.0,True,False,False
WBCIC,44|S1|T169,44,1,0.0,0.7706908650314152,1,1.0,0.0,0.0,0.0,True,False,False
WBCIC,44|S1|T17,44,1,1.0,0.49689793152541467,0,1.0,0.0,0.0,0.0,False,False,False
WBCIC,44|S1|T170,44,1,0.33333333333333326,0.638090555939505,1,1.0,0.0,0.0,0.0,False,False,False
WBCIC,44|S1|T171,44,1,0.0,0.26161317392697936,0,1.0,0.0,0.0,0.0,True,False,False
WBCIC,44|S1|T172,44,1,0.0,0.8548860728546176,1,1.0,0.0,0.0,0.0,True,False,False
WBCIC,44|S1|T173,44,1,0.0,0.39316082687950055,0,1.0,0.0,0.0,0.0,False,False,False
WBCIC,44|S1|T174,44,1,0.0,0.7830002698864718,1,1.0,0.0,0.0,0.0,True,False,False
WBCIC,44|S1|T175,44,1,0.0,0.335522890620394,0,1.0,0.0,0.0,0.0,False,False,False
WBCIC,44|S1|T176,44,0,0.0,0.26693485856765775,0,1.0,0.0,0.0,0.0,True,False,False
WBCIC,44|S1|T177,44,0,0.0,0.15469898452628697,0,1.0,0.0,0.0,0.0,True,False,False
WBCIC,44|S1|T178,44,0,0.0,0.1496282931036656,0,1.0,0.0,0.0,0.0,True,False,False
WBCIC,44|S1|T179,44,1,0.6666666666666666,0.42962429422563275,0,1.0,0.0,0.0,0.0,False,False,False
WBCIC,44|S1|T18,44,1,0.0,0.19784324177651555,0,1.0,0.0,0.0,0.0,True,False,False
WBCIC,44|S1|T180,44,1,0.0,0.7796870610506055,1,1.0,0.0,0.0,0.0,True,False,False
WBCIC,44|S1|T181,44,1,0.33333333333333326,0.6473159644284787,1,1.0,0.0,0.0,0.0,False,False,False
WBCIC,44|S1|T182,44,1,0.6666666666666667,0.6839311360678662,1,1.0,0.0,0.0,0.0,False,False,False
WBCIC,44|S1|T183,44,0,0.0,0.15847914939189153,0,1.0,0.0,0.0,0.0,True,False,False
WBCIC,44|S1|T184,44,0,0.0,0.18492818160644772,0,1.0,0.0,0.0,0.0,True,False,False
WBCIC,44|S1|T185,44,1,0.0,0.7539508587818599,1,1.0,0.0,0.0,0.0,True,False,False
WBCIC,44|S1|T186,44,0,0.0,0.2078665628593801,0,1.0,0.0,0.0,0.0,True,False,False
WBCIC,44|S1|T187,44,1,0.0,0.559931332656013,1,1.0,0.0,0.0,0.0,False,False,False
WBCIC,44|S1|T188,44,0,0.0,0.31142975883135726,0,1.0,0.0,0.0,0.0,False,False,False
WBCIC,44|S1|T189,44,0,0.0,0.17230315034628965,0,1.0,0.0,0.0,0.0,True,False,False
WBCIC,44|S1|T19,44,1,0.0,0.3019277530701955,0,1.0,0.0,0.0,0.0,False,False,False
WBCIC,44|S1|T190,44,1,0.0,0.2818238671180002,0,1.0,0.0,0.0,0.0,True,False,False
WBCIC,44|S1|T191,44,0,1.0,0.5817325693324998,1,1.0,0.0,0.0,0.0,False,False,False
WBCIC,44|S1|T192,44,0,0.6666666666666666,0.44068659141622646,0,0.6347043639736576,0.36529563602634235,0.0,0.36529563602634235,False,False,False
WBCIC,44|S1|T193,44,0,0.0,0.34191599769931846,0,1.0,0.0,0.0,0.0,False,False,False
WBCIC,44|S1|T194,44,1,0.0,0.7071745308517979,1,1.0,0.0,0.0,0.0,True,False,False
WBCIC,44|S1|T195,44,0,0.0,0.6135325710051581,1,1.0,0.0,0.0,0.0,False,False,False
WBCIC,44|S1|T196,44,0,0.0,0.3466447216048534,0,1.0,0.0,0.0,0.0,False,False,False
WBCIC,44|S1|T197,44,0,0.0,0.31064209110277324,0,1.0,0.0,0.0,0.0,False,False,False
WBCIC,44|S1|T198,44,0,0.6666666666666667,0.6320809840416552,1,0.6257065131209376,0.3742934868790624,0.0,0.3742934868790624,False,False,False
WBCIC,44|S1|T199,44,0,0.0,0.20592058390386514,0,1.0,0.0,0.0,0.0,True,False,False
WBCIC,44|S1|T2,44,0,0.0,0.2834897881712913,0,1.0,0.0,0.0,0.0,True,False,False
WBCIC,44|S1|T20,44,1,0.0,0.3126683670038367,0,1.0,0.0,0.0,0.0,False,False,False
WBCIC,44|S1|T21,44,0,0.0,0.18184316329888825,0,1.0,0.0,0.0,0.0,True,False,False
WBCIC,44|S1|T22,44,0,0.33333333333333326,0.2902915892291596,0,1.0,0.0,0.0,0.0,False,False,False
WBCIC,44|S1|T23,44,0,0.0,0.16093095142307068,0,1.0,0.0,0.0,0.0,True,False,False
WBCIC,44|S1|T24,44,0,0.0,0.23464603785832214,0,1.0,0.0,0.0,0.0,True,False,False
WBCIC,44|S1|T25,44,1,0.6666666666666667,0.5771831526025998,1,1.0,0.0,0.0,0.0,False,False,False
WBCIC,44|S1|T26,44,0,0.0,0.0929499168364938,0,1.0,0.0,0.0,0.0,True,False,False
WBCIC,44|S1|T27,44,1,0.0,0.8204618523784634,1,1.0,0.0,0.0,0.0,True,False,False
WBCIC,44|S1|T28,44,1,1.0,0.707636237183395,1,1.0,0.0,0.0,0.0,False,False,False
WBCIC,44|S1|T29,44,0,0.6666666666666667,0.5823811152422889,1,0.6408161297595362,0.0,0.3591838702404638,0.3591838702404638,False,False,False
WBCIC,44|S1|T3,44,1,0.0,0.6535008970223269,1,1.0,0.0,0.0,0.0,False,False,False
WBCIC,44|S1|T30,44,1,1.0,0.6086283351754684,1,0.5029672903535184,0.4970327096464816,0.0,0.4970327096464816,False,False,False
WBCIC,44|S1|T31,44,0,0.33333333333333326,0.332735774874934,0,0.7687304054342592,0.23126959456574084,0.0,0.23126959456574084,False,False,False
WBCIC,44|S1|T32,44,1,0.0,0.7910338727597462,1,1.0,0.0,0.0,0.0,True,False,False
WBCIC,44|S1|T33,44,0,0.33333333333333326,0.4316914093565353,0,1.0,0.0,0.0,0.0,False,False,False
WBCIC,44|S1|T34,44,1,0.0,0.7197619064080233,1,1.0,0.0,0.0,0.0,True,False,False
WBCIC,44|S1|T35,44,0,0.0,0.19724700104989565,0,1.0,0.0,0.0,0.0,True,False,False
WBCIC,44|S1|T36,44,0,0.33333333333333326,0.598554216952893,1,1.0,0.0,0.0,0.0,False,False,False
WBCIC,44|S1|T37,44,0,0.0,0.21076778548355746,0,1.0,0.0,0.0,0.0,True,False,False
WBCIC,44|S1|T38,44,1,0.6666666666666667,0.573284864608523,1,1.0,0.0,0.0,0.0,False,False,False
WBCIC,44|S1|T39,44,0,0.6666666666666666,0.4808933713738174,0,0.4759947949764017,0.27593931938924127,0.24806588563435703,0.5240052050235983,False,False,False
WBCIC,44|S1|T4,44,1,0.0,0.7721535850093132,1,1.0,0.0,0.0,0.0,True,False,False
WBCIC,44|S1|T40,44,0,0.0,0.12562532784385758,0,1.0,0.0,0.0,0.0,True,False,False
WBCIC,44|S1|T41,44,0,1.0,0.4694318415787482,0,0.35601423251671294,0.3276743986509561,0.31631136883233096,0.6439857674832871,False,False,False
WBCIC,44|S1|T42,44,0,0.0,0.21014953157910274,0,1.0,0.0,0.0,0.0,True,False,False
WBCIC,44|S1|T43,44,0,0.0,0.2361618263539684,0,1.0,0.0,0.0,0.0,True,False,False
WBCIC,44|S1|T44,44,0,0.6666666666666667,0.5748346582088151,1,1.0,0.0,0.0,0.0,False,False,False
WBCIC,44|S1|T45,44,0,0.0,0.09530990249896037,0,1.0,0.0,0.0,0.0,True,False,False
WBCIC,44|S1|T46,44,1,1.0,0.6598412928572177,1,0.5160916871401084,0.48390831285989155,0.0,0.48390831285989155,False,False,False
WBCIC,44|S1|T47,44,1,0.0,0.6719813555246948,1,1.0,0.0,0.0,0.0,False,False,False
WBCIC,44|S1|T48,44,1,0.0,0.35886439883445503,0,1.0,0.0,0.0,0.0,False,False,False
WBCIC,44|S1|T49,44,1,0.6666666666666667,0.7209504431788244,1,1.0,0.0,0.0,0.0,False,False,False
WBCIC,44|S1|T5,44,1,0.0,0.826586817470733,1,1.0,0.0,0.0,0.0,True,False,False
WBCIC,44|S1|T50,44,1,0.0,0.235529680592651,0,1.0,0.0,0.0,0.0,True,False,False
WBCIC,44|S1|T51,44,1,1.0,0.609140404537053,1,0.4957102860750271,0.5042897139249729,0.0,0.5042897139249729,False,False,False
WBCIC,44|S1|T52,44,1,0.33333333333333326,0.6152717866382966,1,1.0,0.0,0.0,0.0,False,False,False
WBCIC,44|S1|T53,44,1,0.0,0.3089784774041297,0,1.0,0.0,0.0,0.0,False,False,False
WBCIC,44|S1|T54,44,1,0.0,0.19254850056038506,0,1.0,0.0,0.0,0.0,True,False,False
WBCIC,44|S1|T55,44,0,0.0,0.22855048344456028,0,1.0,0.0,0.0,0.0,True,False,False
WBCIC,44|S1|T56,44,0,0.0,0.382741176371069,0,1.0,0.0,0.0,0.0,False,False,False
WBCIC,44|S1|T57,44,0,0.0,0.15735845268186974,0,1.0,0.0,0.0,0.0,True,False,False
WBCIC,44|S1|T58,44,1,1.0,0.6952994937589767,1,0.5214737161172147,0.47852628388278534,0.0,0.47852628388278534,False,False,False
WBCIC,44|S1|T59,44,1,0.0,0.6352838410978022,1,1.0,0.0,0.0,0.0,False,False,False
WBCIC,44|S1|T6,44,0,0.0,0.22934207631016312,0,1.0,0.0,0.0,0.0,True,False,False
WBCIC,44|S1|T60,44,0,0.0,0.18963713397343074,0,1.0,0.0,0.0,0.0,True,False,False
WBCIC,44|S1|T61,44,0,0.0,0.3294001261425927,0,1.0,0.0,0.0,0.0,False,False,False
WBCIC,44|S1|T62,44,0,0.33333333333333326,0.38419473931966097,0,0.7565168244955528,0.24348317550444723,0.0,0.24348317550444723,False,False,False
WBCIC,44|S1|T63,44,0,0.0,0.19198255998261163,0,1.0,0.0,0.0,0.0,True,False,False
WBCIC,44|S1|T64,44,1,1.0,0.6320973158393417,1,0.5219499456763835,0.4780500543236164,0.0,0.4780500543236164,False,False,False
WBCIC,44|S1|T65,44,0,0.0,0.19093267354326474,0,1.0,0.0,0.0,0.0,True,False,False
WBCIC,44|S1|T66,44,1,1.0,0.5104576071285757,1,1.0,0.0,0.0,0.0,False,False,False
WBCIC,44|S1|T67,44,0,1.0,0.6198598224570877,1,0.5140862539160096,0.48591374608399035,0.0,0.48591374608399035,False,False,False
WBCIC,44|S1|T68,44,1,0.0,0.2994384787189072,0,1.0,0.0,0.0,0.0,True,False,False
WBCIC,44|S1|T69,44,1,0.0,0.31087754995404254,0,1.0,0.0,0.0,0.0,False,False,False
WBCIC,44|S1|T7,44,1,0.0,0.7227309505867642,1,1.0,0.0,0.0,0.0,True,False,False
WBCIC,44|S1|T70,44,0,0.0,0.29696966170976424,0,1.0,0.0,0.0,0.0,True,False,False
WBCIC,44|S1|T71,44,0,0.0,0.22094928262013447,0,1.0,0.0,0.0,0.0,True,False,False
WBCIC,44|S1|T72,44,1,0.0,0.18531415162035006,0,1.0,0.0,0.0,0.0,True,False,False
WBCIC,44|S1|T73,44,1,0.0,0.7412935392832517,1,1.0,0.0,0.0,0.0,True,False,False
WBCIC,44|S1|T74,44,0,0.6666666666666666,0.5340034676957934,1,0.45818204445360344,0.27646682087939767,0.26535113466699894,0.5418179555463967,False,False,False
WBCIC,44|S1|T75,44,0,0.33333333333333326,0.634407159437398,1,1.0,0.0,0.0,0.0,False,False,False
WBCIC,44|S1|T76,44,1,0.0,0.32665087468245774,0,1.0,0.0,0.0,0.0,False,False,False
WBCIC,44|S1|T77,44,1,0.6666666666666667,0.6645816358840104,1,1.0,0.0,0.0,0.0,False,False,False
WBCIC,44|S1|T78,44,1,0.0,0.7826095315912336,1,1.0,0.0,0.0,0.0,True,False,False
WBCIC,44|S1|T79,44,0,1.0,0.578732867680022,1,1.0,0.0,0.0,0.0,False,False,False
WBCIC,44|S1|T8,44,0,0.0,0.16574486483244086,0,1.0,0.0,0.0,0.0,True,False,False
WBCIC,44|S1|T80,44,0,0.33333333333333326,0.2685678980678389,0,1.0,0.0,0.0,0.0,False,False,False
WBCIC,44|S1|T81,44,0,0.0,0.22077959495582897,0,1.0,0.0,0.0,0.0,True,False,False
WBCIC,44|S1|T82,44,0,0.0,0.26709590904729236,0,1.0,0.0,0.0,0.0,True,False,False
WBCIC,44|S1|T83,44,1,0.0,0.6285807255810641,1,1.0,0.0,0.0,0.0,False,False,False
WBCIC,44|S1|T84,44,1,0.33333333333333326,0.44025804333833274,0,1.0,0.0,0.0,0.0,False,False,False
WBCIC,44|S1|T85,44,1,0.6666666666666667,0.5153533809656244,1,1.0,0.0,0.0,0.0,False,False,False
WBCIC,44|S1|T86,44,1,1.0,0.505183944330687,1,1.0,0.0,0.0,0.0,False,False,False
WBCIC,44|S1|T87,44,0,0.0,0.3858093216418084,0,1.0,0.0,0.0,0.0,False,False,False
WBCIC,44|S1|T88,44,0,0.0,0.3930303570547362,0,1.0,0.0,0.0,0.0,False,False,False
WBCIC,44|S1|T89,44,0,0.0,0.2770317962245809,0,1.0,0.0,0.0,0.0,True,False,False
WBCIC,44|S1|T9,44,1,1.0,0.44366320982012714,0,1.0,0.0,0.0,0.0,False,False,False
WBCIC,44|S1|T90,44,0,0.0,0.1666729663158454,0,1.0,0.0,0.0,0.0,True,False,False
WBCIC,44|S1|T91,44,1,1.0,0.49947998492715445,0,1.0,0.0,0.0,0.0,False,False,False
WBCIC,44|S1|T92,44,0,0.33333333333333326,0.4014186073193793,0,1.0,0.0,0.0,0.0,False,False,False
WBCIC,44|S1|T93,44,1,0.6666666666666667,0.6876868875889736,1,1.0,0.0,0.0,0.0,False,False,False
WBCIC,44|S1|T94,44,1,0.0,0.6873088981816725,1,1.0,0.0,0.0,0.0,False,False,False
WBCIC,44|S1|T95,44,1,0.0,0.1782218233964751,0,1.0,0.0,0.0,0.0,True,False,False
WBCIC,44|S1|T96,44,0,0.0,0.4053415646343128,0,1.0,0.0,0.0,0.0,False,False,False
WBCIC,44|S1|T97,44,1,0.6666666666666667,0.6698348334182397,1,1.0,0.0,0.0,0.0,False,False,False
WBCIC,44|S1|T98,44,1,0.0,0.6865887750466699,1,1.0,0.0,0.0,0.0,False,False,False
WBCIC,44|S1|T99,44,1,1.0,0.5345475296573879,1,1.0,0.0,0.0,0.0,False,False,False
WBCIC,45|S1|T0,45,0,1.0,0.5274870841085079,1,1.0,0.0,0.0,0.0,False,False,False
WBCIC,45|S1|T1,45,0,0.0,0.10488243387788437,0,1.0,0.0,0.0,0.0,True,False,False
WBCIC,45|S1|T10,45,1,0.0,0.12681403492132673,0,1.0,0.0,0.0,0.0,True,False,False
WBCIC,45|S1|T100,45,1,1.0,0.5263032366032695,1,1.0,0.0,0.0,0.0,False,False,False
WBCIC,45|S1|T101,45,0,1.0,0.655751634540922,1,1.0,0.0,0.0,0.0,False,False,False
WBCIC,45|S1|T102,45,1,0.0,0.25687725502662156,0,1.0,0.0,0.0,0.0,True,False,False
WBCIC,45|S1|T103,45,1,0.6666666666666666,0.4636167226212064,0,1.0,0.0,0.0,0.0,False,False,False
WBCIC,45|S1|T104,45,0,0.33333333333333326,0.4548369362971833,0,1.0,0.0,0.0,0.0,False,False,False
WBCIC,45|S1|T105,45,0,0.33333333333333326,0.4349848421714137,0,1.0,0.0,0.0,0.0,False,False,False
WBCIC,45|S1|T106,45,0,0.0,0.3316573970953991,0,1.0,0.0,0.0,0.0,False,False,False
WBCIC,45|S1|T107,45,1,1.0,0.6090465696132685,1,1.0,0.0,0.0,0.0,False,False,False
WBCIC,45|S1|T108,45,0,0.33333333333333326,0.7116782791765955,1,1.0,0.0,0.0,0.0,False,False,False
WBCIC,45|S1|T109,45,1,0.6666666666666666,0.49656039542712904,0,0.4550179734467668,0.2681073100456565,0.2768747165075767,0.5449820265532332,False,False,False
WBCIC,45|S1|T11,45,1,0.6666666666666666,0.4799372131532334,0,1.0,0.0,0.0,0.0,False,False,False
WBCIC,45|S1|T110,45,1,0.0,0.8032562403139517,1,1.0,0.0,0.0,0.0,True,False,False
WBCIC,45|S1|T111,45,0,0.0,0.15247543046040643,0,1.0,0.0,0.0,0.0,True,False,False
WBCIC,45|S1|T112,45,1,0.0,0.3398689253775664,0,1.0,0.0,0.0,0.0,False,False,False
WBCIC,45|S1|T113,45,0,0.33333333333333326,0.38768279151198604,0,1.0,0.0,0.0,0.0,False,False,False
WBCIC,45|S1|T114,45,0,0.0,0.19928295556359835,0,1.0,0.0,0.0,0.0,True,False,False
WBCIC,45|S1|T115,45,1,0.0,0.70480130435578,1,1.0,0.0,0.0,0.0,True,False,False
WBCIC,45|S1|T116,45,0,0.0,0.2226920405914341,0,1.0,0.0,0.0,0.0,True,False,False
WBCIC,45|S1|T117,45,1,0.6666666666666666,0.5128936310690471,1,1.0,0.0,0.0,0.0,False,False,False
WBCIC,45|S1|T118,45,1,0.0,0.2669106066871607,0,1.0,0.0,0.0,0.0,True,False,False
WBCIC,45|S1|T119,45,0,0.0,0.1929218049040787,0,1.0,0.0,0.0,0.0,True,False,False
WBCIC,45|S1|T12,45,0,0.0,0.18939789130536822,0,1.0,0.0,0.0,0.0,True,False,False
WBCIC,45|S1|T120,45,1,0.33333333333333326,0.6871084315042832,1,1.0,0.0,0.0,0.0,False,False,False
WBCIC,45|S1|T121,45,1,0.33333333333333326,0.4588512772600609,0,0.7668801711720649,0.0,0.23311982882793514,0.23311982882793514,False,False,False
WBCIC,45|S1|T122,45,0,0.33333333333333326,0.5481646195326325,1,1.0,0.0,0.0,0.0,False,False,False
WBCIC,45|S1|T123,45,0,0.0,0.23208321228623052,0,1.0,0.0,0.0,0.0,True,False,False
WBCIC,45|S1|T124,45,0,0.0,0.1113039073338355,0,1.0,0.0,0.0,0.0,True,False,False
WBCIC,45|S1|T125,45,1,0.6666666666666666,0.5116220959824879,1,1.0,0.0,0.0,0.0,False,False,False
WBCIC,45|S1|T126,45,1,0.0,0.8257436086251748,1,1.0,0.0,0.0,0.0,True,False,False
WBCIC,45|S1|T127,45,1,0.0,0.3559166475145295,0,1.0,0.0,0.0,0.0,False,False,False
WBCIC,45|S1|T128,45,1,0.0,0.274277347567875,0,1.0,0.0,0.0,0.0,True,False,False
WBCIC,45|S1|T129,45,1,0.0,0.7195599244051594,1,1.0,0.0,0.0,0.0,True,False,False
WBCIC,45|S1|T13,45,0,0.0,0.2205118283997158,0,1.0,0.0,0.0,0.0,True,False,False
WBCIC,45|S1|T130,45,0,0.0,0.32483689290996914,0,1.0,0.0,0.0,0.0,False,False,False
WBCIC,45|S1|T131,45,0,0.0,0.2615670223378112,0,1.0,0.0,0.0,0.0,True,False,False
WBCIC,45|S1|T132,45,0,0.0,0.2761505774365204,0,1.0,0.0,0.0,0.0,True,False,False
WBCIC,45|S1|T133,45,1,1.0,0.5790636181437047,1,1.0,0.0,0.0,0.0,False,False,False
WBCIC,45|S1|T134,45,1,0.33333333333333326,0.3426043418387117,0,1.0,0.0,0.0,0.0,False,False,False
WBCIC,45|S1|T135,45,1,0.0,0.875931777120325,1,1.0,0.0,0.0,0.0,True,False,False
WBCIC,45|S1|T136,45,0,0.0,0.19598740059258768,0,1.0,0.0,0.0,0.0,True,False,False
WBCIC,45|S1|T137,45,1,0.6666666666666666,0.5282696096303495,1,0.6316955046476723,0.0,0.3683044953523276,0.3683044953523276,False,False,False
WBCIC,45|S1|T138,45,1,0.0,0.39914637704862094,0,1.0,0.0,0.0,0.0,False,False,False
WBCIC,45|S1|T139,45,0,0.6666666666666666,0.40536106726107013,0,1.0,0.0,0.0,0.0,False,False,False
WBCIC,45|S1|T14,45,1,0.33333333333333326,0.6019115986404803,1,1.0,0.0,0.0,0.0,False,False,False
WBCIC,45|S1|T140,45,0,0.0,0.24855225719360022,0,1.0,0.0,0.0,0.0,True,False,False
WBCIC,45|S1|T141,45,1,0.0,0.7697997316966975,1,1.0,0.0,0.0,0.0,True,False,False
WBCIC,45|S1|T142,45,1,0.0,0.8156885395646328,1,1.0,0.0,0.0,0.0,True,False,False
WBCIC,45|S1|T143,45,1,0.0,0.7702458132330227,1,1.0,0.0,0.0,0.0,True,False,False
WBCIC,45|S1|T144,45,0,0.0,0.13271669441316095,0,1.0,0.0,0.0,0.0,True,False,False
WBCIC,45|S1|T145,45,0,0.0,0.1058703646691538,0,1.0,0.0,0.0,0.0,True,False,False
WBCIC,45|S1|T146,45,0,0.0,0.2098573306610937,0,1.0,0.0,0.0,0.0,True,False,False
WBCIC,45|S1|T147,45,0,0.0,0.17797768015562151,0,1.0,0.0,0.0,0.0,True,False,False
WBCIC,45|S1|T148,45,1,0.6666666666666667,0.565593115660552,1,1.0,0.0,0.0,0.0,False,False,False
WBCIC,45|S1|T149,45,0,0.0,0.2597443675373045,0,1.0,0.0,0.0,0.0,True,False,False
WBCIC,45|S1|T15,45,0,0.0,0.08504321853775343,0,1.0,0.0,0.0,0.0,True,False,False
WBCIC,45|S1|T150,45,1,1.0,0.6379819252646557,1,0.34052418647634425,0.33280759057976034,0.32666822294389536,0.6594758135236557,False,False,False
WBCIC,45|S1|T151,45,0,0.0,0.1454507271409463,0,1.0,0.0,0.0,0.0,True,False,False
WBCIC,45|S1|T152,45,0,0.0,0.10316720833820092,0,1.0,0.0,0.0,0.0,True,False,False
WBCIC,45|S1|T153,45,0,0.0,0.1579114112012282,0,1.0,0.0,0.0,0.0,True,False,False
WBCIC,45|S1|T154,45,1,0.0,0.7368902570651977,1,1.0,0.0,0.0,0.0,True,False,False
WBCIC,45|S1|T155,45,0,0.0,0.1490575444681288,0,1.0,0.0,0.0,0.0,True,False,False
WBCIC,45|S1|T156,45,1,0.6666666666666666,0.48392174290356466,0,1.0,0.0,0.0,0.0,False,False,False
WBCIC,45|S1|T157,45,0,0.33333333333333326,0.3151623671046103,0,0.7610461632114198,0.23895383678858015,0.0,0.23895383678858015,False,False,False
WBCIC,45|S1|T158,45,1,0.0,0.6564842932066025,1,1.0,0.0,0.0,0.0,False,False,False
WBCIC,45|S1|T159,45,0,0.33333333333333326,0.2953709026726172,0,1.0,0.0,0.0,0.0,False,False,False
WBCIC,45|S1|T16,45,1,0.0,0.3607791563248675,0,1.0,0.0,0.0,0.0,False,False,False
WBCIC,45|S1|T160,45,1,0.33333333333333326,0.6592288116327253,1,0.74424406777641,0.0,0.2557559322235901,0.2557559322235901,False,False,False
WBCIC,45|S1|T161,45,1,0.33333333333333326,0.6220189297974312,1,1.0,0.0,0.0,0.0,False,False,False
WBCIC,45|S1|T162,45,0,1.0,0.5549160614417529,1,1.0,0.0,0.0,0.0,False,False,False
WBCIC,45|S1|T163,45,0,1.0,0.5470397823933443,1,1.0,0.0,0.0,0.0,False,False,False
WBCIC,45|S1|T164,45,1,0.0,0.8281362724419544,1,1.0,0.0,0.0,0.0,True,False,False
WBCIC,45|S1|T165,45,0,0.0,0.1252773117141155,0,1.0,0.0,0.0,0.0,True,False,False
WBCIC,45|S1|T166,45,0,0.33333333333333326,0.28683483268890797,0,0.768754807869293,0.0,0.23124519213070704,0.23124519213070704,False,False,False
WBCIC,45|S1|T167,45,0,1.0,0.45510178211129126,0,1.0,0.0,0.0,0.0,False,False,False
WBCIC,45|S1|T168,45,0,0.0,0.3094426916061556,0,1.0,0.0,0.0,0.0,False,False,False
WBCIC,45|S1|T169,45,1,0.6666666666666666,0.4770881991478933,0,1.0,0.0,0.0,0.0,False,False,False
WBCIC,45|S1|T17,45,0,0.0,0.16983650587752316,0,1.0,0.0,0.0,0.0,True,False,False
WBCIC,45|S1|T170,45,1,0.0,0.8485967049867252,1,1.0,0.0,0.0,0.0,True,False,False
WBCIC,45|S1|T171,45,0,0.0,0.2119618234483913,0,1.0,0.0,0.0,0.0,True,False,False
WBCIC,45|S1|T172,45,1,0.6666666666666667,0.5754268625093107,1,1.0,0.0,0.0,0.0,False,False,False
WBCIC,45|S1|T173,45,0,0.0,0.351581446258161,0,1.0,0.0,0.0,0.0,False,False,False
WBCIC,45|S1|T174,45,0,0.0,0.2090617627404703,0,1.0,0.0,0.0,0.0,True,False,False
WBCIC,45|S1|T175,45,1,0.0,0.8337926200071664,1,1.0,0.0,0.0,0.0,True,False,False
WBCIC,45|S1|T176,45,0,0.0,0.13164689617149875,0,1.0,0.0,0.0,0.0,True,False,False
WBCIC,45|S1|T177,45,1,0.0,0.8258227674618293,1,1.0,0.0,0.0,0.0,True,False,False
WBCIC,45|S1|T178,45,1,0.0,0.3206762535199284,0,1.0,0.0,0.0,0.0,False,False,False
WBCIC,45|S1|T179,45,0,0.0,0.16596948452703802,0,1.0,0.0,0.0,0.0,True,False,False
WBCIC,45|S1|T18,45,0,0.0,0.13619606893380073,0,1.0,0.0,0.0,0.0,True,False,False
WBCIC,45|S1|T180,45,1,0.0,0.17215009344158638,0,1.0,0.0,0.0,0.0,True,False,False
WBCIC,45|S1|T181,45,1,0.0,0.19959062406020786,0,1.0,0.0,0.0,0.0,True,False,False
WBCIC,45|S1|T182,45,1,0.0,0.22927723838389924,0,1.0,0.0,0.0,0.0,True,False,False
WBCIC,45|S1|T183,45,1,0.0,0.7416103928725691,1,1.0,0.0,0.0,0.0,True,False,False
WBCIC,45|S1|T184,45,0,0.0,0.3231103862146143,0,1.0,0.0,0.0,0.0,False,False,False
WBCIC,45|S1|T185,45,1,0.33333333333333326,0.63287026680884,1,1.0,0.0,0.0,0.0,False,False,False
WBCIC,45|S1|T186,45,0,0.0,0.2809982529831869,0,1.0,0.0,0.0,0.0,True,False,False
WBCIC,45|S1|T187,45,1,1.0,0.6083625541091374,1,1.0,0.0,0.0,0.0,False,False,False
WBCIC,45|S1|T188,45,0,0.33333333333333326,0.3264210817611372,0,0.76134849394631,0.0,0.23865150605369007,0.23865150605369007,False,False,False
WBCIC,45|S1|T189,45,1,0.0,0.774055737326358,1,1.0,0.0,0.0,0.0,True,False,False
WBCIC,45|S1|T19,45,1,1.0,0.6044567178521575,1,1.0,0.0,0.0,0.0,False,False,False
WBCIC,45|S1|T190,45,1,0.0,0.7716815751395224,1,1.0,0.0,0.0,0.0,True,False,False
WBCIC,45|S1|T191,45,0,0.0,0.26779428989714654,0,1.0,0.0,0.0,0.0,True,False,False
WBCIC,45|S1|T192,45,1,1.0,0.5189194786053969,1,1.0,0.0,0.0,0.0,False,False,False
WBCIC,45|S1|T193,45,0,0.0,0.2650077453995894,0,1.0,0.0,0.0,0.0,True,False,False
WBCIC,45|S1|T194,45,0,0.0,0.16944789128331095,0,1.0,0.0,0.0,0.0,True,False,False
WBCIC,45|S1|T195,45,1,0.0,0.7880673427008462,1,1.0,0.0,0.0,0.0,True,False,False
WBCIC,45|S1|T196,45,0,0.0,0.1478377786176239,0,1.0,0.0,0.0,0.0,True,False,False
WBCIC,45|S1|T197,45,0,0.0,0.19138578673539133,0,1.0,0.0,0.0,0.0,True,False,False
WBCIC,45|S1|T198,45,1,1.0,0.6479338708958058,1,1.0,0.0,0.0,0.0,False,False,False
WBCIC,45|S1|T199,45,0,0.0,0.4331437490115435,0,1.0,0.0,0.0,0.0,False,False,False
WBCIC,45|S1|T2,45,0,0.0,0.1568283647799066,0,1.0,0.0,0.0,0.0,True,False,False
WBCIC,45|S1|T20,45,0,0.0,0.21139448226512988,0,1.0,0.0,0.0,0.0,True,False,False
WBCIC,45|S1|T21,45,0,0.33333333333333326,0.5824556400118318,1,1.0,0.0,0.0,0.0,False,False,False
WBCIC,45|S1|T22,45,1,0.33333333333333326,0.7005475608042552,1,1.0,0.0,0.0,0.0,False,False,False
WBCIC,45|S1|T23,45,0,0.33333333333333326,0.35130288910658963,0,1.0,0.0,0.0,0.0,False,False,False
WBCIC,45|S1|T24,45,0,0.0,0.3207591127283615,0,1.0,0.0,0.0,0.0,False,False,False
WBCIC,45|S1|T25,45,1,1.0,0.45549973216102063,0,1.0,0.0,0.0,0.0,False,False,False
WBCIC,45|S1|T26,45,1,1.0,0.5361926087050943,1,0.4661458033630738,0.0,0.5338541966369261,0.5338541966369261,False,True,False
WBCIC,45|S1|T27,45,1,0.6666666666666667,0.5706434555517945,1,0.633217887341024,0.0,0.36678211265897603,0.36678211265897603,False,False,False
WBCIC,45|S1|T28,45,1,0.6666666666666667,0.6136180956479022,1,1.0,0.0,0.0,0.0,False,False,False
WBCIC,45|S1|T29,45,1,0.6666666666666667,0.5773836231236165,1,1.0,0.0,0.0,0.0,False,False,False
WBCIC,45|S1|T3,45,0,1.0,0.521382649671024,1,1.0,0.0,0.0,0.0,False,False,False
WBCIC,45|S1|T30,45,0,0.0,0.1780129829475422,0,1.0,0.0,0.0,0.0,True,False,False
WBCIC,45|S1|T31,45,1,0.33333333333333326,0.7079134741616754,1,1.0,0.0,0.0,0.0,False,False,False
WBCIC,45|S1|T32,45,1,0.0,0.7544532752658578,1,1.0,0.0,0.0,0.0,True,False,False
WBCIC,45|S1|T33,45,1,0.0,0.8502122156286077,1,1.0,0.0,0.0,0.0,True,False,False
WBCIC,45|S1|T34,45,1,0.0,0.7827480471469799,1,1.0,0.0,0.0,0.0,True,False,False
WBCIC,45|S1|T35,45,0,0.0,0.17225227790110378,0,1.0,0.0,0.0,0.0,True,False,False
WBCIC,45|S1|T36,45,0,0.0,0.12342342053834089,0,1.0,0.0,0.0,0.0,True,False,False
WBCIC,45|S1|T37,45,1,0.0,0.8704072242102266,1,1.0,0.0,0.0,0.0,True,False,False
WBCIC,45|S1|T38,45,1,0.0,0.796521892096179,1,1.0,0.0,0.0,0.0,True,False,False
WBCIC,45|S1|T39,45,0,0.33333333333333326,0.3555300925832705,0,0.7538102501796357,0.0,0.24618974982036443,0.24618974982036443,False,False,False
WBCIC,45|S1|T4,45,1,0.0,0.8536133583966099,1,1.0,0.0,0.0,0.0,True,False,False
WBCIC,45|S1|T40,45,1,0.0,0.7620594051628715,1,1.0,0.0,0.0,0.0,True,False,False
WBCIC,45|S1|T41,45,1,0.33333333333333326,0.7380954038640938,1,1.0,0.0,0.0,0.0,False,False,False
WBCIC,45|S1|T42,45,0,0.33333333333333326,0.3851234366179716,0,1.0,0.0,0.0,0.0,False,False,False
WBCIC,45|S1|T43,45,0,0.0,0.2560021528912109,0,1.0,0.0,0.0,0.0,True,False,False
WBCIC,45|S1|T44,45,1,0.0,0.3297685600132585,0,1.0,0.0,0.0,0.0,False,False,False
WBCIC,45|S1|T45,45,1,0.0,0.7163325831980667,1,1.0,0.0,0.0,0.0,True,False,False
WBCIC,45|S1|T46,45,1,0.6666666666666667,0.6222168428085474,1,1.0,0.0,0.0,0.0,False,False,False
WBCIC,45|S1|T47,45,0,0.0,0.17249431907991764,0,1.0,0.0,0.0,0.0,True,False,False
WBCIC,45|S1|T48,45,1,0.0,0.6485504720122528,1,1.0,0.0,0.0,0.0,False,False,False
WBCIC,45|S1|T49,45,0,0.0,0.11627711103051146,0,1.0,0.0,0.0,0.0,True,False,False
WBCIC,45|S1|T5,45,1,1.0,0.5197386103969647,1,1.0,0.0,0.0,0.0,False,False,False
WBCIC,45|S1|T50,45,1,0.6666666666666667,0.6657505939025242,1,1.0,0.0,0.0,0.0,False,False,False
WBCIC,45|S1|T51,45,0,0.0,0.2121329871644346,0,1.0,0.0,0.0,0.0,True,False,False
WBCIC,45|S1|T52,45,0,0.0,0.2644932855284214,0,1.0,0.0,0.0,0.0,True,False,False
WBCIC,45|S1|T53,45,0,0.0,0.22318785843231725,0,1.0,0.0,0.0,0.0,True,False,False
WBCIC,45|S1|T54,45,1,1.0,0.5267053141725173,1,0.5180764408932719,0.4819235591067281,0.0,0.4819235591067281,False,False,False
WBCIC,45|S1|T55,45,0,0.0,0.16488395237572315,0,1.0,0.0,0.0,0.0,True,False,False
WBCIC,45|S1|T56,45,0,0.33333333333333326,0.30328543676585407,0,1.0,0.0,0.0,0.0,False,False,False
WBCIC,45|S1|T57,45,0,0.33333333333333326,0.32294355599896457,0,0.7710156801562101,0.2289843198437899,0.0,0.2289843198437899,False,False,False
WBCIC,45|S1|T58,45,1,1.0,0.5692577290885545,1,1.0,0.0,0.0,0.0,False,False,False
WBCIC,45|S1|T59,45,1,1.0,0.5247531638217857,1,0.5107870860082357,0.0,0.48921291399176425,0.48921291399176425,False,False,False
WBCIC,45|S1|T6,45,0,0.0,0.1334090060013667,0,1.0,0.0,0.0,0.0,True,False,False
WBCIC,45|S1|T60,45,1,0.0,0.27291653765926055,0,1.0,0.0,0.0,0.0,True,False,False
WBCIC,45|S1|T61,45,0,0.0,0.17658930322487487,0,1.0,0.0,0.0,0.0,True,False,False
WBCIC,45|S1|T62,45,1,0.0,0.2037922112342051,0,1.0,0.0,0.0,0.0,True,False,False
WBCIC,45|S1|T63,45,1,0.0,0.8897687550186872,1,1.0,0.0,0.0,0.0,True,False,False
WBCIC,45|S1|T64,45,1,0.33333333333333326,0.6367844517980751,1,1.0,0.0,0.0,0.0,False,False,False
WBCIC,45|S1|T65,45,0,0.0,0.15506853017299357,0,1.0,0.0,0.0,0.0,True,False,False
WBCIC,45|S1|T66,45,1,1.0,0.6041060072058927,1,1.0,0.0,0.0,0.0,False,False,False
WBCIC,45|S1|T67,45,0,0.0,0.16952130470999024,0,1.0,0.0,0.0,0.0,True,False,False
WBCIC,45|S1|T68,45,1,0.33333333333333326,0.37239549510135433,0,1.0,0.0,0.0,0.0,False,False,False
WBCIC,45|S1|T69,45,1,0.0,0.8065696444320308,1,1.0,0.0,0.0,0.0,True,False,False
WBCIC,45|S1|T7,45,0,0.0,0.1351295743083303,0,1.0,0.0,0.0,0.0,True,False,False
WBCIC,45|S1|T70,45,0,0.6666666666666666,0.38912045379991517,0,1.0,0.0,0.0,0.0,False,False,False
WBCIC,45|S1|T71,45,0,0.0,0.2186888389471844,0,1.0,0.0,0.0,0.0,True,False,False
WBCIC,45|S1|T72,45,1,0.33333333333333326,0.6752996356334798,1,1.0,0.0,0.0,0.0,False,False,False
WBCIC,45|S1|T73,45,0,0.0,0.2570659922190356,0,1.0,0.0,0.0,0.0,True,False,False
WBCIC,45|S1|T74,45,0,0.0,0.14061740541273995,0,1.0,0.0,0.0,0.0,True,False,False
WBCIC,45|S1|T75,45,0,0.0,0.30200166493253067,0,1.0,0.0,0.0,0.0,False,False,False
WBCIC,45|S1|T76,45,0,0.0,0.21509229433050336,0,1.0,0.0,0.0,0.0,True,False,False
WBCIC,45|S1|T77,45,0,0.0,0.24111471440873486,0,1.0,0.0,0.0,0.0,True,False,False
WBCIC,45|S1|T78,45,1,0.0,0.35844884540127014,0,1.0,0.0,0.0,0.0,False,False,False
WBCIC,45|S1|T79,45,1,0.6666666666666667,0.604096831029184,1,0.6333633366091701,0.0,0.36663666339082995,0.36663666339082995,False,False,False
WBCIC,45|S1|T8,45,0,0.0,0.13801654603093533,0,1.0,0.0,0.0,0.0,True,False,False
WBCIC,45|S1|T80,45,0,0.0,0.1678689692909732,0,1.0,0.0,0.0,0.0,True,False,False
WBCIC,45|S1|T81,45,0,0.6666666666666666,0.41583371500596694,0,1.0,0.0,0.0,0.0,False,False,False
WBCIC,45|S1|T82,45,0,0.0,0.14604277824195466,0,1.0,0.0,0.0,0.0,True,False,False
WBCIC,45|S1|T83,45,0,0.0,0.10755083543741212,0,1.0,0.0,0.0,0.0,True,False,False
WBCIC,45|S1|T84,45,1,1.0,0.6775452963971033,1,1.0,0.0,0.0,0.0,False,False,False
WBCIC,45|S1|T85,45,0,0.33333333333333326,0.33399555196889025,0,1.0,0.0,0.0,0.0,False,False,False
WBCIC,45|S1|T86,45,0,0.0,0.23547086300956635,0,1.0,0.0,0.0,0.0,True,False,False
WBCIC,45|S1|T87,45,1,0.0,0.7632141232212161,1,1.0,0.0,0.0,0.0,True,False,False
WBCIC,45|S1|T88,45,0,0.0,0.13260279764818142,0,1.0,0.0,0.0,0.0,True,False,False
WBCIC,45|S1|T89,45,1,0.0,0.7323053123777368,1,1.0,0.0,0.0,0.0,True,False,False
WBCIC,45|S1|T9,45,1,0.33333333333333326,0.4164400245174313,0,0.7632564081555218,0.2367435918444782,0.0,0.2367435918444782,False,False,False
WBCIC,45|S1|T90,45,1,0.33333333333333326,0.6696629890249305,1,1.0,0.0,0.0,0.0,False,False,False
WBCIC,45|S1|T91,45,1,0.0,0.7296993994417499,1,1.0,0.0,0.0,0.0,True,False,False
WBCIC,45|S1|T92,45,1,0.6666666666666667,0.5899657028364024,1,1.0,0.0,0.0,0.0,False,False,False
WBCIC,45|S1|T93,45,0,0.0,0.25690981952704095,0,1.0,0.0,0.0,0.0,True,False,False
WBCIC,45|S1|T94,45,1,0.0,0.7976930621375707,1,1.0,0.0,0.0,0.0,True,False,False
WBCIC,45|S1|T95,45,0,0.0,0.328062202964823,0,1.0,0.0,0.0,0.0,False,False,False
WBCIC,45|S1|T96,45,1,0.0,0.7883518095041429,1,1.0,0.0,0.0,0.0,True,False,False
WBCIC,45|S1|T97,45,1,1.0,0.6770479589362117,1,1.0,0.0,0.0,0.0,False,False,False
WBCIC,45|S1|T98,45,0,0.33333333333333326,0.46078210891375476,0,1.0,0.0,0.0,0.0,False,False,False
WBCIC,45|S1|T99,45,1,0.6666666666666667,0.6807001349188838,1,1.0,0.0,0.0,0.0,False,False,False
WBCIC,47|S1|T0,47,0,0.0,0.17692564299202865,0,1.0,0.0,0.0,0.0,True,False,False
WBCIC,47|S1|T1,47,0,0.33333333333333326,0.29246948582301496,0,1.0,0.0,0.0,0.0,False,False,False
WBCIC,47|S1|T10,47,0,0.0,0.3356429048785176,0,1.0,0.0,0.0,0.0,False,False,False
WBCIC,47|S1|T100,47,1,0.33333333333333326,0.446603808395557,0,1.0,0.0,0.0,0.0,False,False,False
WBCIC,47|S1|T101,47,1,0.0,0.7157115700235727,1,1.0,0.0,0.0,0.0,True,False,False
WBCIC,47|S1|T102,47,0,0.0,0.18686030908533915,0,1.0,0.0,0.0,0.0,True,False,False
WBCIC,47|S1|T103,47,1,0.0,0.7554331840390104,1,1.0,0.0,0.0,0.0,True,False,False
WBCIC,47|S1|T104,47,0,0.0,0.1549208484228944,0,1.0,0.0,0.0,0.0,True,False,False
WBCIC,47|S1|T105,47,1,0.33333333333333326,0.6074781689576051,1,1.0,0.0,0.0,0.0,False,False,False
WBCIC,47|S1|T106,47,0,0.33333333333333326,0.4170899322670471,0,1.0,0.0,0.0,0.0,False,False,False
WBCIC,47|S1|T107,47,1,0.0,0.7000505218016082,1,1.0,0.0,0.0,0.0,True,False,False
WBCIC,47|S1|T108,47,0,0.0,0.32381130610369013,0,1.0,0.0,0.0,0.0,False,False,False
WBCIC,47|S1|T109,47,1,0.0,0.7435543667749221,1,1.0,0.0,0.0,0.0,True,False,False
WBCIC,47|S1|T11,47,0,0.0,0.2386312099919009,0,1.0,0.0,0.0,0.0,True,False,False
WBCIC,47|S1|T110,47,1,0.0,0.7980399069131258,1,1.0,0.0,0.0,0.0,True,False,False
WBCIC,47|S1|T111,47,0,0.0,0.1981453658500314,0,1.0,0.0,0.0,0.0,True,False,False
WBCIC,47|S1|T112,47,0,0.0,0.26839352273970857,0,1.0,0.0,0.0,0.0,True,False,False
WBCIC,47|S1|T113,47,0,0.0,0.15937349821871807,0,1.0,0.0,0.0,0.0,True,False,False
WBCIC,47|S1|T114,47,1,0.33333333333333326,0.4316303273444313,0,1.0,0.0,0.0,0.0,False,False,False
WBCIC,47|S1|T115,47,1,1.0,0.5215822052473034,1,0.5056946201203237,0.0,0.49430537987967627,0.49430537987967627,False,True,False
WBCIC,47|S1|T116,47,0,1.0,0.5956563928213624,1,1.0,0.0,0.0,0.0,False,False,False
WBCIC,47|S1|T117,47,0,0.0,0.2511213556542385,0,1.0,0.0,0.0,0.0,True,False,False
WBCIC,47|S1|T118,47,0,0.0,0.19849944421713675,0,1.0,0.0,0.0,0.0,True,False,False
WBCIC,47|S1|T119,47,1,0.6666666666666667,0.6255226507325046,1,1.0,0.0,0.0,0.0,False,False,False
WBCIC,47|S1|T12,47,1,0.0,0.7708766969520383,1,1.0,0.0,0.0,0.0,True,False,False
WBCIC,47|S1|T120,47,0,0.0,0.2257557004676741,0,1.0,0.0,0.0,0.0,True,False,False
WBCIC,47|S1|T121,47,0,0.0,0.1594128327233378,0,1.0,0.0,0.0,0.0,True,False,False
WBCIC,47|S1|T122,47,0,0.0,0.2411649665835882,0,1.0,0.0,0.0,0.0,True,False,False
WBCIC,47|S1|T123,47,1,0.0,0.6771439487414365,1,1.0,0.0,0.0,0.0,False,False,False
WBCIC,47|S1|T124,47,1,0.0,0.765149182182561,1,1.0,0.0,0.0,0.0,True,False,False
WBCIC,47|S1|T125,47,1,0.6666666666666666,0.4929383740948156,0,1.0,0.0,0.0,0.0,False,False,False
WBCIC,47|S1|T126,47,1,0.33333333333333326,0.46177636623634855,0,1.0,0.0,0.0,0.0,False,False,False
WBCIC,47|S1|T127,47,1,0.0,0.276292899250134,0,1.0,0.0,0.0,0.0,True,False,False
WBCIC,47|S1|T128,47,1,0.0,0.23038395533407022,0,1.0,0.0,0.0,0.0,True,False,False
WBCIC,47|S1|T129,47,1,0.6666666666666666,0.46919453183111065,0,1.0,0.0,0.0,0.0,False,False,False
WBCIC,47|S1|T13,47,1,0.33333333333333326,0.7166690434490357,1,0.7725997457648873,0.2274002542351127,0.0,0.2274002542351127,False,False,False
WBCIC,47|S1|T130,47,0,0.33333333333333326,0.3398978319796011,0,1.0,0.0,0.0,0.0,False,False,False
WBCIC,47|S1|T131,47,1,0.0,0.2419116050689447,0,1.0,0.0,0.0,0.0,True,False,False
WBCIC,47|S1|T132,47,1,0.0,0.38578729922372235,0,1.0,0.0,0.0,0.0,False,False,False
WBCIC,47|S1|T133,47,1,0.33333333333333326,0.683458413401688,1,1.0,0.0,0.0,0.0,False,False,False
WBCIC,47|S1|T134,47,0,0.0,0.348518696268811,0,1.0,0.0,0.0,0.0,False,False,False
WBCIC,47|S1|T135,47,1,0.33333333333333326,0.6061542074310462,1,1.0,0.0,0.0,0.0,False,False,False
WBCIC,47|S1|T136,47,0,0.0,0.2502160171336915,0,1.0,0.0,0.0,0.0,True,False,False
WBCIC,47|S1|T137,47,1,0.6666666666666667,0.6594898126900672,1,0.6384029213044738,0.0,0.3615970786955261,0.3615970786955261,False,False,False
WBCIC,47|S1|T138,47,0,0.0,0.2701324527362325,0,1.0,0.0,0.0,0.0,True,False,False
WBCIC,47|S1|T139,47,1,1.0,0.6705161796163837,1,1.0,0.0,0.0,0.0,False,False,False
WBCIC,47|S1|T14,47,1,0.6666666666666667,0.6292213121510384,1,0.6364765103289413,0.3635234896710587,0.0,0.3635234896710587,False,False,False
WBCIC,47|S1|T140,47,1,0.6666666666666667,0.6137091555963755,1,1.0,0.0,0.0,0.0,False,False,False
WBCIC,47|S1|T141,47,0,0.33333333333333326,0.3555597107823672,0,1.0,0.0,0.0,0.0,False,False,False
WBCIC,47|S1|T142,47,0,0.0,0.29049233666285174,0,1.0,0.0,0.0,0.0,True,False,False
WBCIC,47|S1|T143,47,1,0.33333333333333326,0.3501829846186273,0,1.0,0.0,0.0,0.0,False,False,False
WBCIC,47|S1|T144,47,0,0.0,0.34384447408331126,0,1.0,0.0,0.0,0.0,False,False,False
WBCIC,47|S1|T145,47,0,0.0,0.3645616594179136,0,1.0,0.0,0.0,0.0,False,False,False
WBCIC,47|S1|T146,47,0,0.0,0.16996406773767422,0,1.0,0.0,0.0,0.0,True,False,False
WBCIC,47|S1|T147,47,0,1.0,0.547083132985962,1,0.5024108182807161,0.0,0.4975891817192839,0.4975891817192839,False,False,False
WBCIC,47|S1|T148,47,0,0.0,0.2684841493381885,0,1.0,0.0,0.0,0.0,True,False,False
WBCIC,47|S1|T149,47,0,0.0,0.228797453227963,0,1.0,0.0,0.0,0.0,True,False,False
WBCIC,47|S1|T15,47,1,0.0,0.7229134527714605,1,1.0,0.0,0.0,0.0,True,False,False
WBCIC,47|S1|T150,47,0,1.0,0.5111348564775328,1,1.0,0.0,0.0,0.0,False,False,False
WBCIC,47|S1|T151,47,1,0.6666666666666666,0.4522704246893981,0,1.0,0.0,0.0,0.0,False,False,False
WBCIC,47|S1|T152,47,0,0.0,0.23182500344871884,0,1.0,0.0,0.0,0.0,True,False,False
WBCIC,47|S1|T153,47,1,0.33333333333333326,0.4050674540427986,0,1.0,0.0,0.0,0.0,False,False,False
WBCIC,47|S1|T154,47,1,1.0,0.5818130808991374,1,0.5141133586236749,0.4858866413763251,0.0,0.4858866413763251,False,False,False
WBCIC,47|S1|T155,47,0,0.0,0.17849992813951918,0,1.0,0.0,0.0,0.0,True,False,False
WBCIC,47|S1|T156,47,0,0.0,0.19710180125399748,0,1.0,0.0,0.0,0.0,True,False,False
WBCIC,47|S1|T157,47,1,0.6666666666666667,0.5673107915044218,1,1.0,0.0,0.0,0.0,False,False,False
WBCIC,47|S1|T158,47,1,0.0,0.7117999696718198,1,1.0,0.0,0.0,0.0,True,False,False
WBCIC,47|S1|T159,47,0,1.0,0.5614603488220383,1,1.0,0.0,0.0,0.0,False,False,False
WBCIC,47|S1|T16,47,0,0.0,0.1387088539694659,0,1.0,0.0,0.0,0.0,True,False,False
WBCIC,47|S1|T160,47,1,0.0,0.7914665587850559,1,1.0,0.0,0.0,0.0,True,False,False
WBCIC,47|S1|T161,47,1,0.33333333333333326,0.3972811454918526,0,1.0,0.0,0.0,0.0,False,False,False
WBCIC,47|S1|T162,47,0,0.0,0.1500547573022266,0,1.0,0.0,0.0,0.0,True,False,False
WBCIC,47|S1|T163,47,1,1.0,0.4956041161486822,0,1.0,0.0,0.0,0.0,False,False,False
WBCIC,47|S1|T164,47,0,0.0,0.21122389040915554,0,1.0,0.0,0.0,0.0,True,False,False
WBCIC,47|S1|T165,47,0,1.0,0.48436399952187276,0,1.0,0.0,0.0,0.0,False,False,False
WBCIC,47|S1|T166,47,1,0.6666666666666666,0.47429082403791806,0,1.0,0.0,0.0,0.0,False,False,False
WBCIC,47|S1|T167,47,0,0.0,0.1616880596539317,0,1.0,0.0,0.0,0.0,True,False,False
WBCIC,47|S1|T168,47,1,0.33333333333333326,0.3337251397823225,0,1.0,0.0,0.0,0.0,False,False,False
WBCIC,47|S1|T169,47,0,0.0,0.14927326049812553,0,1.0,0.0,0.0,0.0,True,False,False
WBCIC,47|S1|T17,47,0,0.0,0.22706321755723602,0,1.0,0.0,0.0,0.0,True,False,False
WBCIC,47|S1|T170,47,1,0.0,0.732598547493347,1,1.0,0.0,0.0,0.0,True,False,False
WBCIC,47|S1|T171,47,1,0.0,0.6720776492362394,1,1.0,0.0,0.0,0.0,False,False,False
WBCIC,47|S1|T172,47,0,0.0,0.29036151933334936,0,1.0,0.0,0.0,0.0,True,False,False
WBCIC,47|S1|T173,47,1,0.0,0.26524195461415334,0,1.0,0.0,0.0,0.0,True,False,False
WBCIC,47|S1|T174,47,0,1.0,0.5156428671356591,1,1.0,0.0,0.0,0.0,False,False,False
WBCIC,47|S1|T175,47,0,0.0,0.3076127004609559,0,1.0,0.0,0.0,0.0,False,False,False
WBCIC,47|S1|T176,47,1,0.0,0.730891654710944,1,1.0,0.0,0.0,0.0,True,False,False
WBCIC,47|S1|T177,47,1,1.0,0.6551424546019657,1,1.0,0.0,0.0,0.0,False,False,False
WBCIC,47|S1|T178,47,0,0.0,0.1658318775461344,0,1.0,0.0,0.0,0.0,True,False,False
WBCIC,47|S1|T179,47,1,0.0,0.22122695527959732,0,1.0,0.0,0.0,0.0,True,False,False
WBCIC,47|S1|T18,47,0,0.0,0.23578401939420776,0,1.0,0.0,0.0,0.0,True,False,False
WBCIC,47|S1|T180,47,1,0.6666666666666666,0.4473219416938854,0,1.0,0.0,0.0,0.0,False,False,False
WBCIC,47|S1|T181,47,0,0.0,0.2843872761628324,0,1.0,0.0,0.0,0.0,True,False,False
WBCIC,47|S1|T182,47,1,0.33333333333333326,0.4542888989228285,0,1.0,0.0,0.0,0.0,False,False,False
WBCIC,47|S1|T183,47,0,0.0,0.316806255175466,0,1.0,0.0,0.0,0.0,False,False,False
WBCIC,47|S1|T184,47,1,0.0,0.6493843562691416,1,1.0,0.0,0.0,0.0,False,False,False
WBCIC,47|S1|T185,47,0,0.33333333333333326,0.6750548225216334,1,1.0,0.0,0.0,0.0,False,False,False
WBCIC,47|S1|T186,47,0,0.33333333333333326,0.3791581558742263,0,0.7559978459623431,0.24400215403765696,0.0,0.24400215403765696,False,False,False
WBCIC,47|S1|T187,47,0,0.0,0.3150498966361587,0,1.0,0.0,0.0,0.0,False,False,False
WBCIC,47|S1|T188,47,1,0.0,0.8233196102241561,1,1.0,0.0,0.0,0.0,True,False,False
WBCIC,47|S1|T189,47,1,1.0,0.5912721884929417,1,1.0,0.0,0.0,0.0,False,False,False
WBCIC,47|S1|T19,47,1,0.0,0.23817743034009575,0,1.0,0.0,0.0,0.0,True,False,False
WBCIC,47|S1|T190,47,0,0.0,0.2641995769558257,0,1.0,0.0,0.0,0.0,True,False,False
WBCIC,47|S1|T191,47,0,0.0,0.273595422542676,0,1.0,0.0,0.0,0.0,True,False,False
WBCIC,47|S1|T192,47,0,0.0,0.1869249846681844,0,1.0,0.0,0.0,0.0,True,False,False
WBCIC,47|S1|T193,47,0,0.0,0.39064899771398937,0,1.0,0.0,0.0,0.0,False,False,False
WBCIC,47|S1|T194,47,0,1.0,0.4790861241153503,0,1.0,0.0,0.0,0.0,False,False,False
WBCIC,47|S1|T195,47,1,0.33333333333333326,0.40810738081809106,0,1.0,0.0,0.0,0.0,False,False,False
WBCIC,47|S1|T196,47,1,1.0,0.609481817323232,1,1.0,0.0,0.0,0.0,False,False,False
WBCIC,47|S1|T197,47,1,0.0,0.7360943311018883,1,1.0,0.0,0.0,0.0,True,False,False
WBCIC,47|S1|T198,47,1,1.0,0.4951642531456124,0,1.0,0.0,0.0,0.0,False,False,False
WBCIC,47|S1|T199,47,0,0.6666666666666666,0.5463700072748938,1,0.6426875481239274,0.0,0.3573124518760726,0.3573124518760726,False,False,False
WBCIC,47|S1|T2,47,1,0.0,0.21482842948641712,0,1.0,0.0,0.0,0.0,True,False,False
WBCIC,47|S1|T20,47,0,0.0,0.20085668791496528,0,1.0,0.0,0.0,0.0,True,False,False
WBCIC,47|S1|T21,47,1,0.6666666666666667,0.6109850810776583,1,1.0,0.0,0.0,0.0,False,False,False
WBCIC,47|S1|T22,47,1,1.0,0.5872838125101348,1,0.3401085537704394,0.33662209917968805,0.3232693470498725,0.6598914462295605,False,False,False
WBCIC,47|S1|T23,47,0,0.33333333333333326,0.3992052326082223,0,1.0,0.0,0.0,0.0,False,False,False
WBCIC,47|S1|T24,47,0,0.0,0.19600059602762465,0,1.0,0.0,0.0,0.0,True,False,False
WBCIC,47|S1|T25,47,0,0.0,0.2457249557833582,0,1.0,0.0,0.0,0.0,True,False,False
WBCIC,47|S1|T26,47,0,0.0,0.13644372597319485,0,1.0,0.0,0.0,0.0,True,False,False
WBCIC,47|S1|T27,47,1,1.0,0.6469333792563722,1,1.0,0.0,0.0,0.0,False,False,False
WBCIC,47|S1|T28,47,1,0.6666666666666667,0.692559444163506,1,1.0,0.0,0.0,0.0,False,False,False
WBCIC,47|S1|T29,47,1,0.0,0.7489073891687461,1,1.0,0.0,0.0,0.0,True,False,False
WBCIC,47|S1|T3,47,0,0.0,0.16755425686940253,0,1.0,0.0,0.0,0.0,True,False,False
WBCIC,47|S1|T30,47,0,0.0,0.20393124070643445,0,1.0,0.0,0.0,0.0,True,False,False
WBCIC,47|S1|T31,47,0,0.0,0.18699997170966376,0,1.0,0.0,0.0,0.0,True,False,False
WBCIC,47|S1|T32,47,1,0.33333333333333326,0.44538834341836264,0,0.7727840803311594,0.0,0.2272159196688406,0.2272159196688406,False,False,False
WBCIC,47|S1|T33,47,0,0.0,0.19175120714776164,0,1.0,0.0,0.0,0.0,True,False,False
WBCIC,47|S1|T34,47,1,0.0,0.6737970346955744,1,1.0,0.0,0.0,0.0,False,False,False
WBCIC,47|S1|T35,47,0,0.0,0.22436214604621427,0,1.0,0.0,0.0,0.0,True,False,False
WBCIC,47|S1|T36,47,1,0.0,0.7527482594406961,1,1.0,0.0,0.0,0.0,True,False,False
WBCIC,47|S1|T37,47,1,0.0,0.33460552099206176,0,1.0,0.0,0.0,0.0,False,False,False
WBCIC,47|S1|T38,47,1,0.0,0.7741889464358865,1,1.0,0.0,0.0,0.0,True,False,False
WBCIC,47|S1|T39,47,1,0.0,0.773117292214609,1,1.0,0.0,0.0,0.0,True,False,False
WBCIC,47|S1|T4,47,0,0.0,0.21181501362974076,0,1.0,0.0,0.0,0.0,True,False,False
WBCIC,47|S1|T40,47,1,0.6666666666666667,0.6036205472461748,1,1.0,0.0,0.0,0.0,False,False,False
WBCIC,47|S1|T41,47,1,0.0,0.8132205557228103,1,1.0,0.0,0.0,0.0,True,False,False
WBCIC,47|S1|T42,47,1,0.0,0.8498400730670195,1,1.0,0.0,0.0,0.0,True,False,False
WBCIC,47|S1|T43,47,0,0.0,0.22005277090951622,0,1.0,0.0,0.0,0.0,True,False,False
WBCIC,47|S1|T44,47,0,0.0,0.29258745244052087,0,1.0,0.0,0.0,0.0,True,False,False
WBCIC,47|S1|T45,47,1,0.33333333333333326,0.6783410588864465,1,0.7758764897060904,0.22412351029390964,0.0,0.22412351029390964,False,False,False
WBCIC,47|S1|T46,47,1,0.0,0.7441923591281516,1,1.0,0.0,0.0,0.0,True,False,False
WBCIC,47|S1|T47,47,1,0.33333333333333326,0.7197765134730117,1,1.0,0.0,0.0,0.0,False,False,False
WBCIC,47|S1|T48,47,0,0.0,0.1692100729218821,0,1.0,0.0,0.0,0.0,True,False,False
WBCIC,47|S1|T49,47,0,0.0,0.17973541033977647,0,1.0,0.0,0.0,0.0,True,False,False
WBCIC,47|S1|T5,47,0,0.0,0.3491958214866515,0,1.0,0.0,0.0,0.0,False,False,False
WBCIC,47|S1|T50,47,1,0.0,0.41058588260049195,0,1.0,0.0,0.0,0.0,False,False,False
WBCIC,47|S1|T51,47,0,0.0,0.138628009495904,0,1.0,0.0,0.0,0.0,True,False,False
WBCIC,47|S1|T52,47,1,0.6666666666666667,0.577738492591808,1,1.0,0.0,0.0,0.0,False,False,False
WBCIC,47|S1|T53,47,0,0.0,0.20274332471410028,0,1.0,0.0,0.0,0.0,True,False,False
WBCIC,47|S1|T54,47,0,0.0,0.3728069030758392,0,1.0,0.0,0.0,0.0,False,False,False
WBCIC,47|S1|T55,47,0,0.0,0.22957833961307159,0,1.0,0.0,0.0,0.0,True,False,False
WBCIC,47|S1|T56,47,1,1.0,0.6198375755483616,1,0.3510749130800418,0.315303962510588,0.33362112440937014,0.6489250869199581,False,False,False
WBCIC,47|S1|T57,47,1,0.6666666666666667,0.6520604821878102,1,1.0,0.0,0.0,0.0,False,False,False
WBCIC,47|S1|T58,47,0,0.0,0.20408175579944607,0,1.0,0.0,0.0,0.0,True,False,False
WBCIC,47|S1|T59,47,1,0.6666666666666666,0.47254529262208717,0,1.0,0.0,0.0,0.0,False,False,False
WBCIC,47|S1|T6,47,1,0.0,0.8572122281544713,1,1.0,0.0,0.0,0.0,True,False,False
WBCIC,47|S1|T60,47,0,0.0,0.14133271391623614,0,1.0,0.0,0.0,0.0,True,False,False
WBCIC,47|S1|T61,47,0,0.0,0.1949907756840951,0,1.0,0.0,0.0,0.0,True,False,False
WBCIC,47|S1|T62,47,1,0.0,0.7835954304820952,1,1.0,0.0,0.0,0.0,True,False,False
WBCIC,47|S1|T63,47,0,0.0,0.17995571519555498,0,1.0,0.0,0.0,0.0,True,False,False
WBCIC,47|S1|T64,47,0,0.0,0.16075065557467086,0,1.0,0.0,0.0,0.0,True,False,False
WBCIC,47|S1|T65,47,1,0.0,0.8108319802615478,1,1.0,0.0,0.0,0.0,True,False,False
WBCIC,47|S1|T66,47,1,0.33333333333333326,0.6919115389608331,1,1.0,0.0,0.0,0.0,False,False,False
WBCIC,47|S1|T67,47,0,0.0,0.25656141352800255,0,1.0,0.0,0.0,0.0,True,False,False
WBCIC,47|S1|T68,47,0,0.0,0.23941876046630026,0,1.0,0.0,0.0,0.0,True,False,False
WBCIC,47|S1|T69,47,1,0.0,0.7348400709813866,1,1.0,0.0,0.0,0.0,True,False,False
WBCIC,47|S1|T7,47,1,0.0,0.731464269815164,1,1.0,0.0,0.0,0.0,True,False,False
WBCIC,47|S1|T70,47,1,0.6666666666666667,0.6201715812317958,1,0.6305563594866286,0.36944364051337153,0.0,0.36944364051337153,False,False,False
WBCIC,47|S1|T71,47,0,0.0,0.12129351743956975,0,1.0,0.0,0.0,0.0,True,False,False
WBCIC,47|S1|T72,47,1,0.0,0.2784385872936824,0,1.0,0.0,0.0,0.0,True,False,False
WBCIC,47|S1|T73,47,0,0.0,0.19357980702367847,0,1.0,0.0,0.0,0.0,True,False,False
WBCIC,47|S1|T74,47,1,0.0,0.8033042975480637,1,1.0,0.0,0.0,0.0,True,False,False
WBCIC,47|S1|T75,47,0,0.0,0.13743994914099575,0,1.0,0.0,0.0,0.0,True,False,False
WBCIC,47|S1|T76,47,1,0.6666666666666667,0.6565097386030655,1,0.644966526179905,0.35503347382009504,0.0,0.35503347382009504,False,False,False
WBCIC,47|S1|T77,47,1,0.0,0.7482609069692964,1,1.0,0.0,0.0,0.0,True,False,False
WBCIC,47|S1|T78,47,0,0.0,0.11545631009332401,0,1.0,0.0,0.0,0.0,True,False,False
WBCIC,47|S1|T79,47,0,0.0,0.26980175544351237,0,1.0,0.0,0.0,0.0,True,False,False
WBCIC,47|S1|T8,47,1,0.0,0.7757025665244995,1,1.0,0.0,0.0,0.0,True,False,False
WBCIC,47|S1|T80,47,1,0.0,0.7296356084072836,1,1.0,0.0,0.0,0.0,True,False,False
WBCIC,47|S1|T81,47,1,0.0,0.7142009026967394,1,1.0,0.0,0.0,0.0,True,False,False
WBCIC,47|S1|T82,47,0,0.0,0.20864365901961826,0,1.0,0.0,0.0,0.0,True,False,False
WBCIC,47|S1|T83,47,0,1.0,0.4955708969056753,0,1.0,0.0,0.0,0.0,False,False,False
WBCIC,47|S1|T84,47,1,0.0,0.2694913552289924,0,1.0,0.0,0.0,0.0,True,False,False
WBCIC,47|S1|T85,47,0,0.0,0.389549167721355,0,1.0,0.0,0.0,0.0,False,False,False
WBCIC,47|S1|T86,47,1,1.0,0.5189474216643938,1,0.48476048040578334,0.5152395195942167,0.0,0.5152395195942167,False,False,False
WBCIC,47|S1|T87,47,1,0.0,0.24187846111388142,0,1.0,0.0,0.0,0.0,True,False,False
WBCIC,47|S1|T88,47,0,0.0,0.39574261942860334,0,1.0,0.0,0.0,0.0,False,False,False
WBCIC,47|S1|T89,47,0,0.0,0.3674668375582118,0,1.0,0.0,0.0,0.0,False,False,False
WBCIC,47|S1|T9,47,0,0.0,0.1861495070663948,0,1.0,0.0,0.0,0.0,True,False,False
WBCIC,47|S1|T90,47,0,0.0,0.24294029968881845,0,1.0,0.0,0.0,0.0,True,False,False
WBCIC,47|S1|T91,47,0,0.0,0.29420949133731306,0,1.0,0.0,0.0,0.0,True,False,False
WBCIC,47|S1|T92,47,1,0.0,0.3459855111638681,0,1.0,0.0,0.0,0.0,False,False,False
WBCIC,47|S1|T93,47,0,0.0,0.16454630915377563,0,1.0,0.0,0.0,0.0,True,False,False
WBCIC,47|S1|T94,47,1,0.0,0.6238001808920036,1,1.0,0.0,0.0,0.0,False,False,False
WBCIC,47|S1|T95,47,0,0.0,0.16025203718271783,0,1.0,0.0,0.0,0.0,True,False,False
WBCIC,47|S1|T96,47,1,0.6666666666666666,0.4405302676438363,0,0.6365922884092702,0.0,0.36340771159072977,0.36340771159072977,False,False,False
WBCIC,47|S1|T97,47,0,0.0,0.23191671925433224,0,1.0,0.0,0.0,0.0,True,False,False
WBCIC,47|S1|T98,47,1,0.33333333333333326,0.6534604637435283,1,0.7723748969716193,0.22762510302838063,0.0,0.22762510302838063,False,False,False
WBCIC,47|S1|T99,47,1,0.33333333333333326,0.5972295553742434,1,0.7729024064766843,0.22709759352331568,0.0,0.22709759352331568,False,False,False
WBCIC,48|S1|T0,48,0,0.0,0.13452992884320406,0,1.0,0.0,0.0,0.0,True,False,False
WBCIC,48|S1|T1,48,0,0.33333333333333326,0.38079391151459135,0,1.0,0.0,0.0,0.0,False,False,False
WBCIC,48|S1|T10,48,0,0.0,0.20268663270623666,0,1.0,0.0,0.0,0.0,True,False,False
WBCIC,48|S1|T100,48,1,0.6666666666666667,0.7062461712196688,1,1.0,0.0,0.0,0.0,False,False,False
WBCIC,48|S1|T101,48,0,0.33333333333333326,0.3536258538965074,0,1.0,0.0,0.0,0.0,False,False,False
WBCIC,48|S1|T102,48,0,0.6666666666666666,0.4850948466346194,0,1.0,0.0,0.0,0.0,False,False,False
WBCIC,48|S1|T103,48,0,0.0,0.21093093284425546,0,1.0,0.0,0.0,0.0,True,False,False
WBCIC,48|S1|T104,48,0,0.0,0.28711681268655925,0,1.0,0.0,0.0,0.0,True,False,False
WBCIC,48|S1|T105,48,1,0.0,0.3136551843714655,0,1.0,0.0,0.0,0.0,False,False,False
WBCIC,48|S1|T106,48,1,0.0,0.7225576706921761,1,1.0,0.0,0.0,0.0,True,False,False
WBCIC,48|S1|T107,48,1,1.0,0.551026367243924,1,1.0,0.0,0.0,0.0,False,False,False
WBCIC,48|S1|T108,48,1,0.0,0.7523362212486285,1,1.0,0.0,0.0,0.0,True,False,False
WBCIC,48|S1|T109,48,1,0.33333333333333326,0.7267347965340382,1,1.0,0.0,0.0,0.0,False,False,False
WBCIC,48|S1|T11,48,1,0.0,0.7145893516009671,1,1.0,0.0,0.0,0.0,True,False,False
WBCIC,48|S1|T110,48,0,1.0,0.478520674279457,0,1.0,0.0,0.0,0.0,False,False,False
WBCIC,48|S1|T111,48,0,0.33333333333333326,0.2818493407144685,0,1.0,0.0,0.0,0.0,False,False,False
WBCIC,48|S1|T112,48,1,0.0,0.7198196933652706,1,1.0,0.0,0.0,0.0,True,False,False
WBCIC,48|S1|T113,48,0,0.0,0.11694898258122581,0,1.0,0.0,0.0,0.0,True,False,False
WBCIC,48|S1|T114,48,1,0.0,0.6355140540803331,1,1.0,0.0,0.0,0.0,False,False,False
WBCIC,48|S1|T115,48,1,0.0,0.7387361507938685,1,1.0,0.0,0.0,0.0,True,False,False
WBCIC,48|S1|T116,48,1,0.0,0.8052752116969749,1,1.0,0.0,0.0,0.0,True,False,False
WBCIC,48|S1|T117,48,1,0.0,0.8030140740524301,1,1.0,0.0,0.0,0.0,True,False,False
WBCIC,48|S1|T118,48,1,0.6666666666666666,0.5403498320106259,1,0.4763048882848527,0.2599676960406085,0.2637274156745388,0.5236951117151473,False,False,False
WBCIC,48|S1|T119,48,1,0.33333333333333326,0.6006145693177828,1,1.0,0.0,0.0,0.0,False,False,False
WBCIC,48|S1|T12,48,1,0.0,0.8071027164913822,1,1.0,0.0,0.0,0.0,True,False,False
WBCIC,48|S1|T120,48,0,0.0,0.28413412867339877,0,1.0,0.0,0.0,0.0,True,False,False
WBCIC,48|S1|T121,48,1,0.0,0.6660966599213707,1,1.0,0.0,0.0,0.0,False,False,False
WBCIC,48|S1|T122,48,1,0.6666666666666667,0.6636900913645424,1,1.0,0.0,0.0,0.0,False,False,False
WBCIC,48|S1|T123,48,0,0.33333333333333326,0.4517565303161928,0,1.0,0.0,0.0,0.0,False,False,False
WBCIC,48|S1|T124,48,0,0.33333333333333326,0.3983080141954953,0,1.0,0.0,0.0,0.0,False,False,False
WBCIC,48|S1|T125,48,0,0.0,0.22019191987095685,0,1.0,0.0,0.0,0.0,True,False,False
WBCIC,48|S1|T126,48,1,0.0,0.8221676364499949,1,1.0,0.0,0.0,0.0,True,False,False
WBCIC,48|S1|T127,48,1,0.0,0.7952387707590631,1,1.0,0.0,0.0,0.0,True,False,False
WBCIC,48|S1|T128,48,1,0.0,0.6789883936536839,1,1.0,0.0,0.0,0.0,False,False,False
WBCIC,48|S1|T129,48,1,0.6666666666666667,0.5180616308772038,1,0.6457636538451723,0.3542363461548277,0.0,0.3542363461548277,False,False,False
WBCIC,48|S1|T13,48,1,0.33333333333333326,0.6869149894113801,1,1.0,0.0,0.0,0.0,False,False,False
WBCIC,48|S1|T130,48,0,0.0,0.10532772651246218,0,1.0,0.0,0.0,0.0,True,False,False
WBCIC,48|S1|T131,48,1,0.0,0.6852547795661592,1,1.0,0.0,0.0,0.0,False,False,False
WBCIC,48|S1|T132,48,0,0.6666666666666667,0.5329603509308128,1,0.6540608932292143,0.0,0.34593910677078565,0.34593910677078565,False,False,False
WBCIC,48|S1|T133,48,1,0.6666666666666666,0.48087724248237773,0,1.0,0.0,0.0,0.0,False,False,False
WBCIC,48|S1|T134,48,1,0.0,0.7543502157237868,1,1.0,0.0,0.0,0.0,True,False,False
WBCIC,48|S1|T135,48,0,0.0,0.25693025392373653,0,1.0,0.0,0.0,0.0,True,False,False
WBCIC,48|S1|T136,48,1,0.33333333333333326,0.5385533329873183,1,1.0,0.0,0.0,0.0,False,False,False
WBCIC,48|S1|T137,48,0,0.0,0.15451065696119115,0,1.0,0.0,0.0,0.0,True,False,False
WBCIC,48|S1|T138,48,0,0.0,0.17183313663496133,0,1.0,0.0,0.0,0.0,True,False,False
WBCIC,48|S1|T139,48,1,0.0,0.7219653664607805,1,1.0,0.0,0.0,0.0,True,False,False
WBCIC,48|S1|T14,48,1,0.0,0.2687729610367855,0,1.0,0.0,0.0,0.0,True,False,False
WBCIC,48|S1|T140,48,1,0.33333333333333326,0.7181467198266618,1,1.0,0.0,0.0,0.0,False,False,False
WBCIC,48|S1|T141,48,0,0.0,0.19679906512070433,0,1.0,0.0,0.0,0.0,True,False,False
WBCIC,48|S1|T142,48,0,0.0,0.2878209030939723,0,1.0,0.0,0.0,0.0,True,False,False
WBCIC,48|S1|T143,48,1,0.33333333333333326,0.3923072325527414,0,1.0,0.0,0.0,0.0,False,False,False
WBCIC,48|S1|T144,48,1,0.0,0.7023826110731061,1,1.0,0.0,0.0,0.0,True,False,False
WBCIC,48|S1|T145,48,0,0.0,0.3793177906523841,0,1.0,0.0,0.0,0.0,False,False,False
WBCIC,48|S1|T146,48,0,1.0,0.5176908286599163,1,1.0,0.0,0.0,0.0,False,False,False
WBCIC,48|S1|T147,48,0,0.33333333333333326,0.41378877313476853,0,1.0,0.0,0.0,0.0,False,False,False
WBCIC,48|S1|T148,48,1,0.6666666666666667,0.5731932507602524,1,1.0,0.0,0.0,0.0,False,False,False
WBCIC,48|S1|T149,48,0,1.0,0.5043471491628629,1,1.0,0.0,0.0,0.0,False,False,False
WBCIC,48|S1|T15,48,0,0.0,0.2411220880164704,0,1.0,0.0,0.0,0.0,True,False,False
WBCIC,48|S1|T150,48,0,0.0,0.35423895911987113,0,1.0,0.0,0.0,0.0,False,False,False
WBCIC,48|S1|T151,48,0,0.33333333333333326,0.3883014771340687,0,1.0,0.0,0.0,0.0,False,False,False
WBCIC,48|S1|T152,48,0,1.0,0.527198053634425,1,0.5067904088489844,0.0,0.49320959115101554,0.49320959115101554,False,False,True
WBCIC,48|S1|T153,48,1,0.33333333333333326,0.7249146291171865,1,1.0,0.0,0.0,0.0,False,False,False
WBCIC,48|S1|T154,48,1,0.0,0.8467093632929378,1,1.0,0.0,0.0,0.0,True,False,False
WBCIC,48|S1|T155,48,0,0.0,0.0991798346617142,0,1.0,0.0,0.0,0.0,True,False,False
WBCIC,48|S1|T156,48,1,0.33333333333333326,0.3862155588534603,0,1.0,0.0,0.0,0.0,False,False,False
WBCIC,48|S1|T157,48,1,0.6666666666666666,0.4867690748632889,0,0.6434699183201441,0.35653008167985595,0.0,0.35653008167985595,False,False,True
WBCIC,48|S1|T158,48,1,1.0,0.4892455013025651,0,1.0,0.0,0.0,0.0,False,False,False
WBCIC,48|S1|T159,48,0,0.0,0.17179264258967317,0,1.0,0.0,0.0,0.0,True,False,False
WBCIC,48|S1|T16,48,0,0.0,0.20942270225111026,0,1.0,0.0,0.0,0.0,True,False,False
WBCIC,48|S1|T160,48,0,0.33333333333333326,0.27320601333325395,0,0.766604372992858,0.233395627007142,0.0,0.233395627007142,False,False,False
WBCIC,48|S1|T161,48,1,0.6666666666666667,0.5967233633469152,1,0.6428120399508471,0.0,0.357187960049153,0.357187960049153,False,False,False
WBCIC,48|S1|T162,48,0,0.0,0.2946529672995033,0,1.0,0.0,0.0,0.0,True,False,False
WBCIC,48|S1|T163,48,1,1.0,0.5922777508244759,1,1.0,0.0,0.0,0.0,False,False,False
WBCIC,48|S1|T164,48,1,0.33333333333333326,0.7231045264374278,1,0.7609788368809816,0.23902116311901841,0.0,0.23902116311901841,False,False,False
WBCIC,48|S1|T165,48,0,0.0,0.3058545692550548,0,1.0,0.0,0.0,0.0,False,False,False
WBCIC,48|S1|T166,48,0,0.0,0.2730747175460664,0,1.0,0.0,0.0,0.0,True,False,False
WBCIC,48|S1|T167,48,0,0.0,0.3130661620696734,0,1.0,0.0,0.0,0.0,False,False,False
WBCIC,48|S1|T168,48,1,0.0,0.738338294296273,1,1.0,0.0,0.0,0.0,True,False,False
WBCIC,48|S1|T169,48,1,0.0,0.32623334660226927,0,1.0,0.0,0.0,0.0,False,False,False
WBCIC,48|S1|T17,48,1,0.0,0.8042072253361735,1,1.0,0.0,0.0,0.0,True,False,False
WBCIC,48|S1|T170,48,0,0.0,0.26448679295764815,0,1.0,0.0,0.0,0.0,True,False,False
WBCIC,48|S1|T171,48,0,0.0,0.35512384399927593,0,1.0,0.0,0.0,0.0,False,False,False
WBCIC,48|S1|T172,48,1,1.0,0.5269727237077944,1,1.0,0.0,0.0,0.0,False,False,False
WBCIC,48|S1|T173,48,0,0.0,0.3889206041626397,0,1.0,0.0,0.0,0.0,False,False,False
WBCIC,48|S1|T174,48,1,1.0,0.48432156241876373,0,1.0,0.0,0.0,0.0,False,False,False
WBCIC,48|S1|T175,48,1,0.0,0.25138109947840465,0,1.0,0.0,0.0,0.0,True,False,False
WBCIC,48|S1|T176,48,0,0.0,0.27940730506512285,0,1.0,0.0,0.0,0.0,True,False,False
WBCIC,48|S1|T177,48,1,0.6666666666666667,0.5404377759647567,1,0.6390817376826904,0.36091826231730956,0.0,0.36091826231730956,False,False,False
WBCIC,48|S1|T178,48,0,0.0,0.2499374747188435,0,1.0,0.0,0.0,0.0,True,False,False
WBCIC,48|S1|T179,48,0,0.0,0.3070673847366758,0,1.0,0.0,0.0,0.0,False,False,False
WBCIC,48|S1|T18,48,0,0.6666666666666667,0.5721512760167484,1,0.6290516983088535,0.3709483016911464,0.0,0.3709483016911464,False,False,False
WBCIC,48|S1|T180,48,1,1.0,0.6310116809651106,1,1.0,0.0,0.0,0.0,False,False,False
WBCIC,48|S1|T181,48,1,0.33333333333333326,0.5195739556341392,1,0.7778403105626335,0.2221596894373665,0.0,0.2221596894373665,False,False,False
WBCIC,48|S1|T182,48,1,0.0,0.43629189866543744,0,1.0,0.0,0.0,0.0,False,False,False
WBCIC,48|S1|T183,48,1,0.33333333333333326,0.6758458709617711,1,1.0,0.0,0.0,0.0,False,False,False
WBCIC,48|S1|T184,48,0,0.0,0.12853343068915432,0,1.0,0.0,0.0,0.0,True,False,False
WBCIC,48|S1|T185,48,1,0.0,0.8602306639760277,1,1.0,0.0,0.0,0.0,True,False,False
WBCIC,48|S1|T186,48,0,0.0,0.17571559681077462,0,1.0,0.0,0.0,0.0,True,False,False
WBCIC,48|S1|T187,48,0,0.0,0.18347900214086243,0,1.0,0.0,0.0,0.0,True,False,False
WBCIC,48|S1|T188,48,0,0.0,0.270527357431298,0,1.0,0.0,0.0,0.0,True,False,False
WBCIC,48|S1|T189,48,1,0.33333333333333326,0.35450446189851,0,0.6276695161873057,0.18523577052708634,0.18709471328560806,0.3723304838126944,False,False,False
WBCIC,48|S1|T19,48,1,0.6666666666666666,0.48539586077601554,0,1.0,0.0,0.0,0.0,False,False,False
WBCIC,48|S1|T190,48,0,0.0,0.196259101181403,0,1.0,0.0,0.0,0.0,True,False,False
WBCIC,48|S1|T191,48,1,0.33333333333333326,0.7483449381483163,1,1.0,0.0,0.0,0.0,False,False,False
WBCIC,48|S1|T192,48,0,0.6666666666666667,0.6555111217325362,1,0.6247214942397848,0.3752785057602152,0.0,0.3752785057602152,False,False,False
WBCIC,48|S1|T193,48,1,0.0,0.6657439117608283,1,1.0,0.0,0.0,0.0,False,False,False
WBCIC,48|S1|T194,48,0,0.0,0.13988752447950056,0,1.0,0.0,0.0,0.0,True,False,False
WBCIC,48|S1|T195,48,1,0.0,0.3678044167518722,0,1.0,0.0,0.0,0.0,False,False,False
WBCIC,48|S1|T196,48,1,0.6666666666666666,0.37163306151292036,0,1.0,0.0,0.0,0.0,False,False,False
WBCIC,48|S1|T197,48,0,0.0,0.09054316881736796,0,1.0,0.0,0.0,0.0,True,False,False
WBCIC,48|S1|T198,48,0,0.0,0.2179438150918247,0,1.0,0.0,0.0,0.0,True,False,False
WBCIC,48|S1|T199,48,1,1.0,0.5640303983808302,1,0.5009059775612928,0.49909402243870715,0.0,0.49909402243870715,False,False,False
WBCIC,48|S1|T2,48,1,0.0,0.735498978957187,1,1.0,0.0,0.0,0.0,True,False,False
WBCIC,48|S1|T20,48,1,0.0,0.7105657018133623,1,1.0,0.0,0.0,0.0,True,False,False
WBCIC,48|S1|T21,48,0,0.0,0.23409606835097763,0,1.0,0.0,0.0,0.0,True,False,False
WBCIC,48|S1|T22,48,1,0.0,0.7481662926253584,1,1.0,0.0,0.0,0.0,True,False,False
WBCIC,48|S1|T23,48,0,0.0,0.1714580843860338,0,1.0,0.0,0.0,0.0,True,False,False
WBCIC,48|S1|T24,48,1,1.0,0.536692566839458,1,1.0,0.0,0.0,0.0,False,False,False
WBCIC,48|S1|T25,48,0,0.0,0.18882222088136758,0,1.0,0.0,0.0,0.0,True,False,False
WBCIC,48|S1|T26,48,0,0.6666666666666666,0.39525938328012583,0,1.0,0.0,0.0,0.0,False,False,False
WBCIC,48|S1|T27,48,1,0.0,0.7510957467403195,1,1.0,0.0,0.0,0.0,True,False,False
WBCIC,48|S1|T28,48,0,0.0,0.18760189288838625,0,1.0,0.0,0.0,0.0,True,False,False
WBCIC,48|S1|T29,48,0,0.0,0.1271786753922828,0,1.0,0.0,0.0,0.0,True,False,False
WBCIC,48|S1|T3,48,0,0.0,0.19199979110992269,0,1.0,0.0,0.0,0.0,True,False,False
WBCIC,48|S1|T30,48,1,0.6666666666666667,0.6704958471045115,1,0.6369953083115616,0.3630046916884384,0.0,0.3630046916884384,False,False,False
WBCIC,48|S1|T31,48,0,1.0,0.4309441148771531,0,0.5222785250424737,0.47772147495752626,0.0,0.47772147495752626,False,False,False
WBCIC,48|S1|T32,48,1,0.0,0.7215119987675699,1,1.0,0.0,0.0,0.0,True,False,False
WBCIC,48|S1|T33,48,0,0.0,0.32731264380142944,0,1.0,0.0,0.0,0.0,False,False,False
WBCIC,48|S1|T34,48,1,0.0,0.20020361381842136,0,1.0,0.0,0.0,0.0,True,False,False
WBCIC,48|S1|T35,48,1,0.0,0.6907491737401189,1,1.0,0.0,0.0,0.0,False,False,False
WBCIC,48|S1|T36,48,1,0.33333333333333326,0.6935162001688938,1,1.0,0.0,0.0,0.0,False,False,False
WBCIC,48|S1|T37,48,0,0.0,0.37236489532341216,0,1.0,0.0,0.0,0.0,False,False,False
WBCIC,48|S1|T38,48,0,0.0,0.10635758942622332,0,1.0,0.0,0.0,0.0,True,False,False
WBCIC,48|S1|T39,48,0,0.0,0.2184781172139774,0,1.0,0.0,0.0,0.0,True,False,False
WBCIC,48|S1|T4,48,1,0.6666666666666667,0.6770788477643378,1,0.6303702440597024,0.3696297559402975,0.0,0.3696297559402975,False,False,False
WBCIC,48|S1|T40,48,0,0.0,0.32326226137166325,0,1.0,0.0,0.0,0.0,False,False,False
WBCIC,48|S1|T41,48,1,0.6666666666666667,0.6150111117454943,1,1.0,0.0,0.0,0.0,False,False,False
WBCIC,48|S1|T42,48,0,0.0,0.08459644897986668,0,1.0,0.0,0.0,0.0,True,False,False
WBCIC,48|S1|T43,48,0,0.33333333333333326,0.43623876632031516,0,1.0,0.0,0.0,0.0,False,False,False
WBCIC,48|S1|T44,48,1,0.0,0.22927706434302664,0,1.0,0.0,0.0,0.0,True,False,False
WBCIC,48|S1|T45,48,1,0.0,0.7675981865624147,1,1.0,0.0,0.0,0.0,True,False,False
WBCIC,48|S1|T46,48,0,0.0,0.258383850348104,0,1.0,0.0,0.0,0.0,True,False,False
WBCIC,48|S1|T47,48,1,0.6666666666666667,0.5906053758641242,1,1.0,0.0,0.0,0.0,False,False,False
WBCIC,48|S1|T48,48,0,0.0,0.19175553487371644,0,1.0,0.0,0.0,0.0,True,False,False
WBCIC,48|S1|T49,48,0,0.0,0.7644564431227184,1,1.0,0.0,0.0,0.0,True,False,False
WBCIC,48|S1|T5,48,1,0.33333333333333326,0.7029457243017042,1,1.0,0.0,0.0,0.0,False,False,False
WBCIC,48|S1|T50,48,1,0.0,0.289322085968188,0,1.0,0.0,0.0,0.0,True,False,False
WBCIC,48|S1|T51,48,1,0.0,0.7055923401727003,1,1.0,0.0,0.0,0.0,True,False,False
WBCIC,48|S1|T52,48,0,0.0,0.11456789417570912,0,1.0,0.0,0.0,0.0,True,False,False
WBCIC,48|S1|T53,48,1,0.6666666666666667,0.6921138086281484,1,0.653160505388468,0.3468394946115321,0.0,0.3468394946115321,False,False,False
WBCIC,48|S1|T54,48,0,0.0,0.23932628375952655,0,1.0,0.0,0.0,0.0,True,False,False
WBCIC,48|S1|T55,48,1,0.33333333333333326,0.40538062120171175,0,1.0,0.0,0.0,0.0,False,False,False
WBCIC,48|S1|T56,48,1,0.6666666666666666,0.4604866750388218,0,0.6472512719999289,0.35274872800007107,0.0,0.35274872800007107,False,False,False
WBCIC,48|S1|T57,48,1,0.6666666666666667,0.6382393785499901,1,1.0,0.0,0.0,0.0,False,False,False
WBCIC,48|S1|T58,48,0,0.0,0.2769706285151602,0,1.0,0.0,0.0,0.0,True,False,False
WBCIC,48|S1|T59,48,0,0.0,0.19910393032895993,0,1.0,0.0,0.0,0.0,True,False,False
WBCIC,48|S1|T6,48,0,0.0,0.2213551061735144,0,1.0,0.0,0.0,0.0,True,False,False
WBCIC,48|S1|T60,48,1,0.33333333333333326,0.7366279935678094,1,1.0,0.0,0.0,0.0,False,False,False
WBCIC,48|S1|T61,48,0,0.0,0.24831168769656564,0,1.0,0.0,0.0,0.0,True,False,False
WBCIC,48|S1|T62,48,0,0.0,0.2815665513949079,0,1.0,0.0,0.0,0.0,True,False,False
WBCIC,48|S1|T63,48,0,0.0,0.23336628168592788,0,1.0,0.0,0.0,0.0,True,False,False
WBCIC,48|S1|T64,48,0,0.0,0.29628684969717045,0,1.0,0.0,0.0,0.0,True,False,False
WBCIC,48|S1|T65,48,1,0.0,0.6001477352720249,1,1.0,0.0,0.0,0.0,False,False,False
WBCIC,48|S1|T66,48,0,0.0,0.14952839259405698,0,1.0,0.0,0.0,0.0,True,False,False
WBCIC,48|S1|T67,48,0,0.0,0.2865268510339329,0,1.0,0.0,0.0,0.0,True,False,False
WBCIC,48|S1|T68,48,1,1.0,0.4421975252611999,0,1.0,0.0,0.0,0.0,False,False,False
WBCIC,48|S1|T69,48,1,0.0,0.8262594425950631,1,1.0,0.0,0.0,0.0,True,False,False
WBCIC,48|S1|T7,48,1,0.0,0.8558761045142074,1,1.0,0.0,0.0,0.0,True,False,False
WBCIC,48|S1|T70,48,1,0.33333333333333326,0.4570431118234041,0,0.7766142816926276,0.0,0.2233857183073724,0.2233857183073724,False,False,False
WBCIC,48|S1|T71,48,1,0.0,0.7270848081077147,1,1.0,0.0,0.0,0.0,True,False,False
WBCIC,48|S1|T72,48,1,0.0,0.7594360224092392,1,1.0,0.0,0.0,0.0,True,False,False
WBCIC,48|S1|T73,48,0,0.0,0.2041692432619802,0,1.0,0.0,0.0,0.0,True,False,False
WBCIC,48|S1|T74,48,1,0.0,0.9041853655282382,1,1.0,0.0,0.0,0.0,True,False,False
WBCIC,48|S1|T75,48,1,0.0,0.716470609535706,1,1.0,0.0,0.0,0.0,True,False,False
WBCIC,48|S1|T76,48,0,0.0,0.17112845851218925,0,1.0,0.0,0.0,0.0,True,False,False
WBCIC,48|S1|T77,48,0,0.0,0.11389151265184982,0,1.0,0.0,0.0,0.0,True,False,False
WBCIC,48|S1|T78,48,1,0.0,0.7237870649646655,1,1.0,0.0,0.0,0.0,True,False,False
WBCIC,48|S1|T79,48,0,0.0,0.17930417154826858,0,1.0,0.0,0.0,0.0,True,False,False
WBCIC,48|S1|T8,48,1,0.6666666666666667,0.6821906292319154,1,0.6303241616215479,0.0,0.369675838378452,0.369675838378452,False,False,False
WBCIC,48|S1|T80,48,0,0.0,0.15899016756209075,0,1.0,0.0,0.0,0.0,True,False,False
WBCIC,48|S1|T81,48,1,0.33333333333333326,0.674109161799727,1,1.0,0.0,0.0,0.0,False,False,False
WBCIC,48|S1|T82,48,0,0.0,0.13994468430921683,0,1.0,0.0,0.0,0.0,True,False,False
WBCIC,48|S1|T83,48,0,0.0,0.11495028811746083,0,1.0,0.0,0.0,0.0,True,False,False
WBCIC,48|S1|T84,48,0,0.0,0.07899183665058135,0,1.0,0.0,0.0,0.0,True,False,False
WBCIC,48|S1|T85,48,0,0.0,0.18275124198113066,0,1.0,0.0,0.0,0.0,True,False,False
WBCIC,48|S1|T86,48,0,0.0,0.2522514670093848,0,1.0,0.0,0.0,0.0,True,False,False
WBCIC,48|S1|T87,48,0,0.0,0.23474330591055872,0,1.0,0.0,0.0,0.0,True,False,False
WBCIC,48|S1|T88,48,0,0.0,0.3200812759932722,0,1.0,0.0,0.0,0.0,False,False,False
WBCIC,48|S1|T89,48,1,0.0,0.6836048102747706,1,1.0,0.0,0.0,0.0,False,False,False
WBCIC,48|S1|T9,48,0,0.33333333333333326,0.4013533208508991,0,0.7749835069557238,0.22501649304427612,0.0,0.22501649304427612,False,False,False
WBCIC,48|S1|T90,48,0,0.0,0.12267113811806708,0,1.0,0.0,0.0,0.0,True,False,False
WBCIC,48|S1|T91,48,0,0.0,0.2938074387369135,0,1.0,0.0,0.0,0.0,True,False,False
WBCIC,48|S1|T92,48,1,0.0,0.80709547394865,1,1.0,0.0,0.0,0.0,True,False,False
WBCIC,48|S1|T93,48,0,0.0,0.24596906703722968,0,1.0,0.0,0.0,0.0,True,False,False
WBCIC,48|S1|T94,48,1,1.0,0.5296527776461765,1,1.0,0.0,0.0,0.0,False,False,False
WBCIC,48|S1|T95,48,0,0.0,0.17541874475444422,0,1.0,0.0,0.0,0.0,True,False,False
WBCIC,48|S1|T96,48,0,0.0,0.1949140707589492,0,1.0,0.0,0.0,0.0,True,False,False
WBCIC,48|S1|T97,48,1,0.0,0.29105687847749295,0,1.0,0.0,0.0,0.0,True,False,False
WBCIC,48|S1|T98,48,1,1.0,0.59623887632905,1,0.33835949485422684,0.33587803435689106,0.32576247078888204,0.6616405051457731,False,False,False
WBCIC,48|S1|T99,48,1,0.33333333333333326,0.5553461908006324,1,1.0,0.0,0.0,0.0,False,False,False
WBCIC,49|S1|T0,49,0,0.0,0.17074559868343855,0,1.0,0.0,0.0,0.0,True,False,False
WBCIC,49|S1|T1,49,1,0.0,0.7476336161638688,1,1.0,0.0,0.0,0.0,True,False,False
WBCIC,49|S1|T10,49,1,0.0,0.7664372423908893,1,1.0,0.0,0.0,0.0,True,False,False
WBCIC,49|S1|T100,49,0,0.0,0.3049998671329462,0,1.0,0.0,0.0,0.0,False,False,False
WBCIC,49|S1|T101,49,1,0.0,0.8548271012225372,1,1.0,0.0,0.0,0.0,True,False,False
WBCIC,49|S1|T102,49,0,0.0,0.20324769048321534,0,1.0,0.0,0.0,0.0,True,False,False
WBCIC,49|S1|T103,49,0,0.0,0.26097918300880013,0,1.0,0.0,0.0,0.0,True,False,False
WBCIC,49|S1|T104,49,0,0.0,0.23929604518220363,0,1.0,0.0,0.0,0.0,True,False,False
WBCIC,49|S1|T105,49,1,0.33333333333333326,0.598489380955975,1,0.7621447227078656,0.0,0.2378552772921344,0.2378552772921344,False,False,False
WBCIC,49|S1|T106,49,1,0.0,0.7893781858154219,1,1.0,0.0,0.0,0.0,True,False,False
WBCIC,49|S1|T107,49,1,0.0,0.7837838303524746,1,1.0,0.0,0.0,0.0,True,False,False
WBCIC,49|S1|T108,49,1,0.33333333333333326,0.6329201264281082,1,0.7598127617525923,0.0,0.24018723824740773,0.24018723824740773,False,False,False
WBCIC,49|S1|T109,49,1,0.0,0.6026511617237588,1,1.0,0.0,0.0,0.0,False,False,False
WBCIC,49|S1|T11,49,1,0.0,0.732547592866304,1,1.0,0.0,0.0,0.0,True,False,False
WBCIC,49|S1|T110,49,0,0.0,0.3372604828256995,0,1.0,0.0,0.0,0.0,False,False,False
WBCIC,49|S1|T111,49,1,0.33333333333333326,0.5907772880954066,1,1.0,0.0,0.0,0.0,False,False,False
WBCIC,49|S1|T112,49,0,0.0,0.10279770400169223,0,1.0,0.0,0.0,0.0,True,False,False
WBCIC,49|S1|T113,49,0,0.0,0.2196726914093746,0,1.0,0.0,0.0,0.0,True,False,False
WBCIC,49|S1|T114,49,0,0.0,0.2919354572517126,0,1.0,0.0,0.0,0.0,True,False,False
WBCIC,49|S1|T115,49,0,0.0,0.1357981648061131,0,1.0,0.0,0.0,0.0,True,False,False
WBCIC,49|S1|T116,49,0,0.33333333333333326,0.3398197667858617,0,0.7636852525846324,0.23631474741536768,0.0,0.23631474741536768,False,False,False
WBCIC,49|S1|T117,49,0,0.0,0.24101502367205374,0,1.0,0.0,0.0,0.0,True,False,False
WBCIC,49|S1|T118,49,0,0.0,0.19618453752976364,0,1.0,0.0,0.0,0.0,True,False,False
WBCIC,49|S1|T119,49,0,0.0,0.20207431231334524,0,1.0,0.0,0.0,0.0,True,False,False
WBCIC,49|S1|T12,49,1,0.6666666666666667,0.6750046169734066,1,1.0,0.0,0.0,0.0,False,False,False
WBCIC,49|S1|T120,49,0,0.0,0.14428660727738582,0,1.0,0.0,0.0,0.0,True,False,False
WBCIC,49|S1|T121,49,1,0.0,0.680745207487535,1,1.0,0.0,0.0,0.0,False,False,False
WBCIC,49|S1|T122,49,0,0.0,0.26683873144360803,0,1.0,0.0,0.0,0.0,True,False,False
WBCIC,49|S1|T123,49,0,0.33333333333333326,0.34253058578552426,0,1.0,0.0,0.0,0.0,False,False,False
WBCIC,49|S1|T124,49,0,0.0,0.7094451572568512,1,1.0,0.0,0.0,0.0,True,False,False
WBCIC,49|S1|T125,49,0,0.0,0.1539759567758775,0,1.0,0.0,0.0,0.0,True,False,False
WBCIC,49|S1|T126,49,0,0.33333333333333326,0.6602438681443342,1,0.7643561890021369,0.23564381099786313,0.0,0.23564381099786313,False,False,False
WBCIC,49|S1|T127,49,0,1.0,0.44044613523936804,0,1.0,0.0,0.0,0.0,False,False,False
WBCIC,49|S1|T128,49,1,0.0,0.43628316162976405,0,1.0,0.0,0.0,0.0,False,False,False
WBCIC,49|S1|T129,49,0,0.0,0.14841068389824444,0,1.0,0.0,0.0,0.0,True,False,False
WBCIC,49|S1|T13,49,1,0.0,0.8216502690822586,1,1.0,0.0,0.0,0.0,True,False,False
WBCIC,49|S1|T130,49,0,0.6666666666666666,0.4564361743780843,0,1.0,0.0,0.0,0.0,False,False,False
WBCIC,49|S1|T131,49,0,0.0,0.1463289604749007,0,1.0,0.0,0.0,0.0,True,False,False
WBCIC,49|S1|T132,49,1,1.0,0.4875629475558321,0,1.0,0.0,0.0,0.0,False,False,False
WBCIC,49|S1|T133,49,1,0.33333333333333326,0.7477123216825579,1,1.0,0.0,0.0,0.0,False,False,False
WBCIC,49|S1|T134,49,1,0.6666666666666666,0.421577671743034,0,0.4670270765804813,0.2745531728563653,0.25841975056315336,0.5329729234195186,False,False,False
WBCIC,49|S1|T135,49,1,1.0,0.502968829875817,1,0.506337770185909,0.493662229814091,0.0,0.493662229814091,False,False,False
WBCIC,49|S1|T136,49,0,0.0,0.21772280082282156,0,1.0,0.0,0.0,0.0,True,False,False
WBCIC,49|S1|T137,49,1,0.0,0.7275457715105228,1,1.0,0.0,0.0,0.0,True,False,False
WBCIC,49|S1|T138,49,1,0.0,0.2502366307055185,0,1.0,0.0,0.0,0.0,True,False,False
WBCIC,49|S1|T139,49,1,0.33333333333333326,0.7247316223964865,1,1.0,0.0,0.0,0.0,False,False,False
WBCIC,49|S1|T14,49,0,0.0,0.20866336486223225,0,1.0,0.0,0.0,0.0,True,False,False
WBCIC,49|S1|T140,49,0,0.0,0.3118140907377794,0,1.0,0.0,0.0,0.0,False,False,False
WBCIC,49|S1|T141,49,1,0.6666666666666667,0.5304799581710415,1,0.6505690475299873,0.0,0.3494309524700127,0.3494309524700127,False,False,False
WBCIC,49|S1|T142,49,0,0.0,0.0719207752685364,0,1.0,0.0,0.0,0.0,True,False,False
WBCIC,49|S1|T143,49,1,1.0,0.5248557451979945,1,0.5131934725805183,0.4868065274194817,0.0,0.4868065274194817,False,False,False
WBCIC,49|S1|T144,49,0,0.0,0.1559347639593318,0,1.0,0.0,0.0,0.0,True,False,False
WBCIC,49|S1|T145,49,1,0.0,0.7412552080733624,1,1.0,0.0,0.0,0.0,True,False,False
WBCIC,49|S1|T146,49,0,0.0,0.16917807242901126,0,1.0,0.0,0.0,0.0,True,False,False
WBCIC,49|S1|T147,49,1,0.0,0.8534921998120836,1,1.0,0.0,0.0,0.0,True,False,False
WBCIC,49|S1|T148,49,0,0.33333333333333326,0.27426755181950385,0,0.7733509443456382,0.22664905565436186,0.0,0.22664905565436186,False,False,False
WBCIC,49|S1|T149,49,0,0.0,0.26303598298148717,0,1.0,0.0,0.0,0.0,True,False,False
WBCIC,49|S1|T15,49,1,0.0,0.7699938053289545,1,1.0,0.0,0.0,0.0,True,False,False
WBCIC,49|S1|T150,49,0,0.0,0.13406794543894465,0,1.0,0.0,0.0,0.0,True,False,False
WBCIC,49|S1|T151,49,1,0.33333333333333326,0.6414405834431579,1,1.0,0.0,0.0,0.0,False,False,False
WBCIC,49|S1|T152,49,0,0.0,0.14266544897564284,0,1.0,0.0,0.0,0.0,True,False,False
WBCIC,49|S1|T153,49,1,0.33333333333333326,0.6483454200752072,1,0.7597080333170468,0.0,0.24029196668295313,0.24029196668295313,False,False,False
WBCIC,49|S1|T154,49,1,0.0,0.6929084449630024,1,1.0,0.0,0.0,0.0,False,False,False
WBCIC,49|S1|T155,49,1,0.6666666666666667,0.5707247880291553,1,0.6299115865463326,0.37008841345366744,0.0,0.37008841345366744,False,False,False
WBCIC,49|S1|T156,49,1,0.0,0.7938791371268218,1,1.0,0.0,0.0,0.0,True,False,False
WBCIC,49|S1|T157,49,1,0.0,0.6433160164419082,1,1.0,0.0,0.0,0.0,False,False,False
WBCIC,49|S1|T158,49,1,0.33333333333333326,0.6119415977153548,1,0.7704394340307287,0.0,0.22956056596927127,0.22956056596927127,False,False,False
WBCIC,49|S1|T159,49,0,0.0,0.3140839681423316,0,1.0,0.0,0.0,0.0,False,False,False
WBCIC,49|S1|T16,49,1,1.0,0.5779971744808166,1,0.519154211233763,0.4808457887662369,0.0,0.4808457887662369,False,False,False
WBCIC,49|S1|T160,49,1,0.6666666666666666,0.43691724526615827,0,0.6330600745365941,0.366939925463406,0.0,0.366939925463406,False,False,False
WBCIC,49|S1|T161,49,0,0.0,0.17793545319019413,0,1.0,0.0,0.0,0.0,True,False,False
WBCIC,49|S1|T162,49,0,0.0,0.11786257537517443,0,1.0,0.0,0.0,0.0,True,False,False
WBCIC,49|S1|T163,49,0,0.0,0.1348516551133784,0,1.0,0.0,0.0,0.0,True,False,False
WBCIC,49|S1|T164,49,1,0.0,0.8878404747299342,1,1.0,0.0,0.0,0.0,True,False,False
WBCIC,49|S1|T165,49,0,0.33333333333333326,0.3683991212658656,0,0.7717123716047394,0.22828762839526068,0.0,0.22828762839526068,False,False,False
WBCIC,49|S1|T166,49,1,0.0,0.713986717426281,1,1.0,0.0,0.0,0.0,True,False,False
WBCIC,49|S1|T167,49,1,0.33333333333333326,0.6534911755895604,1,1.0,0.0,0.0,0.0,False,False,False
WBCIC,49|S1|T168,49,1,0.33333333333333326,0.5270363337312421,1,1.0,0.0,0.0,0.0,False,False,False
WBCIC,49|S1|T169,49,1,0.0,0.7638115595210095,1,1.0,0.0,0.0,0.0,True,False,False
WBCIC,49|S1|T17,49,0,0.0,0.2507716785535569,0,1.0,0.0,0.0,0.0,True,False,False
WBCIC,49|S1|T170,49,1,0.0,0.42242855353873,0,1.0,0.0,0.0,0.0,False,False,False
WBCIC,49|S1|T171,49,0,0.0,0.15781334673680328,0,1.0,0.0,0.0,0.0,True,False,False
WBCIC,49|S1|T172,49,0,0.0,0.29331780991854267,0,1.0,0.0,0.0,0.0,True,False,False
WBCIC,49|S1|T173,49,1,0.6666666666666667,0.6314015463125878,1,1.0,0.0,0.0,0.0,False,False,False
WBCIC,49|S1|T174,49,1,0.33333333333333326,0.6616704089908203,1,1.0,0.0,0.0,0.0,False,False,False
WBCIC,49|S1|T175,49,1,1.0,0.5449430997989158,1,0.506543451187776,0.0,0.493456548812224,0.493456548812224,False,False,False
WBCIC,49|S1|T176,49,0,0.0,0.12434846210645474,0,1.0,0.0,0.0,0.0,True,False,False
WBCIC,49|S1|T177,49,0,0.33333333333333326,0.327607045808208,0,0.7563340467618258,0.24366595323817414,0.0,0.24366595323817414,False,False,False
WBCIC,49|S1|T178,49,0,0.0,0.1363859421208574,0,1.0,0.0,0.0,0.0,True,False,False
WBCIC,49|S1|T179,49,0,0.0,0.14825288558360356,0,1.0,0.0,0.0,0.0,True,False,False
WBCIC,49|S1|T18,49,0,0.0,0.30559311206636874,0,1.0,0.0,0.0,0.0,False,False,False
WBCIC,49|S1|T180,49,0,0.0,0.1770607603822908,0,1.0,0.0,0.0,0.0,True,False,False
WBCIC,49|S1|T181,49,0,0.33333333333333326,0.29564805391343824,0,1.0,0.0,0.0,0.0,False,False,False
WBCIC,49|S1|T182,49,0,0.0,0.23545764598243824,0,1.0,0.0,0.0,0.0,True,False,False
WBCIC,49|S1|T183,49,0,0.0,0.18185596759744002,0,1.0,0.0,0.0,0.0,True,False,False
WBCIC,49|S1|T184,49,1,0.33333333333333326,0.7049139474171396,1,0.7611399767129196,0.0,0.23886002328708053,0.23886002328708053,False,False,False
WBCIC,49|S1|T185,49,0,0.0,0.08501107645421753,0,1.0,0.0,0.0,0.0,True,False,False
WBCIC,49|S1|T186,49,1,0.0,0.6972759206244583,1,1.0,0.0,0.0,0.0,False,False,False
WBCIC,49|S1|T187,49,1,0.0,0.3668576816974201,0,1.0,0.0,0.0,0.0,False,False,False
WBCIC,49|S1|T188,49,0,0.0,0.1467142407420558,0,1.0,0.0,0.0,0.0,True,False,False
WBCIC,49|S1|T189,49,1,0.0,0.6980351370854322,1,1.0,0.0,0.0,0.0,False,False,False
WBCIC,49|S1|T19,49,0,0.0,0.33110256889591966,0,1.0,0.0,0.0,0.0,False,False,False
WBCIC,49|S1|T190,49,0,0.0,0.27879416009751123,0,1.0,0.0,0.0,0.0,True,False,False
WBCIC,49|S1|T191,49,1,0.6666666666666667,0.6785457347223747,1,1.0,0.0,0.0,0.0,False,False,False
WBCIC,49|S1|T192,49,1,0.6666666666666667,0.6272025100388127,1,0.6365517975306545,0.36344820246934556,0.0,0.36344820246934556,False,False,False
WBCIC,49|S1|T193,49,1,0.33333333333333326,0.5763118834284913,1,1.0,0.0,0.0,0.0,False,False,False
WBCIC,49|S1|T194,49,0,0.0,0.13881136100128577,0,1.0,0.0,0.0,0.0,True,False,False
WBCIC,49|S1|T195,49,0,0.0,0.22431894485620715,0,1.0,0.0,0.0,0.0,True,False,False
WBCIC,49|S1|T196,49,1,1.0,0.5196093641158185,1,1.0,0.0,0.0,0.0,False,False,False
WBCIC,49|S1|T197,49,1,0.33333333333333326,0.6569433030876671,1,1.0,0.0,0.0,0.0,False,False,False
WBCIC,49|S1|T198,49,0,0.0,0.2589868373012089,0,1.0,0.0,0.0,0.0,True,False,False
WBCIC,49|S1|T199,49,1,0.33333333333333326,0.6894550378909939,1,0.7567120624773492,0.0,0.24328793752265082,0.24328793752265082,False,False,False
WBCIC,49|S1|T2,49,1,0.0,0.6399083896514443,1,1.0,0.0,0.0,0.0,False,False,False
WBCIC,49|S1|T20,49,0,0.0,0.6963496343468227,1,1.0,0.0,0.0,0.0,False,False,False
WBCIC,49|S1|T21,49,0,0.0,0.07861020203050549,0,1.0,0.0,0.0,0.0,True,False,False
WBCIC,49|S1|T22,49,0,0.0,0.08178469620547042,0,1.0,0.0,0.0,0.0,True,False,False
WBCIC,49|S1|T23,49,0,0.0,0.10969973728046035,0,1.0,0.0,0.0,0.0,True,False,False
WBCIC,49|S1|T24,49,1,0.0,0.8617431157955728,1,1.0,0.0,0.0,0.0,True,False,False
WBCIC,49|S1|T25,49,0,0.0,0.2279077090268191,0,1.0,0.0,0.0,0.0,True,False,False
WBCIC,49|S1|T26,49,0,1.0,0.3967429025396364,0,0.5238364344794094,0.47616356552059064,0.0,0.47616356552059064,False,False,False
WBCIC,49|S1|T27,49,0,0.6666666666666666,0.2877016030616475,0,0.6337526729746988,0.3662473270253012,0.0,0.3662473270253012,False,False,False
WBCIC,49|S1|T28,49,1,0.33333333333333326,0.6216877950053515,1,1.0,0.0,0.0,0.0,False,False,False
WBCIC,49|S1|T29,49,1,1.0,0.506995001635749,1,1.0,0.0,0.0,0.0,False,False,False
WBCIC,49|S1|T3,49,1,0.0,0.7439015574839406,1,1.0,0.0,0.0,0.0,True,False,False
WBCIC,49|S1|T30,49,1,1.0,0.5507492293439085,1,0.526032282430945,0.47396771756905504,0.0,0.47396771756905504,False,False,False
WBCIC,49|S1|T31,49,0,0.33333333333333326,0.38977132158383687,0,0.7676882218354146,0.0,0.2323117781645854,0.2323117781645854,False,False,False
WBCIC,49|S1|T32,49,1,0.6666666666666667,0.5330195818605171,1,1.0,0.0,0.0,0.0,False,False,False
WBCIC,49|S1|T33,49,1,1.0,0.5926971520878977,1,1.0,0.0,0.0,0.0,False,False,False
WBCIC,49|S1|T34,49,1,0.33333333333333326,0.5703483442877286,1,1.0,0.0,0.0,0.0,False,False,False
WBCIC,49|S1|T35,49,0,1.0,0.5125808599096607,1,1.0,0.0,0.0,0.0,False,False,False
WBCIC,49|S1|T36,49,0,0.0,0.10459411925313966,0,1.0,0.0,0.0,0.0,True,False,False
WBCIC,49|S1|T37,49,0,0.0,0.19616420712010338,0,1.0,0.0,0.0,0.0,True,False,False
WBCIC,49|S1|T38,49,0,0.0,0.22243258874136593,0,1.0,0.0,0.0,0.0,True,False,False
WBCIC,49|S1|T39,49,0,0.33333333333333326,0.4052624880413591,0,1.0,0.0,0.0,0.0,False,False,False
WBCIC,49|S1|T4,49,0,0.0,0.17189011524313016,0,1.0,0.0,0.0,0.0,True,False,False
WBCIC,49|S1|T40,49,1,1.0,0.5476698564792672,1,1.0,0.0,0.0,0.0,False,False,False
WBCIC,49|S1|T41,49,0,0.0,0.21844765565054503,0,1.0,0.0,0.0,0.0,True,False,False
WBCIC,49|S1|T42,49,0,0.0,0.14214614988696084,0,1.0,0.0,0.0,0.0,True,False,False
WBCIC,49|S1|T43,49,1,0.0,0.8675786076739854,1,1.0,0.0,0.0,0.0,True,False,False
WBCIC,49|S1|T44,49,1,0.0,0.749282416729104,1,1.0,0.0,0.0,0.0,True,False,False
WBCIC,49|S1|T45,49,1,0.0,0.2251072018235358,0,1.0,0.0,0.0,0.0,True,False,False
WBCIC,49|S1|T46,49,1,1.0,0.5336850290347327,1,1.0,0.0,0.0,0.0,False,False,False
WBCIC,49|S1|T47,49,0,0.0,0.12848183720406123,0,1.0,0.0,0.0,0.0,True,False,False
WBCIC,49|S1|T48,49,0,0.0,0.16853109787960194,0,1.0,0.0,0.0,0.0,True,False,False
WBCIC,49|S1|T49,49,0,0.0,0.14942432227658337,0,1.0,0.0,0.0,0.0,True,False,False
WBCIC,49|S1|T5,49,1,1.0,0.5038024532323839,1,0.5251013598783292,0.0,0.4748986401216708,0.4748986401216708,False,True,False
WBCIC,49|S1|T50,49,1,0.6666666666666666,0.4299762706011793,0,1.0,0.0,0.0,0.0,False,False,False
WBCIC,49|S1|T51,49,0,0.0,0.10573774144563407,0,1.0,0.0,0.0,0.0,True,False,False
WBCIC,49|S1|T52,49,0,0.0,0.2773612770464789,0,1.0,0.0,0.0,0.0,True,False,False
WBCIC,49|S1|T53,49,1,0.0,0.7738289675551075,1,1.0,0.0,0.0,0.0,True,False,False
WBCIC,49|S1|T54,49,1,0.0,0.8074567591538381,1,1.0,0.0,0.0,0.0,True,False,False
WBCIC,49|S1|T55,49,0,0.33333333333333326,0.2815417547801288,0,0.7564239678288779,0.24357603217112214,0.0,0.24357603217112214,False,False,False
WBCIC,49|S1|T56,49,0,0.0,0.21202064778226534,0,1.0,0.0,0.0,0.0,True,False,False
WBCIC,49|S1|T57,49,0,0.0,0.21536770197157806,0,1.0,0.0,0.0,0.0,True,False,False
WBCIC,49|S1|T58,49,1,0.0,0.7528898238440859,1,1.0,0.0,0.0,0.0,True,False,False
WBCIC,49|S1|T59,49,1,0.0,0.7771659508301294,1,1.0,0.0,0.0,0.0,True,False,False
WBCIC,49|S1|T6,49,1,0.33333333333333326,0.3953950348601037,0,1.0,0.0,0.0,0.0,False,False,False
WBCIC,49|S1|T60,49,0,0.0,0.3149143241383647,0,1.0,0.0,0.0,0.0,False,False,False
WBCIC,49|S1|T61,49,0,0.0,0.1002336685775096,0,1.0,0.0,0.0,0.0,True,False,False
WBCIC,49|S1|T62,49,1,0.6666666666666667,0.5495773181055521,1,1.0,0.0,0.0,0.0,False,False,False
WBCIC,49|S1|T63,49,1,0.0,0.8486007880731936,1,1.0,0.0,0.0,0.0,True,False,False
WBCIC,49|S1|T64,49,1,0.33333333333333326,0.462662204614115,0,0.7666001203378764,0.0,0.23339987966212358,0.23339987966212358,False,False,False
WBCIC,49|S1|T65,49,0,0.0,0.3392511190295497,0,1.0,0.0,0.0,0.0,False,False,False
WBCIC,49|S1|T66,49,0,0.33333333333333326,0.3108376215954377,0,0.7749388165177367,0.22506118348226328,0.0,0.22506118348226328,False,False,False
WBCIC,49|S1|T67,49,1,0.33333333333333326,0.4617674511762006,0,1.0,0.0,0.0,0.0,False,False,False
WBCIC,49|S1|T68,49,1,0.0,0.7154759158439615,1,1.0,0.0,0.0,0.0,True,False,False
WBCIC,49|S1|T69,49,0,0.0,0.21775256801324783,0,1.0,0.0,0.0,0.0,True,False,False
WBCIC,49|S1|T7,49,0,0.0,0.3284517677466727,0,1.0,0.0,0.0,0.0,False,False,False
WBCIC,49|S1|T70,49,0,0.0,0.09747429374502642,0,1.0,0.0,0.0,0.0,True,False,False
WBCIC,49|S1|T71,49,0,0.0,0.25621079255191503,0,1.0,0.0,0.0,0.0,True,False,False
WBCIC,49|S1|T72,49,1,1.0,0.48273977448229083,0,1.0,0.0,0.0,0.0,False,False,False
WBCIC,49|S1|T73,49,1,0.0,0.6567417044476321,1,1.0,0.0,0.0,0.0,False,False,False
WBCIC,49|S1|T74,49,0,1.0,0.3853880053300607,0,1.0,0.0,0.0,0.0,False,False,False
WBCIC,49|S1|T75,49,0,0.33333333333333326,0.3735182503587527,0,1.0,0.0,0.0,0.0,False,False,False
WBCIC,49|S1|T76,49,1,0.0,0.17848554141613535,0,1.0,0.0,0.0,0.0,True,False,False
WBCIC,49|S1|T77,49,0,0.0,0.19684265731371067,0,1.0,0.0,0.0,0.0,True,False,False
WBCIC,49|S1|T78,49,1,1.0,0.5255272252639075,1,1.0,0.0,0.0,0.0,False,False,False
WBCIC,49|S1|T79,49,1,0.0,0.656385597250409,1,1.0,0.0,0.0,0.0,False,False,False
WBCIC,49|S1|T8,49,1,0.0,0.26902776604086415,0,1.0,0.0,0.0,0.0,True,False,False
WBCIC,49|S1|T80,49,1,0.0,0.3220847585756336,0,1.0,0.0,0.0,0.0,False,False,False
WBCIC,49|S1|T81,49,1,0.0,0.8540168247258789,1,1.0,0.0,0.0,0.0,True,False,False
WBCIC,49|S1|T82,49,1,0.0,0.7752514618784941,1,1.0,0.0,0.0,0.0,True,False,False
WBCIC,49|S1|T83,49,1,0.0,0.77309839397868,1,1.0,0.0,0.0,0.0,True,False,False
WBCIC,49|S1|T84,49,1,0.0,0.7699463926931506,1,1.0,0.0,0.0,0.0,True,False,False
WBCIC,49|S1|T85,49,0,0.0,0.13180707820372164,0,1.0,0.0,0.0,0.0,True,False,False
WBCIC,49|S1|T86,49,1,0.0,0.8103427579636368,1,1.0,0.0,0.0,0.0,True,False,False
WBCIC,49|S1|T87,49,0,0.0,0.17073633519616618,0,1.0,0.0,0.0,0.0,True,False,False
WBCIC,49|S1|T88,49,0,0.0,0.17971403936812605,0,1.0,0.0,0.0,0.0,True,False,False
WBCIC,49|S1|T89,49,1,0.6666666666666667,0.7013130264174626,1,1.0,0.0,0.0,0.0,False,False,False
WBCIC,49|S1|T9,49,1,0.0,0.7623347702428841,1,1.0,0.0,0.0,0.0,True,False,False
WBCIC,49|S1|T90,49,1,0.0,0.7108544288150158,1,1.0,0.0,0.0,0.0,True,False,False
WBCIC,49|S1|T91,49,0,0.33333333333333326,0.2638771428651689,0,1.0,0.0,0.0,0.0,False,False,False
WBCIC,49|S1|T92,49,0,0.0,0.2627528349545549,0,1.0,0.0,0.0,0.0,True,False,False
WBCIC,49|S1|T93,49,1,0.6666666666666667,0.6373804804903477,1,1.0,0.0,0.0,0.0,False,False,False
WBCIC,49|S1|T94,49,0,0.0,0.18616743956048795,0,1.0,0.0,0.0,0.0,True,False,False
WBCIC,49|S1|T95,49,1,0.33333333333333326,0.6790713206396736,1,1.0,0.0,0.0,0.0,False,False,False
WBCIC,49|S1|T96,49,0,0.0,0.29217251769271724,0,1.0,0.0,0.0,0.0,True,False,False
WBCIC,49|S1|T97,49,1,0.0,0.7458524464549724,1,1.0,0.0,0.0,0.0,True,False,False
WBCIC,49|S1|T98,49,1,0.0,0.3239026663851278,0,1.0,0.0,0.0,0.0,False,False,False
WBCIC,49|S1|T99,49,1,0.0,0.7976769282341997,1,1.0,0.0,0.0,0.0,True,False,False
WBCIC,50|S1|T0,50,0,0.0,0.13686293363909469,0,1.0,0.0,0.0,0.0,True,False,False
WBCIC,50|S1|T1,50,0,0.0,0.0991690208136277,0,1.0,0.0,0.0,0.0,True,False,False
WBCIC,50|S1|T10,50,0,0.0,0.1527076395586801,0,1.0,0.0,0.0,0.0,True,False,False
WBCIC,50|S1|T100,50,1,0.0,0.8414830323928345,1,1.0,0.0,0.0,0.0,True,False,False
WBCIC,50|S1|T101,50,1,0.0,0.7774084312856816,1,1.0,0.0,0.0,0.0,True,False,False
WBCIC,50|S1|T102,50,0,0.0,0.13227157721970603,0,1.0,0.0,0.0,0.0,True,False,False
WBCIC,50|S1|T103,50,1,0.6666666666666667,0.6803608584935333,1,1.0,0.0,0.0,0.0,False,False,False
WBCIC,50|S1|T104,50,0,0.0,0.14543516953438848,0,1.0,0.0,0.0,0.0,True,False,False
WBCIC,50|S1|T105,50,0,0.0,0.17090180363523408,0,1.0,0.0,0.0,0.0,True,False,False
WBCIC,50|S1|T106,50,1,1.0,0.5644244464303962,1,0.5035656598511193,0.0,0.49643434014888066,0.49643434014888066,False,False,False
WBCIC,50|S1|T107,50,0,0.0,0.16115634555188296,0,1.0,0.0,0.0,0.0,True,False,False
WBCIC,50|S1|T108,50,1,0.0,0.7414894530397711,1,1.0,0.0,0.0,0.0,True,False,False
WBCIC,50|S1|T109,50,0,0.0,0.29326209259727587,0,1.0,0.0,0.0,0.0,True,False,False
WBCIC,50|S1|T11,50,0,0.0,0.1663693064425264,0,1.0,0.0,0.0,0.0,True,False,False
WBCIC,50|S1|T110,50,0,0.0,0.21827833499598193,0,1.0,0.0,0.0,0.0,True,False,False
WBCIC,50|S1|T111,50,0,0.0,0.0815313042798932,0,1.0,0.0,0.0,0.0,True,False,False
WBCIC,50|S1|T112,50,1,0.33333333333333326,0.66107321463383,1,1.0,0.0,0.0,0.0,False,False,False
WBCIC,50|S1|T113,50,1,0.0,0.7603296015517852,1,1.0,0.0,0.0,0.0,True,False,False
WBCIC,50|S1|T114,50,1,1.0,0.6623267717773493,1,0.5019549511299669,0.49804504887003304,0.0,0.49804504887003304,False,False,False
WBCIC,50|S1|T115,50,0,0.0,0.13777151246825645,0,1.0,0.0,0.0,0.0,True,False,False
WBCIC,50|S1|T116,50,0,0.0,0.1913158365609676,0,1.0,0.0,0.0,0.0,True,False,False
WBCIC,50|S1|T117,50,0,0.0,0.13761112186694546,0,1.0,0.0,0.0,0.0,True,False,False
WBCIC,50|S1|T118,50,0,0.0,0.1281641735098997,0,1.0,0.0,0.0,0.0,True,False,False
WBCIC,50|S1|T119,50,0,0.0,0.1774696004891251,0,1.0,0.0,0.0,0.0,True,False,False
WBCIC,50|S1|T12,50,1,0.0,0.7020260744161647,1,1.0,0.0,0.0,0.0,True,False,False
WBCIC,50|S1|T120,50,1,0.0,0.7921680023460241,1,1.0,0.0,0.0,0.0,True,False,False
WBCIC,50|S1|T121,50,1,0.0,0.23089325242545133,0,1.0,0.0,0.0,0.0,True,False,False
WBCIC,50|S1|T122,50,0,0.0,0.16655966428404914,0,1.0,0.0,0.0,0.0,True,False,False
WBCIC,50|S1|T123,50,1,0.33333333333333326,0.7302288511101399,1,1.0,0.0,0.0,0.0,False,False,False
WBCIC,50|S1|T124,50,0,0.0,0.13789980761791154,0,1.0,0.0,0.0,0.0,True,False,False
WBCIC,50|S1|T125,50,0,0.0,0.11187978211440892,0,1.0,0.0,0.0,0.0,True,False,False
WBCIC,50|S1|T126,50,0,0.0,0.2609897816717066,0,1.0,0.0,0.0,0.0,True,False,False
WBCIC,50|S1|T127,50,0,0.0,0.17191282881990164,0,1.0,0.0,0.0,0.0,True,False,False
WBCIC,50|S1|T128,50,0,0.0,0.13800233365230336,0,1.0,0.0,0.0,0.0,True,False,False
WBCIC,50|S1|T129,50,0,0.0,0.14352506491003683,0,1.0,0.0,0.0,0.0,True,False,False
WBCIC,50|S1|T13,50,1,0.0,0.319742352892246,0,1.0,0.0,0.0,0.0,False,False,False
WBCIC,50|S1|T130,50,0,0.0,0.11982212688808597,0,1.0,0.0,0.0,0.0,True,False,False
WBCIC,50|S1|T131,50,1,1.0,0.6830676756349058,1,1.0,0.0,0.0,0.0,False,False,False
WBCIC,50|S1|T132,50,0,0.0,0.16172529162788482,0,1.0,0.0,0.0,0.0,True,False,False
WBCIC,50|S1|T133,50,1,0.0,0.7745880289837647,1,1.0,0.0,0.0,0.0,True,False,False
WBCIC,50|S1|T134,50,0,0.0,0.26732967964660453,0,1.0,0.0,0.0,0.0,True,False,False
WBCIC,50|S1|T135,50,0,0.0,0.18547355106422536,0,1.0,0.0,0.0,0.0,True,False,False
WBCIC,50|S1|T136,50,1,0.0,0.2920658756424416,0,1.0,0.0,0.0,0.0,True,False,False
WBCIC,50|S1|T137,50,1,0.6666666666666667,0.7154689025327547,1,1.0,0.0,0.0,0.0,False,False,False
WBCIC,50|S1|T138,50,1,0.0,0.694725412485035,1,1.0,0.0,0.0,0.0,False,False,False
WBCIC,50|S1|T139,50,1,1.0,0.6451816997314771,1,1.0,0.0,0.0,0.0,False,False,False
WBCIC,50|S1|T14,50,1,0.6666666666666667,0.48496668270864934,0,1.0,0.0,0.0,0.0,False,False,False
WBCIC,50|S1|T140,50,1,0.33333333333333326,0.5854600879487424,1,1.0,0.0,0.0,0.0,False,False,False
WBCIC,50|S1|T141,50,1,0.33333333333333326,0.7224880429675005,1,1.0,0.0,0.0,0.0,False,False,False
WBCIC,50|S1|T142,50,1,0.0,0.6683394419082672,1,1.0,0.0,0.0,0.0,False,False,False
WBCIC,50|S1|T143,50,1,0.33333333333333326,0.47881897906558407,0,1.0,0.0,0.0,0.0,False,False,False
WBCIC,50|S1|T144,50,1,0.0,0.7341636665853833,1,1.0,0.0,0.0,0.0,True,False,False
WBCIC,50|S1|T145,50,1,0.0,0.7626572530507544,1,1.0,0.0,0.0,0.0,True,False,False
WBCIC,50|S1|T146,50,1,0.33333333333333326,0.7478455951198856,1,1.0,0.0,0.0,0.0,False,False,False
WBCIC,50|S1|T147,50,0,0.0,0.23362610871250858,0,1.0,0.0,0.0,0.0,True,False,False
WBCIC,50|S1|T148,50,0,0.6666666666666667,0.6723752604299702,1,0.6457383937458998,0.0,0.35426160625410025,0.35426160625410025,False,False,False
WBCIC,50|S1|T149,50,0,0.0,0.23545131022670615,0,1.0,0.0,0.0,0.0,True,False,False
WBCIC,50|S1|T15,50,1,0.33333333333333326,0.7199477155987717,1,1.0,0.0,0.0,0.0,False,False,False
WBCIC,50|S1|T150,50,1,0.0,0.7773294922568009,1,1.0,0.0,0.0,0.0,True,False,False
WBCIC,50|S1|T151,50,0,0.0,0.18657657291255345,0,1.0,0.0,0.0,0.0,True,False,False
WBCIC,50|S1|T152,50,1,0.6666666666666667,0.6346303433802374,1,1.0,0.0,0.0,0.0,False,False,False
WBCIC,50|S1|T153,50,0,0.0,0.14488231923348088,0,1.0,0.0,0.0,0.0,True,False,False
WBCIC,50|S1|T154,50,1,0.0,0.6662380356967162,1,1.0,0.0,0.0,0.0,False,False,False
WBCIC,50|S1|T155,50,1,0.0,0.7709904264108403,1,1.0,0.0,0.0,0.0,True,False,False
WBCIC,50|S1|T156,50,0,0.0,0.16284242978334323,0,1.0,0.0,0.0,0.0,True,False,False
WBCIC,50|S1|T157,50,0,0.0,0.22013461776306978,0,1.0,0.0,0.0,0.0,True,False,False
WBCIC,50|S1|T158,50,0,0.0,0.329743438145714,0,1.0,0.0,0.0,0.0,False,False,False
WBCIC,50|S1|T159,50,0,0.0,0.28473594623287146,0,1.0,0.0,0.0,0.0,True,False,False
WBCIC,50|S1|T16,50,0,0.0,0.14914506010304532,0,1.0,0.0,0.0,0.0,True,False,False
WBCIC,50|S1|T160,50,1,0.0,0.6835746416781504,1,1.0,0.0,0.0,0.0,False,False,False
WBCIC,50|S1|T161,50,1,0.0,0.8042207787597827,1,1.0,0.0,0.0,0.0,True,False,False
WBCIC,50|S1|T162,50,1,0.6666666666666667,0.650240699140679,1,1.0,0.0,0.0,0.0,False,False,False
WBCIC,50|S1|T163,50,1,0.0,0.7247451260789299,1,1.0,0.0,0.0,0.0,True,False,False
WBCIC,50|S1|T164,50,1,0.33333333333333326,0.7004382135249804,1,1.0,0.0,0.0,0.0,False,False,False
WBCIC,50|S1|T165,50,0,0.0,0.16627459611955892,0,1.0,0.0,0.0,0.0,True,False,False
WBCIC,50|S1|T166,50,0,0.0,0.14956534642247096,0,1.0,0.0,0.0,0.0,True,False,False
WBCIC,50|S1|T167,50,0,0.0,0.15338367966634484,0,1.0,0.0,0.0,0.0,True,False,False
WBCIC,50|S1|T168,50,0,0.0,0.14862612726125046,0,1.0,0.0,0.0,0.0,True,False,False
WBCIC,50|S1|T169,50,1,0.0,0.7618331251821263,1,1.0,0.0,0.0,0.0,True,False,False
WBCIC,50|S1|T17,50,0,0.6666666666666666,0.472523884899073,0,1.0,0.0,0.0,0.0,False,False,False
WBCIC,50|S1|T170,50,0,0.0,0.10983311348241069,0,1.0,0.0,0.0,0.0,True,False,False
WBCIC,50|S1|T171,50,0,0.33333333333333326,0.4888963497801934,0,0.7726635116193259,0.22733648838067416,0.0,0.22733648838067416,False,False,False
WBCIC,50|S1|T172,50,0,0.0,0.13301981939425728,0,1.0,0.0,0.0,0.0,True,False,False
WBCIC,50|S1|T173,50,0,0.0,0.14143421359829683,0,1.0,0.0,0.0,0.0,True,False,False
WBCIC,50|S1|T174,50,0,0.0,0.19528470284935764,0,1.0,0.0,0.0,0.0,True,False,False
WBCIC,50|S1|T175,50,1,1.0,0.6480132798735231,1,1.0,0.0,0.0,0.0,False,False,False
WBCIC,50|S1|T176,50,1,0.0,0.7188150389662975,1,1.0,0.0,0.0,0.0,True,False,False
WBCIC,50|S1|T177,50,1,0.33333333333333326,0.6578328910438351,1,1.0,0.0,0.0,0.0,False,False,False
WBCIC,50|S1|T178,50,1,0.0,0.70893039287338,1,1.0,0.0,0.0,0.0,True,False,False
WBCIC,50|S1|T179,50,0,0.0,0.2041958507212287,0,1.0,0.0,0.0,0.0,True,False,False
WBCIC,50|S1|T18,50,0,0.6666666666666666,0.49182431412984884,0,1.0,0.0,0.0,0.0,False,False,False
WBCIC,50|S1|T180,50,0,0.0,0.19895173234983465,0,1.0,0.0,0.0,0.0,True,False,False
WBCIC,50|S1|T181,50,1,1.0,0.5447248434493415,1,1.0,0.0,0.0,0.0,False,False,False
WBCIC,50|S1|T182,50,1,1.0,0.5515795524210282,1,1.0,0.0,0.0,0.0,False,False,False
WBCIC,50|S1|T183,50,1,0.0,0.757817692049573,1,1.0,0.0,0.0,0.0,True,False,False
WBCIC,50|S1|T184,50,1,0.0,0.7403678917461493,1,1.0,0.0,0.0,0.0,True,False,False
WBCIC,50|S1|T185,50,1,0.0,0.7389694665379448,1,1.0,0.0,0.0,0.0,True,False,False
WBCIC,50|S1|T186,50,0,0.0,0.2148537628751109,0,1.0,0.0,0.0,0.0,True,False,False
WBCIC,50|S1|T187,50,1,1.0,0.5324100318572138,1,1.0,0.0,0.0,0.0,False,False,False
WBCIC,50|S1|T188,50,1,0.0,0.72105783052477,1,1.0,0.0,0.0,0.0,True,False,False
WBCIC,50|S1|T189,50,1,0.0,0.736492649662252,1,1.0,0.0,0.0,0.0,True,False,False
WBCIC,50|S1|T19,50,1,1.0,0.6678340255477653,1,0.5094017311492186,0.49059826885078145,0.0,0.49059826885078145,False,False,False
WBCIC,50|S1|T190,50,0,0.0,0.18984878361035673,0,1.0,0.0,0.0,0.0,True,False,False
WBCIC,50|S1|T191,50,0,0.0,0.12115544136269236,0,1.0,0.0,0.0,0.0,True,False,False
WBCIC,50|S1|T192,50,1,0.6666666666666667,0.5744119179410047,1,1.0,0.0,0.0,0.0,False,False,False
WBCIC,50|S1|T193,50,1,0.0,0.7684760804511453,1,1.0,0.0,0.0,0.0,True,False,False
WBCIC,50|S1|T194,50,0,0.0,0.21613099074112765,0,1.0,0.0,0.0,0.0,True,False,False
WBCIC,50|S1|T195,50,0,0.0,0.2370599152630243,0,1.0,0.0,0.0,0.0,True,False,False
WBCIC,50|S1|T196,50,0,0.0,0.1339729583656979,0,1.0,0.0,0.0,0.0,True,False,False
WBCIC,50|S1|T197,50,0,0.0,0.15835159619675213,0,1.0,0.0,0.0,0.0,True,False,False
WBCIC,50|S1|T198,50,0,0.0,0.15134295677210194,0,1.0,0.0,0.0,0.0,True,False,False
WBCIC,50|S1|T199,50,0,0.0,0.19650617659711644,0,1.0,0.0,0.0,0.0,True,False,False
WBCIC,50|S1|T2,50,1,0.0,0.7533237435800252,1,1.0,0.0,0.0,0.0,True,False,False
WBCIC,50|S1|T20,50,1,0.33333333333333326,0.4436077286972773,0,1.0,0.0,0.0,0.0,False,False,False
WBCIC,50|S1|T21,50,1,0.6666666666666667,0.647755319437587,1,1.0,0.0,0.0,0.0,False,False,False
WBCIC,50|S1|T22,50,1,1.0,0.55221591675669,1,0.5063698023237478,0.0,0.49363019767625216,0.49363019767625216,False,False,False
WBCIC,50|S1|T23,50,0,0.0,0.09979119618853782,0,1.0,0.0,0.0,0.0,True,False,False
WBCIC,50|S1|T24,50,1,0.0,0.8126823994724548,1,1.0,0.0,0.0,0.0,True,False,False
WBCIC,50|S1|T25,50,0,0.0,0.1464876923746019,0,1.0,0.0,0.0,0.0,True,False,False
WBCIC,50|S1|T26,50,1,0.0,0.7314812571528643,1,1.0,0.0,0.0,0.0,True,False,False
WBCIC,50|S1|T27,50,0,0.0,0.116499630193531,0,1.0,0.0,0.0,0.0,True,False,False
WBCIC,50|S1|T28,50,1,0.6666666666666667,0.6935225892753905,1,1.0,0.0,0.0,0.0,False,False,False
WBCIC,50|S1|T29,50,1,0.0,0.7553160612499505,1,1.0,0.0,0.0,0.0,True,False,False
WBCIC,50|S1|T3,50,0,0.0,0.2716569705742004,0,1.0,0.0,0.0,0.0,True,False,False
WBCIC,50|S1|T30,50,0,0.0,0.16814668243561662,0,1.0,0.0,0.0,0.0,True,False,False
WBCIC,50|S1|T31,50,0,0.0,0.14929189499891202,0,1.0,0.0,0.0,0.0,True,False,False
WBCIC,50|S1|T32,50,0,0.0,0.19074953141683618,0,1.0,0.0,0.0,0.0,True,False,False
WBCIC,50|S1|T33,50,1,0.0,0.39687629634679733,0,1.0,0.0,0.0,0.0,False,False,False
WBCIC,50|S1|T34,50,0,0.0,0.09012588412370055,0,1.0,0.0,0.0,0.0,True,False,False
WBCIC,50|S1|T35,50,1,0.0,0.8321233056545617,1,1.0,0.0,0.0,0.0,True,False,False
WBCIC,50|S1|T36,50,1,0.6666666666666667,0.6785670683468971,1,1.0,0.0,0.0,0.0,False,False,False
WBCIC,50|S1|T37,50,1,0.0,0.3502002679003422,0,1.0,0.0,0.0,0.0,False,False,False
WBCIC,50|S1|T38,50,1,0.6666666666666667,0.49355225340909187,0,1.0,0.0,0.0,0.0,False,False,False
WBCIC,50|S1|T39,50,0,0.0,0.11015293241516755,0,1.0,0.0,0.0,0.0,True,False,False
WBCIC,50|S1|T4,50,1,0.0,0.8082404952751475,1,1.0,0.0,0.0,0.0,True,False,False
WBCIC,50|S1|T40,50,1,1.0,0.5326093428758044,1,1.0,0.0,0.0,0.0,False,False,False
WBCIC,50|S1|T41,50,0,0.0,0.1125882670669467,0,1.0,0.0,0.0,0.0,True,False,False
WBCIC,50|S1|T42,50,0,0.0,0.11152034097141433,0,1.0,0.0,0.0,0.0,True,False,False
WBCIC,50|S1|T43,50,1,0.0,0.7806267452994784,1,1.0,0.0,0.0,0.0,True,False,False
WBCIC,50|S1|T44,50,1,0.0,0.8200192785319175,1,1.0,0.0,0.0,0.0,True,False,False
WBCIC,50|S1|T45,50,1,0.0,0.7537273791920697,1,1.0,0.0,0.0,0.0,True,False,False
WBCIC,50|S1|T46,50,0,0.0,0.10509398058721438,0,1.0,0.0,0.0,0.0,True,False,False
WBCIC,50|S1|T47,50,0,0.0,0.12409829088617914,0,1.0,0.0,0.0,0.0,True,False,False
WBCIC,50|S1|T48,50,1,0.0,0.6945053457522778,1,1.0,0.0,0.0,0.0,False,False,False
WBCIC,50|S1|T49,50,0,0.0,0.11208495418054691,0,1.0,0.0,0.0,0.0,True,False,False
WBCIC,50|S1|T5,50,1,0.0,0.807840854632199,1,1.0,0.0,0.0,0.0,True,False,False
WBCIC,50|S1|T50,50,1,0.0,0.7705688211100469,1,1.0,0.0,0.0,0.0,True,False,False
WBCIC,50|S1|T51,50,1,0.0,0.2870275493630921,0,1.0,0.0,0.0,0.0,True,False,False
WBCIC,50|S1|T52,50,1,0.6666666666666666,0.48770183711587484,0,1.0,0.0,0.0,0.0,False,False,False
WBCIC,50|S1|T53,50,0,0.33333333333333326,0.4031317916869017,0,1.0,0.0,0.0,0.0,False,False,False
WBCIC,50|S1|T54,50,0,0.0,0.09379701347484942,0,1.0,0.0,0.0,0.0,True,False,False
WBCIC,50|S1|T55,50,1,0.0,0.8098608392207508,1,1.0,0.0,0.0,0.0,True,False,False
WBCIC,50|S1|T56,50,0,0.33333333333333326,0.3477709751419063,0,1.0,0.0,0.0,0.0,False,False,False
WBCIC,50|S1|T57,50,1,0.6666666666666667,0.5917020172854568,1,1.0,0.0,0.0,0.0,False,False,False
WBCIC,50|S1|T58,50,1,0.0,0.8209342585233063,1,1.0,0.0,0.0,0.0,True,False,False
WBCIC,50|S1|T59,50,1,0.0,0.649096517334048,1,1.0,0.0,0.0,0.0,False,False,False
WBCIC,50|S1|T6,50,0,0.0,0.09132084479972125,0,1.0,0.0,0.0,0.0,True,False,False
WBCIC,50|S1|T60,50,1,0.0,0.7074504879657096,1,1.0,0.0,0.0,0.0,True,False,False
WBCIC,50|S1|T61,50,1,0.33333333333333326,0.6494174897015279,1,1.0,0.0,0.0,0.0,False,False,False
WBCIC,50|S1|T62,50,0,0.0,0.16681458065133928,0,1.0,0.0,0.0,0.0,True,False,False
WBCIC,50|S1|T63,50,0,0.0,0.14773823255822474,0,1.0,0.0,0.0,0.0,True,False,False
WBCIC,50|S1|T64,50,1,0.0,0.8295439220949697,1,1.0,0.0,0.0,0.0,True,False,False
WBCIC,50|S1|T65,50,0,0.0,0.21457053896880293,0,1.0,0.0,0.0,0.0,True,False,False
WBCIC,50|S1|T66,50,0,0.0,0.2957295296156355,0,1.0,0.0,0.0,0.0,True,False,False
WBCIC,50|S1|T67,50,0,0.0,0.18261271161869821,0,1.0,0.0,0.0,0.0,True,False,False
WBCIC,50|S1|T68,50,1,0.33333333333333326,0.6960865834218003,1,1.0,0.0,0.0,0.0,False,False,False
WBCIC,50|S1|T69,50,0,0.0,0.12210805450631346,0,1.0,0.0,0.0,0.0,True,False,False
WBCIC,50|S1|T7,50,0,0.0,0.1285909495448833,0,1.0,0.0,0.0,0.0,True,False,False
WBCIC,50|S1|T70,50,0,0.0,0.27164702594246753,0,1.0,0.0,0.0,0.0,True,False,False
WBCIC,50|S1|T71,50,0,0.0,0.18326746923140125,0,1.0,0.0,0.0,0.0,True,False,False
WBCIC,50|S1|T72,50,0,0.0,0.12666041038003492,0,1.0,0.0,0.0,0.0,True,False,False
WBCIC,50|S1|T73,50,0,0.0,0.11882342161017811,0,1.0,0.0,0.0,0.0,True,False,False
WBCIC,50|S1|T74,50,1,0.6666666666666667,0.663265548816018,1,1.0,0.0,0.0,0.0,False,False,False
WBCIC,50|S1|T75,50,0,0.0,0.12691168667393132,0,1.0,0.0,0.0,0.0,True,False,False
WBCIC,50|S1|T76,50,1,0.33333333333333326,0.7492689256222665,1,1.0,0.0,0.0,0.0,False,False,False
WBCIC,50|S1|T77,50,1,0.0,0.7402843703023222,1,1.0,0.0,0.0,0.0,True,False,False
WBCIC,50|S1|T78,50,1,1.0,0.4688145098371687,0,1.0,0.0,0.0,0.0,False,False,False
WBCIC,50|S1|T79,50,0,0.0,0.27934123809799094,0,1.0,0.0,0.0,0.0,True,False,False
WBCIC,50|S1|T8,50,0,0.0,0.13715936279079008,0,1.0,0.0,0.0,0.0,True,False,False
WBCIC,50|S1|T80,50,1,1.0,0.6793377682830791,1,1.0,0.0,0.0,0.0,False,False,False
WBCIC,50|S1|T81,50,1,0.0,0.7285947324833416,1,1.0,0.0,0.0,0.0,True,False,False
WBCIC,50|S1|T82,50,1,0.0,0.7814851385510031,1,1.0,0.0,0.0,0.0,True,False,False
WBCIC,50|S1|T83,50,1,0.0,0.7991012144411845,1,1.0,0.0,0.0,0.0,True,False,False
WBCIC,50|S1|T84,50,0,0.0,0.10719166944972996,0,1.0,0.0,0.0,0.0,True,False,False
WBCIC,50|S1|T85,50,1,0.0,0.8116667199999799,1,1.0,0.0,0.0,0.0,True,False,False
WBCIC,50|S1|T86,50,0,0.0,0.12266976248698001,0,1.0,0.0,0.0,0.0,True,False,False
WBCIC,50|S1|T87,50,0,0.0,0.12458371675136443,0,1.0,0.0,0.0,0.0,True,False,False
WBCIC,50|S1|T88,50,1,0.0,0.7183852713979882,1,1.0,0.0,0.0,0.0,True,False,False
WBCIC,50|S1|T89,50,0,1.0,0.5503363006391749,1,1.0,0.0,0.0,0.0,False,False,False
WBCIC,50|S1|T9,50,0,0.0,0.22998873190725355,0,1.0,0.0,0.0,0.0,True,False,False
WBCIC,50|S1|T90,50,0,0.0,0.18297215598318473,0,1.0,0.0,0.0,0.0,True,False,False
WBCIC,50|S1|T91,50,1,0.0,0.782841430507521,1,1.0,0.0,0.0,0.0,True,False,False
WBCIC,50|S1|T92,50,1,0.33333333333333326,0.7469333707834269,1,1.0,0.0,0.0,0.0,False,False,False
WBCIC,50|S1|T93,50,0,0.0,0.12638332629801585,0,1.0,0.0,0.0,0.0,True,False,False
WBCIC,50|S1|T94,50,1,0.0,0.7929199823883851,1,1.0,0.0,0.0,0.0,True,False,False
WBCIC,50|S1|T95,50,1,0.0,0.7869840905576778,1,1.0,0.0,0.0,0.0,True,False,False
WBCIC,50|S1|T96,50,1,0.0,0.2908591091319058,0,1.0,0.0,0.0,0.0,True,False,False
WBCIC,50|S1|T97,50,0,0.0,0.1563697261694081,0,1.0,0.0,0.0,0.0,True,False,False
WBCIC,50|S1|T98,50,0,0.0,0.16602308423969628,0,1.0,0.0,0.0,0.0,True,False,False
WBCIC,50|S1|T99,50,1,1.0,0.6230838512289673,1,1.0,0.0,0.0,0.0,False,False,False
WBCIC,5|S1|T0,5,1,0.0,0.8823751858815226,1,1.0,0.0,0.0,0.0,True,False,False
WBCIC,5|S1|T1,5,0,0.0,0.1352434567996562,0,1.0,0.0,0.0,0.0,True,False,False
WBCIC,5|S1|T10,5,0,0.0,0.18551725189005017,0,1.0,0.0,0.0,0.0,True,False,False
WBCIC,5|S1|T100,5,0,0.0,0.3559308694467495,0,1.0,0.0,0.0,0.0,False,False,False
WBCIC,5|S1|T101,5,1,0.33333333333333326,0.6870187224124319,1,1.0,0.0,0.0,0.0,False,False,False
WBCIC,5|S1|T102,5,1,0.33333333333333326,0.6013189623290557,1,1.0,0.0,0.0,0.0,False,False,False
WBCIC,5|S1|T103,5,0,0.0,0.22189551428508972,0,1.0,0.0,0.0,0.0,True,False,False
WBCIC,5|S1|T104,5,0,0.0,0.22971740562749618,0,1.0,0.0,0.0,0.0,True,False,False
WBCIC,5|S1|T105,5,0,0.0,0.25447648362536385,0,1.0,0.0,0.0,0.0,True,False,False
WBCIC,5|S1|T106,5,1,0.0,0.8239324161712559,1,1.0,0.0,0.0,0.0,True,False,False
WBCIC,5|S1|T107,5,1,0.33333333333333326,0.6931484148270965,1,1.0,0.0,0.0,0.0,False,False,False
WBCIC,5|S1|T108,5,0,1.0,0.4775810436858668,0,1.0,0.0,0.0,0.0,False,False,False
WBCIC,5|S1|T109,5,0,1.0,0.42864788537925463,0,1.0,0.0,0.0,0.0,False,False,False
WBCIC,5|S1|T11,5,1,0.0,0.8616540669489572,1,1.0,0.0,0.0,0.0,True,False,False
WBCIC,5|S1|T110,5,1,0.33333333333333326,0.4485440768532347,0,0.7613976168136556,0.23860238318634436,0.0,0.23860238318634436,False,False,False
WBCIC,5|S1|T111,5,0,0.0,0.1858157978544289,0,1.0,0.0,0.0,0.0,True,False,False
WBCIC,5|S1|T112,5,1,0.0,0.7891635312051531,1,1.0,0.0,0.0,0.0,True,False,False
WBCIC,5|S1|T113,5,0,0.0,0.25708767648315883,0,1.0,0.0,0.0,0.0,True,False,False
WBCIC,5|S1|T114,5,1,0.0,0.8408617307580543,1,1.0,0.0,0.0,0.0,True,False,False
WBCIC,5|S1|T115,5,1,1.0,0.5082398789578502,1,1.0,0.0,0.0,0.0,False,False,False
WBCIC,5|S1|T116,5,0,0.0,0.1885719429086321,0,1.0,0.0,0.0,0.0,True,False,False
WBCIC,5|S1|T117,5,0,0.33333333333333326,0.2858346012648246,0,1.0,0.0,0.0,0.0,False,False,False
WBCIC,5|S1|T118,5,0,0.0,0.2039546045765147,0,1.0,0.0,0.0,0.0,True,False,False
WBCIC,5|S1|T119,5,1,0.0,0.6926000803657987,1,1.0,0.0,0.0,0.0,False,False,False
WBCIC,5|S1|T12,5,1,0.0,0.772837198426202,1,1.0,0.0,0.0,0.0,True,False,False
WBCIC,5|S1|T120,5,1,0.0,0.7728722500277069,1,1.0,0.0,0.0,0.0,True,False,False
WBCIC,5|S1|T121,5,0,0.0,0.19425582030652502,0,1.0,0.0,0.0,0.0,True,False,False
WBCIC,5|S1|T122,5,1,1.0,0.5139131466294231,1,0.5252844987747814,0.0,0.4747155012252186,0.4747155012252186,False,False,False
WBCIC,5|S1|T123,5,1,0.6666666666666666,0.43295471950110814,0,1.0,0.0,0.0,0.0,False,False,False
WBCIC,5|S1|T124,5,1,0.0,0.7095764779155106,1,1.0,0.0,0.0,0.0,True,False,False
WBCIC,5|S1|T125,5,1,0.0,0.7399559424108633,1,1.0,0.0,0.0,0.0,True,False,False
WBCIC,5|S1|T126,5,1,1.0,0.5096063388868745,1,1.0,0.0,0.0,0.0,False,False,False
WBCIC,5|S1|T127,5,1,0.0,0.7252089671347742,1,1.0,0.0,0.0,0.0,True,False,False
WBCIC,5|S1|T128,5,0,1.0,0.5225598319077273,1,1.0,0.0,0.0,0.0,False,False,False
WBCIC,5|S1|T129,5,1,1.0,0.4818931763757572,0,1.0,0.0,0.0,0.0,False,False,False
WBCIC,5|S1|T13,5,0,0.0,0.2912628693141122,0,1.0,0.0,0.0,0.0,True,False,False
WBCIC,5|S1|T130,5,1,0.0,0.6951247879136199,1,1.0,0.0,0.0,0.0,False,False,False
WBCIC,5|S1|T131,5,0,0.6666666666666667,0.5813660556558023,1,1.0,0.0,0.0,0.0,False,False,False
WBCIC,5|S1|T132,5,1,0.0,0.7446349559417933,1,1.0,0.0,0.0,0.0,True,False,False
WBCIC,5|S1|T133,5,0,0.0,0.3622857264256783,0,1.0,0.0,0.0,0.0,False,False,False
WBCIC,5|S1|T134,5,0,0.0,0.27498936898613663,0,1.0,0.0,0.0,0.0,True,False,False
WBCIC,5|S1|T135,5,1,1.0,0.5506818012352868,1,1.0,0.0,0.0,0.0,False,False,False
WBCIC,5|S1|T136,5,0,0.0,0.16645717617066538,0,1.0,0.0,0.0,0.0,True,False,False
WBCIC,5|S1|T137,5,0,0.0,0.1587827037144736,0,1.0,0.0,0.0,0.0,True,False,False
WBCIC,5|S1|T138,5,1,0.0,0.8355819542123798,1,1.0,0.0,0.0,0.0,True,False,False
WBCIC,5|S1|T139,5,0,0.33333333333333326,0.6307648960502823,1,0.7672688859663213,0.0,0.2327311140336787,0.2327311140336787,False,False,False
WBCIC,5|S1|T14,5,0,0.0,0.15532876886372918,0,1.0,0.0,0.0,0.0,True,False,False
WBCIC,5|S1|T140,5,0,0.0,0.18259854777302129,0,1.0,0.0,0.0,0.0,True,False,False
WBCIC,5|S1|T141,5,1,0.0,0.8615589021990128,1,1.0,0.0,0.0,0.0,True,False,False
WBCIC,5|S1|T142,5,0,1.0,0.5262951370115992,1,1.0,0.0,0.0,0.0,False,False,False
WBCIC,5|S1|T143,5,1,0.6666666666666667,0.6776119946688185,1,1.0,0.0,0.0,0.0,False,False,False
WBCIC,5|S1|T144,5,0,0.0,0.2528268143524633,0,1.0,0.0,0.0,0.0,True,False,False
WBCIC,5|S1|T145,5,0,0.0,0.20203544787516095,0,1.0,0.0,0.0,0.0,True,False,False
WBCIC,5|S1|T146,5,1,0.33333333333333326,0.6895123550120498,1,1.0,0.0,0.0,0.0,False,False,False
WBCIC,5|S1|T147,5,1,0.0,0.7918094693115784,1,1.0,0.0,0.0,0.0,True,False,False
WBCIC,5|S1|T148,5,1,1.0,0.6421716632012395,1,0.5317350661825327,0.0,0.46826493381746725,0.46826493381746725,False,False,False
WBCIC,5|S1|T149,5,1,0.6666666666666666,0.47045528674814135,0,1.0,0.0,0.0,0.0,False,False,False
WBCIC,5|S1|T15,5,0,0.0,0.19985024456128173,0,1.0,0.0,0.0,0.0,True,False,False
WBCIC,5|S1|T150,5,0,0.0,0.1757219428091884,0,1.0,0.0,0.0,0.0,True,False,False
WBCIC,5|S1|T151,5,1,1.0,0.5631245470748892,1,1.0,0.0,0.0,0.0,False,False,False
WBCIC,5|S1|T152,5,0,0.0,0.18220015500961587,0,1.0,0.0,0.0,0.0,True,False,False
WBCIC,5|S1|T153,5,0,0.0,0.22566418419113546,0,1.0,0.0,0.0,0.0,True,False,False
WBCIC,5|S1|T154,5,1,0.0,0.37801792473875034,0,1.0,0.0,0.0,0.0,False,False,False
WBCIC,5|S1|T155,5,0,0.33333333333333326,0.427438092484549,0,0.7732853984550756,0.0,0.2267146015449245,0.2267146015449245,False,False,False
WBCIC,5|S1|T156,5,0,0.33333333333333326,0.377525333711314,0,0.7656047179153148,0.0,0.23439528208468516,0.23439528208468516,False,False,False
WBCIC,5|S1|T157,5,0,1.0,0.4767583189510328,0,0.538489189625216,0.46151081037478403,0.0,0.46151081037478403,False,False,False
WBCIC,5|S1|T158,5,0,0.0,0.3564606134728394,0,1.0,0.0,0.0,0.0,False,False,False
WBCIC,5|S1|T159,5,0,0.0,0.2048206708009593,0,1.0,0.0,0.0,0.0,True,False,False
WBCIC,5|S1|T16,5,1,0.0,0.7838154125989648,1,1.0,0.0,0.0,0.0,True,False,False
WBCIC,5|S1|T160,5,0,0.0,0.23597163651316364,0,1.0,0.0,0.0,0.0,True,False,False
WBCIC,5|S1|T161,5,1,0.0,0.3180386823964196,0,1.0,0.0,0.0,0.0,False,False,False
WBCIC,5|S1|T162,5,0,0.6666666666666666,0.5098024718629306,1,1.0,0.0,0.0,0.0,False,False,False
WBCIC,5|S1|T163,5,1,0.6666666666666667,0.6313390550808891,1,1.0,0.0,0.0,0.0,False,False,False
WBCIC,5|S1|T164,5,0,0.0,0.23453504879982334,0,1.0,0.0,0.0,0.0,True,False,False
WBCIC,5|S1|T165,5,0,0.0,0.24477792409899135,0,1.0,0.0,0.0,0.0,True,False,False
WBCIC,5|S1|T166,5,1,0.33333333333333326,0.461047623551887,0,0.7607606095152375,0.23923939048476248,0.0,0.23923939048476248,False,False,False
WBCIC,5|S1|T167,5,0,0.33333333333333326,0.4052191444553049,0,1.0,0.0,0.0,0.0,False,False,False
WBCIC,5|S1|T168,5,1,0.6666666666666667,0.605449661181298,1,1.0,0.0,0.0,0.0,False,False,False
WBCIC,5|S1|T169,5,0,0.0,0.2875114477637305,0,1.0,0.0,0.0,0.0,True,False,False
WBCIC,5|S1|T17,5,1,1.0,0.5186055183156839,1,0.5203712125466599,0.47962878745334014,0.0,0.47962878745334014,False,False,False
WBCIC,5|S1|T170,5,1,0.0,0.7466194968912028,1,1.0,0.0,0.0,0.0,True,False,False
WBCIC,5|S1|T171,5,0,0.0,0.29583620308296454,0,1.0,0.0,0.0,0.0,True,False,False
WBCIC,5|S1|T172,5,0,0.33333333333333326,0.43917260596545615,0,1.0,0.0,0.0,0.0,False,False,False
WBCIC,5|S1|T173,5,0,0.0,0.19249167980705525,0,1.0,0.0,0.0,0.0,True,False,False
WBCIC,5|S1|T174,5,0,0.0,0.2742753900252423,0,1.0,0.0,0.0,0.0,True,False,False
WBCIC,5|S1|T175,5,1,0.0,0.6835152313021252,1,1.0,0.0,0.0,0.0,False,False,False
WBCIC,5|S1|T176,5,0,0.0,0.25919151355176334,0,1.0,0.0,0.0,0.0,True,False,False
WBCIC,5|S1|T177,5,1,0.0,0.7769051753571462,1,1.0,0.0,0.0,0.0,True,False,False
WBCIC,5|S1|T178,5,0,0.33333333333333326,0.373872473232887,0,1.0,0.0,0.0,0.0,False,False,False
WBCIC,5|S1|T179,5,0,0.0,0.1447766664443473,0,1.0,0.0,0.0,0.0,True,False,False
WBCIC,5|S1|T18,5,1,0.0,0.9132057162625072,1,1.0,0.0,0.0,0.0,True,False,False
WBCIC,5|S1|T180,5,0,0.6666666666666667,0.5472926436750356,1,0.6401699307236145,0.0,0.3598300692763855,0.3598300692763855,False,False,False
WBCIC,5|S1|T181,5,0,0.0,0.25896744134987054,0,1.0,0.0,0.0,0.0,True,False,False
WBCIC,5|S1|T182,5,1,0.33333333333333326,0.5230294015177481,1,0.6325329806411784,0.1825190662953787,0.18494795306344292,0.36746701935882164,False,False,False
WBCIC,5|S1|T183,5,0,0.0,0.1856135707131709,0,1.0,0.0,0.0,0.0,True,False,False
WBCIC,5|S1|T184,5,1,0.33333333333333326,0.689488476878697,1,1.0,0.0,0.0,0.0,False,False,False
WBCIC,5|S1|T185,5,1,0.0,0.8233335339592993,1,1.0,0.0,0.0,0.0,True,False,False
WBCIC,5|S1|T186,5,0,0.6666666666666666,0.42943553820304853,0,1.0,0.0,0.0,0.0,False,False,False
WBCIC,5|S1|T187,5,0,0.0,0.28744328505782524,0,1.0,0.0,0.0,0.0,True,False,False
WBCIC,5|S1|T188,5,1,0.0,0.7339281729431185,1,1.0,0.0,0.0,0.0,True,False,False
WBCIC,5|S1|T189,5,1,0.6666666666666667,0.6605923152459184,1,1.0,0.0,0.0,0.0,False,False,False
WBCIC,5|S1|T19,5,1,0.6666666666666667,0.6358439045932166,1,1.0,0.0,0.0,0.0,False,False,False
WBCIC,5|S1|T190,5,1,0.0,0.7488326709542581,1,1.0,0.0,0.0,0.0,True,False,False
WBCIC,5|S1|T191,5,1,1.0,0.5066643239821769,1,1.0,0.0,0.0,0.0,False,False,False
WBCIC,5|S1|T192,5,1,1.0,0.48002760359360414,0,0.5107042743523096,0.48929572564769047,0.0,0.48929572564769047,False,False,False
WBCIC,5|S1|T193,5,1,0.0,0.7110951488214221,1,1.0,0.0,0.0,0.0,True,False,False
WBCIC,5|S1|T194,5,1,1.0,0.5977983943193524,1,1.0,0.0,0.0,0.0,False,False,False
WBCIC,5|S1|T195,5,1,0.0,0.6913023933948922,1,1.0,0.0,0.0,0.0,False,False,False
WBCIC,5|S1|T196,5,1,1.0,0.4798246486040565,0,1.0,0.0,0.0,0.0,False,False,False
WBCIC,5|S1|T197,5,1,0.0,0.6842122745972756,1,1.0,0.0,0.0,0.0,False,False,False
WBCIC,5|S1|T198,5,0,0.0,0.18998443050143377,0,1.0,0.0,0.0,0.0,True,False,False
WBCIC,5|S1|T199,5,0,0.6666666666666667,0.5888406869247796,1,0.6436115666346939,0.0,0.35638843336530607,0.35638843336530607,False,False,False
WBCIC,5|S1|T2,5,0,0.0,0.3720045762610032,0,1.0,0.0,0.0,0.0,False,False,False
WBCIC,5|S1|T20,5,1,0.33333333333333326,0.6201701025339046,1,0.764799778564306,0.0,0.2352002214356939,0.2352002214356939,False,False,False
WBCIC,5|S1|T21,5,0,0.0,0.33301120807831175,0,1.0,0.0,0.0,0.0,False,False,False
WBCIC,5|S1|T22,5,0,0.0,0.12204324663012726,0,1.0,0.0,0.0,0.0,True,False,False
WBCIC,5|S1|T23,5,1,0.6666666666666667,0.634189411732776,1,1.0,0.0,0.0,0.0,False,False,False
WBCIC,5|S1|T24,5,0,0.0,0.23298710643836554,0,1.0,0.0,0.0,0.0,True,False,False
WBCIC,5|S1|T25,5,0,0.0,0.23099949470031303,0,1.0,0.0,0.0,0.0,True,False,False
WBCIC,5|S1|T26,5,1,0.0,0.8081185180246863,1,1.0,0.0,0.0,0.0,True,False,False
WBCIC,5|S1|T27,5,0,0.0,0.09487887685228837,0,1.0,0.0,0.0,0.0,True,False,False
WBCIC,5|S1|T28,5,1,0.0,0.7989597516623536,1,1.0,0.0,0.0,0.0,True,False,False
WBCIC,5|S1|T29,5,1,0.0,0.3556607532481883,0,1.0,0.0,0.0,0.0,False,False,False
WBCIC,5|S1|T3,5,0,0.0,0.34625916047752286,0,1.0,0.0,0.0,0.0,False,False,False
WBCIC,5|S1|T30,5,1,0.0,0.8156087107092245,1,1.0,0.0,0.0,0.0,True,False,False
WBCIC,5|S1|T31,5,0,0.0,0.22627309706281415,0,1.0,0.0,0.0,0.0,True,False,False
WBCIC,5|S1|T32,5,1,0.6666666666666667,0.5277189738177473,1,1.0,0.0,0.0,0.0,False,False,False
WBCIC,5|S1|T33,5,1,1.0,0.5656242855023782,1,1.0,0.0,0.0,0.0,False,False,False
WBCIC,5|S1|T34,5,1,0.0,0.7125038882617899,1,1.0,0.0,0.0,0.0,True,False,False
WBCIC,5|S1|T35,5,0,0.0,0.174598255336695,0,1.0,0.0,0.0,0.0,True,False,False
WBCIC,5|S1|T36,5,0,0.0,0.22309652469952965,0,1.0,0.0,0.0,0.0,True,False,False
WBCIC,5|S1|T37,5,0,0.0,0.3651382155450929,0,1.0,0.0,0.0,0.0,False,False,False
WBCIC,5|S1|T38,5,1,0.0,0.7228345335812324,1,1.0,0.0,0.0,0.0,True,False,False
WBCIC,5|S1|T39,5,1,0.0,0.7912389030946234,1,1.0,0.0,0.0,0.0,True,False,False
WBCIC,5|S1|T4,5,0,0.0,0.6497042231013125,1,1.0,0.0,0.0,0.0,False,False,False
WBCIC,5|S1|T40,5,1,0.33333333333333326,0.7471438605942904,1,1.0,0.0,0.0,0.0,False,False,False
WBCIC,5|S1|T41,5,1,0.0,0.7833760163431726,1,1.0,0.0,0.0,0.0,True,False,False
WBCIC,5|S1|T42,5,0,0.0,0.15181475344558967,0,1.0,0.0,0.0,0.0,True,False,False
WBCIC,5|S1|T43,5,1,0.6666666666666667,0.6263584901518222,1,1.0,0.0,0.0,0.0,False,False,False
WBCIC,5|S1|T44,5,0,1.0,0.48228010365929813,0,1.0,0.0,0.0,0.0,False,False,False
WBCIC,5|S1|T45,5,0,0.0,0.1362416753453805,0,1.0,0.0,0.0,0.0,True,False,False
WBCIC,5|S1|T46,5,1,0.33333333333333326,0.5790163135717651,1,0.7715848652147849,0.0,0.22841513478521516,0.22841513478521516,False,False,False
WBCIC,5|S1|T47,5,0,0.0,0.1302693771811425,0,1.0,0.0,0.0,0.0,True,False,False
WBCIC,5|S1|T48,5,0,0.0,0.12344325921231188,0,1.0,0.0,0.0,0.0,True,False,False
WBCIC,5|S1|T49,5,0,0.6666666666666666,0.3589822475101916,0,1.0,0.0,0.0,0.0,False,False,False
WBCIC,5|S1|T5,5,1,0.0,0.7777084955331418,1,1.0,0.0,0.0,0.0,True,False,False
WBCIC,5|S1|T50,5,0,0.6666666666666666,0.46007667505540756,0,1.0,0.0,0.0,0.0,False,False,False
WBCIC,5|S1|T51,5,1,0.0,0.8637476993198622,1,1.0,0.0,0.0,0.0,True,False,False
WBCIC,5|S1|T52,5,0,0.0,0.2799373925751352,0,1.0,0.0,0.0,0.0,True,False,False
WBCIC,5|S1|T53,5,0,0.0,0.25333086476457417,0,1.0,0.0,0.0,0.0,True,False,False
WBCIC,5|S1|T54,5,0,0.0,0.2118160194606178,0,1.0,0.0,0.0,0.0,True,False,False
WBCIC,5|S1|T55,5,0,0.0,0.22601897937843082,0,1.0,0.0,0.0,0.0,True,False,False
WBCIC,5|S1|T56,5,0,0.0,0.2904856286829424,0,1.0,0.0,0.0,0.0,True,False,False
WBCIC,5|S1|T57,5,0,0.0,0.08877279014757322,0,1.0,0.0,0.0,0.0,True,False,False
WBCIC,5|S1|T58,5,1,0.6666666666666667,0.6852601603775064,1,1.0,0.0,0.0,0.0,False,False,False
WBCIC,5|S1|T59,5,0,0.0,0.3012177671512707,0,1.0,0.0,0.0,0.0,False,False,False
WBCIC,5|S1|T6,5,0,0.0,0.1811841144960902,0,1.0,0.0,0.0,0.0,True,False,False
WBCIC,5|S1|T60,5,1,0.0,0.804007950624503,1,1.0,0.0,0.0,0.0,True,False,False
WBCIC,5|S1|T61,5,1,0.0,0.729715942875992,1,1.0,0.0,0.0,0.0,True,False,False
WBCIC,5|S1|T62,5,0,0.0,0.31173207638611256,0,1.0,0.0,0.0,0.0,False,False,False
WBCIC,5|S1|T63,5,0,0.0,0.16485649133127103,0,1.0,0.0,0.0,0.0,True,False,False
WBCIC,5|S1|T64,5,1,0.0,0.8965267395249555,1,1.0,0.0,0.0,0.0,True,False,False
WBCIC,5|S1|T65,5,1,0.0,0.7124347059701912,1,1.0,0.0,0.0,0.0,True,False,False
WBCIC,5|S1|T66,5,1,0.33333333333333326,0.496869881242177,0,1.0,0.0,0.0,0.0,False,False,False
WBCIC,5|S1|T67,5,0,0.0,0.39274209322800663,0,1.0,0.0,0.0,0.0,False,False,False
WBCIC,5|S1|T68,5,1,0.33333333333333326,0.6841821748730572,1,1.0,0.0,0.0,0.0,False,False,False
WBCIC,5|S1|T69,5,1,0.0,0.7525519276417173,1,1.0,0.0,0.0,0.0,True,False,False
WBCIC,5|S1|T7,5,1,0.6666666666666667,0.6698821701390661,1,1.0,0.0,0.0,0.0,False,False,False
WBCIC,5|S1|T70,5,1,0.0,0.7615639520141936,1,1.0,0.0,0.0,0.0,True,False,False
WBCIC,5|S1|T71,5,0,0.0,0.18341464473407565,0,1.0,0.0,0.0,0.0,True,False,False
WBCIC,5|S1|T72,5,0,0.0,0.13783485712578303,0,1.0,0.0,0.0,0.0,True,False,False
WBCIC,5|S1|T73,5,1,0.0,0.7952695971827244,1,1.0,0.0,0.0,0.0,True,False,False
WBCIC,5|S1|T74,5,1,0.6666666666666667,0.6093694330678385,1,1.0,0.0,0.0,0.0,False,False,False
WBCIC,5|S1|T75,5,1,1.0,0.5333735911395623,1,1.0,0.0,0.0,0.0,False,False,False
WBCIC,5|S1|T76,5,0,0.0,0.16272819815214434,0,1.0,0.0,0.0,0.0,True,False,False
WBCIC,5|S1|T77,5,1,0.33333333333333326,0.7027888208427685,1,1.0,0.0,0.0,0.0,False,False,False
WBCIC,5|S1|T78,5,1,0.0,0.7381748927359163,1,1.0,0.0,0.0,0.0,True,False,False
WBCIC,5|S1|T79,5,1,0.0,0.8768704967881621,1,1.0,0.0,0.0,0.0,True,False,False
WBCIC,5|S1|T8,5,0,0.0,0.22686617725723368,0,1.0,0.0,0.0,0.0,True,False,False
WBCIC,5|S1|T80,5,1,1.0,0.5076423474385097,1,0.5095075889841433,0.4904924110158568,0.0,0.4904924110158568,False,True,False
WBCIC,5|S1|T81,5,1,1.0,0.5207090871409685,1,1.0,0.0,0.0,0.0,False,False,False
WBCIC,5|S1|T82,5,1,0.0,0.7864425308817268,1,1.0,0.0,0.0,0.0,True,False,False
WBCIC,5|S1|T83,5,1,0.6666666666666667,0.6618740860974928,1,1.0,0.0,0.0,0.0,False,False,False
WBCIC,5|S1|T84,5,0,0.33333333333333326,0.30169926956159887,0,1.0,0.0,0.0,0.0,False,False,False
WBCIC,5|S1|T85,5,0,0.0,0.5729712063413671,1,1.0,0.0,0.0,0.0,False,False,False
WBCIC,5|S1|T86,5,1,0.33333333333333326,0.41048893772600126,0,1.0,0.0,0.0,0.0,False,False,False
WBCIC,5|S1|T87,5,0,0.0,0.21505082209350712,0,1.0,0.0,0.0,0.0,True,False,False
WBCIC,5|S1|T88,5,0,0.0,0.2896990980105381,0,1.0,0.0,0.0,0.0,True,False,False
WBCIC,5|S1|T89,5,1,0.6666666666666667,0.6445636215611293,1,1.0,0.0,0.0,0.0,False,False,False
WBCIC,5|S1|T9,5,0,0.0,0.17290129576267807,0,1.0,0.0,0.0,0.0,True,False,False
WBCIC,5|S1|T90,5,0,0.0,0.21162503393631482,0,1.0,0.0,0.0,0.0,True,False,False
WBCIC,5|S1|T91,5,1,0.6666666666666667,0.5663098558112438,1,0.6475216308777244,0.0,0.35247836912227565,0.35247836912227565,False,False,False
WBCIC,5|S1|T92,5,0,0.6666666666666666,0.46101928073061843,0,1.0,0.0,0.0,0.0,False,False,False
WBCIC,5|S1|T93,5,1,0.0,0.7838817792841587,1,1.0,0.0,0.0,0.0,True,False,False
WBCIC,5|S1|T94,5,1,0.0,0.775063316580526,1,1.0,0.0,0.0,0.0,True,False,False
WBCIC,5|S1|T95,5,0,0.0,0.10264584341415067,0,1.0,0.0,0.0,0.0,True,False,False
WBCIC,5|S1|T96,5,0,0.0,0.17405576439744938,0,1.0,0.0,0.0,0.0,True,False,False
WBCIC,5|S1|T97,5,0,0.0,0.35652599320445405,0,1.0,0.0,0.0,0.0,False,False,False
WBCIC,5|S1|T98,5,1,0.0,0.7891888709789595,1,1.0,0.0,0.0,0.0,True,False,False
WBCIC,5|S1|T99,5,1,0.6666666666666667,0.6079217373415816,1,1.0,0.0,0.0,0.0,False,False,False
WBCIC,6|S1|T0,6,0,0.0,0.1205391762672436,0,1.0,0.0,0.0,0.0,True,False,False
WBCIC,6|S1|T1,6,1,0.0,0.7735972286067856,1,1.0,0.0,0.0,0.0,True,False,False
WBCIC,6|S1|T10,6,1,0.0,0.8418698873064798,1,1.0,0.0,0.0,0.0,True,False,False
WBCIC,6|S1|T100,6,0,0.0,0.13489534960969518,0,1.0,0.0,0.0,0.0,True,False,False
WBCIC,6|S1|T101,6,1,0.0,0.7379297114555662,1,1.0,0.0,0.0,0.0,True,False,False
WBCIC,6|S1|T102,6,0,0.0,0.21781893037745415,0,1.0,0.0,0.0,0.0,True,False,False
WBCIC,6|S1|T103,6,1,0.33333333333333326,0.654605802582146,1,1.0,0.0,0.0,0.0,False,False,False
WBCIC,6|S1|T104,6,1,0.0,0.8441396836991175,1,1.0,0.0,0.0,0.0,True,False,False
WBCIC,6|S1|T105,6,0,0.6666666666666666,0.4494748357596783,0,1.0,0.0,0.0,0.0,False,False,False
WBCIC,6|S1|T106,6,1,0.0,0.8051739872986355,1,1.0,0.0,0.0,0.0,True,False,False
WBCIC,6|S1|T107,6,0,0.0,0.29763799384943435,0,1.0,0.0,0.0,0.0,True,False,False
WBCIC,6|S1|T108,6,0,0.0,0.15205374170856722,0,1.0,0.0,0.0,0.0,True,False,False
WBCIC,6|S1|T109,6,1,0.0,0.779603742143021,1,1.0,0.0,0.0,0.0,True,False,False
WBCIC,6|S1|T11,6,0,1.0,0.6070171315501596,1,0.502857771234793,0.0,0.497142228765207,0.497142228765207,False,False,False
WBCIC,6|S1|T110,6,0,0.0,0.13413671050968431,0,1.0,0.0,0.0,0.0,True,False,False
WBCIC,6|S1|T111,6,1,0.0,0.8220461647277584,1,1.0,0.0,0.0,0.0,True,False,False
WBCIC,6|S1|T112,6,0,0.0,0.6598656558142872,1,1.0,0.0,0.0,0.0,False,False,False
WBCIC,6|S1|T113,6,1,0.0,0.9009514005917719,1,1.0,0.0,0.0,0.0,True,False,False
WBCIC,6|S1|T114,6,0,0.0,0.1760482566761503,0,1.0,0.0,0.0,0.0,True,False,False
WBCIC,6|S1|T115,6,1,0.0,0.8085700359770235,1,1.0,0.0,0.0,0.0,True,False,False
WBCIC,6|S1|T116,6,1,0.0,0.797132033447613,1,1.0,0.0,0.0,0.0,True,False,False
WBCIC,6|S1|T117,6,0,0.0,0.19799879954299696,0,1.0,0.0,0.0,0.0,True,False,False
WBCIC,6|S1|T118,6,1,0.6666666666666666,0.47036051172523474,0,1.0,0.0,0.0,0.0,False,False,False
WBCIC,6|S1|T119,6,1,0.0,0.21189820705903703,0,1.0,0.0,0.0,0.0,True,False,False
WBCIC,6|S1|T12,6,0,0.0,0.06618743594121038,0,1.0,0.0,0.0,0.0,True,False,False
WBCIC,6|S1|T120,6,1,0.0,0.8768539264304606,1,1.0,0.0,0.0,0.0,True,False,False
WBCIC,6|S1|T121,6,1,0.0,0.8269881861048258,1,1.0,0.0,0.0,0.0,True,False,False
WBCIC,6|S1|T122,6,1,0.0,0.6841772424556316,1,1.0,0.0,0.0,0.0,False,False,False
WBCIC,6|S1|T123,6,1,0.0,0.75638581048825,1,1.0,0.0,0.0,0.0,True,False,False
WBCIC,6|S1|T124,6,0,0.0,0.19052567883000504,0,1.0,0.0,0.0,0.0,True,False,False
WBCIC,6|S1|T125,6,0,0.0,0.10808617984386416,0,1.0,0.0,0.0,0.0,True,False,False
WBCIC,6|S1|T126,6,0,0.0,0.16468286697208565,0,1.0,0.0,0.0,0.0,True,False,False
WBCIC,6|S1|T127,6,1,0.6666666666666667,0.693258257310326,1,1.0,0.0,0.0,0.0,False,False,False
WBCIC,6|S1|T128,6,1,0.0,0.7823391977510111,1,1.0,0.0,0.0,0.0,True,False,False
WBCIC,6|S1|T129,6,0,0.0,0.2500617152407081,0,1.0,0.0,0.0,0.0,True,False,False
WBCIC,6|S1|T13,6,0,0.0,0.12985322171655306,0,1.0,0.0,0.0,0.0,True,False,False
WBCIC,6|S1|T130,6,0,0.0,0.06513737564595369,0,1.0,0.0,0.0,0.0,True,False,False
WBCIC,6|S1|T131,6,1,0.0,0.8577167089618976,1,1.0,0.0,0.0,0.0,True,False,False
WBCIC,6|S1|T132,6,1,0.0,0.22438740545138894,0,1.0,0.0,0.0,0.0,True,False,False
WBCIC,6|S1|T133,6,0,0.0,0.2607692602162544,0,1.0,0.0,0.0,0.0,True,False,False
WBCIC,6|S1|T134,6,0,0.0,0.18137254583942372,0,1.0,0.0,0.0,0.0,True,False,False
WBCIC,6|S1|T135,6,0,0.6666666666666666,0.40966653256096563,0,0.6252259895805208,0.3747740104194792,0.0,0.3747740104194792,False,False,False
WBCIC,6|S1|T136,6,0,0.6666666666666666,0.41539738281960203,0,0.6225612424083937,0.3774387575916064,0.0,0.3774387575916064,False,False,False
WBCIC,6|S1|T137,6,1,0.0,0.8591466551592285,1,1.0,0.0,0.0,0.0,True,False,False
WBCIC,6|S1|T138,6,1,0.0,0.7029739930694722,1,1.0,0.0,0.0,0.0,True,False,False
WBCIC,6|S1|T139,6,1,0.0,0.8706494202532121,1,1.0,0.0,0.0,0.0,True,False,False
WBCIC,6|S1|T14,6,0,1.0,0.4807298366029556,0,1.0,0.0,0.0,0.0,False,False,False
WBCIC,6|S1|T140,6,0,0.0,0.08764031246950017,0,1.0,0.0,0.0,0.0,True,False,False
WBCIC,6|S1|T141,6,0,1.0,0.43276662500287105,0,1.0,0.0,0.0,0.0,False,False,False
WBCIC,6|S1|T142,6,1,0.0,0.7150550784467112,1,1.0,0.0,0.0,0.0,True,False,False
WBCIC,6|S1|T143,6,1,0.0,0.8113903960521767,1,1.0,0.0,0.0,0.0,True,False,False
WBCIC,6|S1|T144,6,0,0.0,0.22057586154892125,0,1.0,0.0,0.0,0.0,True,False,False
WBCIC,6|S1|T145,6,1,0.0,0.7423959226191811,1,1.0,0.0,0.0,0.0,True,False,False
WBCIC,6|S1|T146,6,0,0.0,0.2652513613800339,0,1.0,0.0,0.0,0.0,True,False,False
WBCIC,6|S1|T147,6,0,0.6666666666666666,0.4475199160010534,0,1.0,0.0,0.0,0.0,False,False,False
WBCIC,6|S1|T148,6,0,0.0,0.13432908745082592,0,1.0,0.0,0.0,0.0,True,False,False
WBCIC,6|S1|T149,6,1,0.0,0.8685401814776773,1,1.0,0.0,0.0,0.0,True,False,False
WBCIC,6|S1|T15,6,0,0.0,0.16685030201119475,0,1.0,0.0,0.0,0.0,True,False,False
WBCIC,6|S1|T150,6,1,0.0,0.31158771327319723,0,1.0,0.0,0.0,0.0,False,False,False
WBCIC,6|S1|T151,6,0,0.0,0.14889910705609688,0,1.0,0.0,0.0,0.0,True,False,False
WBCIC,6|S1|T152,6,1,0.0,0.8865707565818154,1,1.0,0.0,0.0,0.0,True,False,False
WBCIC,6|S1|T153,6,0,1.0,0.5486970689057961,1,1.0,0.0,0.0,0.0,False,False,False
WBCIC,6|S1|T154,6,1,0.0,0.7832735274721183,1,1.0,0.0,0.0,0.0,True,False,False
WBCIC,6|S1|T155,6,1,0.0,0.7620598831976485,1,1.0,0.0,0.0,0.0,True,False,False
WBCIC,6|S1|T156,6,0,0.0,0.11279246570870537,0,1.0,0.0,0.0,0.0,True,False,False
WBCIC,6|S1|T157,6,0,0.0,0.11612971743165958,0,1.0,0.0,0.0,0.0,True,False,False
WBCIC,6|S1|T158,6,0,0.0,0.35155729678754977,0,1.0,0.0,0.0,0.0,False,False,False
WBCIC,6|S1|T159,6,1,0.33333333333333326,0.7423572586612958,1,1.0,0.0,0.0,0.0,False,False,False
WBCIC,6|S1|T16,6,1,0.0,0.22787484611644052,0,1.0,0.0,0.0,0.0,True,False,False
WBCIC,6|S1|T160,6,0,0.0,0.13141674739881656,0,1.0,0.0,0.0,0.0,True,False,False
WBCIC,6|S1|T161,6,0,1.0,0.5459555156791868,1,1.0,0.0,0.0,0.0,False,False,False
WBCIC,6|S1|T162,6,1,0.33333333333333326,0.7459384592842966,1,1.0,0.0,0.0,0.0,False,False,False
WBCIC,6|S1|T163,6,0,0.0,0.24080904043900275,0,1.0,0.0,0.0,0.0,True,False,False
WBCIC,6|S1|T164,6,1,0.6666666666666667,0.700886783790332,1,1.0,0.0,0.0,0.0,False,False,False
WBCIC,6|S1|T165,6,1,0.0,0.7037981477192709,1,1.0,0.0,0.0,0.0,True,False,False
WBCIC,6|S1|T166,6,1,0.6666666666666666,0.31945565374501267,0,1.0,0.0,0.0,0.0,False,False,False
WBCIC,6|S1|T167,6,1,0.33333333333333326,0.7187889256458532,1,0.755398550205001,0.0,0.244601449794999,0.244601449794999,False,False,False
WBCIC,6|S1|T168,6,0,0.0,0.20608497866043807,0,1.0,0.0,0.0,0.0,True,False,False
WBCIC,6|S1|T169,6,0,0.0,0.16918164767901323,0,1.0,0.0,0.0,0.0,True,False,False
WBCIC,6|S1|T17,6,1,0.0,0.7756614431835613,1,1.0,0.0,0.0,0.0,True,False,False
WBCIC,6|S1|T170,6,0,0.0,0.293081620005622,0,1.0,0.0,0.0,0.0,True,False,False
WBCIC,6|S1|T171,6,0,0.0,0.19648348802584373,0,1.0,0.0,0.0,0.0,True,False,False
WBCIC,6|S1|T172,6,1,0.0,0.8800494332232841,1,1.0,0.0,0.0,0.0,True,False,False
WBCIC,6|S1|T173,6,1,0.0,0.7742861134729372,1,1.0,0.0,0.0,0.0,True,False,False
WBCIC,6|S1|T174,6,0,0.0,0.19198624358391034,0,1.0,0.0,0.0,0.0,True,False,False
WBCIC,6|S1|T175,6,0,0.0,0.12859302404275214,0,1.0,0.0,0.0,0.0,True,False,False
WBCIC,6|S1|T176,6,0,0.0,0.7733387963743373,1,1.0,0.0,0.0,0.0,True,False,False
WBCIC,6|S1|T177,6,0,1.0,0.5183432229775705,1,1.0,0.0,0.0,0.0,False,False,False
WBCIC,6|S1|T178,6,1,0.0,0.2505800303229369,0,1.0,0.0,0.0,0.0,True,False,False
WBCIC,6|S1|T179,6,0,0.0,0.19503206955118133,0,1.0,0.0,0.0,0.0,True,False,False
WBCIC,6|S1|T18,6,0,0.0,0.09132037741998128,0,1.0,0.0,0.0,0.0,True,False,False
WBCIC,6|S1|T180,6,1,0.0,0.9009865591464612,1,1.0,0.0,0.0,0.0,True,False,False
WBCIC,6|S1|T181,6,1,0.0,0.749849733976331,1,1.0,0.0,0.0,0.0,True,False,False
WBCIC,6|S1|T182,6,1,0.0,0.7848262065610099,1,1.0,0.0,0.0,0.0,True,False,False
WBCIC,6|S1|T183,6,1,0.0,0.8007532057106284,1,1.0,0.0,0.0,0.0,True,False,False
WBCIC,6|S1|T184,6,1,0.0,0.3677209382098918,0,1.0,0.0,0.0,0.0,False,False,False
WBCIC,6|S1|T185,6,0,0.6666666666666666,0.5244264109364667,1,1.0,0.0,0.0,0.0,False,False,False
WBCIC,6|S1|T186,6,0,0.0,0.4248137665329783,0,1.0,0.0,0.0,0.0,False,False,False
WBCIC,6|S1|T187,6,1,0.0,0.8250511818536621,1,1.0,0.0,0.0,0.0,True,False,False
WBCIC,6|S1|T188,6,1,0.0,0.8529423892733424,1,1.0,0.0,0.0,0.0,True,False,False
WBCIC,6|S1|T189,6,0,0.0,0.16030949479322995,0,1.0,0.0,0.0,0.0,True,False,False
WBCIC,6|S1|T19,6,1,0.0,0.8907201388726421,1,1.0,0.0,0.0,0.0,True,False,False
WBCIC,6|S1|T190,6,1,0.0,0.8573557327348481,1,1.0,0.0,0.0,0.0,True,False,False
WBCIC,6|S1|T191,6,1,0.0,0.7567622552491858,1,1.0,0.0,0.0,0.0,True,False,False
WBCIC,6|S1|T192,6,1,0.0,0.43041155619927,0,1.0,0.0,0.0,0.0,False,False,False
WBCIC,6|S1|T193,6,0,0.0,0.10586678269755277,0,1.0,0.0,0.0,0.0,True,False,False
WBCIC,6|S1|T194,6,0,0.0,0.2514406835080449,0,1.0,0.0,0.0,0.0,True,False,False
WBCIC,6|S1|T195,6,1,0.33333333333333326,0.7678768273540973,1,1.0,0.0,0.0,0.0,False,False,False
WBCIC,6|S1|T196,6,0,0.0,0.7423310687653943,1,1.0,0.0,0.0,0.0,True,False,False
WBCIC,6|S1|T197,6,1,0.0,0.2235659691292926,0,1.0,0.0,0.0,0.0,True,False,False
WBCIC,6|S1|T198,6,0,0.6666666666666666,0.37799495963873053,0,0.6404446263483724,0.3595553736516277,0.0,0.3595553736516277,False,False,False
WBCIC,6|S1|T199,6,0,0.0,0.10256446612664537,0,1.0,0.0,0.0,0.0,True,False,False
WBCIC,6|S1|T2,6,0,0.0,0.13743287175108096,0,1.0,0.0,0.0,0.0,True,False,False
WBCIC,6|S1|T20,6,0,0.33333333333333326,0.3972577620527871,0,0.7713462506307296,0.2286537493692704,0.0,0.2286537493692704,False,False,False
WBCIC,6|S1|T21,6,1,0.0,0.8573816958915562,1,1.0,0.0,0.0,0.0,True,False,False
WBCIC,6|S1|T22,6,0,0.6666666666666666,0.5154669207661633,1,1.0,0.0,0.0,0.0,False,False,False
WBCIC,6|S1|T23,6,0,0.33333333333333326,0.5677597823785507,1,0.7607467052509478,0.0,0.23925329474905224,0.23925329474905224,False,False,False
WBCIC,6|S1|T24,6,1,1.0,0.6031572588407217,1,0.5101186082836987,0.0,0.48988139171630135,0.48988139171630135,False,False,False
WBCIC,6|S1|T25,6,1,0.33333333333333326,0.7721814981103613,1,1.0,0.0,0.0,0.0,False,False,False
WBCIC,6|S1|T26,6,1,0.33333333333333326,0.49731681015915025,0,1.0,0.0,0.0,0.0,False,False,False
WBCIC,6|S1|T27,6,1,0.0,0.7957411977360137,1,1.0,0.0,0.0,0.0,True,False,False
WBCIC,6|S1|T28,6,0,0.0,0.40215367087068343,0,1.0,0.0,0.0,0.0,False,False,False
WBCIC,6|S1|T29,6,0,0.0,0.2904768066040219,0,1.0,0.0,0.0,0.0,True,False,False
WBCIC,6|S1|T3,6,1,0.0,0.8629755792450915,1,1.0,0.0,0.0,0.0,True,False,False
WBCIC,6|S1|T30,6,1,0.0,0.6199571233108464,1,1.0,0.0,0.0,0.0,False,False,False
WBCIC,6|S1|T31,6,1,0.0,0.20784585467119057,0,1.0,0.0,0.0,0.0,True,False,False
WBCIC,6|S1|T32,6,1,0.0,0.8705319990314067,1,1.0,0.0,0.0,0.0,True,False,False
WBCIC,6|S1|T33,6,0,0.0,0.11550023822590892,0,1.0,0.0,0.0,0.0,True,False,False
WBCIC,6|S1|T34,6,1,0.0,0.862025559203819,1,1.0,0.0,0.0,0.0,True,False,False
WBCIC,6|S1|T35,6,0,0.0,0.24557133534520056,0,1.0,0.0,0.0,0.0,True,False,False
WBCIC,6|S1|T36,6,0,0.0,0.09445258385002801,0,1.0,0.0,0.0,0.0,True,False,False
WBCIC,6|S1|T37,6,1,0.0,0.8880927980514164,1,1.0,0.0,0.0,0.0,True,False,False
WBCIC,6|S1|T38,6,0,0.0,0.10525271303797118,0,1.0,0.0,0.0,0.0,True,False,False
WBCIC,6|S1|T39,6,1,0.0,0.8186271562787404,1,1.0,0.0,0.0,0.0,True,False,False
WBCIC,6|S1|T4,6,1,0.33333333333333326,0.6882164425044801,1,0.7631478221918137,0.23685217780818643,0.0,0.23685217780818643,False,False,False
WBCIC,6|S1|T40,6,0,0.0,0.2938226929521205,0,1.0,0.0,0.0,0.0,True,False,False
WBCIC,6|S1|T41,6,0,0.33333333333333326,0.350921598970344,0,0.7648818285166109,0.23511817148338907,0.0,0.23511817148338907,False,False,False
WBCIC,6|S1|T42,6,1,0.33333333333333326,0.7199824878111393,1,1.0,0.0,0.0,0.0,False,False,False
WBCIC,6|S1|T43,6,0,0.0,0.13256902829680706,0,1.0,0.0,0.0,0.0,True,False,False
WBCIC,6|S1|T44,6,0,0.0,0.11697602165148456,0,1.0,0.0,0.0,0.0,True,False,False
WBCIC,6|S1|T45,6,0,0.6666666666666667,0.5583907567820605,1,0.641859711698256,0.35814028830174416,0.0,0.35814028830174416,False,False,False
WBCIC,6|S1|T46,6,0,0.0,0.33235263996079245,0,1.0,0.0,0.0,0.0,False,False,False
WBCIC,6|S1|T47,6,0,0.6666666666666667,0.6545656242100992,1,0.6278861022191581,0.37211389778084186,0.0,0.37211389778084186,False,False,False
WBCIC,6|S1|T48,6,1,0.0,0.8446845897388632,1,1.0,0.0,0.0,0.0,True,False,False
WBCIC,6|S1|T49,6,1,0.0,0.8287517896789045,1,1.0,0.0,0.0,0.0,True,False,False
WBCIC,6|S1|T5,6,0,0.0,0.08530249012645268,0,1.0,0.0,0.0,0.0,True,False,False
WBCIC,6|S1|T50,6,1,0.0,0.9014997755673441,1,1.0,0.0,0.0,0.0,True,False,False
WBCIC,6|S1|T51,6,1,0.33333333333333326,0.7461385924326264,1,1.0,0.0,0.0,0.0,False,False,False
WBCIC,6|S1|T52,6,1,0.0,0.7763111601349094,1,1.0,0.0,0.0,0.0,True,False,False
WBCIC,6|S1|T53,6,0,0.0,0.07572935649401873,0,1.0,0.0,0.0,0.0,True,False,False
WBCIC,6|S1|T54,6,1,0.0,0.7763061648688526,1,1.0,0.0,0.0,0.0,True,False,False
WBCIC,6|S1|T55,6,1,0.0,0.8938281265046863,1,1.0,0.0,0.0,0.0,True,False,False
WBCIC,6|S1|T56,6,0,0.0,0.6406180247732616,1,1.0,0.0,0.0,0.0,False,False,False
WBCIC,6|S1|T57,6,1,0.0,0.7796215393435242,1,1.0,0.0,0.0,0.0,True,False,False
WBCIC,6|S1|T58,6,1,0.0,0.9231800850150096,1,1.0,0.0,0.0,0.0,True,False,False
WBCIC,6|S1|T59,6,0,0.0,0.07290508004005578,0,1.0,0.0,0.0,0.0,True,False,False
WBCIC,6|S1|T6,6,0,0.0,0.24732240213616655,0,1.0,0.0,0.0,0.0,True,False,False
WBCIC,6|S1|T60,6,0,0.0,0.1111275875868205,0,1.0,0.0,0.0,0.0,True,False,False
WBCIC,6|S1|T61,6,0,0.0,0.10196239631264921,0,1.0,0.0,0.0,0.0,True,False,False
WBCIC,6|S1|T62,6,1,0.0,0.8880286861532111,1,1.0,0.0,0.0,0.0,True,False,False
WBCIC,6|S1|T63,6,0,0.0,0.11230645821611075,0,1.0,0.0,0.0,0.0,True,False,False
WBCIC,6|S1|T64,6,1,0.0,0.9280987719179626,1,1.0,0.0,0.0,0.0,True,False,False
WBCIC,6|S1|T65,6,1,0.0,0.7374871130397382,1,1.0,0.0,0.0,0.0,True,False,False
WBCIC,6|S1|T66,6,1,0.0,0.8982593331431615,1,1.0,0.0,0.0,0.0,True,False,False
WBCIC,6|S1|T67,6,1,0.33333333333333326,0.7698659208289693,1,1.0,0.0,0.0,0.0,False,False,False
WBCIC,6|S1|T68,6,1,0.0,0.8431109806313363,1,1.0,0.0,0.0,0.0,True,False,False
WBCIC,6|S1|T69,6,0,0.0,0.1814363204575741,0,1.0,0.0,0.0,0.0,True,False,False
WBCIC,6|S1|T7,6,1,0.0,0.8756395993114935,1,1.0,0.0,0.0,0.0,True,False,False
WBCIC,6|S1|T70,6,0,0.0,0.3112584257820557,0,1.0,0.0,0.0,0.0,False,False,False
WBCIC,6|S1|T71,6,1,0.0,0.9068955740118435,1,1.0,0.0,0.0,0.0,True,False,False
WBCIC,6|S1|T72,6,0,0.33333333333333326,0.41341783919716435,0,0.7721723271660077,0.0,0.22782767283399227,0.22782767283399227,False,False,False
WBCIC,6|S1|T73,6,0,0.0,0.24209957629166504,0,1.0,0.0,0.0,0.0,True,False,False
WBCIC,6|S1|T74,6,1,0.0,0.8869694982448527,1,1.0,0.0,0.0,0.0,True,False,False
WBCIC,6|S1|T75,6,0,0.0,0.0489609507896612,0,1.0,0.0,0.0,0.0,True,False,False
WBCIC,6|S1|T76,6,1,0.0,0.8924584580280737,1,1.0,0.0,0.0,0.0,True,False,False
WBCIC,6|S1|T77,6,1,0.0,0.8952962862821838,1,1.0,0.0,0.0,0.0,True,False,False
WBCIC,6|S1|T78,6,0,0.0,0.16290063326875778,0,1.0,0.0,0.0,0.0,True,False,False
WBCIC,6|S1|T79,6,0,0.0,0.24396610703369725,0,1.0,0.0,0.0,0.0,True,False,False
WBCIC,6|S1|T8,6,1,0.6666666666666666,0.3819905969199526,0,0.6318103055440014,0.3681896944559986,0.0,0.3681896944559986,False,False,False
WBCIC,6|S1|T80,6,1,0.0,0.9048062230405528,1,1.0,0.0,0.0,0.0,True,False,False
WBCIC,6|S1|T81,6,0,0.0,0.6806151865565412,1,1.0,0.0,0.0,0.0,False,False,False
WBCIC,6|S1|T82,6,0,0.0,0.7256121420286886,1,1.0,0.0,0.0,0.0,True,False,False
WBCIC,6|S1|T83,6,1,0.6666666666666666,0.5423671276763138,1,1.0,0.0,0.0,0.0,False,False,False
WBCIC,6|S1|T84,6,1,0.33333333333333326,0.6849213763088425,1,0.774111735523838,0.22588826447616198,0.0,0.22588826447616198,False,False,False
WBCIC,6|S1|T85,6,0,0.0,0.7116181209191739,1,1.0,0.0,0.0,0.0,True,False,False
WBCIC,6|S1|T86,6,0,0.0,0.08124150944082104,0,1.0,0.0,0.0,0.0,True,False,False
WBCIC,6|S1|T87,6,0,0.0,0.08643658962740847,0,1.0,0.0,0.0,0.0,True,False,False
WBCIC,6|S1|T88,6,1,0.0,0.7519361138210651,1,1.0,0.0,0.0,0.0,True,False,False
WBCIC,6|S1|T89,6,0,0.0,0.04898039017254832,0,1.0,0.0,0.0,0.0,True,False,False
WBCIC,6|S1|T9,6,0,0.0,0.05233212536771468,0,1.0,0.0,0.0,0.0,True,False,False
WBCIC,6|S1|T90,6,0,0.33333333333333326,0.3608067121796159,0,1.0,0.0,0.0,0.0,False,False,False
WBCIC,6|S1|T91,6,1,0.6666666666666667,0.6630268784497739,1,0.6235988213715543,0.0,0.37640117862844563,0.37640117862844563,False,False,False
WBCIC,6|S1|T92,6,0,0.0,0.05637686407693618,0,1.0,0.0,0.0,0.0,True,False,False
WBCIC,6|S1|T93,6,1,0.0,0.7609631544662084,1,1.0,0.0,0.0,0.0,True,False,False
WBCIC,6|S1|T94,6,0,0.0,0.11929671581997121,0,1.0,0.0,0.0,0.0,True,False,False
WBCIC,6|S1|T95,6,0,0.33333333333333326,0.7653489977265234,1,1.0,0.0,0.0,0.0,False,False,False
WBCIC,6|S1|T96,6,1,0.6666666666666667,0.7225879680270211,1,0.6596336197039988,0.34036638029600125,0.0,0.34036638029600125,False,False,False
WBCIC,6|S1|T97,6,0,0.0,0.07201480934768624,0,1.0,0.0,0.0,0.0,True,False,False
WBCIC,6|S1|T98,6,1,0.0,0.844697799984455,1,1.0,0.0,0.0,0.0,True,False,False
WBCIC,6|S1|T99,6,1,0.0,0.8738393790214576,1,1.0,0.0,0.0,0.0,True,False,False
WBCIC,7|S1|T0,7,0,0.0,0.1301796397286882,0,1.0,0.0,0.0,0.0,True,False,False
WBCIC,7|S1|T1,7,1,0.0,0.7883430260791672,1,1.0,0.0,0.0,0.0,True,False,False
WBCIC,7|S1|T10,7,1,0.6666666666666666,0.4959418897496051,0,0.46684709309167854,0.2690326884791383,0.26412021842918315,0.5331529069083214,False,False,False
WBCIC,7|S1|T100,7,1,0.6666666666666666,0.47642359049951655,0,0.4859499438435643,0.260630461099841,0.25341959505659467,0.5140500561564356,False,False,False
WBCIC,7|S1|T101,7,0,0.6666666666666667,0.560168248250545,1,1.0,0.0,0.0,0.0,False,False,False
WBCIC,7|S1|T102,7,1,0.6666666666666667,0.584366497932067,1,1.0,0.0,0.0,0.0,False,False,False
WBCIC,7|S1|T103,7,0,1.0,0.5779930690619094,1,0.5066077518735711,0.49339224812642896,0.0,0.49339224812642896,False,False,False
WBCIC,7|S1|T104,7,1,0.0,0.716248302084811,1,1.0,0.0,0.0,0.0,True,False,False
WBCIC,7|S1|T105,7,1,0.0,0.737498355018999,1,1.0,0.0,0.0,0.0,True,False,False
WBCIC,7|S1|T106,7,1,0.6666666666666667,0.5642434428659905,1,1.0,0.0,0.0,0.0,False,False,False
WBCIC,7|S1|T107,7,1,0.33333333333333326,0.38770422809519417,0,0.7787979799504954,0.0,0.22120202004950465,0.22120202004950465,False,False,False
WBCIC,7|S1|T108,7,0,0.0,0.14586415042767623,0,1.0,0.0,0.0,0.0,True,False,False
WBCIC,7|S1|T109,7,0,0.0,0.24182706362894205,0,1.0,0.0,0.0,0.0,True,False,False
WBCIC,7|S1|T11,7,0,0.0,0.11974470630312416,0,1.0,0.0,0.0,0.0,True,False,False
WBCIC,7|S1|T110,7,0,0.0,0.2516838221336499,0,1.0,0.0,0.0,0.0,True,False,False
WBCIC,7|S1|T111,7,1,1.0,0.5339551307602087,1,1.0,0.0,0.0,0.0,False,False,False
WBCIC,7|S1|T112,7,0,0.33333333333333326,0.41247787348203024,0,1.0,0.0,0.0,0.0,False,False,False
WBCIC,7|S1|T113,7,1,1.0,0.5831419082194518,1,0.5004450243469677,0.49955497565303225,0.0,0.49955497565303225,False,False,False
WBCIC,7|S1|T114,7,0,0.33333333333333326,0.33582108239871505,0,1.0,0.0,0.0,0.0,False,False,False
WBCIC,7|S1|T115,7,1,0.0,0.7235982866668361,1,1.0,0.0,0.0,0.0,True,False,False
WBCIC,7|S1|T116,7,0,0.0,0.29685340939049526,0,1.0,0.0,0.0,0.0,True,False,False
WBCIC,7|S1|T117,7,1,0.0,0.22031936754312018,0,1.0,0.0,0.0,0.0,True,False,False
WBCIC,7|S1|T118,7,0,0.33333333333333326,0.6721488444915481,1,0.6211720131619367,0.19282659487671253,0.1860013919613508,0.3788279868380633,False,False,False
WBCIC,7|S1|T119,7,1,0.6666666666666666,0.4987956007713786,0,1.0,0.0,0.0,0.0,False,False,False
WBCIC,7|S1|T12,7,1,0.0,0.7757243578016683,1,1.0,0.0,0.0,0.0,True,False,False
WBCIC,7|S1|T120,7,1,0.33333333333333326,0.7553269421149276,1,1.0,0.0,0.0,0.0,False,False,False
WBCIC,7|S1|T121,7,0,0.0,0.36846455329467886,0,1.0,0.0,0.0,0.0,False,False,False
WBCIC,7|S1|T122,7,0,0.0,0.31593353075258984,0,1.0,0.0,0.0,0.0,False,False,False
WBCIC,7|S1|T123,7,1,0.6666666666666667,0.5953537266098553,1,1.0,0.0,0.0,0.0,False,False,False
WBCIC,7|S1|T124,7,1,1.0,0.6438180952754757,1,0.5044682033004654,0.4955317966995347,0.0,0.4955317966995347,False,False,False
WBCIC,7|S1|T125,7,0,0.0,0.23046352714028506,0,1.0,0.0,0.0,0.0,True,False,False
WBCIC,7|S1|T126,7,1,0.0,0.8556139990484873,1,1.0,0.0,0.0,0.0,True,False,False
WBCIC,7|S1|T127,7,1,1.0,0.6211898797870224,1,1.0,0.0,0.0,0.0,False,False,False
WBCIC,7|S1|T128,7,1,0.0,0.28301935287213975,0,1.0,0.0,0.0,0.0,True,False,False
WBCIC,7|S1|T129,7,1,0.0,0.2687994002531496,0,1.0,0.0,0.0,0.0,True,False,False
WBCIC,7|S1|T13,7,1,0.0,0.8348961269945933,1,1.0,0.0,0.0,0.0,True,False,False
WBCIC,7|S1|T130,7,1,0.0,0.22423770988275227,0,1.0,0.0,0.0,0.0,True,False,False
WBCIC,7|S1|T131,7,0,0.6666666666666667,0.703844526255506,1,0.4654985405166683,0.2735786917512342,0.2609227677320975,0.5345014594833317,False,False,False
WBCIC,7|S1|T132,7,0,0.0,0.20536038563600797,0,1.0,0.0,0.0,0.0,True,False,False
WBCIC,7|S1|T133,7,1,0.0,0.2942982553244864,0,1.0,0.0,0.0,0.0,True,False,False
WBCIC,7|S1|T134,7,1,0.6666666666666667,0.5867140150370841,1,0.6381282365511223,0.0,0.3618717634488777,0.3618717634488777,False,False,False
WBCIC,7|S1|T135,7,1,0.0,0.24739558350926052,0,1.0,0.0,0.0,0.0,True,False,False
WBCIC,7|S1|T136,7,0,0.0,0.21089363159256522,0,1.0,0.0,0.0,0.0,True,False,False
WBCIC,7|S1|T137,7,0,0.0,0.21805101238028535,0,1.0,0.0,0.0,0.0,True,False,False
WBCIC,7|S1|T138,7,1,0.33333333333333326,0.6840143813425423,1,1.0,0.0,0.0,0.0,False,False,False
WBCIC,7|S1|T139,7,0,0.0,0.2732117882346376,0,1.0,0.0,0.0,0.0,True,False,False
WBCIC,7|S1|T14,7,1,0.0,0.8458322876791932,1,1.0,0.0,0.0,0.0,True,False,False
WBCIC,7|S1|T140,7,1,0.0,0.7555309167935307,1,1.0,0.0,0.0,0.0,True,False,False
WBCIC,7|S1|T141,7,1,0.0,0.6453758511578692,1,1.0,0.0,0.0,0.0,False,False,False
WBCIC,7|S1|T142,7,0,0.0,0.20119500123157094,0,1.0,0.0,0.0,0.0,True,False,False
WBCIC,7|S1|T143,7,1,0.0,0.4142091614203282,0,1.0,0.0,0.0,0.0,False,False,False
WBCIC,7|S1|T144,7,0,0.0,0.15032168236215518,0,1.0,0.0,0.0,0.0,True,False,False
WBCIC,7|S1|T145,7,0,0.33333333333333326,0.3955727705614684,0,0.7614529480921397,0.2385470519078603,0.0,0.2385470519078603,False,False,False
WBCIC,7|S1|T146,7,0,0.0,0.2219728773067509,0,1.0,0.0,0.0,0.0,True,False,False
WBCIC,7|S1|T147,7,0,0.0,0.11556232832053022,0,1.0,0.0,0.0,0.0,True,False,False
WBCIC,7|S1|T148,7,1,0.33333333333333326,0.4497489543003715,0,1.0,0.0,0.0,0.0,False,False,False
WBCIC,7|S1|T149,7,0,0.0,0.22578430778965272,0,1.0,0.0,0.0,0.0,True,False,False
WBCIC,7|S1|T15,7,1,0.6666666666666667,0.5452577620053387,1,1.0,0.0,0.0,0.0,False,False,False
WBCIC,7|S1|T150,7,0,0.33333333333333326,0.3947431338571403,0,1.0,0.0,0.0,0.0,False,False,False
WBCIC,7|S1|T151,7,0,0.0,0.22533356549343153,0,1.0,0.0,0.0,0.0,True,False,False
WBCIC,7|S1|T152,7,1,1.0,0.39685254030014394,0,0.5050080584289737,0.49499194157102633,0.0,0.49499194157102633,False,False,False
WBCIC,7|S1|T153,7,0,0.0,0.3845258934810704,0,1.0,0.0,0.0,0.0,False,False,False
WBCIC,7|S1|T154,7,1,0.6666666666666666,0.44520012497788947,0,1.0,0.0,0.0,0.0,False,False,False
WBCIC,7|S1|T155,7,1,0.6666666666666667,0.5670325881996955,1,1.0,0.0,0.0,0.0,False,False,False
WBCIC,7|S1|T156,7,0,0.0,0.7348810366203354,1,1.0,0.0,0.0,0.0,True,False,False
WBCIC,7|S1|T157,7,1,0.6666666666666666,0.41972173560380477,0,1.0,0.0,0.0,0.0,False,False,False
WBCIC,7|S1|T158,7,0,0.0,0.2602460425420337,0,1.0,0.0,0.0,0.0,True,False,False
WBCIC,7|S1|T159,7,0,0.0,0.14418679909331866,0,1.0,0.0,0.0,0.0,True,False,False
WBCIC,7|S1|T16,7,0,0.0,0.0702420480323762,0,1.0,0.0,0.0,0.0,True,False,False
WBCIC,7|S1|T160,7,1,0.0,0.27963563723547175,0,1.0,0.0,0.0,0.0,True,False,False
WBCIC,7|S1|T161,7,0,0.6666666666666666,0.39917743234044706,0,1.0,0.0,0.0,0.0,False,False,False
WBCIC,7|S1|T162,7,1,0.0,0.8288797755001721,1,1.0,0.0,0.0,0.0,True,False,False
WBCIC,7|S1|T163,7,0,0.0,0.19168350113877444,0,1.0,0.0,0.0,0.0,True,False,False
WBCIC,7|S1|T164,7,0,0.33333333333333326,0.35826505235177275,0,1.0,0.0,0.0,0.0,False,False,False
WBCIC,7|S1|T165,7,1,0.0,0.7629884646596516,1,1.0,0.0,0.0,0.0,True,False,False
WBCIC,7|S1|T166,7,0,0.0,0.34425228735733054,0,1.0,0.0,0.0,0.0,False,False,False
WBCIC,7|S1|T167,7,0,0.0,0.2096178187532113,0,1.0,0.0,0.0,0.0,True,False,False
WBCIC,7|S1|T168,7,0,0.6666666666666666,0.5026741164796762,1,1.0,0.0,0.0,0.0,False,False,False
WBCIC,7|S1|T169,7,1,0.0,0.7548802472338233,1,1.0,0.0,0.0,0.0,True,False,False
WBCIC,7|S1|T17,7,0,0.6666666666666666,0.49859395058615613,0,1.0,0.0,0.0,0.0,False,False,False
WBCIC,7|S1|T170,7,0,0.0,0.14150807272719304,0,1.0,0.0,0.0,0.0,True,False,False
WBCIC,7|S1|T171,7,0,1.0,0.5212261643685953,1,1.0,0.0,0.0,0.0,False,False,False
WBCIC,7|S1|T172,7,1,1.0,0.44924610063623577,0,1.0,0.0,0.0,0.0,False,False,False
WBCIC,7|S1|T173,7,1,0.6666666666666667,0.5713558664689046,1,1.0,0.0,0.0,0.0,False,False,False
WBCIC,7|S1|T174,7,0,0.0,0.1687109475195885,0,1.0,0.0,0.0,0.0,True,False,False
WBCIC,7|S1|T175,7,1,0.0,0.7650693872602182,1,1.0,0.0,0.0,0.0,True,False,False
WBCIC,7|S1|T176,7,1,0.0,0.7596605227128311,1,1.0,0.0,0.0,0.0,True,False,False
WBCIC,7|S1|T177,7,0,0.6666666666666666,0.4682484162877192,0,1.0,0.0,0.0,0.0,False,False,False
WBCIC,7|S1|T178,7,0,0.0,0.31247933065094546,0,1.0,0.0,0.0,0.0,False,False,False
WBCIC,7|S1|T179,7,1,1.0,0.5430499537424589,1,0.5437742334789599,0.45622576652104013,0.0,0.45622576652104013,False,False,False
WBCIC,7|S1|T18,7,0,0.0,0.09976646591694638,0,1.0,0.0,0.0,0.0,True,False,False
WBCIC,7|S1|T180,7,0,0.0,0.27442597896355886,0,1.0,0.0,0.0,0.0,True,False,False
WBCIC,7|S1|T181,7,1,1.0,0.44900686666919,0,0.5172803776029428,0.4827196223970572,0.0,0.4827196223970572,False,False,False
WBCIC,7|S1|T182,7,1,1.0,0.607644073860527,1,0.5014621329798716,0.4985378670201284,0.0,0.4985378670201284,False,False,False
WBCIC,7|S1|T183,7,1,0.33333333333333326,0.6370312915685736,1,1.0,0.0,0.0,0.0,False,False,False
WBCIC,7|S1|T184,7,0,0.0,0.3869980829499624,0,1.0,0.0,0.0,0.0,False,False,False
WBCIC,7|S1|T185,7,0,0.0,0.24016336244298428,0,1.0,0.0,0.0,0.0,True,False,False
WBCIC,7|S1|T186,7,1,1.0,0.6040603389662906,1,1.0,0.0,0.0,0.0,False,False,False
WBCIC,7|S1|T187,7,0,0.0,0.12491757309391334,0,1.0,0.0,0.0,0.0,True,False,False
WBCIC,7|S1|T188,7,1,0.0,0.7764396685830883,1,1.0,0.0,0.0,0.0,True,False,False
WBCIC,7|S1|T189,7,1,0.6666666666666666,0.5482998123594691,1,1.0,0.0,0.0,0.0,False,False,False
WBCIC,7|S1|T19,7,0,0.0,0.6855616655653828,1,1.0,0.0,0.0,0.0,False,False,False
WBCIC,7|S1|T190,7,0,0.0,0.1888125326646346,0,1.0,0.0,0.0,0.0,True,False,False
WBCIC,7|S1|T191,7,0,0.0,0.1581890963879949,0,1.0,0.0,0.0,0.0,True,False,False
WBCIC,7|S1|T192,7,1,0.6666666666666667,0.5983890462824347,1,1.0,0.0,0.0,0.0,False,False,False
WBCIC,7|S1|T193,7,0,0.0,0.3626481766565029,0,1.0,0.0,0.0,0.0,False,False,False
WBCIC,7|S1|T194,7,1,0.6666666666666667,0.6699111417356867,1,1.0,0.0,0.0,0.0,False,False,False
WBCIC,7|S1|T195,7,1,0.33333333333333326,0.39740135320897746,0,1.0,0.0,0.0,0.0,False,False,False
WBCIC,7|S1|T196,7,0,0.0,0.2706403873844956,0,1.0,0.0,0.0,0.0,True,False,False
WBCIC,7|S1|T197,7,1,0.6666666666666667,0.6950470837493398,1,0.6348009175824942,0.3651990824175057,0.0,0.3651990824175057,False,False,False
WBCIC,7|S1|T198,7,1,0.0,0.7789939002677894,1,1.0,0.0,0.0,0.0,True,False,False
WBCIC,7|S1|T199,7,0,0.0,0.2730258292738336,0,1.0,0.0,0.0,0.0,True,False,False
WBCIC,7|S1|T2,7,1,0.0,0.7092356052776921,1,1.0,0.0,0.0,0.0,True,False,False
WBCIC,7|S1|T20,7,0,0.0,0.09367457142328046,0,1.0,0.0,0.0,0.0,True,False,False
WBCIC,7|S1|T21,7,1,0.0,0.882603950228444,1,1.0,0.0,0.0,0.0,True,False,False
WBCIC,7|S1|T22,7,0,0.0,0.3825672607366051,0,1.0,0.0,0.0,0.0,False,False,False
WBCIC,7|S1|T23,7,1,0.0,0.8541061161162601,1,1.0,0.0,0.0,0.0,True,False,False
WBCIC,7|S1|T24,7,1,1.0,0.5309788380959702,1,1.0,0.0,0.0,0.0,False,False,False
WBCIC,7|S1|T25,7,0,1.0,0.4437237742198609,0,1.0,0.0,0.0,0.0,False,False,False
WBCIC,7|S1|T26,7,0,0.0,0.24253359986795475,0,1.0,0.0,0.0,0.0,True,False,False
WBCIC,7|S1|T27,7,1,0.0,0.8677896180250125,1,1.0,0.0,0.0,0.0,True,False,False
WBCIC,7|S1|T28,7,0,0.0,0.2082933913861278,0,1.0,0.0,0.0,0.0,True,False,False
WBCIC,7|S1|T29,7,0,0.0,0.35360120615386315,0,1.0,0.0,0.0,0.0,False,False,False
WBCIC,7|S1|T3,7,0,0.0,0.31847567372529356,0,1.0,0.0,0.0,0.0,False,False,False
WBCIC,7|S1|T30,7,1,0.33333333333333326,0.6734614726587814,1,0.7729478970725264,0.0,0.2270521029274736,0.2270521029274736,False,False,False
WBCIC,7|S1|T31,7,0,0.0,0.06747234536165744,0,1.0,0.0,0.0,0.0,True,False,False
WBCIC,7|S1|T32,7,0,0.0,0.2195295766166403,0,1.0,0.0,0.0,0.0,True,False,False
WBCIC,7|S1|T33,7,1,0.33333333333333326,0.7860458858009459,1,1.0,0.0,0.0,0.0,False,False,False
WBCIC,7|S1|T34,7,0,0.0,0.11061464908348413,0,1.0,0.0,0.0,0.0,True,False,False
WBCIC,7|S1|T35,7,1,0.0,0.7866197641125853,1,1.0,0.0,0.0,0.0,True,False,False
WBCIC,7|S1|T36,7,1,0.0,0.8799544113089924,1,1.0,0.0,0.0,0.0,True,False,False
WBCIC,7|S1|T37,7,0,0.0,0.2986219610434721,0,1.0,0.0,0.0,0.0,True,False,False
WBCIC,7|S1|T38,7,1,0.0,0.8322559730119421,1,1.0,0.0,0.0,0.0,True,False,False
WBCIC,7|S1|T39,7,0,0.6666666666666666,0.48371591036277284,0,1.0,0.0,0.0,0.0,False,False,False
WBCIC,7|S1|T4,7,1,0.0,0.7743784583086623,1,1.0,0.0,0.0,0.0,True,False,False
WBCIC,7|S1|T40,7,1,0.0,0.747169566074696,1,1.0,0.0,0.0,0.0,True,False,False
WBCIC,7|S1|T41,7,1,0.0,0.2295858375925849,0,1.0,0.0,0.0,0.0,True,False,False
WBCIC,7|S1|T42,7,1,0.0,0.4336284291985871,0,1.0,0.0,0.0,0.0,False,False,False
WBCIC,7|S1|T43,7,1,0.33333333333333326,0.32660617300778666,0,0.7716051161562185,0.0,0.22839488384378154,0.22839488384378154,False,False,False
WBCIC,7|S1|T44,7,0,0.33333333333333326,0.6273061456559904,1,1.0,0.0,0.0,0.0,False,False,False
WBCIC,7|S1|T45,7,1,0.0,0.43091485296787163,0,1.0,0.0,0.0,0.0,False,False,False
WBCIC,7|S1|T46,7,0,0.33333333333333326,0.6790924644585192,1,0.7537066797081929,0.24629332029180703,0.0,0.24629332029180703,False,False,False
WBCIC,7|S1|T47,7,0,0.6666666666666666,0.3799134855826085,0,1.0,0.0,0.0,0.0,False,False,False
WBCIC,7|S1|T48,7,0,1.0,0.48529346382435684,0,1.0,0.0,0.0,0.0,False,False,False
WBCIC,7|S1|T49,7,1,0.33333333333333326,0.4302524464324486,0,1.0,0.0,0.0,0.0,False,False,False
WBCIC,7|S1|T5,7,0,0.0,0.34126870089157496,0,1.0,0.0,0.0,0.0,False,False,False
WBCIC,7|S1|T50,7,1,0.0,0.341388206029986,0,1.0,0.0,0.0,0.0,False,False,False
WBCIC,7|S1|T51,7,0,1.0,0.4770604787264849,0,0.49900723762441934,0.5009927623755807,0.0,0.5009927623755807,False,False,False
WBCIC,7|S1|T52,7,0,1.0,0.5795802959673871,1,1.0,0.0,0.0,0.0,False,False,False
WBCIC,7|S1|T53,7,0,1.0,0.5935400402309499,1,0.5304490377847533,0.0,0.4695509622152467,0.4695509622152467,False,False,False
WBCIC,7|S1|T54,7,0,0.33333333333333326,0.33162272405479365,0,0.7623156757369146,0.0,0.23768432426308542,0.23768432426308542,False,False,False
WBCIC,7|S1|T55,7,1,1.0,0.5585925072785312,1,0.5181576181060458,0.4818423818939542,0.0,0.4818423818939542,False,False,False
WBCIC,7|S1|T56,7,0,0.0,0.0666612935747234,0,1.0,0.0,0.0,0.0,True,False,False
WBCIC,7|S1|T57,7,0,0.0,0.1367661460065974,0,1.0,0.0,0.0,0.0,True,False,False
WBCIC,7|S1|T58,7,1,0.6666666666666666,0.518234338999066,1,1.0,0.0,0.0,0.0,False,False,False
WBCIC,7|S1|T59,7,1,0.6666666666666666,0.4877479806981522,0,1.0,0.0,0.0,0.0,False,False,False
WBCIC,7|S1|T6,7,0,0.0,0.07724408473584116,0,1.0,0.0,0.0,0.0,True,False,False
WBCIC,7|S1|T60,7,0,0.33333333333333326,0.418848253261372,0,1.0,0.0,0.0,0.0,False,False,False
WBCIC,7|S1|T61,7,0,0.6666666666666666,0.47352531264353864,0,0.6471710157789043,0.3528289842210957,0.0,0.3528289842210957,False,False,False
WBCIC,7|S1|T62,7,0,0.0,0.22352778695035203,0,1.0,0.0,0.0,0.0,True,False,False
WBCIC,7|S1|T63,7,1,0.0,0.8169338783302073,1,1.0,0.0,0.0,0.0,True,False,False
WBCIC,7|S1|T64,7,0,1.0,0.5021036725858833,1,1.0,0.0,0.0,0.0,False,False,False
WBCIC,7|S1|T65,7,0,0.33333333333333326,0.5573246365663872,1,1.0,0.0,0.0,0.0,False,False,False
WBCIC,7|S1|T66,7,1,0.0,0.2996632694129648,0,1.0,0.0,0.0,0.0,True,False,False
WBCIC,7|S1|T67,7,0,0.0,0.2273303023109552,0,1.0,0.0,0.0,0.0,True,False,False
WBCIC,7|S1|T68,7,1,0.6666666666666666,0.47196806460975793,0,1.0,0.0,0.0,0.0,False,False,False
WBCIC,7|S1|T69,7,0,0.33333333333333326,0.3992913852808786,0,0.7664602838709591,0.0,0.23353971612904093,0.23353971612904093,False,False,False
WBCIC,7|S1|T7,7,1,0.0,0.2527403533299544,0,1.0,0.0,0.0,0.0,True,False,False
WBCIC,7|S1|T70,7,0,1.0,0.5696504900937625,1,0.5245321338261106,0.4754678661738894,0.0,0.4754678661738894,False,False,False
WBCIC,7|S1|T71,7,1,1.0,0.5342044309778241,1,1.0,0.0,0.0,0.0,False,False,False
WBCIC,7|S1|T72,7,1,0.0,0.8484978270365792,1,1.0,0.0,0.0,0.0,True,False,False
WBCIC,7|S1|T73,7,0,0.0,0.7650134347082537,1,1.0,0.0,0.0,0.0,True,False,False
WBCIC,7|S1|T74,7,1,0.0,0.6641262327517791,1,1.0,0.0,0.0,0.0,False,False,False
WBCIC,7|S1|T75,7,1,1.0,0.4813739550016051,0,1.0,0.0,0.0,0.0,False,False,False
WBCIC,7|S1|T76,7,0,0.33333333333333326,0.437168019144982,0,1.0,0.0,0.0,0.0,False,False,False
WBCIC,7|S1|T77,7,1,0.0,0.8046737543085477,1,1.0,0.0,0.0,0.0,True,False,False
WBCIC,7|S1|T78,7,1,0.0,0.3119278684589731,0,1.0,0.0,0.0,0.0,False,False,False
WBCIC,7|S1|T79,7,1,0.6666666666666666,0.4303111890914189,0,1.0,0.0,0.0,0.0,False,False,False
WBCIC,7|S1|T8,7,1,0.0,0.7548749156918593,1,1.0,0.0,0.0,0.0,True,False,False
WBCIC,7|S1|T80,7,1,1.0,0.4936016405085261,0,1.0,0.0,0.0,0.0,False,False,False
WBCIC,7|S1|T81,7,0,1.0,0.5872921241431108,1,0.5147291112855799,0.48527088871442015,0.0,0.48527088871442015,False,False,False
WBCIC,7|S1|T82,7,1,0.0,0.3633439372417906,0,1.0,0.0,0.0,0.0,False,False,False
WBCIC,7|S1|T83,7,1,0.0,0.6363920579936378,1,1.0,0.0,0.0,0.0,False,False,False
WBCIC,7|S1|T84,7,0,0.0,0.08644435375455183,0,1.0,0.0,0.0,0.0,True,False,False
WBCIC,7|S1|T85,7,0,0.0,0.27290383459418244,0,1.0,0.0,0.0,0.0,True,False,False
WBCIC,7|S1|T86,7,0,0.0,0.35795348431701085,0,1.0,0.0,0.0,0.0,False,False,False
WBCIC,7|S1|T87,7,1,1.0,0.48678568660190064,0,1.0,0.0,0.0,0.0,False,False,False
WBCIC,7|S1|T88,7,0,0.33333333333333326,0.322318533407497,0,1.0,0.0,0.0,0.0,False,False,False
WBCIC,7|S1|T89,7,0,0.0,0.711871074310047,1,1.0,0.0,0.0,0.0,True,False,False
WBCIC,7|S1|T9,7,1,0.0,0.864102743173233,1,1.0,0.0,0.0,0.0,True,False,False
WBCIC,7|S1|T90,7,0,1.0,0.44624071172009555,0,1.0,0.0,0.0,0.0,False,False,False
WBCIC,7|S1|T91,7,1,0.33333333333333326,0.656062227938547,1,1.0,0.0,0.0,0.0,False,False,False
WBCIC,7|S1|T92,7,1,1.0,0.6256423663912922,1,1.0,0.0,0.0,0.0,False,False,False
WBCIC,7|S1|T93,7,0,0.33333333333333326,0.44232438906050553,0,1.0,0.0,0.0,0.0,False,False,False
WBCIC,7|S1|T94,7,0,0.0,0.2107214483741161,0,1.0,0.0,0.0,0.0,True,False,False
WBCIC,7|S1|T95,7,0,0.33333333333333326,0.4428505754882525,0,1.0,0.0,0.0,0.0,False,False,False
WBCIC,7|S1|T96,7,1,1.0,0.6325283219105041,1,1.0,0.0,0.0,0.0,False,False,False
WBCIC,7|S1|T97,7,0,0.0,0.2379389587452332,0,1.0,0.0,0.0,0.0,True,False,False
WBCIC,7|S1|T98,7,1,0.33333333333333326,0.6219457542160335,1,0.757847075653531,0.242152924346469,0.0,0.242152924346469,False,False,False
WBCIC,7|S1|T99,7,1,0.0,0.9135712606827502,1,1.0,0.0,0.0,0.0,True,False,False
WBCIC,9|S1|T0,9,0,0.33333333333333326,0.6133516208059353,1,1.0,0.0,0.0,0.0,False,False,False
WBCIC,9|S1|T1,9,0,0.0,0.2953429471187275,0,1.0,0.0,0.0,0.0,True,False,False
WBCIC,9|S1|T10,9,0,1.0,0.4927591040113717,0,1.0,0.0,0.0,0.0,False,False,False
WBCIC,9|S1|T100,9,1,0.0,0.26380525629878093,0,1.0,0.0,0.0,0.0,True,False,False
WBCIC,9|S1|T101,9,1,0.33333333333333326,0.40760136807438085,0,1.0,0.0,0.0,0.0,False,False,False
WBCIC,9|S1|T102,9,1,0.0,0.3101064626159302,0,1.0,0.0,0.0,0.0,False,False,False
WBCIC,9|S1|T103,9,1,0.0,0.2710796150746282,0,1.0,0.0,0.0,0.0,True,False,False
WBCIC,9|S1|T104,9,1,0.0,0.2187300002517625,0,1.0,0.0,0.0,0.0,True,False,False
WBCIC,9|S1|T105,9,1,0.0,0.18942186295522068,0,1.0,0.0,0.0,0.0,True,False,False
WBCIC,9|S1|T106,9,1,0.6666666666666666,0.5048210620839165,1,1.0,0.0,0.0,0.0,False,False,False
WBCIC,9|S1|T107,9,0,0.6666666666666667,0.6351013043266163,1,1.0,0.0,0.0,0.0,False,False,False
WBCIC,9|S1|T108,9,0,1.0,0.4891252420520225,0,1.0,0.0,0.0,0.0,False,False,False
WBCIC,9|S1|T109,9,0,0.33333333333333326,0.6074484047647726,1,1.0,0.0,0.0,0.0,False,False,False
WBCIC,9|S1|T11,9,0,0.0,0.4222989259253483,0,1.0,0.0,0.0,0.0,False,False,False
WBCIC,9|S1|T110,9,1,0.0,0.10038284264552115,0,1.0,0.0,0.0,0.0,True,False,False
WBCIC,9|S1|T111,9,1,0.0,0.19774116045326207,0,1.0,0.0,0.0,0.0,True,False,False
WBCIC,9|S1|T112,9,0,1.0,0.5120204331393033,1,1.0,0.0,0.0,0.0,False,False,False
WBCIC,9|S1|T113,9,1,1.0,0.5107858291707048,1,1.0,0.0,0.0,0.0,False,False,False
WBCIC,9|S1|T114,9,0,0.6666666666666666,0.47851292297221587,0,1.0,0.0,0.0,0.0,False,False,False
WBCIC,9|S1|T115,9,0,1.0,0.5208270003128065,1,1.0,0.0,0.0,0.0,False,False,False
WBCIC,9|S1|T116,9,0,0.0,0.3024170426536074,0,1.0,0.0,0.0,0.0,False,False,False
WBCIC,9|S1|T117,9,1,0.0,0.7130344207448925,1,1.0,0.0,0.0,0.0,True,False,False
WBCIC,9|S1|T118,9,1,0.0,0.4247054075791199,0,1.0,0.0,0.0,0.0,False,False,False
WBCIC,9|S1|T119,9,1,0.6666666666666667,0.6014808113183846,1,1.0,0.0,0.0,0.0,False,False,False
WBCIC,9|S1|T12,9,1,0.6666666666666667,0.6678984465992973,1,0.6283036951004023,0.37169630489959776,0.0,0.37169630489959776,False,False,False
WBCIC,9|S1|T120,9,0,0.6666666666666666,0.5453734156468246,1,0.6345630561622784,0.3654369438377217,0.0,0.3654369438377217,False,False,False
WBCIC,9|S1|T121,9,0,0.33333333333333326,0.46480781212675676,0,1.0,0.0,0.0,0.0,False,False,False
WBCIC,9|S1|T122,9,0,1.0,0.6185949061348761,1,0.5062236975000727,0.4937763024999273,0.0,0.4937763024999273,False,False,False
WBCIC,9|S1|T123,9,0,0.0,0.21601775704526052,0,1.0,0.0,0.0,0.0,True,False,False
WBCIC,9|S1|T124,9,1,1.0,0.5478729913649287,1,0.5055507951719715,0.49444920482802845,0.0,0.49444920482802845,False,False,False
WBCIC,9|S1|T125,9,1,1.0,0.5792622014682056,1,0.5018148289332642,0.49818517106673577,0.0,0.49818517106673577,False,False,False
WBCIC,9|S1|T126,9,0,0.0,0.13069613449725784,0,1.0,0.0,0.0,0.0,True,False,False
WBCIC,9|S1|T127,9,1,0.33333333333333326,0.30705320156709226,0,1.0,0.0,0.0,0.0,False,False,False
WBCIC,9|S1|T128,9,1,0.0,0.7056615584842789,1,1.0,0.0,0.0,0.0,True,False,False
WBCIC,9|S1|T129,9,1,1.0,0.6376352953542203,1,1.0,0.0,0.0,0.0,False,False,False
WBCIC,9|S1|T13,9,0,1.0,0.47683668052459743,0,1.0,0.0,0.0,0.0,False,False,False
WBCIC,9|S1|T130,9,1,0.33333333333333326,0.40085312064090745,0,1.0,0.0,0.0,0.0,False,False,False
WBCIC,9|S1|T131,9,1,0.6666666666666666,0.5083043398494695,1,1.0,0.0,0.0,0.0,False,False,False
WBCIC,9|S1|T132,9,1,1.0,0.5009816289145549,1,1.0,0.0,0.0,0.0,False,False,False
WBCIC,9|S1|T133,9,0,0.33333333333333326,0.4188711504257189,0,0.7728697595657646,0.22713024043423538,0.0,0.22713024043423538,False,False,False
WBCIC,9|S1|T134,9,0,0.6666666666666667,0.5287253915586613,1,1.0,0.0,0.0,0.0,False,False,False
WBCIC,9|S1|T135,9,1,1.0,0.6476184508323447,1,1.0,0.0,0.0,0.0,False,False,False
WBCIC,9|S1|T136,9,0,0.0,0.20496370889648693,0,1.0,0.0,0.0,0.0,True,False,False
WBCIC,9|S1|T137,9,1,0.33333333333333326,0.7458925545084497,1,1.0,0.0,0.0,0.0,False,False,False
WBCIC,9|S1|T138,9,0,0.33333333333333326,0.3415003210678494,0,1.0,0.0,0.0,0.0,False,False,False
WBCIC,9|S1|T139,9,0,0.0,0.23418941738220708,0,1.0,0.0,0.0,0.0,True,False,False
WBCIC,9|S1|T14,9,1,0.6666666666666666,0.45579440894193496,0,1.0,0.0,0.0,0.0,False,False,False
WBCIC,9|S1|T140,9,0,0.33333333333333326,0.6718185143118164,1,0.6180587794061292,0.191861978134889,0.19007924245898172,0.3819412205938707,False,False,False
WBCIC,9|S1|T141,9,1,0.33333333333333326,0.5647234924854992,1,1.0,0.0,0.0,0.0,False,False,False
WBCIC,9|S1|T142,9,0,0.0,0.19095544445788415,0,1.0,0.0,0.0,0.0,True,False,False
WBCIC,9|S1|T143,9,0,0.33333333333333326,0.3139386436492828,0,1.0,0.0,0.0,0.0,False,False,False
WBCIC,9|S1|T144,9,0,0.33333333333333326,0.391629649603236,0,0.7582749685636216,0.24172503143637836,0.0,0.24172503143637836,False,False,False
WBCIC,9|S1|T145,9,0,0.33333333333333326,0.41689330311653344,0,1.0,0.0,0.0,0.0,False,False,False
WBCIC,9|S1|T146,9,1,0.33333333333333326,0.6286910306349208,1,1.0,0.0,0.0,0.0,False,False,False
WBCIC,9|S1|T147,9,0,0.0,0.15941173520833687,0,1.0,0.0,0.0,0.0,True,False,False
WBCIC,9|S1|T148,9,1,0.0,0.702747700654593,1,1.0,0.0,0.0,0.0,True,False,False
WBCIC,9|S1|T149,9,1,0.0,0.2646582327430203,0,1.0,0.0,0.0,0.0,True,False,False
WBCIC,9|S1|T15,9,0,0.33333333333333326,0.3411821573147584,0,1.0,0.0,0.0,0.0,False,False,False
WBCIC,9|S1|T150,9,0,0.0,0.18698539573149695,0,1.0,0.0,0.0,0.0,True,False,False
WBCIC,9|S1|T151,9,1,1.0,0.46679977333453104,0,1.0,0.0,0.0,0.0,False,False,False
WBCIC,9|S1|T152,9,1,0.33333333333333326,0.4444282120451321,0,1.0,0.0,0.0,0.0,False,False,False
WBCIC,9|S1|T153,9,1,0.0,0.7171658654757027,1,1.0,0.0,0.0,0.0,True,False,False
WBCIC,9|S1|T154,9,0,0.0,0.2138608536199853,0,1.0,0.0,0.0,0.0,True,False,False
WBCIC,9|S1|T155,9,0,0.33333333333333326,0.4012116612710261,0,0.7772133313170831,0.22278666868291686,0.0,0.22278666868291686,False,False,False
WBCIC,9|S1|T156,9,1,0.0,0.8295696653690642,1,1.0,0.0,0.0,0.0,True,False,False
WBCIC,9|S1|T157,9,0,0.0,0.20991584506216757,0,1.0,0.0,0.0,0.0,True,False,False
WBCIC,9|S1|T158,9,1,0.6666666666666667,0.5186540623053079,1,1.0,0.0,0.0,0.0,False,False,False
WBCIC,9|S1|T159,9,1,0.0,0.7288946732115478,1,1.0,0.0,0.0,0.0,True,False,False
WBCIC,9|S1|T16,9,0,0.0,0.16232827515905127,0,1.0,0.0,0.0,0.0,True,False,False
WBCIC,9|S1|T160,9,1,0.0,0.7186109543886233,1,1.0,0.0,0.0,0.0,True,False,False
WBCIC,9|S1|T161,9,1,0.6666666666666667,0.6008158098783025,1,0.6329285066057246,0.3670714933942754,0.0,0.3670714933942754,False,False,False
WBCIC,9|S1|T162,9,1,0.0,0.7259073687231045,1,1.0,0.0,0.0,0.0,True,False,False
WBCIC,9|S1|T163,9,1,0.0,0.7339252840891374,1,1.0,0.0,0.0,0.0,True,False,False
WBCIC,9|S1|T164,9,1,0.0,0.6740031881849156,1,1.0,0.0,0.0,0.0,False,False,False
WBCIC,9|S1|T165,9,1,1.0,0.4880762910094063,0,1.0,0.0,0.0,0.0,False,False,False
WBCIC,9|S1|T166,9,1,1.0,0.6683974881825625,1,0.5089815698036656,0.49101843019633445,0.0,0.49101843019633445,False,False,False
WBCIC,9|S1|T167,9,0,0.0,0.17247170297325867,0,1.0,0.0,0.0,0.0,True,False,False
WBCIC,9|S1|T168,9,1,0.0,0.3552509443448519,0,1.0,0.0,0.0,0.0,False,False,False
WBCIC,9|S1|T169,9,1,0.6666666666666667,0.6264995912104999,1,1.0,0.0,0.0,0.0,False,False,False
WBCIC,9|S1|T17,9,1,0.6666666666666666,0.4441494860893114,0,1.0,0.0,0.0,0.0,False,False,False
WBCIC,9|S1|T170,9,0,0.0,0.3566648545488657,0,1.0,0.0,0.0,0.0,False,False,False
WBCIC,9|S1|T171,9,1,0.0,0.31572734553563714,0,1.0,0.0,0.0,0.0,False,False,False
WBCIC,9|S1|T172,9,0,0.0,0.3762405676075507,0,1.0,0.0,0.0,0.0,False,False,False
WBCIC,9|S1|T173,9,0,0.0,0.15678683682128552,0,1.0,0.0,0.0,0.0,True,False,False
WBCIC,9|S1|T174,9,0,0.0,0.35045358982520974,0,1.0,0.0,0.0,0.0,False,False,False
WBCIC,9|S1|T175,9,0,0.0,0.2637437808324425,0,1.0,0.0,0.0,0.0,True,False,False
WBCIC,9|S1|T176,9,0,0.0,0.31725622452745844,0,1.0,0.0,0.0,0.0,False,False,False
WBCIC,9|S1|T177,9,0,0.0,0.25022813781742,0,1.0,0.0,0.0,0.0,True,False,False
WBCIC,9|S1|T178,9,1,1.0,0.5317684387735793,1,1.0,0.0,0.0,0.0,False,False,False
WBCIC,9|S1|T179,9,1,0.33333333333333326,0.7031704059342757,1,1.0,0.0,0.0,0.0,False,False,False
WBCIC,9|S1|T18,9,1,0.0,0.7615770587441845,1,1.0,0.0,0.0,0.0,True,False,False
WBCIC,9|S1|T180,9,1,0.6666666666666667,0.6048662092569962,1,1.0,0.0,0.0,0.0,False,False,False
WBCIC,9|S1|T181,9,0,0.6666666666666667,0.4081406996887033,0,1.0,0.0,0.0,0.0,False,False,False
WBCIC,9|S1|T182,9,0,0.0,0.2170905031414615,0,1.0,0.0,0.0,0.0,True,False,False
WBCIC,9|S1|T183,9,1,1.0,0.49043272234597507,0,1.0,0.0,0.0,0.0,False,False,False
WBCIC,9|S1|T184,9,0,0.33333333333333326,0.3090316982061618,0,1.0,0.0,0.0,0.0,False,False,False
WBCIC,9|S1|T185,9,0,0.0,0.203763162973853,0,1.0,0.0,0.0,0.0,True,False,False
WBCIC,9|S1|T186,9,0,0.0,0.13277365314656017,0,1.0,0.0,0.0,0.0,True,False,False
WBCIC,9|S1|T187,9,0,0.0,0.3076262416923982,0,1.0,0.0,0.0,0.0,False,False,False
WBCIC,9|S1|T188,9,0,0.0,0.25771720980255336,0,1.0,0.0,0.0,0.0,True,False,False
WBCIC,9|S1|T189,9,0,0.0,0.35346628882600406,0,1.0,0.0,0.0,0.0,False,False,False
WBCIC,9|S1|T19,9,1,0.0,0.7395888117257985,1,1.0,0.0,0.0,0.0,True,False,False
WBCIC,9|S1|T190,9,1,0.33333333333333326,0.642647938292258,1,0.7705781701059904,0.22942182989400967,0.0,0.22942182989400967,False,False,False
WBCIC,9|S1|T191,9,1,0.0,0.6782731476484001,1,1.0,0.0,0.0,0.0,False,False,False
WBCIC,9|S1|T192,9,0,0.0,0.29727046536019247,0,1.0,0.0,0.0,0.0,True,False,False
WBCIC,9|S1|T193,9,0,0.0,0.2182864095917738,0,1.0,0.0,0.0,0.0,True,False,False
WBCIC,9|S1|T194,9,1,0.33333333333333326,0.6208968032316183,1,1.0,0.0,0.0,0.0,False,False,False
WBCIC,9|S1|T195,9,1,0.0,0.8537887617582247,1,1.0,0.0,0.0,0.0,True,False,False
WBCIC,9|S1|T196,9,1,0.33333333333333326,0.40312390767956446,0,1.0,0.0,0.0,0.0,False,False,False
WBCIC,9|S1|T197,9,1,0.0,0.3379008114643682,0,1.0,0.0,0.0,0.0,False,False,False
WBCIC,9|S1|T198,9,0,0.0,0.1650951540030596,0,1.0,0.0,0.0,0.0,True,False,False
WBCIC,9|S1|T199,9,0,0.6666666666666666,0.46766130093832575,0,1.0,0.0,0.0,0.0,False,False,False
WBCIC,9|S1|T2,9,0,0.0,0.1891660539861193,0,1.0,0.0,0.0,0.0,True,False,False
WBCIC,9|S1|T20,9,0,0.33333333333333326,0.5732354662998528,1,1.0,0.0,0.0,0.0,False,False,False
WBCIC,9|S1|T21,9,1,0.0,0.29277641361177226,0,1.0,0.0,0.0,0.0,True,False,False
WBCIC,9|S1|T22,9,1,0.0,0.3117172606508044,0,1.0,0.0,0.0,0.0,False,False,False
WBCIC,9|S1|T23,9,1,0.6666666666666666,0.518454507774116,1,1.0,0.0,0.0,0.0,False,False,False
WBCIC,9|S1|T24,9,1,1.0,0.6258454322818561,1,1.0,0.0,0.0,0.0,False,False,False
WBCIC,9|S1|T25,9,1,1.0,0.49781998720927284,0,1.0,0.0,0.0,0.0,False,False,False
WBCIC,9|S1|T26,9,0,0.0,0.14443400706330364,0,1.0,0.0,0.0,0.0,True,False,False
WBCIC,9|S1|T27,9,1,0.0,0.7000887042944139,1,1.0,0.0,0.0,0.0,True,False,False
WBCIC,9|S1|T28,9,1,0.0,0.6988804965317073,1,1.0,0.0,0.0,0.0,False,False,False
WBCIC,9|S1|T29,9,1,0.6666666666666667,0.7098310311722681,1,1.0,0.0,0.0,0.0,False,False,False
WBCIC,9|S1|T3,9,1,0.6666666666666667,0.628704634152554,1,0.6368876068025416,0.36311239319745836,0.0,0.36311239319745836,False,False,False
WBCIC,9|S1|T30,9,0,0.0,0.34388372325060756,0,1.0,0.0,0.0,0.0,False,False,False
WBCIC,9|S1|T31,9,0,0.6666666666666667,0.5492144587784233,1,1.0,0.0,0.0,0.0,False,False,False
WBCIC,9|S1|T32,9,1,0.0,0.33846719788037677,0,1.0,0.0,0.0,0.0,False,False,False
WBCIC,9|S1|T33,9,1,0.0,0.8161095294892101,1,1.0,0.0,0.0,0.0,True,False,False
WBCIC,9|S1|T34,9,0,0.0,0.3341616719271341,0,1.0,0.0,0.0,0.0,False,False,False
WBCIC,9|S1|T35,9,0,1.0,0.5068631964742271,1,1.0,0.0,0.0,0.0,False,False,False
WBCIC,9|S1|T36,9,0,1.0,0.5610970453229468,1,1.0,0.0,0.0,0.0,False,False,False
WBCIC,9|S1|T37,9,1,0.33333333333333326,0.35417508069029374,0,1.0,0.0,0.0,0.0,False,False,False
WBCIC,9|S1|T38,9,1,0.6666666666666666,0.4795729054894487,0,1.0,0.0,0.0,0.0,False,False,False
WBCIC,9|S1|T39,9,1,1.0,0.4318492690011988,0,1.0,0.0,0.0,0.0,False,False,False
WBCIC,9|S1|T4,9,0,0.6666666666666667,0.5566899626924905,1,1.0,0.0,0.0,0.0,False,False,False
WBCIC,9|S1|T40,9,1,0.0,0.3068132691356468,0,1.0,0.0,0.0,0.0,False,False,False
WBCIC,9|S1|T41,9,0,0.0,0.3210189276914725,0,1.0,0.0,0.0,0.0,False,False,False
WBCIC,9|S1|T42,9,1,0.6666666666666667,0.5886404917978265,1,1.0,0.0,0.0,0.0,False,False,False
WBCIC,9|S1|T43,9,0,0.0,0.2686815220474474,0,1.0,0.0,0.0,0.0,True,False,False
WBCIC,9|S1|T44,9,0,0.0,0.6029575322658051,1,1.0,0.0,0.0,0.0,False,False,False
WBCIC,9|S1|T45,9,1,0.0,0.25520804374103206,0,1.0,0.0,0.0,0.0,True,False,False
WBCIC,9|S1|T46,9,1,0.33333333333333326,0.4513142227830516,0,1.0,0.0,0.0,0.0,False,False,False
WBCIC,9|S1|T47,9,1,0.0,0.22094153731746013,0,1.0,0.0,0.0,0.0,True,False,False
WBCIC,9|S1|T48,9,1,0.0,0.8384547060314547,1,1.0,0.0,0.0,0.0,True,False,False
WBCIC,9|S1|T49,9,1,0.0,0.15643371857093583,0,1.0,0.0,0.0,0.0,True,False,False
WBCIC,9|S1|T5,9,0,1.0,0.48267784955086696,0,1.0,0.0,0.0,0.0,False,False,False
WBCIC,9|S1|T50,9,1,0.0,0.3020584328861092,0,1.0,0.0,0.0,0.0,False,False,False
WBCIC,9|S1|T51,9,0,0.6666666666666666,0.44999878159551954,0,0.6357777050828055,0.0,0.3642222949171946,0.3642222949171946,False,False,False
WBCIC,9|S1|T52,9,1,0.33333333333333326,0.4188415068550262,0,1.0,0.0,0.0,0.0,False,False,False
WBCIC,9|S1|T53,9,0,0.6666666666666666,0.4968900278345856,0,1.0,0.0,0.0,0.0,False,False,False
WBCIC,9|S1|T54,9,0,0.0,0.31015715534096694,0,1.0,0.0,0.0,0.0,False,False,False
WBCIC,9|S1|T55,9,1,0.33333333333333326,0.3144096671656373,0,1.0,0.0,0.0,0.0,False,False,False
WBCIC,9|S1|T56,9,0,0.0,0.2909500672301939,0,1.0,0.0,0.0,0.0,True,False,False
WBCIC,9|S1|T57,9,0,0.6666666666666666,0.518121061770484,1,1.0,0.0,0.0,0.0,False,False,False
WBCIC,9|S1|T58,9,0,0.6666666666666666,0.4947729380211377,0,1.0,0.0,0.0,0.0,False,False,False
WBCIC,9|S1|T59,9,0,0.6666666666666666,0.48778589073792733,0,1.0,0.0,0.0,0.0,False,False,False
WBCIC,9|S1|T6,9,0,0.0,0.2051195006737406,0,1.0,0.0,0.0,0.0,True,False,False
WBCIC,9|S1|T60,9,1,0.0,0.11577884792821103,0,1.0,0.0,0.0,0.0,True,False,False
WBCIC,9|S1|T61,9,1,0.0,0.39539187611702714,0,1.0,0.0,0.0,0.0,False,False,False
WBCIC,9|S1|T62,9,1,0.0,0.37756328504587283,0,1.0,0.0,0.0,0.0,False,False,False
WBCIC,9|S1|T63,9,0,0.0,0.35982140007100893,0,1.0,0.0,0.0,0.0,False,False,False
WBCIC,9|S1|T64,9,1,0.0,0.3452598619089334,0,1.0,0.0,0.0,0.0,False,False,False
WBCIC,9|S1|T65,9,0,0.33333333333333326,0.42094431274116345,0,1.0,0.0,0.0,0.0,False,False,False
WBCIC,9|S1|T66,9,1,0.0,0.41264692551563553,0,1.0,0.0,0.0,0.0,False,False,False
WBCIC,9|S1|T67,9,0,0.6666666666666667,0.6535631483784271,1,1.0,0.0,0.0,0.0,False,False,False
WBCIC,9|S1|T68,9,0,1.0,0.5297467608192041,1,1.0,0.0,0.0,0.0,False,False,False
WBCIC,9|S1|T69,9,1,1.0,0.5280241412533216,1,1.0,0.0,0.0,0.0,False,False,False
WBCIC,9|S1|T7,9,0,0.0,0.23383742911163088,0,1.0,0.0,0.0,0.0,True,False,False
WBCIC,9|S1|T70,9,1,0.0,0.363011520126406,0,1.0,0.0,0.0,0.0,False,False,False
WBCIC,9|S1|T71,9,0,0.0,0.31978717727058587,0,1.0,0.0,0.0,0.0,False,False,False
WBCIC,9|S1|T72,9,1,0.0,0.26564526770340025,0,1.0,0.0,0.0,0.0,True,False,False
WBCIC,9|S1|T73,9,0,0.0,0.30013513994422186,0,1.0,0.0,0.0,0.0,False,False,False
WBCIC,9|S1|T74,9,1,0.0,0.21730521204616624,0,1.0,0.0,0.0,0.0,True,False,False
WBCIC,9|S1|T75,9,0,0.0,0.24748439512108322,0,1.0,0.0,0.0,0.0,True,False,False
WBCIC,9|S1|T76,9,0,0.0,0.16524840996757797,0,1.0,0.0,0.0,0.0,True,False,False
WBCIC,9|S1|T77,9,0,1.0,0.49242970574260125,0,1.0,0.0,0.0,0.0,False,False,False
WBCIC,9|S1|T78,9,0,0.33333333333333326,0.3827498750189431,0,1.0,0.0,0.0,0.0,False,False,False
WBCIC,9|S1|T79,9,1,0.0,0.1631200428186915,0,1.0,0.0,0.0,0.0,True,False,False
WBCIC,9|S1|T8,9,1,0.33333333333333326,0.6896105237237821,1,1.0,0.0,0.0,0.0,False,False,False
WBCIC,9|S1|T80,9,0,0.0,0.73499115299117,1,1.0,0.0,0.0,0.0,True,False,False
WBCIC,9|S1|T81,9,0,0.33333333333333326,0.42770496086689685,0,1.0,0.0,0.0,0.0,False,False,False
WBCIC,9|S1|T82,9,0,0.0,0.27485663404987354,0,1.0,0.0,0.0,0.0,True,False,False
WBCIC,9|S1|T83,9,0,0.0,0.13149195113710646,0,1.0,0.0,0.0,0.0,True,False,False
WBCIC,9|S1|T84,9,0,1.0,0.5667543967239043,1,1.0,0.0,0.0,0.0,False,False,False
WBCIC,9|S1|T85,9,0,0.0,0.298371905059055,0,1.0,0.0,0.0,0.0,True,False,False
WBCIC,9|S1|T86,9,0,0.0,0.3305278122325348,0,1.0,0.0,0.0,0.0,False,False,False
WBCIC,9|S1|T87,9,0,0.0,0.3456243959227085,0,1.0,0.0,0.0,0.0,False,False,False
WBCIC,9|S1|T88,9,1,1.0,0.5078441872590267,1,1.0,0.0,0.0,0.0,False,False,False
WBCIC,9|S1|T89,9,1,0.0,0.3217342683441064,0,1.0,0.0,0.0,0.0,False,False,False
WBCIC,9|S1|T9,9,0,0.0,0.19762614662264266,0,1.0,0.0,0.0,0.0,True,False,False
WBCIC,9|S1|T90,9,1,1.0,0.5346830100062813,1,1.0,0.0,0.0,0.0,False,False,False
WBCIC,9|S1|T91,9,1,0.6666666666666666,0.48081141019139445,0,1.0,0.0,0.0,0.0,False,False,False
WBCIC,9|S1|T92,9,1,0.0,0.3734534258756363,0,1.0,0.0,0.0,0.0,False,False,False
WBCIC,9|S1|T93,9,1,1.0,0.5401158057801938,1,1.0,0.0,0.0,0.0,False,False,False
WBCIC,9|S1|T94,9,0,0.6666666666666666,0.47161114147814986,0,1.0,0.0,0.0,0.0,False,False,False
WBCIC,9|S1|T95,9,0,0.33333333333333326,0.453431829123962,0,1.0,0.0,0.0,0.0,False,False,False
WBCIC,9|S1|T96,9,0,0.6666666666666667,0.5202930840968916,1,1.0,0.0,0.0,0.0,False,False,False
WBCIC,9|S1|T97,9,0,1.0,0.6757145145009711,1,0.5089768702413174,0.4910231297586826,0.0,0.4910231297586826,False,False,False
WBCIC,9|S1|T98,9,0,0.0,0.4159013400419207,0,1.0,0.0,0.0,0.0,False,False,False
WBCIC,9|S1|T99,9,1,1.0,0.5086641387230451,1,1.0,0.0,0.0,0.0,False,False,False
