model,task,fold,epoch,trajectory_provenance,C_effect_norm,C_margin_sign_flip,C_prediction_flip,C_to_C_rep,C_to_P_norm,C_to_P_rep,C_to_P_true_margin,C_total_norm,PC_prediction_flip_disagreement_rate,P_effect_norm,P_margin_sign_flip,P_prediction_flip,P_to_C_norm,P_to_C_rep,P_to_C_true_margin,P_to_P_rep,P_total_norm,interaction_main_ratio,interaction_norm,pair_count,session,subject
EEGNet,OpenBMI_SSVEP,3,6,RETRAINED_REPLICA_TRAJECTORY,1.4914668708418806,0.052083333333333336,0.34375,8.934905504186949,0.77891616942361,2.9155354127287865,-0.02332188794389367,1.4914668935040634,0.5416666666666666,2.1420612058912716,0.0,0.71875,0.836701960147669,2.6590562537312508,-0.3358162002793203,4.371188526352246,2.1420612360040345,0.08615486973819013,0.31490606104489416,96,1,1
EEGNet,OpenBMI_SSVEP,3,6,RETRAINED_REPLICA_TRAJECTORY,1.4775079792986314,0.0625,0.3020833333333333,9.100995898246765,0.673260202864185,2.8383947225908437,-0.1387449774580697,1.4775079851970077,0.59375,2.2643234863256416,0.010416666666666666,0.7291666666666666,0.876770754189541,2.75389247884353,-0.3465894970189159,4.482380755245686,2.2643234695618353,0.08859218408664067,0.3285686936384688,96,2,1
EEGNet,OpenBMI_SSVEP,3,6,RETRAINED_REPLICA_TRAJECTORY,1.3174940249882638,0.09375,0.10416666666666667,7.412483856081963,0.5732303240802139,2.366293553262949,-0.05422519954542319,1.317494060068081,0.8229166666666666,3.7059749849140644,0.0,0.8854166666666666,1.2372185392305255,3.89488934725523,-0.7665730922793349,6.900687384108703,3.705975044518709,0.08679342764662579,0.427638858052281,96,1,11
EEGNet,OpenBMI_SSVEP,3,6,RETRAINED_REPLICA_TRAJECTORY,1.174155312590301,0.15625,0.11458333333333333,7.4776943524678545,0.5872462733338276,2.451309081787864,0.04358742975940307,1.1741552834088604,0.8125,3.4686120860278606,0.0,0.8645833333333334,1.1813929427104692,3.7742948134740195,-0.6073633922884861,6.573927953839302,3.468612010280291,0.10895985108800232,0.4981869450615098,96,2,11
EEGNet,OpenBMI_SSVEP,3,6,RETRAINED_REPLICA_TRAJECTORY,1.271171896563222,0.0625,0.14583333333333334,7.9167597244183225,0.6423188025752703,2.630288994560639,-0.1629294606973417,1.2711718978049855,0.6770833333333334,3.015003528445959,0.0,0.8020833333333334,1.0747277753738065,3.2596043621500335,-0.5160679439626014,5.357383037606875,3.015003494297465,0.1293385259244436,0.5488926880837729,96,1,15
EEGNet,OpenBMI_SSVEP,3,6,RETRAINED_REPLICA_TRAJECTORY,1.329569750931114,0.052083333333333336,0.20833333333333334,8.138419086734453,0.6566942020629843,2.7695874720811844,-0.1332402491631607,1.3295697765424848,0.6458333333333334,2.243057612950603,0.03125,0.7291666666666666,0.9086846433735142,2.6426982854803405,-0.40260990425789106,4.063196859012048,2.243057587494453,0.11126851923957777,0.400008455500938,96,2,15
EEGNet,OpenBMI_SSVEP,3,6,RETRAINED_REPLICA_TRAJECTORY,1.2168401579062145,0.15625,0.0625,7.883617053429286,0.6332530986595278,2.6143605541437864,-0.07372691722897191,1.216840193606913,0.8125,3.2569790817797184,0.0,0.875,1.1805249396711588,3.6198437698185444,-0.6523957723596444,5.926682809988658,3.256979141384363,0.12459936569697068,0.5675275513591865,96,1,2
EEGNet,OpenBMI_SSVEP,3,6,RETRAINED_REPLICA_TRAJECTORY,1.0923262402260054,0.13541666666666666,0.40625,9.215211550394693,0.6817496355312566,2.8633750900626183,0.034633166156709194,1.0923262239666656,0.5729166666666666,2.051991651455561,0.010416666666666666,0.7083333333333334,0.7190606823035827,2.4509364434828362,-0.3721784049800287,4.38410222530365,2.0519916492824755,0.08633658561545114,0.27595959646472085,96,2,2
EEGNet,OpenBMI_SSVEP,3,6,RETRAINED_REPLICA_TRAJECTORY,1.5456279157660902,0.052083333333333336,0.3125,8.64262142777443,0.6599472324984769,2.6825487837195396,-0.07326840655878186,1.5456279281837244,0.4166666666666667,2.7337000695988536,0.010416666666666666,0.6666666666666666,1.0381173136023183,3.041525142888228,-0.34762943047098815,4.874565001577139,2.73370007549723,0.11293395768734626,0.5154818378893348,96,1,20
EEGNet,OpenBMI_SSVEP,3,6,RETRAINED_REPLICA_TRAJECTORY,1.1858530185030152,0.041666666666666664,0.2916666666666667,8.859754373629888,0.7323305006915083,2.945461911459764,0.014726631809026003,1.185852990175287,0.5104166666666666,1.9293624411026637,0.010416666666666666,0.5520833333333334,0.7071485303652784,2.323063274845481,-0.2771481907693669,4.027611133952935,1.9293624265119433,0.0826829310778218,0.2575789127149619,96,2,20
EEGNet,OpenBMI_SSVEP,3,6,RETRAINED_REPLICA_TRAJECTORY,1.371658088484158,0.010416666666666666,0.4895833333333333,8.936243464549383,0.7671218250567714,2.9330057638386884,-0.19516736012883484,1.3716581024539967,0.4791666666666667,2.053978957546254,0.010416666666666666,0.65625,0.6803695778362453,2.3487625115861497,-0.28193288886298734,4.268733613193035,2.053978962202867,0.0884869140572846,0.3056820183216284,96,1,21
EEGNet,OpenBMI_SSVEP,3,6,RETRAINED_REPLICA_TRAJECTORY,1.5020654670273264,0.08333333333333333,0.1875,8.120887671907743,0.798592621460557,2.7834063842892647,-0.3460731535839538,1.5020654120792944,0.7083333333333334,3.4120661970227957,0.0,0.8958333333333334,1.075614893808961,3.5329863131046295,-0.7145006930610786,6.234960541129112,3.4120661535610757,0.13226191012654454,0.6890119573411843,96,2,21
EEGNet,OpenBMI_SSVEP,3,6,RETRAINED_REPLICA_TRAJECTORY,1.2065066959088047,0.052083333333333336,0.4270833333333333,8.579695671796799,0.7521358165734758,3.1079756071170173,-0.17475404303210476,1.2065067266424496,0.59375,1.8721895807733138,0.020833333333333332,0.7083333333333334,0.6593413842686763,2.269324871400992,-0.0004751464972893397,3.98443761219581,1.8721896343243618,0.08119719942139152,0.23906390361177424,96,1,23
EEGNet,OpenBMI_SSVEP,3,6,RETRAINED_REPLICA_TRAJECTORY,1.2754612971718113,0.020833333333333332,0.4270833333333333,8.745393628875414,0.7987283819044629,3.229270003736019,-0.10928940416003267,1.2754613207653165,0.4375,1.5301872401808698,0.03125,0.5104166666666666,0.5141835326794535,1.931011972328027,0.05832837910080949,3.517232645303011,1.5301872687414289,0.09266118144538875,0.2611692699914177,96,2,23
EEGNet,OpenBMI_SSVEP,3,6,RETRAINED_REPLICA_TRAJECTORY,1.6314330340052645,0.052083333333333336,0.3958333333333333,8.941879580418268,0.7158064918282131,2.785736287633578,-0.06450681489271422,1.6314330079282324,0.5104166666666666,2.4980801877876124,0.0,0.71875,0.9114519061210254,2.8741685623923936,-0.34502467156077427,4.903526326020558,2.4980801281829677,0.10971776643418707,0.49326111651801813,96,1,26
EEGNet,OpenBMI_SSVEP,3,6,RETRAINED_REPLICA_TRAJECTORY,1.252397953843077,0.07291666666666667,0.3020833333333333,8.816925634940466,0.6930718955894312,2.8015105860928693,0.0670428763454159,1.2523978884952764,0.5520833333333334,2.39404275175184,0.0,0.6666666666666666,0.929835178637101,2.8030854761600494,-0.3041833830842127,4.455355775852998,2.3940427511309585,0.12209760440358271,0.4442967130647351,96,2,26
EEGNet,OpenBMI_SSVEP,3,6,RETRAINED_REPLICA_TRAJECTORY,1.3008882173647482,0.052083333333333336,0.34375,8.743672822912535,0.6381067011194924,2.814119944969813,-0.05092127124468485,1.3008882518236835,0.5729166666666666,2.492905161033074,0.0,0.7291666666666666,0.9138914593495429,2.8266988458732762,-0.3596621022249262,4.781407025953134,2.4929051833848157,0.11131260398057445,0.43453214414572966,96,1,28
EEGNet,OpenBMI_SSVEP,3,6,RETRAINED_REPLICA_TRAJECTORY,1.3370177345350385,0.07291666666666667,0.2916666666666667,8.559530983368555,0.6687557090384265,2.8747353131572404,0.021757190969462197,1.3370177370185654,0.5833333333333334,2.5016113743185997,0.0,0.6666666666666666,0.9281662785021277,2.915693415949742,-0.45255661158201593,4.991952570776145,2.5016113532086215,0.10432977633414946,0.39379592301944893,96,2,28
EEGNet,OpenBMI_SSVEP,3,6,RETRAINED_REPLICA_TRAJECTORY,1.4162628892809153,0.07291666666666667,0.3229166666666667,8.477630709608396,0.7307609852869064,2.8246750123798847,-0.06705618409129481,1.4162629023194313,0.4895833333333333,2.5576532582441964,0.0,0.6041666666666666,0.9122296173591167,2.9858567950626216,-0.41074904780058813,4.856730868419011,2.5576532534323633,0.15102949212693298,0.6300931831744189,96,1,3
EEGNet,OpenBMI_SSVEP,3,6,RETRAINED_REPLICA_TRAJECTORY,1.3616779164100687,0.052083333333333336,0.20833333333333334,7.994074021776517,0.6884174006991088,2.601766910403967,-0.19653531187213957,1.3616778741901119,0.5416666666666666,3.040092011603216,0.010416666666666666,0.6875,1.1307247382743906,3.536440491055449,-0.7333717454845706,5.36284854883949,3.040091958207389,0.11502579147539412,0.5148020196938887,96,2,3
EEGNet,OpenBMI_SSVEP,3,6,RETRAINED_REPLICA_TRAJECTORY,1.6535588586702943,0.052083333333333336,0.3125,7.943530415495236,0.7424448543072989,2.826018661260605,-0.04710823173324267,1.6535588183129828,0.3854166666666667,3.041429062684377,0.0,0.6354166666666666,1.0774147691360365,3.384361286958059,-0.33950566795344156,5.3480705345670385,3.041429047783216,0.24626426600540677,1.1720217179196577,96,1,30
EEGNet,OpenBMI_SSVEP,3,6,RETRAINED_REPLICA_TRAJECTORY,1.4190739919431508,0.03125,0.2604166666666667,8.252409825722376,0.745738856572037,2.9475809931755066,-0.1991946039100488,1.4190740486762177,0.5,2.886638257652521,0.010416666666666666,0.6354166666666666,1.0786152247261878,3.2576328770567975,-0.3621176111822327,5.041400165607532,2.886638291180134,0.15771662131495154,0.646186750731431,96,2,30
EEGNet,OpenBMI_SSVEP,3,6,RETRAINED_REPLICA_TRAJECTORY,1.4888862525112927,0.03125,0.13541666666666666,7.641312658786774,0.6260249180098375,2.499582995971044,-0.15203277169105908,1.4888861995811264,0.7291666666666666,3.492536831026276,0.0,0.84375,1.2526412912799667,3.692240414520105,-0.568309213888521,6.1401500552892685,3.49253675652047,0.1234657570021227,0.6055440227889145,96,1,31
EEGNet,OpenBMI_SSVEP,3,6,RETRAINED_REPLICA_TRAJECTORY,1.419019190594554,0.020833333333333332,0.0625,7.1621803144613905,0.5541288990837833,2.0851261553665004,0.10796607246932884,1.4190191457358499,0.8229166666666666,4.087977819144726,0.0,0.8854166666666666,1.4168422524817288,4.083887342363596,-0.6880430271849036,6.715015138188998,4.087977763265371,0.13195001533798253,0.7027481813759854,96,2,31
EEGNet,OpenBMI_SSVEP,3,6,RETRAINED_REPLICA_TRAJECTORY,1.371029205309848,0.08333333333333333,0.3125,8.391935194532076,0.7195385893185934,2.9841958582401276,0.01263142928170661,1.3710292112082243,0.65625,2.716431569928924,0.020833333333333332,0.78125,1.0632836817142863,3.026585957656304,-0.5350580951198936,4.829528659582138,2.7164315612365804,0.09712359260690089,0.40867329099758837,96,1,33
EEGNet,OpenBMI_SSVEP,3,6,RETRAINED_REPLICA_TRAJECTORY,1.2126710300023358,0.08333333333333333,0.25,8.620823815464973,0.6993932384066284,2.94694555302461,-0.03844366533060869,1.2126710352798302,0.6666666666666666,2.497985809420546,0.0,0.7708333333333334,0.9070971892215312,2.786074404915174,-0.3751102644018829,4.645654785136382,2.4979858237008252,0.09880277343715231,0.36874714235697564,96,2,33
EEGNet,OpenBMI_SSVEP,3,6,RETRAINED_REPLICA_TRAJECTORY,1.1673345901072025,0.041666666666666664,0.17708333333333334,8.121826902031898,0.7205096140193442,2.79351719096303,-0.17852019829054674,1.167334581259638,0.53125,2.767758489275972,0.0,0.6666666666666666,1.0997087216625612,3.363550248245398,-0.4903048739458124,5.24976913134257,2.767758455748359,0.13279555540066212,0.5224622469007348,96,1,38
EEGNet,OpenBMI_SSVEP,3,6,RETRAINED_REPLICA_TRAJECTORY,1.3532123865249257,0.125,0.2604166666666667,8.457216173410416,0.6078723134317746,2.732508664329847,0.09425605942184727,1.3532124135332804,0.6041666666666666,2.5774876279756427,0.0,0.78125,1.0125866152811795,3.0549998320639133,-0.4054789445362985,4.831762235611677,2.577487581719955,0.11388403670086215,0.4389130830919991,96,2,38
EEGNet,OpenBMI_SSVEP,3,6,RETRAINED_REPLICA_TRAJECTORY,1.3138656768326957,0.03125,0.4791666666666667,9.129174555341402,0.7970708974947532,3.103716053068638,0.027047215960919857,1.3138656731074054,0.4791666666666667,2.0097954316685596,0.041666666666666664,0.625,0.7493517108572026,2.541918594390154,-0.1909199256527548,4.36438990632693,2.009795400314033,0.09905487781118912,0.3447442557274674,96,1,40
EEGNet,OpenBMI_SSVEP,3,6,RETRAINED_REPLICA_TRAJECTORY,1.475571918611725,0.08333333333333333,0.34375,8.70870809753736,0.7011000882678976,2.9724720443288484,-0.08094510816348095,1.4755719335128863,0.5520833333333334,2.5103530595079064,0.010416666666666666,0.7291666666666666,1.0215349261804174,2.992701657116413,-0.47811647908141214,4.535911433398724,2.510353097381691,0.10924592955658834,0.4583221842767671,96,2,40
EEGNet,OpenBMI_SSVEP,3,6,RETRAINED_REPLICA_TRAJECTORY,1.392206145140032,0.09375,0.125,8.437312439084053,0.7320132188809415,2.7897789403796196,0.01123478845693171,1.392206112621352,0.7708333333333334,3.127581431219975,0.0,0.8333333333333334,1.0053546777926385,3.182927625874678,-0.4937667907215655,5.533629772563775,3.1275814156979322,0.11889417437487282,0.5415827580921663,96,1,41
EEGNet,OpenBMI_SSVEP,3,6,RETRAINED_REPLICA_TRAJECTORY,1.4173084998813767,0.11458333333333333,0.22916666666666666,8.479119509458542,0.7142963786609471,2.8315442577004433,0.07621600191729765,1.417308477529635,0.6979166666666666,2.8102764083693423,0.0,0.8020833333333334,0.9229630807725092,2.9357430593421063,-0.4875230967688064,5.101969083150228,2.8102763425558805,0.10658572181516017,0.44982313997267437,96,2,41
EEGNet,OpenBMI_SSVEP,3,6,RETRAINED_REPLICA_TRAJECTORY,1.31016803594927,0.11458333333333333,0.052083333333333336,7.425674602389336,0.6539590818962703,2.487808957695961,0.029765820363536477,1.3101680741334956,0.84375,3.910484736164411,0.0,0.875,1.2878943306083481,3.873007987936338,-0.7612333709839731,6.437588088214397,3.9104847672084966,0.14995090056133145,0.7492926992320766,96,1,44
EEGNet,OpenBMI_SSVEP,3,6,RETRAINED_REPLICA_TRAJECTORY,1.3103414387442172,0.08333333333333333,0.07291666666666667,7.573296839992206,0.623562605275462,2.5408319868147373,-0.0262388337093095,1.3103414429351687,0.8541666666666666,3.5302154707411924,0.0,0.90625,1.1470432609009247,3.595495969057083,-0.6683117166782419,6.019830631713073,3.530215491851171,0.11335088306320056,0.5642671988268072,96,2,44
EEGNet,OpenBMI_SSVEP,3,6,RETRAINED_REPLICA_TRAJECTORY,1.2203596429899335,0.041666666666666664,0.5416666666666666,9.681389326850573,0.7961298626226684,3.0656348429620266,-0.10121983918361366,1.220359634918471,0.6979166666666666,1.0859610267604392,0.052083333333333336,0.4895833333333333,0.3791600465774536,1.7411160723616679,0.052039638084049024,3.354396435121695,1.085961017291993,0.08394811409137522,0.1892303545610048,96,1,47
EEGNet,OpenBMI_SSVEP,3,6,RETRAINED_REPLICA_TRAJECTORY,1.334443898095439,0.03125,0.3854166666666667,8.838744521141052,0.7597364490308488,3.0867747540275254,0.07939497451297939,1.3344439564583201,0.5729166666666666,2.2923939463992915,0.0,0.6875,0.8469066753362616,2.5971181578934193,-0.3483738217813273,4.347605126599471,2.2923939463992915,0.11695224956686918,0.47227611501390737,96,2,47
EEGNet,OpenBMI_SSVEP,3,6,RETRAINED_REPLICA_TRAJECTORY,1.6237321176255743,0.052083333333333336,0.2708333333333333,8.293643871943155,0.7513678151493272,2.729057657221953,-0.10080310795456171,1.6237320890650153,0.5625,3.215887658918897,0.0,0.7916666666666666,1.1276158248074353,3.45016003275911,-0.558434332953766,5.604107357561588,3.215887635946274,0.14929726106735566,0.7664986929157749,96,1,48
EEGNet,OpenBMI_SSVEP,3,6,RETRAINED_REPLICA_TRAJECTORY,1.3926200865923117,0.03125,0.23958333333333334,7.872121602296829,0.6872119558198998,2.777863457798958,-0.0840284947771579,1.3926200419664383,0.59375,3.3801749969522157,0.0,0.7916666666666666,1.254473863945653,3.6442156235376992,-0.6894682548008859,5.844683356583118,3.3801749063034854,0.1491006055342344,0.7164124050177634,96,2,48
EEGNet,OpenBMI_SSVEP,3,6,RETRAINED_REPLICA_TRAJECTORY,1.3788343987738092,0.0625,0.5208333333333334,9.497855832179388,0.8909187024304023,3.379199462632338,-0.16971337158853808,1.3788344118123252,0.6666666666666666,1.1501190752411883,0.03125,0.3958333333333333,0.4226209919434041,1.7443476288268964,-0.05825231193254391,3.080776839827498,1.1501190758620699,0.07611311481256659,0.18086782289901748,96,1,5
EEGNet,OpenBMI_SSVEP,3,6,RETRAINED_REPLICA_TRAJECTORY,1.4128387998789549,0.052083333333333336,0.3229166666666667,8.817890708645185,0.6595018371008337,2.8821570531775556,-0.08204397629015148,1.4128388374422987,0.75,2.6962547902949154,0.020833333333333332,0.7604166666666666,0.9112928367685527,2.9668156107266745,-0.42926179043327767,5.070088880757491,2.6962548551770547,0.10073360599926673,0.4091372365364805,96,2,5
EEGNet,OpenBMI_SSVEP,3,6,RETRAINED_REPLICA_TRAJECTORY,1.2310490425055225,0.08333333333333333,0.28125,7.606302683552106,0.7737886725614468,2.814901920656363,-0.16346826512987414,1.2310490347445011,0.625,2.9340728896980486,0.0,0.78125,1.1445308255497366,3.421250312278668,-0.5893605039454997,5.19085268676281,2.9340729136019945,0.11577777157071978,0.4627060960823049,96,1,50
EEGNet,OpenBMI_SSVEP,3,6,RETRAINED_REPLICA_TRAJECTORY,1.1994799659587443,0.09375,0.2604166666666667,8.409181947509447,0.7464385713295391,2.9408916955192885,0.2125827573084583,1.1994799558694165,0.6041666666666666,2.381391572455565,0.010416666666666666,0.7395833333333334,0.9192164745957901,2.831371296197176,-0.31611027211571735,4.504491172730923,2.381391561279694,0.11018456104405534,0.3880843526761358,96,2,50
EEGNet,OpenBMI_SSVEP,3,6,RETRAINED_REPLICA_TRAJECTORY,1.6065995590761304,0.020833333333333332,0.3958333333333333,8.794753203789393,0.803409101596723,3.0844973313311734,0.0026927946601063013,1.6065996161972482,0.5208333333333334,2.5338517297059298,0.020833333333333332,0.6041666666666666,1.009410726527373,2.9572904085119567,-0.3697179078590125,4.581205659856399,2.5338517548516393,0.10342142184769425,0.42589142693517107,96,1,52
EEGNet,OpenBMI_SSVEP,3,6,RETRAINED_REPLICA_TRAJECTORY,1.4558025306711595,0.041666666666666664,0.3541666666666667,8.69101091225942,0.654979164712131,2.949332462002834,-0.05697168712504208,1.4558025230653584,0.5208333333333334,2.4078074869078896,0.0,0.7083333333333334,0.8922221113462001,2.747826848179102,-0.3637882648811986,4.467679335425298,2.4078074803886316,0.09336666020196087,0.34955769977144274,96,2,52
EEGNet,OpenBMI_SSVEP,3,6,RETRAINED_REPLICA_TRAJECTORY,1.4737316227207582,0.041666666666666664,0.3645833333333333,8.408738548556963,0.7664779862388968,2.9858659096062183,-0.04828317327580104,1.473731604249527,0.59375,2.9551403584579625,0.0,0.7916666666666666,1.102247619535774,3.24354987218976,-0.5306396058682973,5.080701537430286,2.9551404137164354,0.1119175285178547,0.49707597655166563,96,1,53
EEGNet,OpenBMI_SSVEP,3,6,RETRAINED_REPLICA_TRAJECTORY,1.3625992018108566,0.052083333333333336,0.19791666666666666,8.021523584922155,0.6986004426144063,2.7267747707664967,0.03265832713805139,1.3625991729398568,0.6875,3.003026595339179,0.0,0.8020833333333334,1.0589572112852086,3.192879796028137,-0.49176960764452815,5.22042050336798,3.003026626383265,0.14576137118274346,0.6575227531138808,96,2,53
EEGNet,OpenBMI_SSVEP,3,6,RETRAINED_REPLICA_TRAJECTORY,1.5784342770154278,0.07291666666666667,0.21875,8.120148474971453,0.7835150997464856,2.898398899783691,-0.07853280861551563,1.5784342602516215,0.65625,3.408642760167519,0.0,0.8333333333333334,1.1861128096158307,3.642131698628267,-0.6109575075873485,5.7428029254078865,3.408642734711369,0.18191247002687305,0.9498228284840783,96,1,6
EEGNet,OpenBMI_SSVEP,3,6,RETRAINED_REPLICA_TRAJECTORY,1.4655966201486688,0.0625,0.2916666666666667,8.245783252020678,0.6665173590493699,2.6426467622319856,-0.10957877500914037,1.465596673078835,0.5,3.2041009571403265,0.0,0.6875,1.1785676061796646,3.5400197034080825,-0.44010848334680003,5.569983469943206,3.2041010536874333,0.1585418927037002,0.774452423909679,96,2,6
EEGNet,OpenBMI_SSVEP,3,6,RETRAINED_REPLICA_TRAJECTORY,1.8290689317509532,0.041666666666666664,0.17708333333333334,8.0964042643706,0.6794603240365783,2.715322704985738,-0.27150493774873513,1.8290689419955015,0.5729166666666666,3.270704591025909,0.0,0.75,1.1384469837260742,3.6492568676670394,-0.5238576326519251,5.740881189703941,3.270704589163264,0.17770898486681594,0.9132856212866803,96,1,7
EEGNet,OpenBMI_SSVEP,3,6,RETRAINED_REPLICA_TRAJECTORY,1.6507963940190773,0.0625,0.2916666666666667,8.620590021212896,0.7344974090034763,2.905492026358843,0.18519950898674628,1.6507964238213997,0.46875,2.527792401922246,0.010416666666666666,0.6145833333333334,0.9474787187452117,2.98203246978422,-0.26899705004567903,4.943762036661307,2.5277924612164497,0.13039340564864688,0.5608847850235179,96,2,7
EEGNet,OpenBMI_SSVEP,3,6,RETRAINED_REPLICA_TRAJECTORY,1.354796018761893,0.0,0.34375,8.47622919579347,0.7048722727534672,3.056329241643349,-0.030503577319905162,1.3547960290064414,0.5,2.183778429403901,0.0,0.65625,0.743577773993214,2.5300253182649612,-0.35094487806782126,4.423838003228108,2.183778444925944,0.09122983350728948,0.32663089419171837,96,1,9
EEGNet,OpenBMI_SSVEP,3,6,RETRAINED_REPLICA_TRAJECTORY,1.35604274381573,0.052083333333333336,0.4166666666666667,8.649744148055712,0.6835514111444354,2.7681054497758546,-0.06803416654778023,1.3560427619765203,0.5625,2.457116985693574,0.0,0.7291666666666666,0.8535839115114262,2.7170901795228324,-0.31419781028913957,4.770342310269673,2.4571170012156167,0.08910762955686853,0.3576026206622676,96,2,9
EEGNet,OpenBMI_SSVEP,3,15,RETRAINED_REPLICA_TRAJECTORY,3.3663793057203293,0.0,0.3125,8.051255757610003,1.6371602481231093,3.3261226999262967,-0.670128094808509,3.3663793175170817,0.6041666666666666,4.807350344955921,0.0,0.75,1.7599778190876048,4.2027434433499975,-1.1664099786430597,6.055986953278382,4.807350384692351,0.21289092337246984,1.7019124717141192,96,1,1
EEGNet,OpenBMI_SSVEP,3,15,RETRAINED_REPLICA_TRAJECTORY,2.8430552973101535,0.020833333333333332,0.2916666666666667,7.974491407473882,1.3373800348490477,3.1078470212717852,-0.5816025376940767,2.843055318420132,0.4270833333333333,4.615736176570256,0.020833333333333332,0.6145833333333334,1.7215360750754674,4.1109217666089535,-0.7891808583711585,5.846514906734228,4.615736276532213,0.21342790280080712,1.5686576364872356,96,2,1
EEGNet,OpenBMI_SSVEP,3,15,RETRAINED_REPLICA_TRAJECTORY,3.4356315104911723,0.0,0.20833333333333334,6.658366007109483,1.5393468003409605,3.0726059656590223,-0.6264032479375601,3.43563158189257,0.46875,5.415876003603141,0.0,0.65625,1.8330985667804878,4.619972410301368,-1.3026275006122887,6.807306297123432,5.415875991185506,0.39890151385528344,3.1973115193347135,96,1,11
EEGNet,OpenBMI_SSVEP,3,15,RETRAINED_REPLICA_TRAJECTORY,3.448479780306419,0.0,0.22916666666666666,6.654803954064846,1.7534577986225486,3.398019910479585,-0.5618747210828587,3.4484797858943543,0.65625,5.874855337043603,0.0,0.84375,1.947002134596308,4.835180344680945,-1.3536790463452537,7.312034976979096,5.874855374296506,0.32710574427619576,2.9873786941170692,96,2,11
EEGNet,OpenBMI_SSVEP,3,15,RETRAINED_REPLICA_TRAJECTORY,3.137893609702587,0.010416666666666666,0.1875,7.091848383347194,1.3072865442372859,2.8384088122596345,-0.3933455115184188,3.1378936308125653,0.75,5.865074860552947,0.0,0.875,1.8603405642012756,4.579670004546642,-1.4992853176469605,7.347675273815791,5.865074880421162,0.21790078726674741,1.917478962102905,96,1,15
EEGNet,OpenBMI_SSVEP,3,15,RETRAINED_REPLICA_TRAJECTORY,2.6806014589965343,0.020833333333333332,0.34375,8.286039223273596,1.2370756920427084,2.9959564277281365,-0.29316202031138044,2.6806014956285558,0.5104166666666666,3.897046816845735,0.0,0.6666666666666666,1.3361385446041822,3.311497018982967,-0.6271763577436408,5.034958059589068,3.8970468832800784,0.15628742729313672,1.027130204020068,96,2,15
EEGNet,OpenBMI_SSVEP,3,15,RETRAINED_REPLICA_TRAJECTORY,3.142068574205041,0.010416666666666666,0.15625,6.743243120610714,1.4414566916724045,3.0241908530394235,-0.6998236820412179,3.1420685661335788,0.6770833333333334,5.90831483155489,0.0,0.8333333333333334,2.076015798995892,4.851183754702409,-1.4314716871206958,7.420728236436844,5.9083149035771685,0.28484804191005725,2.4578066213677325,96,1,2
EEGNet,OpenBMI_SSVEP,3,15,RETRAINED_REPLICA_TRAJECTORY,3.023362684994936,0.052083333333333336,0.3125,7.892553706963857,1.458206146567439,3.301094657431046,-0.4799998935001592,3.0233626955499253,0.46875,4.7710855814317865,0.0,0.71875,1.7141285138204694,4.254085715860128,-1.205055004839475,6.17988237241904,4.771085585157077,0.2599297010650237,1.890456244039039,96,2,2
EEGNet,OpenBMI_SSVEP,3,15,RETRAINED_REPLICA_TRAJECTORY,2.7107258308678865,0.020833333333333332,0.1875,7.600425119201343,1.234723602111141,2.846020576854547,-0.5205204904389878,2.7107258600493274,0.6354166666666666,5.1912601453562575,0.0,0.8020833333333334,1.809292998785774,4.363568523277839,-1.01209844990323,6.63359022885561,5.19126008823514,0.238420013008484,1.7332574172566335,96,1,20
EEGNet,OpenBMI_SSVEP,3,15,RETRAINED_REPLICA_TRAJECTORY,2.7586257699877024,0.0625,0.25,8.38431333998839,1.3825050527229905,3.2752625880142054,-0.5737108322791755,2.7586257526030145,0.5104166666666666,4.2478417592744036,0.0,0.6145833333333334,1.42800687191387,3.649710868795713,-0.7253811657428741,5.660283433894317,4.2478416959444685,0.17000859553809278,1.1645876774564385,96,2,20
EEGNet,OpenBMI_SSVEP,3,15,RETRAINED_REPLICA_TRAJECTORY,3.354143620779117,0.0,0.4166666666666667,8.393183002869288,1.7714547174206625,3.6378152556717396,-1.057714684555928,3.3541435363392034,0.5,4.307969695578019,0.0,0.625,1.3974871287743251,3.6391070000827312,-0.7352062332599113,5.664606521526973,4.307969608654578,0.2159654383237163,1.5914566485832136,96,1,21
EEGNet,OpenBMI_SSVEP,3,15,RETRAINED_REPLICA_TRAJECTORY,3.508523466065526,0.010416666666666666,0.28125,7.130906614164512,1.7218611631542444,3.4619343616068363,-0.8632397367618978,3.50852347103258,0.3541666666666667,5.1184727139770985,0.0,0.6145833333333334,1.632655476840834,4.2444930622975034,-1.1278961656304698,6.497442436714967,5.118472635746002,0.35574514356752235,2.6183101711794734,96,2,21
EEGNet,OpenBMI_SSVEP,3,15,RETRAINED_REPLICA_TRAJECTORY,2.4848972375815115,0.03125,0.5,8.72557145357132,1.4003247537960608,3.447943372031053,-0.6528436389441291,2.484897177045544,0.5208333333333334,3.1639139062414565,0.0625,0.5416666666666666,1.1660092569266756,2.8469842808942,0.005353005214904745,4.2812099767227965,3.16391390748322,0.11168813212619473,0.6115998789512863,96,1,23
EEGNet,OpenBMI_SSVEP,3,15,RETRAINED_REPLICA_TRAJECTORY,2.1677817522237697,0.052083333333333336,0.3854166666666667,8.81149286031723,1.2404780462384224,3.4290822073817253,-0.17068448647235832,2.1677817570356033,0.4166666666666667,2.991822195549806,0.03125,0.5729166666666666,1.147634560552736,2.828242597480615,0.2803677757425855,4.1915625259280205,2.9918221700936556,0.10848802367399912,0.5490847214920601,96,2,23
EEGNet,OpenBMI_SSVEP,3,15,RETRAINED_REPLICA_TRAJECTORY,2.8922261657814183,0.052083333333333336,0.2916666666666667,7.872028400500615,1.3851468476156394,3.055004103730122,-0.6302937315776944,2.8922262204190097,0.5625,5.210359146197637,0.0,0.75,2.0082079224909344,4.644645974040031,-1.1172626262220244,6.497186196347077,5.210359127571185,0.1891882408526726,1.5056401094576966,96,1,26
EEGNet,OpenBMI_SSVEP,3,15,RETRAINED_REPLICA_TRAJECTORY,2.8869535016516843,0.11458333333333333,0.28125,7.9853091438611346,1.3540483097701024,3.0336814845601716,-0.4614396809289853,2.886953585781157,0.6041666666666666,5.108767845978339,0.0,0.8229166666666666,1.837414373954137,4.2919105142354965,-1.0465512617180746,6.481875265638034,5.108767872055371,0.16069194255396724,1.314687977079302,96,2,26
EEGNet,OpenBMI_SSVEP,3,15,RETRAINED_REPLICA_TRAJECTORY,3.06467081947873,0.020833333333333332,0.2916666666666667,7.971608132123947,1.4672571087721735,3.202125442524751,-0.6037453946191818,3.0646708325172463,0.6145833333333334,5.108466473718484,0.0,0.78125,1.8078341788301866,4.3671854846179485,-1.2369954651221633,6.562306240200996,5.108466450124979,0.18707740500879785,1.4861702032697697,96,1,28
EEGNet,OpenBMI_SSVEP,3,15,RETRAINED_REPLICA_TRAJECTORY,2.849124655748407,0.09375,0.20833333333333334,7.655024295051892,1.315521161692838,2.9603572556128106,-0.5455359690046558,2.849124607940515,0.6770833333333334,5.234214189772804,0.0,0.8229166666666666,1.8692066877459486,4.46528784185648,-1.1242948793806136,6.736920652290185,5.234214228267471,0.18208646343555301,1.393699194304645,96,2,28
EEGNet,OpenBMI_SSVEP,3,15,RETRAINED_REPLICA_TRAJECTORY,3.068432436635097,0.0,0.375,7.797408568362395,1.4513261041914423,3.2673662646363177,-0.7586073903366923,3.0684324533989034,0.2916666666666667,3.9876491107667484,0.020833333333333332,0.5208333333333334,1.4897426847989361,3.8262161208937564,-0.9863623202157518,5.240728264053662,3.9876490825166306,0.35568446858087555,2.199814065825194,96,1,3
EEGNet,OpenBMI_SSVEP,3,15,RETRAINED_REPLICA_TRAJECTORY,3.54268541559577,0.0,0.3125,7.722154284516971,1.5865709229062002,3.252704174568256,-0.6822078015344838,3.542685373375813,0.375,3.509797712787986,0.020833333333333332,0.375,1.188800103807201,3.2862377651035786,-0.6481736336524287,4.693913568432133,3.509797733897964,0.3391828342185666,2.072936939075589,96,2,3
EEGNet,OpenBMI_SSVEP,3,15,RETRAINED_REPLICA_TRAJECTORY,2.8950103571017585,0.10416666666666667,0.13541666666666666,6.844873383641243,1.2980300068544846,2.9558026728530726,-0.3425958619142572,2.8950103173653283,0.6458333333333334,5.860653047760327,0.0,0.78125,1.9320244900882244,4.774858869612217,-1.1882195447882016,7.375031873583794,5.860653068870306,0.3091061411735912,2.471023223207643,96,1,30
EEGNet,OpenBMI_SSVEP,3,15,RETRAINED_REPLICA_TRAJECTORY,3.0398111141597233,0.125,0.2916666666666667,7.738739959895611,1.434044099568079,3.224563006311655,-0.3999955039471388,3.0398110918079815,0.4166666666666667,4.706596861903866,0.010416666666666666,0.7083333333333334,1.5155183215004702,3.886496423433224,-0.6491704575407008,6.025281430532535,4.706596847623587,0.30088580537509796,2.2063092756240317,96,2,30
EEGNet,OpenBMI_SSVEP,3,15,RETRAINED_REPLICA_TRAJECTORY,3.811390726516644,0.0,0.3125,7.1974266692996025,1.617120472714305,3.3972796524564424,-0.5337614635936916,3.8113907389342785,0.4895833333333333,4.433086451143026,0.03125,0.53125,1.5269975401461124,3.9684241861104965,-0.887447552755475,5.702349466582139,4.433086437483628,0.3834593858725081,2.830546496125559,96,1,31
EEGNet,OpenBMI_SSVEP,3,15,RETRAINED_REPLICA_TRAJECTORY,4.092987736066182,0.0,0.3854166666666667,7.131216481328011,1.7349785963694255,3.2386675340433917,-0.7298134070976326,4.092987676461537,0.6458333333333334,4.797416547934215,0.0,0.46875,1.4675179040059447,3.9299221908052764,-0.7500552029038469,6.119949405392011,4.797416423757871,0.37084542548594374,3.056129237016042,96,2,31
EEGNet,OpenBMI_SSVEP,3,15,RETRAINED_REPLICA_TRAJECTORY,3.1271096790830293,0.0,0.25,7.712399800618489,1.4010221858819325,3.0295388524731,-0.78924604676043,3.127109612338245,0.6666666666666666,5.299479529261589,0.0,0.8125,1.943067889039715,4.529411782821019,-1.2171748136170208,6.732824645936489,5.299479493250449,0.18213589939599237,1.5291708063644667,96,1,33
EEGNet,OpenBMI_SSVEP,3,15,RETRAINED_REPLICA_TRAJECTORY,2.6589413105199733,0.020833333333333332,0.22916666666666666,7.927358165383339,1.3082277143063645,3.013619042932987,-0.4269451935154696,2.6589413409431777,0.6041666666666666,4.844274136548241,0.0,0.7708333333333334,1.715915572674324,4.128531982501348,-1.0415808813025553,6.22379773358504,4.844274102399747,0.16954508262764043,1.2490785618623097,96,2,33
EEGNet,OpenBMI_SSVEP,3,15,RETRAINED_REPLICA_TRAJECTORY,3.704765492429336,0.010416666666666666,0.4270833333333333,7.779610129694144,1.6936436692873638,3.4740297409395375,-0.9434504923410714,3.7047654713193574,0.4791666666666667,4.321201800058286,0.0,0.53125,1.4206420149033268,3.6844860054552555,-0.6711866911500692,5.686666317284107,4.321201751629512,0.2794884356359641,2.094539588006834,96,1,38
EEGNet,OpenBMI_SSVEP,3,15,RETRAINED_REPLICA_TRAJECTORY,3.2149856754889092,0.0,0.2604166666666667,7.71103535592556,1.42027782726412,3.0054777128001056,-0.4713502038891117,3.214985653758049,0.5520833333333334,4.975814539939165,0.0,0.7083333333333334,1.6826197138677041,4.2244839159150915,-1.0070402594283223,6.3830772737662,4.975814489026864,0.23070769820090695,1.8414579302382965,96,2,38
EEGNet,OpenBMI_SSVEP,3,15,RETRAINED_REPLICA_TRAJECTORY,2.831440490360061,0.010416666666666666,0.375,8.513565530379614,1.470670158509165,3.302703165759643,-0.5462953746318817,2.8314404916018248,0.375,3.9540457104643187,0.0,0.5625,1.4132695357936125,3.5853800028562546,-0.7230518047387401,5.299401484429836,3.9540457520633936,0.20698496090093008,1.3699551311631997,96,1,40
EEGNet,OpenBMI_SSVEP,3,15,RETRAINED_REPLICA_TRAJECTORY,2.860284007464846,0.010416666666666666,0.20833333333333334,7.407215220232804,1.3847937614967425,3.0094091296195984,-0.6398272568670412,2.8602840645859637,0.4583333333333333,4.7595076610644655,0.010416666666666666,0.625,1.5396713539958,3.9307825999955335,-0.9921804882275561,6.125759849945704,4.759507631262143,0.23754657187964767,1.602381892502308,96,2,40
EEGNet,OpenBMI_SSVEP,3,15,RETRAINED_REPLICA_TRAJECTORY,3.0731267680724463,0.020833333333333332,0.16666666666666666,6.804070070385933,1.4207135415636003,2.8737284230689206,-0.31347178590173524,3.0731267078469195,0.6145833333333334,5.483629147211711,0.0,0.7604166666666666,1.8263459944476683,4.529069505631924,-1.0472123711369932,6.979379917184512,5.48362913231055,0.34994738525711,2.561331793665886,96,1,41
EEGNet,OpenBMI_SSVEP,3,15,RETRAINED_REPLICA_TRAJECTORY,2.678675310065349,0.052083333333333336,0.14583333333333334,6.575624488294125,1.2363171881685655,2.73940522223711,-0.49545193921464187,2.678675269087156,0.5520833333333334,5.266115598380566,0.020833333333333332,0.6979166666666666,1.8924680892378092,4.737525403499603,-1.1412587982291977,6.717170352737109,5.266115641842286,0.26469826928223483,1.9085620830301195,96,2,41
EEGNet,OpenBMI_SSVEP,3,15,RETRAINED_REPLICA_TRAJECTORY,3.5318774109085402,0.0,0.19791666666666666,6.416464212040107,1.598785483588775,3.2275428300102553,-0.563910473138094,3.5318773575127125,0.7083333333333334,5.774022641281287,0.0,0.84375,1.98252796754241,4.708301608761151,-1.1740500256419182,7.233595512807369,5.774022581676642,0.30580490780994296,2.8184390366077423,96,1,44
EEGNet,OpenBMI_SSVEP,3,15,RETRAINED_REPLICA_TRAJECTORY,3.0314456075429916,0.0,0.16666666666666666,6.408750740190347,1.3013005976875622,2.5707246319701276,-0.5798391322605312,3.0314456683894,0.75,5.851051201423009,0.0,0.8541666666666666,1.9510821737349033,4.82467104246219,-1.3428022566561897,7.282879417141278,5.851051228741805,0.2955433406556646,2.5441563048710427,96,2,44
EEGNet,OpenBMI_SSVEP,3,15,RETRAINED_REPLICA_TRAJECTORY,2.52762986967961,0.03125,0.53125,9.466980695724487,1.414662598632276,3.7931739961107573,-0.6490307985028873,2.527629849811395,0.59375,2.966571787993113,0.0,0.5833333333333334,1.1801593035149078,2.9142722338438034,-0.05186611499326924,4.177785130838553,2.9665717954436936,0.07749981904635206,0.4426422983718415,96,1,47
EEGNet,OpenBMI_SSVEP,3,15,RETRAINED_REPLICA_TRAJECTORY,2.7382189128547907,0.07291666666666667,0.28125,7.868863587578137,1.2710080360993743,3.169111071775357,-0.5411035999034842,2.7382189544538655,0.59375,4.951289227853219,0.010416666666666666,0.7291666666666666,1.791414978293081,4.2735575735569,-0.9471415824567279,6.3696312084794044,4.951289301117261,0.18067283637356013,1.3916245900715392,96,2,47
EEGNet,OpenBMI_SSVEP,3,15,RETRAINED_REPLICA_TRAJECTORY,3.19509700499475,0.010416666666666666,0.17708333333333334,6.97746800382932,1.3605454351442556,2.7895048800855875,-0.4878487226863702,3.1950970217585564,0.4791666666666667,5.312157027423382,0.0,0.6145833333333334,1.679673283205678,4.337855783601602,-1.1936229071579874,6.80205088108778,5.312157034873962,0.30795341908621293,2.3717918526381254,96,1,48
EEGNet,OpenBMI_SSVEP,3,15,RETRAINED_REPLICA_TRAJECTORY,3.347587718317906,0.0,0.1875,6.96525976061821,1.4900532521617909,3.0164939059565463,-0.5950584045300881,3.3475877065211535,0.59375,5.795971088111401,0.0,0.78125,2.0440168511122465,4.820230394601822,-1.339935579802841,7.23702481140693,5.795971107979615,0.2910352249940236,2.5476789443443217,96,2,48
EEGNet,OpenBMI_SSVEP,3,15,RETRAINED_REPLICA_TRAJECTORY,2.602714420606693,0.052083333333333336,0.5208333333333334,8.915067101518312,1.4361371441433828,3.506311980386575,-0.42028012638911605,2.6027144274363914,0.5625,3.0004396103322506,0.010416666666666666,0.5833333333333334,1.19922431341062,3.000296026468277,-0.3531881207600236,4.084935097644727,3.0004396084696054,0.13571093455539085,0.7701638687091569,96,1,5
EEGNet,OpenBMI_SSVEP,3,15,RETRAINED_REPLICA_TRAJECTORY,3.124332166587313,0.041666666666666664,0.3333333333333333,7.801115199923515,1.474544771015644,3.3096211006244025,-0.6238993853330612,3.1243322187413773,0.46875,4.244982556750377,0.0,0.5520833333333334,1.4858522505188982,3.9342803694307804,-0.7077833913111439,5.661725362141927,4.244982583448291,0.29462020417364937,1.8908208108041435,96,2,5
EEGNet,OpenBMI_SSVEP,3,15,RETRAINED_REPLICA_TRAJECTORY,2.9103879999990263,0.020833333333333332,0.125,6.569025672972202,1.45299909170717,3.0000350748499236,-0.6073696711100638,2.910387991617123,0.6979166666666666,5.570197684069474,0.0,0.8020833333333334,1.9565769812713067,4.659871431688468,-1.1074232516499858,6.9631572291255,5.570197654267152,0.32612668133030337,2.586752637910346,96,1,50
EEGNet,OpenBMI_SSVEP,3,15,RETRAINED_REPLICA_TRAJECTORY,2.541657945762078,0.020833333333333332,0.22916666666666666,7.814889147877693,1.33341276862969,3.1696323764820895,-0.3798378898451726,2.5416579730808735,0.5625,4.675743879750371,0.0,0.75,1.7050800666523476,4.105565886944532,-0.8154967619727055,6.015834992130597,4.6757439362506075,0.1997101694578305,1.3316964330151677,96,2,50
EEGNet,OpenBMI_SSVEP,3,15,RETRAINED_REPLICA_TRAJECTORY,3.153017851213614,0.0,0.25,7.862044592698415,1.4397643689687054,3.045814742644628,-0.5539196385846784,3.1530178114771843,0.6666666666666666,5.186340145766735,0.010416666666666666,0.75,1.601030394434929,4.0176098855833215,-0.7077733001982173,6.6082399760683375,5.18634016563495,0.21206819615326822,1.7023316739747922,96,1,52
EEGNet,OpenBMI_SSVEP,3,15,RETRAINED_REPLICA_TRAJECTORY,2.3648636263484755,0.14583333333333334,0.21875,8.21024457613627,1.112301914409424,2.8964316565543413,-0.03635880723595619,2.36486357729882,0.5520833333333334,4.510228508462508,0.010416666666666666,0.7083333333333334,1.5326384243865807,3.77879340822498,-0.6627158293655763,5.766110725700855,4.510228496044874,0.16783362334050858,1.0969190940571327,96,2,52
EEGNet,OpenBMI_SSVEP,3,15,RETRAINED_REPLICA_TRAJECTORY,3.358078811938564,0.020833333333333332,0.3333333333333333,7.95327623685201,1.4972832410906751,3.2856366895139217,-0.7262569531643143,3.3580787672350803,0.5729166666666666,5.223551998535792,0.010416666666666666,0.8020833333333334,1.7772922730073333,4.289980602761109,-1.1429994370167453,6.5867181941866875,5.223551931480567,0.20939811175533882,1.786948795740803,96,1,53
EEGNet,OpenBMI_SSVEP,3,15,RETRAINED_REPLICA_TRAJECTORY,3.2312231364970407,0.010416666666666666,0.3020833333333333,6.887643545866013,1.6638177388037245,3.2794448286294937,-0.6723443889835229,3.231223065406084,0.3333333333333333,5.228819992393255,0.0,0.5729166666666666,1.8526293638472755,4.423233944922686,-1.205743230258425,6.589955882479747,5.2288199091951055,0.30703945628677803,2.4261883180588484,96,2,53
EEGNet,OpenBMI_SSVEP,3,15,RETRAINED_REPLICA_TRAJECTORY,3.577873813609282,0.0,0.2604166666666667,7.553848795592785,1.474792265954117,2.971091568470001,-0.6183504126966,3.577873785048723,0.59375,5.351769005258878,0.0,0.75,1.639327088991801,4.235233685622613,-0.9534248860242466,6.8325810333093004,5.351768960555394,0.29184374659477424,2.4420978582153716,96,1,6
EEGNet,OpenBMI_SSVEP,3,15,RETRAINED_REPLICA_TRAJECTORY,3.303610429788629,0.0,0.375,7.836111883322398,1.4475342684114973,3.047288882235686,-0.37075778376311064,3.303610478838285,0.34375,4.969724503656228,0.0,0.6145833333333334,1.5412322624276082,4.122436240315437,-0.929808865301311,6.403472535312176,4.969724537183841,0.31131446400346857,2.3808053930600486,96,2,6
EEGNet,OpenBMI_SSVEP,3,15,RETRAINED_REPLICA_TRAJECTORY,3.5611466225236654,0.020833333333333332,0.2916666666666667,7.038627977172534,1.6509433826431632,3.4126887073119483,-0.8755695392998556,3.561146594583988,0.375,5.140371413280566,0.0,0.5833333333333334,1.767797683365643,4.299694782743852,-1.0255257467118402,6.65599200129509,5.14037140707175,0.3948646348823483,2.8126766506272056,96,1,7
EEGNet,OpenBMI_SSVEP,3,15,RETRAINED_REPLICA_TRAJECTORY,2.9857656179616847,0.09375,0.3333333333333333,7.637745449940364,1.5165955353683482,3.1465790420770645,-0.4385845190069328,2.985765595609943,0.3854166666666667,4.541875579704841,0.0,0.59375,1.671194019106527,4.063072521239519,-0.7696568762573103,5.899171434342861,4.541875569770734,0.29118830105289817,2.050358916943272,96,2,7
EEGNet,OpenBMI_SSVEP,3,15,RETRAINED_REPLICA_TRAJECTORY,2.83891430683434,0.03125,0.3125,7.7899638166030245,1.3294603268926342,3.091019875059525,-0.662068017758429,2.8389142925540605,0.5833333333333334,5.223015550523996,0.010416666666666666,0.8125,1.789413996040821,4.43147627512614,-1.1864048101318379,6.675108345846335,5.223015490919352,0.1996137250389438,1.5041679075608652,96,1,9
EEGNet,OpenBMI_SSVEP,3,15,RETRAINED_REPLICA_TRAJECTORY,2.548430655772487,0.010416666666666666,0.10416666666666667,7.658092975616455,1.2329159588553011,2.9781327936798334,-0.42611598044944304,2.5484305998931327,0.6041666666666666,4.660856722543637,0.0,0.6875,1.4511366474131744,3.9347809640069804,-1.1107110224353771,6.090281084179878,4.66085662599653,0.17488061131249802,1.2183242050620418,96,2,9
EEGNet,OpenBMI_SSVEP,3,30,RETRAINED_REPLICA_TRAJECTORY,4.13644219438235,0.010416666666666666,0.22916666666666666,7.021844978133838,2.48948993999511,4.0440231164296465,-1.0848633715262015,4.136442193761468,0.6041666666666666,6.290731675922871,0.0,0.7291666666666666,1.9300898551009595,4.552494479964177,-1.1420686227890353,6.89001901447773,6.290731661021709,0.26810133872398484,2.631944739880661,96,1,1
EEGNet,OpenBMI_SSVEP,3,30,RETRAINED_REPLICA_TRAJECTORY,3.213554760751625,0.07291666666666667,0.22916666666666666,7.243443573514621,1.9027467919513583,3.4502299266556897,-0.6961735589429736,3.213554736537238,0.625,6.329678667088349,0.0,0.7083333333333334,2.015139887109399,4.527076276640098,-0.9256191734845439,6.840246627728145,6.32967867826422,0.22595027867161357,2.0383478846245757,96,2,1
EEGNet,OpenBMI_SSVEP,3,30,RETRAINED_REPLICA_TRAJECTORY,4.193464695165555,0.0,0.23958333333333334,5.642291523516178,2.5719338761021695,3.8886143788695335,-1.035565057148536,4.193464687714974,0.375,6.490563326825698,0.0,0.59375,2.035330779850483,4.683527301996946,-1.1179372339198987,6.903793315092723,6.49056330571572,0.49660735577344894,4.688115405539672,96,1,11
EEGNet,OpenBMI_SSVEP,3,30,RETRAINED_REPLICA_TRAJECTORY,4.505991919587056,0.020833333333333332,0.2604166666666667,6.011256828904152,2.7699327723433576,4.243622558191419,-1.2936040156831343,4.505991917103529,0.5,6.876530195275943,0.0,0.71875,2.0967731326818466,4.859383333474398,-1.122706474736333,7.3698514352242155,6.876530094693105,0.41577952820807695,4.4174816856781645,96,2,11
EEGNet,OpenBMI_SSVEP,3,30,RETRAINED_REPLICA_TRAJECTORY,3.1794586765269437,0.10416666666666667,0.10416666666666667,5.991041560967763,1.927901069012781,3.178858441611131,-0.6834688523473839,3.17945866069446,0.78125,8.035551138222218,0.0,0.8854166666666666,2.381699601188302,5.273579445978005,-1.8043750567982595,8.515960256258646,8.035551023979982,0.2566243639836709,2.6798494632045426,96,1,15
EEGNet,OpenBMI_SSVEP,3,30,RETRAINED_REPLICA_TRAJECTORY,2.838512361049652,0.052083333333333336,0.25,7.734940509001414,1.6064518041287859,3.093544363975525,-0.2671737528095643,2.8385123927146196,0.5104166666666666,5.372595310211182,0.010416666666666666,0.6979166666666666,1.6357554296652477,3.8071516739825406,-0.9008371398473779,5.894511595368385,5.372595215837161,0.15859526388036707,1.26626670290716,96,2,15
EEGNet,OpenBMI_SSVEP,3,30,RETRAINED_REPLICA_TRAJECTORY,3.7024572218457856,0.03125,0.17708333333333334,6.105764769017696,2.204736239897708,3.579570168008407,-1.0164739163592458,3.7024571876972914,0.6458333333333334,7.446988453467687,0.0,0.78125,2.2466984571268163,5.052729964256287,-1.4241536380723119,7.959877133369446,7.4469884261488914,0.36038980714511126,3.601539839679996,96,1,2
EEGNet,OpenBMI_SSVEP,3,30,RETRAINED_REPLICA_TRAJECTORY,3.5390954207008085,0.08333333333333333,0.2916666666666667,6.760062413911025,2.2452282736388347,3.736743342752258,-1.0335882687941194,3.539095432497561,0.5208333333333334,6.32836118588845,0.0,0.6666666666666666,1.972701673085491,4.575204490373532,-1.28246451029554,6.8002714564402895,6.328361262877782,0.29538633472596604,2.6799430193689964,96,2,2
EEGNet,OpenBMI_SSVEP,3,30,RETRAINED_REPLICA_TRAJECTORY,3.5778758755574622,0.052083333333333336,0.20833333333333334,6.67245589196682,2.3222637825335064,3.8119721760352454,-1.1450090827420354,3.5778758451342583,0.6354166666666666,6.795941062271595,0.0,0.7604166666666666,2.0851679795111218,4.916506347556909,-1.3599114511162043,7.33230996131897,6.79594112187624,0.2524959423268835,2.456416943731407,96,1,20
EEGNet,OpenBMI_SSVEP,3,30,RETRAINED_REPLICA_TRAJECTORY,3.340333415195346,0.08333333333333333,0.22916666666666666,7.452275663614273,2.1614646557718515,3.844451221326987,-1.0820881958740454,3.340333486596743,0.5729166666666666,5.919336674114068,0.010416666666666666,0.6979166666666666,1.8411860619671643,4.249178200339277,-1.084244622848928,6.481258620197575,5.919336763210595,0.20031502866186202,1.8434302251165111,96,2,20
EEGNet,OpenBMI_SSVEP,3,30,RETRAINED_REPLICA_TRAJECTORY,3.958172231912613,0.020833333333333332,0.3541666666666667,7.335094446937243,2.5583752623448768,4.009610804418723,-1.3578546854356925,3.958172246813774,0.6041666666666666,6.104420103132725,0.0,0.75,1.8283682744950056,4.461347249646981,-1.2874696909760435,6.665370350082715,6.104420080780983,0.23326769657433033,2.264901650759081,96,1,21
EEGNet,OpenBMI_SSVEP,3,30,RETRAINED_REPLICA_TRAJECTORY,4.165284459168713,0.0,0.17708333333333334,6.289739462236564,2.610732807467381,4.047642684231202,-1.0888646754125755,4.165284496421616,0.6458333333333334,7.185652308166027,0.0,0.8229166666666666,2.2068252308915057,5.039646903673808,-1.6438182176401217,7.671649778882663,7.185652407507102,0.3343601990491152,3.594428269813458,96,2,21
EEGNet,OpenBMI_SSVEP,3,30,RETRAINED_REPLICA_TRAJECTORY,4.024373784661293,0.0,0.6041666666666666,8.457683324813843,2.7157657040903964,4.639057274907827,-1.725971568065385,4.024373782798648,0.625,4.308254510164261,0.0625,0.5208333333333334,1.471312616020441,3.254618503153324,-0.32364709333827096,4.761087740461032,4.308254454284906,0.10563326440751553,0.8864749299051861,96,1,23
EEGNet,OpenBMI_SSVEP,3,30,RETRAINED_REPLICA_TRAJECTORY,3.2276588026434183,0.03125,0.5,8.847434371709824,2.053338513088723,4.009867078935106,-0.7110947053879499,3.227658818786343,0.6145833333333334,4.165642976760864,0.052083333333333336,0.53125,1.2225615284405649,3.0552125138541064,0.2052555496338755,4.860612750053406,4.165642984832327,0.12537772776947045,0.9346636568661779,96,2,23
EEGNet,OpenBMI_SSVEP,3,30,RETRAINED_REPLICA_TRAJECTORY,3.44418318135043,0.041666666666666664,0.19791666666666666,7.034668495257695,2.1944125457666814,3.64534230530262,-0.8516494017094374,3.4441832254330316,0.7604166666666666,7.4094727883736295,0.0,0.9375,2.3302310133973756,5.209896050393581,-1.801062464248389,7.940418278177579,7.409472872813542,0.17072086759920543,1.847281996626407,96,1,26
EEGNet,OpenBMI_SSVEP,3,30,RETRAINED_REPLICA_TRAJECTORY,3.1065442810455957,0.11458333333333333,0.11458333333333333,7.105167642235756,1.9714398980140686,3.3769277619818845,-0.6822374939608077,3.106544249380628,0.8229166666666666,7.263935772081216,0.0,0.8958333333333334,2.303598992526531,4.993382944415013,-1.6627086925630767,7.708514305452506,7.263935712476571,0.14207459539951137,1.4512347268561523,96,2,26
EEGNet,OpenBMI_SSVEP,3,30,RETRAINED_REPLICA_TRAJECTORY,3.673245321959257,0.07291666666666667,0.23958333333333334,6.989122420549393,2.3068409857029715,3.791302898277839,-1.1098186435798805,3.6732453232010207,0.6770833333333334,6.872406130035718,0.0,0.8333333333333334,2.0900042528907457,4.758842132985592,-1.353135204097877,7.40688073138396,6.872406239310901,0.19604076901062703,2.035470716189593,96,1,28
EEGNet,OpenBMI_SSVEP,3,30,RETRAINED_REPLICA_TRAJECTORY,3.4302533182005086,0.03125,0.2604166666666667,6.907051677505176,2.0715885826696954,3.504351562509934,-1.2835221802815795,3.430253341794014,0.6770833333333334,6.8411239720880985,0.0,0.7916666666666666,2.0375966536812484,4.714315673957269,-1.2964894128963351,7.448330032328765,6.841124051560958,0.1825339032317667,1.7741752048023045,96,2,28
EEGNet,OpenBMI_SSVEP,3,30,RETRAINED_REPLICA_TRAJECTORY,3.9352713469415903,0.0,0.3229166666666667,6.888782819112142,2.469534014041225,4.064839332054059,-1.5152686669801672,3.935271312172214,0.4791666666666667,5.5125418820728855,0.0,0.6145833333333334,1.704304778482765,4.248964050163825,-0.8738059882695476,6.182136382907629,5.51254189076523,0.3933974087315922,3.1315390607342124,96,1,3
EEGNet,OpenBMI_SSVEP,3,30,RETRAINED_REPLICA_TRAJECTORY,4.244161605834961,0.010416666666666666,0.3541666666666667,6.632855013012886,2.4428539918735623,3.9734780602157116,-1.2248649292935927,4.2441615872085094,0.4583333333333333,4.755309597278635,0.020833333333333332,0.375,1.4016786015902956,3.6539135798811913,-0.7362051828143498,5.320323463529348,4.755309653778871,0.3890820626790325,3.064026690709094,96,2,3
EEGNet,OpenBMI_SSVEP,3,30,RETRAINED_REPLICA_TRAJECTORY,2.616089020545284,0.11458333333333333,0.07291666666666667,5.562498159706593,1.6363100515057643,2.747270105406642,-0.6015259843940536,2.6160889553527036,0.8541666666666666,8.007296971976757,0.0,0.9270833333333334,2.4179763924330473,5.54217679053545,-1.7255445698586602,8.533675372600555,8.00729692230622,0.24130860436707735,2.4257133062928915,96,1,30
EEGNet,OpenBMI_SSVEP,3,30,RETRAINED_REPLICA_TRAJECTORY,3.0789066602786384,0.125,0.2708333333333333,6.928727991878986,1.936299167573452,3.4747923823694387,-0.6565813233610243,3.0789066484818854,0.4270833333333333,6.055119915554921,0.0,0.6145833333333334,1.798937398629884,4.435253029068311,-0.9871531982595722,6.625330523898204,6.055119946599007,0.3009364214570572,2.6886992796789855,96,2,30
EEGNet,OpenBMI_SSVEP,3,30,RETRAINED_REPLICA_TRAJECTORY,5.047458124657472,0.0,0.3645833333333333,6.556734412908554,2.9013421923543015,4.480535436421633,-1.2219678371523817,5.047458161910375,0.4479166666666667,5.651057506601016,0.0,0.4583333333333333,1.763877649481098,4.238303901006778,-1.1281747029473383,6.18000607440869,5.651057584832112,0.3931221885917087,3.925610983123382,96,1,31
EEGNet,OpenBMI_SSVEP,3,30,RETRAINED_REPLICA_TRAJECTORY,5.132902247210343,0.0,0.375,6.198002281288306,2.990140779564778,4.558470175911983,-1.4650278338231146,5.132902253419161,0.5833333333333334,6.169481433928013,0.0,0.5625,1.8439057289312284,4.3338517645994825,-1.1440906423764925,6.691646908720334,6.169481394191583,0.38136152426401776,4.0894899020592375,96,2,31
EEGNet,OpenBMI_SSVEP,3,30,RETRAINED_REPLICA_TRAJECTORY,3.2641242990891137,0.010416666666666666,0.13541666666666666,6.665602147579193,2.017948846332729,3.467373171200355,-1.079567660189544,3.2641243717322745,0.78125,7.190043568611145,0.0,0.875,2.1942749911298356,4.924837624033292,-1.5891851323346298,7.709941600759824,7.190043670435746,0.19781385078871003,2.0306309098377824,96,1,33
EEGNet,OpenBMI_SSVEP,3,30,RETRAINED_REPLICA_TRAJECTORY,3.1884062805523476,0.03125,0.16666666666666666,7.1815920521815615,1.9017160569007199,3.4574352093040943,-0.5352368957052628,3.1884062395741544,0.7291666666666666,6.7437789142131805,0.0,0.8333333333333334,2.0591158283253512,4.687729765971501,-1.5447905864566565,7.325630781551202,6.743778931597869,0.17656503959248462,1.7505577467381954,96,2,33
EEGNet,OpenBMI_SSVEP,3,30,RETRAINED_REPLICA_TRAJECTORY,4.542521110425393,0.0,0.4166666666666667,7.06563504288594,2.687018675108751,4.220942648748557,-1.7760142957946907,4.542521105458339,0.5729166666666666,5.509670292337735,0.0,0.5104166666666666,1.6825062356268365,4.137646346042554,-0.8779679435926179,5.982948690652847,5.509670299788316,0.324408534138153,3.017936896532774,96,1,38
EEGNet,OpenBMI_SSVEP,3,30,RETRAINED_REPLICA_TRAJECTORY,3.8504451078673205,0.041666666666666664,0.21875,6.667350458602111,2.339536715609332,3.844791341573,-1.3268308875461419,3.8504450414329767,0.6041666666666666,6.618512039383252,0.0,0.71875,2.0462161249791584,4.68874088053902,-1.237278929601113,7.092492361863454,6.6185119325915975,0.2965898208785802,2.880673602844278,96,2,38
EEGNet,OpenBMI_SSVEP,3,30,RETRAINED_REPLICA_TRAJECTORY,3.782212437440952,0.0,0.2916666666666667,7.719127342104912,2.277366046483318,3.9474030919373035,-0.9978781340954205,3.7822124088803926,0.4270833333333333,5.5032413465281325,0.0,0.59375,1.7013602523754041,4.113019719719887,-0.7972045131027699,6.059399810930093,5.5032413726051645,0.28496616723714396,2.5417867649036148,96,1,40
EEGNet,OpenBMI_SSVEP,3,30,RETRAINED_REPLICA_TRAJECTORY,3.7619615234434605,0.0,0.22916666666666666,6.711617593963941,2.160482434555888,3.501265628884236,-1.332078356218214,3.7619615321358046,0.4895833333333333,6.084357446680467,0.0,0.59375,1.699235461031397,4.100282250593106,-1.003892479930073,6.657955979307492,6.084357399493456,0.2966607053919385,2.5585944863657155,96,2,40
EEGNet,OpenBMI_SSVEP,3,30,RETRAINED_REPLICA_TRAJECTORY,3.3188656320174537,0.010416666666666666,0.09375,6.136730117102464,1.8797815311700106,3.2124197743833065,-0.7372371582314372,3.318865684171518,0.7604166666666666,7.453754588961601,0.0,0.8541666666666666,2.281150116274754,5.060672663152218,-1.4264356524993975,7.985161781311035,7.453754705687364,0.2822258237477702,2.926969744109859,96,1,41
EEGNet,OpenBMI_SSVEP,3,30,RETRAINED_REPLICA_TRAJECTORY,3.015643395483494,0.0625,0.10416666666666667,6.04378009090821,1.8607999747619033,3.0711261369287968,-0.8646930625351766,3.0156433917582035,0.6354166666666666,6.793758325278759,0.020833333333333332,0.71875,2.1050845701247454,4.904453723380963,-1.307941058029731,7.409513895710309,6.793758278091748,0.316750187970077,2.7632198951517544,96,2,41
EEGNet,OpenBMI_SSVEP,3,30,RETRAINED_REPLICA_TRAJECTORY,4.323825034623344,0.0,0.1875,5.823945343494415,2.531494007756313,3.993589329222838,-1.1694177199775975,4.3238249737769365,0.6875,7.017246872186661,0.0,0.75,2.110038571059704,4.806240034600099,-1.281462751949827,7.517221122980118,7.017246887087822,0.299333938707908,3.391635666290919,96,1,44
EEGNet,OpenBMI_SSVEP,3,30,RETRAINED_REPLICA_TRAJECTORY,4.0397186285505695,0.0,0.15625,5.830476688841979,2.45342139278849,3.758475460112095,-1.306716909321646,4.039718638484676,0.6979166666666666,6.96583641320467,0.0,0.7916666666666666,2.143588595713178,4.9270372440417605,-1.3200784937168162,7.472510295609633,6.965836538622777,0.325768453689913,3.394983474165201,96,2,44
EEGNet,OpenBMI_SSVEP,3,30,RETRAINED_REPLICA_TRAJECTORY,2.8493790297458568,0.03125,0.40625,9.285203114151955,1.9810500505069892,4.08155166481932,-0.8455776517124226,2.8493790356442332,0.6875,3.9697557163114348,0.041666666666666664,0.7604166666666666,1.281890148917834,3.028656238069137,-0.43860745926698047,4.6694000996649265,3.9697557693968215,0.090905888825849,0.6441549027028183,96,1,47
EEGNet,OpenBMI_SSVEP,3,30,RETRAINED_REPLICA_TRAJECTORY,2.8137089166169367,0.10416666666666667,0.17708333333333334,6.661599484582742,1.973279279191047,3.4348276990155377,-0.8522399064774314,2.813708991743624,0.6458333333333334,7.022226609289646,0.0,0.8229166666666666,2.2452089047680297,5.026618011295795,-1.4809476382409532,7.559123232960701,7.022226730982463,0.18679525901097804,1.7868691872184475,96,2,47
EEGNet,OpenBMI_SSVEP,3,30,RETRAINED_REPLICA_TRAJECTORY,3.8194134601702294,0.020833333333333332,0.11458333333333333,6.255722073217233,2.1261416035704315,3.3852067136516175,-0.7595670769611994,3.8194134769340358,0.7395833333333334,7.283885719875495,0.0,0.8125,2.1027674389382205,4.927437491714954,-1.4909926354885101,7.8668786734342575,7.283885804315408,0.2837425630035189,3.0308240057590106,96,1,48
EEGNet,OpenBMI_SSVEP,3,30,RETRAINED_REPLICA_TRAJECTORY,3.7589431578914323,0.07291666666666667,0.13541666666666666,5.93366735180219,2.2965207401042185,3.5928611246248088,-1.041068746863554,3.7589431665837765,0.7083333333333334,7.583144202828407,0.0,0.84375,2.3245499643186727,5.214179289837678,-1.4919310696423054,8.054704949259758,7.583144250015418,0.2894277796149254,3.0838194955140352,96,2,48
EEGNet,OpenBMI_SSVEP,3,30,RETRAINED_REPLICA_TRAJECTORY,3.59725278057158,0.041666666666666664,0.4791666666666667,8.632857665419579,2.3297792822122574,4.211507921417554,-0.9498771843500435,3.5972528643906116,0.5104166666666666,4.475698494662841,0.041666666666666664,0.6354166666666666,1.4797140192240477,3.476064427445332,-0.6098191606191298,5.074881027142207,4.475698523533841,0.17253583138032505,1.4732917826622725,96,1,5
EEGNet,OpenBMI_SSVEP,3,30,RETRAINED_REPLICA_TRAJECTORY,3.1605166333417096,0.010416666666666666,0.21875,6.7753064930438995,1.9284783548985918,3.4216914797822633,-0.862690260168165,3.1605166126197823,0.5208333333333334,5.542136249442895,0.010416666666666666,0.5520833333333334,1.6315661358336608,4.141118383655946,-1.0941137271778036,6.149524711072445,5.542136172453563,0.4485247062208752,2.8864137350271144,96,2,5
EEGNet,OpenBMI_SSVEP,3,30,RETRAINED_REPLICA_TRAJECTORY,3.395191425768038,0.020833333333333332,0.10416666666666667,6.071272986630599,2.0702093690633774,3.333153067777554,-0.8199082099211713,3.395191479163865,0.6979166666666666,7.236881670852502,0.0,0.7604166666666666,2.2978638373315334,5.14268213758866,-1.4837789343049128,7.677344478666782,7.236881725490093,0.39162776797699433,3.4851086419075727,96,1,50
EEGNet,OpenBMI_SSVEP,3,30,RETRAINED_REPLICA_TRAJECTORY,3.5071490897486606,0.041666666666666664,0.19791666666666666,7.277459929386775,2.1605972931720316,3.7402804270386696,-0.6039238908172896,3.5071491450071335,0.625,5.96047576641043,0.010416666666666666,0.71875,1.7472901462266843,4.245137969652812,-1.0587334288284183,6.582285486161709,5.960475727915764,0.262399619910866,2.1486233612522483,96,2,50
EEGNet,OpenBMI_SSVEP,3,30,RETRAINED_REPLICA_TRAJECTORY,3.380013449738423,0.020833333333333332,0.15625,6.556315263112386,2.033212852974733,3.3902848226328692,-0.8522022650577128,3.380013458430767,0.7395833333333334,7.083866707980633,0.0,0.7916666666666666,2.1786941370616355,4.888330891728401,-1.3004245478659868,7.588223946591218,7.083866645892461,0.24884052962685624,2.4447968347618976,96,1,52
EEGNet,OpenBMI_SSVEP,3,30,RETRAINED_REPLICA_TRAJECTORY,3.383850483223796,0.11458333333333333,0.20833333333333334,7.373351449767749,2.2692213263362646,3.824021394054095,-0.2535115033388138,3.3838504515588284,0.5208333333333334,5.802299822370212,0.0,0.6666666666666666,1.7410161094740033,4.155915102610986,-0.887925406297048,6.3020548187196255,5.802299873282512,0.19613916019443423,1.6844969728651147,96,2,52
EEGNet,OpenBMI_SSVEP,3,30,RETRAINED_REPLICA_TRAJECTORY,3.642149848242601,0.041666666666666664,0.1875,6.728795439004898,2.2095660526926317,3.7241141771276793,-0.9739194111898541,3.642149821544687,0.6979166666666666,7.11192690829436,0.0,0.84375,2.186027990654111,4.968762636184692,-1.4664003380263846,7.675476369758447,7.1119269380966825,0.23813423650184026,2.465591528763374,96,1,53
EEGNet,OpenBMI_SSVEP,3,30,RETRAINED_REPLICA_TRAJECTORY,3.6161546545724073,0.0625,0.14583333333333334,5.977115901807944,2.367262253537774,3.7243102801342807,-1.2681864428644378,3.6161546682318053,0.6770833333333334,7.240448360641797,0.0,0.8229166666666666,2.2313328326369324,5.014599286019802,-1.5580486462761958,7.740388398369153,7.240448395411174,0.2935086654421563,2.889894084384044,96,2,53
EEGNet,OpenBMI_SSVEP,3,30,RETRAINED_REPLICA_TRAJECTORY,4.0385404496143265,0.0,0.23958333333333334,6.478819047411283,2.2934276203935346,3.6783939140538373,-1.2612270826163392,4.038540452718735,0.6770833333333334,7.386927701532841,0.0,0.8125,2.1428817603737116,4.9994572177529335,-1.4155791271477938,7.959957949817181,7.386927609642346,0.2621387772572537,2.9454398384938636,96,1,6
EEGNet,OpenBMI_SSVEP,3,30,RETRAINED_REPLICA_TRAJECTORY,3.491043151045839,0.03125,0.28125,6.75638588766257,2.1895450285325446,3.560775214806199,-0.8798829014413059,3.491043128694097,0.53125,6.879128776490688,0.0,0.7916666666666666,2.111868718639016,4.952040097365777,-1.3745854366570711,7.442942147453626,6.879128744204839,0.3058060046557027,2.919532555155456,96,2,6
EEGNet,OpenBMI_SSVEP,3,30,RETRAINED_REPLICA_TRAJECTORY,4.111787346502145,0.020833333333333332,0.19791666666666666,5.731669502953689,2.628946566954255,3.948590774089098,-1.1603254666551948,4.111787350227435,0.625,7.087713119884332,0.010416666666666666,0.6354166666666666,2.207543217887481,5.013539309302966,-1.4323805086314678,7.670512102544308,7.087713229159514,0.3475787589947383,3.504376315201322,96,1,7
EEGNet,OpenBMI_SSVEP,3,30,RETRAINED_REPLICA_TRAJECTORY,3.5373930217077336,0.041666666666666664,0.23958333333333334,6.602349904676278,2.3209985056892037,3.699730063478152,-0.8433633393918475,3.537392956825594,0.5208333333333334,6.418466612696648,0.0,0.65625,2.0024906676262617,4.724063529322545,-1.0211135808688898,6.943588125209014,6.418466528256734,0.32350242489095155,2.7615635914262384,96,2,7
EEGNet,OpenBMI_SSVEP,3,30,RETRAINED_REPLICA_TRAJECTORY,3.699251323317488,0.0,0.28125,7.032483873267968,2.1432438188542924,3.6498428682486215,-1.317756296445926,3.699251292273402,0.6145833333333334,6.534270601967971,0.010416666666666666,0.75,1.8151373335470755,4.402979413668315,-1.1983847717444103,7.189549985031287,6.53427058706681,0.2322391222890777,2.2264206766461334,96,1,9
EEGNet,OpenBMI_SSVEP,3,30,RETRAINED_REPLICA_TRAJECTORY,3.2841408575574556,0.03125,0.14583333333333334,7.023067918916543,1.9317382910909753,3.586168464894096,-0.9910672341162959,3.2841408352057138,0.6875,6.534281683464845,0.010416666666666666,0.7708333333333334,1.7732835734883945,4.440896241615216,-1.2257902505807579,7.139697780211766,6.5342816561460495,0.2080774277759095,1.9596088534841936,96,2,9
EEGNet,OpenBMI_SSVEP,3,45,RETRAINED_REPLICA_TRAJECTORY,4.668047182261944,0.0,0.22916666666666666,6.651133534808953,3.021829890087247,4.289887537558873,-1.438958306486408,4.6680471040308475,0.5729166666666666,7.040436126291752,0.0,0.71875,1.885514296280841,4.3385257224241895,-1.0778329372406006,7.109810973207156,7.040436121324698,0.2990252760549386,3.421536377320687,96,1,1
EEGNet,OpenBMI_SSVEP,3,45,RETRAINED_REPLICA_TRAJECTORY,4.194793782196939,0.0625,0.25,7.082628294825554,2.7059686770662665,4.080244439343612,-0.8513105468203624,4.194793806100885,0.6145833333333334,7.155831228941679,0.0,0.7395833333333334,2.1008434190104404,4.526230699072282,-1.085040719403575,7.105854603151481,7.155831168095271,0.25163253272573155,2.7406627604116998,96,2,1
EEGNet,OpenBMI_SSVEP,3,45,RETRAINED_REPLICA_TRAJECTORY,5.6577373296022415,0.0,0.375,6.04622629036506,3.638725105052193,4.859648879617453,-1.720577457298835,5.6577374165256815,0.17708333333333334,6.528264793256919,0.0,0.4895833333333333,1.820870353685071,4.1604330490032835,-0.8528999739016095,6.516040027141571,6.528264756004016,0.5727589515348276,5.960768438875675,96,1,11
EEGNet,OpenBMI_SSVEP,3,45,RETRAINED_REPLICA_TRAJECTORY,5.842708087836702,0.0,0.3645833333333333,6.1992669353882475,3.754670836186657,4.993953063463171,-1.6783050391823053,5.842708117639025,0.3125,7.305357176810503,0.0,0.6354166666666666,1.9929390819743276,4.496204478045304,-0.9785254672169685,7.319061440726121,7.305357159425815,0.4754598382860422,5.615214272091786,96,2,11
EEGNet,OpenBMI_SSVEP,3,45,RETRAINED_REPLICA_TRAJECTORY,4.152407305936019,0.0625,0.17708333333333334,6.228724350531896,2.5812712288461626,3.778145952771107,-0.9427006337791681,4.152407293518384,0.6979166666666666,8.532892222205797,0.0,0.875,2.317109008630117,4.911575523515542,-1.534443902472655,8.41461355984211,8.532892336448034,0.3002780982448409,3.573195175578197,96,1,15
EEGNet,OpenBMI_SSVEP,3,45,RETRAINED_REPLICA_TRAJECTORY,3.715277087253829,0.13541666666666666,0.3333333333333333,7.537766084074974,2.2475239544486008,3.599904211858908,-0.17993450816720724,3.715277203669151,0.5208333333333334,5.9777859064439935,0.0,0.6875,1.5706252255477011,3.633255761116743,-1.0245121428743005,6.132478695362806,5.977785872916381,0.17521082730187723,1.6685551836465795,96,2,15
EEGNet,OpenBMI_SSVEP,3,45,RETRAINED_REPLICA_TRAJECTORY,4.473281674087048,0.010416666666666666,0.1875,5.659094167252381,2.9524312941357493,4.112086639429132,-1.1345651607650022,4.473281666015585,0.6666666666666666,8.26052955041329,0.0,0.8333333333333334,2.2344739846885204,4.853704395393531,-1.4190458885083597,8.230578787624836,8.26052956779798,0.3801206814435621,4.477534583459298,96,1,2
EEGNet,OpenBMI_SSVEP,3,45,RETRAINED_REPLICA_TRAJECTORY,3.951824290367464,0.0625,0.2708333333333333,6.589390749732654,2.5264820652082562,3.79226241633296,-1.1801141823331516,3.951824304026862,0.5625,6.908641306062539,0.0,0.6666666666666666,1.860485019783179,4.305163274208705,-1.151646490364025,6.968301599224408,6.908641350766023,0.3443309124656177,3.3797710589909307,96,2,2
EEGNet,OpenBMI_SSVEP,3,45,RETRAINED_REPLICA_TRAJECTORY,4.276217506577571,0.0625,0.28125,6.571564783652623,2.8209077746917806,4.015665739774704,-1.3075371937205393,4.2762174891928835,0.5833333333333334,7.753161492447059,0.0,0.78125,2.0680932315687337,4.700380963583787,-1.2797801286603014,7.751365835467975,7.753161509831746,0.2913226104186227,3.2602942874655128,96,1,20
EEGNet,OpenBMI_SSVEP,3,45,RETRAINED_REPLICA_TRAJECTORY,4.152987554048498,0.052083333333333336,0.2604166666666667,7.255691672364871,2.7607058454304934,4.219224601984024,-1.2227356114114325,4.152987552806735,0.5729166666666666,6.900590884188811,0.010416666666666666,0.7083333333333334,1.8689442578082283,4.3096856238941355,-1.0700401631183922,6.984840062757333,6.90059079354008,0.24534164070306966,2.6224403249410293,96,2,20
EEGNet,OpenBMI_SSVEP,3,45,RETRAINED_REPLICA_TRAJECTORY,4.656598997612794,0.010416666666666666,0.3229166666666667,7.188312505682309,3.2148309337596097,4.546888214846452,-1.3537009364614885,4.6565989423543215,0.5,6.766605865210295,0.0,0.71875,1.844299318579336,4.26359278211991,-1.1916485326364636,6.8544521902998286,6.7666059620678425,0.2988881367297533,3.142293095123023,96,1,21
EEGNet,OpenBMI_SSVEP,3,45,RETRAINED_REPLICA_TRAJECTORY,4.988280755778153,0.010416666666666666,0.2708333333333333,5.926369215051333,3.4009889774024487,4.669245450447003,-1.5296234494696062,4.988280779371659,0.5104166666666666,7.887033621470134,0.0,0.78125,2.2221727942427,4.825304068624973,-1.5929653017471235,7.810446284711361,7.887033705910047,0.3844800164612631,4.576019090910752,96,2,21
EEGNet,OpenBMI_SSVEP,3,45,RETRAINED_REPLICA_TRAJECTORY,5.222718754162391,0.010416666666666666,0.7291666666666666,8.477474888165792,3.6826326244821153,5.532560627907515,-2.600538824995359,5.2227187777558965,0.6875,4.268005150059859,0.0625,0.375,1.2280243790398042,2.859401231010755,-0.2285589387950798,4.4779304501911,4.268005145092805,0.1124217986750106,1.0585689780612786,96,1,23
EEGNet,OpenBMI_SSVEP,3,45,RETRAINED_REPLICA_TRAJECTORY,4.269760029390454,0.052083333333333336,0.5208333333333334,8.949770639340082,3.001364336038629,4.730616609255473,-1.040535015054047,4.269759946192305,0.5833333333333334,4.4636591250697775,0.03125,0.5416666666666666,1.1435472645486395,2.9165758149077496,0.10906581619443993,4.782723759611447,4.463659077882767,0.13091370570085323,1.1007670395386715,96,2,23
EEGNet,OpenBMI_SSVEP,3,45,RETRAINED_REPLICA_TRAJECTORY,4.132607739418745,0.07291666666666667,0.21875,6.645755397776763,2.757428058423102,3.9575739266971746,-1.0498836276431878,4.132607750594616,0.7395833333333334,8.564638490478197,0.0,0.8958333333333334,2.403247627119223,5.168372732897599,-1.9647107251609366,8.511778314908346,8.564638398587704,0.20118704461492598,2.464458758632342,96,1,26
EEGNet,OpenBMI_SSVEP,3,45,RETRAINED_REPLICA_TRAJECTORY,3.604452148079872,0.10416666666666667,0.10416666666666667,6.708042435348034,2.406266842968762,3.6043319267531237,-0.5751225634788474,3.6044521586348615,0.8125,8.15874263892571,0.0,0.875,2.323045503348112,4.961122300475836,-1.5060491049662232,8.082644912103811,8.158742609123388,0.17117206562155238,1.9909570870610576,96,2,26
EEGNet,OpenBMI_SSVEP,3,45,RETRAINED_REPLICA_TRAJECTORY,4.508867433915536,0.07291666666666667,0.2708333333333333,6.727102041244507,3.0860027375941477,4.3267519772052765,-1.4416872492680948,4.508867449437578,0.6145833333333334,7.46537671983242,0.0,0.7604166666666666,2.0014714766293764,4.474051117897034,-1.1889773927008112,7.5395884066820145,7.465376801788807,0.21712537521185973,2.5680980648224554,96,1,28
EEGNet,OpenBMI_SSVEP,3,45,RETRAINED_REPLICA_TRAJECTORY,4.091709985863417,0.041666666666666664,0.25,6.768889432152112,2.6516259651010237,3.921466006586949,-1.365962187293917,4.091709866809349,0.6770833333333334,7.508352104574442,0.0,0.78125,1.961868718887369,4.55402434617281,-1.1972572614128392,7.644947804510593,7.5083520996073885,0.23644954544336846,2.521846920872728,96,2,28
EEGNet,OpenBMI_SSVEP,3,45,RETRAINED_REPLICA_TRAJECTORY,4.969611541678508,0.0,0.40625,6.919618519643943,3.2884003867705665,4.648384818186362,-1.8264787284036477,4.969611671442787,0.4583333333333333,5.729219812278946,0.0,0.5104166666666666,1.6147785581027467,3.9304408629735312,-0.7981087155640125,5.896151429663102,5.7292199259003,0.4591486372131233,3.852061203060051,96,1,3
EEGNet,OpenBMI_SSVEP,3,45,RETRAINED_REPLICA_TRAJECTORY,5.179175296177466,0.0,0.3229166666666667,6.473114227255185,3.3181805896262326,4.630353561292092,-1.5329439515868823,5.179175313562155,0.46875,5.660453078647454,0.010416666666666666,0.3958333333333333,1.5251514504974086,3.857542739560207,-0.7867197712572912,5.767980756858985,5.660453128317992,0.4354341379366815,4.0401329435408115,96,2,3
EEGNet,OpenBMI_SSVEP,3,45,RETRAINED_REPLICA_TRAJECTORY,3.4388319378097854,0.07291666666666667,0.07291666666666667,5.58666256070137,2.1200020167355738,3.098014580706755,-0.6292902172232667,3.438831916078925,0.8125,9.059229085842768,0.0,0.8854166666666666,2.3028296859314046,5.209855881830056,-1.5590060201163094,9.045561691125235,9.059229036172232,0.284539020465066,3.3526318750033774,96,1,30
EEGNet,OpenBMI_SSVEP,3,45,RETRAINED_REPLICA_TRAJECTORY,4.050396991272767,0.14583333333333334,0.34375,6.8028330728411674,2.6588624247039356,3.9500514964262643,-0.6431555319577456,4.050397011140983,0.4583333333333333,6.4292181593676405,0.0,0.6354166666666666,1.6941781270628173,4.143335801859696,-0.9599111741408706,6.541671056300402,6.429218200345834,0.3470177275594324,3.523401500812421,96,2,30
EEGNet,OpenBMI_SSVEP,3,45,RETRAINED_REPLICA_TRAJECTORY,6.090607865403096,0.0,0.4166666666666667,6.696842754880588,3.759165603046616,5.166669646898906,-1.6491483965267737,6.090607850501935,0.4166666666666667,5.804029104610284,0.0,0.4166666666666667,1.631708695863684,3.823054694881042,-0.7159923516834775,5.794829531262319,5.804029036313295,0.4666638950196405,4.878501194218795,96,1,31
EEGNet,OpenBMI_SSVEP,3,45,RETRAINED_REPLICA_TRAJECTORY,6.370616294443607,0.0,0.375,6.410172715783119,3.9024164689083896,5.302986787011226,-1.9317261995747685,6.3706162969271345,0.5520833333333334,6.319484638671081,0.0,0.53125,1.6785629003619154,3.879064009835323,-0.8751798902327815,6.343674845993519,6.319484683374564,0.43002019232759875,5.1062609776854515,96,2,31
EEGNet,OpenBMI_SSVEP,3,45,RETRAINED_REPLICA_TRAJECTORY,3.9769397831211486,0.03125,0.125,6.354415724674861,2.6819278753052154,3.7934094046552977,-1.0979794974749286,3.976939743384719,0.7708333333333334,8.058806357284388,0.0,0.8333333333333334,2.132443960135182,4.782044845322768,-1.4670060575008392,8.11637707054615,8.05880636225144,0.24683266606492302,2.8520025381197533,96,1,33
EEGNet,OpenBMI_SSVEP,3,45,RETRAINED_REPLICA_TRAJECTORY,4.0204307188590365,0.125,0.22916666666666666,7.04854221145312,2.516331042163074,3.84679110472401,-0.8351771775633097,4.020430635660887,0.6979166666666666,7.709109867612521,0.0,0.84375,2.0302470326423645,4.6000712265570955,-1.6077825084018211,7.791321878631909,7.709109800557296,0.2097407131611059,2.418251217032472,96,2,33
EEGNet,OpenBMI_SSVEP,3,45,RETRAINED_REPLICA_TRAJECTORY,5.7020350595315294,0.0,0.40625,6.981578695277373,3.4999617654830217,4.8460184546808405,-2.1339306825151048,5.702035173773766,0.5520833333333334,6.117713653792937,0.0,0.5208333333333334,1.5424022882555921,3.8718371614813805,-0.7798188345041126,6.233592172463735,6.117713646342357,0.33809773647226393,3.688600247104963,96,1,38
EEGNet,OpenBMI_SSVEP,3,45,RETRAINED_REPLICA_TRAJECTORY,4.993115302175283,0.03125,0.3854166666666667,6.620688530306022,3.1657520526399217,4.531261064112186,-1.5562757964556415,4.9931152773400145,0.4895833333333333,7.226339049637318,0.0,0.6875,1.9541734904050827,4.46255316461126,-1.1387381292879581,7.224304276208083,7.226339104274909,0.34479313460178673,3.9097671968241534,96,2,38
EEGNet,OpenBMI_SSVEP,3,45,RETRAINED_REPLICA_TRAJECTORY,4.63318586225311,0.010416666666666666,0.2916666666666667,7.336634973684947,2.9730900954455137,4.407476409027974,-1.563557210067908,4.633185877154271,0.5,6.399833422154188,0.0,0.7083333333333334,1.7264449919263523,4.012603341291348,-0.8495959937572479,6.498483374714851,6.399833370000124,0.33876144237971556,3.402382976996402,96,1,40
EEGNet,OpenBMI_SSVEP,3,45,RETRAINED_REPLICA_TRAJECTORY,4.746752329170704,0.0,0.28125,6.611273437738419,2.9269654992967844,4.185073859989643,-1.5349194863811135,4.746752358973026,0.4270833333333333,6.645914702365796,0.0,0.625,1.662643472586448,3.9933970496058464,-0.9122698682670792,6.8262188620865345,6.645914676288764,0.3297935905090223,3.5565529502928257,96,2,40
EEGNet,OpenBMI_SSVEP,3,45,RETRAINED_REPLICA_TRAJECTORY,4.212560847401619,0.020833333333333332,0.21875,6.148927333454291,2.635558478689442,3.7918377170960107,-1.027497662852208,4.2125608287751675,0.6145833333333334,8.217575090626875,0.0,0.8333333333333334,2.345385078030328,4.969015533725421,-1.4585887123830616,8.154564519723257,8.217575080692768,0.3277310722817977,3.8021312057971954,96,1,41
EEGNet,OpenBMI_SSVEP,3,45,RETRAINED_REPLICA_TRAJECTORY,3.6632159665847817,0.07291666666666667,0.125,5.775448903441429,2.414228212709228,3.3528650303681693,-0.7662381744012237,3.663216008183857,0.6458333333333334,7.804483284552892,0.0625,0.7708333333333334,2.146303455966214,4.853051455070575,-1.4155764083067577,7.832390086104472,7.804483383893967,0.3323243026000758,3.3308867289063833,96,2,41
EEGNet,OpenBMI_SSVEP,3,45,RETRAINED_REPLICA_TRAJECTORY,5.25040494153897,0.0,0.23958333333333334,5.804051600396633,3.2456130916252732,4.470459048946698,-1.6231542530780037,5.2504049862424536,0.71875,7.301520546277364,0.0,0.625,1.9406372861315806,4.319518345097701,-0.9951011401911577,7.327708897491296,7.301520489156246,0.3600600509283443,4.487857806185882,96,1,44
EEGNet,OpenBMI_SSVEP,3,45,RETRAINED_REPLICA_TRAJECTORY,5.0217906422913074,0.0,0.2708333333333333,5.8137233306964236,3.1976061798632145,4.363762627045314,-1.5331758623942733,5.021790602554877,0.6354166666666666,7.585235084096591,0.0,0.7395833333333334,2.0043492478628955,4.568618344763915,-1.2490154840052128,7.62672857940197,7.585235056777795,0.35493630977968377,4.376920811831951,96,2,44
EEGNet,OpenBMI_SSVEP,3,45,RETRAINED_REPLICA_TRAJECTORY,4.204075437039137,0.010416666666666666,0.6458333333333334,9.236341163516045,2.8958670869469643,4.665607584019502,-1.371083382051438,4.204075371225675,0.5104166666666666,4.504201463113229,0.052083333333333336,0.6770833333333334,1.1822467010157804,2.8754088369508586,-0.46322867755467695,4.798002709945043,4.504201454420884,0.0947514168995743,0.8244061820829908,96,1,47
EEGNet,OpenBMI_SSVEP,3,45,RETRAINED_REPLICA_TRAJECTORY,3.3973415767153106,0.041666666666666664,0.14583333333333334,6.369595887760322,2.2757218706731996,3.4235280913611255,-0.9288139408454299,3.3973415245612464,0.75,8.235400383671125,0.0,0.8958333333333334,2.297773868466417,4.9447418202956515,-1.5644643666843574,8.221891996761164,8.235400301714739,0.21576349945583692,2.4105705755452314,96,2,47
EEGNet,OpenBMI_SSVEP,3,45,RETRAINED_REPLICA_TRAJECTORY,4.328209441155195,0.0625,0.10416666666666667,5.976266632477443,2.6586648592104516,3.7402059429635606,-0.9774785734092196,4.328209359819691,0.78125,8.158012775083384,0.0,0.8645833333333334,2.1899291755010686,4.838958024978638,-1.5436901814925175,8.1425157263875,8.158012814819813,0.31445657337705296,3.7358754643549523,96,1,48
EEGNet,OpenBMI_SSVEP,3,45,RETRAINED_REPLICA_TRAJECTORY,4.124692774067323,0.03125,0.125,5.560759494702022,2.7037408587833247,3.759097640713056,-1.087733156979084,4.124692776550849,0.7083333333333334,8.358315097788969,0.0,0.8333333333333334,2.3390010812630257,5.023282897969087,-1.4741158407802384,8.299518659710884,8.358315140008926,0.3446863703429699,3.9225583635270596,96,2,48
EEGNet,OpenBMI_SSVEP,3,45,RETRAINED_REPLICA_TRAJECTORY,4.279791841904323,0.03125,0.4895833333333333,8.438947213192781,3.0273611592128873,4.639646929999192,-1.3266450601319473,4.279791823898752,0.5625,5.007430925344427,0.03125,0.6145833333333334,1.4200915465286623,3.3647422790527344,-0.7182879406803598,5.196669624497493,5.007430845250686,0.20150953265450275,1.775843244434024,96,1,5
EEGNet,OpenBMI_SSVEP,3,45,RETRAINED_REPLICA_TRAJECTORY,4.141960433373849,0.03125,0.23958333333333334,6.748921290040016,2.6987862658376494,4.114946703116099,-1.1920571227868397,4.1419604520003,0.53125,6.554226898898681,0.0,0.625,1.7607454325382907,4.24058157329758,-1.069575125661989,6.676091606418292,6.554226919387777,0.40199241317653406,3.499972952840229,96,2,5
EEGNet,OpenBMI_SSVEP,3,45,RETRAINED_REPLICA_TRAJECTORY,4.091930529723565,0.041666666666666664,0.14583333333333334,5.778375009695689,2.562876066813866,3.633694908271233,-0.6387699362821877,4.091930525998275,0.6770833333333334,8.230946334699789,0.0,0.8229166666666666,2.24630236128966,4.8618094225724535,-1.396540626262625,8.184279032051563,8.23094641417265,0.41701270705865073,4.441171965251367,96,1,50
EEGNet,OpenBMI_SSVEP,3,45,RETRAINED_REPLICA_TRAJECTORY,4.2419106376667814,0.125,0.1875,7.113261585434278,2.752630597601334,4.110973721990983,-0.3859598459675908,4.241910689820846,0.4895833333333333,6.417839363838236,0.0,0.65625,1.7082330010210474,4.1297544327874975,-0.9795092679560184,6.6469625147680444,6.4178393653904395,0.34901626732122776,3.0261711617931724,96,2,50
EEGNet,OpenBMI_SSVEP,3,45,RETRAINED_REPLICA_TRAJECTORY,4.188842608282964,0.010416666666666666,0.20833333333333334,6.33416869242986,2.7193697712694607,3.878425812969605,-1.2464158171787858,4.188842564821243,0.5729166666666666,7.478499298294385,0.0,0.7604166666666666,2.0265312598397336,4.576511124769847,-1.2244123883234959,7.481953581174214,7.478499283393224,0.32121861780372757,3.4066009695331254,96,1,52
EEGNet,OpenBMI_SSVEP,3,45,RETRAINED_REPLICA_TRAJECTORY,3.8802932867159448,0.09375,0.28125,7.21056695530812,2.595107455737889,3.926069768766562,-0.5638988479040563,3.8802933618426323,0.46875,6.628472061206897,0.010416666666666666,0.6666666666666666,1.774286087679987,4.110856947799523,-0.7857414496441683,6.710021970172723,6.628472118328015,0.22720736412641904,2.2422031136229634,96,2,52
EEGNet,OpenBMI_SSVEP,3,45,RETRAINED_REPLICA_TRAJECTORY,4.386507135195036,0.03125,0.19791666666666666,6.573894150555134,2.8951232824474573,4.210233997553587,-1.2136013767061133,4.386507222428918,0.6354166666666666,7.768273179729779,0.0,0.75,2.039826713502407,4.646503766377767,-1.4909825657183926,7.784910053014755,7.768273192147414,0.2843053953256458,3.2082619412491717,96,1,53
EEGNet,OpenBMI_SSVEP,3,45,RETRAINED_REPLICA_TRAJECTORY,4.235065396254261,0.0,0.19791666666666666,5.811755572756131,2.8074211856971183,3.910219606012106,-1.4788729858895142,4.23506545027097,0.5833333333333334,8.06670855730772,0.0,0.7604166666666666,2.137762352824211,4.734117953727643,-1.4662686691929896,8.076537961761156,8.066708539923033,0.3392831391344468,3.795777960990866,96,2,53
EEGNet,OpenBMI_SSVEP,3,45,RETRAINED_REPLICA_TRAJECTORY,4.621510433343549,0.0,0.20833333333333334,6.224798972407977,2.879148286767304,4.131370744357507,-1.6090348850314815,4.6215103985741735,0.7083333333333334,8.154963110884031,0.0,0.8125,2.0791597943753004,4.741519523163636,-1.2873425520956516,8.19935042411089,8.154963153103987,0.30743078390757245,3.749290559440851,96,1,6
EEGNet,OpenBMI_SSVEP,3,45,RETRAINED_REPLICA_TRAJECTORY,4.0539735195537405,0.0,0.23958333333333334,6.493989537159602,2.604089970390002,3.8110301718115807,-1.1948456776638825,4.053973576674859,0.6354166666666666,7.965707181642453,0.0,0.8333333333333334,2.0961142039547362,4.819947900871436,-1.3220592296371858,7.98795501391093,7.965707367906968,0.3064639955603828,3.479315177847942,96,2,6
EEGNet,OpenBMI_SSVEP,3,45,RETRAINED_REPLICA_TRAJECTORY,4.894858340422313,0.010416666666666666,0.1875,5.64203342795372,3.281656438484788,4.407273920873801,-1.4749307112457852,4.894858328004678,0.6354166666666666,7.702190548181534,0.010416666666666666,0.6145833333333334,2.1867114286869764,4.7713412046432495,-1.40727422805503,7.695791155099869,7.702190600335598,0.3758517753643294,4.216104354709387,96,1,7
EEGNet,OpenBMI_SSVEP,3,45,RETRAINED_REPLICA_TRAJECTORY,4.24701948526005,0.13541666666666666,0.23958333333333334,6.485469102859497,2.7990999051059284,4.124655943984787,-0.7400440441754957,4.247019471600652,0.5625,7.239108428359032,0.0,0.6979166666666666,2.0992781159778438,4.610883104304473,-1.1405976968817413,7.221183893581231,7.2391084507107735,0.36495445171991986,3.5164408491303525,96,2,7
EEGNet,OpenBMI_SSVEP,3,45,RETRAINED_REPLICA_TRAJECTORY,4.718341561034322,0.020833333333333332,0.2604166666666667,6.755321611960729,2.9983373129119477,4.26632268478473,-1.5607367996126413,4.718341529369354,0.6145833333333334,7.435069917390744,0.010416666666666666,0.7291666666666666,1.8136303729067247,4.372314732521772,-1.21146013137574,7.622025330861409,7.435070062677066,0.27423614750538644,3.198134575970471,96,1,9
EEGNet,OpenBMI_SSVEP,3,45,RETRAINED_REPLICA_TRAJECTORY,3.8233992705742517,0.020833333333333332,0.14583333333333334,6.880050020913283,2.3755926326848567,3.6209509087105594,-1.2163731744512916,3.8233993457009396,0.6979166666666666,7.172616278131803,0.0,0.78125,1.7025612378492951,4.174005904545386,-1.1288428163776796,7.290473394095898,7.172616310417652,0.24128515784589885,2.4979533503064886,96,2,9
EEGNet,OpenBMI_SSVEP,3,60,RETRAINED_REPLICA_TRAJECTORY,8.398224393526712,0.0,0.65625,9.896082316835722,2.462510325014591,3.581929157177607,-1.4920708139737446,8.39822442829609,0.8333333333333334,5.29324817750603,0.03125,0.3854166666666667,2.245649896096438,3.842695787549019,-1.2751625509311755,4.697642297794421,5.293248171918094,0.2293709732281665,3.0530760573844113,96,1,1
EEGNet,OpenBMI_SSVEP,3,60,RETRAINED_REPLICA_TRAJECTORY,6.748824303348859,0.020833333333333332,0.5208333333333334,8.973700220386187,2.343245011443893,3.501417146374782,-0.7207930246368051,6.74882435053587,0.6041666666666666,5.9670468382537365,0.041666666666666664,0.5,2.4500368701604507,4.174295021841924,-1.3030311272790034,5.199861334636807,5.96704697360595,0.23034651967464015,2.8060538821543255,96,2,1
EEGNet,OpenBMI_SSVEP,3,60,RETRAINED_REPLICA_TRAJECTORY,10.36106283714374,0.0,0.78125,10.342928916215897,3.4682522465785346,4.872440656026204,-2.1649170545861125,10.361062752703825,0.625,3.5235214419662952,0.125,0.15625,1.6878477395512164,2.72534172081699,-0.8549253571157654,3.0461401495461664,3.523521324619651,0.31962286504373577,3.8170297825708985,96,1,11
EEGNet,OpenBMI_SSVEP,3,60,RETRAINED_REPLICA_TRAJECTORY,10.251556490858396,0.0,0.875,10.418359523018202,3.4852895426253476,4.832102806617816,-1.913559705329438,10.25155666222175,0.6770833333333334,3.990776063874364,0.125,0.19791666666666666,1.7916888482868671,2.929960715894898,-1.03840755764395,3.475351808592677,3.990776009236773,0.2920735597726889,3.8726564326013126,96,2,11
EEGNet,OpenBMI_SSVEP,3,60,RETRAINED_REPLICA_TRAJECTORY,7.64953436392049,0.0,0.5625,9.297177945574125,1.985081587297221,2.9784368816763163,-0.9470064972216884,7.6495342788596945,0.6979166666666666,6.345791796222329,0.020833333333333332,0.4479166666666667,2.6512529624936483,4.299044749389092,-1.6668296456336975,5.555681488787134,6.345791853343447,0.273093736032024,3.4748364202678204,96,1,15
EEGNet,OpenBMI_SSVEP,3,60,RETRAINED_REPLICA_TRAJECTORY,5.322367700437705,0.08333333333333333,0.4583333333333333,8.936427568395933,1.8650218706267576,2.887395940721035,-0.22626126557588577,5.322367832064629,0.46875,5.257339430352052,0.010416666666666666,0.46875,2.269730676935675,3.6438039716643593,-0.9744258665790161,4.607191330132385,5.257339392478268,0.16405453822032237,1.7079389757321526,96,2,15
EEGNet,OpenBMI_SSVEP,3,60,RETRAINED_REPLICA_TRAJECTORY,8.320290236423412,0.010416666666666666,0.6458333333333334,9.375813280542692,2.5665126337359347,3.5979965136696896,-1.0578737972925107,8.320290256291628,0.6354166666666666,6.179863020467262,0.0625,0.4270833333333333,2.52946406432117,4.159568823873997,-1.5004227279374998,5.452508088201284,6.1798629102607565,0.31349721224978566,4.16583441135784,96,1,2
EEGNet,OpenBMI_SSVEP,3,60,RETRAINED_REPLICA_TRAJECTORY,7.434305963416894,0.0,0.5,9.60964829226335,2.080097433955719,3.076487763474385,-0.9165110682758192,7.434305952241023,0.5833333333333334,5.4573647025972605,0.03125,0.4166666666666667,2.293347922153771,3.7796326726675034,-1.514820854800443,4.760272849351168,5.457364750405152,0.27268479465662193,3.08855391976734,96,2,2
EEGNet,OpenBMI_SSVEP,3,60,RETRAINED_REPLICA_TRAJECTORY,7.059566135207812,0.010416666666666666,0.4791666666666667,9.011303116877874,1.87879053534319,2.8513146759942174,-0.8419496063143015,7.059566122790177,0.65625,6.316316870351632,0.020833333333333332,0.5104166666666666,2.7907342271258435,4.464089835683505,-1.769677819373707,5.463663311054309,6.316316779702902,0.2694090435203786,3.3689734023064375,96,1,20
EEGNet,OpenBMI_SSVEP,3,60,RETRAINED_REPLICA_TRAJECTORY,6.009633926674724,0.052083333333333336,0.5,9.027564013997713,1.907524840751042,2.910844019303719,-0.6211759673121074,6.009633935367067,0.6770833333333334,6.36229857429862,0.010416666666666666,0.5104166666666666,2.7188200190042457,4.461152522514264,-1.24965178531905,5.514055422196786,6.362298628936212,0.23300614681405327,2.7604685121526322,96,2,20
EEGNet,OpenBMI_SSVEP,3,60,RETRAINED_REPLICA_TRAJECTORY,7.761627729982138,0.010416666666666666,0.6041666666666666,9.931941211223602,2.25879471283406,3.4053232868512473,-1.1215601215759914,7.7616276281575365,0.78125,5.1882238412896795,0.010416666666666666,0.40625,2.1313813167313733,3.6534066734214625,-1.348753702128306,4.601389875014623,5.188223879784346,0.1895207802687461,2.3459720543275275,96,1,21
EEGNet,OpenBMI_SSVEP,3,60,RETRAINED_REPLICA_TRAJECTORY,8.794224231193462,0.0,0.71875,9.706533938646317,3.1030101825793586,4.311033605908354,-1.4546592993040879,8.794224244852861,0.6666666666666666,5.817708327745398,0.16666666666666666,0.4479166666666667,2.281199697715541,4.05665064478914,-1.1830061978350084,5.1759793640424805,5.817708346992731,0.2806038963608444,3.998106767733892,96,2,21
EEGNet,OpenBMI_SSVEP,3,60,RETRAINED_REPLICA_TRAJECTORY,5.8208133441706496,0.0,0.6875,9.658982262015343,2.4454206054409346,3.6957002306977906,-1.3794722634678085,5.820813413709402,0.6875,4.525760372169316,0.07291666666666667,0.4166666666666667,2.0630020196549594,3.2734950222074986,-0.7574191379050413,3.865430145524442,4.525760383034746,0.11907797384386261,1.2265535943054904,96,1,23
EEGNet,OpenBMI_SSVEP,3,60,RETRAINED_REPLICA_TRAJECTORY,5.726972538977861,0.0625,0.5729166666666666,10.14322995642821,2.1279708265016475,3.3583370919028916,-0.5716292001307011,5.726972529664636,0.53125,3.6448604123046002,0.13541666666666666,0.4583333333333333,1.588414781416456,2.5974984982361398,0.2860582441401978,3.2642530972758927,3.6448603561148047,0.14100944441937222,1.2565609026545037,96,2,23
EEGNet,OpenBMI_SSVEP,3,60,RETRAINED_REPLICA_TRAJECTORY,7.312268800412615,0.03125,0.5416666666666666,9.444521134098371,2.1284196542886398,3.198366006836295,-1.0931505730065207,7.3122687706102925,0.7395833333333334,6.604049025724332,0.0,0.5729166666666666,2.685194349537293,4.46058248480161,-1.8148973005979012,5.7853169701993465,6.604049061735471,0.20882362274763486,2.7927153004954257,96,1,26
EEGNet,OpenBMI_SSVEP,3,60,RETRAINED_REPLICA_TRAJECTORY,7.118803083896637,0.07291666666666667,0.4895833333333333,9.412664741277695,1.809825390111655,2.8050621089835963,-0.56240647037824,7.118802981451154,0.7395833333333334,6.310473929469784,0.020833333333333332,0.5,2.5927652238557735,4.236097824449341,-1.7211575579519074,5.527352703735232,6.310473995283246,0.1900859851933395,2.416920014346639,96,2,26
EEGNet,OpenBMI_SSVEP,3,60,RETRAINED_REPLICA_TRAJECTORY,7.232090597351392,0.03125,0.6458333333333334,9.464023803671202,2.046610166473935,2.991208161537846,-0.6690973954585692,7.2320906817913055,0.7395833333333334,6.035975159456332,0.052083333333333336,0.5104166666666666,2.4871282263969383,4.1066772552828,-1.5038108170653384,5.262740612030029,6.035975178082784,0.19927893815717349,2.586035712311665,96,1,28
EEGNet,OpenBMI_SSVEP,3,60,RETRAINED_REPLICA_TRAJECTORY,6.967860829085112,0.052083333333333336,0.5625,9.287831336259842,1.8352692833480735,2.8692819867283106,-0.6031985824617246,6.967860718568166,0.7083333333333334,6.392637061576049,0.03125,0.5208333333333334,2.6195384077727795,4.386383543411891,-1.6398926389714081,5.594864757110675,6.392637096345425,0.2137445432599634,2.7384486459195614,96,2,28
EEGNet,OpenBMI_SSVEP,3,60,RETRAINED_REPLICA_TRAJECTORY,7.745371252298355,0.010416666666666666,0.6458333333333334,9.415827562411627,2.7866665103162327,4.027789538726211,-1.194842360758533,7.7453713696449995,0.5625,4.596064365158479,0.0625,0.2708333333333333,1.99745417595841,3.413696833575765,-0.9386689909733832,4.0530122729639215,4.596064450840156,0.29573652780770016,3.3219206519424915,96,1,3
EEGNet,OpenBMI_SSVEP,3,60,RETRAINED_REPLICA_TRAJECTORY,8.0240234558781,0.0,0.5833333333333334,9.505530426899591,2.4715886005821326,3.644222917035222,-0.9704924492786328,8.024023318042358,0.5625,4.601093422621489,0.09375,0.2916666666666667,1.8648655004799366,3.351213534052173,-0.854470926647385,4.127676613007982,4.601093313035865,0.3366244356147945,3.5420140934487185,96,2,3
EEGNet,OpenBMI_SSVEP,3,60,RETRAINED_REPLICA_TRAJECTORY,7.911499557395776,0.125,0.5625,9.209363353749117,1.9349354850128293,2.860012819059193,-0.9418178255048891,7.911499507725239,0.7083333333333334,7.414699877301852,0.020833333333333332,0.5833333333333334,3.225548580288887,5.09249712092181,-2.1909399908035994,6.345028789093097,7.414699885994196,0.2802568675639729,4.107546587785085,96,1,30
EEGNet,OpenBMI_SSVEP,3,60,RETRAINED_REPLICA_TRAJECTORY,7.029612095095217,0.13541666666666666,0.5833333333333334,9.303643296162287,2.0957455607131124,3.160486927255988,-0.7852158200306197,7.029612119620045,0.5416666666666666,5.486900855476658,0.020833333333333332,0.4583333333333333,2.5308698394025364,3.9432236378391585,-1.3513927046830456,4.693125666429599,5.4869008200864,0.27897898367761326,3.337239471885065,96,2,30
EEGNet,OpenBMI_SSVEP,3,60,RETRAINED_REPLICA_TRAJECTORY,9.447813319663206,0.0,0.7395833333333334,10.048259501655897,3.0036244615912437,4.27180361871918,-1.6525535561765234,9.447813210388025,0.65625,3.9422443645695844,0.020833333333333332,0.22916666666666666,1.6801447581189375,2.991618967925509,-0.8058081286338469,3.60146547605594,3.9422443186243377,0.3007877693356325,3.5463353330269456,96,1,31
EEGNet,OpenBMI_SSVEP,3,60,RETRAINED_REPLICA_TRAJECTORY,9.8365991016229,0.0,0.7708333333333334,9.976256211598715,3.367151611795028,4.670279458165169,-1.7866175367186468,9.83659919599692,0.6145833333333334,4.3315368598947925,0.0625,0.19791666666666666,1.8381101486738771,3.1273156693205237,-1.0235336117135982,3.8963825330138206,4.331536869828899,0.2752359266160056,3.72870865277946,96,2,31
EEGNet,OpenBMI_SSVEP,3,60,RETRAINED_REPLICA_TRAJECTORY,7.642114872733752,0.020833333333333332,0.6041666666666666,9.543226942420006,2.0516491839662194,3.0577469567457833,-1.169660438473026,7.642114896948139,0.7708333333333334,6.698724349339803,0.010416666666666666,0.5,2.7482629523923,4.50162160769105,-1.75153745431453,5.843570409963529,6.698724241306384,0.2091393161487455,2.895018649287522,96,1,33
EEGNet,OpenBMI_SSVEP,3,60,RETRAINED_REPLICA_TRAJECTORY,7.164753834406535,0.03125,0.59375,9.581769769390425,2.160867806368818,3.205435173896452,-1.1646770102282364,7.164753771697481,0.7291666666666666,6.134673873583476,0.03125,0.46875,2.576789870237311,4.232306794573863,-1.403416861159106,5.384899998704593,6.134673823912938,0.20218445440211022,2.6918979502903917,96,2,33
EEGNet,OpenBMI_SSVEP,3,60,RETRAINED_REPLICA_TRAJECTORY,8.339758565028509,0.0,0.59375,9.607084716359774,2.2889521388957896,3.3696881321569285,-0.9046292356215417,8.339758654435476,0.6354166666666666,5.363373337623973,0.09375,0.375,2.4847982121476284,3.810649416098992,-1.4144334189283352,4.600753761827946,5.363373379843931,0.28758032713085413,3.772634087751309,96,1,38
EEGNet,OpenBMI_SSVEP,3,60,RETRAINED_REPLICA_TRAJECTORY,8.14630912989378,0.03125,0.6770833333333334,9.618148103356361,2.394415007904172,3.525612068052093,-1.29630621150136,8.146309077739716,0.6458333333333334,5.621246629705031,0.052083333333333336,0.3645833333333333,2.434044463249544,3.971703032962978,-1.3473391251948972,4.848150893424948,5.621246710419655,0.2694633055167894,3.4788233041763306,96,2,38
EEGNet,OpenBMI_SSVEP,3,60,RETRAINED_REPLICA_TRAJECTORY,7.694270320236683,0.0,0.6770833333333334,10.128621225555738,2.4822692944047353,3.6527800696591535,-1.196475708236297,7.694270274291436,0.7083333333333334,5.153462402522564,0.0625,0.4479166666666667,2.20151254038016,3.587911877160271,-1.0230613585251074,4.525374145557483,5.153462334225575,0.23102602440242967,2.9607602953910828,96,1,40
EEGNet,OpenBMI_SSVEP,3,60,RETRAINED_REPLICA_TRAJECTORY,8.332016967236996,0.0,0.7083333333333334,9.600682298342386,2.8500129574288926,4.05586622779568,-1.4085927695656817,8.332017108798027,0.65625,5.243815779065092,0.020833333333333332,0.3645833333333333,2.2426887502272925,3.646715495735407,-1.2552989053850372,4.622024695699413,5.2438158088674145,0.24334591726073995,3.21536758588627,96,2,40
EEGNet,OpenBMI_SSVEP,3,60,RETRAINED_REPLICA_TRAJECTORY,8.345721085866293,0.010416666666666666,0.6458333333333334,9.511451870203018,2.662837158267697,3.756404067079226,-1.0141136196131508,8.345721128086248,0.7291666666666666,6.0468555353581905,0.08333333333333333,0.4375,2.5033980176473656,4.219886288046837,-1.3747518695890903,5.388713866472244,6.046855556468169,0.2634068199743827,3.654612540577849,96,1,41
EEGNet,OpenBMI_SSVEP,3,60,RETRAINED_REPLICA_TRAJECTORY,7.03310951590538,0.020833333333333332,0.4479166666666667,8.843415141105652,2.335800425770382,3.2751799318939447,-0.7860073838382959,7.0331095444659395,0.6666666666666666,5.900651992298663,0.07291666666666667,0.4479166666666667,2.3860159452694156,4.054757721722126,-1.417128693157186,5.2440267993758125,5.900652023032308,0.26181112594592076,3.180705915826062,96,2,41
EEGNet,OpenBMI_SSVEP,3,60,RETRAINED_REPLICA_TRAJECTORY,9.32206267118454,0.0,0.65625,9.815070634086927,2.807427787532409,3.934623389194409,-1.438323254076143,9.32206261654695,0.78125,5.287439665136238,0.10416666666666667,0.2916666666666667,2.3424456203356385,3.738789822285374,-1.133453542056183,4.601640587051709,5.287439621053636,0.29984396665046614,4.236304629594088,96,1,44
EEGNet,OpenBMI_SSVEP,3,60,RETRAINED_REPLICA_TRAJECTORY,8.787849447379509,0.0,0.6145833333333334,9.435139308373133,2.6618810798972845,3.7519745603203773,-1.3695003365476925,8.787849416335424,0.71875,5.5850234149644775,0.13541666666666666,0.3333333333333333,2.4582113477711878,3.957185283303261,-1.3943021499241393,4.854575211803119,5.585023387645681,0.31689907362063724,4.259910785903533,96,2,44
EEGNet,OpenBMI_SSVEP,3,60,RETRAINED_REPLICA_TRAJECTORY,5.798630639910698,0.052083333333333336,0.8125,10.573982362945875,2.434743327399095,3.6825337347884974,-1.5111232710381348,5.798630615075429,0.75,3.530151462803284,0.041666666666666664,0.3333333333333333,1.5741204917430878,2.485394941021999,-0.41395551913107437,3.0879256085803113,3.5301514516274133,0.10442139861212733,0.9807309383371224,96,1,47
EEGNet,OpenBMI_SSVEP,3,60,RETRAINED_REPLICA_TRAJECTORY,7.520508229732513,0.010416666666666666,0.5520833333333334,9.626905252536138,2.1302340210725865,3.192325477177898,-0.7390779309595624,7.520508388678233,0.8020833333333334,6.459171858926614,0.020833333333333332,0.5208333333333334,2.818172587392231,4.488398656249046,-1.9146655096362035,5.547600178668897,6.459172011663516,0.20068050707535198,2.773956506202618,96,2,47
EEGNet,OpenBMI_SSVEP,3,60,RETRAINED_REPLICA_TRAJECTORY,7.9688334700961905,0.020833333333333332,0.5520833333333334,9.223033589621386,2.0547422664240003,2.974506394316753,-0.828016052643458,7.968833408008019,0.78125,6.562971067925294,0.010416666666666666,0.4791666666666667,2.769475018295149,4.523542368163665,-1.8471176369736593,5.764078338940938,6.562971046194434,0.27160870128621656,3.7634108290076256,96,1,48
EEGNet,OpenBMI_SSVEP,3,60,RETRAINED_REPLICA_TRAJECTORY,8.08084744711717,0.0,0.5520833333333334,9.433406124512354,2.0758586653197804,2.9716583223392568,-1.0039041105968256,8.08084745084246,0.78125,6.3016549323995905,0.07291666666666667,0.3958333333333333,2.667579439158241,4.400334667414427,-1.7233706613381703,5.492836398382981,6.301654892663161,0.29527313145808876,3.9408616858224073,96,2,48
EEGNet,OpenBMI_SSVEP,3,60,RETRAINED_REPLICA_TRAJECTORY,6.172460044423739,0.010416666666666666,0.7291666666666666,9.969833925366402,2.562447466266652,3.8200312399615846,-1.4264998870591323,6.172459986060858,0.53125,4.053706855823596,0.052083333333333336,0.40625,1.7350383033044636,2.933556425074736,-0.6897626188583672,3.6816742873440185,4.053706888730328,0.17324608693403812,1.7158301815701027,96,1,5
EEGNet,OpenBMI_SSVEP,3,60,RETRAINED_REPLICA_TRAJECTORY,7.354560628533363,0.020833333333333332,0.53125,9.445724159479141,2.344138671954473,3.46108969549338,-0.9481461700052023,7.354560737808545,0.59375,5.1975187590966625,0.08333333333333333,0.3958333333333333,2.235621347402533,3.759030510360996,-1.003224761846165,4.573541866615415,5.197518800074856,0.2855414911949386,3.3368721562437713,96,2,5
EEGNet,OpenBMI_SSVEP,3,60,RETRAINED_REPLICA_TRAJECTORY,8.45881891871492,0.0,0.625,9.671058530608812,2.2535449642067156,3.231001462166508,-0.8194577847607434,8.458819000671307,0.7708333333333334,6.022327701561153,0.010416666666666666,0.4791666666666667,2.6104413184026876,4.163773861092825,-1.7156951160480578,5.349703374629219,6.022327687280874,0.23388900875579566,3.2955255582928658,96,1,50
EEGNet,OpenBMI_SSVEP,3,60,RETRAINED_REPLICA_TRAJECTORY,7.240036775668462,0.041666666666666664,0.59375,9.69299985965093,2.084275755720834,3.0497686080634594,-0.6405160875680546,7.240036795536677,0.59375,5.57979207423826,0.052083333333333336,0.5,2.559315471133838,4.019798728947838,-1.5223731494819124,4.858470298970739,5.579792073772599,0.20918808799857894,2.552178685242931,96,2,50
EEGNet,OpenBMI_SSVEP,3,60,RETRAINED_REPLICA_TRAJECTORY,6.915053869287173,0.010416666666666666,0.5104166666666666,9.016286887228489,1.9039689412650962,2.9086254375676313,-0.9772534763130049,6.915053725242615,0.8229166666666666,6.290383057047923,0.020833333333333332,0.4375,2.6403527123232684,4.380971523622672,-1.3913674065843225,5.491533151517312,6.290383042767644,0.25605077381866675,3.1644132882356644,96,1,52
EEGNet,OpenBMI_SSVEP,3,60,RETRAINED_REPLICA_TRAJECTORY,6.9344769430657225,0.03125,0.5625,9.79716414709886,2.1967409380401173,3.3552175872027874,-0.6312458873726428,6.934476864834626,0.5729166666666666,5.127416326974829,0.041666666666666664,0.40625,2.293912840541452,3.6549096272016564,-0.9470582950549821,4.451232818886638,5.127416263644894,0.21110618230886757,2.411943212772409,96,2,52
EEGNet,OpenBMI_SSVEP,3,60,RETRAINED_REPLICA_TRAJECTORY,7.927596427500248,0.0,0.6041666666666666,9.495688632130623,2.300902801255385,3.352360395093759,-1.2426726908112566,7.92759654050072,0.6979166666666666,6.417725606511037,0.020833333333333332,0.4895833333333333,2.6439211514467993,4.342502786467473,-1.8800612571649253,5.606608022625248,6.417725649972756,0.23104301766337207,3.220187126969298,96,1,53
EEGNet,OpenBMI_SSVEP,3,60,RETRAINED_REPLICA_TRAJECTORY,8.003224348028501,0.0,0.5520833333333334,8.986980870366096,2.567378013705214,3.6051437382896743,-1.1714829296494524,8.00322442005078,0.8645833333333334,6.415882203727961,0.020833333333333332,0.4375,2.6719383833309016,4.593485101436575,-1.5771904783323407,5.670136148730914,6.415882320453723,0.2348069571889937,3.32320049777627,96,2,53
EEGNet,OpenBMI_SSVEP,3,60,RETRAINED_REPLICA_TRAJECTORY,8.050820333883166,0.0,0.5625,9.335159823298454,2.3175198316263654,3.367749959230423,-1.2941406363000472,8.050820241992673,0.8125,6.6089385611315565,0.03125,0.4791666666666667,2.8242220856870213,4.554716658468048,-1.6245622981029253,5.731177176659306,6.608938376108806,0.2705292704437549,3.7973936765144267,96,1,6
EEGNet,OpenBMI_SSVEP,3,60,RETRAINED_REPLICA_TRAJECTORY,7.45181717351079,0.0,0.6041666666666666,9.084527922173342,2.2050532599290213,3.2427543302377067,-1.0452317257101338,7.451817091554403,0.6041666666666666,6.709186368932326,0.07291666666666667,0.5625,2.896491115602354,4.683461230869095,-1.4016297062238057,5.815385136132439,6.7091862844924135,0.29657135977565,3.9474484715610743,96,2,6
EEGNet,OpenBMI_SSVEP,3,60,RETRAINED_REPLICA_TRAJECTORY,8.640041261911392,0.0,0.625,9.280098582307497,3.029956152662635,4.206699870526791,-1.2658814632644255,8.640041314065456,0.7916666666666666,6.165125781049331,0.052083333333333336,0.4791666666666667,2.5540679780145488,4.268960655356447,-1.6467954833060503,5.418387420475483,6.165125865178804,0.24736768026680997,3.5420055451492467,96,1,7
EEGNet,OpenBMI_SSVEP,3,60,RETRAINED_REPLICA_TRAJECTORY,7.222364239394665,0.0,0.6041666666666666,9.399731196463108,2.3113643415272236,3.401977060983578,-1.1997167409087222,7.222364246845245,0.7291666666666666,5.532162349671125,0.0,0.4375,2.361827340287467,4.0066098012030125,-1.229827613569796,4.8165530897676945,5.53216225343446,0.24028640574154755,2.7432018796292446,96,2,7
EEGNet,OpenBMI_SSVEP,3,60,RETRAINED_REPLICA_TRAJECTORY,7.531227607280016,0.0,0.65625,9.342752680182457,2.3442284863752625,3.390119925762216,-1.054997254628688,7.531227485587199,0.625,5.701666974773009,0.020833333333333332,0.34375,2.4049607987205186,3.9420121870934963,-1.3178473006313045,5.104929003864527,5.7016669896741705,0.26731127485012013,3.3056216103335223,96,1,9
EEGNet,OpenBMI_SSVEP,3,60,RETRAINED_REPLICA_TRAJECTORY,7.035987172275782,0.0,0.5729166666666666,9.41652316848437,2.1003406709060073,3.0755795910954475,-0.5973996771499515,7.035987085352342,0.6354166666666666,5.699213332186143,0.052083333333333336,0.4375,2.3718094900250435,3.923778568704923,-1.4152923024569948,5.060671062519153,5.699213436494271,0.2570006689056754,3.0224847743908563,96,2,9
