outer_fold,model_id,target,feature,coefficient,absolute_coefficient,OUTER_TEST_USED,action_family
0,M3_ACTION_MOVEMENT_LOGISTIC,rescue,action_abs_margin,0.7447604845481061,0.7447604845481061,False,
0,M3_ACTION_MOVEMENT_LOGISTIC,rescue,action_boundary_cross,1.5232432445429471,1.5232432445429471,False,
0,M3_ACTION_MOVEMENT_LOGISTIC,rescue,action_entropy,-0.03323132800006132,0.03323132800006132,False,
0,M3_ACTION_MOVEMENT_LOGISTIC,rescue,action_majority_strength,-0.12797012740353417,0.12797012740353417,False,
0,M3_ACTION_MOVEMENT_LOGISTIC,rescue,action_margin_movement,0.44470566919526044,0.44470566919526044,False,
0,M3_ACTION_MOVEMENT_LOGISTIC,rescue,action_margin_range,-0.3699027881924041,0.3699027881924041,False,
0,M3_ACTION_MOVEMENT_LOGISTIC,rescue,action_max_margin,-0.19656875323718484,0.19656875323718484,False,
0,M3_ACTION_MOVEMENT_LOGISTIC,rescue,action_min_margin,0.026747123425951747,0.026747123425951747,False,
0,M3_ACTION_MOVEMENT_LOGISTIC,rescue,action_probability_movement,0.0014615162068989257,0.0014615162068989257,False,
0,M3_ACTION_MOVEMENT_LOGISTIC,rescue,action_run_margin_std,0.717012547199356,0.717012547199356,False,
0,M3_ACTION_MOVEMENT_LOGISTIC,rescue,action_run_probability_std,-0.1120506738688232,0.1120506738688232,False,
0,M3_ACTION_MOVEMENT_LOGISTIC,rescue,action_vote_entropy,-0.014068065487242999,0.014068065487242999,False,
0,M3_ACTION_MOVEMENT_LOGISTIC,rescue,action_vote_fraction_class1,-0.05272058469424494,0.05272058469424494,False,
0,M3_ACTION_MOVEMENT_LOGISTIC,rescue,action_vs_b6_disagreement,1.5232432445429471,1.5232432445429471,False,
0,M3_ACTION_MOVEMENT_LOGISTIC,rescue,b6_margin,-0.7798462205658477,0.7798462205658477,False,
0,M3_ACTION_MOVEMENT_LOGISTIC,rescue,b6_probability,0.7496839505625901,0.7496839505625901,False,
0,M3_ACTION_MOVEMENT_LOGISTIC,rescue,base_abs_margin,-1.2813429910751677,1.2813429910751677,False,
0,M3_ACTION_MOVEMENT_LOGISTIC,rescue,base_disagreeing_run_count,0.057154807707118206,0.057154807707118206,False,
0,M3_ACTION_MOVEMENT_LOGISTIC,rescue,base_entropy,0.35343064986051226,0.35343064986051226,False,
0,M3_ACTION_MOVEMENT_LOGISTIC,rescue,base_majority_strength,0.13268143493129578,0.13268143493129578,False,
0,M3_ACTION_MOVEMENT_LOGISTIC,rescue,base_margin_range,-0.5151979468199448,0.5151979468199448,False,
0,M3_ACTION_MOVEMENT_LOGISTIC,rescue,base_max_margin,-0.5648671814130738,0.5648671814130738,False,
0,M3_ACTION_MOVEMENT_LOGISTIC,rescue,base_max_probability,1.2760186955323876,1.2760186955323876,False,
0,M3_ACTION_MOVEMENT_LOGISTIC,rescue,base_min_margin,-0.375972280724667,0.375972280724667,False,
0,M3_ACTION_MOVEMENT_LOGISTIC,rescue,base_min_probability,-0.0375718164840055,0.0375718164840055,False,
0,M3_ACTION_MOVEMENT_LOGISTIC,rescue,base_run_margin_std,0.2755825143190119,0.2755825143190119,False,
0,M3_ACTION_MOVEMENT_LOGISTIC,rescue,base_run_probability_std,-0.19223441635611455,0.19223441635611455,False,
0,M3_ACTION_MOVEMENT_LOGISTIC,rescue,base_vote_entropy,0.1260337312578248,0.1260337312578248,False,
0,M3_ACTION_MOVEMENT_LOGISTIC,rescue,base_vote_fraction_class1,-0.2655241524022569,0.2655241524022569,False,
0,M3_ACTION_MOVEMENT_LOGISTIC,rescue,is_amplify,0.002603282705302402,0.002603282705302402,False,
0,M3_ACTION_MOVEMENT_LOGISTIC,rescue,is_erase,-0.00942520646467575,0.00942520646467575,False,
0,M3_ACTION_MOVEMENT_LOGISTIC,rescue,is_geometry,0.0068219237560775,0.0068219237560775,False,
0,M3_ACTION_MOVEMENT_LOGISTIC,rescue,movement_run_max,0.45776065054328857,0.45776065054328857,False,
0,M3_ACTION_MOVEMENT_LOGISTIC,rescue,movement_run_min,-0.428473485542089,0.428473485542089,False,
0,M3_ACTION_MOVEMENT_LOGISTIC,rescue,movement_run_std,-0.4019566167635793,0.4019566167635793,False,
0,M3_ACTION_MOVEMENT_LOGISTIC,rescue,movement_sign_agreement,-0.11120908135718571,0.11120908135718571,False,
0,M3_ACTION_MOVEMENT_LOGISTIC,rescue,n_runs,-0.22369658811769896,0.22369658811769896,False,
0,M3_ACTION_MOVEMENT_LOGISTIC,rescue,protected_safe,0.009425206464598273,0.009425206464598273,False,
0,M3_ACTION_MOVEMENT_LOGISTIC,harm,action_abs_margin,-0.42634783884668037,0.42634783884668037,False,
0,M3_ACTION_MOVEMENT_LOGISTIC,harm,action_boundary_cross,1.9865715163410216,1.9865715163410216,False,
0,M3_ACTION_MOVEMENT_LOGISTIC,harm,action_entropy,0.08553172153677321,0.08553172153677321,False,
0,M3_ACTION_MOVEMENT_LOGISTIC,harm,action_majority_strength,0.054345571536577784,0.054345571536577784,False,
0,M3_ACTION_MOVEMENT_LOGISTIC,harm,action_margin_movement,-0.058912731660980974,0.058912731660980974,False,
0,M3_ACTION_MOVEMENT_LOGISTIC,harm,action_margin_range,0.19187645465597952,0.19187645465597952,False,
0,M3_ACTION_MOVEMENT_LOGISTIC,harm,action_max_margin,0.07214350896698356,0.07214350896698356,False,
0,M3_ACTION_MOVEMENT_LOGISTIC,harm,action_min_margin,-0.044668246274956795,0.044668246274956795,False,
0,M3_ACTION_MOVEMENT_LOGISTIC,harm,action_probability_movement,-0.19332818886019618,0.19332818886019618,False,
0,M3_ACTION_MOVEMENT_LOGISTIC,harm,action_run_margin_std,-0.6348121690105115,0.6348121690105115,False,
0,M3_ACTION_MOVEMENT_LOGISTIC,harm,action_run_probability_std,0.09718927109185647,0.09718927109185647,False,
0,M3_ACTION_MOVEMENT_LOGISTIC,harm,action_vote_entropy,0.03422267859540833,0.03422267859540833,False,
0,M3_ACTION_MOVEMENT_LOGISTIC,harm,action_vote_fraction_class1,0.08020834467756187,0.08020834467756187,False,
0,M3_ACTION_MOVEMENT_LOGISTIC,harm,action_vs_b6_disagreement,1.9865715163410216,1.9865715163410216,False,
0,M3_ACTION_MOVEMENT_LOGISTIC,harm,b6_margin,0.21404454791509606,0.21404454791509606,False,
0,M3_ACTION_MOVEMENT_LOGISTIC,harm,b6_probability,-0.4521549678089432,0.4521549678089432,False,
0,M3_ACTION_MOVEMENT_LOGISTIC,harm,base_abs_margin,0.38195680575944624,0.38195680575944624,False,
0,M3_ACTION_MOVEMENT_LOGISTIC,harm,base_disagreeing_run_count,0.011088706047389497,0.011088706047389497,False,
0,M3_ACTION_MOVEMENT_LOGISTIC,harm,base_entropy,-1.040854902987335,1.040854902987335,False,
0,M3_ACTION_MOVEMENT_LOGISTIC,harm,base_majority_strength,-0.01201927594623164,0.01201927594623164,False,
0,M3_ACTION_MOVEMENT_LOGISTIC,harm,base_margin_range,0.24276537211180352,0.24276537211180352,False,
0,M3_ACTION_MOVEMENT_LOGISTIC,harm,base_max_margin,0.16596525951433833,0.16596525951433833,False,
0,M3_ACTION_MOVEMENT_LOGISTIC,harm,base_max_probability,-0.19510707135719835,0.19510707135719835,False,
0,M3_ACTION_MOVEMENT_LOGISTIC,harm,base_min_margin,0.0756217558511571,0.0756217558511571,False,
0,M3_ACTION_MOVEMENT_LOGISTIC,harm,base_min_probability,-0.3244339659559295,0.3244339659559295,False,
0,M3_ACTION_MOVEMENT_LOGISTIC,harm,base_run_margin_std,-0.2514204750726754,0.2514204750726754,False,
0,M3_ACTION_MOVEMENT_LOGISTIC,harm,base_run_probability_std,0.07960222334095327,0.07960222334095327,False,
0,M3_ACTION_MOVEMENT_LOGISTIC,harm,base_vote_entropy,-0.10168642009740028,0.10168642009740028,False,
0,M3_ACTION_MOVEMENT_LOGISTIC,harm,base_vote_fraction_class1,0.16474366715946218,0.16474366715946218,False,
0,M3_ACTION_MOVEMENT_LOGISTIC,harm,is_amplify,0.022656375184183977,0.022656375184183977,False,
0,M3_ACTION_MOVEMENT_LOGISTIC,harm,is_erase,-0.008995043453085244,0.008995043453085244,False,
0,M3_ACTION_MOVEMENT_LOGISTIC,harm,is_geometry,-0.013661331729861592,0.013661331729861592,False,
0,M3_ACTION_MOVEMENT_LOGISTIC,harm,movement_run_max,-0.22891333703466007,0.22891333703466007,False,
0,M3_ACTION_MOVEMENT_LOGISTIC,harm,movement_run_min,0.2718459187287963,0.2718459187287963,False,
0,M3_ACTION_MOVEMENT_LOGISTIC,harm,movement_run_std,0.3358628103948145,0.3358628103948145,False,
0,M3_ACTION_MOVEMENT_LOGISTIC,harm,movement_sign_agreement,0.10348114086838862,0.10348114086838862,False,
0,M3_ACTION_MOVEMENT_LOGISTIC,harm,n_runs,0.11626132601843314,0.11626132601843314,False,
0,M3_ACTION_MOVEMENT_LOGISTIC,harm,protected_safe,0.008995043453046195,0.008995043453046195,False,
0,M4_FULL_LEGAL_LOGISTIC,rescue,action_abs_margin,0.12584429766328223,0.12584429766328223,False,
0,M4_FULL_LEGAL_LOGISTIC,rescue,action_boundary_cross,0.8825577768135421,0.8825577768135421,False,
0,M4_FULL_LEGAL_LOGISTIC,rescue,action_entropy,-0.21164029715774868,0.21164029715774868,False,
0,M4_FULL_LEGAL_LOGISTIC,rescue,action_majority_strength,-0.04199914661858839,0.04199914661858839,False,
0,M4_FULL_LEGAL_LOGISTIC,rescue,action_margin_movement,0.03214183470057124,0.03214183470057124,False,
0,M4_FULL_LEGAL_LOGISTIC,rescue,action_margin_range,0.03297220987997827,0.03297220987997827,False,
0,M4_FULL_LEGAL_LOGISTIC,rescue,action_max_margin,0.007246536273163543,0.007246536273163543,False,
0,M4_FULL_LEGAL_LOGISTIC,rescue,action_min_margin,-0.01299455894432096,0.01299455894432096,False,
0,M4_FULL_LEGAL_LOGISTIC,rescue,action_probability_movement,0.019230056921054877,0.019230056921054877,False,
0,M4_FULL_LEGAL_LOGISTIC,rescue,action_run_margin_std,0.07463501340548981,0.07463501340548981,False,
0,M4_FULL_LEGAL_LOGISTIC,rescue,action_run_probability_std,-0.01542808049632072,0.01542808049632072,False,
0,M4_FULL_LEGAL_LOGISTIC,rescue,action_vote_entropy,-0.024111904901699784,0.024111904901699784,False,
0,M4_FULL_LEGAL_LOGISTIC,rescue,action_vote_fraction_class1,-0.02907790378152151,0.02907790378152151,False,
0,M4_FULL_LEGAL_LOGISTIC,rescue,action_vs_b6_disagreement,0.8825577768135421,0.8825577768135421,False,
0,M4_FULL_LEGAL_LOGISTIC,rescue,b6_margin,-0.02864470023077392,0.02864470023077392,False,
0,M4_FULL_LEGAL_LOGISTIC,rescue,b6_probability,0.03308780627771105,0.03308780627771105,False,
0,M4_FULL_LEGAL_LOGISTIC,rescue,base_abs_margin,-0.07536470360458555,0.07536470360458555,False,
0,M4_FULL_LEGAL_LOGISTIC,rescue,base_disagreeing_run_count,0.002630635927793021,0.002630635927793021,False,
0,M4_FULL_LEGAL_LOGISTIC,rescue,base_entropy,0.03875396442092566,0.03875396442092566,False,
0,M4_FULL_LEGAL_LOGISTIC,rescue,base_majority_strength,-0.035847565414841624,0.035847565414841624,False,
0,M4_FULL_LEGAL_LOGISTIC,rescue,base_margin_range,0.05326680152298054,0.05326680152298054,False,
0,M4_FULL_LEGAL_LOGISTIC,rescue,base_max_margin,-0.0001356885580610411,0.0001356885580610411,False,
0,M4_FULL_LEGAL_LOGISTIC,rescue,base_max_probability,0.05402743956002451,0.05402743956002451,False,
0,M4_FULL_LEGAL_LOGISTIC,rescue,base_min_margin,-0.020445432964666683,0.020445432964666683,False,
0,M4_FULL_LEGAL_LOGISTIC,rescue,base_min_probability,0.025952253432688997,0.025952253432688997,False,
0,M4_FULL_LEGAL_LOGISTIC,rescue,base_run_margin_std,0.08822965018287406,0.08822965018287406,False,
0,M4_FULL_LEGAL_LOGISTIC,rescue,base_run_probability_std,0.12161436392191542,0.12161436392191542,False,
0,M4_FULL_LEGAL_LOGISTIC,rescue,base_vote_entropy,-0.0239342573941767,0.0239342573941767,False,
0,M4_FULL_LEGAL_LOGISTIC,rescue,base_vote_fraction_class1,-0.05860680080755656,0.05860680080755656,False,
0,M4_FULL_LEGAL_LOGISTIC,rescue,is_amplify,-0.04119470739215605,0.04119470739215605,False,
0,M4_FULL_LEGAL_LOGISTIC,rescue,is_erase,0.009860489652333073,0.009860489652333073,False,
0,M4_FULL_LEGAL_LOGISTIC,rescue,is_geometry,0.031334217739805284,0.031334217739805284,False,
0,M4_FULL_LEGAL_LOGISTIC,rescue,movement_run_max,0.02796967635113541,0.02796967635113541,False,
0,M4_FULL_LEGAL_LOGISTIC,rescue,movement_run_min,0.030872892434567006,0.030872892434567006,False,
0,M4_FULL_LEGAL_LOGISTIC,rescue,movement_run_std,-0.030573145287050813,0.030573145287050813,False,
0,M4_FULL_LEGAL_LOGISTIC,rescue,movement_sign_agreement,-0.048849164349020174,0.048849164349020174,False,
0,M4_FULL_LEGAL_LOGISTIC,rescue,n_runs,-0.052679394256157995,0.052679394256157995,False,
0,M4_FULL_LEGAL_LOGISTIC,rescue,persist_mean_original_agreement_base_geo,-0.0021790085513732913,0.0021790085513732913,False,
0,M4_FULL_LEGAL_LOGISTIC,rescue,persist_mean_original_agreement_full_erase,0.07047633116280444,0.07047633116280444,False,
0,M4_FULL_LEGAL_LOGISTIC,rescue,persist_mean_original_confidence_diff_base_geo,-0.13767567324364183,0.13767567324364183,False,
0,M4_FULL_LEGAL_LOGISTIC,rescue,persist_mean_original_delta_p_l2,0.03586312697161378,0.03586312697161378,False,
0,M4_FULL_LEGAL_LOGISTIC,rescue,persist_mean_original_entropy_change_full_erase,0.016085996343842626,0.016085996343842626,False,
0,M4_FULL_LEGAL_LOGISTIC,rescue,persist_mean_original_entropy_full,-0.0024720604285963996,0.0024720604285963996,False,
0,M4_FULL_LEGAL_LOGISTIC,rescue,persist_mean_original_entropy_geo,0.06374576105851713,0.06374576105851713,False,
0,M4_FULL_LEGAL_LOGISTIC,rescue,persist_mean_original_js_base_geo,-0.10070824508148415,0.10070824508148415,False,
0,M4_FULL_LEGAL_LOGISTIC,rescue,persist_mean_original_js_full_erase,-0.1642890026108994,0.1642890026108994,False,
0,M4_FULL_LEGAL_LOGISTIC,rescue,persist_mean_original_kl_full_erase,-0.04306031321579724,0.04306031321579724,False,
0,M4_FULL_LEGAL_LOGISTIC,rescue,persist_mean_original_logit_norm_full,-0.07946201636798911,0.07946201636798911,False,
0,M4_FULL_LEGAL_LOGISTIC,rescue,persist_mean_original_margin_change_full_erase,-0.1476534961989701,0.1476534961989701,False,
0,M4_FULL_LEGAL_LOGISTIC,rescue,persist_mean_original_margin_geo,0.0218056506001951,0.0218056506001951,False,
0,M4_FULL_LEGAL_LOGISTIC,rescue,persist_mean_original_nll_proxy_full,0.09038073416368075,0.09038073416368075,False,
0,M4_FULL_LEGAL_LOGISTIC,rescue,persist_mean_original_p_full_max,-0.0685673979524987,0.0685673979524987,False,
0,M4_FULL_LEGAL_LOGISTIC,rescue,persist_mean_original_probability_shift_l1,0.005877660672789176,0.005877660672789176,False,
0,M4_FULL_LEGAL_LOGISTIC,rescue,persist_mean_original_protected_slot0_contribution_norm,-0.040033388411281144,0.040033388411281144,False,
0,M4_FULL_LEGAL_LOGISTIC,rescue,persist_mean_original_protected_slot0_geometry_margin,0.016284981619465417,0.016284981619465417,False,
0,M4_FULL_LEGAL_LOGISTIC,rescue,persist_mean_original_protected_slot0_present,0.0,0.0,False,
0,M4_FULL_LEGAL_LOGISTIC,rescue,persist_mean_original_protected_slot0_projection,0.04302474734458861,0.04302474734458861,False,
0,M4_FULL_LEGAL_LOGISTIC,rescue,persist_mean_original_protected_slot0_prototype_distance_difference,-0.05480269428030712,0.05480269428030712,False,
0,M4_FULL_LEGAL_LOGISTIC,rescue,persist_mean_original_protected_slot0_signed_midpoint_distance,0.0200776706244855,0.0200776706244855,False,
0,M4_FULL_LEGAL_LOGISTIC,rescue,persist_mean_original_protected_slot0_weighted_geometry_score,-0.0679490276844372,0.0679490276844372,False,
0,M4_FULL_LEGAL_LOGISTIC,rescue,persist_mean_original_protected_slot1_contribution_norm,0.016839424454650993,0.016839424454650993,False,
0,M4_FULL_LEGAL_LOGISTIC,rescue,persist_mean_original_protected_slot1_geometry_margin,0.04684545526621847,0.04684545526621847,False,
0,M4_FULL_LEGAL_LOGISTIC,rescue,persist_mean_original_protected_slot1_present,-0.0865387973019577,0.0865387973019577,False,
0,M4_FULL_LEGAL_LOGISTIC,rescue,persist_mean_original_protected_slot1_projection,-0.03706023616152556,0.03706023616152556,False,
0,M4_FULL_LEGAL_LOGISTIC,rescue,persist_mean_original_protected_slot1_prototype_distance_difference,-0.019175520449217182,0.019175520449217182,False,
0,M4_FULL_LEGAL_LOGISTIC,rescue,persist_mean_original_protected_slot1_signed_midpoint_distance,-0.01134024077735902,0.01134024077735902,False,
0,M4_FULL_LEGAL_LOGISTIC,rescue,persist_mean_original_protected_slot1_weighted_geometry_score,0.15257673176826203,0.15257673176826203,False,
0,M4_FULL_LEGAL_LOGISTIC,rescue,persist_mean_original_top2_margin_full,-0.06856741742741396,0.06856741742741396,False,
0,M4_FULL_LEGAL_LOGISTIC,rescue,persist_std_original_agreement_base_geo,0.027376612310216555,0.027376612310216555,False,
0,M4_FULL_LEGAL_LOGISTIC,rescue,persist_std_original_agreement_full_erase,-0.07958535411271662,0.07958535411271662,False,
0,M4_FULL_LEGAL_LOGISTIC,rescue,persist_std_original_confidence_diff_base_geo,0.07066026265692116,0.07066026265692116,False,
0,M4_FULL_LEGAL_LOGISTIC,rescue,persist_std_original_delta_p_l2,0.02733970226530893,0.02733970226530893,False,
0,M4_FULL_LEGAL_LOGISTIC,rescue,persist_std_original_entropy_change_full_erase,-0.035380122310247175,0.035380122310247175,False,
0,M4_FULL_LEGAL_LOGISTIC,rescue,persist_std_original_entropy_full,-0.14603961641533758,0.14603961641533758,False,
0,M4_FULL_LEGAL_LOGISTIC,rescue,persist_std_original_entropy_geo,0.09975053512131461,0.09975053512131461,False,
0,M4_FULL_LEGAL_LOGISTIC,rescue,persist_std_original_js_base_geo,-0.0030711704827978683,0.0030711704827978683,False,
0,M4_FULL_LEGAL_LOGISTIC,rescue,persist_std_original_js_full_erase,-0.09563123282216368,0.09563123282216368,False,
0,M4_FULL_LEGAL_LOGISTIC,rescue,persist_std_original_kl_full_erase,0.0012005370510274724,0.0012005370510274724,False,
0,M4_FULL_LEGAL_LOGISTIC,rescue,persist_std_original_logit_norm_full,-0.06372760893768468,0.06372760893768468,False,
0,M4_FULL_LEGAL_LOGISTIC,rescue,persist_std_original_margin_change_full_erase,-0.0027398698473371608,0.0027398698473371608,False,
0,M4_FULL_LEGAL_LOGISTIC,rescue,persist_std_original_margin_geo,-0.033219013557357936,0.033219013557357936,False,
0,M4_FULL_LEGAL_LOGISTIC,rescue,persist_std_original_nll_proxy_full,-0.030297540795636044,0.030297540795636044,False,
0,M4_FULL_LEGAL_LOGISTIC,rescue,persist_std_original_p_full_max,-0.07535455870938405,0.07535455870938405,False,
0,M4_FULL_LEGAL_LOGISTIC,rescue,persist_std_original_probability_shift_l1,0.02006625913065666,0.02006625913065666,False,
0,M4_FULL_LEGAL_LOGISTIC,rescue,persist_std_original_protected_slot0_contribution_norm,-0.07009482866481913,0.07009482866481913,False,
0,M4_FULL_LEGAL_LOGISTIC,rescue,persist_std_original_protected_slot0_geometry_margin,-0.020127257814731042,0.020127257814731042,False,
0,M4_FULL_LEGAL_LOGISTIC,rescue,persist_std_original_protected_slot0_present,0.0,0.0,False,
0,M4_FULL_LEGAL_LOGISTIC,rescue,persist_std_original_protected_slot0_projection,-0.011685355716463182,0.011685355716463182,False,
0,M4_FULL_LEGAL_LOGISTIC,rescue,persist_std_original_protected_slot0_prototype_distance_difference,-0.009153319206719492,0.009153319206719492,False,
0,M4_FULL_LEGAL_LOGISTIC,rescue,persist_std_original_protected_slot0_signed_midpoint_distance,0.11959616542493551,0.11959616542493551,False,
0,M4_FULL_LEGAL_LOGISTIC,rescue,persist_std_original_protected_slot0_weighted_geometry_score,0.004371185363134828,0.004371185363134828,False,
0,M4_FULL_LEGAL_LOGISTIC,rescue,persist_std_original_protected_slot1_contribution_norm,0.0035320729675420003,0.0035320729675420003,False,
0,M4_FULL_LEGAL_LOGISTIC,rescue,persist_std_original_protected_slot1_geometry_margin,-0.03652324400327852,0.03652324400327852,False,
0,M4_FULL_LEGAL_LOGISTIC,rescue,persist_std_original_protected_slot1_present,-0.05746428292675274,0.05746428292675274,False,
0,M4_FULL_LEGAL_LOGISTIC,rescue,persist_std_original_protected_slot1_projection,0.015268476632010822,0.015268476632010822,False,
0,M4_FULL_LEGAL_LOGISTIC,rescue,persist_std_original_protected_slot1_prototype_distance_difference,0.00810873028100403,0.00810873028100403,False,
0,M4_FULL_LEGAL_LOGISTIC,rescue,persist_std_original_protected_slot1_signed_midpoint_distance,0.06041492639447071,0.06041492639447071,False,
0,M4_FULL_LEGAL_LOGISTIC,rescue,persist_std_original_protected_slot1_weighted_geometry_score,-0.02235468424702714,0.02235468424702714,False,
0,M4_FULL_LEGAL_LOGISTIC,rescue,persist_std_original_top2_margin_full,-0.07535450050405666,0.07535450050405666,False,
0,M4_FULL_LEGAL_LOGISTIC,rescue,protected_safe,-0.009860489652332667,0.009860489652332667,False,
0,M4_FULL_LEGAL_LOGISTIC,harm,action_abs_margin,-0.06546827420849266,0.06546827420849266,False,
0,M4_FULL_LEGAL_LOGISTIC,harm,action_boundary_cross,1.0889962580325268,1.0889962580325268,False,
0,M4_FULL_LEGAL_LOGISTIC,harm,action_entropy,0.13405123887483336,0.13405123887483336,False,
0,M4_FULL_LEGAL_LOGISTIC,harm,action_majority_strength,-0.03176192003233445,0.03176192003233445,False,
0,M4_FULL_LEGAL_LOGISTIC,harm,action_margin_movement,-0.0034612880679865095,0.0034612880679865095,False,
0,M4_FULL_LEGAL_LOGISTIC,harm,action_margin_range,-0.03659790113919491,0.03659790113919491,False,
0,M4_FULL_LEGAL_LOGISTIC,harm,action_max_margin,-0.01778750250683252,0.01778750250683252,False,
0,M4_FULL_LEGAL_LOGISTIC,harm,action_min_margin,0.004361394630889417,0.004361394630889417,False,
0,M4_FULL_LEGAL_LOGISTIC,harm,action_probability_movement,-0.04479496454085889,0.04479496454085889,False,
0,M4_FULL_LEGAL_LOGISTIC,harm,action_run_margin_std,-0.06345107753239618,0.06345107753239618,False,
0,M4_FULL_LEGAL_LOGISTIC,harm,action_run_probability_std,-0.042840316718024025,0.042840316718024025,False,
0,M4_FULL_LEGAL_LOGISTIC,harm,action_vote_entropy,0.03773374680482497,0.03773374680482497,False,
0,M4_FULL_LEGAL_LOGISTIC,harm,action_vote_fraction_class1,0.021341039708250565,0.021341039708250565,False,
0,M4_FULL_LEGAL_LOGISTIC,harm,action_vs_b6_disagreement,1.0889962580325268,1.0889962580325268,False,
0,M4_FULL_LEGAL_LOGISTIC,harm,b6_margin,-0.004399462940673202,0.004399462940673202,False,
0,M4_FULL_LEGAL_LOGISTIC,harm,b6_probability,-0.024917173078725527,0.024917173078725527,False,
0,M4_FULL_LEGAL_LOGISTIC,harm,base_abs_margin,0.03027264824570755,0.03027264824570755,False,
0,M4_FULL_LEGAL_LOGISTIC,harm,base_disagreeing_run_count,0.05252637962042633,0.05252637962042633,False,
0,M4_FULL_LEGAL_LOGISTIC,harm,base_entropy,0.024984480794458957,0.024984480794458957,False,
0,M4_FULL_LEGAL_LOGISTIC,harm,base_majority_strength,0.06077890374631393,0.06077890374631393,False,
0,M4_FULL_LEGAL_LOGISTIC,harm,base_margin_range,-0.03935860774693573,0.03935860774693573,False,
0,M4_FULL_LEGAL_LOGISTIC,harm,base_max_margin,-0.019807867816375356,0.019807867816375356,False,
0,M4_FULL_LEGAL_LOGISTIC,harm,base_max_probability,-0.027920634853104916,0.027920634853104916,False,
0,M4_FULL_LEGAL_LOGISTIC,harm,base_min_margin,-0.005066261838495113,0.005066261838495113,False,
0,M4_FULL_LEGAL_LOGISTIC,harm,base_min_probability,-0.031148665989446194,0.031148665989446194,False,
0,M4_FULL_LEGAL_LOGISTIC,harm,base_run_margin_std,-0.06317771244583231,0.06317771244583231,False,
0,M4_FULL_LEGAL_LOGISTIC,harm,base_run_probability_std,-0.03860624999197674,0.03860624999197674,False,
0,M4_FULL_LEGAL_LOGISTIC,harm,base_vote_entropy,-0.001897005038988559,0.001897005038988559,False,
0,M4_FULL_LEGAL_LOGISTIC,harm,base_vote_fraction_class1,0.0514696819787106,0.0514696819787106,False,
0,M4_FULL_LEGAL_LOGISTIC,harm,is_amplify,0.003677131996612971,0.003677131996612971,False,
0,M4_FULL_LEGAL_LOGISTIC,harm,is_erase,0.013940445968274675,0.013940445968274675,False,
0,M4_FULL_LEGAL_LOGISTIC,harm,is_geometry,-0.01761757796489446,0.01761757796489446,False,
0,M4_FULL_LEGAL_LOGISTIC,harm,movement_run_max,-0.002408925987564465,0.002408925987564465,False,
0,M4_FULL_LEGAL_LOGISTIC,harm,movement_run_min,-0.004293390097712053,0.004293390097712053,False,
0,M4_FULL_LEGAL_LOGISTIC,harm,movement_run_std,0.027619798103124614,0.027619798103124614,False,
0,M4_FULL_LEGAL_LOGISTIC,harm,movement_sign_agreement,0.08764883222302608,0.08764883222302608,False,
0,M4_FULL_LEGAL_LOGISTIC,harm,n_runs,0.01765207105877293,0.01765207105877293,False,
0,M4_FULL_LEGAL_LOGISTIC,harm,persist_mean_original_agreement_base_geo,-0.020774112538189976,0.020774112538189976,False,
0,M4_FULL_LEGAL_LOGISTIC,harm,persist_mean_original_agreement_full_erase,-0.08350347894012049,0.08350347894012049,False,
0,M4_FULL_LEGAL_LOGISTIC,harm,persist_mean_original_confidence_diff_base_geo,0.0783547600053964,0.0783547600053964,False,
0,M4_FULL_LEGAL_LOGISTIC,harm,persist_mean_original_delta_p_l2,-0.018451423907858002,0.018451423907858002,False,
0,M4_FULL_LEGAL_LOGISTIC,harm,persist_mean_original_entropy_change_full_erase,0.013515256707674235,0.013515256707674235,False,
0,M4_FULL_LEGAL_LOGISTIC,harm,persist_mean_original_entropy_full,0.030078302180042458,0.030078302180042458,False,
0,M4_FULL_LEGAL_LOGISTIC,harm,persist_mean_original_entropy_geo,-0.05388527222967169,0.05388527222967169,False,
0,M4_FULL_LEGAL_LOGISTIC,harm,persist_mean_original_js_base_geo,0.07220783487740479,0.07220783487740479,False,
0,M4_FULL_LEGAL_LOGISTIC,harm,persist_mean_original_js_full_erase,0.08126712528637407,0.08126712528637407,False,
0,M4_FULL_LEGAL_LOGISTIC,harm,persist_mean_original_kl_full_erase,0.05327471278227379,0.05327471278227379,False,
0,M4_FULL_LEGAL_LOGISTIC,harm,persist_mean_original_logit_norm_full,0.024831089141087743,0.024831089141087743,False,
0,M4_FULL_LEGAL_LOGISTIC,harm,persist_mean_original_margin_change_full_erase,0.09520323250881792,0.09520323250881792,False,
0,M4_FULL_LEGAL_LOGISTIC,harm,persist_mean_original_margin_geo,-0.014619360967153106,0.014619360967153106,False,
0,M4_FULL_LEGAL_LOGISTIC,harm,persist_mean_original_nll_proxy_full,-0.06047188628247955,0.06047188628247955,False,
0,M4_FULL_LEGAL_LOGISTIC,harm,persist_mean_original_p_full_max,0.037173001046914775,0.037173001046914775,False,
0,M4_FULL_LEGAL_LOGISTIC,harm,persist_mean_original_probability_shift_l1,0.0035684212212465025,0.0035684212212465025,False,
0,M4_FULL_LEGAL_LOGISTIC,harm,persist_mean_original_protected_slot0_contribution_norm,0.003971214521805591,0.003971214521805591,False,
0,M4_FULL_LEGAL_LOGISTIC,harm,persist_mean_original_protected_slot0_geometry_margin,0.0011998690533292881,0.0011998690533292881,False,
0,M4_FULL_LEGAL_LOGISTIC,harm,persist_mean_original_protected_slot0_present,0.0,0.0,False,
0,M4_FULL_LEGAL_LOGISTIC,harm,persist_mean_original_protected_slot0_projection,-0.00239860439976017,0.00239860439976017,False,
0,M4_FULL_LEGAL_LOGISTIC,harm,persist_mean_original_protected_slot0_prototype_distance_difference,0.022666428271678637,0.022666428271678637,False,
0,M4_FULL_LEGAL_LOGISTIC,harm,persist_mean_original_protected_slot0_signed_midpoint_distance,0.006921922661600728,0.006921922661600728,False,
0,M4_FULL_LEGAL_LOGISTIC,harm,persist_mean_original_protected_slot0_weighted_geometry_score,0.020846663478105293,0.020846663478105293,False,
0,M4_FULL_LEGAL_LOGISTIC,harm,persist_mean_original_protected_slot1_contribution_norm,-0.006434377154611762,0.006434377154611762,False,
0,M4_FULL_LEGAL_LOGISTIC,harm,persist_mean_original_protected_slot1_geometry_margin,-0.028452534600095645,0.028452534600095645,False,
0,M4_FULL_LEGAL_LOGISTIC,harm,persist_mean_original_protected_slot1_present,0.041964401315379596,0.041964401315379596,False,
0,M4_FULL_LEGAL_LOGISTIC,harm,persist_mean_original_protected_slot1_projection,0.006621380946335534,0.006621380946335534,False,
0,M4_FULL_LEGAL_LOGISTIC,harm,persist_mean_original_protected_slot1_prototype_distance_difference,0.005781672947251628,0.005781672947251628,False,
0,M4_FULL_LEGAL_LOGISTIC,harm,persist_mean_original_protected_slot1_signed_midpoint_distance,-0.0030172072895245285,0.0030172072895245285,False,
0,M4_FULL_LEGAL_LOGISTIC,harm,persist_mean_original_protected_slot1_weighted_geometry_score,-0.048321752219001396,0.048321752219001396,False,
0,M4_FULL_LEGAL_LOGISTIC,harm,persist_mean_original_top2_margin_full,0.03717301170997612,0.03717301170997612,False,
0,M4_FULL_LEGAL_LOGISTIC,harm,persist_std_original_agreement_base_geo,-0.017934599647963293,0.017934599647963293,False,
0,M4_FULL_LEGAL_LOGISTIC,harm,persist_std_original_agreement_full_erase,0.05493414347111031,0.05493414347111031,False,
0,M4_FULL_LEGAL_LOGISTIC,harm,persist_std_original_confidence_diff_base_geo,-0.05362632225643665,0.05362632225643665,False,
0,M4_FULL_LEGAL_LOGISTIC,harm,persist_std_original_delta_p_l2,-0.002260841412188483,0.002260841412188483,False,
0,M4_FULL_LEGAL_LOGISTIC,harm,persist_std_original_entropy_change_full_erase,0.010541620037628823,0.010541620037628823,False,
0,M4_FULL_LEGAL_LOGISTIC,harm,persist_std_original_entropy_full,0.03850514513529553,0.03850514513529553,False,
0,M4_FULL_LEGAL_LOGISTIC,harm,persist_std_original_entropy_geo,-0.025320824793553028,0.025320824793553028,False,
0,M4_FULL_LEGAL_LOGISTIC,harm,persist_std_original_js_base_geo,0.015105665962944133,0.015105665962944133,False,
0,M4_FULL_LEGAL_LOGISTIC,harm,persist_std_original_js_full_erase,0.03198543784668304,0.03198543784668304,False,
0,M4_FULL_LEGAL_LOGISTIC,harm,persist_std_original_kl_full_erase,0.02875511594033522,0.02875511594033522,False,
0,M4_FULL_LEGAL_LOGISTIC,harm,persist_std_original_logit_norm_full,0.06528218915774978,0.06528218915774978,False,
0,M4_FULL_LEGAL_LOGISTIC,harm,persist_std_original_margin_change_full_erase,0.022359174646448148,0.022359174646448148,False,
0,M4_FULL_LEGAL_LOGISTIC,harm,persist_std_original_margin_geo,-0.0026304986367928847,0.0026304986367928847,False,
0,M4_FULL_LEGAL_LOGISTIC,harm,persist_std_original_nll_proxy_full,0.052073304133539736,0.052073304133539736,False,
0,M4_FULL_LEGAL_LOGISTIC,harm,persist_std_original_p_full_max,0.06381924696001139,0.06381924696001139,False,
0,M4_FULL_LEGAL_LOGISTIC,harm,persist_std_original_probability_shift_l1,-0.015566755004833037,0.015566755004833037,False,
0,M4_FULL_LEGAL_LOGISTIC,harm,persist_std_original_protected_slot0_contribution_norm,0.03351934931592781,0.03351934931592781,False,
0,M4_FULL_LEGAL_LOGISTIC,harm,persist_std_original_protected_slot0_geometry_margin,0.007287452169813444,0.007287452169813444,False,
0,M4_FULL_LEGAL_LOGISTIC,harm,persist_std_original_protected_slot0_present,0.0,0.0,False,
0,M4_FULL_LEGAL_LOGISTIC,harm,persist_std_original_protected_slot0_projection,-0.0485537697894776,0.0485537697894776,False,
0,M4_FULL_LEGAL_LOGISTIC,harm,persist_std_original_protected_slot0_prototype_distance_difference,0.0008393325317254315,0.0008393325317254315,False,
0,M4_FULL_LEGAL_LOGISTIC,harm,persist_std_original_protected_slot0_signed_midpoint_distance,-0.06129488018477195,0.06129488018477195,False,
0,M4_FULL_LEGAL_LOGISTIC,harm,persist_std_original_protected_slot0_weighted_geometry_score,0.021617252312865574,0.021617252312865574,False,
0,M4_FULL_LEGAL_LOGISTIC,harm,persist_std_original_protected_slot1_contribution_norm,0.006869206722844159,0.006869206722844159,False,
0,M4_FULL_LEGAL_LOGISTIC,harm,persist_std_original_protected_slot1_geometry_margin,0.02290691730421047,0.02290691730421047,False,
0,M4_FULL_LEGAL_LOGISTIC,harm,persist_std_original_protected_slot1_present,0.019308607625021307,0.019308607625021307,False,
0,M4_FULL_LEGAL_LOGISTIC,harm,persist_std_original_protected_slot1_projection,-0.01158756210191923,0.01158756210191923,False,
0,M4_FULL_LEGAL_LOGISTIC,harm,persist_std_original_protected_slot1_prototype_distance_difference,-0.03850213866197404,0.03850213866197404,False,
0,M4_FULL_LEGAL_LOGISTIC,harm,persist_std_original_protected_slot1_signed_midpoint_distance,-0.03543597236179716,0.03543597236179716,False,
0,M4_FULL_LEGAL_LOGISTIC,harm,persist_std_original_protected_slot1_weighted_geometry_score,0.0184010979395849,0.0184010979395849,False,
0,M4_FULL_LEGAL_LOGISTIC,harm,persist_std_original_top2_margin_full,0.06381922303689788,0.06381922303689788,False,
0,M4_FULL_LEGAL_LOGISTIC,harm,protected_safe,-0.013940445968275081,0.013940445968275081,False,
0,I006_CONDITIONAL_ACTION_LOGISTIC,conditional_rescue,action_abs_margin,-0.017277383669838428,0.017277383669838428,False,AMPLIFY
0,I006_CONDITIONAL_ACTION_LOGISTIC,conditional_rescue,action_entropy,0.01131829439932261,0.01131829439932261,False,AMPLIFY
0,I006_CONDITIONAL_ACTION_LOGISTIC,conditional_rescue,action_majority_strength,-0.041476456926708406,0.041476456926708406,False,AMPLIFY
0,I006_CONDITIONAL_ACTION_LOGISTIC,conditional_rescue,action_margin_movement,0.024836173866261413,0.024836173866261413,False,AMPLIFY
0,I006_CONDITIONAL_ACTION_LOGISTIC,conditional_rescue,action_margin_range,-0.0018572861993407374,0.0018572861993407374,False,AMPLIFY
0,I006_CONDITIONAL_ACTION_LOGISTIC,conditional_rescue,action_max_margin,0.03371316015327662,0.03371316015327662,False,AMPLIFY
0,I006_CONDITIONAL_ACTION_LOGISTIC,conditional_rescue,action_min_margin,0.033656024084771544,0.033656024084771544,False,AMPLIFY
0,I006_CONDITIONAL_ACTION_LOGISTIC,conditional_rescue,action_probability_movement,0.020241699975724385,0.020241699975724385,False,AMPLIFY
0,I006_CONDITIONAL_ACTION_LOGISTIC,conditional_rescue,action_run_margin_std,0.004903185274264043,0.004903185274264043,False,AMPLIFY
0,I006_CONDITIONAL_ACTION_LOGISTIC,conditional_rescue,action_run_probability_std,-0.004340055287719744,0.004340055287719744,False,AMPLIFY
0,I006_CONDITIONAL_ACTION_LOGISTIC,conditional_rescue,action_vote_entropy,0.025479483721427124,0.025479483721427124,False,AMPLIFY
0,I006_CONDITIONAL_ACTION_LOGISTIC,conditional_rescue,action_vote_fraction_class1,-0.05001153659716609,0.05001153659716609,False,AMPLIFY
0,I006_CONDITIONAL_ACTION_LOGISTIC,conditional_rescue,b6_margin,-0.02442454695254105,0.02442454695254105,False,AMPLIFY
0,I006_CONDITIONAL_ACTION_LOGISTIC,conditional_rescue,b6_probability,-0.023924806520065674,0.023924806520065674,False,AMPLIFY
0,I006_CONDITIONAL_ACTION_LOGISTIC,conditional_rescue,base_abs_margin,0.026996394251072774,0.026996394251072774,False,AMPLIFY
0,I006_CONDITIONAL_ACTION_LOGISTIC,conditional_rescue,base_disagreeing_run_count,-0.06243715653200689,0.06243715653200689,False,AMPLIFY
0,I006_CONDITIONAL_ACTION_LOGISTIC,conditional_rescue,base_entropy,-0.05354558046716103,0.05354558046716103,False,AMPLIFY
0,I006_CONDITIONAL_ACTION_LOGISTIC,conditional_rescue,base_majority_strength,0.00904271952092084,0.00904271952092084,False,AMPLIFY
0,I006_CONDITIONAL_ACTION_LOGISTIC,conditional_rescue,base_margin_range,-0.010683393277184578,0.010683393277184578,False,AMPLIFY
0,I006_CONDITIONAL_ACTION_LOGISTIC,conditional_rescue,base_max_margin,0.0030606093064957035,0.0030606093064957035,False,AMPLIFY
0,I006_CONDITIONAL_ACTION_LOGISTIC,conditional_rescue,base_max_probability,0.0016281837001406764,0.0016281837001406764,False,AMPLIFY
0,I006_CONDITIONAL_ACTION_LOGISTIC,conditional_rescue,base_min_margin,0.021419455819245325,0.021419455819245325,False,AMPLIFY
0,I006_CONDITIONAL_ACTION_LOGISTIC,conditional_rescue,base_min_probability,0.014296311587785202,0.014296311587785202,False,AMPLIFY
0,I006_CONDITIONAL_ACTION_LOGISTIC,conditional_rescue,base_run_margin_std,0.0033922634205753553,0.0033922634205753553,False,AMPLIFY
0,I006_CONDITIONAL_ACTION_LOGISTIC,conditional_rescue,base_run_probability_std,0.004682866733627949,0.004682866733627949,False,AMPLIFY
0,I006_CONDITIONAL_ACTION_LOGISTIC,conditional_rescue,base_vote_entropy,0.004304641575608645,0.004304641575608645,False,AMPLIFY
0,I006_CONDITIONAL_ACTION_LOGISTIC,conditional_rescue,base_vote_fraction_class1,-0.02106528048223798,0.02106528048223798,False,AMPLIFY
0,I006_CONDITIONAL_ACTION_LOGISTIC,conditional_rescue,movement_run_max,0.023310680122670197,0.023310680122670197,False,AMPLIFY
0,I006_CONDITIONAL_ACTION_LOGISTIC,conditional_rescue,movement_run_min,0.04080458540895034,0.04080458540895034,False,AMPLIFY
0,I006_CONDITIONAL_ACTION_LOGISTIC,conditional_rescue,movement_run_std,-0.009149051132093779,0.009149051132093779,False,AMPLIFY
0,I006_CONDITIONAL_ACTION_LOGISTIC,conditional_rescue,movement_sign_agreement,0.03455867614836696,0.03455867614836696,False,AMPLIFY
0,I006_CONDITIONAL_ACTION_LOGISTIC,conditional_rescue,n_runs,-0.04390475698436225,0.04390475698436225,False,AMPLIFY
0,I006_CONDITIONAL_ACTION_LOGISTIC,conditional_rescue,persist_mean_original_agreement_base_geo,-0.018022794631665232,0.018022794631665232,False,AMPLIFY
0,I006_CONDITIONAL_ACTION_LOGISTIC,conditional_rescue,persist_mean_original_agreement_full_erase,0.028668779151590343,0.028668779151590343,False,AMPLIFY
0,I006_CONDITIONAL_ACTION_LOGISTIC,conditional_rescue,persist_mean_original_confidence_diff_base_geo,-0.014689132945621285,0.014689132945621285,False,AMPLIFY
0,I006_CONDITIONAL_ACTION_LOGISTIC,conditional_rescue,persist_mean_original_delta_p_l2,0.010041246396462162,0.010041246396462162,False,AMPLIFY
0,I006_CONDITIONAL_ACTION_LOGISTIC,conditional_rescue,persist_mean_original_entropy_change_full_erase,-0.043486044577069165,0.043486044577069165,False,AMPLIFY
0,I006_CONDITIONAL_ACTION_LOGISTIC,conditional_rescue,persist_mean_original_entropy_full,0.0020926172618474983,0.0020926172618474983,False,AMPLIFY
0,I006_CONDITIONAL_ACTION_LOGISTIC,conditional_rescue,persist_mean_original_entropy_geo,-0.019764239598364798,0.019764239598364798,False,AMPLIFY
0,I006_CONDITIONAL_ACTION_LOGISTIC,conditional_rescue,persist_mean_original_js_base_geo,-0.04431604084455168,0.04431604084455168,False,AMPLIFY
0,I006_CONDITIONAL_ACTION_LOGISTIC,conditional_rescue,persist_mean_original_js_full_erase,0.03574501772479593,0.03574501772479593,False,AMPLIFY
0,I006_CONDITIONAL_ACTION_LOGISTIC,conditional_rescue,persist_mean_original_kl_full_erase,0.011987604505214803,0.011987604505214803,False,AMPLIFY
0,I006_CONDITIONAL_ACTION_LOGISTIC,conditional_rescue,persist_mean_original_logit_norm_full,0.058141991186274104,0.058141991186274104,False,AMPLIFY
0,I006_CONDITIONAL_ACTION_LOGISTIC,conditional_rescue,persist_mean_original_margin_change_full_erase,0.00914191780630723,0.00914191780630723,False,AMPLIFY
0,I006_CONDITIONAL_ACTION_LOGISTIC,conditional_rescue,persist_mean_original_margin_geo,0.023050019631920465,0.023050019631920465,False,AMPLIFY
0,I006_CONDITIONAL_ACTION_LOGISTIC,conditional_rescue,persist_mean_original_nll_proxy_full,-0.012008926392008217,0.012008926392008217,False,AMPLIFY
0,I006_CONDITIONAL_ACTION_LOGISTIC,conditional_rescue,persist_mean_original_p_full_max,0.00894257436703893,0.00894257436703893,False,AMPLIFY
0,I006_CONDITIONAL_ACTION_LOGISTIC,conditional_rescue,persist_mean_original_probability_shift_l1,0.04513708534738504,0.04513708534738504,False,AMPLIFY
0,I006_CONDITIONAL_ACTION_LOGISTIC,conditional_rescue,persist_mean_original_protected_slot0_contribution_norm,0.021288826714416984,0.021288826714416984,False,AMPLIFY
0,I006_CONDITIONAL_ACTION_LOGISTIC,conditional_rescue,persist_mean_original_protected_slot0_geometry_margin,-0.04485041172256096,0.04485041172256096,False,AMPLIFY
0,I006_CONDITIONAL_ACTION_LOGISTIC,conditional_rescue,persist_mean_original_protected_slot0_present,0.0,0.0,False,AMPLIFY
0,I006_CONDITIONAL_ACTION_LOGISTIC,conditional_rescue,persist_mean_original_protected_slot0_projection,-0.03486901255243837,0.03486901255243837,False,AMPLIFY
0,I006_CONDITIONAL_ACTION_LOGISTIC,conditional_rescue,persist_mean_original_protected_slot0_prototype_distance_difference,0.01891395149111534,0.01891395149111534,False,AMPLIFY
0,I006_CONDITIONAL_ACTION_LOGISTIC,conditional_rescue,persist_mean_original_protected_slot0_signed_midpoint_distance,-0.0160694716731473,0.0160694716731473,False,AMPLIFY
0,I006_CONDITIONAL_ACTION_LOGISTIC,conditional_rescue,persist_mean_original_protected_slot0_weighted_geometry_score,-0.00996132830866383,0.00996132830866383,False,AMPLIFY
0,I006_CONDITIONAL_ACTION_LOGISTIC,conditional_rescue,persist_mean_original_protected_slot1_contribution_norm,0.040413052613224164,0.040413052613224164,False,AMPLIFY
0,I006_CONDITIONAL_ACTION_LOGISTIC,conditional_rescue,persist_mean_original_protected_slot1_geometry_margin,0.1066110568164994,0.1066110568164994,False,AMPLIFY
0,I006_CONDITIONAL_ACTION_LOGISTIC,conditional_rescue,persist_mean_original_protected_slot1_present,-0.005664517090472823,0.005664517090472823,False,AMPLIFY
0,I006_CONDITIONAL_ACTION_LOGISTIC,conditional_rescue,persist_mean_original_protected_slot1_projection,-0.009719947879714785,0.009719947879714785,False,AMPLIFY
0,I006_CONDITIONAL_ACTION_LOGISTIC,conditional_rescue,persist_mean_original_protected_slot1_prototype_distance_difference,-0.02700693527651317,0.02700693527651317,False,AMPLIFY
0,I006_CONDITIONAL_ACTION_LOGISTIC,conditional_rescue,persist_mean_original_protected_slot1_signed_midpoint_distance,-0.02028021832105431,0.02028021832105431,False,AMPLIFY
0,I006_CONDITIONAL_ACTION_LOGISTIC,conditional_rescue,persist_mean_original_protected_slot1_weighted_geometry_score,-0.0189627792873277,0.0189627792873277,False,AMPLIFY
0,I006_CONDITIONAL_ACTION_LOGISTIC,conditional_rescue,persist_mean_original_top2_margin_full,0.008942574897415458,0.008942574897415458,False,AMPLIFY
0,I006_CONDITIONAL_ACTION_LOGISTIC,conditional_rescue,persist_std_original_agreement_base_geo,0.028931279642020885,0.028931279642020885,False,AMPLIFY
0,I006_CONDITIONAL_ACTION_LOGISTIC,conditional_rescue,persist_std_original_agreement_full_erase,-0.06928124454083871,0.06928124454083871,False,AMPLIFY
0,I006_CONDITIONAL_ACTION_LOGISTIC,conditional_rescue,persist_std_original_confidence_diff_base_geo,0.014059513276271893,0.014059513276271893,False,AMPLIFY
0,I006_CONDITIONAL_ACTION_LOGISTIC,conditional_rescue,persist_std_original_delta_p_l2,-0.026581597299932324,0.026581597299932324,False,AMPLIFY
0,I006_CONDITIONAL_ACTION_LOGISTIC,conditional_rescue,persist_std_original_entropy_change_full_erase,-0.08112147627354999,0.08112147627354999,False,AMPLIFY
0,I006_CONDITIONAL_ACTION_LOGISTIC,conditional_rescue,persist_std_original_entropy_full,0.007507952064998505,0.007507952064998505,False,AMPLIFY
0,I006_CONDITIONAL_ACTION_LOGISTIC,conditional_rescue,persist_std_original_entropy_geo,-0.004955657498702801,0.004955657498702801,False,AMPLIFY
0,I006_CONDITIONAL_ACTION_LOGISTIC,conditional_rescue,persist_std_original_js_base_geo,-0.11445643862469104,0.11445643862469104,False,AMPLIFY
0,I006_CONDITIONAL_ACTION_LOGISTIC,conditional_rescue,persist_std_original_js_full_erase,0.006069988266218858,0.006069988266218858,False,AMPLIFY
0,I006_CONDITIONAL_ACTION_LOGISTIC,conditional_rescue,persist_std_original_kl_full_erase,-0.01740411884830618,0.01740411884830618,False,AMPLIFY
0,I006_CONDITIONAL_ACTION_LOGISTIC,conditional_rescue,persist_std_original_logit_norm_full,-0.09226013084245813,0.09226013084245813,False,AMPLIFY
0,I006_CONDITIONAL_ACTION_LOGISTIC,conditional_rescue,persist_std_original_margin_change_full_erase,-0.07633074401424876,0.07633074401424876,False,AMPLIFY
0,I006_CONDITIONAL_ACTION_LOGISTIC,conditional_rescue,persist_std_original_margin_geo,-0.0008994789196410276,0.0008994789196410276,False,AMPLIFY
0,I006_CONDITIONAL_ACTION_LOGISTIC,conditional_rescue,persist_std_original_nll_proxy_full,0.005795214724973561,0.005795214724973561,False,AMPLIFY
0,I006_CONDITIONAL_ACTION_LOGISTIC,conditional_rescue,persist_std_original_p_full_max,0.006082376708754421,0.006082376708754421,False,AMPLIFY
0,I006_CONDITIONAL_ACTION_LOGISTIC,conditional_rescue,persist_std_original_probability_shift_l1,0.030943276779939237,0.030943276779939237,False,AMPLIFY
0,I006_CONDITIONAL_ACTION_LOGISTIC,conditional_rescue,persist_std_original_protected_slot0_contribution_norm,-0.010261977358410949,0.010261977358410949,False,AMPLIFY
0,I006_CONDITIONAL_ACTION_LOGISTIC,conditional_rescue,persist_std_original_protected_slot0_geometry_margin,-0.09302975894867374,0.09302975894867374,False,AMPLIFY
0,I006_CONDITIONAL_ACTION_LOGISTIC,conditional_rescue,persist_std_original_protected_slot0_present,0.0,0.0,False,AMPLIFY
0,I006_CONDITIONAL_ACTION_LOGISTIC,conditional_rescue,persist_std_original_protected_slot0_projection,0.05283575841889603,0.05283575841889603,False,AMPLIFY
0,I006_CONDITIONAL_ACTION_LOGISTIC,conditional_rescue,persist_std_original_protected_slot0_prototype_distance_difference,0.0405971950526957,0.0405971950526957,False,AMPLIFY
0,I006_CONDITIONAL_ACTION_LOGISTIC,conditional_rescue,persist_std_original_protected_slot0_signed_midpoint_distance,0.041224724870697046,0.041224724870697046,False,AMPLIFY
0,I006_CONDITIONAL_ACTION_LOGISTIC,conditional_rescue,persist_std_original_protected_slot0_weighted_geometry_score,-0.022624429062303716,0.022624429062303716,False,AMPLIFY
0,I006_CONDITIONAL_ACTION_LOGISTIC,conditional_rescue,persist_std_original_protected_slot1_contribution_norm,-0.00771559183997155,0.00771559183997155,False,AMPLIFY
0,I006_CONDITIONAL_ACTION_LOGISTIC,conditional_rescue,persist_std_original_protected_slot1_geometry_margin,0.016855993156497422,0.016855993156497422,False,AMPLIFY
0,I006_CONDITIONAL_ACTION_LOGISTIC,conditional_rescue,persist_std_original_protected_slot1_present,-0.0019019609491738928,0.0019019609491738928,False,AMPLIFY
0,I006_CONDITIONAL_ACTION_LOGISTIC,conditional_rescue,persist_std_original_protected_slot1_projection,-0.001774080251168437,0.001774080251168437,False,AMPLIFY
0,I006_CONDITIONAL_ACTION_LOGISTIC,conditional_rescue,persist_std_original_protected_slot1_prototype_distance_difference,0.04551784611024771,0.04551784611024771,False,AMPLIFY
0,I006_CONDITIONAL_ACTION_LOGISTIC,conditional_rescue,persist_std_original_protected_slot1_signed_midpoint_distance,0.006865662574454884,0.006865662574454884,False,AMPLIFY
0,I006_CONDITIONAL_ACTION_LOGISTIC,conditional_rescue,persist_std_original_protected_slot1_weighted_geometry_score,-0.004960246650666989,0.004960246650666989,False,AMPLIFY
0,I006_CONDITIONAL_ACTION_LOGISTIC,conditional_rescue,persist_std_original_top2_margin_full,0.0060823848157292755,0.0060823848157292755,False,AMPLIFY
0,I006_CONDITIONAL_ACTION_LOGISTIC,conditional_rescue,action_abs_margin,-0.004567736656200812,0.004567736656200812,False,GEOMETRY
0,I006_CONDITIONAL_ACTION_LOGISTIC,conditional_rescue,action_entropy,-0.016546880372750507,0.016546880372750507,False,GEOMETRY
0,I006_CONDITIONAL_ACTION_LOGISTIC,conditional_rescue,action_majority_strength,-0.021030580250805432,0.021030580250805432,False,GEOMETRY
0,I006_CONDITIONAL_ACTION_LOGISTIC,conditional_rescue,action_margin_movement,0.030309757789921978,0.030309757789921978,False,GEOMETRY
0,I006_CONDITIONAL_ACTION_LOGISTIC,conditional_rescue,action_margin_range,0.015315686288930767,0.015315686288930767,False,GEOMETRY
0,I006_CONDITIONAL_ACTION_LOGISTIC,conditional_rescue,action_max_margin,0.041411074285028965,0.041411074285028965,False,GEOMETRY
0,I006_CONDITIONAL_ACTION_LOGISTIC,conditional_rescue,action_min_margin,0.013659415595580655,0.013659415595580655,False,GEOMETRY
0,I006_CONDITIONAL_ACTION_LOGISTIC,conditional_rescue,action_probability_movement,0.028259922451047588,0.028259922451047588,False,GEOMETRY
0,I006_CONDITIONAL_ACTION_LOGISTIC,conditional_rescue,action_run_margin_std,0.02743372481280914,0.02743372481280914,False,GEOMETRY
0,I006_CONDITIONAL_ACTION_LOGISTIC,conditional_rescue,action_run_probability_std,0.02751352880579254,0.02751352880579254,False,GEOMETRY
0,I006_CONDITIONAL_ACTION_LOGISTIC,conditional_rescue,action_vote_entropy,0.034378917940595034,0.034378917940595034,False,GEOMETRY
0,I006_CONDITIONAL_ACTION_LOGISTIC,conditional_rescue,action_vote_fraction_class1,-0.03069678954621785,0.03069678954621785,False,GEOMETRY
0,I006_CONDITIONAL_ACTION_LOGISTIC,conditional_rescue,b6_margin,-0.02143490351078528,0.02143490351078528,False,GEOMETRY
0,I006_CONDITIONAL_ACTION_LOGISTIC,conditional_rescue,b6_probability,-0.013238698079420038,0.013238698079420038,False,GEOMETRY
0,I006_CONDITIONAL_ACTION_LOGISTIC,conditional_rescue,base_abs_margin,-0.07476759918293734,0.07476759918293734,False,GEOMETRY
0,I006_CONDITIONAL_ACTION_LOGISTIC,conditional_rescue,base_disagreeing_run_count,-0.058084520643121834,0.058084520643121834,False,GEOMETRY
0,I006_CONDITIONAL_ACTION_LOGISTIC,conditional_rescue,base_entropy,0.06861302939570876,0.06861302939570876,False,GEOMETRY
0,I006_CONDITIONAL_ACTION_LOGISTIC,conditional_rescue,base_majority_strength,-0.029450611670438692,0.029450611670438692,False,GEOMETRY
0,I006_CONDITIONAL_ACTION_LOGISTIC,conditional_rescue,base_margin_range,-0.0010637093256003563,0.0010637093256003563,False,GEOMETRY
0,I006_CONDITIONAL_ACTION_LOGISTIC,conditional_rescue,base_max_margin,0.004903609484857,0.004903609484857,False,GEOMETRY
0,I006_CONDITIONAL_ACTION_LOGISTIC,conditional_rescue,base_max_probability,0.012371585173572883,0.012371585173572883,False,GEOMETRY
0,I006_CONDITIONAL_ACTION_LOGISTIC,conditional_rescue,base_min_margin,0.006358748757024571,0.006358748757024571,False,GEOMETRY
0,I006_CONDITIONAL_ACTION_LOGISTIC,conditional_rescue,base_min_probability,-0.006427843238429537,0.006427843238429537,False,GEOMETRY
0,I006_CONDITIONAL_ACTION_LOGISTIC,conditional_rescue,base_run_margin_std,0.03474515296731397,0.03474515296731397,False,GEOMETRY
0,I006_CONDITIONAL_ACTION_LOGISTIC,conditional_rescue,base_run_probability_std,0.05031703239845,0.05031703239845,False,GEOMETRY
0,I006_CONDITIONAL_ACTION_LOGISTIC,conditional_rescue,base_vote_entropy,0.025596739539995115,0.025596739539995115,False,GEOMETRY
0,I006_CONDITIONAL_ACTION_LOGISTIC,conditional_rescue,base_vote_fraction_class1,-0.0065402235620665335,0.0065402235620665335,False,GEOMETRY
0,I006_CONDITIONAL_ACTION_LOGISTIC,conditional_rescue,movement_run_max,-0.02116593352103547,0.02116593352103547,False,GEOMETRY
0,I006_CONDITIONAL_ACTION_LOGISTIC,conditional_rescue,movement_run_min,0.051923295401563895,0.051923295401563895,False,GEOMETRY
0,I006_CONDITIONAL_ACTION_LOGISTIC,conditional_rescue,movement_run_std,-0.09132723995861342,0.09132723995861342,False,GEOMETRY
0,I006_CONDITIONAL_ACTION_LOGISTIC,conditional_rescue,movement_sign_agreement,-0.04202378660278178,0.04202378660278178,False,GEOMETRY
0,I006_CONDITIONAL_ACTION_LOGISTIC,conditional_rescue,n_runs,-0.050905702028808834,0.050905702028808834,False,GEOMETRY
0,I006_CONDITIONAL_ACTION_LOGISTIC,conditional_rescue,persist_mean_original_agreement_base_geo,-0.022052947622483412,0.022052947622483412,False,GEOMETRY
0,I006_CONDITIONAL_ACTION_LOGISTIC,conditional_rescue,persist_mean_original_agreement_full_erase,0.06756073096260323,0.06756073096260323,False,GEOMETRY
0,I006_CONDITIONAL_ACTION_LOGISTIC,conditional_rescue,persist_mean_original_confidence_diff_base_geo,-0.044325275738860616,0.044325275738860616,False,GEOMETRY
0,I006_CONDITIONAL_ACTION_LOGISTIC,conditional_rescue,persist_mean_original_delta_p_l2,0.015899286500267423,0.015899286500267423,False,GEOMETRY
0,I006_CONDITIONAL_ACTION_LOGISTIC,conditional_rescue,persist_mean_original_entropy_change_full_erase,-0.043737170696640675,0.043737170696640675,False,GEOMETRY
0,I006_CONDITIONAL_ACTION_LOGISTIC,conditional_rescue,persist_mean_original_entropy_full,0.039832122779253305,0.039832122779253305,False,GEOMETRY
0,I006_CONDITIONAL_ACTION_LOGISTIC,conditional_rescue,persist_mean_original_entropy_geo,-0.015434804993610315,0.015434804993610315,False,GEOMETRY
0,I006_CONDITIONAL_ACTION_LOGISTIC,conditional_rescue,persist_mean_original_js_base_geo,-0.08803064526881577,0.08803064526881577,False,GEOMETRY
0,I006_CONDITIONAL_ACTION_LOGISTIC,conditional_rescue,persist_mean_original_js_full_erase,0.03677703596099931,0.03677703596099931,False,GEOMETRY
0,I006_CONDITIONAL_ACTION_LOGISTIC,conditional_rescue,persist_mean_original_kl_full_erase,0.01591460720242134,0.01591460720242134,False,GEOMETRY
0,I006_CONDITIONAL_ACTION_LOGISTIC,conditional_rescue,persist_mean_original_logit_norm_full,-0.08022873020180037,0.08022873020180037,False,GEOMETRY
0,I006_CONDITIONAL_ACTION_LOGISTIC,conditional_rescue,persist_mean_original_margin_change_full_erase,0.014040269982178792,0.014040269982178792,False,GEOMETRY
0,I006_CONDITIONAL_ACTION_LOGISTIC,conditional_rescue,persist_mean_original_margin_geo,0.030270985493557195,0.030270985493557195,False,GEOMETRY
0,I006_CONDITIONAL_ACTION_LOGISTIC,conditional_rescue,persist_mean_original_nll_proxy_full,0.022137274994648046,0.022137274994648046,False,GEOMETRY
0,I006_CONDITIONAL_ACTION_LOGISTIC,conditional_rescue,persist_mean_original_p_full_max,-0.025931752071749723,0.025931752071749723,False,GEOMETRY
0,I006_CONDITIONAL_ACTION_LOGISTIC,conditional_rescue,persist_mean_original_probability_shift_l1,0.0537431105058261,0.0537431105058261,False,GEOMETRY
0,I006_CONDITIONAL_ACTION_LOGISTIC,conditional_rescue,persist_mean_original_protected_slot0_contribution_norm,0.038038467952131,0.038038467952131,False,GEOMETRY
0,I006_CONDITIONAL_ACTION_LOGISTIC,conditional_rescue,persist_mean_original_protected_slot0_geometry_margin,-0.0363447515690423,0.0363447515690423,False,GEOMETRY
0,I006_CONDITIONAL_ACTION_LOGISTIC,conditional_rescue,persist_mean_original_protected_slot0_present,0.0,0.0,False,GEOMETRY
0,I006_CONDITIONAL_ACTION_LOGISTIC,conditional_rescue,persist_mean_original_protected_slot0_projection,-0.04406451830398817,0.04406451830398817,False,GEOMETRY
0,I006_CONDITIONAL_ACTION_LOGISTIC,conditional_rescue,persist_mean_original_protected_slot0_prototype_distance_difference,0.03249323792095067,0.03249323792095067,False,GEOMETRY
0,I006_CONDITIONAL_ACTION_LOGISTIC,conditional_rescue,persist_mean_original_protected_slot0_signed_midpoint_distance,-0.03293434933659541,0.03293434933659541,False,GEOMETRY
0,I006_CONDITIONAL_ACTION_LOGISTIC,conditional_rescue,persist_mean_original_protected_slot0_weighted_geometry_score,-0.031063123926377178,0.031063123926377178,False,GEOMETRY
0,I006_CONDITIONAL_ACTION_LOGISTIC,conditional_rescue,persist_mean_original_protected_slot1_contribution_norm,0.07214183869089556,0.07214183869089556,False,GEOMETRY
0,I006_CONDITIONAL_ACTION_LOGISTIC,conditional_rescue,persist_mean_original_protected_slot1_geometry_margin,0.11602102357610942,0.11602102357610942,False,GEOMETRY
0,I006_CONDITIONAL_ACTION_LOGISTIC,conditional_rescue,persist_mean_original_protected_slot1_present,-0.058982492499168114,0.058982492499168114,False,GEOMETRY
0,I006_CONDITIONAL_ACTION_LOGISTIC,conditional_rescue,persist_mean_original_protected_slot1_projection,0.005411728796852129,0.005411728796852129,False,GEOMETRY
0,I006_CONDITIONAL_ACTION_LOGISTIC,conditional_rescue,persist_mean_original_protected_slot1_prototype_distance_difference,0.017164690510776716,0.017164690510776716,False,GEOMETRY
0,I006_CONDITIONAL_ACTION_LOGISTIC,conditional_rescue,persist_mean_original_protected_slot1_signed_midpoint_distance,0.002121409094573863,0.002121409094573863,False,GEOMETRY
0,I006_CONDITIONAL_ACTION_LOGISTIC,conditional_rescue,persist_mean_original_protected_slot1_weighted_geometry_score,-0.001307304330036545,0.001307304330036545,False,GEOMETRY
0,I006_CONDITIONAL_ACTION_LOGISTIC,conditional_rescue,persist_mean_original_top2_margin_full,-0.0259317599821324,0.0259317599821324,False,GEOMETRY
0,I006_CONDITIONAL_ACTION_LOGISTIC,conditional_rescue,persist_std_original_agreement_base_geo,0.01756338565795404,0.01756338565795404,False,GEOMETRY
0,I006_CONDITIONAL_ACTION_LOGISTIC,conditional_rescue,persist_std_original_agreement_full_erase,-0.05416858159164794,0.05416858159164794,False,GEOMETRY
0,I006_CONDITIONAL_ACTION_LOGISTIC,conditional_rescue,persist_std_original_confidence_diff_base_geo,0.04282855589326871,0.04282855589326871,False,GEOMETRY
0,I006_CONDITIONAL_ACTION_LOGISTIC,conditional_rescue,persist_std_original_delta_p_l2,-0.022570967141694858,0.022570967141694858,False,GEOMETRY
0,I006_CONDITIONAL_ACTION_LOGISTIC,conditional_rescue,persist_std_original_entropy_change_full_erase,-0.022413283680394303,0.022413283680394303,False,GEOMETRY
0,I006_CONDITIONAL_ACTION_LOGISTIC,conditional_rescue,persist_std_original_entropy_full,-0.027285257767076628,0.027285257767076628,False,GEOMETRY
0,I006_CONDITIONAL_ACTION_LOGISTIC,conditional_rescue,persist_std_original_entropy_geo,0.003109133830420095,0.003109133830420095,False,GEOMETRY
0,I006_CONDITIONAL_ACTION_LOGISTIC,conditional_rescue,persist_std_original_js_base_geo,-0.11425640123968206,0.11425640123968206,False,GEOMETRY
0,I006_CONDITIONAL_ACTION_LOGISTIC,conditional_rescue,persist_std_original_js_full_erase,-0.004368022312063458,0.004368022312063458,False,GEOMETRY
0,I006_CONDITIONAL_ACTION_LOGISTIC,conditional_rescue,persist_std_original_kl_full_erase,-0.0033530009502141978,0.0033530009502141978,False,GEOMETRY
0,I006_CONDITIONAL_ACTION_LOGISTIC,conditional_rescue,persist_std_original_logit_norm_full,-0.08681568403590995,0.08681568403590995,False,GEOMETRY
0,I006_CONDITIONAL_ACTION_LOGISTIC,conditional_rescue,persist_std_original_margin_change_full_erase,-0.02693201333106758,0.02693201333106758,False,GEOMETRY
0,I006_CONDITIONAL_ACTION_LOGISTIC,conditional_rescue,persist_std_original_margin_geo,-0.0042557003605423974,0.0042557003605423974,False,GEOMETRY
0,I006_CONDITIONAL_ACTION_LOGISTIC,conditional_rescue,persist_std_original_nll_proxy_full,-0.021754233985238892,0.021754233985238892,False,GEOMETRY
0,I006_CONDITIONAL_ACTION_LOGISTIC,conditional_rescue,persist_std_original_p_full_max,-0.024532476059019585,0.024532476059019585,False,GEOMETRY
0,I006_CONDITIONAL_ACTION_LOGISTIC,conditional_rescue,persist_std_original_probability_shift_l1,0.02940110274659814,0.02940110274659814,False,GEOMETRY
0,I006_CONDITIONAL_ACTION_LOGISTIC,conditional_rescue,persist_std_original_protected_slot0_contribution_norm,-0.06264089812998427,0.06264089812998427,False,GEOMETRY
0,I006_CONDITIONAL_ACTION_LOGISTIC,conditional_rescue,persist_std_original_protected_slot0_geometry_margin,-0.05307429842945136,0.05307429842945136,False,GEOMETRY
0,I006_CONDITIONAL_ACTION_LOGISTIC,conditional_rescue,persist_std_original_protected_slot0_present,0.0,0.0,False,GEOMETRY
0,I006_CONDITIONAL_ACTION_LOGISTIC,conditional_rescue,persist_std_original_protected_slot0_projection,0.004055102756264247,0.004055102756264247,False,GEOMETRY
0,I006_CONDITIONAL_ACTION_LOGISTIC,conditional_rescue,persist_std_original_protected_slot0_prototype_distance_difference,0.07222344378650307,0.07222344378650307,False,GEOMETRY
0,I006_CONDITIONAL_ACTION_LOGISTIC,conditional_rescue,persist_std_original_protected_slot0_signed_midpoint_distance,0.045437350653619375,0.045437350653619375,False,GEOMETRY
0,I006_CONDITIONAL_ACTION_LOGISTIC,conditional_rescue,persist_std_original_protected_slot0_weighted_geometry_score,0.02941682651960288,0.02941682651960288,False,GEOMETRY
0,I006_CONDITIONAL_ACTION_LOGISTIC,conditional_rescue,persist_std_original_protected_slot1_contribution_norm,0.014150672886995794,0.014150672886995794,False,GEOMETRY
0,I006_CONDITIONAL_ACTION_LOGISTIC,conditional_rescue,persist_std_original_protected_slot1_geometry_margin,0.009179321083585238,0.009179321083585238,False,GEOMETRY
0,I006_CONDITIONAL_ACTION_LOGISTIC,conditional_rescue,persist_std_original_protected_slot1_present,0.03872091337434918,0.03872091337434918,False,GEOMETRY
0,I006_CONDITIONAL_ACTION_LOGISTIC,conditional_rescue,persist_std_original_protected_slot1_projection,0.014745802282296556,0.014745802282296556,False,GEOMETRY
0,I006_CONDITIONAL_ACTION_LOGISTIC,conditional_rescue,persist_std_original_protected_slot1_prototype_distance_difference,-0.026563132720176925,0.026563132720176925,False,GEOMETRY
0,I006_CONDITIONAL_ACTION_LOGISTIC,conditional_rescue,persist_std_original_protected_slot1_signed_midpoint_distance,0.028914407997817054,0.028914407997817054,False,GEOMETRY
0,I006_CONDITIONAL_ACTION_LOGISTIC,conditional_rescue,persist_std_original_protected_slot1_weighted_geometry_score,-0.06031582507173111,0.06031582507173111,False,GEOMETRY
0,I006_CONDITIONAL_ACTION_LOGISTIC,conditional_rescue,persist_std_original_top2_margin_full,-0.02453247577707753,0.02453247577707753,False,GEOMETRY
0,I006_CONDITIONAL_ACTION_LOGISTIC,conditional_rescue,action_abs_margin,0.11265544079740497,0.11265544079740497,False,ERASE
0,I006_CONDITIONAL_ACTION_LOGISTIC,conditional_rescue,action_entropy,-0.02628684970884024,0.02628684970884024,False,ERASE
0,I006_CONDITIONAL_ACTION_LOGISTIC,conditional_rescue,action_majority_strength,-0.051425440242201165,0.051425440242201165,False,ERASE
0,I006_CONDITIONAL_ACTION_LOGISTIC,conditional_rescue,action_margin_movement,0.01595680622425727,0.01595680622425727,False,ERASE
0,I006_CONDITIONAL_ACTION_LOGISTIC,conditional_rescue,action_margin_range,-0.007441776921257231,0.007441776921257231,False,ERASE
0,I006_CONDITIONAL_ACTION_LOGISTIC,conditional_rescue,action_max_margin,0.001693659099498832,0.001693659099498832,False,ERASE
0,I006_CONDITIONAL_ACTION_LOGISTIC,conditional_rescue,action_min_margin,0.012582580125540942,0.012582580125540942,False,ERASE
0,I006_CONDITIONAL_ACTION_LOGISTIC,conditional_rescue,action_probability_movement,-0.009262406331654788,0.009262406331654788,False,ERASE
0,I006_CONDITIONAL_ACTION_LOGISTIC,conditional_rescue,action_run_margin_std,0.03198302243287235,0.03198302243287235,False,ERASE
0,I006_CONDITIONAL_ACTION_LOGISTIC,conditional_rescue,action_run_probability_std,0.01994247630471497,0.01994247630471497,False,ERASE
0,I006_CONDITIONAL_ACTION_LOGISTIC,conditional_rescue,action_vote_entropy,0.004963312408707844,0.004963312408707844,False,ERASE
0,I006_CONDITIONAL_ACTION_LOGISTIC,conditional_rescue,action_vote_fraction_class1,0.00239411362705971,0.00239411362705971,False,ERASE
0,I006_CONDITIONAL_ACTION_LOGISTIC,conditional_rescue,b6_margin,0.0015999179362870953,0.0015999179362870953,False,ERASE
0,I006_CONDITIONAL_ACTION_LOGISTIC,conditional_rescue,b6_probability,0.03804112572064118,0.03804112572064118,False,ERASE
0,I006_CONDITIONAL_ACTION_LOGISTIC,conditional_rescue,base_abs_margin,-0.10007717207737976,0.10007717207737976,False,ERASE
0,I006_CONDITIONAL_ACTION_LOGISTIC,conditional_rescue,base_disagreeing_run_count,0.10157913912856434,0.10157913912856434,False,ERASE
0,I006_CONDITIONAL_ACTION_LOGISTIC,conditional_rescue,base_entropy,0.09154428158968705,0.09154428158968705,False,ERASE
0,I006_CONDITIONAL_ACTION_LOGISTIC,conditional_rescue,base_majority_strength,-0.009374036257416249,0.009374036257416249,False,ERASE
0,I006_CONDITIONAL_ACTION_LOGISTIC,conditional_rescue,base_margin_range,0.006482402909579228,0.006482402909579228,False,ERASE
0,I006_CONDITIONAL_ACTION_LOGISTIC,conditional_rescue,base_max_margin,-0.000698058046309768,0.000698058046309768,False,ERASE
0,I006_CONDITIONAL_ACTION_LOGISTIC,conditional_rescue,base_max_probability,0.057468348222322184,0.057468348222322184,False,ERASE
0,I006_CONDITIONAL_ACTION_LOGISTIC,conditional_rescue,base_min_margin,-0.004285320962506476,0.004285320962506476,False,ERASE
0,I006_CONDITIONAL_ACTION_LOGISTIC,conditional_rescue,base_min_probability,0.013236339873667194,0.013236339873667194,False,ERASE
0,I006_CONDITIONAL_ACTION_LOGISTIC,conditional_rescue,base_run_margin_std,0.01121853658248083,0.01121853658248083,False,ERASE
0,I006_CONDITIONAL_ACTION_LOGISTIC,conditional_rescue,base_run_probability_std,0.0633927024735092,0.0633927024735092,False,ERASE
0,I006_CONDITIONAL_ACTION_LOGISTIC,conditional_rescue,base_vote_entropy,-0.021759306995035557,0.021759306995035557,False,ERASE
0,I006_CONDITIONAL_ACTION_LOGISTIC,conditional_rescue,base_vote_fraction_class1,-0.06581869319815617,0.06581869319815617,False,ERASE
0,I006_CONDITIONAL_ACTION_LOGISTIC,conditional_rescue,movement_run_max,0.025783323940258042,0.025783323940258042,False,ERASE
0,I006_CONDITIONAL_ACTION_LOGISTIC,conditional_rescue,movement_run_min,0.007379275734528964,0.007379275734528964,False,ERASE
0,I006_CONDITIONAL_ACTION_LOGISTIC,conditional_rescue,movement_run_std,0.04046498450203519,0.04046498450203519,False,ERASE
0,I006_CONDITIONAL_ACTION_LOGISTIC,conditional_rescue,movement_sign_agreement,-0.0991434446746052,0.0991434446746052,False,ERASE
0,I006_CONDITIONAL_ACTION_LOGISTIC,conditional_rescue,n_runs,-0.08233563380606426,0.08233563380606426,False,ERASE
0,I006_CONDITIONAL_ACTION_LOGISTIC,conditional_rescue,persist_mean_original_agreement_base_geo,-0.01668195153639466,0.01668195153639466,False,ERASE
0,I006_CONDITIONAL_ACTION_LOGISTIC,conditional_rescue,persist_mean_original_agreement_full_erase,-0.01312926886180673,0.01312926886180673,False,ERASE
0,I006_CONDITIONAL_ACTION_LOGISTIC,conditional_rescue,persist_mean_original_confidence_diff_base_geo,-0.0719962207021874,0.0719962207021874,False,ERASE
0,I006_CONDITIONAL_ACTION_LOGISTIC,conditional_rescue,persist_mean_original_delta_p_l2,-0.013029817015082212,0.013029817015082212,False,ERASE
0,I006_CONDITIONAL_ACTION_LOGISTIC,conditional_rescue,persist_mean_original_entropy_change_full_erase,0.043894692188735575,0.043894692188735575,False,ERASE
0,I006_CONDITIONAL_ACTION_LOGISTIC,conditional_rescue,persist_mean_original_entropy_full,0.05316669872277899,0.05316669872277899,False,ERASE
0,I006_CONDITIONAL_ACTION_LOGISTIC,conditional_rescue,persist_mean_original_entropy_geo,0.051939858556746,0.051939858556746,False,ERASE
0,I006_CONDITIONAL_ACTION_LOGISTIC,conditional_rescue,persist_mean_original_js_base_geo,0.02557233283320098,0.02557233283320098,False,ERASE
0,I006_CONDITIONAL_ACTION_LOGISTIC,conditional_rescue,persist_mean_original_js_full_erase,-0.04834383047341543,0.04834383047341543,False,ERASE
0,I006_CONDITIONAL_ACTION_LOGISTIC,conditional_rescue,persist_mean_original_kl_full_erase,-0.007177811161313321,0.007177811161313321,False,ERASE
0,I006_CONDITIONAL_ACTION_LOGISTIC,conditional_rescue,persist_mean_original_logit_norm_full,-0.1167958409439017,0.1167958409439017,False,ERASE
0,I006_CONDITIONAL_ACTION_LOGISTIC,conditional_rescue,persist_mean_original_margin_change_full_erase,-0.0761015293370257,0.0761015293370257,False,ERASE
0,I006_CONDITIONAL_ACTION_LOGISTIC,conditional_rescue,persist_mean_original_margin_geo,-0.031094338529823615,0.031094338529823615,False,ERASE
0,I006_CONDITIONAL_ACTION_LOGISTIC,conditional_rescue,persist_mean_original_nll_proxy_full,0.0751065508367043,0.0751065508367043,False,ERASE
0,I006_CONDITIONAL_ACTION_LOGISTIC,conditional_rescue,persist_mean_original_p_full_max,-0.06964376367188677,0.06964376367188677,False,ERASE
0,I006_CONDITIONAL_ACTION_LOGISTIC,conditional_rescue,persist_mean_original_probability_shift_l1,-0.031206291126466036,0.031206291126466036,False,ERASE
0,I006_CONDITIONAL_ACTION_LOGISTIC,conditional_rescue,persist_mean_original_protected_slot0_contribution_norm,-0.05267875742741568,0.05267875742741568,False,ERASE
0,I006_CONDITIONAL_ACTION_LOGISTIC,conditional_rescue,persist_mean_original_protected_slot0_geometry_margin,0.06578841545685571,0.06578841545685571,False,ERASE
0,I006_CONDITIONAL_ACTION_LOGISTIC,conditional_rescue,persist_mean_original_protected_slot0_present,0.0,0.0,False,ERASE
0,I006_CONDITIONAL_ACTION_LOGISTIC,conditional_rescue,persist_mean_original_protected_slot0_projection,0.04248815581566931,0.04248815581566931,False,ERASE
0,I006_CONDITIONAL_ACTION_LOGISTIC,conditional_rescue,persist_mean_original_protected_slot0_prototype_distance_difference,-0.12774627455162152,0.12774627455162152,False,ERASE
0,I006_CONDITIONAL_ACTION_LOGISTIC,conditional_rescue,persist_mean_original_protected_slot0_signed_midpoint_distance,0.013876281309585127,0.013876281309585127,False,ERASE
0,I006_CONDITIONAL_ACTION_LOGISTIC,conditional_rescue,persist_mean_original_protected_slot0_weighted_geometry_score,-0.02247030710265083,0.02247030710265083,False,ERASE
0,I006_CONDITIONAL_ACTION_LOGISTIC,conditional_rescue,persist_mean_original_protected_slot1_contribution_norm,-0.019531218856430353,0.019531218856430353,False,ERASE
0,I006_CONDITIONAL_ACTION_LOGISTIC,conditional_rescue,persist_mean_original_protected_slot1_geometry_margin,-0.0355286789770473,0.0355286789770473,False,ERASE
0,I006_CONDITIONAL_ACTION_LOGISTIC,conditional_rescue,persist_mean_original_protected_slot1_present,-0.0570479817420497,0.0570479817420497,False,ERASE
0,I006_CONDITIONAL_ACTION_LOGISTIC,conditional_rescue,persist_mean_original_protected_slot1_projection,-0.015177091088327347,0.015177091088327347,False,ERASE
0,I006_CONDITIONAL_ACTION_LOGISTIC,conditional_rescue,persist_mean_original_protected_slot1_prototype_distance_difference,-0.01142938864909011,0.01142938864909011,False,ERASE
0,I006_CONDITIONAL_ACTION_LOGISTIC,conditional_rescue,persist_mean_original_protected_slot1_signed_midpoint_distance,0.00730430441642095,0.00730430441642095,False,ERASE
0,I006_CONDITIONAL_ACTION_LOGISTIC,conditional_rescue,persist_mean_original_protected_slot1_weighted_geometry_score,0.08536411527373708,0.08536411527373708,False,ERASE
0,I006_CONDITIONAL_ACTION_LOGISTIC,conditional_rescue,persist_mean_original_top2_margin_full,-0.06964377431939141,0.06964377431939141,False,ERASE
0,I006_CONDITIONAL_ACTION_LOGISTIC,conditional_rescue,persist_std_original_agreement_base_geo,-0.023835683569242767,0.023835683569242767,False,ERASE
0,I006_CONDITIONAL_ACTION_LOGISTIC,conditional_rescue,persist_std_original_agreement_full_erase,0.0055063893728195465,0.0055063893728195465,False,ERASE
0,I006_CONDITIONAL_ACTION_LOGISTIC,conditional_rescue,persist_std_original_confidence_diff_base_geo,-0.04585814896639439,0.04585814896639439,False,ERASE
0,I006_CONDITIONAL_ACTION_LOGISTIC,conditional_rescue,persist_std_original_delta_p_l2,-0.02496305291316973,0.02496305291316973,False,ERASE
0,I006_CONDITIONAL_ACTION_LOGISTIC,conditional_rescue,persist_std_original_entropy_change_full_erase,-0.05984716080143854,0.05984716080143854,False,ERASE
0,I006_CONDITIONAL_ACTION_LOGISTIC,conditional_rescue,persist_std_original_entropy_full,-0.10847968310131371,0.10847968310131371,False,ERASE
0,I006_CONDITIONAL_ACTION_LOGISTIC,conditional_rescue,persist_std_original_entropy_geo,0.023226088441526474,0.023226088441526474,False,ERASE
0,I006_CONDITIONAL_ACTION_LOGISTIC,conditional_rescue,persist_std_original_js_base_geo,0.1601284316445551,0.1601284316445551,False,ERASE
0,I006_CONDITIONAL_ACTION_LOGISTIC,conditional_rescue,persist_std_original_js_full_erase,-0.04160694694812144,0.04160694694812144,False,ERASE
0,I006_CONDITIONAL_ACTION_LOGISTIC,conditional_rescue,persist_std_original_kl_full_erase,-0.000564782116358968,0.000564782116358968,False,ERASE
0,I006_CONDITIONAL_ACTION_LOGISTIC,conditional_rescue,persist_std_original_logit_norm_full,0.017945060473810757,0.017945060473810757,False,ERASE
0,I006_CONDITIONAL_ACTION_LOGISTIC,conditional_rescue,persist_std_original_margin_change_full_erase,-0.03322173397150598,0.03322173397150598,False,ERASE
0,I006_CONDITIONAL_ACTION_LOGISTIC,conditional_rescue,persist_std_original_margin_geo,0.017379766888083535,0.017379766888083535,False,ERASE
0,I006_CONDITIONAL_ACTION_LOGISTIC,conditional_rescue,persist_std_original_nll_proxy_full,-0.023229576219061566,0.023229576219061566,False,ERASE
0,I006_CONDITIONAL_ACTION_LOGISTIC,conditional_rescue,persist_std_original_p_full_max,-0.046576464957180125,0.046576464957180125,False,ERASE
0,I006_CONDITIONAL_ACTION_LOGISTIC,conditional_rescue,persist_std_original_probability_shift_l1,-0.036682449620776734,0.036682449620776734,False,ERASE
0,I006_CONDITIONAL_ACTION_LOGISTIC,conditional_rescue,persist_std_original_protected_slot0_contribution_norm,-0.0978538127900671,0.0978538127900671,False,ERASE
0,I006_CONDITIONAL_ACTION_LOGISTIC,conditional_rescue,persist_std_original_protected_slot0_geometry_margin,0.06273536468724666,0.06273536468724666,False,ERASE
0,I006_CONDITIONAL_ACTION_LOGISTIC,conditional_rescue,persist_std_original_protected_slot0_present,0.0,0.0,False,ERASE
0,I006_CONDITIONAL_ACTION_LOGISTIC,conditional_rescue,persist_std_original_protected_slot0_projection,-0.011334096077494192,0.011334096077494192,False,ERASE
0,I006_CONDITIONAL_ACTION_LOGISTIC,conditional_rescue,persist_std_original_protected_slot0_prototype_distance_difference,-0.0718029696015848,0.0718029696015848,False,ERASE
0,I006_CONDITIONAL_ACTION_LOGISTIC,conditional_rescue,persist_std_original_protected_slot0_signed_midpoint_distance,0.09319858659479743,0.09319858659479743,False,ERASE
0,I006_CONDITIONAL_ACTION_LOGISTIC,conditional_rescue,persist_std_original_protected_slot0_weighted_geometry_score,0.01839574164257025,0.01839574164257025,False,ERASE
0,I006_CONDITIONAL_ACTION_LOGISTIC,conditional_rescue,persist_std_original_protected_slot1_contribution_norm,0.018081001553332306,0.018081001553332306,False,ERASE
0,I006_CONDITIONAL_ACTION_LOGISTIC,conditional_rescue,persist_std_original_protected_slot1_geometry_margin,-0.029732141705415927,0.029732141705415927,False,ERASE
0,I006_CONDITIONAL_ACTION_LOGISTIC,conditional_rescue,persist_std_original_protected_slot1_present,-0.03858284301665755,0.03858284301665755,False,ERASE
0,I006_CONDITIONAL_ACTION_LOGISTIC,conditional_rescue,persist_std_original_protected_slot1_projection,0.006820775469280626,0.006820775469280626,False,ERASE
0,I006_CONDITIONAL_ACTION_LOGISTIC,conditional_rescue,persist_std_original_protected_slot1_prototype_distance_difference,0.0013122941625953247,0.0013122941625953247,False,ERASE
0,I006_CONDITIONAL_ACTION_LOGISTIC,conditional_rescue,persist_std_original_protected_slot1_signed_midpoint_distance,0.03098452528973822,0.03098452528973822,False,ERASE
0,I006_CONDITIONAL_ACTION_LOGISTIC,conditional_rescue,persist_std_original_protected_slot1_weighted_geometry_score,0.024955455859241426,0.024955455859241426,False,ERASE
0,I006_CONDITIONAL_ACTION_LOGISTIC,conditional_rescue,persist_std_original_top2_margin_full,-0.046576427393469066,0.046576427393469066,False,ERASE
1,M3_ACTION_MOVEMENT_LOGISTIC,rescue,action_abs_margin,0.48322817563851506,0.48322817563851506,False,
1,M3_ACTION_MOVEMENT_LOGISTIC,rescue,action_boundary_cross,1.1776788843136718,1.1776788843136718,False,
1,M3_ACTION_MOVEMENT_LOGISTIC,rescue,action_entropy,-0.2115808834222806,0.2115808834222806,False,
1,M3_ACTION_MOVEMENT_LOGISTIC,rescue,action_majority_strength,-0.16535882243137043,0.16535882243137043,False,
1,M3_ACTION_MOVEMENT_LOGISTIC,rescue,action_margin_movement,0.14594897106291432,0.14594897106291432,False,
1,M3_ACTION_MOVEMENT_LOGISTIC,rescue,action_margin_range,0.12786228212532086,0.12786228212532086,False,
1,M3_ACTION_MOVEMENT_LOGISTIC,rescue,action_max_margin,-0.024894661717863274,0.024894661717863274,False,
1,M3_ACTION_MOVEMENT_LOGISTIC,rescue,action_min_margin,-0.10140734845962139,0.10140734845962139,False,
1,M3_ACTION_MOVEMENT_LOGISTIC,rescue,action_probability_movement,-0.01565008053137316,0.01565008053137316,False,
1,M3_ACTION_MOVEMENT_LOGISTIC,rescue,action_run_margin_std,0.13018069104200908,0.13018069104200908,False,
1,M3_ACTION_MOVEMENT_LOGISTIC,rescue,action_run_probability_std,-0.11214463472484784,0.11214463472484784,False,
1,M3_ACTION_MOVEMENT_LOGISTIC,rescue,action_vote_entropy,-0.060177426951139375,0.060177426951139375,False,
1,M3_ACTION_MOVEMENT_LOGISTIC,rescue,action_vote_fraction_class1,-0.028096632152255236,0.028096632152255236,False,
1,M3_ACTION_MOVEMENT_LOGISTIC,rescue,action_vs_b6_disagreement,1.1776788843136718,1.1776788843136718,False,
1,M3_ACTION_MOVEMENT_LOGISTIC,rescue,b6_margin,0.10093784184820807,0.10093784184820807,False,
1,M3_ACTION_MOVEMENT_LOGISTIC,rescue,b6_probability,0.5366899696442791,0.5366899696442791,False,
1,M3_ACTION_MOVEMENT_LOGISTIC,rescue,base_abs_margin,-0.6602655880515752,0.6602655880515752,False,
1,M3_ACTION_MOVEMENT_LOGISTIC,rescue,base_disagreeing_run_count,0.055419439908527345,0.055419439908527345,False,
1,M3_ACTION_MOVEMENT_LOGISTIC,rescue,base_entropy,0.6060203629240519,0.6060203629240519,False,
1,M3_ACTION_MOVEMENT_LOGISTIC,rescue,base_majority_strength,0.10829823208273026,0.10829823208273026,False,
1,M3_ACTION_MOVEMENT_LOGISTIC,rescue,base_margin_range,-0.17922679893395124,0.17922679893395124,False,
1,M3_ACTION_MOVEMENT_LOGISTIC,rescue,base_max_margin,-0.3513548909307885,0.3513548909307885,False,
1,M3_ACTION_MOVEMENT_LOGISTIC,rescue,base_max_probability,0.24692196050620963,0.24692196050620963,False,
1,M3_ACTION_MOVEMENT_LOGISTIC,rescue,base_min_margin,-0.28470409768017935,0.28470409768017935,False,
1,M3_ACTION_MOVEMENT_LOGISTIC,rescue,base_min_probability,0.21315740384064372,0.21315740384064372,False,
1,M3_ACTION_MOVEMENT_LOGISTIC,rescue,base_run_margin_std,-0.021360719641973634,0.021360719641973634,False,
1,M3_ACTION_MOVEMENT_LOGISTIC,rescue,base_run_probability_std,0.17035988815624953,0.17035988815624953,False,
1,M3_ACTION_MOVEMENT_LOGISTIC,rescue,base_vote_entropy,0.1146866172857749,0.1146866172857749,False,
1,M3_ACTION_MOVEMENT_LOGISTIC,rescue,base_vote_fraction_class1,-0.3074050990908537,0.3074050990908537,False,
1,M3_ACTION_MOVEMENT_LOGISTIC,rescue,is_amplify,-0.00752061762902897,0.00752061762902897,False,
1,M3_ACTION_MOVEMENT_LOGISTIC,rescue,is_erase,-0.03879479923476201,0.03879479923476201,False,
1,M3_ACTION_MOVEMENT_LOGISTIC,rescue,is_geometry,0.04631541686381498,0.04631541686381498,False,
1,M3_ACTION_MOVEMENT_LOGISTIC,rescue,movement_run_max,-0.0104219158191985,0.0104219158191985,False,
1,M3_ACTION_MOVEMENT_LOGISTIC,rescue,movement_run_min,0.020298412163940873,0.020298412163940873,False,
1,M3_ACTION_MOVEMENT_LOGISTIC,rescue,movement_run_std,-0.17064825686254018,0.17064825686254018,False,
1,M3_ACTION_MOVEMENT_LOGISTIC,rescue,movement_sign_agreement,-0.15922496243966622,0.15922496243966622,False,
1,M3_ACTION_MOVEMENT_LOGISTIC,rescue,n_runs,-0.11593353574036645,0.11593353574036645,False,
1,M3_ACTION_MOVEMENT_LOGISTIC,rescue,protected_safe,0.03879479923475577,0.03879479923475577,False,
1,M3_ACTION_MOVEMENT_LOGISTIC,harm,action_abs_margin,-0.22669405148883048,0.22669405148883048,False,
1,M3_ACTION_MOVEMENT_LOGISTIC,harm,action_boundary_cross,1.4253790726325664,1.4253790726325664,False,
1,M3_ACTION_MOVEMENT_LOGISTIC,harm,action_entropy,0.17132190607691175,0.17132190607691175,False,
1,M3_ACTION_MOVEMENT_LOGISTIC,harm,action_majority_strength,0.058471686820922866,0.058471686820922866,False,
1,M3_ACTION_MOVEMENT_LOGISTIC,harm,action_margin_movement,-0.008104402665335936,0.008104402665335936,False,
1,M3_ACTION_MOVEMENT_LOGISTIC,harm,action_margin_range,-0.11396062135834403,0.11396062135834403,False,
1,M3_ACTION_MOVEMENT_LOGISTIC,harm,action_max_margin,-0.059030403205536736,0.059030403205536736,False,
1,M3_ACTION_MOVEMENT_LOGISTIC,harm,action_min_margin,0.009201338911023815,0.009201338911023815,False,
1,M3_ACTION_MOVEMENT_LOGISTIC,harm,action_probability_movement,-0.02195405419489354,0.02195405419489354,False,
1,M3_ACTION_MOVEMENT_LOGISTIC,harm,action_run_margin_std,-0.03673258144016025,0.03673258144016025,False,
1,M3_ACTION_MOVEMENT_LOGISTIC,harm,action_run_probability_std,-0.07526879920463736,0.07526879920463736,False,
1,M3_ACTION_MOVEMENT_LOGISTIC,harm,action_vote_entropy,0.08953970286563097,0.08953970286563097,False,
1,M3_ACTION_MOVEMENT_LOGISTIC,harm,action_vote_fraction_class1,0.03145157892043285,0.03145157892043285,False,
1,M3_ACTION_MOVEMENT_LOGISTIC,harm,action_vs_b6_disagreement,1.4253790726325664,1.4253790726325664,False,
1,M3_ACTION_MOVEMENT_LOGISTIC,harm,b6_margin,-0.07061963742400947,0.07061963742400947,False,
1,M3_ACTION_MOVEMENT_LOGISTIC,harm,b6_probability,-0.37336330676604124,0.37336330676604124,False,
1,M3_ACTION_MOVEMENT_LOGISTIC,harm,base_abs_margin,0.2215919846544157,0.2215919846544157,False,
1,M3_ACTION_MOVEMENT_LOGISTIC,harm,base_disagreeing_run_count,-0.014399789010106877,0.014399789010106877,False,
1,M3_ACTION_MOVEMENT_LOGISTIC,harm,base_entropy,-0.3444541618795179,0.3444541618795179,False,
1,M3_ACTION_MOVEMENT_LOGISTIC,harm,base_majority_strength,-0.009094029124733172,0.009094029124733172,False,
1,M3_ACTION_MOVEMENT_LOGISTIC,harm,base_margin_range,0.13902547116409805,0.13902547116409805,False,
1,M3_ACTION_MOVEMENT_LOGISTIC,harm,base_max_margin,0.18194108573538834,0.18194108573538834,False,
1,M3_ACTION_MOVEMENT_LOGISTIC,harm,base_max_probability,0.02040266890894674,0.02040266890894674,False,
1,M3_ACTION_MOVEMENT_LOGISTIC,harm,base_min_margin,0.1302498428380615,0.1302498428380615,False,
1,M3_ACTION_MOVEMENT_LOGISTIC,harm,base_min_probability,-0.14363212001488038,0.14363212001488038,False,
1,M3_ACTION_MOVEMENT_LOGISTIC,harm,base_run_margin_std,-0.08480384372354233,0.08480384372354233,False,
1,M3_ACTION_MOVEMENT_LOGISTIC,harm,base_run_probability_std,0.012856335026543578,0.012856335026543578,False,
1,M3_ACTION_MOVEMENT_LOGISTIC,harm,base_vote_entropy,-0.1540648179441576,0.1540648179441576,False,
1,M3_ACTION_MOVEMENT_LOGISTIC,harm,base_vote_fraction_class1,0.22762475486856043,0.22762475486856043,False,
1,M3_ACTION_MOVEMENT_LOGISTIC,harm,is_amplify,0.010149759961533292,0.010149759961533292,False,
1,M3_ACTION_MOVEMENT_LOGISTIC,harm,is_erase,0.02982444010082505,0.02982444010082505,False,
1,M3_ACTION_MOVEMENT_LOGISTIC,harm,is_geometry,-0.03997420006233906,0.03997420006233906,False,
1,M3_ACTION_MOVEMENT_LOGISTIC,harm,movement_run_max,0.01434811048342356,0.01434811048342356,False,
1,M3_ACTION_MOVEMENT_LOGISTIC,harm,movement_run_min,-0.029981723618708295,0.029981723618708295,False,
1,M3_ACTION_MOVEMENT_LOGISTIC,harm,movement_run_std,0.137048507697333,0.137048507697333,False,
1,M3_ACTION_MOVEMENT_LOGISTIC,harm,movement_sign_agreement,0.15026791352881094,0.15026791352881094,False,
1,M3_ACTION_MOVEMENT_LOGISTIC,harm,n_runs,0.03222870864026681,0.03222870864026681,False,
1,M3_ACTION_MOVEMENT_LOGISTIC,harm,protected_safe,-0.029824440100820842,0.029824440100820842,False,
1,M4_FULL_LEGAL_LOGISTIC,rescue,action_abs_margin,0.2861102064170191,0.2861102064170191,False,
1,M4_FULL_LEGAL_LOGISTIC,rescue,action_boundary_cross,1.1739649587501242,1.1739649587501242,False,
1,M4_FULL_LEGAL_LOGISTIC,rescue,action_entropy,-0.2858362016538574,0.2858362016538574,False,
1,M4_FULL_LEGAL_LOGISTIC,rescue,action_majority_strength,-0.07002009860399949,0.07002009860399949,False,
1,M4_FULL_LEGAL_LOGISTIC,rescue,action_margin_movement,0.1575007754538392,0.1575007754538392,False,
1,M4_FULL_LEGAL_LOGISTIC,rescue,action_margin_range,0.15699758977968234,0.15699758977968234,False,
1,M4_FULL_LEGAL_LOGISTIC,rescue,action_max_margin,-0.041473454343992404,0.041473454343992404,False,
1,M4_FULL_LEGAL_LOGISTIC,rescue,action_min_margin,-0.13541561015119505,0.13541561015119505,False,
1,M4_FULL_LEGAL_LOGISTIC,rescue,action_probability_movement,-0.030212156688119836,0.030212156688119836,False,
1,M4_FULL_LEGAL_LOGISTIC,rescue,action_run_margin_std,0.10432399318291534,0.10432399318291534,False,
1,M4_FULL_LEGAL_LOGISTIC,rescue,action_run_probability_std,-0.12369319967530173,0.12369319967530173,False,
1,M4_FULL_LEGAL_LOGISTIC,rescue,action_vote_entropy,0.06037028392980516,0.06037028392980516,False,
1,M4_FULL_LEGAL_LOGISTIC,rescue,action_vote_fraction_class1,-0.07975787065805426,0.07975787065805426,False,
1,M4_FULL_LEGAL_LOGISTIC,rescue,action_vs_b6_disagreement,1.1739649587501242,1.1739649587501242,False,
1,M4_FULL_LEGAL_LOGISTIC,rescue,b6_margin,0.03389602300715594,0.03389602300715594,False,
1,M4_FULL_LEGAL_LOGISTIC,rescue,b6_probability,0.39624756532104477,0.39624756532104477,False,
1,M4_FULL_LEGAL_LOGISTIC,rescue,base_abs_margin,-0.2716994212060835,0.2716994212060835,False,
1,M4_FULL_LEGAL_LOGISTIC,rescue,base_disagreeing_run_count,0.017169716373751302,0.017169716373751302,False,
1,M4_FULL_LEGAL_LOGISTIC,rescue,base_entropy,0.08268627512652625,0.08268627512652625,False,
1,M4_FULL_LEGAL_LOGISTIC,rescue,base_majority_strength,0.07299938990713449,0.07299938990713449,False,
1,M4_FULL_LEGAL_LOGISTIC,rescue,base_margin_range,0.01004716950801187,0.01004716950801187,False,
1,M4_FULL_LEGAL_LOGISTIC,rescue,base_max_margin,-0.3148637819242424,0.3148637819242424,False,
1,M4_FULL_LEGAL_LOGISTIC,rescue,base_max_probability,0.21959534380046292,0.21959534380046292,False,
1,M4_FULL_LEGAL_LOGISTIC,rescue,base_min_margin,-0.3185650547476796,0.3185650547476796,False,
1,M4_FULL_LEGAL_LOGISTIC,rescue,base_min_probability,0.13010166846789076,0.13010166846789076,False,
1,M4_FULL_LEGAL_LOGISTIC,rescue,base_run_margin_std,-0.007704459680015268,0.007704459680015268,False,
1,M4_FULL_LEGAL_LOGISTIC,rescue,base_run_probability_std,0.3056147619594621,0.3056147619594621,False,
1,M4_FULL_LEGAL_LOGISTIC,rescue,base_vote_entropy,0.038684614138517426,0.038684614138517426,False,
1,M4_FULL_LEGAL_LOGISTIC,rescue,base_vote_fraction_class1,-0.2392470452129534,0.2392470452129534,False,
1,M4_FULL_LEGAL_LOGISTIC,rescue,is_amplify,-0.03407731202515161,0.03407731202515161,False,
1,M4_FULL_LEGAL_LOGISTIC,rescue,is_erase,-0.0124033117507547,0.0124033117507547,False,
1,M4_FULL_LEGAL_LOGISTIC,rescue,is_geometry,0.04648062377587755,0.04648062377587755,False,
1,M4_FULL_LEGAL_LOGISTIC,rescue,movement_run_max,0.007730385783130414,0.007730385783130414,False,
1,M4_FULL_LEGAL_LOGISTIC,rescue,movement_run_min,0.038518669572627735,0.038518669572627735,False,
1,M4_FULL_LEGAL_LOGISTIC,rescue,movement_run_std,-0.03943035347871801,0.03943035347871801,False,
1,M4_FULL_LEGAL_LOGISTIC,rescue,movement_sign_agreement,-0.11513303261713878,0.11513303261713878,False,
1,M4_FULL_LEGAL_LOGISTIC,rescue,n_runs,0.05990928738799414,0.05990928738799414,False,
1,M4_FULL_LEGAL_LOGISTIC,rescue,persist_mean_original_agreement_base_geo,-0.03954740604651019,0.03954740604651019,False,
1,M4_FULL_LEGAL_LOGISTIC,rescue,persist_mean_original_agreement_full_erase,0.08372409800818019,0.08372409800818019,False,
1,M4_FULL_LEGAL_LOGISTIC,rescue,persist_mean_original_confidence_diff_base_geo,-0.18234941681817923,0.18234941681817923,False,
1,M4_FULL_LEGAL_LOGISTIC,rescue,persist_mean_original_delta_p_l2,0.17393453339021794,0.17393453339021794,False,
1,M4_FULL_LEGAL_LOGISTIC,rescue,persist_mean_original_entropy_change_full_erase,-0.11295711813503982,0.11295711813503982,False,
1,M4_FULL_LEGAL_LOGISTIC,rescue,persist_mean_original_entropy_full,-0.08310137720744692,0.08310137720744692,False,
1,M4_FULL_LEGAL_LOGISTIC,rescue,persist_mean_original_entropy_geo,-0.1782981817176946,0.1782981817176946,False,
1,M4_FULL_LEGAL_LOGISTIC,rescue,persist_mean_original_js_base_geo,-0.07474222478691493,0.07474222478691493,False,
1,M4_FULL_LEGAL_LOGISTIC,rescue,persist_mean_original_js_full_erase,-0.4679477716730111,0.4679477716730111,False,
1,M4_FULL_LEGAL_LOGISTIC,rescue,persist_mean_original_kl_full_erase,-0.25755959044265636,0.25755959044265636,False,
1,M4_FULL_LEGAL_LOGISTIC,rescue,persist_mean_original_logit_norm_full,-0.11674539194010349,0.11674539194010349,False,
1,M4_FULL_LEGAL_LOGISTIC,rescue,persist_mean_original_margin_change_full_erase,-0.08291517372489415,0.08291517372489415,False,
1,M4_FULL_LEGAL_LOGISTIC,rescue,persist_mean_original_margin_geo,0.001485016413533395,0.001485016413533395,False,
1,M4_FULL_LEGAL_LOGISTIC,rescue,persist_mean_original_nll_proxy_full,0.15716276617880462,0.15716276617880462,False,
1,M4_FULL_LEGAL_LOGISTIC,rescue,persist_mean_original_p_full_max,-0.10454125310775735,0.10454125310775735,False,
1,M4_FULL_LEGAL_LOGISTIC,rescue,persist_mean_original_probability_shift_l1,0.3341793654874611,0.3341793654874611,False,
1,M4_FULL_LEGAL_LOGISTIC,rescue,persist_mean_original_protected_slot0_contribution_norm,-0.25437013080500703,0.25437013080500703,False,
1,M4_FULL_LEGAL_LOGISTIC,rescue,persist_mean_original_protected_slot0_geometry_margin,-0.0004332463789146811,0.0004332463789146811,False,
1,M4_FULL_LEGAL_LOGISTIC,rescue,persist_mean_original_protected_slot0_present,0.0,0.0,False,
1,M4_FULL_LEGAL_LOGISTIC,rescue,persist_mean_original_protected_slot0_projection,0.12916315922477867,0.12916315922477867,False,
1,M4_FULL_LEGAL_LOGISTIC,rescue,persist_mean_original_protected_slot0_prototype_distance_difference,-0.23131511239479288,0.23131511239479288,False,
1,M4_FULL_LEGAL_LOGISTIC,rescue,persist_mean_original_protected_slot0_signed_midpoint_distance,0.10350898225918997,0.10350898225918997,False,
1,M4_FULL_LEGAL_LOGISTIC,rescue,persist_mean_original_protected_slot0_weighted_geometry_score,0.1434806600897583,0.1434806600897583,False,
1,M4_FULL_LEGAL_LOGISTIC,rescue,persist_mean_original_protected_slot1_contribution_norm,-0.029575648528882184,0.029575648528882184,False,
1,M4_FULL_LEGAL_LOGISTIC,rescue,persist_mean_original_protected_slot1_geometry_margin,0.08990848014777425,0.08990848014777425,False,
1,M4_FULL_LEGAL_LOGISTIC,rescue,persist_mean_original_protected_slot1_present,-0.17009934473569005,0.17009934473569005,False,
1,M4_FULL_LEGAL_LOGISTIC,rescue,persist_mean_original_protected_slot1_projection,0.04967732527110094,0.04967732527110094,False,
1,M4_FULL_LEGAL_LOGISTIC,rescue,persist_mean_original_protected_slot1_prototype_distance_difference,-0.14134060854870392,0.14134060854870392,False,
1,M4_FULL_LEGAL_LOGISTIC,rescue,persist_mean_original_protected_slot1_signed_midpoint_distance,0.05092077347709211,0.05092077347709211,False,
1,M4_FULL_LEGAL_LOGISTIC,rescue,persist_mean_original_protected_slot1_weighted_geometry_score,0.2615229507058278,0.2615229507058278,False,
1,M4_FULL_LEGAL_LOGISTIC,rescue,persist_mean_original_top2_margin_full,-0.10454147921512197,0.10454147921512197,False,
1,M4_FULL_LEGAL_LOGISTIC,rescue,persist_std_original_agreement_base_geo,0.08133395018452191,0.08133395018452191,False,
1,M4_FULL_LEGAL_LOGISTIC,rescue,persist_std_original_agreement_full_erase,-0.012327337098401387,0.012327337098401387,False,
1,M4_FULL_LEGAL_LOGISTIC,rescue,persist_std_original_confidence_diff_base_geo,0.04901379358167168,0.04901379358167168,False,
1,M4_FULL_LEGAL_LOGISTIC,rescue,persist_std_original_delta_p_l2,0.10571301404199945,0.10571301404199945,False,
1,M4_FULL_LEGAL_LOGISTIC,rescue,persist_std_original_entropy_change_full_erase,0.03371239788276138,0.03371239788276138,False,
1,M4_FULL_LEGAL_LOGISTIC,rescue,persist_std_original_entropy_full,-0.17901768439894908,0.17901768439894908,False,
1,M4_FULL_LEGAL_LOGISTIC,rescue,persist_std_original_entropy_geo,0.12499656712060433,0.12499656712060433,False,
1,M4_FULL_LEGAL_LOGISTIC,rescue,persist_std_original_js_base_geo,-0.019038732948852034,0.019038732948852034,False,
1,M4_FULL_LEGAL_LOGISTIC,rescue,persist_std_original_js_full_erase,-0.03345084164813617,0.03345084164813617,False,
1,M4_FULL_LEGAL_LOGISTIC,rescue,persist_std_original_kl_full_erase,-0.05919542691773858,0.05919542691773858,False,
1,M4_FULL_LEGAL_LOGISTIC,rescue,persist_std_original_logit_norm_full,-0.18610012805988269,0.18610012805988269,False,
1,M4_FULL_LEGAL_LOGISTIC,rescue,persist_std_original_margin_change_full_erase,-0.0235464685334176,0.0235464685334176,False,
1,M4_FULL_LEGAL_LOGISTIC,rescue,persist_std_original_margin_geo,-0.05918244097514981,0.05918244097514981,False,
1,M4_FULL_LEGAL_LOGISTIC,rescue,persist_std_original_nll_proxy_full,0.044334987903225646,0.044334987903225646,False,
1,M4_FULL_LEGAL_LOGISTIC,rescue,persist_std_original_p_full_max,-0.04176013174980548,0.04176013174980548,False,
1,M4_FULL_LEGAL_LOGISTIC,rescue,persist_std_original_probability_shift_l1,-0.1065017028519692,0.1065017028519692,False,
1,M4_FULL_LEGAL_LOGISTIC,rescue,persist_std_original_protected_slot0_contribution_norm,0.026411591134692828,0.026411591134692828,False,
1,M4_FULL_LEGAL_LOGISTIC,rescue,persist_std_original_protected_slot0_geometry_margin,-0.056961307475425244,0.056961307475425244,False,
1,M4_FULL_LEGAL_LOGISTIC,rescue,persist_std_original_protected_slot0_present,0.0,0.0,False,
1,M4_FULL_LEGAL_LOGISTIC,rescue,persist_std_original_protected_slot0_projection,0.1971190022497,0.1971190022497,False,
1,M4_FULL_LEGAL_LOGISTIC,rescue,persist_std_original_protected_slot0_prototype_distance_difference,-0.03584951026384072,0.03584951026384072,False,
1,M4_FULL_LEGAL_LOGISTIC,rescue,persist_std_original_protected_slot0_signed_midpoint_distance,-0.12918761692632283,0.12918761692632283,False,
1,M4_FULL_LEGAL_LOGISTIC,rescue,persist_std_original_protected_slot0_weighted_geometry_score,-0.0023385058567099467,0.0023385058567099467,False,
1,M4_FULL_LEGAL_LOGISTIC,rescue,persist_std_original_protected_slot1_contribution_norm,-0.04052648019625393,0.04052648019625393,False,
1,M4_FULL_LEGAL_LOGISTIC,rescue,persist_std_original_protected_slot1_geometry_margin,0.14662673652073752,0.14662673652073752,False,
1,M4_FULL_LEGAL_LOGISTIC,rescue,persist_std_original_protected_slot1_present,-0.41675640960735605,0.41675640960735605,False,
1,M4_FULL_LEGAL_LOGISTIC,rescue,persist_std_original_protected_slot1_projection,0.23557206065941694,0.23557206065941694,False,
1,M4_FULL_LEGAL_LOGISTIC,rescue,persist_std_original_protected_slot1_prototype_distance_difference,-0.10096631872697885,0.10096631872697885,False,
1,M4_FULL_LEGAL_LOGISTIC,rescue,persist_std_original_protected_slot1_signed_midpoint_distance,-0.2944584395694262,0.2944584395694262,False,
1,M4_FULL_LEGAL_LOGISTIC,rescue,persist_std_original_protected_slot1_weighted_geometry_score,0.05475157648570621,0.05475157648570621,False,
1,M4_FULL_LEGAL_LOGISTIC,rescue,persist_std_original_top2_margin_full,-0.04175945471668498,0.04175945471668498,False,
1,M4_FULL_LEGAL_LOGISTIC,rescue,protected_safe,0.012403311750757208,0.012403311750757208,False,
1,M4_FULL_LEGAL_LOGISTIC,harm,action_abs_margin,-0.13628387882060444,0.13628387882060444,False,
1,M4_FULL_LEGAL_LOGISTIC,harm,action_boundary_cross,1.4304923282677673,1.4304923282677673,False,
1,M4_FULL_LEGAL_LOGISTIC,harm,action_entropy,0.15072919669711665,0.15072919669711665,False,
1,M4_FULL_LEGAL_LOGISTIC,harm,action_majority_strength,0.04306497224349186,0.04306497224349186,False,
1,M4_FULL_LEGAL_LOGISTIC,harm,action_margin_movement,-0.013631164726268394,0.013631164726268394,False,
1,M4_FULL_LEGAL_LOGISTIC,harm,action_margin_range,-0.1631106733135912,0.1631106733135912,False,
1,M4_FULL_LEGAL_LOGISTIC,harm,action_max_margin,-0.059635779095468806,0.059635779095468806,False,
1,M4_FULL_LEGAL_LOGISTIC,harm,action_min_margin,0.03801204980220925,0.03801204980220925,False,
1,M4_FULL_LEGAL_LOGISTIC,harm,action_probability_movement,-0.024216446329883595,0.024216446329883595,False,
1,M4_FULL_LEGAL_LOGISTIC,harm,action_run_margin_std,-0.030948672810005403,0.030948672810005403,False,
1,M4_FULL_LEGAL_LOGISTIC,harm,action_run_probability_std,0.0030783073294909837,0.0030783073294909837,False,
1,M4_FULL_LEGAL_LOGISTIC,harm,action_vote_entropy,0.03638346863419987,0.03638346863419987,False,
1,M4_FULL_LEGAL_LOGISTIC,harm,action_vote_fraction_class1,0.04473456000921951,0.04473456000921951,False,
1,M4_FULL_LEGAL_LOGISTIC,harm,action_vs_b6_disagreement,1.4304923282677673,1.4304923282677673,False,
1,M4_FULL_LEGAL_LOGISTIC,harm,b6_margin,-0.03020720019186567,0.03020720019186567,False,
1,M4_FULL_LEGAL_LOGISTIC,harm,b6_probability,-0.29862812336163563,0.29862812336163563,False,
1,M4_FULL_LEGAL_LOGISTIC,harm,base_abs_margin,0.15693759055003562,0.15693759055003562,False,
1,M4_FULL_LEGAL_LOGISTIC,harm,base_disagreeing_run_count,-0.03830775731333627,0.03830775731333627,False,
1,M4_FULL_LEGAL_LOGISTIC,harm,base_entropy,0.0883865668885433,0.0883865668885433,False,
1,M4_FULL_LEGAL_LOGISTIC,harm,base_majority_strength,-0.04306457810227257,0.04306457810227257,False,
1,M4_FULL_LEGAL_LOGISTIC,harm,base_margin_range,0.014442832103172177,0.014442832103172177,False,
1,M4_FULL_LEGAL_LOGISTIC,harm,base_max_margin,0.16635878301663876,0.16635878301663876,False,
1,M4_FULL_LEGAL_LOGISTIC,harm,base_max_probability,-0.01573682726670974,0.01573682726670974,False,
1,M4_FULL_LEGAL_LOGISTIC,harm,base_min_margin,0.16097331985950808,0.16097331985950808,False,
1,M4_FULL_LEGAL_LOGISTIC,harm,base_min_probability,-0.09317916215709823,0.09317916215709823,False,
1,M4_FULL_LEGAL_LOGISTIC,harm,base_run_margin_std,-0.22161473454391806,0.22161473454391806,False,
1,M4_FULL_LEGAL_LOGISTIC,harm,base_run_probability_std,-0.17586351979943934,0.17586351979943934,False,
1,M4_FULL_LEGAL_LOGISTIC,harm,base_vote_entropy,0.05398801698589335,0.05398801698589335,False,
1,M4_FULL_LEGAL_LOGISTIC,harm,base_vote_fraction_class1,0.23702146394481355,0.23702146394481355,False,
1,M4_FULL_LEGAL_LOGISTIC,harm,is_amplify,0.010204936588146142,0.010204936588146142,False,
1,M4_FULL_LEGAL_LOGISTIC,harm,is_erase,0.02296083961537954,0.02296083961537954,False,
1,M4_FULL_LEGAL_LOGISTIC,harm,is_geometry,-0.033165776203418484,0.033165776203418484,False,
1,M4_FULL_LEGAL_LOGISTIC,harm,movement_run_max,0.0033596759906859806,0.0033596759906859806,False,
1,M4_FULL_LEGAL_LOGISTIC,harm,movement_run_min,-0.03985876189460252,0.03985876189460252,False,
1,M4_FULL_LEGAL_LOGISTIC,harm,movement_run_std,0.03556204405613397,0.03556204405613397,False,
1,M4_FULL_LEGAL_LOGISTIC,harm,movement_sign_agreement,0.09461004912325058,0.09461004912325058,False,
1,M4_FULL_LEGAL_LOGISTIC,harm,n_runs,-0.07548316913951217,0.07548316913951217,False,
1,M4_FULL_LEGAL_LOGISTIC,harm,persist_mean_original_agreement_base_geo,0.04640695458565982,0.04640695458565982,False,
1,M4_FULL_LEGAL_LOGISTIC,harm,persist_mean_original_agreement_full_erase,-0.11835043550040782,0.11835043550040782,False,
1,M4_FULL_LEGAL_LOGISTIC,harm,persist_mean_original_confidence_diff_base_geo,0.14351702618084336,0.14351702618084336,False,
1,M4_FULL_LEGAL_LOGISTIC,harm,persist_mean_original_delta_p_l2,-0.12519214839750778,0.12519214839750778,False,
1,M4_FULL_LEGAL_LOGISTIC,harm,persist_mean_original_entropy_change_full_erase,0.09279121433633677,0.09279121433633677,False,
1,M4_FULL_LEGAL_LOGISTIC,harm,persist_mean_original_entropy_full,0.12629175522187044,0.12629175522187044,False,
1,M4_FULL_LEGAL_LOGISTIC,harm,persist_mean_original_entropy_geo,0.037694503274464664,0.037694503274464664,False,
1,M4_FULL_LEGAL_LOGISTIC,harm,persist_mean_original_js_base_geo,0.11716464263564606,0.11716464263564606,False,
1,M4_FULL_LEGAL_LOGISTIC,harm,persist_mean_original_js_full_erase,0.24017285485780074,0.24017285485780074,False,
1,M4_FULL_LEGAL_LOGISTIC,harm,persist_mean_original_kl_full_erase,0.17665043892661983,0.17665043892661983,False,
1,M4_FULL_LEGAL_LOGISTIC,harm,persist_mean_original_logit_norm_full,0.016640791026896095,0.016640791026896095,False,
1,M4_FULL_LEGAL_LOGISTIC,harm,persist_mean_original_margin_change_full_erase,0.15072794044915191,0.15072794044915191,False,
1,M4_FULL_LEGAL_LOGISTIC,harm,persist_mean_original_margin_geo,0.0032095238257313693,0.0032095238257313693,False,
1,M4_FULL_LEGAL_LOGISTIC,harm,persist_mean_original_nll_proxy_full,-0.1541203440627758,0.1541203440627758,False,
1,M4_FULL_LEGAL_LOGISTIC,harm,persist_mean_original_p_full_max,0.08582368229199278,0.08582368229199278,False,
1,M4_FULL_LEGAL_LOGISTIC,harm,persist_mean_original_probability_shift_l1,-0.23476598001503166,0.23476598001503166,False,
1,M4_FULL_LEGAL_LOGISTIC,harm,persist_mean_original_protected_slot0_contribution_norm,0.07682877733210573,0.07682877733210573,False,
1,M4_FULL_LEGAL_LOGISTIC,harm,persist_mean_original_protected_slot0_geometry_margin,0.09735656601174268,0.09735656601174268,False,
1,M4_FULL_LEGAL_LOGISTIC,harm,persist_mean_original_protected_slot0_present,0.0,0.0,False,
1,M4_FULL_LEGAL_LOGISTIC,harm,persist_mean_original_protected_slot0_projection,-0.05259871574873941,0.05259871574873941,False,
1,M4_FULL_LEGAL_LOGISTIC,harm,persist_mean_original_protected_slot0_prototype_distance_difference,0.08236647754745142,0.08236647754745142,False,
1,M4_FULL_LEGAL_LOGISTIC,harm,persist_mean_original_protected_slot0_signed_midpoint_distance,-0.030839333146575373,0.030839333146575373,False,
1,M4_FULL_LEGAL_LOGISTIC,harm,persist_mean_original_protected_slot0_weighted_geometry_score,-0.05908579202912832,0.05908579202912832,False,
1,M4_FULL_LEGAL_LOGISTIC,harm,persist_mean_original_protected_slot1_contribution_norm,-0.08615052396609783,0.08615052396609783,False,
1,M4_FULL_LEGAL_LOGISTIC,harm,persist_mean_original_protected_slot1_geometry_margin,-0.018365725746511664,0.018365725746511664,False,
1,M4_FULL_LEGAL_LOGISTIC,harm,persist_mean_original_protected_slot1_present,0.14533401372090954,0.14533401372090954,False,
1,M4_FULL_LEGAL_LOGISTIC,harm,persist_mean_original_protected_slot1_projection,-0.036763630674829885,0.036763630674829885,False,
1,M4_FULL_LEGAL_LOGISTIC,harm,persist_mean_original_protected_slot1_prototype_distance_difference,0.04286409295122703,0.04286409295122703,False,
1,M4_FULL_LEGAL_LOGISTIC,harm,persist_mean_original_protected_slot1_signed_midpoint_distance,-0.009063738289745629,0.009063738289745629,False,
1,M4_FULL_LEGAL_LOGISTIC,harm,persist_mean_original_protected_slot1_weighted_geometry_score,-0.1620674534868976,0.1620674534868976,False,
1,M4_FULL_LEGAL_LOGISTIC,harm,persist_mean_original_top2_margin_full,0.0858237635141102,0.0858237635141102,False,
1,M4_FULL_LEGAL_LOGISTIC,harm,persist_std_original_agreement_base_geo,-0.07860381710097551,0.07860381710097551,False,
1,M4_FULL_LEGAL_LOGISTIC,harm,persist_std_original_agreement_full_erase,0.05276113486706809,0.05276113486706809,False,
1,M4_FULL_LEGAL_LOGISTIC,harm,persist_std_original_confidence_diff_base_geo,-0.07236404840667467,0.07236404840667467,False,
1,M4_FULL_LEGAL_LOGISTIC,harm,persist_std_original_delta_p_l2,-0.15438595140073602,0.15438595140073602,False,
1,M4_FULL_LEGAL_LOGISTIC,harm,persist_std_original_entropy_change_full_erase,0.07446761888470943,0.07446761888470943,False,
1,M4_FULL_LEGAL_LOGISTIC,harm,persist_std_original_entropy_full,0.12902789650776175,0.12902789650776175,False,
1,M4_FULL_LEGAL_LOGISTIC,harm,persist_std_original_entropy_geo,0.02682941895575415,0.02682941895575415,False,
1,M4_FULL_LEGAL_LOGISTIC,harm,persist_std_original_js_base_geo,-0.024683767653799586,0.024683767653799586,False,
1,M4_FULL_LEGAL_LOGISTIC,harm,persist_std_original_js_full_erase,0.008170316102421638,0.008170316102421638,False,
1,M4_FULL_LEGAL_LOGISTIC,harm,persist_std_original_kl_full_erase,0.07283605809000378,0.07283605809000378,False,
1,M4_FULL_LEGAL_LOGISTIC,harm,persist_std_original_logit_norm_full,0.162632823906394,0.162632823906394,False,
1,M4_FULL_LEGAL_LOGISTIC,harm,persist_std_original_margin_change_full_erase,-0.036469878741124805,0.036469878741124805,False,
1,M4_FULL_LEGAL_LOGISTIC,harm,persist_std_original_margin_geo,0.00035069506915019505,0.00035069506915019505,False,
1,M4_FULL_LEGAL_LOGISTIC,harm,persist_std_original_nll_proxy_full,0.02698687352356266,0.02698687352356266,False,
1,M4_FULL_LEGAL_LOGISTIC,harm,persist_std_original_p_full_max,0.08386191201871504,0.08386191201871504,False,
1,M4_FULL_LEGAL_LOGISTIC,harm,persist_std_original_probability_shift_l1,0.052667361068583156,0.052667361068583156,False,
1,M4_FULL_LEGAL_LOGISTIC,harm,persist_std_original_protected_slot0_contribution_norm,0.009947361710316873,0.009947361710316873,False,
1,M4_FULL_LEGAL_LOGISTIC,harm,persist_std_original_protected_slot0_geometry_margin,0.03292892761280762,0.03292892761280762,False,
1,M4_FULL_LEGAL_LOGISTIC,harm,persist_std_original_protected_slot0_present,0.0,0.0,False,
1,M4_FULL_LEGAL_LOGISTIC,harm,persist_std_original_protected_slot0_projection,-0.1653604052640329,0.1653604052640329,False,
1,M4_FULL_LEGAL_LOGISTIC,harm,persist_std_original_protected_slot0_prototype_distance_difference,-0.0038870012582653555,0.0038870012582653555,False,
1,M4_FULL_LEGAL_LOGISTIC,harm,persist_std_original_protected_slot0_signed_midpoint_distance,0.032136559570800055,0.032136559570800055,False,
1,M4_FULL_LEGAL_LOGISTIC,harm,persist_std_original_protected_slot0_weighted_geometry_score,0.08591724948910139,0.08591724948910139,False,
1,M4_FULL_LEGAL_LOGISTIC,harm,persist_std_original_protected_slot1_contribution_norm,0.017018207959780655,0.017018207959780655,False,
1,M4_FULL_LEGAL_LOGISTIC,harm,persist_std_original_protected_slot1_geometry_margin,-0.0517349268590815,0.0517349268590815,False,
1,M4_FULL_LEGAL_LOGISTIC,harm,persist_std_original_protected_slot1_present,0.2944079517086475,0.2944079517086475,False,
1,M4_FULL_LEGAL_LOGISTIC,harm,persist_std_original_protected_slot1_projection,-0.09955391451668075,0.09955391451668075,False,
1,M4_FULL_LEGAL_LOGISTIC,harm,persist_std_original_protected_slot1_prototype_distance_difference,-0.015410453970872403,0.015410453970872403,False,
1,M4_FULL_LEGAL_LOGISTIC,harm,persist_std_original_protected_slot1_signed_midpoint_distance,0.13373654394067294,0.13373654394067294,False,
1,M4_FULL_LEGAL_LOGISTIC,harm,persist_std_original_protected_slot1_weighted_geometry_score,0.12190876907649235,0.12190876907649235,False,
1,M4_FULL_LEGAL_LOGISTIC,harm,persist_std_original_top2_margin_full,0.08386165828677228,0.08386165828677228,False,
1,M4_FULL_LEGAL_LOGISTIC,harm,protected_safe,-0.02296083961538035,0.02296083961538035,False,
1,I006_CONDITIONAL_ACTION_LOGISTIC,conditional_rescue,action_abs_margin,-0.012647317775962256,0.012647317775962256,False,AMPLIFY
1,I006_CONDITIONAL_ACTION_LOGISTIC,conditional_rescue,action_entropy,-0.013139184300064168,0.013139184300064168,False,AMPLIFY
1,I006_CONDITIONAL_ACTION_LOGISTIC,conditional_rescue,action_majority_strength,0.008870302633974285,0.008870302633974285,False,AMPLIFY
1,I006_CONDITIONAL_ACTION_LOGISTIC,conditional_rescue,action_margin_movement,0.030650179182867207,0.030650179182867207,False,AMPLIFY
1,I006_CONDITIONAL_ACTION_LOGISTIC,conditional_rescue,action_margin_range,0.03727632633382499,0.03727632633382499,False,AMPLIFY
1,I006_CONDITIONAL_ACTION_LOGISTIC,conditional_rescue,action_max_margin,0.045234534949952845,0.045234534949952845,False,AMPLIFY
1,I006_CONDITIONAL_ACTION_LOGISTIC,conditional_rescue,action_min_margin,-0.02250189096546644,0.02250189096546644,False,AMPLIFY
1,I006_CONDITIONAL_ACTION_LOGISTIC,conditional_rescue,action_probability_movement,0.028994110606167082,0.028994110606167082,False,AMPLIFY
1,I006_CONDITIONAL_ACTION_LOGISTIC,conditional_rescue,action_run_margin_std,0.03315868181313954,0.03315868181313954,False,AMPLIFY
1,I006_CONDITIONAL_ACTION_LOGISTIC,conditional_rescue,action_run_probability_std,0.06535376806608194,0.06535376806608194,False,AMPLIFY
1,I006_CONDITIONAL_ACTION_LOGISTIC,conditional_rescue,action_vote_entropy,0.04335948959232366,0.04335948959232366,False,AMPLIFY
1,I006_CONDITIONAL_ACTION_LOGISTIC,conditional_rescue,action_vote_fraction_class1,0.03859374492639593,0.03859374492639593,False,AMPLIFY
1,I006_CONDITIONAL_ACTION_LOGISTIC,conditional_rescue,b6_margin,-0.00824396867946744,0.00824396867946744,False,AMPLIFY
1,I006_CONDITIONAL_ACTION_LOGISTIC,conditional_rescue,b6_probability,-0.006804418137463808,0.006804418137463808,False,AMPLIFY
1,I006_CONDITIONAL_ACTION_LOGISTIC,conditional_rescue,base_abs_margin,0.004571889356958498,0.004571889356958498,False,AMPLIFY
1,I006_CONDITIONAL_ACTION_LOGISTIC,conditional_rescue,base_disagreeing_run_count,-0.026542468125415313,0.026542468125415313,False,AMPLIFY
1,I006_CONDITIONAL_ACTION_LOGISTIC,conditional_rescue,base_entropy,-0.04086710388440789,0.04086710388440789,False,AMPLIFY
1,I006_CONDITIONAL_ACTION_LOGISTIC,conditional_rescue,base_majority_strength,0.07378345280805744,0.07378345280805744,False,AMPLIFY
1,I006_CONDITIONAL_ACTION_LOGISTIC,conditional_rescue,base_margin_range,-0.019342628652796408,0.019342628652796408,False,AMPLIFY
1,I006_CONDITIONAL_ACTION_LOGISTIC,conditional_rescue,base_max_margin,-0.041936092856247054,0.041936092856247054,False,AMPLIFY
1,I006_CONDITIONAL_ACTION_LOGISTIC,conditional_rescue,base_max_probability,-0.022047179563236628,0.022047179563236628,False,AMPLIFY
1,I006_CONDITIONAL_ACTION_LOGISTIC,conditional_rescue,base_min_margin,-0.011033185579001032,0.011033185579001032,False,AMPLIFY
1,I006_CONDITIONAL_ACTION_LOGISTIC,conditional_rescue,base_min_probability,-0.017951613619240317,0.017951613619240317,False,AMPLIFY
1,I006_CONDITIONAL_ACTION_LOGISTIC,conditional_rescue,base_run_margin_std,-0.010906057925506647,0.010906057925506647,False,AMPLIFY
1,I006_CONDITIONAL_ACTION_LOGISTIC,conditional_rescue,base_run_probability_std,0.0015796427571372832,0.0015796427571372832,False,AMPLIFY
1,I006_CONDITIONAL_ACTION_LOGISTIC,conditional_rescue,base_vote_entropy,-0.05519370905296953,0.05519370905296953,False,AMPLIFY
1,I006_CONDITIONAL_ACTION_LOGISTIC,conditional_rescue,base_vote_fraction_class1,-0.05139547321508805,0.05139547321508805,False,AMPLIFY
1,I006_CONDITIONAL_ACTION_LOGISTIC,conditional_rescue,movement_run_max,0.0721002346556119,0.0721002346556119,False,AMPLIFY
1,I006_CONDITIONAL_ACTION_LOGISTIC,conditional_rescue,movement_run_min,0.0007722182076867302,0.0007722182076867302,False,AMPLIFY
1,I006_CONDITIONAL_ACTION_LOGISTIC,conditional_rescue,movement_run_std,0.03387963783675331,0.03387963783675331,False,AMPLIFY
1,I006_CONDITIONAL_ACTION_LOGISTIC,conditional_rescue,movement_sign_agreement,0.0023134441157925323,0.0023134441157925323,False,AMPLIFY
1,I006_CONDITIONAL_ACTION_LOGISTIC,conditional_rescue,n_runs,0.04863124395011015,0.04863124395011015,False,AMPLIFY
1,I006_CONDITIONAL_ACTION_LOGISTIC,conditional_rescue,persist_mean_original_agreement_base_geo,-0.057436364189524976,0.057436364189524976,False,AMPLIFY
1,I006_CONDITIONAL_ACTION_LOGISTIC,conditional_rescue,persist_mean_original_agreement_full_erase,0.0309523467078333,0.0309523467078333,False,AMPLIFY
1,I006_CONDITIONAL_ACTION_LOGISTIC,conditional_rescue,persist_mean_original_confidence_diff_base_geo,0.0027209269108866433,0.0027209269108866433,False,AMPLIFY
1,I006_CONDITIONAL_ACTION_LOGISTIC,conditional_rescue,persist_mean_original_delta_p_l2,0.03597416072010309,0.03597416072010309,False,AMPLIFY
1,I006_CONDITIONAL_ACTION_LOGISTIC,conditional_rescue,persist_mean_original_entropy_change_full_erase,-0.0021356338502826282,0.0021356338502826282,False,AMPLIFY
1,I006_CONDITIONAL_ACTION_LOGISTIC,conditional_rescue,persist_mean_original_entropy_full,0.01733891825254285,0.01733891825254285,False,AMPLIFY
1,I006_CONDITIONAL_ACTION_LOGISTIC,conditional_rescue,persist_mean_original_entropy_geo,0.0039432846095341775,0.0039432846095341775,False,AMPLIFY
1,I006_CONDITIONAL_ACTION_LOGISTIC,conditional_rescue,persist_mean_original_js_base_geo,-0.025792700392510245,0.025792700392510245,False,AMPLIFY
1,I006_CONDITIONAL_ACTION_LOGISTIC,conditional_rescue,persist_mean_original_js_full_erase,0.03512677366423416,0.03512677366423416,False,AMPLIFY
1,I006_CONDITIONAL_ACTION_LOGISTIC,conditional_rescue,persist_mean_original_kl_full_erase,0.018143789859173663,0.018143789859173663,False,AMPLIFY
1,I006_CONDITIONAL_ACTION_LOGISTIC,conditional_rescue,persist_mean_original_logit_norm_full,-0.013924728482224449,0.013924728482224449,False,AMPLIFY
1,I006_CONDITIONAL_ACTION_LOGISTIC,conditional_rescue,persist_mean_original_margin_change_full_erase,-2.7359982439120514e-07,2.7359982439120514e-07,False,AMPLIFY
1,I006_CONDITIONAL_ACTION_LOGISTIC,conditional_rescue,persist_mean_original_margin_geo,0.013871647434354904,0.013871647434354904,False,AMPLIFY
1,I006_CONDITIONAL_ACTION_LOGISTIC,conditional_rescue,persist_mean_original_nll_proxy_full,-0.027728098668468197,0.027728098668468197,False,AMPLIFY
1,I006_CONDITIONAL_ACTION_LOGISTIC,conditional_rescue,persist_mean_original_p_full_max,0.02037673354962642,0.02037673354962642,False,AMPLIFY
1,I006_CONDITIONAL_ACTION_LOGISTIC,conditional_rescue,persist_mean_original_probability_shift_l1,0.06882943189176173,0.06882943189176173,False,AMPLIFY
1,I006_CONDITIONAL_ACTION_LOGISTIC,conditional_rescue,persist_mean_original_protected_slot0_contribution_norm,-0.011341674680437348,0.011341674680437348,False,AMPLIFY
1,I006_CONDITIONAL_ACTION_LOGISTIC,conditional_rescue,persist_mean_original_protected_slot0_geometry_margin,-0.03860526932263828,0.03860526932263828,False,AMPLIFY
1,I006_CONDITIONAL_ACTION_LOGISTIC,conditional_rescue,persist_mean_original_protected_slot0_present,0.0,0.0,False,AMPLIFY
1,I006_CONDITIONAL_ACTION_LOGISTIC,conditional_rescue,persist_mean_original_protected_slot0_projection,-0.015248560892814695,0.015248560892814695,False,AMPLIFY
1,I006_CONDITIONAL_ACTION_LOGISTIC,conditional_rescue,persist_mean_original_protected_slot0_prototype_distance_difference,-0.023514187362041895,0.023514187362041895,False,AMPLIFY
1,I006_CONDITIONAL_ACTION_LOGISTIC,conditional_rescue,persist_mean_original_protected_slot0_signed_midpoint_distance,-0.017968575330235655,0.017968575330235655,False,AMPLIFY
1,I006_CONDITIONAL_ACTION_LOGISTIC,conditional_rescue,persist_mean_original_protected_slot0_weighted_geometry_score,-0.03506415845136057,0.03506415845136057,False,AMPLIFY
1,I006_CONDITIONAL_ACTION_LOGISTIC,conditional_rescue,persist_mean_original_protected_slot1_contribution_norm,-0.001933976817056347,0.001933976817056347,False,AMPLIFY
1,I006_CONDITIONAL_ACTION_LOGISTIC,conditional_rescue,persist_mean_original_protected_slot1_geometry_margin,0.029485800999225795,0.029485800999225795,False,AMPLIFY
1,I006_CONDITIONAL_ACTION_LOGISTIC,conditional_rescue,persist_mean_original_protected_slot1_present,0.011206515363647949,0.011206515363647949,False,AMPLIFY
1,I006_CONDITIONAL_ACTION_LOGISTIC,conditional_rescue,persist_mean_original_protected_slot1_projection,0.03168583769624347,0.03168583769624347,False,AMPLIFY
1,I006_CONDITIONAL_ACTION_LOGISTIC,conditional_rescue,persist_mean_original_protected_slot1_prototype_distance_difference,0.043525399627994774,0.043525399627994774,False,AMPLIFY
1,I006_CONDITIONAL_ACTION_LOGISTIC,conditional_rescue,persist_mean_original_protected_slot1_signed_midpoint_distance,0.02822263657677288,0.02822263657677288,False,AMPLIFY
1,I006_CONDITIONAL_ACTION_LOGISTIC,conditional_rescue,persist_mean_original_protected_slot1_weighted_geometry_score,0.016636386641964887,0.016636386641964887,False,AMPLIFY
1,I006_CONDITIONAL_ACTION_LOGISTIC,conditional_rescue,persist_mean_original_top2_margin_full,0.020376730408385176,0.020376730408385176,False,AMPLIFY
1,I006_CONDITIONAL_ACTION_LOGISTIC,conditional_rescue,persist_std_original_agreement_base_geo,0.08208535738692077,0.08208535738692077,False,AMPLIFY
1,I006_CONDITIONAL_ACTION_LOGISTIC,conditional_rescue,persist_std_original_agreement_full_erase,0.029005283481109714,0.029005283481109714,False,AMPLIFY
1,I006_CONDITIONAL_ACTION_LOGISTIC,conditional_rescue,persist_std_original_confidence_diff_base_geo,0.011705229587087094,0.011705229587087094,False,AMPLIFY
1,I006_CONDITIONAL_ACTION_LOGISTIC,conditional_rescue,persist_std_original_delta_p_l2,-0.0037632135093540343,0.0037632135093540343,False,AMPLIFY
1,I006_CONDITIONAL_ACTION_LOGISTIC,conditional_rescue,persist_std_original_entropy_change_full_erase,-0.016365084532116582,0.016365084532116582,False,AMPLIFY
1,I006_CONDITIONAL_ACTION_LOGISTIC,conditional_rescue,persist_std_original_entropy_full,-0.030204108783239526,0.030204108783239526,False,AMPLIFY
1,I006_CONDITIONAL_ACTION_LOGISTIC,conditional_rescue,persist_std_original_entropy_geo,-0.026027319638704464,0.026027319638704464,False,AMPLIFY
1,I006_CONDITIONAL_ACTION_LOGISTIC,conditional_rescue,persist_std_original_js_base_geo,-0.040707483749768576,0.040707483749768576,False,AMPLIFY
1,I006_CONDITIONAL_ACTION_LOGISTIC,conditional_rescue,persist_std_original_js_full_erase,-0.005814571859737755,0.005814571859737755,False,AMPLIFY
1,I006_CONDITIONAL_ACTION_LOGISTIC,conditional_rescue,persist_std_original_kl_full_erase,-0.025291247907479605,0.025291247907479605,False,AMPLIFY
1,I006_CONDITIONAL_ACTION_LOGISTIC,conditional_rescue,persist_std_original_logit_norm_full,-0.03995193331061838,0.03995193331061838,False,AMPLIFY
1,I006_CONDITIONAL_ACTION_LOGISTIC,conditional_rescue,persist_std_original_margin_change_full_erase,0.020839683263078917,0.020839683263078917,False,AMPLIFY
1,I006_CONDITIONAL_ACTION_LOGISTIC,conditional_rescue,persist_std_original_margin_geo,0.035563452422550546,0.035563452422550546,False,AMPLIFY
1,I006_CONDITIONAL_ACTION_LOGISTIC,conditional_rescue,persist_std_original_nll_proxy_full,-0.013274102821114858,0.013274102821114858,False,AMPLIFY
1,I006_CONDITIONAL_ACTION_LOGISTIC,conditional_rescue,persist_std_original_p_full_max,-0.01653002698271216,0.01653002698271216,False,AMPLIFY
1,I006_CONDITIONAL_ACTION_LOGISTIC,conditional_rescue,persist_std_original_probability_shift_l1,0.017450638577330365,0.017450638577330365,False,AMPLIFY
1,I006_CONDITIONAL_ACTION_LOGISTIC,conditional_rescue,persist_std_original_protected_slot0_contribution_norm,-0.010211757697685541,0.010211757697685541,False,AMPLIFY
1,I006_CONDITIONAL_ACTION_LOGISTIC,conditional_rescue,persist_std_original_protected_slot0_geometry_margin,-0.06023250131042547,0.06023250131042547,False,AMPLIFY
1,I006_CONDITIONAL_ACTION_LOGISTIC,conditional_rescue,persist_std_original_protected_slot0_present,0.0,0.0,False,AMPLIFY
1,I006_CONDITIONAL_ACTION_LOGISTIC,conditional_rescue,persist_std_original_protected_slot0_projection,0.026683481203521747,0.026683481203521747,False,AMPLIFY
1,I006_CONDITIONAL_ACTION_LOGISTIC,conditional_rescue,persist_std_original_protected_slot0_prototype_distance_difference,0.020233375252225967,0.020233375252225967,False,AMPLIFY
1,I006_CONDITIONAL_ACTION_LOGISTIC,conditional_rescue,persist_std_original_protected_slot0_signed_midpoint_distance,0.008772101072606484,0.008772101072606484,False,AMPLIFY
1,I006_CONDITIONAL_ACTION_LOGISTIC,conditional_rescue,persist_std_original_protected_slot0_weighted_geometry_score,-0.050102830849045724,0.050102830849045724,False,AMPLIFY
1,I006_CONDITIONAL_ACTION_LOGISTIC,conditional_rescue,persist_std_original_protected_slot1_contribution_norm,-0.0670049695055142,0.0670049695055142,False,AMPLIFY
1,I006_CONDITIONAL_ACTION_LOGISTIC,conditional_rescue,persist_std_original_protected_slot1_geometry_margin,0.02134006583003202,0.02134006583003202,False,AMPLIFY
1,I006_CONDITIONAL_ACTION_LOGISTIC,conditional_rescue,persist_std_original_protected_slot1_present,-0.016973581539056187,0.016973581539056187,False,AMPLIFY
1,I006_CONDITIONAL_ACTION_LOGISTIC,conditional_rescue,persist_std_original_protected_slot1_projection,-0.031220409993350472,0.031220409993350472,False,AMPLIFY
1,I006_CONDITIONAL_ACTION_LOGISTIC,conditional_rescue,persist_std_original_protected_slot1_prototype_distance_difference,0.02297525305721228,0.02297525305721228,False,AMPLIFY
1,I006_CONDITIONAL_ACTION_LOGISTIC,conditional_rescue,persist_std_original_protected_slot1_signed_midpoint_distance,-0.04768268218202764,0.04768268218202764,False,AMPLIFY
1,I006_CONDITIONAL_ACTION_LOGISTIC,conditional_rescue,persist_std_original_protected_slot1_weighted_geometry_score,-0.05706507184986568,0.05706507184986568,False,AMPLIFY
1,I006_CONDITIONAL_ACTION_LOGISTIC,conditional_rescue,persist_std_original_top2_margin_full,-0.016530022119826536,0.016530022119826536,False,AMPLIFY
1,I006_CONDITIONAL_ACTION_LOGISTIC,conditional_rescue,action_abs_margin,0.01614746131353841,0.01614746131353841,False,GEOMETRY
1,I006_CONDITIONAL_ACTION_LOGISTIC,conditional_rescue,action_entropy,-0.030541765063850212,0.030541765063850212,False,GEOMETRY
1,I006_CONDITIONAL_ACTION_LOGISTIC,conditional_rescue,action_majority_strength,-0.0041950118627935035,0.0041950118627935035,False,GEOMETRY
1,I006_CONDITIONAL_ACTION_LOGISTIC,conditional_rescue,action_margin_movement,0.0015905106203362223,0.0015905106203362223,False,GEOMETRY
1,I006_CONDITIONAL_ACTION_LOGISTIC,conditional_rescue,action_margin_range,0.020537694617851918,0.020537694617851918,False,GEOMETRY
1,I006_CONDITIONAL_ACTION_LOGISTIC,conditional_rescue,action_max_margin,0.06437112406277729,0.06437112406277729,False,GEOMETRY
1,I006_CONDITIONAL_ACTION_LOGISTIC,conditional_rescue,action_min_margin,0.025415600730757184,0.025415600730757184,False,GEOMETRY
1,I006_CONDITIONAL_ACTION_LOGISTIC,conditional_rescue,action_probability_movement,-0.0015788865597882863,0.0015788865597882863,False,GEOMETRY
1,I006_CONDITIONAL_ACTION_LOGISTIC,conditional_rescue,action_run_margin_std,0.007376137421709593,0.007376137421709593,False,GEOMETRY
1,I006_CONDITIONAL_ACTION_LOGISTIC,conditional_rescue,action_run_probability_std,0.03264534422440074,0.03264534422440074,False,GEOMETRY
1,I006_CONDITIONAL_ACTION_LOGISTIC,conditional_rescue,action_vote_entropy,0.04391295448046745,0.04391295448046745,False,GEOMETRY
1,I006_CONDITIONAL_ACTION_LOGISTIC,conditional_rescue,action_vote_fraction_class1,-0.011393612003940214,0.011393612003940214,False,GEOMETRY
1,I006_CONDITIONAL_ACTION_LOGISTIC,conditional_rescue,b6_margin,0.015468697101431539,0.015468697101431539,False,GEOMETRY
1,I006_CONDITIONAL_ACTION_LOGISTIC,conditional_rescue,b6_probability,0.021424514747494232,0.021424514747494232,False,GEOMETRY
1,I006_CONDITIONAL_ACTION_LOGISTIC,conditional_rescue,base_abs_margin,-0.06348678704330335,0.06348678704330335,False,GEOMETRY
1,I006_CONDITIONAL_ACTION_LOGISTIC,conditional_rescue,base_disagreeing_run_count,0.005873972148372521,0.005873972148372521,False,GEOMETRY
1,I006_CONDITIONAL_ACTION_LOGISTIC,conditional_rescue,base_entropy,0.05629084592798777,0.05629084592798777,False,GEOMETRY
1,I006_CONDITIONAL_ACTION_LOGISTIC,conditional_rescue,base_majority_strength,-0.016103723482381344,0.016103723482381344,False,GEOMETRY
1,I006_CONDITIONAL_ACTION_LOGISTIC,conditional_rescue,base_margin_range,0.005080299784327591,0.005080299784327591,False,GEOMETRY
1,I006_CONDITIONAL_ACTION_LOGISTIC,conditional_rescue,base_max_margin,-0.025835275513606704,0.025835275513606704,False,GEOMETRY
1,I006_CONDITIONAL_ACTION_LOGISTIC,conditional_rescue,base_max_probability,0.008538361388899183,0.008538361388899183,False,GEOMETRY
1,I006_CONDITIONAL_ACTION_LOGISTIC,conditional_rescue,base_min_margin,-0.03338623768801037,0.03338623768801037,False,GEOMETRY
1,I006_CONDITIONAL_ACTION_LOGISTIC,conditional_rescue,base_min_probability,-0.034265499923028964,0.034265499923028964,False,GEOMETRY
1,I006_CONDITIONAL_ACTION_LOGISTIC,conditional_rescue,base_run_margin_std,0.02426630758951999,0.02426630758951999,False,GEOMETRY
1,I006_CONDITIONAL_ACTION_LOGISTIC,conditional_rescue,base_run_probability_std,0.05138348254822009,0.05138348254822009,False,GEOMETRY
1,I006_CONDITIONAL_ACTION_LOGISTIC,conditional_rescue,base_vote_entropy,0.05551906732680763,0.05551906732680763,False,GEOMETRY
1,I006_CONDITIONAL_ACTION_LOGISTIC,conditional_rescue,base_vote_fraction_class1,-0.028552384684585114,0.028552384684585114,False,GEOMETRY
1,I006_CONDITIONAL_ACTION_LOGISTIC,conditional_rescue,movement_run_max,-0.016759297269916377,0.016759297269916377,False,GEOMETRY
1,I006_CONDITIONAL_ACTION_LOGISTIC,conditional_rescue,movement_run_min,-0.012776582913159688,0.012776582913159688,False,GEOMETRY
1,I006_CONDITIONAL_ACTION_LOGISTIC,conditional_rescue,movement_run_std,-0.026072456115464344,0.026072456115464344,False,GEOMETRY
1,I006_CONDITIONAL_ACTION_LOGISTIC,conditional_rescue,movement_sign_agreement,-0.005135149452414469,0.005135149452414469,False,GEOMETRY
1,I006_CONDITIONAL_ACTION_LOGISTIC,conditional_rescue,n_runs,0.028000479565046518,0.028000479565046518,False,GEOMETRY
1,I006_CONDITIONAL_ACTION_LOGISTIC,conditional_rescue,persist_mean_original_agreement_base_geo,-0.08625280173155253,0.08625280173155253,False,GEOMETRY
1,I006_CONDITIONAL_ACTION_LOGISTIC,conditional_rescue,persist_mean_original_agreement_full_erase,0.042009731607056136,0.042009731607056136,False,GEOMETRY
1,I006_CONDITIONAL_ACTION_LOGISTIC,conditional_rescue,persist_mean_original_confidence_diff_base_geo,-0.05531087821284227,0.05531087821284227,False,GEOMETRY
1,I006_CONDITIONAL_ACTION_LOGISTIC,conditional_rescue,persist_mean_original_delta_p_l2,0.03584384277321558,0.03584384277321558,False,GEOMETRY
1,I006_CONDITIONAL_ACTION_LOGISTIC,conditional_rescue,persist_mean_original_entropy_change_full_erase,-0.015730575056072903,0.015730575056072903,False,GEOMETRY
1,I006_CONDITIONAL_ACTION_LOGISTIC,conditional_rescue,persist_mean_original_entropy_full,0.03312431080944678,0.03312431080944678,False,GEOMETRY
1,I006_CONDITIONAL_ACTION_LOGISTIC,conditional_rescue,persist_mean_original_entropy_geo,-0.026337825224612057,0.026337825224612057,False,GEOMETRY
1,I006_CONDITIONAL_ACTION_LOGISTIC,conditional_rescue,persist_mean_original_js_base_geo,-0.04899108137743556,0.04899108137743556,False,GEOMETRY
1,I006_CONDITIONAL_ACTION_LOGISTIC,conditional_rescue,persist_mean_original_js_full_erase,0.0218094052625722,0.0218094052625722,False,GEOMETRY
1,I006_CONDITIONAL_ACTION_LOGISTIC,conditional_rescue,persist_mean_original_kl_full_erase,0.01081541218225547,0.01081541218225547,False,GEOMETRY
1,I006_CONDITIONAL_ACTION_LOGISTIC,conditional_rescue,persist_mean_original_logit_norm_full,-0.003698939252797211,0.003698939252797211,False,GEOMETRY
1,I006_CONDITIONAL_ACTION_LOGISTIC,conditional_rescue,persist_mean_original_margin_change_full_erase,-0.0003371542913846804,0.0003371542913846804,False,GEOMETRY
1,I006_CONDITIONAL_ACTION_LOGISTIC,conditional_rescue,persist_mean_original_margin_geo,0.048698708674641385,0.048698708674641385,False,GEOMETRY
1,I006_CONDITIONAL_ACTION_LOGISTIC,conditional_rescue,persist_mean_original_nll_proxy_full,0.013051897488358298,0.013051897488358298,False,GEOMETRY
1,I006_CONDITIONAL_ACTION_LOGISTIC,conditional_rescue,persist_mean_original_p_full_max,-0.016465218267420517,0.016465218267420517,False,GEOMETRY
1,I006_CONDITIONAL_ACTION_LOGISTIC,conditional_rescue,persist_mean_original_probability_shift_l1,0.08020050363812894,0.08020050363812894,False,GEOMETRY
1,I006_CONDITIONAL_ACTION_LOGISTIC,conditional_rescue,persist_mean_original_protected_slot0_contribution_norm,-0.02815909565383346,0.02815909565383346,False,GEOMETRY
1,I006_CONDITIONAL_ACTION_LOGISTIC,conditional_rescue,persist_mean_original_protected_slot0_geometry_margin,-0.07559213364030715,0.07559213364030715,False,GEOMETRY
1,I006_CONDITIONAL_ACTION_LOGISTIC,conditional_rescue,persist_mean_original_protected_slot0_present,0.0,0.0,False,GEOMETRY
1,I006_CONDITIONAL_ACTION_LOGISTIC,conditional_rescue,persist_mean_original_protected_slot0_projection,0.0006030507090698107,0.0006030507090698107,False,GEOMETRY
1,I006_CONDITIONAL_ACTION_LOGISTIC,conditional_rescue,persist_mean_original_protected_slot0_prototype_distance_difference,-0.03977314029247304,0.03977314029247304,False,GEOMETRY
1,I006_CONDITIONAL_ACTION_LOGISTIC,conditional_rescue,persist_mean_original_protected_slot0_signed_midpoint_distance,0.00697286475407246,0.00697286475407246,False,GEOMETRY
1,I006_CONDITIONAL_ACTION_LOGISTIC,conditional_rescue,persist_mean_original_protected_slot0_weighted_geometry_score,-0.024187061872753077,0.024187061872753077,False,GEOMETRY
1,I006_CONDITIONAL_ACTION_LOGISTIC,conditional_rescue,persist_mean_original_protected_slot1_contribution_norm,0.03467707292100961,0.03467707292100961,False,GEOMETRY
1,I006_CONDITIONAL_ACTION_LOGISTIC,conditional_rescue,persist_mean_original_protected_slot1_geometry_margin,0.0486315504970173,0.0486315504970173,False,GEOMETRY
1,I006_CONDITIONAL_ACTION_LOGISTIC,conditional_rescue,persist_mean_original_protected_slot1_present,0.017338762131611223,0.017338762131611223,False,GEOMETRY
1,I006_CONDITIONAL_ACTION_LOGISTIC,conditional_rescue,persist_mean_original_protected_slot1_projection,0.017697770597328338,0.017697770597328338,False,GEOMETRY
1,I006_CONDITIONAL_ACTION_LOGISTIC,conditional_rescue,persist_mean_original_protected_slot1_prototype_distance_difference,0.08500634178830303,0.08500634178830303,False,GEOMETRY
1,I006_CONDITIONAL_ACTION_LOGISTIC,conditional_rescue,persist_mean_original_protected_slot1_signed_midpoint_distance,0.008659231819836353,0.008659231819836353,False,GEOMETRY
1,I006_CONDITIONAL_ACTION_LOGISTIC,conditional_rescue,persist_mean_original_protected_slot1_weighted_geometry_score,0.02322431579682565,0.02322431579682565,False,GEOMETRY
1,I006_CONDITIONAL_ACTION_LOGISTIC,conditional_rescue,persist_mean_original_top2_margin_full,-0.0164652229879484,0.0164652229879484,False,GEOMETRY
1,I006_CONDITIONAL_ACTION_LOGISTIC,conditional_rescue,persist_std_original_agreement_base_geo,0.060462342368286154,0.060462342368286154,False,GEOMETRY
1,I006_CONDITIONAL_ACTION_LOGISTIC,conditional_rescue,persist_std_original_agreement_full_erase,-0.00952139420651122,0.00952139420651122,False,GEOMETRY
1,I006_CONDITIONAL_ACTION_LOGISTIC,conditional_rescue,persist_std_original_confidence_diff_base_geo,0.010733143841384536,0.010733143841384536,False,GEOMETRY
1,I006_CONDITIONAL_ACTION_LOGISTIC,conditional_rescue,persist_std_original_delta_p_l2,-0.0005737476018777364,0.0005737476018777364,False,GEOMETRY
1,I006_CONDITIONAL_ACTION_LOGISTIC,conditional_rescue,persist_std_original_entropy_change_full_erase,0.003588834490535114,0.003588834490535114,False,GEOMETRY
1,I006_CONDITIONAL_ACTION_LOGISTIC,conditional_rescue,persist_std_original_entropy_full,-0.033846187212889865,0.033846187212889865,False,GEOMETRY
1,I006_CONDITIONAL_ACTION_LOGISTIC,conditional_rescue,persist_std_original_entropy_geo,-0.025194466325102603,0.025194466325102603,False,GEOMETRY
1,I006_CONDITIONAL_ACTION_LOGISTIC,conditional_rescue,persist_std_original_js_base_geo,-0.0458629332524812,0.0458629332524812,False,GEOMETRY
1,I006_CONDITIONAL_ACTION_LOGISTIC,conditional_rescue,persist_std_original_js_full_erase,0.01662118844419632,0.01662118844419632,False,GEOMETRY
1,I006_CONDITIONAL_ACTION_LOGISTIC,conditional_rescue,persist_std_original_kl_full_erase,-0.0016748240590171665,0.0016748240590171665,False,GEOMETRY
1,I006_CONDITIONAL_ACTION_LOGISTIC,conditional_rescue,persist_std_original_logit_norm_full,-0.1307209876875901,0.1307209876875901,False,GEOMETRY
1,I006_CONDITIONAL_ACTION_LOGISTIC,conditional_rescue,persist_std_original_margin_change_full_erase,0.039039397997659694,0.039039397997659694,False,GEOMETRY
1,I006_CONDITIONAL_ACTION_LOGISTIC,conditional_rescue,persist_std_original_margin_geo,-0.0006504703155346181,0.0006504703155346181,False,GEOMETRY
1,I006_CONDITIONAL_ACTION_LOGISTIC,conditional_rescue,persist_std_original_nll_proxy_full,0.011837701282835511,0.011837701282835511,False,GEOMETRY
1,I006_CONDITIONAL_ACTION_LOGISTIC,conditional_rescue,persist_std_original_p_full_max,0.00118388652810837,0.00118388652810837,False,GEOMETRY
1,I006_CONDITIONAL_ACTION_LOGISTIC,conditional_rescue,persist_std_original_probability_shift_l1,0.012469147643498709,0.012469147643498709,False,GEOMETRY
1,I006_CONDITIONAL_ACTION_LOGISTIC,conditional_rescue,persist_std_original_protected_slot0_contribution_norm,-0.008454401707499573,0.008454401707499573,False,GEOMETRY
1,I006_CONDITIONAL_ACTION_LOGISTIC,conditional_rescue,persist_std_original_protected_slot0_geometry_margin,-0.009518725008638367,0.009518725008638367,False,GEOMETRY
1,I006_CONDITIONAL_ACTION_LOGISTIC,conditional_rescue,persist_std_original_protected_slot0_present,0.0,0.0,False,GEOMETRY
1,I006_CONDITIONAL_ACTION_LOGISTIC,conditional_rescue,persist_std_original_protected_slot0_projection,0.0030913267249738437,0.0030913267249738437,False,GEOMETRY
1,I006_CONDITIONAL_ACTION_LOGISTIC,conditional_rescue,persist_std_original_protected_slot0_prototype_distance_difference,0.003248398303107128,0.003248398303107128,False,GEOMETRY
1,I006_CONDITIONAL_ACTION_LOGISTIC,conditional_rescue,persist_std_original_protected_slot0_signed_midpoint_distance,-0.04270527151797452,0.04270527151797452,False,GEOMETRY
1,I006_CONDITIONAL_ACTION_LOGISTIC,conditional_rescue,persist_std_original_protected_slot0_weighted_geometry_score,-0.05390326451346761,0.05390326451346761,False,GEOMETRY
1,I006_CONDITIONAL_ACTION_LOGISTIC,conditional_rescue,persist_std_original_protected_slot1_contribution_norm,-0.030298936797074717,0.030298936797074717,False,GEOMETRY
1,I006_CONDITIONAL_ACTION_LOGISTIC,conditional_rescue,persist_std_original_protected_slot1_geometry_margin,0.03037219524989164,0.03037219524989164,False,GEOMETRY
1,I006_CONDITIONAL_ACTION_LOGISTIC,conditional_rescue,persist_std_original_protected_slot1_present,-0.07380581461748925,0.07380581461748925,False,GEOMETRY
1,I006_CONDITIONAL_ACTION_LOGISTIC,conditional_rescue,persist_std_original_protected_slot1_projection,0.004149809202038564,0.004149809202038564,False,GEOMETRY
1,I006_CONDITIONAL_ACTION_LOGISTIC,conditional_rescue,persist_std_original_protected_slot1_prototype_distance_difference,0.0336500129658172,0.0336500129658172,False,GEOMETRY
1,I006_CONDITIONAL_ACTION_LOGISTIC,conditional_rescue,persist_std_original_protected_slot1_signed_midpoint_distance,-0.04788337309733868,0.04788337309733868,False,GEOMETRY
1,I006_CONDITIONAL_ACTION_LOGISTIC,conditional_rescue,persist_std_original_protected_slot1_weighted_geometry_score,-0.1079598608952663,0.1079598608952663,False,GEOMETRY
1,I006_CONDITIONAL_ACTION_LOGISTIC,conditional_rescue,persist_std_original_top2_margin_full,0.0011838970491945947,0.0011838970491945947,False,GEOMETRY
1,I006_CONDITIONAL_ACTION_LOGISTIC,conditional_rescue,action_abs_margin,0.09229849345666398,0.09229849345666398,False,ERASE
1,I006_CONDITIONAL_ACTION_LOGISTIC,conditional_rescue,action_entropy,0.04656330718666312,0.04656330718666312,False,ERASE
1,I006_CONDITIONAL_ACTION_LOGISTIC,conditional_rescue,action_majority_strength,-0.09043405301584972,0.09043405301584972,False,ERASE
1,I006_CONDITIONAL_ACTION_LOGISTIC,conditional_rescue,action_margin_movement,0.004199779312554885,0.004199779312554885,False,ERASE
1,I006_CONDITIONAL_ACTION_LOGISTIC,conditional_rescue,action_margin_range,-0.003517154201419577,0.003517154201419577,False,ERASE
1,I006_CONDITIONAL_ACTION_LOGISTIC,conditional_rescue,action_max_margin,-0.006144829781792195,0.006144829781792195,False,ERASE
1,I006_CONDITIONAL_ACTION_LOGISTIC,conditional_rescue,action_min_margin,-0.0004756945335693355,0.0004756945335693355,False,ERASE
1,I006_CONDITIONAL_ACTION_LOGISTIC,conditional_rescue,action_probability_movement,-0.00367545726772464,0.00367545726772464,False,ERASE
1,I006_CONDITIONAL_ACTION_LOGISTIC,conditional_rescue,action_run_margin_std,0.006177334356405972,0.006177334356405972,False,ERASE
1,I006_CONDITIONAL_ACTION_LOGISTIC,conditional_rescue,action_run_probability_std,-0.028280557487227062,0.028280557487227062,False,ERASE
1,I006_CONDITIONAL_ACTION_LOGISTIC,conditional_rescue,action_vote_entropy,-0.00579051263532272,0.00579051263532272,False,ERASE
1,I006_CONDITIONAL_ACTION_LOGISTIC,conditional_rescue,action_vote_fraction_class1,-0.008183538246749627,0.008183538246749627,False,ERASE
1,I006_CONDITIONAL_ACTION_LOGISTIC,conditional_rescue,b6_margin,0.0359332712375206,0.0359332712375206,False,ERASE
1,I006_CONDITIONAL_ACTION_LOGISTIC,conditional_rescue,b6_probability,0.058526139418727495,0.058526139418727495,False,ERASE
1,I006_CONDITIONAL_ACTION_LOGISTIC,conditional_rescue,base_abs_margin,-0.11105166293475234,0.11105166293475234,False,ERASE
1,I006_CONDITIONAL_ACTION_LOGISTIC,conditional_rescue,base_disagreeing_run_count,0.04956787813587573,0.04956787813587573,False,ERASE
1,I006_CONDITIONAL_ACTION_LOGISTIC,conditional_rescue,base_entropy,0.09471758057195906,0.09471758057195906,False,ERASE
1,I006_CONDITIONAL_ACTION_LOGISTIC,conditional_rescue,base_majority_strength,-0.03343394600853862,0.03343394600853862,False,ERASE
1,I006_CONDITIONAL_ACTION_LOGISTIC,conditional_rescue,base_margin_range,0.011544842287697124,0.011544842287697124,False,ERASE
1,I006_CONDITIONAL_ACTION_LOGISTIC,conditional_rescue,base_max_margin,0.02022495331052117,0.02022495331052117,False,ERASE
1,I006_CONDITIONAL_ACTION_LOGISTIC,conditional_rescue,base_max_probability,0.06904834011733299,0.06904834011733299,False,ERASE
1,I006_CONDITIONAL_ACTION_LOGISTIC,conditional_rescue,base_min_margin,0.011690401808051847,0.011690401808051847,False,ERASE
1,I006_CONDITIONAL_ACTION_LOGISTIC,conditional_rescue,base_min_probability,0.024488811675786402,0.024488811675786402,False,ERASE
1,I006_CONDITIONAL_ACTION_LOGISTIC,conditional_rescue,base_run_margin_std,0.008217502980601627,0.008217502980601627,False,ERASE
1,I006_CONDITIONAL_ACTION_LOGISTIC,conditional_rescue,base_run_probability_std,0.06268556206066042,0.06268556206066042,False,ERASE
1,I006_CONDITIONAL_ACTION_LOGISTIC,conditional_rescue,base_vote_entropy,-0.01340984818393124,0.01340984818393124,False,ERASE
1,I006_CONDITIONAL_ACTION_LOGISTIC,conditional_rescue,base_vote_fraction_class1,-0.08634190223737918,0.08634190223737918,False,ERASE
1,I006_CONDITIONAL_ACTION_LOGISTIC,conditional_rescue,movement_run_max,-0.0037041976130512636,0.0037041976130512636,False,ERASE
1,I006_CONDITIONAL_ACTION_LOGISTIC,conditional_rescue,movement_run_min,0.0030336907871961276,0.0030336907871961276,False,ERASE
1,I006_CONDITIONAL_ACTION_LOGISTIC,conditional_rescue,movement_run_std,0.019926049930283986,0.019926049930283986,False,ERASE
1,I006_CONDITIONAL_ACTION_LOGISTIC,conditional_rescue,movement_sign_agreement,-0.13189906233573465,0.13189906233573465,False,ERASE
1,I006_CONDITIONAL_ACTION_LOGISTIC,conditional_rescue,n_runs,-0.059513153635480695,0.059513153635480695,False,ERASE
1,I006_CONDITIONAL_ACTION_LOGISTIC,conditional_rescue,persist_mean_original_agreement_base_geo,0.022335583274292678,0.022335583274292678,False,ERASE
1,I006_CONDITIONAL_ACTION_LOGISTIC,conditional_rescue,persist_mean_original_agreement_full_erase,0.033618408131816685,0.033618408131816685,False,ERASE
1,I006_CONDITIONAL_ACTION_LOGISTIC,conditional_rescue,persist_mean_original_confidence_diff_base_geo,-0.049970234410891316,0.049970234410891316,False,ERASE
1,I006_CONDITIONAL_ACTION_LOGISTIC,conditional_rescue,persist_mean_original_delta_p_l2,-0.04356187552489465,0.04356187552489465,False,ERASE
1,I006_CONDITIONAL_ACTION_LOGISTIC,conditional_rescue,persist_mean_original_entropy_change_full_erase,0.03856762459005405,0.03856762459005405,False,ERASE
1,I006_CONDITIONAL_ACTION_LOGISTIC,conditional_rescue,persist_mean_original_entropy_full,0.05934517113062437,0.05934517113062437,False,ERASE
1,I006_CONDITIONAL_ACTION_LOGISTIC,conditional_rescue,persist_mean_original_entropy_geo,0.018341175686409816,0.018341175686409816,False,ERASE
1,I006_CONDITIONAL_ACTION_LOGISTIC,conditional_rescue,persist_mean_original_js_base_geo,0.034430284495603904,0.034430284495603904,False,ERASE
1,I006_CONDITIONAL_ACTION_LOGISTIC,conditional_rescue,persist_mean_original_js_full_erase,-0.05049823512358217,0.05049823512358217,False,ERASE
1,I006_CONDITIONAL_ACTION_LOGISTIC,conditional_rescue,persist_mean_original_kl_full_erase,-0.03772528168202335,0.03772528168202335,False,ERASE
1,I006_CONDITIONAL_ACTION_LOGISTIC,conditional_rescue,persist_mean_original_logit_norm_full,-0.10070077147312854,0.10070077147312854,False,ERASE
1,I006_CONDITIONAL_ACTION_LOGISTIC,conditional_rescue,persist_mean_original_margin_change_full_erase,-0.048049188295549196,0.048049188295549196,False,ERASE
1,I006_CONDITIONAL_ACTION_LOGISTIC,conditional_rescue,persist_mean_original_margin_geo,-0.05341533041977348,0.05341533041977348,False,ERASE
1,I006_CONDITIONAL_ACTION_LOGISTIC,conditional_rescue,persist_mean_original_nll_proxy_full,0.0807495805209955,0.0807495805209955,False,ERASE
1,I006_CONDITIONAL_ACTION_LOGISTIC,conditional_rescue,persist_mean_original_p_full_max,-0.07553379487724496,0.07553379487724496,False,ERASE
1,I006_CONDITIONAL_ACTION_LOGISTIC,conditional_rescue,persist_mean_original_probability_shift_l1,-0.047191613084166445,0.047191613084166445,False,ERASE
1,I006_CONDITIONAL_ACTION_LOGISTIC,conditional_rescue,persist_mean_original_protected_slot0_contribution_norm,-0.03590284503881909,0.03590284503881909,False,ERASE
1,I006_CONDITIONAL_ACTION_LOGISTIC,conditional_rescue,persist_mean_original_protected_slot0_geometry_margin,0.011657164494688217,0.011657164494688217,False,ERASE
1,I006_CONDITIONAL_ACTION_LOGISTIC,conditional_rescue,persist_mean_original_protected_slot0_present,0.0,0.0,False,ERASE
1,I006_CONDITIONAL_ACTION_LOGISTIC,conditional_rescue,persist_mean_original_protected_slot0_projection,0.010045741595492173,0.010045741595492173,False,ERASE
1,I006_CONDITIONAL_ACTION_LOGISTIC,conditional_rescue,persist_mean_original_protected_slot0_prototype_distance_difference,-0.023120779271872626,0.023120779271872626,False,ERASE
1,I006_CONDITIONAL_ACTION_LOGISTIC,conditional_rescue,persist_mean_original_protected_slot0_signed_midpoint_distance,0.0012115944458221714,0.0012115944458221714,False,ERASE
1,I006_CONDITIONAL_ACTION_LOGISTIC,conditional_rescue,persist_mean_original_protected_slot0_weighted_geometry_score,0.0006715792758964145,0.0006715792758964145,False,ERASE
1,I006_CONDITIONAL_ACTION_LOGISTIC,conditional_rescue,persist_mean_original_protected_slot1_contribution_norm,0.0060919657198199905,0.0060919657198199905,False,ERASE
1,I006_CONDITIONAL_ACTION_LOGISTIC,conditional_rescue,persist_mean_original_protected_slot1_geometry_margin,0.03748105496634789,0.03748105496634789,False,ERASE
1,I006_CONDITIONAL_ACTION_LOGISTIC,conditional_rescue,persist_mean_original_protected_slot1_present,0.008081713020708078,0.008081713020708078,False,ERASE
1,I006_CONDITIONAL_ACTION_LOGISTIC,conditional_rescue,persist_mean_original_protected_slot1_projection,0.01185669154586673,0.01185669154586673,False,ERASE
1,I006_CONDITIONAL_ACTION_LOGISTIC,conditional_rescue,persist_mean_original_protected_slot1_prototype_distance_difference,-0.06873649617817196,0.06873649617817196,False,ERASE
1,I006_CONDITIONAL_ACTION_LOGISTIC,conditional_rescue,persist_mean_original_protected_slot1_signed_midpoint_distance,0.020930279931560707,0.020930279931560707,False,ERASE
1,I006_CONDITIONAL_ACTION_LOGISTIC,conditional_rescue,persist_mean_original_protected_slot1_weighted_geometry_score,0.03899985604980956,0.03899985604980956,False,ERASE
1,I006_CONDITIONAL_ACTION_LOGISTIC,conditional_rescue,persist_mean_original_top2_margin_full,-0.07553380957370048,0.07553380957370048,False,ERASE
1,I006_CONDITIONAL_ACTION_LOGISTIC,conditional_rescue,persist_std_original_agreement_base_geo,0.007911582299150266,0.007911582299150266,False,ERASE
1,I006_CONDITIONAL_ACTION_LOGISTIC,conditional_rescue,persist_std_original_agreement_full_erase,0.008548330261397343,0.008548330261397343,False,ERASE
1,I006_CONDITIONAL_ACTION_LOGISTIC,conditional_rescue,persist_std_original_confidence_diff_base_geo,-0.009551389814476759,0.009551389814476759,False,ERASE
1,I006_CONDITIONAL_ACTION_LOGISTIC,conditional_rescue,persist_std_original_delta_p_l2,-0.048533338636260026,0.048533338636260026,False,ERASE
1,I006_CONDITIONAL_ACTION_LOGISTIC,conditional_rescue,persist_std_original_entropy_change_full_erase,-0.0001984527164001657,0.0001984527164001657,False,ERASE
1,I006_CONDITIONAL_ACTION_LOGISTIC,conditional_rescue,persist_std_original_entropy_full,-0.039962843775613405,0.039962843775613405,False,ERASE
1,I006_CONDITIONAL_ACTION_LOGISTIC,conditional_rescue,persist_std_original_entropy_geo,0.036214252983771,0.036214252983771,False,ERASE
1,I006_CONDITIONAL_ACTION_LOGISTIC,conditional_rescue,persist_std_original_js_base_geo,0.06830341239117693,0.06830341239117693,False,ERASE
1,I006_CONDITIONAL_ACTION_LOGISTIC,conditional_rescue,persist_std_original_js_full_erase,-0.03968127719790998,0.03968127719790998,False,ERASE
1,I006_CONDITIONAL_ACTION_LOGISTIC,conditional_rescue,persist_std_original_kl_full_erase,-0.01394436402209927,0.01394436402209927,False,ERASE
1,I006_CONDITIONAL_ACTION_LOGISTIC,conditional_rescue,persist_std_original_logit_norm_full,-0.0425541515622244,0.0425541515622244,False,ERASE
1,I006_CONDITIONAL_ACTION_LOGISTIC,conditional_rescue,persist_std_original_margin_change_full_erase,-0.030227712635518596,0.030227712635518596,False,ERASE
1,I006_CONDITIONAL_ACTION_LOGISTIC,conditional_rescue,persist_std_original_margin_geo,-0.02761191043840637,0.02761191043840637,False,ERASE
1,I006_CONDITIONAL_ACTION_LOGISTIC,conditional_rescue,persist_std_original_nll_proxy_full,-0.008935164415848176,0.008935164415848176,False,ERASE
1,I006_CONDITIONAL_ACTION_LOGISTIC,conditional_rescue,persist_std_original_p_full_max,-0.01468644537122575,0.01468644537122575,False,ERASE
1,I006_CONDITIONAL_ACTION_LOGISTIC,conditional_rescue,persist_std_original_probability_shift_l1,-0.09274054111443841,0.09274054111443841,False,ERASE
1,I006_CONDITIONAL_ACTION_LOGISTIC,conditional_rescue,persist_std_original_protected_slot0_contribution_norm,-0.006914651701328625,0.006914651701328625,False,ERASE
1,I006_CONDITIONAL_ACTION_LOGISTIC,conditional_rescue,persist_std_original_protected_slot0_geometry_margin,-0.01721218619115411,0.01721218619115411,False,ERASE
1,I006_CONDITIONAL_ACTION_LOGISTIC,conditional_rescue,persist_std_original_protected_slot0_present,0.0,0.0,False,ERASE
1,I006_CONDITIONAL_ACTION_LOGISTIC,conditional_rescue,persist_std_original_protected_slot0_projection,-0.01657096727435224,0.01657096727435224,False,ERASE
1,I006_CONDITIONAL_ACTION_LOGISTIC,conditional_rescue,persist_std_original_protected_slot0_prototype_distance_difference,-0.04237068160863329,0.04237068160863329,False,ERASE
1,I006_CONDITIONAL_ACTION_LOGISTIC,conditional_rescue,persist_std_original_protected_slot0_signed_midpoint_distance,0.010122800878132655,0.010122800878132655,False,ERASE
1,I006_CONDITIONAL_ACTION_LOGISTIC,conditional_rescue,persist_std_original_protected_slot0_weighted_geometry_score,0.04696371977552776,0.04696371977552776,False,ERASE
1,I006_CONDITIONAL_ACTION_LOGISTIC,conditional_rescue,persist_std_original_protected_slot1_contribution_norm,0.05251543665672097,0.05251543665672097,False,ERASE
1,I006_CONDITIONAL_ACTION_LOGISTIC,conditional_rescue,persist_std_original_protected_slot1_geometry_margin,0.03337397172343608,0.03337397172343608,False,ERASE
1,I006_CONDITIONAL_ACTION_LOGISTIC,conditional_rescue,persist_std_original_protected_slot1_present,-0.09497957970349218,0.09497957970349218,False,ERASE
1,I006_CONDITIONAL_ACTION_LOGISTIC,conditional_rescue,persist_std_original_protected_slot1_projection,-0.011341535329313087,0.011341535329313087,False,ERASE
1,I006_CONDITIONAL_ACTION_LOGISTIC,conditional_rescue,persist_std_original_protected_slot1_prototype_distance_difference,-0.06792459279474133,0.06792459279474133,False,ERASE
1,I006_CONDITIONAL_ACTION_LOGISTIC,conditional_rescue,persist_std_original_protected_slot1_signed_midpoint_distance,0.0010478662230725714,0.0010478662230725714,False,ERASE
1,I006_CONDITIONAL_ACTION_LOGISTIC,conditional_rescue,persist_std_original_protected_slot1_weighted_geometry_score,0.05045218990342262,0.05045218990342262,False,ERASE
1,I006_CONDITIONAL_ACTION_LOGISTIC,conditional_rescue,persist_std_original_top2_margin_full,-0.014686416814183105,0.014686416814183105,False,ERASE
2,M3_ACTION_MOVEMENT_LOGISTIC,rescue,action_abs_margin,0.16108242823202437,0.16108242823202437,False,
2,M3_ACTION_MOVEMENT_LOGISTIC,rescue,action_boundary_cross,0.8809806737571904,0.8809806737571904,False,
2,M3_ACTION_MOVEMENT_LOGISTIC,rescue,action_entropy,-0.1343157065092737,0.1343157065092737,False,
2,M3_ACTION_MOVEMENT_LOGISTIC,rescue,action_majority_strength,-0.014296160582706887,0.014296160582706887,False,
2,M3_ACTION_MOVEMENT_LOGISTIC,rescue,action_margin_movement,0.061403964548029336,0.061403964548029336,False,
2,M3_ACTION_MOVEMENT_LOGISTIC,rescue,action_margin_range,0.04890575375901298,0.04890575375901298,False,
2,M3_ACTION_MOVEMENT_LOGISTIC,rescue,action_max_margin,0.004375747014353148,0.004375747014353148,False,
2,M3_ACTION_MOVEMENT_LOGISTIC,rescue,action_min_margin,-0.023733372864420763,0.023733372864420763,False,
2,M3_ACTION_MOVEMENT_LOGISTIC,rescue,action_probability_movement,0.12258191087371499,0.12258191087371499,False,
2,M3_ACTION_MOVEMENT_LOGISTIC,rescue,action_run_margin_std,0.08760918579785695,0.08760918579785695,False,
2,M3_ACTION_MOVEMENT_LOGISTIC,rescue,action_run_probability_std,-0.039855408456975765,0.039855408456975765,False,
2,M3_ACTION_MOVEMENT_LOGISTIC,rescue,action_vote_entropy,-0.017646093798684228,0.017646093798684228,False,
2,M3_ACTION_MOVEMENT_LOGISTIC,rescue,action_vote_fraction_class1,0.002611577655853148,0.002611577655853148,False,
2,M3_ACTION_MOVEMENT_LOGISTIC,rescue,action_vs_b6_disagreement,0.8809806737571904,0.8809806737571904,False,
2,M3_ACTION_MOVEMENT_LOGISTIC,rescue,b6_margin,-0.013686192553552927,0.013686192553552927,False,
2,M3_ACTION_MOVEMENT_LOGISTIC,rescue,b6_probability,0.05923653197606943,0.05923653197606943,False,
2,M3_ACTION_MOVEMENT_LOGISTIC,rescue,base_abs_margin,-0.16235582321530828,0.16235582321530828,False,
2,M3_ACTION_MOVEMENT_LOGISTIC,rescue,base_disagreeing_run_count,0.053539316154134,0.053539316154134,False,
2,M3_ACTION_MOVEMENT_LOGISTIC,rescue,base_entropy,0.37072164831787285,0.37072164831787285,False,
2,M3_ACTION_MOVEMENT_LOGISTIC,rescue,base_majority_strength,-0.06245506239715107,0.06245506239715107,False,
2,M3_ACTION_MOVEMENT_LOGISTIC,rescue,base_margin_range,-0.01287656503932146,0.01287656503932146,False,
2,M3_ACTION_MOVEMENT_LOGISTIC,rescue,base_max_margin,-0.0302255132814877,0.0302255132814877,False,
2,M3_ACTION_MOVEMENT_LOGISTIC,rescue,base_max_probability,0.005656872276688838,0.005656872276688838,False,
2,M3_ACTION_MOVEMENT_LOGISTIC,rescue,base_min_margin,-0.025616440804622397,0.025616440804622397,False,
2,M3_ACTION_MOVEMENT_LOGISTIC,rescue,base_min_probability,0.04630682448305819,0.04630682448305819,False,
2,M3_ACTION_MOVEMENT_LOGISTIC,rescue,base_run_margin_std,-0.07933030497154203,0.07933030497154203,False,
2,M3_ACTION_MOVEMENT_LOGISTIC,rescue,base_run_probability_std,-0.06592668428038082,0.06592668428038082,False,
2,M3_ACTION_MOVEMENT_LOGISTIC,rescue,base_vote_entropy,0.09501961290463316,0.09501961290463316,False,
2,M3_ACTION_MOVEMENT_LOGISTIC,rescue,base_vote_fraction_class1,-0.052730541014059884,0.052730541014059884,False,
2,M3_ACTION_MOVEMENT_LOGISTIC,rescue,is_amplify,-0.007180497054765034,0.007180497054765034,False,
2,M3_ACTION_MOVEMENT_LOGISTIC,rescue,is_erase,-0.04429579312431587,0.04429579312431587,False,
2,M3_ACTION_MOVEMENT_LOGISTIC,rescue,is_geometry,0.05147629017909229,0.05147629017909229,False,
2,M3_ACTION_MOVEMENT_LOGISTIC,rescue,movement_run_max,-0.05281575223217379,0.05281575223217379,False,
2,M3_ACTION_MOVEMENT_LOGISTIC,rescue,movement_run_min,0.035277647656857834,0.035277647656857834,False,
2,M3_ACTION_MOVEMENT_LOGISTIC,rescue,movement_run_std,-0.10869543862607567,0.10869543862607567,False,
2,M3_ACTION_MOVEMENT_LOGISTIC,rescue,movement_sign_agreement,-0.11198702567584351,0.11198702567584351,False,
2,M3_ACTION_MOVEMENT_LOGISTIC,rescue,n_runs,-0.06274112270283201,0.06274112270283201,False,
2,M3_ACTION_MOVEMENT_LOGISTIC,rescue,protected_safe,0.04429579312431625,0.04429579312431625,False,
2,M3_ACTION_MOVEMENT_LOGISTIC,harm,action_abs_margin,-0.04335517931190158,0.04335517931190158,False,
2,M3_ACTION_MOVEMENT_LOGISTIC,harm,action_boundary_cross,1.0453008243581825,1.0453008243581825,False,
2,M3_ACTION_MOVEMENT_LOGISTIC,harm,action_entropy,0.06716345900154683,0.06716345900154683,False,
2,M3_ACTION_MOVEMENT_LOGISTIC,harm,action_majority_strength,-0.03479069916142411,0.03479069916142411,False,
2,M3_ACTION_MOVEMENT_LOGISTIC,harm,action_margin_movement,-0.01032511026493799,0.01032511026493799,False,
2,M3_ACTION_MOVEMENT_LOGISTIC,harm,action_margin_range,-0.0069692527616102415,0.0069692527616102415,False,
2,M3_ACTION_MOVEMENT_LOGISTIC,harm,action_max_margin,-9.42142074061037e-05,9.42142074061037e-05,False,
2,M3_ACTION_MOVEMENT_LOGISTIC,harm,action_min_margin,0.003919282350877129,0.003919282350877129,False,
2,M3_ACTION_MOVEMENT_LOGISTIC,harm,action_probability_movement,-0.08355836716850322,0.08355836716850322,False,
2,M3_ACTION_MOVEMENT_LOGISTIC,harm,action_run_margin_std,-0.045076792716008646,0.045076792716008646,False,
2,M3_ACTION_MOVEMENT_LOGISTIC,harm,action_run_probability_std,-0.042612181712490815,0.042612181712490815,False,
2,M3_ACTION_MOVEMENT_LOGISTIC,harm,action_vote_entropy,0.03291819894614418,0.03291819894614418,False,
2,M3_ACTION_MOVEMENT_LOGISTIC,harm,action_vote_fraction_class1,-0.029306002146577803,0.029306002146577803,False,
2,M3_ACTION_MOVEMENT_LOGISTIC,harm,action_vs_b6_disagreement,1.0453008243581825,1.0453008243581825,False,
2,M3_ACTION_MOVEMENT_LOGISTIC,harm,b6_margin,-0.001369891165930145,0.001369891165930145,False,
2,M3_ACTION_MOVEMENT_LOGISTIC,harm,b6_probability,-0.03759203656344798,0.03759203656344798,False,
2,M3_ACTION_MOVEMENT_LOGISTIC,harm,base_abs_margin,0.014300282503410474,0.014300282503410474,False,
2,M3_ACTION_MOVEMENT_LOGISTIC,harm,base_disagreeing_run_count,-0.005852057395171846,0.005852057395171846,False,
2,M3_ACTION_MOVEMENT_LOGISTIC,harm,base_entropy,-0.07999373974166733,0.07999373974166733,False,
2,M3_ACTION_MOVEMENT_LOGISTIC,harm,base_majority_strength,0.070922812461428,0.070922812461428,False,
2,M3_ACTION_MOVEMENT_LOGISTIC,harm,base_margin_range,-0.017469234084780152,0.017469234084780152,False,
2,M3_ACTION_MOVEMENT_LOGISTIC,harm,base_max_margin,0.004264275023109279,0.004264275023109279,False,
2,M3_ACTION_MOVEMENT_LOGISTIC,harm,base_max_probability,0.006980429645689003,0.006980429645689003,False,
2,M3_ACTION_MOVEMENT_LOGISTIC,harm,base_min_margin,0.010575079526572094,0.010575079526572094,False,
2,M3_ACTION_MOVEMENT_LOGISTIC,harm,base_min_probability,-0.05108325731082878,0.05108325731082878,False,
2,M3_ACTION_MOVEMENT_LOGISTIC,harm,base_run_margin_std,0.013061318151195446,0.013061318151195446,False,
2,M3_ACTION_MOVEMENT_LOGISTIC,harm,base_run_probability_std,0.10183987100583101,0.10183987100583101,False,
2,M3_ACTION_MOVEMENT_LOGISTIC,harm,base_vote_entropy,-0.06297126221532824,0.06297126221532824,False,
2,M3_ACTION_MOVEMENT_LOGISTIC,harm,base_vote_fraction_class1,0.06250853764845822,0.06250853764845822,False,
2,M3_ACTION_MOVEMENT_LOGISTIC,harm,is_amplify,-0.031806124401637006,0.031806124401637006,False,
2,M3_ACTION_MOVEMENT_LOGISTIC,harm,is_erase,0.052918988679515805,0.052918988679515805,False,
2,M3_ACTION_MOVEMENT_LOGISTIC,harm,is_geometry,-0.021112864277887798,0.021112864277887798,False,
2,M3_ACTION_MOVEMENT_LOGISTIC,harm,movement_run_max,0.04343838675391302,0.04343838675391302,False,
2,M3_ACTION_MOVEMENT_LOGISTIC,harm,movement_run_min,-0.01509524666602176,0.01509524666602176,False,
2,M3_ACTION_MOVEMENT_LOGISTIC,harm,movement_run_std,0.08246469519411138,0.08246469519411138,False,
2,M3_ACTION_MOVEMENT_LOGISTIC,harm,movement_sign_agreement,0.12028222319807247,0.12028222319807247,False,
2,M3_ACTION_MOVEMENT_LOGISTIC,harm,n_runs,0.01626580965872879,0.01626580965872879,False,
2,M3_ACTION_MOVEMENT_LOGISTIC,harm,protected_safe,-0.05291898867951608,0.05291898867951608,False,
2,M4_FULL_LEGAL_LOGISTIC,rescue,action_abs_margin,0.06119687530081454,0.06119687530081454,False,
2,M4_FULL_LEGAL_LOGISTIC,rescue,action_boundary_cross,0.8669944138057311,0.8669944138057311,False,
2,M4_FULL_LEGAL_LOGISTIC,rescue,action_entropy,-0.1874302641542519,0.1874302641542519,False,
2,M4_FULL_LEGAL_LOGISTIC,rescue,action_majority_strength,0.007000684967855081,0.007000684967855081,False,
2,M4_FULL_LEGAL_LOGISTIC,rescue,action_margin_movement,0.05472936748028203,0.05472936748028203,False,
2,M4_FULL_LEGAL_LOGISTIC,rescue,action_margin_range,0.029703127765993195,0.029703127765993195,False,
2,M4_FULL_LEGAL_LOGISTIC,rescue,action_max_margin,0.0024500713673478,0.0024500713673478,False,
2,M4_FULL_LEGAL_LOGISTIC,rescue,action_min_margin,-0.014625202838986027,0.014625202838986027,False,
2,M4_FULL_LEGAL_LOGISTIC,rescue,action_probability_movement,0.13188893585421915,0.13188893585421915,False,
2,M4_FULL_LEGAL_LOGISTIC,rescue,action_run_margin_std,0.08851322355438418,0.08851322355438418,False,
2,M4_FULL_LEGAL_LOGISTIC,rescue,action_run_probability_std,0.01943645911582666,0.01943645911582666,False,
2,M4_FULL_LEGAL_LOGISTIC,rescue,action_vote_entropy,-0.019502776028131035,0.019502776028131035,False,
2,M4_FULL_LEGAL_LOGISTIC,rescue,action_vote_fraction_class1,9.859017671723385e-05,9.859017671723385e-05,False,
2,M4_FULL_LEGAL_LOGISTIC,rescue,action_vs_b6_disagreement,0.8669944138057311,0.8669944138057311,False,
2,M4_FULL_LEGAL_LOGISTIC,rescue,b6_margin,-0.003149010395773602,0.003149010395773602,False,
2,M4_FULL_LEGAL_LOGISTIC,rescue,b6_probability,0.040836194716565355,0.040836194716565355,False,
2,M4_FULL_LEGAL_LOGISTIC,rescue,base_abs_margin,-0.05280895967694829,0.05280895967694829,False,
2,M4_FULL_LEGAL_LOGISTIC,rescue,base_disagreeing_run_count,0.046030510351207934,0.046030510351207934,False,
2,M4_FULL_LEGAL_LOGISTIC,rescue,base_entropy,0.009977084675445485,0.009977084675445485,False,
2,M4_FULL_LEGAL_LOGISTIC,rescue,base_majority_strength,-0.00979959312796654,0.00979959312796654,False,
2,M4_FULL_LEGAL_LOGISTIC,rescue,base_margin_range,0.0630797200753128,0.0630797200753128,False,
2,M4_FULL_LEGAL_LOGISTIC,rescue,base_max_margin,0.0021988941421942007,0.0021988941421942007,False,
2,M4_FULL_LEGAL_LOGISTIC,rescue,base_max_probability,0.03215169174660147,0.03215169174660147,False,
2,M4_FULL_LEGAL_LOGISTIC,rescue,base_min_margin,-0.02056633771335723,0.02056633771335723,False,
2,M4_FULL_LEGAL_LOGISTIC,rescue,base_min_probability,-0.00553455835281156,0.00553455835281156,False,
2,M4_FULL_LEGAL_LOGISTIC,rescue,base_run_margin_std,0.05472509298394331,0.05472509298394331,False,
2,M4_FULL_LEGAL_LOGISTIC,rescue,base_run_probability_std,0.0778297359736152,0.0778297359736152,False,
2,M4_FULL_LEGAL_LOGISTIC,rescue,base_vote_entropy,-0.016151588056565646,0.016151588056565646,False,
2,M4_FULL_LEGAL_LOGISTIC,rescue,base_vote_fraction_class1,-0.05361834773091572,0.05361834773091572,False,
2,M4_FULL_LEGAL_LOGISTIC,rescue,is_amplify,-0.02894404599511019,0.02894404599511019,False,
2,M4_FULL_LEGAL_LOGISTIC,rescue,is_erase,-0.014624291694703246,0.014624291694703246,False,
2,M4_FULL_LEGAL_LOGISTIC,rescue,is_geometry,0.04356833768984854,0.04356833768984854,False,
2,M4_FULL_LEGAL_LOGISTIC,rescue,movement_run_max,-0.0390166055197792,0.0390166055197792,False,
2,M4_FULL_LEGAL_LOGISTIC,rescue,movement_run_min,-0.015768728954150876,0.015768728954150876,False,
2,M4_FULL_LEGAL_LOGISTIC,rescue,movement_run_std,0.013067803010162582,0.013067803010162582,False,
2,M4_FULL_LEGAL_LOGISTIC,rescue,movement_sign_agreement,-0.03610548123156871,0.03610548123156871,False,
2,M4_FULL_LEGAL_LOGISTIC,rescue,n_runs,-0.04803278015989729,0.04803278015989729,False,
2,M4_FULL_LEGAL_LOGISTIC,rescue,persist_mean_original_agreement_base_geo,-0.04875984064836051,0.04875984064836051,False,
2,M4_FULL_LEGAL_LOGISTIC,rescue,persist_mean_original_agreement_full_erase,0.025023787854353597,0.025023787854353597,False,
2,M4_FULL_LEGAL_LOGISTIC,rescue,persist_mean_original_confidence_diff_base_geo,-0.10056187282384203,0.10056187282384203,False,
2,M4_FULL_LEGAL_LOGISTIC,rescue,persist_mean_original_delta_p_l2,0.026716661316621263,0.026716661316621263,False,
2,M4_FULL_LEGAL_LOGISTIC,rescue,persist_mean_original_entropy_change_full_erase,-0.059660204576991775,0.059660204576991775,False,
2,M4_FULL_LEGAL_LOGISTIC,rescue,persist_mean_original_entropy_full,-0.03360329231025083,0.03360329231025083,False,
2,M4_FULL_LEGAL_LOGISTIC,rescue,persist_mean_original_entropy_geo,0.029443053203972537,0.029443053203972537,False,
2,M4_FULL_LEGAL_LOGISTIC,rescue,persist_mean_original_js_base_geo,-0.08872719878422129,0.08872719878422129,False,
2,M4_FULL_LEGAL_LOGISTIC,rescue,persist_mean_original_js_full_erase,-0.10633719169400777,0.10633719169400777,False,
2,M4_FULL_LEGAL_LOGISTIC,rescue,persist_mean_original_kl_full_erase,-0.15593293577766326,0.15593293577766326,False,
2,M4_FULL_LEGAL_LOGISTIC,rescue,persist_mean_original_logit_norm_full,-0.013636758437635932,0.013636758437635932,False,
2,M4_FULL_LEGAL_LOGISTIC,rescue,persist_mean_original_margin_change_full_erase,-0.1362882613710721,0.1362882613710721,False,
2,M4_FULL_LEGAL_LOGISTIC,rescue,persist_mean_original_margin_geo,-0.026924286314036008,0.026924286314036008,False,
2,M4_FULL_LEGAL_LOGISTIC,rescue,persist_mean_original_nll_proxy_full,0.1118291551481378,0.1118291551481378,False,
2,M4_FULL_LEGAL_LOGISTIC,rescue,persist_mean_original_p_full_max,-0.07696194508574015,0.07696194508574015,False,
2,M4_FULL_LEGAL_LOGISTIC,rescue,persist_mean_original_probability_shift_l1,-0.015026595248672383,0.015026595248672383,False,
2,M4_FULL_LEGAL_LOGISTIC,rescue,persist_mean_original_protected_slot0_contribution_norm,-0.09562253258735565,0.09562253258735565,False,
2,M4_FULL_LEGAL_LOGISTIC,rescue,persist_mean_original_protected_slot0_geometry_margin,0.06723539870376162,0.06723539870376162,False,
2,M4_FULL_LEGAL_LOGISTIC,rescue,persist_mean_original_protected_slot0_present,0.0,0.0,False,
2,M4_FULL_LEGAL_LOGISTIC,rescue,persist_mean_original_protected_slot0_projection,0.06706485518779853,0.06706485518779853,False,
2,M4_FULL_LEGAL_LOGISTIC,rescue,persist_mean_original_protected_slot0_prototype_distance_difference,-0.08468504742953761,0.08468504742953761,False,
2,M4_FULL_LEGAL_LOGISTIC,rescue,persist_mean_original_protected_slot0_signed_midpoint_distance,0.042936923578265146,0.042936923578265146,False,
2,M4_FULL_LEGAL_LOGISTIC,rescue,persist_mean_original_protected_slot0_weighted_geometry_score,0.03235360317931876,0.03235360317931876,False,
2,M4_FULL_LEGAL_LOGISTIC,rescue,persist_mean_original_protected_slot1_contribution_norm,0.05484883720404302,0.05484883720404302,False,
2,M4_FULL_LEGAL_LOGISTIC,rescue,persist_mean_original_protected_slot1_geometry_margin,-0.016880958437932806,0.016880958437932806,False,
2,M4_FULL_LEGAL_LOGISTIC,rescue,persist_mean_original_protected_slot1_present,-0.10090136223974659,0.10090136223974659,False,
2,M4_FULL_LEGAL_LOGISTIC,rescue,persist_mean_original_protected_slot1_projection,-0.010644381515175794,0.010644381515175794,False,
2,M4_FULL_LEGAL_LOGISTIC,rescue,persist_mean_original_protected_slot1_prototype_distance_difference,-0.01278236487101252,0.01278236487101252,False,
2,M4_FULL_LEGAL_LOGISTIC,rescue,persist_mean_original_protected_slot1_signed_midpoint_distance,0.013214525601800213,0.013214525601800213,False,
2,M4_FULL_LEGAL_LOGISTIC,rescue,persist_mean_original_protected_slot1_weighted_geometry_score,0.0032909309011898372,0.0032909309011898372,False,
2,M4_FULL_LEGAL_LOGISTIC,rescue,persist_mean_original_top2_margin_full,-0.07696195928088821,0.07696195928088821,False,
2,M4_FULL_LEGAL_LOGISTIC,rescue,persist_std_original_agreement_base_geo,-0.019485879977332234,0.019485879977332234,False,
2,M4_FULL_LEGAL_LOGISTIC,rescue,persist_std_original_agreement_full_erase,-0.052635850442840415,0.052635850442840415,False,
2,M4_FULL_LEGAL_LOGISTIC,rescue,persist_std_original_confidence_diff_base_geo,0.038073992485699364,0.038073992485699364,False,
2,M4_FULL_LEGAL_LOGISTIC,rescue,persist_std_original_delta_p_l2,0.01104432010650631,0.01104432010650631,False,
2,M4_FULL_LEGAL_LOGISTIC,rescue,persist_std_original_entropy_change_full_erase,-0.05600064775316327,0.05600064775316327,False,
2,M4_FULL_LEGAL_LOGISTIC,rescue,persist_std_original_entropy_full,-0.1605121029194609,0.1605121029194609,False,
2,M4_FULL_LEGAL_LOGISTIC,rescue,persist_std_original_entropy_geo,0.07288306122302071,0.07288306122302071,False,
2,M4_FULL_LEGAL_LOGISTIC,rescue,persist_std_original_js_base_geo,0.04589491580561156,0.04589491580561156,False,
2,M4_FULL_LEGAL_LOGISTIC,rescue,persist_std_original_js_full_erase,-0.015107910482431168,0.015107910482431168,False,
2,M4_FULL_LEGAL_LOGISTIC,rescue,persist_std_original_kl_full_erase,-0.07062945776324128,0.07062945776324128,False,
2,M4_FULL_LEGAL_LOGISTIC,rescue,persist_std_original_logit_norm_full,-0.03834939294074864,0.03834939294074864,False,
2,M4_FULL_LEGAL_LOGISTIC,rescue,persist_std_original_margin_change_full_erase,0.07506217862725552,0.07506217862725552,False,
2,M4_FULL_LEGAL_LOGISTIC,rescue,persist_std_original_margin_geo,0.010106335562841144,0.010106335562841144,False,
2,M4_FULL_LEGAL_LOGISTIC,rescue,persist_std_original_nll_proxy_full,-0.005192186475318166,0.005192186475318166,False,
2,M4_FULL_LEGAL_LOGISTIC,rescue,persist_std_original_p_full_max,-0.062589685884079,0.062589685884079,False,
2,M4_FULL_LEGAL_LOGISTIC,rescue,persist_std_original_probability_shift_l1,-0.005081678269528468,0.005081678269528468,False,
2,M4_FULL_LEGAL_LOGISTIC,rescue,persist_std_original_protected_slot0_contribution_norm,-0.08570957031200446,0.08570957031200446,False,
2,M4_FULL_LEGAL_LOGISTIC,rescue,persist_std_original_protected_slot0_geometry_margin,-0.05576109043612743,0.05576109043612743,False,
2,M4_FULL_LEGAL_LOGISTIC,rescue,persist_std_original_protected_slot0_present,0.0,0.0,False,
2,M4_FULL_LEGAL_LOGISTIC,rescue,persist_std_original_protected_slot0_projection,0.048878641885839395,0.048878641885839395,False,
2,M4_FULL_LEGAL_LOGISTIC,rescue,persist_std_original_protected_slot0_prototype_distance_difference,-0.012459741366985534,0.012459741366985534,False,
2,M4_FULL_LEGAL_LOGISTIC,rescue,persist_std_original_protected_slot0_signed_midpoint_distance,0.030808885540702425,0.030808885540702425,False,
2,M4_FULL_LEGAL_LOGISTIC,rescue,persist_std_original_protected_slot0_weighted_geometry_score,-0.0027875533916614553,0.0027875533916614553,False,
2,M4_FULL_LEGAL_LOGISTIC,rescue,persist_std_original_protected_slot1_contribution_norm,-0.010100439347286076,0.010100439347286076,False,
2,M4_FULL_LEGAL_LOGISTIC,rescue,persist_std_original_protected_slot1_geometry_margin,0.09036710474586025,0.09036710474586025,False,
2,M4_FULL_LEGAL_LOGISTIC,rescue,persist_std_original_protected_slot1_present,-0.12198393836773805,0.12198393836773805,False,
2,M4_FULL_LEGAL_LOGISTIC,rescue,persist_std_original_protected_slot1_projection,0.03432722335113805,0.03432722335113805,False,
2,M4_FULL_LEGAL_LOGISTIC,rescue,persist_std_original_protected_slot1_prototype_distance_difference,-0.07941453733883684,0.07941453733883684,False,
2,M4_FULL_LEGAL_LOGISTIC,rescue,persist_std_original_protected_slot1_signed_midpoint_distance,0.03227657540073377,0.03227657540073377,False,
2,M4_FULL_LEGAL_LOGISTIC,rescue,persist_std_original_protected_slot1_weighted_geometry_score,-0.020387944336851913,0.020387944336851913,False,
2,M4_FULL_LEGAL_LOGISTIC,rescue,persist_std_original_top2_margin_full,-0.06258961629530017,0.06258961629530017,False,
2,M4_FULL_LEGAL_LOGISTIC,rescue,protected_safe,0.014624291694702864,0.014624291694702864,False,
2,M4_FULL_LEGAL_LOGISTIC,harm,action_abs_margin,-0.02894905480186712,0.02894905480186712,False,
2,M4_FULL_LEGAL_LOGISTIC,harm,action_boundary_cross,1.0439598884482042,1.0439598884482042,False,
2,M4_FULL_LEGAL_LOGISTIC,harm,action_entropy,0.10222309216034052,0.10222309216034052,False,
2,M4_FULL_LEGAL_LOGISTIC,harm,action_majority_strength,-0.04125501166347768,0.04125501166347768,False,
2,M4_FULL_LEGAL_LOGISTIC,harm,action_margin_movement,-0.00683895811156786,0.00683895811156786,False,
2,M4_FULL_LEGAL_LOGISTIC,harm,action_margin_range,-0.021396753457928897,0.021396753457928897,False,
2,M4_FULL_LEGAL_LOGISTIC,harm,action_max_margin,-0.00713285888272489,0.00713285888272489,False,
2,M4_FULL_LEGAL_LOGISTIC,harm,action_min_margin,0.005087853295406791,0.005087853295406791,False,
2,M4_FULL_LEGAL_LOGISTIC,harm,action_probability_movement,-0.0920041239136251,0.0920041239136251,False,
2,M4_FULL_LEGAL_LOGISTIC,harm,action_run_margin_std,-0.06143686010747803,0.06143686010747803,False,
2,M4_FULL_LEGAL_LOGISTIC,harm,action_run_probability_std,-0.06566060256894769,0.06566060256894769,False,
2,M4_FULL_LEGAL_LOGISTIC,harm,action_vote_entropy,0.036304338528949834,0.036304338528949834,False,
2,M4_FULL_LEGAL_LOGISTIC,harm,action_vote_fraction_class1,-0.028510823317560843,0.028510823317560843,False,
2,M4_FULL_LEGAL_LOGISTIC,harm,action_vs_b6_disagreement,1.0439598884482042,1.0439598884482042,False,
2,M4_FULL_LEGAL_LOGISTIC,harm,b6_margin,-0.005342300421014084,0.005342300421014084,False,
2,M4_FULL_LEGAL_LOGISTIC,harm,b6_probability,-0.028296962094865392,0.028296962094865392,False,
2,M4_FULL_LEGAL_LOGISTIC,harm,base_abs_margin,0.014519963621633858,0.014519963621633858,False,
2,M4_FULL_LEGAL_LOGISTIC,harm,base_disagreeing_run_count,0.00012640464027735364,0.00012640464027735364,False,
2,M4_FULL_LEGAL_LOGISTIC,harm,base_entropy,0.037676607765635466,0.037676607765635466,False,
2,M4_FULL_LEGAL_LOGISTIC,harm,base_majority_strength,0.027345964317287964,0.027345964317287964,False,
2,M4_FULL_LEGAL_LOGISTIC,harm,base_margin_range,-0.033503504397148554,0.033503504397148554,False,
2,M4_FULL_LEGAL_LOGISTIC,harm,base_max_margin,-0.005152638351873403,0.005152638351873403,False,
2,M4_FULL_LEGAL_LOGISTIC,harm,base_max_probability,-0.009795552067817214,0.009795552067817214,False,
2,M4_FULL_LEGAL_LOGISTIC,harm,base_min_margin,0.006933560031006747,0.006933560031006747,False,
2,M4_FULL_LEGAL_LOGISTIC,harm,base_min_probability,-0.01912143804400296,0.01912143804400296,False,
2,M4_FULL_LEGAL_LOGISTIC,harm,base_run_margin_std,-0.04033550533749743,0.04033550533749743,False,
2,M4_FULL_LEGAL_LOGISTIC,harm,base_run_probability_std,-0.007203296938902134,0.007203296938902134,False,
2,M4_FULL_LEGAL_LOGISTIC,harm,base_vote_entropy,0.006787705957805381,0.006787705957805381,False,
2,M4_FULL_LEGAL_LOGISTIC,harm,base_vote_fraction_class1,0.07420423023372963,0.07420423023372963,False,
2,M4_FULL_LEGAL_LOGISTIC,harm,is_amplify,-0.01738124482395627,0.01738124482395627,False,
2,M4_FULL_LEGAL_LOGISTIC,harm,is_erase,0.03485973302672148,0.03485973302672148,False,
2,M4_FULL_LEGAL_LOGISTIC,harm,is_geometry,-0.017478488202773944,0.017478488202773944,False,
2,M4_FULL_LEGAL_LOGISTIC,harm,movement_run_max,0.029297496230550127,0.029297496230550127,False,
2,M4_FULL_LEGAL_LOGISTIC,harm,movement_run_min,0.006931866337731326,0.006931866337731326,False,
2,M4_FULL_LEGAL_LOGISTIC,harm,movement_run_std,0.012894761316734204,0.012894761316734204,False,
2,M4_FULL_LEGAL_LOGISTIC,harm,movement_sign_agreement,0.0850513415722273,0.0850513415722273,False,
2,M4_FULL_LEGAL_LOGISTIC,harm,n_runs,0.007951184831435093,0.007951184831435093,False,
2,M4_FULL_LEGAL_LOGISTIC,harm,persist_mean_original_agreement_base_geo,0.032986945964478424,0.032986945964478424,False,
2,M4_FULL_LEGAL_LOGISTIC,harm,persist_mean_original_agreement_full_erase,-0.06114313771521928,0.06114313771521928,False,
2,M4_FULL_LEGAL_LOGISTIC,harm,persist_mean_original_confidence_diff_base_geo,0.0479781940063512,0.0479781940063512,False,
2,M4_FULL_LEGAL_LOGISTIC,harm,persist_mean_original_delta_p_l2,-0.015619281303212471,0.015619281303212471,False,
2,M4_FULL_LEGAL_LOGISTIC,harm,persist_mean_original_entropy_change_full_erase,0.06470618175991535,0.06470618175991535,False,
2,M4_FULL_LEGAL_LOGISTIC,harm,persist_mean_original_entropy_full,0.04497453116608126,0.04497453116608126,False,
2,M4_FULL_LEGAL_LOGISTIC,harm,persist_mean_original_entropy_geo,-0.01701983097772995,0.01701983097772995,False,
2,M4_FULL_LEGAL_LOGISTIC,harm,persist_mean_original_js_base_geo,0.06847922951320974,0.06847922951320974,False,
2,M4_FULL_LEGAL_LOGISTIC,harm,persist_mean_original_js_full_erase,0.038666025171312055,0.038666025171312055,False,
2,M4_FULL_LEGAL_LOGISTIC,harm,persist_mean_original_kl_full_erase,0.0833591154968338,0.0833591154968338,False,
2,M4_FULL_LEGAL_LOGISTIC,harm,persist_mean_original_logit_norm_full,-0.010782144562406292,0.010782144562406292,False,
2,M4_FULL_LEGAL_LOGISTIC,harm,persist_mean_original_margin_change_full_erase,0.07938634682554478,0.07938634682554478,False,
2,M4_FULL_LEGAL_LOGISTIC,harm,persist_mean_original_margin_geo,0.008297235072928158,0.008297235072928158,False,
2,M4_FULL_LEGAL_LOGISTIC,harm,persist_mean_original_nll_proxy_full,-0.059818810044579,0.059818810044579,False,
2,M4_FULL_LEGAL_LOGISTIC,harm,persist_mean_original_p_full_max,0.032914799442801464,0.032914799442801464,False,
2,M4_FULL_LEGAL_LOGISTIC,harm,persist_mean_original_probability_shift_l1,0.008760201572224138,0.008760201572224138,False,
2,M4_FULL_LEGAL_LOGISTIC,harm,persist_mean_original_protected_slot0_contribution_norm,0.04995860483363538,0.04995860483363538,False,
2,M4_FULL_LEGAL_LOGISTIC,harm,persist_mean_original_protected_slot0_geometry_margin,0.0023465020385521843,0.0023465020385521843,False,
2,M4_FULL_LEGAL_LOGISTIC,harm,persist_mean_original_protected_slot0_present,0.0,0.0,False,
2,M4_FULL_LEGAL_LOGISTIC,harm,persist_mean_original_protected_slot0_projection,-0.02758535132956138,0.02758535132956138,False,
2,M4_FULL_LEGAL_LOGISTIC,harm,persist_mean_original_protected_slot0_prototype_distance_difference,0.03069899726217752,0.03069899726217752,False,
2,M4_FULL_LEGAL_LOGISTIC,harm,persist_mean_original_protected_slot0_signed_midpoint_distance,-0.021316092023302955,0.021316092023302955,False,
2,M4_FULL_LEGAL_LOGISTIC,harm,persist_mean_original_protected_slot0_weighted_geometry_score,-0.007829829544263959,0.007829829544263959,False,
2,M4_FULL_LEGAL_LOGISTIC,harm,persist_mean_original_protected_slot1_contribution_norm,-0.04172888192964855,0.04172888192964855,False,
2,M4_FULL_LEGAL_LOGISTIC,harm,persist_mean_original_protected_slot1_geometry_margin,0.01901297558078438,0.01901297558078438,False,
2,M4_FULL_LEGAL_LOGISTIC,harm,persist_mean_original_protected_slot1_present,0.0563973270095185,0.0563973270095185,False,
2,M4_FULL_LEGAL_LOGISTIC,harm,persist_mean_original_protected_slot1_projection,0.013888413075226268,0.013888413075226268,False,
2,M4_FULL_LEGAL_LOGISTIC,harm,persist_mean_original_protected_slot1_prototype_distance_difference,-0.013558432476891421,0.013558432476891421,False,
2,M4_FULL_LEGAL_LOGISTIC,harm,persist_mean_original_protected_slot1_signed_midpoint_distance,0.00696015378487049,0.00696015378487049,False,
2,M4_FULL_LEGAL_LOGISTIC,harm,persist_mean_original_protected_slot1_weighted_geometry_score,-0.020151857306619045,0.020151857306619045,False,
2,M4_FULL_LEGAL_LOGISTIC,harm,persist_mean_original_top2_margin_full,0.032914805458535264,0.032914805458535264,False,
2,M4_FULL_LEGAL_LOGISTIC,harm,persist_std_original_agreement_base_geo,0.021391238884405233,0.021391238884405233,False,
2,M4_FULL_LEGAL_LOGISTIC,harm,persist_std_original_agreement_full_erase,0.021856716999912998,0.021856716999912998,False,
2,M4_FULL_LEGAL_LOGISTIC,harm,persist_std_original_confidence_diff_base_geo,-0.04658358001972881,0.04658358001972881,False,
2,M4_FULL_LEGAL_LOGISTIC,harm,persist_std_original_delta_p_l2,0.0066335812756749745,0.0066335812756749745,False,
2,M4_FULL_LEGAL_LOGISTIC,harm,persist_std_original_entropy_change_full_erase,0.0176722658839575,0.0176722658839575,False,
2,M4_FULL_LEGAL_LOGISTIC,harm,persist_std_original_entropy_full,0.03703488168949936,0.03703488168949936,False,
2,M4_FULL_LEGAL_LOGISTIC,harm,persist_std_original_entropy_geo,-0.0008908699897359001,0.0008908699897359001,False,
2,M4_FULL_LEGAL_LOGISTIC,harm,persist_std_original_js_base_geo,-0.044799200663675064,0.044799200663675064,False,
2,M4_FULL_LEGAL_LOGISTIC,harm,persist_std_original_js_full_erase,-0.008073022963448091,0.008073022963448091,False,
2,M4_FULL_LEGAL_LOGISTIC,harm,persist_std_original_kl_full_erase,0.06289861642738577,0.06289861642738577,False,
2,M4_FULL_LEGAL_LOGISTIC,harm,persist_std_original_logit_norm_full,0.01875448501100799,0.01875448501100799,False,
2,M4_FULL_LEGAL_LOGISTIC,harm,persist_std_original_margin_change_full_erase,-0.032881519479603695,0.032881519479603695,False,
2,M4_FULL_LEGAL_LOGISTIC,harm,persist_std_original_margin_geo,-0.001596527411333191,0.001596527411333191,False,
2,M4_FULL_LEGAL_LOGISTIC,harm,persist_std_original_nll_proxy_full,0.039101082058083034,0.039101082058083034,False,
2,M4_FULL_LEGAL_LOGISTIC,harm,persist_std_original_p_full_max,0.054886699561997015,0.054886699561997015,False,
2,M4_FULL_LEGAL_LOGISTIC,harm,persist_std_original_probability_shift_l1,-0.001149230183791166,0.001149230183791166,False,
2,M4_FULL_LEGAL_LOGISTIC,harm,persist_std_original_protected_slot0_contribution_norm,0.05520660368248298,0.05520660368248298,False,
2,M4_FULL_LEGAL_LOGISTIC,harm,persist_std_original_protected_slot0_geometry_margin,0.020288119243593247,0.020288119243593247,False,
2,M4_FULL_LEGAL_LOGISTIC,harm,persist_std_original_protected_slot0_present,0.0,0.0,False,
2,M4_FULL_LEGAL_LOGISTIC,harm,persist_std_original_protected_slot0_projection,-0.03518630123791967,0.03518630123791967,False,
2,M4_FULL_LEGAL_LOGISTIC,harm,persist_std_original_protected_slot0_prototype_distance_difference,-0.0070253872496090965,0.0070253872496090965,False,
2,M4_FULL_LEGAL_LOGISTIC,harm,persist_std_original_protected_slot0_signed_midpoint_distance,-0.013070885196259313,0.013070885196259313,False,
2,M4_FULL_LEGAL_LOGISTIC,harm,persist_std_original_protected_slot0_weighted_geometry_score,0.008234541688918406,0.008234541688918406,False,
2,M4_FULL_LEGAL_LOGISTIC,harm,persist_std_original_protected_slot1_contribution_norm,0.020191275232676092,0.020191275232676092,False,
2,M4_FULL_LEGAL_LOGISTIC,harm,persist_std_original_protected_slot1_geometry_margin,-0.03998981084434303,0.03998981084434303,False,
2,M4_FULL_LEGAL_LOGISTIC,harm,persist_std_original_protected_slot1_present,0.07682053888167673,0.07682053888167673,False,
2,M4_FULL_LEGAL_LOGISTIC,harm,persist_std_original_protected_slot1_projection,0.01728329617481355,0.01728329617481355,False,
2,M4_FULL_LEGAL_LOGISTIC,harm,persist_std_original_protected_slot1_prototype_distance_difference,0.02456844991882375,0.02456844991882375,False,
2,M4_FULL_LEGAL_LOGISTIC,harm,persist_std_original_protected_slot1_signed_midpoint_distance,-0.00449753657000011,0.00449753657000011,False,
2,M4_FULL_LEGAL_LOGISTIC,harm,persist_std_original_protected_slot1_weighted_geometry_score,0.015385312757806593,0.015385312757806593,False,
2,M4_FULL_LEGAL_LOGISTIC,harm,persist_std_original_top2_margin_full,0.054886670563619996,0.054886670563619996,False,
2,M4_FULL_LEGAL_LOGISTIC,harm,protected_safe,-0.03485973302672193,0.03485973302672193,False,
2,I006_CONDITIONAL_ACTION_LOGISTIC,conditional_rescue,action_abs_margin,-0.06836641452138474,0.06836641452138474,False,AMPLIFY
2,I006_CONDITIONAL_ACTION_LOGISTIC,conditional_rescue,action_entropy,-0.033786130948007975,0.033786130948007975,False,AMPLIFY
2,I006_CONDITIONAL_ACTION_LOGISTIC,conditional_rescue,action_majority_strength,0.15422460374463962,0.15422460374463962,False,AMPLIFY
2,I006_CONDITIONAL_ACTION_LOGISTIC,conditional_rescue,action_margin_movement,0.11268694037800753,0.11268694037800753,False,AMPLIFY
2,I006_CONDITIONAL_ACTION_LOGISTIC,conditional_rescue,action_margin_range,0.035086557558719284,0.035086557558719284,False,AMPLIFY
2,I006_CONDITIONAL_ACTION_LOGISTIC,conditional_rescue,action_max_margin,0.015434723623125363,0.015434723623125363,False,AMPLIFY
2,I006_CONDITIONAL_ACTION_LOGISTIC,conditional_rescue,action_min_margin,-0.04782758202830244,0.04782758202830244,False,AMPLIFY
2,I006_CONDITIONAL_ACTION_LOGISTIC,conditional_rescue,action_probability_movement,0.10194144420667726,0.10194144420667726,False,AMPLIFY
2,I006_CONDITIONAL_ACTION_LOGISTIC,conditional_rescue,action_run_margin_std,0.0544147985733044,0.0544147985733044,False,AMPLIFY
2,I006_CONDITIONAL_ACTION_LOGISTIC,conditional_rescue,action_run_probability_std,0.06691292477371182,0.06691292477371182,False,AMPLIFY
2,I006_CONDITIONAL_ACTION_LOGISTIC,conditional_rescue,action_vote_entropy,0.07554040439861644,0.07554040439861644,False,AMPLIFY
2,I006_CONDITIONAL_ACTION_LOGISTIC,conditional_rescue,action_vote_fraction_class1,0.1267222394035511,0.1267222394035511,False,AMPLIFY
2,I006_CONDITIONAL_ACTION_LOGISTIC,conditional_rescue,b6_margin,0.01564510948694473,0.01564510948694473,False,AMPLIFY
2,I006_CONDITIONAL_ACTION_LOGISTIC,conditional_rescue,b6_probability,0.025841952092721193,0.025841952092721193,False,AMPLIFY
2,I006_CONDITIONAL_ACTION_LOGISTIC,conditional_rescue,base_abs_margin,0.19581699056858454,0.19581699056858454,False,AMPLIFY
2,I006_CONDITIONAL_ACTION_LOGISTIC,conditional_rescue,base_disagreeing_run_count,0.022662333380487537,0.022662333380487537,False,AMPLIFY
2,I006_CONDITIONAL_ACTION_LOGISTIC,conditional_rescue,base_entropy,-0.1776931802559738,0.1776931802559738,False,AMPLIFY
2,I006_CONDITIONAL_ACTION_LOGISTIC,conditional_rescue,base_majority_strength,0.06689761536673279,0.06689761536673279,False,AMPLIFY
2,I006_CONDITIONAL_ACTION_LOGISTIC,conditional_rescue,base_margin_range,-0.024382974137364743,0.024382974137364743,False,AMPLIFY
2,I006_CONDITIONAL_ACTION_LOGISTIC,conditional_rescue,base_max_margin,-0.06461576709539751,0.06461576709539751,False,AMPLIFY
2,I006_CONDITIONAL_ACTION_LOGISTIC,conditional_rescue,base_max_probability,-0.014407176578654278,0.014407176578654278,False,AMPLIFY
2,I006_CONDITIONAL_ACTION_LOGISTIC,conditional_rescue,base_min_margin,-0.019000923052054773,0.019000923052054773,False,AMPLIFY
2,I006_CONDITIONAL_ACTION_LOGISTIC,conditional_rescue,base_min_probability,0.014716024015419242,0.014716024015419242,False,AMPLIFY
2,I006_CONDITIONAL_ACTION_LOGISTIC,conditional_rescue,base_run_margin_std,-0.07274158835560221,0.07274158835560221,False,AMPLIFY
2,I006_CONDITIONAL_ACTION_LOGISTIC,conditional_rescue,base_run_probability_std,-0.04848946287774705,0.04848946287774705,False,AMPLIFY
2,I006_CONDITIONAL_ACTION_LOGISTIC,conditional_rescue,base_vote_entropy,-0.0695879692147874,0.0695879692147874,False,AMPLIFY
2,I006_CONDITIONAL_ACTION_LOGISTIC,conditional_rescue,base_vote_fraction_class1,-0.17870824545029498,0.17870824545029498,False,AMPLIFY
2,I006_CONDITIONAL_ACTION_LOGISTIC,conditional_rescue,movement_run_max,0.02780531758421792,0.02780531758421792,False,AMPLIFY
2,I006_CONDITIONAL_ACTION_LOGISTIC,conditional_rescue,movement_run_min,-0.007494431449834381,0.007494431449834381,False,AMPLIFY
2,I006_CONDITIONAL_ACTION_LOGISTIC,conditional_rescue,movement_run_std,0.11178062783588052,0.11178062783588052,False,AMPLIFY
2,I006_CONDITIONAL_ACTION_LOGISTIC,conditional_rescue,movement_sign_agreement,-0.008242397381561874,0.008242397381561874,False,AMPLIFY
2,I006_CONDITIONAL_ACTION_LOGISTIC,conditional_rescue,n_runs,0.009759557750739193,0.009759557750739193,False,AMPLIFY
2,I006_CONDITIONAL_ACTION_LOGISTIC,conditional_rescue,persist_mean_original_agreement_base_geo,-0.19295621338666974,0.19295621338666974,False,AMPLIFY
2,I006_CONDITIONAL_ACTION_LOGISTIC,conditional_rescue,persist_mean_original_agreement_full_erase,0.06210119078050071,0.06210119078050071,False,AMPLIFY
2,I006_CONDITIONAL_ACTION_LOGISTIC,conditional_rescue,persist_mean_original_confidence_diff_base_geo,0.0660826146195198,0.0660826146195198,False,AMPLIFY
2,I006_CONDITIONAL_ACTION_LOGISTIC,conditional_rescue,persist_mean_original_delta_p_l2,0.0828681620942337,0.0828681620942337,False,AMPLIFY
2,I006_CONDITIONAL_ACTION_LOGISTIC,conditional_rescue,persist_mean_original_entropy_change_full_erase,-0.20942360829859527,0.20942360829859527,False,AMPLIFY
2,I006_CONDITIONAL_ACTION_LOGISTIC,conditional_rescue,persist_mean_original_entropy_full,0.11806203054075162,0.11806203054075162,False,AMPLIFY
2,I006_CONDITIONAL_ACTION_LOGISTIC,conditional_rescue,persist_mean_original_entropy_geo,-0.04434067797970013,0.04434067797970013,False,AMPLIFY
2,I006_CONDITIONAL_ACTION_LOGISTIC,conditional_rescue,persist_mean_original_js_base_geo,-0.19116515884398258,0.19116515884398258,False,AMPLIFY
2,I006_CONDITIONAL_ACTION_LOGISTIC,conditional_rescue,persist_mean_original_js_full_erase,0.18710780512355965,0.18710780512355965,False,AMPLIFY
2,I006_CONDITIONAL_ACTION_LOGISTIC,conditional_rescue,persist_mean_original_kl_full_erase,0.0292929610476828,0.0292929610476828,False,AMPLIFY
2,I006_CONDITIONAL_ACTION_LOGISTIC,conditional_rescue,persist_mean_original_logit_norm_full,0.09447920884636152,0.09447920884636152,False,AMPLIFY
2,I006_CONDITIONAL_ACTION_LOGISTIC,conditional_rescue,persist_mean_original_margin_change_full_erase,0.01574092648039794,0.01574092648039794,False,AMPLIFY
2,I006_CONDITIONAL_ACTION_LOGISTIC,conditional_rescue,persist_mean_original_margin_geo,-0.0163600698597977,0.0163600698597977,False,AMPLIFY
2,I006_CONDITIONAL_ACTION_LOGISTIC,conditional_rescue,persist_mean_original_nll_proxy_full,-0.1132230026153604,0.1132230026153604,False,AMPLIFY
2,I006_CONDITIONAL_ACTION_LOGISTIC,conditional_rescue,persist_mean_original_p_full_max,0.06565184358067823,0.06565184358067823,False,AMPLIFY
2,I006_CONDITIONAL_ACTION_LOGISTIC,conditional_rescue,persist_mean_original_probability_shift_l1,0.30298597076818856,0.30298597076818856,False,AMPLIFY
2,I006_CONDITIONAL_ACTION_LOGISTIC,conditional_rescue,persist_mean_original_protected_slot0_contribution_norm,-0.06197199647765906,0.06197199647765906,False,AMPLIFY
2,I006_CONDITIONAL_ACTION_LOGISTIC,conditional_rescue,persist_mean_original_protected_slot0_geometry_margin,-0.06457443648708783,0.06457443648708783,False,AMPLIFY
2,I006_CONDITIONAL_ACTION_LOGISTIC,conditional_rescue,persist_mean_original_protected_slot0_present,0.0,0.0,False,AMPLIFY
2,I006_CONDITIONAL_ACTION_LOGISTIC,conditional_rescue,persist_mean_original_protected_slot0_projection,-0.03419407783541951,0.03419407783541951,False,AMPLIFY
2,I006_CONDITIONAL_ACTION_LOGISTIC,conditional_rescue,persist_mean_original_protected_slot0_prototype_distance_difference,-0.06238839328687646,0.06238839328687646,False,AMPLIFY
2,I006_CONDITIONAL_ACTION_LOGISTIC,conditional_rescue,persist_mean_original_protected_slot0_signed_midpoint_distance,0.14798295745322249,0.14798295745322249,False,AMPLIFY
2,I006_CONDITIONAL_ACTION_LOGISTIC,conditional_rescue,persist_mean_original_protected_slot0_weighted_geometry_score,0.09756898700415452,0.09756898700415452,False,AMPLIFY
2,I006_CONDITIONAL_ACTION_LOGISTIC,conditional_rescue,persist_mean_original_protected_slot1_contribution_norm,0.20406727496259977,0.20406727496259977,False,AMPLIFY
2,I006_CONDITIONAL_ACTION_LOGISTIC,conditional_rescue,persist_mean_original_protected_slot1_geometry_margin,0.0557467923172904,0.0557467923172904,False,AMPLIFY
2,I006_CONDITIONAL_ACTION_LOGISTIC,conditional_rescue,persist_mean_original_protected_slot1_present,-0.1484226558785828,0.1484226558785828,False,AMPLIFY
2,I006_CONDITIONAL_ACTION_LOGISTIC,conditional_rescue,persist_mean_original_protected_slot1_projection,-0.013073496278079445,0.013073496278079445,False,AMPLIFY
2,I006_CONDITIONAL_ACTION_LOGISTIC,conditional_rescue,persist_mean_original_protected_slot1_prototype_distance_difference,0.07062478378574351,0.07062478378574351,False,AMPLIFY
2,I006_CONDITIONAL_ACTION_LOGISTIC,conditional_rescue,persist_mean_original_protected_slot1_signed_midpoint_distance,-0.10312637091368822,0.10312637091368822,False,AMPLIFY
2,I006_CONDITIONAL_ACTION_LOGISTIC,conditional_rescue,persist_mean_original_protected_slot1_weighted_geometry_score,0.0964429148326254,0.0964429148326254,False,AMPLIFY
2,I006_CONDITIONAL_ACTION_LOGISTIC,conditional_rescue,persist_mean_original_top2_margin_full,0.06565181245614156,0.06565181245614156,False,AMPLIFY
2,I006_CONDITIONAL_ACTION_LOGISTIC,conditional_rescue,persist_std_original_agreement_base_geo,0.12125936600129902,0.12125936600129902,False,AMPLIFY
2,I006_CONDITIONAL_ACTION_LOGISTIC,conditional_rescue,persist_std_original_agreement_full_erase,0.06847486184449662,0.06847486184449662,False,AMPLIFY
2,I006_CONDITIONAL_ACTION_LOGISTIC,conditional_rescue,persist_std_original_confidence_diff_base_geo,0.03021031905248437,0.03021031905248437,False,AMPLIFY
2,I006_CONDITIONAL_ACTION_LOGISTIC,conditional_rescue,persist_std_original_delta_p_l2,-0.17769416022248352,0.17769416022248352,False,AMPLIFY
2,I006_CONDITIONAL_ACTION_LOGISTIC,conditional_rescue,persist_std_original_entropy_change_full_erase,-0.06861437724781723,0.06861437724781723,False,AMPLIFY
2,I006_CONDITIONAL_ACTION_LOGISTIC,conditional_rescue,persist_std_original_entropy_full,-0.06633992759200975,0.06633992759200975,False,AMPLIFY
2,I006_CONDITIONAL_ACTION_LOGISTIC,conditional_rescue,persist_std_original_entropy_geo,0.026900344686921252,0.026900344686921252,False,AMPLIFY
2,I006_CONDITIONAL_ACTION_LOGISTIC,conditional_rescue,persist_std_original_js_base_geo,-0.024797559856218912,0.024797559856218912,False,AMPLIFY
2,I006_CONDITIONAL_ACTION_LOGISTIC,conditional_rescue,persist_std_original_js_full_erase,-0.07866988872083511,0.07866988872083511,False,AMPLIFY
2,I006_CONDITIONAL_ACTION_LOGISTIC,conditional_rescue,persist_std_original_kl_full_erase,-0.227676329256183,0.227676329256183,False,AMPLIFY
2,I006_CONDITIONAL_ACTION_LOGISTIC,conditional_rescue,persist_std_original_logit_norm_full,0.11046857692586101,0.11046857692586101,False,AMPLIFY
2,I006_CONDITIONAL_ACTION_LOGISTIC,conditional_rescue,persist_std_original_margin_change_full_erase,0.0019731578215902517,0.0019731578215902517,False,AMPLIFY
2,I006_CONDITIONAL_ACTION_LOGISTIC,conditional_rescue,persist_std_original_margin_geo,0.13500801214317873,0.13500801214317873,False,AMPLIFY
2,I006_CONDITIONAL_ACTION_LOGISTIC,conditional_rescue,persist_std_original_nll_proxy_full,-0.08171761629652925,0.08171761629652925,False,AMPLIFY
2,I006_CONDITIONAL_ACTION_LOGISTIC,conditional_rescue,persist_std_original_p_full_max,-0.08804928353705012,0.08804928353705012,False,AMPLIFY
2,I006_CONDITIONAL_ACTION_LOGISTIC,conditional_rescue,persist_std_original_probability_shift_l1,-0.04743171334373702,0.04743171334373702,False,AMPLIFY
2,I006_CONDITIONAL_ACTION_LOGISTIC,conditional_rescue,persist_std_original_protected_slot0_contribution_norm,0.059330866981680525,0.059330866981680525,False,AMPLIFY
2,I006_CONDITIONAL_ACTION_LOGISTIC,conditional_rescue,persist_std_original_protected_slot0_geometry_margin,-0.2174189421552422,0.2174189421552422,False,AMPLIFY
2,I006_CONDITIONAL_ACTION_LOGISTIC,conditional_rescue,persist_std_original_protected_slot0_present,0.0,0.0,False,AMPLIFY
2,I006_CONDITIONAL_ACTION_LOGISTIC,conditional_rescue,persist_std_original_protected_slot0_projection,0.0839358072775008,0.0839358072775008,False,AMPLIFY
2,I006_CONDITIONAL_ACTION_LOGISTIC,conditional_rescue,persist_std_original_protected_slot0_prototype_distance_difference,-0.011875662326495973,0.011875662326495973,False,AMPLIFY
2,I006_CONDITIONAL_ACTION_LOGISTIC,conditional_rescue,persist_std_original_protected_slot0_signed_midpoint_distance,-0.05892345815899208,0.05892345815899208,False,AMPLIFY
2,I006_CONDITIONAL_ACTION_LOGISTIC,conditional_rescue,persist_std_original_protected_slot0_weighted_geometry_score,-0.018862173969327503,0.018862173969327503,False,AMPLIFY
2,I006_CONDITIONAL_ACTION_LOGISTIC,conditional_rescue,persist_std_original_protected_slot1_contribution_norm,-0.1675471640350882,0.1675471640350882,False,AMPLIFY
2,I006_CONDITIONAL_ACTION_LOGISTIC,conditional_rescue,persist_std_original_protected_slot1_geometry_margin,0.023334791273825685,0.023334791273825685,False,AMPLIFY
2,I006_CONDITIONAL_ACTION_LOGISTIC,conditional_rescue,persist_std_original_protected_slot1_present,-0.0914940481169579,0.0914940481169579,False,AMPLIFY
2,I006_CONDITIONAL_ACTION_LOGISTIC,conditional_rescue,persist_std_original_protected_slot1_projection,-0.1629052344637791,0.1629052344637791,False,AMPLIFY
2,I006_CONDITIONAL_ACTION_LOGISTIC,conditional_rescue,persist_std_original_protected_slot1_prototype_distance_difference,0.052995350182225356,0.052995350182225356,False,AMPLIFY
2,I006_CONDITIONAL_ACTION_LOGISTIC,conditional_rescue,persist_std_original_protected_slot1_signed_midpoint_distance,-0.09280234766020173,0.09280234766020173,False,AMPLIFY
2,I006_CONDITIONAL_ACTION_LOGISTIC,conditional_rescue,persist_std_original_protected_slot1_weighted_geometry_score,-0.15219799535265616,0.15219799535265616,False,AMPLIFY
2,I006_CONDITIONAL_ACTION_LOGISTIC,conditional_rescue,persist_std_original_top2_margin_full,-0.0880491878769152,0.0880491878769152,False,AMPLIFY
2,I006_CONDITIONAL_ACTION_LOGISTIC,conditional_rescue,action_abs_margin,0.2293357243911098,0.2293357243911098,False,GEOMETRY
2,I006_CONDITIONAL_ACTION_LOGISTIC,conditional_rescue,action_entropy,0.09328311147215583,0.09328311147215583,False,GEOMETRY
2,I006_CONDITIONAL_ACTION_LOGISTIC,conditional_rescue,action_majority_strength,-0.01932681997231261,0.01932681997231261,False,GEOMETRY
2,I006_CONDITIONAL_ACTION_LOGISTIC,conditional_rescue,action_margin_movement,0.18424270774106982,0.18424270774106982,False,GEOMETRY
2,I006_CONDITIONAL_ACTION_LOGISTIC,conditional_rescue,action_margin_range,0.010661303794729036,0.010661303794729036,False,GEOMETRY
2,I006_CONDITIONAL_ACTION_LOGISTIC,conditional_rescue,action_max_margin,0.07804380457101422,0.07804380457101422,False,GEOMETRY
2,I006_CONDITIONAL_ACTION_LOGISTIC,conditional_rescue,action_min_margin,0.061529180458093115,0.061529180458093115,False,GEOMETRY
2,I006_CONDITIONAL_ACTION_LOGISTIC,conditional_rescue,action_probability_movement,0.13490110304528888,0.13490110304528888,False,GEOMETRY
2,I006_CONDITIONAL_ACTION_LOGISTIC,conditional_rescue,action_run_margin_std,0.1066686811111927,0.1066686811111927,False,GEOMETRY
2,I006_CONDITIONAL_ACTION_LOGISTIC,conditional_rescue,action_run_probability_std,0.040207524925413705,0.040207524925413705,False,GEOMETRY
2,I006_CONDITIONAL_ACTION_LOGISTIC,conditional_rescue,action_vote_entropy,0.14768843295645873,0.14768843295645873,False,GEOMETRY
2,I006_CONDITIONAL_ACTION_LOGISTIC,conditional_rescue,action_vote_fraction_class1,-0.03489431729401007,0.03489431729401007,False,GEOMETRY
2,I006_CONDITIONAL_ACTION_LOGISTIC,conditional_rescue,b6_margin,0.12887935521723817,0.12887935521723817,False,GEOMETRY
2,I006_CONDITIONAL_ACTION_LOGISTIC,conditional_rescue,b6_probability,0.15728002304749655,0.15728002304749655,False,GEOMETRY
2,I006_CONDITIONAL_ACTION_LOGISTIC,conditional_rescue,base_abs_margin,-0.040832504313875286,0.040832504313875286,False,GEOMETRY
2,I006_CONDITIONAL_ACTION_LOGISTIC,conditional_rescue,base_disagreeing_run_count,0.011827640476203403,0.011827640476203403,False,GEOMETRY
2,I006_CONDITIONAL_ACTION_LOGISTIC,conditional_rescue,base_entropy,0.21817873032329793,0.21817873032329793,False,GEOMETRY
2,I006_CONDITIONAL_ACTION_LOGISTIC,conditional_rescue,base_majority_strength,0.037783329742955514,0.037783329742955514,False,GEOMETRY
2,I006_CONDITIONAL_ACTION_LOGISTIC,conditional_rescue,base_margin_range,0.09150815973700385,0.09150815973700385,False,GEOMETRY
2,I006_CONDITIONAL_ACTION_LOGISTIC,conditional_rescue,base_max_margin,-0.021269595004298633,0.021269595004298633,False,GEOMETRY
2,I006_CONDITIONAL_ACTION_LOGISTIC,conditional_rescue,base_max_probability,0.013931365784069644,0.013931365784069644,False,GEOMETRY
2,I006_CONDITIONAL_ACTION_LOGISTIC,conditional_rescue,base_min_margin,-0.12068671675253234,0.12068671675253234,False,GEOMETRY
2,I006_CONDITIONAL_ACTION_LOGISTIC,conditional_rescue,base_min_probability,-0.021339782607548704,0.021339782607548704,False,GEOMETRY
2,I006_CONDITIONAL_ACTION_LOGISTIC,conditional_rescue,base_run_margin_std,0.035050988377459694,0.035050988377459694,False,GEOMETRY
2,I006_CONDITIONAL_ACTION_LOGISTIC,conditional_rescue,base_run_probability_std,-0.025291399429880835,0.025291399429880835,False,GEOMETRY
2,I006_CONDITIONAL_ACTION_LOGISTIC,conditional_rescue,base_vote_entropy,0.11037503151778048,0.11037503151778048,False,GEOMETRY
2,I006_CONDITIONAL_ACTION_LOGISTIC,conditional_rescue,base_vote_fraction_class1,-0.021747106054136177,0.021747106054136177,False,GEOMETRY
2,I006_CONDITIONAL_ACTION_LOGISTIC,conditional_rescue,movement_run_max,-0.13733243585534238,0.13733243585534238,False,GEOMETRY
2,I006_CONDITIONAL_ACTION_LOGISTIC,conditional_rescue,movement_run_min,-0.0472619856334767,0.0472619856334767,False,GEOMETRY
2,I006_CONDITIONAL_ACTION_LOGISTIC,conditional_rescue,movement_run_std,-0.22315279115974693,0.22315279115974693,False,GEOMETRY
2,I006_CONDITIONAL_ACTION_LOGISTIC,conditional_rescue,movement_sign_agreement,-0.12238159491094866,0.12238159491094866,False,GEOMETRY
2,I006_CONDITIONAL_ACTION_LOGISTIC,conditional_rescue,n_runs,-0.14740669742196097,0.14740669742196097,False,GEOMETRY
2,I006_CONDITIONAL_ACTION_LOGISTIC,conditional_rescue,persist_mean_original_agreement_base_geo,-0.25636859156010894,0.25636859156010894,False,GEOMETRY
2,I006_CONDITIONAL_ACTION_LOGISTIC,conditional_rescue,persist_mean_original_agreement_full_erase,0.14544628399766416,0.14544628399766416,False,GEOMETRY
2,I006_CONDITIONAL_ACTION_LOGISTIC,conditional_rescue,persist_mean_original_confidence_diff_base_geo,-0.03318058528076745,0.03318058528076745,False,GEOMETRY
2,I006_CONDITIONAL_ACTION_LOGISTIC,conditional_rescue,persist_mean_original_delta_p_l2,-0.013543052351599895,0.013543052351599895,False,GEOMETRY
2,I006_CONDITIONAL_ACTION_LOGISTIC,conditional_rescue,persist_mean_original_entropy_change_full_erase,-0.06649592752453733,0.06649592752453733,False,GEOMETRY
2,I006_CONDITIONAL_ACTION_LOGISTIC,conditional_rescue,persist_mean_original_entropy_full,0.02031164868889077,0.02031164868889077,False,GEOMETRY
2,I006_CONDITIONAL_ACTION_LOGISTIC,conditional_rescue,persist_mean_original_entropy_geo,-0.1447086104009344,0.1447086104009344,False,GEOMETRY
2,I006_CONDITIONAL_ACTION_LOGISTIC,conditional_rescue,persist_mean_original_js_base_geo,-0.15504192137153885,0.15504192137153885,False,GEOMETRY
2,I006_CONDITIONAL_ACTION_LOGISTIC,conditional_rescue,persist_mean_original_js_full_erase,0.0816565589890341,0.0816565589890341,False,GEOMETRY
2,I006_CONDITIONAL_ACTION_LOGISTIC,conditional_rescue,persist_mean_original_kl_full_erase,-0.07712557158586238,0.07712557158586238,False,GEOMETRY
2,I006_CONDITIONAL_ACTION_LOGISTIC,conditional_rescue,persist_mean_original_logit_norm_full,-0.00374240276710573,0.00374240276710573,False,GEOMETRY
2,I006_CONDITIONAL_ACTION_LOGISTIC,conditional_rescue,persist_mean_original_margin_change_full_erase,-0.03783810741095203,0.03783810741095203,False,GEOMETRY
2,I006_CONDITIONAL_ACTION_LOGISTIC,conditional_rescue,persist_mean_original_margin_geo,0.023899178272967114,0.023899178272967114,False,GEOMETRY
2,I006_CONDITIONAL_ACTION_LOGISTIC,conditional_rescue,persist_mean_original_nll_proxy_full,0.01696796223370789,0.01696796223370789,False,GEOMETRY
2,I006_CONDITIONAL_ACTION_LOGISTIC,conditional_rescue,persist_mean_original_p_full_max,-0.018723698174662778,0.018723698174662778,False,GEOMETRY
2,I006_CONDITIONAL_ACTION_LOGISTIC,conditional_rescue,persist_mean_original_probability_shift_l1,0.07344692420807837,0.07344692420807837,False,GEOMETRY
2,I006_CONDITIONAL_ACTION_LOGISTIC,conditional_rescue,persist_mean_original_protected_slot0_contribution_norm,-0.07707148161265236,0.07707148161265236,False,GEOMETRY
2,I006_CONDITIONAL_ACTION_LOGISTIC,conditional_rescue,persist_mean_original_protected_slot0_geometry_margin,-0.06557608077620329,0.06557608077620329,False,GEOMETRY
2,I006_CONDITIONAL_ACTION_LOGISTIC,conditional_rescue,persist_mean_original_protected_slot0_present,0.0,0.0,False,GEOMETRY
2,I006_CONDITIONAL_ACTION_LOGISTIC,conditional_rescue,persist_mean_original_protected_slot0_projection,0.026474024814235417,0.026474024814235417,False,GEOMETRY
2,I006_CONDITIONAL_ACTION_LOGISTIC,conditional_rescue,persist_mean_original_protected_slot0_prototype_distance_difference,-0.04587805504594731,0.04587805504594731,False,GEOMETRY
2,I006_CONDITIONAL_ACTION_LOGISTIC,conditional_rescue,persist_mean_original_protected_slot0_signed_midpoint_distance,0.21972969332382786,0.21972969332382786,False,GEOMETRY
2,I006_CONDITIONAL_ACTION_LOGISTIC,conditional_rescue,persist_mean_original_protected_slot0_weighted_geometry_score,0.018938985248383937,0.018938985248383937,False,GEOMETRY
2,I006_CONDITIONAL_ACTION_LOGISTIC,conditional_rescue,persist_mean_original_protected_slot1_contribution_norm,0.35937437389519516,0.35937437389519516,False,GEOMETRY
2,I006_CONDITIONAL_ACTION_LOGISTIC,conditional_rescue,persist_mean_original_protected_slot1_geometry_margin,-0.11456865814301324,0.11456865814301324,False,GEOMETRY
2,I006_CONDITIONAL_ACTION_LOGISTIC,conditional_rescue,persist_mean_original_protected_slot1_present,-0.07436549515273504,0.07436549515273504,False,GEOMETRY
2,I006_CONDITIONAL_ACTION_LOGISTIC,conditional_rescue,persist_mean_original_protected_slot1_projection,-0.041701546008800175,0.041701546008800175,False,GEOMETRY
2,I006_CONDITIONAL_ACTION_LOGISTIC,conditional_rescue,persist_mean_original_protected_slot1_prototype_distance_difference,0.16042420000827765,0.16042420000827765,False,GEOMETRY
2,I006_CONDITIONAL_ACTION_LOGISTIC,conditional_rescue,persist_mean_original_protected_slot1_signed_midpoint_distance,-0.13070844277369154,0.13070844277369154,False,GEOMETRY
2,I006_CONDITIONAL_ACTION_LOGISTIC,conditional_rescue,persist_mean_original_protected_slot1_weighted_geometry_score,0.12811815199863216,0.12811815199863216,False,GEOMETRY
2,I006_CONDITIONAL_ACTION_LOGISTIC,conditional_rescue,persist_mean_original_top2_margin_full,-0.018723716168373872,0.018723716168373872,False,GEOMETRY
2,I006_CONDITIONAL_ACTION_LOGISTIC,conditional_rescue,persist_std_original_agreement_base_geo,-0.036238641572258264,0.036238641572258264,False,GEOMETRY
2,I006_CONDITIONAL_ACTION_LOGISTIC,conditional_rescue,persist_std_original_agreement_full_erase,0.0386170655464784,0.0386170655464784,False,GEOMETRY
2,I006_CONDITIONAL_ACTION_LOGISTIC,conditional_rescue,persist_std_original_confidence_diff_base_geo,0.09564606600632689,0.09564606600632689,False,GEOMETRY
2,I006_CONDITIONAL_ACTION_LOGISTIC,conditional_rescue,persist_std_original_delta_p_l2,-0.09827668265270548,0.09827668265270548,False,GEOMETRY
2,I006_CONDITIONAL_ACTION_LOGISTIC,conditional_rescue,persist_std_original_entropy_change_full_erase,0.06477995984049288,0.06477995984049288,False,GEOMETRY
2,I006_CONDITIONAL_ACTION_LOGISTIC,conditional_rescue,persist_std_original_entropy_full,-0.16455235525802953,0.16455235525802953,False,GEOMETRY
2,I006_CONDITIONAL_ACTION_LOGISTIC,conditional_rescue,persist_std_original_entropy_geo,0.06974760302568116,0.06974760302568116,False,GEOMETRY
2,I006_CONDITIONAL_ACTION_LOGISTIC,conditional_rescue,persist_std_original_js_base_geo,0.02504870390657442,0.02504870390657442,False,GEOMETRY
2,I006_CONDITIONAL_ACTION_LOGISTIC,conditional_rescue,persist_std_original_js_full_erase,0.050638744433184994,0.050638744433184994,False,GEOMETRY
2,I006_CONDITIONAL_ACTION_LOGISTIC,conditional_rescue,persist_std_original_kl_full_erase,-0.20306774612967377,0.20306774612967377,False,GEOMETRY
2,I006_CONDITIONAL_ACTION_LOGISTIC,conditional_rescue,persist_std_original_logit_norm_full,-0.0125476128738075,0.0125476128738075,False,GEOMETRY
2,I006_CONDITIONAL_ACTION_LOGISTIC,conditional_rescue,persist_std_original_margin_change_full_erase,0.023254645363371237,0.023254645363371237,False,GEOMETRY
2,I006_CONDITIONAL_ACTION_LOGISTIC,conditional_rescue,persist_std_original_margin_geo,-0.06425506498839416,0.06425506498839416,False,GEOMETRY
2,I006_CONDITIONAL_ACTION_LOGISTIC,conditional_rescue,persist_std_original_nll_proxy_full,0.025506264206473044,0.025506264206473044,False,GEOMETRY
2,I006_CONDITIONAL_ACTION_LOGISTIC,conditional_rescue,persist_std_original_p_full_max,-0.029498262906315097,0.029498262906315097,False,GEOMETRY
2,I006_CONDITIONAL_ACTION_LOGISTIC,conditional_rescue,persist_std_original_probability_shift_l1,0.04861585886157371,0.04861585886157371,False,GEOMETRY
2,I006_CONDITIONAL_ACTION_LOGISTIC,conditional_rescue,persist_std_original_protected_slot0_contribution_norm,-0.12238322200916525,0.12238322200916525,False,GEOMETRY
2,I006_CONDITIONAL_ACTION_LOGISTIC,conditional_rescue,persist_std_original_protected_slot0_geometry_margin,-0.06726433379547492,0.06726433379547492,False,GEOMETRY
2,I006_CONDITIONAL_ACTION_LOGISTIC,conditional_rescue,persist_std_original_protected_slot0_present,0.0,0.0,False,GEOMETRY
2,I006_CONDITIONAL_ACTION_LOGISTIC,conditional_rescue,persist_std_original_protected_slot0_projection,0.07788908911272138,0.07788908911272138,False,GEOMETRY
2,I006_CONDITIONAL_ACTION_LOGISTIC,conditional_rescue,persist_std_original_protected_slot0_prototype_distance_difference,0.044357817645661886,0.044357817645661886,False,GEOMETRY
2,I006_CONDITIONAL_ACTION_LOGISTIC,conditional_rescue,persist_std_original_protected_slot0_signed_midpoint_distance,0.08941045152162905,0.08941045152162905,False,GEOMETRY
2,I006_CONDITIONAL_ACTION_LOGISTIC,conditional_rescue,persist_std_original_protected_slot0_weighted_geometry_score,0.0020271496258508982,0.0020271496258508982,False,GEOMETRY
2,I006_CONDITIONAL_ACTION_LOGISTIC,conditional_rescue,persist_std_original_protected_slot1_contribution_norm,-0.21333358579330022,0.21333358579330022,False,GEOMETRY
2,I006_CONDITIONAL_ACTION_LOGISTIC,conditional_rescue,persist_std_original_protected_slot1_geometry_margin,0.27946745821729624,0.27946745821729624,False,GEOMETRY
2,I006_CONDITIONAL_ACTION_LOGISTIC,conditional_rescue,persist_std_original_protected_slot1_present,-0.02861445823147367,0.02861445823147367,False,GEOMETRY
2,I006_CONDITIONAL_ACTION_LOGISTIC,conditional_rescue,persist_std_original_protected_slot1_projection,-0.15306419944825284,0.15306419944825284,False,GEOMETRY
2,I006_CONDITIONAL_ACTION_LOGISTIC,conditional_rescue,persist_std_original_protected_slot1_prototype_distance_difference,-0.07212242274560667,0.07212242274560667,False,GEOMETRY
2,I006_CONDITIONAL_ACTION_LOGISTIC,conditional_rescue,persist_std_original_protected_slot1_signed_midpoint_distance,0.058624339186334286,0.058624339186334286,False,GEOMETRY
2,I006_CONDITIONAL_ACTION_LOGISTIC,conditional_rescue,persist_std_original_protected_slot1_weighted_geometry_score,-0.1847919002682839,0.1847919002682839,False,GEOMETRY
2,I006_CONDITIONAL_ACTION_LOGISTIC,conditional_rescue,persist_std_original_top2_margin_full,-0.029498126367890776,0.029498126367890776,False,GEOMETRY
2,I006_CONDITIONAL_ACTION_LOGISTIC,conditional_rescue,action_abs_margin,0.20841957374015949,0.20841957374015949,False,ERASE
2,I006_CONDITIONAL_ACTION_LOGISTIC,conditional_rescue,action_entropy,0.09694448415129422,0.09694448415129422,False,ERASE
2,I006_CONDITIONAL_ACTION_LOGISTIC,conditional_rescue,action_majority_strength,-0.08800324472377566,0.08800324472377566,False,ERASE
2,I006_CONDITIONAL_ACTION_LOGISTIC,conditional_rescue,action_margin_movement,0.21498367448247616,0.21498367448247616,False,ERASE
2,I006_CONDITIONAL_ACTION_LOGISTIC,conditional_rescue,action_margin_range,0.021041200206988044,0.021041200206988044,False,ERASE
2,I006_CONDITIONAL_ACTION_LOGISTIC,conditional_rescue,action_max_margin,-0.05121737385734142,0.05121737385734142,False,ERASE
2,I006_CONDITIONAL_ACTION_LOGISTIC,conditional_rescue,action_min_margin,-0.07032305864797844,0.07032305864797844,False,ERASE
2,I006_CONDITIONAL_ACTION_LOGISTIC,conditional_rescue,action_probability_movement,0.024576311943344985,0.024576311943344985,False,ERASE
2,I006_CONDITIONAL_ACTION_LOGISTIC,conditional_rescue,action_run_margin_std,0.04665729107462482,0.04665729107462482,False,ERASE
2,I006_CONDITIONAL_ACTION_LOGISTIC,conditional_rescue,action_run_probability_std,0.008821419179296436,0.008821419179296436,False,ERASE
2,I006_CONDITIONAL_ACTION_LOGISTIC,conditional_rescue,action_vote_entropy,-0.036288430138336665,0.036288430138336665,False,ERASE
2,I006_CONDITIONAL_ACTION_LOGISTIC,conditional_rescue,action_vote_fraction_class1,-0.03260306218485834,0.03260306218485834,False,ERASE
2,I006_CONDITIONAL_ACTION_LOGISTIC,conditional_rescue,b6_margin,0.05611862342574279,0.05611862342574279,False,ERASE
2,I006_CONDITIONAL_ACTION_LOGISTIC,conditional_rescue,b6_probability,0.3579856917901195,0.3579856917901195,False,ERASE
2,I006_CONDITIONAL_ACTION_LOGISTIC,conditional_rescue,base_abs_margin,-0.24603621870493259,0.24603621870493259,False,ERASE
2,I006_CONDITIONAL_ACTION_LOGISTIC,conditional_rescue,base_disagreeing_run_count,0.18428784877450893,0.18428784877450893,False,ERASE
2,I006_CONDITIONAL_ACTION_LOGISTIC,conditional_rescue,base_entropy,0.057337969258168676,0.057337969258168676,False,ERASE
2,I006_CONDITIONAL_ACTION_LOGISTIC,conditional_rescue,base_majority_strength,-0.021509400911015,0.021509400911015,False,ERASE
2,I006_CONDITIONAL_ACTION_LOGISTIC,conditional_rescue,base_margin_range,-0.00449991788709035,0.00449991788709035,False,ERASE
2,I006_CONDITIONAL_ACTION_LOGISTIC,conditional_rescue,base_max_margin,0.024655529737647966,0.024655529737647966,False,ERASE
2,I006_CONDITIONAL_ACTION_LOGISTIC,conditional_rescue,base_max_probability,0.08567872218626112,0.08567872218626112,False,ERASE
2,I006_CONDITIONAL_ACTION_LOGISTIC,conditional_rescue,base_min_margin,0.030116217317640658,0.030116217317640658,False,ERASE
2,I006_CONDITIONAL_ACTION_LOGISTIC,conditional_rescue,base_min_probability,0.1176964085665088,0.1176964085665088,False,ERASE
2,I006_CONDITIONAL_ACTION_LOGISTIC,conditional_rescue,base_run_margin_std,0.07452417065135511,0.07452417065135511,False,ERASE
2,I006_CONDITIONAL_ACTION_LOGISTIC,conditional_rescue,base_run_probability_std,0.00857023632781924,0.00857023632781924,False,ERASE
2,I006_CONDITIONAL_ACTION_LOGISTIC,conditional_rescue,base_vote_entropy,-0.20783340731770134,0.20783340731770134,False,ERASE
2,I006_CONDITIONAL_ACTION_LOGISTIC,conditional_rescue,base_vote_fraction_class1,-0.17865158106556747,0.17865158106556747,False,ERASE
2,I006_CONDITIONAL_ACTION_LOGISTIC,conditional_rescue,movement_run_max,-0.16860469636508776,0.16860469636508776,False,ERASE
2,I006_CONDITIONAL_ACTION_LOGISTIC,conditional_rescue,movement_run_min,0.029462950630192452,0.029462950630192452,False,ERASE
2,I006_CONDITIONAL_ACTION_LOGISTIC,conditional_rescue,movement_run_std,0.23797245531159772,0.23797245531159772,False,ERASE
2,I006_CONDITIONAL_ACTION_LOGISTIC,conditional_rescue,movement_sign_agreement,-0.10759831617321731,0.10759831617321731,False,ERASE
2,I006_CONDITIONAL_ACTION_LOGISTIC,conditional_rescue,n_runs,-0.06197999449662486,0.06197999449662486,False,ERASE
2,I006_CONDITIONAL_ACTION_LOGISTIC,conditional_rescue,persist_mean_original_agreement_base_geo,0.11999807808656782,0.11999807808656782,False,ERASE
2,I006_CONDITIONAL_ACTION_LOGISTIC,conditional_rescue,persist_mean_original_agreement_full_erase,-0.017279728090956733,0.017279728090956733,False,ERASE
2,I006_CONDITIONAL_ACTION_LOGISTIC,conditional_rescue,persist_mean_original_confidence_diff_base_geo,0.025869833598333856,0.025869833598333856,False,ERASE
2,I006_CONDITIONAL_ACTION_LOGISTIC,conditional_rescue,persist_mean_original_delta_p_l2,-0.014832439991938477,0.014832439991938477,False,ERASE
2,I006_CONDITIONAL_ACTION_LOGISTIC,conditional_rescue,persist_mean_original_entropy_change_full_erase,-0.19332660289534795,0.19332660289534795,False,ERASE
2,I006_CONDITIONAL_ACTION_LOGISTIC,conditional_rescue,persist_mean_original_entropy_full,-0.11076754596597213,0.11076754596597213,False,ERASE
2,I006_CONDITIONAL_ACTION_LOGISTIC,conditional_rescue,persist_mean_original_entropy_geo,0.016872061084896195,0.016872061084896195,False,ERASE
2,I006_CONDITIONAL_ACTION_LOGISTIC,conditional_rescue,persist_mean_original_js_base_geo,-0.09028763022462931,0.09028763022462931,False,ERASE
2,I006_CONDITIONAL_ACTION_LOGISTIC,conditional_rescue,persist_mean_original_js_full_erase,-0.08877349498301686,0.08877349498301686,False,ERASE
2,I006_CONDITIONAL_ACTION_LOGISTIC,conditional_rescue,persist_mean_original_kl_full_erase,-0.07945643092526672,0.07945643092526672,False,ERASE
2,I006_CONDITIONAL_ACTION_LOGISTIC,conditional_rescue,persist_mean_original_logit_norm_full,-0.17203294557186835,0.17203294557186835,False,ERASE
2,I006_CONDITIONAL_ACTION_LOGISTIC,conditional_rescue,persist_mean_original_margin_change_full_erase,-0.23461211556980488,0.23461211556980488,False,ERASE
2,I006_CONDITIONAL_ACTION_LOGISTIC,conditional_rescue,persist_mean_original_margin_geo,-0.09510863679275201,0.09510863679275201,False,ERASE
2,I006_CONDITIONAL_ACTION_LOGISTIC,conditional_rescue,persist_mean_original_nll_proxy_full,0.13443624466741952,0.13443624466741952,False,ERASE
2,I006_CONDITIONAL_ACTION_LOGISTIC,conditional_rescue,persist_mean_original_p_full_max,-0.0717057242716057,0.0717057242716057,False,ERASE
2,I006_CONDITIONAL_ACTION_LOGISTIC,conditional_rescue,persist_mean_original_probability_shift_l1,-0.15632621499593954,0.15632621499593954,False,ERASE
2,I006_CONDITIONAL_ACTION_LOGISTIC,conditional_rescue,persist_mean_original_protected_slot0_contribution_norm,-0.08478591824667281,0.08478591824667281,False,ERASE
2,I006_CONDITIONAL_ACTION_LOGISTIC,conditional_rescue,persist_mean_original_protected_slot0_geometry_margin,0.1353269650065837,0.1353269650065837,False,ERASE
2,I006_CONDITIONAL_ACTION_LOGISTIC,conditional_rescue,persist_mean_original_protected_slot0_present,0.0,0.0,False,ERASE
2,I006_CONDITIONAL_ACTION_LOGISTIC,conditional_rescue,persist_mean_original_protected_slot0_projection,0.05770752924064785,0.05770752924064785,False,ERASE
2,I006_CONDITIONAL_ACTION_LOGISTIC,conditional_rescue,persist_mean_original_protected_slot0_prototype_distance_difference,-0.4578335802338296,0.4578335802338296,False,ERASE
2,I006_CONDITIONAL_ACTION_LOGISTIC,conditional_rescue,persist_mean_original_protected_slot0_signed_midpoint_distance,-0.13997662108980752,0.13997662108980752,False,ERASE
2,I006_CONDITIONAL_ACTION_LOGISTIC,conditional_rescue,persist_mean_original_protected_slot0_weighted_geometry_score,0.058050103660905204,0.058050103660905204,False,ERASE
2,I006_CONDITIONAL_ACTION_LOGISTIC,conditional_rescue,persist_mean_original_protected_slot1_contribution_norm,-0.06207694663497677,0.06207694663497677,False,ERASE
2,I006_CONDITIONAL_ACTION_LOGISTIC,conditional_rescue,persist_mean_original_protected_slot1_geometry_margin,0.03333597342622328,0.03333597342622328,False,ERASE
2,I006_CONDITIONAL_ACTION_LOGISTIC,conditional_rescue,persist_mean_original_protected_slot1_present,-0.2137234683368304,0.2137234683368304,False,ERASE
2,I006_CONDITIONAL_ACTION_LOGISTIC,conditional_rescue,persist_mean_original_protected_slot1_projection,-0.08248667210766684,0.08248667210766684,False,ERASE
2,I006_CONDITIONAL_ACTION_LOGISTIC,conditional_rescue,persist_mean_original_protected_slot1_prototype_distance_difference,-0.10359184624024466,0.10359184624024466,False,ERASE
2,I006_CONDITIONAL_ACTION_LOGISTIC,conditional_rescue,persist_mean_original_protected_slot1_signed_midpoint_distance,0.09046554192808591,0.09046554192808591,False,ERASE
2,I006_CONDITIONAL_ACTION_LOGISTIC,conditional_rescue,persist_mean_original_protected_slot1_weighted_geometry_score,-0.2549535692959378,0.2549535692959378,False,ERASE
2,I006_CONDITIONAL_ACTION_LOGISTIC,conditional_rescue,persist_mean_original_top2_margin_full,-0.07170583550810569,0.07170583550810569,False,ERASE
2,I006_CONDITIONAL_ACTION_LOGISTIC,conditional_rescue,persist_std_original_agreement_base_geo,0.072005559329964,0.072005559329964,False,ERASE
2,I006_CONDITIONAL_ACTION_LOGISTIC,conditional_rescue,persist_std_original_agreement_full_erase,-0.0731871137656847,0.0731871137656847,False,ERASE
2,I006_CONDITIONAL_ACTION_LOGISTIC,conditional_rescue,persist_std_original_confidence_diff_base_geo,-0.045461283602797824,0.045461283602797824,False,ERASE
2,I006_CONDITIONAL_ACTION_LOGISTIC,conditional_rescue,persist_std_original_delta_p_l2,0.11580643055229348,0.11580643055229348,False,ERASE
2,I006_CONDITIONAL_ACTION_LOGISTIC,conditional_rescue,persist_std_original_entropy_change_full_erase,-0.13857395123558203,0.13857395123558203,False,ERASE
2,I006_CONDITIONAL_ACTION_LOGISTIC,conditional_rescue,persist_std_original_entropy_full,-0.21474431939879823,0.21474431939879823,False,ERASE
2,I006_CONDITIONAL_ACTION_LOGISTIC,conditional_rescue,persist_std_original_entropy_geo,0.14969738607348768,0.14969738607348768,False,ERASE
2,I006_CONDITIONAL_ACTION_LOGISTIC,conditional_rescue,persist_std_original_js_base_geo,0.15050808085006742,0.15050808085006742,False,ERASE
2,I006_CONDITIONAL_ACTION_LOGISTIC,conditional_rescue,persist_std_original_js_full_erase,-0.12240865810662767,0.12240865810662767,False,ERASE
2,I006_CONDITIONAL_ACTION_LOGISTIC,conditional_rescue,persist_std_original_kl_full_erase,-0.013185265647770091,0.013185265647770091,False,ERASE
2,I006_CONDITIONAL_ACTION_LOGISTIC,conditional_rescue,persist_std_original_logit_norm_full,-0.07460610611353266,0.07460610611353266,False,ERASE
2,I006_CONDITIONAL_ACTION_LOGISTIC,conditional_rescue,persist_std_original_margin_change_full_erase,0.06729195778307587,0.06729195778307587,False,ERASE
2,I006_CONDITIONAL_ACTION_LOGISTIC,conditional_rescue,persist_std_original_margin_geo,-0.08691680963124085,0.08691680963124085,False,ERASE
2,I006_CONDITIONAL_ACTION_LOGISTIC,conditional_rescue,persist_std_original_nll_proxy_full,0.0792801771246995,0.0792801771246995,False,ERASE
2,I006_CONDITIONAL_ACTION_LOGISTIC,conditional_rescue,persist_std_original_p_full_max,0.0021058605810995376,0.0021058605810995376,False,ERASE
2,I006_CONDITIONAL_ACTION_LOGISTIC,conditional_rescue,persist_std_original_probability_shift_l1,-0.2710464547942197,0.2710464547942197,False,ERASE
2,I006_CONDITIONAL_ACTION_LOGISTIC,conditional_rescue,persist_std_original_protected_slot0_contribution_norm,-0.18175985455230695,0.18175985455230695,False,ERASE
2,I006_CONDITIONAL_ACTION_LOGISTIC,conditional_rescue,persist_std_original_protected_slot0_geometry_margin,0.10336379685977812,0.10336379685977812,False,ERASE
2,I006_CONDITIONAL_ACTION_LOGISTIC,conditional_rescue,persist_std_original_protected_slot0_present,0.0,0.0,False,ERASE
2,I006_CONDITIONAL_ACTION_LOGISTIC,conditional_rescue,persist_std_original_protected_slot0_projection,0.05578557972487166,0.05578557972487166,False,ERASE
2,I006_CONDITIONAL_ACTION_LOGISTIC,conditional_rescue,persist_std_original_protected_slot0_prototype_distance_difference,-0.17672922473041766,0.17672922473041766,False,ERASE
2,I006_CONDITIONAL_ACTION_LOGISTIC,conditional_rescue,persist_std_original_protected_slot0_signed_midpoint_distance,0.12078751817163841,0.12078751817163841,False,ERASE
2,I006_CONDITIONAL_ACTION_LOGISTIC,conditional_rescue,persist_std_original_protected_slot0_weighted_geometry_score,-0.007215286589903435,0.007215286589903435,False,ERASE
2,I006_CONDITIONAL_ACTION_LOGISTIC,conditional_rescue,persist_std_original_protected_slot1_contribution_norm,0.12469029950894221,0.12469029950894221,False,ERASE
2,I006_CONDITIONAL_ACTION_LOGISTIC,conditional_rescue,persist_std_original_protected_slot1_geometry_margin,0.2084308114601427,0.2084308114601427,False,ERASE
2,I006_CONDITIONAL_ACTION_LOGISTIC,conditional_rescue,persist_std_original_protected_slot1_present,-0.18462385195253558,0.18462385195253558,False,ERASE
2,I006_CONDITIONAL_ACTION_LOGISTIC,conditional_rescue,persist_std_original_protected_slot1_projection,0.1453816447559636,0.1453816447559636,False,ERASE
2,I006_CONDITIONAL_ACTION_LOGISTIC,conditional_rescue,persist_std_original_protected_slot1_prototype_distance_difference,-0.2716813701233724,0.2716813701233724,False,ERASE
2,I006_CONDITIONAL_ACTION_LOGISTIC,conditional_rescue,persist_std_original_protected_slot1_signed_midpoint_distance,-0.02427071805674311,0.02427071805674311,False,ERASE
2,I006_CONDITIONAL_ACTION_LOGISTIC,conditional_rescue,persist_std_original_protected_slot1_weighted_geometry_score,0.13832664359585217,0.13832664359585217,False,ERASE
2,I006_CONDITIONAL_ACTION_LOGISTIC,conditional_rescue,persist_std_original_top2_margin_full,0.0021062153946370945,0.0021062153946370945,False,ERASE
3,M3_ACTION_MOVEMENT_LOGISTIC,rescue,action_abs_margin,0.7520693284020014,0.7520693284020014,False,
3,M3_ACTION_MOVEMENT_LOGISTIC,rescue,action_boundary_cross,1.4058769609577886,1.4058769609577886,False,
3,M3_ACTION_MOVEMENT_LOGISTIC,rescue,action_entropy,-0.19000316603656253,0.19000316603656253,False,
3,M3_ACTION_MOVEMENT_LOGISTIC,rescue,action_majority_strength,0.15011662818896312,0.15011662818896312,False,
3,M3_ACTION_MOVEMENT_LOGISTIC,rescue,action_margin_movement,1.102570643293088,1.102570643293088,False,
3,M3_ACTION_MOVEMENT_LOGISTIC,rescue,action_margin_range,0.004629103526281979,0.004629103526281979,False,
3,M3_ACTION_MOVEMENT_LOGISTIC,rescue,action_max_margin,-0.10029398591956896,0.10029398591956896,False,
3,M3_ACTION_MOVEMENT_LOGISTIC,rescue,action_min_margin,-0.10537785285624406,0.10537785285624406,False,
3,M3_ACTION_MOVEMENT_LOGISTIC,rescue,action_probability_movement,-0.025486117073500587,0.025486117073500587,False,
3,M3_ACTION_MOVEMENT_LOGISTIC,rescue,action_run_margin_std,0.24162241798644563,0.24162241798644563,False,
3,M3_ACTION_MOVEMENT_LOGISTIC,rescue,action_run_probability_std,0.0659787195554771,0.0659787195554771,False,
3,M3_ACTION_MOVEMENT_LOGISTIC,rescue,action_vote_entropy,0.38933182260393084,0.38933182260393084,False,
3,M3_ACTION_MOVEMENT_LOGISTIC,rescue,action_vote_fraction_class1,-0.11277199129279568,0.11277199129279568,False,
3,M3_ACTION_MOVEMENT_LOGISTIC,rescue,action_vs_b6_disagreement,1.4058769609577886,1.4058769609577886,False,
3,M3_ACTION_MOVEMENT_LOGISTIC,rescue,b6_margin,-0.14585479550080144,0.14585479550080144,False,
3,M3_ACTION_MOVEMENT_LOGISTIC,rescue,b6_probability,1.727465060663094,1.727465060663094,False,
3,M3_ACTION_MOVEMENT_LOGISTIC,rescue,base_abs_margin,-1.4887415144742433,1.4887415144742433,False,
3,M3_ACTION_MOVEMENT_LOGISTIC,rescue,base_disagreeing_run_count,0.2975100766376594,0.2975100766376594,False,
3,M3_ACTION_MOVEMENT_LOGISTIC,rescue,base_entropy,0.41748973427501834,0.41748973427501834,False,
3,M3_ACTION_MOVEMENT_LOGISTIC,rescue,base_majority_strength,0.29276260432590223,0.29276260432590223,False,
3,M3_ACTION_MOVEMENT_LOGISTIC,rescue,base_margin_range,-0.36258762920255544,0.36258762920255544,False,
3,M3_ACTION_MOVEMENT_LOGISTIC,rescue,base_max_margin,-1.2246764015358866,1.2246764015358866,False,
3,M3_ACTION_MOVEMENT_LOGISTIC,rescue,base_max_probability,1.136748435809194,1.136748435809194,False,
3,M3_ACTION_MOVEMENT_LOGISTIC,rescue,base_min_margin,-1.0952017782924561,1.0952017782924561,False,
3,M3_ACTION_MOVEMENT_LOGISTIC,rescue,base_min_probability,0.05751901104499244,0.05751901104499244,False,
3,M3_ACTION_MOVEMENT_LOGISTIC,rescue,base_run_margin_std,0.14065011514890255,0.14065011514890255,False,
3,M3_ACTION_MOVEMENT_LOGISTIC,rescue,base_run_probability_std,-0.08627850831953446,0.08627850831953446,False,
3,M3_ACTION_MOVEMENT_LOGISTIC,rescue,base_vote_entropy,0.08114016339215226,0.08114016339215226,False,
3,M3_ACTION_MOVEMENT_LOGISTIC,rescue,base_vote_fraction_class1,-0.49181974330175043,0.49181974330175043,False,
3,M3_ACTION_MOVEMENT_LOGISTIC,rescue,is_amplify,0.030201949522427798,0.030201949522427798,False,
3,M3_ACTION_MOVEMENT_LOGISTIC,rescue,is_erase,-0.023363429728314757,0.023363429728314757,False,
3,M3_ACTION_MOVEMENT_LOGISTIC,rescue,is_geometry,-0.006838519793798997,0.006838519793798997,False,
3,M3_ACTION_MOVEMENT_LOGISTIC,rescue,movement_run_max,-0.4877583846641556,0.4877583846641556,False,
3,M3_ACTION_MOVEMENT_LOGISTIC,rescue,movement_run_min,0.0648897953306559,0.0648897953306559,False,
3,M3_ACTION_MOVEMENT_LOGISTIC,rescue,movement_run_std,-0.16925438619288066,0.16925438619288066,False,
3,M3_ACTION_MOVEMENT_LOGISTIC,rescue,movement_sign_agreement,-0.07915234685707329,0.07915234685707329,False,
3,M3_ACTION_MOVEMENT_LOGISTIC,rescue,n_runs,-0.20610350265467703,0.20610350265467703,False,
3,M3_ACTION_MOVEMENT_LOGISTIC,rescue,protected_safe,0.023363429728250014,0.023363429728250014,False,
3,M3_ACTION_MOVEMENT_LOGISTIC,harm,action_abs_margin,-0.4742597826653411,0.4742597826653411,False,
3,M3_ACTION_MOVEMENT_LOGISTIC,harm,action_boundary_cross,1.8871965101982044,1.8871965101982044,False,
3,M3_ACTION_MOVEMENT_LOGISTIC,harm,action_entropy,0.4903357399549521,0.4903357399549521,False,
3,M3_ACTION_MOVEMENT_LOGISTIC,harm,action_majority_strength,-0.04789782527233574,0.04789782527233574,False,
3,M3_ACTION_MOVEMENT_LOGISTIC,harm,action_margin_movement,-0.33943538192217376,0.33943538192217376,False,
3,M3_ACTION_MOVEMENT_LOGISTIC,harm,action_margin_range,0.07511696791603717,0.07511696791603717,False,
3,M3_ACTION_MOVEMENT_LOGISTIC,harm,action_max_margin,-0.30372930552427346,0.30372930552427346,False,
3,M3_ACTION_MOVEMENT_LOGISTIC,harm,action_min_margin,-0.3535375261080511,0.3535375261080511,False,
3,M3_ACTION_MOVEMENT_LOGISTIC,harm,action_probability_movement,-0.18205145806724854,0.18205145806724854,False,
3,M3_ACTION_MOVEMENT_LOGISTIC,harm,action_run_margin_std,-0.2918826692423667,0.2918826692423667,False,
3,M3_ACTION_MOVEMENT_LOGISTIC,harm,action_run_probability_std,-0.20379088077112384,0.20379088077112384,False,
3,M3_ACTION_MOVEMENT_LOGISTIC,harm,action_vote_entropy,-0.07839046291771268,0.07839046291771268,False,
3,M3_ACTION_MOVEMENT_LOGISTIC,harm,action_vote_fraction_class1,0.14569782262755954,0.14569782262755954,False,
3,M3_ACTION_MOVEMENT_LOGISTIC,harm,action_vs_b6_disagreement,1.8871965101982044,1.8871965101982044,False,
3,M3_ACTION_MOVEMENT_LOGISTIC,harm,b6_margin,-0.024845319096003113,0.024845319096003113,False,
3,M3_ACTION_MOVEMENT_LOGISTIC,harm,b6_probability,-1.2597925440366269,1.2597925440366269,False,
3,M3_ACTION_MOVEMENT_LOGISTIC,harm,base_abs_margin,0.3465499477516451,0.3465499477516451,False,
3,M3_ACTION_MOVEMENT_LOGISTIC,harm,base_disagreeing_run_count,-0.25764455674685643,0.25764455674685643,False,
3,M3_ACTION_MOVEMENT_LOGISTIC,harm,base_entropy,-1.3035868152379144,1.3035868152379144,False,
3,M3_ACTION_MOVEMENT_LOGISTIC,harm,base_majority_strength,-0.21709411667556391,0.21709411667556391,False,
3,M3_ACTION_MOVEMENT_LOGISTIC,harm,base_margin_range,-0.055146900433662785,0.055146900433662785,False,
3,M3_ACTION_MOVEMENT_LOGISTIC,harm,base_max_margin,0.49709629285665696,0.49709629285665696,False,
3,M3_ACTION_MOVEMENT_LOGISTIC,harm,base_max_probability,0.27883807948611977,0.27883807948611977,False,
3,M3_ACTION_MOVEMENT_LOGISTIC,harm,base_min_margin,0.5137885960257199,0.5137885960257199,False,
3,M3_ACTION_MOVEMENT_LOGISTIC,harm,base_min_probability,-0.3062927874226341,0.3062927874226341,False,
3,M3_ACTION_MOVEMENT_LOGISTIC,harm,base_run_margin_std,-0.11382360967381884,0.11382360967381884,False,
3,M3_ACTION_MOVEMENT_LOGISTIC,harm,base_run_probability_std,0.01762227640418026,0.01762227640418026,False,
3,M3_ACTION_MOVEMENT_LOGISTIC,harm,base_vote_entropy,-0.05255080660042808,0.05255080660042808,False,
3,M3_ACTION_MOVEMENT_LOGISTIC,harm,base_vote_fraction_class1,0.38564848949499586,0.38564848949499586,False,
3,M3_ACTION_MOVEMENT_LOGISTIC,harm,is_amplify,-0.0021844761966100796,0.0021844761966100796,False,
3,M3_ACTION_MOVEMENT_LOGISTIC,harm,is_erase,0.026470395899765395,0.026470395899765395,False,
3,M3_ACTION_MOVEMENT_LOGISTIC,harm,is_geometry,-0.024285919702738742,0.024285919702738742,False,
3,M3_ACTION_MOVEMENT_LOGISTIC,harm,movement_run_max,0.6299146653584314,0.6299146653584314,False,
3,M3_ACTION_MOVEMENT_LOGISTIC,harm,movement_run_min,0.030042241803475516,0.030042241803475516,False,
3,M3_ACTION_MOVEMENT_LOGISTIC,harm,movement_run_std,0.12400053912849515,0.12400053912849515,False,
3,M3_ACTION_MOVEMENT_LOGISTIC,harm,movement_sign_agreement,0.09137932910568836,0.09137932910568836,False,
3,M3_ACTION_MOVEMENT_LOGISTIC,harm,n_runs,0.09658878996820174,0.09658878996820174,False,
3,M3_ACTION_MOVEMENT_LOGISTIC,harm,protected_safe,-0.026470395899758095,0.026470395899758095,False,
3,M4_FULL_LEGAL_LOGISTIC,rescue,action_abs_margin,0.5120547948344588,0.5120547948344588,False,
3,M4_FULL_LEGAL_LOGISTIC,rescue,action_boundary_cross,1.4723235554034138,1.4723235554034138,False,
3,M4_FULL_LEGAL_LOGISTIC,rescue,action_entropy,-0.46004173197681447,0.46004173197681447,False,
3,M4_FULL_LEGAL_LOGISTIC,rescue,action_majority_strength,0.4076830702461866,0.4076830702461866,False,
3,M4_FULL_LEGAL_LOGISTIC,rescue,action_margin_movement,1.2376948593110682,1.2376948593110682,False,
3,M4_FULL_LEGAL_LOGISTIC,rescue,action_margin_range,-0.10715831354164593,0.10715831354164593,False,
3,M4_FULL_LEGAL_LOGISTIC,rescue,action_max_margin,-0.2905856111874826,0.2905856111874826,False,
3,M4_FULL_LEGAL_LOGISTIC,rescue,action_min_margin,-0.23740657227034806,0.23740657227034806,False,
3,M4_FULL_LEGAL_LOGISTIC,rescue,action_probability_movement,-0.058801578128245234,0.058801578128245234,False,
3,M4_FULL_LEGAL_LOGISTIC,rescue,action_run_margin_std,0.6556306052392594,0.6556306052392594,False,
3,M4_FULL_LEGAL_LOGISTIC,rescue,action_run_probability_std,0.02681185683809228,0.02681185683809228,False,
3,M4_FULL_LEGAL_LOGISTIC,rescue,action_vote_entropy,0.5356925770272709,0.5356925770272709,False,
3,M4_FULL_LEGAL_LOGISTIC,rescue,action_vote_fraction_class1,-0.007336580004283944,0.007336580004283944,False,
3,M4_FULL_LEGAL_LOGISTIC,rescue,action_vs_b6_disagreement,1.4723235554034138,1.4723235554034138,False,
3,M4_FULL_LEGAL_LOGISTIC,rescue,b6_margin,-0.3115585768010761,0.3115585768010761,False,
3,M4_FULL_LEGAL_LOGISTIC,rescue,b6_probability,1.664600984261811,1.664600984261811,False,
3,M4_FULL_LEGAL_LOGISTIC,rescue,base_abs_margin,-0.5069343794789243,0.5069343794789243,False,
3,M4_FULL_LEGAL_LOGISTIC,rescue,base_disagreeing_run_count,0.2647390184652021,0.2647390184652021,False,
3,M4_FULL_LEGAL_LOGISTIC,rescue,base_entropy,1.2061589692723196,1.2061589692723196,False,
3,M4_FULL_LEGAL_LOGISTIC,rescue,base_majority_strength,0.16730957974882063,0.16730957974882063,False,
3,M4_FULL_LEGAL_LOGISTIC,rescue,base_margin_range,-0.025297328688185607,0.025297328688185607,False,
3,M4_FULL_LEGAL_LOGISTIC,rescue,base_max_margin,-1.044137184145334,1.044137184145334,False,
3,M4_FULL_LEGAL_LOGISTIC,rescue,base_max_probability,0.8573076643922308,0.8573076643922308,False,
3,M4_FULL_LEGAL_LOGISTIC,rescue,base_min_margin,-1.0308953954329365,1.0308953954329365,False,
3,M4_FULL_LEGAL_LOGISTIC,rescue,base_min_probability,0.10756628158857715,0.10756628158857715,False,
3,M4_FULL_LEGAL_LOGISTIC,rescue,base_run_margin_std,0.5292659895919233,0.5292659895919233,False,
3,M4_FULL_LEGAL_LOGISTIC,rescue,base_run_probability_std,-0.12745137256816966,0.12745137256816966,False,
3,M4_FULL_LEGAL_LOGISTIC,rescue,base_vote_entropy,-0.22747827203394486,0.22747827203394486,False,
3,M4_FULL_LEGAL_LOGISTIC,rescue,base_vote_fraction_class1,-0.6449684609565552,0.6449684609565552,False,
3,M4_FULL_LEGAL_LOGISTIC,rescue,is_amplify,-0.06374594683587764,0.06374594683587764,False,
3,M4_FULL_LEGAL_LOGISTIC,rescue,is_erase,0.029317385956133542,0.029317385956133542,False,
3,M4_FULL_LEGAL_LOGISTIC,rescue,is_geometry,0.03442856087917258,0.03442856087917258,False,
3,M4_FULL_LEGAL_LOGISTIC,rescue,movement_run_max,-0.5372979485937838,0.5372979485937838,False,
3,M4_FULL_LEGAL_LOGISTIC,rescue,movement_run_min,0.1017464121489985,0.1017464121489985,False,
3,M4_FULL_LEGAL_LOGISTIC,rescue,movement_run_std,-0.04597065231962273,0.04597065231962273,False,
3,M4_FULL_LEGAL_LOGISTIC,rescue,movement_sign_agreement,-0.022036034304740985,0.022036034304740985,False,
3,M4_FULL_LEGAL_LOGISTIC,rescue,n_runs,-0.06185001010050272,0.06185001010050272,False,
3,M4_FULL_LEGAL_LOGISTIC,rescue,persist_mean_original_agreement_base_geo,-0.08382437249939778,0.08382437249939778,False,
3,M4_FULL_LEGAL_LOGISTIC,rescue,persist_mean_original_agreement_full_erase,0.3293483643377134,0.3293483643377134,False,
3,M4_FULL_LEGAL_LOGISTIC,rescue,persist_mean_original_confidence_diff_base_geo,-0.10160488146055295,0.10160488146055295,False,
3,M4_FULL_LEGAL_LOGISTIC,rescue,persist_mean_original_delta_p_l2,0.33783603951085045,0.33783603951085045,False,
3,M4_FULL_LEGAL_LOGISTIC,rescue,persist_mean_original_entropy_change_full_erase,-0.8290232131892317,0.8290232131892317,False,
3,M4_FULL_LEGAL_LOGISTIC,rescue,persist_mean_original_entropy_full,-0.21687509812613842,0.21687509812613842,False,
3,M4_FULL_LEGAL_LOGISTIC,rescue,persist_mean_original_entropy_geo,-0.25070274997851544,0.25070274997851544,False,
3,M4_FULL_LEGAL_LOGISTIC,rescue,persist_mean_original_js_base_geo,-0.2083238289166408,0.2083238289166408,False,
3,M4_FULL_LEGAL_LOGISTIC,rescue,persist_mean_original_js_full_erase,-0.22580477947516883,0.22580477947516883,False,
3,M4_FULL_LEGAL_LOGISTIC,rescue,persist_mean_original_kl_full_erase,-0.30660270802090983,0.30660270802090983,False,
3,M4_FULL_LEGAL_LOGISTIC,rescue,persist_mean_original_logit_norm_full,-0.8540455750049336,0.8540455750049336,False,
3,M4_FULL_LEGAL_LOGISTIC,rescue,persist_mean_original_margin_change_full_erase,-0.11126919710528903,0.11126919710528903,False,
3,M4_FULL_LEGAL_LOGISTIC,rescue,persist_mean_original_margin_geo,0.027366964402086757,0.027366964402086757,False,
3,M4_FULL_LEGAL_LOGISTIC,rescue,persist_mean_original_nll_proxy_full,0.34948400334682306,0.34948400334682306,False,
3,M4_FULL_LEGAL_LOGISTIC,rescue,persist_mean_original_p_full_max,-0.03287875433582205,0.03287875433582205,False,
3,M4_FULL_LEGAL_LOGISTIC,rescue,persist_mean_original_probability_shift_l1,0.31597123792658005,0.31597123792658005,False,
3,M4_FULL_LEGAL_LOGISTIC,rescue,persist_mean_original_protected_slot0_contribution_norm,-0.41857428522064766,0.41857428522064766,False,
3,M4_FULL_LEGAL_LOGISTIC,rescue,persist_mean_original_protected_slot0_geometry_margin,0.20134196180287295,0.20134196180287295,False,
3,M4_FULL_LEGAL_LOGISTIC,rescue,persist_mean_original_protected_slot0_present,0.0,0.0,False,
3,M4_FULL_LEGAL_LOGISTIC,rescue,persist_mean_original_protected_slot0_projection,0.47803184480055266,0.47803184480055266,False,
3,M4_FULL_LEGAL_LOGISTIC,rescue,persist_mean_original_protected_slot0_prototype_distance_difference,-0.3728980972925962,0.3728980972925962,False,
3,M4_FULL_LEGAL_LOGISTIC,rescue,persist_mean_original_protected_slot0_signed_midpoint_distance,0.3451433894912267,0.3451433894912267,False,
3,M4_FULL_LEGAL_LOGISTIC,rescue,persist_mean_original_protected_slot0_weighted_geometry_score,-0.007827549637281588,0.007827549637281588,False,
3,M4_FULL_LEGAL_LOGISTIC,rescue,persist_mean_original_protected_slot1_contribution_norm,0.07384674724077936,0.07384674724077936,False,
3,M4_FULL_LEGAL_LOGISTIC,rescue,persist_mean_original_protected_slot1_geometry_margin,0.1411965498351721,0.1411965498351721,False,
3,M4_FULL_LEGAL_LOGISTIC,rescue,persist_mean_original_protected_slot1_present,-0.3970525826192839,0.3970525826192839,False,
3,M4_FULL_LEGAL_LOGISTIC,rescue,persist_mean_original_protected_slot1_projection,-1.385440237943715,1.385440237943715,False,
3,M4_FULL_LEGAL_LOGISTIC,rescue,persist_mean_original_protected_slot1_prototype_distance_difference,0.33737895399656226,0.33737895399656226,False,
3,M4_FULL_LEGAL_LOGISTIC,rescue,persist_mean_original_protected_slot1_signed_midpoint_distance,0.5679186526890488,0.5679186526890488,False,
3,M4_FULL_LEGAL_LOGISTIC,rescue,persist_mean_original_protected_slot1_weighted_geometry_score,0.7807479521523483,0.7807479521523483,False,
3,M4_FULL_LEGAL_LOGISTIC,rescue,persist_mean_original_top2_margin_full,-0.032880429567217366,0.032880429567217366,False,
3,M4_FULL_LEGAL_LOGISTIC,rescue,persist_std_original_agreement_base_geo,0.03824347475530839,0.03824347475530839,False,
3,M4_FULL_LEGAL_LOGISTIC,rescue,persist_std_original_agreement_full_erase,-0.016275474629908856,0.016275474629908856,False,
3,M4_FULL_LEGAL_LOGISTIC,rescue,persist_std_original_confidence_diff_base_geo,0.09775182350509996,0.09775182350509996,False,
3,M4_FULL_LEGAL_LOGISTIC,rescue,persist_std_original_delta_p_l2,-0.3269372268682102,0.3269372268682102,False,
3,M4_FULL_LEGAL_LOGISTIC,rescue,persist_std_original_entropy_change_full_erase,0.016395910172530257,0.016395910172530257,False,
3,M4_FULL_LEGAL_LOGISTIC,rescue,persist_std_original_entropy_full,-0.6621105499168807,0.6621105499168807,False,
3,M4_FULL_LEGAL_LOGISTIC,rescue,persist_std_original_entropy_geo,0.4456366421485751,0.4456366421485751,False,
3,M4_FULL_LEGAL_LOGISTIC,rescue,persist_std_original_js_base_geo,0.05003567743770375,0.05003567743770375,False,
3,M4_FULL_LEGAL_LOGISTIC,rescue,persist_std_original_js_full_erase,-0.20389549959813347,0.20389549959813347,False,
3,M4_FULL_LEGAL_LOGISTIC,rescue,persist_std_original_kl_full_erase,0.058647189765520906,0.058647189765520906,False,
3,M4_FULL_LEGAL_LOGISTIC,rescue,persist_std_original_logit_norm_full,0.09082992993726931,0.09082992993726931,False,
3,M4_FULL_LEGAL_LOGISTIC,rescue,persist_std_original_margin_change_full_erase,-0.14244211077970811,0.14244211077970811,False,
3,M4_FULL_LEGAL_LOGISTIC,rescue,persist_std_original_margin_geo,-0.08026654977237306,0.08026654977237306,False,
3,M4_FULL_LEGAL_LOGISTIC,rescue,persist_std_original_nll_proxy_full,0.16829794439726056,0.16829794439726056,False,
3,M4_FULL_LEGAL_LOGISTIC,rescue,persist_std_original_p_full_max,-0.13315884296982555,0.13315884296982555,False,
3,M4_FULL_LEGAL_LOGISTIC,rescue,persist_std_original_probability_shift_l1,0.007277947680904046,0.007277947680904046,False,
3,M4_FULL_LEGAL_LOGISTIC,rescue,persist_std_original_protected_slot0_contribution_norm,-0.24560281014863197,0.24560281014863197,False,
3,M4_FULL_LEGAL_LOGISTIC,rescue,persist_std_original_protected_slot0_geometry_margin,-0.1559610324308132,0.1559610324308132,False,
3,M4_FULL_LEGAL_LOGISTIC,rescue,persist_std_original_protected_slot0_present,0.0,0.0,False,
3,M4_FULL_LEGAL_LOGISTIC,rescue,persist_std_original_protected_slot0_projection,0.5422336917731554,0.5422336917731554,False,
3,M4_FULL_LEGAL_LOGISTIC,rescue,persist_std_original_protected_slot0_prototype_distance_difference,0.07424778445802267,0.07424778445802267,False,
3,M4_FULL_LEGAL_LOGISTIC,rescue,persist_std_original_protected_slot0_signed_midpoint_distance,-0.076007263731424,0.076007263731424,False,
3,M4_FULL_LEGAL_LOGISTIC,rescue,persist_std_original_protected_slot0_weighted_geometry_score,-0.24020965293612176,0.24020965293612176,False,
3,M4_FULL_LEGAL_LOGISTIC,rescue,persist_std_original_protected_slot1_contribution_norm,-0.4672242692044078,0.4672242692044078,False,
3,M4_FULL_LEGAL_LOGISTIC,rescue,persist_std_original_protected_slot1_geometry_margin,0.10810420934038781,0.10810420934038781,False,
3,M4_FULL_LEGAL_LOGISTIC,rescue,persist_std_original_protected_slot1_present,-0.21892709666635807,0.21892709666635807,False,
3,M4_FULL_LEGAL_LOGISTIC,rescue,persist_std_original_protected_slot1_projection,0.6609538695960943,0.6609538695960943,False,
3,M4_FULL_LEGAL_LOGISTIC,rescue,persist_std_original_protected_slot1_prototype_distance_difference,-0.12628816026987677,0.12628816026987677,False,
3,M4_FULL_LEGAL_LOGISTIC,rescue,persist_std_original_protected_slot1_signed_midpoint_distance,-0.3711145685843926,0.3711145685843926,False,
3,M4_FULL_LEGAL_LOGISTIC,rescue,persist_std_original_protected_slot1_weighted_geometry_score,0.26513841039847075,0.26513841039847075,False,
3,M4_FULL_LEGAL_LOGISTIC,rescue,persist_std_original_top2_margin_full,-0.13315825244711063,0.13315825244711063,False,
3,M4_FULL_LEGAL_LOGISTIC,rescue,protected_safe,-0.029317385956123522,0.029317385956123522,False,
3,M4_FULL_LEGAL_LOGISTIC,harm,action_abs_margin,-0.43613053479176594,0.43613053479176594,False,
3,M4_FULL_LEGAL_LOGISTIC,harm,action_boundary_cross,1.756477450446103,1.756477450446103,False,
3,M4_FULL_LEGAL_LOGISTIC,harm,action_entropy,0.595785868706103,0.595785868706103,False,
3,M4_FULL_LEGAL_LOGISTIC,harm,action_majority_strength,-0.09522143121400692,0.09522143121400692,False,
3,M4_FULL_LEGAL_LOGISTIC,harm,action_margin_movement,-0.3716215847571028,0.3716215847571028,False,
3,M4_FULL_LEGAL_LOGISTIC,harm,action_margin_range,-0.038167811442874046,0.038167811442874046,False,
3,M4_FULL_LEGAL_LOGISTIC,harm,action_max_margin,-0.4237372121649147,0.4237372121649147,False,
3,M4_FULL_LEGAL_LOGISTIC,harm,action_min_margin,-0.41270360929078304,0.41270360929078304,False,
3,M4_FULL_LEGAL_LOGISTIC,harm,action_probability_movement,-0.13005182738853335,0.13005182738853335,False,
3,M4_FULL_LEGAL_LOGISTIC,harm,action_run_margin_std,-0.36272551171976664,0.36272551171976664,False,
3,M4_FULL_LEGAL_LOGISTIC,harm,action_run_probability_std,-0.14728050676194682,0.14728050676194682,False,
3,M4_FULL_LEGAL_LOGISTIC,harm,action_vote_entropy,-0.08017474662639697,0.08017474662639697,False,
3,M4_FULL_LEGAL_LOGISTIC,harm,action_vote_fraction_class1,0.13600226618536412,0.13600226618536412,False,
3,M4_FULL_LEGAL_LOGISTIC,harm,action_vs_b6_disagreement,1.756477450446103,1.756477450446103,False,
3,M4_FULL_LEGAL_LOGISTIC,harm,b6_margin,-0.08670320797092483,0.08670320797092483,False,
3,M4_FULL_LEGAL_LOGISTIC,harm,b6_probability,-1.30784593187306,1.30784593187306,False,
3,M4_FULL_LEGAL_LOGISTIC,harm,base_abs_margin,-0.2418299757637488,0.2418299757637488,False,
3,M4_FULL_LEGAL_LOGISTIC,harm,base_disagreeing_run_count,-0.27609736544448077,0.27609736544448077,False,
3,M4_FULL_LEGAL_LOGISTIC,harm,base_entropy,-0.561768223504331,0.561768223504331,False,
3,M4_FULL_LEGAL_LOGISTIC,harm,base_majority_strength,-0.2118855705287376,0.2118855705287376,False,
3,M4_FULL_LEGAL_LOGISTIC,harm,base_margin_range,-0.24825954997161656,0.24825954997161656,False,
3,M4_FULL_LEGAL_LOGISTIC,harm,base_max_margin,0.4863938795223639,0.4863938795223639,False,
3,M4_FULL_LEGAL_LOGISTIC,harm,base_max_probability,0.1438325194008366,0.1438325194008366,False,
3,M4_FULL_LEGAL_LOGISTIC,harm,base_min_margin,0.5692275112419212,0.5692275112419212,False,
3,M4_FULL_LEGAL_LOGISTIC,harm,base_min_probability,-0.020165280147209166,0.020165280147209166,False,
3,M4_FULL_LEGAL_LOGISTIC,harm,base_run_margin_std,-0.4008988394306306,0.4008988394306306,False,
3,M4_FULL_LEGAL_LOGISTIC,harm,base_run_probability_std,-0.2846908455323272,0.2846908455323272,False,
3,M4_FULL_LEGAL_LOGISTIC,harm,base_vote_entropy,0.2090437748337869,0.2090437748337869,False,
3,M4_FULL_LEGAL_LOGISTIC,harm,base_vote_fraction_class1,0.47813610655852873,0.47813610655852873,False,
3,M4_FULL_LEGAL_LOGISTIC,harm,is_amplify,0.031065689854372414,0.031065689854372414,False,
3,M4_FULL_LEGAL_LOGISTIC,harm,is_erase,0.016305205452157485,0.016305205452157485,False,
3,M4_FULL_LEGAL_LOGISTIC,harm,is_geometry,-0.04737089530697371,0.04737089530697371,False,
3,M4_FULL_LEGAL_LOGISTIC,harm,movement_run_max,0.6865036334454823,0.6865036334454823,False,
3,M4_FULL_LEGAL_LOGISTIC,harm,movement_run_min,-0.05030688207962157,0.05030688207962157,False,
3,M4_FULL_LEGAL_LOGISTIC,harm,movement_run_std,-0.07363004874078194,0.07363004874078194,False,
3,M4_FULL_LEGAL_LOGISTIC,harm,movement_sign_agreement,-0.020868823517647024,0.020868823517647024,False,
3,M4_FULL_LEGAL_LOGISTIC,harm,n_runs,0.057972005092447425,0.057972005092447425,False,
3,M4_FULL_LEGAL_LOGISTIC,harm,persist_mean_original_agreement_base_geo,0.06341482463050997,0.06341482463050997,False,
3,M4_FULL_LEGAL_LOGISTIC,harm,persist_mean_original_agreement_full_erase,-0.22650997778205648,0.22650997778205648,False,
3,M4_FULL_LEGAL_LOGISTIC,harm,persist_mean_original_confidence_diff_base_geo,0.12634688839304728,0.12634688839304728,False,
3,M4_FULL_LEGAL_LOGISTIC,harm,persist_mean_original_delta_p_l2,-0.2528867628740593,0.2528867628740593,False,
3,M4_FULL_LEGAL_LOGISTIC,harm,persist_mean_original_entropy_change_full_erase,0.6238249716547157,0.6238249716547157,False,
3,M4_FULL_LEGAL_LOGISTIC,harm,persist_mean_original_entropy_full,0.39646140859338896,0.39646140859338896,False,
3,M4_FULL_LEGAL_LOGISTIC,harm,persist_mean_original_entropy_geo,-0.06317067133172113,0.06317067133172113,False,
3,M4_FULL_LEGAL_LOGISTIC,harm,persist_mean_original_js_base_geo,0.1819962017075651,0.1819962017075651,False,
3,M4_FULL_LEGAL_LOGISTIC,harm,persist_mean_original_js_full_erase,0.5520864019920375,0.5520864019920375,False,
3,M4_FULL_LEGAL_LOGISTIC,harm,persist_mean_original_kl_full_erase,0.11910289438246227,0.11910289438246227,False,
3,M4_FULL_LEGAL_LOGISTIC,harm,persist_mean_original_logit_norm_full,0.7406291122495262,0.7406291122495262,False,
3,M4_FULL_LEGAL_LOGISTIC,harm,persist_mean_original_margin_change_full_erase,0.06751546458305711,0.06751546458305711,False,
3,M4_FULL_LEGAL_LOGISTIC,harm,persist_mean_original_margin_geo,0.13119121335759082,0.13119121335759082,False,
3,M4_FULL_LEGAL_LOGISTIC,harm,persist_mean_original_nll_proxy_full,-0.49427273809747185,0.49427273809747185,False,
3,M4_FULL_LEGAL_LOGISTIC,harm,persist_mean_original_p_full_max,0.18150092395686765,0.18150092395686765,False,
3,M4_FULL_LEGAL_LOGISTIC,harm,persist_mean_original_probability_shift_l1,-0.3676211806403215,0.3676211806403215,False,
3,M4_FULL_LEGAL_LOGISTIC,harm,persist_mean_original_protected_slot0_contribution_norm,0.319279872533856,0.319279872533856,False,
3,M4_FULL_LEGAL_LOGISTIC,harm,persist_mean_original_protected_slot0_geometry_margin,-0.31652255985645905,0.31652255985645905,False,
3,M4_FULL_LEGAL_LOGISTIC,harm,persist_mean_original_protected_slot0_present,0.0,0.0,False,
3,M4_FULL_LEGAL_LOGISTIC,harm,persist_mean_original_protected_slot0_projection,0.1587683686432494,0.1587683686432494,False,
3,M4_FULL_LEGAL_LOGISTIC,harm,persist_mean_original_protected_slot0_prototype_distance_difference,-0.013079341341755528,0.013079341341755528,False,
3,M4_FULL_LEGAL_LOGISTIC,harm,persist_mean_original_protected_slot0_signed_midpoint_distance,-0.32254596660557433,0.32254596660557433,False,
3,M4_FULL_LEGAL_LOGISTIC,harm,persist_mean_original_protected_slot0_weighted_geometry_score,0.10017114548976817,0.10017114548976817,False,
3,M4_FULL_LEGAL_LOGISTIC,harm,persist_mean_original_protected_slot1_contribution_norm,-0.29524047755262717,0.29524047755262717,False,
3,M4_FULL_LEGAL_LOGISTIC,harm,persist_mean_original_protected_slot1_geometry_margin,0.043105077073999715,0.043105077073999715,False,
3,M4_FULL_LEGAL_LOGISTIC,harm,persist_mean_original_protected_slot1_present,0.35363800286850683,0.35363800286850683,False,
3,M4_FULL_LEGAL_LOGISTIC,harm,persist_mean_original_protected_slot1_projection,0.5416835248614325,0.5416835248614325,False,
3,M4_FULL_LEGAL_LOGISTIC,harm,persist_mean_original_protected_slot1_prototype_distance_difference,-0.26958206505013504,0.26958206505013504,False,
3,M4_FULL_LEGAL_LOGISTIC,harm,persist_mean_original_protected_slot1_signed_midpoint_distance,0.27448262423493314,0.27448262423493314,False,
3,M4_FULL_LEGAL_LOGISTIC,harm,persist_mean_original_protected_slot1_weighted_geometry_score,-0.6562143116157575,0.6562143116157575,False,
3,M4_FULL_LEGAL_LOGISTIC,harm,persist_mean_original_top2_margin_full,0.1815017937424014,0.1815017937424014,False,
3,M4_FULL_LEGAL_LOGISTIC,harm,persist_std_original_agreement_base_geo,0.07544948027262802,0.07544948027262802,False,
3,M4_FULL_LEGAL_LOGISTIC,harm,persist_std_original_agreement_full_erase,0.016916588248620714,0.016916588248620714,False,
3,M4_FULL_LEGAL_LOGISTIC,harm,persist_std_original_confidence_diff_base_geo,-0.1831909935930549,0.1831909935930549,False,
3,M4_FULL_LEGAL_LOGISTIC,harm,persist_std_original_delta_p_l2,0.2762619087511452,0.2762619087511452,False,
3,M4_FULL_LEGAL_LOGISTIC,harm,persist_std_original_entropy_change_full_erase,-0.030026102355393998,0.030026102355393998,False,
3,M4_FULL_LEGAL_LOGISTIC,harm,persist_std_original_entropy_full,0.6376591865228843,0.6376591865228843,False,
3,M4_FULL_LEGAL_LOGISTIC,harm,persist_std_original_entropy_geo,-0.22641645083227482,0.22641645083227482,False,
3,M4_FULL_LEGAL_LOGISTIC,harm,persist_std_original_js_base_geo,-0.041742639210090124,0.041742639210090124,False,
3,M4_FULL_LEGAL_LOGISTIC,harm,persist_std_original_js_full_erase,-0.35648901277213224,0.35648901277213224,False,
3,M4_FULL_LEGAL_LOGISTIC,harm,persist_std_original_kl_full_erase,0.18740754737236365,0.18740754737236365,False,
3,M4_FULL_LEGAL_LOGISTIC,harm,persist_std_original_logit_norm_full,0.13474323516890407,0.13474323516890407,False,
3,M4_FULL_LEGAL_LOGISTIC,harm,persist_std_original_margin_change_full_erase,0.222312518423898,0.222312518423898,False,
3,M4_FULL_LEGAL_LOGISTIC,harm,persist_std_original_margin_geo,0.16517717109507063,0.16517717109507063,False,
3,M4_FULL_LEGAL_LOGISTIC,harm,persist_std_original_nll_proxy_full,0.0333401548464634,0.0333401548464634,False,
3,M4_FULL_LEGAL_LOGISTIC,harm,persist_std_original_p_full_max,0.07258157876511426,0.07258157876511426,False,
3,M4_FULL_LEGAL_LOGISTIC,harm,persist_std_original_probability_shift_l1,-0.09881667666641995,0.09881667666641995,False,
3,M4_FULL_LEGAL_LOGISTIC,harm,persist_std_original_protected_slot0_contribution_norm,0.2962928560741418,0.2962928560741418,False,
3,M4_FULL_LEGAL_LOGISTIC,harm,persist_std_original_protected_slot0_geometry_margin,-0.042670270168095104,0.042670270168095104,False,
3,M4_FULL_LEGAL_LOGISTIC,harm,persist_std_original_protected_slot0_present,0.0,0.0,False,
3,M4_FULL_LEGAL_LOGISTIC,harm,persist_std_original_protected_slot0_projection,-0.369947697893276,0.369947697893276,False,
3,M4_FULL_LEGAL_LOGISTIC,harm,persist_std_original_protected_slot0_prototype_distance_difference,0.14413829220482377,0.14413829220482377,False,
3,M4_FULL_LEGAL_LOGISTIC,harm,persist_std_original_protected_slot0_signed_midpoint_distance,-0.25493555999041173,0.25493555999041173,False,
3,M4_FULL_LEGAL_LOGISTIC,harm,persist_std_original_protected_slot0_weighted_geometry_score,0.3881209215313913,0.3881209215313913,False,
3,M4_FULL_LEGAL_LOGISTIC,harm,persist_std_original_protected_slot1_contribution_norm,0.3459580363809287,0.3459580363809287,False,
3,M4_FULL_LEGAL_LOGISTIC,harm,persist_std_original_protected_slot1_geometry_margin,-0.0445833087563208,0.0445833087563208,False,
3,M4_FULL_LEGAL_LOGISTIC,harm,persist_std_original_protected_slot1_present,0.08561338488870848,0.08561338488870848,False,
3,M4_FULL_LEGAL_LOGISTIC,harm,persist_std_original_protected_slot1_projection,0.14256707335760851,0.14256707335760851,False,
3,M4_FULL_LEGAL_LOGISTIC,harm,persist_std_original_protected_slot1_prototype_distance_difference,-0.07487196371377473,0.07487196371377473,False,
3,M4_FULL_LEGAL_LOGISTIC,harm,persist_std_original_protected_slot1_signed_midpoint_distance,0.0019541163661306285,0.0019541163661306285,False,
3,M4_FULL_LEGAL_LOGISTIC,harm,persist_std_original_protected_slot1_weighted_geometry_score,-0.3160635370387576,0.3160635370387576,False,
3,M4_FULL_LEGAL_LOGISTIC,harm,persist_std_original_top2_margin_full,0.07258264469803401,0.07258264469803401,False,
3,M4_FULL_LEGAL_LOGISTIC,harm,protected_safe,-0.01630520545220598,0.01630520545220598,False,
3,I006_CONDITIONAL_ACTION_LOGISTIC,conditional_rescue,action_abs_margin,0.006782366670716249,0.006782366670716249,False,AMPLIFY
3,I006_CONDITIONAL_ACTION_LOGISTIC,conditional_rescue,action_entropy,0.012785601546822251,0.012785601546822251,False,AMPLIFY
3,I006_CONDITIONAL_ACTION_LOGISTIC,conditional_rescue,action_majority_strength,0.03073160383589295,0.03073160383589295,False,AMPLIFY
3,I006_CONDITIONAL_ACTION_LOGISTIC,conditional_rescue,action_margin_movement,0.006550710493339341,0.006550710493339341,False,AMPLIFY
3,I006_CONDITIONAL_ACTION_LOGISTIC,conditional_rescue,action_margin_range,0.020877614081081648,0.020877614081081648,False,AMPLIFY
3,I006_CONDITIONAL_ACTION_LOGISTIC,conditional_rescue,action_max_margin,0.01884746915906739,0.01884746915906739,False,AMPLIFY
3,I006_CONDITIONAL_ACTION_LOGISTIC,conditional_rescue,action_min_margin,-0.01799991707951165,0.01799991707951165,False,AMPLIFY
3,I006_CONDITIONAL_ACTION_LOGISTIC,conditional_rescue,action_probability_movement,0.005040852308903278,0.005040852308903278,False,AMPLIFY
3,I006_CONDITIONAL_ACTION_LOGISTIC,conditional_rescue,action_run_margin_std,0.0104359084843166,0.0104359084843166,False,AMPLIFY
3,I006_CONDITIONAL_ACTION_LOGISTIC,conditional_rescue,action_run_probability_std,0.014216545366653718,0.014216545366653718,False,AMPLIFY
3,I006_CONDITIONAL_ACTION_LOGISTIC,conditional_rescue,action_vote_entropy,-0.0026835154588376016,0.0026835154588376016,False,AMPLIFY
3,I006_CONDITIONAL_ACTION_LOGISTIC,conditional_rescue,action_vote_fraction_class1,-0.01130683635226319,0.01130683635226319,False,AMPLIFY
3,I006_CONDITIONAL_ACTION_LOGISTIC,conditional_rescue,b6_margin,-0.01740071842726169,0.01740071842726169,False,AMPLIFY
3,I006_CONDITIONAL_ACTION_LOGISTIC,conditional_rescue,b6_probability,-0.017397255930747715,0.017397255930747715,False,AMPLIFY
3,I006_CONDITIONAL_ACTION_LOGISTIC,conditional_rescue,base_abs_margin,-0.018613821840462716,0.018613821840462716,False,AMPLIFY
3,I006_CONDITIONAL_ACTION_LOGISTIC,conditional_rescue,base_disagreeing_run_count,0.045299265153057856,0.045299265153057856,False,AMPLIFY
3,I006_CONDITIONAL_ACTION_LOGISTIC,conditional_rescue,base_entropy,0.00034230658616743784,0.00034230658616743784,False,AMPLIFY
3,I006_CONDITIONAL_ACTION_LOGISTIC,conditional_rescue,base_majority_strength,0.05517245080746399,0.05517245080746399,False,AMPLIFY
3,I006_CONDITIONAL_ACTION_LOGISTIC,conditional_rescue,base_margin_range,0.019430995475777778,0.019430995475777778,False,AMPLIFY
3,I006_CONDITIONAL_ACTION_LOGISTIC,conditional_rescue,base_max_margin,-0.02213278502851581,0.02213278502851581,False,AMPLIFY
3,I006_CONDITIONAL_ACTION_LOGISTIC,conditional_rescue,base_max_probability,-0.021605763191006905,0.021605763191006905,False,AMPLIFY
3,I006_CONDITIONAL_ACTION_LOGISTIC,conditional_rescue,base_min_margin,-0.05121502298308153,0.05121502298308153,False,AMPLIFY
3,I006_CONDITIONAL_ACTION_LOGISTIC,conditional_rescue,base_min_probability,-0.052522320436845876,0.052522320436845876,False,AMPLIFY
3,I006_CONDITIONAL_ACTION_LOGISTIC,conditional_rescue,base_run_margin_std,0.01938532665702,0.01938532665702,False,AMPLIFY
3,I006_CONDITIONAL_ACTION_LOGISTIC,conditional_rescue,base_run_probability_std,0.018565017410039398,0.018565017410039398,False,AMPLIFY
3,I006_CONDITIONAL_ACTION_LOGISTIC,conditional_rescue,base_vote_entropy,-0.04218105167653048,0.04218105167653048,False,AMPLIFY
3,I006_CONDITIONAL_ACTION_LOGISTIC,conditional_rescue,base_vote_fraction_class1,-0.04689834327045936,0.04689834327045936,False,AMPLIFY
3,I006_CONDITIONAL_ACTION_LOGISTIC,conditional_rescue,movement_run_max,0.014579832813937927,0.014579832813937927,False,AMPLIFY
3,I006_CONDITIONAL_ACTION_LOGISTIC,conditional_rescue,movement_run_min,-0.0038414055677054595,0.0038414055677054595,False,AMPLIFY
3,I006_CONDITIONAL_ACTION_LOGISTIC,conditional_rescue,movement_run_std,0.00019852859345858122,0.00019852859345858122,False,AMPLIFY
3,I006_CONDITIONAL_ACTION_LOGISTIC,conditional_rescue,movement_sign_agreement,-0.018679174812008464,0.018679174812008464,False,AMPLIFY
3,I006_CONDITIONAL_ACTION_LOGISTIC,conditional_rescue,n_runs,0.05605647406278818,0.05605647406278818,False,AMPLIFY
3,I006_CONDITIONAL_ACTION_LOGISTIC,conditional_rescue,persist_mean_original_agreement_base_geo,-0.05488782567716394,0.05488782567716394,False,AMPLIFY
3,I006_CONDITIONAL_ACTION_LOGISTIC,conditional_rescue,persist_mean_original_agreement_full_erase,0.05016762359721635,0.05016762359721635,False,AMPLIFY
3,I006_CONDITIONAL_ACTION_LOGISTIC,conditional_rescue,persist_mean_original_confidence_diff_base_geo,0.005402457366229676,0.005402457366229676,False,AMPLIFY
3,I006_CONDITIONAL_ACTION_LOGISTIC,conditional_rescue,persist_mean_original_delta_p_l2,-0.02021926186612932,0.02021926186612932,False,AMPLIFY
3,I006_CONDITIONAL_ACTION_LOGISTIC,conditional_rescue,persist_mean_original_entropy_change_full_erase,-0.07050508817249838,0.07050508817249838,False,AMPLIFY
3,I006_CONDITIONAL_ACTION_LOGISTIC,conditional_rescue,persist_mean_original_entropy_full,-0.015484337387790238,0.015484337387790238,False,AMPLIFY
3,I006_CONDITIONAL_ACTION_LOGISTIC,conditional_rescue,persist_mean_original_entropy_geo,-0.013296823456078221,0.013296823456078221,False,AMPLIFY
3,I006_CONDITIONAL_ACTION_LOGISTIC,conditional_rescue,persist_mean_original_js_base_geo,-0.0326313640601197,0.0326313640601197,False,AMPLIFY
3,I006_CONDITIONAL_ACTION_LOGISTIC,conditional_rescue,persist_mean_original_js_full_erase,0.0024000478151082337,0.0024000478151082337,False,AMPLIFY
3,I006_CONDITIONAL_ACTION_LOGISTIC,conditional_rescue,persist_mean_original_kl_full_erase,-0.01801061067306202,0.01801061067306202,False,AMPLIFY
3,I006_CONDITIONAL_ACTION_LOGISTIC,conditional_rescue,persist_mean_original_logit_norm_full,-0.0013076267899833837,0.0013076267899833837,False,AMPLIFY
3,I006_CONDITIONAL_ACTION_LOGISTIC,conditional_rescue,persist_mean_original_margin_change_full_erase,0.03516446191692052,0.03516446191692052,False,AMPLIFY
3,I006_CONDITIONAL_ACTION_LOGISTIC,conditional_rescue,persist_mean_original_margin_geo,0.009333746149115729,0.009333746149115729,False,AMPLIFY
3,I006_CONDITIONAL_ACTION_LOGISTIC,conditional_rescue,persist_mean_original_nll_proxy_full,-0.0189736336685124,0.0189736336685124,False,AMPLIFY
3,I006_CONDITIONAL_ACTION_LOGISTIC,conditional_rescue,persist_mean_original_p_full_max,0.018492698177196856,0.018492698177196856,False,AMPLIFY
3,I006_CONDITIONAL_ACTION_LOGISTIC,conditional_rescue,persist_mean_original_probability_shift_l1,0.01167383737842997,0.01167383737842997,False,AMPLIFY
3,I006_CONDITIONAL_ACTION_LOGISTIC,conditional_rescue,persist_mean_original_protected_slot0_contribution_norm,-0.023040305338722065,0.023040305338722065,False,AMPLIFY
3,I006_CONDITIONAL_ACTION_LOGISTIC,conditional_rescue,persist_mean_original_protected_slot0_geometry_margin,0.014603010752663063,0.014603010752663063,False,AMPLIFY
3,I006_CONDITIONAL_ACTION_LOGISTIC,conditional_rescue,persist_mean_original_protected_slot0_present,0.0,0.0,False,AMPLIFY
3,I006_CONDITIONAL_ACTION_LOGISTIC,conditional_rescue,persist_mean_original_protected_slot0_projection,-0.028677806952740116,0.028677806952740116,False,AMPLIFY
3,I006_CONDITIONAL_ACTION_LOGISTIC,conditional_rescue,persist_mean_original_protected_slot0_prototype_distance_difference,0.006221247010421491,0.006221247010421491,False,AMPLIFY
3,I006_CONDITIONAL_ACTION_LOGISTIC,conditional_rescue,persist_mean_original_protected_slot0_signed_midpoint_distance,-0.025893971517594087,0.025893971517594087,False,AMPLIFY
3,I006_CONDITIONAL_ACTION_LOGISTIC,conditional_rescue,persist_mean_original_protected_slot0_weighted_geometry_score,0.00954232849885806,0.00954232849885806,False,AMPLIFY
3,I006_CONDITIONAL_ACTION_LOGISTIC,conditional_rescue,persist_mean_original_protected_slot1_contribution_norm,0.010013311523298665,0.010013311523298665,False,AMPLIFY
3,I006_CONDITIONAL_ACTION_LOGISTIC,conditional_rescue,persist_mean_original_protected_slot1_geometry_margin,0.038078705490106154,0.038078705490106154,False,AMPLIFY
3,I006_CONDITIONAL_ACTION_LOGISTIC,conditional_rescue,persist_mean_original_protected_slot1_present,0.006586294000474083,0.006586294000474083,False,AMPLIFY
3,I006_CONDITIONAL_ACTION_LOGISTIC,conditional_rescue,persist_mean_original_protected_slot1_projection,-0.02480919246336851,0.02480919246336851,False,AMPLIFY
3,I006_CONDITIONAL_ACTION_LOGISTIC,conditional_rescue,persist_mean_original_protected_slot1_prototype_distance_difference,-0.007077905924757898,0.007077905924757898,False,AMPLIFY
3,I006_CONDITIONAL_ACTION_LOGISTIC,conditional_rescue,persist_mean_original_protected_slot1_signed_midpoint_distance,-0.02842965421402616,0.02842965421402616,False,AMPLIFY
3,I006_CONDITIONAL_ACTION_LOGISTIC,conditional_rescue,persist_mean_original_protected_slot1_weighted_geometry_score,-0.028165160122456328,0.028165160122456328,False,AMPLIFY
3,I006_CONDITIONAL_ACTION_LOGISTIC,conditional_rescue,persist_mean_original_top2_margin_full,0.018492701274426083,0.018492701274426083,False,AMPLIFY
3,I006_CONDITIONAL_ACTION_LOGISTIC,conditional_rescue,persist_std_original_agreement_base_geo,-0.03471668704232243,0.03471668704232243,False,AMPLIFY
3,I006_CONDITIONAL_ACTION_LOGISTIC,conditional_rescue,persist_std_original_agreement_full_erase,-0.02126174135072874,0.02126174135072874,False,AMPLIFY
3,I006_CONDITIONAL_ACTION_LOGISTIC,conditional_rescue,persist_std_original_confidence_diff_base_geo,0.02339282511163886,0.02339282511163886,False,AMPLIFY
3,I006_CONDITIONAL_ACTION_LOGISTIC,conditional_rescue,persist_std_original_delta_p_l2,-0.0020263877111501233,0.0020263877111501233,False,AMPLIFY
3,I006_CONDITIONAL_ACTION_LOGISTIC,conditional_rescue,persist_std_original_entropy_change_full_erase,-0.04548269019200675,0.04548269019200675,False,AMPLIFY
3,I006_CONDITIONAL_ACTION_LOGISTIC,conditional_rescue,persist_std_original_entropy_full,-0.00036818184473899417,0.00036818184473899417,False,AMPLIFY
3,I006_CONDITIONAL_ACTION_LOGISTIC,conditional_rescue,persist_std_original_entropy_geo,0.014047551157287503,0.014047551157287503,False,AMPLIFY
3,I006_CONDITIONAL_ACTION_LOGISTIC,conditional_rescue,persist_std_original_js_base_geo,-0.04250441830498076,0.04250441830498076,False,AMPLIFY
3,I006_CONDITIONAL_ACTION_LOGISTIC,conditional_rescue,persist_std_original_js_full_erase,0.019433442013368142,0.019433442013368142,False,AMPLIFY
3,I006_CONDITIONAL_ACTION_LOGISTIC,conditional_rescue,persist_std_original_kl_full_erase,-0.009327049163417585,0.009327049163417585,False,AMPLIFY
3,I006_CONDITIONAL_ACTION_LOGISTIC,conditional_rescue,persist_std_original_logit_norm_full,-0.027380608160917627,0.027380608160917627,False,AMPLIFY
3,I006_CONDITIONAL_ACTION_LOGISTIC,conditional_rescue,persist_std_original_margin_change_full_erase,-0.049025929463152096,0.049025929463152096,False,AMPLIFY
3,I006_CONDITIONAL_ACTION_LOGISTIC,conditional_rescue,persist_std_original_margin_geo,0.0366158208224247,0.0366158208224247,False,AMPLIFY
3,I006_CONDITIONAL_ACTION_LOGISTIC,conditional_rescue,persist_std_original_nll_proxy_full,-0.009628577742713964,0.009628577742713964,False,AMPLIFY
3,I006_CONDITIONAL_ACTION_LOGISTIC,conditional_rescue,persist_std_original_p_full_max,-0.008913794058177644,0.008913794058177644,False,AMPLIFY
3,I006_CONDITIONAL_ACTION_LOGISTIC,conditional_rescue,persist_std_original_probability_shift_l1,0.03476166810413247,0.03476166810413247,False,AMPLIFY
3,I006_CONDITIONAL_ACTION_LOGISTIC,conditional_rescue,persist_std_original_protected_slot0_contribution_norm,-0.07227870870596981,0.07227870870596981,False,AMPLIFY
3,I006_CONDITIONAL_ACTION_LOGISTIC,conditional_rescue,persist_std_original_protected_slot0_geometry_margin,-0.07346275586529717,0.07346275586529717,False,AMPLIFY
3,I006_CONDITIONAL_ACTION_LOGISTIC,conditional_rescue,persist_std_original_protected_slot0_present,0.0,0.0,False,AMPLIFY
3,I006_CONDITIONAL_ACTION_LOGISTIC,conditional_rescue,persist_std_original_protected_slot0_projection,0.03113137522623551,0.03113137522623551,False,AMPLIFY
3,I006_CONDITIONAL_ACTION_LOGISTIC,conditional_rescue,persist_std_original_protected_slot0_prototype_distance_difference,0.02857661207167173,0.02857661207167173,False,AMPLIFY
3,I006_CONDITIONAL_ACTION_LOGISTIC,conditional_rescue,persist_std_original_protected_slot0_signed_midpoint_distance,0.04329601756338674,0.04329601756338674,False,AMPLIFY
3,I006_CONDITIONAL_ACTION_LOGISTIC,conditional_rescue,persist_std_original_protected_slot0_weighted_geometry_score,-0.020614684745490733,0.020614684745490733,False,AMPLIFY
3,I006_CONDITIONAL_ACTION_LOGISTIC,conditional_rescue,persist_std_original_protected_slot1_contribution_norm,-0.02249103677802377,0.02249103677802377,False,AMPLIFY
3,I006_CONDITIONAL_ACTION_LOGISTIC,conditional_rescue,persist_std_original_protected_slot1_geometry_margin,0.009809586047797862,0.009809586047797862,False,AMPLIFY
3,I006_CONDITIONAL_ACTION_LOGISTIC,conditional_rescue,persist_std_original_protected_slot1_present,-0.007945439757065758,0.007945439757065758,False,AMPLIFY
3,I006_CONDITIONAL_ACTION_LOGISTIC,conditional_rescue,persist_std_original_protected_slot1_projection,0.004270918350843093,0.004270918350843093,False,AMPLIFY
3,I006_CONDITIONAL_ACTION_LOGISTIC,conditional_rescue,persist_std_original_protected_slot1_prototype_distance_difference,0.0448018612917562,0.0448018612917562,False,AMPLIFY
3,I006_CONDITIONAL_ACTION_LOGISTIC,conditional_rescue,persist_std_original_protected_slot1_signed_midpoint_distance,0.01622469325324388,0.01622469325324388,False,AMPLIFY
3,I006_CONDITIONAL_ACTION_LOGISTIC,conditional_rescue,persist_std_original_protected_slot1_weighted_geometry_score,0.030371367352231792,0.030371367352231792,False,AMPLIFY
3,I006_CONDITIONAL_ACTION_LOGISTIC,conditional_rescue,persist_std_original_top2_margin_full,-0.008913801568319333,0.008913801568319333,False,AMPLIFY
3,I006_CONDITIONAL_ACTION_LOGISTIC,conditional_rescue,action_abs_margin,0.06430669618282965,0.06430669618282965,False,GEOMETRY
3,I006_CONDITIONAL_ACTION_LOGISTIC,conditional_rescue,action_entropy,-0.03605007544894377,0.03605007544894377,False,GEOMETRY
3,I006_CONDITIONAL_ACTION_LOGISTIC,conditional_rescue,action_majority_strength,-0.001390665553661459,0.001390665553661459,False,GEOMETRY
3,I006_CONDITIONAL_ACTION_LOGISTIC,conditional_rescue,action_margin_movement,0.018533313927207525,0.018533313927207525,False,GEOMETRY
3,I006_CONDITIONAL_ACTION_LOGISTIC,conditional_rescue,action_margin_range,0.0299554065497096,0.0299554065497096,False,GEOMETRY
3,I006_CONDITIONAL_ACTION_LOGISTIC,conditional_rescue,action_max_margin,0.06085275042457026,0.06085275042457026,False,GEOMETRY
3,I006_CONDITIONAL_ACTION_LOGISTIC,conditional_rescue,action_min_margin,0.012212410904034918,0.012212410904034918,False,GEOMETRY
3,I006_CONDITIONAL_ACTION_LOGISTIC,conditional_rescue,action_probability_movement,0.011012988187341533,0.011012988187341533,False,GEOMETRY
3,I006_CONDITIONAL_ACTION_LOGISTIC,conditional_rescue,action_run_margin_std,0.05898282925240868,0.05898282925240868,False,GEOMETRY
3,I006_CONDITIONAL_ACTION_LOGISTIC,conditional_rescue,action_run_probability_std,0.07757500193600977,0.07757500193600977,False,GEOMETRY
3,I006_CONDITIONAL_ACTION_LOGISTIC,conditional_rescue,action_vote_entropy,0.03582733621333029,0.03582733621333029,False,GEOMETRY
3,I006_CONDITIONAL_ACTION_LOGISTIC,conditional_rescue,action_vote_fraction_class1,-0.004423522690614773,0.004423522690614773,False,GEOMETRY
3,I006_CONDITIONAL_ACTION_LOGISTIC,conditional_rescue,b6_margin,-0.0008927025204054031,0.0008927025204054031,False,GEOMETRY
3,I006_CONDITIONAL_ACTION_LOGISTIC,conditional_rescue,b6_probability,0.008145680135660034,0.008145680135660034,False,GEOMETRY
3,I006_CONDITIONAL_ACTION_LOGISTIC,conditional_rescue,base_abs_margin,-0.08593154429250498,0.08593154429250498,False,GEOMETRY
3,I006_CONDITIONAL_ACTION_LOGISTIC,conditional_rescue,base_disagreeing_run_count,0.08065302549551957,0.08065302549551957,False,GEOMETRY
3,I006_CONDITIONAL_ACTION_LOGISTIC,conditional_rescue,base_entropy,0.09438158077877334,0.09438158077877334,False,GEOMETRY
3,I006_CONDITIONAL_ACTION_LOGISTIC,conditional_rescue,base_majority_strength,0.012615040736209587,0.012615040736209587,False,GEOMETRY
3,I006_CONDITIONAL_ACTION_LOGISTIC,conditional_rescue,base_margin_range,0.03377436892770148,0.03377436892770148,False,GEOMETRY
3,I006_CONDITIONAL_ACTION_LOGISTIC,conditional_rescue,base_max_margin,-0.015629564693788178,0.015629564693788178,False,GEOMETRY
3,I006_CONDITIONAL_ACTION_LOGISTIC,conditional_rescue,base_max_probability,-0.0006362279647506855,0.0006362279647506855,False,GEOMETRY
3,I006_CONDITIONAL_ACTION_LOGISTIC,conditional_rescue,base_min_margin,-0.05113799519668273,0.05113799519668273,False,GEOMETRY
3,I006_CONDITIONAL_ACTION_LOGISTIC,conditional_rescue,base_min_probability,-0.05365315229253637,0.05365315229253637,False,GEOMETRY
3,I006_CONDITIONAL_ACTION_LOGISTIC,conditional_rescue,base_run_margin_std,0.04461211651552656,0.04461211651552656,False,GEOMETRY
3,I006_CONDITIONAL_ACTION_LOGISTIC,conditional_rescue,base_run_probability_std,0.0653935614109695,0.0653935614109695,False,GEOMETRY
3,I006_CONDITIONAL_ACTION_LOGISTIC,conditional_rescue,base_vote_entropy,0.007208843999675176,0.007208843999675176,False,GEOMETRY
3,I006_CONDITIONAL_ACTION_LOGISTIC,conditional_rescue,base_vote_fraction_class1,-0.03747907933534546,0.03747907933534546,False,GEOMETRY
3,I006_CONDITIONAL_ACTION_LOGISTIC,conditional_rescue,movement_run_max,-0.03205620673296527,0.03205620673296527,False,GEOMETRY
3,I006_CONDITIONAL_ACTION_LOGISTIC,conditional_rescue,movement_run_min,0.01710875466927934,0.01710875466927934,False,GEOMETRY
3,I006_CONDITIONAL_ACTION_LOGISTIC,conditional_rescue,movement_run_std,-0.05444604201175157,0.05444604201175157,False,GEOMETRY
3,I006_CONDITIONAL_ACTION_LOGISTIC,conditional_rescue,movement_sign_agreement,-0.012423469673251336,0.012423469673251336,False,GEOMETRY
3,I006_CONDITIONAL_ACTION_LOGISTIC,conditional_rescue,n_runs,0.010104198210912272,0.010104198210912272,False,GEOMETRY
3,I006_CONDITIONAL_ACTION_LOGISTIC,conditional_rescue,persist_mean_original_agreement_base_geo,-0.05879832010818634,0.05879832010818634,False,GEOMETRY
3,I006_CONDITIONAL_ACTION_LOGISTIC,conditional_rescue,persist_mean_original_agreement_full_erase,0.11159834855103827,0.11159834855103827,False,GEOMETRY
3,I006_CONDITIONAL_ACTION_LOGISTIC,conditional_rescue,persist_mean_original_confidence_diff_base_geo,-0.05783827581918833,0.05783827581918833,False,GEOMETRY
3,I006_CONDITIONAL_ACTION_LOGISTIC,conditional_rescue,persist_mean_original_delta_p_l2,-0.008636748288235392,0.008636748288235392,False,GEOMETRY
3,I006_CONDITIONAL_ACTION_LOGISTIC,conditional_rescue,persist_mean_original_entropy_change_full_erase,-0.09355826201826974,0.09355826201826974,False,GEOMETRY
3,I006_CONDITIONAL_ACTION_LOGISTIC,conditional_rescue,persist_mean_original_entropy_full,0.023204234564688505,0.023204234564688505,False,GEOMETRY
3,I006_CONDITIONAL_ACTION_LOGISTIC,conditional_rescue,persist_mean_original_entropy_geo,-0.04900210291907665,0.04900210291907665,False,GEOMETRY
3,I006_CONDITIONAL_ACTION_LOGISTIC,conditional_rescue,persist_mean_original_js_base_geo,-0.08870091873859189,0.08870091873859189,False,GEOMETRY
3,I006_CONDITIONAL_ACTION_LOGISTIC,conditional_rescue,persist_mean_original_js_full_erase,0.020196520990153243,0.020196520990153243,False,GEOMETRY
3,I006_CONDITIONAL_ACTION_LOGISTIC,conditional_rescue,persist_mean_original_kl_full_erase,-0.0032748504906937,0.0032748504906937,False,GEOMETRY
3,I006_CONDITIONAL_ACTION_LOGISTIC,conditional_rescue,persist_mean_original_logit_norm_full,-0.06309809155283068,0.06309809155283068,False,GEOMETRY
3,I006_CONDITIONAL_ACTION_LOGISTIC,conditional_rescue,persist_mean_original_margin_change_full_erase,0.048207115000938563,0.048207115000938563,False,GEOMETRY
3,I006_CONDITIONAL_ACTION_LOGISTIC,conditional_rescue,persist_mean_original_margin_geo,0.06360187733462733,0.06360187733462733,False,GEOMETRY
3,I006_CONDITIONAL_ACTION_LOGISTIC,conditional_rescue,persist_mean_original_nll_proxy_full,0.006845274038323712,0.006845274038323712,False,GEOMETRY
3,I006_CONDITIONAL_ACTION_LOGISTIC,conditional_rescue,persist_mean_original_p_full_max,-0.008862431058603258,0.008862431058603258,False,GEOMETRY
3,I006_CONDITIONAL_ACTION_LOGISTIC,conditional_rescue,persist_mean_original_probability_shift_l1,0.025875061851254256,0.025875061851254256,False,GEOMETRY
3,I006_CONDITIONAL_ACTION_LOGISTIC,conditional_rescue,persist_mean_original_protected_slot0_contribution_norm,-0.02130047787138036,0.02130047787138036,False,GEOMETRY
3,I006_CONDITIONAL_ACTION_LOGISTIC,conditional_rescue,persist_mean_original_protected_slot0_geometry_margin,0.004160105173799124,0.004160105173799124,False,GEOMETRY
3,I006_CONDITIONAL_ACTION_LOGISTIC,conditional_rescue,persist_mean_original_protected_slot0_present,0.0,0.0,False,GEOMETRY
3,I006_CONDITIONAL_ACTION_LOGISTIC,conditional_rescue,persist_mean_original_protected_slot0_projection,-0.03618909166045166,0.03618909166045166,False,GEOMETRY
3,I006_CONDITIONAL_ACTION_LOGISTIC,conditional_rescue,persist_mean_original_protected_slot0_prototype_distance_difference,0.04645032472663641,0.04645032472663641,False,GEOMETRY
3,I006_CONDITIONAL_ACTION_LOGISTIC,conditional_rescue,persist_mean_original_protected_slot0_signed_midpoint_distance,-0.023109364660924715,0.023109364660924715,False,GEOMETRY
3,I006_CONDITIONAL_ACTION_LOGISTIC,conditional_rescue,persist_mean_original_protected_slot0_weighted_geometry_score,-0.014290365983581665,0.014290365983581665,False,GEOMETRY
3,I006_CONDITIONAL_ACTION_LOGISTIC,conditional_rescue,persist_mean_original_protected_slot1_contribution_norm,0.030486492799599356,0.030486492799599356,False,GEOMETRY
3,I006_CONDITIONAL_ACTION_LOGISTIC,conditional_rescue,persist_mean_original_protected_slot1_geometry_margin,0.025930147829648396,0.025930147829648396,False,GEOMETRY
3,I006_CONDITIONAL_ACTION_LOGISTIC,conditional_rescue,persist_mean_original_protected_slot1_present,-0.07380902208936198,0.07380902208936198,False,GEOMETRY
3,I006_CONDITIONAL_ACTION_LOGISTIC,conditional_rescue,persist_mean_original_protected_slot1_projection,-0.03975561406249456,0.03975561406249456,False,GEOMETRY
3,I006_CONDITIONAL_ACTION_LOGISTIC,conditional_rescue,persist_mean_original_protected_slot1_prototype_distance_difference,0.045149241943556497,0.045149241943556497,False,GEOMETRY
3,I006_CONDITIONAL_ACTION_LOGISTIC,conditional_rescue,persist_mean_original_protected_slot1_signed_midpoint_distance,-0.04108713863070556,0.04108713863070556,False,GEOMETRY
3,I006_CONDITIONAL_ACTION_LOGISTIC,conditional_rescue,persist_mean_original_protected_slot1_weighted_geometry_score,-0.036601557621906165,0.036601557621906165,False,GEOMETRY
3,I006_CONDITIONAL_ACTION_LOGISTIC,conditional_rescue,persist_mean_original_top2_margin_full,-0.008862438918650333,0.008862438918650333,False,GEOMETRY
3,I006_CONDITIONAL_ACTION_LOGISTIC,conditional_rescue,persist_std_original_agreement_base_geo,-0.03254308450408068,0.03254308450408068,False,GEOMETRY
3,I006_CONDITIONAL_ACTION_LOGISTIC,conditional_rescue,persist_std_original_agreement_full_erase,-0.03185231086577127,0.03185231086577127,False,GEOMETRY
3,I006_CONDITIONAL_ACTION_LOGISTIC,conditional_rescue,persist_std_original_confidence_diff_base_geo,0.023318203231095205,0.023318203231095205,False,GEOMETRY
3,I006_CONDITIONAL_ACTION_LOGISTIC,conditional_rescue,persist_std_original_delta_p_l2,-0.046197333678820084,0.046197333678820084,False,GEOMETRY
3,I006_CONDITIONAL_ACTION_LOGISTIC,conditional_rescue,persist_std_original_entropy_change_full_erase,-0.015403996838935452,0.015403996838935452,False,GEOMETRY
3,I006_CONDITIONAL_ACTION_LOGISTIC,conditional_rescue,persist_std_original_entropy_full,-0.04619731651122172,0.04619731651122172,False,GEOMETRY
3,I006_CONDITIONAL_ACTION_LOGISTIC,conditional_rescue,persist_std_original_entropy_geo,0.014396719767754931,0.014396719767754931,False,GEOMETRY
3,I006_CONDITIONAL_ACTION_LOGISTIC,conditional_rescue,persist_std_original_js_base_geo,-0.06549871856056073,0.06549871856056073,False,GEOMETRY
3,I006_CONDITIONAL_ACTION_LOGISTIC,conditional_rescue,persist_std_original_js_full_erase,0.01856549923002611,0.01856549923002611,False,GEOMETRY
3,I006_CONDITIONAL_ACTION_LOGISTIC,conditional_rescue,persist_std_original_kl_full_erase,-0.01852504151627643,0.01852504151627643,False,GEOMETRY
3,I006_CONDITIONAL_ACTION_LOGISTIC,conditional_rescue,persist_std_original_logit_norm_full,-0.0425889209441577,0.0425889209441577,False,GEOMETRY
3,I006_CONDITIONAL_ACTION_LOGISTIC,conditional_rescue,persist_std_original_margin_change_full_erase,-0.044886580868640266,0.044886580868640266,False,GEOMETRY
3,I006_CONDITIONAL_ACTION_LOGISTIC,conditional_rescue,persist_std_original_margin_geo,0.01985196193001481,0.01985196193001481,False,GEOMETRY
3,I006_CONDITIONAL_ACTION_LOGISTIC,conditional_rescue,persist_std_original_nll_proxy_full,-0.041283835539596095,0.041283835539596095,False,GEOMETRY
3,I006_CONDITIONAL_ACTION_LOGISTIC,conditional_rescue,persist_std_original_p_full_max,-0.045528393694735804,0.045528393694735804,False,GEOMETRY
3,I006_CONDITIONAL_ACTION_LOGISTIC,conditional_rescue,persist_std_original_probability_shift_l1,0.011194631599127248,0.011194631599127248,False,GEOMETRY
3,I006_CONDITIONAL_ACTION_LOGISTIC,conditional_rescue,persist_std_original_protected_slot0_contribution_norm,-0.08457166982107549,0.08457166982107549,False,GEOMETRY
3,I006_CONDITIONAL_ACTION_LOGISTIC,conditional_rescue,persist_std_original_protected_slot0_geometry_margin,-0.04938061353653235,0.04938061353653235,False,GEOMETRY
3,I006_CONDITIONAL_ACTION_LOGISTIC,conditional_rescue,persist_std_original_protected_slot0_present,0.0,0.0,False,GEOMETRY
3,I006_CONDITIONAL_ACTION_LOGISTIC,conditional_rescue,persist_std_original_protected_slot0_projection,0.014864811282171396,0.014864811282171396,False,GEOMETRY
3,I006_CONDITIONAL_ACTION_LOGISTIC,conditional_rescue,persist_std_original_protected_slot0_prototype_distance_difference,0.04547046017307194,0.04547046017307194,False,GEOMETRY
3,I006_CONDITIONAL_ACTION_LOGISTIC,conditional_rescue,persist_std_original_protected_slot0_signed_midpoint_distance,0.04165406521138895,0.04165406521138895,False,GEOMETRY
3,I006_CONDITIONAL_ACTION_LOGISTIC,conditional_rescue,persist_std_original_protected_slot0_weighted_geometry_score,-0.05225198879529673,0.05225198879529673,False,GEOMETRY
3,I006_CONDITIONAL_ACTION_LOGISTIC,conditional_rescue,persist_std_original_protected_slot1_contribution_norm,-0.009645989903588075,0.009645989903588075,False,GEOMETRY
3,I006_CONDITIONAL_ACTION_LOGISTIC,conditional_rescue,persist_std_original_protected_slot1_geometry_margin,0.06949979889257049,0.06949979889257049,False,GEOMETRY
3,I006_CONDITIONAL_ACTION_LOGISTIC,conditional_rescue,persist_std_original_protected_slot1_present,0.06106475929526912,0.06106475929526912,False,GEOMETRY
3,I006_CONDITIONAL_ACTION_LOGISTIC,conditional_rescue,persist_std_original_protected_slot1_projection,0.024988647902031466,0.024988647902031466,False,GEOMETRY
3,I006_CONDITIONAL_ACTION_LOGISTIC,conditional_rescue,persist_std_original_protected_slot1_prototype_distance_difference,0.045535306092523445,0.045535306092523445,False,GEOMETRY
3,I006_CONDITIONAL_ACTION_LOGISTIC,conditional_rescue,persist_std_original_protected_slot1_signed_midpoint_distance,0.030208854749316682,0.030208854749316682,False,GEOMETRY
3,I006_CONDITIONAL_ACTION_LOGISTIC,conditional_rescue,persist_std_original_protected_slot1_weighted_geometry_score,0.0176593760160823,0.0176593760160823,False,GEOMETRY
3,I006_CONDITIONAL_ACTION_LOGISTIC,conditional_rescue,persist_std_original_top2_margin_full,-0.045528399182939314,0.045528399182939314,False,GEOMETRY
3,I006_CONDITIONAL_ACTION_LOGISTIC,conditional_rescue,action_abs_margin,0.08568501986738314,0.08568501986738314,False,ERASE
3,I006_CONDITIONAL_ACTION_LOGISTIC,conditional_rescue,action_entropy,-0.05820087611479915,0.05820087611479915,False,ERASE
3,I006_CONDITIONAL_ACTION_LOGISTIC,conditional_rescue,action_majority_strength,-0.05894642472375294,0.05894642472375294,False,ERASE
3,I006_CONDITIONAL_ACTION_LOGISTIC,conditional_rescue,action_margin_movement,0.015606521693405729,0.015606521693405729,False,ERASE
3,I006_CONDITIONAL_ACTION_LOGISTIC,conditional_rescue,action_margin_range,0.0013276206903852956,0.0013276206903852956,False,ERASE
3,I006_CONDITIONAL_ACTION_LOGISTIC,conditional_rescue,action_max_margin,0.034296281677110615,0.034296281677110615,False,ERASE
3,I006_CONDITIONAL_ACTION_LOGISTIC,conditional_rescue,action_min_margin,0.024534123083788315,0.024534123083788315,False,ERASE
3,I006_CONDITIONAL_ACTION_LOGISTIC,conditional_rescue,action_probability_movement,-0.0002985533864927742,0.0002985533864927742,False,ERASE
3,I006_CONDITIONAL_ACTION_LOGISTIC,conditional_rescue,action_run_margin_std,0.00904283401355862,0.00904283401355862,False,ERASE
3,I006_CONDITIONAL_ACTION_LOGISTIC,conditional_rescue,action_run_probability_std,0.010824706865744898,0.010824706865744898,False,ERASE
3,I006_CONDITIONAL_ACTION_LOGISTIC,conditional_rescue,action_vote_entropy,0.055916929352013166,0.055916929352013166,False,ERASE
3,I006_CONDITIONAL_ACTION_LOGISTIC,conditional_rescue,action_vote_fraction_class1,0.01965854477130967,0.01965854477130967,False,ERASE
3,I006_CONDITIONAL_ACTION_LOGISTIC,conditional_rescue,b6_margin,0.021691384730432788,0.021691384730432788,False,ERASE
3,I006_CONDITIONAL_ACTION_LOGISTIC,conditional_rescue,b6_probability,0.04794590943299211,0.04794590943299211,False,ERASE
3,I006_CONDITIONAL_ACTION_LOGISTIC,conditional_rescue,base_abs_margin,-0.0980371366706617,0.0980371366706617,False,ERASE
3,I006_CONDITIONAL_ACTION_LOGISTIC,conditional_rescue,base_disagreeing_run_count,0.048988127874650754,0.048988127874650754,False,ERASE
3,I006_CONDITIONAL_ACTION_LOGISTIC,conditional_rescue,base_entropy,0.07972404000229463,0.07972404000229463,False,ERASE
3,I006_CONDITIONAL_ACTION_LOGISTIC,conditional_rescue,base_majority_strength,-0.018186797103908504,0.018186797103908504,False,ERASE
3,I006_CONDITIONAL_ACTION_LOGISTIC,conditional_rescue,base_margin_range,0.02407657155134467,0.02407657155134467,False,ERASE
3,I006_CONDITIONAL_ACTION_LOGISTIC,conditional_rescue,base_max_margin,0.03653935593155215,0.03653935593155215,False,ERASE
3,I006_CONDITIONAL_ACTION_LOGISTIC,conditional_rescue,base_max_probability,0.07430020561205604,0.07430020561205604,False,ERASE
3,I006_CONDITIONAL_ACTION_LOGISTIC,conditional_rescue,base_min_margin,0.02416411552374701,0.02416411552374701,False,ERASE
3,I006_CONDITIONAL_ACTION_LOGISTIC,conditional_rescue,base_min_probability,0.02558034068578645,0.02558034068578645,False,ERASE
3,I006_CONDITIONAL_ACTION_LOGISTIC,conditional_rescue,base_run_margin_std,0.004078982277782167,0.004078982277782167,False,ERASE
3,I006_CONDITIONAL_ACTION_LOGISTIC,conditional_rescue,base_run_probability_std,0.04720425298843059,0.04720425298843059,False,ERASE
3,I006_CONDITIONAL_ACTION_LOGISTIC,conditional_rescue,base_vote_entropy,-0.01979702472827364,0.01979702472827364,False,ERASE
3,I006_CONDITIONAL_ACTION_LOGISTIC,conditional_rescue,base_vote_fraction_class1,-0.07459813189061468,0.07459813189061468,False,ERASE
3,I006_CONDITIONAL_ACTION_LOGISTIC,conditional_rescue,movement_run_max,0.0027411615721699783,0.0027411615721699783,False,ERASE
3,I006_CONDITIONAL_ACTION_LOGISTIC,conditional_rescue,movement_run_min,0.008313325549197042,0.008313325549197042,False,ERASE
3,I006_CONDITIONAL_ACTION_LOGISTIC,conditional_rescue,movement_run_std,0.017403802405054677,0.017403802405054677,False,ERASE
3,I006_CONDITIONAL_ACTION_LOGISTIC,conditional_rescue,movement_sign_agreement,-0.06098611949806702,0.06098611949806702,False,ERASE
3,I006_CONDITIONAL_ACTION_LOGISTIC,conditional_rescue,n_runs,-0.047360788014075395,0.047360788014075395,False,ERASE
3,I006_CONDITIONAL_ACTION_LOGISTIC,conditional_rescue,persist_mean_original_agreement_base_geo,0.013832398175588515,0.013832398175588515,False,ERASE
3,I006_CONDITIONAL_ACTION_LOGISTIC,conditional_rescue,persist_mean_original_agreement_full_erase,0.031032036041402845,0.031032036041402845,False,ERASE
3,I006_CONDITIONAL_ACTION_LOGISTIC,conditional_rescue,persist_mean_original_confidence_diff_base_geo,-0.040202748195910624,0.040202748195910624,False,ERASE
3,I006_CONDITIONAL_ACTION_LOGISTIC,conditional_rescue,persist_mean_original_delta_p_l2,-0.006555772581833384,0.006555772581833384,False,ERASE
3,I006_CONDITIONAL_ACTION_LOGISTIC,conditional_rescue,persist_mean_original_entropy_change_full_erase,0.04963131274785607,0.04963131274785607,False,ERASE
3,I006_CONDITIONAL_ACTION_LOGISTIC,conditional_rescue,persist_mean_original_entropy_full,0.04157431935745516,0.04157431935745516,False,ERASE
3,I006_CONDITIONAL_ACTION_LOGISTIC,conditional_rescue,persist_mean_original_entropy_geo,0.04583975590394905,0.04583975590394905,False,ERASE
3,I006_CONDITIONAL_ACTION_LOGISTIC,conditional_rescue,persist_mean_original_js_base_geo,0.004628711519376495,0.004628711519376495,False,ERASE
3,I006_CONDITIONAL_ACTION_LOGISTIC,conditional_rescue,persist_mean_original_js_full_erase,-0.03795468524780323,0.03795468524780323,False,ERASE
3,I006_CONDITIONAL_ACTION_LOGISTIC,conditional_rescue,persist_mean_original_kl_full_erase,-0.040298399224151224,0.040298399224151224,False,ERASE
3,I006_CONDITIONAL_ACTION_LOGISTIC,conditional_rescue,persist_mean_original_logit_norm_full,-0.11019305351129921,0.11019305351129921,False,ERASE
3,I006_CONDITIONAL_ACTION_LOGISTIC,conditional_rescue,persist_mean_original_margin_change_full_erase,-0.09574333738424001,0.09574333738424001,False,ERASE
3,I006_CONDITIONAL_ACTION_LOGISTIC,conditional_rescue,persist_mean_original_margin_geo,-0.057024448416229064,0.057024448416229064,False,ERASE
3,I006_CONDITIONAL_ACTION_LOGISTIC,conditional_rescue,persist_mean_original_nll_proxy_full,0.08254895560889772,0.08254895560889772,False,ERASE
3,I006_CONDITIONAL_ACTION_LOGISTIC,conditional_rescue,persist_mean_original_p_full_max,-0.07222402543085887,0.07222402543085887,False,ERASE
3,I006_CONDITIONAL_ACTION_LOGISTIC,conditional_rescue,persist_mean_original_probability_shift_l1,0.00014365727746376615,0.00014365727746376615,False,ERASE
3,I006_CONDITIONAL_ACTION_LOGISTIC,conditional_rescue,persist_mean_original_protected_slot0_contribution_norm,-0.04565997904412495,0.04565997904412495,False,ERASE
3,I006_CONDITIONAL_ACTION_LOGISTIC,conditional_rescue,persist_mean_original_protected_slot0_geometry_margin,0.08562556387220971,0.08562556387220971,False,ERASE
3,I006_CONDITIONAL_ACTION_LOGISTIC,conditional_rescue,persist_mean_original_protected_slot0_present,0.0,0.0,False,ERASE
3,I006_CONDITIONAL_ACTION_LOGISTIC,conditional_rescue,persist_mean_original_protected_slot0_projection,0.03761091541441717,0.03761091541441717,False,ERASE
3,I006_CONDITIONAL_ACTION_LOGISTIC,conditional_rescue,persist_mean_original_protected_slot0_prototype_distance_difference,-0.09168929895000737,0.09168929895000737,False,ERASE
3,I006_CONDITIONAL_ACTION_LOGISTIC,conditional_rescue,persist_mean_original_protected_slot0_signed_midpoint_distance,0.012355528959653049,0.012355528959653049,False,ERASE
3,I006_CONDITIONAL_ACTION_LOGISTIC,conditional_rescue,persist_mean_original_protected_slot0_weighted_geometry_score,-0.04571595533637035,0.04571595533637035,False,ERASE
3,I006_CONDITIONAL_ACTION_LOGISTIC,conditional_rescue,persist_mean_original_protected_slot1_contribution_norm,0.03991813510720098,0.03991813510720098,False,ERASE
3,I006_CONDITIONAL_ACTION_LOGISTIC,conditional_rescue,persist_mean_original_protected_slot1_geometry_margin,0.03359394128511225,0.03359394128511225,False,ERASE
3,I006_CONDITIONAL_ACTION_LOGISTIC,conditional_rescue,persist_mean_original_protected_slot1_present,-0.0491524186241431,0.0491524186241431,False,ERASE
3,I006_CONDITIONAL_ACTION_LOGISTIC,conditional_rescue,persist_mean_original_protected_slot1_projection,-0.02038919094846048,0.02038919094846048,False,ERASE
3,I006_CONDITIONAL_ACTION_LOGISTIC,conditional_rescue,persist_mean_original_protected_slot1_prototype_distance_difference,0.005567023678515941,0.005567023678515941,False,ERASE
3,I006_CONDITIONAL_ACTION_LOGISTIC,conditional_rescue,persist_mean_original_protected_slot1_signed_midpoint_distance,0.00686870934500113,0.00686870934500113,False,ERASE
3,I006_CONDITIONAL_ACTION_LOGISTIC,conditional_rescue,persist_mean_original_protected_slot1_weighted_geometry_score,0.06219588164774972,0.06219588164774972,False,ERASE
3,I006_CONDITIONAL_ACTION_LOGISTIC,conditional_rescue,persist_mean_original_top2_margin_full,-0.07222403587629313,0.07222403587629313,False,ERASE
3,I006_CONDITIONAL_ACTION_LOGISTIC,conditional_rescue,persist_std_original_agreement_base_geo,0.02448688594988987,0.02448688594988987,False,ERASE
3,I006_CONDITIONAL_ACTION_LOGISTIC,conditional_rescue,persist_std_original_agreement_full_erase,0.05081035546792955,0.05081035546792955,False,ERASE
3,I006_CONDITIONAL_ACTION_LOGISTIC,conditional_rescue,persist_std_original_confidence_diff_base_geo,0.0343980455178987,0.0343980455178987,False,ERASE
3,I006_CONDITIONAL_ACTION_LOGISTIC,conditional_rescue,persist_std_original_delta_p_l2,-0.07984815092807881,0.07984815092807881,False,ERASE
3,I006_CONDITIONAL_ACTION_LOGISTIC,conditional_rescue,persist_std_original_entropy_change_full_erase,-0.07093424591306109,0.07093424591306109,False,ERASE
3,I006_CONDITIONAL_ACTION_LOGISTIC,conditional_rescue,persist_std_original_entropy_full,-0.10747833456436078,0.10747833456436078,False,ERASE
3,I006_CONDITIONAL_ACTION_LOGISTIC,conditional_rescue,persist_std_original_entropy_geo,0.023540564082479287,0.023540564082479287,False,ERASE
3,I006_CONDITIONAL_ACTION_LOGISTIC,conditional_rescue,persist_std_original_js_base_geo,0.049285512193575756,0.049285512193575756,False,ERASE
3,I006_CONDITIONAL_ACTION_LOGISTIC,conditional_rescue,persist_std_original_js_full_erase,-0.07107225373742723,0.07107225373742723,False,ERASE
3,I006_CONDITIONAL_ACTION_LOGISTIC,conditional_rescue,persist_std_original_kl_full_erase,-0.06396749817068148,0.06396749817068148,False,ERASE
3,I006_CONDITIONAL_ACTION_LOGISTIC,conditional_rescue,persist_std_original_logit_norm_full,-0.01484257740781325,0.01484257740781325,False,ERASE
3,I006_CONDITIONAL_ACTION_LOGISTIC,conditional_rescue,persist_std_original_margin_change_full_erase,-0.0017052705813770579,0.0017052705813770579,False,ERASE
3,I006_CONDITIONAL_ACTION_LOGISTIC,conditional_rescue,persist_std_original_margin_geo,0.008840795636514047,0.008840795636514047,False,ERASE
3,I006_CONDITIONAL_ACTION_LOGISTIC,conditional_rescue,persist_std_original_nll_proxy_full,-0.014818887784597768,0.014818887784597768,False,ERASE
3,I006_CONDITIONAL_ACTION_LOGISTIC,conditional_rescue,persist_std_original_p_full_max,-0.04104017036800526,0.04104017036800526,False,ERASE
3,I006_CONDITIONAL_ACTION_LOGISTIC,conditional_rescue,persist_std_original_probability_shift_l1,-0.10591608280452976,0.10591608280452976,False,ERASE
3,I006_CONDITIONAL_ACTION_LOGISTIC,conditional_rescue,persist_std_original_protected_slot0_contribution_norm,-0.08878054837644535,0.08878054837644535,False,ERASE
3,I006_CONDITIONAL_ACTION_LOGISTIC,conditional_rescue,persist_std_original_protected_slot0_geometry_margin,-0.014500383974523872,0.014500383974523872,False,ERASE
3,I006_CONDITIONAL_ACTION_LOGISTIC,conditional_rescue,persist_std_original_protected_slot0_present,0.0,0.0,False,ERASE
3,I006_CONDITIONAL_ACTION_LOGISTIC,conditional_rescue,persist_std_original_protected_slot0_projection,0.09171845710806781,0.09171845710806781,False,ERASE
3,I006_CONDITIONAL_ACTION_LOGISTIC,conditional_rescue,persist_std_original_protected_slot0_prototype_distance_difference,-0.003956938722521201,0.003956938722521201,False,ERASE
3,I006_CONDITIONAL_ACTION_LOGISTIC,conditional_rescue,persist_std_original_protected_slot0_signed_midpoint_distance,0.02134715688950258,0.02134715688950258,False,ERASE
3,I006_CONDITIONAL_ACTION_LOGISTIC,conditional_rescue,persist_std_original_protected_slot0_weighted_geometry_score,0.02495560503410803,0.02495560503410803,False,ERASE
3,I006_CONDITIONAL_ACTION_LOGISTIC,conditional_rescue,persist_std_original_protected_slot1_contribution_norm,-0.03745731131051242,0.03745731131051242,False,ERASE
3,I006_CONDITIONAL_ACTION_LOGISTIC,conditional_rescue,persist_std_original_protected_slot1_geometry_margin,-0.03458746125605297,0.03458746125605297,False,ERASE
3,I006_CONDITIONAL_ACTION_LOGISTIC,conditional_rescue,persist_std_original_protected_slot1_present,0.0017028346059048411,0.0017028346059048411,False,ERASE
3,I006_CONDITIONAL_ACTION_LOGISTIC,conditional_rescue,persist_std_original_protected_slot1_projection,0.040015387212509884,0.040015387212509884,False,ERASE
3,I006_CONDITIONAL_ACTION_LOGISTIC,conditional_rescue,persist_std_original_protected_slot1_prototype_distance_difference,0.004153766417415253,0.004153766417415253,False,ERASE
3,I006_CONDITIONAL_ACTION_LOGISTIC,conditional_rescue,persist_std_original_protected_slot1_signed_midpoint_distance,0.020875352363324867,0.020875352363324867,False,ERASE
3,I006_CONDITIONAL_ACTION_LOGISTIC,conditional_rescue,persist_std_original_protected_slot1_weighted_geometry_score,0.005314629610731095,0.005314629610731095,False,ERASE
3,I006_CONDITIONAL_ACTION_LOGISTIC,conditional_rescue,persist_std_original_top2_margin_full,-0.04104017058087478,0.04104017058087478,False,ERASE
4,M3_ACTION_MOVEMENT_LOGISTIC,rescue,action_abs_margin,0.07913881239513683,0.07913881239513683,False,
4,M3_ACTION_MOVEMENT_LOGISTIC,rescue,action_boundary_cross,1.5104697246021512,1.5104697246021512,False,
4,M3_ACTION_MOVEMENT_LOGISTIC,rescue,action_entropy,-0.36750881952286024,0.36750881952286024,False,
4,M3_ACTION_MOVEMENT_LOGISTIC,rescue,action_majority_strength,-0.053287471889633654,0.053287471889633654,False,
4,M3_ACTION_MOVEMENT_LOGISTIC,rescue,action_margin_movement,-0.1405899782532237,0.1405899782532237,False,
4,M3_ACTION_MOVEMENT_LOGISTIC,rescue,action_margin_range,-0.5619244351353837,0.5619244351353837,False,
4,M3_ACTION_MOVEMENT_LOGISTIC,rescue,action_max_margin,-0.4316542337068708,0.4316542337068708,False,
4,M3_ACTION_MOVEMENT_LOGISTIC,rescue,action_min_margin,-0.11059476595173277,0.11059476595173277,False,
4,M3_ACTION_MOVEMENT_LOGISTIC,rescue,action_probability_movement,0.3155249683611413,0.3155249683611413,False,
4,M3_ACTION_MOVEMENT_LOGISTIC,rescue,action_run_margin_std,0.9931436221378767,0.9931436221378767,False,
4,M3_ACTION_MOVEMENT_LOGISTIC,rescue,action_run_probability_std,-0.22015073065453963,0.22015073065453963,False,
4,M3_ACTION_MOVEMENT_LOGISTIC,rescue,action_vote_entropy,0.045589733922427246,0.045589733922427246,False,
4,M3_ACTION_MOVEMENT_LOGISTIC,rescue,action_vote_fraction_class1,0.07800192914335087,0.07800192914335087,False,
4,M3_ACTION_MOVEMENT_LOGISTIC,rescue,action_vs_b6_disagreement,1.5104697246021512,1.5104697246021512,False,
4,M3_ACTION_MOVEMENT_LOGISTIC,rescue,b6_margin,0.47612009537936467,0.47612009537936467,False,
4,M3_ACTION_MOVEMENT_LOGISTIC,rescue,b6_probability,0.9252071498883778,0.9252071498883778,False,
4,M3_ACTION_MOVEMENT_LOGISTIC,rescue,base_abs_margin,-1.114143131430203,1.114143131430203,False,
4,M3_ACTION_MOVEMENT_LOGISTIC,rescue,base_disagreeing_run_count,-0.10683113786114935,0.10683113786114935,False,
4,M3_ACTION_MOVEMENT_LOGISTIC,rescue,base_entropy,0.4746906379401198,0.4746906379401198,False,
4,M3_ACTION_MOVEMENT_LOGISTIC,rescue,base_majority_strength,0.12846597834250198,0.12846597834250198,False,
4,M3_ACTION_MOVEMENT_LOGISTIC,rescue,base_margin_range,-0.056666887809971866,0.056666887809971866,False,
4,M3_ACTION_MOVEMENT_LOGISTIC,rescue,base_max_margin,-0.9012751318203959,0.9012751318203959,False,
4,M3_ACTION_MOVEMENT_LOGISTIC,rescue,base_max_probability,0.6238778677267888,0.6238778677267888,False,
4,M3_ACTION_MOVEMENT_LOGISTIC,rescue,base_min_margin,-0.8816514231687902,0.8816514231687902,False,
4,M3_ACTION_MOVEMENT_LOGISTIC,rescue,base_min_probability,0.35928447354986304,0.35928447354986304,False,
4,M3_ACTION_MOVEMENT_LOGISTIC,rescue,base_run_margin_std,-0.4559225955719782,0.4559225955719782,False,
4,M3_ACTION_MOVEMENT_LOGISTIC,rescue,base_run_probability_std,0.35758187568825733,0.35758187568825733,False,
4,M3_ACTION_MOVEMENT_LOGISTIC,rescue,base_vote_entropy,0.20291129262807767,0.20291129262807767,False,
4,M3_ACTION_MOVEMENT_LOGISTIC,rescue,base_vote_fraction_class1,-0.2710866028499518,0.2710866028499518,False,
4,M3_ACTION_MOVEMENT_LOGISTIC,rescue,is_amplify,0.021408205720968316,0.021408205720968316,False,
4,M3_ACTION_MOVEMENT_LOGISTIC,rescue,is_erase,-0.04891352461365555,0.04891352461365555,False,
4,M3_ACTION_MOVEMENT_LOGISTIC,rescue,is_geometry,0.02750531889216341,0.02750531889216341,False,
4,M3_ACTION_MOVEMENT_LOGISTIC,rescue,movement_run_max,-0.5265032016589513,0.5265032016589513,False,
4,M3_ACTION_MOVEMENT_LOGISTIC,rescue,movement_run_min,0.5341950578162424,0.5341950578162424,False,
4,M3_ACTION_MOVEMENT_LOGISTIC,rescue,movement_run_std,0.23484207397924403,0.23484207397924403,False,
4,M3_ACTION_MOVEMENT_LOGISTIC,rescue,movement_sign_agreement,-0.13042290341183765,0.13042290341183765,False,
4,M3_ACTION_MOVEMENT_LOGISTIC,rescue,n_runs,0.10420661630135555,0.10420661630135555,False,
4,M3_ACTION_MOVEMENT_LOGISTIC,rescue,protected_safe,0.04891352461369222,0.04891352461369222,False,
4,M3_ACTION_MOVEMENT_LOGISTIC,harm,action_abs_margin,-0.07001995123606683,0.07001995123606683,False,
4,M3_ACTION_MOVEMENT_LOGISTIC,harm,action_boundary_cross,1.9642396957361397,1.9642396957361397,False,
4,M3_ACTION_MOVEMENT_LOGISTIC,harm,action_entropy,0.42438876624295946,0.42438876624295946,False,
4,M3_ACTION_MOVEMENT_LOGISTIC,harm,action_majority_strength,-0.004522780669944954,0.004522780669944954,False,
4,M3_ACTION_MOVEMENT_LOGISTIC,harm,action_margin_movement,0.09759610900040988,0.09759610900040988,False,
4,M3_ACTION_MOVEMENT_LOGISTIC,harm,action_margin_range,0.20524454342124368,0.20524454342124368,False,
4,M3_ACTION_MOVEMENT_LOGISTIC,harm,action_max_margin,0.08414980178121714,0.08414980178121714,False,
4,M3_ACTION_MOVEMENT_LOGISTIC,harm,action_min_margin,-0.034501100566345685,0.034501100566345685,False,
4,M3_ACTION_MOVEMENT_LOGISTIC,harm,action_probability_movement,-0.20206390678599037,0.20206390678599037,False,
4,M3_ACTION_MOVEMENT_LOGISTIC,harm,action_run_margin_std,-0.6287567093575405,0.6287567093575405,False,
4,M3_ACTION_MOVEMENT_LOGISTIC,harm,action_run_probability_std,0.14705582021008973,0.14705582021008973,False,
4,M3_ACTION_MOVEMENT_LOGISTIC,harm,action_vote_entropy,-0.06169517707800574,0.06169517707800574,False,
4,M3_ACTION_MOVEMENT_LOGISTIC,harm,action_vote_fraction_class1,-0.020674994257540685,0.020674994257540685,False,
4,M3_ACTION_MOVEMENT_LOGISTIC,harm,action_vs_b6_disagreement,1.9642396957361397,1.9642396957361397,False,
4,M3_ACTION_MOVEMENT_LOGISTIC,harm,b6_margin,-0.1936142436565496,0.1936142436565496,False,
4,M3_ACTION_MOVEMENT_LOGISTIC,harm,b6_probability,-0.8904877598544988,0.8904877598544988,False,
4,M3_ACTION_MOVEMENT_LOGISTIC,harm,base_abs_margin,0.29071917990464163,0.29071917990464163,False,
4,M3_ACTION_MOVEMENT_LOGISTIC,harm,base_disagreeing_run_count,0.10551935696654115,0.10551935696654115,False,
4,M3_ACTION_MOVEMENT_LOGISTIC,harm,base_entropy,-0.9812421795205883,0.9812421795205883,False,
4,M3_ACTION_MOVEMENT_LOGISTIC,harm,base_majority_strength,-0.11497832973422702,0.11497832973422702,False,
4,M3_ACTION_MOVEMENT_LOGISTIC,harm,base_margin_range,0.36086691726225195,0.36086691726225195,False,
4,M3_ACTION_MOVEMENT_LOGISTIC,harm,base_max_margin,0.45114434218615107,0.45114434218615107,False,
4,M3_ACTION_MOVEMENT_LOGISTIC,harm,base_max_probability,-0.004200940359785514,0.004200940359785514,False,
4,M3_ACTION_MOVEMENT_LOGISTIC,harm,base_min_margin,0.3211847500235739,0.3211847500235739,False,
4,M3_ACTION_MOVEMENT_LOGISTIC,harm,base_min_probability,-0.19416428658706628,0.19416428658706628,False,
4,M3_ACTION_MOVEMENT_LOGISTIC,harm,base_run_margin_std,-0.2576444854680346,0.2576444854680346,False,
4,M3_ACTION_MOVEMENT_LOGISTIC,harm,base_run_probability_std,-0.03683087831199771,0.03683087831199771,False,
4,M3_ACTION_MOVEMENT_LOGISTIC,harm,base_vote_entropy,-0.284705327117498,0.284705327117498,False,
4,M3_ACTION_MOVEMENT_LOGISTIC,harm,base_vote_fraction_class1,0.21454961449909152,0.21454961449909152,False,
4,M3_ACTION_MOVEMENT_LOGISTIC,harm,is_amplify,0.002911559567587412,0.002911559567587412,False,
4,M3_ACTION_MOVEMENT_LOGISTIC,harm,is_erase,0.027446043660934755,0.027446043660934755,False,
4,M3_ACTION_MOVEMENT_LOGISTIC,harm,is_geometry,-0.030357603228713104,0.030357603228713104,False,
4,M3_ACTION_MOVEMENT_LOGISTIC,harm,movement_run_max,0.28917844077086,0.28917844077086,False,
4,M3_ACTION_MOVEMENT_LOGISTIC,harm,movement_run_min,-0.3167726973472199,0.3167726973472199,False,
4,M3_ACTION_MOVEMENT_LOGISTIC,harm,movement_run_std,-0.009279029465508654,0.009279029465508654,False,
4,M3_ACTION_MOVEMENT_LOGISTIC,harm,movement_sign_agreement,0.15697768505051857,0.15697768505051857,False,
4,M3_ACTION_MOVEMENT_LOGISTIC,harm,n_runs,-0.0976081537073565,0.0976081537073565,False,
4,M3_ACTION_MOVEMENT_LOGISTIC,harm,protected_safe,-0.02744604366088839,0.02744604366088839,False,
4,M4_FULL_LEGAL_LOGISTIC,rescue,action_abs_margin,0.12060883767359762,0.12060883767359762,False,
4,M4_FULL_LEGAL_LOGISTIC,rescue,action_boundary_cross,0.8952904533206547,0.8952904533206547,False,
4,M4_FULL_LEGAL_LOGISTIC,rescue,action_entropy,-0.2166874028138111,0.2166874028138111,False,
4,M4_FULL_LEGAL_LOGISTIC,rescue,action_majority_strength,-0.012742096505214576,0.012742096505214576,False,
4,M4_FULL_LEGAL_LOGISTIC,rescue,action_margin_movement,0.024629485751082862,0.024629485751082862,False,
4,M4_FULL_LEGAL_LOGISTIC,rescue,action_margin_range,0.021535823639915182,0.021535823639915182,False,
4,M4_FULL_LEGAL_LOGISTIC,rescue,action_max_margin,-0.014912097033663996,0.014912097033663996,False,
4,M4_FULL_LEGAL_LOGISTIC,rescue,action_min_margin,-0.02780850497451238,0.02780850497451238,False,
4,M4_FULL_LEGAL_LOGISTIC,rescue,action_probability_movement,0.003602982896841152,0.003602982896841152,False,
4,M4_FULL_LEGAL_LOGISTIC,rescue,action_run_margin_std,0.10609653280527773,0.10609653280527773,False,
4,M4_FULL_LEGAL_LOGISTIC,rescue,action_run_probability_std,-0.013399117164493674,0.013399117164493674,False,
4,M4_FULL_LEGAL_LOGISTIC,rescue,action_vote_entropy,-0.002170842679576564,0.002170842679576564,False,
4,M4_FULL_LEGAL_LOGISTIC,rescue,action_vote_fraction_class1,0.031106880966091228,0.031106880966091228,False,
4,M4_FULL_LEGAL_LOGISTIC,rescue,action_vs_b6_disagreement,0.8952904533206547,0.8952904533206547,False,
4,M4_FULL_LEGAL_LOGISTIC,rescue,b6_margin,-0.010214355506875385,0.010214355506875385,False,
4,M4_FULL_LEGAL_LOGISTIC,rescue,b6_probability,0.021311060054224628,0.021311060054224628,False,
4,M4_FULL_LEGAL_LOGISTIC,rescue,base_abs_margin,-0.04864425573126179,0.04864425573126179,False,
4,M4_FULL_LEGAL_LOGISTIC,rescue,base_disagreeing_run_count,-0.06260928785317206,0.06260928785317206,False,
4,M4_FULL_LEGAL_LOGISTIC,rescue,base_entropy,0.009783050663870679,0.009783050663870679,False,
4,M4_FULL_LEGAL_LOGISTIC,rescue,base_majority_strength,-0.03323871725541986,0.03323871725541986,False,
4,M4_FULL_LEGAL_LOGISTIC,rescue,base_margin_range,0.05800452611461492,0.05800452611461492,False,
4,M4_FULL_LEGAL_LOGISTIC,rescue,base_max_margin,-0.014863007610058387,0.014863007610058387,False,
4,M4_FULL_LEGAL_LOGISTIC,rescue,base_max_probability,0.016552763892041723,0.016552763892041723,False,
4,M4_FULL_LEGAL_LOGISTIC,rescue,base_min_margin,-0.03583474727221637,0.03583474727221637,False,
4,M4_FULL_LEGAL_LOGISTIC,rescue,base_min_probability,-0.005219917032818184,0.005219917032818184,False,
4,M4_FULL_LEGAL_LOGISTIC,rescue,base_run_margin_std,0.05469185299959626,0.05469185299959626,False,
4,M4_FULL_LEGAL_LOGISTIC,rescue,base_run_probability_std,0.09826023440766551,0.09826023440766551,False,
4,M4_FULL_LEGAL_LOGISTIC,rescue,base_vote_entropy,0.04663249003304394,0.04663249003304394,False,
4,M4_FULL_LEGAL_LOGISTIC,rescue,base_vote_fraction_class1,-0.08746799530196842,0.08746799530196842,False,
4,M4_FULL_LEGAL_LOGISTIC,rescue,is_amplify,-0.03973653313439124,0.03973653313439124,False,
4,M4_FULL_LEGAL_LOGISTIC,rescue,is_erase,-0.009458995197460138,0.009458995197460138,False,
4,M4_FULL_LEGAL_LOGISTIC,rescue,is_geometry,0.04919552833185244,0.04919552833185244,False,
4,M4_FULL_LEGAL_LOGISTIC,rescue,movement_run_max,-0.011600521129334311,0.011600521129334311,False,
4,M4_FULL_LEGAL_LOGISTIC,rescue,movement_run_min,0.05003203479912188,0.05003203479912188,False,
4,M4_FULL_LEGAL_LOGISTIC,rescue,movement_run_std,0.004032729169826638,0.004032729169826638,False,
4,M4_FULL_LEGAL_LOGISTIC,rescue,movement_sign_agreement,-0.08072334830863911,0.08072334830863911,False,
4,M4_FULL_LEGAL_LOGISTIC,rescue,n_runs,0.024858046320658,0.024858046320658,False,
4,M4_FULL_LEGAL_LOGISTIC,rescue,persist_mean_original_agreement_base_geo,0.004926722928701437,0.004926722928701437,False,
4,M4_FULL_LEGAL_LOGISTIC,rescue,persist_mean_original_agreement_full_erase,0.06887572054396639,0.06887572054396639,False,
4,M4_FULL_LEGAL_LOGISTIC,rescue,persist_mean_original_confidence_diff_base_geo,-0.14344500031422536,0.14344500031422536,False,
4,M4_FULL_LEGAL_LOGISTIC,rescue,persist_mean_original_delta_p_l2,0.01054786300871852,0.01054786300871852,False,
4,M4_FULL_LEGAL_LOGISTIC,rescue,persist_mean_original_entropy_change_full_erase,0.0055392121914517685,0.0055392121914517685,False,
4,M4_FULL_LEGAL_LOGISTIC,rescue,persist_mean_original_entropy_full,-0.021151161618421795,0.021151161618421795,False,
4,M4_FULL_LEGAL_LOGISTIC,rescue,persist_mean_original_entropy_geo,0.04578539211462342,0.04578539211462342,False,
4,M4_FULL_LEGAL_LOGISTIC,rescue,persist_mean_original_js_base_geo,-0.10916514663083315,0.10916514663083315,False,
4,M4_FULL_LEGAL_LOGISTIC,rescue,persist_mean_original_js_full_erase,-0.1972194940805866,0.1972194940805866,False,
4,M4_FULL_LEGAL_LOGISTIC,rescue,persist_mean_original_kl_full_erase,-0.04861497151777648,0.04861497151777648,False,
4,M4_FULL_LEGAL_LOGISTIC,rescue,persist_mean_original_logit_norm_full,-0.023820289012486007,0.023820289012486007,False,
4,M4_FULL_LEGAL_LOGISTIC,rescue,persist_mean_original_margin_change_full_erase,-0.1495793530189947,0.1495793530189947,False,
4,M4_FULL_LEGAL_LOGISTIC,rescue,persist_mean_original_margin_geo,0.03360984691157736,0.03360984691157736,False,
4,M4_FULL_LEGAL_LOGISTIC,rescue,persist_mean_original_nll_proxy_full,0.08085460792450865,0.08085460792450865,False,
4,M4_FULL_LEGAL_LOGISTIC,rescue,persist_mean_original_p_full_max,-0.0578984050800968,0.0578984050800968,False,
4,M4_FULL_LEGAL_LOGISTIC,rescue,persist_mean_original_probability_shift_l1,-0.057175581680175135,0.057175581680175135,False,
4,M4_FULL_LEGAL_LOGISTIC,rescue,persist_mean_original_protected_slot0_contribution_norm,-0.0564674451947278,0.0564674451947278,False,
4,M4_FULL_LEGAL_LOGISTIC,rescue,persist_mean_original_protected_slot0_geometry_margin,-0.04125225033256927,0.04125225033256927,False,
4,M4_FULL_LEGAL_LOGISTIC,rescue,persist_mean_original_protected_slot0_present,0.0,0.0,False,
4,M4_FULL_LEGAL_LOGISTIC,rescue,persist_mean_original_protected_slot0_projection,-0.0002748140155758397,0.0002748140155758397,False,
4,M4_FULL_LEGAL_LOGISTIC,rescue,persist_mean_original_protected_slot0_prototype_distance_difference,0.0713712477095704,0.0713712477095704,False,
4,M4_FULL_LEGAL_LOGISTIC,rescue,persist_mean_original_protected_slot0_signed_midpoint_distance,-0.007931648638365882,0.007931648638365882,False,
4,M4_FULL_LEGAL_LOGISTIC,rescue,persist_mean_original_protected_slot0_weighted_geometry_score,-0.008773900023319216,0.008773900023319216,False,
4,M4_FULL_LEGAL_LOGISTIC,rescue,persist_mean_original_protected_slot1_contribution_norm,-0.010331097258960635,0.010331097258960635,False,
4,M4_FULL_LEGAL_LOGISTIC,rescue,persist_mean_original_protected_slot1_geometry_margin,0.01968783560226654,0.01968783560226654,False,
4,M4_FULL_LEGAL_LOGISTIC,rescue,persist_mean_original_protected_slot1_present,-0.039582409456542046,0.039582409456542046,False,
4,M4_FULL_LEGAL_LOGISTIC,rescue,persist_mean_original_protected_slot1_projection,0.016327266425815324,0.016327266425815324,False,
4,M4_FULL_LEGAL_LOGISTIC,rescue,persist_mean_original_protected_slot1_prototype_distance_difference,-0.027317002854907457,0.027317002854907457,False,
4,M4_FULL_LEGAL_LOGISTIC,rescue,persist_mean_original_protected_slot1_signed_midpoint_distance,0.025059344013866194,0.025059344013866194,False,
4,M4_FULL_LEGAL_LOGISTIC,rescue,persist_mean_original_protected_slot1_weighted_geometry_score,0.11050548721739648,0.11050548721739648,False,
4,M4_FULL_LEGAL_LOGISTIC,rescue,persist_mean_original_top2_margin_full,-0.05789844325293139,0.05789844325293139,False,
4,M4_FULL_LEGAL_LOGISTIC,rescue,persist_std_original_agreement_base_geo,-0.007827000683887786,0.007827000683887786,False,
4,M4_FULL_LEGAL_LOGISTIC,rescue,persist_std_original_agreement_full_erase,-0.044677880742742086,0.044677880742742086,False,
4,M4_FULL_LEGAL_LOGISTIC,rescue,persist_std_original_confidence_diff_base_geo,0.028059217431014423,0.028059217431014423,False,
4,M4_FULL_LEGAL_LOGISTIC,rescue,persist_std_original_delta_p_l2,-0.011055609479092189,0.011055609479092189,False,
4,M4_FULL_LEGAL_LOGISTIC,rescue,persist_std_original_entropy_change_full_erase,-0.05527994517935734,0.05527994517935734,False,
4,M4_FULL_LEGAL_LOGISTIC,rescue,persist_std_original_entropy_full,-0.14460599460714338,0.14460599460714338,False,
4,M4_FULL_LEGAL_LOGISTIC,rescue,persist_std_original_entropy_geo,0.12874105470698477,0.12874105470698477,False,
4,M4_FULL_LEGAL_LOGISTIC,rescue,persist_std_original_js_base_geo,0.02726196309016027,0.02726196309016027,False,
4,M4_FULL_LEGAL_LOGISTIC,rescue,persist_std_original_js_full_erase,-0.0727505375299557,0.0727505375299557,False,
4,M4_FULL_LEGAL_LOGISTIC,rescue,persist_std_original_kl_full_erase,0.044019530365329566,0.044019530365329566,False,
4,M4_FULL_LEGAL_LOGISTIC,rescue,persist_std_original_logit_norm_full,-0.14646546601419141,0.14646546601419141,False,
4,M4_FULL_LEGAL_LOGISTIC,rescue,persist_std_original_margin_change_full_erase,0.02815713480835662,0.02815713480835662,False,
4,M4_FULL_LEGAL_LOGISTIC,rescue,persist_std_original_margin_geo,-0.023580237248616128,0.023580237248616128,False,
4,M4_FULL_LEGAL_LOGISTIC,rescue,persist_std_original_nll_proxy_full,0.008502593931502577,0.008502593931502577,False,
4,M4_FULL_LEGAL_LOGISTIC,rescue,persist_std_original_p_full_max,-0.044025416873835634,0.044025416873835634,False,
4,M4_FULL_LEGAL_LOGISTIC,rescue,persist_std_original_probability_shift_l1,-0.00173283355852689,0.00173283355852689,False,
4,M4_FULL_LEGAL_LOGISTIC,rescue,persist_std_original_protected_slot0_contribution_norm,-0.023582889341885467,0.023582889341885467,False,
4,M4_FULL_LEGAL_LOGISTIC,rescue,persist_std_original_protected_slot0_geometry_margin,-0.04452981709488817,0.04452981709488817,False,
4,M4_FULL_LEGAL_LOGISTIC,rescue,persist_std_original_protected_slot0_present,0.0,0.0,False,
4,M4_FULL_LEGAL_LOGISTIC,rescue,persist_std_original_protected_slot0_projection,0.0400348321059172,0.0400348321059172,False,
4,M4_FULL_LEGAL_LOGISTIC,rescue,persist_std_original_protected_slot0_prototype_distance_difference,0.00031466981837645965,0.00031466981837645965,False,
4,M4_FULL_LEGAL_LOGISTIC,rescue,persist_std_original_protected_slot0_signed_midpoint_distance,0.018631102065580166,0.018631102065580166,False,
4,M4_FULL_LEGAL_LOGISTIC,rescue,persist_std_original_protected_slot0_weighted_geometry_score,-0.014208938697888335,0.014208938697888335,False,
4,M4_FULL_LEGAL_LOGISTIC,rescue,persist_std_original_protected_slot1_contribution_norm,0.03413527396887785,0.03413527396887785,False,
4,M4_FULL_LEGAL_LOGISTIC,rescue,persist_std_original_protected_slot1_geometry_margin,0.019795404577709407,0.019795404577709407,False,
4,M4_FULL_LEGAL_LOGISTIC,rescue,persist_std_original_protected_slot1_present,-0.08531588229216543,0.08531588229216543,False,
4,M4_FULL_LEGAL_LOGISTIC,rescue,persist_std_original_protected_slot1_projection,-0.008381183829864464,0.008381183829864464,False,
4,M4_FULL_LEGAL_LOGISTIC,rescue,persist_std_original_protected_slot1_prototype_distance_difference,0.015808706015290813,0.015808706015290813,False,
4,M4_FULL_LEGAL_LOGISTIC,rescue,persist_std_original_protected_slot1_signed_midpoint_distance,-0.043834051347968424,0.043834051347968424,False,
4,M4_FULL_LEGAL_LOGISTIC,rescue,persist_std_original_protected_slot1_weighted_geometry_score,0.03989445772861749,0.03989445772861749,False,
4,M4_FULL_LEGAL_LOGISTIC,rescue,persist_std_original_top2_margin_full,-0.044025346661476256,0.044025346661476256,False,
4,M4_FULL_LEGAL_LOGISTIC,rescue,protected_safe,0.00945899519746017,0.00945899519746017,False,
4,M4_FULL_LEGAL_LOGISTIC,harm,action_abs_margin,-0.05783636246620146,0.05783636246620146,False,
4,M4_FULL_LEGAL_LOGISTIC,harm,action_boundary_cross,1.0793669491470828,1.0793669491470828,False,
4,M4_FULL_LEGAL_LOGISTIC,harm,action_entropy,0.12250115357642051,0.12250115357642051,False,
4,M4_FULL_LEGAL_LOGISTIC,harm,action_majority_strength,-0.03793593035576193,0.03793593035576193,False,
4,M4_FULL_LEGAL_LOGISTIC,harm,action_margin_movement,-0.0035445004241907306,0.0035445004241907306,False,
4,M4_FULL_LEGAL_LOGISTIC,harm,action_margin_range,-0.02529970448002376,0.02529970448002376,False,
4,M4_FULL_LEGAL_LOGISTIC,harm,action_max_margin,-0.005197650243711265,0.005197650243711265,False,
4,M4_FULL_LEGAL_LOGISTIC,harm,action_min_margin,0.009525349334650235,0.009525349334650235,False,
4,M4_FULL_LEGAL_LOGISTIC,harm,action_probability_movement,-0.04119221063650604,0.04119221063650604,False,
4,M4_FULL_LEGAL_LOGISTIC,harm,action_run_margin_std,-0.06395656228435385,0.06395656228435385,False,
4,M4_FULL_LEGAL_LOGISTIC,harm,action_run_probability_std,-0.04445195333835514,0.04445195333835514,False,
4,M4_FULL_LEGAL_LOGISTIC,harm,action_vote_entropy,0.015153758999992713,0.015153758999992713,False,
4,M4_FULL_LEGAL_LOGISTIC,harm,action_vote_fraction_class1,-0.01658198648247087,0.01658198648247087,False,
4,M4_FULL_LEGAL_LOGISTIC,harm,action_vs_b6_disagreement,1.0793669491470828,1.0793669491470828,False,
4,M4_FULL_LEGAL_LOGISTIC,harm,b6_margin,-0.003955204632290815,0.003955204632290815,False,
4,M4_FULL_LEGAL_LOGISTIC,harm,b6_probability,-0.017974281949003867,0.017974281949003867,False,
4,M4_FULL_LEGAL_LOGISTIC,harm,base_abs_margin,0.010659479775220233,0.010659479775220233,False,
4,M4_FULL_LEGAL_LOGISTIC,harm,base_disagreeing_run_count,0.07506973791605245,0.07506973791605245,False,
4,M4_FULL_LEGAL_LOGISTIC,harm,base_entropy,0.045920299689556035,0.045920299689556035,False,
4,M4_FULL_LEGAL_LOGISTIC,harm,base_majority_strength,0.04517619925567845,0.04517619925567845,False,
4,M4_FULL_LEGAL_LOGISTIC,harm,base_margin_range,-0.034091460607920385,0.034091460607920385,False,
4,M4_FULL_LEGAL_LOGISTIC,harm,base_max_margin,-0.0037341005420594322,0.0037341005420594322,False,
4,M4_FULL_LEGAL_LOGISTIC,harm,base_max_probability,0.00626449468918468,0.00626449468918468,False,
4,M4_FULL_LEGAL_LOGISTIC,harm,base_min_margin,0.008580016608177133,0.008580016608177133,False,
4,M4_FULL_LEGAL_LOGISTIC,harm,base_min_probability,-0.012283799505993278,0.012283799505993278,False,
4,M4_FULL_LEGAL_LOGISTIC,harm,base_run_margin_std,-0.05420860037308909,0.05420860037308909,False,
4,M4_FULL_LEGAL_LOGISTIC,harm,base_run_probability_std,-0.0024173550860964108,0.0024173550860964108,False,
4,M4_FULL_LEGAL_LOGISTIC,harm,base_vote_entropy,-0.05242964653824129,0.05242964653824129,False,
4,M4_FULL_LEGAL_LOGISTIC,harm,base_vote_fraction_class1,0.0566948634698251,0.0566948634698251,False,
4,M4_FULL_LEGAL_LOGISTIC,harm,is_amplify,-0.004906792464720858,0.004906792464720858,False,
4,M4_FULL_LEGAL_LOGISTIC,harm,is_erase,0.03196315114966946,0.03196315114966946,False,
4,M4_FULL_LEGAL_LOGISTIC,harm,is_geometry,-0.027056358684948385,0.027056358684948385,False,
4,M4_FULL_LEGAL_LOGISTIC,harm,movement_run_max,0.0065193726323046755,0.0065193726323046755,False,
4,M4_FULL_LEGAL_LOGISTIC,harm,movement_run_min,-0.014941078279633703,0.014941078279633703,False,
4,M4_FULL_LEGAL_LOGISTIC,harm,movement_run_std,0.007568552813006792,0.007568552813006792,False,
4,M4_FULL_LEGAL_LOGISTIC,harm,movement_sign_agreement,0.1140391336441447,0.1140391336441447,False,
4,M4_FULL_LEGAL_LOGISTIC,harm,n_runs,-0.033161680136537086,0.033161680136537086,False,
4,M4_FULL_LEGAL_LOGISTIC,harm,persist_mean_original_agreement_base_geo,-0.012276317679897057,0.012276317679897057,False,
4,M4_FULL_LEGAL_LOGISTIC,harm,persist_mean_original_agreement_full_erase,-0.0949658517738112,0.0949658517738112,False,
4,M4_FULL_LEGAL_LOGISTIC,harm,persist_mean_original_confidence_diff_base_geo,0.07776698510668252,0.07776698510668252,False,
4,M4_FULL_LEGAL_LOGISTIC,harm,persist_mean_original_delta_p_l2,-0.01341909443657814,0.01341909443657814,False,
4,M4_FULL_LEGAL_LOGISTIC,harm,persist_mean_original_entropy_change_full_erase,0.026256776141874993,0.026256776141874993,False,
4,M4_FULL_LEGAL_LOGISTIC,harm,persist_mean_original_entropy_full,0.0367356068841588,0.0367356068841588,False,
4,M4_FULL_LEGAL_LOGISTIC,harm,persist_mean_original_entropy_geo,-0.03999954380130672,0.03999954380130672,False,
4,M4_FULL_LEGAL_LOGISTIC,harm,persist_mean_original_js_base_geo,0.08084483664617509,0.08084483664617509,False,
4,M4_FULL_LEGAL_LOGISTIC,harm,persist_mean_original_js_full_erase,0.07526802973862184,0.07526802973862184,False,
4,M4_FULL_LEGAL_LOGISTIC,harm,persist_mean_original_kl_full_erase,0.0406295882465216,0.0406295882465216,False,
4,M4_FULL_LEGAL_LOGISTIC,harm,persist_mean_original_logit_norm_full,-0.006886063763017928,0.006886063763017928,False,
4,M4_FULL_LEGAL_LOGISTIC,harm,persist_mean_original_margin_change_full_erase,0.08062586466080031,0.08062586466080031,False,
4,M4_FULL_LEGAL_LOGISTIC,harm,persist_mean_original_margin_geo,-0.01808768083508735,0.01808768083508735,False,
4,M4_FULL_LEGAL_LOGISTIC,harm,persist_mean_original_nll_proxy_full,-0.05382397255121309,0.05382397255121309,False,
4,M4_FULL_LEGAL_LOGISTIC,harm,persist_mean_original_p_full_max,0.03149915817142223,0.03149915817142223,False,
4,M4_FULL_LEGAL_LOGISTIC,harm,persist_mean_original_probability_shift_l1,0.025953674347412498,0.025953674347412498,False,
4,M4_FULL_LEGAL_LOGISTIC,harm,persist_mean_original_protected_slot0_contribution_norm,0.012286558755999826,0.012286558755999826,False,
4,M4_FULL_LEGAL_LOGISTIC,harm,persist_mean_original_protected_slot0_geometry_margin,0.05457006736201693,0.05457006736201693,False,
4,M4_FULL_LEGAL_LOGISTIC,harm,persist_mean_original_protected_slot0_present,0.0,0.0,False,
4,M4_FULL_LEGAL_LOGISTIC,harm,persist_mean_original_protected_slot0_projection,0.010839700826073545,0.010839700826073545,False,
4,M4_FULL_LEGAL_LOGISTIC,harm,persist_mean_original_protected_slot0_prototype_distance_difference,-0.0393877181811932,0.0393877181811932,False,
4,M4_FULL_LEGAL_LOGISTIC,harm,persist_mean_original_protected_slot0_signed_midpoint_distance,0.02031711638948452,0.02031711638948452,False,
4,M4_FULL_LEGAL_LOGISTIC,harm,persist_mean_original_protected_slot0_weighted_geometry_score,0.0113733304390853,0.0113733304390853,False,
4,M4_FULL_LEGAL_LOGISTIC,harm,persist_mean_original_protected_slot1_contribution_norm,-0.001934825712166515,0.001934825712166515,False,
4,M4_FULL_LEGAL_LOGISTIC,harm,persist_mean_original_protected_slot1_geometry_margin,-0.019392599076959144,0.019392599076959144,False,
4,M4_FULL_LEGAL_LOGISTIC,harm,persist_mean_original_protected_slot1_present,0.030741253342082754,0.030741253342082754,False,
4,M4_FULL_LEGAL_LOGISTIC,harm,persist_mean_original_protected_slot1_projection,-0.005126962984372433,0.005126962984372433,False,
4,M4_FULL_LEGAL_LOGISTIC,harm,persist_mean_original_protected_slot1_prototype_distance_difference,-0.015163674119261101,0.015163674119261101,False,
4,M4_FULL_LEGAL_LOGISTIC,harm,persist_mean_original_protected_slot1_signed_midpoint_distance,-0.011118674262365607,0.011118674262365607,False,
4,M4_FULL_LEGAL_LOGISTIC,harm,persist_mean_original_protected_slot1_weighted_geometry_score,-0.05161784084868293,0.05161784084868293,False,
4,M4_FULL_LEGAL_LOGISTIC,harm,persist_mean_original_top2_margin_full,0.03149917465084396,0.03149917465084396,False,
4,M4_FULL_LEGAL_LOGISTIC,harm,persist_std_original_agreement_base_geo,0.005254142526803751,0.005254142526803751,False,
4,M4_FULL_LEGAL_LOGISTIC,harm,persist_std_original_agreement_full_erase,0.022419637322654028,0.022419637322654028,False,
4,M4_FULL_LEGAL_LOGISTIC,harm,persist_std_original_confidence_diff_base_geo,-0.04344586234431013,0.04344586234431013,False,
4,M4_FULL_LEGAL_LOGISTIC,harm,persist_std_original_delta_p_l2,0.006113768914068183,0.006113768914068183,False,
4,M4_FULL_LEGAL_LOGISTIC,harm,persist_std_original_entropy_change_full_erase,0.029548654503528695,0.029548654503528695,False,
4,M4_FULL_LEGAL_LOGISTIC,harm,persist_std_original_entropy_full,0.03627079298898098,0.03627079298898098,False,
4,M4_FULL_LEGAL_LOGISTIC,harm,persist_std_original_entropy_geo,-0.04844128371461719,0.04844128371461719,False,
4,M4_FULL_LEGAL_LOGISTIC,harm,persist_std_original_js_base_geo,-0.00010770941006368,0.00010770941006368,False,
4,M4_FULL_LEGAL_LOGISTIC,harm,persist_std_original_js_full_erase,0.036421622399828706,0.036421622399828706,False,
4,M4_FULL_LEGAL_LOGISTIC,harm,persist_std_original_kl_full_erase,0.019552611820120306,0.019552611820120306,False,
4,M4_FULL_LEGAL_LOGISTIC,harm,persist_std_original_logit_norm_full,0.08187894434361856,0.08187894434361856,False,
4,M4_FULL_LEGAL_LOGISTIC,harm,persist_std_original_margin_change_full_erase,0.0006362156816021575,0.0006362156816021575,False,
4,M4_FULL_LEGAL_LOGISTIC,harm,persist_std_original_margin_geo,-0.004144181395598369,0.004144181395598369,False,
4,M4_FULL_LEGAL_LOGISTIC,harm,persist_std_original_nll_proxy_full,0.027983771461373805,0.027983771461373805,False,
4,M4_FULL_LEGAL_LOGISTIC,harm,persist_std_original_p_full_max,0.04547621935390621,0.04547621935390621,False,
4,M4_FULL_LEGAL_LOGISTIC,harm,persist_std_original_probability_shift_l1,0.0069380132172222305,0.0069380132172222305,False,
4,M4_FULL_LEGAL_LOGISTIC,harm,persist_std_original_protected_slot0_contribution_norm,0.008904905379412761,0.008904905379412761,False,
4,M4_FULL_LEGAL_LOGISTIC,harm,persist_std_original_protected_slot0_geometry_margin,0.02868338111850999,0.02868338111850999,False,
4,M4_FULL_LEGAL_LOGISTIC,harm,persist_std_original_protected_slot0_present,0.0,0.0,False,
4,M4_FULL_LEGAL_LOGISTIC,harm,persist_std_original_protected_slot0_projection,-0.04352058846330186,0.04352058846330186,False,
4,M4_FULL_LEGAL_LOGISTIC,harm,persist_std_original_protected_slot0_prototype_distance_difference,0.0006242637203076631,0.0006242637203076631,False,
4,M4_FULL_LEGAL_LOGISTIC,harm,persist_std_original_protected_slot0_signed_midpoint_distance,-0.039168141138112664,0.039168141138112664,False,
4,M4_FULL_LEGAL_LOGISTIC,harm,persist_std_original_protected_slot0_weighted_geometry_score,0.034096470251109005,0.034096470251109005,False,
4,M4_FULL_LEGAL_LOGISTIC,harm,persist_std_original_protected_slot1_contribution_norm,-0.009218403790097984,0.009218403790097984,False,
4,M4_FULL_LEGAL_LOGISTIC,harm,persist_std_original_protected_slot1_geometry_margin,-0.0028501513330332763,0.0028501513330332763,False,
4,M4_FULL_LEGAL_LOGISTIC,harm,persist_std_original_protected_slot1_present,0.040287678557017564,0.040287678557017564,False,
4,M4_FULL_LEGAL_LOGISTIC,harm,persist_std_original_protected_slot1_projection,0.00034934318137156903,0.00034934318137156903,False,
4,M4_FULL_LEGAL_LOGISTIC,harm,persist_std_original_protected_slot1_prototype_distance_difference,-0.034340694731322695,0.034340694731322695,False,
4,M4_FULL_LEGAL_LOGISTIC,harm,persist_std_original_protected_slot1_signed_midpoint_distance,0.017812540223060756,0.017812540223060756,False,
4,M4_FULL_LEGAL_LOGISTIC,harm,persist_std_original_protected_slot1_weighted_geometry_score,0.02226081829735986,0.02226081829735986,False,
4,M4_FULL_LEGAL_LOGISTIC,harm,persist_std_original_top2_margin_full,0.04547618678888788,0.04547618678888788,False,
4,M4_FULL_LEGAL_LOGISTIC,harm,protected_safe,-0.03196315114966994,0.03196315114966994,False,
4,I006_CONDITIONAL_ACTION_LOGISTIC,conditional_rescue,action_abs_margin,-0.0236781830500493,0.0236781830500493,False,AMPLIFY
4,I006_CONDITIONAL_ACTION_LOGISTIC,conditional_rescue,action_entropy,-0.00015852673535149138,0.00015852673535149138,False,AMPLIFY
4,I006_CONDITIONAL_ACTION_LOGISTIC,conditional_rescue,action_majority_strength,0.030348556852251192,0.030348556852251192,False,AMPLIFY
4,I006_CONDITIONAL_ACTION_LOGISTIC,conditional_rescue,action_margin_movement,0.02710532796494773,0.02710532796494773,False,AMPLIFY
4,I006_CONDITIONAL_ACTION_LOGISTIC,conditional_rescue,action_margin_range,-0.002952502126693157,0.002952502126693157,False,AMPLIFY
4,I006_CONDITIONAL_ACTION_LOGISTIC,conditional_rescue,action_max_margin,0.018605786809227073,0.018605786809227073,False,AMPLIFY
4,I006_CONDITIONAL_ACTION_LOGISTIC,conditional_rescue,action_min_margin,0.020949281433380103,0.020949281433380103,False,AMPLIFY
4,I006_CONDITIONAL_ACTION_LOGISTIC,conditional_rescue,action_probability_movement,0.027552756486176885,0.027552756486176885,False,AMPLIFY
4,I006_CONDITIONAL_ACTION_LOGISTIC,conditional_rescue,action_run_margin_std,0.0030729179600435847,0.0030729179600435847,False,AMPLIFY
4,I006_CONDITIONAL_ACTION_LOGISTIC,conditional_rescue,action_run_probability_std,0.003266495558918949,0.003266495558918949,False,AMPLIFY
4,I006_CONDITIONAL_ACTION_LOGISTIC,conditional_rescue,action_vote_entropy,0.004640618765900836,0.004640618765900836,False,AMPLIFY
4,I006_CONDITIONAL_ACTION_LOGISTIC,conditional_rescue,action_vote_fraction_class1,-0.007682695829011046,0.007682695829011046,False,AMPLIFY
4,I006_CONDITIONAL_ACTION_LOGISTIC,conditional_rescue,b6_margin,-0.024108206302778098,0.024108206302778098,False,AMPLIFY
4,I006_CONDITIONAL_ACTION_LOGISTIC,conditional_rescue,b6_probability,-0.023975812042922477,0.023975812042922477,False,AMPLIFY
4,I006_CONDITIONAL_ACTION_LOGISTIC,conditional_rescue,base_abs_margin,0.01717969344152404,0.01717969344152404,False,AMPLIFY
4,I006_CONDITIONAL_ACTION_LOGISTIC,conditional_rescue,base_disagreeing_run_count,-0.05863033269372796,0.05863033269372796,False,AMPLIFY
4,I006_CONDITIONAL_ACTION_LOGISTIC,conditional_rescue,base_entropy,-0.04743771651106729,0.04743771651106729,False,AMPLIFY
4,I006_CONDITIONAL_ACTION_LOGISTIC,conditional_rescue,base_majority_strength,0.004657945656390287,0.004657945656390287,False,AMPLIFY
4,I006_CONDITIONAL_ACTION_LOGISTIC,conditional_rescue,base_margin_range,-0.006866714430860213,0.006866714430860213,False,AMPLIFY
4,I006_CONDITIONAL_ACTION_LOGISTIC,conditional_rescue,base_max_margin,-0.006426652917026359,0.006426652917026359,False,AMPLIFY
4,I006_CONDITIONAL_ACTION_LOGISTIC,conditional_rescue,base_max_probability,0.0026889206185369513,0.0026889206185369513,False,AMPLIFY
4,I006_CONDITIONAL_ACTION_LOGISTIC,conditional_rescue,base_min_margin,0.004772395430642573,0.004772395430642573,False,AMPLIFY
4,I006_CONDITIONAL_ACTION_LOGISTIC,conditional_rescue,base_min_probability,-0.010594979074584374,0.010594979074584374,False,AMPLIFY
4,I006_CONDITIONAL_ACTION_LOGISTIC,conditional_rescue,base_run_margin_std,0.008607653374531444,0.008607653374531444,False,AMPLIFY
4,I006_CONDITIONAL_ACTION_LOGISTIC,conditional_rescue,base_run_probability_std,0.01928330070484231,0.01928330070484231,False,AMPLIFY
4,I006_CONDITIONAL_ACTION_LOGISTIC,conditional_rescue,base_vote_entropy,0.025085994962474642,0.025085994962474642,False,AMPLIFY
4,I006_CONDITIONAL_ACTION_LOGISTIC,conditional_rescue,base_vote_fraction_class1,-0.048519783373656776,0.048519783373656776,False,AMPLIFY
4,I006_CONDITIONAL_ACTION_LOGISTIC,conditional_rescue,movement_run_max,0.03057242515836248,0.03057242515836248,False,AMPLIFY
4,I006_CONDITIONAL_ACTION_LOGISTIC,conditional_rescue,movement_run_min,0.042350113442323555,0.042350113442323555,False,AMPLIFY
4,I006_CONDITIONAL_ACTION_LOGISTIC,conditional_rescue,movement_run_std,-0.004257498980963015,0.004257498980963015,False,AMPLIFY
4,I006_CONDITIONAL_ACTION_LOGISTIC,conditional_rescue,movement_sign_agreement,0.04143416241850119,0.04143416241850119,False,AMPLIFY
4,I006_CONDITIONAL_ACTION_LOGISTIC,conditional_rescue,n_runs,-0.012430355460320078,0.012430355460320078,False,AMPLIFY
4,I006_CONDITIONAL_ACTION_LOGISTIC,conditional_rescue,persist_mean_original_agreement_base_geo,-0.011681473972963805,0.011681473972963805,False,AMPLIFY
4,I006_CONDITIONAL_ACTION_LOGISTIC,conditional_rescue,persist_mean_original_agreement_full_erase,0.06724047805153624,0.06724047805153624,False,AMPLIFY
4,I006_CONDITIONAL_ACTION_LOGISTIC,conditional_rescue,persist_mean_original_confidence_diff_base_geo,-0.01964191449863522,0.01964191449863522,False,AMPLIFY
4,I006_CONDITIONAL_ACTION_LOGISTIC,conditional_rescue,persist_mean_original_delta_p_l2,0.011960218157701097,0.011960218157701097,False,AMPLIFY
4,I006_CONDITIONAL_ACTION_LOGISTIC,conditional_rescue,persist_mean_original_entropy_change_full_erase,-0.014127634574939736,0.014127634574939736,False,AMPLIFY
4,I006_CONDITIONAL_ACTION_LOGISTIC,conditional_rescue,persist_mean_original_entropy_full,-0.0009872853370699911,0.0009872853370699911,False,AMPLIFY
4,I006_CONDITIONAL_ACTION_LOGISTIC,conditional_rescue,persist_mean_original_entropy_geo,-0.01915440408641562,0.01915440408641562,False,AMPLIFY
4,I006_CONDITIONAL_ACTION_LOGISTIC,conditional_rescue,persist_mean_original_js_base_geo,-0.03531695974726334,0.03531695974726334,False,AMPLIFY
4,I006_CONDITIONAL_ACTION_LOGISTIC,conditional_rescue,persist_mean_original_js_full_erase,0.03143470184031506,0.03143470184031506,False,AMPLIFY
4,I006_CONDITIONAL_ACTION_LOGISTIC,conditional_rescue,persist_mean_original_kl_full_erase,0.01650072379277828,0.01650072379277828,False,AMPLIFY
4,I006_CONDITIONAL_ACTION_LOGISTIC,conditional_rescue,persist_mean_original_logit_norm_full,0.029291120107417426,0.029291120107417426,False,AMPLIFY
4,I006_CONDITIONAL_ACTION_LOGISTIC,conditional_rescue,persist_mean_original_margin_change_full_erase,0.0031266944307271993,0.0031266944307271993,False,AMPLIFY
4,I006_CONDITIONAL_ACTION_LOGISTIC,conditional_rescue,persist_mean_original_margin_geo,0.04408766708367884,0.04408766708367884,False,AMPLIFY
4,I006_CONDITIONAL_ACTION_LOGISTIC,conditional_rescue,persist_mean_original_nll_proxy_full,-0.03204522770357506,0.03204522770357506,False,AMPLIFY
4,I006_CONDITIONAL_ACTION_LOGISTIC,conditional_rescue,persist_mean_original_p_full_max,0.026408442485995737,0.026408442485995737,False,AMPLIFY
4,I006_CONDITIONAL_ACTION_LOGISTIC,conditional_rescue,persist_mean_original_probability_shift_l1,0.05016507346392579,0.05016507346392579,False,AMPLIFY
4,I006_CONDITIONAL_ACTION_LOGISTIC,conditional_rescue,persist_mean_original_protected_slot0_contribution_norm,0.039006477528791335,0.039006477528791335,False,AMPLIFY
4,I006_CONDITIONAL_ACTION_LOGISTIC,conditional_rescue,persist_mean_original_protected_slot0_geometry_margin,-0.029093114754596035,0.029093114754596035,False,AMPLIFY
4,I006_CONDITIONAL_ACTION_LOGISTIC,conditional_rescue,persist_mean_original_protected_slot0_present,0.0,0.0,False,AMPLIFY
4,I006_CONDITIONAL_ACTION_LOGISTIC,conditional_rescue,persist_mean_original_protected_slot0_projection,-0.018285570000358152,0.018285570000358152,False,AMPLIFY
4,I006_CONDITIONAL_ACTION_LOGISTIC,conditional_rescue,persist_mean_original_protected_slot0_prototype_distance_difference,0.01877553319970539,0.01877553319970539,False,AMPLIFY
4,I006_CONDITIONAL_ACTION_LOGISTIC,conditional_rescue,persist_mean_original_protected_slot0_signed_midpoint_distance,-0.01546924563691314,0.01546924563691314,False,AMPLIFY
4,I006_CONDITIONAL_ACTION_LOGISTIC,conditional_rescue,persist_mean_original_protected_slot0_weighted_geometry_score,-0.025076866546031914,0.025076866546031914,False,AMPLIFY
4,I006_CONDITIONAL_ACTION_LOGISTIC,conditional_rescue,persist_mean_original_protected_slot1_contribution_norm,0.016277463752912037,0.016277463752912037,False,AMPLIFY
4,I006_CONDITIONAL_ACTION_LOGISTIC,conditional_rescue,persist_mean_original_protected_slot1_geometry_margin,0.05245328593970392,0.05245328593970392,False,AMPLIFY
4,I006_CONDITIONAL_ACTION_LOGISTIC,conditional_rescue,persist_mean_original_protected_slot1_present,-0.027433142782938052,0.027433142782938052,False,AMPLIFY
4,I006_CONDITIONAL_ACTION_LOGISTIC,conditional_rescue,persist_mean_original_protected_slot1_projection,-0.0018758740316808136,0.0018758740316808136,False,AMPLIFY
4,I006_CONDITIONAL_ACTION_LOGISTIC,conditional_rescue,persist_mean_original_protected_slot1_prototype_distance_difference,-0.0017372731226311913,0.0017372731226311913,False,AMPLIFY
4,I006_CONDITIONAL_ACTION_LOGISTIC,conditional_rescue,persist_mean_original_protected_slot1_signed_midpoint_distance,-0.003572937975499532,0.003572937975499532,False,AMPLIFY
4,I006_CONDITIONAL_ACTION_LOGISTIC,conditional_rescue,persist_mean_original_protected_slot1_weighted_geometry_score,-0.011798053092351308,0.011798053092351308,False,AMPLIFY
4,I006_CONDITIONAL_ACTION_LOGISTIC,conditional_rescue,persist_mean_original_top2_margin_full,0.026408441756843374,0.026408441756843374,False,AMPLIFY
4,I006_CONDITIONAL_ACTION_LOGISTIC,conditional_rescue,persist_std_original_agreement_base_geo,0.013088773365807209,0.013088773365807209,False,AMPLIFY
4,I006_CONDITIONAL_ACTION_LOGISTIC,conditional_rescue,persist_std_original_agreement_full_erase,-0.061158347614875284,0.061158347614875284,False,AMPLIFY
4,I006_CONDITIONAL_ACTION_LOGISTIC,conditional_rescue,persist_std_original_confidence_diff_base_geo,-0.003571696046916676,0.003571696046916676,False,AMPLIFY
4,I006_CONDITIONAL_ACTION_LOGISTIC,conditional_rescue,persist_std_original_delta_p_l2,-0.036127141478501705,0.036127141478501705,False,AMPLIFY
4,I006_CONDITIONAL_ACTION_LOGISTIC,conditional_rescue,persist_std_original_entropy_change_full_erase,-0.06307113569072019,0.06307113569072019,False,AMPLIFY
4,I006_CONDITIONAL_ACTION_LOGISTIC,conditional_rescue,persist_std_original_entropy_full,-0.01924949973344613,0.01924949973344613,False,AMPLIFY
4,I006_CONDITIONAL_ACTION_LOGISTIC,conditional_rescue,persist_std_original_entropy_geo,-0.014531650151213039,0.014531650151213039,False,AMPLIFY
4,I006_CONDITIONAL_ACTION_LOGISTIC,conditional_rescue,persist_std_original_js_base_geo,-0.08508032876173176,0.08508032876173176,False,AMPLIFY
4,I006_CONDITIONAL_ACTION_LOGISTIC,conditional_rescue,persist_std_original_js_full_erase,-0.008978465864450754,0.008978465864450754,False,AMPLIFY
4,I006_CONDITIONAL_ACTION_LOGISTIC,conditional_rescue,persist_std_original_kl_full_erase,-0.018035446098936293,0.018035446098936293,False,AMPLIFY
4,I006_CONDITIONAL_ACTION_LOGISTIC,conditional_rescue,persist_std_original_logit_norm_full,-0.08812295720071214,0.08812295720071214,False,AMPLIFY
4,I006_CONDITIONAL_ACTION_LOGISTIC,conditional_rescue,persist_std_original_margin_change_full_erase,-0.05463389268175537,0.05463389268175537,False,AMPLIFY
4,I006_CONDITIONAL_ACTION_LOGISTIC,conditional_rescue,persist_std_original_margin_geo,0.0066571974170511975,0.0066571974170511975,False,AMPLIFY
4,I006_CONDITIONAL_ACTION_LOGISTIC,conditional_rescue,persist_std_original_nll_proxy_full,0.005238168736238078,0.005238168736238078,False,AMPLIFY
4,I006_CONDITIONAL_ACTION_LOGISTIC,conditional_rescue,persist_std_original_p_full_max,0.0005978653705326953,0.0005978653705326953,False,AMPLIFY
4,I006_CONDITIONAL_ACTION_LOGISTIC,conditional_rescue,persist_std_original_probability_shift_l1,0.01048046117145141,0.01048046117145141,False,AMPLIFY
4,I006_CONDITIONAL_ACTION_LOGISTIC,conditional_rescue,persist_std_original_protected_slot0_contribution_norm,0.030007686265446903,0.030007686265446903,False,AMPLIFY
4,I006_CONDITIONAL_ACTION_LOGISTIC,conditional_rescue,persist_std_original_protected_slot0_geometry_margin,-0.0897208002412179,0.0897208002412179,False,AMPLIFY
4,I006_CONDITIONAL_ACTION_LOGISTIC,conditional_rescue,persist_std_original_protected_slot0_present,0.0,0.0,False,AMPLIFY
4,I006_CONDITIONAL_ACTION_LOGISTIC,conditional_rescue,persist_std_original_protected_slot0_projection,0.04152502494014335,0.04152502494014335,False,AMPLIFY
4,I006_CONDITIONAL_ACTION_LOGISTIC,conditional_rescue,persist_std_original_protected_slot0_prototype_distance_difference,0.015240763863848098,0.015240763863848098,False,AMPLIFY
4,I006_CONDITIONAL_ACTION_LOGISTIC,conditional_rescue,persist_std_original_protected_slot0_signed_midpoint_distance,0.054897355333744444,0.054897355333744444,False,AMPLIFY
4,I006_CONDITIONAL_ACTION_LOGISTIC,conditional_rescue,persist_std_original_protected_slot0_weighted_geometry_score,-0.015811181780687515,0.015811181780687515,False,AMPLIFY
4,I006_CONDITIONAL_ACTION_LOGISTIC,conditional_rescue,persist_std_original_protected_slot1_contribution_norm,-0.02277294844472929,0.02277294844472929,False,AMPLIFY
4,I006_CONDITIONAL_ACTION_LOGISTIC,conditional_rescue,persist_std_original_protected_slot1_geometry_margin,0.002503276391144556,0.002503276391144556,False,AMPLIFY
4,I006_CONDITIONAL_ACTION_LOGISTIC,conditional_rescue,persist_std_original_protected_slot1_present,0.013153511989393702,0.013153511989393702,False,AMPLIFY
4,I006_CONDITIONAL_ACTION_LOGISTIC,conditional_rescue,persist_std_original_protected_slot1_projection,-0.008251236500160743,0.008251236500160743,False,AMPLIFY
4,I006_CONDITIONAL_ACTION_LOGISTIC,conditional_rescue,persist_std_original_protected_slot1_prototype_distance_difference,0.019493077867543434,0.019493077867543434,False,AMPLIFY
4,I006_CONDITIONAL_ACTION_LOGISTIC,conditional_rescue,persist_std_original_protected_slot1_signed_midpoint_distance,-0.014409591046307357,0.014409591046307357,False,AMPLIFY
4,I006_CONDITIONAL_ACTION_LOGISTIC,conditional_rescue,persist_std_original_protected_slot1_weighted_geometry_score,-0.03709639941053305,0.03709639941053305,False,AMPLIFY
4,I006_CONDITIONAL_ACTION_LOGISTIC,conditional_rescue,persist_std_original_top2_margin_full,0.0005978728907118375,0.0005978728907118375,False,AMPLIFY
4,I006_CONDITIONAL_ACTION_LOGISTIC,conditional_rescue,action_abs_margin,0.010748270603904425,0.010748270603904425,False,GEOMETRY
4,I006_CONDITIONAL_ACTION_LOGISTIC,conditional_rescue,action_entropy,-0.058571709125430305,0.058571709125430305,False,GEOMETRY
4,I006_CONDITIONAL_ACTION_LOGISTIC,conditional_rescue,action_majority_strength,-0.02773960213427831,0.02773960213427831,False,GEOMETRY
4,I006_CONDITIONAL_ACTION_LOGISTIC,conditional_rescue,action_margin_movement,0.0218611381293751,0.0218611381293751,False,GEOMETRY
4,I006_CONDITIONAL_ACTION_LOGISTIC,conditional_rescue,action_margin_range,0.019563691942568746,0.019563691942568746,False,GEOMETRY
4,I006_CONDITIONAL_ACTION_LOGISTIC,conditional_rescue,action_max_margin,0.039416268399792835,0.039416268399792835,False,GEOMETRY
4,I006_CONDITIONAL_ACTION_LOGISTIC,conditional_rescue,action_min_margin,0.006405377754128053,0.006405377754128053,False,GEOMETRY
4,I006_CONDITIONAL_ACTION_LOGISTIC,conditional_rescue,action_probability_movement,0.023046352451565295,0.023046352451565295,False,GEOMETRY
4,I006_CONDITIONAL_ACTION_LOGISTIC,conditional_rescue,action_run_margin_std,0.026411290913458955,0.026411290913458955,False,GEOMETRY
4,I006_CONDITIONAL_ACTION_LOGISTIC,conditional_rescue,action_run_probability_std,0.03878936592840053,0.03878936592840053,False,GEOMETRY
4,I006_CONDITIONAL_ACTION_LOGISTIC,conditional_rescue,action_vote_entropy,0.06737462690117811,0.06737462690117811,False,GEOMETRY
4,I006_CONDITIONAL_ACTION_LOGISTIC,conditional_rescue,action_vote_fraction_class1,-0.004186318537693486,0.004186318537693486,False,GEOMETRY
4,I006_CONDITIONAL_ACTION_LOGISTIC,conditional_rescue,b6_margin,-0.007943304660540548,0.007943304660540548,False,GEOMETRY
4,I006_CONDITIONAL_ACTION_LOGISTIC,conditional_rescue,b6_probability,0.00034767583349881183,0.00034767583349881183,False,GEOMETRY
4,I006_CONDITIONAL_ACTION_LOGISTIC,conditional_rescue,base_abs_margin,-0.06830698674707185,0.06830698674707185,False,GEOMETRY
4,I006_CONDITIONAL_ACTION_LOGISTIC,conditional_rescue,base_disagreeing_run_count,-0.0663719225703379,0.0663719225703379,False,GEOMETRY
4,I006_CONDITIONAL_ACTION_LOGISTIC,conditional_rescue,base_entropy,0.07358565875039673,0.07358565875039673,False,GEOMETRY
4,I006_CONDITIONAL_ACTION_LOGISTIC,conditional_rescue,base_majority_strength,-0.039620501976349747,0.039620501976349747,False,GEOMETRY
4,I006_CONDITIONAL_ACTION_LOGISTIC,conditional_rescue,base_margin_range,0.016358018488975057,0.016358018488975057,False,GEOMETRY
4,I006_CONDITIONAL_ACTION_LOGISTIC,conditional_rescue,base_max_margin,-0.012209425213948242,0.012209425213948242,False,GEOMETRY
4,I006_CONDITIONAL_ACTION_LOGISTIC,conditional_rescue,base_max_probability,0.008249359855961933,0.008249359855961933,False,GEOMETRY
4,I006_CONDITIONAL_ACTION_LOGISTIC,conditional_rescue,base_min_margin,-0.030652650554105813,0.030652650554105813,False,GEOMETRY
4,I006_CONDITIONAL_ACTION_LOGISTIC,conditional_rescue,base_min_probability,-0.04328863433028444,0.04328863433028444,False,GEOMETRY
4,I006_CONDITIONAL_ACTION_LOGISTIC,conditional_rescue,base_run_margin_std,0.041579663273841314,0.041579663273841314,False,GEOMETRY
4,I006_CONDITIONAL_ACTION_LOGISTIC,conditional_rescue,base_run_probability_std,0.06459333649677754,0.06459333649677754,False,GEOMETRY
4,I006_CONDITIONAL_ACTION_LOGISTIC,conditional_rescue,base_vote_entropy,0.07626938057004938,0.07626938057004938,False,GEOMETRY
4,I006_CONDITIONAL_ACTION_LOGISTIC,conditional_rescue,base_vote_fraction_class1,-0.028481267578700294,0.028481267578700294,False,GEOMETRY
4,I006_CONDITIONAL_ACTION_LOGISTIC,conditional_rescue,movement_run_max,-0.017891528348537807,0.017891528348537807,False,GEOMETRY
4,I006_CONDITIONAL_ACTION_LOGISTIC,conditional_rescue,movement_run_min,0.02116155168060381,0.02116155168060381,False,GEOMETRY
4,I006_CONDITIONAL_ACTION_LOGISTIC,conditional_rescue,movement_run_std,-0.07160095123719902,0.07160095123719902,False,GEOMETRY
4,I006_CONDITIONAL_ACTION_LOGISTIC,conditional_rescue,movement_sign_agreement,-0.03751285368584453,0.03751285368584453,False,GEOMETRY
4,I006_CONDITIONAL_ACTION_LOGISTIC,conditional_rescue,n_runs,0.0015402916450200387,0.0015402916450200387,False,GEOMETRY
4,I006_CONDITIONAL_ACTION_LOGISTIC,conditional_rescue,persist_mean_original_agreement_base_geo,-0.05985545195021847,0.05985545195021847,False,GEOMETRY
4,I006_CONDITIONAL_ACTION_LOGISTIC,conditional_rescue,persist_mean_original_agreement_full_erase,0.06201488446845035,0.06201488446845035,False,GEOMETRY
4,I006_CONDITIONAL_ACTION_LOGISTIC,conditional_rescue,persist_mean_original_confidence_diff_base_geo,-0.07308473544276972,0.07308473544276972,False,GEOMETRY
4,I006_CONDITIONAL_ACTION_LOGISTIC,conditional_rescue,persist_mean_original_delta_p_l2,0.00891684070621244,0.00891684070621244,False,GEOMETRY
4,I006_CONDITIONAL_ACTION_LOGISTIC,conditional_rescue,persist_mean_original_entropy_change_full_erase,-0.02913161958670549,0.02913161958670549,False,GEOMETRY
4,I006_CONDITIONAL_ACTION_LOGISTIC,conditional_rescue,persist_mean_original_entropy_full,0.05744987336200146,0.05744987336200146,False,GEOMETRY
4,I006_CONDITIONAL_ACTION_LOGISTIC,conditional_rescue,persist_mean_original_entropy_geo,-0.011857471721169214,0.011857471721169214,False,GEOMETRY
4,I006_CONDITIONAL_ACTION_LOGISTIC,conditional_rescue,persist_mean_original_js_base_geo,-0.0927739745368351,0.0927739745368351,False,GEOMETRY
4,I006_CONDITIONAL_ACTION_LOGISTIC,conditional_rescue,persist_mean_original_js_full_erase,0.026878766404134384,0.026878766404134384,False,GEOMETRY
4,I006_CONDITIONAL_ACTION_LOGISTIC,conditional_rescue,persist_mean_original_kl_full_erase,-0.0004436711836499713,0.0004436711836499713,False,GEOMETRY
4,I006_CONDITIONAL_ACTION_LOGISTIC,conditional_rescue,persist_mean_original_logit_norm_full,-0.01101654165261183,0.01101654165261183,False,GEOMETRY
4,I006_CONDITIONAL_ACTION_LOGISTIC,conditional_rescue,persist_mean_original_margin_change_full_erase,0.006111065092232951,0.006111065092232951,False,GEOMETRY
4,I006_CONDITIONAL_ACTION_LOGISTIC,conditional_rescue,persist_mean_original_margin_geo,0.05712333231753341,0.05712333231753341,False,GEOMETRY
4,I006_CONDITIONAL_ACTION_LOGISTIC,conditional_rescue,persist_mean_original_nll_proxy_full,0.029613089293840995,0.029613089293840995,False,GEOMETRY
4,I006_CONDITIONAL_ACTION_LOGISTIC,conditional_rescue,persist_mean_original_p_full_max,-0.036956756370826606,0.036956756370826606,False,GEOMETRY
4,I006_CONDITIONAL_ACTION_LOGISTIC,conditional_rescue,persist_mean_original_probability_shift_l1,0.06438541021822636,0.06438541021822636,False,GEOMETRY
4,I006_CONDITIONAL_ACTION_LOGISTIC,conditional_rescue,persist_mean_original_protected_slot0_contribution_norm,0.03376492958886007,0.03376492958886007,False,GEOMETRY
4,I006_CONDITIONAL_ACTION_LOGISTIC,conditional_rescue,persist_mean_original_protected_slot0_geometry_margin,-0.06256997381773478,0.06256997381773478,False,GEOMETRY
4,I006_CONDITIONAL_ACTION_LOGISTIC,conditional_rescue,persist_mean_original_protected_slot0_present,0.0,0.0,False,GEOMETRY
4,I006_CONDITIONAL_ACTION_LOGISTIC,conditional_rescue,persist_mean_original_protected_slot0_projection,-0.029289491208648374,0.029289491208648374,False,GEOMETRY
4,I006_CONDITIONAL_ACTION_LOGISTIC,conditional_rescue,persist_mean_original_protected_slot0_prototype_distance_difference,0.04262680319094714,0.04262680319094714,False,GEOMETRY
4,I006_CONDITIONAL_ACTION_LOGISTIC,conditional_rescue,persist_mean_original_protected_slot0_signed_midpoint_distance,-0.030056935758232116,0.030056935758232116,False,GEOMETRY
4,I006_CONDITIONAL_ACTION_LOGISTIC,conditional_rescue,persist_mean_original_protected_slot0_weighted_geometry_score,-0.028763809884634003,0.028763809884634003,False,GEOMETRY
4,I006_CONDITIONAL_ACTION_LOGISTIC,conditional_rescue,persist_mean_original_protected_slot1_contribution_norm,0.059942427771686076,0.059942427771686076,False,GEOMETRY
4,I006_CONDITIONAL_ACTION_LOGISTIC,conditional_rescue,persist_mean_original_protected_slot1_geometry_margin,0.0949822784449774,0.0949822784449774,False,GEOMETRY
4,I006_CONDITIONAL_ACTION_LOGISTIC,conditional_rescue,persist_mean_original_protected_slot1_present,-0.024865587901745347,0.024865587901745347,False,GEOMETRY
4,I006_CONDITIONAL_ACTION_LOGISTIC,conditional_rescue,persist_mean_original_protected_slot1_projection,-0.00023171356642169778,0.00023171356642169778,False,GEOMETRY
4,I006_CONDITIONAL_ACTION_LOGISTIC,conditional_rescue,persist_mean_original_protected_slot1_prototype_distance_difference,0.0419401502787312,0.0419401502787312,False,GEOMETRY
4,I006_CONDITIONAL_ACTION_LOGISTIC,conditional_rescue,persist_mean_original_protected_slot1_signed_midpoint_distance,0.0011030007834171753,0.0011030007834171753,False,GEOMETRY
4,I006_CONDITIONAL_ACTION_LOGISTIC,conditional_rescue,persist_mean_original_protected_slot1_weighted_geometry_score,0.013328250969785727,0.013328250969785727,False,GEOMETRY
4,I006_CONDITIONAL_ACTION_LOGISTIC,conditional_rescue,persist_mean_original_top2_margin_full,-0.03695676971886675,0.03695676971886675,False,GEOMETRY
4,I006_CONDITIONAL_ACTION_LOGISTIC,conditional_rescue,persist_std_original_agreement_base_geo,0.0012830051302710453,0.0012830051302710453,False,GEOMETRY
4,I006_CONDITIONAL_ACTION_LOGISTIC,conditional_rescue,persist_std_original_agreement_full_erase,-0.02723272785541055,0.02723272785541055,False,GEOMETRY
4,I006_CONDITIONAL_ACTION_LOGISTIC,conditional_rescue,persist_std_original_confidence_diff_base_geo,2.85132237050867e-05,2.85132237050867e-05,False,GEOMETRY
4,I006_CONDITIONAL_ACTION_LOGISTIC,conditional_rescue,persist_std_original_delta_p_l2,-0.03738924676766918,0.03738924676766918,False,GEOMETRY
4,I006_CONDITIONAL_ACTION_LOGISTIC,conditional_rescue,persist_std_original_entropy_change_full_erase,-0.026793619039068607,0.026793619039068607,False,GEOMETRY
4,I006_CONDITIONAL_ACTION_LOGISTIC,conditional_rescue,persist_std_original_entropy_full,-0.03446834868097712,0.03446834868097712,False,GEOMETRY
4,I006_CONDITIONAL_ACTION_LOGISTIC,conditional_rescue,persist_std_original_entropy_geo,0.012391262503662376,0.012391262503662376,False,GEOMETRY
4,I006_CONDITIONAL_ACTION_LOGISTIC,conditional_rescue,persist_std_original_js_base_geo,-0.07142234009582289,0.07142234009582289,False,GEOMETRY
4,I006_CONDITIONAL_ACTION_LOGISTIC,conditional_rescue,persist_std_original_js_full_erase,-0.018357025723527765,0.018357025723527765,False,GEOMETRY
4,I006_CONDITIONAL_ACTION_LOGISTIC,conditional_rescue,persist_std_original_kl_full_erase,-0.024914356442209334,0.024914356442209334,False,GEOMETRY
4,I006_CONDITIONAL_ACTION_LOGISTIC,conditional_rescue,persist_std_original_logit_norm_full,-0.10702581250908516,0.10702581250908516,False,GEOMETRY
4,I006_CONDITIONAL_ACTION_LOGISTIC,conditional_rescue,persist_std_original_margin_change_full_erase,-0.008037065521187109,0.008037065521187109,False,GEOMETRY
4,I006_CONDITIONAL_ACTION_LOGISTIC,conditional_rescue,persist_std_original_margin_geo,-0.01928487278158952,0.01928487278158952,False,GEOMETRY
4,I006_CONDITIONAL_ACTION_LOGISTIC,conditional_rescue,persist_std_original_nll_proxy_full,0.0001830645095220136,0.0001830645095220136,False,GEOMETRY
4,I006_CONDITIONAL_ACTION_LOGISTIC,conditional_rescue,persist_std_original_p_full_max,-0.008820937491016378,0.008820937491016378,False,GEOMETRY
4,I006_CONDITIONAL_ACTION_LOGISTIC,conditional_rescue,persist_std_original_probability_shift_l1,0.026577437510965272,0.026577437510965272,False,GEOMETRY
4,I006_CONDITIONAL_ACTION_LOGISTIC,conditional_rescue,persist_std_original_protected_slot0_contribution_norm,-0.02185996830500527,0.02185996830500527,False,GEOMETRY
4,I006_CONDITIONAL_ACTION_LOGISTIC,conditional_rescue,persist_std_original_protected_slot0_geometry_margin,-0.047170308452977504,0.047170308452977504,False,GEOMETRY
4,I006_CONDITIONAL_ACTION_LOGISTIC,conditional_rescue,persist_std_original_protected_slot0_present,0.0,0.0,False,GEOMETRY
4,I006_CONDITIONAL_ACTION_LOGISTIC,conditional_rescue,persist_std_original_protected_slot0_projection,-0.002168265905652389,0.002168265905652389,False,GEOMETRY
4,I006_CONDITIONAL_ACTION_LOGISTIC,conditional_rescue,persist_std_original_protected_slot0_prototype_distance_difference,0.006281528716282413,0.006281528716282413,False,GEOMETRY
4,I006_CONDITIONAL_ACTION_LOGISTIC,conditional_rescue,persist_std_original_protected_slot0_signed_midpoint_distance,0.018201189900078924,0.018201189900078924,False,GEOMETRY
4,I006_CONDITIONAL_ACTION_LOGISTIC,conditional_rescue,persist_std_original_protected_slot0_weighted_geometry_score,-0.02758894067957783,0.02758894067957783,False,GEOMETRY
4,I006_CONDITIONAL_ACTION_LOGISTIC,conditional_rescue,persist_std_original_protected_slot1_contribution_norm,0.017912090146960328,0.017912090146960328,False,GEOMETRY
4,I006_CONDITIONAL_ACTION_LOGISTIC,conditional_rescue,persist_std_original_protected_slot1_geometry_margin,-0.006611310330807657,0.006611310330807657,False,GEOMETRY
4,I006_CONDITIONAL_ACTION_LOGISTIC,conditional_rescue,persist_std_original_protected_slot1_present,0.004427701056479244,0.004427701056479244,False,GEOMETRY
4,I006_CONDITIONAL_ACTION_LOGISTIC,conditional_rescue,persist_std_original_protected_slot1_projection,-0.011131635704422589,0.011131635704422589,False,GEOMETRY
4,I006_CONDITIONAL_ACTION_LOGISTIC,conditional_rescue,persist_std_original_protected_slot1_prototype_distance_difference,-0.009241593301998743,0.009241593301998743,False,GEOMETRY
4,I006_CONDITIONAL_ACTION_LOGISTIC,conditional_rescue,persist_std_original_protected_slot1_signed_midpoint_distance,-0.03257600063216655,0.03257600063216655,False,GEOMETRY
4,I006_CONDITIONAL_ACTION_LOGISTIC,conditional_rescue,persist_std_original_protected_slot1_weighted_geometry_score,-0.09013297245029103,0.09013297245029103,False,GEOMETRY
4,I006_CONDITIONAL_ACTION_LOGISTIC,conditional_rescue,persist_std_original_top2_margin_full,-0.008820931449784804,0.008820931449784804,False,GEOMETRY
4,I006_CONDITIONAL_ACTION_LOGISTIC,conditional_rescue,action_abs_margin,0.058313886139730015,0.058313886139730015,False,ERASE
4,I006_CONDITIONAL_ACTION_LOGISTIC,conditional_rescue,action_entropy,-0.024202142212703795,0.024202142212703795,False,ERASE
4,I006_CONDITIONAL_ACTION_LOGISTIC,conditional_rescue,action_majority_strength,-0.06081717009688762,0.06081717009688762,False,ERASE
4,I006_CONDITIONAL_ACTION_LOGISTIC,conditional_rescue,action_margin_movement,0.004078780698571681,0.004078780698571681,False,ERASE
4,I006_CONDITIONAL_ACTION_LOGISTIC,conditional_rescue,action_margin_range,-0.0115982045107727,0.0115982045107727,False,ERASE
4,I006_CONDITIONAL_ACTION_LOGISTIC,conditional_rescue,action_max_margin,-0.0037688339175453224,0.0037688339175453224,False,ERASE
4,I006_CONDITIONAL_ACTION_LOGISTIC,conditional_rescue,action_min_margin,0.013067761896847543,0.013067761896847543,False,ERASE
4,I006_CONDITIONAL_ACTION_LOGISTIC,conditional_rescue,action_probability_movement,0.0015691942953724712,0.0015691942953724712,False,ERASE
4,I006_CONDITIONAL_ACTION_LOGISTIC,conditional_rescue,action_run_margin_std,0.027541408067489892,0.027541408067489892,False,ERASE
4,I006_CONDITIONAL_ACTION_LOGISTIC,conditional_rescue,action_run_probability_std,-0.010539937589078476,0.010539937589078476,False,ERASE
4,I006_CONDITIONAL_ACTION_LOGISTIC,conditional_rescue,action_vote_entropy,0.005338920880240944,0.005338920880240944,False,ERASE
4,I006_CONDITIONAL_ACTION_LOGISTIC,conditional_rescue,action_vote_fraction_class1,0.06454324589914252,0.06454324589914252,False,ERASE
4,I006_CONDITIONAL_ACTION_LOGISTIC,conditional_rescue,b6_margin,0.037185566678926814,0.037185566678926814,False,ERASE
4,I006_CONDITIONAL_ACTION_LOGISTIC,conditional_rescue,b6_probability,0.05457686582897879,0.05457686582897879,False,ERASE
4,I006_CONDITIONAL_ACTION_LOGISTIC,conditional_rescue,base_abs_margin,-0.08704603597746491,0.08704603597746491,False,ERASE
4,I006_CONDITIONAL_ACTION_LOGISTIC,conditional_rescue,base_disagreeing_run_count,0.0468250385481255,0.0468250385481255,False,ERASE
4,I006_CONDITIONAL_ACTION_LOGISTIC,conditional_rescue,base_entropy,0.08406967522906135,0.08406967522906135,False,ERASE
4,I006_CONDITIONAL_ACTION_LOGISTIC,conditional_rescue,base_majority_strength,0.012587028766685389,0.012587028766685389,False,ERASE
4,I006_CONDITIONAL_ACTION_LOGISTIC,conditional_rescue,base_margin_range,-0.00953268396652545,0.00953268396652545,False,ERASE
4,I006_CONDITIONAL_ACTION_LOGISTIC,conditional_rescue,base_max_margin,0.016315943413556258,0.016315943413556258,False,ERASE
4,I006_CONDITIONAL_ACTION_LOGISTIC,conditional_rescue,base_max_probability,0.054377591791676165,0.054377591791676165,False,ERASE
4,I006_CONDITIONAL_ACTION_LOGISTIC,conditional_rescue,base_min_margin,0.020662993730935622,0.020662993730935622,False,ERASE
4,I006_CONDITIONAL_ACTION_LOGISTIC,conditional_rescue,base_min_probability,0.02614507792654614,0.02614507792654614,False,ERASE
4,I006_CONDITIONAL_ACTION_LOGISTIC,conditional_rescue,base_run_margin_std,-0.03578564717199142,0.03578564717199142,False,ERASE
4,I006_CONDITIONAL_ACTION_LOGISTIC,conditional_rescue,base_run_probability_std,0.024034283793143575,0.024034283793143575,False,ERASE
4,I006_CONDITIONAL_ACTION_LOGISTIC,conditional_rescue,base_vote_entropy,-0.009476343373279423,0.009476343373279423,False,ERASE
4,I006_CONDITIONAL_ACTION_LOGISTIC,conditional_rescue,base_vote_fraction_class1,-0.025186926840498548,0.025186926840498548,False,ERASE
4,I006_CONDITIONAL_ACTION_LOGISTIC,conditional_rescue,movement_run_max,-0.005332176936231796,0.005332176936231796,False,ERASE
4,I006_CONDITIONAL_ACTION_LOGISTIC,conditional_rescue,movement_run_min,0.02292475200739845,0.02292475200739845,False,ERASE
4,I006_CONDITIONAL_ACTION_LOGISTIC,conditional_rescue,movement_run_std,0.0446223715123274,0.0446223715123274,False,ERASE
4,I006_CONDITIONAL_ACTION_LOGISTIC,conditional_rescue,movement_sign_agreement,-0.1796026778211874,0.1796026778211874,False,ERASE
4,I006_CONDITIONAL_ACTION_LOGISTIC,conditional_rescue,n_runs,-0.017481984030736555,0.017481984030736555,False,ERASE
4,I006_CONDITIONAL_ACTION_LOGISTIC,conditional_rescue,persist_mean_original_agreement_base_geo,0.025278174644603742,0.025278174644603742,False,ERASE
4,I006_CONDITIONAL_ACTION_LOGISTIC,conditional_rescue,persist_mean_original_agreement_full_erase,-0.023032645119321255,0.023032645119321255,False,ERASE
4,I006_CONDITIONAL_ACTION_LOGISTIC,conditional_rescue,persist_mean_original_confidence_diff_base_geo,-0.05697273318766658,0.05697273318766658,False,ERASE
4,I006_CONDITIONAL_ACTION_LOGISTIC,conditional_rescue,persist_mean_original_delta_p_l2,-0.039171211075398255,0.039171211075398255,False,ERASE
4,I006_CONDITIONAL_ACTION_LOGISTIC,conditional_rescue,persist_mean_original_entropy_change_full_erase,0.03391887812655322,0.03391887812655322,False,ERASE
4,I006_CONDITIONAL_ACTION_LOGISTIC,conditional_rescue,persist_mean_original_entropy_full,0.06334535434490993,0.06334535434490993,False,ERASE
4,I006_CONDITIONAL_ACTION_LOGISTIC,conditional_rescue,persist_mean_original_entropy_geo,0.023678689038507752,0.023678689038507752,False,ERASE
4,I006_CONDITIONAL_ACTION_LOGISTIC,conditional_rescue,persist_mean_original_js_base_geo,-0.0045643511550683,0.0045643511550683,False,ERASE
4,I006_CONDITIONAL_ACTION_LOGISTIC,conditional_rescue,persist_mean_original_js_full_erase,-0.03667414274768152,0.03667414274768152,False,ERASE
4,I006_CONDITIONAL_ACTION_LOGISTIC,conditional_rescue,persist_mean_original_kl_full_erase,0.02289194314885805,0.02289194314885805,False,ERASE
4,I006_CONDITIONAL_ACTION_LOGISTIC,conditional_rescue,persist_mean_original_logit_norm_full,-0.09388941156344277,0.09388941156344277,False,ERASE
4,I006_CONDITIONAL_ACTION_LOGISTIC,conditional_rescue,persist_mean_original_margin_change_full_erase,-0.06612636529059313,0.06612636529059313,False,ERASE
4,I006_CONDITIONAL_ACTION_LOGISTIC,conditional_rescue,persist_mean_original_margin_geo,-0.061049335692591106,0.061049335692591106,False,ERASE
4,I006_CONDITIONAL_ACTION_LOGISTIC,conditional_rescue,persist_mean_original_nll_proxy_full,0.0929956184170484,0.0929956184170484,False,ERASE
4,I006_CONDITIONAL_ACTION_LOGISTIC,conditional_rescue,persist_mean_original_p_full_max,-0.08630331381233003,0.08630331381233003,False,ERASE
4,I006_CONDITIONAL_ACTION_LOGISTIC,conditional_rescue,persist_mean_original_probability_shift_l1,-0.06619352151366231,0.06619352151366231,False,ERASE
4,I006_CONDITIONAL_ACTION_LOGISTIC,conditional_rescue,persist_mean_original_protected_slot0_contribution_norm,-0.08180777354532039,0.08180777354532039,False,ERASE
4,I006_CONDITIONAL_ACTION_LOGISTIC,conditional_rescue,persist_mean_original_protected_slot0_geometry_margin,-0.0380733265999879,0.0380733265999879,False,ERASE
4,I006_CONDITIONAL_ACTION_LOGISTIC,conditional_rescue,persist_mean_original_protected_slot0_present,0.0,0.0,False,ERASE
4,I006_CONDITIONAL_ACTION_LOGISTIC,conditional_rescue,persist_mean_original_protected_slot0_projection,-0.022792772707684327,0.022792772707684327,False,ERASE
4,I006_CONDITIONAL_ACTION_LOGISTIC,conditional_rescue,persist_mean_original_protected_slot0_prototype_distance_difference,-0.029416724217890433,0.029416724217890433,False,ERASE
4,I006_CONDITIONAL_ACTION_LOGISTIC,conditional_rescue,persist_mean_original_protected_slot0_signed_midpoint_distance,-0.023570686439709148,0.023570686439709148,False,ERASE
4,I006_CONDITIONAL_ACTION_LOGISTIC,conditional_rescue,persist_mean_original_protected_slot0_weighted_geometry_score,-0.0038230055878202005,0.0038230055878202005,False,ERASE
4,I006_CONDITIONAL_ACTION_LOGISTIC,conditional_rescue,persist_mean_original_protected_slot1_contribution_norm,-0.0278740527338494,0.0278740527338494,False,ERASE
4,I006_CONDITIONAL_ACTION_LOGISTIC,conditional_rescue,persist_mean_original_protected_slot1_geometry_margin,-0.027371242297752268,0.027371242297752268,False,ERASE
4,I006_CONDITIONAL_ACTION_LOGISTIC,conditional_rescue,persist_mean_original_protected_slot1_present,-0.027325098454335953,0.027325098454335953,False,ERASE
4,I006_CONDITIONAL_ACTION_LOGISTIC,conditional_rescue,persist_mean_original_protected_slot1_projection,0.014381392395392236,0.014381392395392236,False,ERASE
4,I006_CONDITIONAL_ACTION_LOGISTIC,conditional_rescue,persist_mean_original_protected_slot1_prototype_distance_difference,-0.035256603933924165,0.035256603933924165,False,ERASE
4,I006_CONDITIONAL_ACTION_LOGISTIC,conditional_rescue,persist_mean_original_protected_slot1_signed_midpoint_distance,0.015199723660457583,0.015199723660457583,False,ERASE
4,I006_CONDITIONAL_ACTION_LOGISTIC,conditional_rescue,persist_mean_original_protected_slot1_weighted_geometry_score,0.035043257427346056,0.035043257427346056,False,ERASE
4,I006_CONDITIONAL_ACTION_LOGISTIC,conditional_rescue,persist_mean_original_top2_margin_full,-0.08630333119639738,0.08630333119639738,False,ERASE
4,I006_CONDITIONAL_ACTION_LOGISTIC,conditional_rescue,persist_std_original_agreement_base_geo,-0.019745097491025567,0.019745097491025567,False,ERASE
4,I006_CONDITIONAL_ACTION_LOGISTIC,conditional_rescue,persist_std_original_agreement_full_erase,0.028879378733834126,0.028879378733834126,False,ERASE
4,I006_CONDITIONAL_ACTION_LOGISTIC,conditional_rescue,persist_std_original_confidence_diff_base_geo,-0.03617346080722769,0.03617346080722769,False,ERASE
4,I006_CONDITIONAL_ACTION_LOGISTIC,conditional_rescue,persist_std_original_delta_p_l2,-0.01420271242496594,0.01420271242496594,False,ERASE
4,I006_CONDITIONAL_ACTION_LOGISTIC,conditional_rescue,persist_std_original_entropy_change_full_erase,-0.04687392113118008,0.04687392113118008,False,ERASE
4,I006_CONDITIONAL_ACTION_LOGISTIC,conditional_rescue,persist_std_original_entropy_full,-0.07511301754091408,0.07511301754091408,False,ERASE
4,I006_CONDITIONAL_ACTION_LOGISTIC,conditional_rescue,persist_std_original_entropy_geo,0.05808180452645805,0.05808180452645805,False,ERASE
4,I006_CONDITIONAL_ACTION_LOGISTIC,conditional_rescue,persist_std_original_js_base_geo,0.13707786533483365,0.13707786533483365,False,ERASE
4,I006_CONDITIONAL_ACTION_LOGISTIC,conditional_rescue,persist_std_original_js_full_erase,-0.019986176477405405,0.019986176477405405,False,ERASE
4,I006_CONDITIONAL_ACTION_LOGISTIC,conditional_rescue,persist_std_original_kl_full_erase,0.040377745924162586,0.040377745924162586,False,ERASE
4,I006_CONDITIONAL_ACTION_LOGISTIC,conditional_rescue,persist_std_original_logit_norm_full,-0.058703813587275076,0.058703813587275076,False,ERASE
4,I006_CONDITIONAL_ACTION_LOGISTIC,conditional_rescue,persist_std_original_margin_change_full_erase,0.008016427165246816,0.008016427165246816,False,ERASE
4,I006_CONDITIONAL_ACTION_LOGISTIC,conditional_rescue,persist_std_original_margin_geo,0.00793592888366628,0.00793592888366628,False,ERASE
4,I006_CONDITIONAL_ACTION_LOGISTIC,conditional_rescue,persist_std_original_nll_proxy_full,0.01424356012908849,0.01424356012908849,False,ERASE
4,I006_CONDITIONAL_ACTION_LOGISTIC,conditional_rescue,persist_std_original_p_full_max,-0.008363068446041228,0.008363068446041228,False,ERASE
4,I006_CONDITIONAL_ACTION_LOGISTIC,conditional_rescue,persist_std_original_probability_shift_l1,-0.06525164724021355,0.06525164724021355,False,ERASE
4,I006_CONDITIONAL_ACTION_LOGISTIC,conditional_rescue,persist_std_original_protected_slot0_contribution_norm,-0.07136640151768382,0.07136640151768382,False,ERASE
4,I006_CONDITIONAL_ACTION_LOGISTIC,conditional_rescue,persist_std_original_protected_slot0_geometry_margin,0.021430975160386966,0.021430975160386966,False,ERASE
4,I006_CONDITIONAL_ACTION_LOGISTIC,conditional_rescue,persist_std_original_protected_slot0_present,0.0,0.0,False,ERASE
4,I006_CONDITIONAL_ACTION_LOGISTIC,conditional_rescue,persist_std_original_protected_slot0_projection,0.010123977292921638,0.010123977292921638,False,ERASE
4,I006_CONDITIONAL_ACTION_LOGISTIC,conditional_rescue,persist_std_original_protected_slot0_prototype_distance_difference,-0.023818607211332075,0.023818607211332075,False,ERASE
4,I006_CONDITIONAL_ACTION_LOGISTIC,conditional_rescue,persist_std_original_protected_slot0_signed_midpoint_distance,0.011570974193442933,0.011570974193442933,False,ERASE
4,I006_CONDITIONAL_ACTION_LOGISTIC,conditional_rescue,persist_std_original_protected_slot0_weighted_geometry_score,-0.018666032368515557,0.018666032368515557,False,ERASE
4,I006_CONDITIONAL_ACTION_LOGISTIC,conditional_rescue,persist_std_original_protected_slot1_contribution_norm,0.02885054513489913,0.02885054513489913,False,ERASE
4,I006_CONDITIONAL_ACTION_LOGISTIC,conditional_rescue,persist_std_original_protected_slot1_geometry_margin,0.03966693980203869,0.03966693980203869,False,ERASE
4,I006_CONDITIONAL_ACTION_LOGISTIC,conditional_rescue,persist_std_original_protected_slot1_present,-0.03459753606607105,0.03459753606607105,False,ERASE
4,I006_CONDITIONAL_ACTION_LOGISTIC,conditional_rescue,persist_std_original_protected_slot1_projection,-0.014838519395689316,0.014838519395689316,False,ERASE
4,I006_CONDITIONAL_ACTION_LOGISTIC,conditional_rescue,persist_std_original_protected_slot1_prototype_distance_difference,0.015099929807444507,0.015099929807444507,False,ERASE
4,I006_CONDITIONAL_ACTION_LOGISTIC,conditional_rescue,persist_std_original_protected_slot1_signed_midpoint_distance,-0.01353714249020459,0.01353714249020459,False,ERASE
4,I006_CONDITIONAL_ACTION_LOGISTIC,conditional_rescue,persist_std_original_protected_slot1_weighted_geometry_score,0.06086254121193325,0.06086254121193325,False,ERASE
4,I006_CONDITIONAL_ACTION_LOGISTIC,conditional_rescue,persist_std_original_top2_margin_full,-0.008363034620116073,0.008363034620116073,False,ERASE
